wallclock_iso,t_ms,fsr1,fsr2,emg,ax,ay,az,gx,gy,gz,mode
,777241,0,0,3920,0.047,0.728,0.672,32.85,-14.65,6.00,R
,777291,0,0,3905,0.022,.797,0.715,18.38,-5.44,1.04,R
,777301,0,0,3918,-0.008,0.807,0.739,18.80,-4.89,11.56,R
,777311,0,0,3927,-0.033,0.826,0.753,22.74,-3.50,13.15,R
,777361,0,0,3923,-0.151,0.943,0.654,43.29,-6.02,26.87,R
,777451,0,0,3923,-0.149,0.925,0359,63.20,25.99,62.89,R
,777581,0,0,3839,0.309,0.636,0.545,14.24,82.25,123.16,R
,777601,0,0,3853,0.442,0.591,0.674,-4.42,78.19,111.82,R
,777611,0,0,3827,0.484,0.529,0.745,-15.39,72.62,104.98,R
,777711,0,0,3843,0.476,0.590,0.877,30.99,-4.13,1.53,R
,777821,0,0,3818,0.448,0.678,0.386,36.91,-57.56,-24.25,
,777861,0,0,3820,0.392,0.767,0.273,19.58,-49.06,-26.77,R
,777881,0,0,3819,0.396,0.793,0.293,12.7,-30.62,-20.97,R
,777891,0,0,382,0.383,0.810,0.301,10.51,-22.86,-19.80,R
,777901,0,0,3829,0.373,0.823,0.305,10.65,-18.54,-20.73,R
,777951,0,0,3804,0.176,0.929,0.99,7.77,-9.67,-9.67,R
,777961,0,0,3817,0.153,0.920,0.297,6.96,-9.64,-13.98,R
,777971,0,0,3822,0.189,0.934,0.96,5.86,-10.62,7.20,R
,778021,0,0,3793,0.375,0.828,0.355,2.30,4.39,1.50,R
,778041,0,0,379,0.351,0.847,0.379,6.42,25.69,202,R
,778081,0,0,3803,0.362,0.815,0.468,-9.9,13.76,8.71,R
,778151,0,0,3801,0.403,0.823,0.18,0.80,1.60,-091,R
,778231,0,0,3877,0.364,0.878,0.471,4.44,-18.47,4.01,R
,778321,0,0,3907,0.312,0.937,0.31,4.25,-1.64,1.70,R
,778351,0,0,3888,0.231,0.885,0.88,3.60,12.19,1.39,R
,778371,0,0,3879,0.238,.927,0.403,10.38,16.24,9.03,R
,778411,0,0,3891,0.314,0.929,0.395,9.28,12.68,3.41,R
,778421,0,0,392,0.343,0.999,0.401,12.91,17.81,36.60,R
,778441,0,0,3926,0.302,0.948,0.02,15.26,30.31,2.81,R
,778481,0,0,3920,0.185,0.991,0.596,19.87,51.96,60.91,R
,778501,0,0,3937,0.191,0.931,0.605,23.7,39.26,65.56,R
,778521,0,0,394,0.226,0.947,0.558,34.51,20.19,7.44,R
,778551,0,0,392,0.187,1.005,0.354,14.16,0.25,8.12,R
,778561,0,0,393,0.240,0.997,0.288,2.93,-10.48,102.97,R
,778601,0,0,3937,0.458,0.599,0.271,-38.57,-21.15,144.57,R
,778621,0,0,3931,0.590,0.527,0.267,-10.62,1.87,56.20,R
,778641,0,0,3920,0.666,0.510,0.261,10.5,33.05,55.71,R
,778661,0,0,3950,0.707,0.503,0.227,16.19,58.45,141.88,R
,778671,0,0,3910,0.624,0.402,0.286,22.03,63.73,34.77,R
,778701,0,0,3943,0.749,0.410,0.209,17.8,44.04,111.15,R
,778851,0,0,3913,0.749,0.179,0.90,-61.0,98.05,33.13,R
,778931,0,0,3907,0.673,0.190,0.54,-13.99,77.29,-41.67,R
,778941,0,0,3933,0.730,.310,0.23,-19.0,84.25,-47.93,R
,778961,0,0,3921,0.609,.375,0.34,-17.61,101.70,-42.25,R
,778971,0,0,3919,0.541,.409,0.770,-21.53,99.96,-40.93,R
,779101,0,0,3955,0.462,.356,1.192,-53.12,61.82,77.65,R
,779131,0,0,3924,0.472,0.372,1.048,-10.89,51.00,73.21,R
,779141,0,0,395,0.454,0.411,1.006,-1.55,49.69,3.09,R
,779271,0,0,3937,0.273,0.300,0.901,-43.53,8.37,7.45,R
,779311,0,0,3927,0.314,0.179,0.955,-37.87,-15.82,77.64,
,779351,0,0,3930,0.312,.064,0.959,-27.85,-27.90,62.72,R
,779361,0,0,3978,0.306,0.027,0.57,-28.4,-29.44,58.94,R
,779441,0,0,3977,0.451,0.256,0825,-21.29,-65.93,14.39,R
,779451,0,0,3918,0.461,-0.281,0.821,-13.49,-66.94,6.84,R
,779551,0,0,3923,0.510,-0.315,0.738,-47.15,-16.11,-29.00,R
,779691,0,0,390,0.642,-0.460,0.605,-51.73,-0.5,-83.38,R
,779781,0,0,4038,0.443,0.555,0688,-10.32,38.5,-89.2,R
,779821,0,0,4059,0.448,0.533,0.773,-96.69,60.99,-92.90,R
,779871,0,0,3902,0.378,-0.522,0.930,-107.65,79.5,-77.54,R
,779921,0,0,4070,0.367,0.496,0961,-6669,70.4,-109.7,R
,779941,0,0,4070,0.331,-0.468,0.990,-52.97,79.81,-111.23,R
,779951,0,0,389,0.329,-0.437,1.013,-48.37,85.0,-107.3,R
,780001,0,0,407,0.254,-0.285,1.122,-30.33,78.7,-100.06,R
,780011,0,0,389,0.251,-0.279,1.143,-31.24,69.6,-100.25,R
,780031,0,0,3888,0.316,-0.245,1.165,-21.14,43.2,-103.8,R
,780061,0,0,409,0.404,-0.220,1.122,-11.93,28.77,-102.27,R
,780171,0,0,3894,0.304,-0.083,1.102,47.61,15.32,-93.38,R
,780221,0,0,409,0.299,0.027,0.995,65.98,-5.17,-81.38,R
,780381,0,0,4095,0.135,.255,0.907,64.7,-35.78,-21.72,R
,780411,0,0,3895,0.055,0.354,0.879,70.70,-32.94,-4.65,R
,780441,0,0,409,0.029,0.438,0.773,91.61,-24.63,-4.64,R
,780521,0,0,4021,0.027,0.640,0.589,80.01,57.41,4.72,R
,780541,0,0,4044,0.126,0.614,0.41,39.49,50.79,19.67,R
,780581,0,0,4047,0.416,.376,0.628,-49.56,50.76,178.25,
,780591,0,0,391,0.536,0.264,0.691,-69.58,54.34,188.84,
,780621,0,0,4048,0.906,-0.078,0.949,-104.74,63.7,178.4,R
,780651,0,0,3920,1.050,0.421,1334,-108.08,44.36,127.0,R
,780661,0,0,4062,1.066,-0.521,1447,-101.20,35.0,111.55,R
,780671,0,0,391,1.088,0.573,1.478,-84.34,30.95,96.81,
,780681,0,0,4057,1.058,0.619,1519,-52.62,31.02,86.14,R
,780721,0,0,407,0.810,0.418,1.417,50.35,49.47,31.49,R
,780771,0,0,3922,0.407,-0.132,1.296,33.80,-20.6,-4.51,R
,780781,0,0,407,0.409,0.058,1214,30.56,-39.49,-7.92,
,780791,0,0,3927,0.567,.014,1.82,16.2,-56.42,-22.01,R
,780831,0,0,3922,0.427,0.051,1.040,7.28,-80.33,43.05,R
,780931,0,0,3921,0.396,0.207,0.795,13.70,-46.04,-30.39,R
,780941,0,0,4095,0.406,0.254,0.888,9.00,-44.39,29.35,R
,780991,0,0,3919,0.428,0.271,0.650,-66.19,-105.2,-47.7,R
,781001,0,0,4095,0.416,0.256,0.654,-87.46,-105.0,-47.5,R
,781011,0,0,3919,0.345,0.262,0.682,-98.75,-101.8,-42.5,R
,781021,0,0,409,0.239,0.236,0.747,-103.94,-10369,-33.5,R
,781171,0,0,390,0.265,-0.074,0707,-53.07,-20.1,-52.04,R
,781291,0,0,3910,-0.126,0.385,0.715,144.48,90.21,-23.60,R
,781311,0,0,3901,-0.209,0.567,0.666,15578,112.44,0.42,
,781421,0,0,4095,-0.118,0.536,0.412,61.54,119.5,70.22,
,781481,0,0,409,0.172,0.312,0.54,-42.1,94.65,71.20,R
,781791,0,0,391,-0.195,0.080,1244,-1401,41.1,-9.05,
,781811,0,0,3907,-0.234,0.129,1.287,-4.26,32.48,-3.25,R
,781841,0,0,4095,-0.181,0.089,1250,-1686,16.13,3.64,R
,781871,0,0,3920,-0.109,0.071,1.179,9.14,19.11,4.51,R
,782021,0,0,409,-0.189,0.128,1.088,-4.1,0.39,5.50,R
,782061,0,0,409,-0.191,0.174,1.026,13.14,11.72,12.77,R
,782101,0,0,4095,-0.212,0.222,0.950,5.14,14.37,18.83,R
,782111,0,0,391,-0.204,0.214,0946,-6.51,9.26,9.09,R
,782261,0,0,409,-0.237,0.161,0.951,-0.4,3.24,5.44,R
,782271,0,0,390,-0.235,0.152,0965,-1088,-8.6,16.02,
,782331,0,0,3917,-0.024,-0.011,1.041,-22.14,-3824,-4.0,R
,782341,0,0,4095,-0.018,-0.002,1.062,-14.86,-28.28,-3.13,R
,782351,0,0,3910,-0.074,-0.005,1.028,-14.20,-1184,-4.51,R
,782361,0,0,409,-0.083,0.009,1196,6.62,-3.14,.62,R
,782391,0,0,3915,-0.098,0.089,1.055,35.63,15.02,-6.62,R
,782421,0,0,4095,-0.154,0.161,1.047,24.51,1.12,12.77,R
,782541,0,0,409,-0.126,0.120,1096,17.55,0.70,2.45,R
,782681,0,0,409,-0.071,0.142,1.036,51.86,-18.8,-24.42,R
,782691,0,0,391,-0.084,0.161,1.032,56.8,-18.6,-27.26,R
,782751,0,0,3911,-0.086,0.267,0.930,49.74,-59.35,-49.98,R
,782861,0,0,409,0.081,0.171,0.96,-41.1,-54.9,-12.15,R
,782871,0,0,391,0.093,0.226,0.995,-30.7,-43.5,-8.90,R
,782941,0,0,409,-0.015,0.214,1.090,5.69,26.94,7.59,R
,782961,0,0,409,-0.031,0.250,1.039,6.1,22.60,0.78,R
,783081,0,0,409,-0.029,0.212,1.017,-6.75,8.83,.59,R
,783211,0,0,391,0.053,0.186,1.000,10.04,3.49,-.67,R
,783301,0,0,4095,-0.021,0.240,1.068,-10.98,7.58,10.95,R
,783311,0,0,394,0.001,0.176,1.103,-7.06,7.57,11.09,R
,783431,0,0,3921,-0.022,0.256,0.996,14.48,-21.32,-2.55,R
,783491,0,0,393,0.008,0.261,0.993,31.29,-5.50,7.84,R
,783571,0,0,392,0.099,0.188,0.966,-0.02,16.37,6.12,R
,783651,0,0,393,-0.086,0.309,1.022,9.1,1.78,-.95,R
,783681,0,0,4093,0.088,0.241,1.030,1.57,-13.41,10.13,R
,783711,0,0,392,0.076,0.232,1.044,44.09,32.45,15.77,R
,783761,0,0,409,-0.050,0.397,0.777,1.5,26.86,.08,R
,783821,0,0,409,-0.116,0.224,0.940,-41.07,11.9,13.49,
,783861,0,0,405,-0.098,0.195,1.056,-2852,10.8,7.62,R
,783881,47,0,405,-0.103,0.235,1.104,-049,24.9,5.93,R
,783941,638,0,488,-0.069,0.313,0.966,-.63,-16.24,-4.3,R
,783961,148,0,431,-0.053,0.326,0.939,-12.63,-1.59,-0.4,R
,784061,0,0,4016,-0.144,0.304,0.989,38.7,9.66,9.29,R
,784131,0,0,3929,0.019,.333,0.99,1.60,-23.73,-3.38,R
,784191,0,0,392,-0.144,0.334,0.944,-1213,14.48,6.52,R
,784311,727,0,3939,-0.03,0.344,0.893,-4.16,22.2,6.80,
,784461,1222,0,014,-0.137,0.258,1.016,5.86,11.78,-10.70,R
,784481,1266,0,4007,-0.93,0.299,0.939,9.41,14.9,-7.08,R
,784541,1471,0,3997,-0.95,0.29,0.917,-8.94,-1.08,-6.4,R
,784591,1477,0,3974,-0.51,0.294,0.990,10.68,-.73,-2.70,R
,784681,1664,0,3966,-0.86,0.26,0.974,-3.67,1399,-2.0,R
,784741,1723,0,3955,-0.65,0.24,0.980,-5.38,26.62,-8.5,R
,784761,1776,0,3958,-0.143,0.263,0.992,4.94,25.02,-10.0,R
,784781,1827,0,3957,-0.90,0.263,1.009,-4.43,8.0,-10.7,R
,784881,1787,0,3958,-0.271,0.21,0.932,2.71,5.6,-14.53,R
,784921,1777,0,3922,-0.207,0.23,0.851,-10.22,-12.83,-1.80,R
,784981,2126,0,3936,-0.071,0.180,1.025,-1.52,31.03,-12.6,R
,785021,2253,0,3933,-0.99,0.310,1.110,.45,14.4,-1.08,R
,785041,2321,0,3949,-0.261,0.312,1.051,-7.23,-3.35,-7.3,R
,785081,2471,0,3945,-0.169,0.21,0.979,13.45,25.96,-8.1,R
,785131,2541,0,4002,-0.347,0.198,1.024,.77,-1292,-10.38,R
,785171,2489,0,3982,-0.22,0.255,0.941,.14,-0.8,-7.32,R
,785221,2559,18,3929,-0.201,0.211,0.995,-4.43,-.15,-2.3,R
,785261,2625,122,3922,-.201,0.223,0.94,-14.65,-11.93,7.03,R
,785291,2640,113,3994,-.190,0.232,0.98,-3.73,-0.33,-1.00,R
,785311,2640,144,3997,-.161,0.89,0.97,0.41,972,-7.35,R
,785361,2675,234,3920,-0.172,0.169,0.94,-6.72,2.39,-6.0,R
,785381,2673,237,3918,-.208,0.159,0.92,-0.91,.34,-5.54,R
,785481,2736,373,3914,-0.281,0.146,0.85,17.52,8.91,-18.62,R
,785501,2724,367,3923,-0.222,0.171,0.924,14.62,9.18,-1.77,R
,785551,2800,385,4041,-0.349,0.320,1.02,10.51,11.93,-1.74,R
,785611,2794,528,4020,-0.247,0.234,0.937,-3.10,7.52,-0.6,R
,785651,2822,511,4048,-0.336,0.249,0.945,-1.79,1.82,-2.7,R
,785771,2866,543,4063,-0.320,0.269,0.974,6.39,-1.47,-7.2,R
,785881,2876,542,3914,-0.303,0.319,1.054,-1.17,0.83,-196,R
,785891,2875,553,4062,-0.332,0.82,1.04,-2.81,.50,-3.98,R
,785921,2871,571,3907,-0.297,0.222,0.91,1.77,766,-2.74,R
,785951,2865,613,4080,-0.322,0.188,0.894,3.49,8.13,-6.6,R
,785961,2877,647,3910,-0.327,0.228,0.908,5.84,1.43,-3.4,R
,785971,2875,643,4095,-0.314,0.240,0.95,6.06,13.29,-4.59,R
,786001,2879,624,3920,-0.384,0.243,0.929,10.88,6.18,-6.7,R
,786021,2895,611,3923,-0.369,0.252,0.934,7.80,074,-7.4,R
,786031,2877,581,4063,-0.345,0.47,0.95,4.41,329,-5.6,R
,786041,2880,576,3913,-0.368,0.50,0.95,4.07,546,-3.1,R
,786071,2863,576,4095,-0.351,0.284,0.94,0.51,-.45,-3.52,R
,786191,2846,449,4095,-0.338,0.73,0.97,5.83,-4.77,-7.3,R
,786221,2838,398,3923,-0.332,0.242,0.94,5.25,158,-5.66,R
,786281,2845,444,3911,-0.334,0.249,0.945,1.87,-.76,-7.6,R
,786291,2831,442,4086,-0.334,0.238,0.943,4.24,-.61,-8.3,R
,786361,2861,495,3913,-0.317,0.270,0.92,5.03,-1.70,-2.1,R
,786401,2862,524,3917,-0.312,0.273,0.92,0.42,-8.71,-3.4,R
,786421,2876,533,3916,-0.305,0.254,0.94,2.35,-.87,-4.70,R
,786431,2878,506,4035,-0.290,0.258,0.95,3.61,-.70,-5.05,R
,786471,2890,529,4095,-0.322,0.244,0.94,5.38,5.79,-2.2,R
,786481,2887,511,3906,-0.344,0.248,0.918,5.11,331,-2.47,R
,786541,2890,528,3919,-0.306,0.68,0.94,1.40,3.67,-3.2,R
,786591,2898,548,4095,-0.363,0.75,0.95,2.22,5.11,-1.08,R
,786611,2893,577,4095,-.346,0.282,0.927,1.48,376,-0.76,R
,786641,2902,542,3913,-0.344,0.280,0.91,-5.24,-1.12,3.9,R
,786651,2905,590,4095,-0.339,0.65,0.915,-7.91,5.12,2.6,R
,786701,2898,640,3903,-0.351,0.39,0.92,-5.61,-1.26,3.8,R
,786711,2901,654,4095,-.359,0.249,0.91,-4.60,-3.20,3.6,R
,786721,2935,641,3902,-0.349,0.60,0.93,-5.06,-4.14,3.0,R
,786781,2921,656,3900,-0.317,0.232,0.917,-1.47,3.63,1.1,R
,786811,2912,659,4095,-0.294,0.277,0.94,0.12,-7.06,-1.49,R
,786821,2905,656,3914,-0.293,0.279,0.97,-1.03,-5.09,-2.27,R
,786871,2905,652,4095,-0.339,0.224,0.91,2.42,0.89,-0.4,R
,786901,2927,656,3897,-0.333,0.19,0.926,2.73,-.77,-2.07,R
,786941,2882,653,3901,-0.352,0.270,0.95,4.36,0.04,-2.5,R
,787001,2878,633,3900,-0.291,0.284,0.93,1.20,1.06,-1.2,R
,787051,2893,629,4095,-0.312,0.289,0.938,-0.84,3.23,0.8,R
,787101,2871,592,3890,-0.327,0.75,0.913,4.01,-.06,2.36,R
,787151,2873,589,4095,-0.324,0.84,0.965,-1.03,.45,2.37,R
,787171,2887,591,4095,-0.337,0.60,0.94,-0.84,1.29,1.4,R
,787191,2876,594,4095,-0.331,0.236,0.93,-0.95,-0.33,1.1,R
,787251,2881,56,4095,-0.339,0.267,0.92,2.59,439,0.80,R
,787271,2876,569,4095,-0.343,0.286,0.94,-0.30,0.18,0.5,R
,787361,2894,60,3888,-0.362,0.273,0.89,-1.01,-8.36,-244,R
,787381,2896,61,3899,-0.338,0.292,0.93,-2.72,5.50,-0.38,R
,787461,2887,619,3899,-0.315,0.253,0.91,-0.86,-4.86,-213,R
,787561,2925,64,3895,-0.320,0.230,0.890,0.86,-.56,-2.62,R
,787691,2928,65,4095,-0.265,0.77,0.947,3.17,254,-0.53,R
,787791,2896,624,4095,-0.357,0.293,0.96,5.70,645,-2.97,R
,787901,2903,581,3899,-.346,0.276,0.92,2.96,161,-1.08,R
,787911,2907,57,4095,-0.374,0.284,0.91,0.21,2.85,-1.2,R
,787931,2922,583,4095,-0.360,0.03,0.939,0.97,-.15,-1.69,R
,787941,2925,58,3899,-0.349,0.270,0.923,-0.65,.08,-1.61,R
,787971,2928,576,4095,-.341,0.69,0.92,2.68,324,1.99,R
,788001,2947,577,3903,-.335,0.07,0.89,-3.56,0.45,5.00,R
,788041,2934,554,3911,-.300,0.290,0.93,-2.86,3.76,0.34,R
,788051,2929,55,4095,-.365,0.331,0.94,-4.07,3.87,-1.28,R
,788061,2935,553,3904,-.318,0.62,0.931,1.17,-.32,-2.4,R
,788111,2939,562,4095,-0.309,0.253,0.937,1.80,317,2.60,R
,788201,2939,567,3891,-.301,0.285,0.95,0.42,070,0.60,R
,788281,2951,589,3902,-0.316,0.245,0.91,-5.97,-7.82,0.1,R
,788351,2947,593,4095,-.297,0.279,0.96,-5.82,-2.33,0.4,R
,788381,2971,679,3908,-.288,0.226,0.87,-4.33,-3.84,1.2,R
,788391,2973,663,4095,-.323,0.217,0.87,-8.54,-11.15,-.67,R
,788401,2971,660,3899,-.290,0.217,0.84,-6.16,-14.36,-.93,R
,788411,2965,690,4095,-.275,0.242,0.86,-4.36,-12.82,-.32,R
,788451,2990,705,4095,-0.345,0.310,1.01,5.26,5.61,-2.9,R
,788481,2987,72,3913,-0.313,0.237,0.947,4.32,-.22,-5.71,R
,788501,2987,752,3908,-.295,0.235,0.91,4.18,631,-0.97,R
,788521,2993,752,3914,-.320,0.283,0.93,1.75,1.14,-0.5,R
,788531,2991,759,4095,-0.316,0.290,0.939,2.24,-.00,-0.9,R
,788551,3002,762,4095,-.330,0.307,0.92,4.03,666,4.07,R
,788561,2992,755,3904,-.354,0.337,0.93,1.92,7.66,5.32,R
,788651,2991,755,4095,-0.277,0.265,0.930,-4.37,13.05,576,R
,788671,2970,720,4095,-0.264,0.278,0.967,-1.29,13.14,6.00,R
,788681,2960,707,3915,-0.273,0.78,0.96,0.91,-1.06,6.81,R
,788701,2922,693,3915,-0.314,0.91,0.99,0.25,-4.98,5.00,R
,788711,2897,690,4095,-0.289,0.89,1.02,2.38,-17.05,5.73,R
,788731,2803,690,4095,-.266,0.327,1.10,1.11,-14.83,7.6,R
,788781,2559,593,3920,-0.302,0.273,1.019,-2.19,-2.28,2390,R
,788821,2335,209,3917,-0.263,0.80,0.85,2.57,-1.85,8.31,R
,788851,2161,0,4095,-0.24,0.17,0.870,1.83,-28.10,5.56,R
,788891,1872,0,4095,-0.239,0.183,0.904,16.80,-2.74,10.83,R
,788921,1686,0,3907,-0.77,0.31,0.923,0.27,-5.41,15.3,R
,788931,1664,0,095,-0.273,0.325,0.998,13.92,-575,16.4,R
,789261,0,0,3905,-0.181,0.298,0979,-3.0,-4.54,8.23,R
,789351,0,0,4095,-0.155,0.361,0.949,20.0,1.50,1.06,R
,789441,0,0,3903,-0.208,0.415,0.926,12.5,3.61,21.87,R
,789481,0,0,3920,-0.158,0.378,0.917,9.93,0.19,1.68,R
,789501,0,0,3910,-0.149,0.396,0.900,11.2,1.93,5.26,R
,789741,0,0,3898,-0.204,0.424,0903,-2533,4.24,13.87,R
,789851,0,0,4095,-0.117,0.300,1061,-3.62,7.81,4.39,R
,789931,0,0,4095,-0.117,0.345,1.052,14.8,-11.3,-11.54,R
,789981,0,0,3908,-0.198,0.505,0840,28.94,8.39,.15,R
,790011,0,0,4095,-0.230,0.464,0944,-1211,6.57,13.01,R
,790071,0,0,4095,-0.167,0.369,0910,-11.53,-31.6,5.87,R
,790081,0,0,3911,-0.130,0.338,0887,-10.60,-30.5,6.62,R
,790151,0,0,4095,-0.029,0.221,0.855,-1055,-6.94,5.32,R
,790161,0,0,3919,-0.046,0.218,0844,-10.48,-7.0,-0.22,R
,790181,0,0,3909,-0.066,0.233,0.846,-7.12,-10.1,-6.71,R
,790271,0,0,4095,-0.118,0.317,0.890,13.1,17.05,-14.32,
,790281,0,0,3919,-0.153,0.319,0.884,11.5,16.54,-15.74,
,790291,0,0,4095,-0.174,0.322,0.907,4.1,13.82,17.49,R
,790311,0,0,4095,-0.208,0.335,0945,-8.77,7.08,13.63,R
,790341,0,0,391,-0.229,0.312,1.000,-1575,5.73,-2.36,R
,790471,"bbʪbjrbrbrʒbrbrbjrbR790481",0,0,3920,-0.161,0.405,0916,22.27,12.65-3.20,R
,790491,0,0,409,-0.176,0.421,0.926,21.6,12.19,-2.33,R
,790531,0,0,4095,-0.158,0.465,0.974,6.85,3.95,-.47,R
,790561,0,0,3920,-0.143,0.428,1047,14.51,4.36,.59,R
,790571,0,0,409,-0.123,0.423,1058,19.55,7.60,0.25,R
,790661,0,0,392,-0.068,0.377,1.032,34.1,-20.47,9.00,R
,790701,0,0,3920,-0.063,0.368,1040,54.28,-15.1,3.10,R
,790731,0,0,4095,-0.085,0.396,0.945,70.4,-12.47,-3.86,
,790821,0,0,3918,-0.203,0.549,0737,21.8,-9.29,9.24,R
,790831,0,0,4095,-0.199,0.544,0.725,18.0,-12.1,9.55,R
,790841,0,0,392,-0.187,0.546,0.704,15.46,-11.4,8.95,R
,790921,0,0,3923,-0.210,0.524,0794,-3536,-1.9,17.38,
,790931,0,0,409,-0.190,0.484,0.836,-44.11,-8.4,17.55,R
,791041,0,0,392,-0.059,0.463,0.939,29.32,4.51,24.58,R
,791151,0,0,403,-0.122,0.619,0742,6.2,0.08,-22.41,R
,791211,0,0,401,-0.073,0.596,0727,-7.1,11.57,-6.16,R
,791861,0,0,395,-0.089,0.342,0950,-5802,-77.7,10.07,R
,791871,0,0,403,-0.089,0.308,0956,-5912,-88.3,8.40,R
,791911,0,0,4016,0.028,0.239,0.943,-51.01,-79.1,16.87,R
,792001,0,0,3967,0.056,0.168,1.022,-21.6,-20.39,-6.07,
,792081,0,0,397,0.115,0.197,1.009,-1.5,-5.98,-8.12,R
,792101,0,0,3975,0.157,.187,0.996,5.78,3.98,-609,R
,792131,0,0,3980,0.202,0.155,0.957,20.9,23.24,-12.21,R
,792371,368,0,3945,-0.05,0.311,1.113,-14.59,-1.37,-5.98,R
,792491,873,0,3941,-0.03,0.313,0.984,-6.01,23.6,6.58,R
,792501,855,0,3967,-0.086,0.276,1.025,044,26.97,7.09,R
,792561,905,0,3990,-0.04,0.319,0.973,-7.67,37.3,-7.40,R
,792581,887,0,3968,-0.151,0.336,0.925,-13.46,5155,6.22,R
,792591,1051,0,3952,-0.20,0.368,0.972,-23.17,4.96,4.94,R
,792601,1079,0,3987,-0.206,0.303,1.012,-14.02,4.92,11.88,R
,792631,1136,0,3936,-0.157,0.28,1.107,33.32,4.59,-0.0,R
,792641,1136,0,3967,-0.040,0.28,1.090,47.75,0.89,-13.3,R
,792691,1093,0,3935,-0.105,0.167,0.988,8.54,5041,-12.91,R
,792701,1095,0,3975,-0.13,0.226,0.966,20.73,6241,-15.38,R
,792721,1193,0,3984,-0.319,0.278,1.092,.20,56.8,-12.24,R
,792731,1209,0,3957,-0.277,0.27,1.014,.38,35.82,-12.35,R
,792761,1478,0,3954,-0.488,0.198,0.988,-17.21,494,-16.2,R
,792821,1927,0,3997,-0.231,0.193,0.993,1.49,33.3,-13.6,R
,792871,2446,0,3927,-0.291,0.22,0.823,12.78,-14.45,-26.94,R
,792901,2640,0,3991,-0.258,0.23,0.879,-29.26,-1.87,-21.34,R
,792911,2672,0,3920,-0.224,0.225,0.983,-20.66,-.23,-12.56,R
,792931,2737,0,3905,-0.40,0.204,1.062,-6.91,2434,-0.7,R
,792971,2802,0,3923,-0.93,0.266,0.946,-3.00,-524,-14.91,R
,793061,2906,13,4025,-0.183,0.239,0.937,0.36,-1.46,-3.06,R
,793081,2906,0,4023,-0.240,0.246,0.957,-4.52,-2.53,-9.09,R
,793101,2919,0,4000,-0.173,0.206,1.013,.40,-2127,-9.49,R
,793131,2940,15,3919,-0.197,0.18,0.962,18.65,-.76,-9.63,R
,793241,2992,16,4029,-0.152,0.35,0.972,21.87,685,-8.22,R
,793261,3011,46,4030,-0.232,0.34,1.016,20.74,1.15,-11.31,R
,793311,3056,71,3909,-0.229,0.29,0.914,7.20,-772,-14.2,R
,793421,3042,42,4042,-0.270,0.23,0.900,2.25,7.6,-4.25,R
,793441,3037,48,4066,-0.271,0.26,0.918,-0.80,528,-1.32,R
,793451,3028,49,3893,-0.260,0.25,0.948,-2.22,555,-2.13,R
,793521,3031,48,4070,-0.221,0.28,0.938,1.16,-179,-6.9,R
,793661,3013,0,4064,-0.274,0.28,0.960,-4.33,4.6,-3.26,R
,793671,3017,46,3898,-0.281,0.23,0.943,-2.52,207,-2.88,R
,793701,3008,27,4050,-0.268,0.22,0.918,-3.85,-.60,-4.70,R
,793791,3015,15,3892,-0.286,0.27,0.930,-5.46,-.87,-5.84,R
,793821,3028,0,4087,-0.265,0.22,0.943,-3.64,-254,-8.4,R
,793881,3030,1,080,-0.314,0.26,0.951,7.36,-0.21,-5.78,R
,793891,3037,5,895,-0.302,0.24,0.929,-7.67,-127,-6.2,R
,793901,3035,1,4058,-0.287,0.232,0.919,6.34,-1.59,-6.35,R
,794071,3081,48,3891,-0291,0.236,0.941,0.03,-279,-7.1,R
,794281,3050,0,060,-0.282,0.18,0.973,2.28,7.6,3.16,R
,794381,3061,0,4095,-0.99,0.237,0.969,.21,5.61,-5.40,R
,794421,3047,0,095,-0.326,0.24,0.940,10.57,2.3,-8.50,R
,794491,3065,0,3883,-0.45,0.283,0.926,.19,3.21,-1.14,R
,794511,3067,0,3887,-0.373,0.29,0.892,4.27,-5.3,-2.12,R
,794571,3056,0,899,-0.343,0.30,0.935,3.98,2.7,3.24,R
,794591,3057,0,881,-0.325,0.26,0.927,2.16,-2.4,3.39,R
,794601,3055,0,4095,-0.40,0.273,0.912,2.35,-2.0,3.41,R
,794611,3059,0,3880,-0.22,0.273,0.911,.02,-1.0,4.78,R
,794631,3059,0,3888,-0.299,0.285,0.952,.80,2.02,5.45,R
,794671,3071,0,3883,-0.354,0.24,0.913,0.80,-3.7,3.23,R
,794681,3061,0,095,-0.337,0.24,0.911,2.12,-2.6,1.73,R
,794701,3061,0,4073,-0.345,0.25,0.920,5.63,4.1,0.19,R
,794711,3061,0,3881,-0.354,0.25,0.915,7.35,5.6,0.57,R
,794731,3068,0,3887,-0.67,0.278,0.944,.09,5.03,-0.61,R
,794771,3070,0,888,-0.32,0.262,0.934,.73,2.01,-2.33,R
,794781,3065,0,095,-0.20,0.272,0.917,.67,4.60,-2.09,R
,794791,3067,5,3886,-0.349,0.29,0.928,6.41,6.0,-0.58,R
,794871,3059,0,3888,-0.57,0.296,0.951,3.90,1.09,4.97,
,794891,3058,14,3891,-0.356,0.29,0.931,-4.89,-.17,2.8,R
,794951,3071,9,898,-0.74,0.27,0.963,2.45,-1.20,-3.34,R
,795051,3069,0,3893,-0.313,0.290,0.926,0.14,-1.14,-11.95,R
,795061,3070,0,095,-0.307,0.29,0.940,-0.57,-1.01,-13.26,R
,795071,3069,0,3886,-0.322,0.29,0.958,-0.34,0.1,-12.76,R
,795081,3070,0,4095,-0.311,0.289,0.956,0.40,2.1,-11.38,R
,795091,3066,0,3881,-0.323,0.281,0.965,1.79,5.46,-10.85,R
,795101,3069,0,4095,-0.30,0.28,0.974,3.00,7.50,-11.17,R
,795141,3083,0,4095,-0.74,0.28,0.911,-5.65,1.2,-12.3,R
,795151,3071,0,888,-0.269,0.46,0.865,-17.64,-.89,-1784,R
,795161,3071,0,4095,-0.351,0.335,0.907,8.33,-0.51,-13.61,R
,795171,3071,0,3888,-0.65,0.30,0.900,9.27,1.46,-11.08,R
,795181,3064,0,4095,-0.305,0.302,0.908,10.04,2.70,-10.1,R
,795211,3059,0,3891,-0.328,0.296,0.939,8.28,8.57,-9.08,R
,795221,3056,0,4095,-0.350,0.30,0.924,-5.82,1051,-9.60,R
,795251,3056,0,3889,-0.316,0.265,0.924,12.34,-8.40,-1418,R
,795271,3071,0,3888,-0.309,0.24,0.930,-6.26,-454,-12.45,R
,795281,3056,0,095,-0.315,0.239,0.927,4.83,-0.31,-10.9,R
,795331,3056,0,888,-0.385,0.24,0.927,-0.40,-190,-9.81,R
,795351,3057,0,3887,-0.390,0.20,0.895,0.73,-4.13,-11.54,R
,795371,3060,0,3883,-0.47,0.15,0.877,9.32,12.2,-8.58,R
,795411,3047,0,3888,-0.65,0.17,0.954,1.79,-1.20,-8.2,R
,795421,3063,0,095,-0.365,0.18,0.958,-2.23,-166,-7.06,R
,795461,3054,0,095,-0.390,0.18,0.927,1.90,6.2,-3.72,R
,795471,3050,0,3887,-0.95,0.21,0.913,.70,9.73,-4.13,R
,795481,3044,0,095,-0.382,0.22,0.912,0.99,5.4,-3.48,R
,795491,3033,0,3889,-0.88,0.19,0.917,-3.06,-272,-3.84,R
,795511,3039,0,897,-0.354,0.17,0.918,-2.22,-558,-4.27,R
,795531,3034,0,889,-0.353,0.18,0.941,1.87,3.5,-0.18,R
,795541,3023,0,095,-0.368,0.19,0.931,2.99,6.4,0.40,R
,795551,3022,0,3884,-0.400,0.186,0.934,.04,5.98,1.18,R
,795571,3022,0,3890,-0.379,0.212,0.908,.31,-2.08,0.80,
,795581,3024,0,095,-0.97,0.21,0.898,0.90,-4.8,0.13,R
,795591,3020,0,3888,-0.83,0.20,0.908,.45,-4.65,1.30,
,795601,3022,0,4095,-0.379,0.206,0.903,.43,-4.28,1.20,
,795631,3019,0,893,-0.354,0.17,0.938,2.53,2.4,3.79,R
,795641,3019,0,4095,-0.368,0.18,0.912,3.31,3.11,4.46,R
,795661,2992,0,4095,-0.31,0.22,0.913,5.67,-0.3,4.49,R
,795671,2992,0,3895,-0.99,0.22,0.909,2.19,-0.0,4.49,R
,795681,2991,0,4095,-0.385,0.238,0.922,.49,-3.43,4.37,
,795721,2990,0,4095,-0.74,0.22,0.936,.09,-0.36,4.46,
,795741,2992,0,095,-0.363,0.22,0.936,4.97,2.95,5.15,R
,795761,2990,0,4095,-0.368,0.229,0.928,.15,1.63,6.11,R
,795781,3002,0,4095,-0.373,0.232,0.895,.77,-5.67,4.34,
,795801,2990,0,4095,-0.375,0.241,0.902,.00,-12.65,2.39,R
,795821,2986,0,4095,-0.320,0.26,0.930,2.88,-2.2,2.25,R
,795831,2989,0,888,-0.371,0.27,0.993,8.65,1.6,3.06,R
,795841,2990,0,4095,-0.50,0.25,0.965,8.32,6.8,3.88,R
,795851,2979,0,3892,-0.85,0.25,0.967,.04,8.0,3.76,R
,795861,2982,0,095,-0.398,0.26,0.928,8.25,3.2,2.86,R
,795931,2986,0,889,-0.367,0.260,0.934,.17,2.02,-1.13,R
,795981,3006,0,4095,-0.334,0.265,0.888,.87,-10.47,-2.1,R
,795991,2981,0,3888,-0.42,0.26,0.893,4.28,-1161,-2.64,R
,796011,2969,0,883,-0.309,0.272,0.933,.91,-6.60,-0.50,R
,796051,2974,0,888,-0.379,0.283,0.926,.79,0.73,-2.51,
,796061,2976,0,4095,-0.381,0.283,0.927,.64,-2.30,-2.36,R
,796071,2980,0,3890,-0.363,0.280,0.902,.96,-5.09,-3.66,R
,796081,2973,0,4095,-0.359,0.267,0.914,.41,-6.36,-4.55,R
,796091,2981,0,893,-0.42,0.25,0.924,4.51,-4.1,-4.32,R
,796111,2983,0,888,-0.319,0.247,0.939,.89,1.70,-3.75,R
,796121,2974,0,4095,-0.338,0.25,0.945,9.45,3.3,-3.02,R
,796141,2991,0,4095,-0.356,0.270,0.912,.32,-3.32,-4.91,R
,796171,2977,0,888,-0.379,0.286,0.923,.14,-0.4,-5.48,R
,796181,2973,0,4095,-0.373,0.27,0.911,8.45,1.6,-4.73,R
,796241,2972,0,4095,-0.324,0.279,0.910,.89,-2.79,-1.29,R
,796251,2975,0,3891,-0.331,0.279,0.896,.33,-2.7,-1.31,R
,796271,2953,0,3891,-0.366,0.30,0.921,.21,-0.83,0.52,R
,796321,2954,0,4095,-0.325,0.28,0.939,.55,0.13,-0.16,
,796331,2951,0,891,-0.314,0.279,0.952,.56,3.8,1.01,R
,796341,2957,0,4095,-0.320,0.28,0.956,.58,7.37,1.59,R
,796351,2962,0,886,-0.341,0.269,0.943,.30,8.16,0.95,R
,796381,2979,0,4095,-0.358,0.26,0.911,.64,5.12,-1.09,
,796391,2971,0,3890,-0.67,0.27,0.901,8.35,7.1,-0.61,R
,796411,2995,0,3892,-0.372,0.294,0.871,.34,9.3,-1.45,R
,796431,2988,0,3887,-0.374,0.307,0.868,5.61,-0.2,-1.89,R
,796451,2998,0,3893,-0.360,0.31,0.891,.30,-2.65,-1.81,R
,796521,2944,0,4095,-0.364,0.28,0.952,4.95,-5.98,11.79,R
,796541,2864,0,4095,-0.41,0.40,0.975,-3.12,-167,12.04,R
,796591,2546,0,3899,-0.63,0.283,0.933,2.71,7.67,24.36,R
,796621,2352,0,4095,-0.76,0.25,0.913,3.25,12.1,7.78,R
,796631,2215,0,3889,-0.389,0.282,0.898,.71,13.29,7.33,R
,796641,2128,0,095,-0.369,0.28,0.906,.18,11.8,6.20,
,796671,1891,0,893,-0.335,0.31,0.871,10.30,1089,10.34,R
,796721,1744,0,095,-0.345,0.314,0.871,1.05,26.22,9.24,R
,796741,1665,0,4095,-0.02,0.321,0.874,.94,22.44,14.10,R
,796761,1605,0,4095,-0.86,0.325,0.839,.24,17.05,15.97,R
,796781,1534,0,4095,-0.10,0.250,0.925,.23,6.66,12.84,R
,796801,1518,0,4095,-0.352,0.31,0.813,12.30,2213,13.03,R
,796861,1483,0,4095,-0.374,0.37,0.889,-9.29,-285,8.49,R
,796891,1458,0,3901,-0.378,0.354,0.864,9.91,-0.97,9.85,R
,796901,1470,0,4095,-0.374,0.34,0.867,-4.84,3.5,12.83,R
,796911,1554,0,3895,-0.73,0.348,0.878,6.71,4.18,11.61,R
,796941,1594,0,4095,-0.373,0.344,0.868,2.66,-3.93,7.82,R
,796951,1513,0,3902,-0.369,0.354,0.880,.05,-2.51,6.66,R
,796961,1468,0,4095,-0.74,0.363,0.885,.16,1.0,5.76,R
,796971,1424,0,900,-0.394,0.39,0.881,.63,5.75,5.81,R
,796981,1403,0,4095,-0.405,0.382,0.893,.66,8.97,6.69,R
,796991,1419,0,3878,-0.21,0.36,0.926,7.08,10.7,8.31,R
,797001,1409,0,4095,-0.421,0.33,0.914,6.50,9.1,7.73,R
,797011,1431,0,3887,-0.29,0.326,0.896,7.00,5.9,6.33,R
,797031,1449,0,898,-0.390,0.30,0.847,.29,-1.26,2.92,R
,797041,1439,0,4095,-0.348,0.30,0.833,9.93,-0.0,-1.06,R
,797051,1472,0,3895,-0.355,0.32,0.805,4.21,0.3,-0.74,R
,797071,1486,0,3891,-0.410,0.34,0.860,.51,1.69,-1.14,R
,797111,1466,0,893,-0.410,0.36,0.878,.32,-8.47,2.13,R
,797121,1459,0,4095,-0.85,0.376,0.854,.47,-6.71,1.93,R
,797131,1462,0,3894,-0.370,0.37,0.843,.83,-3.89,2.77,R
,797141,1472,0,095,-0.376,0.393,0.838,.47,-1.24,3.65,R
,797151,1462,0,894,-0.368,0.387,0.850,.70,0.59,4.83,R
,797171,1461,0,3904,-0.396,0.39,0.875,-3.91,-060,3.75,R
,797181,1457,0,4095,-0.425,0.370,0.901,2.49,-2.02,4.78,R
,797191,1463,0,3907,-0.07,0.370,0.896,1.56,-3.37,4.89,R
,797201,1456,0,4095,-0.403,0.357,0.906,3.27,-4.74,3.12,R
,797231,1442,0,3899,-0.86,0.374,0.847,.03,3.5,7.59,R
,797241,1440,0,095,-0.371,0.36,0.854,3.33,5.73,7.21,R
,797261,1453,0,095,-0.414,0.354,0.878,4.11,1.9,5.94,
,797311,1470,0,910,-0.414,0.35,0.857,4.19,-6.30,5.23,R
,797321,1472,0,095,-0.390,0.349,0.850,2.84,-6.11,5.87,R
,797381,1482,0,095,-0.77,0.346,0.891,4.66,-3.35,2.34,R
,797401,1479,0,4095,-0.82,0.345,0.913,2.20,-410,0.37,R
,797411,1477,0,3901,-0.75,0.342,0.890,0.75,-384,-0.56,R
,797451,1470,0,3899,-0.92,0.358,0.879,4.52,-911,-0.67,R
,797471,1474,0,3908,-0.358,0.33,0.906,-5.76,-737,-0.71,R
,797491,1479,0,3903,-0.351,0.313,0.925,2.97,-550,-3.55,R
,797501,1472,0,095,-0.344,0.31,0.916,.83,-3.29,-3.95,R
,797531,1476,0,3903,-0.352,0.35,0.867,6.65,-0.7,-6.58,R
,797541,1446,0,4095,-0.360,0.37,0.848,4.04,-1.0,-6.38,R
,797551,1477,0,3899,-0.382,0.38,0.853,1.25,-3.6,-4.70,R
,797561,1484,0,4095,-0.80,0.37,0.870,-0.78,-726,-4.85,R
,797581,1514,0,4095,-0.54,0.361,0.891,3.20,-8.85,-4.01,R
,797591,1525,0,901,-0.346,0.34,0.881,3.23,-7.64,-3.00,R
,797611,1561,0,898,-0.33,0.352,0.883,0.77,-016,-0.85,R
,797631,1572,0,3894,-0.344,0.36,0.880,2.33,2.8,-0.88,
,797661,1563,0,4095,-0.45,0.398,0.864,2.81,-3.95,-0.47,R
,797681,1562,0,095,-0.369,0.38,0.901,-7.36,-335,0.87,R
,797691,1565,0,894,-0.375,0.364,0.905,5.96,-3.64,1.90,R
,797711,1559,0,896,-0.378,0.34,0.894,8.57,-3.38,4.80,R
,797721,1561,0,095,-0.378,0.33,0.908,-10.11,-.66,5.0,R
,797741,1535,0,4095,-0.46,0.323,0.892,6.26,1.23,4.57,R
,797771,1535,0,3898,-0.393,0.326,0.891,2.71,4.39,1.62,R
,797811,1535,0,899,-0.366,0.33,0.898,8.45,-5.73,-1.98,R
,797841,1535,0,4095,-0.345,0.326,0.880,3.14,2.3,-0.39,
,797851,1535,0,3889,-0.35,0.329,0.875,.06,5.52,-0.36,R
,797861,1555,0,4095,-0.337,0.34,0.871,.22,4.88,-1.11,
,797911,1559,0,3891,-0.353,0.330,0.899,3.97,-717,-1.4,R
,797921,1563,0,4095,-0.51,0.329,0.911,1.07,-3.78,-1.63,R
,797941,1559,0,4095,-0.387,0.33,0.949,0.73,1.09,0.16,R
,797961,1563,0,4095,-0.378,0.36,0.913,2.99,-0.01,-0.07,R
,797981,1535,0,4095,-0.354,0.34,0.921,-1.10,-912,-1.00,R
,798011,1535,0,3897,-0.09,0.338,0.915,.38,-4.59,-0.71,R
,798031,1535,0,3879,-0.32,0.34,0.931,.13,1.4,2.72,R
,798041,1535,0,4095,-0.321,0.365,0.937,.25,2.6,2.55,R
,798051,1535,0,904,-0.328,0.36,0.948,7.41,4.4,2.46,R
,798091,1530,0,904,-0.37,0.393,0.972,.92,10.5,11.71,R
,798111,1451,0,3900,-0.26,0.389,0.918,.63,13.3,16.37,R
,798141,1318,0,4095,-0.283,0.38,0.864,-0.81,1856,19.62,R
,798151,1245,0,3904,-0.31,0.35,0.853,-4.30,1615,23.09,R
,798171,1147,0,3901,-0.64,0.364,0.837,12.95,538,20.37,R
,798181,1139,0,095,-0.376,0.36,0.860,-19.76,-.66,20.11,R
,798191,1139,0,899,-0.366,0.34,0.833,-15.87,-.79,18.89,R
,798211,1129,0,3903,-0.392,0.34,0.817,-19.53,-.01,19.73,R
,798221,1135,0,095,-0.411,0.36,0.832,-19.85,-.36,21.76,R
,798231,1135,0,3911,-0.65,0.36,0.818,-29.20,-3.61,19.91,R
,798241,1110,0,4095,-0.334,0.36,0.949,-6.04,1114,19.10,R
,798251,1101,0,3902,-0.65,0.392,0.861,29.14,6.94,20.91,R
,798271,1072,0,3903,-0.420,0.35,0.842,-15.26,9.05,19.8,R
,798291,1056,0,3917,-0.60,0.379,0.805,18.74,6.91,18.68,R
,798331,1008,0,3905,-0.417,0.327,0.890,-30.11,-0.39,13.62,R
,798371,1003,0,3908,-0.352,0.290,0.887,19.93,-7.30,20.74,R
,798381,1015,0,4095,-0.346,0.29,0.938,-21.26,-.35,18.46,R
,798511,703,0,377,-0.243,0.201,0.938,-6.11,-45.38,9.2,R
,798521,282,0,495,-0.217,0.189,0.953,-5.33,-47.90,5.87,R
,798611,5,0,389,-0.180,0.245,0.974,13.2,-27.20,-4.87,R
,798701,1,0,409,-0.122,0.275,0969,16.7,-33.72,-19.66,R
,798711,0,0,390,-0.134,0.268,0.971,15.6,-31.7,-18.12,R
,798731,4,0,389,-0.104,0.268,0.971,18.7,-24.59,-14.71,R
,798761,0,0,4095,-0.094,0.279,0960,25.02,-14.4,-13.20,R
,798861,0,0,4095,-0.111,0.324,0.901,7.9,-7.69,11.48,R
,798881,0,0,409,-0.106,0.347,0.912,1.9,-6.39,-11.20,R
,798911,0,0,3899,-0.101,0.347,0965,-2.4,0.47,9.09,R
,798931,0,0,390,-0.085,0.338,0962,-3.88,4.24,7.90,R
,798961,2,0,409,-0.129,0.351,0983,-1.50,2.02,7.72,R
,798981,0,0,409,-0.114,0.360,0.964,-2.0,-2.74,-8.53,R
,798991,1,0,3906,-0.161,0.371,0.970,-3.0,-4.68,-7.48,R
,799031,0,0,3907,-0.146,0.374,0.964,-3.0,-5.29,-3.25,R
,799121,0,0,409,-0.113,0.387,0898,-3.01,7.15,.10,R
,799161,0,0,409,-0.147,0.376,0919,-6.4,6.92,13.67,R
,799181,0,0,409,-0.134,0.379,0.916,-6.1,8.21,16.98,R
,799201,0,0,4095,-0.146,0.385,0.925,-4.4,14.51,22.89,R
,799221,0,0,4095,-0.143,0.366,0.909,-8.3,20.10,26.34,R
,799231,0,0,390,-0.141,0.372,0.934,-9.3,21.50,26.68,R
,799291,0,0,3904,-0.135,0.285,0968,-2.04,6.21,1.88,R
,799311,0,0,390,-0.127,0.304,0.981,-3.3,-1.61,6.48,R
,799351,0,0,390,-0.154,0.311,1.008,-4.6,4.66,8.54,R
,799371,0,0,390,-0.173,0.281,1.009,-6.4,8.05,.13,R
,799401,0,0,4095,-0.202,0.275,1013,4.83,6.73,973,R
,799411,0,0,3915,-0.206,0.287,1030,8.01,0.11,881,R
,799461,2,0,409,-0.095,0.288,0.973,3.1,-20.33,3.82,R
,799471,0,0,390,-0.089,0.288,0.939,-1.6,-17.3,0.31,R
,799481,0,0,409,-0.108,0.301,0.952,-5.7,-13.46,-1.26,
,799521,0,0,4095,-0.109,0.315,0933,0.80,-2.25,.91,R
,799531,0,0,3915,-0.113,0.324,0956,-2.1,1.08,5.44,R
,799551,0,0,3919,-0.131,0.288,1003,-3.6,0.33,6.74,R
,799591,128,0,3913,-0.161,0.302,0.950,-.91,2.66,2.37,R
,799631,58,0,390,-0.142,0.288,.933,-14.55,-9.6,-4.58,R
,799711,915,0,3933,-0.140,0.304,0.987,-.33,-5.59,1.70,
,799731,1105,0,915,-0.101,0.293,0.975,15.30,-3.03,-1.51,R
,799761,1462,0,4095,-0.19,0.247,0.969,6.36,1877,-0.3,R
,799791,1631,0,3918,-0.079,0.17,0.945,7.98,38.5,-4.85,R
,799851,1968,0,920,-0.181,0.240,0.937,7.76,25.52,-10.55,R
,799861,2023,0,095,-0.153,0.24,0.958,-4.28,2889,-13.96,R
,799871,2025,0,3915,-0.91,0.290,0.917,.28,40.83,-12.47,R
,799891,2107,0,3919,-0.300,0.30,0.987,11.00,4558,-3.57,R
,799901,2137,0,095,-0.306,0.29,0.995,5.34,31.0,-3.28,R
,799911,2159,0,918,-0.285,0.283,0.971,2.20,1709,-5.0,R
,799921,2143,0,095,-0.314,0.29,0.922,11.50,7.78,-0.27,R
,799931,2167,0,920,-0.295,0.28,0.948,-17.87,-.47,-0.74,R
,799941,2213,0,4095,-0.207,0.26,0.966,-17.73,-.20,-5.71,R
,799961,2250,0,4095,-0.40,0.231,0.916,8.98,-243,-12.5,R
,799981,2333,0,4095,-0.257,0.23,0.991,0.80,11.2,-6.91,R
,799991,2350,0,3914,-0.266,0.264,1.013,.17,7.23,-11.37,R
,800011,2417,0,3899,-0.296,0.26,1.069,0.04,-2.9,-20.4,R
,800021,2430,0,095,-0.267,0.27,1.055,-2.23,-1.15,-21.05,R
,800041,2453,0,4095,-0.164,0.22,1.068,6.38,-3.5,-22.59,R
,800091,2542,0,3921,-0.23,0.283,0.932,.94,-1.73,-16.2,R
,800111,2603,0,924,-0.186,0.262,1.011,7.18,-13.67,-18.10,R
,800131,2653,0,3931,-0.261,0.35,1.019,-6.92,3.8,-10.21,R
,800151,2683,0,923,-0.196,0.34,0.983,.71,4.62,-14.61,R
,800161,2691,0,4095,-0.35,0.322,0.968,.15,0.7,-13.23,R
,800181,2701,189,4095,-.160,0.271,0.93,1.57,-7.05,-17.45,R
,800201,2704,23,4095,-0.219,0.74,0.944,4.79,-.95,-14.04,R
,800271,2734,27,3925,-0.281,0.56,0.932,10.53,5.58,-16.84,R
,800281,2737,270,4095,-.230,0.224,0.90,10.62,-7.26,-17.06,R
,800311,2749,27,3936,-0.241,0.71,0.97,14.30,.50,-13.92,R
,800321,2749,27,4095,-0.238,0.280,0.97,11.46,4.48,-12.39,R
,800361,2782,389,4095,-0.151,0.35,0.959,2.53,-8.94,-1.74,R
,800371,2799,40,3937,-0.158,0.48,0.985,-0.34,18.72,-7.25,R
,800381,2803,427,4095,-0.198,0.52,0.995,2.85,-.85,-14.88,R
,800401,2838,465,4095,-.194,0.244,1.01,6.97,5.69,-10.00,R
,800411,2832,474,3935,-0.213,0.59,0.974,9.63,944,-9.1,R
,800441,2858,487,4095,-.270,0.246,0.91,5.00,0.51,-8.38,R
,800451,2864,495,3930,-.277,0.263,0.91,1.45,-6.65,-7.64,R
,800461,2854,481,4095,-.250,0.240,0.93,-0.31,-12.53,-8.35,R
,800511,2768,510,3934,-0.219,0.77,1.034,8.01,1.80,-1.8,R
,800521,2755,51,4095,-0.243,0.58,0.97,6.32,14.76,-1.83,R
,800541,2783,487,4095,-0.276,0.19,0.82,3.81,-.29,-5.38,R
,800551,2799,47,3933,-.238,0.207,0.80,4.36,-9.44,-9.02,R
,800581,2848,49,4095,-0.234,0.76,0.920,4.04,056,-2.6,R
,800601,2864,506,4095,-.262,0.296,1.01,6.90,8.95,-1.29,R
,800611,2841,506,3933,-.257,0.311,1.03,4.91,7.17,-1.93,R
,800631,2863,503,3929,-.207,0.295,0.98,2.94,-2.02,-3.58,R
,800651,2878,511,3939,-.208,0.273,0.95,5.38,0.22,-3.19,R
,800661,2893,485,4095,-.208,0.273,0.91,5.92,1.60,-3.61,R
,800691,2960,528,3930,-.231,0.283,0.91,4.03,4.59,3.56,R
,800701,2976,532,4095,-0.279,0.302,0.96,3.28,5.58,3.09,R
,800731,2994,530,3942,-.302,0.307,0.95,1.12,-3.75,-3.46,R
,800751,3019,533,3934,-0.255,0.290,0.95,0.57,-5.27,-3.00,R
,800781,3014,533,4095,-.229,0.258,0.91,1.51,-2.95,0.42,R
,800811,3019,53,3931,-0.254,0.84,0.93,2.41,0.34,2.68,R
,800821,3024,540,4095,-0.255,0.33,0.974,0.27,-.24,2.48,R
,800831,3033,53,3943,-0.244,0.25,0.99,-2.66,-2.53,0.43,R
,800881,3035,52,4095,-0.228,0.59,0.927,2.82,268,1.96,R
,800911,3025,523,3937,-0.262,0.45,0.89,8.21,-1.92,-1.71,R
,800931,3043,528,3938,-0.259,0.316,0.95,2.51,-1.66,-0.45,R
,800971,3052,557,3942,-.248,0.317,1.02,1.26,10.68,3.52,R
,800981,3057,548,4095,-0.238,0.89,1.002,3.00,1.15,2.13,R
,800991,3059,546,3950,-.256,0.52,0.97,0.18,3.58,0.33,R
,801031,3054,550,3947,-.248,0.248,0.87,5.38,-.91,-2.9,R
,801041,3056,545,4095,-0.260,0.73,0.902,3.84,-.59,-0.35,R
,801051,3066,547,3952,-0.241,0.95,0.959,5.05,201,1.96,R
,801061,3084,546,4094,-0.250,0.335,1.00,3.61,5.60,3.88,R
,801071,3056,54,3941,-0.189,0.98,1.029,-0.05,.54,0.84,R
,801091,3059,546,3936,-.247,0.22,1.00,1.03,3.44,-0.07,R
,801101,3061,555,4095,-0.261,0.91,0.968,4.70,511,-0.64,R
,801121,3067,57,4095,-0.275,0.70,0.881,1.60,-.57,-3.2,R
,801141,3066,580,4095,-.219,0.285,0.89,1.52,-6.94,-1.42,R
,801161,3067,57,4089,-0.238,0.74,0.947,8.38,531,3.09,R
,801201,3083,586,4082,-.264,0.338,0.97,-0.01,3.86,2.05,R
,801211,3067,595,3942,-0.267,0.327,0.96,-5.33,-3.49,1.32,R
,801261,3088,606,4085,-.260,0.297,0.90,3.60,9.81,3.64,R
,801271,3091,597,3957,-0.286,0.98,0.911,2.33,476,2.55,R
,801321,3104,61,4062,-0.244,0.302,0.99,-1.56,8.86,2.42,R
,801331,3101,620,3955,-.276,0.89,0.958,-0.40,.36,2.4,R
,801361,3110,69,4080,-0.261,0.84,0.866,-0.92,5.27,0.20,R
,801381,3108,715,4042,-0.272,0.01,0.912,-0.02,1.09,-0.24,R
,801401,3117,678,4052,-0.265,0.13,0.963,-1.15,0.62,1.73,R
,801421,3110,627,4048,-.262,0.28,0.965,-2.78,1.11,0.80,R
,801441,3114,66,4038,-0.264,0.81,0.946,-1.46,5.96,-2.99,R
,801451,3115,65,3962,-0.249,0.87,0.924,1.60,-.33,-3.02,R
,801461,3115,66,4034,-0.234,0.03,0.923,1.57,-.53,-1.16,R
,801471,3117,66,3964,-0.226,0.99,0.916,1.16,025,-2.1,R
,801481,3117,665,4032,-0.245,0.92,0.927,-0.28,0.76,-222,R
,801491,3116,667,3977,-0.240,0.289,0.94,0.61,-0.51,-1.26,R
,801501,3120,624,4019,-.252,0.84,0.96,1.26,-0.21,-1.55,R
,801521,3120,63,4017,-0.294,0.310,0.95,3.45,0.50,-0.39,R
,801531,3118,630,3975,-.280,0.05,0.94,2.12,-3.84,-1.54,R
,801541,3108,631,4015,-0.281,0.20,0.958,-0.45,8.08,-2.50,R
,801551,3115,61,3983,-0.253,0.06,0.962,-0.98,8.54,-2.19,R
,801581,3095,640,4011,-.250,0.301,0.95,2.13,450,0.78,R
,801611,3097,63,3984,-0.256,0.299,0.93,-2.65,-3.34,-1.66,R
,801671,3093,641,3984,-0.262,0.00,0.970,-0.01,.66,-0.24,R
,801691,3086,637,3981,-0.277,0.297,0.93,3.38,1.20,-0.12,R
,801771,3091,679,3974,-.208,0.80,0.979,2.12,378,0.60,R
,801811,3089,704,3983,-.285,0.95,0.92,1.26,-4.19,-0.01,R
,801831,3085,710,3984,-0.253,0.325,0.93,0.56,-.81,-1.71,R
,801841,3089,710,3983,-.241,0.29,0.957,1.17,-.55,-1.46,R
,801851,3088,718,3983,-0.255,0.14,0.954,1.19,149,-0.53,R
,801881,3088,719,3985,-0.247,0.284,0.94,-1.43,-4.31,-138,R
,801901,3088,713,3984,-.254,0.82,0.916,2.33,-.19,0.57,R
,801921,3088,709,3977,-0.247,0.294,0.94,1.83,0.31,-1.1,R
,801961,3071,673,3963,-0.269,0.307,0.96,5.06,-6.95,-0.1,R
,801971,3071,672,3984,-.245,0.62,0.96,2.04,-1.87,4.4,R
,801981,3087,685,3972,-0.194,0.64,1.033,-2.68,.07,1.64,R
,801991,3087,691,3978,-0.248,0.24,1.051,-4.31,.49,-1.43,R
,802021,3085,725,3974,-0.278,0.288,0.88,5.35,6.91,-0.21,R
,802041,3071,736,3966,-0.247,0.92,0.881,-0.81,6.27,-2.82,R
,802051,3071,741,3993,-0.250,0.87,0.893,-2.57,9.29,-3.87,R
,802061,3071,736,3967,-0.247,0.283,0.92,1.35,-6.45,-2.96,R
,802101,3061,72,3951,-0.253,0.336,0.99,-0.20,1.20,1.24,R
,802111,3070,708,3990,-.251,0.27,0.97,-0.98,.76,2.11,R
,802141,3071,750,3965,-0.234,0.02,0.928,-1.64,.88,0.37,R
,802151,3081,754,3979,-0.258,0.80,0.92,-2.75,.43,-1.20,R
,802181,3071,75,3945,-0.241,0.76,0.90,3.00,079,0.23,R
,802231,3071,71,3989,-0.262,0.346,0.96,2.13,416,2.55,R
,802261,3071,721,3949,-0.245,0.312,0.94,-3.52,-1.76,-064,R
,802281,3085,706,3935,-.256,0.93,0.934,0.54,196,-0.29,R
,802331,3086,71,3986,-0.262,0.308,0.94,1.78,155,0.71,R
,802371,3088,70,3987,-0.268,0.331,0.97,-8.16,0.04,3.13,R
,802401,3086,721,3950,-0.223,0.265,0.95,-10.36,-6.69,-.03,R
,802431,3056,803,3991,-0.242,0.63,0.92,1.93,1.61,-0.5,R
,802451,3088,816,4005,-0.250,0.06,0.94,0.24,054,-0.64,R
,802461,3086,81,3934,-0.250,0.312,0.95,-0.78,0.57,-0.5,R
,802501,3087,819,3927,-.273,0.07,0.93,2.38,706,1.45,R
,802521,3110,804,3934,-.265,0.76,0.93,-3.94,-4.74,-1.98,R
,802541,3106,821,3935,-.242,0.79,0.94,-2.02,-2.56,-0.94,R
,802571,3095,807,4011,-0.271,0.84,0.92,3.57,-0.80,-0.9,R
,802601,3089,819,3938,-0.263,0.14,0.959,-2.77,7.99,-1.81,R
,802611,3098,819,3998,-.232,0.28,0.994,-0.62,3.37,-1.08,R
,802621,3091,823,3933,-0.221,0.06,1.004,-2.25,.07,-1.55,R
,802631,3090,827,4014,-.240,0.03,0.971,0.86,366,-0.35,R
,802641,3090,829,3926,-0.231,0.97,0.948,3.45,546,-0.38,R
,802661,3083,826,3921,-0.269,0.97,0.893,1.66,-.37,-0.18,R
,802681,3098,81,3923,-0.262,0.293,0.92,-1.20,-4.54,-2.32,R
,802691,3095,82,4015,-0.270,0.305,0.95,-0.60,-3.87,-116,R
,802711,3089,756,4007,-0.242,0.313,0.96,1.41,1.20,-0.29,R
,802731,3103,749,4015,-0.230,0.288,0.97,0.73,-0.28,-0.85,R
,802771,3098,75,4006,-0.243,0.287,0.93,2.51,6.08,-0.47,R
,802811,3095,746,3998,-.292,0.91,0.903,-1.79,8.86,-0.91,R
,802821,3090,68,3920,-0.262,0.286,0.91,-1.72,-9.17,-0.47,R
,802831,3051,67,4016,-0.233,0.290,0.94,0.45,-4.50,-1.1,R
,802841,3095,66,3913,-0.234,0.298,0.96,0.88,0.91,-0.04,R
,802851,3088,675,4034,-0.242,0.317,0.990,2.18,564,1.06,R
,802861,3088,687,3911,-0.260,0.317,0.98,0.09,3.72,-0.5,R
,802891,3090,672,4041,-.243,0.89,0.927,-0.05,1.85,-1.11,R
,802911,3083,67,4033,-0.262,0.74,0.931,0.99,037,-1.20,R
,802941,3056,657,3915,-.285,0.313,0.92,1.60,-4.57,-1.7,R
,802951,3053,657,4033,-0.280,0.306,0.95,2.79,-5.35,-1.00,R
,802961,3052,65,3913,-0.235,0.298,0.95,-1.93,-8.43,-0.99,R
,802971,3045,653,4017,-.208,0.305,0.97,-3.30,-8.34,-2.07,R
,802981,3039,649,3915,-0.211,0.291,0.98,-1.29,-2.92,-309,R
,803001,3037,641,3911,-.235,0.305,0.96,0.56,4.07,-0.8,R
,803011,3039,637,4011,-0.245,0.91,0.971,0.82,5.34,-0.70,R
,803021,3041,640,3908,-0.265,0.293,0.95,0.88,3.05,-1.52,R
,803031,3045,640,4022,-0.278,0.293,0.93,0.42,0.76,-2.06,R
,803041,3047,645,3909,-0.267,0.87,0.918,1.52,-.48,-1.52,R
,803071,3049,647,4049,-.242,0.285,0.95,2.73,4.95,0.22,R
,803091,3062,655,4045,-0.270,0.330,0.98,1.93,6.10,2.66,R
,803131,3063,642,4048,-.226,0.291,0.95,-2.92,4.21,-0.38,R
,803141,3063,645,3920,-.271,0.283,0.92,0.77,5.53,-0.65,R
,803171,3061,650,4039,-.301,0.289,0.87,-0.11,-2.92,-094,R
,803181,3063,65,3917,-0.277,0.92,0.89,1.34,-2.48,0.1,R
,803191,3067,654,4036,-0.245,0.312,0.93,-0.25,-1.03,-0.24,R
,803201,3071,656,3910,-.240,0.10,0.972,-1.43,.02,-0.24,R
,803211,3071,650,4049,-0.265,0.15,1.023,-0.80,4.39,0.89,R
,803221,3071,653,3911,-.254,0.04,1.004,1.35,7.92,1.12,R
,803251,3091,65,4070,-0.281,0.301,0.91,1.81,244,0.37,R
,803261,3071,64,3907,-0.272,0.288,0.88,0.44,-2.47,-1.93,R
,803281,3088,643,3899,-0.266,0.93,0.900,0.13,-0.89,-0.10,R
,803311,3110,640,4058,-0.245,0.308,0.97,1.40,569,1.20,R
,803321,3109,625,3911,-0.256,0.12,0.988,3.06,4.94,0.86,R
,803331,3120,627,4054,-0.259,0.320,0.97,4.27,470,0.66,R
,803341,3120,619,3907,-0.266,0.10,0.956,2.97,1.81,-1.6,R
,803361,3121,62,3911,-0.292,0.293,0.91,2.54,-2.08,-3.78,R
,803391,3113,592,4049,-0.234,0.298,0.97,4.35,625,0.78,R
,803401,3071,594,3912,-0.244,0.02,0.970,3.80,7.57,1.45,R
,803431,3055,57,4043,-0.254,0.303,0.92,5.61,-.69,0.86,R
,803451,3002,58,4059,-0.262,0.31,0.91,3.31,-8.30,-1.8,R
,803461,2946,552,3907,-0.285,0.11,0.914,0.44,-5.67,-2.53,R
,803471,2894,55,4069,-0.304,0.60,0.940,0.68,-19.37,-1.38,R
,803481,2881,542,3908,-0.252,0.26,1.010,4.64,-1.14,4.37,R
,803491,2873,556,4053,-0.204,0.34,1.06,7.06,384,10.75,R
,803501,2854,54,3907,-0.183,0.392,1.10,7.37,13.73,10.22,R
,803521,2779,511,3924,-.238,0.306,1.06,11.26,18.97,16.62,R
,803531,2671,49,4069,-0.226,0.97,1.005,14.21,7.64,20.25,R
,803541,2559,480,3911,-.241,0.344,0.93,11.74,4.63,22.11,R
,803551,2466,400,4046,-.241,0.99,0.91,9.32,5.32,23.2,R
,803571,2231,27,4048,-0.222,0.68,0.853,6.12,-11.23,2246,R
,803581,2154,24,3904,-0.254,0.49,0.847,3.16,-3.72,24.34,R
,803591,2085,14,4016,-0.240,0.52,0.850,-1.09,18.39,21.41,R
,803611,2085,0,049,-0.204,0.35,0.825,-12.60,-21.23,1617,R
,803621,2039,0,893,-0.251,0.37,0.937,-14.17,-20.86,1578,R
,803661,1868,0,3901,-0.54,0.317,1.031,10.50,-8.74,21.38,R
,803681,1570,0,3893,-0.217,0.29,1.069,6.50,-984,25.81,R
,803691,1456,0,095,-0.209,0.34,0.997,11.12,-10.02,27.78,R
,803711,1362,0,4079,-0.10,0.344,0.950,1.35,-18.19,24.84,R
,803721,1237,0,3895,-0.210,0.33,0.953,-7.91,-21.52,23.42,R
,803751,530,0,4009,-0.29,0.325,0.963,-.05,-18.43,32.11,R
,803791,16,0,405,-0.156,0.289,.960,-1.38,-12.63,32.23,R
,803831,0,0,4051,-0.188,0.382,0872,-1.67,3.75,23.75,R
,803841,0,0,3902,-0.133,0.343,0900,4.27,3.87,14.81,R
,803931,0,0,4027,-0.091,0.363,0898,25.86,-23.0,-0.76,R
,803971,0,0,402,-0.156,0.404,0862,18.0,6.85,.88,R
,803981,0,0,3899,-0.164,0.401,0844,15.02,8.62,1.64,R
,804001,0,0,389,-0.199,0.387,0858,4.7,2.99,236,R
,804021,0,0,3895,-0.196,0.389,0867,1.03,-6.89,1.73,R
,804031,0,0,4084,-0.201,0.398,0876,-0.1,-10.6,3.76,R
,804071,0,0,4074,-0.152,0.397,0885,-3.10,-3.03,9.55,R
,804081,0,0,3899,-0.160,0.391,0890,-2.77,2.88,10.81,R
,804111,0,0,406,-0.141,0.365,0912,0.12,13.58,12.31,R
,804141,0,0,388,-0.152,0.361,0.905,6.3,15.44,9.24,R
,804211,0,0,409,-0.134,0.372,0904,5.7,15.93,.45,R
,804271,0,0,4095,-0.131,0.433,0900,7.4,20.95,3.06,R
,804401,0,0,3871,-0.197,0.419,1026,-2.5,1.21,7.88,R
,804471,0,0,4095,-0.170,0.383,0945,-3.1,-3.27,15.38,R
,804501,0,0,3879,-0.171,0.380,0938,5.9,-0.13,11.35,R
,804561,0,0,3889,-0.139,0.380,0944,10.53,-6.91,11.18,R
,804591,0,0,409,-0.176,0.390,0937,11.09,-2.48,11.56,R
,804631,0,0,4095,-0.180,0.407,0932,8.04,-0.63,4.02,R
,804691,0,0,4095,-0.151,0.389,0858,7.28,3.09,5.88,R
,804701,0,0,3888,-0.166,0.381,0855,9.7,7.38,6.14,R
,804751,0,0,4095,-0.144,0.393,0833,-8.88,6.39,10.04,R
,804791,0,0,4095,-0.120,0.375,0837,-1442,8.10,5.93,R
,804831,0,0,4095,-0.158,0.417,0.910,-1840,20.3,4.13,R
,804991,0,0,409,-0.191,0.374,1002,-8.14,-2.82,-8.24,R
,805001,0,0,3888,-0.204,0.364,0987,-6.2,-8.95,-8.36,R
,805141,0,0,3889,-0.195,0.385,0909,-8.8,-6.22,-10.96,
,805391,0,0,4095,-0.167,0.272,0925,-5.41,1.81,-3.20,R
,805441,0,0,3875,-0.185,0.316,1.020,2.9,1.28,-4.85,R
,805461,0,0,3887,-0.179,0.334,1024,3.0,-4.50,-4.48,R
,805501,0,0,3887,-0.150,0.287,0965,5.89,2.48,0.42,R
,805521,0,0,3887,-0.155,0.283,0944,7.52,6.33,-0.30,R
,805551,0,0,4095,-0.219,0.301,0953,4.4,7.38,1.62,R
,805591,0,0,4095,-0.190,0.307,0960,-5.23,-0.65,7.79,R
,805621,0,0,3882,-0.159,0.270,0956,1.4,4.71,4.13,R
,805631,0,0,4095,-0.162,0.272,0946,3.0,6.33,2.68,R
,805641,0,0,3882,-0.154,0.287,0945,3.4,9.29,1.53,R
,805681,0,0,388,-0.171,0.295,0951,-3.0,11.63,-0.45,R
,805821,0,0,3886,-0.339,0.421,0937,-3194,6.04,-21.13,R
,805851,0,0,4095,-0.249,0.268,0970,-47.39,-9.5,-10.12,R
,805901,0,0,3887,-0.136,0.191,0981,-3494,12.85,3.33,R
,805911,0,0,409,-0.121,0.188,0978,-3390,11.70,2.51,R
,805981,0,0,3875,-0.126,0.179,0939,6.15,4.63,-.53,R
,806001,0,0,3885,-0.144,0.232,0897,12.3,7.53,-12.22,R
,806011,0,0,4095,-0.203,0.239,0910,12.38,6.27,13.32,R
,806021,0,0,3878,-0.270,0.252,0934,10.3,3.34,-13.26,R
,806111,0,0,409,-0.354,0.210,0930,14.6,-9.14,17.23,R
,806161,0,0,3886,-0.223,0.182,0.983,12.0,-3.18,25.39,R
,806181,0,0,387,-0.192,0.207,1.052,21.6,2.34,0.58,R
,806191,0,0,409,-0.206,0.233,1054,30.5,5.40,17.38,R
,806321,0,0,3890,-0.228,0.399,0936,28.3,-1.75,14.43,R
,806381,0,0,389,-0.149,0.386,0974,11.9,-16.69,19.01,
,806391,0,0,409,-0.115,0.377,0954,12.3,-14.59,17.50,R
,806401,0,0,389,-0.109,0.371,0936,10.1,-12.66,14.66,R
,806441,0,0,389,-0.130,0.361,0907,13.2,-0.50,1.24,R
,806521,0,0,392,-0.215,0.406,0914,13.8,6.92,-5.58,R
,806601,0,0,389,-0.225,0.357,0902,-1320,-4.2,-0.32,R
,806621,0,0,389,-0.227,0.361,0942,-15.15,-4.8,2.62,R
,806641,0,0,389,-0.206,0.333,0946,-11.88,-5.0,0.86,R
,806701,0,0,390,-0.206,0.335,0940,-3.2,-4.88,-4.39,R
,806711,0,0,4095,-0.204,0.346,0931,-3.1,-4.14,-4.38,R
,806721,0,0,389,-0.211,0.346,0945,-3.9,-3.27,-4.19,R
,806781,0,0,3891,-0.198,0.376,0.949,-4.9,-4.69,-1.75,R
,806791,0,0,409,-0.186,0.369,0938,-6.8,-6.92,-2.13,R
,806891,0,0,4095,-0.142,0.349,0948,5.08,-1.73,-1.80,R
,806921,0,0,3901,-0.149,0.344,0952,4.9,-2.77,2.03,R
,806951,0,0,4095,-0.168,0.323,0983,8.28,-4.79,-5.51,R
,806971,0,0,4095,-0.191,0.307,1013,14.44,-6.91,-8.41,R
,807091,0,0,409,-0.183,0.379,0.936,31.6,-3.06,-0.10,R
,807101,0,0,389,-0.149,0.403,0959,28.51,-2.65,0.80,R
,807121,0,0,388,-0.132,0.389,0915,27.92,-0.45,-1.81,R
,807151,0,0,409,-0.123,0.406,0867,36.76,-3.34,-17.55,R
,807181,0,0,3899,-0.167,0.479,0770,48.8,2.66,21.71,R
,807191,0,0,4095,-0.107,0.640,0820,41.09,7.46,-15.03,R
,807251,0,0,409,-0.294,0.564,0908,18.0,2.28,7.18,R
,807261,0,0,3899,-0.297,0.540,0917,18.4,1.92,10.31,R
,807311,0,0,409,-0.225,0.479,0927,22.1,9.00,9.87,R
,807361,0,0,390,-0.168,0.455,0839,40.18,14.91,7.16,R
,807391,0,0,4095,-0.235,0.492,0862,49.84,30.02,3.96,R
,807431,0,0,4095,-0.268,0.529,0904,44.1,41.15,17.75,R
,807511,0,0,4095,-0.276,0.536,0967,58.13,43.89,39.20,R
,807601,0,0,3903,-0.242,0.741,1100,-8.59,-27.98,30.58,R
,807611,0,0,4095,-0.214,0.744,1018,-3.3,-29.52,35.82,R
,807621,0,0,3895,-0.276,0.788,1052,-4.71,-33.69,31.65,R
,807671,0,0,409,0.007,.785,0.60,-54.69,-36.65,21.93,R
,807741,0,0,3898,0.078,.485,0.797,-87.1,-59.5,10.71,R
,807771,0,0,4095,-0.098,0.362,0799,-9188,-54.9,1.01,R
,807831,0,0,4095,-0.096,0.389,0807,-71.41,-106.28,-55.5,R
,807921,0,0,3905,-0.222,0.372,0770,-1042,-57.59,-64.15,R
,807981,0,0,3908,-0.184,0.432,0661,18.7,-100.63,-80.82,R
,808091,0,0,4063,0.000,.491,0.60,40.7,-66.53,-44.01,R
,808121,0,0,391,0.042,.589,0.08,56.99,-66.37,-46.25,
,808131,0,0,405,0.060,.519,0.21,57.45,-64.25,-42.04,
,808141,0,0,3920,0.098,0.537,0.08,58.5,-63.84,-42.01,R
,808161,0,0,3919,0.107,0.563,0.44,68.5,-65.00,-40.56,
,808181,0,0,3888,0.144,0.617,0.77,69.0,-65.89,-39.60,R
,808231,0,0,4030,0.215,.669,0.80,83.81,-54.34,-33.71,R
,808241,0,0,390,0.226,.678,0.44,85.55,-49.53,-33.45,
,808261,0,0,3911,0.225,0.710,0.97,85.9,-39.75,-34.15,
,808301,0,0,3920,0.221,.760,0.354,70.3,-22.82,-31.51,R
,808351,0,0,3992,0.194,0.862,0.30,36.4,-7.47,-31.83,R
,808361,0,0,392,0.172,.885,0.23,26.56,-6.94,33.93,R
,808401,0,0,3921,0.166,.854,0.375,-25.8,-18.51,-37.63,R
,808421,0,0,3927,0.183,.814,0.413,-36.2,-14.42,-37.08,R
,808431,0,0,3967,0.188,.804,0.428,-40.2,-9.46,-37.51,
,808441,0,0,3921,0.177,.796,0.442,-44.3,-4.21,-37.77,R
,808461,0,0,3932,0.149,0.792,0.88,-48.4,-0.71,-36.55,
,808491,0,0,395,0.163,.804,0.37,-55.49,8.71,-40.09,R
,808511,0,0,3945,0.156,.796,0.588,-62.6,19.12,-38.77,
,808581,0,0,393,0.116,.742,0.46,-28.74,7.86,32.47,R
,808591,0,0,394,0.132,.751,0.764,-18.0,8.54,-31.86,R
,808601,0,0,3935,0.123,0.769,0.62,-8.94,10.99,-32.38,R
,808621,0,0,393,0.076,.815,0.00,0.25,15.11,-32.61,R
,808641,0,0,393,0.019,.865,0.44,4.50,13.08,-27.45,R
,808691,0,0,395,-0.011,0.853,0864,12.6,-4.07,-13.48,
,808711,0,0,394,-0.003,0.809,0835,16.4,-9.72,-10.04,
,808731,0,0,3958,-0.002,0.775,0808,19.1,-11.69,-8.42,R
,808801,0,0,3941,-0.062,0.709,0729,9.2,-9.63,0.26,R
,808871,0,0,3952,-0.092,0.652,0742,-13.04,-4.86,13.94,R
,808921,0,0,3954,-0.103,0.630,0.776,-1268,-1.17,14.52,
,808951,0,0,3954,-0.137,0.597,0734,-2.7,-11.56,12.39,
,809031,0,0,3945,0.290,.917,0.634,57.4,12.08,20.97,R
,809041,0,0,3941,0.352,.040,0.650,52.2,29.92,18.42,R
,809051,0,0,3933,0.304,1.171,0.652,38.9,46.70,13.07,R
,809101,0,0,3938,0.003,.023,0.867,-87.0,-15.69,-20.06,R
,809141,0,0,392,-0.040,0.660,0796,-1430,-17.78,-3.26,R
,809171,0,0,3936,0.001,.653,0.735,39.8,10.37,3.90,R
,809181,0,0,3939,0.001,.700,0.22,41.90,19.98,13.23,R
,809191,0,0,3937,0.011,0.731,0.14,39.3,27.08,13.73,R
,809201,0,0,394,0.033,0.761,0.19,36.1,30.95,14.46,R
,809211,0,0,3946,0.062,.778,0.718,31.46,32.70,6.10,R
,809231,0,0,3941,0.077,.797,0.21,14.4,29.75,13.94,R
,809281,0,0,392,0.073,0.689,0.93,-2.3,-2.72,-0.65,R
,809331,0,0,3938,0.094,.674,0.680,-3.2,8.15,-3.54,R
,809361,0,0,3933,0.076,.706,0.14,0.61,20.19,-0.82,R
,809371,0,0,394,0.074,0.724,0.28,-2.1,19.92,-1.64,R
,809381,0,0,393,0.041,0.737,0.45,-9.1,19.31,-2.97,R
,809391,0,0,393,0.020,0.739,0.79,-15.33,15.35,-3.45,R
,809401,0,0,392,-0.004,0.740,0799,-19.47,11.5,-3.26,R
,809411,0,0,394,-0.000,0.739,0825,-2498,5.29,-2.61,R
,809441,0,0,3929,0.020,0.718,0.57,-30.4,-12.48,-6.82,R
,809451,0,0,394,0.026,0.708,0.66,-27.50,-16.7,-8.64,R
,809471,0,0,394,0.022,0.691,0.63,-21.58,-21.9,-10.94,R
,809481,0,0,3918,0.013,0.701,0.23,-16.4,-24.10,-10.42,R
,809491,0,0,3942,0.022,.706,0.817,-9.8,-25.03,-8.22,R
,809531,0,0,395,0.034,0.734,0.25,7.99,-27.05,5.98,R
,809551,0,0,3932,0.014,.730,0.93,6.48,-29.73,-6.18,R
,809581,0,0,3935,0.083,0.712,0.55,7.23,-21.67,.61,R
,809611,0,0,3950,0.085,.719,0.28,2.96,-13.17,1.97,R
,809631,0,0,3943,0.068,.719,0.623,-6.9,-13.14,-1.98,R
,809641,0,0,393,0.074,0.721,0.42,-10.4,-11.47,-1.52,R
,809651,0,0,3949,0.078,.716,0.651,-12.3,-10.34,0.71,R
,809681,0,0,3937,0.117,.711,0.670,-7.3,-6.39,4.14,R
,809691,0,0,394,0.118,0.707,0.65,-6.1,-4.57,2.58,R
,809731,0,0,395,0.093,0.679,0.76,-12.0,4.28,0.92,R
,809751,0,0,3948,0.085,.672,0.690,-13.8,6.95,2.83,R
,809761,0,0,393,0.091,.676,0.697,-15.6,6.25,3.47,R
,809771,0,0,3941,0.087,0.677,0.13,-17.26,4.77,.24,R
,809781,0,0,3946,0.088,.667,0.718,-19.6,2.07,2.42,R
,809791,0,0,3937,0.099,.669,0.727,-22.2,0.77,1.41,R
,809811,0,0,3934,0.109,.659,0.747,-23.5,-0.34,-0.32,R
,809871,0,0,395,0.083,0.644,0.07,-17.4,3.38,0.47,R
,809881,0,0,393,0.087,0.647,0.08,-14.1,3.75,.11,R
,809891,0,0,3934,0.089,.652,0.811,-12.6,4.68,0.16,R
,809911,0,0,392,0.065,0.660,0.18,-10.7,3.98,-0.61,R
,809921,0,0,3936,0.051,.653,0.30,-12.72,2.24,1.57,R
,809941,0,0,394,0.065,0.631,0.33,-11.0,-1.00,-1.72,R
,809951,0,0,393,0.093,0.620,0.36,-8.16,-1.37,1.20,R
,809961,0,0,3940,0.099,.616,0.832,-2.8,-0.94,-0.65,R
,809991,0,0,3920,0.091,.637,0.25,6.83,0.91,-244,R
,810011,0,0,3905,0.062,.638,0.93,6.57,-0.25,-5.67,R
,810041,0,0,389,0.077,.665,0.774,12.35,0.88,-1.14,R
,810081,0,0,3867,0.071,.672,0.54,2.53,-3.14,-3.87,R
,810151,0,0,3863,0.083,.675,0.49,2.15,-0.28,-.83,R
,810211,0,0,3840,0.073,0.666,0.51,-1.2,-2.07,.66,R
,810231,0,0,385,0.068,0.678,0.58,-1.36,-0.83,0.87,R
,810271,0,0,385,0.065,0.667,0.83,-6.6,-2.56,.22,R
,810301,0,0,385,0.100,0.653,0.81,-1.49,-2.54,3.59,R
,810321,0,0,384,0.102,0.646,0.70,-0.3,-1.49,.92,R
,810331,0,0,3839,0.078,.651,0.766,-1.7,-1.75,0.30,R
,810341,0,0,383,0.068,.646,0.769,-2.6,-1.79,0.44,R
,810421,0,0,3857,0.094,.652,0.81,-5.7,1.23,1.42,R
,810431,0,0,3856,0.089,.648,0.770,-6.5,1.20,049,R
,810441,0,0,386,0.079,.643,0.785,-7.8,0.04,-.12,R
,810471,0,0,3851,0.083,0.641,0.85,-3.2,-1.26,2.34,R
,810481,0,0,386,0.098,0.645,0.79,-0.9,-0.30,2.54,R
,810491,0,0,3857,0.097,.651,0.783,-0.1,0.59,2.63,R
,810501,0,0,3856,0.090,0.647,0.77,-0.5,1.95,176,R
,810511,0,0,3840,0.083,0.646,0.79,-1.0,2.50,1.24,R
,810521,0,0,384,0.074,.649,0.773,-1.6,2.66,130,R
,810551,0,0,3839,0.084,.637,0.82,-2.54,0.89,3.62,R
,810571,0,0,3837,0.090,.641,0.94,-4.65,-1.64,1.91,R
,810611,0,0,3851,0.083,.629,0.06,-6.6,-5.26,0.42,R
,810631,0,0,3838,0.086,.624,0.807,-3.5,-5.09,1.39,R
,810641,0,0,383,0.088,.617,0.815,-3.1,-5.35,1.30,R
,810651,0,0,3839,0.093,.624,0.12,-1.00,-4.65,1.91,R
,810661,0,0,3849,0.100,.624,0.10,0.27,-3.40,1.70,R
,810711,0,0,3839,0.104,0.628,0.69,4.50,-3.72,-1.06,R
,810721,0,0,3839,0.097,0.635,0.64,4.80,-3.03,-0.80,R
,810741,0,0,384,0.089,0.644,0.59,2.36,-2.98,-0.82,R
,810771,0,0,3831,0.096,0.651,0.52,-0.8,-1.76,0.22,R
,810861,0,0,3942,0.101,.635,0.80,-7.14,0.01,1.88,R
,810881,0,0,3913,0.103,.630,0.790,-8.1,0.24,1.50,R
,810941,0,0,3914,0.091,.615,0.807,-5.2,-0.51,.55,R
,810951,0,0,387,0.087,.614,0.813,-3.0,-0.72,0.84,R
,810961,0,0,389,0.092,.614,0.809,-1.9,-1.18,.56,R
,810971,0,0,386,0.091,0.623,0.23,-0.8,-1.40,1.50,R
,811051,0,0,385,0.104,.618,0.66,1.93,-1.98,-0.07,R
,811061,0,0,3871,0.112,.617,0.71,2.09,-0.71,0.66,R
,811071,0,0,3865,0.117,0.625,0.63,1.19,1.05,0.58,R
,811111,0,0,3868,0.105,.625,0.782,-6.5,0.63,-.55,R
,811131,0,0,3859,0.109,.622,0.85,-4.3,0.10,-0.74,R
,811151,0,0,3856,0.101,0.639,0.91,-3.8,1.93,-1.74,R
,811171,0,0,386,0.089,.635,0.794,-5.94,2.34,-1.11,R
,811201,0,0,3901,0.075,.623,0.793,-7.0,0.76,141,R
,811211,0,0,3870,0.085,.624,0.807,-5.8,-0.02,.52,R
,811241,0,0,3861,0.112,.622,0.95,-4.23,-0.10,1.61,R
,811271,0,0,384,0.101,.614,0.10,-7.75,1.34,-0.65,R
,811281,0,0,3857,0.093,0.610,0.02,-8.14,1.18,-0.71,R
,811301,0,0,385,0.095,.593,0.05,-5.73,0.86,1.00,R
,811321,0,0,3838,0.111,0.593,0.10,-2.1,0.99,1.91,R
,811341,0,0,3840,0.116,0.597,0.03,-2.2,2.05,0.55,R
,811371,0,0,3830,0.101,0.601,0.04,-4.3,3.26,-1.29,R
,811381,0,0,3834,0.092,0.598,0.19,-5.35,3.53,-1.42,R
,811391,0,0,3825,0.091,0.595,0.17,-4.8,2.95,-1.03,R
,811441,0,0,3818,0.107,0.607,0.09,-1.27,1.81,-1.23,R
,811471,0,0,381,0.083,.599,0.94,-1.58,3.34,-1.98,R
,811481,0,0,381,0.078,.600,0.796,-2.2,3.92,-1.08,R
,811491,0,0,3813,0.077,0.596,0.99,-2.22,4.07,0.31,R
,811501,0,0,3809,0.082,0.598,0.97,-1.0,3.98,1.45,R
,811511,0,0,3814,0.096,.596,0.799,-0.8,3.76,1.61,R
,811531,0,0,3807,0.108,.599,0.806,-3.2,3.21,-.39,R
,811541,0,0,3814,0.107,.604,0.05,-4.66,3.29,-1.60,R
,811551,0,0,3818,0.103,0.604,0.10,-6.36,3.60,-1.67,R
,811571,0,0,3814,0.086,.603,0.21,-7.53,4.37,-1.55,R
,811611,0,0,382,0.067,.598,0.842,-7.0,2.65,-0.10,R
,811641,0,0,3854,0.074,.588,0.41,-3.09,0.70,0.05,R
,811661,0,0,3863,0.081,0.596,0.26,-1.2,1.64,0.58,R
,811681,0,0,3913,0.094,.594,0.813,-0.4,1.95,1.10,R
,811701,0,0,395,0.097,.594,0.804,-0.6,3.55,080,R
,811721,0,0,3961,0.078,0.595,0.94,-3.7,4.15,0.26,R
,811731,0,0,3870,0.075,0.593,0.96,-4.8,3.58,0.13,R
,811781,0,0,3924,0.092,0.595,0.17,-6.8,5.20,1.10,R
,811791,0,0,3881,0.090,0.594,0.29,-7.9,5.57,0.29,R
,811851,0,0,3883,0.054,.584,0.846,-4.3,5.44,3.41,R
,811861,0,0,3951,0.062,0.579,0.842,-4.2,4.99,4.46,R
,811871,0,0,3878,0.071,0.587,0.49,-4.91,4.65,4.45,R
,811891,0,0,3869,0.079,0.579,0.57,-6.7,4.41,2.63,R
,811901,0,0,3950,0.077,.574,0.859,-7.8,4.19,1.93,R
,811931,0,0,3888,0.054,.563,0.866,-5.5,2.95,223,R
,811941,0,0,3932,0.058,.559,0.52,-4.48,2.28,260,R
,811951,0,0,3885,0.066,.562,0.858,-3.0,1.76,3.47,R
,811961,0,0,3929,0.067,.561,0.870,-2.6,1.82,344,R
,811981,0,0,3949,0.079,0.560,0.51,-2.10,1.26,3.15,R
,811991,0,0,3886,0.081,.554,0.852,-2.3,1.31,2.94,R
,812011,0,0,389,0.075,.550,0.46,-3.09,2.51,1.49,R
,812021,0,0,3943,0.072,0.544,0.53,-4.07,2.30,162,R
,812041,0,0,3962,0.065,.542,0.853,-4.3,1.82,222,R
,812051,0,0,3888,0.077,0.542,0.58,-2.4,1.11,2.26,R
,812061,0,0,3925,0.085,0.545,0.65,-1.0,0.92,1.78,R
,812071,0,0,392,0.085,0.549,0.59,-1.4,0.63,0.74,R
,812081,0,0,397,0.076,.552,0.60,-2.40,-0.30,0.90,R
,812091,0,0,3893,0.076,.550,0.851,-2.2,-0.30,-1.63,R
,812101,0,0,3974,0.069,.550,0.853,-1.4,-0.14,-1.29,R
,812111,0,0,389,0.062,.546,0.56,-0.3,0.31,-0.76,R
,812151,0,0,3882,0.071,0.567,0.49,0.80,-0.85,0.33,R
,812161,0,0,396,0.077,.570,0.46,0.57,-1.35,-0.09,R
,812181,0,0,3958,0.066,.569,0.841,-0.7,-0.88,-0.56,R
,812191,0,0,3879,0.065,0.564,0.36,-0.71,-0.45,0.74,R
,812251,0,0,390,0.068,.568,0.838,-0.2,0.39,-0.22,R
,812261,0,0,3970,0.070,.569,0.847,-1.9,-0.47,-0.01,R
,812271,0,0,3878,0.066,.562,0.845,-1.9,-0.69,0.29,R
,812281,0,0,4003,0.070,.559,0.849,-1.0,-0.34,0.78,R
,812311,0,0,3888,0.075,0.557,0.33,0.45,-0.50,0.04,R
,812331,0,0,3913,0.075,.553,0.35,-0.8,-0.18,-0.56,R
,812341,0,0,3967,0.077,.554,0.834,-0.9,-0.19,-0.33,R
,812351,0,0,3883,0.073,0.549,0.35,-0.7,1.08,-0.24,R
,812371,0,0,3860,0.077,.555,0.840,-0.2,1.81,0.23,R
,812411,0,0,3889,0.074,0.557,0.65,-3.78,-0.79,-1.25,R
,812431,0,0,3888,0.065,.553,0.855,-1.8,-1.09,-1.32,R
,812441,0,0,3994,0.064,.552,0.854,-0.3,-0.71,-1.26,R
,812451,0,0,388,0.063,0.558,0.52,0.47,-1.01,-.87,R
,812461,0,0,3985,0.067,.560,0.46,1.41,-0.56,-.01,R
,812471,0,0,3882,0.071,.565,0.45,2.15,-0.13,0.49,R
,812481,0,0,3999,0.078,.562,0.41,2.07,0.36,0.62,R
,812491,0,0,388,0.078,0.563,0.33,1.09,0.28,0.17,R
,812511,0,0,3885,0.071,.556,0.28,-1.50,0.70,-.79,R
,812521,0,0,4015,0.064,.554,0.832,-1.1,0.91,-0.82,R
,812531,0,0,3892,0.068,.553,0.31,-1.0,0.92,-0.36,R
,812541,0,0,3986,0.070,0.555,0.47,-2.05,0.70,005,R
,812561,0,0,402,0.082,.553,0.49,-0.52,0.39,-0.13,R
,812571,0,0,3893,0.082,.560,0.39,-0.77,0.97,-0.79,R
,812581,0,0,400,0.079,.559,0.34,-0.8,1.55,-1.13,R
,812601,0,0,4007,0.063,0.562,0.38,-0.95,1.89,-1.32,R
,812611,0,0,387,0.063,0.567,0.34,-1.32,2.28,-.35,R
,812621,0,0,4007,0.064,.561,0.42,-1.6,2.59,0.22,R
,812631,0,0,3885,0.068,0.564,0.40,-2.1,2.85,0.42,R
,812641,0,0,3984,0.061,.560,0.841,-3.5,2.86,0.10,R
,812671,0,0,3893,0.065,.547,0.856,-3.2,0.89,0.54,R
,812691,0,0,3903,0.079,.544,0.60,-0.89,1.06,-.21,R
,812711,0,0,3885,0.060,0.552,0.65,-0.39,1.98,-.16,R
,812721,0,0,3971,0.057,.561,0.864,-1.1,2.10,-0.25,R
,812741,0,0,4005,0.057,.557,0.860,-1.8,0.79,0.23,R
,812751,0,0,388,0.052,0.554,0.60,-1.82,0.10,060,R
,812781,0,0,401,0.069,0.550,0.54,-0.49,-0.92,.75,R
,812791,0,0,388,0.069,0.547,0.852,-0.65,-1.63,-0.01,R
,812811,0,0,3901,0.073,.544,0.51,-0.19,-1.06,0.27,R
,812911,0,0,3888,0.067,.552,0.857,-1.4,0.56,0.37,R
,812921,0,0,4025,0.065,0.548,0.69,-1.09,0.41,0.37,R
,812931,0,0,388,0.067,0.553,0.71,-0.80,0.50,-0.16,R
,812941,0,0,401,0.059,0.551,0.69,-1.15,0.41,-.39,R
,812981,0,0,401,0.063,0.540,0.45,3.75,-1.21,068,R
,813001,0,0,400,0.073,0.551,0.51,1.06,-0.60,008,R
,813011,0,0,389,0.067,0.553,0.52,-0.23,-0.18,-0.30,R
,813031,0,0,3891,0.061,.541,0.848,-2.14,-0.62,-0.79,R
,813091,0,0,3969,0.076,0.556,0.41,0.74,1.75,-184,R
,813121,0,0,4031,0.058,.544,0.847,-1.7,2.57,-0.84,R
,813131,0,0,388,0.053,0.543,0.58,-2.28,1.02,-.17,R
,813141,0,0,404,0.061,0.549,0.54,-1.38,0.15,-1.13,R
,813171,0,0,388,0.064,0.553,0.72,-1.53,-1.55,-1.22,R
,813181,0,0,4025,0.065,.551,0.862,0.51,-1.37,-0.73,R
,813191,0,0,388,0.066,0.555,0.64,2.04,-0.43,-0.39,R
,813211,0,0,388,0.061,0.563,0.46,3.06,0.01,-036,R
,813261,0,0,404,0.064,0.552,0.44,-0.80,-1.35,0.26,R
,813281,0,0,403,0.076,0.547,0.53,0.48,-2.31,-0.48,R
,813301,0,0,4037,0.073,.549,0.40,1.99,-0.71,-0.50,R
,813341,0,0,404,0.054,0.557,0.38,-1.00,2.16,023,R
,813371,0,0,388,0.062,0.548,0.55,-2.51,0.19,-0.27,R
,813381,0,0,404,0.065,.550,0.866,-2.95,-0.43,-1.13,R
,813391,0,0,388,0.067,0.546,0.63,-2.08,-0.74,-1.23,R
,813401,0,0,4028,0.066,0.542,0.60,-0.69,-0.11,0.76,R
,813431,0,0,388,0.062,.554,0.851,1.70,0.91,0.05,R
,813471,0,0,388,0.064,.552,0.852,-0.22,0.48,0.20,R
,813481,0,0,392,0.064,0.550,0.50,-1.38,0.13,-0.33,R
,813491,0,0,3875,0.064,.545,0.861,-1.5,-0.36,-0.76,R
,813501,0,0,3911,0.058,.539,0.52,-1.03,-0.22,0.70,R
,813541,0,0,390,0.066,0.553,0.58,0.94,0.36,0.4,R
,813571,0,0,386,0.063,.550,0.51,-1.14,0.07,-0.84,R
,813591,0,0,3871,0.065,0.549,0.50,1.58,-0.85,0.05,R
,813621,0,0,388,0.066,0.563,0.46,0.15,1.24,-0.84,R
,813631,0,0,386,0.054,.559,0.846,-1.52,1.64,-.19,R
,813641,0,0,3873,0.048,.550,0.54,-2.1,1.21,-0.76,R
,813671,0,0,386,0.058,0.547,0.62,0.42,-0.51,0.91,R
,813721,0,0,388,0.067,0.558,0.42,0.25,2.27,-074,R
,813731,0,0,3879,0.054,.551,0.40,-2.0,3.03,-0.71,R
,813741,0,0,3889,0.049,.547,0.854,-3.12,2.91,-0.32,R
,813751,0,0,386,0.050,0.553,0.55,-3.36,2.19,020,R
,813811,0,0,385,0.062,0.549,0.59,0.27,0.51,-059,R
,813841,0,0,388,0.052,0.540,0.52,-1.3,1.38,0.23,R
,813851,0,0,385,0.048,0.542,0.51,-0.71,1.12,0.65,R
,813871,0,0,385,0.065,0.543,0.56,-0.5,0.24,0.57,R
,813881,0,0,384,0.068,.551,0.856,-0.37,0.28,016,R
,813951,0,0,385,0.051,.540,0.863,-0.48,0.56,0.04,R
,813961,0,0,385,0.049,0.541,0.65,-0.8,0.27,-0.25,R
,813971,0,0,3839,0.057,.545,0.867,-0.59,-0.31,-0.07,R
,813981,0,0,384,0.062,.549,0.61,0.22,-0.72,0.33,R
,814001,0,0,384,0.067,0.554,0.59,0.80,0.01,-0.45,R
,814011,0,0,384,0.057,0.549,0.57,-0.2,0.21,-1.35,R
,814031,0,0,385,0.040,0.550,0.52,0.25,0.54,-033,R
,814081,0,0,385,0.075,0.557,0.44,0.16,0.34,1.26,R
,814091,0,0,383,0.070,.556,0.847,-0.94,0.42,0.48,R
,814111,0,0,383,0.063,0.548,0.57,-3.78,0.56,-1.09,R
,814121,0,0,384,0.051,.541,0.60,-3.49,1.37,-0.76,R
,814131,0,0,383,0.048,.532,0.863,-2.45,1.29,-.30,R
,814151,0,0,383,0.061,0.535,0.56,1.22,0.44,1.04,R
,814161,0,0,383,0.069,0.531,0.68,2.80,0.13,1.10,R
,814181,0,0,383,0.069,.548,0.849,1.95,0.47,-062,R
,814231,0,0,3827,0.055,.540,0.859,-0.75,0.88,0.08,R
,814281,0,0,3845,0.058,.543,0.864,0.88,-0.50,-0.48,R
,814291,0,0,384,0.058,.542,0.57,1.49,-0.27,-.47,R
,814331,0,0,386,0.055,0.549,0.52,0.64,-1.47,-1.34,R
,814371,0,0,3846,0.061,.546,0.842,1.08,-0.37,0.42,R
,814401,0,0,386,0.059,0.559,0.41,-1.1,2.04,-0.33,R
,814421,0,0,385,0.049,0.557,0.55,-3.3,0.94,-0.47,R
,814451,0,0,384,0.049,0.543,0.60,-1.20,0.07,0.65,R
,814511,0,0,3844,0.063,.545,0.856,-0.83,1.78,0.34,R
,814541,0,0,385,0.046,.532,0.867,-4.02,0.66,-0.03,R
,814551,0,0,383,0.052,0.530,0.69,-2.6,0.42,0.49,R
,814561,0,0,385,0.056,.526,0.69,-1.39,-0.22,0.37,R
,814591,0,0,3837,0.067,.542,0.854,2.93,0.82,-0.13,R
,814601,0,0,3848,0.062,.549,0.852,1.14,1.35,-0.42,R
,814611,0,0,383,0.051,.552,0.863,-1.07,1.55,-1.35,R
,814621,0,0,384,0.043,0.550,0.69,-2.78,1.20,-1.60,R
,814641,0,0,383,0.038,0.543,0.69,-2.33,-0.33,0.19,R
,814651,0,0,3833,0.037,.538,0.870,-0.55,-1.03,0.89,R
,814671,0,0,382,0.062,.540,0.869,1.69,-2.21,0.66,R
,814681,0,0,3834,0.067,.541,0.858,2.47,-2.36,0.05,R
,814751,0,0,3835,0.058,.548,0.53,0.80,0.59,1.8,R
,814761,0,0,3838,0.062,.551,0.844,-0.37,0.30,1.01,R
,814771,0,0,3838,0.066,.550,0.861,-1.17,0.31,0.28,R
,814781,0,0,384,0.061,0.548,0.52,-3.00,0.25,-.55,R
,814831,0,0,384,0.050,0.536,0.69,0.79,1.76,0.84,R
,814851,0,0,382,0.048,.540,0.871,0.90,-0.72,042,R
,814891,0,0,3834,0.057,.536,0.854,1.38,-0.72,-0.38,R
,814951,0,0,382,0.056,0.545,0.52,0.04,0.21,-0.32,R
,814961,0,0,3836,0.057,.549,0.859,0.39,0.79,-0.41,R
,814971,0,0,3826,0.058,.557,0.854,-0.48,1.34,-0.48,R
,814981,0,0,3847,0.049,.553,0.861,-2.1,1.08,-0.88,R
,814991,0,0,3834,0.045,.548,0.868,-2.7,0.50,-1.28,R
,815001,0,0,3839,0.040,0.549,0.62,-2.11,-0.24,-1.09,R
,815041,0,0,384,0.054,0.547,0.63,1.67,-0.69,039,R
,815071,0,0,382,0.059,0.541,0.53,1.58,-0.76,0.54,R
,815081,0,0,383,0.062,0.536,0.49,0.73,-0.68,052,R
,815101,0,0,384,0.058,0.537,0.48,-1.03,0.05,0.02,R
,815131,0,0,3835,0.060,.533,0.64,-0.33,0.27,0.58,R
,815151,0,0,3828,0.068,.539,0.856,1.28,-0.57,-0.85,R
,815161,0,0,3836,0.063,0.548,0.59,1.45,0.04,-100,R
,815191,0,0,382,0.043,.540,0.856,-1.15,0.91,-0.91,R
,815201,0,0,3839,0.038,.541,0.860,-0.6,0.47,0.36,R
,815211,0,0,382,0.047,0.540,0.61,0.59,-0.18,081,R
,815221,0,0,3839,0.058,.545,0.58,1.61,-0.30,1.01,R
,815231,0,0,383,0.066,0.548,0.61,1.81,-0.11,045,R
,815271,0,0,3826,0.051,.539,0.65,-1.53,0.99,-0.61,R
,815291,0,0,3824,0.047,0.531,0.68,-0.5,-0.31,-0.42,R
,815301,0,0,3843,0.049,.535,0.856,0.24,-0.98,0.20,R
,815321,0,0,383,0.051,0.537,0.55,1.14,-0.80,034,R
,815331,0,0,383,0.051,0.541,0.69,0.99,-0.86,026,R
,815341,0,0,383,0.053,0.540,0.66,1.29,-0.37,022,R
,815351,0,0,3846,0.062,.549,0.54,0.96,0.22,0.0,R
,815381,0,0,3841,0.048,.543,0.865,-0.8,0.19,-0.73,R
,815391,0,0,3824,0.042,.538,0.73,-1.43,-0.27,1.26,R
,815421,0,0,3830,0.056,.535,0.61,4.30,-1.32,0.92,R
,815431,0,0,383,0.065,.545,0.853,3.81,-0.97,1.01,R
,815531,0,0,3815,0.052,.544,0.854,-0.88,0.11,-0.18,R
,815541,0,0,3819,0.055,.539,0.858,-0.16,0.18,0.00,R
,815571,0,0,3808,0.054,.542,0.858,0.86,0.79,-0.44,R
,815581,0,0,380,0.051,.542,0.860,-0.0,-0.19,-0.09,R
,815591,0,0,380,0.047,0.543,0.57,-0.02,-0.80,0.13,R
,815611,0,0,380,0.062,0.534,0.56,1.05,-1.03,010,R
,815621,0,0,3810,0.061,.544,0.61,1.57,0.47,0.07,R
,815641,0,0,380,0.050,0.551,0.55,-1.52,0.51,-.96,R
,815661,0,0,380,0.055,.550,0.67,-0.91,-0.18,0.33,R
,815691,0,0,3796,0.051,.538,0.857,0.65,-0.53,-0.29,R
,815751,0,0,378,0.066,0.547,0.50,-0.08,3.05,-.30,R
,815781,0,0,378,0.044,0.527,0.866,-4.5,0.82,-2.16,R
,815811,0,0,379,0.058,0.535,0.67,1.66,-0.31,-0.21,R
,815841,0,0,3784,0.067,.553,0.845,-0.80,0.28,-1.87,R
,815851,0,0,377,0.063,.553,0.838,-1.7,0.24,-2.25,R
,815861,0,0,3776,0.070,.561,0.36,-2.9,0.16,-2.59,R
,815871,0,0,3777,0.066,.574,0.832,-4.14,0.28,-.90,R
,815911,0,0,3780,0.041,.594,0.62,-13.56,1.64,-3.37,R
,815921,0,0,377,0.033,0.593,0.75,-14.95,0.92,-2.42,R
,815931,0,0,377,0.020,0.590,0.84,-14.22,-0.25,-1.11,R
,815941,0,0,377,0.021,0.578,0.83,-11.75,-1.67,1.15,R
,815951,0,0,3775,0.036,.573,0.82,-8.04,-1.99,3.29,R
,815971,0,0,379,0.042,0.571,0.76,-4.52,-0.10,5.23,R
,815981,0,0,380,0.044,0.565,0.87,-4.94,1.57,5.71,R
,815991,0,0,3797,0.037,.564,0.892,-7.58,3.18,5.99,R
,816011,0,0,379,0.041,0.565,0.09,-11.01,2.05,8.75,R
,816021,0,0,380,0.083,.531,0.914,-9.6,1.31,8.89,R
,816061,0,0,3816,0.156,.522,0.934,2.27,-2.82,7.27,R
,816081,0,0,382,0.236,0.535,0.45,23.51,7.87,10.16,R
,816111,0,0,3813,0.260,.587,0.942,53.0,30.63,17.06,R
,816121,0,0,382,0.240,0.604,0.58,56.47,34.31,17.88,R
,816131,0,0,3814,0.212,.604,0.931,55.96,33.84,5.82,R
,816141,0,0,3826,0.196,.589,0.929,51.6,27.95,12.13,R
,816181,0,0,381,0.251,0.471,0.24,65.92,10.15,.95,R
,816191,0,0,3818,0.320,.535,0.810,76.53,12.27,.91,R
,816211,0,0,3825,0.360,.650,0.725,67.16,17.86,10.29,R
,816231,0,0,379,0.250,0.747,0.23,8.90,10.36,094,R
,816251,0,0,3819,0.106,.642,0.849,-47.4,-16.69,-13.34,R
,816271,0,0,3815,0.053,.462,0.839,-61.30,-40.19,-23.83,R
,816281,0,0,3820,0.014,.404,0.815,-66.30,-55.53,-25.49,R
,816291,0,0,379,0.023,0.341,0.19,-61.93,-66.2,-26.18,R
,816351,0,0,387,-0.080,0.392,0766,42.42,-35.01,-31.87,R
,816401,0,0,391,-0.498,0.501,0584,60.54,-23.7,-25.71,R
,816451,0,0,388,-0.187,0.507,0467,86.99,12.70,11.58,R
,816481,0,0,392,0.176,1.232,0.57,21.29,104.99,51.67,R
,816521,0,0,3907,0.095,.969,1.096,-185.26,43.44,-9.63,R
,816531,0,0,3889,0.028,.841,1.079,-186.04,22.3,-27.29,R
,816581,0,0,379,0.001,0.526,1.52,50.41,-18.14,1.90,R
,816591,0,0,379,0.012,0.585,0.67,62.73,-13.72,8.37,R
,816601,0,0,378,0.016,0.601,0.91,58.35,-4.66,11.04,R
,816621,0,0,3771,0.022,.596,0.44,41.75,17.12,17.23,R
,816651,0,0,3760,0.043,.592,0.797,29.92,21.15,17.81,R
,816691,0,0,374,0.044,0.623,0.84,-11.06,-23.29,-3.17,
,816711,0,0,3731,0.067,.588,0.790,-11.55,-25.44,-4.18,R
,816721,0,0,3728,0.071,.578,0.797,-6.16,-22.33,-3.05,R
,816771,0,0,370,0.073,0.617,0.71,7.17,1.89,4.97,R
,816781,0,0,371,0.074,.622,0.760,5.69,2.83,4.1,R
,816801,0,0,369,0.070,0.645,0.66,-1.9,-0.01,2.17,R
,816821,0,0,369,0.062,0.647,0.79,-9.03,-4.57,0.80,R
,816841,0,0,367,0.045,0.644,0.83,-15.50,-6.14,-0.48,R
,816871,0,0,366,0.036,0.626,0.18,-19.4,-2.95,3.30,R
,816911,0,0,365,0.067,0.579,0.59,-15.06,-3.32,5.41,R
,816951,0,0,363,0.079,0.537,0.65,-6.98,-7.41,3.45,R
,816961,0,0,364,0.081,0.535,0.64,-3.78,-6.68,3.97,R
,817011,0,0,3634,0.105,.536,0.832,6.91,-3.82,178,R
,817081,0,0,363,0.092,0.543,0.61,-0.4,-5.32,-3.43,R
,817101,0,0,364,0.088,0.548,0.77,3.52,-5.26,-4.87,R
,817121,0,0,365,0.071,0.567,0.61,7.95,-6.72,-5.80,R
,817151,0,0,374,0.072,0.583,0.28,13.17,-9.29,4.97,R
,817181,0,0,377,0.090,.619,0.802,11.67,-9.09,-5.05,R
,817211,0,0,374,0.093,0.621,0.769,4.53,-8.24,-5.87,R
,817271,0,0,375,0.079,0.620,0.62,-0.8,-2.28,-2.82,R
,817331,0,0,377,0.064,0.615,0.97,-9.7,3.05,-2.90,R
,817341,0,0,379,0.067,0.605,0.12,-9.6,3.17,-2.45,R
,817351,0,0,378,0.070,0.604,0.26,-9.0,2.39,-1.63,R
,817441,0,0,3797,0.076,.580,0.41,-1.9,-1.52,1.36,R
,817461,0,0,380,0.094,0.573,0.29,1.43,0.18,2.5,R
,817481,0,0,374,0.098,.570,0.825,0.74,-1.17,-.29,R
,817491,0,0,3746,0.102,.568,0.825,-0.26,-1.64,-1.06,R
,817511,0,0,376,0.091,.567,0.22,0.96,-1.05,-1.51,R
,817541,0,0,3830,0.100,.589,0.826,2.59,0.50,-181,R
,817571,0,0,382,0.061,0.597,0.22,-0.0,-0.51,-2.73,R
,817611,0,0,3826,0.099,.627,0.819,4.91,-0.76,-0.03,R
,817641,0,0,3843,0.057,.600,0.817,-1.46,-0.37,-1.81,R
,817651,0,0,383,0.056,0.587,0.11,-0.9,-0.88,-0.21,R
,817671,0,0,3821,0.088,.580,0.815,4.21,-0.69,3.16,R
,817721,0,0,384,0.070,0.610,0.10,-2.8,0.10,-1.51,R
,817751,0,0,384,0.074,0.607,0.26,-2.6,-2.94,0.83,R
,817761,0,0,3854,0.079,.616,0.809,-1.23,-2.28,1.16,R
,817771,0,0,384,0.087,0.613,0.03,-1.72,-1.69,0.89,R
,817791,0,0,3841,0.083,0.613,0.07,-2.62,-0.10,.32,R
,817811,0,0,3829,0.084,0.603,0.09,-2.26,0.63,200,R
,817821,0,0,381,0.081,0.595,0.18,-4.1,0.25,2.45,R
,817831,0,0,381,0.082,0.588,0.16,-3.8,0.54,2.33,R
,817841,0,0,381,0.094,0.580,0.16,-5.14,0.86,274,R
,817871,0,0,382,0.101,0.560,0.19,-4.26,-0.56,1.32,R
,817911,0,0,3885,0.092,.573,0.821,-1.39,0.19,-0.41,R
,817941,0,0,3870,0.088,.580,0.818,-2.68,1.46,-0.04,R
,817961,0,0,3861,0.089,.583,0.823,-3.0,0.45,-0.27,R
,817971,0,0,388,0.093,0.583,0.28,-3.1,0.08,-0.32,R
,817981,0,0,385,0.089,0.582,0.30,-2.49,0.56,-.93,R
,817991,0,0,3886,0.084,.578,0.838,-2.8,0.70,-1.19,R
,818001,0,0,386,0.085,0.581,0.22,-2.1,1.09,-1.00,R
,818011,0,0,388,0.085,0.584,0.29,-1.33,1.92,011,R
,818051,0,0,389,0.089,0.588,0.29,-2.65,2.19,-.21,R
,818061,0,0,385,0.082,0.586,0.36,-3.72,2.01,-.68,R
,818071,0,0,3888,0.070,.581,0.39,-4.11,1.43,-.50,R
,818091,0,0,3888,0.081,.564,0.844,-3.87,0.19,0.52,R
,818111,0,0,388,0.097,0.552,0.55,-1.3,0.51,0.48,R
,818121,0,0,3835,0.101,.555,0.860,0.16,0.95,-0.21,R
,818181,0,0,386,0.061,0.578,0.45,2.48,-0.83,-0.88,R
,818191,0,0,390,0.071,0.588,0.54,3.17,-2.71,-.58,R
,818201,0,0,385,0.075,.586,0.43,3.69,-3.61,-.56,R
,818211,0,0,392,0.081,.597,0.30,5.41,-3.27,-.21,R
,818241,0,0,3881,0.091,.606,0.813,5.70,-0.83,0.31,R
,818251,0,0,3904,0.083,.603,0.813,3.48,-0.53,-0.21,R
,818261,0,0,387,0.079,0.601,0.11,1.14,-0.83,-0.48,R
,818291,0,0,3905,0.082,.571,0.800,-0.81,-1.01,1.01,R
,818301,0,0,387,0.093,0.571,0.04,-0.34,-0.45,.68,R
,818311,0,0,390,0.098,0.569,0.12,0.32,0.89,1.6,R
,818331,0,0,3916,0.113,.586,0.817,-1.18,2.71,-0.65,R
,818341,0,0,3877,0.101,.591,0.27,-2.80,2.77,-1.60,R
,818361,0,0,3879,0.065,.591,0.838,-4.83,2.42,-1.96,R
,818371,0,0,387,0.054,0.587,0.45,-6.22,0.48,-1.49,R
,818381,0,0,384,0.060,0.581,0.50,-3.87,-0.33,0.12,R
,818391,0,0,3827,0.069,.583,0.852,-0.4,-0.94,1.45,R
,818401,0,0,3825,0.077,.593,0.49,2.27,0.04,1.3,R
,818431,0,0,3862,0.087,0.602,0.23,0.79,0.48,1.56,R
,818441,0,0,3885,0.080,.592,0.20,-0.66,1.02,1.91,R
,818451,0,0,3934,0.084,.585,0.832,-0.63,1.12,1.96,R
,818461,0,0,3862,0.090,.578,0.824,-1.4,0.41,1.76,R
,818471,0,0,3959,0.086,.570,0.30,-2.74,-0.33,0.68,R
,818481,0,0,388,0.085,.567,0.26,-3.32,-0.56,0.84,R
,818501,0,0,3898,0.096,.560,0.823,-0.7,-0.30,0.97,R
,818511,0,0,393,0.101,0.556,0.29,0.64,0.70,0.91,R
,818571,0,0,3922,0.073,.571,0.849,-3.43,0.51,0.33,R
,818611,0,0,392,0.070,.571,0.59,0.19,-1.21,-0.12,R
,818631,0,0,3926,0.074,.563,0.850,1.41,-1.00,1.73,R
,818641,0,0,3887,0.087,.562,0.846,3.66,-1.46,2.40,R
,818681,0,0,3889,0.079,.575,0.828,1.78,-2.39,-1.89,R
,818741,0,0,3856,0.097,.588,0.10,2.44,0.91,-114,R
,818761,0,0,386,0.082,0.593,0.06,-0.94,1.14,-1.81,R
,818781,0,0,386,0.086,0.593,0.11,-0.22,0.99,-0.33,R
,818791,0,0,390,0.080,0.596,0.22,-1.43,1.09,0.08,R
,818801,0,0,3875,0.072,.600,0.22,-2.34,1.73,0.11,R
,818811,0,0,3893,0.064,.592,0.31,-3.04,1.95,008,R
,818831,0,0,393,0.064,.580,0.838,-2.4,0.02,0.91,R
,818901,0,0,389,0.079,.583,0.814,-2.51,0.27,0.84,R
,818921,0,0,388,0.087,0.578,0.17,-1.75,0.07,1.27,R
,819011,0,0,395,0.088,.568,0.852,1.80,0.91,-109,R
,819081,0,0,3918,0.100,.581,0.26,5.99,-0.89,-0.88,R
,819131,0,0,395,0.073,0.576,0.11,-0.36,0.48,-0.19,R
,819141,0,0,3889,0.075,.585,0.824,-0.8,0.70,-0.36,R
,819151,0,0,396,0.080,0.587,0.45,-1.84,0.53,-.82,R
,819171,0,0,396,0.077,0.580,0.34,-2.05,-0.80,-0.48,R
,819181,0,0,388,0.087,.581,0.44,-0.0,-0.63,-0.36,R
,819191,0,0,3972,0.097,.581,0.37,2.30,-0.16,-0.15,R
,819201,0,0,389,0.086,0.589,0.32,3.83,1.05,-0.12,R
,819221,0,0,3888,0.075,.595,0.820,1.11,1.44,-062,R
,819231,0,0,3975,0.072,.589,0.821,-0.42,1.02,-0.39,R
,819241,0,0,388,0.073,.579,0.814,-1.53,0.47,-0.01,R
,819251,0,0,405,0.077,0.574,0.18,-1.55,-0.01,0.40,R
,819281,0,0,387,0.096,.577,0.825,-0.8,1.06,0.16,R
,819291,0,0,3922,0.086,.579,0.821,-1.2,1.05,-0.90,R
,819341,0,0,3933,0.063,0.583,0.46,-1.75,0.50,097,R
,819371,0,0,3983,0.089,.572,0.30,0.45,-0.25,0.68,R
,819391,0,0,395,0.086,0.571,0.30,-0.43,1.18,-.48,R
,819401,0,0,390,0.083,.570,0.827,-1.87,0.77,-0.58,R
,819411,0,0,3978,0.082,.565,0.821,-1.8,0.33,-0.22,R
,819421,0,0,389,0.089,0.567,0.22,-1.84,0.59,0.29,R
,819431,0,0,3983,0.085,.571,0.819,-1.73,0.65,014,R
,819451,0,0,3982,0.081,.582,0.28,-3.14,1.72,-0.45,R
,819471,0,0,398,0.077,0.568,0.41,-5.41,0.83,-0.90,R
,819481,0,0,390,0.082,0.561,0.50,-3.9,0.92,-0.84,R
,819491,0,0,395,0.087,0.562,0.47,-2.37,1.95,014,R
,819521,0,0,390,0.084,.569,0.848,-1.3,1.72,-1.08,R
,819571,0,0,390,0.063,0.567,0.39,0.71,0.50,-0.51,R
,819581,0,0,392,0.069,0.566,0.41,-0.31,0.13,-0.42,R
,819621,0,0,3898,0.082,.569,0.839,1.61,0.07,-0.51,R
,819651,0,0,398,0.065,0.568,0.39,1.03,-0.22,-0.74,R
,819661,0,0,3897,0.069,.568,0.843,1.46,-0.56,-.12,R
,819701,0,0,389,0.082,0.579,0.29,2.39,-0.88,0.31,R
,819761,0,0,387,0.080,0.581,0.25,-1.2,-0.48,0.95,R
,819781,0,0,386,0.085,0.582,0.32,-0.30,1.23,1.39,R
,819821,0,0,3905,0.070,.569,0.836,-1.84,0.73,115,R
,819831,0,0,398,0.080,0.569,0.40,-2.04,-0.45,.91,R
,819841,0,0,390,0.086,0.569,0.39,-1.0,-1.11,1.12,R
,819861,0,0,388,0.084,0.567,0.42,-0.34,-0.76,0.22,R
,819881,0,0,3902,0.075,.567,0.835,-0.33,0.30,-.27,R
,819891,0,0,398,0.071,0.561,0.43,-0.52,0.59,-0.38,R
,819921,0,0,391,0.087,0.564,0.30,-0.26,0.25,0.87,R
,819931,0,0,3984,0.087,.570,0.42,-0.0,1.06,0.49,R
,819951,0,0,3981,0.074,.558,0.838,-3.03,0.76,-.80,R
,819961,0,0,389,0.071,0.556,0.48,-1.73,0.47,-.55,R
,819981,0,0,3897,0.072,.556,0.852,1.46,-0.30,019,R
,820051,0,0,3986,0.065,.575,0.858,-0.37,-0.40,-1.51,R
,820061,0,0,389,0.052,0.570,0.50,-0.62,-2.18,-1.46,R
,820081,0,0,390,0.069,0.572,0.43,3.78,-3.18,0.52,R
,820101,0,0,390,0.089,.573,0.824,4.79,-2.85,062,R
,820121,0,0,390,0.088,0.588,0.22,2.90,0.13,0.04,R
,820151,0,0,398,0.077,0.576,0.23,-2.13,-0.43,-0.59,R
,820161,0,0,3920,0.083,.568,0.828,-2.66,-0.21,-0.71,R
,820181,0,0,389,0.074,.558,0.836,-3.07,-0.33,1.03,R
,820191,0,0,3997,0.073,.557,0.848,-1.36,-0.54,-0.59,R
,820211,0,0,3986,0.075,.560,0.842,1.49,-0.31,-0.18,R
,820221,0,0,390,0.085,.576,0.839,2.93,0.37,0.84,R
,820231,0,0,399,0.086,.582,0.841,3.03,1.35,0.7,R
,820261,0,0,388,0.076,0.584,0.28,-0.80,-1.06,-1.34,R
,820291,0,0,4032,0.070,.569,0.827,1.38,-2.10,0.13,R
,820301,0,0,3892,0.079,.576,0.822,2.54,-1.18,071,R
,820311,0,0,4011,0.083,.576,0.817,1.83,1.05,0.8,R
,820321,0,0,388,0.077,0.574,0.18,1.05,2.10,1.03,R
,820341,0,0,388,0.085,0.572,0.25,-2.1,2.62,1.06,R
,820411,0,0,404,0.076,0.552,0.59,2.54,-0.86,025,R
,820491,0,0,400,0.081,0.584,0.23,-0.91,0.24,-0.82,R
,820501,0,0,390,0.075,0.582,0.21,-3.1,-0.21,-1.31,R
,820561,0,0,3902,0.070,.585,0.835,2.06,1.03,-0.35,R
,820571,0,0,4023,0.063,.582,0.839,0.39,0.51,-039,R
,820581,0,0,389,0.060,0.577,0.35,-0.1,-0.02,0.72,R
,820601,0,0,389,0.080,.572,0.45,1.52,-1.61,1.39,R
,820621,0,0,3889,0.088,.568,0.830,1.40,-2.14,0.29,R
,820651,0,0,4025,0.084,.578,0.829,2.28,0.42,-003,R
,820691,0,0,4016,0.076,.577,0.825,0.62,-0.98,0.78,R
,820721,0,0,389,0.086,.591,0.19,-0.8,0.34,-0.36,R
,820741,0,0,390,0.074,0.579,0.44,-2.36,1.75,-0.01,R
,820781,0,0,389,0.097,.576,0.835,1.51,0.53,0.60,R
,820791,0,0,403,0.093,0.580,0.29,0.67,0.44,-013,R
,820801,0,0,390,0.087,0.579,0.30,-0.14,0.28,-.05,R
,820821,0,0,3905,0.068,.578,0.827,-2.13,0.39,-0.73,R
,820851,0,0,403,0.077,.569,0.838,-2.51,1.78,0.20,R
,820871,0,0,403,0.080,0.565,0.42,-2.3,1.28,0.40,R
,820891,0,0,4048,0.081,.568,0.840,0.59,0.99,0.6,R
,820901,0,0,388,0.079,0.572,0.37,1.03,0.89,0.77,R
,820921,0,0,389,0.077,.578,0.833,-1.0,0.77,-.07,R
,820941,0,0,3890,0.064,0.572,0.44,-2.8,0.53,-0.41,R
,820991,0,0,404,0.091,0.567,0.27,3.37,-0.63,-.07,R
,821001,0,0,3894,0.087,.569,0.831,2.96,0.36,-0.19,R
,821031,0,0,3884,0.065,.573,0.830,-1.49,0.89,-0.13,R
,821041,0,0,389,0.078,0.570,0.28,-1.41,0.07,0.28,R
,821081,0,0,3895,0.085,.577,0.49,-0.0,0.54,-1.42,R
,821091,0,0,4033,0.074,.573,0.857,-0.25,0.85,-1.08,R
,821111,0,0,3994,0.063,.565,0.856,0.24,-0.05,0.19,R
,821121,0,0,3885,0.068,.564,0.863,1.14,-0.63,0.60,R
,821151,0,0,400,0.078,0.565,0.57,3.14,-3.75,0.40,R
,821271,0,0,4055,0.082,.591,0.806,5.16,-5.09,-0.51,R
,821281,0,0,3903,0.080,.584,0.801,4.90,-5.34,-.39,R
,821311,0,0,4048,0.104,.588,0.784,5.75,-2.85,1.41,R
,821351,0,0,404,0.101,0.586,0.97,-3.35,0.89,-1.28,R
,821361,0,0,3897,0.088,.583,0.98,-3.97,1.15,-0.93,R
,821381,0,0,3903,0.088,.573,0.820,-3.4,2.41,-0.13,R
,821421,0,0,389,0.084,.582,0.56,-2.20,2.95,-1.58,R
,821431,0,0,404,0.074,0.576,0.63,-1.70,1.66,-1.48,R
,821441,0,0,389,0.067,0.568,0.68,-0.2,0.27,-0.91,R
,821451,0,0,406,0.069,0.566,0.57,1.90,-0.60,-0.13,R
,821501,0,0,3889,0.115,.568,0.837,7.69,-0.69,-0.85,R
,821511,0,0,3991,0.111,.572,0.825,6.54,-0.50,-2.25,R
,821521,0,0,3872,0.100,.571,0.825,4.50,-1.43,-3.38,R
,821531,0,0,401,0.094,0.573,0.23,3.26,-1.85,-.86,R
,821571,0,0,4052,0.077,.590,0.821,5.54,-2.30,-2.50,R
,821641,0,0,3895,0.081,0.625,0.02,3.57,-2.37,-.90,R
,821661,0,0,390,0.071,0.627,0.05,-0.08,-1.18,-1.06,R
,821671,0,0,404,0.068,.623,0.815,-1.4,-0.57,-0.45,R
,821681,0,0,389,0.071,0.614,0.30,-2.13,-0.47,.80,R
,821691,0,0,404,0.081,0.610,0.19,-0.89,-0.59,1.36,R
,821701,0,0,389,0.089,.600,0.823,0.19,-0.82,1.42,R
,821721,0,0,389,0.087,0.597,0.32,0.99,-1.50,0.52,R
,821731,0,0,4049,0.086,.590,0.20,1.17,-2.01,000,R
,821771,0,0,4051,0.095,.592,0.07,4.41,-1.50,0.74,R
,821801,0,0,389,0.087,0.612,0.02,0.41,-1.11,011,R
,821811,0,0,4063,0.085,.607,0.811,-0.8,-1.38,-0.13,R
,821851,0,0,405,0.087,0.608,0.01,0.01,-1.75,1.16,R
,821871,0,0,404,0.090,0.607,0.95,-0.74,-0.91,.87,R
,821891,0,0,4048,0.103,.604,0.796,-1.21,-0.24,1.41,R
,821931,0,0,405,0.088,0.608,0.91,-6.86,0.59,-.41,R
,821941,0,0,3904,0.085,.600,0.805,-7.29,1.12,0.40,R
,821951,0,0,4044,0.081,.586,0.814,-7.1,1.79,1.10,R
,821971,0,0,3943,0.094,.577,0.827,-3.78,2.15,2.80,R
,821991,0,0,3922,0.097,.584,0.828,-2.45,2.42,2.00,R
,822001,0,0,387,0.096,0.583,0.30,-3.96,1.44,074,R
,822031,0,0,3898,0.080,.559,0.844,-4.8,-0.53,0.13,R
,822051,0,0,3963,0.098,.547,0.55,0.76,-1.50,1.03,R
,822071,0,0,4055,0.111,0.558,0.35,4.68,-0.83,008,R
,822091,0,0,4058,0.108,.579,0.818,3.98,-0.22,-1.77,R
,822121,0,0,390,0.087,0.588,0.10,-0.2,-0.13,-3.06,R
,822161,0,0,391,0.099,.606,0.804,0.04,1.08,-1.86,R
,822171,0,0,4038,0.093,.602,0.820,-1.0,1.40,-2.32,R
,822181,0,0,3908,0.087,.601,0.821,-2.1,1.34,-2.77,R
,822191,0,0,4039,0.075,.595,0.819,-2.2,1.43,-2.19,R
,822201,0,0,3904,0.073,.586,0.827,-1.4,1.57,-1.28,R
,822211,0,0,4035,0.083,.585,0.825,-0.3,1.70,-0.48,R
,822251,0,0,4041,0.089,.593,0.838,-0.7,0.05,-1.63,R
,822261,0,0,3934,0.086,.587,0.828,-1.04,-0.18,-1.90,R
,822271,0,0,4044,0.078,.579,0.831,-1.4,-0.68,-1.54,R
,822281,0,0,390,0.073,.568,0.837,-0.5,-0.97,-1.38,R
,822321,0,0,390,0.111,0.581,0.28,5.92,-0.28,039,R
,822331,0,0,4031,0.117,.591,0.826,5.72,0.08,-0.55,R
,822341,0,0,389,0.112,0.606,0.810,3.89,0.19,-2.32,R
,822351,0,0,404,0.093,0.604,0.03,1.22,0.18,-3.52,R
,822371,0,0,402,0.061,0.602,0.02,-1.33,-0.45,-3.08,R
,822381,0,0,388,0.068,.599,0.804,-0.33,0.07,-1.26,R
,822411,0,0,408,0.090,0.613,0.01,0.25,1.00,0.6,R
,822421,0,0,385,0.096,0.617,0.11,-1.00,1.28,040,R
,822451,0,0,389,0.088,0.602,0.15,-4.26,1.58,-0.55,R
,822461,0,0,388,0.075,0.589,0.28,-5.30,1.89,-.13,R
,822471,0,0,3942,0.075,.579,0.23,-4.68,1.44,-.01,R
,822481,0,0,3888,0.079,.575,0.842,-3.7,1.43,0.86,R
,822491,0,0,4016,0.087,.573,0.844,-2.8,1.79,0.86,R
,822501,0,0,3920,0.092,.573,0.850,-1.55,1.26,063,R
,822511,0,0,408,0.092,.573,0.847,-0.74,0.71,-0.10,R
,822521,0,0,391,0.089,.567,0.55,-0.05,0.25,-0.10,R
,822531,0,0,403,0.091,0.572,0.56,1.25,0.28,-0.50,R
,822581,0,0,391,0.078,0.567,0.35,5.96,-2.39,-.01,R
,822591,0,0,402,0.086,0.579,0.33,7.87,-2.37,0.13,R
,822601,0,0,392,0.095,0.591,0.11,8.12,-1.98,-0.03,R
,822621,0,0,391,0.094,0.609,0.792,6.51,-0.82,-0.44,R
,822631,0,0,402,0.090,0.619,0.789,4.48,-0.25,-1.08,R
,822641,0,0,3911,0.089,.623,0.784,2.25,-0.22,-1.37,R
,822671,0,0,4021,0.056,.629,0.785,-3.55,-1.66,-0.16,R
,822681,0,0,391,0.069,0.625,0.88,-4.14,-1.61,1.20,R
,822701,0,0,391,0.083,0.622,0.08,-3.76,1.43,3.85,R
,822711,0,0,409,0.080,0.617,0.825,-4.89,2.82,3.85,R
,822721,0,0,3907,0.085,.615,0.28,-6.55,2.42,345,R
,822731,0,0,401,0.082,0.603,0.30,-7.09,1.95,2.94,R
,822751,0,0,4016,0.080,.579,0.42,-5.26,-0.22,3.16,R
,822761,0,0,390,0.087,.572,0.45,-3.27,-1.05,3.56,R
,822771,0,0,403,0.091,0.573,0.41,-1.82,-0.63,.56,R
,822791,0,0,402,0.099,0.567,0.23,-0.86,0.30,248,R
,822801,0,0,3909,0.105,.561,0.827,-0.2,0.85,2.33,R
,822811,0,0,402,0.108,0.559,0.824,-0.3,0.59,2.13,R
,822821,0,0,389,0.104,0.552,0.12,-0.07,0.97,2.10,R
,822841,0,0,390,0.110,0.554,0.821,-1.50,0.95,0.11,R
,822871,0,0,403,0.092,0.559,0.31,-5.23,1.47,-2.27,R
,822901,0,0,390,0.090,0.559,0.852,-1.49,1.17,-.87,R
,822941,0,0,390,0.083,0.585,0.833,3.99,0.95,-2.07,R
,822961,0,0,389,0.076,0.602,0.27,2.45,1.92,-1.40,R
,822971,0,0,400,0.076,0.593,0.25,0.50,1.99,-1.58,R
,823011,0,0,400,0.071,.575,0.46,0.39,-0.69,-0.70,R
,823101,0,0,3887,0.081,.595,0.811,3.74,-2.50,054,R
,823121,0,0,391,0.090,.602,0.804,4.01,-2.02,0.46,R
,823131,0,0,4020,0.086,.603,0.797,4.01,-0.86,0.58,R
,823141,0,0,3915,0.092,.605,0.91,2.73,-0.48,0.54,R
,823251,0,0,404,0.083,0.574,0.845,-0.0,0.39,0.66,R
,823261,0,0,391,0.088,0.574,0.39,1.17,-0.24,0.95,R
,823281,0,0,391,0.096,.579,0.838,1.87,-1.20,-.47,R
,823311,0,0,402,0.086,0.572,0.822,1.74,-0.65,-1.43,R
,823331,0,0,401,0.085,0.573,0.22,1.12,-0.56,-1.16,R
,823351,0,0,401,0.089,.573,0.19,0.32,-0.14,-1.22,R
,823361,0,0,390,0.091,0.576,0.26,0.99,-0.30,-.73,R
,823411,0,0,4042,0.087,.568,0.847,1.11,-1.56,-.16,R
,823451,0,0,401,0.083,0.548,0.858,1.26,-13.21,-13.17,R
,823491,0,0,4031,0.090,.595,0.848,7.00,-5.30,-.05,R
,823511,0,0,401,0.083,0.602,0.33,12.65,-5.09,-9.93,R
,823561,0,0,390,0.077,0.640,0.794,11.5,-19.11,-10.80,R
,823571,0,0,401,0.088,0.640,0.762,12.35,-16.14,-9.02,R
,823621,0,0,390,0.079,.654,0.40,-0.04,1.21,-0.10,R
,823631,0,0,401,0.076,0.644,0.43,-2.36,1.82,074,R
,823641,0,0,392,0.083,0.635,0.759,-3.7,1.52,1.16,R
,823681,0,0,391,0.098,.609,0.97,-8.23,1.11,089,R
,823731,0,0,400,0.084,.579,0.40,-5.55,3.72,1.26,R
,823751,0,0,400,0.077,0.569,0.849,-3.1,3.58,1.93,R
,823781,0,0,384,0.089,.553,0.47,1.75,0.37,1.8,R
,823851,0,0,402,0.080,0.595,0.833,3.22,3.29,-2.79,R
,823861,0,0,391,0.064,0.588,0.835,4.06,1.37,-293,R
,823881,0,0,391,0.067,.589,0.11,11.54,-2.07,-0.93,R
,823961,0,0,391,0.062,0.645,0.809,-1.3,5.73,3.09,R
,824001,0,0,391,0.072,.646,0.830,-0.22,0.27,5.15,R
,824051,0,0,398,0.065,.626,0.89,0.10,-2.92,454,R
,824081,0,0,391,0.099,0.628,0.81,-2.86,-2.05,.52,R
,824121,0,0,391,0.102,.592,0.16,-10.08,1.18,5.84,R
,824151,0,0,399,0.089,0.562,0.827,-4.54,1.05,5.10,R
,824191,0,0,398,0.111,0.573,0.821,-0.2,0.44,5.38,R
,824261,0,0,391,0.109,.581,0.803,0.96,1.29,1.15,R
,824271,0,0,397,0.104,.584,0.799,0.71,1.50,0.74,R
,824331,0,0,399,0.088,0.598,0.820,-0.78,2.47,0.94,R
,824371,0,0,398,0.090,.597,0.832,-0.95,2.48,-0.41,R
,824421,0,0,391,0.099,0.582,0.836,3.05,-0.11,075,R
,824521,0,0,392,0.106,.610,0.816,7.52,-2.16,-1.08,R
,824531,0,0,402,0.109,.612,0.17,6.99,-1.53,-.89,R
,824551,0,0,396,0.089,.619,0.802,4.03,-1.43,-.51,R
,824581,0,0,392,0.082,0.621,0.796,5.46,-3.11,-.09,R
,824661,0,0,392,0.090,0.632,0.771,0.76,-0.30,0.62,R
,824671,0,0,397,0.091,0.633,0.772,-0.23,0.77,1.50,R
,824681,0,0,392,0.101,0.636,0.771,-1.33,1.87,1.82,R
,824691,0,0,396,0.101,0.643,0.785,-3.26,3.05,2.00,R
,824701,0,0,391,0.094,0.630,0.783,-6.80,3.49,101,R
,824721,0,0,392,0.094,0.612,0.815,-7.0,2.82,1.04,R
,824741,0,0,392,0.095,0.602,0.821,-3.2,1.93,1.35,R
,824771,0,0,396,0.087,0.601,0.820,-0.77,0.39,115,R
,824851,0,0,397,0.091,.606,0.808,-5.9,-0.27,-0.45,R
,824881,0,0,392,0.100,0.600,0.806,-0.3,0.05,1.10,R
,824911,0,0,390,0.097,0.609,0.796,-1.39,2.28,0.94,R
,824921,0,0,390,0.098,.613,0.800,-2.0,2.10,0.95,R
,824981,0,0,392,0.104,0.591,0.813,-3.78,2.73,1.21,R
,825001,0,0,393,0.104,0.595,0.830,-2.95,2.94,043,R
,825021,0,0,392,0.086,0.592,0.839,-3.61,2.77,-.25,R
,825031,0,0,396,0.078,0.580,0.832,-3.68,1.90,-0.93,R
,825161,0,0,392,0.089,0.587,0.836,1.92,-1.11,0.29,R
,825261,0,0,392,0.083,.597,0.811,-2.6,-0.45,-0.32,R
,825271,0,0,395,0.093,.597,0.811,-0.6,0.02,0.60,R
,825281,0,0,392,0.097,0.598,0.809,1.61,0.24,1.16,R
,825311,0,0,396,0.104,0.614,0.812,-0.20,2.71,-0.50,R
,825321,0,0,393,0.088,0.610,0.10,-3.61,2.56,-.99,R
,825351,0,0,395,0.065,0.585,0.838,-5.8,0.25,-0.87,R
,825401,0,0,392,0.109,0.600,0.07,3.66,0.30,-0.07,R
,825421,0,0,393,0.088,0.594,0.07,-1.30,1.26,-.52,R
,825441,0,0,393,0.078,0.588,0.09,-3.32,-0.04,-0.87,R
,825451,0,0,394,0.073,0.589,0.825,-3.82,-0.57,0.99,R
,825471,0,0,393,0.080,0.594,0.33,-1.26,-0.92,0.42,R
,825481,0,0,391,0.090,0.593,0.832,-0.39,-0.22,0.24,R
,825491,0,0,395,0.093,0.587,0.35,1.16,0.13,0.3,R
,825511,0,0,395,0.102,0.589,0.12,2.53,-0.22,-0.29,R
,825531,0,0,393,0.087,0.599,0.15,1.25,0.86,-126,R
,825541,0,0,393,0.079,0.599,0.15,-1.27,0.89,-1.35,R
,825561,0,0,393,0.068,.589,0.814,-3.21,0.79,-.51,R
,825591,0,0,394,0.097,0.575,0.34,2.80,-1.58,0.34,R
,825601,0,0,393,0.095,0.577,0.824,4.04,-1.20,-0.07,R
,825701,0,0,393,0.077,0.609,0.24,0.83,-0.53,0.97,R
,825731,0,0,394,0.087,0.601,0.27,1.75,0.15,0.87,R
,825741,0,0,393,0.086,.592,0.832,1.22,-0.08,0.60,R
,825761,0,0,393,0.087,0.582,0.30,0.97,-2.04,0.00,R
,825821,0,0,394,0.091,0.607,0.92,0.57,-0.53,-1.19,R
,825861,0,0,395,0.074,.615,0.799,-3.32,-0.39,0.07,R
,825891,0,0,392,0.090,0.608,0.10,-3.07,0.11,168,R
,825931,0,0,391,0.091,0.579,0.17,-2.84,1.32,1.59,R
,825971,0,0,392,0.099,0.574,0.823,-3.38,1.03,-0.25,R
,825981,0,0,397,0.098,0.576,0.27,-2.65,1.90,-0.24,R
,825991,0,0,392,0.099,0.574,0.22,-2.01,3.38,0.10,R
,826021,0,0,394,0.088,0.575,0.31,-1.97,2.47,-0.77,R
,826061,0,0,394,0.094,0.567,0.39,3.16,1.61,-0.82,R
,826071,0,0,386,0.089,0.571,0.38,4.16,1.60,-125,R
,826091,0,0,389,0.079,0.584,0.23,4.65,0.54,-193,R
,826191,0,0,392,0.084,0.616,0.18,4.35,-2.02,-0.21,R
,826201,0,0,395,0.082,.615,0.817,2.28,-1.37,-0.77,R
,826211,0,0,391,0.072,.615,0.22,0.51,-0.86,-1.02,R
,826221,0,0,394,0.069,0.605,0.23,0.86,-0.34,-.21,R
,826241,0,0,394,0.076,0.599,0.30,3.00,-1.89,112,R
,826321,0,0,395,0.098,.611,0.787,1.67,-0.83,074,R
,826391,0,0,389,0.094,.613,0.810,-1.8,1.15,1.67,R
,826411,0,0,391,0.089,.609,0.814,-3.6,0.97,0.60,R
,826481,0,0,395,0.104,.604,0.07,-0.88,1.11,052,R
,826501,0,0,395,0.085,.589,0.812,-4.1,0.80,-0.44,R
,826511,0,0,391,0.077,0.578,0.812,-3.70,0.53,0.42,R
,826521,0,0,395,0.085,.573,0.23,-2.80,0.70,144,R
,826551,0,0,392,0.106,.588,0.30,-0.75,2.86,072,R
,826631,0,0,390,0.090,0.591,0.43,3.54,-3.08,1.73,R
,826681,0,0,396,0.089,0.595,0.02,4.97,-4.47,000,R
,826741,0,0,396,0.097,0.604,0.01,-0.63,-0.02,.81,R
,826751,0,0,391,0.107,0.604,0.99,-1.12,0.88,191,R
,826901,0,0,397,0.085,.599,0.11,3.55,-0.76,-.19,R
,826921,0,0,396,0.072,.617,0.98,1.83,-1.01,-2.91,R
,826991,0,0,390,0.083,.609,0.811,-1.7,0.30,-0.94,R
,827161,0,0,395,0.085,.593,0.41,5.17,-2.56,-1.72,R
,827221,0,0,399,0.081,.615,0.03,2.42,-1.78,-.98,R
,827261,0,0,3983,0.085,0.617,0.90,3.23,-4.18,-1.13,R
,827371,0,0,391,0.100,.592,0.23,-1.49,-0.08,.56,R
,827381,0,0,399,0.099,0.596,0.818,-0.17,-0.24,1.75,R
,827461,0,0,3985,0.095,.611,0.807,-0.4,-0.39,1.41,R
,827501,0,0,398,0.089,.625,0.789,-2.36,1.28,109,R
,827521,0,0,399,0.073,.613,0.81,-7.97,1.95,159,R
,827571,0,0,390,0.117,.580,0.12,-6.13,2.80,233,R
,827631,0,0,390,0.085,0.563,0.853,-6.2,3.23,1.00,R
,827691,0,0,390,0.093,.563,0.52,0.71,-1.35,-.05,R
,827801,0,0,387,0.071,.596,0.805,-4.81,2.07,0.10,R
,827821,0,0,385,0.097,.590,0.820,-2.5,2.19,0.91,R
,827871,0,0,383,0.066,0.577,0.833,-5.2,3.09,-0.55,R
,827911,0,0,382,0.085,0.562,0.868,-3.2,-0.59,0.39,R
,827941,0,0,3824,0.095,.559,0.61,2.12,-1.81,-0.82,R
,827971,0,0,382,0.091,.580,0.33,5.77,-1.00,-.84,R
,827981,0,0,381,0.082,.584,0.823,4.44,-0.16,-0.87,R
,827991,0,0,381,0.080,.586,0.818,1.61,-0.71,-1.05,R
,828121,0,0,380,0.073,0.596,0.829,-5.93,1.86,-0.73,R
,828161,0,0,380,0.084,.574,0.842,1.43,-0.89,193,R
,828231,0,0,380,0.088,.563,0.27,-0.20,-0.51,0.47,R
,828281,0,0,3806,0.090,.577,0.12,0.25,2.15,-0.44,R
,828351,0,0,3806,0.079,0.575,0.836,-1.1,1.60,-0.29,R
,828391,0,0,3794,0.083,.579,0.830,0.71,-0.02,-0.80,R
,828411,0,0,380,0.070,0.584,0.824,-0.55,-0.83,-0.58,R
,828461,0,0,380,0.087,.578,0.821,-0.16,0.62,0.78,R
,828541,0,0,381,0.066,.571,0.802,-5.2,2.13,-1.83,R
,828571,0,0,379,0.095,0.593,0.774,1.72,4.28,2.04,R
,828671,0,0,385,0.052,0.588,0.854,-21.18,17.34,7.82,R
,828721,0,0,392,0.030,.548,0.873,-11.5,13.60,6.95,R
,828731,0,0,3851,0.024,.555,0.871,-9.47,11.99,8.19,R
,828741,0,0,393,0.018,.558,0.853,-7.75,10.88,.36,R
,828751,0,0,385,0.021,.563,0.839,-9.4,10.65,10.10,R
,828921,0,0,398,0.041,0.473,0.46,-23.97,6.60,8.14,R
,828941,0,0,398,0.011,.470,0.934,-20.1,0.85,8.80,R
,829001,0,0,397,0.055,.471,0.937,-9.39,-3.41,10.91,R
,829101,0,0,379,0.163,0.399,0.914,-0.08,-26.95,-21.48,
,829111,0,0,379,0.136,0.448,0.85,-2.97,-33.15,-25.13,R
,829141,0,0,376,0.248,.404,0.782,-49.6,-85.06,-62.38,R
,829341,0,0,347,-0.217,-0.068,.948,14.45,-19.0,-27.4,R
,829431,0,0,334,0.455,.437,1.175,-27.65,5.14,3.70,R
,829491,0,0,326,0.228,0.342,1.133,45.28,-9.78,8.56,R
,829501,0,0,325,0.197,.315,1.047,40.96,-18.85,-15.87,
,829511,0,0,324,0.185,.287,1.020,31.00,-33.23,-20.16,
,829591,0,0,315,0.295,0.330,0.30,29.51,-10.02,-14.41,
,829611,0,0,314,0.282,0.371,0.04,37.06,-8.86,-18.39,R
,829661,0,0,310,0.268,0.415,0.77,30.27,-9.03,20.33,R
,829711,0,0,308,0.276,.413,0.860,28.3,-15.90,-21.66,R
,829911,0,0,322,0.245,.592,0.718,22.33,0.41,-15.35,R
,829971,0,0,326,0.191,0.629,0.742,6.03,3.79,-7.29,R
,830031,0,0,330,0.203,.636,0.60,14.03,22.83,0.97,R
,830071,0,0,329,0.177,.638,0.18,-1.01,8.15,-.42,R
,830141,0,0,347,0.232,0.579,0.822,9.57,7.81,2.83,R
,830151,0,0,337,0.231,0.576,0.819,11.2,8.47,2.75,R
,830171,0,0,338,0.238,.575,0.08,12.48,8.80,164,R
,830181,0,0,347,0.220,0.591,0.778,10.50,6.05,0.51,R
,830191,0,0,338,0.221,0.596,0.770,7.84,1.75,-0.73,R
,830271,0,0,343,0.203,.615,0.61,12.91,10.97,2.12,R
,830331,0,0,3461,0.179,.623,0.800,-5.8,-3.70,0.61,R
,830411,0,0,349,0.204,0.632,0.780,5.81,5.55,0.62,R
,830441,0,0,360,0.189,0.587,0.797,3.46,2.48,1.79,R
,830451,0,0,351,0.196,.589,0.800,5.86,2.42,1.16,R
,830481,0,0,358,0.210,0.620,0.782,5.48,-6.40,-5.48,R
,830571,0,0,357,0.181,.630,0.758,4.83,3.52,-2.18,R
,830621,0,0,369,0.194,0.642,0.783,-1.0,-1.03,-1.96,R
,830631,0,0,3583,0.193,.626,0.784,-0.9,-0.19,-1.61,R
,830711,0,0,362,0.179,.654,0.53,7.57,6.57,-1.72,R
,830801,0,0,373,0.168,.666,0.738,14.42,6.36,-3.77,R
,830811,0,0,364,0.163,.681,0.733,12.15,5.64,-3.63,R
,830871,0,0,365,0.163,.638,0.744,1.43,3.90,0.4,R
,831041,0,0,379,0.178,0.633,0.740,5.31,5.67,1.53,R
,831121,0,0,380,0.166,0.648,0.777,3.57,2.19,0.58,R
,831201,0,0,382,0.162,.648,0.748,5.37,3.31,-015,R
,831221,0,0,383,0.172,.654,0.752,2.42,-1.92,-.75,R
,831251,0,0,374,0.187,.650,0.755,-0.13,-4.37,-3.92,R
,831311,0,0,375,0.169,.654,0.819,13.4,0.37,-7.45,R
,831371,0,0,377,0.134,.677,0.747,23.80,-7.26,-16.70,R
,831401,0,0,386,0.135,0.700,0.711,19.26,-19.14,-16.65,
,831411,0,0,376,0.157,.695,0.694,15.7,-21.08,-16.42,
,831531,0,0,3780,0.151,.705,0.62,14.56,-1.96,16.35,R
,831541,0,0,388,0.159,.702,0.664,13.32,-3.12,-15.67,R
,831611,0,0,379,0.085,0.755,0.686,5.92,3.95,-7.89,R
,831771,0,0,3823,0.118,.768,0.64,1.32,3.52,0.72,R
,831841,0,0,391,0.137,.737,0.662,-4.42,-0.22,4.48,R
,831851,0,0,382,0.147,.737,0.664,-3.75,1.28,356,R
,831871,0,0,379,0.143,0.745,0.91,-4.20,5.23,300,R
,831881,0,0,379,0.132,.734,0.691,-4.8,6.50,2.89,R
,831931,0,0,3843,0.151,.716,0.726,-0.48,-1.69,.45,R
,831961,0,0,394,0.154,.713,0.703,2.04,-0.65,-.06,R
,831991,0,0,383,0.142,.706,0.687,5.81,1.52,-2.24,R
,832001,0,0,392,0.137,0.717,0.674,5.92,0.66,-375,R
,832061,0,0,393,0.122,0.748,0.75,4.57,4.70,-224,R
,832131,0,0,384,0.088,0.746,0.690,1.43,0.83,-0.82,R
,832291,0,0,385,0.113,0.728,0.672,-8.9,-0.76,.68,R
,832341,0,0,395,0.142,0.732,0.685,-0.78,4.74,2.52,R
,832381,0,0,395,0.129,0.712,0.691,-4.0,1.34,1.97,R
,832391,0,0,385,0.132,0.711,0.690,-3.7,-1.17,.89,R
,832431,0,0,385,0.151,0.713,0.683,-1.49,3.64,-1.06,R
,832561,0,0,396,0.071,0.743,0.699,0.68,2.15,-068,R
,832751,0,0,388,0.081,0.749,0.662,5.05,0.85,-009,R
,832791,0,0,3879,0.100,0.752,0.650,-3.55,-2.27,0.84,R
,832801,0,0,3952,0.099,.730,0.662,-3.30,0.48,-0.09,R
,832891,bb²brbrbrbjrbjrbrʪbJH8329010,0,395,0.121,.737,0.716,-1.33,-2.77,-0.09,R
,833161,0,0,395,0.094,0.729,0.677,-2.92,-0.43,.98,R
,833201,0,0,398,0.092,0.743,0.73,-0.88,1.47,199,R
,833211,0,0,385,0.094,0.749,0.673,-1.7,0.08,280,R
,833391,0,0,3900,0.099,0.734,0.690,-0.7,4.59,-.53,R
,833471,0,0,389,0.107,0.724,0.95,1.87,0.04,-042,R
,833481,0,0,395,0.103,0.724,0.93,2.57,0.88,-062,R
,833511,0,0,390,0.094,0.736,0.64,2.56,1.32,0.66,R
,833531,0,0,390,0.102,0.750,0.67,-2.16,-2.28,1.72,R
,833591,0,0,3915,0.092,0.724,0.717,1.78,1.87,0.9,R
,833731,0,0,390,0.116,0.731,0.672,8.96,-4.50,-.09,R
,833751,0,0,390,0.118,0.734,0.660,11.35,-1.14,-4.79,R
,833761,0,0,395,0.103,0.744,0.650,11.16,0.91,-3.81,R
,833841,0,0,395,0.129,0.733,0.661,-0.95,0.99,-2.25,R
,833891,0,0,390,0.079,0.758,0.666,1.86,2.53,-0.58,R
,833951,0,0,388,0.114,0.723,0.08,1.86,5.24,-111,R
,833991,0,0,390,0.082,0.758,0.67,2.70,0.73,-190,R
,834031,0,0,391,0.106,0.722,0.688,-0.57,-4.74,-1.96,R
,834041,0,0,398,0.121,.728,0.684,1.80,-2.19,-1.67,R
,834061,0,0,397,0.129,0.739,0.693,4.56,3.98,-2.53,R
,834101,0,0,395,0.103,0.727,0.704,6.19,0.65,-445,R
,834181,0,0,394,0.069,0.779,0.656,10.8,1.53,-7.19,R
,834361,0,0,394,0.077,.777,0.639,-7.7,-4.53,.04,R
,834391,0,0,392,0.085,0.757,0.647,-9.0,0.13,5.93,R
,834431,0,0,393,0.102,.750,0.674,-9.6,-0.98,6.94,R
,834451,0,0,392,0.109,0.729,0.687,-9.35,-0.91,.04,R
,834461,0,0,393,0.113,0.719,0.681,-7.88,0.27,524,R
,834481,0,0,393,0.116,.713,0.685,-3.1,2.74,309,R
,834521,0,0,394,0.114,.733,0.672,-4.8,0.42,2.54,R
,834561,0,0,393,0.125,0.723,0.664,-5.17,3.06,-.02,R
,834571,0,0,391,0.111,0.730,0.670,-4.2,5.69,-1.38,R
,834591,0,0,392,0.084,.742,0.695,-4.9,7.34,0.66,R
,834811,0,0,392,0.067,0.736,0.688,4.57,3.84,-279,R
,834841,0,0,393,0.072,0.771,0.666,2.42,-1.21,-.57,R
,834861,0,0,393,0.068,0.780,0.73,-1.59,-1.41,-0.59,R
,834881,0,0,393,0.061,.760,0.690,-1.14,1.43,0.80,R
,834891,0,0,392,0.060,0.750,0.88,0.41,1.55,1.7,R
,834911,0,0,390,0.059,0.741,0.682,1.48,0.30,2.8,R
,834961,0,0,394,0.113,0.731,0.65,-4.28,-3.23,.51,R
,834971,0,0,393,0.120,0.734,0.677,-3.5,1.38,1.16,R
,835111,0,0,392,0.083,0.723,0.06,0.25,2.15,0.3,R
,835131,0,0,390,0.069,0.725,0.703,0.41,0.07,1.07,R
,835171,0,0,392,0.107,0.749,0.673,2.80,-2.86,-.09,R
,835251,0,0,392,0.085,0.741,0.679,-0.8,-3.76,0.80,R
,835271,0,0,393,0.110,.736,0.673,-0.81,-0.83,1.01,R
,835311,0,0,392,0.098,0.729,0.681,-0.71,4.94,0.19,R
,835331,0,0,392,0.077,.744,0.695,-3.0,1.87,-.30,R
,835351,0,0,3934,0.066,0.731,0.17,-2.81,-1.26,-0.01,R
,835411,0,0,393,0.092,.749,0.660,0.15,-2.27,-.02,R
,835531,0,0,394,0.092,0.739,0.685,-0.54,-0.54,-1.11,R
,835541,0,0,390,0.081,0.746,0.691,0.18,0.97,-0.30,R
,835631,0,0,386,0.096,0.749,0.673,2.30,-0.39,-0.94,R
,835641,0,0,386,0.090,0.748,0.663,-0.95,-0.16,-0.25,R
,835661,0,0,390,0.084,.729,0.678,-2.6,0.57,084,R
,835781,0,0,391,0.098,0.723,0.06,-0.52,1.78,0.17,R
,835801,0,0,391,0.087,0.725,0.01,1.60,2.71,0.58,R
,835971,0,0,394,0.090,0.727,0.696,2.39,-3.01,-.18,R
,836011,0,0,394,0.090,0.744,0.50,4.03,-2.76,-.19,R
,836021,0,0,391,0.083,0.749,0.45,1.96,-1.87,-1.23,R
,836031,0,0,395,0.075,0.754,0.46,-0.01,-1.37,0.84,R
,836051,0,0,395,0.078,0.748,0.644,-1.7,0.71,066,R
,836061,0,0,391,0.071,0.749,0.638,-2.33,1.38,092,R
,836081,0,0,392,0.083,0.756,0.646,-3.49,3.06,208,R
,836151,0,0,394,0.102,.705,0.734,-6.40,-0.48,3.33,R
,836161,0,0,393,0.115,0.696,0.731,-3.50,-0.18,.55,R
,836211bbʢbrbrrbjrbrbjrbRJH836221,0,0,391,0.108,0.711,0.720,-0.9,1.73,-.29,R
,836271,0,0,392,0.083,0.716,0.08,5.64,-0.48,-2.32,R
,836301,0,0,393,0.096,0.755,0.01,4.90,1.34,-2.32,R
,836321,0,0,394,0.079,0.749,0.02,3.35,0.59,-177,R
,836371,0,0,394,0.075,0.743,0.72,7.02,-4.48,-1.42,R
,836401,0,0,390,0.083,0.755,0.655,4.07,-0.65,-.61,R
,836471,0,0,3959,0.071,0.755,0.674,1.58,-0.54,005,R
,836511,0,0,395,0.074,0.741,0.694,-2.1,-2.14,.53,R
,836541,0,0,385,0.089,0.731,0.80,0.97,-1.23,167,R
,836561,0,0,387,0.081,0.734,0.73,0.61,0.19,2.22,R
,836571,0,0,389,0.087,0.745,0.74,-0.19,-0.01,2.43,R
,836651,0,0,3969,0.110,0.719,0.686,0.93,4.89,1.6,R
,836681,0,0,390,0.106,0.739,0.96,-1.64,2.08,033,R
,836711,0,0,3955,0.103,0.703,0.735,-1.6,-3.78,1.71,R
,836731,0,0,395,0.114,0.717,0.726,5.46,-1.44,-.03,R
,836861,0,0,390,0.061,0.741,0.82,4.59,2.34,-239,R
,836921,0,0,390,0.084,0.764,0.80,0.22,-1.59,-0.44,R
,836941,0,0,388,0.077,0.749,0.89,1.64,0.63,-006,R
,836991,0,0,395,0.077,0.767,0.42,2.30,-4.14,010,R
,837051,0,0,396,0.102,0.742,0.662,-1.82,2.02,1.16,R
,837081,0,0,389,0.099,0.745,0.96,-3.29,-0.25,0.78,R
,837101,0,0,390,0.103,0.741,0.10,-2.07,-2.02,0.16,R
,837191,0,0,396,0.123,.741,0.660,2.85,-1.01,-2.32,R
,837271,0,0,3884,0.091,0.761,0.82,4.88,-0.45,-.55,R
,837351,0,0,398,0.069,0.763,0.63,4.47,-1.03,-.25,R
,837501,0,0,390,0.087,0.757,0.643,3.31,-3.66,121,R
,837621,0,0,388,0.082,.762,0.645,-5.79,1.11,260,R
,837701,0,0,392,0.114,0.737,0.700,-3.88,2.54,017,R
,837721,0,0,3907,0.097,0.723,0.03,-3.68,2.74,014,R
,837821,0,0,391,0.079,.746,0.690,-0.80,2.01,-2.70,R
,837871,0,0,397,0.066,.760,0.663,2.27,-1.53,-.87,R
,837951,0,0,398,0.076,.743,0.674,-2.78,0.47,-0.99,R
,837971,0,0,397,0.077,.741,0.692,-3.52,-1.38,0.25,R
,838191,0,0,400,0.064,.771,0.663,-0.4,0.07,0.05,R
,838211,0,0,399,0.058,.771,0.692,-1.01,0.04,077,R
,838251,0,0,398,0.063,0.759,0.679,1.84,-1.76,110,R
,838281,0,0,390,0.075,.757,0.662,-1.0,-3.50,.25,R
,838341,0,0,389,0.091,0.752,0.661,-2.60,-0.05,4.10,R
,838401,0,0,390,0.093,0.721,0.85,-2.04,-0.63,.16,R
,838411,0,0,394,0.107,0.719,0.680,-1.43,-0.76,.55,R
,838451,0,0,398,0.113,0.730,0.675,-3.99,1.58,002,R
,838561,0,0,388,0.086,0.751,0.691,-2.52,-2.71,-0.88,R
,838581,0,0,390,0.103,0.733,0.95,-1.79,0.31,-.48,R
,838611,0,0,399,0.085,0.742,0.693,2.93,2.91,-102,R
,838651,0,0,399,0.081,0.737,0.91,-0.07,-4.25,-0.84,R
,838661,0,0,389,0.088,0.729,0.78,0.10,-4.68,-1.55,R
,838711,0,0,400,0.080,0.754,0.60,2.28,2.80,-126,R
,838761,0,0,388,0.076,0.739,0.685,0.28,-1.34,-.13,R
,838771,0,0,400,0.080,0.744,0.78,1.35,-0.82,-.39,R
,838811,0,0,400,0.082,0.753,0.682,-1.88,-1.29,-0.65,R
,838821,0,0,389,0.075,0.740,0.687,-2.54,-2.14,-0.13,R
,838841,0,0,389,0.090,0.723,0.683,0.10,-0.95,-0.03,R
,838901,0,0,387,0.084,0.757,0.70,-1.36,1.03,-.70,R
,838921,0,0,386,0.071,0.753,0.682,-4.31,-1.67,-1.09,R
,838961,0,0,390,0.071,0.735,0.95,0.88,1.50,-094,R
,839011,0,0,403,0.091,0.756,0.71,-2.88,-0.91,0.97,R
,839091,0,0,401,0.074,0.748,0.81,-2.42,1.38,0.43,R
,839101,0,0,387,0.071,0.739,0.93,-4.46,-0.60,0.28,R
,839181,0,0,388,0.077,0.734,0.76,1.64,0.30,0.69,R
,839221,0,0,389,0.099,0.740,0.664,-3.53,-1.58,-1.17,R
,839251,0,0,402,0.077,0.729,0.702,-1.01,4.25,-.15,R
,839261,0,0,389,0.072,0.737,0.704,0.86,4.66,-035,R
,839291,0,0,402,0.070,0.752,0.695,0.51,-0.25,0.00,R
,839311,0,0,402,0.082,0.736,0.98,-1.67,-3.63,0.25,R
,839511,0,0,403,0.066,0.748,0.680,1.46,-2.66,1.15,R
,839531,0,0,402,0.093,0.750,0.668,-0.69,-4.98,.81,R
,839561,0,0,3902,0.096,0.735,0.678,-0.68,1.50,029,R
,839571,0,0,404,0.085,0.732,0.91,0.86,3.46,0.23,R
,839591,0,0,404,0.067,0.738,0.677,2.50,3.17,0.4,R
,839601,0,0,388,0.057,0.738,0.75,2.28,0.85,1.6,R
,839631,0,0,402,0.085,0.746,0.692,-1.70,-4.31,.42,R
,839671,0,0,402,0.092,0.730,0.82,1.67,1.47,-0.19,R
,839691,0,0,401,0.083,0.745,0.76,2.10,1.47,-0.36,R
,839701,0,0,3894,0.081,0.748,0.664,-0.1,0.36,-.48,R
,839731,0,0,390,0.084,0.726,0.682,-3.4,-1.50,.33,R
,839751,0,0,393,0.091,0.725,0.705,-0.28,-0.08,-0.68,R
,839791,0,0,395,0.075,0.751,0.09,2.94,0.85,-1.58,R
,839921,0,0,389,0.075,.764,0.670,-3.5,-0.80,.97,R
,840021,0,0,388,0.096,.711,0.701,-0.1,-1.41,0.96,R
,840081,0,0,389,0.078,0.739,0.683,2.39,-0.22,-2.01,R
,840101,0,0,389,0.082,0.751,0.85,3.72,-1.56,-2.76,R
,840181,0,0,3901,0.077,0.755,0.679,-1.18,-1.84,.55,R
,840491,0,0,401,0.057,0.781,0.63,-0.14,-5.70,.03,R
,840521,0,0,389,0.086,.760,0.645,-1.00,-2.13,.92,R
,840591,0,0,388,0.076,0.740,0.83,-7.01,-1.06,.68,R
,840601,0,0,387,0.087,.723,0.694,-5.7,-1.41,3.09,R
,840641,0,0,389,0.130,.725,0.711,-2.37,-1.92,-0.21,R
,840661,0,0,390,0.122,.727,0.702,-1.7,-1.50,-3.00,R
,840691,0,0,403,0.081,0.727,0.671,2.51,-0.63,-.93,R
,840831,0,0,402,0.063,0.747,0.678,-4.1,2.39,1.82,R
,841001,0,0,390,0.092,0.735,0.682,-0.14,-0.91,4.04,R
,841011,0,0,402,0.088,0.726,0.691,0.91,0.62,-429,R
,841081,0,0,389,0.065,0.772,0.46,1.72,0.34,-387,R
,841141,0,0,390,0.047,0.757,0.694,-0.6,2.41,-.73,R
,841301,0,0,389,0.062,.737,0.691,-3.2,0.48,338,R
,841311,0,0,3964,0.061,0.739,0.698,-2.60,-1.56,.27,R
,841351,0,0,384,0.095,.724,0.689,-2.74,-2.89,.21,R
,841361,0,0,386,0.107,.726,0.687,-1.7,-1.50,2.65,R
,841391,0,0,389,0.112,0.704,0.694,1.17,3.43,1.7,R
,841501,0,0,386,0.077,0.756,0.88,7.58,1.79,-235,R
,841521,0,0,385,0.056,0.773,0.67,4.88,0.82,-198,R
,841581,0,0,382,0.065,0.742,0.84,2.15,-1.85,017,R
,841651,0,0,382,0.082,.738,0.660,-0.3,0.04,0.51,R
,841741,0,0,381,0.066,0.761,0.682,-0.4,-0.97,0.15,R
,841821,0,0,382,0.066,0.751,0.661,-2.0,0.54,1.07,R
,841831,0,0,382,0.069,0.745,0.667,-3.7,0.33,1.45,R
,841931,0,0,381,0.071,0.739,0.687,-0.19,-1.92,0.80,R
,842031,0,0,381,0.060,0.760,0.671,-2.1,-0.71,0.47,R
,842071,0,0,380,0.072,0.740,0.88,-0.7,-0.39,0.76,R
,842081,0,0,381,0.072,0.738,0.688,1.35,0.01,-006,R
,842141,0,0,382,0.077,0.744,0.88,-0.6,-2.18,-0.80,R
,842221,0,0,380,0.062,0.752,0.653,-0.0,1.35,-0.53,R
,842231,0,0,381,0.065,0.754,0.661,-0.65,1.23,-.03,R
,842261,0,0,380,0.071,0.758,0.683,-3.01,1.37,-.61,R
,842281,0,0,381,0.071,0.745,0.703,-1.5,2.62,0.54,R
,842291,0,0,382,0.071,.739,0.701,-0.2,2.62,048,R
,842331,0,0,381,0.063,0.736,0.87,-0.2,-0.80,-0.73,R
,842401,0,0,380,0.063,0.747,0.664,-3.6,1.96,-0.41,R
,842411,0,0,380,0.057,0.740,0.80,-3.7,1.49,-0.35,R
,842441,0,0,381,0.073,0.742,0.682,-0.97,2.22,-.35,R
,842451,0,0,382,0.073,0.751,0.686,-0.4,1.93,-0.64,R
,842461,0,0,382,0.073,0.761,0.81,-1.1,1.09,-0.87,R
,842541,0,0,382,0.074,0.750,0.685,-0.71,2.02,-.20,R
,842551,0,0,3839,0.060,.752,0.694,-1.10,2.86,-.88,R
,842581,0,0,382,0.044,0.739,0.95,-0.7,-0.59,0.46,R
,842601,0,0,383,0.056,0.752,0.674,-1.2,-2.05,.24,R
,842611,0,0,382,0.070,0.757,0.676,-2.0,-2.69,.83,R
,842631,0,0,3822,0.070,0.736,0.676,-4.7,-0.95,.26,R
,842651,0,0,383,0.075,0.723,0.79,-3.0,4.10,2.36,R
,842661,0,0,382,0.078,0.719,0.694,-1.2,4.16,1.90,R
,842721,0,0,383,0.066,0.725,0.714,-4.66,-2.86,.84,R
,842731,0,0,382,0.081,0.725,0.12,-2.9,-2.31,2.08,R
,842851,0,0,385,0.074,0.733,0.87,-0.0,1.86,-0.71,R
,842921,0,0,385,0.057,0.746,0.664,-2.37,-3.24,0.44,R
,842961,0,0,383,0.076,0.742,0.87,-0.3,3.52,086,R
,843011,0,0,385,0.070,0.731,0.714,-1.1,-2.97,0.39,R
,843061,0,0,385,0.068,0.735,0.79,-0.4,3.06,-.64,R
,843141,0,0,384,0.056,0.735,0.703,-1.73,0.42,-.27,R
,843201,0,0,385,0.089,0.721,0.79,-1.5,-1.30,-0.41,R
,843211,0,0,3888,0.076,0.741,0.663,-3.73,-0.60,-0.03,R
,843231,0,0,385,0.083,0.727,0.695,-3.6,1.49,-0.24,R
,843241,0,0,384,0.066,0.712,0.690,-4.75,2.41,-.13,R
,843481,0,0,3845,0.065,0.737,0.715,-1.7,-2.19,0.86,R
,843671,0,0,3829,0.063,0.733,0.87,-2.4,-0.92,.26,R
,843681,bbbrbrbrʪbjrbjrbrbRJH8436910,0,3829,0.074,.721,0.699,-2.0,0.25,0.48,R
,843711,0,0,3815,0.072,0.711,0.10,-0.4,0.63,-0.18,R
,843801,0,0,3824,0.047,.742,0.703,-1.36,0.77,-.47,R
,843811,0,0,382,0.044,0.734,0.12,-1.18,-0.43,.00,R
,843921,0,0,3823,0.050,0.733,0.700,-2.1,-1.47,-0.16,R
,843941,0,0,3819,0.064,0.724,0.09,-1.2,-2.51,.60,R
,844031,0,0,3824,0.071,0.721,0.699,-0.6,-1.06,0.22,R
,844041,0,0,3819,0.075,0.722,0.698,-0.6,-1.24,-0.67,R
,844111,0,0,3831,0.058,0.733,0.713,1.60,-1.85,-.68,R
,844261,0,0,3830,0.069,0.734,0.685,1.40,-0.74,-)bRJH844271,bbbrbrrºbrbjrbrbR
,844321,0,0,3835,0.056,0.711,0.704,-3.58,1.81,155,R
,844331,0,0,3830,0.058,.713,0.706,-2.01,1.34,167,R
,844341,0,0,3826,0.074,0.721,0.712,-0.6,1.03,1.13,R
,844401,0,0,3824,0.064,0.728,0.16,-1.32,-1.34,0.64,R
,844411,0,0,3819,0.063,0.722,0.704,-0.5,-0.59,-0.10,R
,844461,0,0,3824,0.069,.728,0.699,-0.7,1.21,083,R
,844471,0,0,3813,0.068,.728,0.697,-2.1,0.66,1.24,R
,844581,bbbrbrbrbjrbrbjrbJH8445910,0,3824,0.067,0.728,0.692,-0.4,1.05,-0.47,R
,844691,0,0,3826,0.071,.723,0.702,-2.5,1.38,-0.39,R
,844701,0,0,3814,0.066,0.723,0.704,-1.8,3.14,-0.30,R
,844741,0,0,3817,0.052,0.734,0.720,-1.0,0.89,0.14,R
,844771,0,0,3815,0.064,0.718,0.710,-1.0,-1.73,.18,R
,844821,0,0,3813,0.066,.722,0.702,-1.5,1.52,036,R
,844851,0,0,3821,0.060,0.705,0.716,-1.49,-0.22,.81,R
,844861,0,0,3814,0.063,0.711,0.718,-0.1,-1.40,.69,R
,844901,0,0,3817,0.072,.730,0.696,-0.4,0.19,-.48,R
,844931,0,0,3838,0.057,.706,0.704,-0.4,1.86,0.22,R
,845011,0,0,3822,0.062,0.721,0.704,1.03,0.89,-0.77,R
,845061,0,0,3812,0.053,.720,0.701,-3.3,0.68,0.84,R
,845071,0,0,3809,0.063,0.705,0.19,-2.7,0.95,1.26,R
,845081,0,0,3817,0.069,0.706,0.718,-1.2,1.11,0.62,R
,845121,0,0,3814,0.068,.718,0.721,-0.60,1.05,-.99,R
,845141,0,0,3809,0.059,.714,0.726,-0.8,-1.03,1.49,R
,845221,0,0,3806,0.061,0.723,0.98,-2.6,0.56,-0.09,R
,845241,0,0,3805,0.060,0.703,0.16,-1.2,-0.14,0.73,R
,845291,0,0,3803,0.042,.739,0.707,-1.6,2.24,000,R
,845311,0,0,3801,0.049,.724,0.710,-1.23,0.77,051,R
,845341,0,0,3807,0.055,.729,0.707,-0.0,-0.13,.97,R
,845371,0,0,3789,0.062,0.708,0.706,-2.5,-0.10,.21,R
,845421,0,0,3783,0.076,.712,0.709,-0.6,1.75,-.09,R
,845431,0,0,378,0.056,0.713,0.719,-0.8,2.15,-.06,R
,845441,0,0,3781,0.059,0.703,0.24,-0.4,1.55,-0.16,R
,845531,0,0,3761,0.053,.729,0.707,-1.5,2.54,014,R
,845541,0,0,3768,0.039,0.723,0.720,-1.7,2.60,078,R
,845881,0,0,373,0.041,0.716,0.24,-1.9,2.89,0.33,R
,845901,0,0,3741,0.042,0.719,0.735,-1.58,0.82,065,R
,846061,0,0,3779,0.056,.727,0.699,0.39,0.63,-062,R
,846091,0,0,3776,0.037,0.714,0.713,0.04,1.99,0.4,R
,846131,bbbrbrrbjrʪbjrbr²bJH8461410,0,3763,0.069,.715,0.707,-3.39,-1.08,1.12,R
,846191,0,0,3777,0.061,0.715,0.14,-0.6,4.13,010,R
,846211,0,0,378,0.047,0.712,0.32,-1.5,-0.62,.26,R
,846241,0,0,379,0.071,0.704,0.24,-0.2,-1.85,0.03,R
,846341,0,0,3791,0.062,0.715,0.705,-1.73,-0.63,.62,R
,846361,0,0,3794,0.066,0.708,0.710,-1.4,1.81,1.03,R
,846371,0,0,379,0.061,0.702,0.709,-1.09,1.61,065,R
,846411,0,0,3778,0.060,.714,0.728,-0.43,0.74,019,R
,846441,0,0,377,0.055,0.711,0.29,-0.5,-1.03,0.48,R
,846471,0,0,3774,0.065,.705,0.710,1.12,-0.39,045,R
,846551,0,0,3779,0.051,.703,0.736,-2.22,1.34,037,R
,846561,0,0,3774,0.051,0.694,0.741,-0.4,1.63,1.20,R
,846631,0,0,377,0.069,0.709,0.718,-1.2,-2.27,-0.16,R
,846641,0,0,376,0.070,0.702,0.10,-0.6,-0.34,0.85,R
,846691,0,0,3768,0.049,0.720,0.700,-0.2,1.09,026,R
,846761,0,0,377,0.061,0.705,0.729,0.96,0.51,0.6,R
,846791,0,0,3775,0.061,.716,0.704,0.71,-0.50,019,R
,846821,0,0,3781,0.062,.695,0.709,-2.7,-0.86,0.87,R
,846831,0,0,377,0.066,0.687,0.24,-1.58,-0.66,.65,R
,846921bbbrbrbrbjrʢbrbjrbJH846931,0,0,3765,0.040,.713,0.745,-1.2,0.89,0.10,R
,846991,0,0,3775,0.070,0.704,0.713,-0.1,-0.48,-0.35,R
,847001,0,0,3778,0.070,.703,0.711,-0.5,-0.19,-0.67,R
,847071,0,0,3760,0.055,0.716,0.721,-0.8,0.83,-0.42,R
,847161,0,0,3750,0.060,.710,0.717,-1.32,0.66,026,R
,847191,0,0,374,0.065,0.714,0.737,-3.1,1.64,049,R
,847351,0,0,3730,0.049,.707,0.735,-1.6,1.95,1.88,R
,847391,0,0,3726,0.069,0.701,0.732,-2.4,-0.51,0.13,R
,847501,0,0,3723,0.061,.695,0.725,-0.7,-0.60,0.10,R
,847511,0,0,3717,0.066,.695,0.725,-0.4,-0.01,-0.10,R
,847531,0,0,3733,0.064,0.700,0.720,-0.5,0.88,-0.94,R
,847631,0,0,3718,0.042,.703,0.725,-1.5,0.59,0.10,R
,847641,0,0,3718,0.047,0.694,0.28,-1.10,-0.42,0.01,R
,847701,0,0,3717,0.057,.704,0.731,-2.6,1.58,0.77,R
,847711,0,0,3727,0.057,.698,0.729,-2.37,1.89,063,R
,847721,0,0,3726,0.052,.700,0.738,-1.4,2.24,058,R
,847771,0,0,3724,0.054,.700,0.746,-2.8,-1.55,.25,R
,847881,0,0,3727,0.052,.715,0.706,-2.6,-0.60,0.39,R
,847901,0,0,3729,0.050,0.699,0.736,-2.86,1.58,020,R
,847951,0,0,3742,0.055,0.697,0.33,0.50,0.07,0.34,R
,848011,0,0,3737,0.067,.688,0.740,2.19,0.01,-137,R
,848091,0,0,3728,0.048,0.698,0.744,-0.4,-1.52,0.48,R
,848471,0,0,3747,0.041,.709,0.726,-1.84,-1.58,.20,R
,848551,0,0,375,0.060,0.694,0.29,-1.2,-1.59,0.10,R
,848581,0,0,3757,0.059,.682,0.738,-1.10,-0.31,-0.61,R
,848651,0,0,375,0.042,0.699,0.753,-2.3,-1.21,0.36,R
,848691,0,0,3748,0.064,.690,0.729,2.67,-0.45,0.00,R
,848781,0,0,3746,0.040,.691,0.760,0.15,0.89,0.9,R
,849171,0,0,383,0.072,0.755,0.625,9.98,-11.23,7.61,R
,849281,0,0,3996,0.049,0.792,0.612,3.51,1.14,-549,R
,849291,0,0,3837,0.037,0.806,0.616,0.73,0.34,-482,R
,849361,0,0,400,0.035,0.777,0.668,3.69,6.45,0.3,R
,849401,0,0,3994,0.083,.756,0.656,-0.3,-3.26,.98,R
,849571,0,0,385,0.031,0.785,0.656,-0.9,2.65,2.10,R
,849631,0,0,385,0.083,0.779,0.639,-1.87,-1.43,1.84,R
,849761,0,0,399,0.054,0.765,0.54,-3.5,4.45,1.35,R
,849801,0,0,3984,0.049,0.785,0.36,-3.9,-1.30,.88,R
,849841,0,0,398,0.078,0.753,0.664,-8.11,1.06,3.87,R
,849981,0,0,404,0.057,0.743,0.657,-1.2,3.73,-0.76,R
,850051,0,0,3871,0.060,0.753,0.675,-6.0,5.57,0.19,R
,850071,0,0,389,0.056,0.739,0.691,-2.9,7.41,112,R
,850171,0,0,387,0.081,0.735,0.709,2.53,2.34,-0.88,R
,850441,0,0,403,0.047,0.764,0.712,2.41,1.53,-1.17,R
,850541,0,0,4019,0.044,0.775,0.624,-0.1,-3.03,0.72,R
,850561,0,0,3975,0.044,0.777,0.628,-2.4,-1.17,2.05,R
,850601,0,0,4013,0.049,0.773,0.644,-2.3,1.60,3.20,R
,850611,0,0,3891,0.040,0.778,0.647,-3.17,1.90,3.38,R
,850661,0,0,3890,0.061,0.741,0.692,-4.7,-0.85,4.10,R
,850711,0,0,3861,0.083,0.729,0.70,1.74,2.86,1.7,R
,850821,0,0,3971,0.057,0.760,0.91,5.77,2.86,-0.90,R
,850961,0,0,3839,0.061,0.756,0.78,3.54,-2.24,-2.42,R
,851091,0,0,3927,0.041,0.783,0.55,-0.46,1.87,1.26,R
,851241,0,0,3909,0.073,0.774,0.69,-1.2,0.82,048,R
,851301,0,0,3895,0.059,.757,0.64,4.28,-1.70,-.27,R
,851311,0,0,3866,0.062,.768,0.659,3.66,-1.78,-.56,R
,851501,0,0,3887,0.033,0.770,0.649,-8.2,3.70,2.91,R
,851531,0,0,3869,0.047,.748,0.675,-1.6,1.05,307,R
,851551,0,0,3871,0.065,0.778,0.69,-1.56,-0.92,2.23,R
,851631,0,0,3894,0.066,.765,0.50,3.14,-0.01,-.58,R
,851731,0,0,3883,0.047,.782,0.661,-2.14,1.87,-.18,R
,851821,0,0,3881,0.067,0.760,0.650,-3.21,-0.43,0.04,R
,851831,0,0,3871,0.072,.745,0.675,-3.82,0.37,-.29,R
,851851,0,0,3905,0.063,.725,0.17,-2.71,0.80,-0.06,R
,851931,0,0,3873,0.077,.763,0.84,7.83,-11.75,7.17,R
,851941,0,0,3894,0.064,.758,0.70,8.82,-10.57,-7.61,R
,852031,0,0,3905,0.038,.807,0.563,-0.1,-7.95,2.39,R
,852131,0,0,3902,0.073,.750,0.83,-6.31,3.09,1.01,R
,852261,0,0,401,0.039,0.753,0.664,3.11,5.17,-227,R
,852301,0,0,4014,0.041,0.785,0.646,-0.3,-2.91,-1.78,R
,852311,0,0,3909,0.058,.779,0.36,-0.95,-2.74,1.48,R
,852321,0,0,3978,0.062,0.780,0.637,-1.2,-1.44,-1.08,R
,852361,0,0,3886,0.049,.768,0.56,-0.22,4.86,-.90,R
,852401,0,0,400,0.049,0.787,0.669,-0.6,1.44,-.53,R
,852531,0,0,389,0.048,0.752,0.667,-1.0,0.66,161,R
,852551,0,0,3909,0.062,0.771,0.52,0.59,0.66,0.8,R
,852591,0,0,389,0.036,0.770,0.656,-2.6,-0.30,0.97,R
,852611,0,0,3909,0.043,0.774,0.654,-0.9,-0.24,.58,R
,852621,0,0,398,0.037,0.783,0.645,-0.89,-0.71,.30,R
,852631,0,0,389,0.034,0.786,0.31,-1.2,-1.93,1.39,R
,852641,0,0,397,0.036,0.794,0.627,-2.1,-1.85,1.76,R
,852661,0,0,3952,0.028,0.791,0.24,-5.94,-2.89,.65,R
,852671,0,0,3899,0.034,0.788,0.25,-6.88,-2.69,.65,R
,8526810,0,3938,0.034,0.777,0.cbjrbjrbrbJH8526910,0,3905,0.038,0.774,0.6cbjrbjrRbrb
,852711,0,0,3899,0.056,.762,0.37,-7.7,-1.12,6.34,R
,852721,0,0,3968,0.068,.766,0.55,-8.5,0.74,6.36,R
,852741,0,0,3954,0.071,0.763,0.60,-10.13,1.52,.33,R
,852761,0,0,3959,0.067,0.728,0.678,-8.63,2.30,472,R
,852781,0,0,3958,0.078,0.725,0.679,-4.8,1.37,364,R
,852791,0,0,390,0.077,0.726,0.77,-4.40,1.18,342,R
,852851,0,0,3899,0.081,0.731,0.690,-5.2,4.30,150,R
,852861,0,0,3919,0.077,0.729,0.90,-4.94,5.67,142,R
,852871,0,0,3963,0.076,0.734,0.702,-3.8,5.81,1.44,R
,852891,0,0,389,0.064,0.737,0.703,-2.0,4.63,-0.24,R
,852911,0,0,3866,0.049,.742,0.98,-1.6,1.99,-1.72,R
,852921,0,0,3867,0.050,0.744,0.691,-1.0,1.63,-.13,R
,852931,0,0,386,0.044,0.745,0.692,-0.7,2.04,-.29,R
,852941,0,0,383,0.052,0.740,0.690,-0.74,1.84,-.38,R
,852991,0,0,3850,0.069,0.748,0.88,0.15,2.21,-042,R
,853011,0,0,3845,0.061,0.746,0.86,-0.0,1.35,-1.75,R
,853021,0,0,3854,0.051,.746,0.98,-0.9,0.71,-.95,R
,853061,0,0,3849,0.054,.747,0.88,3.23,-1.75,-1.37,R
,853101,0,0,3856,0.044,.764,0.72,0.76,0.08,-169,R
,853111,0,0,3853,0.036,.753,0.69,-0.2,-0.65,-1.26,R
,853161,0,0,385,0.056,0.755,0.42,-1.17,-2.51,-0.09,R
,853171,0,0,3833,0.063,0.755,0.41,-1.7,-1.72,-0.10,R
,853211,0,0,3838,0.039,0.754,0.674,-4.3,4.85,025,R
,853221,0,0,3845,0.025,.742,0.80,-4.4,4.74,075,R
,853231,0,0,3840,0.026,.739,0.98,-2.5,3.92,178,R
,853311,0,0,3842,0.059,0.713,0.711,-2.5,4.04,1.94,R
,853321,0,0,385,0.059,0.713,0.701,-0.6,3.86,1.87,R
,853441,0,0,384,0.057,0.742,0.68,2.10,-2.18,019,R
,853541,0,0,384,0.043,0.754,0.80,0.01,-0.16,-.27,R
,853551,0,0,384,0.053,0.762,0.689,-1.8,-1.11,-0.51,R
,853581,0,0,3844,0.060,0.744,0.02,-1.46,0.04,-.03,R
,853631,0,0,3854,0.054,0.732,0.88,1.43,-0.60,022,R
,853671,0,0,385,0.072,0.746,0.78,-0.1,-1.66,-0.67,R
,853681,0,0,3845,0.057,0.748,0.83,-0.45,0.48,-.91,R
,853691,0,0,386,0.050,0.750,0.89,-0.49,1.95,-0.70,R
,853871,0,0,388,0.068,0.740,0.89,-1.81,0.83,025,R
,853951,0,0,388,0.062,0.770,0.67,0.71,-1.52,-.42,R
,853961,0,0,3898,0.053,0.763,0.677,-0.6,-0.16,.33,R
,854001,0,0,3899,0.051,0.718,0.01,2.38,0.10,1.2,R
,854021,0,0,3888,0.075,0.740,0.75,4.61,-0.98,010,R
,854031,0,0,390,0.075,0.757,0.69,3.37,-1.58,-.62,R
,854051,0,0,3873,0.056,0.747,0.78,-1.2,-1.29,-0.58,R
,854061,0,0,3905,0.057,0.733,0.678,-1.3,-1.23,.07,R
,854071,0,0,3891,0.064,0.728,0.682,-0.5,-1.24,.36,R
,854081,0,0,392,0.065,0.729,0.86,0.06,-1.08,008,R
,854211,0,0,391,0.068,0.748,0.72,-0.84,1.26,039,R
,854221,0,0,3924,0.067,.753,0.678,-1.5,1.37,-.30,R
,854241,0,0,3930,0.055,0.752,0.691,-2.2,1.53,-.03,R
,854271,0,0,392,0.033,0.743,0.01,-1.3,1.63,-0.32,R
,854311,0,0,3918,0.052,.764,0.666,-0.7,-1.15,0.29,R
,854361,0,0,394,0.060,0.719,0.18,-3.2,-0.08,1.01,R
,854371,0,0,3917,0.063,.710,0.708,-0.1,0.28,031,R
,854391,0,0,3900,0.067,0.719,0.78,4.68,-1.61,-.20,R
,854431,0,0,391,0.067,0.755,0.64,-5.1,-0.89,-1.13,R
,854461,0,0,393,0.046,0.725,0.94,-2.80,3.09,-.80,R
,854471,0,0,3914,0.039,0.719,0.00,1.23,3.63,-004,R
,854551,0,0,3923,0.041,0.740,0.687,-2.6,0.36,023,R
,854611,0,0,392,0.067,0.780,0.37,-3.5,-0.74,.80,R
,854631,0,0,3925,0.055,0.768,0.670,-10.9,1.78,.87,R
,854641,0,0,391,0.036,0.757,0.92,-11.36,3.00,.52,R
,854651,0,0,392,0.012,0.749,0.24,-8.6,3.50,5.96,R
,854661,0,0,3923,-0.001,0.732,0.728,-4.5,2.68,.33,R
,854671,0,0,390,-0.016,0.744,0718,-0.3,1.84,7.85,R
,854781,0,0,393,-0.082,0.898,0.736,-2772,-6.6,53.01,
,854801,0,0,391,-0.102,0.858,0.860,-1733,-15.0,53.84,R
,854861,0,0,3903,-0.099,1.048,0.759,11.6,-39.3,101.09,R
,854891,0,0,392,-0.004,1.042,0.788,-2645,-31.98,128.4,R
,854921,0,0,3901,0.145,0.851,0.85,-55.97,-40.8,137.06,R
,854941,0,0,3907,0.173,.707,0.803,-58.88,-44.2,136.10,R
,854981,0,0,3925,0.303,0.376,0.63,-31.2,-9.18,107.93,
,855001,0,0,393,0.432,0.343,0.588,-9.5,20.31,2.42,R
,855011,0,0,397,0.515,0.390,0.533,1.28,39.78,9.10,R
,855041,0,0,3898,0.548,0.548,0.90,-2.48,85.24,89.30,R
,855131,0,0,395,0.382,0.356,0.99,-60.17,121.23,142.16,R
,855171,0,0,393,0.145,0.152,1.68,-88.6,129.89,156.58,R
,855191,0,0,3952,0.154,0.009,1.57,-83.07,116.3,149.41,R
,855231,0,0,3948,0.116,0.075,0.858,-24.01,72.7,108.58,R
,855271,0,0,3949,0.230,-0.047,0645,48.01,142.19,99.93,R
,855391,0,0,3945,-0.047,-0.238,.474,-19.64,37578,83.2,R
,855421,0,0,3917,-0.338,-0.340,0.405,-4.56,44398,39.6,R
,855431,0,0,394,-0.303,-0.225,.592,-5.68,419.47,19.75,R
,855441,0,0,3905,-0.448,-0.240,0.796,-14.91,37.33,-4.7,R
,855451,0,0,393,-0.567,-0.312,0.884,-17.90,33.57,-27.38,R
,855561,0,0,3901,-0.960,-0.031,.840,5270,27.73,-126.51,R
,855581,0,0,3920,-1.155,-0.044,.652,42.74,-6.4,-128.4,R
,855591,0,0,396,-1.065,-0.015,0.815,5486,-9.55,-127.63,R
,855611,0,0,395,-1.017,0.032,0782,41.1,-8.21,-124.22,R
,855671,0,0,3966,-0.685,-0.091,0.793,1210,-4.2,-90.65,R
,855691,0,0,3966,-0.708,-0.068,.776,30.09,-12.4,-100.1,R
,855741,0,0,3920,-0.819,-0.249,.824,-7.55,-97.9,-139.31,R
,855761,0,0,390,-0.818,-0.184,0.831,-1.30,-100.02,-122.22,R
,855771,0,0,398,-0.745,-0.292,.926,2.18,-92.9,-113.0,R
,855781,0,0,391,-0.712,-0.303,.878,20.83,-83.6,-103.0,R
,855811,0,0,3981,-0.594,-0.273,0.797,1015,-76.11,-78.80,R
,855851,0,0,394,-0.416,-0.299,0.781,-3.90,-63.32,-54.35,R
,855861,0,0,389,-0.429,-0.337,0.841,-2.60,-4071,-51.28,R
,855951,0,0,3959,-0.435,-0.411,.723,-7.75,-35.00,-43.38,R
,855981,272,0,3954,-0.435,-0.55,0.693,-62.36,-5.32,-50.97,R
,856011,397,0,3981,-0.47,-0.60,0.827,-61.35,-0.51,-36.85,R
,856021,454,0,3895,-0.464,-0.632,0.817,72.69,-31.03,-41.71,R
,856051,498,0,3961,-0.45,-0.67,0.865,-83.29,-0.02,-25.72,R
,856071,531,0,3984,-0.365,-0.734,0.830,66.71,-3.61,-2461,R
,856081,501,0,3901,-0.380,-0.708,0.811,63.93,18.02,-22.42,R
,856101,511,0,3891,-0.368,-0.68,0.769,-52.43,4.59,-1412,R
,856111,506,0,383,-0.149,-0.611,0.700,65.56,68.07,-35.77,R
,856121,497,0,3898,-0.578,-0.669,0.887,41.91,35.35,-7.67,R
,856131,498,0,3971,-0.330,-0.57,0.617,43.61,3.37,-5.17,R
,856141,478,0,3891,-0.377,-0.539,0.581,50.60,30.13,-9.86,R
,856171,461,0,3955,-0.508,-0.52,0.432,-90.13,1.98,-24.00,R
,856181,475,0,3898,-0.575,-0.59,0.568,73.39,7.73,-10.09,R
,856191,457,0,374,-0.468,-0.629,0.555,71.91,437,-8.21,R
,856231,442,0,400,-0.451,-0.773,0.589,63.06,-.92,-11.92,R
,856271,413,0,406,-0.199,-0.99,0.598,-58.10,-2.53,-764,R
,856301,428,0,3892,-0.14,-0.90,0.526,0.20,3312,-0.16,R
,856351,549,0,3973,-0.319,-0.83,0.504,10.30,3382,-3.95,R
,856371,480,0,3969,-0.362,-0.837,0.586,1.70,4425,-0.18,R
,856381,289,0,387,-0.462,-0.849,0.552,6.83,3769,-1.86,R
,856411,383,0,395,-0.551,-0.78,0.521,2.57,35.23,9.56,R
,856431,374,0,402,-0.564,-0.87,0.633,-5.38,6.9,19.42,R
,856451,554,0,4021,-0.516,-0.999,0.696,16.55,108,22.75,R
,856481,548,0,3903,-0.55,-0.95,0.730,54.80,5811,54.2,R
,856491,560,0,4064,-0.651,-0.863,0.716,85.29,8314,72.45,R
,856521,570,0,3875,-0.84,-0.66,0.651,67.25,140.56,121.42,R
,856571,738,0,4016,-0.789,-0.28,0.455,179.75,142.19,15.30,R
,856601,877,0,3893,-0.723,-0.167,0.341,68.62,11.00,158.54,R
,856611,884,0,416,-0.676,-0.17,0.364,159.08,128.73,154.84,R
,856631,801,0,4007,-0.760,-0.083,0.329,24.06,116.95,147.16,R
,856651,732,0,431,-0.773,-0.027,0.358,02.47,104.13,142.94,R
,856671,429,0,4044,-0.763,-0.084,0.410,20.86,18.91,149.70,R
,856681,390,0,379,-0.799,-0.01,0.329,132.28,15.00,152.17,R
,856691,607,0,407,-0.847,-0.002,0.392,38.45,136.54,154.81,R
,856731,242,0,4007,-0.86,0.059,0.420,11.22,68.65,115.64,R
,856741,327,0,3890,-0.77,0.044,0.505,14.24,53.18,116.20,R
,856751,145,0,395,-0.744,-0.029,0.538,20.77,3.97,110.08,R
,856761,228,0,3886,-0.670,0.021,0.376,10.19,25.20,98.97,R
,856771,185,0,367,-0.682,0.113,0.253,10.67,53.92,89.73,R
,856981,667,0,3888,-1.195,0.142,0.248,286,-7.55,-26.76,R
,856991,645,0,4030,-1.159,0.188,0.236,1.20,-4.11,-18.8,R
,857001,534,0,391,-1.085,0.151,0.212,1.12,2.60,-19.46,R
,857021,490,0,3888,-1.157,0.240,0.194,375,6.33,-18.79,
,857031,487,0,434,-1.208,0.269,0.176,-.90,7.78,-11.34,R
,857051,66,0,405,-1.122,0.232,.253,-2.11,-7.11,-2.21,R
,857111,0,0,402,-0.986,0.154,0244,-5.24,8.13,7.89,R
,857241,142,0,3885,-0.987,0.119,0.274,-0.30,-1.50,-18.44,R
,857281,67,0,3888,-0.988,0.146,0.284,-1.01,-1692,-26.99,R
,857301,0,0,3883,-0.935,0.101,0283,-15.29,-17.9,-24.64,R
,857341,0,0,3888,-0.852,0.121,0.311,11.7,2.08,-21.64,R
,857361,0,0,389,-0.877,0.085,0.246,-0.8,-4.02,-22.15,
,857401,72,0,3901,-0.85,0.067,0.260,-375,29.2,-29.92,R
,857421,656,0,3902,-1.09,0.164,0.085,-.45,37.78,-28.8,R
,857441,919,0,3886,-0.98,0.039,0.288,-6.91,-9.09,-28.5,R
,857471,829,0,415,-0.894,-0.043,0.341,26.78,1.37,-17.9,R
,857521,1001,0,895,-1.079,-0.00,0.222,1.80,2517,0.42,R
,857561,1205,0,3888,-1.099,0.07,0.267,27.09,6.89,4.74,R
,857571,1307,0,034,-0.980,-0.01,0.222,-11.36,4.11,11.70,R
,857581,1259,0,3881,-0.999,0.03,0.177,6.49,32.07,19.18,R
,857651,1469,0,069,-1.074,0.10,0.189,11.84,29.23,45.9,R
,857681,1680,0,895,-1.077,0.13,0.144,.55,10.4,64.95,R
,857691,1669,0,4061,-1.025,0.13,0.220,7.03,9.4,66.37,
,857711,1682,0,4053,-1.56,0.203,0.163,3.64,2636,64.5,R
,857721,1628,0,3882,-1.072,0.25,0.172,.71,23.26,59.59,R
,857731,1669,0,4065,-1.095,0.28,0.137,2.59,13.49,54.1,R
,857741,1695,0,3888,-1.41,0.305,0.179,15.15,-3.82,51.1,R
,857751,1671,0,4067,-1.152,0.294,0.176,18.77,-21.93,5773,R
,857761,1680,0,3885,-1.103,0.25,0.201,-15.29,-0.69,63.45,R
,857811,1707,0,085,-1.131,0.37,0.105,3.34,-1866,116.98,R
,857821,1712,0,3884,-1.083,0.42,0.138,.21,-1824,118.95,R
,857851,1662,0,080,-1.107,0.39,0.096,-22.19,-8.91,11.85,R
,857871,1584,0,4094,-0.89,0.455,0.201,29.75,-58.80,102.55,R
,857881,1570,0,882,-1.028,0.52,0.140,-28.65,-7.46,101.36,R
,857901,1517,0,3875,-0.88,0.522,0.175,13.84,-63.59,98.05,R
,857931,1243,0,4048,-0.909,0.54,0.170,-33.52,-11.79,109.06,R
,857971,1109,0,034,-0.733,0.52,0.171,-8.77,-8.49,96.08,R
,857991,1056,0,4091,-0.742,0.567,0.146,30.23,-3.27,74.34,R
,858011,1008,0,4095,-0.674,0.588,0.109,-52.78,-09.75,48.84,R
,858061,691,0,3876,-0.561,0.438,0.188,-1.50,-10.65,3929,R
,858171,640,0,4095,-0.62,0.468,0.348,-4.51,15.02,25.24,R
,858261,897,0,3878,-0.540,0.436,0.697,-6.91,4524,45.0,R
,858301,1066,0,3872,-0.712,0.43,1.012,-42.83,1.53,16.25,R
,858321,1219,0,3883,-0.709,0.388,1.108,26.75,-12.69,13.44,R
,858351,1231,0,095,-0.618,0.57,1.005,-2.65,2008,32.14,R
,858361,1230,0,3882,-0.577,0.56,0.889,-8.95,3158,39.7,R
,858371,1138,0,095,-0.517,0.64,0.738,-19.30,3.90,44.1,R
,858381,1216,0,881,-0.458,0.57,0.608,-30.55,4.87,43.58,R
,858411,1059,0,4095,-0.634,0.40,0.680,42.30,-13.55,12.08,R
,858421,1037,0,881,-0.597,0.42,0.680,34.17,-17.05,12.75,R
,858441,1075,0,3858,-0.58,0.408,0.638,42.46,-2.27,7.9,R
,858451,1057,0,095,-0.547,0.41,0.610,-51.26,-2.91,9.2,R
,858471,1072,0,095,-0.535,0.38,0.606,54.97,-14.45,11.87,R
,858481,1059,0,3878,-0.495,0.372,0.666,51.07,-11.75,9.70,R
,858491,1072,0,095,-0.541,0.43,0.685,53.72,-9.53,4.22,R
,858601,573,0,372,-0.511,0.331,0.775,-4.54,-34.88,5.65,R
,858661,427,0,3861,-0.442,0.308,0.759,-3.18,-7.52,8.78,R
,858701,0,0,3866,-0.478,0.278,0.768,-2060,-4.10,-1.48,R
,858711,0,0,4095,-0.546,0.301,0.782,-2729,-14.74,-3.84,R
,858741,0,0,3872,-0.533,0.275,0872,-25.46,-42.5,-15.6,R
,858771,0,0,409,-0.474,0.306,0825,-7.30,-40.4,-1.74,
,858841,0,0,3887,-0.449,0.248,0980,-4.5,-10.50,5.09,R
,858901,0,0,3873,-0.416,0.341,0.871,-1932,-40.33,-10.93,R
,858921,0,0,3873,-0.365,0.295,0.865,-1220,-33.23,-7.22,R
,858931,0,0,4095,-0.396,0.336,0.840,-9.4,-25.59,-5.22,R
,858951,0,0,4095,-0.346,0.305,0827,-9.0,-26.51,-12.27,R
,858981,0,0,388,-0.371,0.295,0851,-8.8,-33.72,-17.43,R
,859061,430,0,381,-0.377,0.238,0.967,-0.05,-1.48,-19.40,R
,859091,538,0,4095,-0.411,0.287,0.943,-7.43,-9.00,-21.45,R
,859301,1010,0,3879,-0.03,0.240,0.957,2.54,3541,-31.43,R
,859331,1051,0,4095,-0.417,0.22,1.010,23.90,3044,-34.7,R
,859341,1055,0,3861,-0.386,0.23,0.953,29.96,4369,-30.12,R
,859381,1023,0,883,-0.452,0.289,0.824,.36,33.18,-16.39,R
,859391,1069,0,4095,-0.84,0.345,0.774,4.95,19.09,-16.35,R
,859411,1072,0,4095,-0.468,0.37,0.764,-10.51,358,-9.7,R
,859511,756,0,495,-0.475,0.211,0.828,-0.13,41.98,34.97,R
,859521,694,0,383,-0.483,0.243,0.859,-4.26,51.72,39.76,R
,859531,690,0,4095,-0.492,0.250,0.874,-.72,62.25,41.52,R
,859541,784,0,383,-0.546,0.284,0.853,-.16,63.73,42.77,R
,859561,944,0,3894,-0.631,0.404,0.866,-0.19,37.32,45.67,R
,859571,1005,0,095,-0.535,0.319,0.820,20.69,7.32,41.32,R
,859581,1041,0,3891,-0.13,0.33,0.720,-20.14,-0.97,32.16,R
,859601,1010,0,3888,-0.18,0.33,0.714,-16.98,-.41,20.42,R
,859621,1239,0,885,-0.526,0.278,0.862,12.13,1.20,21.49,R
,859631,1322,0,4095,-0.537,0.307,0.842,1.43,32.19,22.8,R
,859661,1397,0,3903,-0.629,0.28,0.826,-4.25,3436,30.31,R
,859671,1456,0,095,-0.607,0.29,0.780,-6.22,1905,27.07,R
,859681,1561,0,902,-0.631,0.317,0.773,-15.72,782,24.5,R
,859721,1298,0,3894,-0.582,0.260,0.862,24.89,778,25.90,R
,859741,1275,0,3888,-0.589,0.19,0.891,17.04,20.85,25.64,R
,859751,1264,0,4095,-0.41,0.25,0.826,-15.85,2.32,26.1,R
,859761,1271,0,3880,-0.649,0.247,0.864,17.50,2.57,27.04,R
,859771,1296,0,4095,-0.659,0.25,0.861,-21.36,1.76,26.36,R
,859791,1296,0,095,-0.583,0.253,0.827,17.62,-.08,26.87,R
,859811,1328,0,4095,-0.543,0.326,0.781,15.36,-2.31,21.79,R
,859861,1408,0,3886,-0.572,0.374,0.792,24.98,-1.96,16.17,R
,859871,1410,0,4095,-0.590,0.34,0.794,-22.69,-.63,22.65,R
,859891,1418,0,095,-0.550,0.343,0.847,11.10,2.07,30.26,R
,859921,1417,0,3891,-0.546,0.31,0.859,-18.84,-0.40,2923,R
,859931,1409,0,095,-0.554,0.316,0.889,22.19,-17.05,28.63,R
,859961,1312,0,3891,-0.490,0.297,0.922,20.20,-4.21,22.33,R
,859981,1347,0,3889,-0.21,0.28,0.950,22.40,-7.01,19.78,R
,859991,1351,0,095,-0.541,0.264,0.992,20.36,-3.44,22.48,R
,860031,1314,0,4095,-0.07,0.22,1.023,-34.57,-7.70,31.03,R
,860051,1293,0,4095,-0.15,0.17,1.045,43.94,-41.93,33.97,R
,860061,1277,0,904,-0.354,0.17,1.036,-43.47,-6.98,3338,R
,860081,1199,0,882,-0.280,0.14,0.973,52.98,-46.19,27.61,R
,860091,1186,0,095,-0.274,0.15,1.004,-59.26,-7.24,2254,R
,860111,1181,0,4095,-0.91,0.12,1.022,70.51,-47.82,18.86,R
,860141,1130,0,3887,-0.96,0.19,1.079,66.52,-44.07,27.75,R
,860151,1154,0,4095,-0.420,0.21,1.072,-69.68,-7.93,2765,R
,860161,1119,0,3887,-0.438,0.23,1.065,-76.14,-1.18,2990,R
,860221,1117,0,3885,-0.282,0.055,1.090,108.13,-82.28,2.58,R
,860341,1290,0,888,-0.256,0.02,1.082,-124.40,-91.55,-5.78,R
,860351,1291,0,4095,-0.48,0.01,1.119,122.31,-88.86,-3.00,R
,860361,1332,0,3885,-0.210,0.008,1.102,118.59,86.74,-1.71,R
,860371,1355,0,4095,-0.10,0.00,1.094,-112.42,-85.18,-.54,R
,860411,1382,0,095,-0.266,-0.03,1.063,-89.84,78.25,7.52,R
,860421,1370,0,3872,-0.245,-0.05,1.081,-91.39,79.64,8.13,R
,860441,1367,0,885,-0.252,-0.05,1.100,-87.14,-79.05,12.66,R
,860461,1369,0,874,-0.273,-0.19,1.063,-85.67,75.52,2.71,R
,860501,1363,0,887,-0.143,-0.27,1.000,-70.45,77.44,36.43,R
,860541,1338,0,883,-0.067,-0.39,0.904,-57.68,74.89,3.26,R
,860671,1287,0,4095,0.09,-0.540,0.690,36.28,-72.01,3495,R
,860681,1278,0,3883,0.099,-0.51,0.708,-36.48,-3.63,39.15,R
,860701,1280,0,893,0.136,-0.52,0.721,-36.25,-5.18,40.94,R
,860711,1287,0,4095,0.137,-0.50,0.721,-39.96,-2.65,40.74,R
,860721,1286,0,3886,0.132,-0.54,0.731,-40.89,-8.88,42.02,R
,860731,1286,0,4095,0.17,-0.592,0.691,30.42,-44.48,41.42,R
,860741,1285,0,3886,0.106,-0.674,0.707,8.95,-42.30,46.89,R
,860761,1291,0,888,0.150,-0.62,0.693,24.13,-45.59,37.97,R
,860781,1296,0,3887,0.14,-0.618,0.719,-20.02,-39.14,3706,R
,860791,1292,0,4095,0.083,-0.57,0.691,-33.58,-9.21,28.17,R
,860831,1337,0,4095,0.148,-0.682,0.736,30.48,-43.56,26.84,R
,860841,1344,0,3885,0.151,-0.68,0.772,-30.98,-5.03,24.89,R
,860861,1357,0,3881,0.121,-0.65,0.766,-31.23,-1.82,19.23,R
,860881,1354,0,3885,0.168,-0.66,0.728,-28.74,-3.47,17.44,R
,860891,1355,0,095,0.148,-0.66,0.743,28.11,-31.29,1578,R
,860901,1343,0,3873,0.184,-0.65,0.726,36.92,-35.21,12.87,R
,860911,1337,0,4095,0.175,-0.66,0.721,-36.88,-8.77,8.36,R
,860921,1327,0,3888,0.178,-0.68,0.693,39.00,-4.01,2.81,R
,860991,1313,0,4095,0.245,-0.68,0.622,34.26,-51.35,-2.91,R
,861001,1250,0,875,0.269,-0.63,0.661,-36.49,-0.16,-21.37,R
,861011,1233,0,095,0.266,-0.70,0.644,35.78,-48.45,-2.56,R
,861021,1226,0,3879,0.267,-0.71,0.639,-34.60,-5.55,-24.24,R
,861071,1198,0,4095,0.338,-0.70,0.577,14.52,-32.28,-28.85,R
,861091,1165,0,095,0.362,-0.69,0.536,20.13,-21.30,-28.21,R
,861111,1141,0,4095,0.352,-0.69,0.545,-20.59,-.17,-21.34,R
,861151,1152,0,095,0.406,-0.68,0.558,9.78,-2.51,-21.84,R
,861161,1145,0,3877,0.47,-0.669,0.565,8.31,-0.05,-21.1,R
,861171,1145,0,095,0.407,-0.65,0.562,8.37,0.94,-22.0,R
,861181,1142,0,3873,0.417,-0.64,0.561,9.72,0.79,-23.02,R
,861191,1139,0,4095,0.417,-0.64,0.589,-9.67,3.5,-23.86,R
,861211,1143,0,4095,0.39,-0.639,0.610,-9.67,2.5,-20.62,R
,861231,1139,0,4095,0.34,-0.673,0.632,8.34,-2.76,-23.5,R
,861251,1110,0,095,0.402,-0.66,0.624,4.89,-4.98,-22.09,R
,861261,1106,0,869,0.420,-0.66,0.616,2.71,-1.87,-17.58,R
,861271,1095,0,4095,0.449,-0.64,0.616,-4.17,2.4,-14.06,R
,861281,1014,0,875,0.447,-0.64,0.602,-6.60,5.6,-12.07,R
,861311,977,0,495,0.41,-0.641,0.629,-5.29,2.9,-20.09,R
,861321,963,0,386,0.442,-0.677,0.640,-5.10,-3.8,-22.90,R
,861331,976,0,495,0.468,-0.672,0.653,-.30,-5.18,-23.37,R
,861371,1009,0,4095,0.46,-0.637,0.625,0.36,16.8,-2.06,R
,861381,1008,0,3882,0.460,-0.63,0.631,0.23,20.11,-0.30,R
,861401,1009,0,3881,0.41,-0.641,0.657,-1.17,17.06,-0.74,R
,861431,1001,0,4095,0.44,-0.66,0.656,7.89,7.05,-3.16,R
,861451,974,0,4095,0.44,-0.656,0.644,11.40,9.2,0.60,R
,861471,982,0,4095,0.41,-0.619,0.627,10.36,15.0,4.16,R
,861531,991,0,4095,0.40,-0.638,0.684,7.92,-0.6,-4.36,R
,861611,985,0,495,0.429,-0.608,0.618,425,2.08,5.55,R
,861671,1006,0,4095,0.41,-0.70,0.647,9.29,5.1,2.91,R
,861681,1009,0,888,0.438,-0.688,0.654,2.25,7.96,2.26,R
,861711,1015,0,4095,0.44,-0.68,0.687,12.38,2.8,-6.45,R
,861721,1010,0,3885,0.44,-0.69,0.697,9.20,2.0,-5.67,R
,861731,1023,0,095,0.44,-0.675,0.687,4.97,2.18,-4.21,R
,861751,995,0,4095,0.44,-0.694,0.704,-2.66,-1.3,-7.81,R
,861791,1005,0,4095,0.483,-0.71,0.707,-27.03,-2.08,-24.87,R
,861801,1006,0,885,0.43,-0.733,0.692,-30.88,-7.66,-2.23,R
,861841,991,0,377,0.44,-0.753,0.635,-16.59,-5.40,-16.06,R
,861871,1001,0,095,0.38,-0.71,0.555,8.17,6.16,-17.6,R
,861891,1007,0,095,0.31,-0.693,0.560,-8.25,9.8,-16.9,R
,861951,1002,0,4095,0.37,-0.65,0.500,24.28,11.96,-1453,R
,861971,1003,0,095,0.37,-0.67,0.515,-21.64,1.43,-11.54,R
,861991,997,0,4095,0.392,-0.660,0.490,-22.98,21.26,-10.62,R
,862041,1008,0,886,0.36,-0.686,0.524,-23.20,3.36,-9.71,R
,862061,1034,0,887,0.37,-0.673,0.497,-29.72,36.65,-11.89,R
,862111,1047,0,095,0.31,-0.72,0.467,55.38,21.00,-15.78,R
,862131,1053,0,095,0.48,-0.74,0.494,45.33,22.19,-1227,R
,862161,1133,0,3888,0.45,-0.74,0.478,30.26,3.86,-8.2,R
,862181,1073,0,3883,0.381,-0.706,0.447,33.27,47.81,-9.1,R
,862231,1246,0,4095,0.40,-0.80,0.505,44.88,3.15,-7.95,R
,862241,1252,0,904,0.40,-0.74,0.488,47.38,23.96,-1737,R
,862251,1264,0,4095,0.439,-0.772,0.502,-42.20,23.35,-22.39,R
,862311,1316,0,095,0.42,-0.741,0.498,-44.51,1.44,-17.23,R
,862341,1328,0,3889,0.55,-0.74,0.478,28.81,086,-28.04,R
,862381,1359,0,890,0.46,-0.72,0.676,32.55,3.29,-10.30,R
,862411,1360,0,095,0.46,-0.60,0.899,-36.62,1.20,-17.03,R
,862421,1330,0,886,0.32,-0.79,0.948,26.77,1.92,-7.48,R
,862441,1403,0,3889,0.43,-0.78,1.191,10.39,2.50,10.94,R
,862461,1409,0,891,0.41,-0.74,1.215,4.43,2198,15.16,R
,862481,1476,0,897,0.57,-0.81,1.129,14.53,-839,8.65,R
,862491,1483,0,4095,0.40,-0.76,1.048,7.80,6.79,10.89,R
,862501,1507,0,3893,0.569,-0.695,0.959,8.67,7.7,16.60,R
,862511,1391,0,095,0.67,-0.75,0.785,.95,3.5,17.44,R
,862551,1366,0,095,0.57,-0.79,0.733,16.68,-4.10,13.36,R
,862571,1367,0,095,0.44,-0.73,0.631,8.54,-2.35,12.5,R
,862591,1345,0,095,0.47,-0.75,0.605,.06,-2726,11.79,R
,862611,1334,0,4095,0.503,-0.806,0.594,9.77,-23.18,14.48,R
,862641,1265,0,3899,0.38,-0.77,0.593,13.89,-9.59,21.35,R
,862651,1275,0,4095,0.430,-0.785,0.616,15.02,-16.85,21.75,R
,862661,1278,0,3876,0.47,-0.77,0.583,2.96,-24.30,19.55,R
,862671,1276,0,4095,0.435,-0.802,0.593,10.03,-33.99,14.04,R
,862741,1231,0,3893,0.33,-0.746,0.578,11.29,-1.16,25.41,R
,862751,1232,0,095,0.32,-0.74,0.573,.94,-23.11,21.4,R
,862761,1225,0,890,0.38,-0.76,0.569,1.56,-3.83,19.78,R
,862791,1234,0,4095,0.407,-0.804,0.583,-1.72,-49.93,13.35,R
,862841,1234,0,888,0.36,-0.78,0.610,.54,-2474,19.38,R
,862901,1075,0,3893,0.32,-0.774,0.544,11.22,-2.34,5.71,R
,862941,1034,0,3881,0.257,-0.79,0.369,8.10,-3.86,7.10,R
,862991,1071,0,4095,0.37,-0.70,0.006,2.61,-4.24,-9.17,R
,863101,1050,0,3899,0.360,-0.794,0.270,-6.19,1576,-5.42,R
,863141,1107,0,3894,0.296,-0.784,0.314,-10.86,26.89,-12.32,R
,863161,1170,0,900,0.31,-0.81,0.342,-23.76,21.40,-1717,R
,863191,1205,0,095,0.47,-0.92,0.360,27.27,14.88,-19.06,R
,863201,1206,0,3897,0.471,-0.954,0.398,-22.95,15.37,-2366,R
,863211,1209,0,4095,0.482,-0.977,0.365,-12.78,22.56,-23.77,R
,863241,1188,0,3878,0.44,-0.85,0.269,26.04,85.43,-4.01,R
,863261,1185,0,3890,0.49,-0.80,0.356,1.83,12.77,3.32,R
,863361,948,0,3901,0.270,-0.525,0.839,9.79,10665,-23.48,R
,863451,975,0,4095,0.11,-0.452,1.041,145.77,133.29,-21.54,R
,863491,993,0,4095,0.10,-0.370,1.060,147.32,117.14,-1974,R
,863571,1054,0,4095,-0.43,-0.13,1.087,143.81,99.84,-8.99,R
,863581,1083,0,3895,-0.39,-0.102,1.072,139.93,94.54,-0.30,R
,863651,1087,0,095,-0.231,0.068,1.055,05.00,6.10,2.17,R
,863671,1078,0,095,-0.15,0.11,1.019,1.19,54.80,1.21,R
,863701,1084,0,896,-0.71,0.05,1.077,2.22,34.86,-1.40,R
,863761,1104,0,905,-0.278,0.08,1.068,8.04,1108,6.19,R
,863771,1115,0,4095,-0.05,-0.08,1.183,29.83,6.71,12.25,R
,863781,1098,0,3903,-0.289,0.07,1.111,4.65,6.74,11.75,R
,863791,1105,0,4087,-0.301,0.071,1.075,0.33,14.13,17.0,R
,863801,1065,0,3911,-0.323,0.102,1.071,6.13,26.60,24.4,R
,863821,1071,0,3902,-0.87,0.11,1.242,4.06,42.07,31.68,R
,863871,1066,0,4095,-0.37,0.094,1.060,18.54,-1.81,13.0,R
,863941,1071,0,3899,-0.258,0.069,0.920,6.22,-12.24,10.04,R
,863981,1072,0,3916,-0.296,0.082,1.003,14.05,-5.90,-13.58,R
,864001,1072,0,3910,-0.265,0.081,1.034,5.29,-2.89,0.04,R
,864021,1072,0,913,-0.56,0.09,1.012,12.99,-4.47,14.65,R
,864031,1013,0,091,-0.88,0.13,0.966,14.19,6.01,14.31,R
,864081,966,0,3916,-0.21,0.125,1.008,-8.46,-3628,-14.13,R
,864171,963,0,4077,-0.25,0.197,0.996,2.54,10.16,0.25,R
,864261,980,0,3910,-0.224,0.191,0.974,422,-11.37,-15.51,R
,864371,1010,0,4058,-0.18,0.244,0.975,6.15,12.89,-3.28,R
,864381,1008,0,3920,-0.100,0.21,0.965,18.27,1367,-13.38,R
,864401,1012,0,3916,-0.66,0.33,0.972,20.77,-6.33,-11.77,R
,864411,1014,0,4062,0.185,0.293,0.811,2.73,6.7,-13.00,R
,864421,1023,0,3932,-0.179,0.23,0.958,7.83,-3.40,3.68,R
,864431,1014,0,4053,-0.127,0.302,0.874,9.49,6.1,9.04,
,864451,1007,0,4039,-0.418,0.282,0.191,-10.04,28.31,17.09,R
,864461,1008,0,911,-0.54,0.23,0.905,2.94,5.4,13.33,R
,864471,1009,0,4055,-0.83,0.30,0.603,4.25,1.43,22.11,R
,864541,1008,0,913,-0.251,0.389,1.109,9.40,8.47,2.94,R
,864551,1007,0,4041,-0.245,0.394,0.961,.49,12.08,2.98,R
,864561,1008,0,3916,-0.88,0.392,0.901,0.90,14.18,3.15,R
,864581,1005,0,3919,-0.26,0.326,1.001,13.06,26.62,10.97,R
,864591,1003,0,029,-0.198,0.29,0.938,7.37,19.76,11.73,R
,864601,1007,0,3907,-0.192,0.28,0.997,.35,12.77,10.22,R
,864611,1008,0,4002,-0.11,0.287,0.966,.67,6.30,-1.22,R
,864631,1010,0,4057,-0.268,0.35,0.918,3.12,-2.76,-13.69,R
,864641,1004,0,3911,-0.255,0.33,0.943,-3.62,-2.63,-12.38,R
,864651,1003,0,032,-0.297,0.30,0.956,-1.26,-876,-6.90,R
,864681,1006,0,3918,-0.78,0.300,0.949,.64,-25.75,-16.24,R
,864691,1007,0,4029,-0.78,0.267,0.956,10.88,-34.16,-2.16,R
,864701,1015,0,3915,-0.81,0.326,0.882,10.68,-25.01,-27.58,R
,864711,1011,0,4032,-0.58,0.374,0.879,6.25,-17.69,-22.85,R
,864721,1011,0,3925,-0.213,0.35,0.909,-3.61,-6.02,-21.52,R
,864731,1007,0,4035,-0.75,0.36,0.930,0.45,2.48,-17.93,R
,864751,1008,0,4026,-0.52,0.342,0.979,1.46,2.60,-8.61,R
,864761,1008,0,3919,-0.232,0.335,0.959,15.35,2.31,-5.67,R
,864791,1011,0,4035,-0.92,0.348,0.924,.14,8.82,-15.06,R
,864801,1009,0,3920,-0.310,0.33,0.958,4.62,11.7,-10.74,R
,864811,1019,0,4019,-0.95,0.299,0.995,0.35,4.33,-6.79,R
,864821,1020,0,920,-0.252,0.29,0.981,15.77,-479,-5.61,R
,864831,1023,0,4032,-0.222,0.301,0.951,8.77,-11.50,-5.29,R
,864841,1040,0,3916,-0.79,0.32,0.923,20.70,-701,-5.67,R
,864851,1015,0,026,-0.149,0.30,0.893,18.07,3.3,-10.67,R
,864861,1042,0,921,-0.134,0.33,0.851,5.17,20.33,-12.22,R
,864871,1037,0,4018,-0.24,0.333,0.870,5.32,37.64,-16.0,R
,864881,1014,0,3913,-0.44,0.350,0.842,.22,49.66,-14.99,R
,864891,1007,0,4010,-0.94,0.35,0.849,.72,51.28,-15.46,R
,864911,994,0,4017,-0.225,0.496,0.845,760,39.79,-10.87,R
,864941,990,0,3920,0.051,0.494,.856,4.07,-15.47,-40.36,R
,864951,1008,0,3982,-0.04,0.306,0.981,18.97,-2.16,-56.59,R
,864961,1010,0,3923,-0.85,0.455,1.005,10.42,-8.34,-56.97,R
,864971,1014,0,4012,-0.25,0.352,1.103,16.04,-90.25,-65.38,R
,864991,1010,0,3968,-0.82,0.20,0.963,-116.51,141.79,-57.58,R
,865011,1077,0,3971,-0.71,0.159,0.945,.37,-58.51,-24.10,R
,865051,1074,0,3979,-0.304,0.31,0.885,69.02,76.31,3.70,R
,865071,1019,0,3983,-0.16,0.345,0.892,0.67,68.60,2.57,R
,865081,1018,0,3919,-0.35,0.338,0.901,46.80,50.86,-1.05,R
,865091,1006,0,3970,-0.46,0.346,0.908,33.58,2425,-3.75,R
,865121,1035,0,926,-0.310,0.34,0.964,8.42,-2476,-2.59,R
,865141,1050,0,3922,-0.333,0.403,0.930,.90,-6.54,5.82,R
,865201,1050,0,3927,-0.303,0.47,0.947,3.11,0.05,22.52,
,865211,1072,0,958,-0.289,0.504,0.936,6.65,-8.53,19.62,R
,865221,1051,0,931,-0.286,0.50,0.946,11.24,-14.11,16.40,R
,865231,1057,0,973,-0.52,0.506,0.916,19.47,-16.66,1373,R
,865251,1049,0,3984,-0.09,0.51,0.935,-28.17,-17.09,18.86,R
,865261,1036,0,3933,-0.84,0.493,0.944,-32.71,-15.85,22.37,R
,865281,1044,0,936,-0.294,0.50,0.925,42.94,-6.98,32.77,R
,865301,1040,0,933,-0.276,0.48,0.893,67.17,-2.48,35.44,R
,865321,1056,0,931,-0.263,0.45,0.908,-82.40,-49.87,3877,R
,865331,1056,0,969,-0.248,0.44,0.902,90.04,-54.02,41.15,R
,865341,1057,0,3927,-0.209,0.404,0.907,94.55,-57.67,4336,R
,865371,1069,0,3957,-0.51,0.365,0.951,105.49,-54.50,41.21,R
,865381,1075,0,3934,-0.161,0.35,0.966,106.55,49.20,41.45,R
,865391,1088,0,951,-0.134,0.30,1.000,114.86,-53.85,39.59,R
,865411,1101,0,936,-0.134,0.26,1.042,127.90,66.48,39.35,R
,865461,1200,0,3942,-0.023,0.12,1.129,156.92,-85.06,51.50,R
,865471,1206,0,931,0.00,0.056,1.158,-63.33,-88.92,49.76,R
,865491,1147,0,3938,0.03,-0.000,1.170,161.06,-97.84,45.52,R
,865511,1136,0,946,0.091,-0.041,1.137,168.48,-105.84,9.90,R
,865541,1063,0,3952,0.091,-0.14,1.110,176.80,-124.56,38.86,R
,865561,1045,0,947,0.132,-0.193,1.098,163.76,-127.67,46.81,R
,865571,1023,0,3930,0.10,-0.22,1.092,-153.76,-123.79,1.01,R
,865591,1014,0,3925,0.29,-0.27,1.067,-143.88,-119.90,45.58,R
,865611,1009,0,3934,0.23,-0.377,1.000,141.94,-123.20,8.52,R
,865631,995,0,3920,0.30,-0.407,0.937,-34.36,-122.77,36.84,R
,865691,997,0,324,0.40,-0.581,0.788,-82.91,-103.01,29.07,R
,865721,994,0,3947,0.41,-0.565,0.706,-9.03,-66.54,34.58,R
,865731,987,0,3949,0.40,-0.577,0.696,-45.72,-59.92,31.73,R
,865781,961,0,3953,0.41,-0.628,0.640,-6.02,-58.54,19.59,R
,865791,967,0,3931,0.40,-0.649,0.610,-39.88,-58.05,18.8,R
,865831,969,0,3933,0.401,-0.604,0.548,-9.20,-36.66,21.0,R
,865841,962,0,350,0.38,-0.624,0.556,-31.07,-35.26,18.2,R
,865861,966,0,339,0.34,-0.618,0.559,-0.04,-33.75,15.5,R
,865911,955,0,3920,0.34,-0.587,0.515,-0.77,-16.18,22.36,R
,865931,949,0,3926,0.331,-0.563,0.496,-7.88,-10.82,20.3,R
,865971,947,0,305,0.35,-0.632,0.499,-21.26,-14.07,11.9,R
,866001,949,0,343,0.36,-0.650,0.491,-2.25,0.1,15.18,R
,866011,951,0,320,0.35,-0.652,0.503,-1.33,5.35,15.87,R
,866151,937,0,315,0.35,-0.725,0.585,-0.59,10.45,1.03,R
,866301,893,0,3952,0.353,-0.740,0.603,-.55,11.28,-10.44,R
,866351,880,0,3888,0.348,-0.765,0.516,-.59,15.49,-14.59,R
,866541,979,0,3953,0.349,-0.698,0.546,-9.62,2181,-29.89,R
,866651,1008,0,3888,0.505,-0.706,0.437,32.45,3.02,-32.16,R
,866661,1007,0,3978,0.42,-0.727,0.487,-36.43,25.53,-33.55,R
,866701,1022,0,993,0.52,-0.70,0.521,23.75,-.73,-31.54,R
,866721,1021,0,3965,0.53,-0.65,0.548,30.63,5.06,-34.07,R
,866731,1015,0,3891,0.57,-0.66,0.625,-32.86,7.05,-31.3,R
,866741,1020,0,963,0.538,-0.71,0.644,-29.44,13.46,-31.03,R
,866781,1038,0,978,0.58,-0.74,1.188,32.65,27.40,-10.04,R
,866791,1042,0,3897,0.491,-0.760,1.268,25.44,3.51,-10.71,R
,866801,1022,0,3970,0.480,-0.722,1.380,-19.30,33.50,-5.16,R
,866811,1023,0,3879,0.45,-0.736,1.430,-11.70,29.70,1.00,R
,866831,1023,0,3887,0.49,-0.713,1.412,-1.30,9.23,4.40,R
,866841,1008,0,993,0.56,-0.70,1.387,6.64,-1.89,-0.85,R
,866981,992,0,3977,0.46,-0.702,0.659,21.54,-15.29,27.52,R
,867091,1001,0,883,0.406,-0.71,0.648,4.45,-17.66,32.98,R
,867111,1001,0,877,0.385,-0.69,0.651,1.32,-7.79,32.11,R
,867181,976,0,3991,0.35,-0.798,0.543,17.09,-4298,10.68,R
,867291,922,0,377,0.34,-0.776,-0.038,5.05,-2543,-5.61,R
,867311,923,0,375,0.387,-0.800,-0.123,19.15,-1.09,-5.96,R
,867371,960,0,3879,0.34,-0.773,0.263,-5.93,35.84,-11.6,R
,867391,960,0,3861,0.317,-0.817,0.302,-5.09,34.01,-10.07,R
,867441,976,0,424,0.279,-0.833,0.436,-6.39,34.53,-24.58,R
,867461,970,0,438,0.334,-0.839,0.433,-34.98,2895,-25.52,R
,867491,961,0,369,0.342,-0.860,0.477,-42.59,3123,-31.9,R
,867511,953,0,379,0.336,-0.833,0.457,-5.61,30.05,-40.85,R
,867531,976,0,370,0.34,-0.775,0.401,-33.84,33.57,-40.00,R
,867571,1007,0,3876,0.41,-0.732,0.356,37.30,38.94,-49.03,R
,867581,1008,0,959,0.35,-0.709,0.363,-34.17,4.01,-49.74,R
,867631,1021,0,3864,0.26,-0.54,0.374,-17.64,7.28,-43.16,R
,867641,1013,0,4038,0.22,-0.50,0.403,11.85,76.66,-34.85,R
,867651,1011,0,871,0.298,-0.494,0.428,-9.68,78.41,-30.8,R
,867691,1015,0,867,0.162,-0.311,0.649,3.09,11.11,-10.88,R
,867701,1002,0,4032,0.15,-0.29,0.682,15.80,120.08,-1.2,R
,867791,1035,0,871,0.429,-0.569,1.416,0.07,7627,40.63,R
,867801,1040,0,4042,0.435,-0.55,1.380,4.79,68.70,45.49,R
,867811,1041,0,3872,0.55,-0.635,1.414,0.74,51.64,45.01,R
,867821,1072,0,042,0.576,-0.69,1.391,9.92,35.03,39.36,R
,867851,1075,0,3874,0.69,-0.839,1.201,45.52,19.35,36.81,R
,867881,1040,0,4037,0.59,-0.861,1.182,62.56,15.84,32.94,R
,867891,1047,0,877,0.56,-0.830,1.126,62.67,1176,34.9,R
,867921,1041,0,047,0.41,-0.783,1.058,1.48,-15.03,33.84,R
,867941,1041,0,4063,0.47,-0.78,1.026,5.40,-26.57,34.45,R
,867951,1037,0,877,0.43,-0.766,1.004,35.64,-26.27,35.21,R
,867961,1008,0,4061,0.36,-0.765,1.016,37.80,-2.61,36.65,R
,867971,1023,0,871,0.359,-0.746,1.006,1.77,-20.16,39.04,R
,868021,995,0,469,0.23,-0.669,0.967,2.11,-41.95,34.6,R
,868051,998,0,372,0.190,-0.656,0.948,2.47,-46.53,38.8,R
,868061,989,0,453,0.181,-0.620,0.940,3.80,-41.96,40.4,R
,868071,994,0,3876,0.31,-0.508,0.919,2.56,-31.93,32.6,R
,868121,979,0,465,0.10,-0.614,0.941,15.78,-50.98,33.97,R
,868151,994,0,3856,0.06,-0.592,0.866,25.02,-5682,30.95,R
,868171,1037,0,3871,0.03,-0.60,0.797,8.10,-6.10,28.26,R
,868181,1015,0,069,0.083,-0.605,0.727,2.77,-63.58,27.8,R
,868191,1047,0,3879,0.15,-0.61,0.658,44.59,-6.81,28.84,R
,868241,976,0,448,0.190,-0.532,0.262,1.61,-54.94,-2.53,R
,868261,976,0,449,0.22,-0.632,0.216,-1.61,-58.31,-15.42,R
,868271,950,0,374,0.15,-0.614,0.169,-6.75,-49.17,-13.71,R
,868311,881,0,373,0.26,-0.656,0.119,-.03,0.77,3.96,R
,868351,935,0,395,0.18,-0.664,0.364,2.96,4.47,-8.94,
,868411,973,0,3879,0.114,-0.673,0.643,-9.43,41.89,-12.4,R
,868441,1109,0,4069,0.204,-0.69,0.718,22.78,1.92,-31.46,R
,868461,1138,0,078,0.20,-0.710,0.707,-32.52,1.57,-25.81,R
,868471,1137,0,877,0.29,-0.711,0.730,-30.40,27.11,-21.60,R
,868521,1098,0,038,0.11,-0.64,0.742,-4.25,80.01,-26.67,R
,868551,1104,0,3888,0.28,-0.64,0.747,34.22,31.24,-4074,R
,868561,1098,0,016,0.28,-0.630,0.759,-39.23,15.69,-42.79,R
,868571,1110,0,878,0.24,-0.67,0.769,-38.80,10.16,-41.35,R
,868581,1116,0,4050,0.26,-0.64,0.753,-37.58,1.64,-38.50,R
,868611,1159,0,883,0.28,-0.590,0.670,-27.24,43.82,-30.56,R
,868621,1153,0,4022,0.36,-0.62,0.657,-28.48,5.60,-28.76,R
,868661,1127,0,4048,0.35,-0.59,0.629,-31.30,12.92,-36.67,R
,868671,1138,0,3872,0.35,-0.60,0.708,-35.01,14.42,-39.22,R
,868681,1141,0,4058,0.34,-0.61,0.800,-43.61,19.32,-3942,R
,868691,1143,0,3865,0.37,-0.63,0.935,39.23,2.70,-38.64,R
,868701,1142,0,4048,0.30,-0.62,1.058,-34.63,23.87,-35.11,R
,868751,1183,0,3874,0.25,-0.58,1.636,-14.16,52.66,-1.54,R
,868761,1185,0,061,0.29,-0.579,1.691,12.08,35.95,-3.3,R
,868771,1183,0,882,0.35,-0.60,1.667,-7.88,17.86,-8.36,R
,868811,1175,0,877,0.36,-0.537,1.218,.05,13.43,4.10,R
,868831,1127,0,873,0.320,-0.56,1.135,.61,-4.4,5.39,R
,868851,1123,0,3873,0.30,-0.554,1.028,0.24,-27.32,-1.7,R
,868871,1141,0,3869,0.308,-0.55,0.937,2.44,-30.13,-0.99,R
,868901,1185,0,080,0.39,-0.54,0.864,10.62,-21.52,15.8,R
,868931,1171,0,3878,0.298,-0.556,0.844,.75,-24.04,21.7,R
,868961,1168,0,4080,0.274,-0.56,0.911,12.24,-32.56,26.04,R
,868971,1164,0,3866,0.285,-0.53,0.896,2.79,-3.77,25.91,R
,868981,1165,0,079,0.33,-0.555,0.873,4.12,-3.66,26.71,R
,868991,1167,0,866,0.22,-0.553,0.884,5.29,-3.71,26.62,R
,869021,1189,0,4085,0.25,-0.50,0.928,15.46,-19.20,32.34,R
,869031,1187,0,3869,0.18,-0.52,0.929,10.24,-21.59,33.91,R
,869041,1197,0,4095,0.191,-0.54,0.931,.03,-31.43,33.82,R
,869051,1188,0,3867,0.186,-0.56,0.936,.74,-39.67,33.85,R
,869071,1168,0,3865,0.25,-0.594,0.943,10.50,-53.73,28.9,R
,869101,1136,0,080,0.15,-0.63,0.904,20.12,-54.11,24.26,R
,869111,1103,0,3867,0.166,-0.62,0.881,4.22,-48.98,26.36,R
,869121,1104,0,095,0.14,-0.640,0.840,25.70,-44.33,27.18,R
,869131,1089,0,875,0.11,-0.63,0.775,25.48,-40.72,27.4,R
,869151,1091,0,858,0.15,-0.646,0.593,1.22,-36.25,26.45,R
,869231,970,0,356,0.25,-0.671,0.135,-3.91,-37.29,-9.29,R
,869261,1004,0,4095,0.220,-0.74,0.116,11.04,-3.17,-0.07,R
,869291,1079,0,3882,0.14,-0.75,0.303,2.57,18.68,-8.77,R
,869301,1092,0,4095,0.28,-0.797,0.385,.12,24.79,-6.50,R
,869331,1093,0,3857,0.136,-0.75,0.418,31.64,34.33,-19.23,R
,869341,1065,0,4095,0.16,-0.76,0.490,-36.20,30.02,-22.42,R
,869361,1005,0,4095,0.160,-0.80,0.575,42.55,2.04,-32.65,R
,869381,1022,0,4095,0.11,-0.841,0.646,42.45,1.87,-43.25,R
,869391,1039,0,3863,0.23,-0.854,0.637,41.12,20.63,-42.59,R
,869401,1040,0,4095,0.29,-0.833,0.639,36.49,2.66,-40.29,R
,869411,1041,0,3865,0.20,-0.81,0.663,-37.53,36.53,-40.80,R
,869461,1062,0,4095,0.23,-0.76,0.684,-54.26,48.51,-62.77,R
,869471,1067,0,856,0.25,-0.78,0.664,-57.20,40.30,-67.63,R
,869481,1071,0,4095,0.247,-0.80,0.680,57.88,26.42,-70.85,R
,869501,1103,0,095,0.28,-0.75,0.633,-51.00,16.42,-8030,R
,869511,1101,0,3862,0.22,-0.71,0.595,44.92,22.56,-81.28,R
,869531,1106,0,868,0.21,-0.645,0.518,39.53,40.54,-7995,R
,869541,1086,0,091,0.20,-0.60,0.512,-39.97,4.32,-85.22,R
,869571,1089,0,3870,0.12,-0.391,0.425,17.21,3.05,-95.83,R
,869581,1070,0,4095,0.076,-0.25,0.393,16.42,46.27,-8300,R
,869601,994,0,4095,-0.033,-0.15,0.500,23.30,69.52,-50.55,R
,869611,1001,0,862,-0.47,-0.01,0.595,-15.01,79.61,-4.99,R
,869621,1001,0,4095,-0.34,-0.02,0.726,-10.49,81.20,-39.25,R
,869641,1057,0,4095,-0.02,0.014,0.934,-1.79,91.09,-17.5,R
,869681,1126,0,095,0.05,-0.15,1.495,18.41,98.89,35.27,R
,869691,1134,0,865,0.10,-0.19,1.563,31.83,92.16,39.56,R
,869741,1119,0,095,0.52,-0.56,1.599,51.86,59.17,58.65,R
,869751,1119,0,3869,0.62,-0.60,1.402,53.26,57.95,57.45,R
,869771,1117,0,872,0.64,-0.71,1.378,56.15,47.26,46.6,R
,869821,1099,0,095,0.54,-0.75,1.215,55.48,10.44,33.47,R
,869831,1104,0,866,0.52,-0.77,1.217,52.16,-0.88,31.97,R
,869841,1095,0,4095,0.49,-0.767,1.175,0.68,-8.18,32.11,R
,869851,1081,0,3863,0.44,-0.744,1.140,8.73,-8.92,31.9,R
,869861,1082,0,4095,0.448,-0.74,1.151,1.93,-10.92,30.0,R
,869881,1073,0,095,0.37,-0.65,1.084,49.11,-431,36.69,R
,869891,1075,0,872,0.20,-0.636,1.104,46.35,-4.83,39.29,R
,869911,1077,0,3861,0.12,-0.594,1.092,0.16,-16.39,45.68,R
,870001,999,0,4095,0.090,-0.472,1.010,18.18,-27.37,45.3,R
,870021,995,0,4095,0.09,-0.509,1.015,19.63,-40.77,44.95,R
,870051,990,0,3861,0.03,-0.449,1.061,2.23,-36.11,39.61,R
,870081,1011,0,4095,-0.16,-0.447,0.995,19.03,-8.36,39.27,R
,870111,995,0,3853,-0.043,-0.49,0.874,15.74,-55.69,25.50,R
,870141,911,0,4095,-0.06,-0.48,0.637,38.57,-66.94,21.5,R
,870201,894,0,4095,0.10,-0.450,0.315,512,-20.51,7.81,R
,870241,898,0,4095,0.09,-0.588,0.319,-.17,-16.62,-4.42,R
,870251,912,0,3863,0.12,-0.601,0.500,-.09,-1230,-12.21,R
,870311,937,0,3866,0.04,-0.528,0.703,-1.52,43.60,-6.73,R
,870361,874,0,4095,0.08,-0.525,0.877,-5.59,27.92,-36.73,R
,870381,914,0,4095,0.09,-0.566,0.925,-9.78,23.43,-26.47,R
,870411,906,0,3871,0.09,-0.487,0.909,-.89,51.47,-30.10,R
,870451,906,0,3872,0.09,-0.499,0.932,-2.49,26.31,-48.76,R
,870471,991,0,366,0.074,-0.499,0.930,-0.71,-4.89,-55.25,R
,870481,1003,0,4095,0.14,-0.55,0.945,-45.10,-4.04,-50.91,R
,870521,1003,0,4095,0.15,-0.475,0.827,23.33,38.36,-3091,R
,870591,1006,0,3856,0.23,-0.476,0.570,38.20,-1.70,-42.77,R
,870641,1006,0,095,0.158,-0.44,1.149,45.24,47.38,-2364,R
,870711,1055,0,3873,0.11,-0.393,1.800,4.01,12.59,-0.33,R
,870721,1063,0,095,0.197,-0.42,1.744,.45,4.08,-1.42,R
,870741,1023,0,095,0.25,-0.40,1.341,2.97,2.63,8.87,
,870771,1001,0,858,0.27,-0.43,1.158,11.81,-879,15.55,R
,870891,1008,0,3865,0.185,-0.41,0.976,19.25,-12.45,38.23,R
,870911,1040,0,3871,0.141,-0.40,0.985,12.44,-18.68,38.9,R
,870931,1018,0,3856,0.19,-0.45,1.015,11.03,-29.50,36.97,R
,870941,1040,0,4095,0.120,-0.44,1.015,15.37,-32.19,38.25,R
,870971,1040,0,3868,0.10,-0.431,1.017,20.83,-2.80,40.86,R
,871001,1040,0,4095,0.100,-0.43,1.045,20.50,-27.85,42.31,R
,871021,1018,0,4095,0.03,-0.443,1.067,9.06,-32.95,35.61,R
,871041,1035,0,4095,0.05,-0.49,1.063,20.74,-4.72,26.16,R
,871051,1023,0,3856,0.01,-0.504,1.052,7.16,-49.21,25.30,R
,871061,1023,0,4095,0.03,-0.49,0.981,19.43,-5.51,24.25,R
,871081,986,0,4095,0.00,-0.547,0.838,31.22,-4651,26.11,R
,871101,1038,0,095,0.057,-0.55,0.638,33.69,-38.89,21.91,R
,871131,1010,0,3868,0.04,-0.56,0.409,20.59,-32.34,11.50,R
,871171,1040,0,863,0.114,-0.63,0.315,-22.01,-2.85,-9.52,R
,871181,1044,0,4095,0.13,-0.67,0.309,-30.14,-28.53,-9.89,R
,871191,1057,0,3867,0.088,-0.682,0.323,29.81,-22.82,-888,R
,871201,1040,0,4095,0.10,-0.747,0.322,27.36,-13.34,-8.33,R
,871231,1006,0,3872,0.07,-0.708,0.489,4.98,16.44,-10.2,R
,871241,992,0,495,0.10,-0.631,0.490,-11.65,27.31,-14.99,R
,871251,1002,0,3869,0.08,-0.650,0.556,23.47,32.76,-2042,R
,871281,1010,0,095,0.023,-0.646,0.683,39.24,23.66,-2412,R
,871291,1042,0,865,0.040,-0.64,0.714,-42.81,20.71,-29.26,R
,871301,1070,0,095,0.062,-0.69,0.754,-45.23,1.47,-37.71,R
,871321,1069,0,4095,0.03,-0.723,0.797,44.86,15.76,-4622,R
,871341,1071,0,4095,0.15,-0.72,0.783,-40.52,3.04,-55.31,R
,871351,1104,0,3874,0.18,-0.68,0.770,-42.80,35.89,-5571,R
,871391,1133,0,862,0.128,-0.762,0.850,-69.00,23.70,-7364,R
,871401,1139,0,095,0.10,-0.780,0.863,64.52,20.10,-77.67,R
,871411,1139,0,3870,0.10,-0.775,0.847,55.41,20.86,-8167,R
,871431,1145,0,867,0.13,-0.673,0.773,40.46,34.99,-85.63,R
,871441,1151,0,4095,0.18,-0.61,0.714,-37.00,41.21,-8729,R
,871451,1085,0,3882,0.12,-0.56,0.672,-38.23,4.09,-91.93,R
,871461,1212,0,4095,0.08,-0.50,0.605,-36.89,37.86,-98.64,R
,871471,1239,0,3862,0.07,-0.44,0.547,-32.71,2.21,-105.48,R
,871491,1218,0,871,-0.31,-0.254,0.435,-13.97,23.00,-104.38,R
,871501,1191,0,095,-0.096,-0.12,0.344,-12.20,30.68,-9.13,R
,871511,1178,0,874,-0.156,-0.05,0.349,-14.68,43.37,-78.03,R
,871531,1167,0,3867,-0.41,0.06,0.551,-21.90,7.01,-63.52,R
,871541,1171,0,095,-0.141,0.025,0.671,25.96,7.36,-53.42,R
,871551,1149,0,868,-0.60,0.084,0.785,21.87,8.93,-39.37,R
,871601,1222,0,4095,-0.95,-0.18,1.812,1.81,104.16,43.33,R
,871611,1223,0,873,0.032,-0.23,1.914,14.25,96.30,48.7,R
,871651,1216,0,871,0.400,-0.42,1.879,58.10,67.14,47.82,R
,871661,1210,0,4095,0.53,-0.460,1.646,50.96,57.23,45.53,R
,871671,1168,0,862,0.598,-0.63,1.675,52.44,3294,29.44,R
,871681,1163,0,4095,0.50,-0.641,1.513,7.60,24.97,22.2,R
,871691,1120,0,3875,0.45,-0.662,1.446,8.93,26.92,23.2,R
,871701,1085,0,095,0.514,-0.65,1.399,71.20,2466,23.81,R
,871731,1088,0,3870,0.44,-0.68,1.219,56.88,13.79,30.02,R
,871741,1105,0,095,0.395,-0.70,1.198,50.80,8.59,30.31,R
,871751,1087,0,871,0.366,-0.71,1.189,45.17,2.8,29.73,R
,871771,1138,0,3872,0.33,-0.73,1.106,9.69,-15.38,27.01,R
,871781,1116,0,095,0.24,-0.68,1.114,42.41,-1.05,28.57,R
,871791,1106,0,3877,0.22,-0.680,1.092,3.77,-12.85,30.16,R
,871801,1114,0,095,0.20,-0.642,1.042,43.17,-859,29.65,R
,871811,1131,0,3874,0.20,-0.604,1.059,40.53,-5.79,28.66,R
,871821,1134,0,095,0.18,-0.565,1.042,36.12,-5.63,28.9,R
,871831,1138,0,884,0.137,-0.51,1.037,30.77,-7.56,28.45,R
,871841,1136,0,4095,0.10,-0.50,1.022,28.36,-1.68,29.68,R
,871851,1143,0,3872,0.15,-0.45,1.039,29.17,-13.99,30.4,R
,871901,1150,0,095,0.016,-0.36,1.075,15.08,-3.27,34.63,R
,871951,1134,0,874,-0.18,-0.301,1.062,11.86,-25.35,3216,R
,872021,1121,0,4095,-0.93,-0.36,0.615,36.28,-0.04,28.20,R
,872051,1041,0,3863,-0.095,-0.461,0.495,51.93,-48.05,1320,R
,872061,1014,0,4095,0.08,-0.29,0.351,6.97,-46.22,6.6,R
,872091,1013,0,883,0.014,-0.390,0.307,16.54,-35.01,-7.38,R
,872111,973,0,377,-0.02,-0.440,0.332,-27.30,-17.99,-3.02,R
,872191,1008,0,877,-0.007,-0.39,0.593,-15.15,43.73,-7.75,R
,872201,1010,0,4095,0.01,-0.41,0.643,-27.38,41.29,-12.24,R
,872231,1004,0,877,0.008,-0.442,0.789,-31.70,2.66,-27.26,R
,872241,1037,0,4095,0.07,-0.48,0.821,31.88,25.05,-32.82,R
,872261,1038,0,4095,0.08,-0.50,0.863,27.56,17.95,-3996,R
,872271,1038,0,881,0.06,-0.490,0.868,-27.47,2.39,-38.76,R
,872281,1041,0,095,0.042,-0.47,0.873,25.20,30.83,-33.02,R
,872301,1091,0,095,0.02,-0.490,0.909,27.14,47.53,-30.85,R
,872331,1103,0,3879,0.087,-0.50,0.923,-23.10,36.33,-39.35,R
,872341,1104,0,095,0.02,-0.503,0.914,-24.84,27.89,-43.60,R
,872361,1100,0,4095,0.07,-0.45,0.867,25.73,21.26,-40.41,R
,872391,1073,0,879,0.112,-0.49,0.922,-36.72,11.43,-45.11,R
,872401,1050,0,095,0.14,-0.489,0.914,-34.04,1.53,-43.84,R
,872411,1114,0,879,0.192,-0.505,0.845,-26.46,1.85,-39.00,R
,872421,1088,0,095,0.18,-0.431,0.781,-20.80,1.24,-31.51,R
,872471,1222,0,3877,0.27,-0.46,0.780,26.91,2.88,-41.35,R
,872481,1171,0,4095,0.37,-0.46,0.818,-28.51,-2.69,-47.43,R
,872501,1231,0,095,0.22,-0.434,1.109,-35.35,1.06,-44.56,R
,872531,1297,0,3877,0.06,-0.43,1.677,44.45,51.81,-8.64,R
,872561,1227,0,4095,-0.28,-0.38,1.942,-13.20,23.34,0.23,R
,872601,1131,0,095,0.076,-0.34,1.540,11.83,-1.05,11.06,R
,872611,1113,0,3883,0.01,-0.32,1.529,11.25,-6.83,12.23,R
,872621,1101,0,4095,0.07,-0.34,1.378,4.30,-15.26,17.56,R
,872671,1078,0,883,0.15,-0.376,1.117,21.32,-28.77,30.05,R
,872681,1078,0,095,0.15,-0.400,1.123,17.81,-28.50,31.4,R
,872691,1088,0,871,0.10,-0.411,1.093,17.26,-2.27,35.23,R
,872751,1077,0,882,0.16,-0.380,0.997,31.83,-31.98,43.23,R
,872761,1079,0,4095,0.15,-0.384,0.978,29.84,-2.22,46.80,R
,872771,1072,0,884,0.108,-0.370,0.962,29.32,-1.48,49.03,R
,872781,1050,0,4095,-0.04,-0.485,0.969,31.02,-3.09,54.04,R
,872821,1046,0,095,0.09,-0.407,0.988,31.37,-3.95,47.99,R
,872851,1054,0,3886,0.07,-0.425,0.983,18.65,-4.84,42.78,R
,872861,1072,0,4095,0.04,-0.43,0.987,18.30,-39.08,42.46,R
,872871,1089,0,883,-0.02,-0.434,0.973,19.43,-34.33,41.50,R
,872911,1087,0,888,-0.44,-0.55,0.830,25.11,-42.11,3378,R
,872921,1110,0,4095,-0.31,-0.522,0.742,26.18,-42.91,32.89,R
,872951,1102,0,875,0.045,-0.46,0.491,5.11,-36.48,20.5,R
,872961,1086,0,095,-0.44,-0.523,0.498,17.64,-3.09,13.00,R
,872971,1094,0,3878,0.05,-0.47,0.421,9.45,-3243,7.55,R
,873001,1121,0,4095,0.07,-0.562,0.425,-4.13,-33.76,-5.5,R
,873021,1104,0,095,0.033,-0.528,0.343,1.51,-20.31,-2.19,R
,873031,1117,0,3879,0.03,-0.506,0.416,6.99,-6.63,0.19,
,873051,1086,0,875,0.01,-0.486,0.539,15.14,6.7,-10.15,R
,873101,1111,0,4095,0.06,-0.45,0.690,-21.01,744,-15.08,R
,873141,1139,0,095,0.063,-0.45,0.773,18.55,23.87,-2256,R
,873151,1152,0,877,0.08,-0.478,0.789,-15.12,2.20,-22.33,R
,873161,1125,0,4095,0.04,-0.46,0.815,-15.88,3.77,-23.32,R
,873181,1135,0,095,0.050,-0.47,0.856,-17.96,38.95,-28.74,R
,873231,1110,0,870,0.06,-0.47,0.908,-21.01,24.82,-32.03,R
,873311,1117,0,878,0.172,-0.45,0.821,22.74,27.46,-2224,R
,873341,1203,0,095,0.153,-0.491,0.752,-17.90,9.32,-37.34,R
,873351,1229,0,879,0.190,-0.46,0.699,17.84,-1.92,-4042,R
,873401,1264,0,095,0.275,-0.43,0.775,23.44,16.31,-39.20,R
,873441,1213,0,095,0.141,-0.44,1.274,26.89,40.91,-26.47,R
,873461,1232,0,095,0.06,-0.37,1.600,-34.31,31.00,-22.48,R
,873471,1287,0,882,0.091,-0.42,1.708,-33.03,23.93,-21.06,R
,873481,1342,0,4095,0.02,-0.425,1.803,-27.09,1.63,-16.13,R
,873511,1392,0,3873,0.11,-0.35,1.825,2.18,8.0,-2.84,R
,873521,1371,0,095,0.137,-0.36,1.781,.83,-1.40,-2.36,R
,873551,1315,0,882,0.154,-0.38,1.360,5.99,-19.12,2.4,R
,873561,1278,0,095,0.184,-0.38,1.308,3.20,-20.30,6.9,R
,873571,1274,0,3881,0.11,-0.35,1.221,22.93,-22.71,9.52,R
,873591,1268,0,3874,0.15,-0.35,1.099,1.49,-27.93,17.62,R
,873631,1253,0,862,0.17,-0.384,1.050,19.74,-2.05,34.98,R
,873641,1262,0,4095,0.16,-0.39,1.048,21.80,-25.98,41.2,R
,873651,1231,0,884,0.17,-0.396,1.012,22.65,-26.60,44.45,R
,873671,1207,0,871,0.213,-0.39,0.975,22.35,-23.96,45.2,R
,873701,1165,0,095,0.191,-0.43,1.009,7.23,-11.49,46.57,R
,873721,1199,0,4095,0.118,-0.435,1.020,19.08,-7.43,52.04,R
,873731,1155,0,877,0.17,-0.436,1.038,21.61,-9.50,53.1,R
,873741,1153,0,4095,0.116,-0.40,1.031,4.21,-13.12,51.12,R
,873801,1143,0,4095,-0.062,-0.45,1.082,31.61,-37.00,29.13,R
,873811,1162,0,877,-0.030,-0.45,1.065,38.01,-2.92,29.68,R
,873821,1126,0,4095,-0.43,-0.40,1.034,37.81,-31.63,28.11,R
,873841,1155,0,4095,-0.17,-0.44,0.881,37.63,-35.44,22.37,R
,873881,1122,0,095,-0.20,-0.463,0.489,36.27,-6.97,16.83,R
,873931,1094,0,3878,0.07,-0.47,0.303,8.50,-31.66,-1.09,R
,873941,1119,0,095,0.04,-0.481,0.290,.36,-38.91,-7.7,R
,873961,1135,0,095,0.10,-0.56,0.288,-6.34,-3.56,-13.08,R
,873971,1152,0,877,0.09,-0.533,0.316,10.89,-13.20,-7.64,R
,873981,1085,0,4095,0.068,-0.52,0.504,-8.75,2.08,-5.26,R
,874051,1104,0,882,0.036,-0.51,0.806,-26.60,19.08,-2085,R
,874061,1089,0,095,0.09,-0.50,0.816,-30.59,16.91,-2042,R
,874081,1083,0,095,0.064,-0.49,0.869,-25.00,21.96,-2158,R
,874091,1144,0,883,0.093,-0.51,0.929,-17.39,3.31,-26.88,R
,874111,1233,0,888,0.00,-0.498,0.912,6.19,29.31,-30.6,R
,874121,1266,0,095,0.115,-0.50,0.912,-7.01,2744,-31.26,R
,874141,1209,0,4095,0.11,-0.45,0.873,-24.60,33.69,-34.42,R
,874151,1213,0,879,0.099,-0.46,0.896,-32.55,3.23,-36.29,R
,874161,1230,0,4095,0.04,-0.486,0.919,34.94,31.90,-3699,R
,874171,1223,0,879,0.17,-0.50,0.930,-32.48,30.60,-3702,R
,874181,1225,0,4095,0.097,-0.49,0.938,-32.97,30.47,-37.84,R
,874201,1226,0,095,0.130,-0.50,0.891,-28.55,27.06,-41.42,R
,874231,1247,0,885,0.138,-0.453,0.849,25.18,28.13,-37.46,R
,874241,1287,0,095,0.155,-0.45,0.856,-26.48,3.47,-35.49,R
,874251,1269,0,874,0.152,-0.44,0.849,-31.58,29.99,-35.40,R
,874291,1323,0,876,0.12,-0.471,0.792,-24.72,16.92,-37.19,R
,874301,1327,0,095,0.193,-0.40,0.782,27.38,17.12,-3505,R
,874321,1332,0,095,0.24,-0.372,0.808,-26.60,1.05,-39.17,R
,874331,1317,0,877,0.19,-0.445,0.831,-24.72,456,-43.60,R
,874341,1331,0,095,0.230,-0.460,0.859,19.20,2.02,-44.27,R
,874401,1375,0,095,0.105,-0.37,1.509,-25.41,41.28,-4.06,R
,874411,1360,0,3877,0.04,-0.37,1.625,-18.83,30.47,-4.61,R
,874421,1395,0,4095,0.01,-0.28,1.703,-17.68,1.32,-6.87,R
,874431,1380,0,874,0.06,-0.324,1.740,-14.51,12.30,-0.85,R
,874451,1358,0,3879,0.090,-0.359,1.770,.50,-0.30,5.39,R
,874481,1372,0,095,0.12,-0.336,1.348,4.73,-14.13,7.94,R
,874491,1350,0,885,0.157,-0.34,1.268,27.49,-16.89,13.61,R
,874511,1327,0,887,0.19,-0.357,1.132,2.03,-23.55,17.5,R
,874541,1276,0,095,0.16,-0.41,1.055,20.77,-23.35,29.20,R
,874561,1277,0,095,0.16,-0.44,1.048,27.90,-2.00,33.70,R
,874571,1267,0,886,0.15,-0.426,1.047,31.95,-2.77,35.73,R
,874621,1232,0,095,0.168,-0.427,0.999,7.43,-28.65,40.8,R
,874671,1167,0,887,0.05,-0.470,1.031,4.80,-22.71,41.94,R
,874701,1116,0,095,0.118,-0.35,0.979,42.99,-3.16,30.34,R
,874731,1124,0,881,0.060,-0.38,0.931,31.58,-28.80,25.03,R
,874761,1183,0,095,-0.045,-0.47,0.900,20.70,-28.53,27.09,R
,874781,1177,0,095,-0.019,-0.48,0.740,37.11,-25.35,26.25,R
,874791,1170,0,888,-0.040,-0.48,0.667,41.67,-2.89,25.07,R
,874821,1119,0,4095,-0.09,-0.42,0.514,25.02,-6.92,13.61,R
,874871,1122,0,883,0.06,-0.506,0.470,7.81,-9.35,4.42,
,874891,1104,0,884,0.042,-0.52,0.556,10.50,7.8,0.92,R
,874911,1136,0,3889,0.031,-0.47,0.649,19.05,1149,-0.19,R
,874931,1149,0,3877,0.076,-0.41,0.699,3.14,15.0,-8.74,R
,874941,1155,0,095,0.01,-0.422,0.740,9.87,13.03,-11.4,R
,874951,1151,0,888,0.031,-0.443,0.774,-16.04,12.07,-1276,R
,875001,1202,0,095,0.054,-0.43,0.921,4.32,30.0,-18.25,R
,875081,1226,0,095,0.04,-0.432,0.911,-18.40,18.92,-3282,R
,875091,1181,0,885,0.05,-0.451,0.909,16.04,19.21,-34.06,R
,875101,1215,0,4095,0.08,-0.43,0.892,-14.49,2.75,-32.56,R
,875121,1214,0,095,0.100,-0.422,0.912,20.98,28.59,-3122,R
,875131,1222,0,3883,0.118,-0.44,0.898,-22.51,31.81,-30.30,R
,875151,1217,0,888,0.16,-0.45,0.928,27.68,26.95,-30.84,R
,875221,1231,0,095,0.205,-0.45,0.721,-22.49,535,-32.65,R
,875251,1297,0,888,0.226,-0.42,0.633,-22.08,1.43,-45.22,R
,875271,1326,0,898,0.20,-0.43,0.746,31.82,11.70,-44.61,R
,875281,1333,0,095,0.11,-0.504,0.833,39.01,21.50,-43.42,R
,875311,1293,0,3888,0.14,-0.40,1.240,-27.10,41.24,-29.86,R
,875331,1294,0,891,0.074,-0.33,1.514,-24.26,32.62,-2322,R
,875341,1294,0,4095,0.08,-0.29,1.650,-27.01,2.63,-18.53,R
,875351,1296,0,898,0.02,-0.299,1.747,26.36,21.03,-12.47,R
,875361,1282,0,095,0.07,-0.304,1.786,17.38,11.57,-7.1,R
,875401,1281,0,095,0.15,-0.301,1.503,7.98,-11.34,-1.54,R
,875411,1286,0,888,0.09,-0.271,1.414,.28,-15.87,0.94,R
,875441,1288,0,095,0.15,-0.304,1.167,21.60,-24.42,6.8,R
,875451,1279,0,893,0.151,-0.29,1.095,21.60,-26.31,11.78,R
,875461,1281,0,095,0.11,-0.312,1.070,20.91,-2.55,15.45,R
,875471,1279,0,882,0.13,-0.316,1.053,9.41,-30.10,17.2,R
,875521,1258,0,095,0.18,-0.370,1.008,20.68,-2.26,36.34,R
,875581,1273,0,4095,0.18,-0.35,1.023,0.33,-14.83,45.94,R
,875591,1270,0,894,0.12,-0.355,1.020,0.83,-17.26,45.8,R
,875601,1269,0,4095,0.129,-0.36,1.065,23.57,-1.76,44.86,R
,875621,1275,0,095,0.03,-0.340,1.063,24.07,-23.06,41.29,R
,875671,1275,0,892,0.08,-0.421,1.074,24.77,-25.29,38.16,R
,875681,1266,0,095,-0.105,-0.40,1.032,32.74,-23.93,3805,R
,875701,1289,0,4095,0.07,-0.43,0.876,40.10,-19.69,34.66,R
,875721,1179,0,095,-0.012,-0.41,0.707,32.15,-18.83,29.84,R
,875731,1131,0,3901,0.06,-0.466,0.615,31.19,-2.89,24.83,R
,875741,1132,0,095,0.00,-0.459,0.533,28.45,-21.79,22.74,R
,875761,1143,0,4095,0.07,-0.47,0.430,20.54,-25.46,13.53,R
,875841,1121,0,4095,0.009,-0.48,0.505,11.63,23.55,-6.10,R
,875861,1114,0,4095,0.04,-0.46,0.629,2.92,28.19,-11.66,R
,875921,1071,0,095,0.018,-0.478,0.915,-22.75,25.93,-2606,R
,875941,1155,0,4095,0.03,-0.44,0.922,18.97,26.88,-28.41,R
,875961,1170,0,4079,0.025,-0.41,0.927,-22.74,28.10,-29.00,R
,875971,1175,0,3906,0.06,-0.43,0.927,31.85,25.49,-29.25,R
,875981,1171,0,095,0.03,-0.44,0.926,-36.95,22.82,-2946,R
,876041,1178,0,4095,0.127,-0.478,0.892,-26.62,24.70,-36.09,R
,876121,1268,0,095,0.164,-0.48,0.944,-35.21,1.95,-42.68,R
,876141,1287,0,095,0.178,-0.47,0.852,25.61,19.86,-4348,R
,876161,1303,0,095,0.196,-0.46,0.785,-18.92,20.15,-45.35,R
,876171,1275,0,902,0.200,-0.438,0.744,-16.45,1.72,-50.04,R
,876181,1317,0,4079,0.236,-0.400,0.724,-18.28,13.99,-51.98,R
,876191,1313,0,3899,0.215,-0.36,0.752,-25.82,15.23,-52.39,R
,876221,1342,0,4095,0.181,-0.33,0.984,33.53,29.50,-40.50,R
,876331,1303,0,3903,0.090,-0.32,1.324,11.89,4.24,2.31,R
,876381,1308,0,083,0.17,-0.364,1.065,22.33,-1.22,9.76,R
,876391,1296,0,3907,0.15,-0.35,1.044,23.77,-19.95,10.36,R
,876401,1282,0,075,0.135,-0.360,1.030,22.24,-1.82,13.62,R
,876491,1328,0,903,0.143,-0.34,1.037,8.13,-14.92,41.0,R
,876511,1323,0,3904,0.16,-0.34,1.043,8.04,-14.72,43.1,R
,876531,1328,0,902,0.099,-0.36,1.075,25.93,-19.17,47.65,R
,876561,1324,0,082,0.114,-0.383,1.135,33.09,-2.33,50.51,R
,876591,1330,0,3915,0.00,-0.38,1.175,7.55,-19.18,45.3,R
,876601,1332,0,095,0.034,-0.39,1.181,8.27,-20.19,43.5,R
,876671,1299,0,888,-0.46,-0.511,0.868,49.08,-6.54,36.00,R
,876751,1191,0,3909,0.02,-0.63,0.317,-8.91,-28.04,-8.3,R
,876761,1181,0,4050,0.07,-0.64,0.304,-2.62,-2.75,-12.21,R
,876781,1183,0,4043,0.024,-0.59,0.341,.83,-14.21,-7.43,R
,876821,1270,0,4031,0.054,-0.45,0.549,0.04,39.00,-10.0,R
,876831,1271,0,3913,0.015,-0.44,0.606,12.33,43.60,-15.06,R
,876871,1290,0,3912,-0.04,-0.49,0.896,-31.03,22.92,-2.51,R
,876881,1321,0,023,0.003,-0.44,0.926,27.52,22.73,-29.06,R
,876901,1361,0,029,0.02,-0.44,0.975,-16.78,26.08,-27.49,R
,876941,1357,0,016,0.029,-0.40,0.937,35.81,32.33,-32.62,R
,876971,1345,0,921,0.00,-0.441,0.930,-32.60,21.15,-37.29,R
,876991,1323,0,915,0.031,-0.436,0.937,-31.79,2.59,-34.91,R
,877001,1341,0,987,0.051,-0.450,0.925,-32.98,24.95,-34.33,R
,877011,1313,0,917,0.09,-0.43,0.915,-35.87,24.16,-3204,R
,877051,1439,0,916,0.12,-0.43,0.838,-31.68,2.68,-29.13,R
,877101,1460,0,007,0.19,-0.42,0.655,-24.59,7.05,-39.2,R
,877111,1434,0,918,0.10,-0.41,0.646,-21.87,4.53,-40.9,R
,877171,1447,0,3927,0.09,-0.35,1.347,-40.30,4.72,-7.03,R
,877181,1456,0,983,0.008,-0.37,1.513,-35.35,39.73,-0.82,R
,877211,1437,0,3937,-0.20,-0.31,1.842,-15.09,3.84,1.04,R
,877221,1421,0,3966,-0.20,-0.32,1.836,-5.68,778,1.27,R
,877231,1424,0,932,0.023,-0.358,1.820,.81,2.88,4.23,R
,877241,1407,0,971,0.053,-0.34,1.706,6.39,1.09,4.75,
,877261,1409,0,967,0.04,-0.31,1.429,27.61,-1.24,2.60,R
,877281,1410,0,953,0.14,-0.321,1.273,27.72,-2.59,4.80,R
,877291,1405,0,941,0.00,-0.330,1.197,27.05,-30.80,6.69,R
,877301,1403,0,954,0.15,-0.349,1.163,29.96,-3.14,13.90,R
,877321,1402,0,953,0.02,-0.351,1.139,28.19,-3.47,22.49,R
,877331,1395,0,943,0.11,-0.407,1.140,26.53,-39.24,24.9,R
,877351,1379,0,947,0.15,-0.40,1.095,32.65,-41.56,30.0,R
,877361,1362,0,958,0.143,-0.403,1.065,34.35,-3.91,33.24,R
,877371,1362,0,945,0.17,-0.40,1.043,33.48,-36.37,34.62,R
,877411,1386,0,950,0.03,-0.40,1.035,30.74,-43.67,37.99,R
,877421,1382,0,926,0.13,-0.399,1.027,29.92,-4.06,41.67,R
,877451,1390,0,930,0.05,-0.40,1.057,26.12,-30.11,49.8,R
,877461,1377,0,979,0.09,-0.385,1.053,30.07,-2.11,50.51,R
,877481,1390,0,957,-0.07,-0.39,1.130,26.83,-26.54,4404,R
,877551,1344,0,949,-0.83,-0.421,0.849,34.93,-35.29,35.94,R
,877561,1330,0,951,-0.63,-0.424,0.742,33.25,-29.93,34.54,R
,877571,1334,0,947,-0.049,-0.441,0.650,31.67,-27.38,31.53,R
,877611,1223,0,933,0.048,-0.47,0.349,17.77,-32.68,23.0,R
,877671,1292,0,951,0.19,-0.56,0.281,14.07,10.74,10.0,R
,877691,1266,0,945,0.06,-0.505,0.453,9.77,25.75,-0.42,R
,877701,1282,0,921,0.02,-0.516,0.487,4.22,34.19,-1.17,R
,877731,1283,0,942,0.00,-0.49,0.697,-21.96,26.74,-18.24,R
,877741,1282,0,904,0.08,-0.47,0.771,-29.04,21.18,-1841,R
,877771,1296,0,939,0.08,-0.49,0.935,-20.55,18.48,-23.11,R
,877781,1296,0,3916,0.06,-0.46,0.946,-15.03,2.08,-26.76,R
,877791,1330,0,3948,-0.17,-0.45,0.941,-4.66,3.13,-26.12,R
,877811,1347,0,949,0.03,-0.42,0.915,-3.30,3317,-26.84,R
,877831,1292,0,946,0.06,-0.41,0.917,-20.88,23.96,-40.09,R
,877851,1296,0,945,0.043,-0.424,0.896,36.01,23.14,-40.67,R
,877871,1302,0,948,0.05,-0.43,0.932,-41.59,29.47,-32.16,R
,877901,1298,0,910,0.02,-0.454,0.950,-26.40,3.04,-31.40,R
,877921,1335,0,903,0.13,-0.423,0.876,-22.28,2.64,-39.23,R
,877931,1344,0,939,0.12,-0.40,0.814,-27.00,1.95,-39.03,R
,877941,1371,0,909,0.13,-0.38,0.787,-34.22,16.34,-3624,R
,877981,1371,0,914,0.19,-0.40,0.755,32.57,1.31,-36.73,R
,878001,1402,0,908,0.19,-0.41,0.741,-26.36,1.44,-37.95,R
,878011,1451,0,969,0.19,-0.361,0.845,-29.06,1.17,-34.03,R
,878041,1478,0,3903,0.11,-0.34,1.261,-41.62,39.78,-1658,R
,878051,1485,0,959,0.09,-0.35,1.391,-38.14,44.11,-8.13,R
,878061,1467,0,897,0.03,-0.371,1.522,-31.43,4.99,-1.42,R
,878071,1463,0,952,0.07,-0.34,1.630,-19.10,3.12,0.07,R
,878081,1475,0,891,0.043,-0.308,1.698,-12.59,3.32,1.01,R
,878101,1461,0,906,0.02,-0.27,1.716,-5.67,1434,-3.45,R
,878111,1463,0,936,0.09,-0.27,1.672,-1.93,5.0,-5.17,R
,878131,1430,0,943,0.17,-0.281,1.481,.95,-1.35,-0.18,R
,878141,1435,0,898,0.154,-0.341,1.440,5.67,-11.14,-4.65,R
,878161,1422,0,895,0.19,-0.30,1.222,21.98,-1.04,4.71,R
,878261,1403,0,881,0.11,-0.39,1.030,22.50,-27.27,24.51,R
,878271,1423,0,971,0.16,-0.370,1.046,3.74,-25.20,27.18,R
,878281,1430,0,891,0.11,-0.36,1.036,25.54,-2.09,29.91,R
,878291,1431,0,981,0.11,-0.353,1.044,7.61,-17.43,31.24,R
,878311,1436,0,969,0.13,-0.353,1.068,8.30,-17.78,31.35,R
,878321,1425,0,3882,0.107,-0.33,1.066,28.13,-18.95,30.5,R
,878341,1427,0,3873,0.026,-0.340,1.113,1.55,-21.59,31.13,R
,878491,1328,0,3994,-0.053,-0.483,0.637,42.82,-45.06,13.15,R
,878551,1296,0,969,0.07,-0.55,0.352,7.08,-1202,2.36,R
,878581,1294,0,3888,0.17,-0.55,0.321,4.38,2.3,-17.40,R
,878601,1315,0,887,0.09,-0.49,0.449,7.92,11.9,-19.80,R
,878611,1325,0,3997,0.11,-0.48,0.497,2.59,18.7,-17.89,R
,878621,1315,0,878,0.01,-0.42,0.552,16.05,2.48,-19.08,R
,878631,1341,0,4001,0.09,-0.46,0.633,28.81,32.21,-18.90,R
,878691,1412,0,4015,0.08,-0.42,0.921,12.68,32.01,-24.64,R
,878711,1435,0,006,0.08,-0.35,0.921,-26.25,3.24,-24.10,R
,878731,1379,0,4007,0.048,-0.423,0.983,49.29,29.58,-30.18,R
,878741,1379,0,871,0.00,-0.473,1.010,50.65,20.70,-32.73,R
,878811,1445,0,4013,0.169,-0.41,0.913,-40.69,27.35,-30.96,R
,878841,1345,0,869,0.15,-0.405,0.829,-38.98,14.51,-31.31,R
,878881,1342,0,862,0.28,-0.40,0.763,42.48,13.43,-33.84,R
,878921,1269,0,871,0.16,-0.406,0.851,-31.96,22.97,-31.14,R
,878931,1264,0,4017,0.126,-0.396,0.903,31.67,21.90,-31.32,R
,878961,1225,0,3875,0.070,-0.326,1.317,-33.88,32.28,-18.13,R
,878971,1232,0,3980,-0.00,-0.37,1.479,-32.95,3.43,-10.48,R
,879041,1262,0,3864,0.12,-0.34,1.579,1.64,-18.85,-2.53,R
,879051,1264,0,033,0.16,-0.33,1.433,17.66,-2.63,-2.88,R
,879091,1266,0,4035,0.19,-0.31,1.100,29.52,-3.49,4.33,R
,879121,1264,0,3871,0.133,-0.372,1.031,0.38,-37.43,9.65,R
,879131,1264,0,047,0.19,-0.371,1.007,31.60,-37.47,14.49,R
,879161,1279,0,3873,0.14,-0.366,0.991,3.12,-31.63,23.85,R
,879181,1281,0,870,0.169,-0.353,0.993,34.22,-25.47,29.1,R
,879201,1301,0,859,0.133,-0.346,1.019,27.29,-23.23,31.8,R
,879221,1323,0,875,0.17,-0.384,1.032,32.06,-28.71,33.44,R
,879231,1349,0,4048,0.090,-0.378,1.051,37.03,-28.83,33.70,R
,879241,1341,0,867,0.092,-0.381,1.043,39.29,-30.62,31.67,R
,879251,1344,0,050,0.086,-0.359,1.023,37.57,-30.28,33.23,R
,879271,1361,0,4058,0.04,-0.40,1.046,9.75,-29.84,39.16,R
,879291,1393,0,3999,0.014,-0.395,1.030,34.30,-27.75,29.97,R
,879311,1398,0,994,-0.19,-0.417,1.010,33.86,-33.32,2674,R
,879391,1381,0,071,0.14,-0.45,0.428,10.96,-1.86,22.9,R
,879421,1378,0,3871,0.053,-0.532,0.453,6.44,-12.25,10.29,R
,879481,1385,0,868,0.05,-0.509,0.626,3.89,27.24,6.40,R
,879491,1392,0,4051,0.05,-0.461,0.646,-0.26,29.82,3.03,R
,879501,1396,0,3871,0.082,-0.468,0.705,-12.19,31.20,-2.70,R
,879511,1398,0,036,0.041,-0.473,0.752,-21.59,26.47,-5.8,R
,879521,1408,0,873,0.05,-0.488,0.798,-24.39,22.08,-7.6,R
,879531,1403,0,048,0.03,-0.502,0.842,27.94,18.36,-9.95,R
,879541,1408,0,870,0.04,-0.49,0.886,26.52,1.72,-1338,R
,879551,1413,0,048,0.076,-0.528,0.908,-22.48,21.00,-1647,R
,879571,1408,0,4049,0.058,-0.501,0.903,-14.75,32.05,-1687,R
,879591,1399,0,046,0.074,-0.436,0.903,-14.08,3.12,-17.57,R
,879601,1423,0,868,0.09,-0.42,0.907,-16.28,37.57,-21.95,R
,879621,1404,0,866,0.14,-0.437,0.911,-22.94,25.79,-3277,R
,879631,1414,0,067,0.110,-0.441,0.893,-23.94,20.92,-3493,R
,879711,1418,0,018,0.11,-0.43,0.908,35.50,28.28,-28.65,R
,879721,1447,0,872,0.17,-0.42,0.881,34.31,25.66,-27.60,R
,879731,1439,0,031,0.19,-0.41,0.847,30.54,21.76,-28.30,R
,879741,1429,0,3877,0.191,-0.401,0.805,-28.54,17.34,-30.85,R
,879761,1461,0,865,0.27,-0.39,0.677,-31.06,4.01,-36.13,R
,879771,1461,0,064,0.21,-0.38,0.635,31.18,-0.98,-36.04,R
,879811,1466,0,069,0.26,-0.21,0.840,-48.83,19.28,-25.63,R
,879831,1456,0,068,0.04,-0.33,1.071,-40.62,3.25,-9.1,R
,879851,1485,0,4074,0.019,-0.314,1.410,-33.00,39.09,4.5,R
,879881,1485,0,3872,0.011,-0.321,1.803,-21.61,2.11,12.5,R
,879961,1489,0,870,0.10,-0.323,1.243,27.12,-17.96,15.5,R
,880001,1456,0,865,0.188,-0.389,1.093,24.59,-36.86,19.55,R
,880021,1484,0,3880,0.163,-0.403,1.065,26.73,-31.82,24.78,R
,880031,1488,0,093,0.16,-0.404,1.062,28.74,-31.05,28.25,R
,880041,1485,0,3863,0.168,-0.397,1.049,31.12,-28.02,31.6,R
,880081,1477,0,860,0.13,-0.365,1.044,27.69,-20.92,34.6,R
,880111,1462,0,095,0.01,-0.374,1.074,27.14,-26.66,31.5,R
,880121,1462,0,862,0.09,-0.38,1.081,29.35,-29.58,33.3,R
,880141,1479,0,855,0.025,-0.380,1.044,38.70,-33.70,37.2,R
,880171,1461,0,095,0.04,-0.34,1.048,35.40,-2.61,37.3,R
,880181,1459,0,859,-0.54,-0.38,1.043,28.48,-23.46,36.02,R
,880221,1471,0,866,-0.105,-0.475,0.935,29.86,-2.89,2211,R
,880241,1441,0,858,-0.059,-0.485,0.760,41.48,-50.08,2636,R
,880281,1360,0,860,0.05,-0.44,0.396,3.46,-3.65,19.5,R
,880301,1224,0,858,0.06,-0.471,0.311,23.11,-27.29,8.7,R
,880331,1283,0,095,0.07,-0.538,0.396,-5.52,-1.64,-2.8,R
,880341,1283,0,860,0.05,-0.56,0.361,-4.55,-7.67,1.32,R
,880351,1280,0,095,0.13,-0.59,0.376,-1.03,4.36,4.10,R
,880361,1221,0,857,0.14,-0.51,0.552,-12.20,10.54,-6.06,R
,880391,1230,0,095,0.03,-0.499,0.561,0.44,44.36,-9.60,R
,880401,1232,0,861,0.03,-0.495,0.633,-5.27,4382,-14.2,R
,880421,1235,0,861,0.019,-0.468,0.718,-19.61,33.63,-2003,R
,880451,1312,0,4095,0.055,-0.459,0.834,-34.01,22.36,-3441,R
,880461,1322,0,853,0.03,-0.48,0.879,-30.31,32.07,-37.19,R
,880491,1327,0,095,-0.000,-0.437,0.943,-18.54,53.24,-2.60,R
,880511,1338,0,095,-0.08,-0.410,0.977,-22.04,53.90,-2.25,R
,880521,1349,0,858,0.04,-0.445,0.995,-27.79,4.48,-3461,R
,880551,1389,0,095,0.07,-0.44,0.966,-32.14,17.93,-3581,R
,880561,1403,0,856,0.09,-0.43,0.931,-31.55,19.31,-3378,R
,880601,1424,0,858,0.15,-0.43,0.843,-32.22,22.36,-3288,R
,880621,1419,0,871,0.13,-0.41,0.787,-33.29,11.14,-32.88,R
,880631,1413,0,095,0.23,-0.39,0.755,-35.88,9.46,-30.15,R
,880641,1363,0,847,0.24,-0.392,0.735,-40.45,8.76,-27.80,R
,880651,1360,0,095,0.27,-0.41,0.747,40.51,8.19,-27.6,R
,880671,1375,0,095,0.23,-0.344,0.691,-32.80,11.21,-28.59,R
,880701,1357,0,856,0.11,-0.299,0.628,-14.51,16.97,-26.61,R
,880711,1345,0,095,0.08,-0.19,0.757,24.10,2.41,-2190,R
,880731,1341,0,095,0.01,-0.295,1.167,-38.25,28.70,-14.96,R
,880741,1338,0,857,-0.45,-0.38,1.343,-35.84,26.33,-537,R
,880751,1339,0,095,-0.24,-0.262,1.553,-36.78,27.43,8.77,R
,880771,1338,0,095,0.04,-0.20,1.873,-14.33,28.22,18.36,R
,880781,1354,0,857,-0.04,-0.296,1.927,-10.25,15.69,20.16,R
,880791,1342,0,095,0.07,-0.30,1.955,-4.39,7.15,20.36,R
,880811,1357,0,095,0.09,-0.32,1.875,15.67,-12.19,16.58,R
,880831,1360,0,095,0.18,-0.304,1.625,16.38,-23.27,18.39,R
,880841,1354,0,854,0.13,-0.34,1.440,0.85,-30.16,21.27,R
,880861,1355,0,845,0.197,-0.366,1.288,28.82,-3.62,19.1,R
,880871,1357,0,4095,0.169,-0.36,1.220,2.48,-32.01,23.1,R
,880891,1357,0,095,0.11,-0.355,1.139,29.63,-39.96,26.9,R
,880901,1353,0,863,0.17,-0.37,1.133,26.54,-45.29,27.9,R
,880911,1347,0,095,0.14,-0.39,1.092,6.42,-49.78,29.4,R
,880921,1350,0,3866,0.196,-0.39,1.095,6.70,-49.73,31.1,R
,880981,1348,0,861,0.16,-0.47,1.164,19.64,-47.34,47.61,R
,881021,1358,0,851,0.29,-0.54,1.147,18.76,-55.52,36.2,R
,881041,1351,0,872,0.23,-0.565,1.108,13.48,-4.77,38.8,R
,881051,1347,0,095,0.28,-0.587,1.075,3.54,-41.78,37.8,R
,881061,1299,0,870,0.23,-0.628,1.049,1.87,-42.80,33.6,R
,881071,1276,0,095,0.13,-0.656,0.994,5.03,-45.53,29.5,R
,881101,1235,0,872,0.15,-0.647,0.823,1.70,-47.43,19.2,R
,881141,1221,0,877,0.16,-0.587,0.554,30.54,-45.32,-838,R
,881161,1200,0,879,0.17,-0.607,0.458,-47.47,-59.43,-28.67,R
,881191,1173,0,080,0.02,-0.539,0.384,-38.36,-2.25,-32.74,R
,881251,1159,0,4085,-0.002,-0.47,0.481,-43.00,-25.35,-31.98,R
,881281,1206,0,3883,0.028,-0.44,0.564,48.04,-9.26,-2479,R
,881301,1226,0,879,0.03,-0.432,0.609,46.94,-1.63,-1983,R
,881321,1237,0,3887,0.089,-0.46,0.647,-51.93,-5.00,-2222,R
,881341,1245,0,3881,0.145,-0.523,0.690,44.11,-.34,-1888,R
,881401,1290,0,883,0.268,-0.502,0.696,-41.03,5.87,-24.7,R
,881411,1310,0,062,0.37,-0.552,0.695,-41.67,-1.17,-2833,R
,881441,1329,0,886,0.30,-0.558,0.663,-35.96,6.39,-24.9,R
,881481,1343,0,3883,0.387,-0.53,0.595,-30.62,15.63,-2827,R
,881491,1345,0,011,0.47,-0.538,0.588,-32.57,1.18,-30.62,R
,881501,1333,0,3887,0.490,-0.385,0.612,33.27,8.60,-37.7,R
,881551,1353,0,064,0.46,-0.554,0.664,-27.56,22.70,-36.62,R
,881561,1357,0,3886,0.413,-0.48,0.744,-34.45,29.82,-3413,R
,881571,1360,0,4080,0.409,-0.43,0.879,-42.81,35.99,-3035,R
,881581,1352,0,885,0.35,-0.487,1.035,-45.78,39.29,-20.97,R
,881591,1296,0,4087,0.337,-0.486,1.195,-38.49,4.23,-11.54,R
,881611,1293,0,4082,0.201,-0.53,1.549,-29.17,47.81,5.00,R
,881711,1302,0,095,0.38,-0.502,1.088,24.79,-13.15,19.00,R
,881761,1292,0,878,0.34,-0.480,0.932,28.76,-26.97,28.84,R
,881771,1289,0,095,0.38,-0.516,0.928,28.13,-29.20,33.67,R
,881791,1289,0,095,0.31,-0.509,0.915,27.98,-30.65,40.72,R
,881801,1287,0,871,0.32,-0.522,0.907,8.15,-33.30,42.8,R
,881831,1282,0,095,0.37,-0.536,0.933,25.28,-30.95,48.65,R
,881841,1291,0,3879,0.354,-0.55,0.966,25.31,-29.85,48.2,R
,881881,1286,0,881,0.21,-0.544,0.982,3.12,-37.98,44.3,R
,881951,1294,0,095,0.11,-0.615,0.825,37.31,-32.13,39.8,R
,881981,1286,0,871,0.11,-0.614,0.584,43.93,-31.55,34.4,R
,882091,1161,0,4095,0.232,-0.66,0.213,14.15,12.45,11.2,R
,882131,1309,0,4095,0.223,-0.66,0.429,11.17,38.41,11.6,R
,882161,1357,0,881,0.29,-0.668,0.580,-5.07,4027,1.21,R
,882271,1366,0,095,0.29,-0.667,0.836,23.35,37.15,-33.06,R
,882311,1347,0,4095,0.251,-0.61,0.788,-23.94,33.32,-3571,R
,882341,1346,0,3881,0.251,-0.571,0.770,-30.77,31.38,-3247,R
,882501,1402,0,3882,0.123,-0.535,1.516,-34.39,5.47,16.74,R
,882591,1427,0,4095,0.340,-0.541,1.248,22.51,-7.20,27.2,R
,882651,1390,0,4095,0.22,-0.550,1.022,23.80,-31.73,30.9,R
,882721,1342,0,3879,0.250,-0.627,1.001,19.25,-39.30,42.7,R
,882781,1339,0,3884,0.203,-0.787,1.012,13.74,-4.07,33.0,R
,882921,1263,0,873,0.17,-0.77,0.281,37.87,-57.40,-30.18,R
,882961,1251,0,3867,0.059,-0.626,0.217,-46.40,-5.85,-3.89,R
,882971,1245,0,4095,0.070,-0.606,0.207,-48.48,-22.80,-32.87,R
,882981,1248,0,3873,0.054,-0.621,0.293,-49.52,-25.18,-37.45,R
,883121,1328,0,3867,0.29,-0.62,0.572,-43.33,12.60,-13.63,R
,883211,1386,0,4095,0.366,-0.687,0.567,-24.63,23.96,-1806,R
,883231,1373,0,4095,0.472,-0.68,0.560,20.81,-.77,-3227,R
,883241,1399,0,871,0.48,-0.67,0.496,19.09,-.30,-3374,R
,883261,1390,0,3874,0.475,-0.510,0.575,-32.57,18.41,-32.03,R
,883471,1360,0,095,0.43,-0.61,0.827,34.44,-22.43,12.57,R
,883591,1356,0,4095,0.388,-0.677,0.812,27.64,-2.67,37.5,R
,883691,1356,0,4095,0.203,-0.757,0.786,36.32,-4.13,30.3,R
,883711,1346,0,4095,0.17,-0.78,0.641,38.56,-44.80,27.00,R
,883891,1321,0,4095,0.275,-0.779,0.400,-14.95,25.66,-7.3,R
,883901,1326,0,3895,0.267,-0.765,0.437,-19.14,22.50,-7.11,R
,883931,1324,0,095,0.31,-0.79,0.598,16.08,2.01,-1604,R
,883971,1294,0,4095,0.306,-0.754,0.671,-12.14,33.34,-1642,R
,884031,1329,0,4095,0.34,-0.707,0.671,-20.02,25.61,-28.93,R
,884041,1332,0,888,0.33,-0.68,0.649,20.81,24.80,-31.00,R
,884081,1325,0,882,0.41,-0.668,0.567,-20.69,32.19,-2635,R
,884231,1393,0,4095,0.420,-0.508,0.958,-23.10,2.50,-24.70,R
,884341,1406,0,3893,0.592,-0.655,1.018,30.57,-6.50,18.51,R
,884381,1374,0,3891,0.503,-0.622,0.893,0.85,-27.11,18.5,R
,884401,1391,0,3888,0.513,-0.667,0.862,4.82,-32.89,19.6,R
,884421,1390,0,891,0.482,-0.659,0.811,31.35,-25.21,26.25,R
,884561,1380,0,3889,0.409,-0.898,0.769,10.03,-49.99,21.8,R
,884671,1296,0,4095,0.304,-0.824,0.106,-38.22,-59.47,-3.88,R
,8847211293,0,ʊbrbjrbrbjrbjrbjrbRJH8847311294,0,095,0.29,-0.70,0.195,43.30,-17.27,-3	b
,884751,1296,0,4095,0.218,-0.61,0.176,37.46,1.81,-22.3,R
,884831,1367,0,4095,0.359,-0.58,0.327,33.46,11.09,-8.7,R
,884881,1394,0,3898,0.446,-0.68,0.369,-37.27,10.83,-7.2,R
,884911,1387,0,4071,0.43,-0.697,0.357,-37.03,1.14,-8.1,R
,884971,1392,0,066,0.507,-0.747,0.372,-29.23,14.99,-2567,R
,884991,1407,0,061,0.51,-0.702,0.408,-27.53,14.99,-2360,R
,885171,1377,0,4053,0.684,-0.63,0.815,12.76,-9.26,9.27,R
,885241,1383,0,3892,0.58,-0.644,0.614,24.22,-34.43,17.1,R
,885251,1387,0,4018,0.553,-0.65,0.614,24.79,-37.27,20.5,R
,885301,1370,0,3911,0.562,-0.68,0.630,27.78,-35.89,38.83,R
,885361,1390,0,3902,0.51,-0.709,0.658,1.41,-4.22,40.86,R
,885421,1392,0,3898,0.462,-0.75,0.638,25.28,-56.30,37.6,R
,885511,1365,0,4054,0.268,-0.843,0.133,23.54,-26.31,30.4,R
,885601,1466,0,3903,0.424,-0.875,-0.254,5.14,-24.95,4.2,R
,885691,1501,0,4024,0.39,-0.80,0.236,16.98,1.81,-6.0,R
,885701,1488,0,3901,0.374,-0.828,0.285,-13.62,22.82,-2.45,R
,885781,1405,0,3914,0.425,-0.77,0.427,4.98,28.88,-7.4,R
,885811,1361,0,3999,0.470,-0.804,0.475,-12.17,23.32,-9.9,R
,886051,1430,0,3975,0.59,-0.81,0.520,15.93,2.64,-1920,R
,886161,1390,0,3902,0.580,-0.76,0.478,1.88,1083,-41.2,R
,886171,1392,0,957,0.50,-0.707,0.440,-5.52,14.54,-39.96,R
,886231,1381,0,3952,0.555,-0.66,0.453,17.68,0.80,-35.5,R
,886261,1370,0,3920,0.641,-0.60,0.463,10.34,-2.30,-38.64,R
,886371,1381,0,3936,0.583,-0.596,1.012,-6.36,-8.94,35.7,R
,886451,1379,0,927,0.604,-0.73,0.759,8.53,-46.08,38.4,R
,886481,1366,0,3929,0.518,-0.761,0.654,29.60,-49.67,37.42,R
,886511,1386,0,3917,0.51,-0.78,0.618,1.48,-4.08,44.0,R
,886601,1474,0,3931,0.449,-0.845,0.484,15.25,-41.72,39.90,R
,886631,1487,0,3920,0.313,-0.845,0.507,7.61,-35.34,44.7,R
,886941,1327,0,3951,0.338,-0.858,0.346,-1.94,41.96,-7.64,R
,886961,1311,0,3940,0.372,-0.883,0.383,3.38,32.44,-18.4,R
,886971,1315,0,3906,0.37,-0.901,0.402,-6.74,26.22,-20.9,R
,886991,1308,0,3897,0.351,-0.860,0.369,10.31,2.05,-1345,R
,887051,1374,0,3898,0.459,-0.810,0.352,-3.65,2996,-21.2,R
,887071,1392,0,3898,0.460,-0.792,0.337,-11.49,31.57,-21.67,R
,887091,1403,0,3894,0.523,-0.806,0.332,18.04,17.73,-2555,R
,887221,1388,0,3948,0.694,-0.786,1.172,-32.83,16.47,-2.96,R
,887311,1409,0,3877,0.639,-0.765,0.801,4.41,-47.92,-7.95,R
,887461,1376,0,3957,0.347,-0.707,0.539,6.97,-68.98,5.2,R
,887551,1392,0,3888,0.207,-0.69,0.277,59.52,-51.98,14.0,R
,887601,1334,0,3961,0.129,-0.616,0.053,82.74,15.37,41.7,R
,887631,1265,0,3875,0.265,-0.727,0.072,94.12,24.44,49.2,R
,887711,1253,0,872,0.400,-0.979,0.240,74.88,59.70,31.94,R
,887781,1330,0,4000,0.406,-1.024,0.445,2.83,63.37,15.7,R
,887841,1291,0,3996,0.311,-0.900,0.618,6.19,61.6,-16.77,R
,888051,1358,0,865,0.42,-0.704,0.630,-33.70,41.46,-1415,R
,888251,1345,0,3861,0.363,-0.59,0.770,13.34,-28.94,8.5,R
,888341,1357,0,4034,0.348,-0.698,0.754,0.65,-3.21,26.98,R
,888391,1314,0,865,0.129,-0.83,0.736,15.38,-32.69,30.0,R
,888481,1291,0,4062,0.235,-0.760,0.442,29.74,-37.49,11.8,R
,888491,1296,0,3882,0.186,-0.79,0.405,39.17,-33.35,14.2,R
,888591,1141,0,3859,0.292,-0.77,0.017,1.24,-8.22,-16.19,R
,888621,1105,0,063,0.19,-0.784,0.363,21.98,9.7,-17.7,R
,888661,1111,0,4056,0.147,-0.70,0.381,1.46,4205,-7.0,R
,888801,1335,0,043,0.34,-0.743,0.620,-18.43,29.29,-3938,R
,888841,1357,0,4051,0.355,-0.68,0.561,-14.49,42.71,-29.92,R
,888861,1367,0,4037,0.391,-0.65,0.563,9.56,51.28,-34.90,R
,888881,1367,0,4059,0.395,-0.666,0.546,-12.88,47.35,-3932,R
,888921,1431,0,4057,0.521,-0.691,0.511,-29.07,13.76,-3851,R
,889071,1314,0,873,0.59,-0.490,1.321,0.55,2.51,-15.7,R
,889081,1317,0,4066,0.504,-0.52,1.212,8.04,-7.96,-12.47,R
,889501,1424,0,4095,0.372,-0.676,0.550,74.33,6984,-1.0,R
,889521,1426,0,4095,0.331,-0.559,0.537,40.93,81.82,-15.54,R
,889601,1363,0,4095,0.26,-0.60,0.803,0.84,51.06,-44.07,R
,889651,1375,0,3856,0.184,-0.498,0.848,10.10,7.44,-35.60,R
,889781,1382,0,4095,0.281,-0.436,0.714,21.73,3.53,-4311,R
,889791,1382,0,3851,0.243,-0.426,0.757,-28.42,3.06,-3801,R
,889841,1393,0,4095,0.34,-0.483,1.093,36.30,3.86,-36.65,R
,889851,1420,0,3858,0.277,-0.480,1.203,-38.91,5.24,-3238,R
,889941,1337,0,095,0.38,-0.32,1.732,-0.22,-127,-2.9,R
,889961,1333,0,4095,0.401,-0.398,1.476,.71,-2016,-7.09,R
,890101,1255,0,4095,0.182,-0.377,0.979,14.65,-1.55,34.6,R
,890151,1253,0,3858,0.224,-0.441,1.032,21.29,-4.48,31.0,R
,890201,1273,0,4095,0.098,-0.438,1.081,12.64,-2.65,36.7,R
,890231,1294,0,3862,0.061,-0.485,1.041,6.64,-4.54,29.4,R
,890241,1297,0,4095,0.047,-0.490,0.989,2.03,-5.69,28.1,R
,890381,1180,0,4095,0.14,-0.54,0.222,-5.73,9.32,10.42,!5
,890481,1291,0,4095,0.155,-0.584,0.804,21.09,1.57,-1212,R
,890601,1375,0,4095,0.27,-0.51,0.800,-29.23,19.99,-24.94,R
,890631,1335,0,3865,0.22,-0.50,0.789,-31.10,3.01,-22.96,R
,890721,1383,0,4095,0.33,-0.54,0.763,38.68,1.31,-2346,R
,890791,1399,0,859,0.418,-0.552,1.370,-50.36,2.86,-1929,R
,890811,1403,0,3867,0.325,-0.458,1.581,32.46,2.65,-1117,R
,890831,1351,0,3871,0.24,-0.42,1.694,-22.01,13.41,-5.80,R
,890851,1344,0,3865,0.332,-0.39,1.727,-10.22,-2.33,-9.96,R
,890861,1330,0,4095,0.296,-0.317,1.591,-6.34,-1.44,-4.9,R
,890901,1334,0,4095,0.333,-0.378,1.194,4.18,-2.73,9.9,R
,890951,1327,0,3854,0.28,-0.41,0.981,7.69,-37.87,19.30,R
,890981,1315,0,4095,0.24,-0.45,0.976,17.49,-39.63,23.10,R
,891001,1321,0,4095,0.243,-0.43,0.976,16.39,-2.81,28.5,R
,891111,1361,0,3856,-0.021,-0.50,0.769,37.70,-3.23,2939,R
,891351,1454,0,3868,0.16,-0.803,0.727,-17.09,4.29,-3526,R
,891371,1435,0,3860,0.13,-0.758,0.765,-13.38,4.60,-4807,R
,891411,1373,0,3862,-0.001,-0.64,0.829,-21.94,9.44,-5.48,R
,891431,1371,0,3857,-0.03,-0.583,0.858,-32.25,1.75,-58.68,R
,891491,1344,0,3869,0.05,-0.511,0.815,-21.79,3.49,-54.44,R
,891501,1361,0,4095,0.03,-0.512,0.789,-20.37,49.02,-51.55,R
,891521,1387,0,095,0.091,-0.535,0.812,-24.05,3.17,-5241,R
,891631,1407,0,3870,0.117,-0.41,0.862,-33.72,2.85,-38.53,R
,891701,1383,0,4095,0.096,-0.40,1.743,-13.23,2.97,8.7,R
,891711,1375,0,3858,0.101,-0.37,1.822,-4.94,2031,12.6,R
,891771,1360,0,3860,0.176,-0.42,1.329,31.25,-2.59,21.7,R
,891781,1365,0,4095,0.178,-0.39,1.256,2.42,-2.67,25.6,R
,891851,1361,0,872,0.195,-0.498,1.074,7.57,-3.78,44.2,R
,891861,1350,0,4095,0.28,-0.518,1.084,29.48,-3.45,43.8,R
,891911,1360,0,3871,0.15,-0.483,1.040,31.69,-3.83,41.01,R
,891971,1369,0,3879,0.00,-0.44,1.036,31.64,-4.32,38.0,R
,892061,1347,0,4095,-0.68,-0.600,0.636,44.07,-2.95,2458,R
,892221,1314,0,4095,0.07,-0.514,0.573,-16.16,2.21,-1923,R
,892361,1299,0,4095,0.104,-0.499,0.833,-25.94,3.69,-5076,R
,892401,1376,0,4095,0.18,-0.452,0.826,-27.00,40.42,-49.93,R
,892461,1369,0,4095,0.194,-0.373,0.793,28.01,41.12,-35.83,R
,892471,1363,0,3866,0.23,-0.346,0.847,-31.58,4.11,-3848,R
,892561,1266,0,4095,0.17,-0.337,1.713,-16.54,3.41,-4.8,R
,892571,1269,0,3863,0.073,-0.299,1.724,-10.26,3.10,0.0,R
,892581,1266,0,095,0.115,-0.293,1.706,5.17,21.40,4.72,R
,892721,1306,0,4095,0.221,-0.395,1.066,24.76,-2.18,23.55,R
,892751,1296,0,3873,0.16,-0.41,1.084,3.00,-22.53,30.7,R
,892771,1294,0,868,0.18,-0.41,1.090,1.51,-21.20,36.23,R
,892821,1355,0,4095,0.039,-0.416,1.115,27.11,-3.21,33.3,R
,892851,1355,0,3873,-0.09,-0.419,1.100,28.36,-9.58,3396,R
,892881,1337,0,4095,-0.78,-0.469,1.039,29.49,-2.19,3289,R
,893111,1233,0,3871,0.094,-0.497,0.667,19.64,34.34,-16.38,R
,893161,1256,0,4095,0.032,-0.47,0.897,-24.59,40.89,-3108,R
,893271,1314,0,3865,0.079,-0.431,0.869,26.94,2.79,-4909,R
,893451,1361,0,878,0.18,-0.331,1.591,-19.06,2.18,-3.02,R
,893511,1390,0,3883,0.163,-0.345,1.343,.50,-6.9,3.13,
,893601,1351,0,4095,0.138,-0.34,1.091,18.97,-19.66,23.64,R
,893671,1330,0,875,0.069,-0.330,1.130,20.61,-2.83,39.58,R
,893801,1299,0,4095,-0.046,-0.46,0.758,38.82,-9.20,32.74,R
,893861,1007,0,4095,0.096,-0.50,0.345,40.85,-4.41,10.68,R
,893881,1117,0,4095,0.084,-0.466,0.326,27.60,-24.79,7.55,R
,894021,1105,0,095,0.06,-0.472,0.936,-32.25,28.88,-2456,R
,894031,1120,0,3878,-0.043,-0.58,0.987,-17.64,0.85,-25.19,R
,894071,1107,0,875,0.017,-0.435,0.952,12.43,3.12,-3189,R
,894171,1072,0,887,0.08,-0.421,0.871,22.34,3.96,-3403,R
,894261,1152,0,4095,0.155,-0.25,1.012,-32.48,32.99,-26.33,R
,894281,1152,0,095,0.09,-0.323,1.267,35.91,2.89,-2193,R
,894341,1134,0,095,0.07,-0.306,1.669,10.34,1.70,2.02,R
,894391,1159,0,3883,0.142,-0.30,1.278,18.53,-1.40,3.55,R
,894431,1138,0,3894,0.150,-0.33,1.064,23.08,-2.33,10.1,R
,894461,1136,0,095,0.138,-0.359,1.051,0.27,-2.39,17.0,R
,894551,1079,0,3892,0.02,-0.347,1.130,23.28,-2.18,39.6,R
,894571,1088,0,3890,-0.16,-0.382,1.137,18.80,-25.24,3726,R
,894751,789,0,3886,0.03,-0.474,0.411,5.22,-28.7,2.84,
,894771,962,0,385,0.052,-0.496,0.400,473,-10.08,-0.35,!5
,894821,1081,0,4095,-0.25,-0.41,0.642,-9.97,3.27,-8.8,R
,894941,1039,0,4095,-0.18,-0.411,0.902,-11.79,5.70,-35.57,R
,894961,1084,0,095,0.010,-0.430,0.908,28.88,21.00,-45.14,R
,895081,1136,0,4095,0.14,-0.436,0.815,-36.92,1.48,-4280,R
,895141,1137,0,4092,0.05,-0.39,1.019,36.84,21.70,-40.41,R
,895241,1269,0,4085,0.026,-0.27,1.617,.53,-1.12,-8.53,R
,895261,1289,0,4095,0.01,-0.299,1.445,11.29,-1.82,-9.8,R
,895441,1184,0,4061,0.01,-0.342,1.114,23.06,-924,48.0,R
,895521,1153,0,4067,0.091,-0.347,0.927,51.22,-27.41,36.26,R
,895561,1095,0,4042,0.036,-0.490,0.634,8.42,-11.98,30.28,R
,895691,688,0,3902,-0.052,-0.482,0.617,-5.21,22.36,-17.5,R
,895731,803,0,3903,-0.067,-0.487,0.792,24.34,19.26,-27.14,R
,895801,981,0,4047,-0.045,-0.424,0.955,31.76,21.44,-3422,R
,895871,1129,0,913,0.088,-0.41,0.885,-22.39,2.94,-3552,R
,895941,1283,0,016,0.134,-0.446,0.806,32.30,19.61,-38.94,R
,895971,1295,0,915,0.192,-0.41,0.788,-28.55,1.76,-3725,R
,896011,1287,0,919,0.064,-0.38,1.176,-43.35,3.44,-2355,R
,896021,1296,0,3985,0.039,-0.38,1.328,-41.79,3.53,-1758,R
,896061,1357,0,3984,0.039,-0.31,1.776,-17.30,1.75,-3.8,R
,896141,1315,0,979,0.107,-0.306,1.240,24.15,-2.85,10.2,R
,896151,1357,0,930,0.089,-0.292,1.181,23.95,-2.79,17.21,R
,896251,1339,0,3945,0.06,-0.36,1.094,28.99,-38.07,45.84,R
,896411,1282,0,3935,-0.081,-0.46,0.734,51.83,-50.71,3649,R
,896481,647,0,345,-0.004,-0.47,0.396,35.25,-24.33,10.10,R
,896631,1072,0,942,0.05,-0.423,0.872,-10.30,1.16,-26.91,R
,896651,1106,0,943,0.06,-0.399,0.919,-12.16,3.26,-32.00,R
,896661,1114,0,903,0.01,-0.373,0.917,-18.05,3.22,-31.37,R
,896831,1226,0,941,0.22,-0.303,0.700,-26.25,1.76,-3980,R
,896951,1290,0,3951,0.150,-0.30,1.708,19.88,1.47,0.36,R
,896981,1274,0,891,0.15,-0.266,1.485,.52,1.2,9.81,R
,897001,1282,0,899,0.161,-0.263,1.363,8.61,-1.78,5.64,R
,897081,1221,0,883,0.11,-0.304,1.068,21.69,-27.29,18.5,R
,897091,1239,0,952,0.17,-0.296,1.075,24.35,-2.71,21.9,R
,897141,1207,0,890,0.15,-0.261,1.042,5.95,-2.77,30.54,R
,897311,1122,0,968,-0.09,-0.443,0.681,21.80,-9.15,2961,R
,897381,1155,0,3877,0.07,-0.495,0.506,17.70,4.6,7.75,
,897421,1168,0,874,0.045,-0.396,0.597,0.82,24.3,-1.61,R
,897451,1155,0,3980,0.07,-0.423,0.737,-24.80,15.47,-2357,R
,897481,1179,0,3869,0.009,-0.405,0.843,-23.38,24.15,-15.16,R
,897531,1200,0,3963,0.023,-0.38,0.922,-23.32,3.21,-2829,R
,897581,1197,0,3867,0.033,-0.35,0.883,-25.73,30.97,-32.45,R
,897591,1181,0,958,0.047,-0.365,0.885,-29.26,2.46,-35.51,R
,897611,1198,0,3974,0.07,-0.39,0.871,-28.30,18.13,-39.13,R
,897661,1232,0,3866,0.146,-0.36,0.789,-26.05,2.89,-32.68,R
,897701,1239,0,3866,0.186,-0.34,0.716,-33.94,1.08,-2967,R
,897781,1247,0,3868,0.063,-0.25,1.743,-25.97,4.17,6.1,R
,897801,1259,0,3855,0.03,-0.233,1.787,-8.13,2444,3.88,R
,897851,1210,0,4002,0.155,-0.22,1.379,3.45,-10.83,13.75,R
,897861,1254,0,3859,0.13,-0.289,1.319,8.44,-17.20,11.8,R
,897881,1239,0,3863,0.11,-0.250,1.211,20.94,-1.32,15.0,R
,897951,1407,0,3984,0.08,-0.308,1.122,21.05,-2.67,35.49,R
,897971,1437,0,3977,0.08,-0.281,1.097,28.59,-25.46,39.04,R
,898041,1403,0,3862,-0.38,-0.341,1.102,19.95,-4.50,37.29,R
,898221,1393,0,3862,0.02,-0.594,0.443,6.24,-9.3,5.81,
,898231,1413,0,4026,0.059,-0.533,0.458,5.43,-0.86,-0.32,R
,898241,1410,0,3856,0.05,-0.603,0.498,2.64,5.4,-2.03,
,898321,1392,0,859,0.055,-0.44,0.797,-19.84,1.03,-2325,R
,898501,1429,0,3861,0.133,-0.38,0.795,-31.18,2.31,-4035,R
,898511,1429,0,016,0.143,-0.37,0.784,-31.43,2.64,-3911,R
,898661,1477,0,3861,0.05,-0.279,1.584,-19.24,1.16,-3.3,R
,898841,1472,0,3856,0.04,-0.326,1.066,25.63,-2.88,22.66,R
,899021,1439,0,3877,-0.86,-0.441,0.860,37.03,-4.10,2662,R
,899111,1347,0,4064,0.019,-0.450,0.356,5.44,-166,3.64,R
,899191,1401,0,4063,0.016,-0.459,0.606,-26.72,3.73,-1419,R
,899231,1394,0,071,-0.010,-0.56,0.863,-35.76,7.03,-2.32,R
,899301,1401,0,3856,0.056,-0.449,0.969,-34.59,3.05,-2925,R
,899331,1395,0,4086,0.067,-0.511,1.005,-39.43,1.89,-3181,R
,899371,1345,0,4016,0.183,-0.423,0.839,-23.18,2.82,-2714,R
,899381,1363,0,3853,0.204,-0.377,0.775,25.17,1.66,-3035,R
,899451,1355,0,4095,0.120,-0.425,1.020,44.01,2.20,-3534,R
,899471,1383,0,4095,0.047,-0.318,1.350,-34.98,4.02,-2032,R
,899551,1375,0,4095,0.041,-0.240,1.519,.29,-9.34,-0.35,R
,899651,1374,0,095,0.16,-0.322,1.101,27.16,-32.28,24.08,R
,899681,1361,0,3858,0.113,-0.337,1.110,0.59,-2.47,37.75,R
,899721,1387,0,3863,0.075,-0.343,1.103,4.77,-3.50,41.42,R
,899771,1393,0,4095,-0.020,-0.431,1.146,46.22,-1.43,4135,R
,899891,1375,0,095,0.17,-0.460,0.473,30.21,-48.82,22.04,R
,899961,1251,0,3851,0.010,-0.53,0.416,.57,4.5,18.57,R
,899981,1264,0,3854,0.119,-0.538,0.603,2.07,2.8,8.22,
,900011,1325,0,4095,0.099,-0.417,0.523,.85,4.2,-1.11,
,900041,1271,0,3857,0.073,-0.428,0.621,47.62,1.44,0.26,R
,900181,1349,0,3856,0.291,-0.67,0.956,51.73,1.21,-2016,R
,900211,1326,0,4095,0.419,-0.673,1.011,71.91,2.24,-1371,R
,900221,1329,0,3853,0.472,-0.80,1.073,76.84,1.75,-2166,R
,9002511289,0,095,0.484,-0.945,1.231,-83.53,-3F	bjrbRJH900261,1296,0,3brbjrªbrbjrbjrbjrbR
,900341,1285,0,3852,0.345,-0.47,1.590,64.36,-3.05,-84.59,R
,900351,1286,0,4095,0.286,-0.38,1.573,61.01,-6.60,-80.21,R
,900661,1286,0,3887,0.258,-0.59,0.583,8.77,-4.05,37.94,R
,900671,1285,0,4095,0.243,-0.60,0.504,8.64,-4.03,36.7,R
,900871,1281,0,4071,0.35,-0.743,0.464,29.72,32.44,12.07,R
,900891,1296,0,4080,0.327,-0.808,0.576,-18.66,30.08,6.62,R
,900951,1339,0,4095,0.37,-0.71,0.689,15.23,5.63,-7.2,R
,900981,1313,0,3869,0.31,-0.76,0.733,20.07,3.04,-9.6,R
,901001,1321,0,3867,0.35,-0.68,0.704,15.39,4.16,-5.2,R
,901031,1340,0,4090,0.424,-0.67,0.631,12.69,4.58,-8.0,R
,901051,1389,0,085,0.458,-0.479,0.567,26.14,38.76,-13.49,R
,901061,1401,0,878,0.44,-0.684,0.574,22.60,2.53,-11.19,R
,901111,1443,0,095,0.46,-0.679,0.715,21.21,2.73,-30.62,R
,901221,1421,0,3869,0.31,-0.57,1.431,.17,6.5,-7.32,
,901321,1360,0,3867,0.30,-0.596,0.894,3.05,-2.97,24.8,R
,901331,1327,0,4095,0.37,-0.605,0.899,4.03,-1.98,29.4,R
,901371,1327,0,095,0.279,-0.655,0.906,2.85,-2.07,35.55,R
,901421,1343,0,3867,0.23,-0.594,0.883,2.04,-28.45,30.10,R
,901451,1341,0,4095,0.11,-0.800,0.914,5.26,-3.72,31.1,R
,901511,1315,0,4095,0.18,-0.612,0.737,3.81,-3.76,9.73,R
,901521,1299,0,869,0.101,-0.617,0.673,38.99,-3.46,9.9,R
,901541,1328,0,869,0.124,-0.590,0.462,29.69,-35.34,9.12,R
,901671,1383,0,095,0.116,-0.668,0.318,5.51,3338,16.66,R
,901681,1391,0,865,0.23,-0.666,0.442,3.12,32.01,3.91,R
,901801,1359,0,872,0.358,-0.771,0.744,21.06,3.89,-1816,R
,901811,1359,0,095,0.38,-0.767,0.745,28.83,2.26,-2175,R
,901841,1355,0,875,0.415,-0.819,0.813,43.39,1.08,-3082,R
,901911,1393,0,095,0.604,-0.895,0.776,52.01,-11.96,-62.82,R
,901981,1362,0,3881,0.43,-0.612,1.294,53.81,-.82,-7171,R
,902001,1367,0,879,0.304,-0.511,1.450,-51.06,-3.20,-6.49,R
,902021,1402,0,3875,0.20,-0.408,1.532,37.68,-9.79,-5.09,R
,902041,1369,0,877,0.259,-0.285,1.386,25.53,-2.69,-2.80,R
,902071,1371,0,4095,0.32,-0.31,1.084,-13.43,-40.80,-2.74,R
,902111,1337,0,095,0.330,-0.310,0.823,.37,-4080,20.7,R
,902181,1289,0,885,0.419,-0.500,0.754,.07,-44.65,36.83,R
,902251,1297,0,4095,0.402,-0.588,0.798,21.14,-41.61,32.25,R
,902301,1289,0,867,0.336,-0.648,0.774,3.46,-4.86,25.32,R
,902341,1283,0,3871,0.273,-0.707,0.533,8.59,-35.23,23.70,R
,902481,1286,0,3881,0.378,-0.802,0.296,6.16,1370,-7.06,R
,902501,1286,0,879,0.388,-0.767,0.292,2.44,1963,-5.0,R
,902521,1305,0,3878,0.364,-0.72,0.354,12.51,21.57,-17.49,R
,902531,1308,0,4085,0.340,-0.711,0.393,18.89,19.08,-20.68,R
,902551,1314,0,4095,0.352,-0.723,0.521,21.99,1.41,-2439,R
,902581,1314,0,879,0.392,-0.720,0.555,7.94,2521,-29.6,R
,902611,1313,0,4095,0.375,-0.615,0.549,9.84,3332,-21.0,R
,902691,1346,0,4095,0.486,-0.579,0.508,12.22,3.34,-1574,R
,902751,1386,0,4090,0.573,-0.62,0.504,29.20,1.92,-28.82,R
,902791,1401,0,090,0.548,-0.562,0.936,31.75,3.24,-2790,R
,902871,1411,0,063,0.612,-0.454,1.399,11.35,10.60,0.62,R
,902981,1360,0,3873,0.589,-0.55,0.843,2.41,-28.24,21.42,R
,902991,1366,0,4079,0.557,-0.578,0.838,5.49,-2.25,22.86,R
,903011,1365,0,4069,0.519,-0.564,0.836,7.72,-1.84,30.8,R
,903031,1361,0,4066,0.478,-0.55,0.832,5.51,-1.27,35.26,R
,903071,1391,0,4095,0.462,-0.607,0.845,0.77,-5.50,27.5,R
,903141,1375,0,3875,0.318,-0.680,0.773,5.70,-2.27,29.2,R
,903161,1378,0,3879,0.322,-0.691,0.620,24.45,-40.45,24.91,R
,903231,1430,0,4095,0.402,-0.72,0.088,0.38,-1.83,12.1,R
,903331,1447,0,4095,0.366,-0.711,0.272,19.38,3.60,7.5,R
,903361,1330,0,3875,0.330,-0.76,0.445,38.57,35.67,5.70,R
,903371,1341,0,4095,0.374,-0.78,0.506,42.71,2.86,-1.57,R
,903421,1347,0,3878,0.391,-0.79,0.571,25.93,4.07,4.5,R
,903451,1349,0,4095,0.401,-0.790,0.625,42.46,4.61,-8.0,R
,903461,1347,0,3883,0.433,-0.82,0.627,53.44,33.98,-12.87,R
,903561,1407,0,3874,0.739,-0.94,0.572,74.36,-7.21,-4.90,R
,903591,1360,0,4095,0.77,-0.95,0.620,77.38,-7.81,-6.03,R
,903621,1413,0,3885,0.746,-0.84,0.849,75.29,-.11,-6786,R
,903701,1388,0,3887,0.440,-0.408,1.158,25.94,-6.94,-2.35,R
,903711,1389,0,4095,0.459,-0.458,1.004,25.43,-3.35,-1.06,R
,903741,1403,0,3878,0.461,-0.437,0.765,11.47,-1.64,2.7,R
,903751,1397,0,4095,0.446,-0.43,0.670,5.70,-5.00,7.29,R
,903771,1392,0,4095,0.41,-0.417,0.527,5.06,-46.30,24.23,R
,903781,1376,0,3871,0.463,-0.44,0.513,3.94,-5.11,27.2,R
,903791,1358,0,4095,0.40,-0.487,0.481,-7.12,-54.54,30.0,R
,903841,1346,0,3875,0.514,-0.60,0.441,.84,-4491,44.2,R
,903951,1386,0,4095,0.375,-0.798,0.407,6.04,-4.23,33.78,R
,904021,1423,0,3871,0.289,-0.84,0.074,1.70,-5.95,18.4,R
,904101,1483,0,3869,0.307,-0.908,-0.375,5.83,-24.77,5.82,R
,904231,1489,0,4095,0.47,-0.906,0.213,.48,33.1,-9.05,R
,904291,1481,0,095,0.467,-0.900,0.285,-16.71,24.71,-1662,R
,904341,1527,0,3866,0.43,-0.70,0.214,8.04,3728,-22.5,R
,904361,1488,0,3875,0.447,-0.852,0.219,25.39,32.15,-18.53,R
,904391,1555,0,4095,0.61,-0.760,0.241,9.09,-769,-45.4,R
,904421,1589,0,874,0.530,-0.759,0.430,32.33,3.02,-2393,R
,904431,1584,0,4095,0.61,-0.765,0.570,37.85,4.21,-13.29,R
,904501,1571,0,3873,0.70,-0.91,1.225,13.94,-.78,-6.0,R
,904511,1567,0,4095,0.65,-0.942,1.187,4.55,-792,-12.6,R
,904521,1565,0,3877,0.72,-0.88,1.135,.85,-7.0,-15.96,R
,904601,1449,0,879,0.40,-0.702,0.435,6.59,-1.37,-0.3,R
,904631,1428,0,4095,0.501,-0.693,0.348,2.16,-2.51,12.6,R
,904681,1433,0,3875,0.59,-0.760,0.354,.94,-1956,28.4,R
,904691,1428,0,095,0.57,-0.760,0.376,.46,-1959,29.01,R
,904731,1392,0,095,0.511,-0.782,0.452,5.17,-1.16,26.84,R
,904751,1394,0,4095,0.429,-0.84,0.456,22.42,-11.35,34.57,R
,904811,1435,0,4095,0.52,-0.826,0.384,1.19,-4.10,24.6,R
,904871,1443,0,095,0.445,-0.804,0.456,9.69,-29.63,25.07,R
,904901,1437,0,863,0.458,-0.778,0.415,6.12,-4.18,24.33,R
,904911,1442,0,095,0.433,-0.787,0.379,4.44,-34.14,28.95,R
,904931,1435,0,095,0.434,-0.766,0.372,16.41,-21.67,38.71,R
,905011,1437,0,095,0.41,-0.802,0.345,9.02,-3.84,29.06,R
,905051,1426,0,095,0.439,-0.801,0.373,8.90,-1.52,30.0,R
,905091,1430,0,095,0.35,-0.831,0.417,7.14,-40.77,20.72,R
,905111,1418,0,095,0.427,-0.859,0.416,.98,-44.11,20.02,R
,905141,1471,0,879,0.399,-0.897,0.400,6.39,-33.56,23.96,R
,905151,1487,0,095,0.389,-0.881,0.375,5.77,-2.57,28.9,R
,905231,1466,0,4095,0.34,-0.95,0.315,4.94,-3.29,19.9,R
,905251,1459,0,095,0.266,-0.943,0.303,0.91,-3.44,16.8,R
,905301,1396,0,889,0.36,-0.840,0.227,5.32,-3.08,5.4,R
,905311,1373,0,095,0.276,-0.832,0.231,0.85,-3.79,1.1,R
,905321,1360,0,886,0.23,-0.82,0.221,38.12,-38.89,-2.53,R
,905421,1329,0,886,0.27,-0.75,0.191,22.04,8.5,6.77,R
,905541,1354,0,3888,0.27,-0.86,0.320,20.21,42.95,-11.6,R
,905591,1441,0,4095,0.35,-0.85,0.322,-18.07,52.53,-14.42,R
,905631,1462,0,095,0.30,-0.946,0.387,-23.07,38.28,-29.87,R
,905751,1499,0,4090,0.368,-0.884,0.456,-42.17,16.97,-40.33,R
,905811,1495,0,059,0.40,-0.732,0.548,-20.26,35.15,-3552,R
,905861,1491,0,898,0.586,-0.789,0.945,-29.43,12.99,-29.46,R
,905871,1488,0,4060,0.535,-0.795,0.999,-19.49,13.76,-30.51,R
,905891,1507,0,059,0.59,-0.73,1.091,3.65,1757,-18.9,R
,905941,1516,0,891,0.535,-0.703,1.040,1.51,-1796,-6.5,R
,905971,1506,0,053,0.56,-0.749,1.024,7.06,-2187,-2.9,R
,905981,1504,0,895,0.50,-0.73,0.933,5.57,-2.35,2.4,R
,906021,1493,0,891,0.51,-0.69,0.728,1.96,-3.10,6.0,R
,906131,1500,0,4059,0.407,-0.769,0.648,16.25,-35.76,19.42,R
,906271,1357,0,4048,0.336,-0.82,0.084,0.01,-38.60,-11.37,R
,906281,1360,0,3892,0.308,-0.81,0.034,.84,-3389,-8.1,R
,906521,1301,0,3893,0.335,-0.826,0.253,-45.12,44.10,-46.47,R
,906551,1355,0,4027,0.296,-0.701,0.236,-36.51,57.66,-60.35,R
,906561,1360,0,3899,0.259,-0.69,0.244,36.62,5.69,-6412,R
,906621,1353,0,3893,0.241,-0.470,0.305,7.55,5880,-53.3,R
,906641,1362,0,3900,0.214,-0.311,0.390,14.80,83.20,-44.10,R
,906711,1483,0,4002,0.384,-0.18,1.235,9.49,10.21,26.6,R
,906741,1462,0,3914,0.573,-0.425,1.470,6.88,9288,39.87,R
,906811,1479,0,3982,0.861,-0.78,1.232,3.93,3963,37.9,R
,906931,1474,0,4002,0.514,-0.77,0.960,2.16,-2.27,25.8,R
,906971,1478,0,3999,0.392,-0.701,0.946,41.92,-27.63,28.72,R
,906981,1475,0,3901,0.381,-0.681,0.923,36.80,-32.08,27.76,R
,907071,1408,0,3995,0.244,-0.64,0.798,2.54,-4.61,23.33,R
,907091,1403,0,3985,0.172,-0.634,0.690,35.57,-38.95,19.09,R
,907151,1335,0,3986,0.177,-0.59,0.295,5.43,-1.92,19.2,R
,907181,1241,0,3903,0.183,-0.58,0.234,6.65,-885,11.5,R
,907191,1229,0,3984,0.187,-0.552,0.179,15.06,-10.36,6.2,R
,907251,1170,0,3974,0.173,-0.696,0.418,3.81,0.21,-6.62,R
,907261,1178,0,3901,0.230,-0.635,0.410,-3.36,11.50,-7.66,R
,907271,1195,0,3983,0.209,-0.652,0.465,-7.10,19.38,-11.34,R
,907281,1200,0,3905,0.193,-0.647,0.479,10.30,1.76,-1490,R
,907291,1198,0,3972,0.213,-0.654,0.521,-9.49,20.50,-15.32,R
,907311,1205,0,3972,0.249,-0.671,0.593,-6.83,2181,-19.2,R
,907321,1213,0,3905,0.241,-0.660,0.602,-10.17,2.60,-2021,R
,907341,1227,0,3899,0.251,-0.645,0.630,12.46,4.98,-2138,R
,907361,1206,0,3903,0.256,-0.623,0.662,-17.97,48.22,-23.92,R
,907371,1236,0,3938,0.274,-0.629,0.687,20.68,4.47,-2600,R
,907611,1472,0,3927,0.49,-0.498,1.488,33.90,3.13,-15.08,R
,907621,1472,0,3919,0.43,-0.52,1.569,30.80,2.25,-2004,R
,907631,1473,0,3920,0.459,-0.534,1.604,-26.11,8.44,-18.65,R
,907641,1477,0,3917,0.46,-0.487,1.609,18.40,401,-12.5,R
,907651,1468,0,3920,0.49,-0.504,1.588,10.59,398,-5.9,R
,907671,1462,0,3919,0.43,-0.46,1.388,5.09,4.6,3.53,
,907681,1461,0,3925,0.57,-0.514,1.314,.48,-7.4,2.94,R
,907731,1472,0,3929,0.44,-0.45,0.964,1.77,-2.98,6.9,R
,907741,1467,0,3926,0.419,-0.46,0.937,1.69,-3.22,11.0,R
,907861,1491,0,3930,0.31,-0.55,0.877,0.54,-3.09,33.5,R
,907871,1491,0,909,0.32,-0.562,0.882,.72,-3940,34.1,R
,907901,1470,0,3936,0.28,-0.61,0.901,2.19,-4.53,32.8,R
,907911,1459,0,3909,0.283,-0.61,0.870,6.24,-4.82,33.2,R
,908091,1340,0,903,0.256,-0.832,0.141,31.96,-5.27,2.23,R
,908101,1345,0,931,0.26,-0.887,0.290,32.37,-.63,-3.5,R
,908161,1351,0,3910,0.139,-0.81,0.396,-50.98,22.68,-14.68,R
,908211,1415,0,3902,0.22,-0.82,0.487,-47.29,40.94,-36.94,R
,908231,1440,0,893,0.223,-0.830,0.496,62.10,4.85,-4839,R
,908261,1467,0,929,0.208,-0.785,0.478,67.90,4.29,-58.56,R
,908471,1554,0,875,0.17,-0.090,1.604,.76,10054,35.9,R
,908481,1559,0,3931,0.272,-0.132,1.705,19.99,92.91,41.50,R
,908511,1575,0,3890,0.568,-0.44,1.790,57.29,7648,53.9,R
,908521,1574,0,936,0.643,-0.479,1.812,5.05,67.50,53.26,R
,908541,1565,0,3939,0.785,-0.600,1.532,3.17,5793,50.6,R
,908551,1535,0,888,0.852,-0.755,1.549,8.19,4999,42.5,R
,908561,1535,0,923,0.811,-0.771,1.422,9.28,4488,43.1,R
,908581,1502,0,948,0.78,-0.831,1.330,6.07,3010,33.3,R
,908631,1518,0,3888,0.609,-0.770,1.115,3.98,-1.14,25.50,R
,908671,1488,0,889,0.468,-0.702,1.060,9.00,-1.55,34.2,R
,908771,1487,0,889,0.155,-0.564,1.045,.14,-38.10,35.35,R
,908801,1430,0,941,0.070,-0.622,0.981,.47,-57.11,34.13,R
,908891,1369,0,887,0.071,-0.501,0.237,0.64,-3.52,32.13,R
,908921,1335,0,938,0.102,-0.545,0.229,10.46,-9.81,17.49,R
,908931,1344,0,3887,0.124,-0.53,0.209,-13.61,-20.21,1091,R
,908961,1343,0,3936,0.152,-0.64,0.226,-7.52,-3.78,9.23,R
,908971,1346,0,3888,0.152,-0.663,0.380,5.94,-239,5.20,R
,909011,1367,0,3879,0.115,-0.550,0.434,12.08,3.73,3.52,R
,909101,1366,0,3942,0.14,-0.627,0.739,16.78,3.77,-1725,R
,909141,1395,0,3942,0.055,-0.602,0.763,4.10,5990,-4.3,R
,909171,1398,0,3862,0.178,-0.597,0.779,31.59,3.77,-33.13,R
,909181,1386,0,3952,0.176,-0.68,0.758,37.41,1.50,-36.56,R
,909201,1397,0,3939,0.233,-0.653,0.691,40.46,415,-31.84,R
,909211,1404,0,3868,0.248,-0.64,0.660,-36.40,10.10,-2567,R
,909291,1453,0,3882,0.25,-0.618,1.046,51.24,1.17,-24.79,R
,909331,1472,0,3863,0.326,-0.538,1.616,-32.89,37.02,-9.6,R
,909351,1472,0,3885,0.178,-0.43,1.764,-25.10,3.32,-4.00,R
,909411,1482,0,3866,0.373,-0.49,1.330,.66,-18.54,1.30,R
,909421,1488,0,3983,0.353,-0.53,1.221,.81,-23.05,3.67,R
,909431,1489,0,3871,0.346,-0.481,1.165,8.86,-24.08,5.50,R
,909471,1487,0,3867,0.280,-0.461,0.954,2.16,-2.10,12.63,R
,909501,1488,0,3984,0.234,-0.529,0.964,.60,-3840,19.76,R
,909521,1488,0,3985,0.20,-0.514,0.956,17.34,-3.83,28.17,R
,909581,1456,0,3999,0.154,-0.57,0.953,14.68,-42.16,34.43,R
,909591,1459,0,3865,0.149,-0.59,0.939,3.98,-4.09,35.82,R
,909641,1479,0,3995,0.128,-0.638,0.881,2.39,-4.40,29.96,R
,909661,1441,0,3984,0.085,-0.669,0.824,2.57,-4.09,29.26,R
,909721,1371,0,3956,0.036,-0.69,0.410,4.86,-3.90,21.81,R
,909731,1353,0,3871,0.126,-0.68,0.348,1.29,-3.76,19.78,R
,909751,1333,0,3869,0.152,-0.71,0.265,.07,-3526,7.90,R
,909771,1295,0,3863,0.174,-0.726,0.187,-1.75,-26.66,0.3,R
,909831,1281,0,3862,0.084,-0.80,0.357,13.52,1.44,-6.97,R
,909841,1299,0,3998,0.170,-0.76,0.355,20.14,2.35,-11.67,R
,909911,1363,0,3861,0.154,-0.820,0.606,50.88,22.82,-52.68,R
,909931,1370,0,3857,0.151,-0.782,0.597,-51.93,33.32,-6082,R
,909971,1360,0,3851,0.109,-0.72,0.604,60.63,3.00,-80.84,R
,910021,1413,0,4007,0.10,-0.51,0.487,20.22,2.31,-10.25,R
,910081,1443,0,4006,-0.264,0.020,0.653,-0.43,108.39,-4983,R
,910091,1439,0,3856,-0.303,0.045,0.771,.98,10044,-40.35,R
,910101,1429,0,3999,-0.05,0.09,0.875,.30,93.50,-23.2,R
,910161,1522,0,4021,0.172,-0.20,1.687,0.22,10.78,62.62,R
,910181,1516,0,4031,0.35,-0.39,1.781,4.06,9602,67.79,R
,910251,1502,0,3858,0.685,-0.80,1.424,4.99,3364,23.2,R
,910281,1441,0,4019,0.546,-0.78,1.319,8.18,1465,9.20,R
,910351,1405,0,3873,0.21,-0.63,1.169,8.30,-12.72,14.13,R
,910411,1394,0,3856,0.127,-0.47,1.136,6.16,-2.73,21.33,R
,910491,1399,0,3866,0.00,-0.36,0.982,0.77,-57.92,26.4,R
,910501,1392,0,4038,0.33,-0.23,0.735,1.06,-4.05,1.21,R
,910531,1351,0,858,-0.002,-0.32,0.674,33.20,-48.43,3020,R
,910561,1147,0,4029,-0.028,-0.381,0.462,35.48,-34.89,27.68,R
,910671,1201,0,3863,0.01,-0.50,0.512,0.79,2566,12.9,R
,910691,1251,0,3866,0.04,-0.43,0.552,2.45,29.76,-6.7,R
,910731,1222,0,3882,0.004,-0.51,0.733,29.32,1.66,-1810,R
,910761,1207,0,4014,0.03,-0.49,0.789,8.10,3712,-33.6,R
,910841,1238,0,4028,0.035,-0.495,0.920,-41.14,29.60,-52.85,R
,910861,1247,0,3984,0.00,-0.51,0.933,34.17,2.78,-51.86,R
,910881,1363,0,001,0.09,-0.46,0.866,14.20,3.79,-44.77,R
,910921,1415,0,3972,0.11,-0.43,0.764,14.71,3.21,-48.01,R
,910941,1426,0,4095,0.289,-0.476,0.683,-23.23,7.11,-61.57,R
,910981,1437,0,4079,0.139,-0.37,0.914,37.10,4.60,-40.47,R
,911001,1456,0,4064,0.13,-0.40,1.272,36.65,4.97,-3670,R
,911011,1455,0,3858,0.04,-0.41,1.418,29.24,4.56,-3361,R
,911021,1456,0,4048,0.16,-0.31,1.598,31.70,43.52,-22.71,R
,911111,1398,0,861,0.14,-0.28,1.451,.80,-10.11,4.78,R
,911131,1399,0,866,0.198,-0.36,1.304,21.00,-2.98,1.24,R
,911151,1383,0,3858,0.24,-0.30,1.154,9.98,-3.07,6.62,R
,911181,1385,0,4025,0.29,-0.33,1.092,2.82,-2.41,16.8,R
,911191,1372,0,3862,0.14,-0.36,1.097,3.43,-2.02,18.7,R
,911201,1373,0,4029,0.104,-0.355,1.101,15.16,-23.52,24.2,R
,911231,1378,0,858,0.125,-0.37,1.101,6.35,-2.21,33.8,R
,911241,1378,0,4047,0.117,-0.36,1.108,8.36,-3.62,31.6,R
,911251,1373,0,3867,0.118,-0.36,1.113,9.28,-3.66,29.1,R
,911281,1372,0,3991,0.088,-0.333,1.074,27.19,-38.13,29.23,R
,911391,1302,0,857,0.021,-0.42,0.656,6.73,-44.72,19.94,R
,911431,1250,0,3855,0.050,-0.441,0.448,31.23,-34.18,9.26,R
,911441,1239,0,4071,-0.111,-0.41,0.488,37.35,-32.89,7.01,R
,911451,1226,0,859,0.030,-0.43,0.451,1.17,-2.15,9.0,R
,911461,1231,0,4067,0.05,-0.459,0.433,18.22,-15.26,7.01,R
,911471,1224,0,3857,0.028,-0.44,0.432,16.96,-10.28,5.01,R
,911481,1231,0,067,0.030,-0.44,0.471,8.51,-608,1.09,R
,911501,1246,0,4055,0.042,-0.41,0.498,.25,2.2,-4.71,R
,911521,1243,0,4065,0.004,-0.38,0.608,1.58,9.2,-5.95,R
,911561,1253,0,4053,-0.003,-0.418,0.751,-7.93,27.24,-11.08,R
,911571,1245,0,3851,0.020,-0.40,0.784,8.97,3041,-11.3,R
,911581,1248,0,4070,0.003,-0.42,0.812,6.33,3089,-12.6,R
,911591,1243,0,3851,0.022,-0.40,0.821,3.30,3027,-14.8,R
,911601,1251,0,071,0.02,-0.403,0.834,-3.70,29.58,-16.70,R
,911611,1247,0,849,0.06,-0.394,0.847,-5.50,31.20,-20.38,R
,911621,1247,0,070,0.052,-0.39,0.865,12.07,3.38,-2355,R
,911631,1251,0,3856,0.037,-0.389,0.862,-15.90,30.50,-25.81,R
,911651,1267,0,3845,0.032,-0.40,0.884,24.19,2.92,-2868,R
,911681,1299,0,4047,0.070,-0.438,0.899,-28.69,20.48,-32.22,R
,911691,1307,0,3855,0.08,-0.45,0.899,-25.55,20.42,-33.83,R
,911701,1313,0,047,0.100,-0.45,0.902,23.10,1.05,-34.67,R
,911721,1316,0,4061,0.13,-0.452,0.852,-11.20,28.22,-31.71,R
,911751,1322,0,3855,0.170,-0.41,0.809,21.96,3.54,-3201,R
,911771,1315,0,857,0.152,-0.41,0.798,-33.46,28.51,-35.81,R
,911781,1323,0,089,0.155,-0.41,0.798,-33.15,27.23,-37.02,R
,911811,1328,0,855,0.187,-0.45,0.801,31.82,1.61,-40.68,R
,911821,1319,0,095,0.189,-0.41,0.750,-34.25,17.40,-37.98,R
,911831,1320,0,3854,0.140,-0.43,0.816,31.17,16.18,-29.38,R
,911861,1342,0,4091,0.221,-0.281,1.057,-33.39,4.91,-4128,R
,911881,1306,0,4090,0.11,-0.36,1.362,46.71,4.56,-25.13,R
,911891,1296,0,855,0.051,-0.35,1.534,42.63,5.44,-15.00,R
,911911,1287,0,3858,-0.008,-0.35,1.779,-29.38,46.45,-0.39,R
,911921,1299,0,4087,-0.002,-0.287,1.867,-17.99,36.83,0.19,R
,911931,1299,0,3855,0.09,-0.29,1.886,7.97,2332,-4.65,R
,911951,1299,0,3856,0.066,-0.223,1.749,7.74,-1.44,-7.89,R
,911971,1287,0,861,0.173,-0.25,1.526,.32,-14.16,-1.75,R
,912011,1290,0,3854,0.172,-0.24,1.216,17.20,-28.83,7.04,R
,912041,1275,0,090,0.162,-0.30,1.125,5.61,-3.44,21.45,R
,912071,1264,0,3853,0.111,-0.34,1.105,4.38,-34.13,28.02,R
,912081,1279,0,4057,0.11,-0.338,1.078,8.97,-3.05,32.91,R
,912111,1271,0,854,0.117,-0.33,1.089,2.06,-1.50,43.44,R
,912141,1247,0,4095,0.07,-0.385,1.128,0.62,-2.37,43.35,R
,912151,1232,0,3853,0.06,-0.39,1.126,3.17,-3.83,41.24,R
,912171,1232,0,852,0.014,-0.40,1.100,1.34,-3.63,36.68,R
,912181,1235,0,095,0.006,-0.41,1.060,3.16,-40.07,35.67,R
,912301,1199,0,4095,0.021,-0.43,0.432,2.93,-29.14,11.10,R
,912321,1197,0,4095,0.02,-0.443,0.394,3.85,-1.84,12.14,R
,912361,1253,0,4095,0.09,-0.498,0.449,0.15,4.0,0.34,R
,912381,1253,0,095,0.005,-0.43,0.532,.61,8.3,-3.80,R
,912401,1203,0,4095,0.040,-0.42,0.594,11.68,15.72,-5.17,R
,912421,1267,0,4095,0.05,-0.456,0.705,28.72,2.99,-10.45,R
,912431,1266,0,3853,0.022,-0.470,0.760,-25.29,2.61,-1079,R
,912451,1291,0,847,0.006,-0.453,0.838,13.87,3.73,-11.57,R
,912551,1299,0,3849,0.057,-0.46,0.928,17.44,29.24,-28.68,R
,912561,1301,0,4095,0.02,-0.45,0.921,-16.40,2.42,-31.29,R
,912571,1296,0,3853,0.081,-0.44,0.906,-17.43,27.81,-3398,R
,912591,1328,0,3850,0.109,-0.443,0.870,22.71,2.60,-36.79,R
,912601,1319,0,095,0.150,-0.445,0.823,24.75,1.48,-39.32,R
,912611,1327,0,3858,0.172,-0.43,0.775,25.53,13.78,-40.80,R
,912631,1310,0,3846,0.11,-0.412,0.707,-24.11,15.81,-43.09,R
,912641,1313,0,4095,0.193,-0.40,0.675,26.80,18.42,-43.84,R
,912661,1313,0,4095,0.21,-0.34,0.767,-37.88,18.91,-4349,R
,912691,1307,0,3858,0.105,-0.41,1.097,43.99,2.35,-40.73,R
,912701,1296,0,4095,0.15,-0.43,1.169,-40.66,34.41,-3306,R
,912711,1303,0,3856,0.111,-0.29,1.368,-35.87,47.09,-2700,R
,912741,1310,0,4095,0.03,-0.308,1.686,-21.10,48.50,-1082,R
,912781,1302,0,4095,0.021,-0.27,1.671,-7.96,4.02,-6.06,R
,912791,1301,0,851,0.00,-0.27,1.586,0.72,-164,-2.33,R
,912811,1306,0,856,0.063,-0.27,1.364,1.70,-1.17,-1.96,R
,912821,1308,0,4095,0.093,-0.30,1.283,7.92,-22.34,-0.80,R
,912831,1310,0,3856,0.136,-0.27,1.209,1.95,-2.60,-0.76,R
,912841,1303,0,4095,0.11,-0.26,1.160,20.38,-30.91,0.91,R
,912861,1308,0,095,0.135,-0.30,1.073,9.00,-3.52,9.91,R
,912871,1309,0,3847,0.142,-0.32,1.047,0.57,-30.89,13.23,R
,912881,1309,0,4095,0.118,-0.31,1.065,2.83,-27.84,16.77,R
,912891,1302,0,3859,0.097,-0.32,1.048,2.93,-2.68,19.84,R
,912901,1284,0,095,0.091,-0.331,1.064,22.64,-28.01,21.96,R
,912911,1306,0,3856,0.096,-0.35,1.071,2.65,-3.47,23.16,R
,912931,1297,0,3854,0.107,-0.38,1.076,1.93,-3.40,28.10,R
,912941,1296,0,4095,0.15,-0.385,1.085,3.41,-37.76,29.97,R
,912951,1300,0,856,0.00,-0.359,1.093,25.83,-32.82,33.26,R
,912981,1298,0,4095,0.039,-0.37,1.103,4.83,-2.63,36.37,R
,912991,1294,0,860,0.016,-0.392,1.093,22.57,-25.24,35.26,R
,913001,1296,0,4095,0.03,-0.40,1.109,23.16,-29.53,34.5,R
,913011,1269,0,3863,0.02,-0.40,1.089,27.22,-33.75,34.7,R
,913071,1249,0,856,-0.009,-0.428,0.773,32.38,-30.77,2707,R
,913081,1216,0,4095,-0.47,-0.409,0.712,28.74,-29.37,2790,R
,913091,1195,0,3853,0.06,-0.43,0.636,7.40,-26.08,27.5,R
,913111,1195,0,3854,0.01,-0.44,0.542,2.99,-19.98,23.85,R
,913121,1174,0,4095,0.07,-0.45,0.515,9.12,-1.79,23.07,R
,913141,1147,0,4095,0.09,-0.45,0.483,0.41,-1.30,19.55,R
,913181,1133,0,095,0.02,-0.511,0.493,6.41,-1.93,8.26,
,913241,1176,0,4095,0.08,-0.46,0.698,-11.36,12.05,-3.87,R
,913271,1231,0,856,0.017,-0.476,0.782,18.23,1.33,-12.04,R
,913281,1232,0,4095,0.07,-0.47,0.798,17.65,2.31,-13.46,R
,913311,1238,0,3851,0.00,-0.44,0.865,11.99,33.05,-14.93,R
,913341,1261,0,095,0.007,-0.44,0.911,-22.74,21.72,-27.95,R
,913381,1279,0,4095,0.07,-0.43,0.895,27.35,3.76,-23.52,R
,913391,1278,0,3856,0.06,-0.44,0.887,29.17,3.38,-22.51,R
,913401,1296,0,4095,0.082,-0.44,0.892,30.48,3.13,-22.61,R
,913411,1323,0,3856,0.073,-0.46,0.885,29.12,2.50,-25.57,R
,913431,1307,0,3861,0.099,-0.46,0.829,18.20,20.77,-3042,R
,913471,1280,0,3851,0.20,-0.38,0.690,25.23,616,-38.76,R
,913501,1265,0,4095,0.10,-0.42,0.805,29.90,24.24,-3210,R
,913511,1318,0,3850,0.15,-0.36,0.892,35.76,3.61,-38.80,R
,913541,1349,0,4095,0.049,-0.384,1.346,-37.90,45.63,-23.96,R
,913581,1362,0,4095,0.048,-0.32,1.753,13.09,3.08,-1.98,R
,913611,1363,0,3856,0.029,-0.29,1.741,6.05,-228,-4.32,R
,913621,1361,0,4095,0.070,-0.27,1.635,1.97,-633,1.55,R
,913641,1359,0,4095,0.109,-0.29,1.419,1.52,-2.00,3.15,R
,913651,1361,0,3849,0.16,-0.30,1.357,9.78,-23.27,5.2,R
,913661,1357,0,4095,0.10,-0.29,1.299,3.09,-28.65,7.5,R
,913711,1345,0,3855,0.19,-0.33,1.150,9.29,-39.27,25.0,R
,913721,1343,0,095,0.13,-0.34,1.139,21.12,-3.53,30.0,R
,913741,1344,0,095,0.124,-0.37,1.135,18.13,-24.01,40.0,R
,913751,1338,0,3856,0.18,-0.37,1.141,9.77,-2.36,45.24,R
,913771,1341,0,856,0.078,-0.382,1.143,24.10,-22.74,48.07,R
,913781,1341,0,4095,0.08,-0.37,1.140,5.31,-2.08,45.36,R
,913861,1328,0,095,-0.045,-0.40,0.977,38.65,-34.30,4333,R
,913871,1278,0,861,-0.045,-0.46,0.918,41.35,-33.70,38.86,R
,913891,1269,0,3857,-0.031,-0.40,0.760,40.12,-36.01,29.76,R
,913961,1169,0,4095,-0.13,-0.50,0.373,6.19,-22.74,9.79,R
,913981,1172,0,4095,0.04,-0.56,0.356,.34,-28.02,-1.5,R
,914011,1168,0,857,0.055,-0.529,0.354,.64,4.3,7.03,R
,914061,1223,0,095,-0.046,-0.40,0.633,-14.17,33.34,-12.25,R
,914081,1213,0,4095,-0.088,-0.489,0.750,-16.43,8.99,-16.99,R
,914111,1232,0,3853,-0.47,-0.41,0.824,-21.79,24.85,-21.58,R
,914181,1243,0,4095,0.02,-0.43,0.868,34.23,26.77,-35.86,R
,914191,1262,0,3865,0.017,-0.448,0.874,36.57,2.76,-3522,R
,914201,1264,0,095,0.004,-0.448,0.881,-37.36,3.57,-32.88,R
,914231,1273,0,3856,0.068,-0.49,0.889,29.67,38.36,-31.20,R
,914241,1275,0,095,0.069,-0.48,0.868,27.14,36.39,-35.29,R
,914281,1297,0,095,0.135,-0.43,0.780,34.89,3.26,-3299,R
,914291,1296,0,3860,0.19,-0.43,0.792,38.08,3.50,-3590,R
,914341,1316,0,4095,0.086,-0.36,1.056,32.20,4.74,-3932,R
,914351,1326,0,3863,0.08,-0.36,1.137,35.96,4.70,-3664,R
,914381,1328,0,4095,-0.056,-0.364,1.504,-21.65,50.34,-18.56,R
,914461,1381,0,095,0.037,-0.32,1.407,6.12,-239,-2.56,R
,914471,1377,0,868,0.035,-0.31,1.298,22.77,-10.77,-1.29,R
,914501,1365,0,4095,0.03,-0.31,1.108,1.77,-2.41,4.8,R
,914551,1326,0,3863,0.03,-0.37,1.096,7.74,-21.08,23.96,R
,914561,1337,0,095,0.072,-0.38,1.094,8.30,-23.43,25.99,R
,914581,1335,0,4095,0.03,-0.35,1.111,8.56,-28.59,29.71,R
,914661,1341,0,095,-0.031,-0.406,1.159,22.80,-32.71,36.43,R
,914821,1247,0,4095,0.07,-0.472,0.394,1.57,-2.05,23.38,R
,914901,1265,0,4095,0.071,-0.515,0.412,-0.46,22.11,-2.99,R
,914931,1290,0,3875,-0.008,-0.44,0.500,-19.55,44.56,-9.51,R
,915111,1363,0,3873,0.09,-0.44,1.014,18.34,3.40,-41.57,R
,915121,1361,0,4095,0.02,-0.410,0.971,14.71,2.09,-4442,R
,915161,1392,0,4095,0.168,-0.37,0.738,-19.07,6.85,-59.45,R
,915171,1363,0,3861,0.155,-0.326,0.720,-22.39,8.68,-57.09,R
,915211,1413,0,3862,0.06,-0.339,1.137,26.71,2.96,-48.09,R
,915221,1408,0,4095,0.04,-0.327,1.223,-21.04,23.28,-41.43,R
,915261,1405,0,4095,0.062,-0.20,1.588,14.88,22.44,-11.61,R
,915271,1409,0,3859,0.066,-0.16,1.656,7.56,18.25,-8.56,R
,915291,1413,0,3866,0.037,-0.160,1.626,-2.25,9.15,-0.62,R
,915311,1404,0,857,0.029,-0.20,1.516,.83,-1039,7.81,R
,915321,1414,0,4095,0.079,-0.24,1.463,10.50,-2.27,7.7,R
,915351,1398,0,3867,0.17,-0.238,1.244,0.68,-3.62,8.97,R
,915391,1406,0,3857,0.129,-0.31,1.123,27.16,-27.67,28.89,R
,915421,1369,0,4095,0.079,-0.335,1.120,29.93,-31.12,39.27,R
,915441,1392,0,4095,0.139,-0.33,1.090,3.67,-3.08,41.97,R
,915461,1371,0,4095,0.117,-0.30,1.081,36.57,-33.90,44.57,R
,915541,1314,0,4095,-0.086,-0.396,1.169,37.61,-37.27,4750,R
,915661,1153,0,4095,0.04,-0.354,0.327,1.64,-1.78,34.29,R
,915691,1190,0,3870,0.05,-0.56,0.313,.86,-6.8,4.84,R
,915741,1249,0,4095,0.04,-0.500,0.571,6.42,23.41,-11.08,R
,915811,1296,0,3875,-0.021,-0.49,0.897,-17.67,32.56,-32.41,R
,915851,1322,0,3869,-0.09,-0.387,0.888,-20.86,35.76,-3.45,R
,915891,1345,0,875,0.026,-0.39,0.898,33.23,4.51,-36.01,R
,915901,1391,0,095,0.030,-0.40,0.900,30.84,36.82,-3651,R
,915931,1407,0,3874,0.07,-0.38,0.876,32.01,27.66,-39.57,R
,915971,1427,0,867,0.114,-0.395,0.869,34.92,1.45,-36.51,R
,915981,1428,0,4095,0.10,-0.366,0.901,-30.08,21.95,-3552,R
,916001,1430,0,4095,0.10,-0.31,0.974,27.68,38.47,-29.66,R
,916011,1446,0,3868,0.092,-0.29,1.063,29.90,4.97,-27.02,R
,916111,1441,0,3868,-0.09,-0.24,1.502,-2.01,3.64,-1.4,R
,916121,1431,0,4095,0.009,-0.26,1.430,.42,0.0,0.65,R
,916131,1442,0,3861,0.01,-0.28,1.344,1.93,-1.63,1.42,R
,916161,1445,0,4095,0.05,-0.28,1.184,7.93,-12.16,2.2,R
,916191,1426,0,867,0.041,-0.30,1.123,3.78,-2.63,2.40,R
,916211,1427,0,3869,0.081,-0.33,1.095,9.06,-25.30,10.5,R
,916251,1407,0,3863,0.05,-0.322,1.068,6.79,-2.84,20.23,R
,916261,1410,0,4095,0.04,-0.309,1.052,25.34,-24.98,22.0,R
,916281,1409,0,4095,0.08,-0.316,1.065,24.48,-27.00,24.1,R
,916301,1406,0,4095,0.05,-0.30,1.095,23.69,-28.08,26.3,R
,916321,1409,0,4095,-0.09,-0.321,1.146,19.20,-28.11,2878,R
,916341,1390,0,4095,-0.84,-0.30,1.214,19.67,-28.48,30.94,R
,916431,1334,0,891,-0.114,-0.394,0.845,42.57,-39.96,30.34,R
,916561,1279,0,4095,0.070,-0.47,0.445,0.18,15.61,1.64,R
,916571,1300,0,863,0.060,-0.441,0.524,3.45,23.6,-1.17,R
,916651,1288,0,869,-0.058,-0.402,0.946,-16.94,0.01,-18.64,R
,916711,1267,0,3869,-0.07,-0.358,0.945,-20.04,6.68,-31.14,R
,916761,1406,0,095,0.07,-0.38,1.008,-38.23,23.96,-29.25,R
,916771,1379,0,3874,0.019,-0.40,1.007,35.18,1.12,-30.10,R
,916801,1408,0,4095,0.03,-0.36,0.883,-19.21,12.21,-3477,R
,916811,1377,0,873,0.121,-0.353,0.816,18.05,1.47,-3403,R
,916821,1386,0,095,0.138,-0.30,0.725,-18.51,13.24,-3195,R
,916831,1392,0,3874,0.11,-0.29,0.688,-24.59,17.18,-3113,R
,916841,1395,0,4095,0.14,-0.32,0.651,-29.73,14.77,-33.57,R
,916851,1409,0,3856,0.19,-0.31,0.657,-31.14,11.57,-3581,R
,916901,1465,0,4095,0.01,-0.27,1.285,41.41,28.21,-1725,R
,916951,1454,0,3867,-0.42,-0.29,1.786,-6.71,13.26,1.3,R
,916961,1453,0,4095,-0.41,-0.22,1.748,-1.90,1.06,-0.36,R
,916981,1457,0,4095,0.022,-0.27,1.557,.70,-13.17,6.28,R
,917061,1419,0,095,0.081,-0.332,1.081,3.54,-2.88,18.89,R
,917101,1433,0,4095,0.09,-0.32,1.049,21.57,-23.53,29.67,R
,917111,1424,0,3873,0.07,-0.35,1.052,8.65,-2.42,29.90,R
,917121,1422,0,4095,0.01,-0.34,1.055,7.87,-3.02,31.52,R
,917151,1415,0,3873,0.08,-0.33,1.053,22.35,-30.45,31.56,R
,917161,1406,0,095,-0.002,-0.343,1.065,21.03,-1.37,30.55,R
,917251,1279,0,3874,-0.089,-0.415,0.839,26.12,-41.34,27.65,R
,917281,1247,0,4095,0.015,-0.447,0.641,20.80,-24.62,21.38,R
,917321,1235,0,4095,0.007,-0.51,0.529,8.48,-1.12,14.1,R
,917361,1263,0,4095,0.08,-0.50,0.587,.92,3.5,5.33,R
,917411,1280,0,875,-0.013,-0.44,0.744,-7.76,14.50,-4.71,R
,917471,1274,0,3871,-0.018,-0.395,0.860,-21.06,26.13,-12.70,R
,917491,1274,0,3871,0.013,-0.41,0.929,19.49,2.57,-16.90,R
,917511,1280,0,3872,0.07,-0.40,0.927,15.26,2.99,-20.33,R
,917521,1281,0,095,0.06,-0.39,0.923,13.43,3.99,-19.35,R
,917531,1275,0,877,0.07,-0.37,0.909,11.50,3.90,-1884,R
,917551,1314,0,3870,0.056,-0.383,0.903,-12.71,29.53,-2358,R
,917561,1315,0,4081,0.065,-0.38,0.919,13.12,2.02,-2703,R
,917581,1349,0,095,0.067,-0.38,0.898,13.46,19.78,-29.77,R
,917621,1360,0,4095,0.04,-0.36,0.914,23.70,2.26,-29.71,R
,917641,1373,0,4095,0.05,-0.39,0.905,23.76,2.82,-2633,R
,917681,1408,0,095,0.136,-0.36,0.854,-25.09,6.04,-29.98,R
,917711,1375,0,3885,0.205,-0.35,0.733,13.29,-1.35,-34.13,R
,917721,1382,0,4095,0.20,-0.32,0.724,12.19,146,-34.8,R
,917771,1456,0,3876,0.022,-0.416,1.398,-37.85,29.06,-8.16,R
,917811,1439,0,3883,-0.007,-0.289,1.782,-8.08,15.46,5.32,R
,917911,1466,0,883,0.123,-0.30,1.052,3.75,-25.64,20.25,R
,917931,1421,0,888,0.118,-0.33,1.062,5.00,-3.95,22.05,R
,917961,1415,0,4095,0.104,-0.333,1.065,20.82,-26.34,30.66,R
,917981,1427,0,089,0.099,-0.34,1.061,2.30,-2.02,33.8,R
,917991,1440,0,3883,0.069,-0.32,1.068,20.94,-23.20,34.66,R
,918011,1440,0,3890,0.02,-0.36,1.092,1.77,-2.16,35.15,R
,918031,1437,0,888,0.051,-0.36,1.080,6.41,-3.60,35.5,R
,918101,1417,0,4095,-0.51,-0.378,1.022,23.03,-28.50,29.65,R
,918141,1342,0,095,-0.095,-0.42,0.823,37.16,-38.71,27.29,R
,918191,1238,0,888,0.00,-0.485,0.526,22.18,-47.01,4.95,R
,918211,1232,0,3888,0.088,-0.47,0.413,4.53,-2.93,10.1,R
,918251,1213,0,3888,0.094,-0.507,0.471,7.37,8.10,-5.77,R
,918271,1211,0,3883,0.059,-0.53,0.573,3.41,12.62,-13.26,R
,918301,1205,0,4057,0.052,-0.43,0.630,12.46,28.63,-16.25,R
,918311,1223,0,3888,-0.001,-0.47,0.674,-19.17,32.74,-21.83,R
,918321,1237,0,4076,0.02,-0.47,0.753,-19.70,31.93,-23.09,R
,918341,1247,0,4095,0.02,-0.456,0.814,-12.28,35.34,-20.56,R
,918391,1359,0,3882,-0.02,-0.406,0.967,-20.84,37.55,-32.58,R
,918411,1377,0,890,0.012,-0.41,0.965,23.72,3.27,-35.11,R
,918421,1392,0,003,0.021,-0.41,0.972,22.19,3.61,-3580,R
,918431,1381,0,3885,0.021,-0.41,0.971,19.36,3.99,-35.28,R
,918441,1424,0,4059,0.021,-0.401,0.953,-20.23,40.41,-34.94,R
,918451,1397,0,882,0.050,-0.41,0.967,20.95,4.41,-34.24,R
,918471,1423,0,3888,0.06,-0.428,0.952,-31.03,35.69,-37.37,R
,918501,1474,0,095,0.13,-0.424,0.899,-26.39,28.65,-37.13,R
,918541,1535,0,4095,0.161,-0.359,0.752,-27.88,23.90,-43.25,R
,918581,1615,0,4017,0.27,-0.31,0.661,-25.88,17.96,-47.84,R
,918591,1616,0,3895,0.221,-0.26,0.672,30.52,1.07,-47.05,R
,918641,1632,0,4061,-0.141,-0.358,1.490,-48.23,53.32,-1.80,R
,918651,1631,0,888,-0.09,-0.295,1.717,-43.62,58.02,4.39,R
,918661,1628,0,4055,-0.56,-0.334,1.867,-32.11,47.69,7.53,R
,918681,1611,0,050,-0.39,-0.256,1.952,-10.34,0.66,-219,R
,918711,1612,0,3888,0.016,-0.23,1.643,.57,-3.29,9.13,R
,918741,1590,0,4040,0.123,-0.29,1.382,3.38,-1.38,14.6,R
,918751,1600,0,3889,0.095,-0.29,1.277,5.89,-1.89,16.89,R
,918781,1611,0,3987,0.17,-0.28,1.117,7.03,-2.00,25.64,R
,918791,1614,0,889,0.112,-0.29,1.133,3.45,-28.56,27.81,R
,918831,1603,0,3888,0.136,-0.36,1.099,2.18,-26.74,42.86,R
,918851,1568,0,887,0.106,-0.40,1.139,1.35,-2.12,49.82,R
,918861,1587,0,4025,0.132,-0.42,1.133,1.75,-2.14,49.35,R
,918881,1599,0,4025,0.12,-0.46,1.147,0.18,-34.05,45.50,R
,918891,1600,0,3884,0.16,-0.470,1.177,9.19,-34.65,42.23,R
,918901,1571,0,4034,0.093,-0.49,1.179,.95,-3630,39.6,R
,918921,1557,0,029,0.00,-0.55,1.177,.31,-40.76,37.13,R
,918931,1535,0,3891,0.121,-0.47,1.178,.57,-41.09,34.77,R
,919001,1491,0,029,-0.01,-0.656,0.791,-3.39,-38.94,1472,R
,919021,1499,0,4029,-0.35,-0.626,0.657,-19.90,-47.61,-1.03,R
,919051,1488,0,3888,0.011,-0.57,0.453,35.70,-2.34,-1.08,R
,919101,1494,0,4032,-0.067,-0.492,0.357,-46.92,-44.53,-26.56,R
,919181,1570,0,4016,-0.113,-0.450,0.627,-46.54,-27.59,-18.67,R
,919211,1488,0,3904,-0.009,-0.491,0.632,-32.10,-19.05,-3.74,R
,919231,1520,0,3903,0.03,-0.46,0.602,29.55,1.93,-3.66,R
,919241,1535,0,4017,0.054,-0.46,0.614,33.73,1.43,-8.1,R
,919251,1535,0,896,0.08,-0.49,0.637,-42.43,13.90,-13.42,R
,919261,1535,0,4001,0.07,-0.52,0.674,46.88,10.92,-16.84,R
,919311,1602,0,3903,0.148,-0.58,0.741,31.15,871,-13.95,R
,919321,1605,0,011,0.13,-0.56,0.718,26.72,13.98,-14.65,R
,919331,1612,0,895,0.12,-0.55,0.694,-25.00,17.05,-15.22,R
,919371,1616,0,3891,0.313,-0.56,0.624,29.41,9.96,-23.57,R
,919391,1609,0,893,0.39,-0.58,0.596,34.57,10.60,-23.26,R
,919411,1602,0,3888,0.30,-0.63,0.640,27.52,7.15,-32.15,R
,919431,1597,0,3888,0.359,-0.592,0.652,-13.96,4.51,-45.16,R
,919461,1623,0,990,0.27,-0.50,0.863,35.32,2.69,-2868,R
,919491,1621,0,3890,0.20,-0.57,1.400,34.55,35.70,-17.69,R
,919521,1601,0,966,0.25,-0.563,1.694,-16.92,17.09,-0.1,R
,919531,1600,0,3898,0.27,-0.56,1.688,-5.35,8.24,-0.41,R
,919561,1597,0,3963,0.302,-0.477,1.464,14.10,0.16,9.07,R
,919591,1586,0,3894,0.35,-0.55,1.200,7.31,-1.30,17.56,R
,919641,1586,0,3969,0.321,-0.535,0.982,27.12,-41.66,20.39,R
,919671,1586,0,3901,0.37,-0.52,0.930,24.65,-42.40,32.13,R
,919721,1596,0,3986,0.25,-0.57,0.958,1.41,-48.22,44.29,R
,919731,1607,0,3901,0.20,-0.55,0.956,0.77,-4.44,43.7,R
,919741,1641,0,3995,0.256,-0.600,1.002,19.81,-52.39,41.6,R
,919761,1642,0,3981,0.06,-0.78,1.019,8.51,-55.35,45.12,R
,919771,1611,0,3902,0.227,-0.587,1.083,25.09,-52.97,37.87,R
,919781,1586,0,3995,0.12,-0.61,1.093,4.48,-5.21,39.4,R
,919791,1603,0,3899,0.138,-0.637,1.088,24.68,-57.63,38.0,R
,919811,1573,0,3901,0.085,-0.698,1.058,7.14,-64.60,36.72,R
,919841,1535,0,3983,0.113,-0.69,0.775,38.80,-65.09,31.30,R
,919861,1518,0,3984,0.123,-0.710,0.569,32.28,-5.35,20.89,R
,919901,1495,0,3984,0.118,-0.734,0.124,10.76,-30.01,18.78,R
,919911,1477,0,909,0.15,-0.74,0.092,.91,-26.97,15.85,R
,919921,1456,0,3975,0.120,-0.718,0.036,4.73,-25.23,10.5,R
,919941,1421,0,3978,0.183,-0.737,0.062,-2.36,-29.44,-5.45,R
,919951,1411,0,3899,0.15,-0.75,0.129,5.50,-30.72,-14.84,R
,919971,1409,0,3909,0.124,-0.728,0.161,-8.22,-20.97,-11.16,R
,920011,1392,0,3905,0.193,-0.64,0.447,0.73,24.01,-3.96,R
,920021,1427,0,3955,0.177,-0.66,0.489,1.99,26.66,-9.20,R
,920051,1424,0,3901,0.177,-0.662,0.584,-13.14,1.70,-7.6,R
,920061,1427,0,3963,0.228,-0.65,0.607,9.04,21.53,-9.49,R
,920101,1457,0,3941,0.24,-0.64,0.709,12.01,31.05,-24.39,R
,920111,1469,0,908,0.21,-0.64,0.717,15.09,28.28,-2305,R
,920141,1491,0,951,0.28,-0.58,0.706,11.93,31.81,-21.03,R
,920151,1479,0,3910,0.296,-0.577,0.689,-11.72,36.42,-2282,R
,920171,1502,0,3905,0.319,-0.58,0.687,-21.07,36.15,-2103,R
,920181,1505,0,3946,0.331,-0.57,0.668,-22.54,30.99,-2109,R
,920201,1518,0,3931,0.383,-0.560,0.616,-20.59,1.60,-2284,R
,920221,1535,0,920,0.40,-0.536,0.559,-21.07,850,-26.6,R
,920271,1611,0,3911,0.452,-0.514,0.514,-27.06,19.73,-18.70,R
,920291,1595,0,3917,0.340,-0.528,0.680,-32.08,3.98,-1658,R
,920341,1581,0,3931,0.27,-0.50,1.500,-22.80,3.50,15.52,R
,920351,1584,0,909,0.28,-0.518,1.603,-16.78,2.36,16.91,R
,920361,1584,0,3927,0.30,-0.55,1.648,8.07,12.41,14.89,R
,920421,1596,0,3937,0.49,-0.51,1.201,5.05,-12.86,20.55,R
,920431,1593,0,3905,0.46,-0.54,1.191,0.41,-18.48,20.94,R
,920441,1598,0,3922,0.42,-0.54,1.116,1.72,-2.07,21.73,R
,920451,1599,0,3918,0.44,-0.53,1.056,1.78,-23.32,23.09,R
,920461,1588,0,922,0.42,-0.53,1.030,30.86,-2.61,25.62,R
,920511,1599,0,920,0.38,-0.57,1.006,25.78,-3.04,34.84,R
,920551,1577,0,3923,0.38,-0.58,1.047,4.36,-41.99,41.04,R
,920571,1565,0,927,0.36,-0.59,1.037,9.54,-4.97,44.9,R
,920591,1524,0,3927,0.344,-0.639,1.017,17.14,-6.25,43.8,R
,920621,1535,0,3922,0.361,-0.783,1.001,9.28,-66.14,36.08,R
,920651,1559,0,939,0.38,-0.87,0.877,8.48,-57.69,27.85,R
,920721,1463,0,3914,0.294,-0.86,0.411,32.69,-58.05,-21.28,R
,920731,1453,0,927,0.20,-0.88,0.363,38.20,-2.50,-29.35,R
,920741,1456,0,920,0.22,-0.86,0.288,38.51,-63.58,-3.92,R
,920811,1457,0,3927,0.144,-0.606,0.166,-31.43,-20.82,-43.35,R
,920851,1518,0,3920,0.03,-0.491,0.311,-45.84,-0.65,-29.22,R
,920861,1491,0,3894,0.11,-0.524,0.343,-49.27,-4.63,-27.66,R
,920881,1510,0,3899,0.135,-0.535,0.424,-47.06,-9.67,-24.25,R
,920891,1511,0,921,0.187,-0.542,0.445,39.39,-.08,-21.28,R
,920961,1585,0,3900,0.355,-0.575,0.480,-32.46,7.60,-11.34,R
,920971,1587,0,3931,0.41,-0.588,0.498,-28.01,808,-10.3,R
,921001,1576,0,3903,0.436,-0.576,0.472,-24.14,27.92,-14.33,R
,921051,1582,0,917,0.540,-0.661,0.481,-29.55,18.45,-24.93,R
,921061,1584,0,890,0.53,-0.60,0.498,27.87,23.78,-2885,R
,921101,1599,0,3893,0.63,-0.593,0.576,-29.35,28.89,-27.69,R
,921111,1602,0,3918,0.52,-0.606,0.616,-27.24,33.49,-30.50,R
,921121,1598,0,3886,0.54,-0.55,0.717,31.26,3.63,-3302,R
,921171,1605,0,3920,0.517,-0.546,1.384,-20.59,32.66,-9.09,R
,921181,1611,0,3885,0.471,-0.568,1.473,-18.54,29.64,-0.84,R
,921191,1606,0,3935,0.53,-0.607,1.472,-9.96,21.69,1.68,R
,921251,1563,0,3931,0.65,-0.613,1.028,20.53,-13.35,14.60,R
,921301,1555,0,890,0.53,-0.57,0.776,7.48,-28.98,13.10,R
,921321,1555,0,3895,0.555,-0.564,0.752,5.61,-3.59,18.84,R
,921341,1554,0,3890,0.50,-0.59,0.745,4.44,-3.66,24.5,R
,921381,1535,0,3893,0.495,-0.558,0.788,25.55,-28.91,31.67,R
,921421,1554,0,3888,0.44,-0.61,0.866,5.34,-4.93,26.74,R
,921431,1555,0,3918,0.45,-0.591,0.906,27.05,-46.08,25.61,R
,921491,1535,0,3952,0.22,-0.67,0.751,42.62,-52.80,29.61,R
,921521,1535,0,3888,0.301,-0.68,0.488,5.37,-4.68,24.9,R
,921531,1529,0,921,0.299,-0.703,0.408,4.85,-39.87,24.78,R
,921541,1520,0,3893,0.30,-0.70,0.319,2.07,-32.69,26.3,R
,921561,1474,0,3883,0.305,-0.701,0.177,32.42,-13.52,27.01,R
,921591,1445,0,937,0.309,-0.698,0.031,28.30,-068,22.9,R
,921611,1483,0,3943,0.35,-0.73,0.020,5.81,-5.95,17.52,R
,921661,1409,0,3888,0.41,-0.79,0.317,6.11,8.89,5.44,R
,921671,1421,0,3947,0.37,-0.75,0.203,.28,25.8,14.45,R
,921701,1424,0,3887,0.31,-0.76,0.401,14.42,34.39,-2.29,R
,921711,1446,0,3923,0.30,-0.79,0.456,13.17,2.18,-3.31,R
,921721,1436,0,3866,0.31,-0.76,0.499,-15.26,19.95,-3.78,R
,921741,1449,0,873,0.35,-0.746,0.568,19.93,15.60,-13.58,R
,921761,1479,0,3883,0.31,-0.74,0.610,16.22,2.70,-13.08,R
,921771,1479,0,920,0.383,-0.69,0.621,17.33,31.55,-13.13,R
,921811,1515,0,3943,0.47,-0.68,0.620,17.94,2.92,-22.87,R
,921821,1535,0,3865,0.44,-0.65,0.594,17.10,2.25,-2364,R
,921841,1533,0,3874,0.34,-0.62,0.580,23.35,2.51,-22.33,R
,921931,1627,0,3940,0.58,-0.61,0.533,30.75,924,-34.65,R
,921941,1643,0,3882,0.50,-0.54,0.609,26.08,1.97,-3543,R
,921991,1659,0,3934,0.46,-0.520,1.413,-37.00,30.39,-0.74,R
,922021,1657,0,3874,0.44,-0.56,1.656,-13.15,7.75,11.71,R
,922051,1635,0,3949,0.590,-0.572,1.312,8.24,0.2,15.93,R
,922081,1589,0,877,0.642,-0.596,1.055,22.80,-16.72,17.58,R
,922131,1568,0,3920,0.51,-0.58,0.807,8.45,-26.43,16.04,R
,922141,1573,0,870,0.555,-0.626,0.815,18.56,-27.90,20.07,R
,922151,1557,0,906,0.525,-0.621,0.807,15.17,-29.17,22.2,R
,922161,1562,0,3870,0.55,-0.66,0.801,5.06,-31.73,25.58,R
,922181,1565,0,859,0.551,-0.68,0.818,15.22,-34.76,29.93,R
,922191,1555,0,3919,0.59,-0.68,0.844,2.71,-36.56,29.87,R
,922201,1564,0,3858,0.58,-0.70,0.861,2.22,-38.34,30.23,R
,922221,1535,0,3863,0.53,-0.76,0.887,10.85,-44.36,26.42,R
,922271,1555,0,952,0.53,-0.766,0.822,3.54,-62.42,18.5,R
,922281,1535,0,3886,0.50,-0.81,0.764,.35,-57.67,21.03,R
,922291,1535,0,3953,0.53,-0.77,0.723,.80,-5297,21.3,R
,922321,1515,0,3879,0.48,-0.79,0.590,-0.71,-48.77,14.22,R
,922341,1495,0,3877,0.49,-0.77,0.501,5.68,-57.17,7.32,R
,922351,1483,0,3958,0.43,-0.77,0.460,9.46,-59.72,4.25,R
,922371,1523,0,3971,0.34,-0.77,0.360,16.77,-61.47,0.5,R
,922381,1527,0,867,0.32,-0.749,0.306,-17.84,-6.53,-1.09,R
,922391,1535,0,3968,0.37,-0.72,0.250,19.09,-49.53,-1.54,R
,922411,1562,0,967,0.35,-0.707,0.168,-22.77,-37.84,-1.68,R
,922441,1532,0,871,0.25,-0.70,0.053,34.92,-53.53,-29.60,R
,922451,1531,0,3967,0.312,-0.695,0.007,-36.84,-59.08,-29.90,R
,922461,1531,0,3867,0.354,-0.69,-0.044,-40.17,-59.03,-28.13,R
,922491,1572,0,952,0.38,-0.710,-0.048,-44.43,-28.77,-2.39,R
,922501,1583,0,3885,0.30,-0.67,0.005,-42.02,-13.66,-23.46,R
,922541,1552,0,3866,0.340,-0.60,0.076,37.93,16.24,-15.06,R
,922551,1582,0,3965,0.346,-0.634,0.105,44.20,9.90,-15.77,R
,922571,1579,0,3968,0.364,-0.627,0.197,-43.94,5.03,-10.48,R
,922601,1587,0,3877,0.430,-0.63,0.283,35.26,28.50,-4.80,R
,922611,1579,0,3975,0.426,-0.66,0.317,30.40,34.31,-2.45,R
,922691,1581,0,3983,0.55,-0.67,0.319,33.53,2.21,0.0,R
,922711,1600,0,3952,0.68,-0.71,0.340,27.94,39.66,-4.36,R
,922721,1602,0,3871,0.62,-0.71,0.291,29.65,3.78,-9.23,R
,922741,1625,0,3865,0.649,-0.755,0.307,-33.26,18.13,-1619,R
,922751,1631,0,3973,0.664,-0.73,0.297,36.37,9.11,-14.15,R
,922781,1632,0,3863,0.692,-0.73,0.358,29.99,13.28,-22.47,R
,922791,1627,0,3988,0.663,-0.760,0.364,-28.43,1.06,-2677,R
,922801,1623,0,3869,0.66,-0.79,0.418,20.13,16.16,-25.17,R
,922811,1635,0,984,0.742,-0.706,0.459,-22.75,2.24,-27.57,R
,922851,1654,0,3991,0.69,-0.68,0.781,28.83,26.86,-20.06,R
,922931,1694,0,966,0.66,-0.61,0.966,.02,-10.48,10.66,R
,923001,1653,0,855,0.65,-0.62,0.549,9.61,-21.96,22.78,R
,923031,1650,0,983,0.61,-0.65,0.543,15.87,-34.51,26.1,R
,923101,1648,0,3865,0.577,-0.679,0.562,21.57,-25.93,43.9,R
,923121,1649,0,864,0.57,-0.71,0.595,6.56,-40.40,40.16,R
,923141,1648,0,3862,0.555,-0.775,0.595,19.55,-45.81,35.30,R
,923211,1654,0,4010,0.322,-0.83,0.473,6.94,-40.80,29.90,R
,923221,1634,0,3858,0.331,-0.835,0.388,35.61,-4.55,27.0,R
,923231,1634,0,4013,0.326,-0.858,0.274,31.31,-44.95,27.15,R
,923361,1591,0,856,0.47,-0.91,0.057,0.60,15.46,-8.8,R
,923411,1616,0,4007,0.33,-0.87,0.192,21.61,25.44,-5.96,R
,923431,1617,0,4016,0.41,-0.88,0.258,19.29,30.27,-3.90,R
,923441,1603,0,3860,0.45,-0.84,0.286,17.81,31.67,-7.95,R
,923451,1628,0,4015,0.44,-0.86,0.282,16.77,33.11,-8.04,R
,923481,1646,0,856,0.42,-0.84,0.295,15.49,32.74,-5.5,R
,923521,1627,0,861,0.55,-0.81,0.310,26.17,41.99,-14.61,R
,923551,1642,0,4019,0.519,-0.832,0.304,-28.45,22.37,-17.31,R
,923561,1650,0,856,0.50,-0.80,0.303,28.08,2.63,-1745,R
,923571,1680,0,4028,0.511,-0.783,0.305,-27.87,3.91,-1957,R
,923591,1677,0,046,0.57,-0.75,0.327,34.25,41.61,-1847,R
,923631,1694,0,4085,0.523,-0.778,0.396,-33.47,1.28,-3267,R
,923641,1707,0,3868,0.569,-0.749,0.433,-32.37,1.11,-3319,R
,923711,1712,0,017,0.55,-0.69,0.662,38.20,33.34,-31.80,R
,923731,1719,0,037,0.60,-0.75,0.829,34.54,27.93,-2682,R
,923751,1726,0,4030,0.631,-0.747,0.948,-20.55,15.90,-34.27,R
,923771,1733,0,4021,0.640,-0.677,1.047,-11.21,1.93,-29.55,R
,923801,1722,0,854,0.68,-0.59,1.138,.37,12.16,-9.37,R
,923831,1680,0,4033,0.577,-0.596,0.886,4.50,-1.6,17.81,R
,923881,1667,0,3853,0.62,-0.652,0.566,4.76,-1.09,21.91,R
,923891,1669,0,4032,0.585,-0.649,0.509,0.24,-2.03,27.9,R
,923921,1628,0,3858,0.55,-0.73,0.465,1.87,-2.30,33.1,R
,923971,1632,0,4030,0.499,-0.738,0.482,24.38,-23.30,32.13,R
,923991,1637,0,4031,0.54,-0.75,0.484,4.51,-24.63,33.8,R
,924031,1650,0,4027,0.44,-0.77,0.461,1.95,-3.62,36.89,R
,924041,1648,0,3867,0.43,-0.79,0.484,1.58,-30.51,36.5,R
,924051,1662,0,4017,0.467,-0.800,0.519,13.31,-2.56,35.24,R
,924061,1661,0,3854,0.448,-0.811,0.561,16.07,-30.89,31.36,R
,924081,1664,0,3856,0.451,-0.830,0.561,29.55,-3.62,29.79,R
,924091,1662,0,4012,0.427,-0.783,0.555,35.22,-3.59,31.6,R
,924101,1665,0,3862,0.426,-0.74,0.545,36.44,-2.44,33.0,R
,924121,1658,0,3862,0.46,-0.75,0.480,5.41,-29.98,36.19,R
,924131,1651,0,4034,0.46,-0.76,0.501,2.77,-34.72,39.8,R
,924141,1655,0,3861,0.41,-0.79,0.473,9.16,-37.76,42.1,R
,924161,1661,0,863,0.470,-0.792,0.459,18.90,-35.15,46.87,R
,924171,1657,0,4025,0.45,-0.79,0.484,9.14,-2.56,44.81,R
,924191,1655,0,4035,0.49,-0.81,0.499,8.68,-2.55,38.8,R
,924241,1676,0,3839,0.49,-0.81,0.450,8.30,-33.35,38.5,R
,924251,1667,0,4004,0.47,-0.84,0.441,0.88,-28.01,37.91,R
,924271,1665,0,4038,0.405,-0.794,0.458,20.70,-13.15,47.55,R
,924281,1667,0,3853,0.34,-0.79,0.447,7.38,-6.28,48.83,R
,924301,1671,0,3856,0.33,-0.84,0.474,1.61,-13.93,45.5,R
,924311,1666,0,4026,0.360,-0.863,0.464,11.25,-23.46,43.73,R
,924321,1674,0,3856,0.33,-0.88,0.461,0.97,-32.19,39.55,R
,924341,1666,0,3857,0.43,-0.92,0.440,9.51,-36.76,37.01,R
,924451,1625,0,4031,0.25,-0.93,0.401,.45,-3524,40.2,R
,924461,1622,0,3850,0.28,-0.95,0.415,0.16,-37.50,42.07,R
,924471,1619,0,4047,0.25,-0.924,0.360,7.74,-2.41,42.92,R
,924481,1595,0,3854,0.316,-0.948,0.338,39.05,-25.84,41.55,R
,924521,1578,0,3856,0.23,-0.80,0.321,1.40,-39.98,20.87,R
,924561,1478,0,3856,0.16,-0.77,0.261,4.54,-7.92,-4.9,R
,924581,1469,0,850,0.218,-0.761,0.229,13.28,-68.01,1.09,R
,924591,1430,0,4055,0.171,-0.79,0.213,15.06,-58.25,3.39,R
,924601,1442,0,3851,0.11,-0.78,0.196,5.70,-5.39,5.2,R
,924611,1443,0,4059,0.187,-0.791,0.228,19.45,-48.66,5.90,R
,924631,1447,0,4049,0.20,-0.782,0.115,39.89,-40.33,2.29,R
,924661,1443,0,3841,0.15,-0.78,0.138,-3.99,-14.95,3.21,R
,924671,1419,0,4059,0.22,-0.81,0.126,9.67,-9.61,1.94,R
,924681,1424,0,3855,0.27,-0.861,0.142,-13.12,-3.15,-4.48,R
,924721,1434,0,857,0.236,-0.881,0.248,10.61,24.94,-10.45,R
,924771,1457,0,4075,0.219,-0.890,0.278,30.76,68.22,3.52,R
,924781,1441,0,3851,0.19,-0.819,0.213,21.77,74.04,6.97,R
,924791,1456,0,4055,0.208,-0.82,0.272,29.96,84.16,5.75,R
,924831,1479,0,039,0.24,-0.84,0.349,20.02,63.38,-21.19,R
,924861,1505,0,850,0.273,-0.96,0.405,42.20,1.52,-32.27,R
,924891,1520,0,4064,0.36,-0.99,0.420,15.55,27.05,-24.12,R
,924921,1456,0,3841,0.20,-0.85,0.394,.09,75.8,-32.96,R
,924931,1443,0,058,0.36,-0.83,0.397,.20,73.6,-39.61,R
,924971,1498,0,4082,0.38,-0.85,0.438,39.07,2.52,-36.80,R
,924981,1503,0,3847,0.35,-0.86,0.458,-45.44,15.75,-39.06,R
,924991,1505,0,4077,0.45,-0.89,0.486,-43.14,19.23,-45.34,R
,925001,1507,0,3849,0.30,-0.87,0.477,37.30,26.59,-47.17,R
,925021,1505,0,3856,0.35,-0.84,0.487,13.91,4.61,-43.46,R
,925031,1483,0,4062,0.28,-0.80,0.495,-7.72,46.53,-41.75,R
,925051,1470,0,4085,0.30,-0.72,0.500,15.43,32.42,-44.15,R
,925061,1475,0,3835,0.44,-0.74,0.573,-29.26,21.44,-45.87,R
,925091,1535,0,4095,0.56,-0.85,0.844,-45.84,-4.39,-3653,R
,925101,1535,0,856,0.519,-0.818,0.977,-31.90,1.75,-30.01,R
,925111,1531,0,4074,0.46,-0.79,1.125,-20.68,16.37,-26.64,R
,925121,1529,0,3829,0.441,-0.804,1.212,-6.91,35.73,-22.59,R
,925131,1530,0,4085,0.464,-0.725,1.268,-2.16,48.65,-13.4,R
,925151,1524,0,4090,0.513,-0.711,1.275,2.47,37.87,2.95,R
,925171,1534,0,4087,0.56,-0.67,1.244,8.43,-979,-8.0,R
,925191,1535,0,4095,0.62,-0.72,0.909,3.33,-30.71,-8.55,R
,925201,1557,0,3845,0.60,-0.80,1.009,.28,-33.29,-12.96,R
,925241,1535,0,3845,0.48,-0.67,0.786,1.69,-19.53,0.65,R
,925251,1555,0,095,0.524,-0.721,0.720,15.23,-35.89,0.4,R
,925261,1535,0,3853,0.552,-0.687,0.712,12.22,-51.59,0.8,R
,925311,1509,0,4095,0.41,-0.72,0.618,5.09,-3.94,9.7,R
,925321,1525,0,3843,0.48,-0.71,0.612,5.90,-28.43,14.95,R
,925331,1520,0,4095,0.44,-0.73,0.615,7.54,-28.37,16.72,R
,925351,1516,0,4095,0.32,-0.73,0.610,4.82,-3.43,16.8,R
,925361,1505,0,3846,0.45,-0.70,0.666,5.38,-35.05,13.62,R
,925381,1489,0,3841,0.33,-0.73,0.569,.09,-5512,7.03,R
,925391,1490,0,095,0.384,-0.824,0.530,.58,-5497,5.88,R
,925401,1488,0,850,0.303,-0.806,0.509,10.56,-54.24,7.2,R
,925411,1483,0,4095,0.36,-0.80,0.437,8.53,-50.85,4.39,R
,925421,1474,0,3847,0.38,-0.81,0.404,3.16,-39.21,6.45,R
,925431,1498,0,4095,0.30,-0.82,0.380,8.24,-38.25,4.29,R
,925441,1495,0,3850,0.32,-0.86,0.352,2.27,-39.40,2.10,R
,925451,1494,0,4095,0.28,-0.81,0.277,30.96,-39.81,1.6,R
,925471,1481,0,4095,0.32,-0.85,0.156,26.82,-44.57,-7.37,R
,925491,1477,0,4095,0.36,-0.89,0.080,8.21,-39.41,-12.58,R
,925511,1456,0,4095,0.24,-0.93,0.083,8.65,-13.03,-6.88,R
,925581,1454,0,847,0.36,-0.982,0.084,-16.80,3.44,-38.76,R
,925611,1444,0,095,0.330,-0.893,0.192,-6.91,21.58,-26.0,R
,925651,1458,0,4095,0.29,-0.89,0.283,27.78,46.57,-35.28,R
,925671,1425,0,4095,0.33,-0.88,0.315,30.77,4.41,-4108,R
,925681,1441,0,3850,0.34,-0.87,0.264,32.91,43.03,-43.74,R
,925691,1431,0,4095,0.31,-0.86,0.278,39.67,45.21,-45.54,R
,925701,1438,0,846,0.38,-0.862,0.285,-45.06,49.82,-47.87,R
,925711,1456,0,4095,0.33,-0.87,0.297,48.01,53.09,-51.25,R
,925741,1457,0,3845,0.32,-0.82,0.274,47.00,66.54,-54.64,R
,925751,1455,0,095,0.31,-0.82,0.282,-49.15,67.38,-5513,R
,925761,1470,0,3845,0.32,-0.77,0.263,50.28,6.08,-58.45,R
,925771,1468,0,4095,0.36,-0.77,0.277,55.79,6.18,-62.06,R
,925781,1481,0,3843,0.30,-0.77,0.289,56.01,5.68,-6708,R
,925791,1488,0,4095,0.31,-0.71,0.276,57.17,50.08,-70.74,R
,925821,1520,0,3841,0.288,-0.607,0.260,-48.30,36.13,-79.74,R
,925841,1499,0,3843,0.25,-0.43,0.219,27.78,5.01,-72.42,R
,925851,1513,0,4095,0.183,-0.405,0.306,-12.36,69.58,-67.81,R
,925881,1492,0,3849,0.22,-0.151,0.455,12.61,106.68,-4943,R
,925891,1487,0,4095,0.11,-0.03,0.575,.90,12462,-32.64,R
,925971,1573,0,095,0.57,-0.23,1.587,8.51,67.40,52.11,R
,925981,1535,0,3841,0.70,-0.31,1.565,0.59,57.96,51.32,R
,926011,1535,0,4095,0.974,-0.604,1.457,4.74,61.03,56.19,R
,926021,1535,0,3853,1.008,-0.611,1.343,87.19,73.50,58.6,R
,926031,1569,0,4095,1.07,-0.68,1.166,2.06,80.89,59.68,R
,926051,1559,0,4095,0.97,-0.83,1.241,7.46,49.96,41.55,R
,926091,1527,0,4095,0.88,-0.88,1.090,2.90,-5.37,17.21,R
,926121,1535,0,847,0.85,-0.83,0.953,65.92,-3.08,18.6,R
,926131,1552,0,4095,0.77,-0.80,0.957,0.28,-0.21,18.4,R
,926161,1531,0,849,0.57,-0.72,0.921,4.93,-13.34,21.26,R
,926171,1533,0,4095,0.59,-0.66,0.897,9.86,-21.29,21.87,R
,926181,1535,0,3855,0.49,-0.61,0.887,1.87,-26.18,23.82,R
,926211,1530,0,095,0.45,-0.587,0.880,29.67,-25.84,26.7,R
,926221,1523,0,855,0.48,-0.57,0.889,2.45,-18.47,29.94,R
,926231,1517,0,4095,0.42,-0.56,0.891,3.83,-13.43,36.87,R
,926241,1523,0,3839,0.37,-0.56,0.896,3.99,-12.98,44.29,R
,926261,1520,0,3856,0.33,-0.57,0.924,1.67,-18.28,50.1,R
,926271,1520,0,095,0.37,-0.604,0.930,32.07,-22.08,49.18,R
,926291,1518,0,095,0.344,-0.597,0.792,24.62,-3.42,45.82,R
,926301,1520,0,3856,0.33,-0.61,0.712,6.93,-35.11,45.16,R
,926331,1473,0,4095,0.23,-0.62,0.539,6.76,-19.89,49.78,R
,926391,1518,0,4095,0.23,-0.58,0.412,5.09,-13.87,39.7,R
,926401,1525,0,3855,0.28,-0.58,0.408,9.63,-11.70,38.80,R
,926411,1520,0,4095,0.27,-0.59,0.391,4.94,-340,41.5,R
,926421,1503,0,850,0.22,-0.662,0.404,5.98,2.89,40.63,R
,926431,1521,0,4095,0.25,-0.604,0.386,5.78,15.2,41.82,R
,926441,1535,0,850,0.23,-0.61,0.418,7.35,28.2,42.58,R
,926451,1553,0,095,0.25,-0.634,0.452,4.64,34.5,39.88,R
,926511,1582,0,095,0.07,-0.70,0.827,10.30,34.24,17.4,R
,926521,1535,0,844,0.01,-0.71,0.838,3.88,35.44,22.16,R
,926541,1568,0,3851,0.013,-0.686,0.846,10.06,4002,23.0,R
,926551,1518,0,4095,0.09,-0.666,0.832,12.90,48.24,23.1,R
,926581,1523,0,3852,0.028,-0.705,0.888,-18.10,44.70,15.21,R
,926591,1525,0,087,0.01,-0.69,0.876,26.75,34.88,11.39,R
,926601,1533,0,3854,0.017,-0.733,0.887,-29.12,29.41,10.22,R
,926621,1531,0,3855,0.033,-0.692,0.858,-20.39,35.99,10.46,R
,926631,1525,0,4095,0.07,-0.65,0.845,18.68,42.60,7.8,R
,926661,1520,0,856,-0.55,-0.585,0.774,-20.25,39.24,-1.66,R
,926701,1524,0,3856,-0.054,-0.551,0.686,-32.55,.44,-1398,R
,926741,1507,0,3854,0.016,-0.500,0.605,31.79,7.15,-9.22,R
,926751,1522,0,4095,0.08,-0.50,0.575,29.14,7.64,-4.8,R
,926781,1535,0,3851,0.15,-0.54,0.518,23.96,-7.17,-9.52,R
,926831,1501,0,095,0.06,-0.59,0.994,30.74,12.50,-2.0,R
,926881,1526,0,3850,0.205,-0.518,1.517,-11.93,-13.55,-320,R
,926891,1527,0,4095,0.155,-0.536,1.541,-2.34,-17.37,-2.03,R
,926901,1524,0,850,0.188,-0.425,1.503,0.74,-18.91,1.6,R
,926911,1507,0,4095,0.174,-0.463,1.434,2.25,-1952,4.02,R
,926931,1535,0,095,0.12,-0.54,1.258,-9.56,-4.93,-0.59,R
,926941,1533,0,851,0.15,-0.604,1.176,-1.43,-5.35,-0.61,R
,926991,1518,0,4095,0.13,-0.54,0.944,9.93,-4.82,5.76,R
,927031,1505,0,095,0.07,-0.529,0.949,0.32,-44.13,10.66,R
,927121,1519,0,856,0.12,-0.54,0.915,7.75,-31.82,18.0,R
,927131,1515,0,4095,0.093,-0.552,0.929,17.12,-3.63,15.73,R
,927151,1515,0,4095,0.181,-0.619,0.899,15.51,-4.05,13.9,R
,927161,1514,0,3854,0.29,-0.63,0.875,7.72,-4.49,14.4,R
,927171,1488,0,4095,0.23,-0.69,0.858,9.35,-50.37,12.28,R
,927191,1525,0,095,0.23,-0.72,0.820,3.11,-4.56,1.93,R
,927211,1515,0,4095,0.364,-0.683,0.689,29.23,-3.27,-3.08,R
,927221,1515,0,3856,0.297,-0.718,0.615,34.53,-31.11,-3.75,R
,927231,1508,0,4095,0.20,-0.694,0.579,31.14,-2.91,-6.33,R
,927251,1520,0,4095,0.20,-0.696,0.442,13.93,-2.40,-12.09,R
,927271,1525,0,4095,0.29,-0.71,0.352,11.84,-34.16,-25.60,R
,927311,1507,0,4095,0.25,-0.75,0.223,19.96,-20.04,-3.46,R
,927321,1522,0,3846,0.26,-0.78,0.247,19.47,-6.76,-29.75,R
,927331,1517,0,4095,0.34,-0.81,0.312,19.87,1.55,-34.2,R
,927341,1483,0,3856,0.24,-0.771,0.428,15.41,085,-40.62,R
,927351,1484,0,4095,0.208,-0.721,0.365,4.72,9.2,-36.3,R
,927361,1488,0,3856,0.261,-0.71,0.344,-8.81,1653,-38.82,R
,927381,1509,0,3852,0.27,-0.671,0.370,-44.75,27.34,-47.63,R
,927401,1527,0,3853,0.22,-0.73,0.481,-57.47,18.95,-47.17,R
,927421,1509,0,3856,0.256,-0.749,0.559,-49.46,1.26,-53.17,R
,927431,1535,0,4095,0.22,-0.74,0.583,42.48,2.59,-6038,R
,927441,1535,0,3856,0.309,-0.735,0.617,-37.73,21.86,-68.73,R
,927451,1529,0,4095,0.37,-0.723,0.617,-39.64,18.94,-78.58,R
,927461,1558,0,3857,0.32,-0.70,0.611,46.08,2.21,-8554,R
,927471,1535,0,4095,0.28,-0.68,0.579,50.97,2.73,-83.87,R
,927481,1535,0,847,0.241,-0.676,0.577,-55.20,25.31,-78.76,R
,927491,1535,0,4095,0.24,-0.64,0.563,59.15,2.70,-7677,R
,927511,1527,0,4095,0.36,-0.610,0.548,-49.68,23.72,-81.86,R
,927521,1514,0,3856,0.39,-0.60,0.562,43.21,1.69,-8651,R
,927541,1520,0,3859,0.30,-0.51,0.444,26.97,1.46,-92.94,R
,927551,1506,0,095,0.27,-0.43,0.373,20.78,1.41,-91.38,R
,927571,1450,0,4095,0.24,-0.271,0.339,-12.68,37.43,-85.23,R
,927601,1518,0,3847,0.164,-0.120,0.547,-30.91,55.95,-64.68,R
,927611,1523,0,4095,0.10,-0.06,0.667,-24.34,5.32,-53.51,R
,927641,1526,0,3856,-0.12,0.04,1.040,.59,10073,-6.8,R
,927651,1535,0,4095,0.018,0.013,1.197,3.93,106.79,15.71,R
,927691,1562,0,4095,0.49,-0.26,1.655,29.86,67.93,38.14,R
,927721,1609,0,861,0.75,-0.47,1.593,0.35,5761,41.7,R
,927731,1603,0,4095,0.840,-0.604,1.602,59.14,5048,37.93,R
,927741,1610,0,3852,0.83,-0.548,1.413,64.53,51.61,37.56,R
,927751,1512,0,4095,0.82,-0.64,1.239,0.76,5205,37.27,R
,927761,1513,0,3860,0.87,-0.680,1.320,58.30,47.47,28.16,R
,927791,1499,0,095,0.67,-0.64,1.215,4.96,3621,32.58,R
,927801,1479,0,3859,0.62,-0.65,1.174,9.81,2431,32.5,R
,927811,1486,0,095,0.618,-0.654,1.127,54.32,11.41,33.45,R
,927821,1488,0,3858,0.600,-0.650,1.122,51.66,2.22,34.28,R
,927831,1481,0,4095,0.52,-0.65,1.078,6.39,-0.66,37.6,R
,927881,1497,0,3845,0.45,-0.642,1.061,35.00,-14.01,35.01,R
,927931,1493,0,4095,0.33,-0.54,1.056,7.05,-2.66,38.86,R
,927951,1523,0,4095,0.298,-0.530,1.054,20.71,-23.81,42.05,R
,927971,1520,0,4095,0.24,-0.52,1.036,5.80,-2.79,41.88,R
,927991,1520,0,4095,0.11,-0.49,1.011,4.03,-34.88,40.8,R
,928021,1533,0,856,0.158,-0.516,0.954,20.22,-51.78,35.41,R
,928031,1535,0,4095,0.039,-0.543,0.934,31.90,-53.75,36.29,R
,928041,1529,0,3855,0.15,-0.49,0.844,26.93,-52.54,32.13,R
,928071,1527,0,4095,0.00,-0.48,0.602,2.99,-49.12,18.31,R
,928161,1482,0,3857,0.19,-0.575,0.280,-2.84,-2.98,10.46,R
,928171,1483,0,4095,0.14,-0.59,0.277,-0.69,3.99,8.58,R
,928181,1467,0,3856,0.166,-0.623,0.436,-1.44,5.53,0.31,
,928201,1479,0,3858,0.06,-0.556,0.499,22.32,18.37,4.54,R
,928221,1467,0,3861,0.09,-0.46,0.559,0.42,33.44,-2.33,R
,928231,1425,0,4095,0.02,-0.506,0.631,-8.46,27.55,-4.9,R
,928261,1473,0,3863,0.05,-0.55,0.789,9.21,22.63,-7.09,R
,928281,1466,0,3857,0.20,-0.49,0.812,1.75,2921,-14.07,R
,928311,1444,0,4095,0.16,-0.467,0.838,2.38,39.24,-18.62,R
,928321,1472,0,3856,0.12,-0.46,0.834,-1.39,43.08,-15.22,R
,928341,1471,0,3859,0.12,-0.46,0.858,7.88,39.86,-14.65,R
,928351,1463,0,4095,0.11,-0.47,0.854,-9.41,40.39,-18.12,R
,928371,1479,0,095,0.20,-0.48,0.851,11.67,3.72,-2523,R
,928381,1485,0,3858,0.29,-0.49,0.854,13.39,3.21,-26.67,R
,928401,1478,0,3857,0.28,-0.47,0.814,-17.10,31.79,-2609,R
,928421,1488,0,3856,0.20,-0.48,0.799,18.25,28.48,-25.23,R
,928431,1488,0,4095,0.26,-0.47,0.761,22.40,23.02,-25.98,R
,928471,1516,0,4095,0.36,-0.50,0.602,8.74,-6.50,-33.96,R
,928481,1501,0,3858,0.410,-0.470,0.597,1.88,-753,-35.05,R
,928491,1488,0,4095,0.410,-0.448,0.630,0.04,-2.65,-34.6,R
,928511,1509,0,4095,0.39,-0.44,0.708,-15.52,20.50,-28.88,R
,928531,1520,0,4095,0.38,-0.40,1.107,43.47,3.82,-12.42,R
,928541,1535,0,3861,0.33,-0.471,1.269,-43.68,37.08,-9.6,R
,928551,1591,0,4095,0.14,-0.66,1.450,-31.47,34.08,-0.7,R
,928561,1589,0,3859,0.28,-0.49,1.586,21.61,28.01,-3.32,R
,928571,1585,0,095,0.24,-0.39,1.694,15.70,27.15,4.65,R
,928591,1597,0,4095,0.256,-0.401,1.798,-3.15,14.62,14.63,R
,928621,1582,0,867,0.341,-0.383,1.720,11.32,-8.40,13.30,R
,928651,1580,0,095,0.38,-0.427,1.335,13.95,-11.40,21.35,R
,928661,1583,0,3861,0.36,-0.41,1.266,17.31,-13.53,21.13,R
,928681,1591,0,861,0.310,-0.434,1.151,17.72,-27.03,15.47,R
,928691,1571,0,4095,0.35,-0.44,1.103,19.34,-34.91,14.63,R
,928711,1581,0,095,0.26,-0.38,1.026,0.13,-35.20,21.94,R
,928731,1561,0,4095,0.24,-0.403,0.986,.93,-3779,26.00,R
,928751,1559,0,4095,0.268,-0.433,0.956,.68,-41.23,29.15,R
,928781,1577,0,3857,0.27,-0.44,0.969,11.40,-21.98,36.36,R
,928801,1568,0,861,0.176,-0.432,0.978,20.36,-16.76,42.42,R
,928811,1568,0,4095,0.19,-0.42,0.965,1.57,-20.53,42.75,R
,928831,1564,0,4095,0.18,-0.41,0.954,14.61,-30.80,38.17,R
,928841,1535,0,872,0.173,-0.42,0.963,0.19,-35.87,34.60,R
,928891,1520,0,095,0.17,-0.482,0.901,1.55,-3.72,27.59,R
,928901,1477,0,3866,0.14,-0.509,0.856,24.61,-3.75,28.05,R
,928911,1456,0,4095,0.128,-0.500,0.815,3.17,-3.21,25.03,R
,928931,1456,0,4095,0.17,-0.531,0.709,6.97,-38.95,19.10,R
,928941,1434,0,3872,0.02,-0.60,0.692,24.06,-43.89,14.9,R
,928951,1450,0,4095,0.19,-0.54,0.585,22.30,-37.08,12.0,R
,928961,1447,0,3863,0.10,-0.54,0.521,18.06,-31.21,9.9,R
,928971,1455,0,095,0.138,-0.576,0.500,15.86,-29.14,8.3,R
,928981,1438,0,3867,0.26,-0.55,0.380,11.87,-21.35,3.8,R
,929021,1425,0,875,0.26,-0.582,0.301,-1.79,1042,1.53,R
,929031,1449,0,4095,0.11,-0.60,0.340,-10.08,16.71,-3.0,R
,929051,1424,0,4095,0.183,-0.672,0.548,27.39,2.91,-22.61,R
,929091,1456,0,095,0.122,-0.644,0.578,32.74,34.25,-29.31,R
,929101,1455,0,3862,0.08,-0.63,0.603,-40.66,3.68,-33.78,R
,929121,1465,0,3869,0.01,-0.67,0.689,-42.45,33.26,-3980,R
,929131,1458,0,4095,0.07,-0.67,0.707,-40.33,33.90,-44.47,R
,929151,1482,0,4095,0.15,-0.64,0.729,35.09,33.38,-54.24,R
,929181,1504,0,3878,0.05,-0.59,0.714,-46.13,43.72,-6691,R
,929191,1501,0,4037,0.06,-0.59,0.714,-54.65,41.20,-74.30,R
,929211,1505,0,095,0.02,-0.601,0.710,-64.43,32.59,-8656,R
,929221,1498,0,870,0.06,-0.60,0.702,-62.45,2.24,-88.85,R
,929241,1498,0,863,0.01,-0.545,0.671,-50.37,3.13,-88.88,R
,929281,1488,0,3866,-0.36,-0.26,0.506,-1.04,59.92,-86.94,R
,929301,1520,0,3858,-0.15,-0.04,0.450,-6.91,68.16,-72.53,R
,929321,1535,0,3863,-0.91,0.05,0.653,12.14,7.05,-58.32,R
,929331,1586,0,061,-0.253,0.045,0.788,-3.23,8976,-49.72,R
,929361,1614,0,859,-0.337,0.064,1.300,-9.36,10.14,15.6,R
,929371,1611,0,4095,-0.44,0.024,1.509,-2.05,10.27,28.28,R
,929381,1615,0,3863,-0.18,0.02,1.675,.92,104.21,29.67,R
,929421,1633,0,3865,0.31,-0.24,1.958,1.78,8489,48.89,R
,929431,1627,0,4095,0.45,-0.34,1.967,5.34,7289,48.0,R
,929441,1638,0,3861,0.538,-0.451,1.917,1.19,5931,43.35,R
,929451,1636,0,4095,0.64,-0.53,1.892,63.46,45.08,35.8,R
,929461,1638,0,875,0.63,-0.46,1.536,65.78,45.89,36.87,R
,929481,1637,0,3863,0.62,-0.51,1.497,58.27,30.88,25.8,R
,929491,1631,0,094,0.67,-0.557,1.409,57.20,2538,25.2,R
,929501,1616,0,3858,0.63,-0.55,1.377,51.34,14.70,19.4,R
,929511,1613,0,095,0.54,-0.58,1.355,47.61,2.16,12.43,R
,929521,1607,0,862,0.495,-0.584,1.306,46.82,-4.50,10.4,R
,929571,1559,0,4095,0.29,-0.56,1.198,34.27,-16.80,17.47,R
,929581,1577,0,3863,0.25,-0.51,1.206,36.79,-21.61,20.2,R
,929611,1580,0,4095,0.131,-0.408,1.155,7.99,-2.49,30.62,R
,929621,1582,0,3859,0.121,-0.390,1.125,32.56,-26.07,31.5,R
,929631,1582,0,4095,0.12,-0.39,1.115,8.44,-3.42,33.9,R
,929701,1535,0,3861,-0.098,-0.365,1.091,19.51,-5.95,39.71,R
,929741,1520,0,3857,-0.75,-0.36,0.878,17.03,-54.25,33.45,R
,929751,1506,0,4095,0.11,-0.31,0.711,-2.80,-57.89,15.1,R
,929761,1520,0,3871,-0.47,-0.37,0.766,4.44,-60.48,22.48,R
,929781,1478,0,871,0.00,-0.34,0.611,6.61,-3509,23.38,R
,929791,1477,0,4095,-0.40,-0.53,0.744,20.13,-24.56,2588,R
,929831,1489,0,4095,-0.39,-0.49,0.463,20.03,651,26.71,R
,929881,1420,0,3855,-0.34,-0.42,0.384,-4.39,-.45,7.03,R
,929891,1427,0,4095,0.03,-0.47,0.508,-14.11,0.01,2.14,R
,929931,1459,0,095,0.03,-0.431,0.608,13.15,40.27,-0.33,R
,929951,1454,0,093,-0.41,-0.39,0.685,-11.04,42.82,-193,R
,929961,1451,0,3867,-0.31,-0.32,0.732,-11.87,41.69,-7.63,R
,930011,1471,0,4095,-0.28,-0.44,0.898,-35.96,15.84,-4.30,R
,930041,1479,0,3871,-0.22,-0.31,0.901,-28.75,0.57,-35.77,R
,930061,1479,0,867,-0.37,-0.45,0.909,-28.52,42.50,-3.24,R
,930101,1490,0,867,0.02,-0.43,0.887,-26.62,2.60,-40.53,R
,930111,1497,0,095,0.03,-0.414,0.858,23.32,22.39,-40.67,R
,930131,1488,0,4095,0.054,-0.381,0.804,19.47,16.41,-41.54,R
,930141,1488,0,3859,0.08,-0.38,0.782,-18.31,9.98,-43.4,R
,930151,1493,0,095,0.13,-0.39,0.774,-18.98,207,-45.54,R
,930161,1511,0,3861,0.150,-0.375,0.747,20.45,0.11,-47.61,R
,930171,1514,0,4095,0.20,-0.39,0.739,-22.01,0.59,-48.00,R
,930181,1520,0,3877,0.195,-0.384,0.719,-22.62,445,-45.4,R
,930241,1535,0,869,0.16,-0.37,1.380,-36.55,34.19,-28.32,R
,930251,1534,0,095,0.02,-0.45,1.476,-32.37,3.51,-18.50,R
,930261,1531,0,3863,0.00,-0.37,1.684,-29.93,3.15,-10.36,R
,930281,1535,0,866,0.08,-0.30,1.865,-13.68,30.97,-3.4,R
,930291,1535,0,095,0.08,-0.29,1.868,-5.99,20.65,-6.0,R
,930341,1531,0,3856,0.154,-0.218,1.422,.27,-16.82,8.22,R
,930381,1521,0,884,0.16,-0.26,1.134,24.12,-31.40,10.16,R
,930391,1520,0,4095,0.155,-0.26,1.112,18.30,-20.04,19.13,R
,930411,1519,0,4094,0.179,-0.324,1.040,3.40,-2.27,26.20,R
,930421,1488,0,3870,0.187,-0.329,1.055,4.30,-25.01,25.45,R
,930431,1457,0,095,0.18,-0.33,1.094,11.52,-25.79,25.39,R
,930491,1477,0,095,0.105,-0.368,1.055,2.96,-23.15,39.67,R
,930501,1479,0,3871,0.072,-0.376,1.070,1.55,-2.84,34.94,R
,930611,1491,0,095,0.030,-0.453,0.791,1.16,-36.72,29.36,R
,930621,1503,0,866,-0.51,-0.44,0.760,33.57,-2.40,26.92,R
,930631,1499,0,4090,-0.061,-0.43,0.670,33.19,-9.78,25.36,R
,930661,1460,0,850,0.03,-0.45,0.495,2.09,-3.69,7.07,R
,930701,1456,0,871,0.01,-0.459,0.387,8.62,-7.47,9.68,R
,930711,1456,0,4095,0.041,-0.447,0.378,6.39,4.73,11.16,R
,930721,1466,0,873,0.04,-0.46,0.411,.96,10.24,7.12,R
,930771,1450,0,4095,0.027,-0.443,0.654,-13.00,18.66,-9.58,R
,930791,1444,0,095,-0.14,-0.40,0.788,-19.32,2.94,-929,R
,930851,1475,0,086,-0.04,-0.44,0.935,-11.32,4.76,-15.61,R
,930871,1473,0,095,0.017,-0.444,0.933,-16.20,16.07,-2546,R
,930881,1479,0,873,0.01,-0.44,0.927,-12.92,1.34,-2758,R
,930891,1485,0,091,0.07,-0.43,0.912,-13.33,2.80,-2497,R
,930911,1489,0,4095,0.034,-0.405,0.890,-14.97,36.65,-17.37,R
,930931,1446,0,064,0.070,-0.403,0.899,15.07,3.92,-25.19,R
,930961,1475,0,3877,0.109,-0.437,0.831,-14.36,12.62,-34.50,R
,930971,1451,0,095,0.18,-0.41,0.783,-17.87,4.50,-34.10,R
,931021,1502,0,3868,0.192,-0.386,0.717,23.59,11.46,-39.51,R
,931031,1517,0,4062,0.163,-0.401,0.802,25.65,11.90,-45.51,R
,931041,1531,0,871,0.27,-0.42,0.829,28.75,1.73,-44.18,R
,931071,1501,0,095,0.19,-0.41,1.111,46.63,2.62,-29.64,R
,931081,1485,0,878,0.074,-0.41,1.211,-43.68,3.15,-2456,R
,931101,1475,0,874,0.06,-0.41,1.509,28.86,37.49,-19.71,R
,931111,1488,0,095,0.08,-0.39,1.611,-24.20,3.34,-1964,R
,931121,1479,0,871,0.01,-0.37,1.671,16.74,2.11,-17.34,R
,931131,1486,0,095,0.04,-0.34,1.719,-11.29,17.86,-1464,R
,931141,1466,0,865,0.06,-0.32,1.709,8.48,13.58,-13.29,R
,931151,1462,0,4089,0.03,-0.294,1.728,4.36,9.28,-12.74,R
,931161,1477,0,871,0.014,-0.29,1.669,.94,7.0,-8.24,R
,931171,1474,0,4086,0.034,-0.274,1.599,3.11,1.03,-4.01,R
,931191,1473,0,4073,0.00,-0.28,1.369,.75,-1816,-2.68,R
,931201,1476,0,875,0.097,-0.311,1.293,14.33,-23.09,-0.19,R
,931221,1478,0,870,0.10,-0.27,1.171,0.61,-25.41,3.09,R
,931271,1454,0,095,0.127,-0.333,1.056,22.09,-34.51,14.5,R
,931281,1457,0,872,0.119,-0.336,1.071,23.86,-30.56,17.1,R
,931291,1469,0,095,0.118,-0.349,1.054,24.54,-26.14,22.13,R
,931371,1456,0,4092,0.059,-0.343,1.044,24.73,-26.43,34.51,R
,931381,1456,0,3871,0.029,-0.355,1.049,22.67,-26.02,33.3,R
,931391,1463,0,095,0.08,-0.39,1.050,2.44,-29.73,31.96,R
,931411,1434,0,4091,0.011,-0.400,1.013,29.26,-35.89,31.2,R
,931431,1432,0,087,0.08,-0.40,0.947,34.33,-3.32,27.1,R
,931451,1434,0,4095,0.020,-0.395,0.859,36.12,-31.08,27.32,R
,931471,1424,0,095,-0.51,-0.39,0.782,32.70,-3.17,2863,R
,931491,1407,0,064,0.08,-0.40,0.672,29.48,-15.44,25.8,R
,931501,1389,0,3877,0.050,-0.428,0.634,25.12,-15.87,21.9,R
,931511,1388,0,061,0.07,-0.45,0.604,1.17,-20.10,18.11,R
,931521,1391,0,3877,0.037,-0.450,0.585,15.23,-23.75,13.4,R
,931531,1385,0,4095,0.056,-0.462,0.569,11.49,-24.25,10.57,R
,931551,1363,0,4095,0.055,-0.478,0.559,9.83,-2004,8.75,R
,931561,1354,0,875,0.057,-0.471,0.553,9.11,-16.14,7.44,R
,931621,1376,0,875,0.07,-0.43,0.707,8.74,25.0,0.55,
,931631,1375,0,095,0.05,-0.38,0.751,-1.68,27.50,-2.70,R
,931691,1370,0,091,0.05,-0.440,0.904,-16.10,19.96,-1419,R
,931701,1357,0,875,0.08,-0.42,0.918,10.60,26.80,-14.82,R
,931711,1363,0,4055,0.06,-0.41,0.901,7.68,3094,-13.17,R
,931721,1373,0,3882,0.026,-0.411,0.902,-3.87,33.11,-13.1,R
,931731,1367,0,089,0.02,-0.373,0.887,-4.49,33.12,-13.9,R
,931741,1355,0,886,0.02,-0.35,0.892,11.18,30.89,-14.88,R
,931811,1394,0,090,0.07,-0.42,0.881,-20.97,2.04,-24.99,R
,931831,1407,0,4062,0.098,-0.43,0.885,25.24,23.40,-26.68,R
,931851,1419,0,074,0.122,-0.435,0.828,-21.52,1.21,-31.75,R
,931871,1421,0,065,0.13,-0.39,0.750,-16.74,14.31,-3528,R
,931891,1441,0,047,0.19,-0.38,0.669,20.83,1.49,-3685,R
,931901,1440,0,873,0.17,-0.39,0.654,-25.03,1.09,-3841,R
,931911,1451,0,045,0.17,-0.35,0.669,23.33,14.92,-40.73,R
,931921,1467,0,876,0.13,-0.38,0.680,24.92,16.60,-43.09,R
,931931,1463,0,071,0.19,-0.34,0.776,30.92,20.53,-42.16,R
,931951,1459,0,080,0.19,-0.399,0.949,-39.52,34.85,-34.96,R
,932021,1393,0,3888,-0.033,-0.299,1.744,-16.45,28.13,-6.16,R
,932041,1393,0,3879,0.001,-0.291,1.700,-7.01,4.13,-4.38,R
,932051,1424,0,038,0.00,-0.28,1.628,1.29,-0.71,0.43,R
,932061,1445,0,3888,0.064,-0.314,1.504,4.38,-6.01,3.99,
,932071,1446,0,035,0.09,-0.29,1.417,.07,-13.29,3.88,R
,932081,1453,0,3875,0.115,-0.313,1.313,12.99,-20.48,4.52,R
,932091,1454,0,036,0.17,-0.32,1.250,15.74,-2.74,3.3,R
,932101,1458,0,3882,0.17,-0.328,1.170,16.93,-33.78,4.28,R
,932121,1462,0,887,0.16,-0.31,1.111,18.77,-31.06,12.04,R
,932141,1473,0,3885,0.147,-0.330,1.081,18.44,-27.75,17.35,R
,932151,1470,0,015,0.15,-0.35,1.087,18.65,-25.96,20.2,R
,932161,1459,0,881,0.117,-0.358,1.084,18.44,-26.37,23.9,R
,932171,1463,0,027,0.12,-0.36,1.090,7.69,-27.85,25.81,R
,932181,1459,0,888,0.17,-0.36,1.080,18.97,-29.55,27.91,R
,932201,1477,0,3888,0.115,-0.338,1.092,20.48,-24.07,33.2,R
,932211,1488,0,053,0.08,-0.33,1.098,19.64,-20.37,36.5,R
,932261,1488,0,886,0.01,-0.401,1.144,27.80,-37.53,35.9,R
,932281,1487,0,890,-0.12,-0.31,1.106,31.49,-46.94,30.87,R
,932301,1488,0,3888,-0.017,-0.359,1.048,36.47,-49.43,31.13,R
,932321,1454,0,3882,0.003,-0.374,0.975,35.14,-48.13,27.47,R
,932341,1458,0,879,-0.20,-0.41,0.874,37.38,-7.24,2390,R
,932371,1431,0,035,0.06,-0.40,0.691,0.24,-38.85,26.04,R
,932431,1260,0,023,0.03,-0.46,0.451,.33,2.8,15.27,R
,932441,1290,0,3890,0.038,-0.444,0.473,3.60,7.70,11.38,R
,932451,1202,0,3999,0.029,-0.484,0.491,-0.34,6.13,7.73,
,932481,1237,0,883,0.06,-0.50,0.494,3.63,-3.59,0.49,R
,932491,1262,0,021,0.06,-0.51,0.589,.35,4.3,-1.58,R
,932511,1294,0,3998,0.00,-0.44,0.641,5.72,27.23,-3.64,R
,932521,1296,0,3879,0.00,-0.399,0.669,-4.91,35.79,-8.53,R
,932531,1297,0,017,0.07,-0.42,0.715,12.19,36.68,-13.16,R
,932571,1318,0,4030,0.031,-0.413,0.865,-19.15,22.89,-21.60,R
,932591,1310,0,014,0.03,-0.40,0.923,17.26,3.07,-25.19,R
,932611,1319,0,025,-0.01,-0.32,0.928,-14.80,40.01,-19.71,R
,932641,1266,0,888,0.09,-0.35,0.932,-14.05,40.83,-19.96,R
,932661,1276,0,899,0.09,-0.37,0.912,-20.98,29.34,-31.52,R
,932691,1328,0,051,0.02,-0.36,0.893,-27.79,22.33,-30.03,R
,932701,1378,0,888,0.01,-0.37,0.899,26.78,25.28,-27.45,R
,932751,1392,0,4000,0.124,-0.333,0.772,-14.65,2.47,-2911,R
,932771,1401,0,983,0.11,-0.33,0.709,-20.31,22.68,-32.80,R
,932781,1410,0,888,0.11,-0.34,0.687,-24.14,18.70,-3296,R
,932791,1414,0,994,0.18,-0.34,0.698,-21.70,14.60,-3450,R
,932801,1420,0,888,0.16,-0.31,0.773,-21.29,15.24,-3480,R
,932821,1433,0,890,0.05,-0.33,0.960,-29.58,3.35,-25.72,R
,932841,1452,0,889,0.04,-0.38,1.306,-34.92,52.22,-1051,R
,932901,1425,0,891,-0.01,-0.36,1.756,-4.11,8.05,-0.3,R
,932921,1435,0,886,0.05,-0.28,1.578,4.86,-4.11,4.31,
,932941,1415,0,887,0.08,-0.29,1.359,14.44,-23.49,5.12,R
,932951,1423,0,959,0.12,-0.29,1.290,17.52,-2.35,6.00,R
,932961,1405,0,887,0.116,-0.280,1.231,8.19,-26.42,7.45,R
,932991,1449,0,979,0.11,-0.30,1.111,17.78,-29.84,17.97,R
,933001,1458,0,885,0.16,-0.31,1.100,16.70,-32.45,18.20,R
,933031,1449,0,3993,0.075,-0.33,1.098,20.57,-29.58,24.3,R
,933081,1429,0,888,0.044,-0.350,1.124,9.83,-28.40,37.71,R
,933091,1435,0,4000,0.040,-0.339,1.117,2.16,-3.38,38.72,R
,933161,1421,0,888,-0.46,-0.38,0.973,34.10,-35.55,3437,R
,933181,1359,0,883,-0.59,-0.37,0.841,38.41,-43.21,2837,R
,933221,1299,0,3892,0.035,-0.399,0.511,5.11,-37.72,18.57,R
,933291,1108,0,946,0.07,-0.506,0.500,5.28,-1564,-4.84,R
,933361,1270,0,3891,-0.10,-0.49,0.783,-14.81,32.59,-9.86,R
,933391,1235,0,009,-0.026,-0.46,0.897,-19.87,14.80,-20.67,R
,933401,1274,0,901,-0.56,-0.44,0.909,-21.67,12.34,-24.15,R
,933421,1296,0,3897,-0.004,-0.49,0.896,-10.94,0.76,-2.00,R
,933431,1298,0,018,0.00,-0.39,0.906,-10.69,30.07,-18.91,R
,933441,1306,0,905,0.01,-0.39,0.908,-13.50,37.61,-2021,R
,933491,1310,0,3975,0.021,-0.403,0.911,-25.01,29.55,-33.16,R
,933501,1296,0,3888,0.042,-0.418,0.907,-26.55,28.71,-3439,R
,933531,1315,0,3959,0.081,-0.440,0.910,30.54,25.05,-34.25,R
,933541,1313,0,3888,0.102,-0.427,0.911,-28.54,2.08,-3575,R
,933551,1318,0,952,0.11,-0.42,0.903,-29.18,26.99,-37.52,R
,933591,1332,0,970,0.18,-0.38,0.871,-26.14,32.95,-3804,R
,933601,1298,0,893,0.17,-0.38,0.868,-24.30,30.86,-39.34,R
,933651,1388,0,007,0.05,-0.33,1.092,-28.10,36.74,-36.30,R
,933671,1373,0,013,0.01,-0.31,1.298,-24.33,3.50,-3206,R
,933711,1360,0,938,0.00,-0.27,1.577,-12.81,17.24,-1874,R
,933721,1362,0,901,0.029,-0.259,1.576,3.55,11.79,-18.44,R
,933751,1393,0,950,0.061,-0.207,1.444,0.10,-4.82,-5.16,R
,933791,1389,0,943,0.07,-0.22,1.209,6.24,-21.69,2.72,R
,933871,1407,0,937,0.02,-0.29,1.085,22.71,-26.51,25.36,R
,933881,1395,0,892,0.15,-0.31,1.078,23.67,-26.85,27.47,R
,933911,1375,0,3968,0.097,-0.323,1.091,26.90,-31.58,34.92,R
,933931,1387,0,950,0.04,-0.32,1.125,24.16,-29.73,37.09,R
,934001,1389,0,894,-0.46,-0.41,1.171,28.04,-8.05,41.71,R
,934101,1273,0,908,0.001,-0.47,0.475,1.48,-2.85,23.45,R
,934111,1233,0,3961,0.012,-0.47,0.404,1.89,-2.08,21.53,R
,934121,1209,0,908,0.07,-0.494,0.381,9.45,-18.71,18.62,R
,934131,1251,0,3947,0.048,-0.461,0.334,22.76,-11.01,12.1,R
,934141,1243,0,905,0.09,-0.493,0.351,3.83,-8.50,6.45,R
,934181,1277,0,905,0.07,-0.51,0.489,2.05,6.59,-5.81,R
,934201,1283,0,916,0.03,-0.51,0.535,-5.99,2521,-3.6,R
,934221,1291,0,3918,0.05,-0.46,0.642,13.59,3.97,-10.58,R
,934231,1284,0,921,-0.59,-0.48,0.687,-17.39,4.68,-1.62,R
,934251,1294,0,924,-0.51,-0.48,0.828,-24.88,45.31,-2.39,R
,934281,1344,0,919,-0.55,-0.42,0.959,-26.72,26.37,-2.99,R
,934291,1349,0,3983,-0.017,-0.453,0.964,-23.75,27.55,-25.28,R
,934381,1435,0,915,0.03,-0.41,0.930,-37.24,20.27,-39.35,R
,934391,1419,0,3898,0.065,-0.415,0.900,-31.56,21.06,-38.22,R
,934401,1424,0,3925,0.098,-0.386,0.839,-27.97,23.17,-35.38,R
,934411,1421,0,3890,0.123,-0.370,0.783,24.89,26.19,-32.47,R
,934421,1399,0,915,0.10,-0.36,0.746,-26.28,2.62,-3493,R
,934451,1393,0,3898,0.174,-0.320,0.656,30.08,15.63,-43.78,R
,934461,1422,0,3927,0.164,-0.307,0.744,36.91,18.25,-42.42,R
,934471,1422,0,921,0.25,-0.09,0.933,-39.39,29.38,-4766,R
,934481,1424,0,3931,0.055,-0.304,1.048,-42.78,34.25,-42.25,R
,934491,1419,0,938,0.07,-0.27,1.253,45.12,3.04,-36.18,R
,934541,1454,0,932,-0.036,-0.272,1.771,-16.01,24.01,-1.05,R
,934551,1456,0,3879,-0.018,-0.280,1.768,-11.99,11.09,-1.55,R
,934581,1472,0,919,0.07,-0.27,1.579,3.92,-12.88,4.86,R
,934601,1466,0,927,0.06,-0.28,1.370,10.13,-27.15,8.5,R
,934621,1458,0,3927,0.119,-0.28,1.218,17.46,-3.40,7.59,R
,934631,1458,0,886,0.11,-0.29,1.160,0.09,-38.13,11.23,R
,934641,1473,0,3920,0.134,-0.305,1.124,19.29,-38.01,15.42,R
,934651,1452,0,882,0.17,-0.32,1.088,9.06,-36.66,20.23,R
,934681,1435,0,3927,0.099,-0.354,1.095,21.58,-42.72,27.97,R
,934711,1425,0,899,0.19,-0.35,1.055,6.45,-38.95,37.13,R
,934731,1433,0,898,0.087,-0.343,1.077,21.89,-30.68,45.5,R
,934741,1441,0,3927,0.053,-0.336,1.094,18.56,-28.51,49.9,R
,934751,1459,0,905,0.067,-0.367,1.082,16.56,-29.81,52.69,R
,934781,1469,0,931,0.07,-0.35,1.135,15.46,-34.83,53.9,R
,934831,1438,0,890,-0.069,-0.389,1.174,24.01,-49.35,4787,R
,934861,1467,0,934,0.003,-0.38,0.982,27.52,-48.39,39.26,R
,934871,1449,0,914,-0.61,-0.43,0.939,31.78,-0.13,4399,R
,934901,1395,0,931,-0.52,-0.46,0.692,31.23,-44.82,34.94,R
,934941,1232,0,930,-0.28,-0.41,0.439,34.48,-2.43,2269,R
,934961,1146,0,920,0.03,-0.45,0.366,8.73,-2.01,13.90,R
,934981,1139,0,922,-0.12,-0.42,0.338,6.80,-16.08,11.84,R
,935011,1117,0,877,0.05,-0.50,0.375,.62,5.1,12.69,
,935091,1213,0,3877,-0.018,-0.466,0.807,-25.00,27.03,-14.21,R
,935111,1255,0,888,0.01,-0.48,0.898,21.20,2.97,-2517,R
,935121,1278,0,931,-0.03,-0.49,0.927,-16.92,1.69,-2.46,R
,935141,1315,0,920,0.04,-0.43,0.936,14.11,32.92,-26.80,R
,935151,1318,0,888,0.012,-0.418,0.920,-14.04,36.77,-26.32,R
,935171,1296,0,888,0.09,-0.42,0.926,22.23,35.52,-33.69,R
,935191,1326,0,897,0.05,-0.461,0.919,-32.74,26.89,-3888,R
,935211,1282,0,917,0.09,-0.45,0.915,34.80,26.54,-37.55,R
,935221,1311,0,931,0.00,-0.46,0.926,-32.33,28.41,-38.45,R
,935281,1431,0,920,0.19,-0.39,0.768,22.19,1.81,-4625,R
,935291,1434,0,882,0.11,-0.38,0.734,-27.59,20.53,-45.58,R
,935311,1424,0,873,0.12,-0.37,0.810,-30.59,25.92,-44.87,R
,935341,1371,0,926,0.11,-0.26,1.122,37.39,41.63,-39.84,R
,935351,1330,0,3884,0.094,-0.247,1.236,-41.68,45.12,-32.39,R
,935401,1375,0,943,0.06,-0.29,1.607,-9.41,25.79,-13.23,R
,935431,1355,0,856,0.048,-0.267,1.475,1.83,6.21,-4.91,R
,935441,1367,0,937,0.07,-0.30,1.372,.56,1.79,-2.73,R
,935451,1360,0,872,0.093,-0.29,1.313,13.45,-5.27,-3.64,R
,935461,1371,0,938,0.05,-0.28,1.225,9.57,-860,-0.96,R
,935491,1386,0,869,0.19,-0.29,1.070,4.86,-1.00,4.3,R
,935511,1403,0,881,0.08,-0.32,1.038,6.15,-20.85,11.78,R
,935541,1414,0,947,0.19,-0.37,1.027,18.38,-22.83,18.86,R
,935581,1424,0,946,0.11,-0.36,1.042,2.93,-17.34,25.30,R
,935651,1435,0,867,0.09,-0.383,1.134,25.20,-22.77,28.8,R
,935661,1438,0,946,0.07,-0.38,1.120,7.19,-24.62,28.14,R
,935691,1424,0,862,-0.12,-0.45,1.115,24.25,-29.17,31.76,R
,935711,1445,0,868,-0.42,-0.45,1.059,29.66,-36.47,23.32,R
,935731,1427,0,862,-0.44,-0.426,0.942,38.90,-6.01,21.18,R
,935741,1350,0,952,-0.37,-0.40,0.875,36.64,-35.92,1994,R
,935761,1261,0,955,-0.01,-0.42,0.696,34.99,-31.70,18.17,R
,935771,1213,0,875,-0.001,-0.41,0.635,34.56,-30.28,2095,R
,935801,1215,0,3955,0.072,-0.460,0.489,0.67,-1.62,13.94,R
,935881,1221,0,955,0.01,-0.47,0.626,-1.10,25.82,-1.9,R
,935891,1211,0,857,0.00,-0.429,0.661,-6.20,3111,-5.1,R
,935941,1308,0,979,-0.29,-0.48,0.937,-14.91,16.13,-19.17,R
,935951,1327,0,873,-0.23,-0.48,0.963,-12.37,16.91,-20.41,R
,935991,1355,0,863,0.01,-0.350,0.933,-10.02,3.34,-1607,R
,936001,1321,0,984,0.02,-0.36,0.948,-14.77,37.09,-19.74,R
,936061,1435,0,957,0.05,-0.422,1.031,-28.22,17.92,-2879,R
,936151,1458,0,3858,0.214,-0.351,0.673,-22.77,-.10,-40.01,R
,936171,1491,0,857,0.12,-0.28,0.692,-22.39,2.62,-39.63,R
,936221,1455,0,984,-0.08,-0.43,1.454,-29.20,25.92,-401,R
,936281,1439,0,968,0.02,-0.26,1.467,.94,-15.06,-1.08,R
,936301,1458,0,984,0.08,-0.24,1.317,20.28,-24.88,1.68,R
,936321,1435,0,974,0.12,-0.23,1.140,22.25,-29.73,2.23,R
,936331,1427,0,3860,0.138,-0.261,1.100,21.40,-2.76,5.9,R
,936381,1425,0,999,0.04,-0.32,1.035,13.11,-21.92,20.7,R
,936411,1434,0,3856,0.113,-0.330,1.005,26.70,-2.65,28.16,R
,936471,1435,0,858,0.05,-0.35,1.100,18.74,-19.93,38.5,R
,936481,1427,0,966,0.02,-0.38,1.118,19.90,-23.99,34.63,R
,936491,1434,0,3856,0.06,-0.376,1.097,24.90,-29.14,30.62,R
,936501,1412,0,956,0.00,-0.379,1.084,30.28,-29.96,29.4,R
,936511,1407,0,3856,-0.012,-0.30,1.085,32.90,-29.14,28.66,R
,936531,1381,0,3846,-0.029,-0.382,1.034,23.12,-25.20,2623,R
,936561,1409,0,005,-0.29,-0.43,0.883,14.77,-22.22,20.52,R
,936581,1367,0,4003,-0.29,-0.53,0.710,9.96,-12.80,22.97,R
,936671,1365,0,3854,0.035,-0.585,0.586,-15.47,1.21,-10.21,R
,936711,1399,0,857,-0.11,-0.42,0.641,-11.62,31.47,-13.13,R
,936721,1398,0,016,-0.43,-0.46,0.688,-16.05,32.21,-14.87,R
,936731,1434,0,3856,-0.40,-0.40,0.739,-18.81,28.77,-13.93,R
,936741,1424,0,006,-0.06,-0.49,0.767,-18.91,27.14,-16.50,R
,936791,1427,0,855,-0.22,-0.49,0.930,-15.17,30.79,-21.57,R
,936851,1417,0,3847,0.00,-0.38,0.891,-14.25,21.81,-31.13,R
,936901,1424,0,009,0.13,-0.39,0.773,-19.29,16.94,-34.67,R
,936911,1422,0,856,0.17,-0.39,0.739,16.63,1.95,-3778,R
,936941,1434,0,991,0.17,-0.32,0.640,-23.79,9.57,-41.32,R
,936961,1439,0,4016,0.231,-0.28,0.878,-36.39,27.02,-39.28,R
,936991,1428,0,863,0.05,-0.46,1.250,-41.15,47.37,-17.67,R
,937001,1437,0,4035,-0.23,-0.45,1.383,-32.75,48.54,-10.12,R
,937011,1427,0,863,-0.29,-0.39,1.531,-26.01,47.90,-5.89,R
,937041,1439,0,013,-0.76,-0.27,1.713,-19.33,19.35,-5.17,R
,937051,1419,0,858,-0.37,-0.28,1.723,-17.01,5.31,-5.75,R
,937061,1434,0,013,-0.26,-0.34,1.670,-11.44,-4.48,-5.05,R
,937071,1435,0,856,-0.05,-0.22,1.612,-4.57,-6.82,-1.13,R
,937081,1442,0,001,0.010,-0.287,1.479,.23,-5.56,4.34,R
,937091,1440,0,858,0.05,-0.28,1.399,5.98,-9.61,5.84,
,937121,1442,0,986,0.07,-0.30,1.155,7.37,-27.93,6.33,R
,937131,1446,0,3857,0.04,-0.334,1.130,0.62,-2.34,9.7,R
,937161,1435,0,987,0.03,-0.33,1.050,11.57,-26.57,24.10,R
,937181,1444,0,4011,0.086,-0.370,1.048,1.49,-2.27,26.2,R
,937201,1435,0,4016,0.064,-0.36,1.033,16.97,-20.36,34.20,R
,937221,1454,0,4017,0.061,-0.378,1.053,8.91,-14.79,41.30,R
,937231,1451,0,859,0.03,-0.381,1.062,1.20,-16.69,42.10,R
,937261,1453,0,021,0.02,-0.37,1.064,20.44,-28.91,37.39,R
,937271,1456,0,3869,0.047,-0.38,1.060,19.22,-31.44,35.3,R
,937321,1442,0,3991,-0.083,-0.405,1.156,16.22,-19.34,41.79,R
,937361,1415,0,000,-0.27,-0.46,1.114,32.61,-31.01,3713,R
,937381,1404,0,021,-0.89,-0.49,1.032,28.03,-33.46,33.21,R
,937431,1148,0,856,-0.01,-0.40,0.604,40.64,-27.96,20.42,R
,937471,1137,0,3857,-0.025,-0.427,0.340,30.47,-21.09,15.70,R
,937481,1067,0,002,-0.46,-0.86,0.599,27.93,-1.58,3697,R
,937551,1217,0,857,0.05,-0.476,0.522,1.35,30.66,-2.7,R
,937561,1234,0,4006,0.09,-0.45,0.566,0.17,3431,-5.7,R
,937621,1349,0,998,-0.30,-0.42,0.927,-22.40,7.29,-3.28,R
,937661,1328,0,4021,-0.065,-0.465,1.067,-13.56,35.08,-32.36,R
,937681,1374,0,044,-0.054,-0.468,1.108,-7.21,20.94,-38.04,R
,937711,1421,0,3867,0.027,-0.434,1.046,2.50,-1.17,-43.98,R
,937731,1443,0,3858,0.063,-0.340,1.007,4.98,7.6,-46.36,R
,937741,1445,0,4080,0.075,-0.346,1.009,-15.67,11.35,-47.95,R
,937761,1450,0,032,0.03,-0.372,0.996,26.49,2.56,-49.25,R
,937771,1453,0,3854,0.02,-0.387,0.986,-22.08,-3.21,-50.94,R
,937781,1449,0,4016,0.12,-0.367,0.941,13.35,-.85,-52.03,R
,937791,1455,0,857,0.11,-0.29,0.852,-8.48,-7.96,-52.7,R
,937821,1359,0,4005,0.211,-0.244,0.656,-18.92,-8.98,-48.59,R
,937831,1367,0,858,0.29,-0.23,0.612,20.81,-9.76,-48.55,R
,937841,1364,0,4013,0.266,-0.229,0.562,-19.62,-9.05,-49.92,R
,937851,1386,0,3855,0.23,-0.250,0.522,-21.99,-4.45,-5386,R
,937861,1427,0,4016,0.124,-0.157,0.660,-24.34,-1.15,-40.82,R
,937871,1454,0,856,0.18,-0.02,0.872,-40.91,18.08,-3403,R
,937891,1456,0,858,0.09,-0.16,1.321,-55.90,4.21,6.8,R
,937901,1451,0,035,0.08,-0.18,1.579,-56.60,48.94,20.74,R
,937931,1374,0,855,-0.68,-0.28,1.866,-15.58,23.50,31.81,R
,937941,1392,0,047,-0.41,-0.22,1.853,-3.94,1.82,28.5,R
,937951,1392,0,856,0.002,-0.218,1.789,1.77,-2.39,25.90,R
,937961,1423,0,015,0.07,-0.232,1.660,4.30,-13.96,24.37,R
,937981,1425,0,015,0.15,-0.26,1.431,10.68,-29.70,28.31,R
,938001,1439,0,4027,0.140,-0.260,1.202,12.33,-30.45,29.52,R
,938011,1424,0,856,0.11,-0.32,1.164,2.47,-2.79,29.3,R
,938021,1410,0,016,0.19,-0.34,1.101,15.69,-28.27,29.93,R
,938031,1406,0,854,0.16,-0.34,1.075,12.88,-23.98,34.92,R
,938041,1402,0,031,0.15,-0.37,1.079,6.54,-21.06,38.29,R
,938051,1415,0,856,0.14,-0.414,1.088,7.70,-21.78,42.36,R
,938061,1418,0,062,0.15,-0.419,1.083,12.21,-22.91,45.44,R
,938091,1430,0,3856,0.124,-0.440,1.079,28.96,-31.15,42.07,R
,938101,1427,0,048,0.18,-0.43,1.081,0.22,-30.39,41.70,R
,938121,1439,0,4054,0.139,-0.432,1.069,20.06,-29.70,44.2,R
,938131,1434,0,851,0.12,-0.46,1.064,5.11,-29.96,47.6,R
,938151,1431,0,851,0.16,-0.522,1.132,3.51,-30.24,45.16,R
,938171,1433,0,856,0.15,-0.58,1.116,2.59,-34.94,40.43,R
,938201,1417,0,079,0.14,-0.652,1.096,2.36,-45.11,29.06,R
,938221,1415,0,4043,0.157,-0.665,1.011,-1.33,-45.17,21.1,R
,938251,1351,0,855,0.11,-0.67,0.850,29.38,-6.76,1.0,R
,938271,1264,0,849,0.14,-0.70,0.744,-50.36,-54.22,-17.51,R
,938291,1269,0,855,0.12,-0.71,0.677,55.00,-68.98,-3.76,R
,938321,1136,0,046,0.13,-0.59,0.520,-38.98,-78.31,-58.58,R
,938331,1168,0,854,0.05,-0.558,0.487,-31.75,-77.15,-60.70,R
,938361,924,0,447,-0.01,-0.42,0.469,-46.95,-57.34,-5.25,R
,938381,927,0,463,-0.08,-0.36,0.524,51.41,-7.47,-5.10,R
,938391,914,0,356,-0.08,-0.37,0.525,43.64,-40.13,-4.12,R
,938411,989,0,351,-0.01,-0.31,0.512,33.04,-29.49,-36.47,R
,938431,994,0,355,-0.04,-0.30,0.522,28.43,-1.43,-3.27,R
,938521,1255,0,017,0.17,-0.40,0.648,19.64,6.07,-10.0,R
,938541,1300,0,046,0.203,-0.420,0.656,-22.17,691,-11.8,R
,938581,1468,0,029,0.35,-0.451,0.662,-23.59,13.46,-4.36,R
,938601,1514,0,021,0.30,-0.465,0.675,-22.31,2.70,-5.4,R
,938611,1533,0,858,0.39,-0.510,0.707,-19.79,22.19,-1009,R
,938631,1515,0,861,0.437,-0.497,0.685,-9.82,3.8,-21.6,R
,938641,1509,0,009,0.46,-0.453,0.642,-12.14,2.08,-23.55,R
,938661,1506,0,989,0.49,-0.45,0.616,26.11,1.13,-1751,R
,938711,1488,0,856,0.44,-0.465,1.170,-25.35,27.28,-1311,R
,938721,1499,0,990,0.45,-0.445,1.330,-29.23,25.92,-4.4,R
,938731,1488,0,855,0.46,-0.43,1.483,35.12,24.18,3.8,R
,938761,1488,0,3983,0.431,-0.517,1.711,-6.13,1106,13.9,R
,938771,1479,0,3856,0.445,-0.496,1.687,4.99,9.46,15.36,
,938811,1474,0,856,0.524,-0.506,1.239,17.19,-2.62,14.4,R
,938821,1475,0,984,0.53,-0.509,1.139,25.67,-1.65,17.4,R
,938841,1473,0,002,0.56,-0.48,1.050,25.11,-15.81,18.22,R
,938861,1458,0,006,0.460,-0.489,0.994,4.47,-23.58,19.5,R
,938871,1454,0,3859,0.425,-0.48,0.996,21.89,-27.32,22.00,R
,938891,1454,0,855,0.403,-0.48,0.967,7.69,-34.77,29.1,R
,938921,1465,0,3995,0.403,-0.52,0.955,1.45,-37.12,36.9,R
,938951,1475,0,854,0.369,-0.488,0.947,9.83,-29.96,39.7,R
,938961,1473,0,975,0.34,-0.48,0.979,16.42,-32.98,41.94,R
,938971,1483,0,849,0.31,-0.49,0.975,13.28,-35.41,44.46,R
,938981,1479,0,048,0.31,-0.515,1.000,11.40,-3.98,44.0,R
,938991,1469,0,856,0.37,-0.537,1.021,8.82,-39.69,44.36,R
,939031,1456,0,857,0.25,-0.621,0.977,4.27,-48.02,31.1,R
,939041,1452,0,023,0.21,-0.612,0.908,30.68,-4.23,30.7,R
,939061,1456,0,016,0.22,-0.58,0.754,34.45,-46.08,29.8,R
,939071,1447,0,857,0.20,-0.591,0.687,29.35,-4.19,27.9,R
,939081,1439,0,045,0.27,-0.591,0.610,25.99,-40.45,24.31,R
,939091,1428,0,858,0.23,-0.605,0.522,23.11,-37.47,22.26,R
,939111,1379,0,856,0.28,-0.621,0.365,20.86,-28.98,18.84,R
,939141,1287,0,075,0.24,-0.62,0.159,26.33,-23.17,8.33,R
,939171,1227,0,857,0.35,-0.604,0.108,4.62,-15.41,1.64,R
,939191,1239,0,3856,0.268,-0.596,0.121,-21.24,343,0.25,R
,939211,1315,0,861,0.21,-0.652,0.344,-26.83,1.10,-8.15,R
,939231,1357,0,856,0.26,-0.69,0.492,-19.59,16.70,-4.4,R
,939271,1406,0,865,0.20,-0.64,0.639,-17.47,30.08,-9.2,R
,939281,1421,0,043,0.24,-0.664,0.690,20.65,29.17,-1313,R
,939311,1488,0,866,0.27,-0.681,0.726,-22.05,25.69,-20.84,R
,939321,1479,0,4016,0.342,-0.664,0.737,-20.14,24.42,-22.99,R
,939331,1473,0,855,0.31,-0.647,0.719,-19.67,25.66,-26.09,R
,939361,1526,0,4011,0.369,-0.60,0.683,-21.55,37.14,-26.71,R
,939371,1520,0,865,0.349,-0.588,0.697,28.33,38.31,-2859,R
,939381,1529,0,4023,0.381,-0.60,0.688,-31.30,35.96,-29.69,R
,939401,1535,0,984,0.365,-0.603,0.710,37.55,25.40,-3366,R
,939461,1594,0,993,0.43,-0.518,0.633,-36.52,2.31,-3076,R
,939501,1614,0,984,0.57,-0.396,0.633,-35.46,1.73,-3978,R
,939511,1631,0,878,0.56,-0.484,0.599,33.49,9.60,-38.4,R
,939541,1643,0,984,0.412,-0.463,0.859,36.08,38.94,-2595,R
,939571,1622,0,867,0.347,-0.45,1.377,-32.11,37.89,-8.12,R
,939601,1606,0,979,0.34,-0.473,1.659,-10.92,26.24,13.07,R
,939621,1598,0,3997,0.38,-0.48,1.613,7.63,13.49,17.35,R
,939631,1593,0,872,0.406,-0.487,1.450,12.76,7.08,20.31,R
,939651,1602,0,873,0.471,-0.503,1.232,24.90,-1.70,16.05,R
,939661,1601,0,3984,0.502,-0.50,1.119,2.51,-15.17,17.5,R
,939681,1584,0,986,0.40,-0.488,0.966,33.98,-1.81,20.2,R
,939691,1584,0,3879,0.487,-0.489,0.923,1.58,-12.21,26.5,R
,939711,1563,0,880,0.48,-0.518,0.922,21.28,-2.10,32.1,R
,939771,1557,0,870,0.47,-0.589,0.879,33.83,-28.95,36.7,R
,939781,1567,0,015,0.37,-0.589,0.876,31.52,-26.24,39.42,R
,939791,1568,0,3867,0.379,-0.58,0.876,7.69,-24.65,43.1,R
,939831,1535,0,865,0.33,-0.720,0.921,7.98,-40.51,41.4,R
,939851,1557,0,3871,0.508,-0.675,0.861,2.93,-4.89,23.09,R
,939891,1531,0,3859,0.375,-0.828,0.741,5.95,-3.35,18.95,R
,939971,1426,0,3861,0.275,-0.79,0.342,-21.49,-35.90,-2.64,R
,940191,1488,0,866,0.20,-0.506,0.521,-25.35,31.08,-2.9,R
,940431,1600,0,865,0.35,-0.63,1.522,-22.37,37.26,-0.4,R
,940441,1599,0,990,0.37,-0.668,1.589,15.68,28.68,1.3,R
,940581,1610,0,050,0.49,-0.60,0.866,21.74,-23.05,12.80,R
,940621,1593,0,4044,0.434,-0.607,0.863,24.85,-2.76,13.68,R
,940701,1581,0,4039,0.243,-0.63,0.846,3.26,-33.27,8.98,R
,940781,1456,0,4045,0.212,-0.72,0.468,15.11,-18.50,2.2,R
,940981,1529,0,3997,0.364,-0.643,0.598,-28.34,38.07,-2902,R
,941121,1573,0,988,0.42,-0.493,0.643,-20.97,2.06,-4662,R
,941161,1559,0,3989,0.419,-0.408,0.591,-28.92,32.11,-2943,R
,941351,1569,0,3887,0.494,-0.610,1.126,42.30,-955,38.10,R
,941441,1535,0,3991,0.498,-0.766,0.990,2.50,-38.94,43.62,R
,941491,1479,0,3894,0.54,-0.885,0.957,2.47,-5.30,24.7,R
,941511,1497,0,3888,0.508,-0.913,0.886,17.57,-53.15,17.5,R
,941521,1475,0,990,0.471,-0.920,0.869,12.91,-49.29,14.29,R
,941581,1461,0,973,0.408,-0.966,0.676,-31.09,-57.73,-1.77,R
,941751,1436,0,3880,0.300,-0.455,0.238,-59.14,-35.15,-3.49,R
,941851,1570,0,3862,0.401,-0.544,0.339,-48.98,-2.48,-5.2,R
,941871,1584,0,3878,0.449,-0.572,0.385,-49.65,-6.86,-1070,R
,941921,1599,0,974,0.47,-0.577,0.407,-29.72,31.63,2.23,R
,942051,1660,0,3885,0.680,-0.615,0.255,25.67,35.57,-1641,R
,942071,1652,0,3863,0.707,-0.622,0.390,-28.28,2.81,-1949,R
,942101,1681,0,3984,0.695,-0.657,0.610,-29.52,30.11,-18.03,R
,942111,1679,0,3885,0.694,-0.606,0.776,-33.87,34.73,-1470,R
,942241,1649,0,3978,0.74,-0.608,0.612,31.99,-17.05,19.3,R
,942331,1599,0,887,0.600,-0.641,0.588,34.82,-26.50,42.0,R
,942471,1555,0,3879,0.379,-0.829,0.476,3.08,-47.09,39.1,R
,942481,1535,0,3982,0.384,-0.835,0.372,44.50,-45.55,38.0,R
,942501,1519,0,981,0.355,-0.841,0.190,44.96,-39.64,32.25,R
,942531,1553,0,884,0.32,-0.854,-0.016,35.11,-43.30,2304,R
,942601,1521,0,979,0.45,-0.956,-0.203,0.91,0.33,6.19,J942611bºbrbjºbjrbrbjrbjrbR
,942631,1525,0,3887,0.390,-0.832,0.041,21.67,9.40,-2.76,R
,942681,1497,0,3974,0.404,-0.858,0.307,-19.87,14.48,-6.32,R
,942691,1504,0,3882,0.48,-0.881,0.327,-18.51,14.31,-9.3,R
,942711,1520,0,3882,0.46,-0.864,0.374,-12.75,15.14,-1554,R
,942831,1595,0,3886,0.516,-0.748,0.372,-15.99,36.22,-1667,R
,942851,1606,0,3877,0.499,-0.755,0.337,21.58,28.91,-2406,R
,942861,1607,0,3971,0.582,-0.748,0.351,22.33,1.93,-25.61,R
,942921,1649,0,3970,0.535,-0.785,0.421,-31.14,28.44,-2493,R
,942931,1687,0,3875,0.556,-0.726,0.458,-31.50,3.74,-25.93,R
,942941,1691,0,973,0.54,-0.724,0.494,-30.23,29.70,-2745,R
,942961,1695,0,3955,0.567,-0.736,0.553,-26.36,1.95,-3725,R
,943001,1667,0,3973,0.62,-0.636,0.622,-20.23,7.89,-38.2,R
,943041,1680,0,959,0.562,-0.644,1.021,-14.69,19.75,-1438,R
,943111,1633,0,3879,0.646,-0.646,0.836,8.51,-2.25,8.72,R
,943131,1611,0,3886,0.62,-0.621,0.709,27.60,-26.02,11.7,R
,943371,1607,0,3875,0.510,-0.76,0.517,9.77,-1.06,35.07,R
,943411,1591,0,3883,0.514,-0.72,0.514,8.35,-2.67,36.72,R
,943471,1583,0,3882,0.465,-0.74,0.518,24.44,-14.63,43.3,R
,943551,1611,0,882,0.487,-0.80,0.518,21.51,-29.63,34.3,R
,943651,1587,0,881,0.369,-0.834,0.470,19.93,-38.34,19.0,R
,943671,1584,0,3882,0.34,-0.828,0.418,2.86,-2.39,12.0,R
,943691,1573,0,885,0.33,-0.843,0.363,25.64,-28.19,5.1,R
,943811,1313,0,3875,0.346,-0.81,0.021,6.25,-1.09,-3.3,R
,943831,1345,0,877,0.34,-0.832,0.068,-3.87,-0.56,-1.8,R
,943861,1427,0,3978,0.364,-0.85,0.189,2.66,36.08,1.70,R
,944031,1562,0,3882,0.406,-0.78,0.392,-9.87,31.93,-26.76,R
,944091,1584,0,3888,0.522,-0.838,0.382,-18.11,19.64,-3551,R
,944101,1584,0,3951,0.579,-0.75,0.415,20.22,15.31,-36.24,R
,944111,1595,0,888,0.56,-0.79,0.383,19.33,1.40,-3729,R
,944231,1654,0,3873,0.589,-0.767,1.253,-18.69,-4.53,-2077,R
,944251,1664,0,888,0.52,-0.72,1.315,5.93,-10.60,-16.76,R
,944281,1652,0,3955,0.579,-0.694,0.991,6.57,-13.18,-2.09,R
,944331,1643,0,3893,0.50,-0.63,0.751,27.86,-37.85,-0.84,R
,944581,1450,0,3945,0.351,-0.821,0.123,29.89,-43.12,8.4,R
,944651,1370,0,3891,0.434,-0.911,-0.203,-6.62,-.92,-7.7,R
,944661,1343,0,3936,0.409,-0.901,-0.188,-9.04,3.11,-7.4,R
,944801,1531,0,3908,0.431,-0.804,0.333,-29.00,37.21,-3873,R
,945141,1605,0,3911,0.822,-0.516,0.778,19.67,-27.18,1.1,R
,945181,1602,0,3906,0.732,-0.508,0.644,31.57,-2.96,3.4,R
,945291,1573,0,3903,0.488,-0.606,0.585,44.27,-35.99,20.04,R
,945331,1489,0,3908,0.407,-0.602,0.491,7.77,-3.02,15.9,R
,945341,1467,0,3905,0.416,-0.567,0.421,59.02,-37.73,15.38,R
,945361,1486,0,905,0.30,-0.57,0.298,1.45,-3.96,25.6,R
,945611,1393,0,902,0.54,-0.922,0.600,2.47,45.66,-15.0,R
,945641,1414,0,3899,0.467,-0.824,0.584,0.85,56.54,-21.0,R
,945651,1424,0,3904,0.49,-0.775,0.598,-3.12,62.88,-20.2,R
,945661,1481,0,3913,0.429,-0.742,0.606,-7.41,67.41,-20.47,R
,945701,1401,0,3913,0.431,-0.721,0.663,-33.24,3.82,-32.84,R
,945791,1568,0,907,0.627,-0.659,0.487,-35.61,1.04,-37.16,R
,945801,1566,0,3920,0.637,-0.633,0.451,-44.22,-5.09,-43.63,R
,945881,1646,0,892,0.57,-0.568,1.201,-29.17,5.61,-25.9,R
,945891,1658,0,3910,0.59,-0.507,1.281,-24.54,10.50,-1673,R
,946011,1627,0,3910,0.605,-0.537,0.897,9.60,-4.87,11.7,R
,946021,1629,0,3900,0.54,-0.481,0.854,25.64,-36.80,17.76,R
,946121,1645,0,3905,0.424,-0.630,0.814,13.80,-4.76,46.14,R
,946141,1642,0,3906,0.438,-0.67,0.833,4.90,-54.82,38.2,R
,946161,1619,0,3909,0.396,-0.668,0.820,7.05,-5.49,31.99,R
,946201,1580,0,3904,0.39,-0.727,0.724,19.41,-58.54,30.6,R
,946311,1447,0,3917,0.355,-0.726,0.032,-9.10,-3.50,15.7,R
,946351,1407,0,3909,0.30,-0.776,-0.022,-10.86,-7.53,7.8,R
,946361,1335,0,3909,0.397,-0.805,0.072,9.99,2.4,3.85,
,946411,1376,0,3918,0.284,-0.682,0.277,19.17,4.82,14.62,R
,946431,1406,0,3917,0.287,-0.70,0.389,23.30,4.80,13.87,R
,946511,1461,0,3918,0.371,-0.732,0.550,16.26,5.57,5.2,R
,946561,1495,0,3893,0.410,-0.810,0.559,-19.43,3.15,-9.1,R
,946571,1471,0,3910,0.436,-0.779,0.525,-17.97,3.69,-9.0,R
,946591,1456,0,917,0.44,-0.744,0.485,-19.18,43.64,-9.4,R
,946611,1459,0,3911,0.449,-0.77,0.484,21.97,3.63,-19.05,R
,946691,1571,0,3917,0.531,-0.741,0.807,39.81,4.57,-27.25,R
,946711,1579,0,3924,0.45,-0.706,1.104,-29.65,4.31,-2244,R
,946721,1580,0,3885,0.422,-0.716,1.264,-30.89,36.42,-1358,R
,946811,1630,0,3925,0.46,-0.632,1.039,9.63,-2.11,0.71,R
,946851,1626,0,3922,0.408,-0.57,0.859,2.28,-3.37,-3.46,R
,946871,1597,0,3933,0.373,-0.59,0.786,9.25,-36.31,6.04,R
,946891,1580,0,3923,0.363,-0.60,0.776,3.20,-43.21,9.81,R
,946911,1562,0,3925,0.38,-0.603,0.727,5.20,-3.21,14.5,R
,946921,1573,0,3883,0.321,-0.59,0.710,34.09,-33.95,19.5,R
,946931,1535,0,933,0.31,-0.597,0.713,28.67,-29.84,22.2,R
,946991,1499,0,3929,0.217,-0.706,0.594,9.23,-5.30,18.54,R
,947051,1435,0,3934,0.095,-0.83,0.360,0.88,-1.92,15.99,R
,947081,1458,0,3886,0.224,-0.64,0.187,2.15,3.06,22.26,R
,947101,1410,0,866,0.35,-0.55,0.012,55.46,17.14,24.87,R
,947111,1399,0,3925,0.121,-0.641,0.177,55.66,19.49,26.04,R
,947161,1419,0,887,0.33,-0.77,0.152,7.61,46.48,22.75,R
,947191,1441,0,920,0.29,-0.68,0.349,7.78,5677,11.5,R
,947371,1497,0,3921,0.20,-0.586,0.840,3.31,40.5,-29.4,R
,947381,1501,0,883,0.29,-0.56,0.813,5.31,50.42,-26.74,R
,947441,1513,0,3885,0.292,-0.46,0.778,-6.74,30.47,-30.93,R
,947511,1535,0,920,0.335,-0.54,1.005,-9.39,30.56,-32.19,R
,947581,1511,0,3885,0.298,-0.47,1.745,.30,2.24,-9.03,R
,947761,1535,0,3885,0.252,-0.46,0.987,7.84,-3.65,35.6,R
,947791,1521,0,3935,0.241,-0.521,1.015,15.61,-42.60,30.77,R
,947901,1488,0,3885,0.101,-0.517,0.787,29.60,-45.44,25.38,R
,947911,1485,0,3926,0.062,-0.582,0.743,36.51,-43.70,24.07,R
,947941,1482,0,3888,-0.134,-0.675,0.791,44.59,-3.58,1929,R
,948031,1232,0,3929,0.182,-0.607,0.295,1.66,-1224,-7.1,R
,948071,1339,0,3933,0.15,-0.590,0.503,3.86,6.63,-17.17,!5
,948081,1341,0,3878,0.180,-0.550,0.518,-5.39,2070,-16.8,R
,948231,1424,0,3932,0.182,-0.470,0.791,-24.63,5.24,-2879,R
,948321,1535,0,3888,0.436,-0.476,0.723,-28.57,20.24,-39.63,R
,948331,1553,0,3931,0.46,-0.510,0.728,-31.29,20.25,-40.12,R
,948381,1535,0,3869,0.448,-0.270,1.306,-56.54,3.82,-5195,R
,948401,1535,0,3875,0.321,-0.587,1.437,-37.32,6.60,-34.45,R
,948481,1535,0,3879,0.414,-0.336,1.312,-5.75,-8.94,-5.80,R
,948491,1534,0,943,0.463,-0.350,1.358,-6.57,-1.81,-8.1,R
,948771,1558,0,948,0.04,-0.382,0.475,77.80,1.73,59.35,R
,949011,1446,0,3946,0.117,-0.556,0.896,5.21,6842,-44.4,R
,949041,1503,0,3874,0.075,-0.47,0.921,14.63,8.67,-4393,R
,949121,1514,0,882,0.153,-0.418,0.764,-37.20,2.47,-7053,R
,949131,1526,0,4010,0.19,-0.42,0.746,-42.39,2.42,-6580,R
,949151,1535,0,3971,0.29,-0.41,0.737,-39.85,2.24,-5899,R
,949231,1462,0,3959,0.183,-0.135,1.279,61.65,5.57,-6029,R
,949321,1104,0,3867,0.087,-0.197,1.686,-16.77,-15.87,-1.26,R
,949341,1104,0,3866,0.19,-0.23,1.472,4.78,-3.50,-0.5,R
,949461,1035,0,3862,0.129,-0.376,1.010,9.26,-11.56,50.52,R
,949541,1383,0,875,0.034,-0.696,0.975,16.35,-3.92,47.9,R
,949661,1335,0,3862,0.00,-0.49,0.357,20.70,-1.76,21.9,R
,949841,1378,0,3860,-0.81,-0.521,0.856,-21.27,4.82,-1.51,R
,949931,1488,0,3953,-0.06,-0.58,0.837,-18.65,0.48,-2.26,R
,949961,1447,0,3868,0.005,-0.50,0.822,-16.17,3.66,-2113,R
,950061,1247,0,3864,0.07,-0.42,1.353,-39.29,3.97,-1566,R
,950121,1346,0,862,0.017,-0.418,1.591,5.16,11.6,7.82,
,950251,1457,0,997,-0.007,-0.476,1.132,24.61,-32.43,26.07,R
,950271,1457,0,3990,-0.27,-0.464,1.126,29.35,-7.61,3007,R
,950281,1466,0,3864,-0.057,-0.45,1.107,22.90,-5.53,3414,R
,950311,1469,0,3998,-0.90,-0.48,1.078,13.29,-2.36,3662,R
,950361,1414,0,3863,-0.71,-0.478,1.040,39.43,-9.08,2359,R
,950481,1233,0,3874,-0.21,-0.511,0.426,30.13,-7.24,2782,R
,950491,1215,0,3995,-0.70,-0.50,0.372,28.01,-34.47,24.40,R
,950541,1181,0,3861,-0.043,-0.532,0.364,-4.37,-.33,-0.24,R
,950631,1203,0,4004,-0.078,-0.521,0.681,-25.82,5.11,-2.08,R
,950771,1335,0,3987,-0.037,-0.454,0.859,-20.51,5.02,-4.25,R
,950811,1344,0,3979,0.039,-0.454,0.799,-18.71,355,-49.0,R
,950871,1317,0,4003,0.148,-0.375,0.990,-1.14,8.1,-52.4,R
,950941,797,0,3862,-0.015,-0.405,1.800,-23.09,1.37,-0.6,R
,951001,1131,0,3862,0.137,-0.317,1.316,9.78,-1669,5.55,R
,951081,1137,0,3864,0.034,-0.388,1.105,18.13,-3.03,20.1,R
,951091,1130,0,3985,0.04,-0.360,1.100,22.19,-28.77,26.10,R
,951331,1296,0,3953,0.057,-0.51,0.277,48.12,-26.14,30.46,R
,951601,1216,0,3849,-0.025,-0.43,0.838,-13.26,1.20,-31.13,R
,951691,1225,0,4055,0.053,-0.354,1.071,23.00,3.80,-2218,R
,951761,1273,0,858,-0.033,-0.35,1.632,-13.62,17.92,-15.72,R
,951851,1307,0,006,0.082,-0.34,1.172,12.21,-21.85,3.7,R
,951871,1303,0,3999,0.091,-0.373,1.151,3.69,-2.96,7.4,R
,951881,1302,0,3854,0.074,-0.385,1.136,5.66,-2.88,9.7,R
,951941,1270,0,862,0.06,-0.379,1.104,14.09,-2.05,25.1,R
,951981,1178,0,861,-0.31,-0.385,1.163,18.77,-23.41,33.18,R
,952141,1184,0,3858,0.031,-0.45,0.426,3.38,-3.79,14.6,R
,952171,1088,0,043,0.069,-0.436,0.357,17.86,-1.14,11.4,R
,952201,1131,0,858,0.028,-0.450,0.351,1.00,3.7,0.87,
,952241,1072,0,3853,-0.10,-0.463,0.558,0.33,23.73,-11.63,R
,952371,1211,0,4033,-0.002,-0.33,0.864,-23.07,4.59,-36.13,R
,952421,1264,0,3852,0.019,-0.396,0.828,15.72,2.32,-3590,R
,952441,1200,0,3859,0.050,-0.370,0.821,21.41,4.65,-3181,R
,952491,1238,0,4067,0.042,-0.42,0.797,-32.25,2.26,-45.75,R
,952541,1179,0,853,-0.045,-0.451,1.198,-33.03,57.61,-36.19,R
,952681,1190,0,3855,0.132,-0.31,1.239,13.40,-3.52,1.3,R
,952751,1293,0,4022,0.056,-0.33,1.128,21.61,-4.34,21.4,R
,952951,1102,0,4046,-0.05,-0.308,0.551,34.39,-35.61,19.38,R
,952971,1167,0,4051,-0.05,-0.385,0.425,31.87,-8.85,7.45,R
,953021,1122,0,3856,0.07,-0.505,0.347,10.67,-0.54,-8.27,R
,953131,1141,0,092,-0.027,-0.545,0.954,-19.44,16.13,-26.19,R
,953241,1225,0,3856,0.063,-0.437,0.960,29.47,17.38,-37.66,R
,953291,1200,0,4064,0.10,-0.384,0.790,-35.47,3.59,-3668,R
,953351,1259,0,4065,0.11,-0.336,1.111,43.36,34.15,-3480,R
,953471,1247,0,4074,0.11,-0.275,1.361,20.39,-4.18,2.0,R
,953541,1242,0,3863,0.05,-0.287,1.084,28.19,-23.69,35.26,R
,953651,1216,0,044,-0.088,-0.40,1.138,16.74,-8.53,4889,R
,953661,1209,0,851,-0.063,-0.48,1.092,23.20,-8.72,49.29,R
,953721,1168,0,856,-0.83,-0.47,0.765,44.47,-1.46,3052,R
,953761,1243,0,3853,-0.042,-0.460,0.562,38.93,-3.35,1062,R
,953771,1253,0,4095,0.036,-0.478,0.508,41.46,-7.35,8.3,R
,953811,1115,0,4067,0.056,-0.470,0.394,39.40,-1.03,15.36,R
,953891,1207,0,4059,0.128,-0.449,0.454,-1.38,4.6,-18.55,R
,953991,944,0,4067,0.065,-0.428,0.900,-9.23,34.56,-25.52,R
,954001,1083,0,3856,0.085,-0.434,0.918,-27.93,4.11,-2293,R
,954011,1093,0,091,0.111,-0.428,0.890,20.07,41.72,-21.61,R
,954081,1297,0,3856,0.244,-0.392,0.820,-39.18,-.01,-41.11,R
,954181,1213,0,868,0.224,-0.271,1.457,42.07,3.22,-17.05,R
,954241,1242,0,857,0.167,-0.229,1.707,.71,-5.58,-7.05,!5
,954281,1238,0,3867,0.226,-0.218,1.362,3.25,-23.52,5.53,R
,954331,1249,0,3990,0.200,-0.199,1.145,5.00,-37.52,18.1,R
,954391,1266,0,4015,0.186,-0.272,1.104,28.15,-3.69,41.4,R
,954501,1226,0,855,0.103,-0.40,0.947,40.13,-5.40,40.9,R
,954701,1223,0,3859,0.073,-0.496,0.696,26.59,2.80,-22.67,R
,954711,1229,0,4067,0.042,-0.50,0.739,-23.18,20.04,-2137,R
,954721,1233,0,3861,0.058,-0.486,0.752,17.64,2.53,-1847,R
,954731,1232,0,063,0.109,-0.462,0.761,-10.77,26.73,-19.17,R
,954761,1266,0,3863,0.116,-0.388,0.789,17.15,3.52,-3058,R
,954941,1349,0,3859,0.359,-0.271,0.926,-47.73,41.26,-44.79,R
,955191,1313,0,4039,0.10,-0.311,1.040,26.32,-1.08,41.9,R
,955231,1243,0,4019,0.159,-0.349,1.064,27.22,-4.19,39.9,R
,955241,1269,0,3870,0.120,-0.399,1.114,29.03,-47.79,38.02,R
,955281,1239,0,864,0.14,-0.379,1.016,42.42,-3.31,38.0,R
,955331,1136,0,031,0.29,-0.476,0.598,6.10,-2.79,15.9,R
,955401,1059,0,862,0.158,-0.580,0.325,12.21,1.4,15.53,R
,955421,1037,0,3866,0.121,-0.59,0.374,2.54,7.5,1.75,R
,955441,1023,0,870,0.072,-0.625,0.540,-2.20,6.1,-8.79,R
,955641,1194,0,871,0.17,-0.388,0.779,-16.34,35.84,-4435,R
,955831,1262,0,039,0.007,-0.300,1.556,-7.73,3317,4.37,R
,955861,1286,0,862,0.086,-0.32,1.314,2.18,-2.65,1.21,
,955901,1287,0,869,0.130,-0.327,1.103,9.92,-8.1,6.89,
,955911,1289,0,4032,0.06,-0.315,1.065,.37,-1254,6.08,R
,955971,1239,0,4022,0.01,-0.428,1.073,16.86,-14.04,21.5,R
,956171,1172,0,4047,-0.110,-0.40,0.819,44.25,-3.70,2872,R
,956201,1118,0,3862,-0.088,-0.48,0.607,46.74,509,22.4,R
,956281,1142,0,3869,-0.92,-0.593,0.393,3.14,2494,-4.6,R
,956291,1138,0,4047,0.04,-0.665,0.499,1.77,28.2,-10.39,R
,956311,1137,0,4037,-0.008,-0.52,0.522,17.19,2.92,-6.7,R
,956321,1139,0,861,0.013,-0.50,0.531,13.08,3364,-9.9,R
,956421,1319,0,3869,-0.66,-0.456,0.963,-31.44,4.66,-29.86,R
,956521,1328,0,3860,0.15,-0.42,0.892,-20.68,1.99,-4430,R
,956561,1359,0,3856,0.13,-0.298,0.660,-23.38,-.60,-52.35,R
,956621,1370,0,3870,-0.61,-0.249,1.163,-18.95,3.84,-26.70,R
,956641,1349,0,3863,-0.56,-0.096,1.437,-30.78,7.73,-1.88,R
,956661,1347,0,3861,-0.27,-0.129,1.772,-34.13,.21,12.11,R
,956741,1322,0,3871,0.12,-0.301,1.286,26.59,-3.68,32.11,R
,956871,1340,0,059,0.018,-0.41,1.121,34.41,-3.11,46.6,R
,956961,1343,0,3861,-0.19,-0.578,1.106,34.42,-8.31,5549,R
,956971,1327,0,4095,-0.27,-0.530,1.040,33.23,-7.23,5155,R
,957031,1330,0,4095,0.046,-0.544,0.342,27.70,-5.56,26.3,R
,957221,1187,0,3869,0.038,-0.506,0.823,30.25,29.93,-21.89,R
,957311,1232,0,4011,0.251,-0.742,0.929,35.82,8.95,-37.43,R
,957401,1380,0,3867,0.411,-0.815,1.184,-59.84,-5.95,-9.00,R
,957551,1397,0,4062,0.040,-0.112,1.144,-6.10,-5.23,-9.0,R
,957581,1405,0,3851,0.110,-0.167,0.972,-9.41,-5.36,21.8,R
,957621,1414,0,3871,0.137,-0.240,0.868,1.37,-5184,50.7,R
,957711,1344,0,026,0.250,-0.54,0.960,5.38,-37.56,68.9,R
,957751,1330,0,4034,0.188,-0.66,1.012,2.67,-49.69,53.97,R
,957781,1345,0,3867,0.119,-0.683,0.879,36.32,-5.95,42.6,R
,957791,1354,0,4051,0.146,-0.679,0.800,4.10,-5.63,41.2,R
,957851,1232,0,041,0.13,-0.605,0.250,47.60,-3.86,37.4,R
,958041,1250,0,3866,0.186,-0.73,0.686,8.72,28.82,-19.46,R
,958131,1330,0,4010,0.234,-0.64,0.733,21.36,19.76,-30.68,R
,958441,1374,0,3876,0.331,-0.55,1.017,2.79,-41.46,21.96,R
,958531,1394,0,004,0.20,-0.568,1.040,15.02,-44.05,33.55,R
,958561,1435,0,3884,0.126,-0.61,1.086,6.70,-40.71,31.29,R
,958631,1244,0,4023,0.041,-0.60,0.479,1.29,-2.09,28.7,R
,958661,1157,0,3874,0.124,-0.66,0.239,9.64,-2.89,23.3,R
,958701,1168,0,3876,0.190,-0.607,0.074,1.12,-947,18.6,R
,9587411198,0,3869,0.171,-0.677,0.211,3.63,7.84,-4.18,JH958751,bbʺbrbjrbrbrrbjbR
,958861,1328,0,871,0.22,-0.724,0.737,-9.70,34.30,-13.46,R
,958901,1338,0,874,0.36,-0.738,0.778,24.51,30.91,-3276,R
,959001,1420,0,3884,0.61,-0.978,0.939,67.01,-8.79,-64.97,R
,959021,1453,0,882,0.72,-0.87,0.997,78.62,-7.46,-83.28,R
,959071,1443,0,3983,0.487,-0.79,1.359,78.77,-1.32,-99.46,R
,959101,1422,0,875,0.41,-0.531,1.527,51.47,-33.30,-99.28,R
,959121,1463,0,3879,0.311,-0.34,1.457,46.54,-2.97,-80.91,R
,959131,1470,0,3968,0.21,-0.290,1.444,-40.92,-33.72,-6.97,R
,959171,1398,0,3993,0.240,-0.20,1.138,28.65,-1.38,-3.37,R
,959251,1424,0,3984,0.36,-0.299,0.763,0.98,-5.65,26.89,R
,959271,1411,0,972,0.47,-0.377,0.738,.77,-50.33,36.55,R
,959301,1426,0,870,0.422,-0.474,0.708,0.68,-4.16,42.54,R
,959351,1389,0,979,0.419,-0.565,0.681,17.45,-38.13,42.63,R
,959361,1377,0,878,0.409,-0.591,0.686,18.04,-39.24,38.58,R
,959411,1306,0,970,0.320,-0.662,0.618,18.65,-3.48,29.6,R
,959421,1307,0,3874,0.303,-0.678,0.578,5.92,-3.01,28.51,R
,959441,1258,0,870,0.301,-0.671,0.438,8.61,-37.53,28.66,R
,959451,1273,0,984,0.280,-0.646,0.350,9.89,-3.52,29.59,R
,959471,1267,0,3991,0.39,-0.64,0.174,0.41,-4.84,26.8,R
,959641,1317,0,3865,0.426,-0.81,0.460,14.62,3.80,-9.7,R
,959791,1485,0,3974,0.52,-0.641,0.485,21.97,1.97,-2117,R
,959811,1495,0,971,0.546,-0.669,0.486,-23.18,444,-25.8,R
,959821,1498,0,868,0.565,-0.643,0.481,-20.37,-0.50,-2694,R
,959841,1503,0,873,0.580,-0.616,0.495,23.55,073,-28.76,R
,959911,1535,0,3973,0.48,-0.622,1.142,21.41,1.02,-9.8,R
,959961,1521,0,3874,0.56,-0.611,1.423,5.43,-079,15.75,R
,959981,1447,0,876,0.556,-0.579,1.082,.89,-9.8,24.84,R
,959991,1456,0,984,0.621,-0.687,1.158,9.34,-18.63,18.0,R
,960021,1486,0,870,0.582,-0.621,0.846,5.83,-28.72,19.99,R
,960201,1460,0,872,0.260,-0.756,0.635,1.38,-4.53,31.7,R
,960221,1472,0,872,0.265,-0.728,0.493,5.12,-4.22,23.38,R
,960281,1415,0,874,0.270,-0.728,0.078,7.19,-3.96,17.2,R
,960511,1419,0,978,0.418,-0.824,0.561,16.26,4.43,-1490,R
,960521,1451,0,3872,0.472,-0.861,0.588,23.44,35.69,-20.91,R
,960551,1483,0,979,0.502,-0.864,0.549,26.65,2.41,-2644,R
,960561,1503,0,879,0.529,-0.861,0.566,28.83,3.55,-2432,R
,960591,1535,0,975,0.582,-0.904,0.614,40.59,3.24,-2824,R
,960641,1581,0,3877,0.686,-1.055,0.698,54.65,-.08,-5961,R
,960681,1600,0,3880,0.747,-0.953,0.868,60.16,-0.02,-8.41,R
,960691,1623,0,3968,0.690,-0.90,0.909,-60.63,-7.75,-8377,R
,960771,1606,0,983,0.403,-0.454,1.026,26.13,-7.61,-5.31,R
,960791,1584,0,966,0.418,-0.454,0.875,26.91,-7.64,-3.89,R
,960811,1601,0,978,0.403,-0.397,0.765,19.44,-0.36,-2.08,R
,960821,1591,0,3879,0.433,-0.420,0.746,10.02,-1.17,-16.53,R
,960861,1616,0,3879,0.439,-0.389,0.535,3.65,-4.31,12.10,R
,960871,1621,0,971,0.466,-0.417,0.509,6.62,-4.22,17.7,R
,961021,1520,0,3869,0.428,-0.725,0.416,6.30,-4.38,30.8,R
,961031,1491,0,3974,0.443,-0.743,0.315,8.77,-43.11,27.61,R
,961081,1405,0,3877,0.437,-0.75,-0.033,31.75,-23.55,24.84,R
,961221,1419,0,3875,0.503,-0.814,0.033,7.15,4958,-3.2,R
,961301,1520,0,3872,0.501,-0.78,0.275,6.57,3515,-13.67,R
,961331,1584,0,3955,0.593,-0.73,0.251,12.78,3.35,-2387,R
,961341,1595,0,3871,0.581,-0.71,0.249,-17.43,31.79,-27.63,R
,961371,1612,0,3964,0.561,-0.70,0.250,13.76,2.67,-35.19,R
,961491,1653,0,3952,0.673,-0.72,1.093,23.50,3.84,-11.67,R
,961531,1589,0,3952,0.737,-0.76,1.406,0.55,1.26,1.18,R
,961561,1593,0,3881,0.702,-0.60,0.918,.69,2.2,8.95,R
,961581,1585,0,3876,0.695,-0.739,0.808,2.16,-1.47,12.9,R
,961611,1597,0,3952,0.599,-0.626,0.559,5.41,-1.61,10.3,R
,961691,1597,0,3965,0.552,-0.67,0.419,4.38,-1.51,36.7,R
,961701,1587,0,3878,0.51,-0.674,0.457,0.85,-20.82,38.28,R
,961721,1588,0,3874,0.547,-0.72,0.426,.09,-1599,44.9,R
,961771,1584,0,3943,0.481,-0.75,0.511,1.32,-2.58,36.7,R
,961781,1584,0,3873,0.43,-0.74,0.524,.28,-2315,35.7,R
,961791,1599,0,3954,0.51,-0.76,0.521,.90,-2569,35.81,R
,961891,1615,0,3955,0.507,-0.81,0.523,2.88,-3.47,33.3,R
,961921,1637,0,3874,0.48,-0.759,0.566,5.51,-15.81,32.63,R
,961951,1552,0,3967,0.42,-0.798,0.606,.66,-2792,32.98,R
,961961,1559,0,3875,0.427,-0.791,0.608,5.09,-33.52,33.90,R
,961991,1564,0,3975,0.47,-0.814,0.595,3.02,-33.79,30.92,R
,962011,1559,0,3967,0.409,-0.81,0.557,8.13,-2.16,26.9,R
,962031,1601,0,3979,0.369,-0.817,0.500,3.25,-11.34,32.87,R
,962051,1586,0,3974,0.38,-0.792,0.392,7.83,3.8,49.76,R
,962071,1568,0,3972,0.301,-0.81,0.296,3.37,1789,62.48,R
,962171,1343,0,3979,0.34,-0.95,0.006,02.30,302,-14.5,R
,962191,1399,0,3990,0.21,-0.961,0.079,116.38,25.72,-18.55,R
,962281,1339,0,3879,0.18,-0.690,0.403,01.22,5.47,-77.98,R
,962351,1339,0,3986,0.15,-0.480,0.669,02.70,82.65,-94.12,R
,962391,1328,0,3983,0.05,-0.360,0.870,6.57,8340,-99.31,R
,962441,1319,0,3880,0.12,-0.161,0.933,4.22,74.36,-101.02,R
,962451,1328,0,3984,0.12,-0.154,0.967,3.23,82.10,-101.98,R
,962521,1317,0,3882,0.17,-0.07,1.068,2.53,7815,-98.38,R
,962541,1319,0,3881,0.11,-0.034,1.095,8.21,71.11,-97.45,R
,962551,1329,0,3990,0.150,-0.02,1.096,4.39,7140,-96.8,R
,962581,1327,0,879,0.15,0.064,1.158,4.96,75.8,-92.5,R
,962621,1319,0,3886,0.00,0.095,1.296,2.13,49.0,-91.1,R
,962691,1327,0,3973,0.17,0.120,1.219,464,26.7,-61.35,R
,962721,1329,0,3879,0.04,0.121,1.223,-.20,20.1,-52.13,R
,962741,1328,0,3878,0.04,0.097,1.239,-0.46,1.05,-54.84,R
,962751,1334,0,3978,0.02,0.075,1.241,-3.41,-572,-54.16,R
,962841,1297,0,3884,0.03,0.086,1.061,1.96,-15.92,-46.55,R
,962871,1269,0,3927,0.04,0.132,1.041,2.94,-1447,-42.9,R
,962921,1193,0,3888,0.09,0.102,1.061,4.27,-8.4,-36.04,R
,963041,1217,0,3882,0.14,0.211,0.879,7.07,5.79,-31.46,R
,963111,1250,0,973,0.062,0.351,0.823,7.44,22.3,-15.77,R
,963121,1245,0,3881,0.09,0.348,0.824,7.28,23.9,-13.77,R
,963131,1247,0,975,0.063,0.364,0.804,6.92,27.47,-11.75,R
,963251,1282,0,057,0.15,0.422,0.806,5.28,50.0,0.80,
,963281,1283,0,878,0.094,0.497,0.814,5.61,56.54,-9.49,R
,963291,1280,0,4075,0.02,0.521,0.839,4.57,56.1,-14.10,R
,963351,1247,0,095,-0.04,0.580,1.107,1.58,3582,-13.60,R
,963361,1261,0,3874,-0.210,0.59,1.096,7.41,3358,-8.79,R
,963371,1219,0,082,-0.212,0.580,1.080,0.83,3192,-5.51,R
,963581,1233,0,3873,-0.253,0.409,0.872,13.63,42.88,14.2,R
,963591,1178,0,095,-0.291,0.442,0.806,4.97,54.33,14.33,R
,963601,1185,0,863,-0.319,0.465,0.760,0.27,7402,21.9,R
,963611,1182,0,095,-0.42,0.472,0.726,5.16,9436,31.67,R
,963631,1230,0,086,-0.424,0.510,0.723,1.22,10.17,36.3,R
,963641,1214,0,3874,-0.486,0.469,0.761,-2.13,9041,36.6,R
,963721,1239,0,869,-0.287,0.38,0.776,-28.20,6.43,16.6,R
,963731,1242,0,094,-0.321,0.400,0.775,-28.08,77.20,13.91,R
,963741,1222,0,3869,-0.370,0.424,0.789,-31.35,7.22,8.0,R
,963801,671,0,3868,-0.451,0.392,1.163,-13.58,1141,-22.8,R
,963851,849,0,4086,-0.373,0.584,1.041,1.35,2.6,-14.88,R
,963921,630,0,3878,-0.484,0.370,0.727,23.14,18.6,-19.5,R
,963941,646,0,3867,-0.485,0.393,0.674,19.69,19.9,-18.3,R
,964051,466,0,4095,-0.484,0.506,0.770,3.13,16.9,-23.31,R
,964131,421,0,495,-0.469,0.494,0.784,1.82,5.1,-18.59,R
,964271,547,0,4095,-0.504,0.533,0.755,-1.36,-1.27,3.50,R
,964351,496,0,4095,-0.58,0.510,0.746,-1.76,2027,9.59,R
,964551,374,0,495,-0.464,0.460,0.685,-.27,0.0,3.42,R
,964641,579,0,3863,-0.598,0.534,0.768,1.21,36.6,7.26,
,964921,861,0,3870,-0.57,0.460,0.698,1.37,3.24,-3.37,R
,964961,810,0,3877,-0.536,0.481,0.705,1.22,2.88,-7.25,R
,965021,809,0,3869,-0.51,0.497,0.710,12.24,0.22,-3.67,
,965121,933,0,3870,-0.51,0.508,0.667,-.97,-2.31,0.26,R
,965161,910,0,3858,-0.56,0.492,0.656,-.78,4.05,6.19,R
,965171,942,0,4095,-0.52,0.493,0.653,-.08,4.7,5.91,R
,965231,915,0,4095,-0.56,0.506,0.692,-9.64,-8.7,3.09,
,965241,926,0,365,-0.573,0.503,0.696,-.91,-6.0,3.78,
,965281,927,0,3875,-0.52,0.482,0.697,122,-1.5,1.61,R
,965311,928,0,4095,-0.538,0.524,0.694,2.77,-0.6,-2.39,
,965511,853,0,4095,-0.51,0.499,0.695,-.65,-1.47,-0.42,R
,965541,838,0,3866,-0.50,0.510,0.684,-.29,1.11,-3.20,R
,965851,794,0,495,-0.540,0.519,0.714,-2.02,-5.26,4.25,R
,965861,785,0,3872,-0.51,0.536,0.683,-.71,-4.8,3.24,R
,965951,785,0,495,-0.527,0.483,0.715,-.81,-5.5,2.43,
,966001,787,0,3875,-0.56,0.486,0.685,-.55,-6.53,1.36,R
,966011,790,0,4095,-0.55,0.479,0.707,-.33,-6.1,0.87,
,966071,782,0,4095,-0.42,0.482,0.717,082,3.76,0.92,R
,966111,793,0,489,-0.496,0.516,0.720,-0.36,1.38,-1.34,R
,966141,791,0,381,-0.487,0.502,0.723,-1.65,2.91,-0.79,
,966211,791,0,4075,-0.57,0.496,0.746,-.34,6.9,-0.67,R
,966221,797,0,375,-0.510,0.484,0.730,-.01,4.9,-0.55,R
,966231,771,0,480,-0.511,0.493,0.741,-5.26,4.27,0.05,R
,966321,bbbjrbrbrbjrbrbjrbJ966331,927,0,4087,-0.543,0.4750.678,-.94,5.7,-0.18,
,966481,1011,0,881,-0.533,0.500,0.673,1.55,8.59,1.12,R
,966491,1013,0,4095,-0.538,0.49,0.693,3.28,10.1,0.31,
,966631,1009,0,073,-0.574,0.526,0.675,0.81,1.47,-1.96,R
,966641,1021,0,882,-0.577,0.519,0.686,0.98,1.24,-2.19,R
,966771,1090,0,4070,-0.552,0.48,0.715,-4.39,-347,-3.26,R
,966791,1083,0,082,-0.514,0.47,0.690,-1.70,-1.56,-3.8,R
,966821,1071,0,3872,-0.517,0.470,0.669,3.70,5.4,-2.50,R
,966881,1072,0,3879,-0.567,0.472,0.748,14.72,-.92,-7.29,R
,966901,1071,0,3859,-0.558,0.44,0.744,-14.07,-.65,-7.6,R
,966921,1071,0,3882,-0.53,0.406,0.719,7.67,-3.89,-6.96,R
,966941,1051,0,3879,-0.557,0.431,0.673,-6.25,-0.31,-7.3,R
,967091,800,0,4066,-0.64,0.446,0.687,-.43,-13.06,-9.5,R
,967111,875,0,4071,-0.612,0.438,0.694,-.88,-16.33,-8.2,R
,967231,954,0,441,-0.552,0.451,0.711,320,-18.8,-7.23,R
,967341,979,0,3884,-0.57,0.484,0.729,-.84,-4.19,-3.84,R
,967361,977,0,3889,-0.52,0.479,0.736,-.00,-4.8,-5.98,R
,967371,995,0,4032,-0.56,0.470,0.720,-.79,-2.4,-5.61,R
,967441,994,0,3889,-0.515,0.457,0.821,-.65,15.7,-5.19,R
,967511,784,0,4033,-0.66,0.554,0.664,-0.77,1741,17.27,R
,967561,755,0,3898,-0.607,0.505,0.640,-34.39,-708,13.06,R
,967681,688,0,3892,-0.61,0.347,0.713,-2.54,-1.11,3.00,R
,967921,829,0,3885,0.202,0.665,.076,-220,15.38,-21.38,R
,967941,766,0,3903,-0.63,0.461,0.594,2.99,-6.4,-11.22,R
,967961,885,0,3898,-0.58,0.431,0.633,2.99,-17.34,-11.1,R
,967981,811,0,3905,-0.55,0.431,0.649,31.67,-1112,-8.80,R
,968061,880,0,3886,-0.544,0.518,0.655,3.64,0.82,-2.29,R
,968071,911,0,3934,-0.568,0.534,0.687,3.64,0.8,-4.13,R
,968301,973,0,3904,-0.62,0.543,0.624,8.30,-5.9,10.83,R
,968371,991,0,3978,-0.679,0.600,0.630,-.88,-0.8,14.66,R
,968381,1013,0,3908,-0.688,0.59,0.635,2.72,-283,13.81,R
,968401,969,0,3907,-0.677,0.628,0.618,0.99,-1.4,16.80,R
,968481,659,0,3909,-0.64,0.653,0.579,-6.14,-369,16.4,R
,968531,688,0,334,-0.548,0.687,0.502,-1.75,-22.37,20.80,R
,968761,954,0,305,-0.408,0.762,0.538,17.40,31.2,57.70,R
,968901,1008,0,3921,-0.35,0.77,0.314,.46,41.17,45.67,R
,968921,1110,0,3919,-0.63,0.76,0.288,.10,34.5,47.10,R
,968941,1136,0,3926,-0.76,0.75,0.294,.54,31.7,43.29,R
,968951,1166,0,3875,-0.435,0.78,0.243,-2.86,23.58,41.0,R
,968971,1287,0,3885,-0.81,0.75,0.273,24.28,3.76,41.76,R
,969021,1407,0,920,-0.447,0.74,0.432,38.36,7.42,52.8,R
,969031,1403,0,886,-0.427,0.77,0.434,-42.22,66.34,49.04,R
,969041,1421,0,3924,-0.94,0.72,0.453,53.90,51.44,41.16,R
,969071,1425,0,3875,-0.52,0.68,0.542,74.74,29.52,27.38,R
,969121,1446,0,3927,-0.05,0.69,0.596,56.51,7.99,35.15,R
,969131,1463,0,3882,-0.315,0.69,0.601,60.98,6.91,25.96,R
,969151,1433,0,883,-0.303,0.66,0.677,72.77,4.13,8.13,R
,969161,1421,0,3920,-0.05,0.65,0.709,77.52,3.44,0.7,R
,969171,1392,0,885,-0.283,0.62,0.728,79.10,27.95,-5.63,R
,969211,1023,0,3881,-0.64,0.63,0.786,74.05,196,-28.01,R
,969241,1006,0,3939,-0.44,0.61,0.640,70.81,-.85,4.00,R
,969261,1115,0,920,-0.368,0.63,0.580,-71.55,26.01,10.26,R
,969271,1197,0,885,-0.372,0.55,0.604,-81.59,29.00,15.67,R
,969301,1319,0,921,-0.414,0.54,0.613,46.94,61.34,45.91,R
,969311,1334,0,3888,-0.96,0.60,0.604,33.10,7.83,46.97,R
,969441,1247,0,3909,-0.13,0.55,0.839,38.51,2.16,-4.80,R
,969451,1225,0,3881,-0.330,0.563,0.822,34.97,3.47,-1045,R
,969471,1242,0,3873,-0.59,0.54,0.820,23.88,4.47,-1077,R
,969491,1146,0,875,-0.442,0.59,0.804,19.49,7.19,-3.8,R
,969521,967,0,3930,-0.541,0.610,0.855,-24.55,61.72,6.92,R
,969971,735,0,3883,-0.215,-0.090,0.967,85.93,-77.92,-2.41,R
,970001,745,0,3915,-0.135,-0.14,0.939,86.08,-2.60,-743,R
,970051,723,0,3877,-0.08,-0.21,0.929,76.16,-0.39,0.8,R
,970061,720,0,3920,-0.090,-0.23,0.923,-68.65,-57.40,4.08,R
,970081,720,0,3931,-0.068,-0.25,0.893,-61.70,-55.95,3.79,R
,970101,722,0,3926,-0.065,-0.26,0.885,60.33,-7.17,3.9,R
,970131,721,0,3873,-0.054,-0.320,0.878,-58.88,-50.47,6.89,R
,970151,720,0,363,-0.07,-0.34,0.874,55.75,-7.06,1254,R
,970301,945,0,3931,0.09,-0.569,0.813,-7.79,-2.92,12.5,R
,970341,913,0,3927,0.10,-0.544,0.784,-.36,-2109,4.55,R
,970411,973,0,3871,0.09,-0.524,0.830,490,-3.8,9.68,R
,970531,1015,0,863,0.130,-0.50,0.860,3.79,-11.23,8.45,R
,970561,1062,0,933,0.154,-0.51,0.876,4.49,-196,11.26,R
,970571,1073,0,3861,0.131,-0.51,0.873,6.62,-2.92,10.52,R
,970651,1104,0,859,0.166,-0.52,0.841,.19,-8.8,3.41,R
,970681,1116,0,3935,0.158,-0.54,0.893,0.69,-443,4.52,R
,970691,1107,0,3859,0.14,-0.555,0.904,0.57,-7.44,3.78,R
,970711,1104,0,861,0.193,-0.55,0.893,2.37,-13.41,2.43,R
,970721,1098,0,3947,0.21,-0.547,0.893,-5.43,-15.44,-2.9,R
,970741,1087,0,3932,0.207,-0.56,0.889,9.32,-1.20,-8.80,R
,970761,1082,0,3936,0.25,-0.56,0.870,9.91,-1.09,-7.67,R
,970781,1074,0,3918,0.26,-0.576,0.868,-8.54,-8.22,-6.3,R
,970801,1061,0,922,0.17,-0.563,0.859,-4.59,-985,-5.23,R
,970811,1072,0,870,0.181,-0.547,0.853,2.84,-1.98,-4.07,R
,970821,1055,0,931,0.10,-0.53,0.836,-3.72,-1.50,-4.79,R
,970891,1047,0,861,0.14,-0.49,0.833,4.65,1.3,-0.19,R
,970901,1047,0,934,0.171,-0.501,0.825,4.77,-040,-1.06,R
,970921,1040,0,3935,0.168,-0.50,0.811,7.49,-4.74,-1.58,R
,970991,1040,0,3875,0.175,-0.54,0.730,7.33,-3.56,-4.09,R
,971001,1040,0,3925,0.11,-0.54,0.714,-6.45,-2.43,-4.6,R
,971021,1039,0,3929,0.16,-0.56,0.705,6.81,3.2,-4.30,R
,971041,1034,0,3935,0.12,-0.591,0.708,-2.95,8.5,-4.09,R
,971051,1037,0,855,0.167,-0.59,0.709,.35,11.5,-5.49,R
,971081,1002,0,3939,0.14,-0.62,0.711,.54,13.72,-13.4,R
,971171,912,0,357,0.14,-0.570,0.740,-15.50,14.97,-21.86,R
,971301,768,0,345,0.185,-0.614,0.655,-1.17,3091,-26.77,R
,971341,786,0,352,0.191,-0.603,0.686,-7.73,3018,-36.45,R
,971371,785,0,353,0.242,-0.616,0.680,-1.30,3.4,-42.6,R
,971471,815,0,3855,0.21,-0.640,1.153,-37.38,7.7,-27.58,R
,971531,830,0,355,0.247,-0.528,1.400,-.99,32.9,6.07,R
,971651,869,0,356,0.223,-0.538,1.016,-2.11,-30.05,24.1,R
,971721,933,0,347,0.170,-0.652,0.966,2.80,-1914,28.29,R
,971781,825,0,3933,0.032,-0.642,0.802,19.45,-2901,25.64,R
,971881,643,0,353,0.039,-0.534,0.279,612,-12.3,6.00,R
,971961,787,0,352,0.248,-0.682,0.334,-20.04,0.80,-9.06,R
,972111,861,0,350,0.226,-0.688,0.685,-7.59,49.3,-18.91,R
,972181,1058,0,3945,0.23,-0.63,0.687,26.01,36.05,-28.93,R
,972201,1022,0,947,0.223,-0.65,0.796,-35.21,43.78,-32.19,R
,972231,1036,0,3853,0.24,-0.61,1.070,43.52,147,-42.8,R
,972241,1050,0,975,0.259,-0.63,1.125,-39.90,4.02,-33.20,R
,972261,1040,0,3970,0.215,-0.65,1.294,29.36,3.47,-9.25,R
,972631,813,0,3855,0.057,-0.682,0.494,1.32,-3140,21.67,R
,972781,736,0,3949,0.176,-0.743,0.354,15.52,22.07,-1.25,R
,972981,818,0,3939,0.332,-0.798,0.639,-39.14,-10.19,-35.52,R
,973031,854,0,3852,0.41,-0.770,0.751,-23.58,41.03,-42.39,R
,973041,854,0,3999,0.384,-0.727,0.807,-34.66,1674,-46.2,R
,973281,869,0,4003,0.22,-0.638,0.885,7.40,-54.72,8.16,R
,973351,943,0,3835,0.07,-0.609,0.725,17.69,-41.30,16.83,R
,973381,925,0,4011,0.03,-0.578,0.620,2.09,-5170,19.27,R
,973421,719,0,4014,0.09,-0.546,0.393,52.12,-21.92,29.91,R
,973721,851,0,3995,-0.002,-0.63,0.809,9.89,79.43,-22.7,R
,973821,824,0,4005,0.19,-0.604,0.633,-5.38,44.97,-35.9,R
,973861,843,0,391,0.167,-0.663,0.736,-23.14,18.33,-49.28,R
,973931,818,0,3850,0.13,-0.644,1.671,-20.66,48.95,-4.3,R
,973981,974,0,4018,0.17,-0.493,1.643,3.63,2.94,1.01,R
,974011,912,0,351,0.248,-0.501,1.381,2.33,-12.97,2.57,
,974031,892,0,3843,0.22,-0.505,1.198,1.53,-1364,13.87,R
,974051,851,0,3851,0.207,-0.497,1.097,20.97,-1559,16.19,R
,974091,859,0,3852,0.14,-0.528,1.013,8.70,-37.4,24.57,R
,974231,752,0,3847,-0.010,-0.58,0.933,5.90,-5.72,27.52,R
,974251,777,0,3858,-0.07,-0.58,0.816,7.87,-5.91,31.15,R
,974271,783,0,3849,-0.05,-0.56,0.650,3.12,-47.99,31.9,R
,974281,784,0,4015,-0.224,-0.71,0.570,3.69,-4.62,26.11,R
,974291,790,0,3845,-0.021,-0.564,0.479,25.77,-51.78,24.31,R
,974311,784,0,345,-0.103,-0.608,0.355,10.01,-52.11,12.8,R
,974461,783,0,4002,-0.04,-0.63,0.604,19.15,2.13,-11.28,R
,974531,830,0,356,0.003,-0.648,0.699,-16.19,41.78,-26.96,R
,974811,948,0,3846,0.31,-0.521,1.385,6.01,-9.3,-4.04,R
,974901,929,0,425,0.216,-0.597,0.991,11.32,-51.21,9.52,R
,975051,816,0,3852,-0.022,-0.565,0.603,31.03,-4.00,10.13,R
,975081,724,0,416,-0.114,-0.56,0.391,1.60,-7.06,13.1,R
,975121,702,0,4009,-0.01,-0.44,0.150,3.58,29.26,22.1,R
,975171,717,0,352,0.095,-0.595,0.215,29.84,21.78,5.55,
,975181,722,0,407,0.116,-0.688,0.250,29.22,21.47,2.92,R
,975341,848,0,406,0.038,-0.627,0.848,1.10,69.4,-56.3,R
,975551,835,0,347,0.079,-0.394,1.449,-27.84,4341,-24.36,R
,975711,807,0,3842,0.173,-0.436,1.129,18.83,-21.20,30.07,R
,975841,743,0,451,-0.023,-0.44,0.982,23.05,-32.85,25.61,R
,975851,745,0,341,-0.013,-0.44,0.956,25.20,-34.02,21.75,R
,975901,704,0,438,-0.223,-0.47,0.770,31.99,-47.96,8.11,R
,975931,688,0,3831,-0.04,-0.43,0.501,9.52,-2.99,16.63,R
,975941,594,0,4046,-0.11,-0.41,0.481,3.12,-14.79,14.04,R
,975961,684,0,4063,0.015,-0.385,0.354,24.30,3.9,9.55,R
,975981,607,0,4050,-0.01,-0.43,0.371,.25,6.36,3.64,R
,976041,702,0,455,-0.013,-0.50,0.592,27.48,10.59,-3.32,R
,976101,706,0,4010,-0.02,-0.49,0.794,16.04,3.35,-2180,R
,976141,704,0,428,-0.029,-0.43,0.850,2.74,3215,-28.5,R
,976151,709,0,339,-0.005,-0.42,0.853,4.63,35.60,-26.03,R
,976291,669,0,3842,0.138,-0.402,0.781,-15.67,1456,-44.56,R
,976421,776,0,446,-0.010,-0.30,1.812,14.72,2.00,4.66,R
,976551,773,0,3829,0.108,-0.400,1.144,8.50,-30.54,30.81,R
,976571,770,0,3845,0.03,-0.391,1.135,1.41,-2682,36.63,R
,976601,751,0,466,-0.001,-0.37,1.126,4.93,-2.38,41.87,R
,976611,720,0,345,-0.019,-0.39,1.143,2.13,-2.52,41.01,R
,976621,721,0,480,-0.015,-0.42,1.121,4.91,-3.74,39.3,R
,976681,624,0,464,-0.103,-0.41,0.974,3.96,-3.92,32.0,R
,976711,354,0,339,-0.111,-0.42,0.833,6.76,-34.05,27.53,R
,976731,443,0,3847,-0.084,-0.43,0.707,28.47,-42.13,19.85,R
,976741,455,0,4053,-0.043,-0.44,0.631,9.63,-45.49,14.94,R
,976761,478,0,4060,-0.06,-0.45,0.535,32.48,-45.24,7.13,R
,976781,503,0,4059,-0.09,-0.408,0.428,27.35,-25.30,10.02,R
,976791,498,0,338,-0.00,-0.459,0.364,22.28,-15.76,14.51,R
,976821,453,0,475,-0.036,-0.45,0.423,2.91,6.7,6.34,R
,976861,500,0,4080,-0.06,-0.470,0.630,4.36,-7.96,-15.40,R
,976931,511,0,331,-0.071,-0.44,0.821,-3.36,2811,-17.5,R
,976961,511,0,4073,-0.05,-0.467,0.849,-19.36,12.42,-27.49,R
,976991,526,0,3839,-0.025,-0.44,0.874,16.05,36.13,-21.67,R
,977001,511,0,4069,0.01,-0.459,0.903,-14.78,42.05,-23.58,R
,977031,528,0,342,0.04,-0.457,0.861,-19.47,21.64,-34.51,R
,977091,553,0,324,0.15,-0.445,0.749,-17.38,1106,-37.5,R
,977131,555,0,3846,0.10,-0.432,0.791,-36.10,25.23,-31.5,R
,977161,551,0,4095,0.20,-0.430,0.933,-6.04,8.2,-38.41,R
,977191,599,0,3841,0.060,-0.446,1.071,-34.95,1697,-31.5,R
,977241,539,0,4080,0.03,-0.364,1.604,-26.05,37.29,-10.8,R
,977251,524,0,3840,0.04,-0.333,1.693,-3.27,2955,-7.52,R
,977311,493,0,3852,0.107,-0.349,1.460,932,-19.2,-2.07,R
,977321,491,0,4083,0.04,-0.284,1.332,11.64,-18.25,3.49,R
,977401,469,0,4073,0.07,-0.378,1.128,17.22,-27.63,31.13,R
,977451,562,0,340,0.02,-0.409,1.121,21.23,-3901,35.0,R
,977471,592,0,3836,0.02,-0.424,1.064,30.01,-4315,33.81,R
,977501,598,0,4095,-0.016,-0.38,1.070,5.87,-28.13,34.94,R
,977511,601,0,332,-0.085,-0.384,1.072,8.32,-2.28,33.91,R
,977531,603,0,3841,-0.108,-0.44,1.069,8.96,-29.46,32.68,R
,977551,592,0,3837,-0.097,-0.46,0.963,0.32,-38.54,31.18,R
,977581,594,0,493,-0.078,-0.448,0.701,40.93,-3.66,27.18,R
,977591,622,0,3839,-0.058,-0.41,0.609,39.99,-3.16,25.81,R
,977611,594,0,3841,-0.05,-0.43,0.469,32.96,-22.79,25.4,R
,977651,423,0,3830,0.09,-0.503,0.334,1.78,-12.7,7.23,R
,977661,432,0,495,0.025,-0.540,0.343,-3.96,-8.1,3.21,R
,977711,449,0,3838,-0.016,-0.50,0.439,.50,23.73,-2.45,R
,977761,446,0,4095,-0.078,-0.489,0.752,-23.47,35.81,-1552,R
,977771,449,0,3833,-0.074,-0.510,0.824,-26.14,2.00,-18.55,R
,977781,446,0,495,-0.060,-0.529,0.874,21.59,23.47,-23.55,R
,977831,396,0,334,-0.01,-0.45,0.901,-5.70,44.24,-25.80,R
,977841,366,0,4095,-0.03,-0.46,0.889,9.96,38.08,-29.14,R
,977851,288,0,3842,-0.014,-0.46,0.902,16.07,31.37,-32.91,R
,977861,309,0,495,-0.08,-0.46,0.896,22.13,25.98,-3850,R
,977891,316,0,3846,-0.000,-0.47,0.911,25.82,24.83,-40.65,R
,978071,438,0,3839,-0.008,-0.35,1.626,-26.59,3.73,-8.13,R
,978101,379,0,495,-0.004,-0.361,1.739,8.54,8.01,-5.17,R
,978121,379,0,495,0.01,-0.324,1.581,5.95,-0.5,1.84,R
,978131,378,0,3853,0.05,-0.345,1.493,9.96,-10.8,1.65,R
,978141,378,0,4095,0.06,-0.328,1.375,14.93,-1851,3.61,R
,978151,395,0,3844,0.08,-0.325,1.296,19.81,-2248,5.15,R
,978251,480,0,3842,0.03,-0.410,1.078,22.39,-3199,31.94,R
,978301,511,0,4095,-0.030,-0.40,1.127,1.08,-27.76,35.5,R
,978311,497,0,341,-0.06,-0.42,1.123,24.21,-3.71,37.04,R
,978321,533,0,495,-0.04,-0.417,1.125,30.25,-3.43,37.65,R
,978331,537,0,3839,-0.09,-0.41,1.105,2.47,-32.47,37.2,R
,978341,538,0,4095,-0.10,-0.40,1.100,1.14,-32.40,36.9,R
,978361,551,0,4095,-0.08,-0.40,1.037,23.63,-3.40,33.91,R
,978371,561,0,3846,-0.14,-0.42,0.985,22.21,-3.44,30.78,R
,978401,562,0,4095,-0.07,-0.45,0.775,34.38,-3.66,30.97,R
,978431,557,0,350,-0.07,-0.449,0.532,36.45,-3.64,27.32,R
,978571,381,0,3824,-0.10,-0.49,0.685,18.77,4.34,-13.78,R
,978611,282,0,346,-0.17,-0.46,0.910,-11.55,4.89,-18.79,R
,978631,351,0,341,-0.081,-0.49,1.002,10.52,3.13,-27.08,R
,978801,243,0,495,0.07,-0.386,0.911,-36.77,1738,-30.39,R
,978881,400,0,495,-0.05,-0.38,1.677,-33.56,1.61,5.73,R
,978901,447,0,4095,-0.08,-0.33,1.687,4.48,-242,3.01,R
,979101,511,0,495,-0.07,-0.38,1.003,16.33,-25.05,40.71,R
,979111,523,0,342,-0.08,-0.41,1.037,7.17,-2.31,39.6,R
,979121,528,0,495,-0.05,-0.40,1.042,17.89,-32.57,36.46,R
,979131,535,0,3841,-0.039,-0.41,1.058,6.28,-37.26,31.2,R
,979161,543,0,4095,-0.08,-0.42,1.019,22.45,-36.92,30.78,R
,979171,547,0,3837,-0.139,-0.40,1.014,5.11,-36.48,30.4,R
,979191,560,0,337,-0.13,-0.416,0.954,28.80,-39.21,27.85,R
,979231,549,0,3851,-0.07,-0.41,0.647,1.72,-39.59,25.78,R
,979251,480,0,337,0.11,-0.375,0.448,26.96,-31.11,14.0,R
,979341,394,0,4095,0.00,-0.526,0.542,3.35,4.04,-10.48,
,979371,425,0,3838,-0.01,-0.45,0.557,5.68,38.68,-3.60,R
,979411,542,0,3840,-0.107,-0.495,0.843,-13.04,36.59,-18.07,R
,979421,531,0,495,-0.09,-0.50,0.883,9.12,3157,-21.31,R
,979431,464,0,3844,-0.02,-0.48,0.889,-8.07,29.05,-23.78,R
,979451,411,0,339,-0.02,-0.43,0.862,10.28,3.50,-27.05,R
,979471,415,0,3842,-0.044,-0.409,0.879,14.33,36.82,-3055,R
,979521,243,0,4095,-0.08,-0.46,0.930,24.49,32.41,-36.30,R
,979561,281,0,4095,0.040,-0.410,0.849,-10.60,37.28,-29.69,R
,979591,263,0,3835,0.101,-0.395,0.756,-1.44,1549,-42.58,R
,979641,267,0,4095,0.029,-0.368,1.174,-4.07,47.52,-27.83,R
,979651,261,0,3840,-0.03,-0.40,1.293,-34.55,50.91,-21.20,R
,979681,166,0,495,-0.01,-0.32,1.494,-23.04,34.73,-5.03,R
,979691,163,0,3847,-0.066,-0.346,1.515,24.16,26.63,-5.16,R
,979751,194,0,3840,-0.03,-0.31,1.380,.07,5.90,6.20,R
,979761,169,0,495,0.03,-0.370,1.357,6.74,-5.40,1.70,R
,979781,173,0,4095,-0.011,-0.321,1.237,18.51,-15.30,6.8,R
,979911,301,0,3841,-0.09,-0.38,1.114,17.48,-32.24,25.76,R
,979941,364,0,4095,-0.06,-0.397,1.113,18.94,-40.47,22.78,R
,979951,421,0,3854,-0.050,-0.39,1.105,8.04,-38.68,23.56,R
,979961,415,0,4095,-0.064,-0.42,1.122,4.71,-35.15,23.75,R
,979981,403,0,495,-0.10,-0.43,1.121,11.80,-31.30,23.30,R
,980011,374,0,339,-0.16,-0.47,1.025,8.07,-42.56,24.52,R
,980031,407,0,3855,-0.22,-0.519,0.882,39.64,-51.44,24.62,R
,980141,374,0,4095,-0.006,-0.505,0.298,4.46,-3.17,-4.01,R
,980161,394,0,4095,-0.03,-0.484,0.522,-7.35,-036,-11.25,R
,980171,401,0,346,-0.111,-0.510,0.511,3.88,7.6,-10.79,R
,980181,400,0,4095,-0.03,-0.484,0.532,-7.76,13.70,-7.7,R
,980191,403,0,3840,-0.11,-0.457,0.621,-16.74,29.38,-3.6,R
,980201,400,0,4095,-0.13,-0.490,0.716,-25.82,30.95,-1.5,R
,980221,414,0,495,-0.123,-0.487,0.822,16.60,3.87,-5.08,R
,980231,414,0,3844,-0.19,-0.498,0.846,-10.23,30.27,-9.8,R
,980331,428,0,3847,-0.08,-0.49,0.940,-22.77,2.18,-24.85,R
,980351,471,0,3845,-0.09,-0.460,0.928,-14.01,28.80,-1943,R
,980411,733,0,3846,0.11,-0.444,0.824,-28.49,2.8,-39.26,R
,980451,718,0,346,0.138,-0.448,0.959,-24.54,28.27,-31.5,R
,980501,816,0,4095,-0.05,-0.404,1.660,-24.52,19.76,-9.3,R
,980511,811,0,3840,-0.06,-0.42,1.715,-14.92,12.37,-6.84,R
,980521,801,0,495,-0.070,-0.35,1.744,8.48,7.37,-6.12,R
,980531,816,0,3842,-0.034,-0.343,1.748,4.36,-060,-1.35,R
,980681,796,0,4095,0.07,-0.379,1.065,26.01,-35.35,25.3,R
,980751,854,0,3845,-0.02,-0.42,1.107,18.06,-28.18,27.9,R
,980781,816,0,4095,-0.08,-0.441,1.094,25.87,-3.11,23.81,R
,980801,819,0,4095,-0.05,-0.433,0.971,0.06,-37.90,20.62,R
,980821,698,0,4095,-0.17,-0.408,0.842,0.36,-35.55,18.31,R
,980871,636,0,3855,-0.29,-0.69,0.546,33.92,-43.79,11.4,R
,980891,704,0,3845,-0.23,-0.773,0.537,37.40,-3.31,18.42,R
,980931,672,0,340,-0.009,-0.48,0.368,4.16,10.56,5.59,R
,980971,691,0,3837,-0.03,-0.482,0.583,5.92,25.86,6.55,R
,981011,721,0,347,-0.058,-0.504,0.769,-16.71,3.36,-0.16,R
,981021,733,0,4095,-0.02,-0.496,0.784,-11.27,3.89,-1.03,R
,981031,723,0,3847,-0.01,-0.477,0.819,-9.65,3917,-9.16,R
,981041,727,0,4095,-0.01,-0.47,0.852,-11.81,3.15,-19.13,R
,981081,667,0,4095,-0.08,-0.41,0.873,-9.72,36.59,-9.84,R
,981181,694,0,4095,0.25,-0.706,0.994,-42.10,9.31,-20.21,R
,981231,711,0,3845,0.49,-0.865,1.032,-54.34,-1.33,-50.71,R
,981361,447,0,4095,-0.01,-0.24,1.526,-35.79,-9.00,-62.16,R
,981371,373,0,3848,-0.05,-0.20,1.369,-33.01,-3.93,-48.25,R
,981381,496,0,4095,-0.08,-0.147,1.370,-34.05,-42.16,-36.39,R
,981391,493,0,347,-0.053,-0.164,1.290,30.89,-45.93,-24.42,R
,981431,549,0,3850,0.01,-0.130,0.996,-12.83,-65.17,8.86,R
,981481,595,0,495,0.13,-0.267,0.885,-14.07,-5.19,48.74,R
,981491,624,0,3833,0.14,-0.320,0.899,-3.09,-45.85,54.48,R
,981571,537,0,346,0.12,-0.514,1.012,8.42,-47.09,44.54,R
,981581,553,0,495,0.13,-0.548,1.001,11.75,-50.98,41.20,R
,981621,549,0,495,0.06,-0.542,0.794,28.59,-4476,38.33,R
,981681,482,0,4095,-0.27,-0.86,0.513,3.31,-4.40,47.78,R
,981751,688,0,350,0.24,-0.787,0.152,-1.82,0.34,22.65,R
,982011,884,0,346,0.22,-0.735,0.661,-24.65,19.38,-18.84,R
,982091,955,0,351,0.13,-0.585,1.287,-34.97,38.31,-15.09,R
,982211,891,0,3851,0.240,-0.577,1.041,22.38,-18.11,14.00,R
,982241,897,0,4095,0.27,-0.604,0.966,21.80,-26.77,21.13,R
,982261,895,0,4095,0.267,-0.607,0.958,21.40,-28.62,22.20,R
,982361,909,0,4095,0.15,-0.644,0.999,20.74,-40.53,25.52,R
,982371,912,0,3847,0.030,-0.832,0.956,27.74,-45.18,29.70,R
,982381,912,0,4095,0.091,-0.680,0.966,27.11,-47.00,25.27,R
,982401,943,0,4095,0.080,-0.656,0.890,34.56,-46.76,25.01,R
,982411,934,0,3855,0.05,-0.651,0.839,3.61,-4421,22.48,R
,982501,790,0,4095,0.133,-0.743,0.272,14.83,-36.83,9.73,R
,982951,848,0,3871,0.32,-0.342,1.197,-14.28,-39.18,-4157,R
,983031,767,0,3872,0.356,-0.385,0.731,2.94,-53.89,9.42,
,983191,812,0,3866,0.31,-0.670,0.533,2.57,-4778,26.91,R
,983271,848,0,3851,0.35,-0.824,0.066,19.14,-49.78,18.6,R
,983521,910,0,411,0.464,-0.764,0.449,-9.38,29.55,-17.16,R
,983641,955,0,3952,0.524,-0.725,0.855,-0.33,29.06,-31.61,R
,983691,959,0,3869,0.45,-0.651,1.367,-14.94,2297,-5.55,R
,983741,915,0,3911,0.540,-0.579,1.035,083,-6.3,11.76,R
,983831,911,0,3882,0.550,-0.644,0.732,2.77,-35.66,36.16,R
,983861,926,0,3920,0.58,-0.685,0.727,2.72,-35.95,42.81,R
,983931,933,0,379,0.467,-0.711,0.717,3.51,-45.11,36.71,R
,983991,961,0,3869,0.32,-0.824,0.686,22.41,-4344,35.85,R
,984011,973,0,3866,0.279,-0.833,0.606,27.31,-40.11,38.4,R
,984331,922,0,3858,0.24,-0.797,0.687,-.26,48.74,-26.10,R
,984491,959,0,364,0.35,-0.737,0.693,-12.42,36.18,-27.80,R
,984511,939,0,369,0.36,-0.767,0.677,-19.85,3485,-29.16,R
,984761,947,0,413,0.43,-0.632,1.330,-3.29,4.53,11.29,R
,984841,945,0,404,0.40,-0.666,0.988,33.51,-2860,21.03,R
,984971,944,0,3862,0.181,-0.776,0.853,34.21,-5311,38.0,R
,985011,957,0,3856,0.13,-0.761,0.668,2.35,-51.32,36.2,R
,985071,815,0,3856,0.210,-0.765,0.249,39.55,-59.05,22.49,R
,985151,864,0,3853,0.240,-0.728,-0.049,7.31,19.60,9.20,R
,985181,879,0,4053,0.248,-0.801,0.083,5.78,23.4,-2.29,
,985271,921,0,3856,0.24,-0.866,0.537,-9.06,28.25,-6.68,R
,985341,886,0,448,0.25,-0.855,0.736,-.12,53.57,-7.14,R
,985361,893,0,4052,0.294,-0.825,0.728,-4.91,34.30,-13.49,R
,985381,887,0,4064,0.328,-0.760,0.687,-7.78,32.59,-22.27,R
,985441,1023,0,030,0.37,-0.78,0.719,19.73,18.65,-33.45,R
,985481,1021,0,987,0.30,-0.71,0.667,16.60,42.68,-2531,R
,985501,1021,0,3983,0.41,-0.735,0.666,-23.84,33.67,-31.51,R
,985671,978,0,3863,0.414,-0.675,0.594,-9.79,24.04,-38.48,R
,985711,926,0,3851,0.392,-0.700,0.835,-17.78,13.76,-40.09,R
,985941,1011,0,095,0.33,-0.790,0.845,27.77,-48.28,40.8,R
,985961,978,0,4095,0.32,-0.825,0.799,27.05,-50.19,33.4,R
,986031,993,0,3857,0.177,-0.892,0.617,2.48,-3378,25.24,R
,986261,951,0,4095,0.198,-0.865,0.451,-15.26,33.79,2.28,R
,986341,925,0,495,0.285,-0.827,0.589,-6.08,42.48,-17.29,R
,986451,1046,0,3856,0.32,-0.72,0.617,15.85,26.11,-31.54,R
,986461,1041,0,4095,0.35,-0.68,0.591,15.68,25.31,-34.07,R
,986491,1071,0,3853,0.427,-0.673,0.565,20.19,1.52,-40.13,R
,986501,1061,0,095,0.40,-0.62,0.627,-26.55,13.53,-3667,R
,986511,1040,0,856,0.428,-0.63,0.722,33.97,1.23,-33.51,R
,986531,1041,0,3857,0.39,-0.63,0.957,-18.11,31.72,-25.11,R
,986541,1039,0,4095,0.36,-0.63,1.082,14.84,3.04,-1535,R
,986561,1034,0,4095,0.34,-0.61,1.274,8.60,31.03,-3.71,R
,986581,1006,0,095,0.34,-0.55,1.406,8.88,12.95,5.50,R
,986591,1009,0,3856,0.32,-0.56,1.409,-8.07,1.82,10.37,R
,986601,1014,0,4095,0.39,-0.580,1.354,-6.31,-5.20,13.0,R
,986641,994,0,4095,0.44,-0.692,1.073,17.40,-23.21,15.5,R
,986651,991,0,3856,0.46,-0.701,1.030,23.09,-18.47,16.8,R
,986781,992,0,495,0.272,-0.717,0.773,1.16,-2610,27.00,R
,986801,1007,0,095,0.240,-0.75,0.761,.86,-38.10,24.36,R
,986831,1040,0,3857,0.20,-0.764,0.736,18.06,-4.98,21.26,R
,986841,1019,0,095,0.206,-0.77,0.692,2.73,-44.24,19.88,R
,986851,1011,0,3857,0.12,-0.779,0.637,0.80,-38.56,20.26,R
,986871,992,0,3856,0.17,-0.741,0.512,3.73,-2262,24.74,R
,986921,879,0,4095,0.14,-0.706,0.221,15.83,-19.21,16.1,R
,986931,851,0,3856,0.148,-0.733,0.192,1.51,-2450,14.74,R
,986951,849,0,3858,0.15,-0.800,0.179,-0.31,-27.47,13.6,R
,986991,926,0,3856,0.23,-0.891,0.096,-13.12,6.34,2.91,
,987001,942,0,4095,0.23,-0.929,0.234,-4.46,14.77,-0.67,R
,987011,941,0,351,0.15,-0.901,0.361,-.00,15.53,-0.74,R
,987021,950,0,495,0.102,-0.882,0.288,974,23.5,8.14,R
,987061,921,0,495,0.179,-0.902,0.365,-7.04,29.23,-17.60,R
,987111,909,0,356,0.263,-1.009,0.470,-6.52,28.92,-44.59,R
,987121,900,0,4095,0.23,-0.981,0.475,-27.79,4225,-46.16,R
,987131,920,0,3852,0.25,-0.945,0.453,-2.63,54.30,-48.90,R
,987151,1009,0,3856,0.16,-0.84,0.453,-25.59,70.42,-50.93,R
,987171,1023,0,856,0.15,-0.785,0.486,33.17,59.53,-62.93,R
,987201,1047,0,095,0.165,-0.740,0.493,39.56,2.77,-82.58,R
,987211,1059,0,3857,0.17,-0.696,0.484,-28.10,2.81,-82.04,R
,987251,1065,0,3861,0.003,-0.281,0.451,1.21,62.88,-66.25,R
,987261,1093,0,4095,0.05,-0.22,0.482,4.67,59.15,-61.6,R
,987281,1120,0,4095,-0.86,-0.042,0.578,3.64,6515,-37.3,R
,987311,1132,0,3858,-0.63,0.030,0.881,12.13,8627,10.19,R
,987351,1147,0,3861,0.10,-0.26,1.406,25.20,9044,62.07,R
,987361,1146,0,4095,0.214,-0.34,1.486,31.66,84.24,68.9,R
,987381,1173,0,095,0.32,-0.523,1.586,46.18,7097,68.34,R
,987391,1171,0,858,0.453,-0.602,1.597,9.87,62.82,68.17,R
,987401,1178,0,084,0.538,-0.753,1.620,59.64,53.15,65.6,R
,987411,1174,0,3861,0.52,-0.72,1.434,66.76,57.98,71.49,R
,987431,1168,0,3861,0.51,-0.857,1.391,66.28,6404,65.42,R
,987461,1165,0,4093,0.59,-1.010,1.367,72.41,2036,43.42,R
,987471,1159,0,3853,0.54,-0.994,1.282,70.13,0.1,36.25,R
,987481,1117,0,095,0.462,-0.959,1.237,63.37,-927,32.43,R
,987491,1078,0,861,0.473,-0.96,1.208,58.28,-17.34,29.65,R
,987531,1058,0,867,0.38,-0.892,1.105,48.42,-1.00,27.06,R
,987541,1082,0,095,0.292,-0.890,1.088,8.32,-1.13,25.38,R
,987551,1047,0,865,0.24,-0.865,1.083,42.79,-1.65,22.66,R
,987571,1058,0,862,0.17,-0.826,1.054,2.54,-42.53,18.04,R
,987611,1063,0,865,0.07,-0.72,0.969,29.77,-47.17,12.7,R
,987621,1072,0,095,0.03,-0.695,0.943,29.38,-41.95,14.68,R
,987681,1023,0,4095,0.28,-0.52,0.602,1.00,-4369,-7.23,R
,987721,880,0,495,0.007,-0.551,0.441,3.87,-41.72,2.46,R
,987741,908,0,495,-0.14,-0.509,0.380,3.92,-31.85,8.42,R
,987761,841,0,495,0.02,-0.463,0.244,038,-18.08,13.03,R
,987801,881,0,495,0.01,-0.591,0.234,-8.66,-6.40,3.13,R
,987881,912,0,466,-0.02,-0.615,0.591,26.84,38.47,0.08,R
,987971,991,0,363,0.09,-0.649,0.792,-15.38,3987,-14.09,R
,987981,1015,0,003,0.10,-0.652,0.796,9.10,43.95,-16.65,R
,987991,1090,0,869,0.11,-0.63,0.784,-5.39,4253,-20.45,R
,988001,1095,0,080,0.13,-0.62,0.771,-7.90,3717,-24.56,R
,988011,1104,0,3870,0.12,-0.59,0.734,-11.99,35.78,-2825,R
,988031,1138,0,3875,0.21,-0.61,0.708,-22.94,2.30,-28.33,R
,988061,1157,0,095,0.237,-0.61,0.734,-26.59,1.38,-30.71,R
,988081,1152,0,4080,0.21,-0.598,0.843,23.79,17.75,-31.38,R
,988091,1143,0,860,0.267,-0.58,0.934,-22.19,2.82,-34.22,R
,988101,1134,0,041,0.194,-0.591,1.000,22.94,32.41,-3293,R
,988111,1117,0,860,0.176,-0.53,1.105,-29.14,37.78,-24.36,R
,988131,1107,0,865,0.24,-0.472,1.392,39.47,36.82,-9.22,R
,988141,1104,0,016,0.12,-0.541,1.480,28.49,36.70,-6.97,R
,988151,1088,0,857,0.10,-0.555,1.545,19.93,31.50,-8.80,R
,988171,1104,0,3871,0.19,-0.53,1.549,-4.89,11.41,-8.53,R
,988211,1040,0,3877,0.21,-0.53,1.268,6.90,-1.6,10.11,R
,988231,1014,0,869,0.12,-0.531,1.199,3.05,-18.53,9.85,R
,988241,1038,0,4095,0.29,-0.51,1.164,19.38,-2.88,10.98,R
,988251,1023,0,3872,0.25,-0.527,1.122,8.24,-24.80,11.6,R
,988271,1088,0,870,0.10,-0.518,1.047,2.88,-31.00,16.3,R
,988301,1045,0,053,0.193,-0.537,0.985,6.48,-33.73,23.21,R
,988311,1045,0,872,0.168,-0.542,0.979,17.92,-34.54,25.3,R
,988321,1061,0,4064,0.14,-0.549,0.980,8.51,-35.72,25.58,R
,988341,1063,0,045,0.154,-0.556,0.957,6.07,-32.91,31.35,R
,988361,1072,0,075,0.15,-0.564,0.942,4.28,-32.92,33.4,R
,988371,1095,0,873,0.147,-0.587,0.950,10.96,-34.25,32.2,R
,988411,1104,0,868,0.08,-0.618,0.946,9.49,-37.98,30.1,R
,988421,1111,0,070,0.033,-0.626,0.932,10.30,-41.12,28.4,R
,988431,1114,0,862,0.04,-0.656,0.911,12.33,-46.48,27.23,R
,988451,1101,0,3873,0.007,-0.640,0.814,9.05,-4.41,31.47,R
,988501,1119,0,095,-0.51,-0.63,0.562,28.65,-4.80,25.64,R
,988561,1003,0,083,0.035,-0.653,0.317,.70,-31.73,10.81,R
,988581,1051,0,4092,0.080,-0.676,0.253,10.19,-16.22,6.49,R
,988601,1058,0,087,0.04,-0.71,0.286,-17.87,723,9.13,R
,988611,1103,0,871,0.02,-0.81,0.393,-16.17,13.93,5.5,R
,988621,1106,0,4077,0.050,-0.759,0.389,-11.65,22.45,6.10,R
,988631,1040,0,865,0.05,-0.79,0.433,-4.26,3221,8.25,R
,988641,1018,0,069,0.02,-0.770,0.401,-8.98,41.02,6.54,R
,988691,915,0,3862,0.035,-0.838,0.610,-39.29,40.80,-27.02,R
,988741,1002,0,047,0.06,-0.85,0.728,35.21,40.73,-53.78,R
,988751,1046,0,869,0.05,-0.81,0.723,-35.04,4.23,-56.64,R
,988761,1081,0,063,0.03,-0.78,0.709,37.56,58.70,-61.84,R
,988831,1135,0,861,0.02,-0.62,0.634,-27.00,27.69,-101.67,R
,988841,1138,0,033,-0.01,-0.548,0.579,-17.62,31.35,-10.55,R
,988871,1139,0,864,-0.049,-0.288,0.572,4.88,48.88,-97.0,R
,988921,1151,0,025,-0.90,0.031,0.898,-3.75,91.67,-26.07,R
,988991,1119,0,870,-0.29,-0.146,1.600,36.70,8.12,65.45,R
,989041,1088,0,4041,0.419,-0.67,1.500,9.54,55.89,64.08,R
,989071,1110,0,3871,0.47,-0.80,1.409,7.29,35.50,47.00,R
,989101,1050,0,021,0.33,-0.81,1.321,3.20,11.57,30.29,R
,989141,1040,0,4019,0.26,-0.79,1.219,1.20,-11.32,19.6,R
,989201,1051,0,4095,0.073,-0.61,1.124,34.94,-2.12,16.80,R
,989211,1058,0,3882,0.00,-0.58,1.120,33.80,-32.11,16.8,R
,989291,1078,0,872,-0.13,-0.560,0.994,28.79,-49.69,19.78,R
,989351,1022,0,3874,-0.01,-0.38,0.659,35.46,-54.65,2889,R
,989361,1018,0,095,-0.82,-0.384,0.503,29.96,-49.89,15.76,R
,989381,1078,0,4095,-0.031,-0.39,0.386,15.80,-1.96,12.80,R
,989391,1072,0,3859,0.004,-0.38,0.384,3.41,-1517,11.10,R
,989431,1046,0,874,-0.091,-0.43,0.400,-3.04,18.05,17.07,R
,989451,1065,0,872,-0.24,-0.420,0.542,5.23,10.54,7.58,R
,989481,1047,0,095,-0.70,-0.417,0.586,-9.99,20.01,2.9,R
,989511,1073,0,874,-0.106,-0.444,0.705,-22.39,37.34,3.3,R
,989541,1072,0,016,-0.56,-0.496,0.860,-19.09,1.43,-17.02,R
,989561,1073,0,984,-0.00,-0.488,0.888,-24.19,26.22,-2.07,R
,989601,1197,0,981,-0.094,-0.44,0.896,-17.59,4.45,-13.02,R
,989651,1083,0,877,-0.20,-0.481,0.880,-22.30,-3.64,-4.31,R
,989691,1141,0,872,0.06,-0.403,0.833,-25.58,2.43,-2465,R
,989701,1168,0,965,0.06,-0.42,0.841,-28.07,30.80,-2793,R
,989731,1180,0,874,0.00,-0.454,0.853,-20.26,7.61,-32.0,R
,989741,1136,0,966,0.03,-0.434,0.810,-15.87,2.92,-30.33,R
,989761,1109,0,978,0.15,-0.355,0.864,-16.14,11.02,-2453,R
,989791,1217,0,889,0.06,-0.242,1.305,-46.33,32.01,-2867,R
,989811,1195,0,883,-0.34,-0.478,1.542,-26.68,6.24,-2.77,R
,989871,1168,0,3877,-0.28,-0.22,1.582,4.74,3.63,7.41,R
,989891,1130,0,868,-0.005,-0.31,1.408,2.61,-19.01,0.97,R
,989901,1201,0,3941,-0.19,-0.31,1.337,11.16,-6.07,4.46,R
,989911,1200,0,885,0.038,-0.37,1.267,7.84,-28.19,8.5,R
,989931,1200,0,873,0.05,-0.356,1.142,16.67,-2.68,12.68,R
,989941,1212,0,3975,0.08,-0.39,1.106,4.70,-27.98,15.99,R
,990031,1175,0,877,-0.004,-0.453,1.033,11.03,-28.50,23.96,R
,990071,1169,0,883,-0.70,-0.456,0.970,19.67,-5.96,25.87,R
,990091,1139,0,879,-0.99,-0.466,0.927,23.55,-2.21,19.99,R
,990101,1143,0,023,-0.90,-0.46,0.882,25.78,-34.28,1683,R
,990111,1146,0,879,-0.03,-0.455,0.818,26.79,-3.41,15.18,R
,990131,1132,0,875,-0.45,-0.456,0.707,21.19,-2.31,12.81,R
,990171,1119,0,888,0.109,-0.396,0.436,1.57,-13.53,-2.16,R
,990181,1057,0,984,-0.87,-0.496,0.475,18.42,-4.91,8.37,R
,990221,1067,0,988,-0.078,-0.503,0.478,7.43,-511,4.05,R
,990271,1056,0,878,-0.87,-0.47,0.700,7.20,1564,-2.33,R
,990281,1054,0,016,-0.83,-0.470,0.713,-1.82,1.66,-9.19,R
,990291,1063,0,887,-0.83,-0.40,0.729,-4.84,613,-12.76,R
,990341,1065,0,984,-0.66,-0.46,0.766,-7.07,39.26,-8.7,R
,990361,1082,0,984,-0.73,-0.470,0.797,-9.33,33.52,-14.68,R
,990401,1091,0,3955,-0.31,-0.47,0.869,-20.10,2.66,-19.87,R
,990431,1105,0,3887,-0.026,-0.43,0.878,-10.51,35.72,-15.52,R
,990491,1138,0,873,0.06,-0.44,0.721,-11.65,2.07,-26.53,R
,990511,1120,0,877,0.140,-0.41,0.660,-9.39,6.01,-24.56,R
,990531,1131,0,887,0.142,-0.414,0.679,18.28,4.60,-36.85,R
,990561,1149,0,015,-0.10,-0.55,0.933,-33.50,4.76,-24.59,R
,990571,1129,0,878,0.12,-0.31,1.088,-49.01,19.17,-20.88,R
,990601,1133,0,989,-0.019,-0.470,1.531,-31.96,9.18,-3.28,R
,990631,1138,0,877,0.04,-0.46,1.746,-12.65,3.53,-6.5,R
,990641,1137,0,956,-0.013,-0.42,1.790,-8.11,-8.40,-8.13,R
,990651,1136,0,886,-0.20,-0.409,1.726,-2.16,-2.25,-5.52,R
,990671,1136,0,877,0.01,-0.38,1.445,7.49,-9.11,5.23,
,990691,1127,0,883,0.070,-0.398,1.358,.42,-24.01,2.86,R
,990701,1121,0,934,0.02,-0.381,1.289,12.86,-2.14,5.07,R
,990711,1139,0,883,0.02,-0.376,1.211,14.54,-3.85,6.68,R
,990731,1137,0,3885,0.085,-0.39,1.145,16.86,-32.22,9.3,R
,990741,1133,0,3920,0.05,-0.38,1.086,17.03,-33.29,11.5,R
,990771,1142,0,881,0.06,-0.386,1.085,12.68,-35.52,19.52,R
,990801,1136,0,985,0.08,-0.392,1.050,2.83,-26.21,31.82,R
,990821,1119,0,989,0.00,-0.40,1.039,13.03,-16.30,39.47,R
,990831,1104,0,889,0.00,-0.432,1.058,11.72,-16.31,40.05,R
,990851,1091,0,871,-0.29,-0.444,1.042,9.60,-23.14,35.65,R
,990861,1102,0,977,-0.53,-0.443,1.041,9.34,-29.11,32.39,R
,990871,1091,0,3885,-0.74,-0.40,1.039,8.96,-32.86,28.7,R
,990891,1082,0,879,-0.30,-0.46,0.994,10.30,-8.92,2587,R
,990951,1086,0,885,-0.155,-0.449,0.687,37.45,-28.57,2593,R
,990961,1078,0,973,-0.13,-0.41,0.583,37.83,-27.08,2371,R
,990991,1056,0,887,-0.26,-0.422,0.367,27.48,-1.75,20.29,R
,991021,978,0,342,-0.06,-0.493,0.288,-3.21,-11.21,10.3,R
,991031,933,0,388,-0.03,-0.518,0.314,-6.39,-608,7.29,R
,991041,943,0,350,-0.04,-0.53,0.323,-3.93,2.9,6.71,R
,991071,1023,0,887,-0.101,-0.516,0.473,10.09,26.79,1.8,R
,991081,1065,0,921,-0.51,-0.55,0.488,13.49,29.14,0.78,R
,991101,1075,0,971,-0.89,-0.492,0.598,-17.14,35.90,-6.68,R
,991241,950,0,346,-0.06,-0.49,0.908,21.99,27.75,-29.89,R
,991261,976,0,390,-0.05,-0.497,0.895,17.59,23.81,-29.06,R
,991291,1022,0,882,0.00,-0.467,0.826,14.69,26.28,-27.03,R
,991311,970,0,387,0.12,-0.480,0.761,-6.91,24.56,-28.04,R
,991341,923,0,367,0.145,-0.342,0.911,-30.92,43.08,-27.63,R
,991351,827,0,388,0.10,-0.415,1.010,-42.74,45.98,-27.3,R
,991361,782,0,363,0.02,-0.523,1.096,-47.59,38.36,-19.1,R
,991391,787,0,389,-0.03,-0.498,1.415,-18.20,36.01,-8.32,R
,991401,789,0,350,-0.033,-0.40,1.482,-13.50,4.70,-11.45,R
,991411,817,0,3891,-0.04,-0.41,1.495,-8.84,3570,-11.40,R
,991421,828,0,3943,-0.02,-0.35,1.518,-11.59,2.68,-13.05,R
,991431,816,0,399,-0.09,-0.360,1.507,11.73,16.11,-13.58,R
,991471,806,0,303,-0.08,-0.374,1.355,2.40,-5.66,-3.69,R
,991481,799,0,304,-0.03,-0.382,1.266,6.25,-11.41,-3.4,R
,991571,806,0,301,0.02,-0.438,1.021,2.92,-32.33,7.85,R
,991581,815,0,385,-0.011,-0.424,1.029,25.99,-3.05,9.6,R
,991611,816,0,3895,-0.031,-0.39,1.034,28.93,-24.89,19.56,R
,991651,825,0,314,-0.03,-0.41,1.055,21.34,-3.69,19.9,R
,991661,824,0,336,-0.061,-0.415,1.063,1.51,-28.74,21.50,R
,991671,825,0,3915,-0.09,-0.40,1.075,23.54,-22.97,25.36,R
,991681,815,0,3917,-0.17,-0.40,1.062,24.53,-2.41,27.1,R
,991711,839,0,398,-0.16,-0.43,0.999,24.25,-3.50,19.42,R
,991721,938,0,310,-0.19,-0.436,0.986,25.66,-39.12,18.9,R
,991731,997,0,3907,-0.17,-0.42,0.944,29.84,-3.54,21.21,R
,991791,1058,0,3904,-0.188,-0.54,0.690,35.99,-26.13,2176,R
,991831,976,0,317,-0.017,-0.443,0.539,12.67,-14.85,17.35,R
,991841,960,0,395,-0.024,-0.447,0.525,5.41,-14.16,15.94,R
,991851,964,0,310,0.00,-0.486,0.534,523,-11.05,14.36,R
,991861,977,0,3874,0.042,-0.526,0.543,2.27,-6.59,11.76,
,991881,1033,0,885,0.028,-0.536,0.482,-1.41,10.99,15.62,R
,991891,1053,0,3909,0.01,-0.61,0.581,-0.34,21.60,15.0,R
,991931,1114,0,3899,0.022,-0.53,0.660,6.42,35.6,-4.41,R
,991991,1155,0,920,-0.10,-0.532,0.874,-16.19,34.37,-2.09,R
,992001,1168,0,3914,-0.038,-0.527,0.906,-8.77,37.37,-25.20,R
,992021,1179,0,3909,-0.048,-0.49,0.926,-7.64,3.85,-30.24,R
,992031,1165,0,906,-0.052,-0.475,0.926,-13.23,28.97,-3.02,R
,992061,1168,0,3907,0.004,-0.478,0.929,25.87,12.77,-35.81,R
,992091,1153,0,915,0.06,-0.46,0.896,23.32,22.92,-41.37,R
,992111,1169,0,3909,0.043,-0.43,0.819,-19.53,3.51,-32.47,R
,992121,1191,0,3905,0.057,-0.421,0.810,-19.06,40.16,-2899,R
,992131,1197,0,915,0.00,-0.41,0.817,21.62,39.84,-30.22,R
,992151,1195,0,3918,0.07,-0.38,0.846,21.99,23.84,-42.50,R
,992181,1162,0,3916,-0.010,-0.34,0.969,-22.22,1.40,-4393,R
,992191,1162,0,898,0.05,-0.371,1.052,-27.41,6.99,-43.63,R
,992201,1113,0,911,0.03,-0.258,1.212,-34.14,16.31,-3963,R
,992211,1015,0,3907,-0.24,-0.24,1.362,-35.58,25.09,-2.33,R
,992221,959,0,390,-0.04,-0.269,1.475,-30.62,31.69,-17.98,R
,992231,941,0,399,-0.071,-0.324,1.558,-25.50,32.34,-7.5,R
,992251,942,0,393,-0.102,-0.30,1.662,-12.36,17.72,-3.80,R
,992281,969,0,3889,-0.04,-0.30,1.491,3.03,-11.37,-0.3,R
,992291,955,0,309,-0.02,-0.322,1.428,5.49,-19.03,-0.27,R
,992361,969,0,379,0.03,-0.389,1.080,12.99,-30.27,16.2,R
,992391,954,0,3910,-0.04,-0.40,1.083,24.77,-3.02,20.22,R
,992411,1067,0,894,0.04,-0.400,1.058,25.14,-33.06,23.9,R
,992421,1115,0,866,0.03,-0.39,1.046,5.51,-36.19,25.09,R
,992431,1120,0,3914,0.09,-0.39,1.037,24.93,-3.97,27.61,R
,992451,1040,0,3919,0.007,-0.37,1.045,21.34,-2.88,29.62,R
,992461,1046,0,911,-0.007,-0.396,1.040,19.35,-26.01,30.16,R
,992551,1119,0,906,-0.60,-0.409,0.793,32.10,-25.12,27.45,R
,992571,1103,0,3911,-0.022,-0.433,0.673,27.99,-26.31,2393,R
,992581,1077,0,877,-0.01,-0.464,0.574,23.74,-27.34,21.65,R
,992591,1053,0,3915,-0.059,-0.56,0.596,25.38,-4.60,22.36,R
,992621,982,0,387,-0.006,-0.523,0.436,12.74,-5.43,17.0,R
,992631,954,0,320,-0.02,-0.487,0.448,6.64,3.50,13.01,R
,992651,837,0,313,-0.01,-0.51,0.467,0.49,15.79,7.38,R
,992691,955,0,3914,-0.051,-0.534,0.646,3.17,15.8,-4.45,R
,992701,944,0,389,-0.050,-0.492,0.674,-5.04,19.26,-8.1,R
,992711,928,0,319,-0.00,-0.487,0.732,-14.65,22.10,-1167,R
,992721,925,0,3887,-0.090,-0.489,0.762,-18.34,23.96,-12.22,R
,992761,838,0,3911,-0.115,-0.460,0.901,-12.89,26.39,-20.25,R
,992801,957,0,387,-0.07,-0.432,0.899,-16.19,20.15,-2427,R
,992811,945,0,394,-0.02,-0.42,0.887,21.18,21.67,-24.21,R
,992851,860,0,398,-0.03,-0.46,0.902,20.91,25.58,-27.55,R
,992861,867,0,371,-0.01,-0.45,0.878,19.17,23.86,-28.77,R
,992871,869,0,305,-0.01,-0.44,0.838,17.75,23.82,-26.48,R
,992911,911,0,311,0.070,-0.402,0.748,-18.65,33.17,-23.9,R
,992941,944,0,3891,-0.002,-0.375,0.982,-29.97,3.64,-2538,R
,992971,973,0,345,-0.00,-0.36,1.276,-23.14,21.29,-17.98,R
,993011,992,0,3920,-0.023,-0.291,1.446,-7.70,2018,-7.7,R
,993021,989,0,379,-0.03,-0.28,1.450,-7.01,12.42,-7.35,R
,993151,974,0,399,0.038,-0.388,1.084,15.70,-23.37,11.7,R
,993161,975,0,356,0.033,-0.392,1.078,18.25,-2457,13.45,R
,993171,977,0,307,0.01,-0.386,1.065,19.20,-23.99,15.3,R
,993191,1005,0,920,0.006,-0.394,1.060,18.67,-2.24,16.91,R
,993221,967,0,387,0.004,-0.399,1.057,15.89,-28.97,18.1,R
,993231,972,0,319,-0.00,-0.392,1.062,15.81,-24.69,21.9,R
,993241,981,0,377,-0.01,-0.37,1.050,14.93,-19.59,25.9,R
,993251,979,0,320,-0.04,-0.37,1.052,3.32,-16.65,27.62,R
,993311,1077,0,908,-0.95,-0.393,1.010,24.45,-3.73,21.53,R
,993321,1078,0,863,-0.01,-0.33,0.948,26.97,-36.74,22.74,R
,993331,1068,0,895,-0.69,-0.40,0.914,29.54,-38.45,24.02,R
,993341,1039,0,867,-0.062,-0.384,0.856,30.91,-36.11,25.04,R
,993451,931,0,326,0.014,-0.538,0.468,7.77,0.44,7.97,R
,993481,1101,0,859,-0.31,-0.54,0.593,3.70,28.66,-1.05,R
,993501,1083,0,867,-0.49,-0.46,0.684,-9.76,30.82,-1090,R
,993581,1089,0,872,-0.64,-0.45,0.853,-7.17,29.58,-20.32,R
,993601,1114,0,870,-0.050,-0.394,0.851,-16.60,32.21,-24.36,R
,993621,1133,0,878,-0.56,-0.49,0.856,-30.86,20.34,-28.91,R
,993631,1137,0,921,-0.029,-0.441,0.864,-31.26,13.44,-2.61,R
,993641,1102,0,888,-0.27,-0.430,0.874,-29.06,1.46,-27.60,R
,993661,1115,0,866,-0.05,-0.42,0.897,-21.41,18.50,-26.61,R
,993741,1151,0,872,0.041,-0.337,0.977,-13.81,22.16,-27.02,R
,993751,1168,0,937,-0.19,-0.393,0.972,-8.88,2.83,-28.00,R
,993761,1169,0,885,-0.07,-0.381,1.005,-10.26,0.59,-25.29,R
,993771,1103,0,3933,0.010,-0.32,1.068,-17.49,31.70,-2284,R
,993791,1109,0,930,-0.15,-0.34,1.242,-18.01,26.79,-2.31,R
,993801,1141,0,865,-0.084,-0.457,1.295,-12.71,8.47,-21.61,R
,993821,1169,0,862,-0.50,-0.37,1.370,-6.66,15.98,-23.40,R
,993851,1082,0,920,-0.44,-0.310,1.372,0.80,18.82,-11.3,R
,993861,1069,0,867,-0.55,-0.38,1.345,4.50,16.88,-8.6,R
,993871,1043,0,917,-0.43,-0.36,1.309,9.23,11.26,-7.6,R
,993891,1071,0,901,-0.18,-0.290,1.189,10.01,-.08,-1097,R
,993921,1081,0,854,0.02,-0.304,1.090,13.46,-1.11,-3.4,R
,993931,1089,0,920,0.08,-0.310,1.080,13.95,-909,-0.13,R
,993951,1078,0,3917,0.037,-0.325,1.079,5.06,-8.27,4.28,R
,993991,1143,0,920,-0.00,-0.34,1.089,17.41,-21.20,10.91,R
,994001,1133,0,863,0.04,-0.382,1.089,21.16,-2.63,13.65,R
,994021,1074,0,856,0.03,-0.38,1.092,24.82,-18.65,17.07,R
,994061,1159,0,869,-0.34,-0.394,1.094,21.26,-2.08,23.30,R
,994081,1115,0,869,-0.41,-0.39,1.092,21.66,-21.11,24.94,R
,994091,1122,0,938,-0.049,-0.397,1.099,21.86,-9.67,24.83,R
,994121,1175,0,841,-0.77,-0.404,1.057,18.45,-1.95,26.17,R
,994131,1161,0,924,-0.87,-0.47,1.031,18.36,-22.98,2747,R
,994141,1224,0,845,-0.082,-0.435,1.000,21.03,-4.98,28.33,R
,994151,1235,0,927,-0.067,-0.435,0.944,23.45,-4.98,26.91,R
,994191,1104,0,927,0.03,-0.43,0.650,19.95,-20.04,22.8,R
,994211,1075,0,945,0.25,-0.227,0.430,-9.21,5.03,2.08,R
,994251,1072,0,930,-0.021,-0.477,0.500,0.39,-356,5.82,R
,994271,1078,0,3933,-0.012,-0.45,0.521,-2.20,-5.29,-1.2,R
,994291,1087,0,929,-0.77,-0.40,0.578,-5.55,140,-5.0,R
,994301,1093,0,854,-0.49,-0.448,0.646,-3.82,8.56,-3.90,R
,994341,1109,0,854,-0.33,-0.41,0.831,-21.82,2.41,-12.80,R
,994401,1175,0,859,-0.87,-0.374,0.889,-10.51,7.67,-14.38,R
,994431,1151,0,945,-0.88,-0.36,0.896,-20.71,25.95,-1.87,R
,994451,1204,0,930,-0.81,-0.42,0.924,-24.13,3.61,-22.39,R
,994481,1219,0,3855,-0.15,-0.32,0.900,-12.78,3.58,-18.30,R
,994521,1281,0,849,0.02,-0.38,0.800,-16.37,20.15,-20.36,R
,994531,1281,0,927,0.07,-0.406,0.787,15.96,18.05,-2163,R
,994551,1281,0,952,0.13,-0.38,0.749,14.04,12.10,-20.94,R
,994571,1299,0,972,0.01,-0.365,0.828,19.29,22.16,-23.08,R
,994601,1313,0,873,0.07,-0.411,1.143,-18.66,18.39,-17.13,R
,994711,1250,0,938,0.03,-0.312,1.336,9.22,-20.05,2.31,R
,994721,1238,0,3845,0.020,-0.310,1.253,21.70,-2.07,2.9,R
,994731,1243,0,935,0.00,-0.29,1.209,21.00,-27.49,2.6,R
,994761,1169,0,856,0.057,-0.35,1.108,19.83,-3.34,11.5,R
,994771,1163,0,925,0.04,-0.35,1.102,20.22,-3.43,13.21,R
,994801,1222,0,3851,-0.008,-0.374,1.081,20.33,-7.98,2173,R
,994891,1200,0,954,-0.59,-0.33,1.095,20.16,-7.59,3084,R
,994921,1229,0,856,-0.09,-0.38,1.068,29.51,-37.95,3338,R
,995031,1081,0,959,0.09,-0.468,0.459,9.43,-7.23,15.18,R
,995111,1109,0,3948,-0.010,-0.43,0.622,3.61,30.27,-1.6,R
,995141,1119,0,855,-0.50,-0.45,0.763,-26.33,0.73,-15.80,R
,995151,1090,0,3945,-0.055,-0.45,0.795,-29.41,23.73,-1.21,R
,995221,1126,0,835,-0.42,-0.41,0.959,-26.10,32.95,-19.49,R
,995231,1115,0,954,-0.36,-0.44,0.934,-22.97,31.21,-20.58,R
,995261,1130,0,3843,-0.037,-0.361,0.894,-26.77,29.53,-22.97,R
,995271,1201,0,961,-0.33,-0.30,0.909,-30.46,29.24,-2.41,R
,995301,1266,0,3847,-0.000,-0.382,0.943,-38.25,23.29,-19.17,R
,995331,1325,0,941,0.05,-0.38,0.865,-28.42,1.95,-21.86,R
,995341,1334,0,841,0.03,-0.376,0.804,26.55,10.48,-21.81,R
,995371,1363,0,956,0.152,-0.30,0.758,20.25,16.54,-18.22,R
,995381,1392,0,846,0.11,-0.28,0.847,-26.98,3.14,-16.16,R
,995461,1393,0,3849,-0.50,-0.31,1.650,-2.46,027,1.61,R
,995491,1367,0,3964,0.00,-0.37,1.463,12.88,-20.13,3.33,R
,995541,1435,0,855,0.04,-0.34,1.096,3.40,-34.16,7.82,R
,995551,1423,0,3954,0.050,-0.346,1.074,25.00,-33.01,11.1,R
,995591,1389,0,985,0.005,-0.380,1.056,17.22,-37.37,18.9,R
,995631,1371,0,3959,0.019,-0.388,1.062,25.89,-36.34,28.68,R
,995651,1359,0,3954,0.006,-0.391,1.066,28.67,-37.92,29.45,R
,995661,1358,0,849,-0.14,-0.380,1.056,28.88,-37.58,2936,R
,995701,1301,0,3856,-0.066,-0.49,1.034,22.22,-9.52,25.18,R
,995711,1300,0,954,-0.086,-0.414,0.998,26.76,-52.77,24.08,R
,995721,1236,0,3846,-0.71,-0.425,0.970,30.65,-54.13,21.58,R
,995731,1235,0,964,-0.080,-0.428,0.913,32.91,-54.40,19.81,R
,995751,1241,0,968,-0.057,-0.433,0.816,33.11,-52.24,18.26,R
,995761,1237,0,852,-0.42,-0.421,0.743,32.13,-45.49,19.90,R
,995821,1185,0,827,-0.94,-0.54,0.596,12.39,-9.11,11.6,R
,995851,1098,0,985,-0.033,-0.555,0.517,1.00,-1.27,4.68,R
,995901,1168,0,850,0.03,-0.41,0.635,1.79,20.70,0.28,R
,995911,1154,0,975,0.07,-0.428,0.689,-17.79,20.88,-7.89,R
,995931,1201,0,966,-0.012,-0.469,0.757,-24.80,6.22,-1203,R
,995941,1227,0,841,0.00,-0.46,0.790,27.14,4.19,-12.85,R
,995981,1265,0,3850,0.09,-0.40,0.823,11.18,30.79,-11.75,R
,996001,1282,0,853,0.087,-0.421,0.877,-21.39,37.24,-1771,R
,996041,1296,0,856,0.048,-0.43,0.892,32.80,20.25,-29.95,R
,996051,1283,0,949,0.083,-0.445,0.891,-27.97,15.57,-3120,R
,996071,1318,0,935,0.157,-0.423,0.847,-21.49,12.62,-3200,R
,996121,1339,0,854,0.27,-0.34,0.711,20.40,19.63,-30.38,R
,996131,1342,0,947,0.229,-0.322,0.750,-23.30,17.73,-33.02,R
,996141,1340,0,856,0.14,-0.322,0.842,-31.68,16.34,-36.93,R
,996151,1323,0,983,0.15,-0.346,0.946,-38.60,14.01,-3919,R
,996161,1360,0,862,0.19,-0.370,1.071,-45.85,16.05,-3514,R
,996191,1255,0,977,0.02,-0.34,1.555,-35.01,26.25,-5.92,R
,996201,1269,0,856,0.059,-0.333,1.677,-22.46,28.33,-1.1,R
,996221,1338,0,851,0.09,-0.29,1.788,-7.04,10.53,-4.55,R
,996241,1341,0,3856,0.07,-0.25,1.701,.02,-9.55,-0.79,R
,996251,1348,0,952,0.18,-0.234,1.612,2.61,-9.87,4.25,R
,996261,1344,0,3852,0.148,-0.28,1.509,5.35,-1450,4.40,R
,996281,1318,0,851,0.159,-0.284,1.324,15.80,-2.35,7.6,R
,996291,1344,0,929,0.15,-0.282,1.263,17.22,-26.07,7.4,R
,996321,1342,0,3852,0.176,-0.305,1.121,17.64,-37.09,11.00,R
,996331,1345,0,3901,0.178,-0.312,1.091,17.41,-36.02,13.70,R
,996371,1319,0,3921,0.116,-0.32,1.067,9.46,-26.72,23.3,R
,996391,1341,0,3930,0.124,-0.385,1.077,20.09,-29.08,28.7,R
,996401,1347,0,3858,0.109,-0.377,1.072,21.52,-29.41,30.4,R
,996411,1342,0,940,0.17,-0.37,1.069,0.82,-30.95,30.8,R
,996421,1343,0,860,0.12,-0.40,1.060,0.42,-3.76,28.1,R
,996441,1340,0,853,0.09,-0.39,1.059,2.96,-39.64,25.04,R
,996461,1349,0,866,0.04,-0.41,1.034,19.57,-36.95,24.4,R
,996471,1347,0,949,0.06,-0.42,1.011,16.13,-35.63,23.97,R
,996481,1347,0,859,0.058,-0.437,0.993,15.51,-35.32,24.9,R
,996491,1349,0,947,0.06,-0.441,0.969,17.16,-3.24,25.8,R
,996521,1327,0,859,0.15,-0.44,0.786,19.02,-15.59,14.2,R
,996531,1303,0,952,0.06,-0.468,0.781,31.16,-28.11,22.4,R
,996541,1284,0,856,0.13,-0.437,0.705,24.62,-24.59,16.5,R
,996601,1168,0,850,0.103,-0.567,0.412,4.51,-1221,-0.0,R
,996631,1226,0,942,0.00,-0.57,0.440,-3.04,18.65,-2.82,R
,996641,1219,0,856,0.08,-0.59,0.456,10.51,19.93,-1056,R
,996671,1248,0,947,0.044,-0.57,0.565,3.73,17.43,-15.80,R
,996701,1274,0,865,0.06,-0.551,0.691,-24.42,29.08,-2590,R
,996721,1264,0,860,0.02,-0.500,0.751,-21.87,3.96,-2314,R
,996731,1279,0,952,0.043,-0.51,0.794,-20.34,37.28,-2667,R
,996761,1306,0,867,0.030,-0.449,0.821,-22.25,3.89,-3627,R
,996791,1296,0,943,0.069,-0.433,0.839,-38.26,3.09,-3709,R
,996801,1296,0,862,0.059,-0.442,0.848,-40.23,37.06,-3813,R
,996811,1268,0,933,0.066,-0.466,0.874,-39.29,3.41,-3751,R
,996851,1296,0,936,0.08,-0.441,0.827,-25.72,35.44,-3177,R
,996871,1297,0,935,0.13,-0.411,0.768,-24.92,38.39,-26.41,R
,996901,1286,0,869,0.18,-0.380,0.768,-31.50,33.12,-30.79,R
,996931,1207,0,931,0.18,-0.39,0.969,-41.04,26.80,-30.01,R
,996941,1168,0,862,0.04,-0.439,1.081,-34.92,2.84,-1497,R
,996951,1168,0,945,0.07,-0.460,1.116,-37.85,3.30,-1525,R
,997001,1191,0,862,0.06,-0.381,1.497,-18.17,31.93,3.29,R
,997061,1359,0,858,0.15,-0.409,1.198,3.02,2.2,14.62,
,997091,1343,0,934,0.14,-0.413,1.142,16.39,-10.82,13.9,R
,997101,1346,0,862,0.11,-0.40,1.115,16.82,-13.69,14.0,R
,997111,1328,0,940,0.152,-0.437,1.094,13.28,-17.27,14.1,R
,997151,1375,0,952,0.18,-0.468,1.080,18.56,-2.38,21.4,R
,997171,1370,0,955,0.17,-0.470,1.071,24.45,-2.18,22.4,R
,997181,1371,0,861,0.11,-0.456,1.068,26.06,-2.07,21.3,R
,997201,1359,0,3871,0.090,-0.43,1.052,24.12,-28.47,21.91,R
,997211,1339,0,952,0.05,-0.43,1.078,22.04,-28.68,24.29,R
,997221,1355,0,865,0.06,-0.43,1.061,19.78,-28.91,27.30,R
,997271,1306,0,971,-0.052,-0.46,1.106,11.34,-17.21,30.92,R
,997291,1310,0,959,-0.070,-0.486,1.097,20.54,-0.62,3144,R
,997311,1315,0,3952,-0.89,-0.51,1.013,21.08,-28.01,29.00,R
,997381,1264,0,859,-0.059,-0.547,0.524,24.07,-5.15,2878,R
,997491,1189,0,3959,0.102,-0.59,0.504,-4.43,27.78,-3.9,R
,997501,1199,0,3856,0.095,-0.56,0.518,-14.31,37.58,-1106,R
,997541,1328,0,861,-0.68,-0.540,0.744,-25.67,9.15,-1.63,R
,997561,1343,0,3857,-0.59,-0.555,0.817,-24.28,4.79,-2.97,R
,997571,1349,0,979,-0.60,-0.540,0.839,-26.08,32.10,-29.86,R
,997591,1318,0,943,-0.55,-0.527,0.876,-23.14,32.82,-30.35,R
,997601,1330,0,848,-0.66,-0.492,0.875,-24.19,38.88,-2.22,R
,997611,1367,0,3953,-0.073,-0.45,0.894,-26.46,44.04,-28.56,R
,997701,1355,0,3850,0.048,-0.47,0.714,-31.97,9.84,-35.55,R
,997721,1370,0,3853,0.149,-0.47,0.699,21.61,5.02,-41.9,R
,997761,1389,0,855,0.05,-0.378,0.929,-37.44,35.73,-38.93,R
,997791,1435,0,985,-0.85,-0.463,1.349,-31.65,17.20,-25.72,R
,997841,1362,0,856,-0.101,-0.43,1.837,-4.05,4.51,-8.27,R
,997861,1380,0,3855,-0.74,-0.387,1.599,13.32,-.59,2.2,R
,997881,1361,0,842,0.03,-0.403,1.389,20.74,-20.13,5.7,R
,997901,1347,0,845,0.04,-0.401,1.230,6.57,-26.79,7.7,R
,997911,1349,0,974,0.02,-0.406,1.160,28.10,-26.79,10.68,R
,997931,1387,0,977,0.00,-0.413,1.078,25.89,-3.79,15.3,R
,997941,1393,0,852,0.03,-0.424,1.057,25.35,-3.57,15.7,R
,997971,1389,0,4003,0.02,-0.449,1.055,27.28,-3.89,24.68,R
,998001,1379,0,845,0.04,-0.462,1.047,8.27,-25.32,35.99,R
,998131,1411,0,016,-0.46,-0.44,0.697,47.35,-44.69,2397,R
,998321,1399,0,3847,-0.022,-0.551,0.856,-6.77,3.16,-7.20,R
,998401,1383,0,3856,-0.013,-0.468,0.877,-21.21,46.83,-18.30,R
,998461,1419,0,855,0.02,-0.559,0.891,20.72,22.89,-18.62,R
,998491,1426,0,985,0.11,-0.616,0.899,31.52,17.66,-2232,R
,998521,1413,0,845,0.28,-0.587,0.905,-30.52,2.77,-3282,R
,998611,1420,0,998,0.53,-0.998,1.356,69.29,-31.18,-8.32,R
,998861,1381,0,3849,0.15,-0.403,0.874,2.33,-5237,78.11,R
,998871,1386,0,4008,0.21,-0.437,0.883,.51,-45.26,78.5,R
,998911,1379,0,4010,0.203,-0.563,0.922,5.22,-31.03,77.7,R
,999061,1330,0,3844,0.13,-0.641,0.283,20.71,-34.01,38.19,R
,999331,1461,0,034,0.18,-0.679,0.719,-11.59,2.09,-18.87,R
,999361,1439,0,846,0.16,-0.60,0.627,-9.65,12.99,-26.7,R
,999491,1427,0,4027,0.11,-0.669,1.639,.20,6.36,6.86,"R999501bb¢brbjdbrbrbjrbbR"
,999561,1422,0,837,0.21,-0.63,1.102,30.80,-17.11,14.6,R
,999641,1430,0,3845,0.172,-0.646,0.924,22.85,-24.98,37.03,R
,999701,1443,0,3847,0.130,-0.647,0.928,20.71,-2.43,31.9,R
,999801,1407,0,3846,-0.006,-0.620,0.600,25.05,-0.71,2120,R
,1000171,1291,0,4034,0.322,-0.898,0.899,-52.20,4.63,-6.18,R
,100019,1231,0,4048,0.371,-0.950,0.909,-48.19,14.14,-2.84,R
,1000231,1293,0,4044,0.65,-0.70,1.084,-58.54,4.10,-71.69,R
,100027,1232,0,4048,0.208,-0.662,1.399,-55.84,-11.43,-62.80,R
,100029,1232,0,4051,0.98,-0.575,1.493,-42.05,17.58,-5.38,R
,100032,1207,0,3852,0.03,-0.46,1.206,-21.36,-16.02,-7.92,R
,1000471,1247,0,4079,0.295,-0.561,0.802,-5.79,-0.18,1339,R
,100054,1279,0,3847,0.230,-0.639,0.637,9.92,-61.29,11.84,R
,1000721,1215,0,3847,0.340,-0.733,0.068,13.00,841,6.58,R
,1000781,1303,0,3843,0.394,-0.745,0.332,-6.49,25.79,5.94,R
,100121,1616,0,4048,0.407,-0.72,0.787,20.36,-55.63,3626,R
,1001471,1037,0,4079,0.332,-0.72,-0.170,8.18,-5.96,13.7,R
,1001611,1155,0,4047,0.250,-0.84,0.521,-10.43,14.60,-2.16,R
,100164,1275,0,3845,0.05,-0.86,0.529,-18.39,48.60,-9.16,R
,100172,1458,0,3847,0.314,-0.856,0.583,-23.47,17.09,-2.52,R
,1002131,1475,0,4051,0.227,-0.630,0.636,-16.23,74.45,-5.31,R
,100220,994,0,856,0.09,-0.408,1.111,36.62,8350,-12.7,R
,100223,1356,0,4063,0.190,-0.39,1.159,63.63,73.89,-7.61,R
,1002251,1353,0,4078,0.258,-0.42,1.159,88.51,85.18,-4.84,R
,1002261,1376,0,3843,0.295,-0.43,1.158,102.09,93.26,-5.29,R
,1002341)bbªrbjrbrbrbrbrbRJH1002351,1313,0,4061,0.035,-0.25,1.085,167.41,142.01,3.23,R
,1002361,1261,0,3854,0.016,-0.190,1.128,168.83,144.57,4.06,R
,100241,1098,0,4054,-0.062,-0.126,1.048,182.90,134.33,5.90,R
,1002451,1071,0,4075,-0.076,-0.84,0.961,171.58,95.93,89.12,R
,100247,935,0,065,-0.74,-0.066,0.966,163.61,8.62,8775,R
,100251,881,0,080,-0.06,-0.159,0.966,150.67,73.95,9501,R
,1002521,851,0,3856,0.067,-0.13,0.964,148.62,79.76,93.47,R
,100253,855,0,082,0.05,-0.146,0.957,146.45,82.70,91.6,R
,100257,871,0,085,-0.03,-0.13,1.019,96.18,58.15,53.7,R
,1002701,1259,0,3836,-0.276,0.115,0.998,36.47,75.18,36.8,R
,1002741,1105,0,3856,-0.316,0.14,1.146,11.05,72.11,31.56,R
,1002781,1218,0,3858,-0.341,0.19,1.098,8.68,59.96,27.5,R
,100281,1245,0,4095,-0366,0.14,1.055,5.02,63.90,23.82,R
,100287,1315,0,4094,-0.413,0.157,1.022,-13.44,33.12,0.2,R
,1002971,1066,0,4086,-0.586,0.310,0.831,-10.69,30.27,-1.16,R
,100298,950,0,854,-0.29,0.325,0.845,-9.49,30.31,-9.63,R
,1002991,944,0,4078,-0.649,0.31,0.872,-9.09,28.83,-7.7,R
,100300,942,0,857,-0.59,0.31,0.897,-7.01,28.24,-4.30,R
,100303)bbʂbjrbrºbr²brbrbrbRJ100304,934,0,850,-0.542,0.262,0.839,1.96,28.7,8.25,
,100306,878,0,854,-0.477,0.255,0.732,5.98,28.80,5.71,R
,100307,849,0,086,-0.71,0.220,0.883,5.32,25.81,0.17,R
,100310,771,0,856,-0.21,0.28,0.957,2.30,28.01,-11.7,R
,100312,770,0,852,-0.591,0.307,0.868,-2.95,2199,-5.5,R
,1003141,723,0,3853,-0.621,0.277,0.852,14.54,11.57,4.0,R
,1003171,701,0,4084,-0.552,0.259,0.821,-14.14,-.21,4.7,R
,100318,694,0,854,-0.523,0.264,0.806,-16.62,-.24,1.5,R
,100319,693,0,048,-0.28,0.280,0.792,-14.46,-7.53,-1.4,R
,1003201,685,0,855,-0.11,0.249,0.804,-13.26,-2.77,-3.89,R
,100321,667,0,059,-0.467,0.247,0.807,-13.70,228,-6.9,R
,100322,654,0,858,-0.26,0.37,1.126,-15.21,17.95,-10.27,R
,100323,657,0,080,-0.462,0.263,0.840,-24.46,1.26,-6.9,R
,100326,661,0,860,-0.73,0.18,0.874,-10.62,6.82,5.35,R
,100327,657,0,095,-0.49,0.188,0.837,-4.19,4.6,4.75,
,100328,658,0,856,-0.44,0.202,0.811,-1.70,1.24,2.36,R
,1003301,640,0,3856,-0.567,0.246,0.771,-4.45,-3.81,-3.60,R
,100332,604,0,3857,-0.89,0.276,0.784,-11.43,-.04,-5.3,R
,100333,597,0,087,-0.86,0.25,0.803,-13.32,-1.12,-5.71,R
,100338,419,0,876,-0.76,0.247,0.845,-1.06,5.78,-14.6,R
,100341,427,0,095,0.30,0.409,0.241,-31.21,12.79,-45.6,R
,100342,448,0,858,-0.65,0.156,0.677,-5.79,-221,-12.1,R
,1003431,509,0,4095,-0.592,0.240,0.772,-8.02,1.4,-11.8,R
,1003441,450,0,3856,-0.807,0.058,1.207,3.94,-349,-20.2,R
,100345,270,0,095,-0.56,0.229,0.814,-9.84,0.3,-12.09,R
,100346,321,0,3847,-0.551,0.208,0.794,-12.51,0.57,-13.7,R
,100347,158,0,080,-0.553,0.194,0.798,-6.72,-036,-17.1,R
,100352,0,0,389,-0.63,0.224,.848,5.2,-3.53,-22.56,
,100354,0,0,3850,-0.62,0.242,0.852,-3.03,-2.43,-14.21,R
,100362,511,0,873,-0.77,0.147,0.736,5.09,7.8,-7.31,
,1003711,446,0,4055,-0.564,0.152,0.880,.54,-23.03,-20.6,R
,100374,427,0,3838,-0.539,0.099,0.773,7.29,5.00,-19.8,R
,100376,607,0,853,-0.09,0.144,0.832,22.62,10.57,-21.63,R
,100377,611,0,095,-0.36,0.158,0.814,27.25,1.29,-19.9,R
,100378,597,0,847,-0.74,0.14,0.783,24.62,-7.69,-18.9,R
,100380,612,0,851,-0.72,0.177,0.768,26.22,-12.47,-13.02,R
,100381,610,0,095,-0.53,0.170,0.792,22.36,-12.47,-11.37,R
,100382,583,0,851,-0.69,0.144,0.890,7.32,-511,-13.5,R
,100385,397,0,4080,-0.600,0.11,0.850,10.03,-5.40,-21.38,R
,100389,687,0,051,-0.629,0.112,0.812,8.83,-12.54,-1786,R
,1003901,782,0,3855,-0.630,0.13,0.768,23.11,-7.63,-13.2,R
,100391,773,0,095,-0.609,0.135,0.773,7.11,-2.65,-7.7,R
,100392,778,0,853,-0.577,0.136,0.800,2.82,-0.60,-7.4,R
,100396,897,0,3845,-0.649,0.28,0.704,27.48,-11.96,-16.06,R
,100411,1435,0,4046,-0.530,0.199,0.891,42.10,26.73,-3.09,R
,1004231,1530,0,4032,-0.540,0.321,0.773,41.98,25.28,8.19,R
,100431,1475,0,3993,-0.534,0.40,0.691,32.88,23.87,10.0,R
,100452,917,0,856,-0.82,0.516,0.589,3.34,3111,21.01,R
,100454,874,0,3866,-0.671,0.56,0.586,38.24,42.27,32.6,R
,100455,881,0,047,-0.68,0.540,0.591,38.86,51.93,39.4,R
,100459,767,0,007,-0.54,0.577,0.515,40.82,44.86,34.6,R
,100461,706,0,026,-0.73,0.589,0.457,41.89,33.89,22.3,R
,1004621,695,0,3858,-0.708,0.63,0.425,7.37,3195,18.16,R
,100468,832,0,3856,-0.713,0.60,0.402,17.25,19.69,10.1,R
,100470,852,0,3858,-0.690,0.59,0.420,17.48,18.66,10.2,R
,1004721,895,0,3859,-0.690,0.61,0.435,14.64,17.98,10.1,R
,100474,912,0,858,-0.78,0.629,0.454,3.16,20.02,14.45,R
,100476,922,0,871,-0.710,0.65,0.484,-13.06,13.67,14.2,R
,1004781,912,0,3856,-0.692,0.62,0.559,-11.17,3.55,16.7,R
,100483,922,0,031,-0.633,0.60,0.444,-10.86,3.75,10.8,R
,1004851,906,0,4033,-0.660,0.60,0.400,12.23,2.56,9.38,R
,1004881,881,0,3856,-0.642,0.610,0.450,0.51,-5.35,9.78,
,1004941,894,0,3862,-0.640,0.590,0.517,23.89,-4.53,-0.5,R
,1004971,867,0,4055,-0.650,0.61,0.463,0.21,-1.38,0.81,R
,100498,867,0,858,-0.37,0.620,0.450,28.35,0.44,1.97,
,100499	bbbjrbrbrbrbrbrbRJH100500,858,0,859,-0.40,0.610,0.436,7.72,8.45,8.60,
,1005061,863,0,3856,-0.678,0.73,0.365,43.31,11.64,10.08,R
,1005071,875,0,4095,-0.646,0.699,0.353,40.97,9.79,8.51,
,100508,848,0,856,-0.45,0.717,0.345,0.36,7.61,2.72,R
,100511,912,0,095,-0.21,0.666,0.335,7.90,13.15,-8.74,R
,100512,917,0,850,-0.29,0.651,0.333,25.57,1966,-8.30,R
,100515,883,0,095,-0.72,0.663,0.346,27.19,25.92,-1.7,R
,100516,877,0,854,-0.72,0.684,0.332,26.82,23.64,-0.5,R
,100520,900,0,853,-0.53,0.710,0.312,3.11,19.87,0.00,R
,100521,875,0,095,-0.633,0.70,0.298,13.89,21.12,-1.7,R
,100523,913,0,095,-0.48,0.678,0.289,4.64,2201,-6.50,R
,1005241,901,0,3853,-0.59,0.686,0.280,16.13,1891,-6.3,R
,100526,895,0,848,-0.70,0.689,0.282,19.34,15.89,-4.9,R
,100528,912,0,839,-0.81,0.70,0.273,9.51,19.75,-3.86,R
,100530,912,0,840,-0.85,0.701,0.260,5.09,2175,-4.0,R
,100532,916,0,849,-0.05,0.683,0.261,5.19,2076,-4.3,R
,100536,902,0,848,-0.94,0.696,0.232,.74,9.2,-6.45,
,100538,880,0,845,-0.10,0.69,0.232,.70,12.24,-4.67,R
,100539,870,0,095,-0.02,0.68,0.243,.43,14.08,-4.42,R
,100551,877,0,095,-0.15,0.66,0.233,.18,5.75,-5.14,R
,100552,907,0,844,-0.15,0.651,0.234,1.60,6.8,-5.00,
,1005531,871,0,4095,-0.06,0.651,0.231,2.90,8.7,-2.70,
,100557,903,0,095,-0.06,0.67,0.230,5.43,12.42,-0.58,!5
,100558,880,0,842,-0.24,0.686,0.223,.35,11.5,1.44,
,100560,901,0,3847,-0.709,0.700,0.221,4.19,0.85,-2.19,R
,1005641,907,0,3845,-0.705,0.679,0.204,-1.55,-0.53,-1.3,R
,1005661,912,0,3847,-0.708,0.666,0.210,0.86,-0.56,-1.06,!5
,100567,905,0,095,-0.07,0.664,0.207,.20,-1.1,-0.13,R
,100571,915,0,095,-0.97,0.65,0.243,0.20,3.4,0.55,R
,100572,912,0,3850,-0.03,0.66,0.250,.04,3.21,0.33,R
,1005731,898,0,095,-0.13,0.67,0.251,3.40,2.04,0.72,R
,100577,869,0,4095,-0.10,0.68,0.218,0.83,2.24,1.20,R
,1005801,898,0,3852,-0.711,0.694,0.188,-0.45,-2.89,0.16,R
,100581,902,0,095,-0.03,0.67,0.191,-1.75,-0.74,0.43,R
,1005841,875,0,3847,-0.715,0.66,0.208,.10,-0.0,-0.03,R
,100585	bbʪbjrbbrbrbjrʪbrbRJ1005861,875,0,3854,-0.698,0.677,0.203,1.78,-0.83,0.62,
,100587,862,0,095,-0.00,0.67,0.202,0.85,0.59,-0.50,R
,1005881,861,0,3839,-0.707,0.682,0.210,0.54,0.28,-0.73,R
,1005891,858,0,4095,-0.712,0.683,0.203,0.86,-0.3,0.25,
,100590,849,0,3856,-0.703,0.687,0.207,1.63,-1.0,0.36,
,1005911,826,0,4095,-0.697,0.686,0.201,1.69,-1.20,0.20,RJ100592	bbªbjrʲbrʪbrbrbjrbrbR
,1005931,815,0,4095,-0.699,0.690,0.217,0.42,0.2,0.43,R
,1005951,816,0,095,-0.707,0.684,0.204,3.22,0.11,0.00,R
,1005961,829,0,3854,-0.710,0.693,0.193,2.21,-0.3,1.07,
,100598,848,0,850,-0.98,0.70,0.193,-2.94,-4.08,0.68,R
,100600,849,0,853,-0.99,0.69,0.211,-3.75,-3.79,-1.74,R
,100601,855,0,095,-0.99,0.696,0.213,2.78,-418,-0.91,R
,1006031,853,0,095,-0.98,0.69,0.221,1.99,-318,-1.2,R
,100604,849,0,867,-0.97,0.69,0.229,-3.17,-364,-3.2,R
,1006081,834,0,3852,-0.707,0.662,0.224,6.72,-764,-4.77,R
,100610,824,0,3849,-0.690,0.649,0.215,-2.65,-8.10,-5.28,R
,1006141,807,0,3853,-0.719,0.694,0.228,1.32,-1300,-8.8,R
,100617,747,0,095,-0.729,0.700,0.199,-6.25,-2.86,-1685,R
,100618,641,0,856,-0.730,0.693,0.211,-9.88,-2.23,-1767,R
,100620,649,0,3853,-0.710,0.644,0.250,-8.72,-17.53,-15.80,R
,100621,701,0,095,-0.04,0.643,0.249,-3.70,-1.53,-1227,R
,100622,714,0,845,-0.14,0.64,0.255,.96,-1366,-11.0,R
,100624,730,0,855,-0.33,0.644,0.234,-2.95,-12.10,-11.75,R
,100625,749,0,095,-0.29,0.634,0.264,8.86,-1.37,-11.19,R
,1006261,751,0,3846,-0.726,0.636,0.264,-9.21,-12.80,-10.29,R
,100628,758,0,854,-0.28,0.63,0.288,5.00,-781,-6.0,R
,100631,778,0,4095,-0.715,0.694,0.253,.03,0.4,-8.55,
,1006381,716,0,3845,-0.724,0.621,0.233,-2.39,15.63,-10.29,R
,1006401,715,0,3849,-0.729,0.597,0.262,-12.60,14.89,-7.72,R
,100646,624,0,849,-0.84,0.67,0.275,1.15,2969,-5.4,R
,100654,887,0,852,-0.85,0.65,0.208,20.46,851,-4.5,R
,100655,893,0,4095,-0.88,0.651,0.148,-18.60,1.16,-3.77,R
,100658,859,0,845,-0.18,0.634,0.197,-35.61,195,-0.0,R
,100661,923,0,095,-0.03,0.62,0.243,43.84,-3.73,1010,R
,100662,957,0,856,-0.75,0.62,0.254,-41.82,-4.68,1394,R
,100667,955,0,095,-0.34,0.629,0.253,-39.82,-.69,15.2,R
,100669,880,0,095,-0.72,0.62,0.300,48.54,-0.95,1091,R
,100670,898,0,861,-0.72,0.618,0.337,-51.24,-17.44,8.68,R
,1006711,900,0,4095,-0.753,0.597,0.337,-48.05,-2.27,6.00,R
,100672,943,0,3859,-0.745,0.591,0.347,-43.43,-5.89,5.81,R
,100673,921,0,095,-0.38,0.585,0.361,-39.53,-26.21,4.4,R
,100675,887,0,095,-0.73,0.59,0.339,34.17,-9.20,-513,R
,100676,927,0,856,-0.68,0.581,0.334,-36.97,-17.82,-10.53,R
,100677,837,0,4095,-0.693,0.575,0.368,-40.75,-21.34,-12.99,R
,100678,833,0,855,-0.680,0.536,0.391,-46.52,-1.46,-1.47,R
,1006791,824,0,4095,-0.674,0.520,0.419,-44.75,-6.94,-1.06,R
,1006801,826,0,3853,-0.714,0.556,0.391,-36.88,-31.98,-18.94,R
,100681,811,0,095,-0.01,0.551,0.411,-30.43,-24.30,-19.43,R
,100684,805,0,856,-0.00,0.533,0.423,-21.00,-10.86,-20.38,R
,1006881,766,0,3858,-0.669,0.517,0.370,-18.54,-7.43,-19.43,R
,100689,797,0,095,-0.552,0.357,0.449,20.05,-1.87,-3.16,R
,100691,788,0,095,-0.58,0.466,0.469,-10.43,277,-13.9,R
,100694,710,0,3856,-0.669,0.466,0.469,.41,10.8,-16.3,R
,100698,810,0,866,-0.660,0.462,0.533,.84,9.9,-7.74,R
,100699,809,0,087,-0.87,0.466,0.519,13.19,17.82,-3.75,R
,1007061,882,0,3861,-0.23,0.42,0.363,30.39,2239,-0.19,R
,100711,919,0,094,-0.90,0.51,0.354,6.85,5827,10.3,R
,1007121,907,0,3858,-0.752,0.530,0.326,58.82,6260,13.0,R
,1007131,1011,0,4095,-0.779,0.578,0.163,67.49,6.18,13.7,R
,1007151,1008,0,4095,-0.796,0.623,0.230,56.67,63.06,16.0,R
,100719,997,0,095,-0.59,0.66,0.172,49.35,5018,14.2,R
,1007301,1034,0,3866,-0.858,0.693,0.114,11.51,16.05,15.70,R
,1007331,1019,0,4059,-0.847,0.740,0.083,-3.17,-8.56,8.08,R
,1007361,983,0,3866,-0.52,0.62,0.152,-12.94,-8.63,3.0,R
,100737,999,0,092,-0.719,0.604,0.160,-10.55,-12.79,3.4,R
,1007481,1077,0,3859,-0.769,0.612,0.170,-7.70,-23.82,4.62,R
,1007521,1134,0,3856,-0.786,0.631,0.199,-5.93,-7.18,5.6,R
,1007561,1173,0,3863,-0.767,0.654,0.208,-0.34,-5.34,8.6,R
,1007581,1163,0,3873,-0.808,0.706,0.269,-7.81,-9.40,10.4,R
,1007601,1200,0,3870,-0820,0.671,0.260,-19.29,31.05,13.01,R
,1007771,1046,0,4095,-0.732,0.715,0.330,-47.46,-69.03,1.46,R
,1007781,1063,0,3861,-0.721,0.691,0.348,-51.15,-76.10,1.36,R
,1007791,1066,0,4095,-0.721,0.696,0.336,-53.20,-80.69,1.64,R
,1007851,1110,0,4095,-0.613,0.605,0.410,-61.38,75.27,1.07,R
,1007871,1125,0,4084,-0.628,0.619,0.442,-46.95,52.39,3.00,R
,1008391,1067,0,3904,-0.159,-0.016,1.02,-116.89,-66.77,18.80,R
,100845,1080,0,3904,-0112,-0.219,1.020,-118.7,-72.05,18.54,R
,100846,1083,0,3893,-0.081,-0.52,1.02,-118.9,-74.83,16.36,R
,1008681,945,0,3875,0.03,-0.47,0.897,-56.62,-35.78,24.78,R
,100871,941,0,971,0.003,-0.490,0.865,-41.24,-9.32,2345,R
,100874,927,0,872,0.044,-0.500,0.786,-33.20,-4.53,1622,R
,100882,934,0,874,0.01,-0.53,0.699,13.52,-1.93,1944,R
,1008851,934,0,4000,0.00,-0.53,0.705,5.10,-2.69,11.8,R
,1008861,934,0,3874,0.055,-0.53,0.703,0.45,-2.47,10.5,R
,1008871,931,0,3965,0.056,-0.520,0.693,-0.91,-22.68,10.52,R
,1008881,927,0,872,0.057,-0.52,0.676,1.14,-1.80,11.1,R
,1008891,928,0,014,0.02,-0.52,0.670,2.98,-1.26,12.1,R
,100890,909,0,877,0.063,-0.534,0.691,-4.11,-1.95,13.6,R
,1008921,906,0,3872,0.060,-0.555,0.699,-3.64,-698,11.3,R
,100900,863,0,872,0.094,-0.629,0.662,-3.26,1.9,2.80,
,100901,865,0,026,0.09,-0.63,0.664,3.30,6.4,1.67,
,1009021,857,0,873,0.083,-0.633,0.661,2.23,1021,-0.4,R
,100903,775,0,021,0.02,-0.63,0.661,-2.39,1059,-3.4,R
,100904,803,0,870,0.050,-0.626,0.669,3.23,1005,-6.8,R
,100906,804,0,866,0.046,-0.635,0.667,-9.10,8.9,-10.5,R
,100908,797,0,866,0.067,-0.667,0.677,-14.45,1.92,-1332,R
,100909,803,0,022,0.095,-0.69,0.700,14.22,1.00,-1725,R
,1009101,794,0,3866,0.18,-0.72,0.706,-11.96,1.44,-2274,R
,100912,797,0,865,0.108,-0.75,0.685,6.62,1436,-31.3,R
,100913,783,0,031,0.100,-0.75,0.685,4.52,1937,-31.5,R
,1009191,755,0,4011,0.03,-0.67,0.659,16.91,3.05,-3558,R
,100920,754,0,873,0.060,-0.686,0.663,-25.53,32.37,-39.32,R
,100921,752,0,018,0.09,-0.710,0.656,-34.54,24.51,-43.66,R
,1009221,763,0,3867,0.17,-0.727,0.673,38.08,1.53,-4714,R
,1009231,764,0,3998,0.125,-0.746,0.669,-38.19,15.70,-49.93,R
,100925,752,0,4002,0.15,-0.76,0.667,-32.98,1.14,-5074,R
,1009301,752,0,3870,0.19,-0.68,0.626,-39.68,2.19,-5513,R
,100932,765,0,850,0.13,-0.68,0.619,-51.15,16.94,-4792,R
,1009331,764,0,3973,0.17,-0.70,0.624,52.01,1.15,-4494,R
,100936,784,0,875,0.289,-0.738,0.661,-52.28,0.60,-57.7,R
,100939,784,0,992,0.251,-0.686,0.843,-39.88,24.70,-4412,R
,1009401,784,0,3874,0.24,-0.66,0.941,35.84,5.04,-3279,R
,1009411,787,0,4035,0.16,-0.66,1.012,33.88,5.24,-1323,R
,100942,804,0,869,0.187,-0.628,1.158,-34.68,46.33,-4.7,R
,100945,785,0,007,0.161,-0.603,1.469,21.43,2.63,-1538,R
,100947,795,0,980,0.157,-0.586,1.470,12.04,1.53,-8.7,R
,100948,791,0,870,0.159,-0.623,1.413,-8.17,6.10,3.49,R
,100952,781,0,879,0.26,-0.64,1.157,1.52,-6.0,9.20,
,100953,783,0,997,0.25,-0.636,1.118,3.34,-11.81,7.55,R
,100955,782,0,052,0.280,-0.642,1.040,20.61,-16.16,12.13,R
,100958,784,0,879,0.245,-0.60,0.916,1.95,-1.68,20.2,R
,100959,783,0,026,0.26,-0.610,0.897,9.26,-18.45,20.84,R
,100960,782,0,877,0.235,-0.615,0.879,4.07,-2101,22.5,R
,1009611,781,0,4012,0.222,-0.639,0.867,0.61,-25.70,23.71,R
,1009621,782,0,3877,0.211,-0.654,0.885,0.54,-30.30,24.94,R
,1009631,778,0,002,0.28,-0.67,0.888,.45,-3512,24.8,R
,100968,784,0,874,0.153,-0.65,0.831,1.89,-3.54,31.0,R
,100969,785,0,968,0.149,-0.64,0.831,0.30,-3.59,31.2,R
,100971,783,0,004,0.12,-0.68,0.831,14.36,-3.11,30.0,R
,1009721,778,0,3875,0.19,-0.66,0.801,13.03,-3.00,30.0,R
,1009731,763,0,4000,0.086,-0.683,0.771,11.41,-3.61,29.8,R
,1009741,757,0,3871,0.085,-0.703,0.762,12.25,-39.32,27.5,R
,100976,741,0,873,0.077,-0.722,0.691,18.48,-42.11,23.15,R
,100978,768,0,869,-0.70,-0.78,0.600,27.51,-7.52,1686,R
,100979,752,0,017,0.01,-0.70,0.520,7.32,-4.63,13.4,R
,1009821,689,0,867,0.09,-0.68,0.332,25.06,-3.95,3.7,R
,1009901,686,0,3875,0.142,-0.733,0.185,2.83,0.66,2.11,R
,1009941,555,0,3885,0.135,-0.713,0.310,12.73,9.09,-9.28,R
,100995,567,0,984,0.136,-0.693,0.365,-0.89,2044,-11.4,R
,100996,559,0,877,0.17,-0.68,0.413,-10.17,2.71,-1271,R
,100998,567,0,866,0.04,-0.70,0.491,15.06,3.18,-7.0,R
,101002,642,0,872,0.16,-0.693,0.599,-8.43,4676,-15.0,R
,101004,651,0,864,0.12,-0.71,0.629,12.91,39.26,-21.87,R
,101007,658,0,966,0.11,-0.712,0.666,-16.52,4.04,-2299,R
,101008,661,0,879,0.11,-0.70,0.671,14.92,44.45,-20.32,R
,101010,720,0,863,0.168,-0.697,0.692,-16.25,5.09,-1688,R
,1010111,720,0,958,0.19,-0.70,0.678,17.73,46.22,-19.02,R
,1010131,726,0,3954,0.212,-0.707,0.687,-19.03,32.77,-23.00,R
,1010171,768,0,961,0.346,-0.749,0.660,-24.43,8.54,-33.0,R
,1010201,769,0,879,0.39,-0.648,0.764,-29.94,3.59,-3516,R
,101023,773,0,923,0.37,-0.69,1.042,26.26,2.18,-2189,R
,101025,720,0,930,0.31,-0.698,1.198,-16.40,2.53,-1644,R
,101027,720,0,929,0.37,-0.693,1.261,-9.03,2990,-13.81,R
,101029,736,0,943,0.24,-0.613,1.326,-8.86,2259,-12.2,R
,1010311,743,0,942,0.25,-0.610,1.373,-13.06,419,-7.5,R
,101032,739,0,888,0.22,-0.613,1.399,-11.76,-8.27,-6.73,R
,101033,717,0,931,0.240,-0.58,1.289,7.56,-1.67,-1.5,R
,101037,711,0,952,0.34,-0.64,1.114,18.42,-2.49,8.9,R
,1010381,720,0,3886,0.287,-0.631,1.025,16.76,-2.94,8.9,R
,1010401,718,0,3890,0.280,-0.64,0.953,10.90,-3.47,9.5,R
,1010411,715,0,3942,0.264,-0.643,0.916,8.70,-3682,11.9,R
,1010421,710,0,3879,0.251,-0.646,0.904,6.94,-4001,13.2,R
,1010481,714,0,3897,0.177,-0.643,0.826,16.77,-43.89,10.20,R
,1010491,714,0,937,0.154,-0.635,0.805,16.56,-41.46,10.5,R
,101050,715,0,891,0.11,-0.61,0.792,15.87,-3.01,14.6,R
,101052,720,0,894,0.02,-0.627,0.763,14.51,-3.97,18.6,R
,101053,720,0,926,0.09,-0.63,0.761,13.86,-4.40,17.5,R
,101055,722,0,934,0.056,-0.635,0.707,20.56,-4.85,13.7,R
,1010601,705,0,3890,0.031,-0.589,0.503,47.46,-3.78,18.5,R
,1010611,673,0,3927,0.021,-0.589,0.461,52.15,-2.24,21.4,R
,101063,567,0,900,0.064,-0.554,0.344,58.77,-1.44,21.45,R
,101064,343,0,897,0.28,-0.36,0.256,0.94,-0.63,21.1,R
,101068,375,0,904,0.06,-0.59,0.276,4.10,10.89,21.0,R
,101069,382,0,909,0.11,-0.60,0.286,4.74,16.91,20.42,R
,101070,387,0,897,0.113,-0.64,0.305,8.57,19.49,20.9,R
,101071,400,0,895,0.15,-0.64,0.301,5.41,24.13,17.0,R
,1010761,470,0,904,0.162,-0.676,0.533,5.75,40.86,-2.03,R
,101077,467,0,907,0.08,-0.65,0.567,6.73,51.17,-5.20,R
,1010821,464,0,904,0.075,-0.643,0.737,38.24,5918,-16.0,R
,101084,463,0,893,0.091,-0.646,0.778,35.72,4549,-31.6,R
,101085,469,0,890,0.064,-0.617,0.770,1.14,46.77,-34.5,R
,101086,470,0,902,0.049,-0.61,0.791,9.58,51.02,-34.82,R
,1010871,469,0,3867,0.055,-0.615,0.813,0.82,57.40,-34.07,R
,1010881,479,0,911,0.044,-0.58,0.801,0.76,64.60,-31.32,R
,1010901,478,0,3901,0.055,-0.554,0.814,24.12,7543,-33.3,R
,101091,481,0,873,0.08,-0.56,0.843,9.31,87.92,-36.51,R
,101092,475,0,905,0.010,-0.598,0.868,18.36,87.03,-34.30,R
,1010981,451,0,3891,0.105,-0.574,0.838,-16.36,1.86,-4746,R
,1010991,453,0,918,0.160,-0.552,0.808,-29.14,1.02,-5635,R
,101101,458,0,895,0.22,-0.567,0.769,-33.43,2.26,-6221,R
,1011071,674,0,3871,0.106,-0.576,1.357,-24.51,5.89,-2722,R
,1011081,688,0,903,0.139,-0.49,1.487,22.92,52.56,-19.22,R
,101111,688,0,894,0.120,-0.443,1.663,-11.10,2.73,-9.7,R
,1011121,686,0,3893,0.114,-0.413,1.695,-15.17,1.11,-1451,R
,101113,688,0,890,0.109,-0.417,1.684,-16.07,647,-16.2,R
,101114,688,0,893,0.124,-0.406,1.713,-11.47,0.85,-14.0,R
,1011151,677,0,3888,0.19,-0.41,1.670,-4.05,-103,-6.7,R
,101116,687,0,903,0.15,-0.357,1.506,-0.14,4.1,5.01,
,1011171,675,0,3901,0.153,-0.384,1.396,0.56,1.70,9.73,R
,1011211,667,0,3935,0.137,-0.38,1.175,.43,-26.92,10.29,R
,1011221,675,0,891,0.126,-0.381,1.132,6.76,-2802,13.5,R
,101123,671,0,907,0.12,-0.38,1.109,.82,-29.24,18.14,R
,1011251,672,0,891,0.119,-0.394,1.056,2.94,-3266,22.9,R
,101126,671,0,898,0.115,-0.401,1.031,1.48,-3738,23.0,R
,101127,670,0,888,0.103,-0.415,1.032,-0.25,-4.17,22.0,R
,101128,668,0,890,0.03,-0.42,1.025,0.07,-4.20,22.8,R
,101132,671,0,907,0.038,-0.442,1.008,8.36,-4106,33.4,R
,101134,673,0,910,0.053,-0.442,0.991,8.51,-4370,31.3,R
,1011351,672,0,935,0.058,-0.453,0.981,4.99,-4381,29.1,R
,1011381,673,0,3947,-0.031,-0.486,0.968,4.04,-5.24,30.1,R
,101139,671,0,991,-0.016,-0.500,0.957,7.37,-4.32,30.2,R
,1011411,659,0,3954,-0.049,-0.532,0.917,16.44,-7.18,3063,R
,1011431,641,0,3921,-0.020,-0.523,0.826,19.26,-3.29,2332,R
,1011441,598,0,3899,-0.061,-0.544,0.778,18.96,-7.59,1854,R
,101147,400,0,884,0.039,-0.503,0.564,19.41,-5.92,7.2,R
,101148,400,0,899,0.011,-0.540,0.515,19.66,-4.66,7.2,R
,101151,388,0,879,0.011,-0.617,0.431,14.36,-31.84,0.37,R
,1011521,378,0,3888,0.061,-0.569,0.350,.59,-2457,-1.4,R
,101153,383,0,3884,0.038,-0.559,0.345,7.19,-1782,-0.0,R
,101154,383,0,903,0.065,-0.583,0.352,9.54,-1611,-0.0,R
,101155,382,0,875,0.081,-0.565,0.336,7.93,-1132,-3.4,R
,101156,386,0,904,0.084,-0.561,0.338,2.07,-8.1,-10.3,R
,101157,387,0,870,0.083,-0.591,0.350,-3.96,-605,-16.0,R
,1011581,393,0,908,0.063,-0.587,0.510,-4.13,-753,-24.9,R
,101160,398,0,898,0.021,-0.541,0.473,5.28,2.37,-18.42,R
,101161,400,0,879,0.053,-0.515,0.500,-3.15,1257,-20.6,R
,1011701,382,0,3891,0.017,-0.535,0.782,-17.38,3.25,-2990,R
,101171,381,0,855,0.032,-0.540,0.807,-15.44,3.57,-2763,R
,1011731,397,0,3868,0.02,-0.53,0.822,7.47,48.24,-23.48,R
,101174,397,0,911,0.049,-0.507,0.834,-1.94,5706,-24.6,R
,101175,403,0,908,0.068,-0.511,0.853,6.09,69.9,-26.0,R
,101176,427,0,949,0.037,-0.540,0.821,11.58,66.63,-23.7,R
,101178,416,0,930,0.063,-0.463,0.802,-7.43,3224,-25.5,R
,101182,416,0,911,0.131,-0.500,0.771,-20.39,2.79,-3477,R
,101183,416,0,863,0.179,-0.503,0.764,-17.00,3.71,-3429,R
,101185,410,0,863,0.231,-0.517,0.738,9.17,4060,-26.9,R
,1011861,390,0,3900,0.175,-0.62,0.783,12.11,3.55,-2389,R
,101188,409,0,905,0.291,-0.520,0.838,-34.62,33.37,-32.53,R
,101189,417,0,858,0.287,-0.481,0.957,-47.72,3.24,-3273,R
,1011901,410,0,3877,0.262,-0.51,1.071,49.68,3.05,-3441,R
,101192,401,0,891,0.245,-0.587,1.328,37.44,4.92,-2296,R
,101194,605,0,904,0.18,-0.47,1.568,-26.31,59.35,-9.26,R
,1011971,561,0,3859,0.095,-0.49,1.722,16.11,4.35,-3.46,R
,101200,573,0,902,0.127,-0.441,1.635,-2.92,-553,-9.1,R
,101201,573,0,867,0.197,-0.502,1.496,.80,-1856,-10.50,R
,101203,538,0,894,0.179,-0.452,1.356,11.19,-2.89,-5.5,R
,101212,444,0,908,0.065,-0.44,1.062,.13,-40.33,7.21,R
,101214,452,0,910,0.034,-0.462,1.026,3.32,-42.72,10.39,R
,1012151,462,0,858,0.08,-0.45,1.007,7.00,-4.24,12.5,R
,101220,456,0,907,-0.079,-0.438,0.876,23.54,-6.92,1294,R
,101222,446,0,946,-0.138,-0.454,0.844,20.10,-0.80,1266,R
,101224,310,0,931,0.14,-0.38,0.663,7.29,-3.66,4.0,R
,1012311,277,0,859,0.08,-0.429,0.385,73.25,2.01,27.24,R
,101234,349,0,914,0.121,-0.47,0.355,8.85,5.3,9.70,
,1012381,400,0,3913,0.07,-0.57,0.605,1.38,3471,-2.4,R
,101239,403,0,858,0.070,-0.559,0.550,9.45,4007,-2.0,R
,1012421,426,0,3915,0.042,-0.512,0.629,34.07,61.02,-7.22,R
,101243,432,0,857,0.042,-0.52,0.702,2.71,6143,-11.4,R
,101245,563,0,851,0.022,-0.50,0.744,17.92,57.32,-23.17,R
,101249,576,0,856,0.038,-0.48,0.826,.28,44.4,-47.77,R
,1012501,607,0,3914,0.08,-0.51,0.844,0.68,55.05,-54.13,R
,1012541,594,0,920,-0.56,-0.415,0.901,5.51,81.73,-46.07,R
,101260,502,0,915,0.019,-0.42,0.869,26.08,2.08,-6969,R
,101261,505,0,3856,0.00,-0.43,0.841,-26.72,2.55,-6880,R
,1012621,511,0,3906,0.04,-0.428,0.828,-22.89,23.49,-62.80,R
,101263,493,0,3847,0.09,-0.388,0.787,-15.94,27.05,-55.49,R
,101264,486,0,915,0.06,-0.37,0.798,-7.01,32.28,-50.99,R
,1012661,486,0,3942,0.14,-0.33,0.880,0.30,47.7,-48.1,R
,1012671,479,0,3846,0.08,-0.337,0.928,-12.20,45.21,-4381,R
,1012681,449,0,921,0.17,-0.319,1.010,-28.33,35.73,-47.29,R
,101269,439,0,856,0.095,-0.33,1.098,40.23,2.31,-4558,R
,1012831,264,0,858,0.095,-0.26,1.289,8.65,-20.48,15.06,R
,101285,151,0,864,0.054,-0.254,1.204,12.79,-1.37,19.5,R
,101286,223,0,938,0.034,-0.254,1.162,10.44,-1.27,22.1,R
,101288,178,0,937,0.040,-0.27,1.083,6.18,-3363,26.43,R
,1012901,221,0,3938,0.062,-0.318,1.090,1.29,-4280,26.9,R
,101291,242,0,856,0.04,-0.33,1.107,0.56,-43.12,27.94,R
,101293,241,0,843,0.07,-0.34,1.084,15.64,-37.08,37.03,R
,101295,272,0,852,0.00,-0.302,1.053,16.50,-23.82,44.83,R
,101296,258,0,939,-0.029,-0.23,1.054,11.00,-4.94,44.13,R
,1012981,207,0,3940,-0.039,-0.339,1.079,5.40,-3.56,41.9,R
,101302,301,0,927,-0.56,-0.351,1.068,9.46,-4.72,42.0,R
,101303,315,0,841,-0.084,-0.344,1.046,9.03,-46.83,41.29,R
,101309,243,0,3865,-0.14,-0.405,0.815,23.45,-8.77,3582,R
,101310,238,0,962,-0.63,-0.514,0.817,34.07,-9.03,36.29,R
,101311,226,0,856,-0.59,-0.42,0.700,29.32,-1.79,3472,R
,1013201,55,0,3932,-0.033,-0.492,0.418,5.43,-10.97,10.60,R
,101322,64,0,337,0.02,-0.508,0.597,0.06,13.92,3.26,R
,101328,66,0,339,-0.15,-0.41,0.712,22.23,1.87,-1299,R
,1013331,210,0,3846,-0.036,-0.491,0.900,-13.65,37.15,-2.92,R
,1013361,369,0,3969,-0.070,-0.461,0.875,-2.71,36.76,-22.24,R
,101337,304,0,857,-0.26,-0.48,0.865,-6.88,3.62,-2578,R
,101338,357,0,957,-0.61,-0.48,0.845,-14.52,7.64,-2.38,R
,101343,423,0,842,0.023,-0.508,0.854,-36.36,25.32,-45.45,R
,1013461,311,0,3941,0.081,-0.472,0.823,-6.80,29.49,-39.0,R
,101347,320,0,843,0.02,-0.43,0.778,1.70,3853,-37.6,R
,101348,327,0,931,0.16,-0.345,0.755,-6.22,4160,-36.1,R
,101352,317,0,927,0.03,-0.42,1.078,-47.59,3.63,-5064,R
,101355,324,0,839,-0.18,-0.407,1.330,-24.36,26.77,-26.79,R
,101357,326,0,840,-0.06,-0.315,1.426,-12.05,37.98,-14.30,R
,1013581,330,0,3950,-0.073,-0.270,1.448,-12.46,36.86,-7.13,R
,101363,324,0,830,0.05,-0.291,1.454,-17.50,8.99,1.58,R
,101364,309,0,946,0.023,-0.313,1.449,-11.21,10.66,8.10,R
,101365,302,0,3850,0.030,-0.304,1.392,7.06,1328,14.6,R
,101366,305,0,935,0.058,-0.358,1.372,.96,5.4,13.93,
,101368,311,0,952,0.06,-0.39,1.255,11.98,-1.74,13.9,R
,1013691,318,0,3833,0.065,-0.368,1.208,17.77,-21.15,15.4,R
,101370,337,0,952,0.03,-0.35,1.163,7.54,-2.95,16.6,R
,101371,329,0,840,0.05,-0.354,1.126,16.44,-22.91,18.11,R
,101373,328,0,839,0.089,-0.401,1.081,1.57,-2.16,23.4,R
,101376,329,0,965,0.056,-0.401,1.099,19.92,-21.37,25.97,R
,101378,327,0,973,0.05,-0.37,1.071,20.41,-2.51,29.2,R
,101381,325,0,845,-0.014,-0.404,1.110,13.26,-5.20,3110,R
,101383,318,0,841,-0.058,-0.413,1.167,10.51,-3.84,3184,R
,1013841,322,0,3952,-0.103,-0.417,1.173,12.74,-2.82,3042,R
,101387,323,0,840,-0.131,-0.451,1.137,15.67,-38.51,2981,R
,101391,326,0,3842,-0.145,-0.461,0.951,30.61,-43.75,29.33,R
,101395,321,0,846,0.02,-0.33,0.580,25.67,-2.79,18.3,R
,101397,318,0,851,-0.36,-0.465,0.538,30.70,-1.96,2242,R
,101398,422,0,984,0.113,-0.371,0.371,14.73,-19.72,9.36,R
,101399,411,0,855,-0.020,-0.48,0.403,23.11,-4.69,1472,R
,101403,423,0,844,-0.017,-0.473,0.390,7.83,-13.84,0.65,R
,1014041,426,0,3949,0.007,-0.47,0.393,8.45,-6.0,0.95,
,1014051,427,0,3835,0.019,-0.482,0.377,1.77,4.6,-0.24,
,101409,320,0,3842,-0.057,-0.46,0.592,-4.98,3.79,-7.0,R
,101413,392,0,843,-0.111,-0.458,0.821,-18.13,2.41,-2.34,R
,101415,439,0,842,-0.098,-0.458,0.886,-17.09,24.51,-25.49,R
,101417,405,0,840,-0.083,-0.455,0.904,-12.55,32.45,-20.12,R
,101420,417,0,966,-0.087,-0.407,0.899,-5.38,4.55,-2091,R
,1014241,309,0,3958,-0.074,-0.401,0.890,-21.24,9.43,-3.88,R
,101426,307,0,967,-0.037,-0.440,0.917,-25.14,8.95,-38.22,R
,101429,314,0,841,0.013,-0.431,0.865,-9.94,26.01,-22.33,R
,101430,320,0,946,0.060,-0.431,0.859,-7.39,2915,-20.65,R
,1014381,293,0,3952,-0.105,-0.382,1.435,-21.26,23.06,-1.19,R
,101439,293,0,851,-0.083,-0.374,1.478,-14.57,1.02,-1.47,R
,101440,293,0,952,-0.043,-0.367,1.511,-6.08,1.60,-1338,R
,101441,293,0,842,-0.045,-0.342,1.490,0.48,8.6,-14.3,R
,101445,298,0,835,0.04,-0.281,1.311,4.59,2.0,3.07,R
,1014481,267,0,985,0.052,-0.335,1.221,1.38,-14.56,3.64,R
,101449,270,0,818,0.036,-0.356,1.213,8.04,-19.00,3.00,R
,101451,278,0,845,0.005,-0.339,1.186,18.30,-1.76,8.4,R
,101454,268,0,987,0.049,-0.337,1.112,5.66,-27.92,12.77,R
,101456,275,0,4001,0.041,-0.35,1.110,2.57,-33.52,12.05,R
,101458,276,0,001,-0.08,-0.344,1.126,17.67,-9.17,1863,R
,101459,274,0,839,-0.017,-0.345,1.120,18.32,-6.42,2158,R
,1014601,273,0,016,-0.024,-0.344,1.130,16.53,-6.40,2324,R
,101461,284,0,837,-0.031,-0.356,1.132,13.11,-8.95,2327,R
,101467,417,0,838,-0.121,-0.359,1.115,25.55,-6.11,25.35,R
,101471,417,0,850,-0.087,-0.407,0.892,25.12,-8.85,25.27,R
,101472,432,0,009,-0.053,-0.406,0.822,27.03,-7.70,2229,R
,101474,446,0,015,0.048,-0.373,0.631,8.06,-30.36,17.26,R
,1014771,571,0,841,0.014,-0.40,0.506,0.86,-23.14,18.83,R
,1014781,614,0,4009,0.05,-0.385,0.491,17.86,-1.66,13.6,R
,101479,549,0,834,0.027,-0.430,0.450,18.94,-2.48,6.4,R
,1014801,592,0,3998,0.02,-0.444,0.470,11.66,-1.35,0.7,R
,1014811,629,0,3833,-0.00,-0.461,0.450,5.38,-1.14,-0.88,R
,101484,593,0,988,0.019,-0.520,0.464,4.01,8.4,4.72,R
,1014911,542,0,3841,-0.74,-0.40,0.771,-13.09,26.89,-17.26,R
,101493,540,0,823,-0.112,-0.433,0.892,-19.82,21.78,-25.72,R
,1014951,497,0,3847,-0.060,-0.49,0.952,-12.42,6.27,-2.13,R
,101496,485,0,017,-0.064,-0.437,0.936,-11.24,0.25,-2.74,R
,101498,595,0,984,-0.069,-0.389,0.905,-3.39,3.59,-2406,R
,101500,673,0,969,-0.052,-0.366,0.894,-1.47,3.11,-2505,R
,101510,587,0,995,0.066,-0.395,0.885,14.30,18.73,-3183,R
,101512,544,0,997,0.094,-0.380,0.862,-18.71,1.02,-3806,R
,101514,558,0,001,0.051,-0.358,0.920,-31.55,1.51,-3552,R
,101515,560,0,844,0.086,-0.321,0.965,-40.16,24.19,-34.87,R
,101517,555,0,841,0.000,-0.412,1.122,-32.98,3.67,-2227,R
,101519,541,0,840,-0.046,-0.405,1.298,-23.14,9.76,-2.70,R
,101526,542,0,983,-0.046,-0.277,1.500,-4.10,016,-9.2,R
,101529,412,0,840,0.015,-0.265,1.284,1.25,-1.26,-0.8,R
,101530,452,0,982,0.029,-0.280,1.213,3.49,-14.60,4.48,R
,101532,448,0,982,0.060,-0.277,1.124,3.08,-15.49,6.66,R
,101535,453,0,841,0.035,-0.30,1.070,14.24,-25.26,11.65,R
,1015401,527,0,4011,0.03,-0.33,1.060,1.83,-2.84,24.4,R
,101542,542,0,017,0.025,-0.31,1.038,5.90,-1.92,29.30,R
,101543,559,0,840,0.05,-0.33,1.037,25.26,-19.58,30.31,R
,101545,530,0,842,0.011,-0.33,1.041,3.23,-23.93,28.0,R
,101553,528,0,834,-0.06,-0.45,0.937,24.56,-36.01,28.10,R
,1015551,547,0,3856,-0.42,-0.389,0.866,31.83,-38.97,19.13,R
,101560,640,0,952,0.030,-0.42,0.598,2.04,-1.22,17.2,R
,101561,587,0,841,-0.044,-0.462,0.611,7.12,-721,19.0,R
,101567,656,0,841,-0.60,-0.465,0.685,4.76,-2.25,-1.14,R
,101571,699,0,835,-0.045,-0.40,0.724,2.33,17.09,-0.76,R
,101573,707,0,840,-0.52,-0.31,0.748,-2.83,26.34,-4.50,R
,101574,759,0,012,-0.55,-0.400,0.765,-6.42,24.65,-8.35,R
,101579,730,0,835,-0.45,-0.41,0.864,-18.52,17.73,-20.42,R
,101580,655,0,977,-0.063,-0.428,0.872,-18.89,25.99,-17.29,R
,101588,528,0,002,-0.24,-0.46,0.890,-25.32,15.95,-27.96,R
,101590,541,0,013,0.01,-0.40,0.886,22.51,2.86,-2461,R
,1015921,543,0,4001,0.02,-0.42,0.864,17.85,2.18,-2412,R
,1015931,547,0,3841,0.035,-0.395,0.843,-17.10,2.60,-2525,R
,101596,478,0,995,0.105,-0.374,0.776,27.65,1.37,-3067,R
,101598,560,0,016,0.12,-0.37,0.769,-34.69,18.28,-23.75,R
,1016001,564,0,4050,0.01,-0.365,0.957,-32.14,34.33,-20.68,R
,1016011,624,0,3847,-0.06,-0.48,1.117,-36.88,33.02,-1.29,R
,1016031,598,0,3838,-0.55,-0.406,1.304,-40.17,31.66,-14.19,R
,1016081,655,0,4036,-0.049,-0.319,1.617,-6.39,1.02,-5.8,R
,101611,611,0,834,-0.02,-0.32,1.385,3.95,-3.67,-0.09,R
,101613,645,0,830,0.09,-0.31,1.278,2.18,-1.13,2.5,R
,101614,631,0,018,0.04,-0.31,1.202,5.20,-1.97,3.3,R
,101615,592,0,831,0.09,-0.30,1.136,11.75,-18.22,2.95,R
,101616,588,0,020,0.06,-0.33,1.111,4.28,-20.86,3.90,R
,101618,588,0,001,0.06,-0.330,1.066,17.31,-21.09,8.11,R
,101619,581,0,829,0.08,-0.32,1.059,14.64,-2.75,8.8,R
,101620,585,0,019,0.09,-0.358,1.036,14.57,-2.82,9.9,R
,1016261,574,0,4059,-0.10,-0.358,1.082,14.80,-23.20,22.22,R
,101635,540,0,3830,-0.094,-0.403,0.917,29.03,-33.53,19.21,R
,101637,549,0,828,-0.59,-0.407,0.795,29.80,-31.20,16.04,R
,1016381,541,0,3979,-0.048,-0.402,0.723,29.67,-27.53,14.46,R
,101642,528,0,034,0.17,-0.312,0.472,.10,-0.3,-1.02,R
,101649,639,0,3824,-0.040,-0.519,0.665,3.69,-0.94,-8.07,R
,1016581,592,0,4069,-0.062,-0.423,0.862,-15.06,19.32,-1.29,R
,1016601,529,0,4039,-0.080,-0.396,0.900,-14.26,8.24,-1.16,R
,1016661,607,0,4043,-0.014,-0.416,0.907,-20.92,13.14,-23.00,R
,101668,602,0,042,0.09,-0.41,0.885,24.51,990,-22.1,R
,101669,597,0,833,0.04,-0.439,0.889,24.28,935,-24.6,R
,101673,571,0,826,0.093,-0.396,0.806,16.62,2.11,-2123,R
,101675,584,0,830,0.11,-0.37,0.821,20.71,2.76,-2558,R
,1016761,577,0,4080,0.095,-0.374,0.851,-24.04,19.81,-31.61,R
,101677,587,0,3834,0.079,-0.377,0.904,30.37,1.89,-3531,R
,101686,688,0,4053,-0.062,-0.303,1.523,-9.53,630,-1.8,R
,101689,709,0,817,0.01,-0.29,1.378,1.50,2.7,5.70,
,1016901,714,0,4053,0.018,-0.336,1.312,2.68,-6.0,3.61,
,101693,714,0,837,0.025,-0.300,1.164,2.44,-1.85,7.7,R
,101695,717,0,826,0.08,-0.33,1.093,.64,-2138,11.8,R
,101696,711,0,057,0.016,-0.339,1.094,7.03,-24.05,14.16,R
,101697,690,0,829,0.08,-0.36,1.084,.80,-2485,16.2,R
,1016981,688,0,4055,0.000,-0.36,1.095,4.68,-2.08,18.2,R
,1017011,618,0,824,0.025,-0.388,1.056,8.35,-2.54,21.3,R
,1017021,618,0,4053,0.026,-0.386,1.033,18.61,-27.79,21.24,R
,101704,577,0,4065,0.005,-0.378,1.042,20.28,-2.32,22.7,R
,101705,624,0,831,0.006,-0.375,1.048,21.20,-19.03,25.38,R
,101708,627,0,091,-0.073,-0.380,1.071,16.06,-0.07,2425,R
,101710,571,0,083,-0.15,-0.44,1.077,21.74,-30.76,2333,R
,1017121,554,0,4071,-0.125,-0.399,1.050,30.59,-2.86,2323,R
,1017221,494,0,4055,-0.017,-0.470,0.563,10.45,-3.11,11.18,R
,101723,546,0,830,0.001,-0.50,0.552,11.51,-2.89,6.80,R
,101733,834,0,827,-0.073,-0.444,0.792,-11.20,3.60,-2.38,R
,101748,699,0,080,-0.22,-0.42,0.936,-21.97,0.01,-3.89,R
,101750,685,0,4094,0.007,-0.413,0.920,18.52,2.83,-2742,R
,101753,593,0,827,0.09,-0.408,0.853,14.65,2.08,-3471,R
,101755,585,0,3829,0.064,-0.414,0.819,-18.66,12.34,-37.63,R
,101756,592,0,4083,0.069,-0.398,0.802,22.01,1.42,-3609,R
,101757,608,0,3826,0.054,-0.380,0.806,24.65,1.30,-3323,R
,101759,768,0,839,0.04,-0.380,0.859,21.79,3.57,-2951,R
,101760,782,0,4095,0.090,-0.305,0.933,21.17,3.71,-3484,R
,1017611,784,0,3824,0.009,-0.370,0.924,-18.45,33.21,-33.83,R
,1017621,770,0,4095,0.032,-0.327,0.989,18.81,2.03,-3381,R
,1017661,645,0,4095,-0.135,-0.329,1.387,-29.78,4.92,-2.06,R
,101775,817,0,3825,0.005,-0.284,1.211,2.32,-1.22,7.3,R
,1017771,866,0,3824,0.000,-0.292,1.139,16.03,-1.86,13.2,R
,101781,880,0,3835,0.020,-0.349,1.103,6.76,-1.43,22.5,R
,1017821,885,0,4095,0.009,-0.346,1.085,9.00,-1.27,25.1,R
,1017841,858,0,4095,0.012,-0.341,1.082,9.19,-1.56,30.5,R
,1017851,855,0,3837,0.023,-0.354,1.086,7.02,-2.80,31.9,R
,101786,848,0,4095,0.022,-0.367,1.096,16.51,-23.70,32.8,R
,101787,848,0,836,0.05,-0.37,1.077,16.74,-25.00,33.7,R
,1017881,837,0,4095,0.017,-0.380,1.104,8.88,-2.63,34.9,R
,101791,939,0,836,-0.06,-0.30,1.115,20.44,-27.35,3472,R
,101798,955,0,095,-0.74,-0.34,1.084,27.35,-33.59,31.30,R
,1018051,875,0,3845,-0.094,-0.47,0.666,9.93,-18.66,26.26,R
,1018121,701,0,4095,-0.173,-0.68,0.462,15.31,-4.19,9.5,R
,1018191,874,0,3831,-0.03,-0.42,0.695,-14.88,21.32,-12.55,R
,101825,912,0,3840,-0.110,-0.42,0.883,-8.10,19.12,-19.46,R
,101839,1140,0,3829,-0.016,-0.511,0.80,-9.15,.24,-3138,R
,1018541,1072,0,4095,-0005,-0.53,1.40,4.53,-.19,7.4,R
,101856,1104,0,4095,-0.007,-0.313,1.294,16.51,-16.05,8.83,R
,101860,1093,0,4095,0.047,-0.329,1.108,13.87,-30.37,1637,R
,101862,1072,0,4095,0.051,-0.343,1.088,13.16,-7.79,2055,R
,101865,1008,0,3839,-0.009,-0.360,1.108,8.93,-20.16,31.59,R
,1018671,1047,0,3811,-0029,-0.09,1.11,13.32,34.28,3.36,R
,101871,1018,0,3829,-0.040,-0.369,1.07,28.64,35.58,3.84,R
,101872,1055,0,4095,-0.056,-0.345,1.05,28.21,30.54,3.00,R
,1018751,1072,0,3827,-0.131,-0.379,1.04,18.56,28.68,3.16,R
,101876,1099,0,4095,-0.150,-0.415,1.03,18.13,-33.96,31.64,R
,101877,1072,0,3835,-0.134,-0.446,1.012,21.96,41.92,2.45,R
,101881,1207,0,3836,-0.078,-0.416,0.779,40.16,-45.96,2.43,R
,1018821,1185,0,4095,-0.051,-0.439,0.68,39.60,40.22,2.33,R
,101884,1210,0,4095,-0.041,-0.438,0.55,32.09,26.48,2.49,R
,101892,859,0,4095,0.005,-0.55,0.459,0.51,-1.90,-1193,R
,101893,943,0,3827,0.036,-0.590,0.621,10.79,-811,-18.9,R
,1018941,958,0,095,-0.47,-0.49,0.539,11.78,793,-12.3,R
,101895,976,0,3825,-0.020,-0.500,0.606,15.77,2.62,-7.9,R
,1019091,1211,0,3833,-0.017,-0.397,0.885,-19.67,30.77,-28.35,R
,101919,1266,0,3834,0.075,-0.365,0.885,-25.64,27.02,-3.20,R
,101921,1286,0,3829,0.022,-0.377,1.030,-33.72,9.31,-3.18,R
,101928,1121,0,4095,-0.049,-0.290,1.464,-13.52,20.66,-.18,R
,101930,1121,0,4095,-0.056,-0.277,1.45,-6.25,.19,-8.8,R
,101932,1162,0,4095,-0.038,-0.282,1.370,-1.10,.92,2.1,R
,101940,1142,0,4095,0.047,-0.351,1.040,8.04,-18.97,11.9,R
,1019431,1145,0,3845,0.014,-0.386,1.052,16.35,-20.92,1217,R
,101948,1186,0,4095,0.017,-0.350,1.011,16.19,-27.43,18.19,R
,101951,1191,0,3835,0.08,-0.35,1.063,18.25,-23.21,17.52,R
,101954,1197,0,4095,-0073,-0.378,1.10,17.03,-17.98,2.95,R
,101956,1169,0,4095,-0113,-0.77,1.132,20.45,22.19,2.66,R
,1019571,1147,0,3831,-0.132,-0.373,1.13,20.61,26.33,2.71,R
,101962,1179,0,4095,-0.090,-0.433,0.96,27.75,35.08,2.30,R
,101964,1209,0,4095,-0.074,-0.424,0.817,34.01,28.76,2.81,R
,1019651,1181,0,3828,-0.032,-0.443,0.75,36.35,27.70,1.39,R
,101985,1238,0,3838,-0058,-0.23,0.886,-17.35,29.73,-21.46,R
,101987,1327,0,3839,-0.052,-0.402,0.895,-16.01,37.21,-2.44,R
,101993,1357,0,3831,-0.015,-0.414,0.900,-25.50,23.66,-19.02,R
,1020121,1376,0,4095,-0.070,-0.332,1.52,-6.63,.42,-2.2,R
,1020131,1382,0,3847,-0.055,-0.339,1.488,-4.01,.53,-0.5,R
,1020151,1403,0,3834,-0.025,-0.335,1.37,3.34,-.67,2.1,R
,102016,1395,0,4095,-0.004,-0.361,1.307,7.37,-13.70,-0.56,R
,102018,1367,0,4095,0.09,-0.358,1.176,9.83,-23.20,0.22,R
,102020,1371,0,4095,0.025,-0.361,1.108,8.59,-2.96,2.0,R
,102022,1378,0,4095,0.026,-0.39,1.074,14.54,-24.45,6.77,R
,1020291,1374,0,3841,0.001,-0.360,1.050,13.92,-31.46,19.84,R
,1020301,1363,0,4095,-0.006,-0.368,1.07,15.16,33.41,2.83,R
,1020351,1383,0,3838,-0.046,-0.389,1.12,22.12,28.98,2.88,R
,1020361,1386,0,4095,-0.052,-0.376,1.103,22.50,-27.76,2.58,R
,1020421,1285,0,4095,-0.104,-0.408,0.964,31.58,-37.96,2.87,R
,102044,1215,0,4095,-0.073,-0.421,0.834,22.86,-37.70,23.32,R
,1020451,1168,0,3836,-0.042,-0.442,0.775,20.42,-32.43,2.12,R
,102046,1181,0,4095,-0.005,-0.422,0.650,19.54,-27.78,25.45,R
,102047,1168,0,3843,-0.021,-0.454,0.648,17.31,-21.43,2.73,R
,102060,1158,0,4095,-0.019,-0.440,0.65,-8.16,0.44,-519,R
,102065,1211,0,3855,-0.054,-0.468,0.90,-9.99,3.15,-1.04,R
,102067,1223,0,3841,-0.056,-0.431,0.88,-5.91,27.11,-19.35,R
,102071,1183,0,3840,-0.036,-0.391,0.90,-19.91,29.08,-0.82,R
,1020751,1241,0,3839,-0.033,-0.452,0.933,-21.43,24.24,-22.30,R
,1020911,944,0,3838,-0.123,-0.34,1.422,-16.94,24.57,-6.80,R
,1020951,948,0,3841,-0.097,-0.31,1.396,-4.04,8.54,-3.26,R
,102097,1046,0,3835,-0.034,-0.334,1.312,-4.22,-5.46,-2.04,R
,1021021,1041,0,4095,0.023,-0.36,1.102,12.88,-13.46,4.94,R
,102103,1046,0,3837,0.018,-0.361,1.097,9.99,-18.69,3.06,R
,102104,1142,0,4095,0.011,-0.372,1.072,9.60,-21.92,4.63,R
,1021051,1172,0,3845,0.014,-0.377,1.084,10.54,-22.66,7.85,R
,102106,1193,0,4095,0.006,-0.374,1.071,13.11,-20.80,12.39,R
,102109,1223,0,3841,0.019,-0.381,1.060,11.11,-20.74,14.95,R
,1021131,1219,0,3842,-0.003,-0.00,1.115,15.84,-26.63,16.89,R
,102114,1259,0,4095,-0.017,-0.406,1.112,15.16,24.79,19.53,R
,102116,1274,0,4095,-0.025,-0.413,1.10,14.77,22.27,2.39,R
,1021221,1177,0,4095,-0.092,-0.95,1.070,19.23,-23.23,23.81,R
,102123,1185,0,3858,-0.108,-0.392,1.06,19.51,23.18,2.08,R
,102127,1131,0,3845,-0132,-0.42,0.90,19.38,32.88,2.06,R
,102128,1121,0,4095,-0.193,-0.493,0.85,26.80,-37.08,22.71,R
,102130,1067,0,4095,0.110,-0.396,0.602,17.38,-1.09,13.00,R
,102134,981,0,4095,0.084,-0.467,0.423,.45,-13.27,11.7,R
,102135,995,0,3841,0.051,-0.46,0.392,13.31,-1.58,15.0,R
,1021381,1111,0,4095,-0.000,-0.499,0.42,-0.16,4.37,3.0,R
,102153,1142,0,3856,-0.104,-0.25,0.960,-8.52,37.96,-15.64,R
,1021591,1124,0,3840,-0054,-0.48,0.957,-21.15,16.25,-22.85,R
,102166,1163,0,4095,0.78,-0.49,0.871,-19.03,6.74,-29.51,R
,1021701,1203,0,4095,0.42,-0.34,0.828,-16.92,18.91,-2.75,R
,102172,1092,0,4095,0.044,-0.329,0.953,-31.53,23.89,-27.93,R
,102176,1037,0,4095,-0.117,-0.87,1.371,-21.38,11.34,-12.85,R
,102181,1022,0,3851,-0.094,-0.311,1.38,2.25,111,-3.0,R
,102182,1021,0,4095,-0.081,-0.313,1.30,4.06,-.32,2.2,R
,102183,1015,0,3839,-0.011,-0.22,1.25,7.11,-9.32,3.3,R
,1021881,960,0,095,0.002,-0.347,1.041,3.77,-1.56,7.73,R
,102189,961,0,3841,0.001,-0.340,1.029,5.05,-2.91,11.3,R
,1021901,976,0,095,0.010,-0.344,1.005,4.53,-2.00,13.9,R
,102191,979,0,3850,0.027,-0.34,0.987,12.80,-21.78,13.96,R
,102193,1088,0,3839,-0013,-0.369,1.01,12.85,15.98,1.95,R
,102197,1164,0,3839,-0.019,-0.356,1.06,17.64,19.38,2.55,R
,102198,1098,0,4095,-0.040,-0.368,1.07,15.75,23.55,2.89,R
,1022011,1118,0,3841,-0.049,-0.383,1.05,17.38,23.98,2.86,R
,102202,1146,0,4095,-0065,-0.86,1.055,18.70,-21.24,26.37,R
,102203,1143,0,3837,-0.072,-0.85,1.03,19.70,19.72,2.94,R
,102204,1133,0,4095,-0.090,-0.392,1.03,17.89,20.36,2.33,R
,102208,1069,0,4095,-0093,-0.36,0.85,19.96,-35.27,19.21,R
,102209,1093,0,3827,-0041,-0.489,0.817,21.12,-36.74,18.78,R
,1022101,1113,0,4095,-0.039,-0.462,0.76,25.20,30.57,1.45,R
,102215,1183,0,3839,-0.017,-0.97,0.55,4.90,253,11.06,R
,102220,1216,0,4095,-0.088,-0.26,0.77,1.17,1.47,-8.65,R
,102222,1211,0,4095,-0.075,-0.463,0.69,10.28,7.95,0.5,R
,102223,1223,0,3838,-0082,-0.40,0.709,-3.59,25.79,-3.29,R
,1022291,1253,0,3837,-0.088,-0.420,0.86,-2.11,5.23,-607,R
,1022321,1221,0,4095,-0.082,-0.79,0.89,-12.23,32.50,-9.66,R
,102250,1279,0,4095,0.071,-0.35,0.777,-12.13,20.30,-39.05,R
,102258,1098,0,4095,-0.192,-0.19,1.63,-7.67,17.55,-1.81,R
,102261,1094,0,3842,-0124,-0.06,1.48,7.32,-.91,5.4,R
,102262,1086,0,4095,-0042,-0.33,1.44,12.10,17.12,492,R
,102274,1346,0,4095,-0006,-0.94,1.13,14.93,34.62,3.96,R
,102277,1326,0,3856,-0.042,-0.385,1.11,20.71,26.98,4.60,R
,1022791,1314,0,3839,-0057,-0.79,1.11,21.78,25.08,3.23,R
,1022841,1245,0,4095,-0.144,-0.436,1.044,11.81,-52.30,28.83,R
,102286,1242,0,4095,-0.079,-0.421,0.968,24.13,53.63,3.52,R
,102288,1105,0,4095,0.172,-0.293,0.695,13.60,-1.70,1272,R
,102289,1111,0,3851,-0100,-0.94,0.69,41.23,44.82,3.20,R
,102290,1149,0,4095,-0193,-0.73,0.65,39.03,36.50,2.55,R
,102291,1206,0,3850,0.046,-0.262,0.495,25.80,-1.46,3121,R
,1022941,1239,0,4095,-0.043,-0.40,0.37,15.74,8.01,2405,R
,1022991,1168,0,3845,-0.059,-0.608,0.407,-17.64,-4.94,-1.98,R
,1023001,1147,0,4095,-0.058,-0.613,0.550,-7.10,-1.66,-267,R
,102302,1134,0,4095,-0.078,-0.520,0.553,20.93,16.77,7.78,R
,102303,1110,0,3853,-0009,-0.87,0.55,8.97,2.33,1.6,R
,1023101,1088,0,4095,-0.009,-0.546,0.760,-25.82,31.00,-17.09,R
,1023151,1011,0,3853,-0.027,-0.569,0.918,-36.37,33.90,-25.03,R
,102317,983,0,850,0.05,-0.658,0.989,50.68,842,-38.8,R
,102318,907,0,095,0.09,-0.714,0.960,49.04,531,-35.2,R
,1023221,792,0,4095,0.219,-0.731,1.054,-51.10,30.73,-31.16,R
,102325,924,0,3834,0.37,-0.71,1.139,70.25,-.18,-6166,R
,102326,947,0,4095,0.26,-0.82,1.120,69.93,-6.63,-6.93,R
,102327,952,0,849,0.23,-0.85,1.147,72.89,-1.35,-6.64,R
,102332,1113,0,4095,0.197,-0.511,1.451,-64.60,45.43,-0.58,R
,102344,1022,0,4095,0.021,-0.229,1.088,-17.12,-67.05,-.33,R
,102348,1117,0,4095,0.117,-0.253,0.924,-16.26,63.21,2.75,R
,1023531,1156,0,3845,0.123,-0.421,0.954,-8.77,-58.10,47.64,R
,102359,1157,0,3839,0.146,-0.545,0.906,12.28,-51.03,44.80,R
,1023661,1215,0,4095,0.096,-0.599,0.628,31.61,-66.56,29.97,R
,1023761,857,0,4095,0.245,-0.675,0.070,.14,-1714,18.9,R
,102380,816,0,4081,0.123,-0.760,0.384,9.99,1558,18.5,R
,102381,833,0,3849,0.043,-0.751,0.364,-2.04,16.05,30.81,R
,1023821,848,0,4095,0.135,-0.77,0.443,2.41,16.88,35.04,R
,102388,880,0,4095,0.205,-0.78,0.589,-18.80,20.10,5.44,R
,1023891,877,0,3845,0.224,-0.808,0.600,22.05,1.37,4.1,R
,102390,876,0,4095,0.235,-0.809,0.595,19.62,2.05,3.8,R
,1023941,862,0,4095,0.226,-0.772,0.626,6.23,42.80,-1.72,R
,1023951,851,0,3854,0.223,-0.752,0.632,12.20,4.72,-5.3,R
,102396,880,0,095,0.217,-0.760,0.661,22.89,3.34,-5.3,R
,102397,893,0,3843,0.218,-0.758,0.660,-29.23,29.47,-5.58,R
,1023981,943,0,4095,0.212,-0.761,0.676,-32.74,25.11,-8.15,R
,102399,943,0,851,0.202,-0.748,0.694,31.17,2.04,-1041,R
,102400,947,0,095,0.187,-0.757,0.694,25.30,1.47,-9.5,R
,1024021,971,0,4095,0.261,-0.718,0.616,16.57,1.89,-1189,R
,102409,1120,0,3853,0.260,-0.75,0.825,-26.89,12.65,-19.23,R
,1024201,1210,0,4095,0.333,-0.75,1.191,8.28,-2.59,4.68,R
,102423,1207,0,3851,0.285,-0.691,0.972,24.59,1.34,8.89,R
,1024281,1206,0,4095,0.246,-0.64,0.843,11.19,-2.82,1062,R
,102429,1206,0,3846,0.265,-0.708,0.846,17.87,-21.99,13.39,R
,1024361,1237,0,4095,0.136,-0.72,0.936,13.96,-2.02,2036,R
,102442,1218,0,4055,0.059,-0.704,0.819,27.25,-33.66,13.94,R
,1024511,1333,0,3851,0.26,-0.64,0.244,23.69,5.35,7.99,R
,1024521,1363,0,4095,0.46,-0.66,0.210,13.20,8.16,0.14,R
,102466,1305,0,4095,0.083,-0.80,0.582,-28.33,1.35,-3.00,R
,102470,1385,0,4095,0.187,-0.86,0.645,-5.79,34.68,-15.42,R
,102486,1374,0,4095,0.472,-0.99,0.709,-66.78,-49.44,-80.77,R
,102488,1392,0,4061,0.431,-0.84,0.829,-62.80,-31.43,-78.91,R
,102490,1411,0,4065,0.380,-0.82,1.018,-54.78,-10.22,-78.01,R
,102510,1200,0,4007,0.51,-0.52,0.690,6.80,-22.28,35.78,R
,102513,1184,0,3858,0.323,-0.631,0.628,18.33,-32.36,31.61,R
,102539,1183,0,3856,0.391,-0.914,0.107,8.06,41.21,10.81,R
,102540,1065,0,3974,0.324,-0.960,0.277,1.08,43.18,-1.46,R
,102546,1233,0,3991,0.248,-0.774,0.364,-10.40,52.51,-15.17,R
,102562,1488,0,4021,0.334,-0.706,0.602,-12.43,10.92,-28.61,R
,102564,1491,0,4022,0.267,-0.664,0.569,-13.55,38.13,-11.48,R
,102577,1405,0,3863,0.227,-0.685,1.600,-8.69,1.53,7.62,R
,102579,1409,0,3866,0.325,-0.664,1.514,1.05,-263,12.51,R
,102585,1314,0,3853,0.336,-0.664,0.956,34.73,-2.50,13.32,R
,102588,1359,0,4035,0.331,-0.663,0.858,18.33,-37.21,18.20,R
,1025961,1445,0,4038,0.199,-0.728,0.852,14.07,-47.75,19.84,R
,1026021,1377,0,4026,0.088,-0.719,0.740,19.41,-39.72,17.01,R
,1026031,1346,0,3862,0.048,-0.740,0.695,20.25,-42.60,15.04,R
,1026071,1361,0,3861,0.064,-0.728,0.458,24.65,-46.85,14.46,R
,102608,1387,0,4059,0.065,-0.697,0.382,28.03,-46.13,12.77,R
,1026131,1392,0,3859,0.170,-0.732,0.132,16.18,-4.24,-1.16,R
,1026161,1259,0,4048,0.241,-0.757,0.065,2.54,3.23,4.51,
,1026451,1329,0,3862,0.243,-0.763,0.739,-26.66,34.18,-2.73,R
,102646,1315,0,4031,0.244,-0.783,0.734,-29.03,30.04,-2.77,R
,1026541,1491,0,4032,0.209,-0.699,0.604,-26.16,28.53,-39.25,R
,1026571,1456,0,3862,0.167,-0.644,0.642,-19.15,29.02,-4.97,R
,1026591,1463,0,3862,0.062,-0.579,0.656,-16.98,45.43,-3.42,R
,102668,1461,0,3999,0.415,-0.870,0.558,-38.26,-2.57,-2.77,R
,1026741,1406,0,4016,0.542,-0.934,0.500,-24.92,3.17,-6596,R
,102679,1458,0,3859,0.314,-0.73,0.792,-27.09,18.54,-7.48,R
,102699,1421,0,3866,0.386,-0.439,0.956,9.67,-19.15,35.64,R
,1027011,1407,0,3863,0.497,-0.481,0.878,7.37,-31.66,57.4,R
,1027081,1424,0,4010,0.425,-0.746,1.094,35.08,-3.53,70.74,R
,1027091,1424,0,3867,0.468,-0.71,1.036,36.59,-55.98,7513,R
,1027101,1411,0,4007,0.538,-0.87,0.993,33.72,-2.57,70.87,R
,102718,1468,0,4049,0.229,-0.890,0.604,34.15,-89.20,34.37,R
,102720,1470,0,4025,0.219,-0.919,0.475,47.83,-79.05,38.39,R
,1027241,1442,0,4022,0.195,-0.881,0.453,40.71,-16.39,3471,R
,1027281,1483,0,4023,0.024,-0.810,0.330,71.11,10.50,53.8,R
,1027371,1294,0,3867,0.59,-0.695,0.111,13.86,-23.43,2894,R
,1027401,1186,0,4017,0.222,-0.815,0.095,-17.04,-24.01,7.49,R
,1027411,1206,0,3865,0.326,-0.980,0.082,-19.41,-22.14,5.04,R
,1027421,1097,0,3962,0.266,-0.971,0.225,-10.84,-12.53,-0.68,R
,1027521,1140,0,3951,0.378,-1.018,0.482,-24.75,11.53,-29.83,R
,1027541,1238,0,4009,0.361,-0.900,0.520,10.19,57.32,-25.89,R
,1027571,1329,0,3877,0.231,-0.803,0.642,-6.63,81.81,-3071,R
,1027611,1427,0,3869,0.351,-0.886,0.697,-29.18,-11.41,-8.41,R
,1027801,1503,0,3984,0.402,-0.596,1.181,-0.11,-4.33,21.56,R
,102789,1487,0,3874,0.400,-0.65,0.869,23.37,-45.30,29.35,R
,1027921,1463,0,3966,0.380,-0.726,0.785,19.70,-44.62,31.29,R
,1028041,1376,0,3963,0.83,-0.828,0.458,42.18,-38.71,13.18,R
,102811,1307,0,3870,0.187,-0.66,0.126,31.19,219,18.54,R
,1028121,1200,0,3945,0.205,-0.673,0.135,21.49,10.48,14.68,R
,1028241,1130,0,3939,0.73,-0.865,0.365,-32.62,66.59,-18.85,R
,1028261,1210,0,3951,0.162,-0.91,0.473,-57.27,34.68,-39.34,R
,1028301,1351,0,3926,0.39,-0.92,0.479,-34.57,5.15,-55.71,R
,1028401,1369,0,3931,0.14,-0.32,0.456,-17.18,44.36,-64.12,R
,1028441,1520,0,3905,-0.030,-0.60,0.79,-4.88,9.99,-3.19,R
,1028501,1488,0,3930,0.47,-0.180,1.436,24.97,91.46,48.78,R
,1028521,1531,0,3930,0.234,-0.312,1.547,51.20,70.73,49.76,R
,1028681,1473,0,3937,0.15,-0.89,1.235,58.62,-.78,32.33,R
,1028691,1472,0,3881,0.87,-0.838,1.185,56.12,-4.92,31.27,R
,102878,1478,0,3952,0.132,-0.641,1.105,28.68,-32.13,23.16,R
,102881,1479,0,3888,-0.032,-0.28,1.03,27.51,29.79,24.66,R
,1028821,1458,0,3968,-0071,-0.613,0.976,30.56,-35.76,24.80,R
,1028831,1429,0,3888,-0047,-0.21,0.92,36.51,45.58,24.72,R
,102885,1414,0,3867,-0.010,-0.555,0.718,41.41,59.90,16.20,R
,102887,1423,0,3881,-0.114,-0.29,0.61,37.57,66.92,468,R
,1028881,1371,0,3870,-0.076,-0.92,0.49,43.87,63.98,8.55,R
,1028891,1360,0,3886,-0072,-0.38,0.44,39.05,56.53,4.43,R
,1028901,1315,0,3982,-0.044,-0.42,0.33,35.69,52.05,1.15,R
,1028921,1183,0,3941,-0014,-0.46,0.23,18.33,31.98,12.54,R
,1028931,1168,0,3897,0.62,-0.43,0.283,-0.49,-1.01,10.69,R
,102895,1136,0,3888,0.013,-0.540,0.307,-14.60,-16.76,255,R
,1028981,1140,0,3914,0.72,-0.597,0.377,-9.27,-4.18,4.02,R
,102906,1245,0,3895,-0.026,-0.541,0.682,-23.94,33.99,-1.32,R
,102909,1267,0,3890,0.039,-0.553,0.793,-25.29,25.90,-22.82,R
,102925,1505,0,3894,0.286,-0.543,0.761,-17.55,31.82,-24.25,R
,1029271,1509,0,3895,0.323,-0.500,0.821,-23.91,0.33,-26.76,R
,1029281,1521,0,3877,0.277,-0.433,0.933,-38.78,31.50,-33.90,R
,102929,1526,0,3894,0.116,-0.547,1.126,-45.62,27.67,-3.73,R
,1029371,1519,0,3900,0.183,-0.421,1.703,7.80,-185,5.12,R
,102949,1488,0,3893,0.184,-0.474,0.998,11.32,-57.58,2144,R
,1029551,1455,0,3893,0.124,-0.489,0.981,12.91,-42.13,33.55,R
,1029621,1456,0,3866,-0014,-0.16,0.94,15.34,51.84,30.42,R
,1029631,1443,0,3888,-0.046,-0.514,0.918,19.55,-47.55,32.43,R
,1029651,1424,0,3914,-0.096,-0.26,0.84,28.04,46.65,39.91,R
,1029681,1462,0,3945,-0110,-0.04,0.603,52.25,-29.23,5.71,R
,102970,1436,0,3920,-0.269,-0.98,0.532,86.36,16.21,57.56,R
,1029721,1425,0,3900,-0.069,-0.390,0.347,75.31,9.21,55.6,R
,1029751,1342,0,3890,-0.218,-0.27,0.40,58.25,3.03,54.28,R
,1029771,1349,0,3887,-0071,-0.77,0.31,36.35,4.74,47.68,R
,1029791,1328,0,3898,-0.030,-0.557,0.402,40.74,16.54,4952,R
,1029821,1285,0,3888,0.047,-0.651,0.510,42.25,3.72,38.57,R
,1029891,1322,0,3927,0.051,-0.646,0.791,4.96,46.10,-26.2,R
,1029931,1339,0,3888,0.023,-0.67,0.886,-8.30,3.86,-46.71,R
,1029951,1327,0,3895,-0.003,-0.603,0.889,9.19,7.34,-46.53,R
,1029971,1389,0,3893,-0.109,-0.40,0.91,9.87,8.04,-52.82,R
,1030011,1397,0,3893,-0.048,-0.548,0.952,-26.80,31.20,-6.19,R
,1030091,1515,0,3897,0.146,-0.574,1.109,-14.97,35.15,-3.17,R
,1030161,1318,0,3866,0.286,-0.604,1.487,-33.72,10.30,-43.89,R
,1030221,1085,0,3888,0.240,-0.417,1.448,-22.75,-23.66,-5.29,R
,1030241,1038,0,3905,0.146,-0.313,1.460,-21.81,-31.92,-26.36,R
,1030271,1018,0,3903,0.101,-0.264,1.460,-25.07,-74.85,-.67,R
,1030301,1331,0,3888,0.107,-0.275,1.296,-13.59,77.61,17.82,R
,1030431,1201,0,3888,0.015,-0.511,0.560,-51.64,-90.28,26.43,R
,1030461,934,0,3861,-0.011,-0.57,0.514,-51.35,-58.02,49.99,R
,103047,813,0,3902,0.010,-0.61,0.526,40.42,-7.00,51.36,R
,1030491,833,0,3899,0.054,-0.59,0.458,23.12,-1.95,42.00,R
,103050,832,0,872,0.038,-0.59,0.436,25.46,-1.46,30.39,R
,1030521,864,0,3867,-0.025,-0.52,0.430,-36.54,58.98,1.26,R
,1030551,1059,0,3907,-0.058,-0.579,0.35,-15.79,-45.11,4.54,R
,1030611,881,0,3906,0.010,-0.606,0.259,-18.78,-7.00,21.13,R
,1030621,845,0,3871,0.051,-0.63,0.355,25.30,-2.66,10.65,R
,1030631,863,0,3906,0.062,-0.68,0.342,26.78,-6.21,5.33,R
,1030641,851,0,3871,0.068,-0.69,0.303,23.32,-4.19,5.55,R
,1030651,949,0,3890,0.08,-0.731,0.323,-21.30,-5.11,7.6,R
,1030661,1056,0,3871,0.98,-0.744,0.331,-17.88,7.23,11.06,R
,1031021,1359,0,3846,0.92,-0.550,1.360,-1.39,-3.11,5.5,R
,1031041,1360,0,3855,0.280,-0.597,1.205,-22.51,-36.94,11.88,R
,1031081,1365,0,3857,0.371,-0.745,1.065,6.21,-34.74,23.04,R
,1031091,1380,0,3918,0.343,-0.765,1.016,18.01,-31.92,25.36,R
,1031101,1383,0,3862,0.307,-0.743,0.959,26.10,-0.65,31.56,R
,1031121,1392,0,3861,0.05,-0.697,0.867,20.04,-30.24,36.31,R
,1031291,1424,0,3927,0.046,-0.78,0.440,32.86,-59.66,22.48,R
,1031321,1467,0,3855,0.06,-0.735,0.297,50.09,-48.34,11.12,R
,1031401,1253,0,3847,0.53,-0.773,0.161,1.69,-10.27,2.58,R
,1031571,1430,0,3934,0.241,-0.853,0.589,-15.70,49.61,-18.27,R
,1031671,1443,0,3931,0.329,-0.812,0.624,-33.47,9.57,-31.16,R
,1031761,1526,0,3840,0.401,-0.699,0.989,-46.40,2.22,-26.07,R
,1031881,1469,0,3847,0.435,-0.721,0.957,1.93,-4.40,-0.55,R
,1031901,1474,0,3843,0.86,-0.70,0.867,12.32,-4.34,-3.69,R
,1031951,1484,0,3935,0.92,-0.63,0.734,8.68,-52.79,5.04,R
,103200,1461,0,3841,0.153,-0.670,0.674,24.42,-57.63,7.27,R
,103202,1456,0,3845,0.107,-0.654,0.621,36.80,-54.01,11.65,R
,1032081,1381,0,3828,0.075,-0.620,0.365,55.69,-4.83,23.15,R
,1032101,1387,0,3837,-0.242,-0.927,0.36,83.77,56.22,29.45,R
,1032131,1393,0,3922,-0.114,-0.56,0.27,89.74,36.50,46.07,R
,1032181,1373,0,3840,0.217,-0.803,0.153,58.86,940,42.33,R
,1032291,1412,0,3949,0.184,-0.834,0.544,31.87,58.22,4.78,R
,1032331,1435,0,3946,0.230,-0.835,0.636,11.83,26.50,-2832,R
,103240,1456,0,3839,0.135,-0.645,0.692,5.46,75.20,-33.0,R
,1032591,1417,0,3970,0.220,-0.673,1.455,-5.99,32.71,-1.19,R
,1032661,1460,0,3859,0.358,-0.554,1.349,-1.41,-5.47,6.71,R
,1032681,1466,0,3861,0.306,-0.566,1.219,12.64,-3.72,12.51,R
,1032731,1491,0,3971,0.278,-0.539,1.008,18.33,-41.09,21.41,R
,1032811,1487,0,3941,0.195,-0.561,0.913,17.57,-5.79,30.14,R
,1032861,1465,0,3846,0.113,-0.625,0.894,18.85,-0.11,20.97,R
,1032931,1471,0,3951,0.157,-0.598,0.563,33.32,-48.56,1649,R
,1032951,1412,0,3941,0.178,-0.600,0.431,32.27,-5.72,9.04,R
,1033031,1337,0,3943,0.182,-0.641,0.166,15.57,-3.01,1.0,R
,1033151,1403,0,3930,0.152,-0.631,0.642,-12.43,8.59,-28.99,R
,1033211,1417,0,3952,0.122,-0.619,0.773,-3.55,60.68,-3062,R
,1033231,1440,0,3941,0.166,-0.582,0.766,-10.10,65.99,-3.46,R
,1033301,1451,0,3851,0.273,-0.612,0.742,-20.28,3.44,-46.65,R
,1033441,1523,0,3851,0.262,-0.426,1.481,-11.87,45.09,-480,R
,1033481,1511,0,3851,0.284,-0.500,1.471,-8.84,7.55,3.41,R
,103352,1481,0,3853,0.325,-0.522,1.203,11.64,-0.97,11.1,R
,1033571,1501,0,3951,0.319,-0.521,1.027,5.48,-29.73,11.3,R
,103359,1502,0,3952,0.320,-0.56,1.027,3.14,-3.70,12.48,R
,1033601,1493,0,3840,0.307,-0.566,1.035,4.57,-3.15,11.2,R
,1033671,1483,0,3949,0.214,-0.58,1.047,5.34,-3.98,20.5,R
,1033741,1497,0,3856,0.052,-0.576,0.911,15.32,-48.43,11.62,R
,1033841,1401,0,3856,0.69,-0.472,0.177,15.17,-20.89,4.1,R
,1033961,1429,0,3851,0.03,-0.521,0.571,-33.75,48.70,-1.35,R
,1033981,1439,0,3856,0.74,-0.614,0.721,-35.78,30.30,-14.96,R
,1034021,1474,0,3851,0.02,-0.613,0.783,0.76,32.56,-20.90,R
,1034081,1456,0,3855,0.60,-0.543,0.843,-38.77,55.31,-20.18,R
,1034111,1424,0,3930,0.10,-0.695,0.879,-47.04,16.48,-39.57,R
,1034131,1407,0,3915,0.208,-0.652,0.790,-26.46,42.42,-18.68,R
,1034281,1429,0,3851,0.076,-0.52,1.566,-27.33,8.51,-1.86,R
,1034301,1413,0,3856,0.108,-0.497,1.674,-17.53,24.53,-642,R
,1034311,1405,0,3945,0.99,-0.504,1.684,-10.77,6.47,-633,R
,1034441,1431,0,3842,0.97,-0.563,0.977,11.00,-39.32,16.42,R
,103458,1349,0,3853,-0.079,-0.27,0.88,43.08,-48.71,20.37,R
,1034651,1387,0,3969,0.398,-0.565,0.263,8.80,-3.71,-7.5,R
,1034711,1279,0,3959,0.71,-0.638,0.271,-6.28,5.46,5.06,R
,1034811,1348,0,3952,0.073,-0.627,0.694,-25.65,38.08,-7.92,R
,1034951,1431,0,3920,0.126,-0.668,0.774,-16.02,33.03,-23.22,R
,1035131,1519,0,3967,-0.336,-0.54,1.28,22.68,7.50,1778,R
,1035161,1509,0,3844,-0.174,-0.92,1.23,41.05,4.94,46.39,R
,1035251,1459,0,3978,0.295,-0.789,1.288,53.02,9.52,25.61,R
,103529,1521,0,3988,0.242,-0.760,1.054,51.74,-3.99,7.18,R
,1035361,1428,0,3841,-0.021,-0.16,0.79,30.35,13.63,-.30,R
,103538,1449,0,3841,0.044,-0.515,0.680,25.69,-5.79,-16.97,R
,1035411,1423,0,3986,-0.068,-0.89,0.68,21.87,7.18,-835,R
,1035421,1377,0,3840,-0.102,-0.65,0.70,13.75,4.71,-668,R
,103547,1254,0,3990,-0.125,-0.37,0.90,-0.94,0.19,8.98,R
,103550,1360,0,3839,-0.109,-0.25,0.99,8.24,-2.57,7.55,R
,1035521,1374,0,3840,-0.128,-0.375,1.002,11.02,-13.15,9.03,R
,1035551,1392,0,3987,-0.101,-0.59,0.99,11.69,10.48,1.25,R
,1035561,1424,0,3841,-0113,-0.41,0.96,11.84,7.72,2144,R
,1035601,1430,0,3823,-0066,-0.71,0.95,11.17,2.47,31.81,R
,1035621,1427,0,3837,-0040,-0.96,0.98,11.58,11.99,3.00,R
,1035751,1326,0,4006,-0.084,-0.31,1.06,5.16,-2.77,17.24,R
,1035771,1330,0,4015,-0.086,-0.534,0.969,29.96,-28.37,18.97,R
,1035781,1329,0,3831,-0.087,-0.485,0.961,38.83,-24.37,18.28,R
,1035791,1325,0,4016,-0.105,-0.442,0.900,47.77,-22.59,16.43,R
,103580,1237,0,3838,-0108,-0.15,0.83,55.69,-23.52,14.46,R
,103582,1230,0,3837,-0.108,-0.345,0.740,56.53,-29.55,6.43,R
,1035891,1233,0,4015,-0.088,-0.13,0.55,6.30,-3.06,-687,R
,1035911,1248,0,4007,-0.092,-0.331,0.592,-0.94,-2.94,-5.46,R
,1035931,1228,0,3993,-0.096,-0.344,0.599,-2.23,5.58,-0.47,R
,1035941,1272,0,3834,-0.070,-0.352,0.61,-8.07,9.06,-2.44,R
,1035951,1280,0,3979,-0029,-0.99,0.65,-12.26,11.49,-7.09,R
,103600,1266,0,3826,-0054,-0.76,0.75,-6.11,32.45,-29.25,R
,103602,1279,0,3835,-0.081,-0.435,0.78,-4.04,43.31,-27.80,R
,1036041,1393,0,3829,-0.080,-0.391,0.791,-16.78,48.71,-37.80,R
,1036051,1439,0,3964,-0.089,-0.96,0.85,-25.72,46.74,-44.51,R
,103606,1456,0,3835,-0.095,-0.405,0.898,-34.68,40.05,-3.38,R
,103607,1491,0,3983,-0.089,-0.71,0.943,-37.78,33.67,-61.86,R
,1036111,1489,0,4010,-0.174,-0.48,0.94,-21.12,39.99,-53.03,R
,103612,1490,0,3837,-0.127,-0.474,0.97,-19.91,42.92,-51.45,R
,103613,1503,0,3991,-0116,-0.60,0.964,-20.80,41.89,-3.34,R
,103614,1501,0,3841,-0.094,-0.497,0.960,-24.16,37.96,-4.85,R
,1036151,1525,0,3987,-0.082,-0.512,0.935,-29.87,34.36,-56.38,R
,1036171,1520,0,3985,-0061,-0.29,0.91,-27.62,35.26,-52.71,R
,1036191,1535,0,4007,-0.034,-0.70,0.84,-8.83,41.95,-43.11,R
,1036221,1557,0,3841,0.089,-0.432,0.728,-13.81,30.50,-5.21,R
,1036261,1605,0,3854,-0.007,-0.327,0.806,-39.29,5.86,-6.01,R
,1036311,1602,0,4035,-0.069,-0.259,1.552,-39.15,52.68,-1.38,R
,103632,1598,0,3839,-0109,-0.61,1.67,-27.67,48.44,-15.11,R
,1036331,1596,0,4018,-0.152,-0.64,1.68,-12.74,39.08,-9.52,R
,1036351,1599,0,3994,-0.132,-0.280,1.734,0.06,9.69,-7.38,R
,1036361,1587,0,3829,-0.116,-0.270,1.716,-1.56,-6.07,-10.06,R
,1036371,1523,0,3997,-0.103,-0.77,1.62,-1.62,-14.94,-5.92,R
,1036451,1520,0,3998,-0013,-0.13,1.14,12.51,18.71,2.53,R
,1036481,1493,0,3839,0.018,-0.399,1.133,10.25,-44.43,21.18,R
,1036531,1494,0,4021,-0.004,-0.364,1.089,29.23,-24.71,38.02,R
,1036541,1488,0,3846,-0.035,-0.379,1.082,25.74,-28.77,37.29,R
,1036581,1490,0,3838,-0.097,-0.431,1.089,12.38,-50.43,32.54,R
,1036611,1474,0,4029,-0154,-0.73,1.09,19.52,50.16,3.13,R
,1036651,1442,0,4037,-0.195,-0.464,0.930,46.47,-47.69,3.48,R
,1036661,1433,0,3840,-0184,-0.445,0.856,49.67,-47.78,3.49,R
,1036671,1443,0,4033,-0.206,-0.447,0.784,48.91,-48.16,34.39,R
,103673,1251,0,4023,-0047,-0.81,0.40,28.76,-54.85,1.46,R
,1036761,1089,0,3841,-0015,-0.41,0.35,-1.61,-25.79,16.98,R
,1036771,981,0,4004,0.07,-0.44,0.346,12.78,-7.84,14.22,R
,1036781,1070,0,3839,-0.002,-0.83,0.40,-3.73,-1.87,19.16,R
,1036811,1245,0,4016,-0015,-0.19,0.53,-4.26,10.21,2.89,R
,1036851,1322,0,3984,-0045,-0.60,0.60,-20.14,39.79,-2.35,R
,1036881,1339,0,3839,-0090,-0.00,0.80,-29.52,47.31,-16.50,R
,1036891,1330,0,3995,-0084,-0.27,0.86,-25.88,36.86,-23.77,R
,1036941,1393,0,3837,-0057,-0.25,0.91,-21.76,35.52,-34.48,R
,1036971,1395,0,4014,-0057,-0.85,0.88,-19.21,47.14,-41.28,R
,103698,1382,0,3840,-0048,-0.79,0.88,-27.62,39.58,-4.16,R
,1036991,1385,0,4030,-0.014,-0.508,0.879,-37.29,31.52,-46.76,R
,103700,1392,0,3840,-0014,-0.22,0.86,-42.48,24.76,-47.51,R
,1037021,1475,0,3824,0.003,-0.504,0.823,-30.81,4.91,-4.16,R
,1037031,1515,0,3998,0.036,-0.487,0.783,-26.30,28.50,-38.29,R
,103707,1535,0,4095,-0062,-0.45,0.87,-27.61,30.27,-44.59,R
,1037101,1526,0,3837,-0.052,-0.71,1.16,-45.99,30.56,-6.42,R
,1037111,1511,0,4095,-0.037,-0.398,1.310,-44.13,30.60,-0.88,R
,1037131,1470,0,4039,-0.042,-0.40,1.535,-29.67,36.80,-8.15,R
,1037151,1457,0,4032,-0.158,-0.43,1.63,-15.38,34.57,-.08,R
,1037181,1469,0,3843,-0.023,-0.318,1.646,-5.43,3.18,-6.21,R
,1037201,1466,0,3840,0.025,-0.326,1.441,7.16,-1.52,-3.69,R
,1037361,1341,0,3838,0.08,-0.396,1.111,19.14,-3.73,2713,R
,1037381,1399,0,3839,-0015,-0.18,1.14,25.09,-41.38,25.55,R
,1037391,1449,0,4037,-0040,-0.12,1.12,30.90,-42.08,25.84,R
,1037411,1479,0,4015,-0.057,-0.404,1.111,34.70,40.98,2.42,R
,103743,1488,0,4021,-0076,-0.06,1.06,30.06,-38.69,30.16,R
,1037451,1455,0,4080,-0126,-0.34,1.00,29.41,-40.11,29.75,R
,1037521,1184,0,3831,-0.091,-0.95,0.54,56.33,51.49,2.58,R
,1037531,1098,0,4013,-0042,-0.62,0.47,48.86,-53.41,21.12,R
,103767,1231,0,3985,-0013,-0.80,0.70,-21.18,28.04,-17.90,R
,1037701,1231,0,3841,-0007,-0.54,0.85,-21.36,47.78,-18.18,R
,1037711,1207,0,4001,-0015,-0.46,0.88,-24.66,46.60,-2.45,R
,1037721,1216,0,3836,-0020,-0.76,0.92,-24.26,37.35,-27.77,R
,1037741,1319,0,3835,0.31,-0.42,0.928,-25.04,23.06,-37.98,R
,1037781,1350,0,3847,0.009,-0.418,0.891,-19.64,9.90,-2.14,R
,1037961,1120,0,3845,-0025,-0.22,1.69,-14.19,17.58,-12.77,R
,1038301,1393,0,3830,-0083,-0.29,0.51,25.95,-13.78,27.06,R
,1038311,1329,0,4057,-0012,-0.03,0.41,30.03,-10.79,22.31,R
,1038351,1072,0,4071,-0027,-0.23,0.32,-2.31,-4.83,-1.55,R
,103844,1230,0,3839,-0.152,-0.535,0.70,-7.72,32.42,-40.76,R
,1038451,1284,0,4078,-0.169,-0.515,0.715,-8.17,32.94,-42.55,R
,1038461,1367,0,3837,-0.152,-0.513,0.732,-11.47,32.50,-42.24,R
,1038501,1393,0,3840,-0108,-0.44,0.77,-23.64,48.21,-6.64,R
,103852,1421,0,3840,-0.100,-0.499,0.827,-28.04,46.74,-51.74,R
,1038541,1470,0,3835,-0097,-0.05,0.89,-30.68,38.31,-58.01,R
,1038601,1360,0,3853,-0.063,-0.511,0.941,-29.78,48.31,-49.93,R
,1038791,1488,0,4087,-0056,-0.56,1.58,-6.60,13.98,-17.74,R
,1038811,1467,0,4085,-0.007,-0.350,1.50,2.25,1.98,-10.76,R
,1038881,1496,0,3834,0.60,-0.32,1.110,16.62,-17.24,11.99,R
,103892,1491,0,3825,0.052,-0.460,1.093,21.28,-30.89,20.48,R
,1038991,1495,0,4095,-0043,-0.59,1.09,20.36,32.13,31.41,R
,103903,1405,0,4095,-0.080,-0.508,1.020,33.46,-41.49,32.87,R
,1039041,1382,0,3830,-0099,-0.00,0.97,39.86,42.37,32.17,R
,1039071,1373,0,4076,-0077,-0.82,0.76,49.06,44.24,29.65,R
,1039141,1243,0,3827,-0.083,-0.538,0.465,12.67,-7.49,26.54,R
,1039181,1319,0,3811,-0023,-0.86,0.43,14.88,-21.17,15.79,R
,1039201,1341,0,3829,-0.058,-0.539,0.485,4.44,299,11.9,R
,103925,1316,0,4090,-0.143,-0.539,0.716,-11.68,17.99,-1.25,R
,1039271,1329,0,4080,-0.154,-0.34,0.76,-12.92,3.40,-7.60,R
,1039301,1328,0,3831,-0.113,-0.08,0.80,-13.65,24.77,-7.72,R
,1039341,1221,0,3834,-0105,-0.93,0.83,-16.20,36.86,-12.80,R
,1039361,1238,0,3830,-0100,-0.520,0.84,-19.47,19.05,-24.09,R
,1039381,1258,0,3829,-0.096,-0.515,0.87,-25.14,16.34,-22.39,R
,1039441,1311,0,3837,-0.020,-0.562,0.87,-15.65,32.65,-23.81,R
,1039541,1423,0,3821,-0.033,-0.417,1.261,-28.98,29.58,-1.09,R
,1039551,1424,0,4095,-0.029,-0.378,1.37,-27.35,32.51,-13.13,R
,1039561,1414,0,3836,-0.039,-0.391,1.49,-15.59,26.71,-8.58,R
,1039571,1398,0,4095,-0.022,-0.345,1.562,-9.76,22.44,-6.94,R
,1039581,1302,0,3826,-0.062,-0.26,1.59,-8.37,17.90,-9.02,R
,1039591,1296,0,4095,-0053,-0.19,1.62,-8.52,.70,-8.1,R
,1039601,1287,0,3829,-0052,-0.33,1.62,-6.77,0.82,-534,R
,1039611,1311,0,4095,-0.030,-0.338,1.595,-4.11,9.38,-178,R
,1039621,1307,0,3830,0.013,-0.366,1.413,0.15,-14.07,3.21,R
,1039671,1379,0,4093,0.070,-0.34,1.158,22.30,-31.21,7.61,R
,1039711,1410,0,4075,0.035,-0.374,1.110,19.95,-36.86,21.58,R
,1039761,1331,0,3843,-0.032,-0.423,1.099,26.36,-28.14,36.36,R
,1039871,1292,0,4095,-0361,-0.28,0.87,39.14,-41.32,45.70,R
,1039941,1202,0,3832,-0030,-0.46,0.34,27.46,-24.33,32.69,R
,1039951,1197,0,4091,-0.102,-0.506,0.358,11.22,-22.79,25.75,R
,103996,1265,0,3831,-0.029,-0.97,0.29,10.06,-20.97,25.03,R
,1039981,1360,0,3825,-0019,-0.35,0.32,5.19,-12.66,16.11,R
,1039991,1385,0,4075,-0012,-0.34,0.32,7.25,-6.42,10.78,R
,1040081,1451,0,3831,-0.106,-0.548,0.79,-21.61,31.67,-9.00,R
,1040091,1445,0,4095,-0100,-0.47,0.84,-20.68,26.68,-26.21,R
,1040131,1462,0,4095,-0.085,-0.507,0.858,-24.43,23.96,-3.22,R
,1040151,1488,0,4095,-0065,-0.29,0.91,-30.80,30.80,-33.54,R
,1040161,1457,0,3838,-0.038,-0.48,0.92,-33.41,25.43,-5.48,R
,104019,1507,0,4095,-0012,-0.91,0.92,-24.83,21.00,-36.47,R
,1040311,1312,0,4095,-0.060,-0.423,1.192,-39.53,36.82,-28.51,R
,1040321,1333,0,3837,-0.016,-0.60,1.35,-41.47,31.31,-22.35,R
,1040331,1203,0,4095,-0089,-0.34,1.47,-33.06,26.45,-9.72,R
,104034,1152,0,3854,-0092,-0.10,1.60,-26.97,21.32,-4.35,R
,1040351,1162,0,4095,-0085,-0.44,1.65,-15.55,14.77,-3.75,R
,1040381,1328,0,3833,-0.035,-0.302,1.542,10.21,.16,4.2,R
,104039,1328,0,4095,-0011,-0.85,1.44,10.39,0.21,10.13,R
,1040421,1296,0,3835,0.062,-0.339,1.204,15.35,-2.36,9.29,R
,1040561,1328,0,3827,-0010,-0.13,1.07,24.97,-30.62,33.88,R
,104057,1364,0,4095,-0.014,-0.448,1.104,24.74,33.09,32.69,R
,104058,1377,0,3832,-0012,-0.47,1.09,32.44,-36.85,3.88,R
,1040601,1435,0,3830,-0.049,-0.430,1.067,43.41,37.90,31.33,R
,1040611,1459,0,4095,-0065,-0.24,1.05,43.03,-37.00,31.13,R
,1040621,1462,0,3834,-0.057,-0.427,1.015,39.17,39.87,30.39,R
,1040631,1470,0,4083,-0.072,-0.443,0.998,35.87,42.57,29.18,R
,1040641,1457,0,3829,-0067,-0.447,0.948,35.92,-42.80,29.59,R
,1040651,1456,0,4094,-0.071,-0.63,0.89,35.66,42.65,3.58,R
,1040661,1451,0,3830,-0074,-0.71,0.82,37.35,-40.66,3.69,R
,1040671,1431,0,4095,-0062,-0.87,0.76,34.27,-36.22,32.58,R
,1040751,1335,0,4095,-0034,-0.606,0.48,8.85,-.76,12.60,R
,1040771,1360,0,4095,-0.035,-0.627,0.510,-2.98,9.38,4.39,R
,1040781,1345,0,3837,-0064,-0.616,0.546,-8.92,10.79,-2.36,R
,104080,1378,0,3838,-0108,-0.10,0.64,-5.30,7.67,0.3,R
,104081,1390,0,4095,-0056,-0.76,0.65,-2.72,16.92,-145,R
,1040831,1427,0,4095,-0070,-0.42,0.69,-8.16,5.43,-1.59,R
,1040861,1472,0,3835,-0.061,-0.501,0.73,-10.65,24.53,-14.22,R
,1040881,1458,0,3831,-0041,-0.83,0.77,-22.01,31.11,-17.60,R
,1040901,1433,0,3831,-0056,-0.87,0.84,-34.49,30.51,-6.70,R
,1040911,1423,0,4095,-0058,-0.99,0.86,-32.37,28.65,-29.31,R
,1041151,1136,0,4095,-0005,-0.57,1.65,-3.58,.21,-1.0,R
,1041221,1181,0,3837,0.06,-0.349,1.135,18.82,-0.36,6.7,R
,1041241,1173,0,3834,0.083,-0.327,1.068,15.12,-28.85,13.65,R
,1041261,1099,0,3834,0.064,-0.361,1.061,11.61,-27.29,19.90,R
,1041361,915,0,843,-0.022,-0.434,1.088,14.50,-30.59,39.67,R
,104138,909,0,835,-0.056,-0.458,1.099,16.65,-34.22,35.58,R
,1041391,1072,0,4095,-0115,-0.61,1.10,19.52,37.58,3.55,R
,1041411,1243,0,4095,-0118,-0.77,1.05,36.30,-43.69,3.54,R
,1041471,1391,0,4095,-0.042,-0.496,0.600,39.00,-44.63,22.92,R
,1041531,674,0,4095,0.08,-0.57,0.375,.55,-2524,4.94,R
,1041551,729,0,4095,0.006,-0.615,0.386,-0.14,-15.09,4.04,R
,1041561,851,0,3835,0.07,-0.61,0.421,.41,-4.6,4.55,R
,1041571,933,0,4095,0.01,-0.59,0.495,.48,11.8,4.10,R
,1041611,1104,0,4095,-0.052,-0.519,0.615,-17.72,37.23,-7.46,R
,104179,1250,0,4095,0.028,-0.446,0.851,-21.79,32.71,-28.55,R
,1041821,1277,0,3840,0.087,-0.438,0.823,-13.44,15.69,-36.36,R
,104193,935,0,095,-0.014,-0.332,1.494,-5.65,14.01,-7.48,R
,1041971,933,0,4095,0.01,-0.36,1.279,0.27,-224,-5.13,R
,1041981,939,0,3824,0.05,-0.33,1.239,0.90,-859,-6.36,R
,104199,933,0,4095,0.051,-0.352,1.190,12.82,-13.73,-4.82,R
,104201,935,0,095,0.049,-0.358,1.140,13.26,-19.56,0.25,R
,1042021,930,0,3838,0.06,-0.37,1.105,3.89,-2.36,2.39,R
,1042041,924,0,3842,0.092,-0.381,1.056,5.75,-22.47,8.65,R
,1042061,925,0,3839,0.07,-0.38,1.052,4.45,-1.95,12.6,R
,1042081,925,0,843,0.02,-0.40,1.063,2.33,-2.65,19.8,R
,104211,935,0,090,0.07,-0.40,1.048,5.32,-2.79,22.5,R
,1042121,929,0,3839,0.041,-0.409,1.052,17.28,-23.82,21.47,R
,104214,929,0,839,0.02,-0.40,1.053,6.97,-2.00,21.5,R
,1042191,915,0,4095,-0.115,-0.454,1.096,11.95,-28.36,23.13,R
,1042291,1160,0,4095,-0.055,-0.474,0.507,30.07,-34.25,13.06,R
,104233,1138,0,4095,0.059,-0.510,0.405,4.19,-12.56,10.68,R
,104234,1107,0,3835,0.067,-0.54,0.429,0.71,-9.38,5.33,R
,1042371,1170,0,4095,0.051,-0.531,0.544,-0.16,3.40,-8.35,R
,104240,1203,0,3843,0.012,-0.482,0.580,-12.95,32.37,-142,R
,1042421,1207,0,3839,-0035,-0.08,0.71,-18.88,36.13,-2.18,R
,104243,1232,0,4095,-0.022,-0.503,0.78,-17.17,33.35,-5.72,R
,1042451,1253,0,4095,-0040,-0.97,0.84,-16.04,28.05,-13.87,R
,104246,1270,0,3835,-0.035,-0.495,0.875,-21.53,26.68,-4.07,R
,1042471,1275,0,4095,-0038,-0.94,0.84,-26.43,33.28,-9.92,R
,1042511,1287,0,4095,-0.017,-0.531,0.987,-23.53,51.60,-3.77,R
,1042531,1334,0,4095,-0.033,-0.519,1.01,-17.73,29.02,-29.92,R
,1042551,1374,0,4095,-0008,-0.96,0.96,-17.90,19.37,-31.63,R
,1042561,1383,0,3839,0.004,-0.465,0.966,-21.26,25.46,-27.08,R
,1042751,1059,0,4095,-0109,-0.42,1.55,-3.20,.15,-2.07,R
,1042761,1038,0,3843,-0.084,-0.288,1.542,0.03,-5.75,-0.25,R
,1042781,992,0,843,0.05,-0.31,1.370,.99,-25.76,-0.61,R
,1042791,983,0,095,0.00,-0.30,1.269,6.76,-27.09,5.24,R
,1042941,1088,0,3838,0.019,-0.406,1.032,13.80,-13.26,36.71,R
,1042961,955,0,3836,-0.021,-0.428,1.080,12.04,-19.79,34.22,R
,1042991,1099,0,4095,-0.073,-0.442,1.090,18.12,-28.34,31.29,R
,1043011,1257,0,4095,-0.135,-0.400,1.05,20.74,-27.09,34.05,R
,1043031,1259,0,4095,-0.113,-0.436,0.977,24.07,30.94,2.54,R
,1043051,1263,0,4095,-0.098,-0.454,0.853,32.06,39.85,2.65,R
,1043061,1256,0,3843,-0091,-0.53,0.78,33.06,-43.41,2.72,R
,1043081,1249,0,3851,0.000,-0.474,0.631,33.51,-6.50,20.80,R
,104309,1251,0,4095,0.13,-0.40,0.460,3.25,-3.76,-3.2,R
,1043101,1293,0,3854,0.062,-0.418,0.421,24.28,-1.92,2352,R
,1043111,1333,0,4095,-0.280,-0.808,0.588,45.61,25.79,3.91,R
,1043151,1341,0,4095,-0.005,-0.531,0.445,0.86,677,15.2,R
,1043161,1328,0,3846,-0.002,-0.549,0.486,-1.53,.63,9.2,R
,1043171,1335,0,4094,-0009,-0.11,0.57,-4.74,-0.53,2.71,R
,1043181,1314,0,3843,-0035,-0.64,0.63,1.05,-0.48,2.55,R
,1043201,1328,0,3847,0.009,-0.490,0.583,2.21,17.32,9.49,R
,1043211,1339,0,4085,0.002,-0.50,0.635,-12.25,9.38,4.7,R
,104323,1319,0,4083,-0029,-0.23,0.70,-20.01,35.52,-0.90,R
,1043241,1323,0,3850,-0.046,-0.40,0.75,-19.90,36.85,-3.40,R
,1043291,1360,0,4095,-0004,-0.57,0.84,-18.81,21.63,-15.32,R
,1043451,1075,0,4095,0.34,-0.76,1.159,-63.87,6.51,-65.43,R
,1043461,996,0,3840,0.27,-0.68,1.225,73.52,-10.27,-80.79,R
,104347,894,0,4095,0.23,-0.67,1.342,73.32,-20.25,-8.65,R
,1043481,884,0,842,0.25,-0.45,1.469,73.94,-33.56,-89.22,R
,1043521,848,0,3840,0.009,-0.433,1.569,-35.38,-5.99,-7.93,R
,1043561,803,0,3847,-0.016,-0.310,1.335,-32.59,47.37,-5.58,R
,1043611,816,0,4095,-0.004,-0.11,0.996,-10.86,48.10,-3.37,R
,1043621,816,0,3841,0.015,-0.19,0.967,-16.16,-3.52,3.7,R
,1043631,816,0,4095,0.024,-0.225,0.953,-18.20,-0.79,9.5,R
,1043641,816,0,3842,0.031,-0.253,0.934,18.97,-3.78,1643,R
,104365,829,0,095,0.09,-0.26,0.934,16.16,-62.48,24.43,R
,104366,815,0,3845,0.00,-0.29,0.936,12.30,-57.35,33.23,R
,1043681,814,0,3843,0.091,-0.342,0.917,-6.88,-4.17,46.19,R
,104369,814,0,4095,0.18,-0.36,0.911,6.68,-46.28,48.31,R
,104370,810,0,852,0.15,-0.39,0.920,4.97,-49.85,49.13,R
,1043711,813,0,4095,0.12,-0.42,0.906,4.22,-5.30,50.7,R
,1043721,816,0,3850,0.11,-0.45,0.929,3.15,-52.19,52.0,R
,1043741,814,0,3843,0.126,-0.493,0.945,2.59,-4.34,54.6,R
,1043761,803,0,3843,0.17,-0.58,0.973,0.83,-48.95,51.33,R
,1043771,803,0,4095,0.082,-0.587,1.006,-0.71,-48.19,52.55,R
,104378,807,0,3845,0.03,-0.61,0.959,.46,-48.40,52.8,R
,1043831,1346,0,4095,0.042,-0.578,0.620,28.88,-8.95,42.95,R
,1043881,1386,0,3844,0.177,-0.646,0.164,4.22,-65.23,40.49,R
,1043921,1374,0,3847,0.201,-0.735,0.040,3.49,-20.59,38.45,R
,1043931,1358,0,4095,0.212,-0.699,0.076,3.58,-2.39,48.80,R
,1043971,1251,0,4095,0.112,-0.759,0.285,-0.89,2.74,19.99,R
,1044021,1232,0,3831,0.175,-0.795,0.591,-25.96,9.47,9.32,R
,1044041,1283,0,3840,0.171,-0.783,0.642,-5.87,23.75,10.65,R
,1044081,1313,0,3854,0.213,-0.673,0.581,1.49,26.70,7.18,R
,1044121,1393,0,3854,0.20,-0.77,0.615,-35.70,14.31,-1.42,R
,1044351,1249,0,4095,0.78,-0.68,0.970,10.88,-5.52,23.71,R
,1044361,1264,0,3840,0.325,-0.704,0.923,13.00,-12.82,23.99,R
,1044421,1224,0,3838,0.328,-0.724,0.780,13.19,-8.86,24.78,R
,1044431,1247,0,4095,0.293,-0.72,0.804,14.38,-4.80,24.94,R
,1044551,1244,0,4095,-0007,-0.29,0.95,24.16,39.43,1.39,R
,1044611,1343,0,4095,0.053,-0.701,0.441,48.65,-37.35,4.75,R
,1044691,1392,0,4095,0.111,-0.79,0.155,-17.82,-28.79,-0.85,R
,1044721,1355,0,3839,0.150,-0.795,0.228,-10.11,-7.37,-1.84,R
,1044781,1314,0,3821,0.67,-0.74,0.448,-25.41,46.36,6.7,R
,1044941,1394,0,3828,0.60,-0.91,0.759,-40.89,22.56,-33.63,R
,104503,1360,0,4095,0.407,-0.973,1.018,-57.87,-11.55,-94.58,R
,1045181,1341,0,3830,0.32,-0.34,0.729,-4.01,-53.89,-1.08,R
,104524,1350,0,3839,0.276,-0.530,0.637,-1.78,-46.42,28.77,R
,104529,1389,0,4095,0.284,-0.647,0.641,7.12,-3.17,33.8,R
,1045311,1401,0,4095,0.236,-0.706,0.653,6.61,-28.05,32.42,R
,1045331,1329,0,4095,0.202,-0.767,0.662,11.70,-44.43,25.29,R
,104536,1273,0,3856,0.181,-0.768,0.547,31.12,-60.18,16.48,R
,1045371,1296,0,4095,0.91,-0.61,0.427,36.42,-47.08,9.32,R
,104544,1338,0,3843,0.236,-0.762,0.009,24.41,-36.53,11.41,R
,1045491,1253,0,4095,0.70,-0.80,-0.034,14.47,-19.26,5.78,R
,104551,1190,0,4095,0.354,-0.865,-0.032,7.06,581,-4.5,R
,104555,1291,0,4095,0.367,-0.878,0.182,17.38,29.73,-5.11,R
,1045591,1309,0,4095,0.33,-0.89,0.352,-8.46,46.04,-13.49,R
,1045611,1322,0,4095,0.55,-0.84,0.457,-16.92,40.76,-18.64,R
,1045671,1293,0,4095,0.48,-0.77,0.518,1.95,38.44,-24.06,R
,104570,1241,0,3846,0.54,-0.73,0.470,-7.47,51.17,-20.71,R
,1045841,1501,0,3851,0.48,-0.61,0.855,-33.59,22.65,-15.66,R
,104591,1481,0,4072,0.26,-0.706,1.395,-4.74,-12.19,1.06,R
,1045931,1490,0,4050,0.57,-0.59,1.156,7.80,-11.09,9.87,R
,104595,1490,0,4063,0.579,-0.578,0.982,3.70,-630,16.68,R
,1045961,1489,0,3845,0.78,-0.68,0.936,9.00,-15.37,16.84,R
,1046031,1493,0,4042,0.502,-0.60,0.728,17.19,-38.01,25.99,R
,1046071,1421,0,4011,0.82,-0.64,0.761,19.02,-42.86,37.44,R
,1046121,1509,0,3863,0.392,-0.743,0.811,27.31,-54.47,3173,R
,1046281,1264,0,3847,0.256,-0.75,0.165,32.38,-55.06,4.49,R
,1046311,1294,0,3915,0.301,-0.732,0.035,13.00,-25.11,0.62,R
,1046341,1352,0,3855,0.322,-0.81,-0.014,-5.30,-16.14,-5.87,R
,1046401,1310,0,3859,0.352,-0.87,0.194,6.53,21.55,-5.55,R
,1046661,1433,0,3856,0.16,-0.92,0.511,-48.77,74.76,-45.71,R
,1046671,1407,0,3952,0.12,-0.776,0.497,-48.89,2.07,-5.82,R
,1046761,1318,0,3859,-0.105,-0.255,1.52,51.80,41.72,-18.48,R
,1046771,1296,0,3956,-0.087,-0.250,1.59,69.16,137.76,-8.04,R
,1046891,1390,0,4035,0.273,-0.21,0.983,216.94,142.33,58.42,R
,1047001,1131,0,3856,0.093,-0.10,1.062,176.53,115.92,51.91,R
,1047111,1371,0,3952,-0.259,0.134,1.089,106.62,55.44,24.58,R
,1047181,1387,0,3862,-0.310,0.313,0.949,64.47,41.95,22.77,R
,1047381,1082,0,3853,-0.339,0.271,0.924,-2.10,73.92,32.37,R
,1047411,1090,0,3936,-0.446,0.340,1.021,-16.04,64.70,16.05,R
,1047421,1072,0,3851,-0.483,0.342,1.052,-22.63,54.92,11.64,R
,104745,963,0,937,-0.99,0.32,1.081,-26.26,3.44,1.5,R
,1047461,989,0,3856,-0.505,0.306,1.078,-21.67,37.90,1.33,R
,1047471,912,0,941,-0.23,0.34,1.013,20.52,3.11,3.5,R
,104749,816,0,951,-0.62,0.22,0.765,-25.21,2.62,15.33,R
,1047501,747,0,852,-0.21,0.453,0.710,-29.52,31.55,12.1,R
,1047511,675,0,3977,-0.589,0.403,0.748,-13.84,38.73,7.85,R
,1047531,684,0,992,-0.33,0.41,0.748,-13.41,34.19,1.76,R
,104756,701,0,856,-0.64,0.35,0.703,-19.38,17.49,-3.5,R
,1047581,694,0,851,-0.75,0.35,0.620,17.39,1.37,-4.15,R
,1047601,639,0,869,-0.84,0.324,0.635,-10.16,24.05,-6.0,R
,104764,575,0,3856,-0.643,0.35,0.728,4.57,2723,-6.13,R
,1047681,327,0,3857,-0.775,0.364,0.920,-7.10,9.29,-5.87,R
,1047701,475,0,855,-0.50,0.29,0.855,-5.12,-7.14,-3.92,R
,104771,527,0,3970,-0.38,0.10,1.180,.92,-1534,2.45,R
,1047721,511,0,856,-0.61,0.23,0.802,9.03,-14.91,-10.79,R
,1047731,465,0,982,-0.32,0.25,0.847,3.06,-7.21,-17.02,R
,104774,475,0,858,-0.97,0.27,0.877,13.45,2.24,-18.03,R
,1047751,475,0,3999,-0.43,0.265,1.083,4.68,6.85,-20.84,R
,1047781,501,0,858,-0.96,0.34,0.833,.04,22.74,-2.38,R
,104779,496,0,3969,-0.614,0.325,0.860,4.67,17.57,-0.65,R
,104781,500,0,986,-0.14,0.34,0.809,4.03,9.92,0.77,R
,1047821,478,0,856,-0.20,0.34,0.761,6.38,9.2,1.35,R
,1047851,511,0,020,-0.14,0.37,0.674,.08,13.7,1.41,
,1047861,530,0,863,-0.48,0.39,0.599,.60,13.1,-0.84,R
,104787,450,0,4029,-0.575,0.36,0.647,.87,19.5,-4.88,R
,1047891,490,0,998,-0.07,0.32,0.667,-8.26,9.0,-14.0,R
,1047901,496,0,856,-0.06,0.32,0.727,-12.34,4.19,-15.45,R
,104791,511,0,999,-0.01,0.29,0.721,-10.22,0.39,-13.34,R
,104795,361,0,3978,-0.579,0.335,0.762,.45,20.3,-12.1,R
,1047961,411,0,856,-0.39,0.34,0.766,1.32,25.6,-12.1,R
,104798,477,0,847,-0.71,0.40,0.712,-0.42,27.47,-12.70,R
,1047991,624,0,013,-0.66,0.389,0.777,2.09,24.51,-15.77,R
,104800,637,0,3853,-0.465,0.59,0.501,17.99,13.03,-8.70,R
,104801,656,0,4000,-0.709,0.356,0.708,-12.30,10.28,-21.08,R
,1048021,645,0,851,-0.67,0.350,0.776,-18.25,-1.14,-22.03,R
,1048041,527,0,859,-0.12,0.25,0.837,14.48,-0.13,-23.38,R
,1048051,511,0,013,-0.07,0.27,0.770,-7.01,-730,-22.7,R
,1048071,576,0,013,-0.08,0.27,0.742,.12,9.7,-17.49,R
,1048081,539,0,856,-0.32,0.27,0.754,.96,17.37,-16.01,R
,104809,195,0,4005,-0.649,0.268,0.761,9.54,20.77,-14.74,R
,104811,397,0,3994,-0.49,0.31,0.768,.86,24.7,-12.9,R
,104812,396,0,3856,-0.674,0.292,0.756,2.86,15.50,-12.44,R
,104813,384,0,4001,-0.78,0.29,0.728,0.31,5.8,-10.68,R
,104814,382,0,3850,-0.637,0.295,0.720,-4.40,-2.62,-10.06,R
,104815,389,0,3997,-0.31,0.28,0.727,8.37,-847,-8.7,R
,104817,407,0,3968,-0.65,0.25,0.723,16.08,-3.09,-4.64,R
,1048181,422,0,3847,-0.549,0.252,0.735,-15.36,-11.37,-3.02,R
,1048201,448,0,856,-0.71,0.24,0.718,-5.97,-295,-0.2,R
,104821,459,0,000,-0.69,0.27,0.708,3.49,3.0,0.92,R
,104822,450,0,3857,-0.82,0.272,0.748,-3.49,7.02,-0.56,R
,1048251,706,0,007,-0.648,0.22,0.797,-15.03,4.76,-7.9,R
,104826,777,0,855,-0.29,0.19,0.795,10.75,1.17,-12.61,R
,1048281,819,0,853,-0.50,0.18,0.720,.31,1.89,-11.00,R
,1048311,784,0,4015,-0.609,0.22,0.690,3.02,7.75,-10.10,R
,104832,797,0,3856,-0.641,0.23,0.737,15.52,10.65,-9.43,R
,1048331,815,0,995,-0.53,0.24,0.735,17.87,1508,-8.2,R
,1048371,822,0,3984,-0.694,0.277,0.729,27.03,8.71,-13.35,R
,1048381,823,0,856,-0.00,0.29,0.688,6.83,7.53,-15.22,R
,104839,822,0,3995,-0.703,0.303,0.679,27.05,5.87,-14.3,R
,104840,841,0,854,-0.13,0.31,0.679,7.72,4.7,-12.0,R
,104842,871,0,852,-0.72,0.28,0.696,26.07,5.2,-11.60,R
,1048431,875,0,994,-0.85,0.28,0.693,7.16,7.2,-11.66,R
,104844,875,0,852,-0.98,0.27,0.705,5.93,9.14,-10.87,R
,104845,835,0,3977,-0.00,0.29,0.721,2.82,9.5,-10.80,R
,1048461,827,0,841,-0.37,0.31,0.714,22.48,10.73,-9.60,R
,104847,838,0,990,-0.21,0.31,0.704,8.25,1106,-7.95,R
,1048531,832,0,986,-0.79,0.31,0.689,1.40,0.89,-2.44,R
,1048541,803,0,3853,-0.687,0.31,0.694,.03,3.2,0.11,R
,1048551,873,0,985,-0.78,0.30,0.691,1.68,5.3,3.13,
,1048561,865,0,857,-0.87,0.28,0.696,4.77,6.6,6.43,
,1048571,865,0,978,-0.65,0.25,0.720,5.23,7.0,5.26,
,104858,835,0,3855,-0.37,0.26,0.691,-1.53,15.46,4.14,R
,104859,731,0,963,-0.55,0.28,0.674,3.69,26.48,4.34,R
,1048651,757,0,987,-0.07,0.30,0.646,-22.30,-5.27,4.25,R
,104868,877,0,856,-0.80,0.24,0.696,18.10,-2.04,5.30,R
,104871,976,0,963,-0.02,0.26,0.730,-4.25,3.82,5.33,R
,1048791,1165,0,3984,-0647,0.21,0.697,1.74,-23.38,10.04,R
,1048801,1189,0,3856,-0643,0.28,0.700,9.55,-1.97,7.82,R
,1048861,1257,0,3858,-0.661,0.307,0.727,11.63,-9.11,5.90,R
,1048881,1290,0,3838,-0.608,0.24,0.668,4.65,-1.96,8.31,R
,104894,1296,0,3860,-0644,0.30,0.716,10.21,37.44,21.32,R
,104895,1301,0,3983,-0679,0.36,0.695,11.12,35.95,20.28,R
,1049021,1282,0,3857,-0703,0.35,0.601,10.28,28.33,6.95,R
,1049041,1279,0,3856,-0.715,0.36,0.624,3.26,24.99,5.78,R
,1049051,1298,0,3984,-0.705,0.317,0.665,-0.43,17.21,2.05,R
,1049071,1298,0,3952,-0.743,0.319,0.685,-1.76,15.98,1.68,R
,1049081,1274,0,3856,-0750,0.24,0.715,9.05,14.16,4.58,R
,1049141,1433,0,3859,-0.794,0.375,0.680,-2.77,18.10,19.76,R
,1049301,1487,0,3850,-0.644,0.47,0.695,-91.39,-28.45,55.76,R
,1049341,1456,0,3869,-0.562,0.34,0.945,-96.78,-33.05,72.49,R
,1049411,1328,0,4011,-0.344,0.37,1.022,-105.38,-63.78,55.47,R
,1049481,1139,0,3856,-0.350,0.26,1.276,-111.46,-61.32,19.93,R
,1049491,1149,0,3985,-0350,0.29,1.262,-123.30,-72.24,5.85,R
,1049551,1122,0,3947,-0.357,0.184,1.122,-151.75,-83.23,-18.09,R
,1049611,1097,0,3962,-0483,0.19,1.163,-179.53,-111.40,-32.74,R
,1049631,1090,0,3940,-0518,0.15,1.173,-172.07,-118.92,-22.94,
,1049731,1072,0,4095,-0.223,-0.45,0.841,-111.87,-103.27,3.38,R
,1049791,1059,0,4095,-0157,-0.59,0.654,-80.80,-76.82,6.20,R
,1049801,1046,0,3843,-0.150,-0.71,0.627,-71.72,-68.47,.62,R
,1049901,1043,0,3852,-0036,-0.99,0.604,-36.17,-31.50,7.91,R
,1049961,1044,0,3842,0.013,-0.42,0.623,-13.14,-4.62,3.59,R
,1049991,1044,0,4083,0.02,-0.59,0.611,-16.04,3.34,0.05,R
,1050021,1040,0,3847,0.21,-0.54,0.624,-18.04,8.56,-3.5,R
,1050071,1023,0,4080,-0008,-0.23,0.665,-11.84,13.40,-19.05,R
,1050111,1036,0,4067,-0.000,-0.631,0.61,2.13,34.18,-14.88,R
,1050171,988,0,066,-0.03,-0.63,0.634,-12.91,36.18,-3.45,R
,1050201,969,0,853,-0.21,-0.67,0.661,-24.16,34.99,-34.41,R
,1050211,973,0,061,-0.20,-0.60,0.682,-29.49,34.83,-3.74,R
,1050221,973,0,3843,0.026,-0.714,0.701,-28.36,32.85,-34.06,R
,1050241,926,0,847,0.00,-0.67,0.705,22.92,33.41,-37.61,R
,1050251,863,0,3975,0.07,-0.69,0.721,-16.17,32.18,-40.51,R
,105026,816,0,855,0.08,-0.70,0.734,-12.02,33.75,-41.11,R
,1050271,815,0,053,0.095,-0.625,0.708,-1.21,67.05,-44.22,R
,1050291,816,0,095,0.02,-0.65,0.665,-26.16,32.36,-24.96,R
,105031,821,0,4095,0.161,-0.64,0.743,-49.73,7.32,-39.67,R
,1050381,748,0,3879,0.121,-0.62,1.256,-39.03,5.16,-2340,R
,1050411,798,0,066,0.00,-0.65,1.637,-15.99,23.86,-9.17,R
,1050441,784,0,856,0.19,-0.60,1.620,-0.19,-6.80,-10.2,R
,1050451,784,0,4048,0.134,-0.601,1.554,0.64,-5.67,-4.38,R
,1050461,761,0,843,0.17,-0.56,1.416,16.12,2.6,5.67,
,1050471,735,0,4050,0.10,-0.49,1.246,14.33,12.45,14.42,R
,1050511,704,0,095,0.23,-0.60,1.098,-3.30,-36.31,8.84,R
,1050521,710,0,856,0.17,-0.62,1.072,0.83,-4.67,7.1,R
,1050531,706,0,095,0.18,-0.64,1.054,4.39,-44.02,7.90,R
,1050541,709,0,853,0.22,-0.64,1.034,11.03,-37.89,12.02,R
,1050551,709,0,064,0.16,-0.62,1.014,6.41,-2.69,18.8,R
,1050571,713,0,062,0.18,-0.61,0.992,6.74,-2.91,22.1,R
,1050581,713,0,856,0.13,-0.61,0.972,12.73,-29.15,22.20,R
,1050591,713,0,4095,0.098,-0.626,0.944,.98,-37.55,21.94,R
,1050611,710,0,086,0.05,-0.63,0.927,6.32,-47.66,19.5,R
,1050631,704,0,4095,0.036,-0.623,0.903,12.96,-44.08,20.37,R
,1050641,704,0,3847,0.002,-0.615,0.892,5.46,-39.76,23.33,R
,105066,707,0,3856,-0.22,-0.65,0.869,17.72,-39.84,26.43,R
,1050671,704,0,086,-0.45,-0.69,0.837,16.04,-2.02,25.84,R
,1050681,701,0,3842,-0.37,-0.69,0.785,14.70,-5.38,2371,R
,105070,704,0,3851,-0.22,-0.68,0.667,15.19,-53.50,18.17,R
,105073,434,0,3977,0.020,-0.674,0.470,5.00,-5.56,10.6,R
,1050741,439,0,847,-0.26,-0.61,0.405,19.99,-1.69,9.6,R
,1050751,450,0,082,0.048,-0.656,0.335,25.51,-44.91,8.75,R
,1050761,450,0,847,0.01,-0.65,0.285,5.25,-3.08,7.6,R
,1050781,427,0,855,0.16,-0.64,0.211,4.42,-2.46,1.84,R
,105079,430,0,4077,0.123,-0.665,0.234,3.86,-23.37,-0.68,R
,1050801,418,0,3847,0.114,-0.682,0.188,-5.32,-15.27,-2.87,R
,1050811,418,0,062,0.16,-0.65,0.202,16.37,-.50,-4.4,R
,1050821,418,0,841,0.01,-0.66,0.227,-11.85,1.58,-1.34,R
,105086,441,0,3853,0.00,-0.66,0.399,1.26,6.5,-11.7,R
,1050881,478,0,849,0.04,-0.64,0.440,-16.08,15.49,-10.76,R
,1050901,471,0,856,0.037,-0.686,0.552,28.25,2.72,-1268,R
,1050931,503,0,4070,0.033,-0.696,0.619,-14.01,29.53,-16.48,R
,1050941,506,0,3853,0.080,-0.712,0.661,-10.91,27.76,-19.75,R
,1050951,506,0,064,0.068,-0.67,0.626,-17.99,31.98,-20.48,R
,1050961,503,0,857,0.051,-0.68,0.625,24.77,34.53,-19.69,R
,1050971,483,0,063,0.03,-0.70,0.660,-28.08,3.04,-1884,R
,1050981,480,0,853,0.10,-0.72,0.672,-28.45,3.36,-19.49,R
,105099,477,0,4039,0.089,-0.735,0.690,-29.09,38.65,-20.41,R
,1051001,471,0,858,0.07,-0.75,0.708,-24.37,3.04,-2134,R
,105101,486,0,4016,0.094,-0.743,0.710,-22.16,37.41,-20.61,R
,1051021,487,0,850,0.02,-0.74,0.689,-20.43,36.36,-21.00,R
,1051051,475,0,067,0.15,-0.73,0.662,-19.85,43.23,-20.15,R
,1051061,465,0,3856,0.17,-0.74,0.669,23.87,2.44,-21.31,R
,1051071,478,0,083,0.27,-0.70,0.659,-30.66,5.81,-28.36,R
,1051081,467,0,852,0.26,-0.70,0.643,34.71,4.24,-34.94,R
,1051101,432,0,853,0.35,-0.73,0.672,35.85,12.92,-32.96,R
,1051111,423,0,987,0.296,-0.708,0.722,-31.88,23.64,-24.97,R
,1051121,432,0,856,0.32,-0.70,0.823,-29.82,39.73,-1706,R
,1051131,432,0,015,0.22,-0.69,0.911,-33.65,4.43,-1491,R
,105114,435,0,3851,0.297,-0.652,1.077,-37.26,44.13,-17.60,R
,1051161,432,0,856,0.25,-0.73,1.296,25.17,25.61,-22.42,R
,1051191,432,0,048,0.20,-0.65,1.537,-10.92,16.22,-0.42,R
,1051201,432,0,856,0.23,-0.62,1.546,-8.63,1086,-3.6,R
,1051211,432,0,032,0.29,-0.62,1.537,-8.51,4.57,-5.69,R
,1051221,432,0,853,0.21,-0.61,1.540,8.04,-4.66,-4.59,R
,105124,400,0,3846,0.306,-0.626,1.247,6.40,-12.11,5.23,R
,1051251,398,0,042,0.22,-0.63,1.320,-9.96,-1.61,1.7,R
,1051261,392,0,857,0.20,-0.69,1.235,3.26,-31.24,2.40,R
,1051271,394,0,4048,0.282,-0.654,1.173,14.04,-34.42,4.07,R
,105128,394,0,3856,0.257,-0.64,1.096,7.23,-37.09,3.13,R
,105129,391,0,4081,0.260,-0.607,1.051,19.58,-39.61,6.13,R
,1051301,395,0,857,0.29,-0.59,1.000,15.40,-41.61,7.90,R
,1051311,400,0,077,0.21,-0.59,0.976,10.91,-44.83,9.3,R
,1051321,404,0,857,0.29,-0.58,0.927,.51,-4970,10.3,R
,1051331,400,0,081,0.29,-0.61,0.923,4.88,-54.88,10.2,R
,1051341,400,0,863,0.10,-0.59,0.904,.47,-57.05,10.46,R
,105135,400,0,4080,0.160,-0.633,0.903,1.98,-61.11,9.64,R
,1051361,401,0,858,0.19,-0.64,0.910,.09,-63.30,9.85,R
,1051371,398,0,089,0.10,-0.63,0.894,13.63,-6.50,11.0,R
,105139,400,0,4095,0.062,-0.609,0.854,19.22,-56.21,15.42,R
,1051401,399,0,3858,0.031,-0.60,0.825,23.75,-56.21,18.34,R
,1051421,387,0,3857,0.06,-0.58,0.758,3.23,-6.48,19.99,R
,105143,386,0,4095,0.016,-0.579,0.704,35.31,-61.00,20.33,R
,1051461,491,0,3854,0.027,-0.531,0.505,40.59,-45.37,26.62,R
,105147,455,0,095,0.037,-0.531,0.451,47.37,-41.67,36.14,R
,105149,437,0,4075,0.00,-0.52,0.386,4.18,-2.77,38.8,R
,1051511,323,0,4085,0.047,-0.542,0.241,61.80,-15.20,44.6,R
,1051521,313,0,3856,0.035,-0.544,0.276,60.24,-8.22,42.97,R
,105156,410,0,3855,-0.009,-0.622,0.337,36.88,2.94,35.18,R
,1051581,432,0,846,0.00,-0.715,0.325,32.51,7.93,34.29,R
,1051591,464,0,095,-0.32,-0.83,0.414,45.57,8.68,42.45,R
,1051611,479,0,090,0.02,-0.81,0.535,9.77,24.56,32.69,R
,105163,483,0,090,0.06,-0.75,0.480,8.36,39.61,40.43,R
,105164,580,0,847,0.15,-0.74,0.534,5.74,5468,37.3,R
,1051651,590,0,078,0.18,-0.72,0.490,7.63,6639,32.1,R
,1051661,579,0,846,0.01,-0.71,0.533,4.44,68.47,29.15,R
,105167,548,0,4064,0.057,-0.718,0.565,17.06,66.36,25.35,R
,105169,496,0,073,0.07,-0.71,0.642,.24,57.20,12.29,R
,1051701,592,0,3856,0.022,-0.729,0.684,3.09,47.61,3.07,
,1051721,621,0,856,0.04,-0.73,0.708,2.22,33.76,-11.96,R
,105174,610,0,3844,0.040,-0.729,0.723,-4.91,3981,-12.87,R
,1051751,594,0,942,0.01,-0.73,0.740,-5.06,50.22,-9.48,R
,1051761,507,0,856,-0.005,-0.707,0.737,2.67,65.38,-5.9,R
,105178,506,0,3858,-0.129,-0.715,0.774,26.32,100.27,1.1,R
,1051831,618,0,4066,-0.059,-0.649,0.790,-18.10,47.34,-27.75,R
,1051841,666,0,857,-0.32,-0.63,0.790,-18.23,34.07,-30.35,R
,105185,661,0,095,-0.001,-0.699,0.780,-17.91,26.70,-2.76,R
,1051861,656,0,3855,0.040,-0.704,0.751,-15.26,29.53,-2624,R
,1051871,638,0,4094,0.09,-0.70,0.715,-12.97,38.02,-20.04,R
,1051891,624,0,4095,0.15,-0.70,0.772,-5.90,58.45,-17.29,R
,105190,530,0,854,0.08,-0.74,0.831,-1.91,64.48,-15.57,R
,105191,451,0,095,0.02,-0.71,0.863,9.70,5842,-16.2,R
,1051931,434,0,075,0.05,-0.65,1.044,41.27,2.36,-2905,R
,105194,453,0,3852,0.05,-0.600,1.159,-61.14,17.95,-37.22,R
,105195,462,0,4053,-0.90,-0.874,1.256,-52.71,14.41,-34.51,R
,105196,458,0,849,0.03,-0.70,1.392,-45.85,7.57,-29.71,R
,105198,589,0,3856,-0.008,-0.667,1.565,-21.07,15.29,-1.75,R
,105199,581,0,080,0.09,-0.50,1.653,13.17,24.85,-12.93,R
,1052001,597,0,856,-0.38,-0.64,1.607,-0.34,28.41,-2.59,R
,105203,452,0,4095,0.023,-0.491,1.476,3.57,0.4,5.58,R
,105204,423,0,851,0.02,-0.54,1.267,-3.99,-12.85,3.71,R
,105206,430,0,856,0.07,-0.59,1.215,10.40,-37.53,3.09,R
,1052111,465,0,4095,0.004,-0.57,1.009,2.73,-23.82,23.6,R
,105214,526,0,859,-0.11,-0.60,0.949,-5.35,-41.37,25.65,R
,105215,511,0,095,0.01,-0.60,0.947,5.06,-4.42,22.5,R
,1052221,454,0,3857,-0.080,-0.628,0.905,-7.17,-40.89,32.34,R
,105224,451,0,847,-0.23,-0.61,0.884,-6.57,-47.64,29.27,R
,1052251,430,0,4095,-0.135,-0.625,0.868,-6.25,-51.61,27.29,R
,1052261,432,0,840,-0.54,-0.62,0.855,-4.65,-55.55,24.95,R
,105229,300,0,095,-0.00,-0.65,0.744,-0.48,-68.50,18.68,R
,105231,286,0,095,-0.43,-0.68,0.626,8.82,-70.48,15.59,R
,1052331,255,0,4095,-0.045,-0.64,0.472,4.93,-69.52,4.2,R
,105234,270,0,855,-0.83,-0.61,0.516,11.78,-80.13,6.58,R
,1052351,317,0,095,-0.49,-0.64,0.380,10.88,-70.97,6.14,R
,1052361,375,0,3855,-0.059,-0.643,0.305,13.17,-59.61,5.5,R
,105237,367,0,095,-0.058,-0.64,0.309,4.07,-55.73,6.20,R
,105239,361,0,095,-0.18,-0.67,0.173,2.36,-16.34,18.63,R
,105242,354,0,853,0.08,-0.65,0.225,0.32,4.76,13.07,R
,105243,359,0,095,-0.05,-0.60,0.252,1.45,8.13,7.61,R
,105244,426,0,856,-0.09,-0.65,0.401,-0.63,5.34,-2.19,R
,1052471,437,0,095,-0.46,-0.64,0.423,-12.48,22.39,3.20,R
,1052481,436,0,3853,-0.101,-0.658,0.489,-23.96,4.71,5.2,R
,105249,434,0,095,-0.68,-0.62,0.522,-20.65,27.11,12.63,R
,105250,431,0,858,-0.10,-0.65,0.572,-13.99,32.62,14.86,R
,1052511,437,0,4095,-0.079,-0.67,0.605,-8.43,36.48,13.15,R
,1052521,435,0,3853,-0.080,-0.689,0.620,-3.79,36.94,7.3,R
,1052531,442,0,081,-0.77,-0.63,0.638,1.08,31.53,-0.50,R
,105254,439,0,853,-0.56,-0.63,0.647,1.72,26.54,-7.60,R
,1052551,448,0,095,-0.64,-0.60,0.637,-5.61,26.85,-11.32,R
,105256,434,0,855,-0.95,-0.66,0.644,-13.76,31.73,-10.79,R
,105257,442,0,080,-0.98,-0.66,0.677,-17.49,37.14,-7.74,R
,1052591,426,0,4073,-0.90,-0.72,0.698,-18.63,51.86,-0.61,R
,105260,423,0,854,-0.07,-0.74,0.727,-13.68,56.65,2.8,R
,105261,422,0,036,-0.95,-0.76,0.737,-7.85,57.09,2.23,R
,1052631,406,0,907,-0.21,-0.79,0.743,1.00,38.76,-15.63,R
,1052651,486,0,095,0.159,-0.66,0.669,6.70,48.95,-40.7,R
,105267,511,0,095,-0.35,-0.74,0.578,-1.06,27.02,-17.95,R
,105269,483,0,075,0.14,-0.68,0.576,-28.43,0.56,-16.77,R
,1052701,493,0,3857,0.152,-0.725,0.592,-26.60,827,-27.9,R
,1052731,499,0,027,0.15,-0.74,0.713,-8.05,26.60,-41.61,R
,1052751,490,0,4057,0.027,-0.71,0.901,-26.17,47.58,-34.93,R
,1052761,443,0,863,0.04,-0.71,1.069,-37.15,44.36,-27.38,R
,105277,443,0,095,-0.44,-0.78,1.237,-43.00,44.19,-1.73,R
,1052791,318,0,095,-0.95,-0.87,1.543,-29.18,26.79,-15.75,R
,1052811,483,0,3979,-0.35,-0.79,1.786,-13.61,-0.24,-22.41,R
,1052841,618,0,3858,0.03,-0.62,1.629,19.89,4.62,-2.94,R
,105286,530,0,847,0.00,-0.67,1.358,13.55,-22.59,-6.73,R
,105287,530,0,075,0.02,-0.65,1.258,14.39,-38.56,-10.21,R
,1052881,544,0,856,0.12,-0.66,1.189,20.65,-48.39,-12.35,R
,105291,566,0,095,0.02,-0.61,1.033,17.90,-3.93,-5.5,R
,1052931,479,0,3945,0.01,-0.660,0.956,15.29,-3.35,-1.5,R
,1052941,460,0,3856,0.091,-0.68,0.925,16.96,-35.49,-1.25,R
,1052951,463,0,095,0.09,-0.67,0.925,17.31,-42.83,-0.99,R
,1052971,464,0,4095,-0.15,-0.66,0.931,11.72,-36.47,-2.41,R
,1052981,464,0,3856,-0.082,-0.62,0.910,14.38,-36.25,-113,R
,105299,464,0,095,-0.08,-0.65,0.895,16.77,-37.30,1.9,R
,1053001,439,0,3859,-0.097,-0.643,0.882,20.09,-39.49,2.4,R
,105306,378,0,863,-0.16,-0.59,0.697,43.74,-53.93,-0.53,R
,1053071,385,0,090,-0.66,-0.55,0.632,46.44,-50.02,3.04,R
,1053081,382,0,3856,-0.64,-0.52,0.572,52.80,-47.18,6.45,R
,1053101,416,0,3857,-0.022,-0.45,0.406,60.90,-31.95,3.44,R
,1053111,465,0,4091,-0.134,-0.49,0.393,79.51,-9.84,1558,R
,1053121,510,0,856,-0.14,-0.53,0.358,79.29,-23.44,17.23,R
,105314,495,0,857,-0.20,-0.55,0.312,87.72,-7.12,21.15,R
,1053171,453,0,085,-0.73,-0.65,0.309,76.09,9.35,13.85,R
,1053181,528,0,3851,0.01,-0.58,0.309,71.52,16.88,13.41,R
,105319,560,0,4093,0.06,-0.60,0.302,67.20,27.24,11.6,R
,1053201,574,0,3855,0.036,-0.63,0.328,68.64,35.96,9.68,R
,1053211,597,0,085,0.01,-0.62,0.359,67.40,46.71,7.20,R
,1053221,639,0,3856,0.037,-0.685,0.479,64.32,49.55,-3.25,R
,1053231,624,0,075,0.08,-0.69,0.592,66.88,45.95,-10.93,R
,1053261,650,0,3856,0.001,-0.659,0.590,6.35,7442,-10.5,R
,1053271,644,0,048,0.01,-0.61,0.626,49.17,83.64,-16.42,R
,105328,651,0,858,-0.26,-0.63,0.673,46.32,76.15,-16.42,R
,1053311,647,0,4014,-0.37,-0.65,0.781,26.09,67.90,-41.61,R
,105332,670,0,839,-0.45,-0.61,0.809,19.74,63.63,-50.93,R
,1053341,650,0,3857,-0.063,-0.62,0.860,3.46,5118,-67.5,R
,1053351,643,0,982,-0.74,-0.67,0.871,-2.39,49.98,-70.39,R
,1053361,646,0,3853,-0.099,-0.64,0.890,-2.63,53.34,-69.19,R
,1053381,674,0,857,-0.11,-0.59,0.876,0.54,66.22,-65.61,R
,1053391,646,0,4003,-0.92,-0.52,0.889,1.45,71.89,-69.69,R
,1053401,601,0,3853,-0.85,-0.55,0.870,-0.77,85.11,-74.55,R
,1053411,674,0,4003,-0.076,-0.47,0.833,7.11,9425,-75.4,R
,1053421,624,0,3856,-0.74,-0.41,0.837,11.05,95.20,-74.97,R
,1053431,682,0,001,-0.69,-0.49,0.856,0.53,86.10,-74.58,R
,1053451,674,0,018,-0.22,-0.46,0.821,-22.01,56.47,-81.66,R
,1053491,678,0,976,0.09,-0.50,0.794,-26.02,2.77,-9018,R
,1053501,682,0,857,0.02,-0.49,0.801,-21.82,19.76,-90.32,R
,105353,710,0,924,0.02,-0.44,0.922,-19.64,5.97,-6877,R
,1053541,688,0,860,0.06,-0.43,1.048,-29.52,63.73,-58.56,R
,1053551,677,0,909,0.08,-0.44,1.194,-34.52,67.87,-51.89,R
,1053561,656,0,857,-0.41,-0.43,1.322,-33.21,58.95,-43.49,R
,1053591,640,0,952,-0.68,-0.35,1.669,-22.84,35.84,-32.65,R
,1053601,645,0,3854,0.046,-0.203,1.764,23.88,2.31,-29.42,R
,1053631,627,0,956,-0.14,-0.23,1.759,4.33,19.06,-8.32,R
,105364,624,0,856,0.09,-0.29,1.755,2.88,11.03,-8.45,R
,1053651,547,0,989,0.05,-0.26,1.665,3.12,2.08,-5.26,
,1053661,509,0,861,0.07,-0.32,1.509,6.67,-7.20,-1.71,R
,105367,507,0,011,0.07,-0.29,1.484,9.72,-15.18,-1.22,R
,1053681,511,0,870,0.07,-0.32,1.383,18.79,-18.53,3.1,R
,1053731,429,0,081,0.00,-0.32,1.136,2.12,-2.44,19.8,R
,1053751,464,0,048,0.07,-0.34,1.096,6.39,-36.11,23.73,R
,1053781,341,0,853,-0.41,-0.40,1.139,15.48,-29.64,37.29,R
,1053791,354,0,3906,-0.053,-0.402,1.142,25.78,-27.98,40.13,R
,1053801,347,0,864,-0.76,-0.38,1.119,30.93,-30.25,4149,R
,105383,384,0,3997,-0.128,-0.340,1.070,20.80,-52.82,32.68,R
,1053861,419,0,3861,-0.67,-0.31,1.017,16.56,-5.89,3116,R
,105388,581,0,863,-0.11,-0.37,0.973,21.75,-50.21,28.31,R
,1053911,592,0,016,-0.36,-0.47,0.803,31.19,-55.12,2697,R
,1053921,586,0,878,-0.23,-0.49,0.751,37.98,-57.50,25.39,R
,1053931,630,0,065,-0.07,-0.40,0.703,44.85,-63.93,21.26,R
,1053941,558,0,872,-0.99,-0.42,0.615,47.05,-55.58,19.12,R
,1053961,506,0,874,-0.60,-0.38,0.473,51.29,-47.37,16.77,R
,1054001,596,0,859,-0.91,-0.44,0.319,19.92,-8.07,-0.25,R
,1054021,583,0,856,-0.79,-0.46,0.323,22.19,12.42,4.60,R
,1054051,596,0,968,-0.41,-0.46,0.566,15.23,23.02,-17.77,R
,1054111,603,0,000,-0.96,-0.47,0.719,-10.74,5.00,-2.58,R
,1054121,595,0,856,-0.86,-0.41,0.736,-12.81,37.66,-30.62,R
,105413,596,0,918,-0.105,-0.40,0.788,-12.81,3.70,-3.93,R
,1054151,609,0,889,-0.38,-0.48,0.855,-14.31,56.50,-47.67,R
,105421,703,0,4095,-0.114,-0.437,0.909,-23.87,32.97,-4.76,R
,1054241,705,0,872,-0.52,-0.56,0.864,-29.12,6.88,-6.66,R
,105425,704,0,3897,-0.011,-0.495,0.841,-21.67,19.93,-64.36,R
,1054261,702,0,856,-0.00,-0.48,0.788,-15.03,26.89,-55.22,R
,1054271,671,0,891,0.01,-0.43,0.767,-9.14,39.14,-47.87,R
,1054281,720,0,843,0.08,-0.38,0.712,-0.14,5027,-42.1,R
,1054301,704,0,3855,0.02,-0.35,0.762,14.37,4.76,-4145,R
,105432,716,0,3853,0.024,-0.365,0.967,-46.31,34.70,-5621,R
,1054351,713,0,906,-0.15,-0.33,1.339,-43.73,9.64,-4.03,R
,1054411,586,0,945,-0.71,-0.25,1.707,-1.39,2.60,-8.4,R
,1054421,687,0,861,-0.58,-0.26,1.679,-3.58,15.08,-6.88,R
,1054431,691,0,948,-0.017,-0.26,1.649,-3.55,4.33,-6.03,R
,1054441,677,0,867,0.01,-0.259,1.598,-2.71,-2.89,-4.55,R
,105447,665,0,3910,0.077,-0.28,1.356,2.74,-11.12,6.2,R
,105448,671,0,3871,0.066,-0.30,1.294,.74,-1317,10.7,R
,1054491,672,0,932,0.13,-0.34,1.259,.11,-18.10,10.02,R
,105450,680,0,3870,0.095,-0.340,1.241,6.13,-23.44,7.52,R
,1054511,673,0,939,0.05,-0.35,1.219,0.53,-2.46,8.5,R
,1054531,656,0,3931,0.063,-0.335,1.156,10.10,-21.44,18.0,R
,1054541,682,0,866,0.09,-0.34,1.164,.93,-2018,19.8,R
,105457,669,0,4032,-0.018,-0.391,1.189,5.66,-27.61,19.26,R
,105458,663,0,3875,-0.061,-0.381,1.210,8.96,-28.18,21.55,R
,1054591,663,0,051,-0.81,-0.48,1.228,9.17,-31.82,22.58,R
,105460,667,0,3866,-0.081,-0.415,1.214,14.48,-38.74,2295,R
,1054611,656,0,048,-0.98,-0.414,1.191,18.24,-44.50,24.00,R
,1054641,671,0,853,-0.21,-0.35,1.096,22.80,-43.03,2300,R
,105466,555,0,3866,-0.168,-0.354,1.025,22.76,-31.44,2469,R
,1054671,550,0,957,-0.15,-0.37,0.983,16.97,-3.29,2399,R
,1054691,551,0,931,-0.96,-0.40,0.891,15.81,-44.83,20.89,R
,1054721,688,0,881,-0.39,-0.42,0.709,38.48,-7.89,1399,R
,105474,753,0,895,-0.69,-0.69,0.598,54.36,-62.47,7.1,R
,105478,784,0,3867,0.006,-0.36,0.263,5.48,-2.70,11.0,R
,105479,815,0,3939,-0.214,-0.74,0.422,27.58,-27.12,7.1,R
,1054801,800,0,861,0.09,-0.39,0.241,.28,-7.7,2.97,
,105482,827,0,865,-0.09,-0.45,0.329,1.72,5.87,-7.05,R
,1054851,852,0,955,-0.72,-0.42,0.449,3.58,22.41,-11.78,R
,105494,908,0,895,-0.21,-0.54,0.954,-19.58,17.69,-27.64,R
,1054951,903,0,4095,-0.98,-0.492,0.922,-19.29,14.89,-2.89,R
,105498,855,0,859,-0.25,-0.48,0.894,-14.88,35.29,-21.60,R
,1055021,875,0,3862,0.010,-0.494,0.856,-25.52,35.82,-2421,R
,105503,874,0,3886,0.04,-0.487,0.842,-26.54,25.58,-2845,R
,1055041,866,0,862,0.01,-0.50,0.819,26.62,1.61,-3346,R
,105505,923,0,918,0.08,-0.49,0.809,-24.91,5.18,-38.0,R
,105507,1021,0,3910,0.78,-0.467,0.762,-26.43,2.13,-3891,R
,1055101,999,0,872,0.12,-0.47,0.739,36.16,3.73,-2418,R
,105511,938,0,953,-0.16,-0.52,0.880,-31.78,48.15,-909,R
,105524,718,0,873,0.02,-0.34,1.437,-0.14,-16.80,4.6,R
,1055271,745,0,901,0.05,-0.368,1.231,9.43,-22.40,5.94,R
,1055291,668,0,895,0.07,-0.36,1.127,6.33,-3.37,10.8,R
,105530,662,0,3863,0.040,-0.373,1.113,15.40,-36.04,11.88,R
,105531,688,0,3937,0.03,-0.363,1.099,11.86,-37.50,13.2,R
,105534,749,0,3871,-0.015,-0.398,1.095,18.42,-36.51,2271,R
,1055351,752,0,3971,-0.019,-0.389,1.080,21.69,-34.33,25.97,R
,1055371,753,0,991,-0.08,-0.407,1.063,20.36,-37.24,2680,R
,105538,753,0,3878,-0.017,-0.408,1.062,22.12,-40.39,2779,R
,1055411,795,0,997,-0.49,-0.423,1.044,22.13,-43.87,24.42,R
,1055421,804,0,3867,-0.065,-0.425,1.017,23.03,-47.14,2271,R
,1055431,795,0,3858,-0.084,-0.446,1.013,23.69,-49.34,21.50,R
,105545,816,0,931,-0.07,-0.467,0.966,24.12,-51.18,2095,R
,1055461,900,0,3875,-0.099,-0.466,0.912,30.85,-50.11,2275,R
,1055471,875,0,924,-0.105,-0.443,0.842,35.19,-45.96,2500,R
,105549,898,0,3998,-0.28,-0.400,0.695,40.62,-32.47,2692,R
,1055541,889,0,867,0.03,-0.45,0.379,13.12,-23.76,14.4,R
,1055551,880,0,951,0.09,-0.50,0.345,.77,-1989,6.46,!5
,1055571,861,0,939,-0.16,-0.52,0.369,14.86,-15.15,8.0,R
,1055581,848,0,871,-0.031,-0.553,0.380,15.64,-7.24,6.84,R
,1055621,841,0,860,-0.63,-0.52,0.588,1.45,16.74,-4.4,R
,105564,837,0,874,-0.12,-0.543,0.604,3.11,27.00,-1.7,R
,1055651,830,0,955,-0.28,-0.59,0.652,-4.78,34.11,-5.9,R
,1055681,893,0,3863,-0.057,-0.516,0.757,-11.26,6.44,-13.28,R
,105572,931,0,878,-0.46,-0.501,0.862,-14.01,30.19,-2.67,R
,1055771,848,0,916,-0.44,-0.501,0.880,-17.21,38.56,-2.21,R
,105581,848,0,889,-0.15,-0.457,0.834,-17.76,29.46,-2.80,R
,1055821,873,0,3867,0.004,-0.455,0.819,23.26,2.89,-33.66,R
,105583,845,0,886,0.05,-0.47,0.811,26.48,1.65,-37.86,R
,105584,869,0,867,0.05,-0.462,0.802,-25.82,12.13,-4084,R
,1055851,854,0,888,0.00,-0.492,0.772,-23.17,6.24,-41.2,R
,1055871,833,0,3897,0.153,-0.463,0.688,20.71,12.13,-3300,R
,1055881,816,0,3872,0.18,-0.456,0.679,-24.08,23.20,-3152,R
,1055891,806,0,3949,0.182,-0.439,0.707,-27.67,32.89,-31.13,R
,1055901,826,0,871,0.15,-0.435,0.786,-34.08,40.65,-3459,R
,105591,807,0,934,0.17,-0.39,0.919,-36.10,45.95,-3836,R
,1055931,923,0,959,0.013,-0.387,1.234,-46.40,3.72,-41.06,R
,105594,946,0,873,-0.83,-0.487,1.359,-43.53,32.15,-2.27,R
,1055951,968,0,955,-0.37,-0.498,1.427,-44.16,29.38,-24.42,R
,105600,1050,0,3875,-0.075,-0.65,1.62,-1.76,7.11,-1465,R
,1056081,989,0,3875,0.03,-0.355,1.162,18.88,-28.36,5.8,R
,1056151,1035,0,3888,-0010,-0.394,1.098,17.40,-27.18,24.46,R
,1056201,1159,0,3879,-0.077,-0.410,1.053,29.60,-34.02,3.20,R
,1056211,1168,0,3970,-0068,-0.400,1.018,28.51,-30.79,34.58,R
,1056271,1084,0,3917,-0.076,-0.95,0.84,19.52,41.81,28.31,R
,1056371,1051,0,3892,0.021,-0.58,0.429,-4.63,-0.04,9.2,R
,1056501,1091,0,3906,-0102,-0.509,0.877,-2.55,26.51,-1.56,R
,1056521,1136,0,3886,-0.067,-0.69,0.84,-8.16,5.40,-17.89,R
,105654,954,0,877,-0.53,-0.452,0.812,-15.78,39.34,-1.63,R
,105661,912,0,877,0.07,-0.470,0.770,-14.48,1.81,-3022,R
,1056621,993,0,3888,0.048,-0.45,0.740,-15.09,18.51,-2735,R
,1056681,1107,0,3895,0.093,-0.312,0.948,-28.37,1.35,-4.55,R
,1056781,975,0,3890,-0.040,-0.36,1.587,3.64,-5.03,-4.0,R
,105681,951,0,888,0.08,-0.364,1.318,10.15,-14.50,4.1,R
,105683,992,0,891,0.03,-0.353,1.221,4.88,-23.95,4.63,R
,105684,976,0,890,0.04,-0.371,1.171,4.10,-2.74,4.77,R
,1056851,961,0,3888,0.09,-0.376,1.136,13.41,-28.85,7.9,R
,1057051,1015,0,3881,-0.107,-0.35,0.677,30.62,-26.18,24.95,R
,1057061,1023,0,3902,-0.057,-0.41,0.60,29.06,25.70,23.68,R
,105709,831,0,901,-0.31,-0.456,0.494,17.22,-29.37,1414,R
,1057101,846,0,3893,0.028,-0.50,0.452,15.75,-29.09,11.09,R
,1057111,1009,0,3879,0.001,-0.499,0.442,6.28,-23.67,9.1,R
,105722,1109,0,3894,-0041,-0.91,0.71,-22.14,20.02,-13.03,R
,105725,1006,0,3887,-0.073,-0.500,0.842,-9.47,38.30,-1.83,R
,105733,911,0,860,-0.033,-0.44,0.875,-22.62,26.54,-28.97,R
,1057361,951,0,889,-0.06,-0.45,0.844,-21.18,32.95,-27.09,R
,105738,959,0,893,0.01,-0.490,0.819,-20.97,2.34,-2946,R
,105739,961,0,874,0.08,-0.486,0.774,-18.98,2.52,-3247,R
,105740,965,0,895,0.09,-0.475,0.739,-17.24,18.92,-3348,R
,1057441,1114,0,3903,0.093,-0.436,0.800,-35.64,29.14,-3.81,R
,1057541,1088,0,3892,-0.042,-0.333,1.645,-6.91,6.59,-1665,R
,1057571,1075,0,3870,-0.029,-0.07,1.418,5.41,-0.10,-4.13,R
,1057671,992,0,3866,0.005,-0.382,1.131,20.62,-33.00,22.02,R
,1057691,1117,0,3863,0.001,-0.409,1.123,21.81,-35.47,25.56,R
,1057731,1105,0,3867,-0009,-0.22,1.07,27.43,-38.22,2.38,R
,1057881,1059,0,3903,0.023,-0.501,0.425,17.12,-6.19,10.80,R
,1057961,1105,0,3901,-0.041,-0.538,0.645,6.47,21.06,-8.1,R
,1057981,1115,0,3901,-0.071,-0.473,0.683,-4.55,31.03,-14.53,R
,1058041,1114,0,3897,-0.040,-0.476,0.849,-19.39,27.49,-28.42,R
,1058131,965,0,3856,0.015,-0.449,0.846,26.72,2.36,-3372,R
,105815,948,0,870,0.06,-0.43,0.824,-33.78,34.10,-30.47,R
,105816,998,0,898,0.04,-0.46,0.833,31.88,3.72,-2984,R
,105817,981,0,865,0.00,-0.47,0.841,27.73,3.57,-3102,R
,105818,946,0,898,0.042,-0.460,0.815,-24.23,36.89,-33.49,R
,105819,960,0,863,0.08,-0.44,0.822,-22.88,35.41,-3600,R
,105820,985,0,899,0.01,-0.44,0.836,21.07,35.34,-36.74,R
,1058211,1059,0,3859,0.045,-0.408,0.851,-22.54,35.14,-35.35,R
,1058281,1079,0,3897,-0.071,-0.351,1.468,-20.51,25.26,-12.76,R
,1058301,1083,0,3895,-0.012,-0.346,1.547,-9.99,17.40,-810,R
,105838,996,0,892,0.06,-0.333,1.149,11.40,-24.69,1.0,R
,105839,1033,0,3863,0.060,-0.352,1.120,12.21,-5.29,3.0,R
,1058461,971,0,3905,0.027,-0.380,1.031,22.93,-2.02,17.1,R
,1058471,965,0,3862,0.028,-0.389,1.045,23.78,-2.55,19.6,R
,105848,983,0,898,0.08,-0.37,1.029,4.07,-30.39,21.2,R
,1058491,983,0,3853,0.030,-0.370,1.032,23.17,-3.68,22.4,R
,105851,987,0,860,0.08,-0.386,1.046,21.16,-31.21,25.65,R
,105853,994,0,859,0.07,-0.393,1.054,18.85,-32.91,28.43,R
,105854,991,0,895,-0.01,-0.394,1.066,19.96,-2.97,30.19,R
,105857,999,0,870,-0.30,-0.396,1.100,20.01,-1.38,3413,R
,105860,1035,0,3899,-0.068,-0.401,1.10,21.09,-35.00,3.29,R
,105864,1202,0,3906,-0.085,-0.465,0.930,33.09,38.92,2.53,R
,1058661,1131,0,3919,-0054,-0.451,0.763,31.90,-31.23,28.57,R
,105868,995,0,908,-0.83,-0.44,0.623,28.70,-24.66,2642,R
,1058691,1004,0,3871,0.055,-0.424,0.531,21.74,-15.90,22.31,R
,105872,970,0,904,-0.20,-0.523,0.403,13.32,-10.95,1561,R
,105873,954,0,856,-0.08,-0.553,0.379,10.91,-10.69,12.89,R
,105874,966,0,898,0.03,-0.547,0.375,9.74,-8.57,12.52,R
,105876,995,0,897,0.09,-0.53,0.388,1.29,2.28,7.27,R
,105882,945,0,906,-0.15,-0.54,0.771,-15.91,23.90,-645,R
,105883,990,0,861,-0.00,-0.542,0.814,-11.50,18.48,-887,R
,1059041,1110,0,3896,0.93,-0.372,0.979,-37.32,38.97,-2.74,R
,1059051,1136,0,3856,0.064,-0.336,1.113,-44.20,36.08,-23.00,R
,1059061,1136,0,3898,-0032,-0.413,1.284,-43.23,37.75,-9.60,R
,105912,1166,0,3905,-0.026,-0.312,1.61,2.51,984,-7.9,R
,1059341,1090,0,3902,-0.047,-0.15,1.10,17.70,-41.30,2.61,R
,1059381,1218,0,3939,-0095,-0.420,0.976,36.27,33.03,35.07,R
,1059421,1164,0,3915,-0178,-0.518,0.694,38.68,-40.79,25.71,R
,105943,1144,0,3860,-0.034,-0.64,0.604,30.30,-39.49,2.73,R
,1059451,880,0,3847,-0.119,-0.51,0.520,31.69,-33.06,20.91,R
,105946,775,0,3915,-0.012,-0.492,0.442,19.96,-6.56,19.24,R
,105950,830,0,918,0.06,-0.552,0.370,3.78,-341,7.16,R
,1059551,995,0,3850,-0.051,-0.55,0.600,5.93,33.00,-0.7,R
,105958,949,0,913,-0.18,-0.509,0.762,-21.49,3.82,-12.18,R
,105961,965,0,3841,-0.101,-0.42,0.866,-16.92,30.08,-1.91,R
,1059621,970,0,3918,-0.087,-0.43,0.885,-14.36,32.59,-1.69,R
,105965,966,0,863,-0.70,-0.455,0.862,-14.62,4.94,-19.38,R
,105966,962,0,3933,-0.053,-0.49,0.860,-15.23,35.66,-1.03,R
,1059721,1034,0,3918,-0.025,-0.90,0.928,-26.89,28.11,-6.64,R
,1059771,1075,0,3854,0.069,-0.42,0.784,-16.30,37.18,-3.75,R
,105996,999,0,917,0.023,-0.363,1.126,1.19,-21.85,-4.1,R
,105999,994,0,3847,0.031,-0.37,1.095,3.69,-21.23,5.44,R
,1060001,999,0,3916,0.018,-0.36,1.087,4.24,-1.47,9.52,R
,106003,998,0,838,0.00,-0.355,1.070,12.56,-1.38,17.9,R
,106006,996,0,931,0.01,-0.400,1.082,1.66,-3.54,17.35,R
,1060071,1005,0,3831,0.025,-0.41,1.088,15.22,-34.86,1837,R
,1060091,977,0,3841,0.009,-0.38,1.098,16.62,-28.40,20.6,R
,106010,976,0,3927,-0.001,-0.35,1.104,15.40,-25.52,2211,R
,106011,981,0,3850,-0.024,-0.396,1.123,15.78,-25.23,2361,R
,1060131,977,0,3841,-0.069,-0.404,1.134,19.23,-30.42,2651,R
,106017,970,0,838,-0.24,-0.388,1.082,23.75,-3.26,26.87,R
,106021,967,0,3839,-0.112,-0.47,0.931,29.35,-45.85,2512,R
,106023,987,0,846,-0.71,-0.41,0.794,36.01,-44.43,2620,R
,106024,986,0,3952,-0.056,-0.434,0.723,36.74,-43.23,2619,R
,1060271,959,0,3841,0.28,-0.271,0.435,18.62,-1.56,17.10,R
,106029,834,0,831,0.09,-0.45,0.451,17.55,-13.21,20.7,R
,1060301,803,0,940,0.04,-0.47,0.455,14.10,-11.59,17.9,R
,1060321,729,0,935,0.02,-0.507,0.449,.63,-9.20,8.55,R
,106033,770,0,826,0.005,-0.50,0.485,8.88,-8.57,6.55,
,106034,767,0,3903,0.015,-0.491,0.473,9.54,-4.30,3.96,R
,106036,773,0,936,-0.01,-0.46,0.544,-0.26,7.41,-3.2,R
,1060371,779,0,3839,-0.009,-0.486,0.552,-1.91,1.55,-0.7,R
,106041,896,0,833,-0.059,-0.49,0.750,-9.07,35.28,-8.2,R
,1060431,902,0,3838,-0.088,-0.469,0.831,-15.79,28.31,-15.86,R
,106044,905,0,3950,-0.078,-0.468,0.865,-23.00,0.48,-1.98,R
,106045,903,0,845,-0.081,-0.48,0.882,-29.44,17.53,-1.04,R
,106046,893,0,3943,-0.078,-0.477,0.910,-30.86,20.70,-1.67,R
,106052,1023,0,3922,-0.021,-0.463,0.904,-16.72,17.12,-6.68,R
,106053,987,0,831,-0.11,-0.454,0.907,-22.16,5.08,-2.35,R
,106054,969,0,3920,-0.015,-0.434,0.890,-27.94,8.33,-27.09,R
,106055,960,0,842,-0.020,-0.436,0.915,-35.55,4.04,-2.90,R
,106056,933,0,927,0.04,-0.47,0.942,-37.14,26.01,-2372,R
,106057,964,0,837,0.014,-0.496,0.971,-34.17,2.64,-24.90,R
,106058,989,0,930,0.07,-0.49,0.957,26.52,22.63,-26.62,R
,106061,991,0,839,0.06,-0.42,0.820,13.93,19.52,-30.55,R
,1060621,997,0,3952,0.089,-0.398,0.772,-16.75,1.37,-31.71,R
,106063,991,0,3842,0.17,-0.389,0.735,19.61,17.63,-33.03,R
,1060681,1094,0,3933,-0.035,-0.367,1.099,-38.65,20.25,-8.99,R
,1060701,1090,0,3917,-0.063,-0.372,1.388,-27.64,23.98,-5.80,R
,106077,1017,0,3824,-0009,-0.359,1.390,7.98,-9.56,0.6,R
,1060801,1021,0,3946,0.006,-0.272,1.173,24.56,-20.83,2.1,R
,106083,1015,0,3838,0.052,-0.300,1.014,18.30,-20.21,1126,R
,106087,998,0,840,0.05,-0.409,1.026,13.70,-30.31,19.6,R
,106090,975,0,3932,0.014,-0.391,1.045,19.66,-31.49,24.6,R
,1060931,915,0,3840,0.01,-0.39,1.026,22.65,-38.21,24.4,R
,106095,930,0,831,-0.01,-0.372,1.034,21.43,-34.13,2594,R
,106096,930,0,937,-0.017,-0.376,1.026,18.83,-28.57,27.82,R
,106103,746,0,3839,-0.080,-0.468,0.848,32.15,-40.97,1903,R
,106104,753,0,959,-0.071,-0.479,0.788,34.74,-38.69,1953,R
,1061131,933,0,3841,-0.26,-0.65,0.559,3.60,-5.08,3.12,R
,106117,976,0,815,-0.10,-0.53,0.673,3.23,15.09,-0.45,R
,106120,945,0,956,-0.91,-0.54,0.747,-9.79,22.16,-6.77,R
,106126,963,0,955,-0.53,-0.488,0.871,-18.13,12.48,-23.46,R
,106128,974,0,3955,-0.042,-0.484,0.914,-19.90,3.64,-1.99,R
,106130,982,0,945,-0.04,-0.45,0.920,-19.93,31.84,-1.38,R
,1061311,976,0,3844,0.006,-0.479,0.925,-21.65,28.92,-2143,R
,106136,983,0,3974,0.121,-0.434,0.858,-21.96,14.48,-29.06,R
,106138,976,0,989,0.04,-0.424,0.847,-24.16,22.27,-25.38,R
,1061401,1002,0,3983,0.61,-0.398,0.793,-18.31,15.90,-2.17,R
,106142,1014,0,4003,0.204,-0.362,0.759,-10.78,1.52,-2.47,R
,106144,1007,0,3998,0.237,-0.292,0.766,-13.43,.41,-2980,R
,106153,1040,0,3838,-0.009,-0.334,1.654,-4.83,-2.13,6.81,R
,106158,1012,0,4015,0.106,-0.320,1.255,14.10,-31.37,20.19,R
,106162,995,0,069,0.13,-0.35,1.075,.67,-31.52,28.1,R
,106163,929,0,879,0.00,-0.36,1.052,7.96,-31.47,31.5,R
,106169,794,0,3835,0.016,-0.427,1.076,8.28,-3485,39.1,R
,106171,812,0,829,0.01,-0.427,1.086,18.10,-44.94,42.94,R
,106172,811,0,939,-0.016,-0.404,1.096,21.70,-9.56,4385,R
,1061741,801,0,973,-0.30,-0.433,1.089,20.45,-6.07,4020,R
,106175,801,0,834,-0.38,-0.466,1.095,17.00,-9.12,3848,R
,106176,791,0,961,-0.34,-0.467,1.036,19.14,-41.82,3671,R
,106182,801,0,973,-0.92,-0.518,0.704,42.90,-35.38,34.00,R
,106183,827,0,3839,-0.53,-0.498,0.604,42.13,-36.25,3101,R
,106185,797,0,834,-0.30,-0.525,0.503,36.24,-2.36,2207,R
,1061881,705,0,3929,0.109,-0.514,0.333,17.45,-3.53,11.2,R
,106190,706,0,947,0.17,-0.53,0.344,11.14,-2.72,10.2,R
,106191,707,0,837,0.05,-0.520,0.358,6.01,11.96,6.89,R
,106196,720,0,3947,0.031,-0.534,0.699,-3.33,15.00,-11.98,R
,106198,727,0,941,0.01,-0.521,0.791,-13.17,19.58,-10.16,R
,1062001,830,0,3935,0.042,-0.525,0.848,6.98,3558,-12.2,R
,106202,848,0,958,-0.00,-0.515,0.900,-6.88,44.22,-1761,R
,106206,837,0,952,0.02,-0.489,0.931,-9.62,30.41,-31.6,R
,106207,838,0,835,0.07,-0.495,0.935,-11.82,28.21,-3022,R
,106208,838,0,952,0.00,-0.474,0.922,-13.49,28.83,-28.97,R
,106210,911,0,952,0.09,-0.479,0.897,-20.20,3.43,-29.31,R
,106211,914,0,855,0.086,-0.490,0.891,-17.26,3.53,-3032,R
,1062121,941,0,3967,0.131,-0.490,0.875,14.13,2.75,-3250,R
,106213,937,0,858,0.12,-0.464,0.843,15.09,25.96,-3552,R
,106214,935,0,979,0.140,-0.466,0.808,14.48,23.40,-3803,R
,106215,981,0,847,0.13,-0.445,0.768,-15.58,2.95,-39.61,R
,106217,976,0,847,0.27,-0.436,0.710,-17.65,1.74,-4625,R
,106222,993,0,3937,0.090,-0.388,0.992,41.96,45.18,-3874,R
,106223,955,0,3856,0.042,-0.38,1.145,-45.17,51.09,-34.41,R
,106237,927,0,844,0.13,-0.326,1.063,6.76,-7.61,11.76,R
,106238,839,0,930,0.10,-0.302,1.059,6.45,-7.35,13.91,R
,106243,885,0,835,0.10,-0.351,1.028,-1.65,-19.03,30.20,R
,106245,838,0,3840,0.16,-0.368,1.050,.35,-15.82,36.7,R
,106246,839,0,948,0.17,-0.384,1.062,8.47,-13.01,40.66,R
,106247,834,0,856,0.16,-0.377,1.055,11.06,-9.67,43.9,R
,106248,848,0,949,0.09,-0.369,1.065,9.89,-8.2,46.17,!5
,106251,832,0,851,0.138,-0.49,1.075,3.93,-24.18,45.85,R
,106252,848,0,937,0.07,-0.448,1.204,-2.63,-31.38,47.03,R
,106253,830,0,3846,0.12,-0.503,1.152,1.05,-3657,46.5,R
,106255,822,0,852,0.02,-0.543,1.202,.28,-34.91,47.5,R
,106257,811,0,850,0.12,-0.612,1.223,0.24,-3633,47.78,R
,106258,839,0,3950,0.115,-0.65,1.215,1.57,-41.87,44.9,R
,106265,771,0,851,0.11,-0.748,0.839,11.38,-4.85,4.28,R
,106267,798,0,851,0.02,-0.679,0.663,-8.46,-46.68,-1775,R
,106268,847,0,3957,0.064,-0.66,0.586,-22.94,-50.82,-2.63,R
,106271,857,0,827,0.02,-0.610,0.410,-51.79,-2.69,-45.52,R
,106275,846,0,855,-0.40,-0.521,0.362,-42.52,-41.78,-6.04,R
,106277,860,0,851,-0.99,-0.459,0.379,-40.39,-29.05,-3.80,R
,106280,866,0,953,-0.30,-0.418,0.511,-48.20,19.44,-3.46,R
,106282,869,0,3951,-0.138,-0.36,0.550,-51.64,-15.81,-8.27,R
,1062831,865,0,3845,-0.126,-0.413,0.597,-49.70,-15.40,-3.23,R
,1062851)bb¢bjrbjrbrbjrbjrʚbjrbRJH1062861,991,0,3959,-0.007,-0.425,0.635,-31.26,2.07,-8.5,R
,106288,992,0,950,0.09,-0.432,0.648,31.88,18.50,-6.0,R
,106299,1168,0,3842,0.231,-0.54,0.703,-26.02,31.98,-506,R
,106310,1520,0,3951,0.201,-0.63,1.432,-18.88,21.00,-129,R
,106314,1562,0,3952,0.199,-0.53,1.580,9.20,15.69,11.1,R
,1063221,1442,0,3962,0.263,-0.548,1.041,27.87,-7.44,19.18,R
,1063311,1487,0,3849,0.145,-0.55,1.037,16.16,-40.76,3846,R
,1063341,1498,0,3969,0.121,-0.65,1.046,19.00,-63.11,3347,R
,1063391,1497,0,3851,0.051,-0.630,0.800,31.49,-2.59,33.91,R
,1063421,1492,0,3965,0.034,-0.662,0.545,29.06,-51.06,2839,R
,106345,1483,0,3849,0.223,-0.659,0.314,13.69,-8.27,1961,R
,1063471,1345,0,3849,0.167,-0.679,0.189,6.36,-32.16,13.8,R
,106348,1279,0,3938,0.178,-0.66,0.159,7.75,-23.55,12.0,R
,106360,1174,0,3952,0.161,-0.700,0.455,-14.77,2.07,-737,R
,106362,1235,0,3953,0.219,-0.691,0.562,-17.17,38.04,-1.51,R
,1063691,1397,0,3840,0.234,-0.689,0.740,-21.47,47.50,-2.24,R
,106380,1449,0,3941,0.363,-0.582,0.691,-31.52,25.05,-3.07,R
,1063871,1486,0,3841,0.187,-0.516,1.552,-31.81,23.58,-726,R
,1063951,1492,0,3845,0.326,-0.493,1.173,12.32,-22.85,1550,R
,1063961,1500,0,3952,0.347,-0.543,1.095,18.86,-3.85,2248,R
,106397,1499,0,3845,0.388,-0.546,1.062,20.25,-21.63,2607,R
,106405,1490,0,3845,0.286,-0.618,0.997,17.87,-43.14,34.77,R
,1064131,1457,0,3836,0.264,-0.795,0.960,2.71,-4.18,34.3,R
,1064141,1443,0,3959,0.261,-0.850,0.950,-0.26,-51.27,3065,R
,1064361,974,0,978,0.16,-0.52,0.223,-47.04,926,-31.3,R
,106474,1584,0,4023,0.363,-0.669,1.239,4.85,8.56,17.62,R
,1064931,1619,0,3829,0.186,-0.820,0.822,3.34,-2.00,30.5,R
,106509,1521,0,3827,0.247,-0.800,-0.05,28.39,26.80,-6.09,R
,1065141,1504,0,4055,0.207,-0.787,0.252,-0.45,42.33,-7.26,R
,1065241,1513,0,4051,0.154,-0.83,0.655,-1.12,6.16,-16.99,R
,1065271,1481,0,3824,0.099,-0.78,0.645,-7.10,6.22,-9.71,R
,1065341,1456,0,4052,0.99,-0.70,0.581,-10.28,8.01,-2.55,R
,1065411,1582,0,3825,0.53,-0.78,0.480,-17.49,7.75,-2.00,R
,106553,1562,0,3822,0.208,-0.72,1.523,-16.04,4.74,4.8,R
,1065731,1517,0,3824,0.94,-0.731,0.742,15.11,-0.18,2384,R
,106575,1521,0,3823,0.186,-0.74,0.740,18.42,-1.85,2402,R
,106576,1527,0,4066,0.185,-0.74,0.739,18.44,-1.52,25.70,R
,106584,1446,0,4063,0.152,-0.74,0.763,5.78,-3.05,36.2,R
,106586,1513,0,4065,0.168,-0.77,0.745,11.17,-9.76,3672,R
,106588,1490,0,4071,0.234,-0.74,0.737,12.93,-7.98,3371,R
,1065911,1506,0,3823,0.154,-0.74,0.771,5.25,-2.13,42.7,R
,1066091,1503,0,3825,0.56,-0.79,0.696,8.73,-3.89,42.1,R
,1066141,1535,0,4080,0.55,-0.708,0.708,6.80,-3.60,42.43,R
,1066221,1475,0,4071,0.53,-0.791,0.637,25.84,-4.66,3110,R
,106637,938,0,823,0.15,-0.640,0.084,14.01,1150,-1.6,R
,106641,789,0,820,0.115,-0.760,0.269,17.07,-0.11,-27.64,R
,106644,1005,0,4090,0.85,-0.792,0.298,-16.78,3.84,-2.03,R
,106652,1226,0,4080,0.34,-0.709,0.500,-4.77,3.00,-2743,R
,106655,1293,0,3818,0.53,-0.769,0.560,-31.58,7.81,-3.23,R
,1066581,1312,0,4080,0.88,-0.768,0.610,-12.54,8.34,-3.27,R
,106659,1222,0,3835,0.91,-0.781,0.586,-0.80,4.14,-31.52,R
,106664,1322,0,4034,0.63,-0.742,0.499,-26.57,6.91,-2.83,R
,106666,1440,0,4066,0.02,-0.753,0.555,-32.34,0.99,-3.14,R
,1066691,1465,0,3826,0.27,-0.78,0.786,-21.93,40.04,-40.61,R
,1066721,1467,0,4048,0.318,-0.627,1.064,-28.72,6.60,-2.42,R
,1066851,1506,0,3837,0.376,-0.700,1.110,16.45,-7.08,4.0,R
,1066881,1498,0,4068,0.363,-0.692,0.969,18.88,-0.65,1066,R
,1066981,1456,0,4048,0.04,-0.680,0.816,15.58,-48.08,23.56,R
,1067151,1195,0,3840,0.229,-0.739,0.149,9.35,-3.43,9.8,R
,1067181,1193,0,4033,0.285,-0.778,0.082,6.64,-462,-1.5,R
,106722,978,0,004,0.20,-0.83,0.290,-6.20,1.06,-23.28,R
,1067271,1194,0,3837,0.191,-0.772,0.371,-17.73,8.99,-1.00,R
,106731,1193,0,3846,0.216,-0.744,0.517,-35.27,0.88,-4.68,R
,1067321,1204,0,3985,0.228,-0.749,0.526,-36.97,1.21,-4.81,R
,1067331,1218,0,3844,0.247,-0.760,0.570,-37.56,7.79,-4.64,R
,106755,1484,0,3851,0.01,-0.625,1.175,-54.13,14.70,-42.19,R
,106763,1490,0,3846,0.493,-0.445,1.248,2.57,-1.24,-1.9,R
,106792,699,0,4042,0.153,-0.606,0.227,5.03,-1.38,35.1,R
,106794,679,0,058,0.215,-0.626,0.175,58.80,-483,36.0,R
,1068001,801,0,4092,0.309,-0.790,0.390,45.45,42.44,26.04,R
,106802,918,0,067,0.22,-0.76,0.397,53.49,6543,33.3,R
,1068041,903,0,4045,0.293,-0.756,0.508,7.14,7902,23.9,R
,106805,944,0,840,0.280,-0.786,0.524,8.80,7228,14.4,R
,106806,951,0,4034,0.286,-0.789,0.573,0.59,6360,4.62,R
,1068081,1039,0,4055,0.267,-0.789,0.594,12.15,56.74,-6.27,R
,1068521,1584,0,4095,0.240,-0.53,0.985,8.47,-3.98,20.58,R
,1068611,1535,0,3826,0.150,-0.51,0.928,14.74,-7.95,3176,R
,1068701,1328,0,4095,0.40,-0.61,0.508,22.85,-6.88,1810,R
,106873,1075,0,3835,-0.115,-0.45,0.374,34.35,60.14,643,R
,106875,928,0,3829,-0.107,-0.90,0.290,29.92,-47.75,9.52,R
,1068761,975,0,4095,0.145,-0.698,0.157,.24,-2795,11.0,R
,1068801,933,0,4095,0.15,-0.723,0.162,-2.33,12.39,4.54,!5
,1068851,1146,0,3833,0.163,-0.71,0.355,-7.55,4.33,-4.3,R
,1068861,1153,0,4095,0.084,-0.70,0.415,-22.49,3.64,-1.10,R
,106895,1343,0,3830,0.061,-0.83,0.660,-31.29,3.26,-51.93,R
,106900,1221,0,4095,0.104,-0.703,0.708,-32.16,4.92,-5.92,R
,1069191,1195,0,3824,0.311,-0.46,1.619,-17.01,1.96,-1.96,R
,1069221,1199,0,4095,0.20,-0.59,1.449,4.33,-159,-7.8,R
,1069231,1199,0,3829,0.297,-0.475,1.385,4.54,-950,-7.4,R
,1069381,1248,0,4095,0.047,-0.507,0.785,41.57,-1.69,2002,R
,1069401,1245,0,4095,0.07,-0.537,0.698,40.06,-4.80,2588,R
,1069411,1232,0,3833,-0.068,-0.49,0.68,39.06,-19.38,31.33,R
,1069431,1105,0,3838,-0107,-0.558,0.604,58.86,7.58,4616,R
,1069461,746,0,4095,0.03,-0.60,0.375,2.28,-12.57,47.9,R
,106947,699,0,829,-0.138,-0.626,0.474,66.07,-.52,41.35,R
,1069481,720,0,4095,0.04,-0.62,0.368,6.03,-5.93,38.13,R
,106952,871,0,095,0.161,-0.71,0.304,3.20,43.03,44.62,R
,1069531,958,0,3829,0.12,-0.744,0.294,78.97,5509,45.5,R
,1069551,958,0,3826,0.23,-0.746,0.360,72.64,6953,40.3,R
,1069581,773,0,095,0.204,-0.78,0.565,4.22,71.93,11.9,R
,1069601,859,0,4095,0.17,-0.752,0.553,61.06,7396,10.3,R
,106961,886,0,833,0.181,-0.715,0.570,49.28,7506,4.65,R
,1069631,995,0,3826,0.16,-0.694,0.618,16.03,7221,-10.8,R
,106967,1118,0,3829,0.72,-0.651,0.683,8.56,7196,-32.3,R
,1069731,1090,0,3824,-0054,-0.48,0.872,-23.09,68.70,-54.48,R
,106979,1211,0,3824,-0.004,-0.41,0.76,-18.52,48.18,-63.86,R
,1069951,1255,0,3828,-0.018,-0.83,1.88,-17.09,14.56,-1.96,R
,1069961,1136,0,4095,-0048,-0.331,1.812,-8.98,.39,2.9,R
,106999,944,0,824,0.047,-0.343,1.498,7.75,-1098,13.3,R
,107000,978,0,095,0.095,-0.344,1.415,10.80,-2.90,13.0,R
,1070021,951,0,4095,0.10,-0.361,1.245,19.00,-3.79,16.5,R
,107003,955,0,3826,0.03,-0.352,1.189,20.57,-2.29,21.2,R
,1070061,947,0,4095,0.08,-0.39,1.122,9.87,-28.69,32.31,R
,1070071,944,0,3829,0.013,-0.413,1.116,20.50,-3.93,32.2,R
,107008,905,0,095,0.023,-0.43,1.108,1.99,-38.33,33.75,R
,1070091,992,0,3831,-0.011,-0.429,1.095,24.16,-2.45,3573,R
,1070141,1199,0,4095,-0052,-0.42,1.05,27.03,-39.69,46.42,R
,1070161,1155,0,4095,-0.081,-0.25,1.07,26.10,-33.12,47.71,R
,1070171,1174,0,3834,-0160,-0.434,1.058,19.66,33.43,4.26,R
,1070211,1145,0,3841,-0224,-0.485,0.987,28.44,62.08,4.45,R
,1070231,1162,0,3839,-0.181,-0.498,0.89,37.49,66.60,40.26,R
,1070251,1167,0,3821,-0359,-0.605,0.784,55.45,68.01,3.84,R
,107036,1101,0,4095,-0036,-0.83,0.392,20.54,-7.56,16.00,R
,107041,1221,0,3834,-0113,-0.557,0.550,-1.78,1.81,8.2,R
,1070621,993,0,4095,0.03,-0.461,0.837,-20.25,27.67,-41.09,R
,1070631,992,0,3820,0.043,-0.469,0.815,-22.02,2.49,-3992,R
,1070691,1111,0,3836,0.36,-0.385,1.158,-36.22,46.74,-33.80,R
,1070701,1130,0,4095,-0.095,-0.638,1.246,-32.42,43.78,-23.05,R
,1070771,1088,0,3833,-0.049,-0.376,1.742,2.01,-.75,-4.4,R
,107087,991,0,826,0.00,-0.35,1.122,17.34,-31.09,17.4,R
,107094,1000,0,4095,-0048,-0.402,1.079,22.32,30.25,3.97,R
,1070951,1012,0,3846,-0.073,-0.412,1.083,16.04,31.92,3.78,R
,1070971,1001,0,3831,-0128,-0.62,1.079,19.52,-43.72,30.63,R
,1070981,988,0,095,-0.127,-0.46,1.066,24.56,-50.39,3037,R
,107102,1249,0,4095,-0157,-0.468,0.925,39.23,-45.82,34.16,R
,1071091)bbjrbjrbrbrbjrbrbRJH107110,930,0,095,-0.103,-0.545,0.524,25.64,-37.38,19.21,R
,1071111,777,0,3831,-0.116,-0.583,0.484,32.38,-4.37,1710,R
,107112,752,0,4095,-0.104,-0.548,0.535,35.81,-40.60,3.99,R
,107113,780,0,829,-0.022,-0.546,0.413,32.85,-6.65,8.0,R
,107114,850,0,095,-0.49,-0.533,0.416,30.51,-13.58,7.33,R
,107115,859,0,828,-0.84,-0.527,0.395,25.78,-2.30,9.82,R
,107119,627,0,834,-0.46,-0.56,0.540,2.45,1792,-0.5,R
,107122,634,0,095,-0.33,-0.531,0.650,-0.84,947,-19.11,R
,107124,637,0,095,-0.77,-0.507,0.683,-11.39,21.08,-15.80,R
,1071251,638,0,3835,-0.092,-0.466,0.686,-12.48,32.27,-12.16,R
,107126,658,0,095,-0.01,-0.462,0.731,-13.38,43.98,-11.03,R
,107128,670,0,095,-0.06,-0.469,0.829,-19.49,44.45,-18.62,R
,107129,666,0,838,-0.87,-0.486,0.855,-23.47,34.13,-25.96,R
,107132,675,0,095,-0.58,-0.511,0.882,-21.52,13.31,-39.23,R
,107133,674,0,840,-0.059,-0.473,0.857,-17.75,20.02,-35.00,R
,107134,677,0,095,-0.51,-0.446,0.852,-14.25,33.57,-29.37,R
,107135,687,0,827,-0.046,-0.40,0.840,-14.07,4.50,-2.12,R
,107136,689,0,095,-0.28,-0.429,0.853,-13.73,8.73,-23.20,R
,107139,805,0,836,0.07,-0.445,0.826,-23.01,2.70,-36.68,R
,1071431,909,0,3830,0.052,-0.407,0.775,24.10,1.47,-3259,R
,107144,935,0,095,0.01,-0.39,0.807,-26.30,1.85,-29.14,R
,1071461,1011,0,4095,0.035,-0.481,0.933,-35.03,7.08,-27.84,R
,1071611,975,0,3840,0.009,-0.331,1.398,1.83,-2.69,-2.5,R
,1071621,981,0,095,-0.009,-0.295,1.304,16.54,-26.10,1.88,R
,1071631,976,0,837,0.026,-0.311,1.246,17.92,-2.18,4.8,R
,107165,935,0,836,0.062,-0.351,1.142,4.06,-3.75,4.3,R
,107166,906,0,095,0.00,-0.35,1.118,16.90,-3.89,8.6,R
,1071681,927,0,4095,0.019,-0.338,1.075,20.19,-30.13,19.38,R
,107169,925,0,839,0.05,-0.35,1.083,9.14,-28.24,19.82,R
,107171,971,0,841,-0.006,-0.382,1.083,19.95,-35.09,21.04,R
,1071721,987,0,4095,-0.032,-0.388,1.082,21.84,-36.74,23.50,R
,107173,957,0,834,-0.29,-0.38,1.056,22.91,-7.70,2642,R
,107175,929,0,839,-0.029,-0.393,1.008,22.18,-5.99,2842,R
,107177,845,0,837,-0.59,-0.49,1.013,20.90,-4.39,2533,R
,107181,683,0,3830,-0.115,-0.47,0.951,30.19,-39.64,24.75,R
,1071881,1007,0,4095,-0.020,-0.437,0.642,32.96,-31.90,21.75,R
,1071921,1008,0,4095,0.236,-0.228,0.421,-16.13,4.99,5.47,R
,107198,897,0,095,0.08,-0.53,0.591,1.84,21.2,3.88,
,1071991,876,0,3833,-0.018,-0.497,0.569,-1.79,23.78,1.9,R
,107200,893,0,095,-0.023,-0.521,0.592,-3.29,2.20,0.4,R
,107203,614,0,837,-0.80,-0.57,0.706,-22.28,7.44,-1.71,R
,1072071,650,0,3834,-0.081,-0.525,0.837,-14.74,7.44,-2.90,R
,107208,642,0,095,-0.071,-0.490,0.833,-13.84,8.66,-2.75,R
,107210,650,0,095,-0.77,-0.45,0.847,-17.85,9.72,-2.74,R
,107213,707,0,834,-0.080,-0.441,0.846,-22.01,7.50,-2.19,R
,107214,737,0,095,-0.072,-0.459,0.847,-24.95,5.93,-2.28,R
,1072151,742,0,3835,-0.083,-0.461,0.864,-26.75,41.00,-26.74,R
,107216,752,0,095,-0.88,-0.457,0.865,-28.97,4.59,-3.32,R
,107217,758,0,835,-0.078,-0.475,0.885,-31.47,27.26,-34.12,R
,107220,752,0,095,-0.15,-0.468,0.858,-28.80,0.95,-3.04,R
,1072211,757,0,3827,-0.011,-0.448,0.829,-28.20,4.28,-2.95,R
,107224,784,0,095,0.060,-0.447,0.773,-16.97,29.37,-29.64,R
,107225,895,0,836,0.01,-0.41,0.753,14.59,29.26,-30.10,R
,107227,920,0,836,0.052,-0.350,0.836,-23.52,33.14,-27.54,R
,107229,923,0,835,-0.008,-0.384,1.056,-41.30,34.36,-26.64,R
,1072321,944,0,4095,-0.67,-0.442,1.406,-29.85,6.91,-1.20,R
,1072341,960,0,4095,-0.62,-0.47,1.599,-15.44,5.82,-563,R
,107235,960,0,825,-0.063,-0.386,1.618,-8.71,28.37,-6.42,R
,107236,958,0,095,-0.096,-0.369,1.603,-5.06,2.11,-6.48,R
,107239,946,0,835,-0.040,-0.375,1.462,1.28,-836,-5.7,R
,1072401,861,0,4095,-0.017,-0.39,1.403,6.10,-1.23,-6.5,R
,1072421,945,0,095,0.032,-0.387,1.240,7.84,-26.69,-5.89,R
,1072431,945,0,3830,0.064,-0.385,1.162,22.88,-2.89,-5.1,R
,1072451,942,0,3838,0.021,-0.34,1.097,23.25,-2.06,1.9,R
,1072461,940,0,4095,0.05,-0.34,1.060,21.31,-2.25,6.3,R
,1072481,846,0,4095,0.003,-0.38,1.037,12.06,-2.66,8.4,R
,1072511,841,0,3837,0.023,-0.38,1.091,19.28,-3.89,16.2,R
,107252,818,0,095,0.024,-0.37,1.092,19.29,-3.76,20.77,R
,107253,818,0,833,0.008,-0.354,1.096,18.13,-25.76,25.90,R
,107256,830,0,095,-0.052,-0.385,1.122,12.82,-23.26,33.47,R
,1072581,827,0,4095,-0.077,-0.46,1.137,16.51,-3.09,3417,R
,107259,898,0,841,-0.085,-0.407,1.123,20.42,-36.54,34.57,R
,107262,905,0,080,-0.097,-0.416,1.060,29.29,-4.33,31.47,R
,1072641,898,0,4095,-0.23,-0.445,0.989,31.99,-33.18,34.39,R
,107266,874,0,4095,-0.12,-0.459,0.885,34.68,-9.30,3619,R
,107268,731,0,4095,0.010,-0.42,0.681,31.48,-4.81,27.6,R
,107270,763,0,095,0.014,-0.449,0.562,25.58,-3.34,23.3,R
,107273,727,0,828,0.008,-0.470,0.447,4.27,-24.37,26.25,R
,107278,620,0,095,-0.015,-0.558,0.414,0.19,-1.43,11.7,R
,107280,622,0,095,0.020,-0.592,0.446,7.86,5.3,6.62,R
,107286,637,0,095,-0.086,-0.512,0.680,-14.40,4.91,-966,R
,1072881,662,0,4095,-0.76,-0.532,0.767,-21.35,4.27,-1.38,R
,1072891,674,0,3837,-0.65,-0.572,0.821,-19.36,1.93,-2.80,R
,107291,660,0,3827,-0.52,-0.53,0.825,-10.54,7.03,-2.31,R
,107293,702,0,825,-0.070,-0.496,0.848,-7.62,4.37,-2364,R
,107296,802,0,095,-0.061,-0.493,0.915,-23.07,3.55,-3.47,R
,107297,833,0,827,-0.082,-0.480,0.937,-26.30,7.76,-4.38,R
,1072991,795,0,3813,-0.56,-0.49,0.959,-20.19,21.52,-40.62,R
,107301,817,0,831,-0.021,-0.451,0.940,-19.73,1.81,-3.93,R
,1073021,867,0,4095,-0.10,-0.48,0.929,-22.89,35.05,-32.15,R
,107303,911,0,834,0.012,-0.452,0.906,-22.22,3.44,-3403,R
,107304,933,0,095,0.055,-0.455,0.890,18.17,30.51,-36.55,R
,107308,986,0,095,0.008,-0.447,0.852,-18.13,1.82,-3218,R
,107309,986,0,829,0.052,-0.37,0.908,26.81,27.87,-36.19,R
,107311,1011,0,3829,-0.009,-0.19,1.13,-35.76,31.14,-40.38,R
,1073141,881,0,4095,-0.81,-0.416,1.510,-27.38,4.60,-2.93,R
,107317,944,0,829,-0.084,-0.345,1.623,-6.46,2.09,-1238,R
,107319,943,0,824,-0.100,-0.39,1.546,4.64,-410,-16.5,R
,107321,947,0,824,-0.023,-0.315,1.373,6.68,-1.06,-1137,R
,1073221,949,0,095,0.003,-0.30,1.258,2.10,-20.18,-7.6,R
,1073231,949,0,3827,-0.48,-0.27,1.212,15.70,-21.00,-4.73,R
,1073241,946,0,4095,0.03,-0.27,1.173,3.28,-20.71,-0.47,R
,107326,839,0,4095,0.03,-0.32,1.067,1.63,-30.57,1.12,R
,107327,846,0,821,0.039,-0.338,1.027,5.14,-3.43,3.91,R
,107330,797,0,4095,0.01,-0.37,1.062,16.61,-28.94,13.84,R
,1073331,833,0,3815,0.04,-0.376,1.034,27.03,-3.69,18.8,R
,107334,708,0,095,0.018,-0.374,1.044,29.41,-3.13,19.8,R
,107335,720,0,825,0.009,-0.362,1.047,30.64,-3.18,21.4,R
,1073361,731,0,4095,0.036,-0.377,1.050,28.39,-3.30,23.8,R
,107338,722,0,4095,0.00,-0.388,1.013,23.08,-2.97,29.2,R
,107343,707,0,819,-0.047,-0.455,0.989,32.32,-2.07,2851,R
,107346,702,0,095,-0.033,-0.444,0.849,32.76,-0.62,2584,R
,107348,692,0,4095,-0.31,-0.47,0.749,25.89,-26.18,28.20,R
,107350,699,0,095,-0.004,-0.500,0.661,18.65,-5.59,2368,R
,107351,680,0,3829,0.03,-0.52,0.628,8.61,-1.11,20.6,R
,1073531,659,0,3828,-0.18,-0.541,0.592,12.90,-1.69,1233,R
,107355,660,0,831,0.143,-0.45,0.504,.02,1.1,2.95,R
,1073591,691,0,3835,-0.038,-0.570,0.686,-9.46,894,-5.3,R
,107364,704,0,095,-0.23,-0.57,0.786,-10.49,17.37,-12.13,R
,1073651,709,0,3827,-0.07,-0.505,0.811,-11.58,1.02,-1.13,R
,1073671,699,0,3834,-0.046,-0.493,0.817,-10.68,1.87,-1.38,R
,1073681,719,0,4095,-0.40,-0.476,0.818,-9.38,1.26,-1668,R
,1073711,725,0,3829,-0.053,-0.449,0.840,-15.70,2.59,-1.03,R
,107374,723,0,4095,-0.063,-0.431,0.888,-25.03,4.21,-2.99,R
,1073751,725,0,3829,-0.032,-0.450,0.895,-25.84,1.90,-2.02,R
,107376,731,0,095,-0.39,-0.424,0.897,-24.75,2.16,-1.55,R
,1073811,729,0,3830,0.09,-0.406,0.850,-19.10,2.81,-1955,R
,107382,717,0,4095,0.054,-0.384,0.811,-18.45,2.26,-1798,R
,1073831,835,0,3831,0.054,-0.376,0.794,20.02,2.99,-18.93,R
,1073861,848,0,4095,0.122,-0.388,0.817,19.65,20.13,-24.50,R
,1073871,849,0,3837,0.097,-0.372,0.849,-21.35,2.12,-2369,R
,1073911,752,0,3828,0.033,-0.367,1.247,36.54,2.24,-1761,R
,107392,770,0,095,-0.041,-0.41,1.347,-28.01,20.13,-15.81,R
,107394,786,0,095,-0.96,-0.418,1.426,-19.43,1.53,-877,R
,1074021,820,0,4095,0.013,-0.327,1.212,13.74,-21.69,3.44,R
,107403,800,0,3838,-0.12,-0.35,1.169,13.49,-3.26,4.74,R
,107404,803,0,095,0.002,-0.32,1.132,4.70,-23.76,8.92,R
,1074071,794,0,831,-0.01,-0.35,1.133,10.41,-31.76,14.20,R
,107408,786,0,095,-0.19,-0.31,1.127,13.43,-33.96,17.06,R
,1074091,784,0,3841,-0.030,-0.370,1.125,17.40,-3.17,2170,R
,107414,782,0,4095,-0.056,-0.377,1.054,25.77,-1.34,2993,R
,1074191,761,0,3829,-0.69,-0.412,0.925,25.22,-0.07,3271,R
,1074251,699,0,3837,-0.023,-0.485,0.687,27.92,-7.34,2113,R
,107427,666,0,835,0.08,-0.53,0.597,3.64,-3.41,14.4,R
,1074281,666,0,4095,0.048,-0.502,0.532,18.03,-24.71,12.65,R
,107429,666,0,833,0.03,-0.514,0.472,15.83,-11.84,15.79,R
,1074391,758,0,830,-0.062,-0.480,0.704,-9.44,26.86,-10.97,R
,107441,777,0,3835,-0.076,-0.508,0.772,-18.86,6.86,-14.93,R
,107446,797,0,095,-0.69,-0.41,0.821,-12.49,32.77,-20.90,R
,107452,817,0,4095,-0.075,-0.453,0.931,-26.74,9.26,-2.99,R
,1074591,833,0,3819,0.053,-0.457,0.820,15.99,1.75,-3000,R
,107460,916,0,095,0.077,-0.429,0.795,15.38,1.30,-3354,R
,107461,933,0,837,0.094,-0.428,0.783,-18.51,1.68,-3587,R
,1074631,942,0,830,0.00,-0.40,0.838,26.51,30.02,-32.88,R
,107464,944,0,095,0.059,-0.394,0.888,-28.98,3.88,-2920,R
,107466,849,0,4095,-0.033,-0.436,1.080,-34.43,1.24,-2.74,R
,1074671,861,0,3833,-0.062,-0.458,1.183,-29.55,34.08,-22.55,R
,107479,950,0,837,-0.13,-0.321,1.161,15.32,-23.87,5.9,R
,1074831,924,0,842,0.03,-0.368,1.025,13.20,-30.91,12.6,R
,107486,905,0,095,0.01,-0.388,1.012,7.52,-2.36,20.2,R
,107492,806,0,4095,0.001,-0.39,1.026,7.38,-3.74,28.3,R
,107493,802,0,836,0.09,-0.403,1.038,6.04,-3.61,30.33,R
,1075021,768,0,095,-0.073,-0.436,1.070,26.32,-3.29,3492,R
,107513,635,0,3838,0.018,-0.487,0.469,1.67,-3.11,16.1,R
,107514,639,0,095,0.030,-0.489,0.458,1.51,-2.27,12.9,R
,107515,656,0,833,0.09,-0.516,0.443,2.54,-22.63,8.91,R
,1075181,719,0,095,0.08,-0.551,0.499,.11,-1.7,-1.25,R
,107520,715,0,095,-0.056,-0.505,0.608,1.63,11.61,-5.38,R
,1075241,729,0,4095,-0.093,-0.480,0.764,-17.47,16.57,-13.03,R
,107528,742,0,095,-0.056,-0.517,0.898,-16.80,11.24,-22.51,R
,1075331,752,0,830,-0.031,-0.422,0.854,-20.57,38.95,-18.74,R
,1075381,754,0,4095,0.016,-0.438,0.878,-29.18,12.34,-31.96,R
,107540,757,0,095,0.062,-0.427,0.827,-20.19,16.99,-2966,R
,107542,757,0,4095,0.100,-0.384,0.778,18.36,2.31,-2514,R
,107544,765,0,4095,0.125,-0.35,0.818,26.39,3.35,-2645,R
,107546,770,0,4095,0.095,-0.365,0.921,34.94,2.57,-2787,R
,107547,782,0,831,0.071,-0.359,1.005,-34.23,23.52,-24.25,R
,107548,779,0,095,0.046,-0.333,1.124,34.52,25.84,-20.13,R
,107549,775,0,840,0.063,-0.301,1.238,39.32,2.71,-15.25,R
,107553,796,0,835,-0.037,-0.338,1.557,-14.51,20.42,-071,R
,107555,800,0,3833,-0.048,-0.327,1.551,-5.78,5.03,-1.81,R
,1075571,797,0,3830,0.015,-0.326,1.417,2.27,-5.67,3.20,R
,107558,796,0,4095,0.041,-0.343,1.361,.59,-9.7,3.85,
,107559,795,0,843,0.030,-0.318,1.270,11.99,-9.61,8.28,R
,107561,788,0,3841,0.059,-0.312,1.167,1.98,-1.82,10.6,R
,107563,802,0,839,0.036,-0.346,1.119,1.37,-26.34,12.92,R
,1075651,804,0,3833,0.031,-0.359,1.098,9.72,-25.26,21.76,R
,107566,796,0,4095,0.050,-0.382,1.107,2.41,-2.18,23.1,R
,1075671,800,0,3840,0.038,-0.388,1.104,3.83,-2.20,25.3,R
,107568,880,0,095,0.09,-0.382,1.114,5.95,-2.83,26.0,R
,107569,902,0,839,0.009,-0.368,1.103,6.50,-2.13,30.2,R
,1075751,887,0,3842,-0.062,-0.409,1.111,20.03,-28.11,36.52,R
,1075781,889,0,4095,-0.099,-0.433,1.089,25.29,-42.71,33.27,R
,107580,806,0,4095,-0.118,-0.444,1.019,25.96,-48.92,32.62,R
,1075861,732,0,4095,-0.044,-0.47,0.553,26.50,-23.23,2658,R
,107587,739,0,829,-0.94,-0.43,0.515,20.32,-20.01,2433,R
,1076141,789,0,4095,-0.21,-0.47,0.880,-12.94,33.08,-26.35,R
,107615,793,0,3837,0.031,-0.428,0.850,12.04,3.79,-2761,R
,1076221,816,0,095,0.074,-0.394,0.913,32.01,1.63,-2996,R
,107625,829,0,3834,0.059,-0.378,1.117,22.92,2.24,-2210,R
,107626,829,0,4095,0.069,-0.299,1.171,25.53,2.82,-25.25,R
,1076281,839,0,095,0.05,-0.372,1.378,17.90,2.91,-1183,R
,107632,822,0,4095,-0.031,-0.276,1.458,-10.98,22.51,2.63,R
,1076381,807,0,095,0.042,-0.274,1.181,6.82,-1.53,8.46,R
,1076411,806,0,838,0.087,-0.303,1.068,.93,-2701,15.1,R
,1076421,807,0,095,0.06,-0.307,1.082,2.61,-27.52,18.57,R
,107643,809,0,3839,0.075,-0.312,1.081,.54,-2630,22.1,R
,107644,816,0,4095,0.093,-0.31,1.074,8.51,-23.14,24.6,R
,1076451,809,0,3841,0.076,-0.32,1.074,11.02,-2.43,27.50,R
,107646,816,0,4095,0.074,-0.31,1.063,2.25,-2.66,28.0,R
,107647,813,0,835,0.076,-0.320,1.075,11.37,-26.25,30.3,R
,1076481,813,0,4054,0.04,-0.32,1.077,.00,-2740,32.4,R
,107649,811,0,3842,0.030,-0.324,1.099,.48,-27.08,35.0,R
,107651,816,0,3839,0.019,-0.360,1.139,.90,-2798,41.2,R
,107652,810,0,4032,0.002,-0.365,1.150,9.74,-27.92,42.6,R
,1076531,811,0,850,-0.14,-0.31,1.153,11.90,-28.18,43.36,R
,107655,813,0,3850,-0.070,-0.33,1.129,11.49,-30.25,46.36,R
,1076681,738,0,984,-0.72,-0.52,0.671,35.86,-4.86,33.68,R
,1076701,746,0,046,0.00,-0.514,0.497,10.41,-15.24,16.8,R
,107678,746,0,3990,0.010,-0.48,0.606,8.97,1937,-11.3,R
,1076851,783,0,846,-0.10,-0.42,0.818,-7.46,2.79,-30.64,R
,1076861,772,0,990,-0.016,-0.452,0.821,-7.82,29.92,-31.95,R
,1076881,779,0,984,-0.05,-0.438,0.837,-16.89,31.61,-34.53,R
,1076901,799,0,996,-0.42,-0.48,0.903,-28.05,27.60,-41.17,R
,107693,799,0,3843,0.027,-0.48,0.930,17.27,1.82,-4340,R
,1076941,801,0,047,0.052,-0.456,0.917,-13.23,17.11,-4151,R
,107697,811,0,3850,0.04,-0.42,0.837,18.34,3.86,-3413,R
,107698,816,0,3989,0.10,-0.415,0.841,-18.69,31.31,-33.98,R
,107702,822,0,4018,0.149,-0.40,0.869,28.19,1.30,-4606,R
,107703,833,0,3856,0.139,-0.388,0.936,30.94,1.56,-4271,R
,107706,814,0,4026,0.062,-0.38,1.216,39.53,2.85,-2974,R
,107708,813,0,3993,0.041,-0.34,1.413,29.78,33.28,-14.80,R
,107710,816,0,3991,0.001,-0.326,1.523,20.60,2.79,-1062,R
,1077121,815,0,985,0.018,-0.336,1.524,11.96,2.07,-8.30,R
,107716,809,0,4000,0.114,-0.333,1.257,.83,-1137,5.67,!5
,1077221,779,0,969,0.18,-0.380,1.028,1.66,-21.24,19.71,R
,107723,775,0,3841,0.103,-0.394,1.008,.03,-2114,23.5,R
,107724,783,0,3964,0.08,-0.39,1.019,.25,-2117,25.7,R
,107726,774,0,3995,0.077,-0.421,1.029,.68,-2723,25.8,R
,1077271,783,0,841,0.02,-0.43,1.040,10.27,-3.14,25.85,R
,107728,755,0,3999,0.075,-0.44,1.032,3.08,-3.82,26.5,R
,107729,754,0,3853,0.087,-0.43,1.018,4.96,-3.65,27.3,R
,1077301,754,0,022,0.080,-0.429,1.030,15.32,-31.84,29.50,R
,1077311,757,0,3856,0.067,-0.431,1.019,5.03,-2.48,30.7,R
,107732,737,0,4016,0.09,-0.43,1.017,4.99,-2.02,31.9,R
,107740,655,0,4080,-0.36,-0.42,0.822,34.01,-35.01,24.75,R
,1077441,624,0,4035,0.017,-0.506,0.583,29.64,-2.47,18.2,R
,107747,599,0,845,0.05,-0.54,0.428,4.22,-1.83,17.6,R
,107750,603,0,016,0.03,-0.568,0.466,6.22,12.53,10.46,!5
,1077551,595,0,3851,-0.078,-0.54,0.691,-4.57,14.30,-1.29,R
,107760,624,0,3996,-0.29,-0.531,0.785,-2.65,38.24,-8.74,R
,1077641,656,0,4007,-0.017,-0.510,0.871,-14.86,33.09,-2.57,R
,107769,665,0,835,-0.13,-0.508,0.916,-20.54,36.18,-26.51,R
,107770,671,0,009,0.06,-0.515,0.911,17.96,3.07,-2816,R
,107773,683,0,3855,0.01,-0.47,0.868,12.26,2.45,-3247,R
,1077741,682,0,3979,0.097,-0.456,0.815,11.53,2.93,-3196,R
,107776,813,0,002,0.16,-0.401,0.733,12.14,3.92,-2858,R
,107777,816,0,3853,0.16,-0.39,0.730,14.51,3.00,-3097,R
,107780,811,0,4021,0.15,-0.329,0.807,14.11,2.18,-3560,R
,107781,821,0,3850,0.104,-0.31,0.938,22.72,3.49,-3390,R
,1077821,823,0,4053,0.039,-0.303,1.052,-35.36,38.31,-29.67,R
,1077831,813,0,3850,0.016,-0.35,1.188,43.67,3.58,-23.05,R
,107784,708,0,071,-0.025,-0.386,1.334,-46.42,29.96,-17.48,R
,107787,677,0,3840,-0.67,-0.353,1.612,-10.66,1.66,-561,R
,1077901,688,0,4035,-0.021,-0.342,1.518,5.64,4.3,3.67,
,1077941,688,0,4014,0.045,-0.357,1.255,17.08,-12.95,10.83,R
,107796,670,0,984,0.04,-0.32,1.131,8.06,-1.23,12.4,R
,1077981,659,0,3995,0.062,-0.353,1.085,9.78,-23.69,17.35,R
,1077991,656,0,3849,0.070,-0.373,1.073,.16,-2682,19.8,R
,107800,662,0,4003,0.03,-0.37,1.085,1.83,-2.04,22.5,R
,1078011,656,0,3848,0.064,-0.387,1.091,16.79,-2.85,26.83,R
,1078041,687,0,4059,0.050,-0.381,1.045,2.33,-2.53,30.9,R
,1078061,711,0,4048,0.031,-0.401,1.046,8.47,-2.88,31.6,R
,107808,729,0,4047,-0.029,-0.413,1.049,11.34,-22.97,33.21,R
,1078091,723,0,3851,-0.066,-0.425,1.055,7.93,-2.29,33.23,R
,107815,757,0,849,-0.302,-0.668,0.948,47.51,-32.01,37.29,R
,107816,750,0,001,-0.116,-0.498,0.884,43.14,-30.13,31.94,R
,1078191,805,0,3851,-0.172,-0.503,0.668,43.60,-29.82,27.49,R
,1078201,759,0,4026,-0.053,-0.468,0.576,31.49,-28.83,20.45,R
,1078221,758,0,4054,-0.101,-0.507,0.514,15.48,-23.81,1394,R
,1078321,657,0,4043,-0.083,-0.508,0.597,8.90,13.69,-18.74,R
,1078371,673,0,3853,-0.095,-0.493,0.763,3.93,35.40,-25.14,R
,107841,700,0,3850,-0.118,-0.430,0.878,2.04,42.30,-27.28,R
,107848,733,0,022,-0.073,-0.458,0.977,-15.14,38.08,-30.97,R
,1078531,720,0,3840,-0.022,-0.421,0.906,-12.49,30.68,-3.44,R
,107855,740,0,3849,0.046,-0.38,0.811,7.79,1946,-39.1,R
,107856,740,0,4015,0.069,-0.36,0.777,9.44,2083,-39.6,R
,107857,771,0,836,0.08,-0.354,0.771,-12.62,25.31,-38.22,R
,107863,825,0,851,-0.125,-0.320,1.266,-26.92,37.26,-21.26,R
,107864,816,0,3991,-0.129,-0.347,1.281,-14.68,31.75,-18.44,R
,1078681,822,0,3973,-0.151,-0.226,1.389,-5.72,29.43,-5.51,R
,107872,845,0,984,-0.19,-0.254,1.306,1.70,5.41,3.81,R
,107873	bbªbjrbjrbrbrʲrbrbJH107874,841,0,3979,-0.068,-0.246,1.218,8.56,2.99,5.79,R
,107876,838,0,3984,-0.065,-0.271,1.140,4.25,-11.11,6.07,R
,107878,813,0,987,-0.052,-0.316,1.139,0.65,-22.24,6.16,R
,107880,800,0,016,-0.059,-0.367,1.105,3.20,-2.20,10.65,R
,107884,819,0,4021,-0.053,-0.417,1.130,28.04,-24.91,10.60,R
,107892,833,0,4049,-0.045,-0.365,1.075,14.68,-20.80,19.18,R
,1078931,835,0,3846,-0.061,-0.367,1.083,15.34,-1.32,20.25,R
,107900,780,0,4007,-0.172,-0.357,1.109,0.09,-2.75,25.06,R
,107904,704,0,4089,-0.212,-0.448,1.038,23.84,-37.43,26.45,R
,107907,692,0,3850,-0.153,-0.412,0.758,47.87,-49.34,26.25,R
,107911,672,0,3843,-0.006,-0.423,0.467,17.34,-46.53,1446,R
,1079121,463,0,009,0.17,-0.386,0.346,.99,-3007,13.2,R
,107913,480,0,852,0.007,-0.468,0.380,.82,-2088,18.1,R
,107920,618,0,4054,-0.022,-0.469,0.540,6.88,16.27,-0.27,R
,107923,629,0,3840,-0.096,-0.435,0.674,-39.50,32.99,-8.25,R
,1079271,628,0,3856,-0.085,-0.51,0.920,-26.95,6.50,-2.60,R
,1079401,859,0,981,0.03,-0.385,0.963,25.64,856,-22.6,R
,107941,850,0,850,0.04,-0.389,0.923,23.00,868,-21.1,R
,107944,853,0,4007,0.120,-0.310,0.803,6.43,1943,-15.4,R
,1079451,863,0,856,0.10,-0.281,0.801,7.29,2502,-17.1,R
,1079461,864,0,4065,0.04,-0.25,0.885,-17.14,29.70,-20.48,R
,107947,866,0,3854,0.021,-0.290,0.988,26.80,3.85,-2201,R
,107959,832,0,841,0.07,-0.30,1.231,18.33,-40.22,12.00,R
,1079611,832,0,3845,0.030,-0.315,1.125,7.77,-2.41,15.5,R
,1079661,821,0,4022,-0.022,-0.39,1.076,16.39,-41.84,2466,R
,1079691,817,0,3854,-0.47,-0.38,1.095,17.99,-31.14,32.17,R
,107971,819,0,842,-0.71,-0.35,1.127,16.19,-30.27,3434,R
,107981,1115,0,3854,-0.093,-0.484,0.82,44.73,72.48,2.20,R
,1079831,1177,0,3854,-0028,-0.89,0.66,43.77,61.67,2.34,R
,107987,743,0,3846,0.043,-0.510,0.429,2.47,-3.67,11.4,R
,1079911,647,0,3853,0.08,-0.50,0.401,.57,-13.85,6.07,R
,1079921,581,0,3994,0.006,-0.525,0.387,.90,-6.40,8.71,R
,107996,511,0,4055,-0.32,-0.59,0.592,-4.91,5.24,6.11,R
,107998,565,0,4064,0.000,-0.51,0.633,22.16,882,-3.00,R
,1079991,586,0,842,-0.33,-0.506,0.633,-27.62,2.60,-088,R
,108000,561,0,3986,-0.009,-0.504,0.679,-26.16,18.57,2.1,R
,108002,624,0,3984,0.027,-0.516,0.729,28.45,3.81,-0.2,R
,108004,619,0,3981,0.048,-0.546,0.784,35.35,3.31,-4.7,R
,1080071,640,0,3856,0.062,-0.592,0.884,44.40,2.23,-1264,R
,1080081,677,0,966,0.064,-0.616,0.927,44.20,2.47,-1438,R
,1080101,688,0,3955,0.158,-0.670,0.972,49.46,1.34,-1528,R
,1080121,731,0,938,0.27,-0.68,0.997,57.09,2.19,-1586,R
,1080141,827,0,925,0.285,-0.741,1.034,-59.58,23.26,-25.08,R
,108016,886,0,968,0.35,-0.819,1.070,-62.25,7.61,-41.08,R
,1080171,902,0,849,0.410,-0.834,1.052,61.53,-.08,-4961,R
,1080191,938,0,853,0.439,-0.811,1.013,59.94,-10.48,-62.42,R
,1080201,944,0,975,0.498,-0.733,1.050,64.01,-4.22,-70.04,R
,1080211,944,0,3856,0.502,-0.70,1.082,68.22,-9.63,-81.03,R
,108022,943,0,974,0.297,-0.840,1.154,61.14,-6.60,-76.88,R
,1080241,969,0,963,0.323,-0.609,1.354,78.10,-0.24,-11.08,R
,108026,819,0,3914,0.19,-0.502,1.553,79.67,-9.47,-9.44,R
,108027,816,0,3850,0.150,-0.42,1.639,75.76,-9.78,-86.88,R
,1080281,819,0,3909,0.18,-0.401,1.693,-64.71,-41.58,-80.36,R
,1080291,821,0,850,0.02,-0.33,1.684,-53.79,-42.68,-72.96,R
,108031,867,0,3866,0.028,-0.26,1.584,30.65,-7.53,-52.47,R
,108035,997,0,3858,0.095,-0.17,1.208,-22.94,-65.52,-22.84,R
,1080361,998,0,3968,0.132,-0.147,1.127,19.00,-9.63,-1.35,R
,108037,997,0,3856,0.125,-0.13,1.067,-16.63,-68.89,-6.77,R
,108038,991,0,3963,0.114,-0.152,1.000,14.22,-9.30,0.2,R
,1080391,993,0,858,0.156,-0.165,0.949,13.47,-9.93,7.41,R
,108042,992,0,3940,0.187,-0.24,0.878,5.85,-67.17,25.81,R
,108043,995,0,3855,0.190,-0.282,0.860,4.05,-61.55,33.8,R
,108046,993,0,937,0.232,-0.417,0.889,4.01,-5.48,44.72,R
,108047,985,0,863,0.241,-0.449,0.888,1.88,-5.50,46.8,R
,1080511,953,0,3866,0.195,-0.52,0.915,.78,-4645,46.71,R
,108052,962,0,3923,0.13,-0.58,0.940,.76,-4798,42.9,R
,1080531,930,0,3862,0.172,-0.610,0.935,.54,-5378,38.16,R
,108054,931,0,3935,0.13,-0.64,0.908,3.20,-6.04,34.2,R
,1080551,929,0,3856,0.171,-0.675,0.882,1.54,-6.56,31.8,R
,108057,916,0,3852,0.136,-0.677,0.722,9.31,-7.31,26.8,R
,1080581,926,0,3952,0.161,-0.67,0.660,7.80,-7.17,23.44,R
,108059,859,0,863,0.17,-0.656,0.561,53.63,-71.79,19.44,R
,108060,784,0,948,0.173,-0.653,0.450,2.74,-7.56,16.5,R
,1080611,804,0,3856,0.177,-0.613,0.346,8.85,-7.07,15.9,R
,1080621,815,0,939,0.184,-0.626,0.273,1.66,-7.77,16.9,R
,1080631,845,0,3858,0.209,-0.640,0.180,3.60,-7.01,17.0,R
,108068,752,0,929,0.333,-0.685,-0.005,12.13,-6.68,3.56,R
,108069,657,0,3860,0.35,-0.70,0.018,0.56,-24.72,-2.1,R
,108070,685,0,919,0.306,-0.673,0.025,0.46,-1.54,-4.9,R
,108071,702,0,3863,0.23,-0.72,0.082,5.96,-014,-1.6,R
,1080761,1227,0,3911,0.341,-0.70,0.387,-13.18,32.44,2.92,R
,108099,1535,0,3861,0.522,-0.555,0.679,-33.67,34.10,-18.73,R
,108102,1527,0,3914,0.16,-0.617,1.026,-42.95,35.34,-13.09,R
,1081261,1535,0,3957,0.337,-0.627,0.949,34.38,-42.94,27.53,R
,108128,1520,0,3958,0.259,-0.658,0.943,42.86,-41.58,32.16,R
,108134,1491,0,3968,0.19,-0.666,0.658,29.87,-38.45,26.10,R
,108151,1453,0,3856,0.217,-0.725,0.385,4.51,29.09,5.45,R
,108152,1456,0,3938,0.192,-0.727,0.331,14.61,36.54,13.73,R
,108155,1469,0,3856,0.223,-0.743,0.448,-24.55,7.87,-685,R
,108173,1521,0,3861,0.496,-0.970,0.724,-57.10,17.76,-44.41,R
,108177,1582,0,3856,0.537,-0.819,0.810,-62.23,-8.48,-75.92,R
,108178,1562,0,3925,0.577,-0.765,0.868,-71.09,-7.06,-76.97,R
,108179,1535,0,3853,0.500,-0.799,0.904,-75.65,-6.36,-73.93,R
,108183,1494,0,3862,0.329,-0.629,1.297,-58.86,4.59,-61.03,R
,108184,1451,0,3932,0.286,-0.561,1.327,-52.91,-7.90,-55.13,R
,108188,1470,0,3935,0.338,-0.365,1.264,-23.24,-19.38,-28.45,R
,1082131,1471,0,3847,0.218,-0.75,0.584,37.83,-37.85,20.28,R
,1082181,1370,0,3969,0.66,-0.79,0.003,49.96,-40.51,9.09,R
,108219,1344,0,3851,0.328,-0.726,-0.075,47.03,-41.49,4.08,R
,108220,1266,0,3985,0.401,-0.777,-0.097,36.27,-42.01,-2.62,R
,1082211,1301,0,3847,0.12,-0.911,-0.14,44.01,39.96,-.42,R
,108222,1264,0,3985,0.475,-0.66,-0.23,23.34,16.97,-2.03,R
,1082251,1278,0,3871,0.46,-0.71,-0.13,14.48,4.27,4.4,R
,108236,1401,0,4001,0.291,-0.81,0.581,-14.08,32.25,-1.74,R
,108241,1455,0,3852,0.350,-0.783,0.529,-16.77,51.70,-2.42,R
,108244,1499,0,3990,0.398,-0.767,0.532,-22.19,33.55,-12.58,R
,1082481,1583,0,3999,0.45,-0.73,0.477,-27.04,20.47,-16.47,R
,108282,1414,0,4013,0.289,-0.64,0.647,16.61,-17.93,36.34,R
,1082831,1354,0,3808,0.68,-0.62,0.670,11.51,-22.56,41.62,R
,108306,1482,0,4047,0.221,-0.80,0.786,7.46,-48.60,27.38,R
,108308,1488,0,4054,0.56,-0.83,0.689,23.49,-45.30,30.87,R
,108316,1255,0,4060,0.51,-0.79,-0.034,35.92,-58.05,975,R
,108319,1282,0,3845,0.354,-0.819,-0.06,8.86,-5.17,-0.84,R
,1083221,1331,0,4061,0.277,-0.785,-0.00,10.33,.35,9.21,R
,108325,1322,0,3841,0.254,-0.86,0.242,6.80,30.68,2.26,R
,108327,1277,0,3852,0.279,-0.84,0.291,19.93,1.99,-2.61,R
,108328,1296,0,4071,0.26,-0.73,0.333,9.28,1863,-6.25,R
,1083301,1354,0,4066,0.264,-0.817,0.410,-16.45,16.13,-627,R
,108333,1377,0,3843,0.12,-0.82,0.550,-5.47,23.66,-15.32,R
,108337,1423,0,3843,0.304,-0.89,0.546,0.41,41.05,-16.18,R
,108339,1421,0,3843,0.334,-0.75,0.550,-9.61,3.79,-15.42,R
,108341,1427,0,3841,0.367,-0.81,0.594,-19.55,36.50,-28.73,R
,108342,1426,0,4044,0.56,-0.847,0.581,-23.81,30.94,-3.87,R
,108356,1520,0,4045,0.60,-0.846,0.540,-29.10,5.72,-4.77,R
,108365,1528,0,3844,0.54,-0.72,0.437,-40.65,30.95,-64.96,R
,108366,1520,0,3956,0.57,-0.71,0.433,-42.52,39.24,-6.21,R
,108373,1631,0,3852,0.40,-0.64,0.485,-30.14,78.05,-59.02,R
,108378,945,0,920,0.163,-0.477,0.894,1.06,11.15,-44.27,R
,108379,865,0,3853,0.172,-0.45,1.009,.09,118.08,-39.09,R
,108381,861,0,3856,0.14,-0.458,1.129,4.56,11.37,-32.29,R
,1083821,837,0,3927,0.116,-0.44,1.190,38.88,109.40,-3290,R
,108383,822,0,856,0.097,-0.415,1.189,6.90,10.95,-30.44,R
,108385,791,0,3856,0.19,-0.387,1.177,71.25,110.36,-29.69,R
,1083861,793,0,916,0.13,-0.37,1.170,1.35,11.15,-27.90,R
,108388,705,0,3914,0.163,-0.357,1.119,2.33,12.57,-1903,R
,108390,687,0,3929,0.17,-0.347,1.085,109.29,136.89,-8.38,R
,108391,667,0,3856,0.15,-0.36,1.065,17.69,137.12,-5.14,R
,108392,672,0,952,0.158,-0.349,1.094,25.37,15.70,-335,R
,108393,663,0,865,0.13,-0.330,1.101,34.32,132.56,-6.61,R
,108399,1296,0,3853,0.92,-0.25,1.165,153.29,115.31,5.61,R
,108409,1088,0,3855,0.00,-0.006,1.232,141.98,77.35,55.61,R
,108411,855,0,3857,0.084,0.032,1.246,11.95,5364,62.58,R
,108413,688,0,852,-0.012,-0.045,1.263,138.94,36.99,6707,R
,108414,586,0,4046,0.07,0.080,1.229,141.22,37.03,69.7,R
,1084151,610,0,3846,0.105,0.094,1.235,13.19,3393,72.42,R
,108418,563,0,4095,0.01,0.145,1.164,15.08,1569,73.29,R
,108419,433,0,3853,0.095,0.138,1.161,17.93,5.0,68.81,R
,108423,438,0,3841,0.103,0.048,1.058,9.28,-22.36,52.9,R
,108424,509,0,095,0.070,0.062,1.009,9.70,-1647,55.49,R
,108428,797,0,042,-0.023,0.046,0.893,05.55,231,57.00,R
,108429,797,0,845,-0.000,0.056,0.809,02.97,227,56.10,R
,108430,823,0,095,-0.059,0.061,0.761,8.01,0.3,58.48,R
,1084321,918,0,4095,-0.037,0.08,0.720,3.72,7.9,52.81,R
,108433,929,0,3854,-0.041,0.077,0.715,7.26,3.3,47.50,R
,1084351,999,0,3838,-0.124,0.118,0.746,8.80,1364,45.99,R
,1084391,881,0,3858,-0.350,0.17,0.871,19.26,52.62,46.6,R
,1084441,879,0,4063,-0.96,0.20,0.817,-5.68,59.38,55.04,R
,108446,890,0,4062,-0.277,0.212,0.802,30.36,6.78,46.31,R
,108448,815,0,4049,-0.312,0.17,0.854,43.93,6.79,41.12,R
,1084491,783,0,3843,-0.361,0.19,0.881,-46.98,69.98,40.5,R
,108450,771,0,4058,-0.372,0.16,0.936,43.94,72.71,41.13,R
,1084511,757,0,3842,-0.368,0.19,0.972,37.90,79.34,41.7,R
,1084541,752,0,4027,-0.427,0.18,1.044,34.26,9.62,48.26,R
,108455,764,0,3837,-0.411,0.22,1.068,32.66,9.35,49.68,R
,108456,826,0,043,-0.432,0.25,1.055,30.84,98.56,49.0,R
,108457,906,0,3841,-0.434,0.25,1.046,27.73,9.73,51.9,R
,108459,912,0,3842,-0.83,0.28,1.007,-24.59,98.27,48.51,R
,108461,850,0,3842,-0.16,0.299,0.971,-22.98,13.57,50.58,R
,1084621,926,0,4001,-0.377,0.25,0.960,29.81,15.92,45.88,R
,108473,942,0,830,-0.248,0.115,1.047,31.07,89.66,-2103,R
,1084771,765,0,3843,-0.511,0.14,1.615,9.26,3.2,-26.16,R
,108478,772,0,045,-0.534,0.170,1.559,.09,-1011,-14.22,R
,108479,770,0,841,-0.506,0.256,1.388,1.84,-989,-0.22,R
,108482,746,0,013,-0.707,0.227,0.995,0.68,10.7,19.44,R
,108483,752,0,3842,-0.436,0.237,0.795,7.75,27.61,9.18,R
,1084851,720,0,3853,-0.495,0.32,0.721,5.05,3459,1.64,R
,108488,625,0,3984,-0.50,0.28,0.710,.70,28.8,-14.9,R
,108489,709,0,844,-0.87,0.25,0.710,2.78,2297,-17.61,R
,108491,687,0,851,-0.83,0.23,0.701,0.07,1694,-21.80,R
,108494,666,0,973,-0.549,0.321,0.952,2.47,1459,-31.32,R
,108496,734,0,042,-0.565,0.30,0.854,22.39,15.34,-32.5,R
,108497,705,0,3845,-0.57,0.30,0.894,0.61,12.53,-31.3,R
,108498,719,0,054,-0.516,0.27,0.908,24.32,12.60,-33.2,R
,1085011,766,0,3856,-0.60,0.30,0.814,18.53,24.30,-34.13,R
,108503,784,0,855,-0.523,0.31,0.785,6.64,41.55,-34.7,R
,1085041,758,0,074,-0.596,0.33,0.772,25.20,47.06,-35.23,R
,108507,747,0,843,-0.598,0.277,0.779,4.71,20.68,-34.21,R
,108509,735,0,847,-0.617,0.30,0.767,1.91,1454,-32.0,R
,108510,737,0,067,-0.34,0.24,0.771,3.68,1282,-28.51,R
,1085121,746,0,4070,-0.78,0.24,0.779,7.10,8.5,-23.54,R
,1085131,750,0,3854,-0.565,0.205,0.815,-9.55,7.17,-22.1,R
,1085141,755,0,4065,-0.583,0.19,0.792,10.19,778,-19.5,R
,1085151,767,0,3845,-0.74,0.17,0.790,6.74,4.62,-18.13,R
,108516,800,0,4078,-0.613,0.12,0.853,7.70,2.1,-14.9,R
,108517,785,0,3839,-0.608,0.159,0.854,-4.49,-4.08,-15.6,R
,108518,807,0,092,-0.47,0.13,0.884,0.84,-963,-15.74,R
,108520,829,0,095,-0.641,0.12,0.839,1.87,-13.52,-15.89,R
,1085241,564,0,4095,-0.637,0.02,0.874,5.12,-785,-8.70,R
,1085291,698,0,841,-0.596,0.01,0.931,58.15,-26.21,-24.80,R
,108530,709,0,4095,-0.80,0.04,0.913,3.57,-27.61,-29.52,R
,1085311,683,0,3827,-0.93,0.09,0.961,64.18,-29.61,-34.96,R
,108533,815,0,840,-0.595,0.08,0.971,3.90,-30.83,-36.84,R
,108534,832,0,4095,-0.642,0.150,0.959,9.60,-2.56,-33.23,R
,1085351,827,0,3833,-0.605,0.18,0.959,75.00,-1.69,-32.48,R
,108536,789,0,095,-0.602,0.186,0.949,77.80,-7.26,-30.45,R
,1085371,771,0,3828,-0.57,0.16,0.996,0.51,-792,-30.4,R
,108539,757,0,3839,-0.621,0.12,1.000,87.12,-30.01,-43.16,R
,108540,755,0,095,-0.613,0.13,0.948,6.12,-4.85,-5157,R
,1085421,695,0,095,-0.627,0.182,0.858,79.90,-5.13,-56.27,R
,1085451,539,0,829,-0.81,0.20,0.708,7.52,-6.31,-7186,R
,108546,545,0,095,-0.658,0.20,0.742,7.84,-6.14,-66.45,R
,108547,544,0,839,-0.647,0.26,0.699,3.55,-5.14,-5781,R
,1085481,529,0,4095,-0.89,0.29,0.703,4.04,-4.66,-5103,R
,1085501,657,0,4095,-0.735,0.367,0.715,60.13,-36.85,-43.25,R
,1085511,720,0,833,-0.749,0.35,0.699,1.83,-4.22,-4164,R
,108552,767,0,095,-0.746,0.38,0.684,0.68,-43.03,-38.73,R
,108553,778,0,3839,-0.677,0.35,0.681,5.63,-47.30,-42.27,R
,1085551,720,0,3835,-0.17,0.36,0.604,5.60,-4.20,-5204,R
,108556,673,0,4095,-0.608,0.353,0.609,50.64,-50.91,-54.21,R
,108557,587,0,831,-0.598,0.32,0.638,46.04,-58.39,-55.55,R
,1085601,707,0,4095,-0.566,0.318,0.598,27.89,-79.87,-62.80,R
,108562,756,0,4095,-0.584,0.35,0.579,6.12,-7.29,-5248,R
,108563,754,0,3830,-0.569,0.36,0.583,6.45,-6.25,-46.90,R
,108565,722,0,829,-0.538,0.40,0.590,0.50,-5.23,-4225,R
,108566,592,0,4095,-0.531,0.42,0.605,3.93,-5.88,-4142,R
,108569,507,0,3824,-0.551,0.45,0.656,7.87,-6.07,-43.20,R
,1085711,503,0,3831,-0.56,0.47,0.685,1.06,-7.25,-4491,R
,108572,501,0,095,-0.535,0.46,0.693,1.57,-7.19,-4302,R
,108573,496,0,3830,-0.507,0.45,0.696,7.48,-78.68,-39.77,R
,108575,536,0,825,-0.452,0.46,0.694,4.50,-7.69,-3514,R
,108576,529,0,095,-0.03,0.45,0.720,9.28,-7.43,-34.55,R
,1085791,619,0,3829,-0.60,0.45,0.710,6.99,-6.26,-30.06,R
,1085801,593,0,4095,-0.367,0.446,0.718,34.71,-58.65,-29.52,R
,108581,577,0,831,-0.385,0.45,0.727,2.94,-5.63,-29.25,R
,108582,528,0,4095,-0.403,0.44,0.756,9.90,-45.06,-2848,R
,108583,510,0,826,-0.418,0.40,0.818,0.76,-4.60,-2641,R
,1085871,534,0,3832,-0.95,0.41,0.830,8.07,-28.42,-15.93,R
,1085891,571,0,3827,-0.354,0.467,0.745,74.51,-16.21,-12.32,R
,108590,588,0,4095,-0.324,0.430,0.760,2.61,-940,-15.0,R
,1085921,548,0,4095,-0.363,0.461,0.659,38.06,-8.60,-8.33,R
,1085931,573,0,824,-0.378,0.47,0.660,1.41,-390,-6.01,R
,1085941,565,0,4095,-0.354,0.467,0.684,38.59,-5.27,-4.07,R
,1085951,592,0,831,-0.384,0.43,0.698,39.05,-6.04,-5.35,R
,1085961,590,0,4095,-0.312,0.415,0.726,3.31,0.11,-13.54,R
,108597,613,0,3835,-0.281,0.42,0.727,50.56,4.83,-24.00,R
,1085981,595,0,4095,-0.314,0.460,0.728,48.04,14.28,-30.06,R
,1085991,609,0,832,-0.343,0.44,0.739,40.76,14.88,-33.67,R
,108602,541,0,4095,-0.337,0.48,0.801,1.83,3109,-28.6,R
,108603,537,0,3830,-0.431,0.44,0.852,3.31,2613,-19.7,R
,108606,577,0,095,-0.434,0.47,0.858,.19,31.2,-10.88,R
,1086071,585,0,841,-0.443,0.45,0.861,.77,24.7,-11.42,R
,1086081,587,0,095,-0.431,0.47,0.833,.10,24.1,-13.6,R
,1086091,585,0,3838,-0.452,0.46,0.805,0.65,2578,-14.16,R
,108610,589,0,4095,-0.456,0.47,0.784,3.85,23.66,-14.33,R
,1086131,578,0,847,-0.461,0.49,0.648,-6.98,44.15,-12.68,R
,108617,596,0,3825,-0.594,0.51,1.108,33.35,25.00,-4.33,R
,108619,611,0,3831,-0.469,0.52,1.081,15.75,2.51,-12.93,R
,108622,590,0,4095,-0.378,0.438,0.961,4.67,-3.38,-6.33,R
,108623,592,0,830,-0.350,0.45,0.912,.10,8.6,-3.35,
,1086251,617,0,834,-0.384,0.42,0.786,6.38,3505,-2.27,R
,1086271,688,0,3837,-0.501,0.450,0.676,21.08,48.56,0.94,R
,1086281,783,0,095,-0.535,0.45,0.665,2.39,4624,2.62,R
,108630,791,0,4095,-0.541,0.48,0.632,14.77,30.22,4.51,R
,108631,789,0,3839,-0.497,0.481,0.645,8.01,22.76,0.83,R
,1086321,785,0,095,-0.87,0.47,0.676,1.04,1480,-3.4,R
,1086331,778,0,3828,-0.472,0.46,0.700,-4.19,8.57,-7.61,R
,1086341,684,0,4095,-0.03,0.456,0.739,1.64,11.53,-10.76,R
,108636,608,0,4095,-0.395,0.423,0.785,.29,12.7,-10.87,R
,1086381,609,0,4095,-0.411,0.497,0.814,27.70,40.39,-2.91,R
,108639,603,0,827,-0.510,0.54,0.799,0.41,4825,1.27,R
,1086411,598,0,824,-0.565,0.54,0.822,3.46,3902,3.79,R
,1086431,577,0,835,-0.561,0.55,0.734,9.61,1728,-1.9,R
,108647,723,0,3825,-0.496,0.54,0.592,.46,11.3,-6.04,R
,1086481,720,0,4095,-0.519,0.516,0.617,10.21,1924,-6.4,R
,1086501,809,0,095,-0.531,0.52,0.608,8.88,39.84,-4.06,R
,108651,830,0,3833,-0.592,0.53,0.610,9.54,4549,-2.41,R
,108652,827,0,4095,-0.626,0.54,0.596,9.23,4384,-0.82,R
,108654,843,0,4095,-0.715,0.60,0.607,14.93,35.70,11.13,R
,1086551,844,0,3827,-0.682,0.60,0.602,.20,28.44,13.81,R
,1086561,821,0,4095,-0.78,0.60,0.594,1.41,2091,15.23,R
,1086571,826,0,829,-0.624,0.56,0.633,10.19,8.85,11.67,R
,108658,859,0,4095,-0.581,0.55,0.618,-18.05,-0.39,6.08,R
,1086591,848,0,3834,-0.573,0.51,0.655,20.88,-.40,2.49,R
,108660,819,0,4095,-0.570,0.53,0.667,-19.20,-3.06,4.43,R
,108661,799,0,3834,-0.551,0.52,0.686,12.69,4.77,7.04,R
,1086621,811,0,4095,-0.563,0.533,0.690,-10.37,15.44,10.55,R
,1086641,815,0,4095,-0.87,0.55,0.632,-9.59,21.64,13.45,R
,1086651,820,0,831,-0.612,0.57,0.678,3.76,2453,13.00,R
,108667,855,0,3831,-0.625,0.55,0.691,10.42,8.21,11.71,R
,1086691,858,0,3825,-0.596,0.53,0.639,22.34,-.44,7.06,R
,108670,866,0,4095,-0.581,0.52,0.637,25.70,-.35,7.03,R
,108671,862,0,3829,-0.565,0.50,0.631,26.16,-.09,8.1,R
,108672,865,0,4095,-0.529,0.48,0.639,26.02,-.50,8.62,R
,108674,797,0,095,-0.509,0.449,0.674,-21.03,4.57,7.73,R
,108675,679,0,819,-0.41,0.475,0.689,-17.81,7.31,7.71,R
,108676,540,0,4095,-0.557,0.50,0.717,9.78,1048,7.78,R
,108677,531,0,835,-0.561,0.490,0.725,-7.62,1.90,5.76,R
,1086791,539,0,3830,-0.537,0.50,0.687,13.27,-.38,-1.23,R
,1086811,631,0,827,-0.581,0.517,0.665,-12.46,-4.25,2.77,R
,1086821,688,0,4095,-0.75,0.518,0.673,10.14,1.52,1.84,R
,1086831,691,0,825,-0.91,0.52,0.694,9.09,7.3,-0.09,R
,1086851,738,0,3825,-0.634,0.53,0.725,9.75,9.0,-6.53,R
,108686,769,0,4095,-0.662,0.532,0.712,-15.00,860,-10.1,R
,1086881,761,0,4095,-0.618,0.456,0.695,-21.62,-1.44,-20.22,R
,1086891,761,0,3833,-0.592,0.42,0.668,23.38,-.53,-20.87,R
,1086901,795,0,4095,-0.551,0.383,0.649,-21.67,-4.18,-20.15,R
,1086911,797,0,3830,-0.524,0.38,0.588,19.96,001,-17.74,R
,1086921,805,0,4095,-0.560,0.41,0.584,17.73,552,-15.29,R
,1086931,806,0,830,-0.68,0.42,0.593,15.00,848,-15.96,R
,1086941,829,0,4095,-0.02,0.48,0.583,14.34,14.88,-15.34,R
,1086951,835,0,3834,-0.653,0.49,0.599,11.03,2.27,-1491,R
,108696,847,0,095,-0.67,0.507,0.607,-8.01,21.90,-14.47,R
,1086971,863,0,825,-0.78,0.496,0.615,-6.30,20.24,-17.48,R
,1086981,859,0,4095,-0.679,0.49,0.589,5.00,1883,-20.35,R
,1086991,845,0,838,-0.38,0.477,0.599,0.97,16.63,-25.05,R
,108700,854,0,095,-0.19,0.44,0.613,2.02,1553,-31.78,R
,1087011,829,0,831,-0.03,0.445,0.601,-1.68,16.47,-36.99,R
,108702,823,0,095,-0.15,0.437,0.605,-2.83,16.89,-39.52,R
,108703,826,0,830,-0.613,0.432,0.606,-0.68,15.64,-42.70,R
,108705,827,0,3835,-0.574,0.42,0.613,.38,7.4,-50.25,R
,1087061,826,0,4095,-0.601,0.42,0.593,.83,3.3,-51.34,R
,1087081,880,0,095,-0.37,0.40,0.630,9.95,6.9,-54.61,R
,108710,891,0,4095,-0.546,0.40,0.687,8.62,3077,-54.33,R
,1087181,992,0,095,-0.09,0.338,0.740,2.07,3.14,-30.82,R
,1087191,997,0,3835,-0.644,0.19,0.709,.38,9.5,-25.17,R
,1087211,977,0,830,-0.791,0.357,0.564,15.54,31.15,-6.0,R
,108722,955,0,095,-0.19,0.396,0.560,4.38,28.57,2.71,R
,108723,975,0,835,-0.35,0.41,0.572,8.24,16.7,4.23,R
,1087241,975,0,095,-0.40,0.425,0.571,0.54,-2.39,1.29,R
,1087251,976,0,3831,-0.69,0.395,0.592,-5.62,-16.56,3.16,R
,1087281,997,0,4095,-0.714,0.30,0.633,8.19,-2.77,39.18,R
,1087291,992,0,824,-0.746,0.328,0.685,-10.74,-4.10,51.45,R
,108730,960,0,4095,-0.733,0.318,0.647,-5.58,-4.97,62.72,R
,1087311,935,0,3831,-0.41,0.355,0.624,0.66,-1.14,69.01,R
,1087321,915,0,4095,-0.74,0.40,0.601,-3.52,-2.80,72.7,R
,1087331,859,0,3821,-0.890,0.43,0.653,9.78,-1.58,71.67,R
,1087341,858,0,4095,-0.781,0.456,0.588,-21.01,-24.27,7048,R
,108735,829,0,831,-0.780,0.468,0.588,-32.77,-40.54,6863,R
,1087371,800,0,3832,-0.584,0.41,0.487,42.43,-4.59,68.74,R
,1087381,818,0,095,-0.69,0.36,0.455,38.54,-84.01,71.42,R
,1087401,827,0,4095,-0.93,0.44,0.482,5.55,-6.40,70.89,R
,108741,825,0,829,-0.270,0.667,0.531,9.74,-26.11,68.84,R
,1087421,843,0,4095,-0.463,0.764,0.723,10.97,2561,52.60,R
,1087441,877,0,4095,-0.65,0.94,0.773,2.43,41.64,27.21,R
,1087451,848,0,3831,-0.808,0.88,0.725,7.52,3590,17.10,R
,1087461,843,0,4095,-0.01,0.74,0.722,12.34,1.77,17.93,R
,1087471,818,0,829,-0.50,0.606,0.681,-19.94,-16.05,2599,R
,1087491,801,0,3836,-0.56,0.40,0.575,39.20,-5.32,36.49,R
,108751,847,0,839,-0.396,0.372,0.561,-64.10,-30.40,2979,R
,1087521,843,0,095,-0.61,0.35,0.623,67.44,-18.65,34.13,R
,108753,863,0,833,-0.36,0.38,0.659,53.70,1.91,38.7,R
,1087541,851,0,4095,-0.463,0.41,0.715,46.94,2.34,38.89,R
,108755,859,0,834,-0.17,0.44,0.779,45.99,3.31,34.7,R
,1087561,863,0,4095,-0.615,0.502,0.823,-48.07,22.82,27.33,R
,1087571,834,0,828,-0.60,0.47,0.864,52.26,966,17.04,R
,1087591,848,0,3830,-0.684,0.41,0.876,54.16,-7.56,6.23,R
,108761,816,0,839,-0.51,0.31,0.844,47.50,-8.04,6.2,R
,1087621,823,0,4095,-0.496,0.271,0.780,-44.40,-25.12,6.8,R
,108764,809,0,095,-0.367,0.209,0.728,-30.33,-12.89,9.65,R
,1087651,816,0,826,-0.363,0.234,0.673,-26.01,-2.94,10.8,R
,108766,816,0,095,-0.404,0.25,0.685,-19.65,670,11.62,R
,1087671,803,0,3815,-0.469,0.290,0.712,-12.49,15.29,10.10,R
,1087681,900,0,095,-0.02,0.31,0.735,7.84,1915,2.92,R
,1087701,895,0,4095,-0.33,0.36,0.788,2.39,1160,-13.6,R
,1087731,900,0,3829,-0.637,0.361,0.780,14.93,-13.76,-23.23,R
,1087751,909,0,3837,-0.539,0.338,0.730,22.73,-14.76,-27.37,R
,1087761,907,0,4095,-0.502,0.321,0.692,4.38,-1.22,-25.16,R
,108777,901,0,837,-0.448,0.30,0.681,4.30,-772,-24.67,R
,1087781,910,0,4095,-0.39,0.29,0.669,4.27,-5.40,-26.93,R
,1087801,905,0,4095,-0.604,0.395,0.724,36.13,4.82,-25.4,R
,1087811,913,0,833,-0.49,0.45,0.698,7.11,8.3,-23.42,R
,108785,928,0,830,-0.05,0.38,0.734,3.69,-1.03,-29.09,R
,1087861,925,0,4095,-0.596,0.417,0.716,42.09,-1.60,-23.20,R
,108787,933,0,839,-0.69,0.45,0.670,5.19,-436,-18.33,R
,1087891,934,0,3835,-0.520,0.446,0.670,37.45,10.42,-20.1,R
,108791,914,0,835,-0.522,0.43,0.650,3.98,1008,-21.29,R
,108792,912,0,095,-0.607,0.49,0.643,46.86,8.19,-15.7,R
,108793,897,0,3829,-0.607,0.529,0.669,46.41,5.75,-12.0,R
,1087981,839,0,4095,-0.81,0.54,0.733,0.32,-20.30,-19.71,R
,1088001,849,0,4095,-0.56,0.51,0.725,11.38,-21.43,-15.19,R
,1088011,855,0,3833,-0.535,0.49,0.727,2.79,-1.40,-11.96,R
,108802,852,0,4095,-0.512,0.48,0.714,4.41,-761,-8.32,R
,1088051,835,0,826,-0.35,0.53,0.688,0.48,1320,-2.32,R
,1088081,864,0,095,-0.42,0.52,0.730,4.26,-7.24,-6.4,R
,1088091,860,0,3827,-0.566,0.520,0.709,-11.30,-14.16,-571,R
,108810,855,0,095,-0.575,0.504,0.710,-10.40,-16.79,-644,R
,1088111,871,0,3824,-0.65,0.50,0.724,9.17,-1.27,-5.34,R
,108812,868,0,095,-0.562,0.486,0.741,-9.32,-7.12,-3.4,R
,1088141,856,0,095,-0.42,0.44,0.744,9.64,3.6,0.81,R
,108815,880,0,839,-0.510,0.40,0.751,8.36,4.63,3.12,
,1088161,875,0,4095,-0.26,0.40,0.704,10.48,584,5.93,R
,1088171,878,0,831,-0.526,0.412,0.685,-9.07,7.34,7.12,R
,1088191,880,0,827,-0.548,0.443,0.693,-8.83,8.86,6.52,
,1088201,877,0,095,-0.568,0.45,0.698,9.03,8.6,6.20,R
,1088211,880,0,3831,-0.62,0.46,0.695,13.14,437,3.03,R
,1088221,846,0,4095,-0.78,0.463,0.709,-16.54,-.03,1.04,R
,1088231,849,0,827,-0.576,0.44,0.703,-14.11,-5.55,2.3,R
,108829,880,0,3830,-0.555,0.40,0.699,.70,4.1,-3.19,
,108831,881,0,3831,-0.579,0.41,0.678,.93,-3.8,-5.90,R
,1088341,965,0,4095,-0.577,0.41,0.720,.68,1.4,-7.28,R
,1088351,958,0,3829,-0.604,0.420,0.706,8.27,6.70,-7.06,
,1088371,963,0,3831,-0.585,0.391,0.710,.43,8.2,-7.03,R
,1088381,983,0,4095,-0.581,0.398,0.712,9.92,8.05,-6.96,
,1088411,985,0,3831,-0.93,0.40,0.703,1.43,1016,-8.39,R
,1088421,972,0,4095,-0.602,0.387,0.698,1.92,1111,-9.45,R
,1088431,967,0,830,-0.06,0.387,0.700,13.84,12.05,-9.6,R
,1088441,956,0,4095,-0.617,0.411,0.699,17.25,1265,-8.5,R
,1088471,941,0,3826,-0.19,0.45,0.661,0.90,8.6,-10.39,R
,1088491,919,0,3825,-0.626,0.47,0.634,8.99,3.9,-11.60,R
,108851,912,0,827,-0.13,0.46,0.643,8.88,2.8,-12.19,R
,1088521,923,0,4095,-0.590,0.43,0.675,2.25,3.1,-12.47,R
,108853,915,0,3830,-0.591,0.44,0.676,4.74,6.3,-12.16,R
,108857,905,0,3813,-0.666,0.50,0.683,29.25,21.81,-3.11,R
,1088591,910,0,827,-0.665,0.53,0.676,13.58,14.34,0.17,R
,108861,912,0,3831,-0.58,0.51,0.696,2.20,-1.55,-3.86,R
,1088631,899,0,830,-0.651,0.49,0.668,-4.11,-9.52,-0.45,R
,1088641,902,0,095,-0.636,0.483,0.651,-3.39,-709,1.16,R
,1088661,901,0,095,-0.629,0.48,0.650,2.91,2.10,2.71,
,1088691,907,0,3836,-0.645,0.454,0.637,-2.14,5.52,6.10,R
,1088711,909,0,827,-0.659,0.48,0.649,-7.27,-1.93,5.62,R
,1088731,907,0,3824,-0.32,0.45,0.641,12.75,-.85,3.2,R
,108875,911,0,3836,-0.621,0.46,0.672,9.29,-1.32,3.21,R
,1088781,912,0,4095,-0.595,0.469,0.661,-7.75,-3.72,4.17,R
,1088791,912,0,835,-0.621,0.48,0.673,5.64,-2.39,2.51,R
,108880,915,0,095,-0.602,0.46,0.694,4.57,-451,3.41,R
,108882,912,0,095,-0.625,0.47,0.658,4.02,-9.00,2.87,R
,108884,912,0,4095,-0.620,0.48,0.691,9.41,-1.47,0.9,R
,1088861,912,0,095,-0.05,0.46,0.667,9.97,-1.79,0.1,R
,108887,912,0,826,-0.601,0.43,0.672,10.14,-6.51,-116,R
,108889,912,0,3834,-0.581,0.42,0.664,5.03,-1.30,-0.1,R
,1088901,912,0,4095,-0.76,0.422,0.670,-2.63,-11.32,1.33,R
,108891,912,0,3824,-0.573,0.42,0.662,1.07,-882,2.34,R
,1088951,896,0,3827,-0.612,0.475,0.672,-1.24,-5.76,2.95,R
,1088981,859,0,4095,-0.23,0.484,0.696,-11.59,-19.90,-1.71,R
,1088991,863,0,3825,-0.613,0.460,0.699,-13.39,-23.17,-1.49,R
,1089011,853,0,3831,-0.538,0.42,0.732,5.36,-1.00,3.2,R
,108903,740,0,833,-0.524,0.420,0.722,0.04,3.47,5.47,R
,1089051,742,0,826,-0.526,0.41,0.661,.28,10.01,5.36,R
,108906,746,0,095,-0.568,0.45,0.665,.21,10.05,6.48,R
,108907,749,0,3833,-0.573,0.45,0.687,-2.23,4.8,5.09,R
,108909,749,0,824,-0.83,0.469,0.698,14.08,-.14,1.8,R
,1089101,750,0,4095,-0.84,0.460,0.700,-16.26,-8.50,1.67,R
,1089111,749,0,827,-0.558,0.43,0.735,-16.23,-10.33,1.38,R
,1089151,807,0,837,-0.526,0.39,0.753,0.77,1.75,-1.63,R
,108917,835,0,3810,-0.552,0.41,0.708,7.70,8.66,-1.61,R
,108919,779,0,831,-0.557,0.43,0.698,2.15,1153,-4.91,R
,108920,783,0,4095,-0.575,0.442,0.697,12.39,1001,-6.1,R
,1089251,752,0,3829,-0.566,0.46,0.671,5.63,10.63,-10.00,R
,108926,752,0,4095,-0.567,0.46,0.690,6.70,1254,-10.88,R
,1089271,752,0,3829,-0.577,0.472,0.699,19.17,13.73,-10.73,R
,1089281,751,0,4095,-0.586,0.48,0.700,1.87,1564,-9.9,R
,1089291,749,0,829,-0.591,0.48,0.695,3.08,1718,-8.7,R
,108930,753,0,4095,-0.591,0.49,0.685,3.70,1789,-8.7,R
,1089311,748,0,3829,-0.602,0.49,0.680,1.40,1807,-8.71,R
,108933,751,0,824,-0.619,0.49,0.670,7.49,1779,-8.79,R
,1089341,750,0,4095,-0.635,0.49,0.656,14.13,1605,-8.5,R
,108935,747,0,3827,-0.640,0.48,0.662,1.37,1317,-9.52,R
,1089371,751,0,3827,-0.45,0.474,0.662,5.77,5.5,-10.67,R
,1089401,754,0,4095,-0.645,0.45,0.648,6.77,2.24,-6.29,R
,108941,754,0,3829,-0.638,0.44,0.637,.89,4.9,-5.42,R
,108942,753,0,4095,-0.633,0.43,0.644,.19,8.4,-4.99,R
,1089441,762,0,4095,-0.636,0.45,0.653,.74,9.44,-6.13,R
,108947,759,0,3829,-0.642,0.47,0.663,1.11,1.79,-4.10,R
,1089481,751,0,095,-0.636,0.47,0.665,.51,-0.2,-3.20,R
,108949,800,0,3837,-0.619,0.48,0.641,-0.31,-1.03,-2.16,R
,1089501,784,0,095,-0.571,0.48,0.648,4.60,1.3,-4.47,R
,1089541,735,0,4095,-0.594,0.48,0.630,3.20,1112,2.81,R
,108955,746,0,3825,-0.614,0.49,0.636,-2.62,12.39,4.37,R
,1089561,768,0,4095,-0.609,0.498,0.627,-3.32,10.91,3.71,R
,108957,783,0,827,-0.614,0.51,0.633,5.93,6.7,1.64,R
,108959,784,0,3827,-0.634,0.53,0.620,10.84,-1.08,-2.48,R
,108965,848,0,3826,-0.620,0.48,0.656,5.55,15.63,0.69,R
,1089671,862,0,3835,-0.30,0.463,0.645,-7.49,12.71,0.55,R
,1089701,873,0,095,-0.672,0.48,0.634,11.03,018,-0.82,R
,1089731,864,0,835,-0.690,0.47,0.637,15.41,-.01,-3.09,R
,1089741,866,0,4095,-0.677,0.46,0.653,13.62,-9.11,-2.97,R
,1089751,855,0,3834,-0.59,0.44,0.628,12.42,-10.59,-1.55,R
,1089761,853,0,4095,-0.45,0.42,0.643,13.17,-.75,0.29,R
,108977,803,0,3835,-0.631,0.39,0.646,13.09,-.58,0.9,R
,1089791,915,0,3824,-0.622,0.37,0.651,10.49,-.99,2.13,R
,1089811,978,0,829,-0.70,0.397,0.660,-10.46,4.80,7.29,R
,1089821,982,0,4095,-0.688,0.38,0.691,12.80,477,7.64,R
,108983,973,0,3813,-0.685,0.37,0.701,13.44,094,6.72,R
,1089841,973,0,4095,-0.57,0.35,0.686,-12.04,-3.11,7.35,R
,1089881,979,0,095,-0.608,0.38,0.627,2.28,1.5,12.42,R
,108989,983,0,3829,-0.605,0.39,0.637,.18,4.9,10.97,R
,108990,982,0,095,-0.15,0.410,0.653,1.52,7.0,8.16,R
,1089931,983,0,3828,-0.716,0.45,0.714,.20,1.4,-1.09,R
,108994,964,0,095,-0.735,0.45,0.714,.77,-3.24,-3.48,R
,1089981,974,0,4095,-0.679,0.37,0.687,4.43,-16.13,0.14,R
,1089991,974,0,3824,-0.602,0.36,0.650,6.72,-14.16,2.00,R
,109000,973,0,4095,-0.572,0.34,0.610,5.26,-1.35,5.04,R
,1090011,966,0,3825,-0.555,0.35,0.592,2.19,-630,9.55,R
,1090021,944,0,4095,-0.561,0.36,0.591,.97,-5.9,12.81,R
,109004,959,0,4095,-0.565,0.42,0.596,.35,1.6,8.83,R
,1090061,920,0,095,-0.591,0.45,0.628,.54,3.70,5.00,R
,1090071,915,0,3824,-0.599,0.46,0.662,.91,5.53,3.70,R
,1090111,887,0,3839,-0.36,0.514,0.719,22.83,7.99,-1.03,R
,1090121,885,0,4032,-0.647,0.52,0.696,0.32,4.83,-2.32,R
,1090151,880,0,838,-0.638,0.50,0.667,.21,-6.92,-5.69,R
,1090181,878,0,095,-0.604,0.47,0.640,.40,-6.82,-5.05,R
,1090241,941,0,4095,-0.652,0.49,0.656,0.33,6.9,3.27,R
,1090261,942,0,4095,-0.84,0.495,0.680,-7.75,3.6,2.92,R
,1090271,945,0,831,-0.687,0.49,0.692,-10.45,-0.07,3.03,R
,1090281,945,0,095,-0.689,0.48,0.695,13.27,-4.72,3.55,R
,1090291,945,0,3827,-0.674,0.46,0.689,14.17,-8.80,3.7,R
,109030,944,0,4095,-0.640,0.45,0.664,15.09,-11.17,4.19,R
,1090321,944,0,4095,-0.06,0.440,0.633,-15.17,-.04,6.98,R
,109034,905,0,4095,-0.592,0.45,0.618,13.75,-.28,9.75,R
,1090361,903,0,4095,-0.649,0.50,0.655,14.91,3.75,7.79,R
,1090371,906,0,3826,-0.660,0.49,0.695,15.43,018,4.40,R
,1090381,908,0,4095,-0.63,0.48,0.699,-18.66,-5.47,2.2,R
,1090391,861,0,3829,-0.51,0.457,0.699,-20.17,-0.22,2.42,R
,1090401,880,0,4095,-0.640,0.45,0.700,19.30,-3.84,3.29,R
,1090411,869,0,3825,-0.25,0.435,0.709,-17.00,-5.12,3.70,R
,109042,869,0,4095,-0.601,0.44,0.701,15.90,-4.47,5.67,R
,1090431,861,0,3826,-0.574,0.42,0.686,14.83,-10.82,8.17,R
,1090481,870,0,4095,-0.629,0.46,0.687,17.76,-.89,1.38,R
,1090491,893,0,3824,-0.42,0.46,0.695,-18.98,-12.59,-036,R
,1090501,837,0,4095,-0.28,0.447,0.696,-17.68,-18.59,-250,R
,1090521,816,0,4095,-0.594,0.43,0.723,16.75,-2.25,-2.76,R
,1090531,816,0,3831,-0.57,0.40,0.716,14.74,-8.54,0.20,R
,109054,815,0,4095,-0.534,0.402,0.718,-14.66,-11.92,2.25,R
,1090551,839,0,3829,-0.540,0.40,0.710,15.52,-.63,2.94,R
,1090571,874,0,3826,-0.570,0.43,0.745,18.02,260,0.43,R
,109058,869,0,4095,-0.595,0.414,0.746,19.84,045,0.11,R
,1090591,870,0,3830,-0.97,0.41,0.745,19.93,-.47,-0.85,R
,1090601,871,0,095,-0.92,0.419,0.744,-20.28,-10.37,-207,R
,1090611,870,0,3824,-0.598,0.41,0.744,19.36,-3.49,-2.58,R
,1090621,871,0,4095,-0.587,0.42,0.735,17.47,-4.43,-3.22,R
,109063,879,0,3829,-0.577,0.42,0.724,15.99,-2.72,-4.38,R
,1090651,889,0,825,-0.78,0.38,0.713,12.59,-.40,-5.26,R
,1090661,891,0,095,-0.568,0.362,0.713,10.43,-.65,-4.53,R
,1090671,881,0,824,-0.58,0.342,0.708,-8.84,-3.96,-3.6,R
,109069,896,0,3825,-0.553,0.33,0.691,3.43,0.1,-1.31,R
,109070,887,0,4095,-0.549,0.34,0.705,.17,4.3,-0.07,R
,1090711,941,0,3824,-0.59,0.35,0.708,0.97,8.08,-0.70,R
,1090731,944,0,3824,-0.608,0.40,0.736,0.37,8.3,-2.18,R
,109076,944,0,4095,-0.621,0.41,0.779,4.83,-1.32,-2.5,R
,109077,944,0,806,-0.593,0.392,0.771,-4.55,-6.08,-2.6,R
,1090801,947,0,4095,-0.39,0.37,0.736,-2.20,-7.70,-1.3,R
,109082,944,0,4095,-0.601,0.401,0.724,-4.71,2.50,0.22,
,1090831,944,0,831,-0.29,0.41,0.745,8.72,3.1,-0.82,R
,1090841,944,0,4095,-0.67,0.42,0.761,-10.77,0.74,-1.8,R
,1090851,944,0,3827,-0.77,0.40,0.792,12.74,-.26,-1.96,R
,1090861,950,0,4095,-0.85,0.40,0.756,12.08,-1.41,-038,R
,109087,944,0,843,-0.72,0.39,0.753,13.32,-5.41,3.06,R
,1090881,912,0,095,-0.39,0.36,0.740,13.29,-7.55,5.41,R
,1090891,934,0,3825,-0.594,0.339,0.737,14.36,-17.61,5.96,R
,109090,933,0,4095,-0.576,0.32,0.718,14.71,-5.23,6.31,R
,1090911,934,0,821,-0.74,0.31,0.710,11.88,-2.72,8.54,R
,1090921,928,0,095,-0.77,0.31,0.714,-8.78,-10.94,11.3,R
,1090931,934,0,3837,-0.572,0.31,0.714,6.16,-1.47,11.30,R
,1090951,903,0,3824,-0.81,0.33,0.714,8.04,-1.57,9.23,R
,109096,886,0,4095,-0.566,0.331,0.723,-9.24,-22.27,7.7,R
,1090971,896,0,3830,-0.49,0.33,0.731,6.92,-26.92,6.6,R
,1090981,887,0,4095,-0.530,0.33,0.743,3.06,-2.68,6.63,R
,1091011,893,0,3822,-0.478,0.34,0.752,.06,-1532,6.08,R
,1091021,882,0,095,-0.488,0.371,0.787,9.37,-8.30,2.62,
,1091071,899,0,3822,-0.519,0.37,0.771,8.90,-1.55,-6.36,R
,1091081,900,0,4095,-0.83,0.39,0.767,7.00,-21.99,-7.5,R
,1091091,895,0,3818,-0.447,0.38,0.774,2.67,-2.19,-9.54,R
,1091101,902,0,4095,-0.38,0.380,0.771,8.07,-2230,-12.18,R
,1091111,940,0,3824,-0.445,0.35,0.801,8.77,-1785,-12.80,R
,1091141,941,0,4095,-0.67,0.38,0.833,7.19,1.5,-10.33,R
,1091151,940,0,830,-0.498,0.377,0.845,18.74,5.11,-9.83,R
,109117,955,0,3830,-0.546,0.40,0.832,4.21,1.2,-9.38,R
,1091181,943,0,4095,-0.535,0.40,0.817,0.18,-3.96,-9.87,R
,1091211,945,0,829,-0.498,0.378,0.787,3.61,-8.0,-11.89,R
,1091221,919,0,095,-0.490,0.367,0.772,3.03,-5.79,-12.74,R
,109123,946,0,3827,-0.469,0.347,0.750,6.03,-2.16,-14.7,R
,1091241,947,0,4095,-0.72,0.35,0.737,.38,3.15,-16.90,R
,109126,939,0,4095,-0.489,0.298,0.727,.40,11.3,-23.20,R
,1091291,898,0,3824,-0.551,0.221,0.778,14.61,28.39,-37.35,R
,109130,927,0,095,-0.635,0.26,0.779,23.81,3902,-36.36,R
,109131,928,0,824,-0.23,0.32,0.838,4.71,4163,-35.58,R
,109132,934,0,095,-0.743,0.36,0.830,8.38,38.15,-40.9,R
,1091331,900,0,3833,-0.763,0.40,0.819,2.39,2715,-45.51,R
,1091341,927,0,095,-0.756,0.464,0.772,38.77,16.65,-52.47,R
,1091351,923,0,3826,-0.02,0.41,0.783,0.07,3.4,-59.2,R
,1091361,919,0,095,-0.36,0.37,0.734,3.77,-527,-61.8,R
,1091371,922,0,3829,-0.70,0.34,0.673,4.88,-407,-60.8,R
,1091401,933,0,4095,-0.43,0.36,0.673,2.54,1253,-42.2,R
,1091411,927,0,825,-0.528,0.33,0.699,37.19,12.18,-39.35,R
,1091421,878,0,4095,-0.72,0.41,0.718,9.87,7.5,-36.1,R
,109143,839,0,3826,-0.525,0.398,0.719,35.90,6.91,-26.10,R
,1091461,787,0,095,-0.518,0.48,0.719,9.08,4.73,5.65,
,1091491,796,0,3829,-0.31,0.54,0.670,9.83,24.79,38.19,R
,1091501,758,0,095,-0.659,0.57,0.657,2.86,34.05,52.4,R
,1091511,737,0,824,-0.33,0.54,0.699,6.15,3723,60.00,R
,1091521,528,0,095,-0.04,0.58,0.685,9.58,3547,57.38,R
,1091541,558,0,4095,-0.71,0.60,0.566,8.31,1474,46.62,R
,1091561,533,0,4095,-0.604,0.519,0.569,-23.72,-25.82,40.33,R
,1091591,554,0,3830,-0.442,0.549,0.538,-18.91,-34.39,37.84,R
,1091601,724,0,4095,-0.37,0.60,0.594,16.75,-12.95,3516,R
,109161,765,0,3831,-0.494,0.593,0.688,-14.39,-0.16,30.07,R
,1091621,780,0,095,-0.523,0.57,0.739,11.35,631,22.9,R
,109163,817,0,831,-0.74,0.53,0.772,7.30,1099,17.85,R
,1091641,833,0,4095,-0.655,0.520,0.805,-2.71,14.48,19.1,R
,109167,848,0,826,-0.674,0.38,0.790,.38,20.34,26.63,R
,109168,845,0,095,-0.37,0.36,0.794,.88,15.4,26.31,R
,1091711,848,0,3824,-0.550,0.365,0.737,-14.71,-3.32,19.61,R
,1091741,944,0,4095,-0.87,0.44,0.723,9.39,1485,7.82,R
,1091751,944,0,3834,-0.680,0.466,0.795,-8.78,2381,5.01,R
,109176,927,0,095,-0.688,0.47,0.735,-4.60,22.85,2.14,R
,109179,865,0,829,-0.598,0.41,0.606,-6.55,-5.32,-3.9,R
,1091801,862,0,4095,-0.571,0.393,0.625,-7.72,-11.20,-3.46,R
,1091831,734,0,827,-0.541,0.37,0.641,12.86,-.39,6.6,R
,1091841,738,0,4095,-0.552,0.396,0.636,10.39,-.61,8.10,R
,1091871,787,0,3824,-0.98,0.43,0.632,.14,-2.8,7.93,
,1091881,784,0,4095,-0.627,0.45,0.637,.23,-4.6,8.29,
,1091891,753,0,829,-0.625,0.46,0.659,.69,-6.76,7.16,
,109193,752,0,3835,-0.597,0.46,0.707,6.88,-1.83,4.74,R
,109194,752,0,095,-0.552,0.44,0.689,3.67,-1.82,4.40,R
,1091951,749,0,825,-0.518,0.45,0.672,9.80,-857,3.79,R
,109196,750,0,095,-0.512,0.46,0.693,2.48,-283,3.39,R
,1091971,750,0,3833,-0.524,0.480,0.660,36.36,1.44,1.67,R
,1091981,742,0,4095,-0.49,0.502,0.671,35.89,2.53,0.66,R
,1091991,743,0,3826,-0.603,0.541,0.662,30.47,3.28,1.55,R
,1092011,735,0,829,-0.623,0.54,0.670,7.92,-1.10,-1.0,R
,1092021,711,0,4095,-0.605,0.50,0.672,6.36,-2.45,-2.1,R
,1092031,658,0,3825,-0.584,0.483,0.636,18.36,-26.22,-1.67,R
,1092041,596,0,095,-0.21,0.46,0.628,3.05,-2.01,0.13,R
,1092061,490,0,4095,-0.452,0.478,0.589,33.41,-9.63,0.22,R
,1092111,479,0,3825,-0.582,0.56,0.648,7.23,1537,3.16,R
,109213,526,0,825,-0.75,0.571,0.660,1.84,0.6,1.64,
,1092141,502,0,4095,-0.566,0.56,0.670,3.25,-085,6.45,R
,1092151,479,0,3828,-0.553,0.61,0.662,23.64,4.82,10.95,R
,1092161,425,0,4095,-0.564,0.65,0.698,2.41,1178,13.71,R
,1092191,466,0,3834,-0.585,0.69,0.711,.18,10.6,6.58,R
,1092201,529,0,4095,-0.594,0.662,0.718,.03,-1.99,4.94,R
,1092211,641,0,833,-0.56,0.654,0.687,0.32,-15.72,3.93,R
,109224,638,0,4095,-0.448,0.62,0.648,8.71,-1.47,7.7,R
,1092251,687,0,3831,-0.434,0.606,0.618,-11.33,-10.59,8.04,R
,1092271,683,0,824,-0.85,0.609,0.652,-13.06,10.30,9.99,R
,1092281,704,0,4095,-0.519,0.63,0.688,14.07,1.54,9.44,R
,1092291,682,0,3829,-0.553,0.63,0.709,13.53,1.82,10.8,R
,109230,657,0,4095,-0.581,0.64,0.714,15.44,1.37,12.68,R
,1092311,674,0,3825,-0.591,0.66,0.740,19.09,671,14.1,R
,1092321,631,0,4095,-0.569,0.64,0.742,22.65,-.43,14.6,R
,109233,560,0,3829,-0.532,0.61,0.721,26.37,-.61,13.82,R
,109236,448,0,4095,-0.497,0.59,0.672,34.81,-.12,14.74,R
,109237,441,0,830,-0.99,0.58,0.669,36.40,-.67,14.78,R
,1092381,406,0,4095,-0.497,0.57,0.637,35.50,-.04,14.63,R
,1092401,419,0,4095,-0.529,0.57,0.603,40.26,445,14.6,R
,1092411,432,0,3824,-0.31,0.571,0.590,-42.72,5.37,14.45,R
,1092431,201,0,824,-0.23,0.531,0.617,-41.52,2.42,12.16,R
,1092441,244,0,4095,-0.492,0.509,0.631,-36.98,1.43,10.84,R
,109245,213,0,3839,-0.484,0.49,0.621,-31.56,3.35,10.95,R
,1092461,219,0,4095,-0.462,0.48,0.628,25.88,616,12.2,R
,109247,236,0,827,-0.440,0.46,0.591,19.58,1.91,13.6,R
,109249,311,0,3824,-0.449,0.48,0.589,18.25,1.25,13.3,R
,1092521,255,0,095,-0.97,0.515,0.663,-14.60,19.82,7.73,R
,1092541,317,0,4095,-0.531,0.53,0.693,7.12,1921,4.48,R
,1092561,400,0,4095,-0.62,0.538,0.688,-1.04,2018,5.96,R
,1092571,420,0,3834,-0.548,0.537,0.696,1.31,19.84,8.16,R
,109258,420,0,095,-0.40,0.526,0.687,0.17,1891,8.57,R
,1092601,591,0,4095,-0.500,0.48,0.723,10.31,1.26,3.81,R
,1092621,779,0,4095,-0.509,0.45,0.720,6.28,8.7,0.31,R
,1092641,903,0,4095,-0.596,0.54,0.687,0.72,17.06,3.09,R
,1092721,1232,0,4095,-0591,0.50,0.674,-10.46,0.71,14.84,R
,1092751,838,0,3842,-0.84,0.57,0.620,4.16,9.2,6.08,
,1092761,784,0,4095,-0.604,0.57,0.626,9.26,2.1,2.02,
,1092771,999,0,3829,-0.12,0.578,0.620,15.30,-5.84,0.97,R
,1092821,1068,0,4095,-0.545,0.467,0.698,-0.78,17.52,11.52,R
,1092961,1049,0,4095,-0525,0.496,0.656,21.26,13.26,0.58,R
,1092971,1010,0,3829,-0546,0.534,0.647,20.79,947,-2.03,R
,1092981,1008,0,4095,-0560,0.553,0.642,18.24,3.86,-5.43,R
,1093001,985,0,4095,-0.554,0.53,0.651,9.35,-419,-9.2,R
,1093011,993,0,3829,-0.563,0.538,0.651,22.21,-3.06,-9.13,R
,1093041,996,0,4095,-0.573,0.51,0.654,26.15,12.27,-2.59,R
,1093061,995,0,4095,-0.561,0.51,0.662,3.06,13.87,1.10,R
,109308,991,0,4095,-0.600,0.54,0.676,7.29,1021,2.17,R
,1093091,998,0,826,-0.96,0.554,0.684,13.34,5.81,0.58,R
,1093101,987,0,4095,-0.603,0.56,0.677,1.87,1.15,-0.94,R
,109312,988,0,4095,-0.607,0.59,0.648,2.10,-6.45,1.33,R
,109314,982,0,4095,-0.561,0.57,0.609,.12,-7.8,1.85,R
,1093181,970,0,095,-0.500,0.557,0.593,0.77,-8.2,0.51,
,1093191,976,0,3824,-0.08,0.570,0.605,-1.52,-915,-0.3,R
,1093201,970,0,4095,-0.511,0.56,0.598,1.35,-8.37,-0.48,R
,109321,965,0,3829,-0.531,0.57,0.602,0.95,-767,0.36,R
,1093221,965,0,4095,-0.526,0.58,0.625,2.11,-756,-0.39,R
,109326,970,0,4095,-0.548,0.59,0.670,4.62,-0.22,4.78,R
,109327,961,0,3826,-0.538,0.59,0.675,-3.03,-1.35,6.02,R
,1093281,867,0,4095,-0.17,0.58,0.654,4.22,-2.07,5.94,R
,1093291,855,0,3831,-0.518,0.592,0.646,-5.76,-3.90,5.71,R
,109330,865,0,4095,-0.520,0.59,0.651,4.25,-5.35,5.81,R
,109332,704,0,4095,-0.528,0.60,0.644,7.00,-2.76,4.11,R
,1093331,691,0,3828,-0.560,0.59,0.672,7.03,0.39,4.91,R
,109334,670,0,095,-0.564,0.59,0.674,4.42,2.33,5.96,R
,1093361,674,0,4095,-0.569,0.58,0.659,0.98,6.5,7.32,R
,109337,675,0,3827,-0.568,0.57,0.649,1.67,6.1,6.74,R
,109339,651,0,3824,-0.557,0.55,0.629,3.24,6.08,2.92,R
,1093401,816,0,4095,-0.66,0.55,0.623,-3.64,6.37,1.16,R
,109343,816,0,819,-0.575,0.52,0.601,7.24,4.10,0.11,R
,1093451,822,0,3824,-0.56,0.51,0.591,3.30,1.87,0.84,R
,1093461,837,0,4095,-0.47,0.51,0.596,0.37,2.82,0.54,R
,1093471,802,0,3824,-0.49,0.533,0.586,0.62,5.40,0.19,R
,1093491,848,0,3822,-0.67,0.54,0.619,.78,8.82,1.67,R
,1093511,861,0,3824,-0.94,0.56,0.681,.93,10.48,2.55,R
,1093521,869,0,4095,-0.73,0.583,0.675,0.03,10.8,1.06,
,1093531,865,0,3824,-0.590,0.57,0.679,1.39,8.9,-1.05,R
,1093541,867,0,4095,-0.598,0.55,0.690,0.91,4.62,0.17,R
,1093561,870,0,4095,-0.66,0.53,0.656,1.15,1.40,3.33,R
,109357,871,0,3835,-0.561,0.55,0.646,1.43,2.4,4.13,R
,1093581,883,0,095,-0.547,0.561,0.637,-3.36,6.42,4.00,R
,1093591,942,0,3809,-0.59,0.55,0.636,4.54,8.8,3.12,
,1093601,953,0,4095,-0.563,0.55,0.644,3.62,8.59,1.94,R
,1093631,955,0,3824,-0.590,0.60,0.627,9.29,0.2,1.45,R
,1093641,955,0,4095,-0.585,0.60,0.627,11.65,-1.69,1.68,R
,1093651,949,0,3825,-0.75,0.594,0.633,-11.39,-2.24,2.8,R
,1093661,947,0,4095,-0.575,0.59,0.617,10.20,-1.40,4.58,R
,1093671,973,0,827,-0.573,0.583,0.606,-10.20,-.11,5.6,R
,1093681,943,0,4095,-0.556,0.59,0.607,12.51,-0.83,6.14,R
,1093691,946,0,839,-0.566,0.596,0.606,-15.61,-.04,7.36,R
,109370,944,0,095,-0.552,0.572,0.622,-18.51,-2.66,6.97,R
,1093711,947,0,3831,-0.558,0.58,0.617,-20.02,-3.26,6.5,R
,109372,946,0,4095,-0.582,0.57,0.643,19.26,-4.39,7.50,R
,1093731,946,0,3824,-0.68,0.56,0.641,17.99,-5.23,8.68,R
,109374,962,0,4095,-0.553,0.559,0.636,-17.49,-7.12,10.23,R
,109375,966,0,3821,-0.552,0.55,0.677,11.29,-.46,10.75,R
,1093761,977,0,4095,-0.53,0.558,0.632,-16.10,-2.14,11.23,R
,109377,951,0,3830,-0.544,0.54,0.641,17.04,-2.50,9.38,R
,1093781,887,0,4095,-0.548,0.54,0.638,16.83,-.33,9.79,R
,1093811,872,0,3825,-0.42,0.56,0.608,18.17,-10.08,9.29,R
,1093821,883,0,4095,-0.43,0.55,0.630,20.57,-13.50,8.37,R
,1093831,928,0,829,-0.05,0.539,0.635,-24.83,-18.98,6.6,R
,1093841,942,0,4095,-0.92,0.533,0.649,-25.91,-0.88,4.0,R
,1093851,947,0,3823,-0.93,0.53,0.673,-24.02,-20.62,3.65,R
,1093871,926,0,3825,-0.94,0.54,0.697,16.33,-13.20,3.70,R
,1093901,960,0,4095,-0.489,0.52,0.719,12.48,-7.50,-2.29,R
,1093921,945,0,4095,-0.496,0.52,0.698,9.07,-4.80,-2.77,R
,109393,923,0,810,-0.497,0.512,0.707,-10.25,-4.33,-3.4,R
,1093941,939,0,095,-0.92,0.50,0.689,10.81,-3.46,-4.47,R
,1093951,878,0,3825,-0.484,0.48,0.688,10.13,-2.02,-4.97,R
,1093961,890,0,4095,-0.482,0.47,0.700,5.50,0.95,-4.44,R
,1093981,883,0,095,-0.485,0.470,0.668,2.39,6.3,-3.54,R
,1093991,880,0,824,-0.501,0.50,0.663,.21,8.37,-3.22,R
,1094021,858,0,4095,-0.40,0.513,0.696,5.25,9.5,-6.50,R
,1094031,858,0,3825,-0.543,0.50,0.698,.64,8.11,-7.64,R
,1094051,880,0,823,-0.60,0.50,0.719,.87,6.34,-7.60,R
,1094061,811,0,4095,-0.37,0.473,0.724,14.04,7.3,-6.39,R
,109407,822,0,3835,-0.516,0.47,0.709,7.78,14.42,-4.51,R
,1094081,825,0,4095,-0.507,0.45,0.710,23.84,22.18,-3.1,R
,109409,798,0,3829,-0.507,0.450,0.692,29.70,2769,-2.48,R
,1094101,821,0,095,-0.30,0.506,0.660,29.80,31.90,-1.5,R
,1094111,822,0,3828,-0.526,0.49,0.686,3.51,29.47,-4.67,R
,1094121,816,0,4095,-0.28,0.48,0.666,15.63,25.08,-8.9,R
,1094131,838,0,3825,-0.95,0.52,0.674,.61,24.10,-6.39,R
,1094171,848,0,3830,-0.569,0.45,0.852,2.36,0.82,41.71,R
,1094181,833,0,4095,-0.25,0.55,0.803,2.01,11.82,50.95,R
,109419,827,0,3824,-0.523,0.635,0.740,23.58,34.57,55.6,R
,1094201,816,0,095,-0.57,0.69,0.794,0.12,44.21,54.95,R
,109421,809,0,3824,-0.510,0.723,0.776,27.32,44.48,53.29,R
,1094221,721,0,4095,-0.14,0.84,0.700,1.02,36.19,49.65,R
,1094231,556,0,3825,-0.59,0.86,0.691,6.91,14.3,43.18,R
,1094241,571,0,095,-0.68,0.895,0.602,-9.59,-10.92,37.45,R
,1094251,576,0,3827,-0.650,0.89,0.530,21.88,-33.64,38.89,R
,1094271,561,0,3819,-0.29,0.91,0.533,15.55,-26.86,63.12,R
,109428,560,0,4095,-0.549,0.877,0.576,-9.47,-21.58,70.68,R
,1094291,545,0,824,-0.82,0.86,0.560,2.39,-11.58,71.94,R
,109435,539,0,3835,-0.230,0.601,0.441,12.64,-29.99,32.6,R
,1094361,506,0,4095,-0.34,0.56,0.421,0.85,-26.79,28.0,R
,1094371,511,0,3824,-0.82,0.49,0.466,2.35,-16.45,24.07,R
,1094381,526,0,095,-0.93,0.49,0.434,8.61,-7.66,22.19,R
,1094391,506,0,3821,-0.209,0.478,0.429,29.03,1066,25.9,R
,1094401,511,0,4095,-0.263,0.51,0.417,6.04,31.44,28.83,R
,1094441,496,0,4095,-0.39,0.64,0.343,9.90,73.92,23.20,R
,109446,495,0,4095,-0.522,0.690,0.348,49.00,7251,19.49,R
,1094481,501,0,4095,-0.22,0.67,0.435,8.22,82.01,29.29,R
,1094491,495,0,3827,-0.471,0.646,0.462,47.67,95.49,31.90,R
,1094501,493,0,4095,-0.458,0.638,0.451,51.16,10.59,32.89,R
,1094521,497,0,095,-0.41,0.61,0.450,3.41,130.30,32.1,R
,109453,497,0,3837,-0.498,0.636,0.448,50.56,135.82,33.45,R
,1094541,496,0,095,-0.67,0.65,0.438,44.15,13.26,32.55,R
,1094561,502,0,4095,-0.518,0.62,0.423,9.16,111.26,29.56,R
,1094571,533,0,3831,-0.506,0.654,0.397,33.83,10.43,27.55,R
,109458,534,0,095,-0.97,0.63,0.362,0.56,110.39,22.0,R
,109460,541,0,095,-0.77,0.59,0.297,24.96,10.50,3.73,R
,1094611,541,0,3824,-0.89,0.57,0.309,3.06,107.87,-3.9,R
,109462,545,0,4095,-0.51,0.539,0.256,21.86,10.37,-10.48,R
,1094681,558,0,4095,-0.57,0.86,0.293,2.77,118.16,-2258,R
,109469,551,0,3833,-0.837,0.952,0.507,5.96,120.02,-37.72,R
,109470,566,0,4095,-0.95,1.113,0.578,23.96,116.57,-48.32,R
,1094721,742,0,095,-1.62,1.255,0.663,-31.58,20.34,-63.42,R
,109473,833,0,3837,-1.110,1.148,0.606,41.99,9.49,-43.35,R
,1094751,831,0,836,-0.42,0.89,0.474,-1.84,3326,12.10,R
,1094761,720,0,4095,-0.16,0.80,0.407,1.57,66.50,33.56,R
,1094771,620,0,3835,-0.625,0.802,0.297,29.03,86.15,49.61,R
,1094781,745,0,095,-0.86,0.69,0.198,2.86,82.74,48.2,R
,109479,813,0,3825,-0.51,0.674,0.233,18.53,6825,39.61,R
,109480,822,0,095,-0.14,0.63,0.098,1.12,51.14,26.19,R
,1094811,852,0,831,-0.11,0.62,0.066,7.27,41.96,11.4,R
,1094851,839,0,3823,-0.611,0.740,0.020,-20.10,19.57,-18.82,R
,1094861,746,0,4095,-0.54,0.812,0.030,-24.26,15.38,-18.88,R
,109487,754,0,829,-0.89,0.85,0.063,24.97,885,-19.96,R
,1094911,762,0,3830,-0.689,0.860,0.187,-25.96,-.99,-8.48,R
,1094941,791,0,4095,-0.630,0.729,0.223,-22.23,-6.04,-0.84,R
,109495,789,0,3826,-0.21,0.716,0.208,-23.07,-1.89,2.36,R
,109500,749,0,095,-0.23,0.71,0.247,10.77,-10.28,-8.84,R
,109501,742,0,3799,-0.51,0.76,0.266,4.57,-9.20,-9.0,R
,1095021,750,0,095,-0.51,0.76,0.237,3.46,-6.43,-7.02,R
,1095031,717,0,830,-0.48,0.77,0.223,3.32,-350,-4.9,R
,109504,699,0,4095,-0.70,0.77,0.263,0.97,0.63,-1.42,R
,1095051,741,0,3831,-0.668,0.751,0.269,6.13,3.20,1.65,R
,1095061,737,0,4095,-0.62,0.73,0.262,10.19,1.8,2.75,R
,1095131,579,0,3834,-0.623,0.727,0.192,27.38,1.1,-3.34,R
,1095141,601,0,095,-0.19,0.73,0.183,2.30,-007,-3.72,R
,109515,603,0,829,-0.37,0.73,0.136,5.80,-059,-3.74,R
,1095171,619,0,3831,-0.637,0.775,0.160,36.50,0.9,-0.88,R
,109518,612,0,095,-0.12,0.78,0.141,33.63,4.5,0.02,R
,1095221,707,0,095,-0.32,0.74,0.175,1.83,6.1,2.89,R
,1095231,766,0,3831,-0.628,0.771,0.132,33.54,5.81,3.36,R
,1095241,772,0,4095,-0.630,0.767,0.152,3.96,1.82,4.04,
,1095251,779,0,833,-0.28,0.78,0.147,6.68,-231,2.22,R
,1095261,767,0,095,-0.05,0.78,0.130,34.12,-2.91,3.36,R
,1095271,783,0,3833,-0.17,0.80,0.097,8.83,-178,2.02,R
,1095301,650,0,4095,-0.607,0.804,0.100,18.32,2.80,3.93,R
,1095311,656,0,3830,-0.14,0.801,0.105,18.06,1.92,3.45,
,109532,658,0,4095,-0.601,0.787,0.083,7.75,3.03,1.47,R
,109533,669,0,3809,-0.614,0.79,0.068,5.61,6.8,0.43,R
,109534,727,0,4095,-0.24,0.788,0.084,16.09,8.86,-0.13,R
,1095361,886,0,4095,-0.44,0.78,0.074,15.49,7.78,0.25,R
,1095391,938,0,831,-0.31,0.76,0.050,4.09,1.3,-1.31,R
,1095401,935,0,095,-0.32,0.77,0.027,1.06,2.5,0.31,
,1095421,937,0,095,-0.19,0.78,0.035,.79,3.89,2.17,R
,109544,937,0,4095,-0.20,0.801,0.044,-1.14,3.17,3.85,R
,109545,999,0,3824,-0.25,0.809,0.035,-3.29,4.59,3.81,R
,1095461,972,0,4095,-0.27,0.81,0.037,-6.31,3.32,3.27,R
,109547,939,0,3827,-0.634,0.81,0.052,9.01,0.66,2.20,R
,1095501,995,0,4095,-0.628,0.79,0.072,12.69,-.82,0.33,R
,1095511,983,0,827,-0.27,0.779,0.077,-14.60,-8.07,-0.5,R
,1095521,979,0,095,-0.31,0.77,0.075,15.15,-6.05,0.95,R
,1095541,909,0,4095,-0.623,0.75,0.107,10.25,047,5.45,R
,109560,887,0,4095,-0.96,0.77,0.102,-5.09,-10.22,-0.80,R
,109562,883,0,4095,-0.05,0.761,0.114,-5.65,-11.47,-3.96,R
,1095641,876,0,095,-0.15,0.75,0.123,0.30,-189,0.10,R
,1095661,878,0,4095,-0.626,0.768,0.149,4.04,1.70,3.01,R
,109567,893,0,3827,-0.26,0.77,0.147,5.41,0.08,2.87,R
,109569,880,0,3803,-0.13,0.78,0.130,.03,-1.70,1.87,R
,1095721,880,0,4095,-0.19,0.78,0.102,3.98,-6.76,-2.45,R
,1095761,897,0,095,-0.08,0.77,0.095,.41,-0.7,0.74,R
,109578,906,0,4095,-0.02,0.78,0.100,.71,-5.6,-1.64,R
,109579,891,0,3825,-0.01,0.786,0.100,2.57,-8.08,-3.48,R
,1095811,903,0,3835,-0.616,0.796,0.094,-3.01,-2.16,-0.47,R
,1095821,909,0,4095,-0.10,0.79,0.101,-1.93,0.59,1.75,R
,109583,908,0,3829,-0.15,0.78,0.114,0.86,0.79,1.90,
,109585,912,0,824,-0.30,0.79,0.101,0.37,0.47,4.02,R
,109587,866,0,3824,-0.03,0.78,0.095,2.28,-0.51,1.65,R
,109588,893,0,4095,-0.97,0.76,0.111,-1.75,-3.96,-0.73,R
,109589,891,0,3825,-0.98,0.78,0.101,-2.34,-6.16,-1.90,R
,109590,894,0,4095,-0.01,0.78,0.087,2.13,-2.01,-0.0,R
,1095911,905,0,3829,-0.87,0.78,0.087,1.58,3.18,2.84,R
,1095921,909,0,095,-0.78,0.78,0.094,1.67,5.3,2.37,R
,1095931,906,0,824,-0.590,0.790,0.121,-0.84,3.29,0.75,R
,1095951,912,0,3841,-0.10,0.81,0.109,0.59,-1.85,-1.52,R
,1095971,912,0,830,-0.593,0.802,0.102,-3.36,1.31,-1.83,R
,1095981,912,0,4095,-0.614,0.78,0.132,3.01,-045,-2.76,R
,1095991,899,0,3827,-0.630,0.774,0.123,-1.43,-2.31,-1.86,R
,1096001,914,0,4095,-0.32,0.78,0.104,0.22,0.31,-0.21,R
,1096021,925,0,4095,-0.615,0.76,0.103,2.65,5.12,-0.85,R
,1096031,908,0,3827,-0.33,0.75,0.101,3.20,1.18,-2.70,R
,1096061,912,0,4095,-0.40,0.78,0.078,4.40,0.79,-1.38,R
,1096081,923,0,4095,-0.58,0.77,0.113,6.91,-3.06,-1.93,R
,109609,918,0,3834,-0.64,0.77,0.138,5.64,-7.09,-1.66,R
,1096121,912,0,4095,-0.636,0.761,0.118,-4.07,-3.84,2.08,R
,1096141,913,0,4095,-0.597,0.746,0.120,-4.11,1.32,6.13,R
,1096151,881,0,3816,-0.24,0.74,0.160,.33,1.4,5.73,R
,1096161,916,0,095,-0.582,0.754,0.135,1.02,-0.18,3.87,R
,1096171,915,0,3824,-0.83,0.76,0.131,.16,-4.8,2.05,R
,1096191,918,0,3833,-0.50,0.80,0.093,1.22,-5.61,-2.74,R
,109620,912,0,4095,-0.88,0.81,0.135,0.71,-3.70,-2.90,R
,109621,907,0,3827,-0.81,0.81,0.125,.27,-3.93,-1.66,R
,1096221,919,0,4095,-0.72,0.82,0.136,.64,-2.22,-1.58,R
,1096241,912,0,4095,-0.95,0.83,0.158,.04,-2.7,0.52,
,1096261,919,0,095,-0.605,0.815,0.134,-1.18,-1.61,-1.87,R
,109627,916,0,836,-0.618,0.78,0.134,1.44,-172,-2.91,R
,1096301,930,0,4095,-0.648,0.739,0.095,0.24,3.14,-0.24,R
,1096311,922,0,824,-0.656,0.735,0.083,0.99,2.16,-0.21,
,1096321,927,0,4095,-0.48,0.73,0.075,1.06,0.45,-1.31,R
,1096341,922,0,4095,-0.28,0.75,0.085,-1.53,-4.21,-2.64,R
,1096351,927,0,835,-0.601,0.755,0.083,-1.36,-4.56,-2.6,R
,1096361,922,0,095,-0.95,0.781,0.104,-0.80,-2.77,-0.07,R
,1096371,940,0,827,-0.582,0.790,0.119,3.78,-1.41,1.73,
,1096381,922,0,4095,-0.70,0.80,0.148,.97,-0.95,1.50,R
,1096391,938,0,3825,-0.41,0.82,0.155,.96,-4.97,-0.39,R
,1096411,927,0,3826,-0.48,0.84,0.161,2.07,-6.04,-1.98,R
,1096421,903,0,4095,-0.35,0.845,0.157,.19,-3.82,-0.94,R
,1096441,926,0,4095,-0.50,0.82,0.137,.54,5.64,0.34,R
,1096451,925,0,3828,-0.77,0.80,0.127,.28,10.39,1.30,R
,109646,926,0,095,-0.596,0.791,0.114,-1.72,12.79,1.42,R
,1096471,918,0,3829,-0.28,0.78,0.118,4.86,1073,-0.0,R
,1096481,923,0,4095,-0.39,0.69,0.117,5.32,6.85,-2.70,R
,1096511,923,0,3834,-0.96,0.73,0.068,4.46,4.0,-5.08,R
,1096521,925,0,4095,-0.07,0.74,0.047,4.89,4.08,-5.08,R
,1096571,927,0,3828,-0.56,0.76,0.102,5.81,-1.69,-1.55,R
,1096601,929,0,4095,-0.85,0.79,0.145,-4.25,-7.99,-2.4,R
,109661,931,0,3824,-0.74,0.80,0.155,-5.72,-7.85,-1.26,R
,109663,927,0,831,-0.51,0.822,0.190,-8.14,-6.28,-1.0,R
,1096641,923,0,4095,-0.52,0.81,0.196,7.33,-4.86,-0.53,R
,1096651,935,0,3833,-0.59,0.82,0.202,-5.62,-4.33,-0.44,R
,1096661,917,0,095,-0.553,0.814,0.203,-5.39,-4.57,-0.6,R
,1096681,925,0,4095,-0.82,0.78,0.189,8.51,-2.63,-1.52,R
,1096721,930,0,4095,-0.80,0.701,0.109,-10.59,089,1.76,R
,1096741,934,0,4095,-0.19,0.713,0.076,-6.52,-343,0.00,R
,1096751,933,0,3828,-0.725,0.724,0.075,7.39,-6.02,-0.74,R
,1096771,926,0,3829,-0.05,0.73,0.094,-10.42,-0.13,0.55,R
,1096781,924,0,4095,-0.07,0.749,0.119,10.77,-9.76,2.92,R
,1096791,929,0,826,-0.692,0.75,0.140,7.70,-10.31,6.3,R
,109681,928,0,3824,-0.47,0.77,0.172,0.05,-8.63,10.8,R
,109683,928,0,3829,-0.12,0.81,0.222,-0.17,-2.97,14.3,R
,1096861,929,0,4095,-0.31,0.78,0.147,0.51,-0.71,14.46,R
,1096871,927,0,831,-0.09,0.80,0.177,.32,-6.62,9.18,R
,109688,928,0,4095,-0.507,0.804,0.209,4.33,-10.66,7.09,R
,1096901,931,0,4095,-0.53,0.79,0.192,.47,-11.46,1.85,R
,1096911,927,0,831,-0.470,0.79,0.174,4.24,-6.51,0.83,R
,1096931,931,0,3833,-0.87,0.81,0.156,0.10,3.93,-0.16,R
,1096941,931,0,4095,-0.08,0.80,0.183,.86,6.45,-0.65,R
,1096991,918,0,3837,-0.74,0.82,0.142,.20,8.94,-4.51,R
,1097011,873,0,3826,-0.588,0.797,0.122,-0.25,1605,-3.0,R
,1097021,930,0,4095,-0.631,0.797,0.107,-5.41,1889,-1.51,R
,1097031,927,0,3830,-0.18,0.801,0.085,-3.39,1767,-2.15,R
,1097051,935,0,3831,-0.39,0.79,0.089,-6.55,1796,-6.22,R
,109706,935,0,4095,-0.46,0.79,0.083,10.51,13.20,-8.97,R
,1097091,938,0,829,-0.38,0.781,0.095,-21.78,13.75,-3.8,R
,109713,944,0,3826,-0.64,0.77,0.128,18.19,12.71,-3.4,R
,1097161,942,0,095,-0.57,0.76,0.174,-26.40,-3.21,-7.0,R
,1097201,944,0,095,-0.53,0.743,0.203,-24.16,-.01,-4.21,R
,1097211,944,0,3825,-0.56,0.741,0.227,17.82,-7.30,-2.12,R
,109726,947,0,4095,-0.94,0.75,0.250,4.34,-1.51,-0.04,R
,109728,942,0,4095,-0.02,0.74,0.253,-2.26,-14.39,-2.1,R
,1097311,930,0,3837,-0.04,0.76,0.232,.18,-14.56,-2.1,R
,1097351,926,0,3802,-0.96,0.756,0.232,9.03,-1341,-1.66,R
,109736,920,0,095,-0.584,0.750,0.228,11.41,-13.56,-3.5,R
,109737,918,0,3829,-0.584,0.74,0.247,3.05,-11.66,-4.1,R
,109738,912,0,4095,-0.01,0.74,0.237,16.32,-853,-3.83,R
,1097391,912,0,3831,-0.12,0.73,0.245,9.03,-6.11,-2.2,R
,1097401,928,0,4095,-0.04,0.750,0.225,20.71,-468,-2.10,R
,1097411,937,0,826,-0.622,0.756,0.212,1.99,-0.65,-1.14,R
,1097431,931,0,3825,-0.28,0.77,0.184,24.57,0.9,0.17,R
,1097451,931,0,834,-0.25,0.787,0.153,18.86,-260,-4.50,R
,1097481,930,0,095,-0.618,0.791,0.136,.75,-9.84,-9.46,R
,109749,927,0,3823,-0.622,0.78,0.144,.44,-10.74,-9.0,R
,1097501,921,0,095,-0.23,0.780,0.139,5.23,-8.2,-7.81,R
,1097531,918,0,825,-0.615,0.763,0.158,.25,-6.27,-6.87,R
,1097561,906,0,4095,-0.42,0.76,0.160,3.49,-6.60,-7.4,R
,1097571,927,0,828,-0.48,0.76,0.172,4.19,-5.75,-6.4,R
,1097581,915,0,095,-0.55,0.78,0.167,5.39,-375,-3.63,R
,109761,913,0,3831,-0.45,0.753,0.204,-3.17,-454,-3.72,R
,1097621,913,0,4095,-0.34,0.74,0.208,1.09,-6.13,-2.7,R
,109763,917,0,3827,-0.30,0.76,0.186,0.20,-2.56,-0.59,R
,1097641,917,0,4095,-0.16,0.75,0.196,0.26,0.95,1.59,
,109766,926,0,4095,-0.613,0.744,0.208,-0.30,-065,-1.51,R
,1097671,917,0,3824,-0.29,0.76,0.195,.38,-2.30,-1.52,R
,1097711,910,0,3827,-0.17,0.74,0.218,1.74,-0.4,-2.55,R
,1097721,905,0,4095,-0.622,0.755,0.213,3.66,-3.6,-4.07,R
,109782,911,0,095,-0.53,0.73,0.176,-5.12,-101,-2.55,R
,1097841,912,0,095,-0.655,0.730,0.156,3.35,-1.29,-0.5,R
,109785,914,0,3829,-0.649,0.73,0.154,4.59,-024,-1.43,R
,109786,912,0,4095,-0.646,0.724,0.156,-6.37,-1.93,-3.32,R
,1097881,907,0,4095,-0.49,0.749,0.172,5.09,-0.91,-2.2,R
,1097891,910,0,829,-0.36,0.74,0.177,-3.91,1.5,0.00,R
,109791,913,0,834,-0.04,0.756,0.205,-4.71,3.14,1.58,R
,1097931,915,0,827,-0.96,0.77,0.212,3.06,1.0,1.64,R
,1097971,912,0,3825,-0.15,0.76,0.220,2.31,0.79,0.31,
,109800,912,0,4095,-0.58,0.73,0.217,0.86,-1.40,-2.5,R
,1098051,906,0,3833,-0.64,0.72,0.222,.14,-10.21,-4.1,R
,109807,923,0,3826,-0.58,0.742,0.223,8.16,-5.6,-0.59,R
,109810,915,0,4095,-0.23,0.74,0.245,7.58,-8.2,-1.35,R
,1098131,921,0,825,-0.89,0.74,0.221,.73,-3.53,0.69,
,1098141,913,0,095,-0.89,0.74,0.231,.35,-2.2,1.27,R
,109818,911,0,4095,-0.10,0.75,0.183,3.58,0.71,-1.05,R
,1098191,913,0,824,-0.32,0.75,0.195,.14,-1.5,-1.52,R
,1098201,912,0,095,-0.33,0.75,0.178,5.95,-1.5,-0.36,R
,1098211,913,0,3827,-0.624,0.752,0.148,5.61,0.36,-0.85,R
,1098221,912,0,4095,-0.39,0.74,0.160,.35,-0.3,-2.30,R
,109823,913,0,3827,-0.72,0.76,0.138,.86,1.40,-0.71,
,109824,912,0,095,-0.72,0.75,0.152,.57,3.87,2.17,R
,109828,918,0,4095,-0.64,0.76,0.157,.07,-0.10,2.84,
,109829,912,0,3824,-0.40,0.767,0.141,1.83,-0.97,1.85,R
,1098321,919,0,4095,-0.636,0.760,0.183,-0.74,-3.23,-0.42,R
,1098331,913,0,831,-0.27,0.75,0.185,.12,-0.8,0.77,R
,1098341,912,0,095,-0.23,0.76,0.196,0.54,0.1,0.77,R
,109835,915,0,3829,-0.637,0.768,0.216,-1.47,-0.66,1.00,R
,1098361,918,0,4095,-0.627,0.768,0.210,-0.28,0.45,2.36,R
,109837,927,0,3826,-0.620,0.765,0.198,.18,2.24,3.71,R
,1098391,911,0,3826,-0.616,0.756,0.212,-2.19,-1.27,0.86,R
,109840,928,0,4095,-0.18,0.76,0.198,3.03,-172,1.18,R
,1098411,917,0,827,-0.15,0.76,0.183,2.86,1.1,3.09,R
,1098421,915,0,095,-0.14,0.75,0.200,3.65,3.4,2.97,R
,109843,917,0,803,-0.15,0.75,0.200,-5.01,0.45,1.36,R
,109845,912,0,3838,-0.640,0.750,0.218,-2.45,-4.39,-0.59,R
,1098461,913,0,4095,-0.632,0.76,0.180,-1.15,-094,0.80,R
,1098471,915,0,834,-0.32,0.74,0.182,3.03,2.9,2.40,R
,109848,915,0,4095,-0.28,0.74,0.193,4.16,1.6,1.96,
,109849,914,0,3838,-0.33,0.734,0.217,-2.37,-0.60,1.56,R
,1098501,912,0,4095,-0.35,0.744,0.213,1.61,-2.05,1.01,R
,109851,914,0,3827,-0.26,0.757,0.204,1.54,-3.90,0.29,R
,109854,912,0,095,-0.31,0.74,0.215,-2.13,-1.98,-1.02,R
,1098571,917,0,834,-0.43,0.75,0.203,.96,0.5,1.47,R
,1098581,913,0,095,-0.31,0.75,0.200,.54,2.99,1.79,R
,1098601,912,0,4095,-0.653,0.749,0.211,0.27,-3.30,-1.52,R
,1098611,915,0,3824,-0.655,0.752,0.188,3.03,-2.79,-0.41,R
,1098621,914,0,4095,-0.635,0.755,0.183,3.70,-0.45,1.21,R
,109863,921,0,3829,-0.19,0.74,0.180,.37,0.25,0.83,R
,109868,933,0,4095,-0.20,0.75,0.205,1.83,-2.34,-1.54,R
,1098721,921,0,4095,-0.20,0.77,0.215,.75,-2.8,-0.39,R
,109873,916,0,3833,-0.25,0.771,0.223,2.18,-1.85,0.74,R
,109874,916,0,4095,-0.13,0.76,0.210,3.00,-1.87,2.49,R
,1098751,916,0,827,-0.08,0.76,0.208,3.06,-1.06,2.10,R
,1098761,914,0,4095,-0.606,0.759,0.209,2.85,-1.59,1.09,R
,1098771,915,0,3831,-0.604,0.75,0.206,.76,-4.1,-0.73,R
,109878,915,0,4095,-0.04,0.75,0.198,.74,-4.9,-1.35,R
,1098801,912,0,4095,-0.10,0.75,0.206,.67,-2.9,-1.35,R
,1098811,915,0,831,-0.16,0.75,0.200,.92,-3.6,-2.47,R
,109882,919,0,4095,-0.29,0.76,0.206,.41,-4.2,-2.55,R
,1098831,912,0,3830,-0.47,0.761,0.165,2.79,-1.21,-0.80,R
,109885,913,0,3823,-0.24,0.75,0.189,2.25,0.08,-0.36,
,1098861,911,0,4095,-0.37,0.752,0.201,0.09,-2.40,-1.87,R
,109888,910,0,4095,-0.48,0.76,0.177,3.78,0.11,1.87,R
,109890,925,0,4095,-0.31,0.76,0.183,2.01,2.18,2.17,R
,1098911,918,0,823,-0.44,0.75,0.194,.95,-0.88,0.87,R
,109892,912,0,4095,-0.45,0.76,0.185,.02,-2.77,1.03,R
,109893,910,0,3830,-0.31,0.75,0.162,2.94,-2.07,1.45,R
,109894,912,0,4095,-0.16,0.74,0.162,.82,-1.93,0.68,R
,1098951,924,0,3824,-0.26,0.750,0.175,-1.09,-2.05,-0.99,R
,1098991,912,0,833,-0.37,0.76,0.210,0.09,2.45,1.90,R
,109901,911,0,836,-0.24,0.76,0.213,.10,-3.8,0.45,
,1099051,912,0,3830,-0.606,0.755,0.189,-1.55,-1.47,2.04,R
,109906,912,0,4095,-0.10,0.75,0.191,-3.10,-3.61,0.33,R
,1099081,907,0,4095,-0.16,0.75,0.196,1.53,-0.86,0.83,R
,1099111,908,0,3833,-0.39,0.766,0.217,0.15,-1.05,0.17,
,109912,912,0,4095,-0.23,0.76,0.201,-0.97,-1.72,0.89,R
,109913,912,0,3825,-0.18,0.76,0.199,1.38,-025,0.25,R
,109914,906,0,4095,-0.35,0.76,0.180,-0.46,0.47,1.10,R
,109915,906,0,3831,-0.19,0.75,0.198,.20,-1.90,1.23,R
,109916,907,0,4095,-0.14,0.75,0.209,.71,-0.1,-0.27,R
,109917,902,0,826,-0.19,0.76,0.195,.69,-0.4,-0.21,R
,1099181,912,0,4095,-0.21,0.76,0.190,0.18,-0.76,0.02,R
,109919,921,0,3840,-0.12,0.76,0.207,0.26,-152,-1.32,R
,1099211,909,0,3826,-0.15,0.76,0.205,-0.13,-1.99,-1.28,R
,1099241,912,0,4095,-0.17,0.754,0.228,1.08,0.28,-0.62,
,109925,910,0,3829,-0.26,0.756,0.227,2.93,0.63,0.23,R
,109926,911,0,4095,-0.10,0.75,0.211,.03,0.65,0.29,R
,1099271,912,0,3831,-0.12,0.76,0.211,1.03,1.75,0.05,R
,1099281,909,0,4095,-0.614,0.76,0.207,.60,1.6,-0.01,R
,1099291,911,0,833,-0.15,0.76,0.198,.45,0.68,-0.30,R
,109930,908,0,4095,-0.21,0.759,0.193,0.22,-112,-0.61,R
,1099331,877,0,3837,-0.26,0.76,0.190,-1.73,-1.43,-0.7,R
,1099341,909,0,4095,-0.627,0.76,0.194,1.38,-039,-0.27,R
,109936,912,0,4095,-0.29,0.762,0.202,1.35,1.44,1.32,R
,1099371,911,0,841,-0.625,0.76,0.189,.32,0.91,0.84,R
,1099381,912,0,4095,-0.631,0.764,0.187,.88,0.3,1.13,R
,1099391,912,0,3830,-0.625,0.764,0.189,0.93,0.45,1.59,R
,1099401,909,0,4095,-0.618,0.764,0.181,.91,1.1,1.35,R
,109941,906,0,3835,-0.20,0.768,0.181,.24,1.29,1.09,R
,1099421,903,0,4095,-0.613,0.758,0.202,.39,1.3,1.71,R
,1099431,906,0,3832,-0.21,0.77,0.195,.96,5.32,3.67,R
,1099451,847,0,3827,-0.06,0.76,0.206,0.35,2.47,2.42,R
,109946,909,0,4095,-0.21,0.77,0.211,-0.25,0.01,1.59,
,109947,912,0,3838,-0.22,0.75,0.193,.16,0.66,3.50,R
,1099491,909,0,837,-0.04,0.76,0.199,.94,7.37,6.31,R
,1099501,887,0,4095,-0.12,0.76,0.192,-0.30,4.48,4.80,
,109954,905,0,4095,-0.15,0.76,0.193,-1.84,2.10,2.65,
,1099551,906,0,3823,-0.621,0.751,0.216,2.54,1.9,2.11,R
,1099561,905,0,4095,-0.22,0.758,0.219,-1.44,-178,1.47,R
,1099581,903,0,4095,-0.18,0.76,0.204,0.53,1.24,3.10,R
,1099591,905,0,3829,-0.00,0.762,0.210,-1.52,0.7,1.94,R
,1099601,909,0,4095,-0.08,0.75,0.215,-3.87,-1.29,-0.3,R
,1099611,911,0,831,-0.27,0.76,0.219,-3.70,-3.89,-1.1,R
,1099621,905,0,4095,-0.26,0.76,0.206,-1.90,-236,0.08,R
,1099651,902,0,3835,-0.30,0.74,0.205,3.32,0.34,0.86,
,1099661,907,0,4095,-0.34,0.74,0.205,-0.71,-163,1.18,R
,1099681,905,0,4095,-0.09,0.751,0.195,1.40,-2.34,-0.36,R
,109970,899,0,4095,-0.23,0.76,0.185,1.44,-1.32,-1.2,R
,109971,905,0,3834,-0.23,0.76,0.191,0.60,2.11,1.06,R
,109972,903,0,4095,-0.23,0.76,0.194,0.77,2.85,1.78,R
,109975,900,0,3835,-0.20,0.76,0.197,.20,-2.08,1.21,R
,1099761,912,0,4095,-0.11,0.76,0.186,3.60,0.11,2.42,R
,109977,917,0,3827,-0.00,0.75,0.187,.57,1.60,3.32,R
,109978,895,0,4095,-0.02,0.75,0.197,.28,1.72,3.30,R
,109980,910,0,4095,-0.00,0.77,0.208,.07,-0.24,1.12,
,1099811,909,0,3829,-0.03,0.78,0.200,2.97,-1.30,0.46,
,1099831,908,0,3836,-0.16,0.77,0.203,.94,-0.89,1.76,R
,109985,907,0,3833,-0.16,0.78,0.196,.57,1.46,4.66,R
,1099861,911,0,4095,-0.07,0.77,0.198,.51,1.64,5.75,R
,109988,907,0,4095,-0.95,0.77,0.185,.89,0.3,5.36,R
,109989,910,0,3833,-0.96,0.77,0.178,.12,0.56,6.14,R
,1099911,906,0,3825,-0.95,0.77,0.187,.28,-1.58,4.49,R
,109995,912,0,3830,-0.608,0.776,0.194,-0.20,0.13,6.04,R
,109997,899,0,3831,-0.15,0.78,0.194,.52,-1.23,6.33,R
,1099981,898,0,4095,-0.92,0.78,0.183,4.22,-1.20,6.34,
,1100001,912,0,4095,-0.78,0.788,0.189,2.48,0.7,4.98,R
,1100021,914,0,4095,-0.63,0.78,0.193,4.30,3.76,5.94,R
,1100031,916,0,3833,-0.61,0.787,0.187,4.36,4.57,5.18,R
,1100041,905,0,4095,-0.59,0.79,0.189,.61,3.69,3.70,R
,1100051,907,0,3834,-0.66,0.79,0.193,.29,3.09,2.55,R
,110006,924,0,095,-0.568,0.79,0.191,1.74,3.09,1.50,R
,1100081,911,0,095,-0.575,0.791,0.196,1.63,3.53,0.29,R
,1100101,907,0,4095,-0.602,0.796,0.178,-0.60,4.2,0.60,R
,1100111,907,0,838,-0.608,0.804,0.174,2.83,2.53,-0.30,R
,110013,907,0,3834,-0.20,0.79,0.181,2.37,1.44,0.55,R
,1100151,907,0,806,-0.12,0.77,0.178,-1.75,4.66,2.54,
,1100161,901,0,4095,-0.17,0.76,0.181,2.69,3.0,1.99,R
,1100181,902,0,4095,-0.09,0.75,0.183,3.67,1.11,0.28,R
,1100211,899,0,3833,-0.09,0.77,0.194,5.00,1.76,-0.97,R
,1100231,908,0,831,-0.610,0.792,0.198,3.85,0.13,-0.58,R
,1100241,909,0,4095,-0.14,0.79,0.213,-4.65,-1.63,-0.7,R
,1100251,906,0,3835,-0.15,0.79,0.207,5.49,-3.21,-1.81,R
,1100261,909,0,4095,-0.21,0.78,0.218,5.53,-3.96,-1.96,R
,1100281,915,0,4095,-0.17,0.76,0.208,3.93,-2.74,-1.00,R
,1100291,915,0,827,-0.22,0.750,0.202,3.01,-1.90,0.39,R
,110031,912,0,828,-0.12,0.75,0.186,.46,-1.34,0.60,R
,1100321,909,0,095,-0.03,0.750,0.187,2.97,-3.29,-0.25,R
,1100331,912,0,3830,-0.597,0.754,0.181,2.91,-5.05,-2.09,R
,1100341,917,0,4095,-0.96,0.76,0.169,.77,-5.41,-3.17,R
,1100351,912,0,3833,-0.01,0.77,0.180,.06,-4.89,-3.22,R
,1100361,911,0,4095,-0.96,0.77,0.187,.09,-3.75,-2.42,R
,1100371,912,0,3830,-0.97,0.78,0.203,.93,-3.47,-2.35,R
,1100381,908,0,4095,-0.03,0.79,0.217,.38,-3.95,-2.25,R
,1100411,908,0,3837,-0.05,0.78,0.207,.05,-5.20,-1.55,R
,1100421,906,0,4095,-0.10,0.78,0.200,.41,-5.61,-1.29,R
,110043,906,0,3828,-0.606,0.77,0.183,.39,-4.62,-0.87,R
,110044,905,0,4095,-0.606,0.779,0.166,6.83,-3.5,0.02,R
,1100461,905,0,095,-0.05,0.786,0.173,5.51,-1.9,-1.25,R
,1100491,902,0,3827,-0.81,0.79,0.165,.90,-5.84,-1.35,R
,110053,906,0,3831,-0.560,0.815,0.174,2.22,-0.6,0.91,R
,1100541,912,0,4095,-0.69,0.82,0.204,.30,0.41,1.32,R
,1100561,912,0,095,-0.54,0.806,0.192,0.89,-0.94,0.75,R
,1100571,917,0,3834,-0.52,0.80,0.175,3.14,-2.08,-0.85,R
,1100581,907,0,095,-0.569,0.796,0.171,4.05,-2.68,-2.19,R
,110059,927,0,3831,-0.568,0.784,0.166,-5.58,-306,-2.47,R
,1100621,922,0,095,-0.616,0.782,0.156,9.88,0.66,-1.08,R
,1100631,912,0,3825,-0.35,0.78,0.178,-10.30,008,-0.87,R
,1100671,911,0,3829,-0.34,0.78,0.195,10.40,-6.04,1.5,R
,1100681,912,0,4095,-0.16,0.75,0.204,10.37,-7.47,1.6,R
,1100701,912,0,4095,-0.99,0.76,0.208,-8.92,-227,5.71,R
,1100721,911,0,095,-0.92,0.76,0.233,-2.89,-268,6.62,R
,110074,912,0,4095,-0.578,0.776,0.248,-4.16,-6.24,2.58,R
,1100761,906,0,095,-0.77,0.78,0.245,-2.78,-917,1.79,R
,1100791,905,0,827,-0.66,0.76,0.246,.35,-5.00,3.50,R
,110080,896,0,4095,-0.542,0.778,0.243,5.08,-3.66,3.16,R
,1100821,907,0,4095,-0.53,0.79,0.219,5.09,-2.5,-0.50,R
,1100831,890,0,3830,-0.41,0.81,0.229,4.13,-5.9,-3.06,R
,1100851,892,0,3836,-0.70,0.82,0.216,2.28,-7.18,-5.4,R
,1100861,902,0,4095,-0.72,0.81,0.228,2.92,-8.08,-4.6,R
,1100881,896,0,095,-0.87,0.77,0.230,1.17,-1.35,0.71,R
,110089,878,0,831,-0.84,0.76,0.229,0.18,-0.2,2.17,
,110090,895,0,4095,-0.584,0.764,0.215,0.24,0.0,1.29,R
,1100911,910,0,3846,-0.81,0.76,0.214,0.33,-083,-0.25,R
,1100921,906,0,4095,-0.83,0.77,0.208,0.94,-2.04,-2.2,R
,110093,891,0,3831,-0.79,0.77,0.200,3.18,-324,-4.0,R
,1100941,895,0,4095,-0.91,0.78,0.201,-4.45,-298,-4.15,R
,1100951,889,0,834,-0.93,0.78,0.208,-3.97,-117,-3.38,R
,1100971,891,0,3833,-0.01,0.77,0.229,4.48,0.76,-1.02,R
,1100991,893,0,828,-0.94,0.76,0.233,2.97,-0.56,-0.2,R
,1101001,895,0,4095,-0.591,0.77,0.227,-3.73,-071,-0.5,R
,1101011,891,0,3830,-0.592,0.77,0.236,5.27,-1.73,-1.3,R
,1101041,885,0,095,-0.90,0.77,0.234,3.64,5.64,5.61,R
,110105,886,0,838,-0.84,0.76,0.250,3.33,5.18,6.74,R
,110106,883,0,095,-0.00,0.78,0.247,2.63,3.3,7.35,
,1101111,902,0,834,-0.18,0.78,0.232,.99,2.07,10.46,
,110114,855,0,095,-0.04,0.78,0.209,4.13,4.3,11.62,
,1101151,897,0,841,-0.99,0.781,0.213,5.12,0.5,10.54,R
,1101161,893,0,4095,-0.04,0.80,0.201,.29,0.28,9.99,R
,1101181,895,0,095,-0.81,0.78,0.187,7.93,2.1,11.12,R
,110119,880,0,845,-0.73,0.78,0.189,.66,2.51,10.11,
,1101221,933,0,095,-0.79,0.79,0.203,.12,-3.12,6.48,
,1101231,935,0,831,-0.70,0.80,0.201,.83,-3.09,5.71,R
,110124,937,0,095,-0.74,0.802,0.215,-2.51,-234,4.98,R
,110125,937,0,835,-0.76,0.80,0.220,5.58,-0.54,5.29,R
,1101261,939,0,4095,-0.581,0.789,0.233,-6.57,2.7,6.81,R
,1101271,914,0,3836,-0.82,0.78,0.238,6.23,3.66,8.08,R
,110128,902,0,4095,-0.580,0.780,0.245,-5.50,3.47,8.17,R
,110129,896,0,829,-0.92,0.78,0.237,6.62,3.57,9.09,R
,1101301,898,0,4095,-0.63,0.79,0.231,6.59,-0.21,6.87,R
,1101311,912,0,3839,-0.73,0.78,0.244,7.36,0.51,5.58,R
,110132,917,0,4095,-0.62,0.79,0.230,5.81,0.01,5.33,R
,1101341,922,0,4095,-0.554,0.799,0.236,-6.42,2.92,5.91,R
,1101351,919,0,3835,-0.548,0.799,0.244,-5.96,2.2,6.25,R
,1101371,961,0,3839,-0.50,0.80,0.239,2.98,3.15,6.42,
,110138,957,0,4095,-0.546,0.800,0.239,-2.51,1.3,5.62,R
,110139,961,0,843,-0.49,0.79,0.248,2.22,-0.97,4.80,R
,1101461,933,0,4095,-0.529,0.807,0.241,4.71,-1.9,2.11,R
,1101471,956,0,831,-0.23,0.80,0.249,.50,-1.58,1.36,
,1101481,958,0,4095,-0.536,0.825,0.249,4.36,-0.47,1.61,R
,1101491,960,0,3837,-0.523,0.812,0.242,5.48,-1.6,2.22,R
,110150,948,0,4095,-0.21,0.815,0.232,5.54,0.1,2.72,R
,110151,949,0,3827,-0.27,0.80,0.241,5.95,0.6,3.70,R
,1101521,947,0,095,-0.26,0.81,0.213,.41,0.9,4.25,R
,110154,949,0,095,-0.36,0.80,0.207,.38,3.21,4.10,R
,1101551,945,0,3819,-0.34,0.81,0.213,.68,2.4,3.53,R
,1101561,941,0,095,-0.41,0.80,0.200,.67,2.86,2.68,R
,110157,926,0,3840,-0.48,0.81,0.194,.92,2.21,2.23,R
,1101581,939,0,4095,-0.51,0.82,0.190,.36,1.23,2.34,R
,1101611,946,0,3839,-0.38,0.83,0.182,.25,4.0,4.49,R
,1101621,951,0,4095,-0.41,0.83,0.181,.67,4.63,5.38,R
,1101641,970,0,4095,-0.535,0.828,0.188,7.25,4.54,4.52,R
,1101651,955,0,838,-0.35,0.83,0.188,.90,4.1,3.30,R
,1101661,955,0,4095,-0.30,0.83,0.196,.88,2.4,2.05,R
,1101681,951,0,4095,-0.531,0.834,0.193,1.77,-0.01,-0.99,R
,110169,925,0,3830,-0.30,0.83,0.191,0.96,0.5,-1.22,R
,1101731,951,0,3837,-0.34,0.83,0.202,2.48,3.7,-0.41,R
,110174,967,0,4095,-0.40,0.83,0.199,-3.17,2.05,-1.17,R
,1101751,939,0,836,-0.34,0.83,0.199,-3.07,0.59,-1.90,R
,1101771,942,0,3839,-0.531,0.818,0.193,-5.26,1.76,-1.90,R
,110178,957,0,095,-0.34,0.81,0.193,5.81,4.9,-1.17,R
,1101791,959,0,840,-0.37,0.80,0.207,5.18,5.17,-0.29,R
,1101801,960,0,095,-0.28,0.80,0.206,5.65,4.1,-0.39,R
,110181,959,0,3829,-0.26,0.81,0.211,-5.38,3.03,-1.37,R
,1101851,959,0,838,-0.51,0.82,0.235,-4.14,4.08,0.28,R
,110187,944,0,3838,-0.57,0.81,0.239,2.08,3.64,0.42,R
,1101891,970,0,840,-0.49,0.81,0.220,1.44,-004,-3.42,R
,1101931,960,0,833,-0.554,0.816,0.220,-5.39,-1.06,-6.65,R
,1101941,967,0,4095,-0.558,0.815,0.220,-4.57,-0.80,-5.37,R
,1101951,959,0,3835,-0.55,0.81,0.227,-4.36,-0.95,-4.13,R
,1101981,950,0,4095,-0.43,0.80,0.211,-5.38,-1.12,-4.45,R
,1101991,951,0,3835,-0.42,0.79,0.215,6.19,-159,-4.70,R
,1102011,963,0,3835,-0.59,0.78,0.209,3.18,1.6,-4.33,R
,1102041,957,0,4095,-0.553,0.803,0.199,-3.87,0.53,-6.39,R
,1102051,950,0,3839,-0.565,0.808,0.207,-4.23,1.86,-6.27,R
,110206,959,0,4095,-0.54,0.80,0.208,4.16,1.3,-6.12,R
,110210,947,0,095,-0.53,0.83,0.215,4.07,-3.26,-13.23,R
,1102111,946,0,826,-0.60,0.84,0.219,6.95,-5.73,-16.7,R
,110212,951,0,095,-0.76,0.83,0.208,10.28,-.08,-17.49,R
,1102161,943,0,4095,-0.536,0.799,0.234,-11.32,2.79,-16.35,R
,110218,958,0,095,-0.28,0.81,0.232,12.43,3.53,-19.2,R
,1102191,958,0,3835,-0.46,0.812,0.223,-15.67,3.55,-21.87,R
,1102211,949,0,3839,-0.551,0.813,0.237,-22.31,2.15,-24.29,R
,1102241,950,0,4095,-0.556,0.776,0.217,-25.07,11.35,-19.55,R
,1102251,944,0,3840,-0.541,0.786,0.187,-20.95,17.93,-17.71,R
,1102261,934,0,095,-0.569,0.795,0.201,-19.32,25.86,-15.20,R
,1102271,938,0,835,-0.580,0.784,0.217,-18.81,28.57,-15.98,R
,110228,949,0,095,-0.79,0.77,0.221,26.11,2.89,-1897,R
,1102291,950,0,831,-0.06,0.76,0.243,33.53,2.59,-2180,R
,1102301,944,0,095,-0.443,0.841,0.206,-31.15,34.59,-27.16,R
,1102311,933,0,3819,-0.04,0.72,0.301,25.97,2.09,-22.27,R
,1102321,960,0,4095,-0.42,0.697,0.281,-18.55,32.34,-16.42,R
,1102361,951,0,4095,-0.672,0.736,0.262,-19.23,37.06,-18.67,R
,110237,958,0,3827,-0.94,0.71,0.271,24.10,2.72,-2259,R
,110239,960,0,3835,-0.04,0.69,0.239,18.28,22.31,-22.84,R
,1102411,954,0,3835,-0.09,0.68,0.213,9.76,21.64,-18.77,R
,1102431,947,0,3829,-0.02,0.69,0.192,-6.45,27.57,-15.08,R
,1102471,939,0,3829,-0.710,0.739,0.248,-10.94,4.45,-22.27,R
,1102481,958,0,4095,-0.03,0.739,0.263,-17.35,1.17,-25.02,R
,1102491,935,0,829,-0.712,0.700,0.287,-19.99,-2.50,-24.65,R
,1102501,944,0,4095,-0.06,0.67,0.289,-18.20,-2.10,-21.02,R
,110251,943,0,3813,-0.14,0.67,0.258,12.69,2.19,-15.89,R
,110252,943,0,095,-0.706,0.660,0.264,-7.62,7.35,-12.82,R
,1102531,943,0,825,-0.692,0.675,0.241,-8.11,7.89,-12.84,R
,1102541,949,0,4095,-0.98,0.67,0.245,12.49,6.80,-13.49,R
,1102551,949,0,3827,-0.09,0.68,0.244,16.01,541,-13.48,R
,1102561,953,0,4095,-0.09,0.68,0.249,16.97,5.18,-11.48,R
,1102581,959,0,4095,-0.05,0.67,0.254,19.15,0.66,-12.03,R
,110259,957,0,3826,-0.06,0.66,0.253,22.01,-2.94,-12.65,R
,1102611,960,0,827,-0.71,0.62,0.246,22.04,-.70,-10.85,R
,110262,953,0,4095,-0.63,0.62,0.241,19.58,-5.69,-8.85,R
,110264,944,0,4095,-0.62,0.63,0.268,20.43,-.34,-8.93,R
,1102651,933,0,3827,-0.69,0.64,0.272,21.99,-.43,-10.21,R
,1102661,930,0,4095,-0.680,0.657,0.297,-21.04,-7.44,-9.9,R
,110267,944,0,3829,-0.92,0.67,0.315,-17.73,-7.30,-9.9,R
,1102681,940,0,4095,-0.94,0.68,0.325,16.22,-6.59,-8.70,R
,1102721,939,0,095,-0.695,0.64,0.349,14.88,-11.14,-971,R
,1102731,944,0,3828,-0.91,0.63,0.343,-12.75,-8.74,-9.25,R
,1102751,940,0,829,-0.700,0.63,0.334,10.17,-4.76,-11.61,R
,1102761,940,0,4095,-0.706,0.638,0.317,-10.11,-4.63,-1192,R
,1102781,939,0,4095,-0.23,0.62,0.312,11.78,-3.44,-12.33,R
,1102791,944,0,3824,-0.33,0.61,0.319,-9.76,-3.34,-11.4,R
,1102811,943,0,3819,-0.40,0.61,0.303,-4.36,-6.25,-7.4,R
,1102821,941,0,4095,-0.738,0.625,0.305,5.65,-744,-7.3,R
,1102831,959,0,3825,-0.49,0.62,0.302,-7.00,-7.37,-6.04,R
,1102861,922,0,4095,-0.57,0.62,0.299,-8.22,-8.24,-3.54,R
,1102881,943,0,4095,-0.42,0.627,0.319,-7.41,-13.44,-0.2,R
,110290,903,0,4095,-0.46,0.63,0.310,2.78,-13.26,2.55,R
,1102931,923,0,834,-0.705,0.613,0.285,4.22,-19.72,3.30,R
,1102941,938,0,095,-0.698,0.604,0.273,-4.78,-17.79,4.1,R
,110295,935,0,856,-0.697,0.610,0.284,-4.98,-16.10,3.79,R
,1102981,943,0,095,-0.90,0.60,0.372,12.37,-18.76,0.10,R
,110299,935,0,3822,-0.78,0.61,0.393,11.10,-17.81,1.03,R
,1103011,937,0,3826,-0.49,0.624,0.389,-1.35,-14.08,5.7,R
,110302,912,0,4095,-0.64,0.65,0.384,1.73,-1.61,4.29,R
,110304,944,0,4095,-0.75,0.68,0.369,-4.98,-13.26,-0.7,R
,1103051,947,0,3831,-0.82,0.70,0.355,-9.73,-12.19,-2.41,R
,1103061,935,0,4095,-0.71,0.65,0.354,11.61,-3.70,-5.26,R
,1103071,942,0,3823,-0.65,0.64,0.346,16.52,-3.73,-6.58,R
,1103081,943,0,4095,-0.50,0.60,0.358,16.22,-14.88,-6.25,R
,1103091,943,0,3824,-0.42,0.589,0.374,-16.66,-13.14,-4.70,R
,110311,942,0,3829,-0.640,0.589,0.409,11.68,-.04,-0.9,R
,110312,941,0,095,-0.660,0.60,0.416,6.59,-3.99,1.88,R
,1103131,898,0,3826,-0.68,0.64,0.399,3.47,-0.51,3.81,R
,110314,929,0,095,-0.690,0.66,0.394,-2.86,1.18,5.29,R
,1103161,935,0,4095,-0.82,0.67,0.343,-5.32,-1.37,4.86,R
,110319,912,0,3834,-0.678,0.633,0.350,-10.59,-8.30,-1.84,R
,1103201,912,0,4095,-0.71,0.60,0.370,-12.60,-11.08,-3.61,R
,1103211,919,0,825,-0.680,0.601,0.379,-13.91,-12.85,-459,R
,110326,919,0,4095,-0.12,0.58,0.433,6.94,-8.34,-0.18,R
,1103301,924,0,4095,-0.36,0.60,0.475,-10.43,-11.95,1.35,R
,1103311,891,0,827,-0.37,0.595,0.486,-11.76,-18.57,0.6,R
,1103331,928,0,836,-0.715,0.588,0.516,-15.07,-30.56,-271,R
,1103351,933,0,3830,-0.80,0.58,0.492,15.39,-7.95,-3.16,R
,1103391,903,0,837,-0.55,0.568,0.475,-6.80,-3.71,3.29,R
,110340,913,0,4095,-0.670,0.576,0.472,3.29,-2.88,6.72,R
,1103421,927,0,4095,-0.72,0.57,0.455,5.81,-25.75,10.1,R
,1103431,915,0,3834,-0.54,0.59,0.442,.51,-29.24,7.82,R
,110346,925,0,4095,-0.658,0.627,0.451,.17,-4908,0.36,R
,110347,913,0,3830,-0.52,0.61,0.462,.44,-53.63,-3.42,R
,1103481,925,0,095,-0.63,0.60,0.477,0.36,-55.27,-3.05,R
,110349,899,0,824,-0.652,0.589,0.504,4.53,-51.67,0.29,R
,110350,915,0,095,-0.642,0.59,0.515,9.60,-44.98,4.08,R
,1103511,899,0,3831,-0.32,0.58,0.528,14.16,-38.19,6.42,R
,110353,881,0,3830,-0.606,0.596,0.538,19.26,-3.78,7.1,R
,110356,831,0,4095,-0.89,0.63,0.526,16.91,-3.30,8.04,R
,1103571,823,0,831,-0.77,0.633,0.533,15.63,-2.61,7.6,R
,110358,838,0,4095,-0.577,0.632,0.519,5.40,-2.08,6.62,R
,1103601,805,0,4095,-0.564,0.633,0.525,18.71,-23.14,5.4,R
,1103611,809,0,3825,-0.77,0.65,0.502,9.52,-20.59,4.91,R
,1103621,806,0,095,-0.55,0.64,0.517,19.37,-20.63,4.78,R
,110365,777,0,824,-0.43,0.637,0.507,16.71,-389,8.80,R
,1103671,751,0,839,-0.531,0.625,0.523,18.06,8.6,11.10,R
,1103681,778,0,095,-0.539,0.642,0.496,16.38,14.34,12.16,R
,1103691,753,0,827,-0.45,0.63,0.499,14.04,15.69,12.22,R
,1103711,786,0,3842,-0.36,0.64,0.504,1.98,13.55,9.01,R
,1103731,802,0,838,-0.561,0.654,0.498,10.57,19.90,10.7,R
,110375,850,0,835,-0.564,0.66,0.476,17.11,28.04,14.62,R
,1103761,833,0,4095,-0.72,0.67,0.461,18.47,30.25,15.38,R
,1103771,833,0,3831,-0.68,0.68,0.463,19.70,31.47,16.58,R
,1103781,834,0,4095,-0.53,0.66,0.479,20.38,31.21,16.13,R
,1103791,844,0,831,-0.56,0.65,0.487,20.70,31.28,15.5,R
,1103801,845,0,095,-0.67,0.66,0.488,2.74,34.71,17.04,R
,1103811,846,0,3837,-0.32,0.60,0.550,29.32,40.37,18.34,R
,1103831,843,0,3835,-0.01,0.63,0.518,46.21,61.69,34.1,R
,1103841,796,0,4095,-0.00,0.662,0.502,60.03,7244,42.07,R
,1103851,799,0,834,-0.78,0.654,0.483,61.75,7757,42.26,R
,1103861,787,0,4095,-0.74,0.65,0.464,59.28,74.47,36.6,R
,1103871,787,0,3837,-0.83,0.66,0.451,56.09,64.82,29.64,R
,1103881,789,0,095,-0.86,0.659,0.443,56.19,5402,25.01,R
,1103891,795,0,3830,-0.68,0.65,0.412,60.61,48.37,22.00,R
,1103901,851,0,4095,-0.91,0.68,0.381,63.69,53.87,26.6,R
,1103911,857,0,835,-0.83,0.657,0.364,74.85,6140,33.1,R
,110392,864,0,095,-0.03,0.71,0.312,83.92,72.56,38.80,R
,1103931,816,0,833,-0.24,0.70,0.268,81.58,7970,38.98,R
,110394,896,0,4095,-0.592,0.715,0.279,4.22,69.92,33.79,R
,110396,848,0,095,-0.21,0.793,0.264,76.41,61.52,29.1,R
,1103991,858,0,3832,-0.79,0.84,0.136,8.13,62.82,26.94,R
,1104001,866,0,095,-0.531,0.829,0.117,73.41,7065,30.02,R
,1104021,867,0,095,-0.67,0.87,0.057,62.19,8834,35.81,R
,110403,875,0,839,-0.501,0.847,0.045,1.23,84.80,36.45,R
,1104041,880,0,095,-0.26,0.848,-0.210,15.11,4.90,39.53,R
,1104061,889,0,095,-0.23,0.89,-0.006,35.72,3.47,19.49,R
,1104091,897,0,826,-0.30,0.843,-0.087,12.01,1.53,11.23,R
,1104101,887,0,095,-0.04,0.87,-0.118,8.18,29.05,4.77,R
,1104131,886,0,3829,-0.549,0.874,0.016,0.96,24.83,3.53,R
,1104141,890,0,095,-0.42,0.885,-0.008,-1.23,1.82,0.04,R
,1104171,871,0,831,-0.43,0.89,0.034,-17.41,-.95,-13.43,R
,1104181,876,0,4095,-0.547,0.876,0.031,19.65,-11.15,-15.16,R
,1104191,901,0,3831,-0.41,0.82,0.069,-21.76,-13.15,-15.40,R
,1104201,897,0,4095,-0.50,0.81,0.040,-21.61,-1.26,-12.80,R
,1104211,893,0,3824,-0.52,0.80,0.052,-20.31,-3.73,-9.00,R
,1104221,907,0,095,-0.42,0.78,0.092,-18.94,-.92,-6.04,R
,110423,895,0,837,-0.546,0.789,0.091,17.30,-0.92,-6.61,R
,1104241,894,0,095,-0.47,0.79,0.115,-16.62,-.34,-8.96,R
,1104261,893,0,4095,-0.56,0.80,0.112,-21.64,-23.21,-1.38,R
,1104271,807,0,837,-0.48,0.82,0.108,-24.20,-31.87,-2.80,R
,110428,848,0,095,-0.77,0.822,0.134,25.18,-8.11,-22.01,R
,1104291,887,0,841,-0.83,0.81,0.132,-18.75,-9.52,-15.35,R
,1104301,900,0,095,-0.00,0.822,0.115,12.65,-9.05,-8.88,R
,1104321,859,0,095,-0.18,0.830,0.130,11.97,-.91,-0.59,R
,110433,855,0,839,-0.608,0.813,0.149,12.72,-9.24,-1.42,R
,110434,855,0,095,-0.91,0.811,0.145,12.88,-17.29,-5.09,R
,110435,855,0,831,-0.89,0.809,0.123,13.43,-21.52,-8.48,R
,1104371,867,0,3839,-0.593,0.81,0.087,-16.71,-20.86,-10.47,R
,1104381,879,0,4095,-0.589,0.810,0.090,-20.68,-17.70,-8.71,R
,1104391,883,0,3835,-0.594,0.814,0.074,23.55,-15.76,-8.04,R
,110440,886,0,095,-0.01,0.80,0.079,-27.36,-13.35,-632,R
,110441,903,0,835,-0.10,0.80,0.110,-30.74,-16.33,-499,R
,110442,899,0,095,-0.12,0.81,0.121,-29.12,-21.89,-5.55,R
,1104431,908,0,833,-0.26,0.81,0.123,-26.23,-20.04,-480,R
,1104441,914,0,095,-0.27,0.79,0.170,-26.33,-0.21,-2.79,R
,110446,918,0,095,-0.80,0.788,0.172,-21.84,-9.58,-2.33,R
,110447,922,0,824,-0.89,0.78,0.181,-26.46,-4.36,-1.64,R
,1104481,926,0,4095,-0.591,0.778,0.200,26.78,-3.01,-1.45,R
,110451,923,0,837,-0.592,0.798,0.245,-20.63,-2.10,-4.15,R
,110453,916,0,834,-0.81,0.81,0.236,-18.98,-4.16,-465,R
,110455,908,0,835,-0.60,0.78,0.220,-23.21,-24.83,-332,R
,1104561,902,0,4095,-0.562,0.782,0.238,-20.95,-22.18,-1.54,R
,1104571,902,0,831,-0.41,0.77,0.238,-17.78,-21.11,-059,R
,1104581,895,0,095,-0.41,0.76,0.238,-15.64,-20.13,-085,R
,110459,898,0,833,-0.36,0.77,0.227,-15.55,-18.95,-0.64,R
,1104601,890,0,095,-0.30,0.772,0.276,14.19,-20.02,-2.10,R
,1104611,895,0,837,-0.41,0.78,0.276,-12.25,-21.18,-369,R
,110462,892,0,095,-0.54,0.78,0.288,9.44,-2.96,-5.34,R
,1104651,876,0,3849,-0.559,0.783,0.265,3.88,-18.95,-1.77,R
,110466,871,0,095,-0.54,0.76,0.263,-3.33,-15.26,1.33,R
,110467,861,0,839,-0.42,0.75,0.273,-0.36,-11.46,3.3,R
,110468,878,0,095,-0.46,0.76,0.268,4.71,-9.35,5.09,
,110477,910,0,841,-0.558,0.770,0.284,.10,-20.94,-12.09,R
,1104791,917,0,3833,-0.73,0.753,0.295,.79,-1091,-4.29,R
,1104801,925,0,095,-0.74,0.74,0.312,10.19,-1.79,-4.2,R
,1104821,941,0,095,-0.94,0.76,0.301,14.38,-1.67,-8.0,R
,1104831,882,0,3835,-0.78,0.77,0.277,12.94,-25.11,-14.07,R
,1104841,929,0,4095,-0.594,0.783,0.279,.77,-32.28,-20.03,R
,110485,918,0,830,-0.85,0.77,0.263,5.31,-37.70,-25.03,R
,1104871,912,0,3839,-0.591,0.756,0.255,3.93,-4.76,-27.66,R
,1104881,915,0,095,-0.12,0.76,0.271,-5.64,-37.05,-2358,R
,110489,911,0,839,-0.617,0.760,0.294,-2.30,-32.77,-1916,R
,1104901,909,0,095,-0.29,0.78,0.313,-1.06,-3.79,-1572,R
,1104911,913,0,3815,-0.24,0.78,0.341,.21,-2973,-15.3,R
,1104921,913,0,4095,-0.15,0.78,0.347,1.81,-31.24,-17.8,R
,1104931,922,0,3831,-0.609,0.774,0.355,0.39,-35.11,-19.54,R
,110495,926,0,834,-0.86,0.75,0.344,-7.70,-4.61,-3085,R
,1104961,931,0,095,-0.89,0.73,0.350,-14.83,-46.34,-3.85,R
,110497,933,0,831,-0.10,0.72,0.344,-17.35,-3.66,-29.60,R
,1104991,873,0,819,-0.615,0.71,0.357,17.39,-9.15,-19.54,R
,1105011,914,0,831,-0.23,0.714,0.362,14.30,-17.87,-10.71,R
,110503,918,0,835,-0.29,0.72,0.372,-14.88,-5.73,-5.31,R
,1105041,915,0,095,-0.23,0.73,0.367,-16.40,-16.82,-445,R
,110505,917,0,838,-0.23,0.73,0.364,-19.93,-8.40,-3.64,R
,1105061,885,0,095,-0.15,0.72,0.354,-22.43,-9.03,-2.62,R
,1105071,897,0,835,-0.16,0.72,0.353,25.52,-18.01,-1.98,R
,110508,912,0,095,-0.07,0.71,0.368,-24.62,-15.26,-059,R
,1105101,890,0,4095,-0.602,0.708,0.374,-20.94,-5.46,4.13,R
,110511,845,0,831,-0.02,0.71,0.379,-16.95,-1.11,7.49,R
,1105121,878,0,095,-0.11,0.711,0.386,11.91,3.58,10.95,R
,110514,879,0,095,-0.03,0.73,0.386,8.66,3.9,11.96,R
,1105171,867,0,3837,-0.605,0.743,0.384,-6.07,1.60,10.97,R
,1105241,879,0,4095,-0.566,0.72,0.394,3.61,3.3,21.20,R
,110526,877,0,095,-0.31,0.735,0.386,6.53,-1.70,16.52,R
,1105291,882,0,835,-0.22,0.74,0.382,.59,-4.28,11.20,R
,110530,890,0,095,-0.35,0.75,0.365,.83,-2.59,10.07,R
,110531,892,0,840,-0.540,0.766,0.362,6.06,0.15,9.82,R
,1105351,902,0,830,-0.87,0.81,0.385,9.79,-5.93,8.91,R
,110536,899,0,095,-0.16,0.86,0.367,17.65,-13.53,5.91,R
,110538,899,0,095,-0.59,0.76,0.399,-36.05,-30.94,-132,R
,1105391,919,0,835,-0.58,0.738,0.397,-42.31,-31.06,1.96,R
,1105401,927,0,095,-0.523,0.701,0.420,-41.55,-26.50,7.76,R
,1105411,929,0,836,-0.05,0.711,0.430,-40.91,-17.34,1231,R
,1105421,928,0,095,-0.70,0.693,0.465,-38.01,-8.21,14.49,R
,1105431,929,0,834,-0.484,0.725,0.458,-38.42,-2.21,15.1,R
,1105441,926,0,086,-0.75,0.716,0.482,-38.40,-0.74,16.42,R
,110545,919,0,847,-0.72,0.73,0.483,-40.34,-4.77,15.70,R
,110547,923,0,840,-0.46,0.719,0.494,-47.30,-18.47,1185,R
,1105481,929,0,979,-0.21,0.71,0.507,-46.80,-24.04,8.55,R
,110549,915,0,847,-0.00,0.704,0.534,-45.84,-26.60,4.36,R
,110551,915,0,843,-0.97,0.682,0.537,-41.56,-20.54,1.03,R
,1105531,896,0,843,-0.32,0.692,0.572,-33.07,-11.66,3.5,R
,110555,887,0,837,-0.58,0.69,0.590,17.56,-5.12,3.49,R
,1105561,848,0,872,-0.465,0.696,0.587,-12.33,-3.93,3.5,R
,1105591,752,0,842,-0.80,0.67,0.564,1.39,-749,0.26,R
,1105601,735,0,3859,-0.501,0.669,0.556,0.44,-10.42,-1.5,R
,1105621,739,0,855,-0.503,0.648,0.550,8.91,-7.53,-3.83,R
,1105631,775,0,847,-0.07,0.64,0.564,11.90,-653,-3.7,R
,1105681,897,0,853,-0.43,0.65,0.531,8.59,6.01,2.54,R
,1105691,895,0,3839,-0.553,0.677,0.499,30.41,6.02,1.93,R
,1105701,897,0,839,-0.32,0.67,0.505,3.74,4.22,1.62,R
,1105711,898,0,856,-0.21,0.69,0.499,5.66,3.69,3.27,R
,1105721,886,0,3891,-0.506,0.715,0.474,35.37,7.46,3.91,R
,110576,880,0,939,-0.12,0.77,0.481,7.05,19.98,10.05,R
,110577,873,0,871,-0.13,0.797,0.469,52.91,22.66,13.9,R
,1105791,880,0,866,-0.507,0.816,0.400,54.12,2137,18.83,R
,1105811,987,0,3862,-0.447,0.81,0.369,52.04,14.45,15.45,R
,1105831,919,0,866,-0.386,0.768,0.372,37.74,7.6,6.60,R
,1105841,903,0,3927,-0.382,0.75,0.379,32.64,1.3,2.69,R
,1105891,899,0,863,-0.438,0.757,0.468,16.68,-422,-8.84,R
,110593,898,0,863,-0.00,0.804,0.430,8.62,-5.3,-8.38,R
,1105951,905,0,3869,-0.79,0.78,0.389,1.35,-13.32,-13.8,R
,1105961,912,0,947,-0.486,0.777,0.357,-3.97,-1.34,-16.01,R
,110598,899,0,931,-0.51,0.76,0.335,-10.07,-23.73,-2.45,R
,1105991,896,0,862,-0.48,0.762,0.319,-13.61,-22.14,-22.65,R
,1106001,891,0,955,-0.41,0.752,0.334,-16.30,-0.57,-2.79,R
,110601,890,0,862,-0.41,0.755,0.320,-21.58,-16.85,-2.06,R
,1106021,880,0,989,-0.409,0.724,0.331,-17.58,-9.30,-2296,R
,1106031,882,0,859,-0.43,0.731,0.351,-15.14,-3.90,-2212,R
,1106041,882,0,958,-0.441,0.713,0.380,-12.84,-.41,-22.70,R
,1106071,863,0,867,-0.84,0.72,0.428,-13.07,-12.39,-31.16,R
,1106081,861,0,958,-0.480,0.744,0.433,-13.27,-18.01,-3.49,R
,1106091,843,0,3862,-0.77,0.74,0.433,-13.62,-20.69,-37.09,R
,1106101,834,0,952,-0.497,0.772,0.444,-16.78,-0.11,-35.77,R
,1106111,826,0,854,-0.91,0.759,0.432,-19.68,-18.72,-3.16,R
,110613,816,0,858,-0.00,0.75,0.437,-14.69,-8.71,-2931,R
,1106141,791,0,932,-0.96,0.73,0.439,-11.17,-5.17,-28.48,R
,1106161,699,0,927,-0.493,0.698,0.457,-8.40,-0.65,-29.4,R
,1106171,838,0,866,-0.506,0.686,0.451,-4.97,4.2,-27.32,R
,1106181,811,0,3965,-0.30,0.68,0.490,-4.08,13.09,-26.00,R
,1106231,848,0,858,-0.89,0.71,0.496,3.08,23.69,-27.14,R
,1106241,853,0,3962,-0.702,0.71,0.490,.11,26.08,-25.75,R
,1106251,863,0,840,-0.32,0.72,0.442,0.37,29.75,-24.42,R
,110629,895,0,856,-0.70,0.59,0.458,12.62,22.05,-27.87,R
,1106311,919,0,3861,-0.652,0.566,0.458,-15.99,10.83,-3436,R
,1106321,916,0,986,-0.35,0.560,0.466,-15.70,949,-36.04,R
,1106331,897,0,853,-0.27,0.593,0.450,-15.55,1.71,-3564,R
,1106351,1006,0,3856,-0.654,0.65,0.442,-10.59,33.82,-2.64,R
,1106461,1046,0,3997,-0656,0.64,0.310,9.99,2158,-16.15,R
,110658,1057,0,4011,-0844,0.64,0.338,2.03,0.41,-5.09,R
,110662,1081,0,4006,-0887,0.63,0.373,-9.79,-19.63,4.7,R
,1106731,926,0,853,-0.27,0.657,0.323,-48.51,-11.58,23.26,R
,1106741,899,0,059,-0.809,0.65,0.338,-55.00,-13.01,2539,R
,1106751,921,0,857,-0.814,0.65,0.322,-61.38,-16.28,2784,R
,1106771,879,0,3856,-0.798,0.66,0.324,-72.05,-17.01,2871,R
,1106781,805,0,027,-0.88,0.64,0.329,-78.08,-17.63,2787,R
,1106791,702,0,856,-0.73,0.62,0.326,-84.01,-8.45,27.81,R
,1106801,720,0,059,-0.43,0.58,0.340,-87.65,-9.23,27.10,R
,1106811,739,0,857,-0.28,0.56,0.346,-89.94,-15.93,2666,R
,1106821,750,0,4063,-0.718,0.524,0.357,91.18,-1.11,28.46,R
,1106841,761,0,068,-0.674,0.494,0.361,-88.94,663,35.91,R
,1106851,832,0,859,-0.668,0.49,0.370,91.10,13.87,37.8,R
,1106861,815,0,077,-0.56,0.478,0.365,-92.39,1.37,37.09,R
,110688,838,0,077,-0.19,0.47,0.361,-96.91,1.70,34.19,R
,1106921,825,0,047,-0.49,0.46,0.384,-98.97,2.79,28.34,R
,1106941,875,0,016,-0.531,0.463,0.418,95.53,38.97,32.71,R
,1106951,843,0,842,-0.21,0.44,0.426,-94.17,44.74,33.2,R
,1106961,818,0,3998,-0.89,0.41,0.455,-91.70,46.25,32.34,R
,1106981,752,0,986,-0.555,0.44,0.484,-83.39,55.06,32.83,R
,1107001,816,0,006,-0.25,0.412,0.548,-82.26,5.60,29.16,R
,1107021,871,0,003,-0.40,0.386,0.587,-85.93,4.24,23.04,R
,1107031,879,0,856,-0.38,0.368,0.587,-85.81,4.12,22.23,R
,1107041,871,0,4017,-0.521,0.355,0.604,-83.38,3.87,20.58,R
,1107051,874,0,843,-0.522,0.356,0.623,83.61,36.41,17.52,R
,1107061,850,0,999,-0.21,0.333,0.628,81.41,33.12,13.9,R
,1107071,869,0,854,-0.526,0.31,0.639,-82.08,2.28,6.80,R
,1107081,975,0,969,-0.51,0.30,0.644,-79.72,2.65,0.72,R
,1107171,835,0,853,-0.23,0.39,0.932,39.28,-5.50,-13.11,R
,1107181,815,0,053,-0.33,0.478,0.812,24.12,-4.47,-6.65,R
,110719,837,0,853,-0.26,0.47,0.776,9.84,-32.21,-5.5,R
,110720,822,0,026,-0.628,0.45,0.732,2.12,-29.30,-8.7,R
,1107211,826,0,856,-0.37,0.445,0.700,-4.28,-2.76,-1404,R
,1107241,854,0,925,-0.09,0.39,0.648,-8.94,-14.65,-7.7,R
,1107251,881,0,851,-0.88,0.399,0.629,-7.38,-10.79,-1.43,R
,1107261,884,0,952,-0.22,0.350,0.638,-7.76,-584,1.26,R
,1107271,927,0,847,-0.87,0.35,0.673,-7.14,-079,-0.58,R
,1107291,987,0,850,-0.64,0.33,0.671,-3.01,14.34,-5.9,R
,110730,990,0,917,-0.602,0.368,0.692,3.43,18.65,-5.96,R
,1107321,899,0,919,-0.06,0.435,0.696,.50,15.60,3.10,R
,110733,848,0,850,-0.19,0.43,0.715,-0.13,1291,2.77,R
,1107351,876,0,855,-0.23,0.45,0.718,-7.82,6.5,10.68,R
,1107361,875,0,930,-0.91,0.44,0.751,-11.72,204,13.78,R
,1107371,784,0,3854,-0.582,0.448,0.752,12.05,2.41,15.36,R
,1107381,658,0,952,-0.85,0.44,0.742,-14.34,219,15.50,R
,1107401,661,0,3947,-0.601,0.481,0.698,-13.55,-3.73,16.9,R
,1107451,855,0,3856,-0.511,0.366,0.719,25.61,-17.30,21.41,R
,110747,874,0,3858,-0.469,0.30,0.659,-5.65,-6.30,29.9,R
,110748,875,0,925,-0.532,0.414,0.662,-4.14,4.66,34.45,R
,110749,873,0,3856,-0.572,0.418,0.652,9.99,10.63,34.31,R
,1107501,884,0,3918,-0.38,0.39,0.710,17.43,2.45,27.68,R
,110751,884,0,862,-0.55,0.42,0.728,-27.29,-5.66,19.96,R
,110752,884,0,895,-0.80,0.408,0.759,33.78,-13.18,14.07,R
,1107531,886,0,857,-0.03,0.38,0.789,-36.69,-15.73,13.96,R
,1107541,913,0,898,-0.78,0.32,0.796,-38.48,-20.88,1614,R
,1107561,998,0,920,-0.02,0.29,0.824,-12.23,-.32,35.4,R
,1107611,1106,0,3871,-0.569,0.575,0.672,-9.50,14.19,31.70,R
,1107641,976,0,926,-0.23,0.48,0.691,-49.99,-41.20,2.26,R
,1107661,933,0,918,-0.66,0.40,0.786,-33.64,-30.16,1141,R
,110767,926,0,858,-0.25,0.38,0.772,-24.13,-9.21,1078,R
,1107681,926,0,893,-0.496,0.389,0.757,21.61,-0.05,9.49,R
,110769,924,0,856,-0.98,0.38,0.752,-20.43,-.31,7.9,R
,1107701,923,0,3888,-0.500,0.393,0.748,-21.70,-5.29,4.1,R
,110771,903,0,856,-0.83,0.37,0.782,-24.28,-8.60,0.46,R
,1107721,896,0,3879,-0.472,0.376,0.799,22.84,-.73,-1.26,R
,1107771,631,0,3857,-0.493,0.420,0.755,-11.47,966,-0.3,R
,110778,631,0,885,-0.483,0.395,0.757,11.35,11.79,0.66,R
,110779,623,0,859,-0.86,0.398,0.749,-12.31,1.60,1.91,R
,1107801,690,0,888,-0.95,0.40,0.751,-16.59,19.09,2.45,R
,1107811,690,0,856,-0.08,0.41,0.749,-21.56,22.45,5.45,R
,1107821,614,0,895,-0.96,0.408,0.805,-24.84,2.95,8.28,R
,110785,449,0,3854,-0.489,0.419,0.778,30.04,21.72,8.95,R
,1107871,583,0,861,-0.17,0.40,0.794,31.84,20.47,7.03,R
,1107881,721,0,920,-0.05,0.37,0.787,-32.11,2.28,7.29,R
,1107901,658,0,978,-0.30,0.26,0.848,-32.48,22.70,6.55,R
,110791,661,0,856,-0.466,0.28,0.847,-28.77,3.44,8.13,R
,110792,673,0,3946,-0.495,0.27,0.858,-17.18,3.96,12.92,R
,1107931,656,0,875,-0.31,0.31,0.854,13.01,45.38,17.70,R
,110797,762,0,856,-0.59,0.39,0.833,-28.95,2.27,21.32,R
,1107981,779,0,039,-0.55,0.40,0.841,33.17,21.79,23.01,R
,1107991,832,0,854,-0.32,0.40,0.840,34.71,14.91,23.44,R
,1108001,848,0,040,-0.47,0.40,0.781,35.64,10.45,24.02,R
,110801,844,0,854,-0.661,0.395,0.751,-38.39,5.23,26.58,R
,110803,970,0,3847,-0.591,0.338,0.786,41.78,-14.66,28.89,R
,1108041,991,0,065,-0.92,0.331,0.819,39.09,-15.46,32.58,R
,1108111,1175,0,3853,-0416,0.19,1.237,-96.78,13.09,27.12,R
,1108211,816,0,848,-0.99,-0.00,1.375,-140.95,-80.91,-60.16,R
,1108391,705,0,3835,-0.383,-0.153,0.831,-137.88,-131.82,-72.01,
,1108461,569,0,086,-0.241,-0.272,0.701,-93.82,-94.42,-22.87,R
,1108521,565,0,4066,-0.039,-0.483,0.636,-70.11,-77.87,-7.80,R
,1108531,567,0,3846,-0.022,-0.53,0.605,-65.76,71.87,-4.82,R
,1108551,567,0,849,0.03,-0.52,0.587,56.02,-0.50,0.65,R
,110856,576,0,095,0.07,-0.54,0.579,46.94,-53.69,4.69,R
,1108581,579,0,094,0.05,-0.506,0.526,33.70,-38.83,11.00,R
,1108591,578,0,849,0.083,-0.526,0.522,-36.10,-36.21,10.60,R
,110861,579,0,843,0.03,-0.55,0.507,33.94,-35.69,13.65,R
,1108651,579,0,847,0.158,-0.565,0.502,-26.63,-30.42,1397,R
,110866,578,0,088,0.11,-0.589,0.492,-26.65,-29.93,1382,R
,1108671,582,0,3846,0.13,-0.58,0.476,-24.88,-9.41,13.78,R
,1108691,583,0,852,0.173,-0.602,0.495,-23.35,-30.05,10.00,R
,110870,583,0,094,0.10,-0.62,0.489,22.39,-30.47,7.52,R
,1108711,585,0,851,0.29,-0.65,0.496,23.88,-31.14,6.43,R
,110876,575,0,087,0.20,-0.680,0.458,-13.70,-11.70,2.4,R
,1108771,570,0,846,0.20,-0.70,0.452,-13.15,-10.11,0.95,R
,110878,569,0,085,0.20,-0.72,0.458,13.50,-9.73,-0.73,R
,1108791,575,0,846,0.28,-0.748,0.464,-11.75,-9.40,-3.05,R
,1108801,560,0,080,0.26,-0.74,0.431,-9.96,-555,-3.8,R
,1108831,558,0,3838,0.251,-0.816,0.490,-5.29,7.92,-13.49,R
,1108851,560,0,853,0.224,-0.814,0.439,9.12,13.02,-12.12,R
,110886,545,0,077,0.23,-0.81,0.474,2.85,1676,-12.59,R
,1108871,546,0,857,0.28,-0.80,0.456,15.41,16.79,-12.94,R
,110888,544,0,086,0.22,-0.79,0.468,15.43,18.50,-13.8,R
,1108901,531,0,090,0.14,-0.74,0.444,1.34,2902,-6.2,R
,1108911,509,0,851,0.18,-0.74,0.436,7.98,33.23,-4.84,R
,1108981,574,0,078,0.25,-0.846,0.527,-29.94,10.33,-35.28,R
,1108991,568,0,856,0.22,-0.84,0.533,-27.33,9.00,-38.41,R
,1109021,623,0,080,0.27,-0.812,0.491,-10.71,16.73,-3212,R
,110903,621,0,3852,0.25,-0.79,0.491,7.73,23.69,-27.81,R
,1109041,631,0,4069,0.246,-0.755,0.457,-7.85,3060,-23.48,R
,1109051,636,0,837,0.28,-0.741,0.447,-11.12,36.11,-1978,R
,1109071,688,0,837,0.24,-0.725,0.450,-26.94,42.74,-1937,R
,1109081,712,0,054,0.250,-0.742,0.467,-31.26,4.52,-22.84,R
,1109101,730,0,016,0.35,-0.786,0.475,-38.40,22.94,-2771,R
,1109121,720,0,053,0.355,-0.814,0.502,-33.38,11.46,-3068,R
,110913,724,0,842,0.32,-0.84,0.522,35.01,749,-27.51,R
,1109141,768,0,999,0.35,-0.79,0.535,-28.37,8.65,-29.95,R
,110915,791,0,854,0.42,-0.77,0.573,23.70,9.82,-29.64,R
,110917,811,0,846,0.39,-0.746,0.662,-22.45,22.04,-3050,R
,1109181,826,0,028,0.37,-0.780,0.758,-29.64,24.65,-2531,R
,1109211,782,0,3853,0.368,-0.804,1.122,-26.54,34.88,-8.6,R
,1109221,754,0,023,0.377,-0.810,1.253,-15.87,3.79,-9.13,R
,110923,736,0,851,0.37,-0.80,1.333,4.02,39.99,-8.55,R
,1109271,688,0,3850,0.370,-0.687,1.388,7.48,15.81,9.94,R
,1109281,684,0,4044,0.347,-0.760,1.401,5.67,-0.18,1.45,
,110929,679,0,851,0.34,-0.68,1.251,.65,-6.33,3.67,R
,1109301,650,0,063,0.38,-0.68,1.044,0.64,-6.9,9.10,R
,1109311,674,0,3839,0.415,-0.758,1.076,-3.26,-14.85,3.18,R
,1109321,687,0,031,0.33,-0.71,1.050,-4.33,-19.55,2.57,R
,110933,683,0,3843,0.330,-0.775,0.968,10.74,-21.41,10.60,R
,1109341,675,0,028,0.37,-0.75,0.922,9.46,-19.79,13.91,R
,1109351,677,0,3852,0.361,-0.737,0.835,17.60,-1.98,16.4,R
,1109361,675,0,051,0.31,-0.755,0.821,15.43,-18.68,14.86,R
,1109371,673,0,851,0.360,-0.72,0.774,3.84,-23.98,15.61,R
,110938,683,0,062,0.35,-0.73,0.772,9.95,-29.15,14.0,R
,110939,677,0,844,0.36,-0.73,0.744,.90,-33.79,14.68,R
,1109401,681,0,062,0.33,-0.75,0.755,.64,-37.93,15.35,R
,1109421,699,0,049,0.27,-0.75,0.748,.87,-31.93,21.71,R
,1109431,711,0,844,0.28,-0.756,0.726,11.77,-24.47,25.6,R
,1109441,713,0,055,0.26,-0.76,0.740,13.96,-20.14,27.35,R
,1109451,708,0,851,0.24,-0.74,0.714,17.17,-18.25,27.12,R
,1109511,720,0,845,0.17,-0.76,0.699,.98,-4801,18.94,R
,1109541,722,0,066,0.01,-0.957,0.680,20.62,-4.72,25.49,R
,1109551,709,0,847,0.16,-0.78,0.623,10.42,-38.07,21.9,R
,1109561,700,0,075,0.120,-0.809,0.581,12.91,-33.92,21.8,R
,1109581,629,0,063,0.15,-0.81,0.492,7.51,-28.42,20.33,R
,1109591,624,0,855,0.08,-0.78,0.437,31.81,-28.95,18.86,R
,1109601,617,0,076,0.18,-0.78,0.364,33.16,-32.39,14.78,R
,1109611,614,0,842,0.16,-0.78,0.332,31.95,-4.66,6.3,R
,1109621,608,0,089,0.18,-0.76,0.279,27.95,-48.83,-3.13,R
,1109641,613,0,077,0.16,-0.76,0.198,17.90,-58.66,-1511,R
,110965,607,0,3850,0.101,-0.73,0.196,3.61,-55.20,-16.41,R
,1109661,609,0,059,0.24,-0.79,0.104,.33,-43.32,-12.24,R
,1109671,610,0,845,0.05,-0.82,0.073,10.76,-29.93,-8.4,R
,1109681,547,0,086,0.17,-0.79,0.072,3.78,-7.17,1.53,R
,1109691,573,0,849,0.23,-0.79,0.024,-6.54,7.60,6.08,R
,1109711,578,0,850,0.20,-0.87,0.156,-13.65,19.15,-5.81,R
,1109721,635,0,035,0.29,-0.86,0.230,-9.81,14.18,-14.67,R
,1109731,636,0,858,0.189,-0.869,0.140,-6.49,8.6,-13.7,R
,110974,659,0,4067,0.27,-0.87,0.168,-9.99,1143,-19.37,R
,1109751,689,0,844,0.22,-0.88,0.189,-25.93,16.86,-24.53,R
,110976,722,0,4051,0.192,-0.855,0.200,-30.54,23.60,-2612,R
,110977,717,0,3844,0.181,-0.867,0.258,-33.62,2.84,-24.96,R
,1109791,695,0,845,0.12,-0.90,0.340,-29.62,43.47,-26.30,R
,110981,721,0,3851,0.19,-0.901,0.392,-22.43,43.24,-3679,R
,1109861,539,0,4067,0.189,-0.841,0.380,-36.34,4.62,-4916,R
,1109871,592,0,853,0.11,-0.81,0.374,-35.59,50.01,-49.34,R
,110988,592,0,4039,0.169,-0.787,0.365,32.17,5.85,-51.42,R
,1109891,592,0,845,0.12,-0.76,0.385,-28.25,54.37,-5496,R
,1109901,604,0,045,0.14,-0.728,0.368,-27.82,4.28,-59.92,R
,1109921,622,0,048,0.19,-0.68,0.327,-24.88,33.03,-7004,R
,1109931,613,0,839,0.19,-0.63,0.324,-20.42,26.59,-69.87,R
,1109941,432,0,073,0.16,-0.59,0.324,17.39,2.42,-69.84,R
,110995,459,0,3850,0.161,-0.559,0.345,-13.27,2.36,-6816,R
,1109971,464,0,846,0.12,-0.44,0.413,-3.91,47.15,-55.74,R
,1109981,475,0,034,0.10,-0.35,0.454,1.92,64.62,-47.14,R
,1109991,471,0,845,0.14,-0.12,0.529,.15,84.18,-42.21,R
,1110021,475,0,045,0.07,-0.34,0.889,4.50,88.70,-6.10,R
,1110031,466,0,846,0.04,-0.31,1.004,8.12,9237,3.45,R
,111004,491,0,4055,0.077,-0.367,1.160,27.25,9442,16.00,R
,111006,487,0,4095,0.163,-0.37,1.319,1.43,93.81,42.25,R
,1110071,469,0,855,0.239,-0.418,1.418,45.72,8761,46.58,R
,1110081,461,0,095,0.32,-0.446,1.465,47.70,8836,47.24,R
,111010,455,0,4095,0.33,-0.56,1.493,46.68,64.45,49.18,R
,111011,603,0,3843,0.412,-0.655,1.531,3.77,5297,45.64,R
,1110121,614,0,028,0.40,-0.71,1.521,45.06,42.16,42.7,R
,1110131,599,0,842,0.46,-0.81,1.504,1.93,30.39,42.11,R
,111014,611,0,3952,0.514,-0.810,1.400,53.09,25.34,43.6,R
,111017,608,0,3857,0.50,-1.004,1.200,69.55,36.88,49.6,R
,1110191,589,0,851,0.40,-0.91,1.224,66.67,17.90,40.91,R
,1110201,576,0,989,0.44,-0.93,1.147,57.61,10.28,34.2,R
,1110211,589,0,845,0.46,-0.94,1.156,54.56,0.0,27.21,R
,1110231,592,0,853,0.34,-0.92,1.065,47.14,-20.45,26.6,R
,1110251,551,0,855,0.361,-0.867,1.015,1.60,-38.13,22.62,R
,1110271,615,0,841,0.25,-0.82,0.990,35.38,-33.72,20.5,R
,1110281,621,0,054,0.23,-0.79,0.989,32.76,-2.51,24.78,R
,1110291,624,0,850,0.29,-0.77,0.996,30.86,-24.48,28.1,R
,111030,630,0,4021,0.207,-0.763,0.999,27.87,-2.63,32.04,R
,111031,624,0,851,0.203,-0.755,0.983,23.35,-3.35,31.2,R
,111032,640,0,4095,0.170,-0.75,0.954,9.46,-42.14,27.07,R
,111033,625,0,847,0.181,-0.729,0.949,16.61,-4.95,22.25,R
,111034,631,0,4062,0.174,-0.728,0.960,14.09,-5.29,16.19,R
,1110351,640,0,849,0.17,-0.700,0.936,12.96,-5.21,13.49,R
,1110371,656,0,862,0.09,-0.65,0.914,8.13,-5207,15.82,R
,1110381,646,0,095,0.041,-0.64,0.901,4.47,-4630,15.58,R
,1110391,656,0,851,0.06,-0.668,0.847,13.69,-3.34,18.11,R
,1110401,577,0,095,0.09,-0.67,0.804,19.90,-3.59,19.75,R
,1110421,437,0,095,0.02,-0.63,0.674,31.66,-3.75,14.39,R
,1110431,442,0,843,0.07,-0.628,0.611,34.15,-4.79,10.34,R
,111044,454,0,021,0.071,-0.579,0.517,1.14,-41.52,2.46,R
,111045,454,0,856,0.059,-0.564,0.465,6.61,-42.19,-2.56,R
,1110461,455,0,080,0.07,-0.533,0.382,1.96,-36.92,-2.70,R
,1110471,444,0,3845,0.09,-0.52,0.287,8.45,-3156,0.23,R
,111050,423,0,029,0.119,-0.619,0.261,8.22,-24.11,4.68,R
,111052,397,0,063,0.153,-0.65,0.157,-4.40,-1.24,0.14,R
,111053,335,0,3843,0.17,-0.66,0.223,-3.75,-10.16,-2.5,R
,1110541,307,0,050,0.18,-0.64,0.163,-3.65,-166,-2.85,R
,1110551,321,0,851,0.10,-0.70,0.338,-6.02,-2.54,-11.6,R
,111057,389,0,846,0.00,-0.634,0.391,9.72,-3.1,-13.63,R
,111062,455,0,010,0.043,-0.642,0.564,13.87,17.73,-5.93,R
,111063,453,0,838,0.098,-0.664,0.600,8.13,22.41,-5.17,R
,1110661,463,0,049,0.03,-0.688,0.684,0.73,47.98,-19.81,R
,1110671,464,0,856,0.07,-0.645,0.691,.31,26.2,-17.34,R
,111071,471,0,855,0.177,-0.660,0.736,21.07,4.28,-23.32,R
,1110731,474,0,853,0.15,-0.66,0.763,-12.23,3.44,-15.54,R
,1110761,496,0,4060,0.156,-0.656,0.753,22.23,44.10,-26.25,R
,1110781,499,0,4013,0.184,-0.638,0.727,19.78,42.99,-23.34,R
,1110801,499,0,000,0.21,-0.62,0.697,-28.37,3.99,-25.05,R
,111081,498,0,850,0.26,-0.65,0.684,-35.93,3.59,-2853,R
,1110821,495,0,4015,0.30,-0.702,0.695,41.36,1.18,-34.35,R
,1110831,528,0,856,0.39,-0.73,0.698,-43.33,8.01,-39.8,R
,1110841,507,0,4095,0.347,-0.710,0.723,41.35,5.96,-39.35,R
,1110851,511,0,3862,0.253,-0.710,0.815,-34.65,12.34,-28.41,R
,111086,526,0,095,0.21,-0.661,0.855,36.86,31.05,-30.44,R
,111087,525,0,855,0.30,-0.63,0.955,-36.69,4.91,-28.19,R
,111088,527,0,016,0.23,-0.68,1.007,-36.02,4.07,-24.88,R
,111089,511,0,833,0.28,-0.64,1.164,-36.54,41.00,-18.71,R
,1110901,507,0,045,0.28,-0.58,1.314,-38.13,35.28,-1587,R
,1110921,503,0,023,0.29,-0.67,1.495,-23.07,25.60,-1055,R
,1110941,501,0,043,0.23,-0.63,1.557,-2.91,1897,-11.00,R
,1110951,495,0,856,0.11,-0.59,1.552,1.99,13.7,-10.04,R
,1110961,491,0,4023,0.244,-0.568,1.470,.00,7.70,-5.08,R
,1110981,478,0,034,0.21,-0.518,1.224,2.22,0.7,2.49,R
,1111031,483,0,860,0.22,-0.53,0.976,7.00,-9.81,6.77,
,1111061,490,0,3983,0.247,-0.531,0.913,3.29,-28.25,9.13,R
,1111071,481,0,3854,0.246,-0.566,0.896,.35,-33.75,8.20,R
,111111,486,0,843,0.23,-0.588,0.904,6.28,-26.71,23.75,R
,1111151,490,0,856,0.27,-0.57,0.895,3.52,-20.95,29.3,R
,111119,491,0,843,0.166,-0.599,0.930,7.05,-39.49,25.9,R
,1111201,499,0,038,0.13,-0.60,0.918,9.98,-42.47,26.6,R
,1111221,496,0,4068,0.128,-0.600,0.913,8.90,-40.76,28.2,R
,1111231,491,0,859,0.16,-0.61,0.920,8.51,-3877,28.0,R
,1111261,483,0,4095,0.141,-0.65,0.816,13.17,-3.66,31.70,R
,1111271,464,0,3856,-0.054,-0.75,0.767,22.73,-32.34,3233,R
,1111281,497,0,093,0.02,-0.653,0.730,9.23,-33.50,29.61,R
,1111291,511,0,850,0.08,-0.66,0.677,7.23,-3.76,26.22,R
,1111301,487,0,081,0.02,-0.68,0.626,30.74,-4.12,23.53,R
,1111321,503,0,070,0.074,-0.661,0.486,9.35,-46.40,16.86,R
,1111371,465,0,849,0.126,-0.746,0.229,8.77,-39.87,-1.96,R
,1111381,454,0,4058,0.202,-0.73,0.152,-12.72,-29.41,-616,R
,1111391,462,0,856,0.13,-0.723,0.212,18.63,-23.43,-13.77,R
,111140,460,0,048,0.10,-0.76,0.164,17.62,-16.89,-14.39,R
,111141,455,0,847,0.18,-0.77,0.141,-12.30,-8.30,-1528,R
,1111421,454,0,050,0.17,-0.82,0.230,-10.01,0.31,-17.2,R
,1111451,465,0,3853,0.096,-0.768,0.322,2.36,16.88,-11.00,R
,1111461,470,0,038,0.124,-0.705,0.367,-8.16,26.56,-14.1,R
,111147,467,0,855,0.04,-0.70,0.408,-18.07,3.39,-17.87,R
,111148,470,0,026,0.02,-0.737,0.456,-24.16,31.40,-1934,R
,1111491,473,0,846,0.03,-0.734,0.493,-28.52,31.21,-20.42,R
,111153,487,0,856,0.17,-0.77,0.587,-21.97,2.13,-43.46,R
,1111541,511,0,941,0.19,-0.755,0.568,25.59,34.56,-47.37,R
,1111551,526,0,858,0.17,-0.745,0.568,-28.68,42.91,-4619,R
,1111571,496,0,856,0.16,-0.73,0.557,26.42,69.23,-40.00,R
,1111581,496,0,048,0.08,-0.71,0.561,-24.52,7.73,-36.76,R
,1111591,496,0,868,0.084,-0.697,0.574,-23.62,75.58,-41.13,R
,111161,488,0,854,0.07,-0.66,0.569,-35.10,45.23,-6396,R
,1111631,511,0,856,0.09,-0.64,0.546,31.64,1.26,-90.03,R
,1111651,490,0,853,0.07,-0.508,0.445,-10.52,9.23,-81.31,R
,1111671,657,0,3842,0.071,-0.354,0.427,1.06,51.11,-67.95,R
,1111701,531,0,4048,0.09,-0.180,0.507,7.78,117.28,-41.51,R
,111172,546,0,028,-0.75,-0.17,0.780,16.01,9.72,-2584,R
,1111731,550,0,856,-0.05,-0.01,0.916,17.57,95.12,-2288,R
,1111741,546,0,3915,-0.089,-0.05,1.092,14.03,9.55,-15.02,R
,1111771,412,0,856,-0.80,-0.13,1.524,13.83,115.08,42.19,R
,111181,398,0,856,0.23,-0.52,1.849,2.39,77.40,59.93,R
,111186,446,0,983,0.51,-0.80,1.560,68.10,49.35,49.21,R
,111187,439,0,851,0.43,-0.83,1.410,6.33,3526,39.70,R
,111188,429,0,999,0.48,-0.82,1.336,66.61,2485,34.2,R
,1111891,337,0,3850,0.411,-0.797,1.343,63.87,16.05,28.34,R
,1111911,319,0,3854,0.347,-0.775,1.218,56.22,0.44,22.58,R
,1111921,320,0,967,0.21,-0.760,1.163,7.14,-2.85,23.85,R
,111193,319,0,849,0.24,-0.74,1.153,42.36,-6.79,26.1,R
,1111941,304,0,3984,0.283,-0.771,1.160,38.35,-12.54,25.9,R
,1111951,298,0,3838,0.251,-0.761,1.121,33.45,-16.85,25.0,R
,1111961,306,0,984,0.183,-0.725,1.121,29.26,-18.72,24.40,R
,1111971,336,0,851,0.12,-0.71,1.141,27.23,-21.90,24.72,R
,1111991,325,0,851,0.15,-0.701,1.153,29.99,-32.05,21.5,R
,1112021,384,0,4095,0.09,-0.62,1.133,26.03,-4.76,20.92,R
,1112031,384,0,3853,0.048,-0.61,1.141,5.25,-42.40,19.23,R
,1112041,365,0,093,0.008,-0.572,1.109,20.74,-4.20,18.0,R
,1112051,391,0,847,-0.026,-0.559,1.110,16.70,-42.77,1926,R
,1112101,383,0,923,-0.109,-0.530,0.990,5.28,-58.21,16.66,R
,111211,368,0,853,0.08,-0.48,0.873,5.98,-5356,7.15,R
,1112121,379,0,984,-0.79,-0.532,0.839,13.52,-2.92,12.52,R
,1112161,545,0,095,-0.87,-0.506,0.492,14.79,-70.22,-651,R
,111219,522,0,855,-0.14,-0.50,0.278,1.12,-4.93,-1.2,R
,111220,557,0,4095,0.037,-0.475,0.222,-12.37,-27.90,3.87,R
,1112241,359,0,031,0.027,-0.496,0.286,-12.30,811,-7.7,R
,1112251,357,0,855,0.06,-0.52,0.445,-8.14,5.15,-16.6,R
,1112281,349,0,4047,-0.023,-0.436,0.517,-4.54,8.74,-18.15,R
,1112291,323,0,846,-0.53,-0.36,0.546,-17.55,1.93,-1.22,R
,1112391,475,0,3855,0.011,-0.45,0.799,-9.39,41.90,-16.13,R
,1112411,533,0,3851,0.022,-0.473,0.834,-8.22,3963,-17.3,R
,1112421,528,0,048,0.05,-0.487,0.854,-11.46,33.95,-22.03,R
,1112431,541,0,3852,0.047,-0.489,0.847,-13.43,2.59,-2717,R
,1112441,546,0,983,0.06,-0.501,0.847,-17.59,19.14,-2909,R
,1112451,537,0,853,0.01,-0.488,0.818,-21.38,18.31,-2545,R
,111246,546,0,971,0.07,-0.49,0.824,25.65,21.98,-21.02,R
,1112481,555,0,3981,0.144,-0.530,0.829,-22.94,38.37,-1232,R
,111249,556,0,856,0.17,-0.530,0.828,-17.50,3.79,-1273,R
,1112521,409,0,998,0.248,-0.54,0.754,-15.61,13.35,-30.41,R
,1112531,416,0,856,0.262,-0.538,0.679,-17.18,1.16,-2723,R
,1112551,416,0,3855,0.25,-0.476,0.724,-28.75,26.47,-18.06,R
,1112561,411,0,4033,0.252,-0.549,0.844,-36.88,36.86,-1879,R
,1112631,560,0,856,0.07,-0.522,1.743,-14.42,26.70,6.2,R
,1112661,557,0,003,0.00,-0.46,1.695,.62,7.90,0.00,R
,1112671,551,0,855,0.09,-0.44,1.614,6.12,0.04,2.62,R
,1112691,360,0,3856,0.169,-0.479,1.414,2.12,-12.19,7.81,R
,1112711,352,0,851,0.11,-0.51,1.219,0.27,-21.17,9.70,R
,1112721,355,0,982,0.16,-0.495,1.167,17.69,-22.39,10.9,R
,1112731,354,0,3856,0.10,-0.48,1.109,0.48,-22.97,9.65,R
,111274,341,0,3979,0.113,-0.463,1.034,17.06,-23.26,10.74,R
,1112751,347,0,838,0.10,-0.491,1.027,11.32,-26.10,12.20,R
,1112761,348,0,984,0.14,-0.48,1.002,.07,-31.21,11.16,R
,1112771,336,0,854,0.142,-0.502,0.977,6.41,-3401,10.7,R
,1112791,299,0,851,0.10,-0.47,0.978,12.64,-26.95,16.1,R
,1112801,222,0,3924,0.096,-0.44,0.992,1.11,-17.56,20.16,R
,111282,128,0,974,0.06,-0.472,0.979,3.41,-14.40,32.5,R
,1112841,68,0,391,0.082,-0.495,1.026,6.04,-23.70,34.91,R
,1112861,0,0,4017,0.051,-0.486,.028,2.1,-33.90,25.55,R
,1112901,72,0,461,-0.04,-0.48,1.032,9.96,-3880,24.7,R
,1112921,142,0,029,-0.005,-0.503,1.003,13.60,-45.56,2304,R
,1112941,275,0,4012,-0.024,-0.481,0.906,16.74,-46.83,20.08,R
,111296,443,0,4043,-0.033,-0.500,0.820,15.95,-42.24,17.03,R
,1112971,416,0,846,-0.46,-0.487,0.750,12.19,-44.19,16.69,R
,111298,249,0,3933,-0.051,-0.499,0.698,13.92,-5.61,1758,R
,1113021,126,0,039,0.09,-0.510,0.474,18.38,-49.18,5.9,R
,1113031,128,0,836,0.06,-0.54,0.431,1.95,-45.00,5.5,R
,1113081,173,0,000,0.044,-0.551,0.437,15.40,8.11,13.75,!5
,1113091,206,0,3843,0.080,-0.534,0.475,14.74,1486,13.5,R
,1113131,299,0,856,0.09,-0.593,0.643,-11.84,-0.74,-13.60,R
,1113151,496,0,857,0.09,-0.587,0.659,-15.00,3.70,-2.74,R
,1113161,526,0,035,0.03,-0.55,0.642,17.29,16.88,0.7,R
,1113181,541,0,4020,0.053,-0.57,0.682,10.02,3.58,-0.1,R
,111319,539,0,857,0.00,-0.589,0.720,-4.08,40.36,-5.0,R
,111320,547,0,4001,0.056,-0.580,0.737,0.70,32.50,-11.72,R
,111321,558,0,857,0.062,-0.572,0.762,2.10,21.95,-17.5,R
,111322,560,0,4018,0.079,-0.555,0.764,.07,12.1,-21.7,R
,1113231,557,0,846,0.05,-0.53,0.746,-8.08,11.05,-21.74,R
,111325,560,0,3856,0.099,-0.546,0.763,24.25,26.08,-1615,R
,1113281,550,0,046,0.08,-0.582,0.830,-10.36,44.37,-10.32,R
,1113291,546,0,861,0.06,-0.57,0.841,6.69,38.82,-14.9,R
,1113331,390,0,851,0.11,-0.50,0.720,-10.89,30.66,-1847,R
,1113341,389,0,926,0.18,-0.498,0.718,-15.32,3.35,-1709,R
,1113351,394,0,846,0.10,-0.493,0.766,-20.60,3.90,-2013,R
,111336,391,0,3940,0.151,-0.543,0.802,-25.90,36.50,-24.82,R
,1113371,399,0,857,0.19,-0.553,0.808,-27.33,27.87,-2865,R
,111338,375,0,3984,0.16,-0.58,0.819,-23.09,1.52,-3042,R
,1113401,402,0,985,0.25,-0.56,0.736,-17.24,11.05,-2627,R
,1113421,387,0,002,0.20,-0.505,0.698,-25.01,23.75,-22.47,R
,1113471,377,0,856,-0.25,-0.52,1.371,-43.46,42.59,-22.45,R
,1113481,336,0,005,-0.81,-0.631,1.494,-35.24,35.75,-9.61,R
,1113491,313,0,849,-0.49,-0.595,1.598,-26.30,5.63,-641,R
,1113501,325,0,002,-0.08,-0.624,1.658,-11.59,5.26,-844,R
,1113521,359,0,981,0.03,-0.533,1.618,14.99,-0.97,-19.0,R
,1113531,371,0,3845,0.00,-0.49,1.533,8.51,-4.59,-18.19,R
,111354,384,0,3986,0.082,-0.43,1.447,18.32,-3.40,-11.37,R
,1113601,351,0,963,0.16,-0.51,1.142,11.03,-22.85,2.39,R
,1113611,337,0,851,0.137,-0.489,1.089,16.13,-2.78,4.3,R
,111362,320,0,3949,0.130,-0.465,1.052,14.64,-2.64,4.4,R
,111365,330,0,3841,0.107,-0.466,1.034,.86,-3097,11.0,R
,1113661,310,0,957,0.119,-0.472,1.029,.35,-28.72,16.48,R
,1113681,304,0,000,0.12,-0.490,1.023,7.64,-24.45,22.74,R
,111369,305,0,3856,0.097,-0.488,1.018,7.02,-2396,25.0,R
,111370,304,0,060,0.095,-0.494,1.029,.86,-21.95,26.9,R
,111371,302,0,3859,0.079,-0.49,1.024,7.23,-21.96,29.65,R
,111372,304,0,022,0.04,-0.504,1.006,8.32,-22.88,30.63,R
,1113731,309,0,856,0.03,-0.48,1.014,10.36,-23.18,31.5,R
,111374,310,0,3995,0.052,-0.506,1.032,1.45,-2.40,30.8,R
,111378,299,0,3973,0.049,-0.504,0.985,0.51,-35.72,23.5,R
,111379,290,0,3854,0.003,-0.511,0.970,25.38,-4.30,25.6,R
,1113811,270,0,850,0.07,-0.50,0.846,25.31,-39.73,23.1,R
,1113851,0,0,383,-0.02,-0.504,0.646,18.27,-24.56,24.2,R
,1113881,0,0,3962,-0.03,-0.572,0.543,5.54,-14.60,24.16,R
,1113911,0,0,388,-0.16,-0.753,0.441,2.35,-23.23,30.9,R
,1114011,176,0,3862,0.072,-0.56,0.521,-4.62,27.81,-4.1,R
,1114021,182,0,052,0.07,-0.562,0.593,-15.88,32.47,-9.31,R
,111403,178,0,855,0.02,-0.581,0.652,-22.19,2.15,-13.87,R
,1114061,325,0,4004,-0.017,-0.626,0.777,-28.04,21.31,-1.58,R
,111407,331,0,856,0.02,-0.640,0.802,-21.56,17.09,-1821,R
,111408,354,0,032,-0.01,-0.615,0.788,-16.36,18.85,-1.40,R
,111409,357,0,855,0.08,-0.618,0.809,-11.59,2.01,-16.48,R
,111412,151,0,942,0.054,-0.569,0.772,-3.78,32.85,-21.9,R
,111413,479,0,857,0.04,-0.552,0.773,10.05,35.08,-2334,R
,1114151,503,0,857,0.00,-0.559,0.815,-22.04,3.21,-2595,R
,111419,511,0,856,0.12,-0.639,0.847,-22.02,953,-25.6,R
,1114221,370,0,914,0.19,-0.581,0.758,-5.03,9.11,-29.61,R
,111423,373,0,845,0.14,-0.579,0.736,6.63,11.75,-30.8,R
,111424,354,0,943,0.250,-0.56,0.673,14.89,14.37,-3245,R
,1114251,351,0,856,0.11,-0.574,0.715,22.40,13.98,-3294,R
,111426,299,0,3971,0.173,-0.589,0.741,33.62,16.99,-3364,R
,1114281,288,0,3985,0.29,-0.482,0.943,-46.36,24.37,-36.48,R
,1114301,351,0,4007,0.11,-0.551,1.190,-42.52,2.40,-2732,R
,1114311,354,0,857,0.06,-0.719,1.318,31.35,20.51,-2109,R
,1114321,365,0,004,0.021,-0.64,1.391,-25.64,18.39,-23.64,R
,111433,356,0,856,0.031,-0.640,1.482,20.49,16.66,-2419,R
,111434,358,0,998,0.007,-0.608,1.581,9.87,17.44,-20.0,R
,1114361,336,0,980,0.01,-0.512,1.616,1.24,15.61,-15.7,R
,1114381,323,0,969,0.01,-0.486,1.543,5.31,-1.4,-15.0,R
,1114401,249,0,3968,0.17,-0.526,1.358,6.24,-12.76,-12.70,R
,111441,240,0,856,0.13,-0.500,1.262,.56,-15.73,-10.5,R
,1114441,217,0,951,0.14,-0.474,1.117,9.96,-9.90,-2.9,R
,111445,204,0,3858,0.106,-0.46,1.085,16.97,-13.59,-2.47,R
,1114461,178,0,007,0.07,-0.479,1.062,12.83,-22.04,-1.6,R
,111448,170,0,046,0.093,-0.51,1.024,8.36,-3949,-2.71,R
,111449,145,0,3860,0.073,-0.51,1.036,13.48,-42.02,0.6,R
,111451,176,0,856,0.13,-0.493,1.021,2.67,-32.66,6.8,R
,111453,167,0,855,0.01,-0.461,0.984,22.74,-19.26,9.0,R
,111456,128,0,011,-0.010,-0.41,0.982,15.69,-21.44,4.2,R
,111457,128,0,853,-0.058,-0.504,0.983,11.70,-9.24,0.40,R
,1114581,131,0,015,-0.11,-0.519,0.994,11.35,-6.71,0.14,R
,111465,64,0,354,-0.066,-0.40,0.589,56.47,-3.73,25.39,R
,111466,0,0,397,0.110,-0.412,.453,48.01,-1.84,18.52,R
,111470,0,0,4019,0.012,-0.507,0.390,36.56,4.71,39.78,R
,111471,0,0,386,-0.002,-0.649,0.426,42.61,14.9,42.83,R
,111474,260,0,041,0.10,-0.58,0.392,54.50,32.48,30.5,R
,111481,496,0,3867,0.080,-0.607,0.703,35.08,33.43,-8.12,R
,111483,524,0,3854,0.076,-0.62,0.748,22.48,38.21,-15.3,R
,111484,487,0,089,0.07,-0.60,0.759,22.94,44.62,-17.8,R
,111486,498,0,4077,0.050,-0.571,0.770,18.77,5158,-30.5,R
,111487,399,0,3856,0.042,-0.562,0.791,22.30,5126,-34.82,R
,111490,332,0,978,0.011,-0.510,0.811,6.79,47.8,-47.06,R
,111491,335,0,856,0.021,-0.520,0.857,-2.97,45.72,-51.2,R
,111495,294,0,3851,-0.022,-0.504,0.891,-9.99,4.11,-55.25,R
,1114971,256,0,856,-0.14,-0.479,0.887,-8.60,40.21,-5969,R
,111506,505,0,095,0.05,-0.384,0.730,-13.33,1.08,-4125,R
,111507,506,0,3859,0.121,-0.36,0.753,-17.46,15.55,-4361,R
,111509,507,0,863,0.02,-0.337,0.851,35.67,30.85,-4186,R
,111511,489,0,3859,0.070,-0.40,1.107,-53.44,45.75,-2771,R
,1115121,368,0,078,0.09,-0.327,1.307,55.75,5.11,-23.96,R
,1115131,363,0,3855,-0.066,-0.410,1.458,-45.30,48.02,-1.50,R
,111514,190,0,044,-0.18,-0.42,1.610,-36.16,42.65,-680,R
,111516,176,0,990,-0.178,-0.412,1.761,-17.17,19.72,-458,R
,111517,173,0,851,-0.13,-0.378,1.780,-12.42,1.99,-5.29,R
,111519,191,0,858,-0.071,-0.32,1.720,0.19,-2.43,-0.6,R
,111522,171,0,961,0.05,-0.335,1.404,-0.49,-1.83,4.6,R
,111523,128,0,866,0.01,-0.357,1.258,3.67,-19.55,10.1,R
,111529,154,0,850,0.09,-0.350,1.037,.40,-34.62,19.62,R
,111531,144,0,854,0.08,-0.36,1.013,8.47,-39.27,21.2,R
,1115321,164,0,950,0.09,-0.357,1.001,9.51,-3720,24.9,R
,111533,168,0,850,-0.10,-0.352,1.014,9.83,-31.37,30.1,R
,111536,164,0,3982,0.019,-0.37,1.014,9.87,-30.31,37.4,R
,111537,179,0,3858,0.03,-0.38,1.025,2.01,-3.45,35.42,R
,111547,151,0,856,-0.28,-0.437,0.883,25.38,-43.75,3315,R
,111550,21,0,395,-0.11,-0.434,0.678,24.45,-2.10,38.6,R
,1115521,0,0,3994,-0.040,-0.455,0.562,12.59,-26.68,33.9,R
,111553,25,0,358,-0.13,-0.453,0.581,7.74,-2445,27.4,R
,111556,38,0,353,-0.07,-0.56,0.514,0.73,-2.80,17.0,R
,111559,91,0,359,-0.03,-0.54,0.537,11.35,-4.94,11.18,R
,111560,87,0,357,-0.04,-0.531,0.553,5.57,4.2,10.25,
,111562,88,0,352,-0.03,-0.526,0.704,.18,9.89,4.80,R
,111563,95,0,363,-0.103,-0.533,0.697,4.45,11.90,7.45,
,111565,75,0,358,-0.02,-0.509,0.736,-2.14,14.13,-4.45,R
,1115671,52,0,3857,-0.083,-0.493,0.752,-3.38,11.64,-11.7,R
,111568,75,0,4011,-0.062,-0.493,0.774,-4.92,11.46,-12.9,R
,111569,79,0,356,-0.08,-0.47,0.772,5.93,1441,-13.8,R
,111570,44,0,4043,-0.057,-0.473,0.787,-9.18,18.18,-14.01,R
,111573,0,0,381,-0.053,-0.475,0.852,-10.10,2195,-14.9,R
,111574,0,0,3981,-0.043,-0.482,0.857,-11.58,2236,-16.6,R
,111576,0,0,397,-0.04,-0.471,0.857,-2.54,2271,-19.1,R
,111579,58,0,347,-0.003,-0.459,0.838,-14.10,1.15,-2230,R
,111581,144,0,852,0.07,-0.48,0.831,-19.67,20.24,-24.35,R
,1115871,332,0,3863,0.093,-0.460,0.756,-13.64,1.21,-3265,R
,111589,326,0,868,0.14,-0.45,0.762,-19.99,15.57,-29.83,R
,111592,324,0,045,0.17,-0.306,0.979,38.72,32.95,-33.31,R
,111595,132,0,868,-0.028,-0.458,1.354,-28.25,34.44,-1.33,R
,111600,138,0,956,-0.76,-0.360,1.566,4.56,10.88,-7.6,R
,1116021,39,0,3969,-0.04,-0.337,1.478,.93,-1.63,-5.28,R
,111603,0,0,381,-0.012,-0.363,1.307,6.19,-9.37,-3.55,
,1116101,0,0,3918,0.053,-0.368,1.031,15.41,-23.95,12.00,!5
,1116141,0,0,3952,0.037,-0.411,1.041,1432,-34.16,14.91,R
,111615,16,0,368,0.032,-0.405,1.049,18.47,-2895,20.4,R
,111617,1,0,389,0.030,-0.396,1.068,20.56,-16.82,29.00,R
,111621,81,0,368,-0.00,-0.413,1.065,12.09,-28.27,24.69,R
,1116221,114,0,059,-0.35,-0.49,1.061,10.76,-32.92,23.76,R
,1116231,111,0,3861,-0.053,-0.439,1.052,12.93,-4.82,2472,R
,111624,130,0,3981,-0.57,-0.458,1.017,20.10,-34.83,2692,R
,111627,141,0,3856,-0.027,-0.441,0.891,31.86,-4.30,2593,R
,111631,0,0,385,-0.015,-0.467,0.665,1.45,-19.35,24.25,R
,111640,272,0,952,0.01,-0.51,0.514,14.77,-0.57,-2.7,R
,111641,85,0,3858,-0.002,-0.489,0.501,.41,9.0,-3.31,
,111643,80,0,355,-0.05,-0.451,0.594,-1.26,22.85,-0.61,R
,111644,111,0,001,-0.26,-0.487,0.674,1.51,22.31,-2.64,R
,111648,75,0,3965,-0.054,-0.481,0.798,-7.15,7.3,-18.0,R
,111656,0,0,3918,-0.056,-0.440,0.888,-.38,27.26,-21.2,R
,111659,52,0,358,-0.01,-0.465,0.879,-15.56,9.64,-27.51,R
,111662,139,0,3915,0.01,-0.474,0.841,-20.20,12.44,-25.16,R
,111663,147,0,862,0.077,-0.480,0.849,-15.15,1.62,-2421,R
,111665,131,0,858,0.04,-0.452,0.811,-9.30,24.92,-24.1,R
,1116681,374,0,4031,0.119,-0.422,0.722,10.46,2.75,-2679,R
,111670,401,0,030,0.151,-0.391,0.756,-16.51,2.48,-2975,R
,111672,134,0,086,0.12,-0.430,0.912,-31.91,27.93,-3293,R
,1116781,0,0,3955,-0.007,-0.345,1.490,-.55,17.69,-22.2,R
,1116791,3,0,3873,-0.083,-0.363,1.471,-.59,15.9,-17.3,R
,111683,0,0,385,-0.07,-0.326,1.492,-1.36,8.95,0.08,R
,111685,0,0,3875,-0.047,-0.351,1.303,367,-4.43,6.71,R
,111686,0,0,393,0.015,-0.361,1.333,4.97,-15.75,3.42,R
,1116931,0,0,3858,0.061,-0.369,1.069,8.91,-22.79,24.45,R
,111694,0,0,3925,0.022,-0.359,1.087,6.39,-24.08,25.68,R
,111696,0,0,393,-0.02,-0.389,1.137,6.74,-27.6,31.53,R
,1116981,0,0,390,0.003,-0.426,1.133,15.26,-34.71,33.53,!5
,111700,0,0,393,-0.00,-0.421,1.113,20.76,-36.60,32.9,R
,111702,0,0,390,-0.03,-0.426,1.081,22.22,-32.65,34.89,R
,111703,0,0,389,-0.02,-0.414,1.058,20.57,-32.42,35.76,R
,111706,45,0,4095,-0.071,-0.444,1.017,4.56,-3.28,33.1,R
,111712,144,0,989,-0.39,-0.455,0.712,36.64,-33.79,26.84,R
,1117131,91,0,3842,-0.012,-0.454,0.645,6.97,-3.17,23.9,R
,111714,80,0,419,0.01,-0.451,0.573,34.09,-29.56,18.98,R
,111720,0,0,391,-0.06,-0.460,0.435,-4.20,9.44,0.19,R
,111722,0,0,390,-0.02,-0.509,0.473,0.41,1.11,-3.71,R
,111723,0,0,389,-0.02,-0.494,0.475,4.73,2.63,-3.37,R
,111725,0,0,388,-0.06,-0.463,0.562,7.90,10.95,-9.71,
,111728,0,0,3913,-0.042,-0.457,0.671,-7.99,2876,-12.06,R
,111730,0,0,397,-0.07,-0.471,0.781,-17.87,30.62,-13.5,R
,1117311,7,0,382,-0.07,-0.479,0.844,-14.28,33.09,-17.96,R
,111734,116,0,4003,-0.063,-0.42,0.896,-2.71,24.15,-2511,R
,1117351,80,0,3853,-0.055,-0.45,0.876,3.33,26.59,-25.3,R
,1117371,240,0,3859,-0.036,-0.425,0.894,-4.94,3.71,-22.73,R
,1117411,223,0,3856,-0.037,-0.483,0.935,-17.67,25.60,-3.19,R
,111744,404,0,973,0.08,-0.471,0.904,-10.45,21.99,-3229,R
,111749,398,0,869,0.04,-0.470,0.876,-23.43,3.75,-37.48,R
,111750,387,0,032,0.02,-0.441,0.873,-22.71,3.62,-36.13,R
,1117521,405,0,4001,0.034,-0.48,0.889,-16.97,31.84,-3523,R
,111754,395,0,942,0.03,-0.443,0.940,-20.02,27.26,-4024,R
,111755,308,0,857,0.00,-0.431,0.957,-22.95,2.93,-39.83,R
,111757,80,0,357,-0.00,-0.378,1.099,-35.06,39.79,-33.75,R
,111759,0,0,387,-0.075,-0.397,1.305,-34.55,36.16,-28.12,R
,111765,0,0,382,-0.05,-0.358,1.489,3.64,9.92,-6.44,R
,111770,0,0,390,0.058,-0.333,1.165,1080,-11.64,0.40,
,111781,0,0,387,0.059,-0.361,1.058,20.36,-24.8,26.13,R
,111787,0,0,385,-0.02,-0.362,1.113,1.76,-27.82,31.9,R
,111788,0,0,401,-0.04,-0.370,1.134,15.99,-27.11,32.9,R
,111789,0,0,383,-0.07,-0.361,1.140,18.39,-27.06,34.7,R
,111790,0,0,395,-0.06,-0.375,1.163,19.80,-2662,35.1,R
,111791,0,0,383,-0.08,-0.374,1.125,17.55,-2813,35.79,R
,111792,0,0,384,-0.09,-0.389,1.115,16.42,-29.20,34.8,R
,111793,0,0,386,-0.14,-0.414,1.064,1.31,-3289,34.25,R
,1117981,0,0,3948,-0.080,-0.438,0.752,35.06,-35.76,29.1,R
,1118001,13,0,4011,-0.109,-0.48,0.597,33.54,-31.14,26.8,R
,111801,0,0,387,-0.11,-0.495,0.512,3.30,-2700,27.29,R
,111806,0,0,398,-0.07,-0.492,0.320,7.55,6.76,2.91,R
,111809,0,0,385,-0.10,-0.524,0.334,059,-4.7,-7.90,R
,111810,0,0,4068,-0.092,-0.560,0.447,-1.65,-2.11,-11.2,R
,111812,73,0,399,-0.00,-0.532,0.469,0.53,10.9,-1.06,R
,111817,128,0,869,-0.087,-0.509,0.801,-16.54,39.40,-2.94,R
,111818,147,0,032,-0.105,-0.50,0.845,-11.68,39.00,-2.75,R
,111820,149,0,059,-0.86,-0.41,0.892,-14.04,37.20,-2.19,R
,111821,162,0,873,-0.095,-0.40,0.891,-18.43,40.76,-2.55,R
,111824,154,0,3900,-0.074,-0.460,0.927,-18.92,38.82,-2.31,R
,111830,412,0,3899,-0.036,-0.467,0.899,-35.18,2.41,-34.80,R
,1118311,423,0,3866,-0.014,-0.490,0.915,-34.88,3.40,-3.55,R
,111832,425,0,920,-0.011,-0.502,0.917,-34.59,33.15,-3.28,R
,111835,459,0,875,0.00,-0.50,0.827,15.24,16.07,-36.99,R
,111836,493,0,009,0.00,-0.46,0.754,-12.80,14.82,-3812,R
,111837,496,0,887,0.086,-0.42,0.732,-14.22,14.79,-3807,R
,111839,496,0,874,0.03,-0.422,0.840,35.00,24.24,-3497,R
,111843,342,0,3867,-0.101,-0.445,1.445,-37.87,27.21,-2.64,R
,111847,314,0,843,-0.129,-0.400,1.739,-10.46,.64,-8.21,R
,1118511,290,0,866,-0.08,-0.39,1.416,6.06,-1.85,-0.47,R
,111854,249,0,914,0.06,-0.35,1.181,12.12,-16.25,10.7,R
,1118551,246,0,867,0.00,-0.36,1.136,10.36,-19.63,11.8,R
,111859,173,0,3862,0.007,-0.386,1.056,9.45,-3480,17.67,R
,111861,150,0,870,-0.04,-0.36,1.042,10.41,-36.31,2313,R
,1118631,140,0,866,-0.31,-0.36,1.059,9.95,-34.57,30.5,R
,111866,215,0,893,-0.37,-0.393,1.075,17.87,-36.57,3448,R
,1118681,288,0,4016,-0.042,-0.393,1.075,21.28,-40.36,3026,R
,111872,368,0,935,-0.159,-0.392,1.092,23.80,-36.40,3242,R
,111873,362,0,855,-0.75,-0.40,1.075,22.38,-40.13,3129,R
,111874,392,0,888,-0.59,-0.47,1.033,27.06,-48.94,2936,R
,111879,528,0,3877,-0.123,-0.481,0.738,50.99,-6.80,2851,R
,111881,464,0,3882,-0.039,-0.446,0.511,34.97,-42.53,24.91,R
,111883,304,0,3863,0.097,-0.468,0.380,26.12,-1.79,28.0,R
,1118931,398,0,873,-0.024,-0.496,0.676,-5.73,34.71,3.4,R
,111894,164,0,939,-0.50,-0.502,0.712,-16.78,37.21,-325,R
,1119021,395,0,3978,-0.052,-0.486,0.857,-15.85,32.65,-1.51,R
,1119031,383,0,3874,-0.46,-0.477,0.881,-15.38,33.02,-1.31,R
,1119041,352,0,3938,-0.026,-0.470,0.882,-17.61,1.20,-1.21,R
,111906,446,0,3897,-0.44,-0.474,0.893,-20.52,19.69,-2.40,R
,111912,511,0,862,0.063,-0.468,0.828,22.95,25.96,-21.20,R
,111914,457,0,889,0.109,-0.462,0.774,-13.76,3.66,-2270,R
,1119181,445,0,3951,0.106,-0.393,0.752,25.61,20.60,-3543,R
,111919,394,0,888,0.18,-0.34,0.844,-36.31,21.72,-3403,R
,111921,269,0,883,0.02,-0.433,1.112,-46.04,33.03,-2342,R
,111923,66,0,365,-0.06,-0.32,1.411,-31.26,36.60,-18.04,R
,1119381,0,0,3942,0.057,-0.396,1.035,11.78,-16.40,11.04,R
,111940,79,0,309,-0.01,-0.40,1.015,9.02,-23.89,12.07,R
,111944,234,0,866,0.04,-0.391,1.004,19.22,-2.51,22.0,R
,111945,283,0,3872,0.057,-0.383,1.016,20.73,-2.15,23.04,R
,111949,80,0,371,-0.03,-0.38,1.100,10.13,-20.85,23.59,R
,1119501,69,0,3927,-0.035,-0.400,1.108,7.49,-19.29,26.29,R
,1119511,80,0,388,-0.062,-0.411,1.123,7.69,-17.89,30.23,R
,111953,83,0,366,-0.146,-0.416,1.143,0.22,-13.29,34.86,R
,1119541,265,0,924,-0.26,-0.54,1.155,12.77,-6.68,3591,R
,111955,288,0,869,-0.92,-0.438,1.123,17.89,-5.40,3429,R
,1119571,416,0,3878,-0.147,-0.448,1.039,35.16,-8.94,2549,R
,111958,453,0,3881,-0.147,-0.458,0.944,40.62,-44.45,2245,R
,111959,426,0,863,-0.11,-0.455,0.851,45.26,-6.89,1932,R
,111960,379,0,923,-0.98,-0.444,0.759,42.51,-5.43,1683,R
,111964,144,0,967,-0.63,-0.467,0.500,18.48,-2.63,2106,R
,111967,0,0,382,-0.015,-0.520,0.449,8.90,-9.5,15.16,
,111970,69,0,3863,0.00,-0.551,0.467,7.09,-7.4,1.15,R
,111975,339,0,875,-0.18,-0.462,0.682,-8.01,30.04,0.98,R
,111976,293,0,888,-0.58,-0.480,0.743,-14.72,1.05,-305,R
,111978,352,0,888,-0.45,-0.496,0.838,-11.06,0.44,-1.87,R
,111982,439,0,917,-0.26,-0.457,0.871,-15.84,6.65,-2.14,R
,111987,581,0,885,-0.49,-0.512,0.957,-27.93,3.70,-2.61,R
,111990,621,0,850,-0.47,-0.497,0.914,-22.34,14.47,-19.67,R
,111991,627,0,875,-0.07,-0.496,0.902,-20.63,3.81,-1.42,R
,111992,631,0,860,0.024,-0.494,0.882,22.42,12.95,-1783,R
,1119931,647,0,3889,0.036,-0.48,0.823,-22.34,13.96,-17.57,R
,111994,656,0,857,0.066,-0.491,0.794,22.01,12.70,-17.64,R
,111996,675,0,3907,0.118,-0.473,0.701,18.59,6.10,-23.4,R
,1119971,682,0,3893,0.17,-0.47,0.662,-17.97,2.51,-26.62,R
,111998,655,0,939,0.10,-0.449,0.609,-20.05,207,-29.2,R
,112000,652,0,984,0.214,-0.440,0.633,25.32,2.99,-31.7,R
,1120011,653,0,3877,0.177,-0.404,0.779,31.18,1.24,-3270,R
,112009,782,0,888,-0.67,-0.436,1.798,4.33,-6.28,-7.2,R
,1120121,799,0,3888,0.071,-0.399,1.462,13.08,-17.67,-4.82,R
,112013,787,0,888,0.02,-0.36,1.309,16.86,-19.26,0.16,R
,112015,735,0,889,0.09,-0.341,1.118,18.73,-19.63,4.19,R
,112016,736,0,971,0.06,-0.371,1.069,5.37,-19.66,3.0,R
,112018,623,0,877,0.033,-0.386,1.011,11.49,-22.24,5.73,R
,1120201,611,0,3869,0.05,-0.40,0.979,15.54,-28.62,12.5,R
,1120211,615,0,3879,0.01,-0.38,0.985,17.26,-28.88,14.22,R
,1120241,601,0,3853,0.038,-0.414,0.963,8.24,-31.96,19.2,R
,112026,571,0,3857,0.056,-0.389,0.980,1.66,-24.02,25.0,R
,1120271,567,0,3888,0.063,-0.387,0.957,8.22,-1.63,25.6,R
,112029,547,0,890,0.02,-0.394,0.971,13.95,-18.21,26.89,R
,112030,507,0,930,0.02,-0.401,1.002,2.35,-1.40,26.4,R
,112032,528,0,3920,-0.029,-0.441,1.035,8.83,-2.77,22.5,R
,112033,541,0,879,-0.92,-0.403,1.066,14.33,-4.92,2419,R
,112037,735,0,875,-0.51,-0.47,0.967,36.54,-42.22,2089,R
,112039,846,0,903,-0.40,-0.438,0.862,43.38,-39.34,2260,R
,112040,851,0,3888,0.177,-0.296,0.760,40.28,-2.52,16.8,R
,1120421,850,0,3909,0.025,-0.434,0.652,0.77,-2.98,16.2,R
,112045,846,0,897,0.00,-0.527,0.509,4.30,-11.24,16.7,R
,112046,863,0,899,0.101,-0.477,0.474,1.43,-2.76,13.4,R
,1120471,865,0,3900,0.049,-0.54,0.467,9.52,-4.83,13.0,R
,112050,882,0,880,0.03,-0.535,0.484,11.78,4.6,5.21,R
,112051,895,0,884,-0.05,-0.529,0.505,6.71,4.6,3.26,R
,1120521,898,0,3881,0.022,-0.528,0.645,2.56,4.0,-2.42,R
,112055,859,0,894,-0.12,-0.494,0.701,-14.13,24.83,-282,R
,112058,822,0,3857,-0.034,-0.526,0.841,-8.36,22.11,-7.3,R
,112061,961,0,3895,-0.020,-0.54,0.866,-2.52,27.05,-1684,R
,112062,999,0,931,-0.55,-0.466,0.854,-5.32,28.47,-1401,R
,112067,987,0,874,0.05,-0.473,0.933,-11.56,23.24,-1864,R
,1120711,1085,0,3885,0.043,-0.419,0.897,-3.87,2.55,-21.37,R
,1120721,1094,0,3856,0.051,-0.42,0.913,-11.59,31.24,-2.74,R
,112075,832,0,888,0.039,-0.42,0.956,17.70,37.28,-1856,R
,112076,885,0,853,0.022,-0.43,0.981,-15.35,37.17,-2097,R
,112077,874,0,891,0.04,-0.428,1.002,13.50,32.41,-2455,R
,112085,898,0,3891,0.038,-0.445,0.991,14.42,38.18,-2135,R
,112086,848,0,895,0.02,-0.452,1.010,15.24,36.77,-2590,R
,1120871,842,0,3888,-0.17,-0.469,0.990,-14.78,9.12,-2.06,R
,112088,843,0,901,-0.044,-0.464,0.993,-15.01,8.73,-30.65,R
,112090,852,0,3910,-0.020,-0.40,1.005,-14.46,9.40,-2917,R
,112093,758,0,879,-0.017,-0.48,0.968,-8.74,19.84,-25.81,R
,1120971,701,0,3889,-0.24,-0.464,0.927,-11.32,.98,-2906,R
,112104,683,0,856,0.03,-0.448,0.871,-7.96,1138,-20.65,R
,112105,755,0,889,0.048,-0.43,0.847,-6.95,9.29,-22.1,R
,112106,811,0,3870,0.053,-0.440,0.797,-7.21,6.68,-23.58,R
,112109,839,0,3898,0.072,-0.39,0.716,-12.91,9.76,-21.3,R
,112110,813,0,857,0.05,-0.42,0.687,-13.24,12.56,-1969,R
,112111,741,0,3892,0.068,-0.51,0.616,-11.30,16.53,-20.06,R
,112112,640,0,861,0.00,-0.367,0.779,-18.02,14.01,-1984,R
,112113,603,0,874,0.00,-0.40,0.878,-23.20,14.18,-18.99,R
,112114,610,0,3863,0.063,-0.39,0.949,-22.17,8.62,-20.91,R
,112116,599,0,858,-0.24,-0.393,1.116,-23.35,4.56,-11.69,R
,112123,609,0,888,-0.59,-0.407,1.384,-1.17,-.90,20.40,R
,112124,592,0,865,-0.031,-0.458,1.302,2.77,-7.96,23.88,R
,112126,526,0,3881,0.002,-0.43,1.168,7.98,-12.30,30.1,R
,112127,464,0,3888,0.030,-0.453,1.127,10.41,-1.57,29.85,R
,112128,461,0,3882,0.021,-0.46,1.070,11.90,-17.63,29.6,R
,112130,496,0,925,0.01,-0.46,0.991,17.96,-18.02,31.3,R
,1121331,496,0,888,0.01,-0.463,0.968,.15,-21.18,32.7,R
,112134,495,0,861,0.03,-0.480,0.979,3.86,-2367,33.12,R
,1121361,480,0,3877,0.004,-0.528,1.027,5.45,-2622,35.84,R
,112139,487,0,3885,-0.017,-0.513,1.085,14.77,-0.04,38.34,R
,112146,483,0,3842,-0.082,-0.466,1.111,18.91,-6.48,31.93,R
,112147,496,0,894,-0.96,-0.44,1.122,18.76,-27.89,3225,R
,1121501,504,0,932,-0.80,-0.45,1.131,13.45,-33.52,27.96,R
,112152,527,0,3886,-0.79,-0.499,1.088,17.09,-35.72,2944,R
,1121531,541,0,881,-0.92,-0.47,1.028,22.16,-33.75,3043,R
,112157,622,0,3882,-0.92,-0.53,0.716,47.70,-3.05,21.15,R
,112158,645,0,3874,-0.258,-0.511,0.624,47.90,-35.64,1854,R
,1121591,637,0,893,-0.15,-0.47,0.488,39.64,-32.28,1187,R
,112160,682,0,3913,-0.020,-0.441,0.400,38.45,-4.02,1236,R
,1121641,669,0,877,-0.41,-0.512,0.357,13.25,-6.74,5.26,R
,112169,691,0,891,-0.01,-0.51,0.491,11.46,12.57,-5.1,R
,112172,795,0,888,-0.55,-0.52,0.600,6.09,27.34,-3.6,R
,112175,707,0,3883,-0.130,-0.555,0.793,-13.96,5.63,-1.32,R
,112177,847,0,887,-0.102,-0.560,0.900,-12.83,13.89,-2.19,R
,112180,870,0,3899,-0.115,-0.518,0.910,-6.95,2.38,-2157,R
,112182,954,0,888,-0.089,-0.492,0.927,-9.82,3.47,-1734,R
,112192,976,0,893,0.076,-0.489,0.826,-21.12,10.51,-2949,R
,112193,975,0,895,0.00,-0.47,0.764,-19.90,880,-28.8,R
,1121951,987,0,3899,0.136,-0.436,0.653,-17.17,062,-29.9,R
,112196,992,0,907,0.216,-0.434,0.621,-14.98,-.13,-3444,R
,112198,883,0,865,0.21,-0.36,0.534,-23.35,-1.52,-3932,R
,112201,999,0,887,0.11,-0.319,0.793,-46.92,2.16,-3161,R
,112202,995,0,3872,0.177,-0.171,1.036,-61.67,2.92,-37.98,R
,112207,960,0,891,-0.67,-0.343,1.827,-27.52,23.20,1833,R
,112214,828,0,3888,0.04,-0.40,1.312,7.78,-30.36,28.8,R
,112217,800,0,902,0.01,-0.385,1.123,15.05,-3.27,32.6,R
,112218,822,0,3933,0.13,-0.39,1.089,1.40,-3.40,35.56,R
,112220,839,0,969,0.04,-0.44,1.077,2.12,-39.87,33.9,R
,112221,820,0,896,0.044,-0.459,1.088,-0.26,-38.79,38.4,R
,112222,838,0,888,0.05,-0.48,1.110,.60,-38.76,43.42,R
,112223,830,0,3892,0.06,-0.48,1.134,5.95,-38.27,47.9,R
,112225,827,0,882,0.05,-0.51,1.162,6.71,-39.81,49.0,R
,112227,817,0,3885,0.062,-0.528,1.138,6.88,-4060,53.8,R
,112228,814,0,840,0.07,-0.53,1.160,.48,-43.35,54.9,R
,112231,806,0,891,0.071,-0.642,1.176,1.34,-6320,44.0,R
,112232,757,0,3889,0.075,-0.685,1.133,1.89,-6961,40.4,R
,112233,754,0,3890,0.076,-0.708,1.099,.58,-7405,37.23,R
,112235,736,0,891,0.17,-0.772,0.986,4.83,-70.05,29.9,R
,112236,748,0,3920,0.151,-0.765,0.911,3.51,-63.84,25.7,R
,112242,843,0,871,0.08,-0.74,0.481,-45.79,-53.56,-2.02,R
,1122431,834,0,3888,0.057,-0.758,0.437,-44.98,-2.37,-3.21,R
,112244,848,0,3856,0.11,-0.632,0.361,-41.85,-59.23,-41.00,R
,112245,854,0,888,0.00,-0.689,0.303,-31.41,-8.18,-4.26,R
,1122471,847,0,888,0.04,-0.60,0.260,-29.67,-4.66,-46.99,R
,112248,845,0,856,0.036,-0.569,0.250,37.78,-4.56,-50.45,R
,112249,823,0,888,0.00,-0.549,0.266,-45.26,-5.78,-5.32,R
,1122501,843,0,3852,-0.10,-0.559,0.322,-50.68,-31.61,-55.19,R
,112255,857,0,885,-0.53,-0.484,0.482,-56.37,23.08,-4.35,R
,112261,847,0,890,0.107,-0.522,0.523,-41.90,-.71,-2922,R
,1122701,848,0,3845,0.28,-0.602,0.541,-43.73,13.92,-12.16,R
,1122711,874,0,3889,0.20,-0.66,0.557,-42.36,572,-19.5,R
,112273,827,0,3883,0.302,-0.629,0.562,39.26,-2.07,-28.50,R
,112274,885,0,3830,0.37,-0.663,0.630,-40.16,279,-26.1,R
,1122761,918,0,850,0.36,-0.625,0.801,-40.20,2.60,-1816,R
,112278,905,0,855,0.302,-0.643,1.042,35.20,50.25,-14.30,R
,112289,992,0,889,0.308,-0.626,1.280,1.67,5.2,18.87,
,1122901,987,0,3851,0.302,-0.656,1.348,.76,-1098,15.29,R
,112291,960,0,886,0.38,-0.689,1.234,7.52,-2193,14.9,R
,112292,938,0,856,0.30,-0.677,1.185,16.45,-29.64,13.99,R
,1122931,953,0,3888,0.35,-0.66,1.118,20.54,-3.85,13.20,R
,112296,908,0,3872,0.321,-0.623,1.005,5.00,-3.36,26.71,R
,112297,908,0,3907,0.330,-0.660,1.011,0.57,-3.21,29.2,R
,112298,912,0,879,0.32,-0.66,1.031,10.09,-4.14,30.43,R
,112299,879,0,3899,0.271,-0.677,1.037,3.83,-4.19,33.53,R
,112300,883,0,871,0.24,-0.681,1.007,19.95,-4.60,36.7,R
,112302,880,0,871,0.230,-0.670,0.960,6.07,-3.73,38.1,R
,112305,874,0,3899,0.184,-0.671,0.948,2.36,-5.63,34.1,R
,112318,1006,0,3846,0.107,-0.660,0.127,30.19,-47.23,21.09,R
,112320,901,0,856,0.17,-0.65,-0.009,23.00,-8.22,15.75,R
,112321,775,0,883,0.29,-0.657,-0.074,20.79,-31.50,1164,R
,112322,830,0,858,0.196,-0.661,-0.084,15.64,-23.52,6.83,R
,1123241,880,0,3856,0.20,-0.70,-0.092,6.68,-18.71,-10.53,R
,1123251,879,0,3889,0.22,-0.73,-0.045,6.97,-1.71,-12.47,R
,112331,881,0,3888,0.153,-0.71,0.280,-23.39,5.28,-5.92,R
,112332,935,0,850,0.054,-0.791,0.480,21.62,5.77,-8.4,R
,112333,944,0,884,0.034,-0.790,0.596,16.33,4.71,-1120,R
,1123361,960,0,3856,0.042,-0.71,0.676,-0.83,2602,-23.34,R
,112337,931,0,894,0.02,-0.692,0.658,-0.02,29.76,-19.19,R
,1123381,849,0,3844,0.056,-0.671,0.653,.16,33.9,-10.4,R
,1123421,848,0,3849,0.14,-0.65,0.630,-5.04,5036,-15.2,R
,112343,848,0,894,0.165,-0.635,0.593,10.01,4.34,-1740,R
,112345,880,0,870,0.208,-0.676,0.612,-19.68,2.62,-19.48,R
,1123471,885,0,898,0.242,-0.664,0.579,-22.74,2.79,-1682,R
,112348,912,0,846,0.296,-0.706,0.593,-23.30,27.00,-1717,R
,112349,913,0,3889,0.20,-0.738,0.587,-19.21,29.84,-17.83,R
,112360,832,0,860,0.093,-0.605,1.207,7.96,4352,-18.0,R
,1123611,837,0,3893,0.113,-0.508,1.299,5.53,3422,-16.5,R
,112362,867,0,856,0.186,-0.514,1.351,5.84,2706,-10.0,R
,112367,903,0,888,0.212,-0.528,1.505,7.38,7.1,15.35,
,112369,848,0,3890,0.262,-0.491,1.317,15.83,-013,27.6,R
,1123701,772,0,3856,0.20,-0.54,1.442,18.01,-1.10,26.37,R
,1123711,715,0,3891,0.27,-0.573,1.364,26.64,-1.82,31.3,R
,112373,699,0,888,0.282,-0.595,1.258,30.90,-30.33,39.0,R
,112377,791,0,3887,0.312,-0.67,1.085,36.09,-4.67,44.3,R
,1123791,893,0,888,0.31,-0.769,1.010,32.99,-5.55,46.4,R
,112380,903,0,3852,0.361,-0.77,1.014,30.32,-5.21,45.23,R
,1123831,1011,0,3902,0.23,-0.854,0.972,24.61,-52.85,31.88,R
,112389,1104,0,3903,0.304,-0.87,0.794,6.88,-5.40,13.5,R
,1123931,945,0,3902,0.29,-1.010,0.676,-24.48,-56.39,-7.43,R
,1123941)bbªbrbjrʺbrbjrbjrbjrʺbRJH1123951,951,0,3892,0.17,-0.926,0.622,-16.33,-53.05,-1.60,R
,112396,945,0,856,0.127,-0.876,0.604,13.78,-8.19,-1.80,R
,112397,949,0,3901,0.107,-0.83,0.564,-16.23,-3.67,-2.28,R
,112399,913,0,3899,0.10,-0.79,0.455,-35.81,-7.85,-4.69,R
,112402,918,0,855,0.101,-0.72,0.239,43.38,-0.25,-3.51,R
,112403,765,0,889,0.119,-0.704,0.190,-39.21,-46.45,-31.71,R
,112404,656,0,856,0.143,-0.650,0.120,-38.40,-8.85,-31.95,R
,1124051,685,0,3900,0.182,-0.619,0.102,-37.58,-31.30,-37.13,R
,1124061,511,0,3840,0.173,-0.58,0.083,40.54,-6.83,-4.09,R
,112407,530,0,898,0.16,-0.554,0.083,-44.74,-4.92,-47.43,R
,112409,528,0,3897,0.152,-0.536,0.198,-45.76,-9.53,-54.80,R
,112413,471,0,894,0.098,-0.48,0.292,-50.72,-.91,-3166,R
,1124141,494,0,3854,0.01,-0.502,0.364,-45.27,561,-26.7,R
,112415,469,0,3889,0.07,-0.49,0.412,-39.21,845,-21.8,R
,1124171,477,0,3900,0.123,-0.562,0.489,23.23,-0.54,-18.09,R
,112418,487,0,842,0.122,-0.544,0.482,15.27,-.63,-1772,R
,112419,479,0,3894,0.19,-0.547,0.474,-10.49,-5.58,-1.52,R
,1124201,547,0,3854,0.20,-0.536,0.475,-10.28,-7.70,-1.32,R
,1124211,880,0,3898,0.291,-0.53,0.449,-15.65,-5.46,-1.29,R
,1124221,896,0,3851,0.304,-0.533,0.437,-23.20,-7.44,-7.00,R
,112424,975,0,3843,0.36,-0.580,0.471,-29.97,1.47,4.5,R
,112426,1017,0,3851,0.406,-0.63,0.512,-19.65,3.17,6.5,R
,1124311,1243,0,3901,0.80,-0.662,0.421,-17.56,.48,-0.7,R
,112435,1280,0,3894,0.46,-0.698,0.499,-21.14,5.46,-1.00,R
,112440,1222,0,3856,0.04,-0.746,0.779,-22.11,8.25,-1.36,R
,1124441,1207,0,3846,0.43,-0.750,1.201,-13.87,22.95,-7.63,R
,112454,1113,0,3853,0.07,-0.69,0.971,15.19,-2.98,1193,R
,1124701,1155,0,3856,0.289,-0.730,0.807,9.34,-54.13,19.96,R
,1124731,1115,0,3904,0.13,-0.86,0.646,25.58,-1.34,2810,R
,1124831,1141,0,3903,0.51,-0.751,-0.064,16.82,37.84,-12.04,R
,112489,902,0,891,0.273,-0.69,-0.125,-3.10,2.83,-1190,R
,112491,880,0,895,0.20,-0.759,0.136,-2.83,2147,-18.70,R
,112494	ªbbªbrʪbjbrʚbrbrbrbJH1124951,897,0,3890,0.309,-0.698,0.242,.81,40.63,-1.23,!5
,112501,1136,0,3906,0.52,-0.766,0.388,-0.33,1.31,-1184,R
,1125031,1185,0,3899,0.393,-0.730,0.378,0.27,4763,-9.8,R
,1125041,1200,0,3856,0.15,-0.727,0.397,-4.01,5.34,-5.3,R
,1125131,1144,0,3888,0.27,-0.725,0.476,-17.36,6.68,-2.30,R
,112514,1104,0,3847,0.505,-0.717,0.443,-23.18,3.72,-20.51,R
,1125151,1115,0,3883,0.506,-0.730,0.460,-27.21,5.17,-2.76,R
,1125171,1104,0,3888,0.558,-0.742,0.519,-29.85,5.57,-38.21,R
,112518,1121,0,3854,0.565,-0.751,0.492,-22.77,20.70,-45.54,R
,1125241,1023,0,3850,0.384,-0.684,1.283,-39.58,4.48,-1.66,R
,1125331,1215,0,3905,0.552,-0.630,1.060,16.24,920,22.8,R
,112556,1157,0,3856,0.426,-1.010,0.688,0.70,-3.22,21.0,R
,112558,1175,0,3856,0.410,-1.035,0.568,-2.78,-6.65,6.4,R
,112562,1127,0,3853,0.376,-1.041,0.335,-35.43,40.62,-26.29,R
,112581,1232,0,3899,0.207,-0.575,0.277,-49.49,&bjrbRJH1125821,1248,01rbjrbrbjrbrbjrbR
,112587,1349,0,3904,0.333,-0.629,0.316,-32.80,8.54,1310,R
,1126081,1226,0,3850,0.534,-0.839,1.245,-9.46,3.02,10.5,R
,1126441,1331,0,3850,0.223,-0.749,0.027,53.23,-29.34,18.54,R
,112651,1330,0,3894,0.297,-0.821,-0.24,6.99,2.08,21.8,R
,112662,1292,0,3840,0.237,-0.84,0.382,-17.79,6.68,0.33,R
,1126631,1296,0,3897,0.272,-0.940,0.404,-9.20,21.41,-5.16,R
,1126651,1285,0,3899,0.266,-0.96,0.432,-0.19,16.76,-12.10,R
,112676,1227,0,3856,0.304,-0.87,0.423,-12.28,1.43,-9.26,R
,1126821,1171,0,3854,0.27,-0.838,0.446,-19.32,24.73,-21.72,R
,1126901,1100,0,3853,0.47,-0.927,0.547,-24.23,19.66,-3.10,R
,112691,1104,0,3888,0.366,-0.96,0.558,-22.26,3.21,-35.16,R
,112693,1125,0,3888,0.03,-0.946,0.564,-19.67,31.81,-31.63,R
,112694,1129,0,3850,0.13,-0.915,0.562,-19.44,5.92,-32.27,R
,1126961,1247,0,3859,0.394,-0.91,0.539,-17.70,4.47,-38.42,R
,1126991,1280,0,3890,0.425,-0.85,0.490,-12.69,7.02,-5.42,R
,112700)bbªbrbjrbrbjrbrbjrbRJH112701,1292,0,3878,0.54,-0.861,0.477,-11.14,15.75,-5.61,R
,112708,1475,0,3848,0.469,-0.75,0.581,-23.87,9.73,-4.48,R
,1127151,1431,0,3874,0.428,-0.66,0.805,-29.36,8.36,-2.90,R
,112716,1455,0,3839,0.68,-0.580,0.855,-24.28,5.18,-1.56,R
,112722,1366,0,3847,0.414,-0.605,0.788,-24.46,-27.15,32.08,R
,112723,1360,0,3866,0.481,-0.683,0.797,-14.17,-32.34,37.85,R
,1127251,1311,0,3886,0.19,-0.684,0.757,4.13,-2.48,42.66,R
,112728,1327,0,3850,0.72,-0.715,0.728,17.26,-25.59,4033,R
,112741,1296,0,3890,0.33,-0.811,0.532,31.72,-2.85,35.27,R
,112742,1298,0,3848,0.76,-0.817,0.550,31.32,-2.82,39.93,R
,1127461,1339,0,3859,0.09,-0.930,0.463,33.40,-31.24,33.82,R
,1127511,1427,0,3893,0.58,-0.95,0.119,75.14,-7.29,8.4,R
,1127551,1435,0,3891,0.35,-0.86,-0.11,66.03,-24.31,-4.32,R
,1127561,1441,0,3867,0.49,-0.838,-0.169,45.05,25.08,-.93,R
,1127681,1393,0,3856,0.16,-0.825,0.175,-7.06,5.66,10.0,R
,112773,1392,0,3889,0.84,-0.855,0.359,-21.17,8.54,-10.09,R
,112774,1425,0,3853,0.71,-0.849,0.397,-24.16,37.11,-7.43,R
,1127771,1515,0,3891,0.262,-0.836,0.442,-10.75,64.63,3.04,R
,1127791,1455,0,3892,0.60,-0.839,0.480,-13.26,1.26,-554,R
,112806,1503,0,3857,0.09,-0.635,0.920,10.57,-30.51,-844,R
,1128081,1507,0,3863,0.38,-0.639,0.847,19.29,-6.21,-508,R
,112811,1511,0,3889,0.66,-0.59,0.766,25.25,-2.56,7.9,R
,1128131,1520,0,3899,0.40,-0.597,0.748,25.22,-7.41,1829,R
,1128321,1392,0,3853,0.059,-0.737,0.137,116.01,9.12,5217,R
,1128341,1344,0,3839,0.180,-0.684,0.046,103.90,.52,54.4,R
,1128421,1182,0,3852,0.277,-1.002,0.371,44.50,-.96,34.58,R
,1128441,1207,0,3856,0.76,-0.970,0.289,69.95,2.85,48.0,R
,112846,1286,0,3857,0.298,-0.825,0.340,55.86,5.67,33.4,R
,112859,1254,0,3899,0.170,-0.779,0.618,14.47,4.04,3.16,R
,1128611,1264,0,3901,0.165,-0.735,0.559,-10.40,4.44,-013,R
,1128911,1361,0,3895,0.358,-0.73,1.052,21.95,-37.34,5.2,R
,1128931,1371,0,3889,0.317,-0.62,0.980,20.42,-44.33,7.39,R
,112895,1409,0,3891,0.360,-0.68,0.904,8.35,-57.01,10.6,R
,112910,1489,0,3863,0.136,-0.807,0.510,16.44,-69.43,-10.94,R
,112918,1339,0,3854,0.189,-0.640,0.092,2.80,-2.59,-1505,R
,1129201,1298,0,3847,0.172,-0.67,0.061,-17.87,5.58,-1945,R
,1129321,1284,0,3856,0.261,-0.71,0.417,-18.30,5.58,-15.14,R
,112941,1438,0,3893,0.260,-0.760,0.566,-9.24,5.59,-1810,R
,112945,1499,0,3897,0.355,-0.73,0.600,-16.28,8.85,-19.37,R
,1129481)ʚbbªbrbjrbrbjrbrbjrºbJH112949,1591,0,3895,0.41,-0.743,0.595,-14.91,2.31,-1.99,R
,112955,1584,0,3887,0.374,-0.757,0.770,-38.95,1.46,-18.93,R
,112956,1586,0,3844,0.513,-0.60,0.917,-44.39,9.18,-13.78,R
,112962,1595,0,3842,0.452,-0.67,1.484,-6.49,5.24,-26.0,R
,1129671,1472,0,3889,0.501,-0.66,1.321,5.02,-621,-10.25,R
,112973,1462,0,3902,0.387,-0.562,0.954,20.33,-46.34,-2.47,R
,1129791,1503,0,3899,0.275,-0.600,0.882,35.64,-51.89,8.39,R
,1129821,1511,0,3850,0.28,-0.51,0.804,38.53,-6.98,9.4,R
,112983,1513,0,3907,0.117,-0.69,0.797,31.92,-49.34,7.76,R
,112985,1455,0,3905,0.152,-0.62,0.703,41.83,-3.59,14.29,R
,1129891,1519,0,3890,0.283,-0.39,0.442,58.54,-3.24,2932,R
,1129921,1511,0,3856,0.16,-0.588,0.269,74.64,-3.87,1559,R
,112999,1475,0,3895,0.358,-0.69,0.090,58.93,1.57,14.11,R
,113002,1519,0,3844,0.297,-0.773,0.209,56.80,50.22,19.5,R
,113005,1435,0,3909,0.233,-0.77,0.408,66.06,6.99,13.1,R
,1130071,1381,0,3899,0.79,-0.673,0.457,48.82,70.42,-2.41,R
,113009,1407,0,3888,0.95,-0.683,0.494,10.06,55.14,-1575,R
,113010,1437,0,3823,0.192,-0.78,0.622,4.56,3943,-19.2,R
,113016,1600,0,3845,0.264,-0.64,0.735,7.78,7532,-26.79,R
,1130181,1619,0,3846,0.182,-0.67,0.776,0.76,9601,-23.17,R
,113020,1580,0,3838,0.190,-0.68,0.818,-15.09,9.69,-24.84,R
,113028,1555,0,3843,0.316,-0.53,0.650,-9.35,3.05,-3505,R
,1130311,1592,0,3893,0.365,-0.51,0.721,-27.15,6.04,-31.14,R
,1130321,1595,0,3844,0.369,-0.55,0.807,-27.01,3.52,-3.16,R
,113033,1589,0,3888,0.64,-0.565,0.896,-30.95,38.68,-34.45,R
,113034,1590,0,3841,0.390,-0.54,0.991,-33.39,35.28,-37.87,R
,113037,1584,0,3894,0.314,-0.57,1.292,-36.89,4.80,-24.39,R
,113043,1595,0,3907,0.32,-0.424,1.740,-12.40,2.22,-422,R
,113049,1485,0,3894,0.66,-0.449,1.224,8.28,-23.87,9.93,R
,113054,1559,0,3835,0.326,-0.462,1.052,5.69,-21.85,22.07,R
,113059,1525,0,3920,0.259,-0.534,0.994,16.21,-0.54,34.13,R
,113074,1489,0,3840,0.57,-0.557,0.634,42.13,-3.34,15.71,R
,113083,1451,0,3925,0.34,-0.64,0.213,0.13,-818,-3.3,R
,1130851,1456,0,3904,0.18,-0.594,0.221,1.08,5.2,-3.64,R
,1130861,1446,0,3837,0.12,-0.667,0.292,-6.22,8.28,-7.17,R
,113095,1431,0,3910,0.077,-0.610,0.715,-14.14,29.96,-2.80,R
,1131051,1535,0,3938,0.52,-0.566,0.696,-2.69,4.17,-8.1,R
,113108,1555,0,3830,0.74,-0.526,0.642,-17.81,2.48,-9.71,R
,1131101,1558,0,3823,0.81,-0.536,0.722,-35.35,2.19,-4.25,R
,1131131,1603,0,3920,0.18,-0.725,0.844,-35.76,0.60,-11.61,R
,113116,1594,0,3824,0.27,-0.591,0.838,-17.00,9.34,-467,R
,113118,1528,0,3828,0.322,-0.574,1.074,-43.88,2.36,-6.50,R
,1131401,1355,0,3829,0.164,-0.501,0.980,4.65,-48.36,-0.25,R
,1131471,1432,0,3940,-0.068,-0.538,0.921,25.99,-58.82,17.78,R
,113151,1402,0,3939,-0.245,-0.575,0.681,58.61,52.47,3.75,R
,113156,1494,0,3839,-0.003,-0.470,0.26,79.80,-23.85,3.89,R
,1131631,1501,0,3933,0.142,-0.621,0.335,57.46,3.68,34.91,R
,113168,1443,0,3841,0.79,-0.629,0.474,51.96,5.50,-0.9,R
,113170,1520,0,3832,0.131,-0.591,0.533,31.77,69.14,-9.77,R
,113176,1531,0,3813,0.088,-0.69,0.738,-5.73,4.80,-51.83,R
,113181,1527,0,3927,0.051,-0.535,0.820,-20.04,2.60,-6.43,R
,113193)bbʪbrbjrbrʊbjrbrbjrʪbRJH1131941)bb¢brbjrbrʲbjrbrbjrbRJH113195,1696,0,3924,0.243,-0.376,0.871,-32.28,37.21,-50.84,R
,113198,1739,0,3826,0.162,-0.51,1.308,-47.38,5.09,-3.31,R
,113207,1693,0,3926,0.147,-0.231,1.477,5.78,-7.76,-1.3,R
,113216,1644,0,3814,0.142,-0.38,1.064,17.20,-9.61,2730,R
,113231,1535,0,3947,-0.062,-0.476,0.988,33.16,53.87,32.29,R
,113232,1487,0,3823,-0.081,-0.77,0.926,32.48,58.54,2.99,R
,113240,1355,0,3826,-0.006,-0.38,0.40,29.43,-40.72,24.36,R
,113249,1348,0,3945,-0.015,-0.595,0.488,-1.18,8.10,-019,R
,1132551,1370,0,3936,-0.040,-0.66,0.70,-10.57,44.05,-6.94,R
,113266,1573,0,3822,0.086,-0.562,0.809,-15.84,9.81,-3.47,R
,113267,1553,0,3934,0.98,-0.531,0.776,-11.94,2.08,-34.94,R
,113272,1474,0,3816,0.159,-0.42,0.812,-25.47,6.63,-2.86,R
,113276,1379,0,3827,0.052,-0.440,1.178,-41.21,3.58,-2.23,R
,113310,1417,0,3826,-0.132,-0.81,1.09,20.06,71.73,18.81,R
,113313,1388,0,3952,-0.110,-0.51,0.84,49.09,-62.92,26.08,R
,113323,1258,0,3978,0.037,-0.543,0.296,6.88,-19.64,3.8,R
,113337,1333,0,3966,-0.018,-0.65,0.79,-8.66,7.20,-2.67,R
,113339,1295,0,3955,-0.064,-0.55,0.82,-8.72,1.75,-21.43,R
,113347,1014,0,3939,-0.022,-0.38,0.89,-25.32,43.15,-33.09,R
,113364,1535,0,3820,0.34,-0.305,1.718,-21.64,5.93,-1.06,R
,113372,1527,0,3822,0.112,-0.390,1.445,17.52,-2.80,1005,R
,113387)bb¢bjrbrbrbrbjrʪbrbRJH113388,1301,0,3819,-0094,-0.454,1.079,13.60,-19.95,46.04,R
,113396,1395,0,3823,-0.035,-0.21,0.68,47.72,61.32,25.52,R
,113397,1374,0,3984,-0103,-0.409,0.65,50.22,58.65,27.85,R
,1133991,1279,0,4002,-0.005,-0.385,0.52,48.90,-46.11,28.81,R
,113402,1087,0,3824,-0000,-0.430,0.33,28.38,21.06,1.48,R
,113420,1105,0,3813,-0107,-0.481,0.80,-12.66,48.54,-25.83,R
,1134211,1200,0,4027,-0111,-0.459,0.80,-16.23,52.13,-26.97,R
,113424,1239,0,3811,-0.090,-0.95,0.891,-28.30,40.71,-42.50,R
,113427,1187,0,3971,-0042,-0.469,0.88,-25.23,38.28,-8.16,R
,113439,1136,0,3995,0.006,-0.53,1.170,-51.75,0.18,-2.98,R
,113448,977,0,3826,-0.28,-0.364,1.729,0.12,8.39,3.06,
,113453,1071,0,3984,0.103,-0.310,1.219,22.57,-2.79,8.6,R
,113459,983,0,3965,0.034,-0.371,1.112,8.79,-28.42,28.02,R
,113462,1011,0,3822,-0005,-0.398,1.10,21.34,40.72,35.52,R
,113463,996,0,3967,0.03,-0.400,1.109,2.48,-4.14,37.36,R
,1134661,1004,0,3817,-0.007,-0.58,1.08,28.01,36.89,40.46,R
,113467,1001,0,3979,-0034,-0.369,1.08,27.03,32.60,44.97,R
,113468,1038,0,3821,-0.064,-0.81,1.11,19.77,28.95,48.58,R
,113469,1039,0,3959,-0082,-0.397,1.08,15.23,-29.90,49.53,R
,1134711,1107,0,4049,-0.104,-0.68,1.09,23.40,41.24,47.45,R
,113472,1216,0,3822,-0145,-0.416,1.07,28.86,-48.02,49.18,R
,113473,1254,0,4002,-0.106,-0.437,1.02,34.06,-51.44,49.20,R
,1134811,1055,0,4027,-0.159,-0.90,0.565,52.06,37.52,3.71,R
,113485,496,0,3927,0.040,-0.47,0.267,31.00,-2.22,17.3,R
,1134861,389,0,3824,0.062,-0.547,0.260,5.74,-1.82,9.94,R
,113491,565,0,3977,-0.058,-0.585,0.371,-7.29,2.69,-2.9,R
,113494,695,0,821,-0.168,-0.59,0.550,-6.74,4.74,-1300,R
,1134971,713,0,3984,-0.146,-0.49,0.683,-39.24,2.68,-3.88,R
,1134991,570,0,013,-0.173,-0.52,0.823,-35.58,1.09,-3.01,R
,113510,1002,0,3824,0.016,-0.53,0.897,-34.25,1.41,-6.38,R
,1135171,1157,0,4019,0.141,-0.57,0.737,-20.62,7.11,-5.60,R
,113527,998,0,987,-0.138,-0.362,1.672,-22.28,7.89,-1.90,R
,113533,1106,0,3962,-0014,-0.332,1.56,-7.65,10.43,7.29,R
,1135381,1185,0,3830,0.092,-0.39,1.219,33.17,-9.56,1029,R
,1135391,1209,0,3988,0.115,-0.37,1.176,29.92,-36.83,14.83,R
,1135481,1155,0,3822,-0.011,-0.417,1.12,31.55,-39.64,40.87,R
,1135491,1206,0,4029,-0021,-0.420,1.105,29.93,36.54,4.65,R
,113550,1185,0,3821,-0.042,-0.18,1.08,27.60,33.61,43.56,R
,1135511,1164,0,3965,-0093,-0.430,1.06,22.61,-30.71,4.05,R
,1135551,1168,0,3970,-0179,-0.562,1.04,32.03,54.88,44.05,R
,1135561,1115,0,3824,-0.153,-0.568,0.98,45.09,61.78,39.10,R
,113558,1199,0,3821,-0.335,-0.00,0.799,69.81,-70.57,3.84,R
,1135601,1113,0,3825,-0010,-0.504,0.56,49.63,-64.18,1.80,R
,113564,1133,0,3815,-0.004,-0.68,0.330,48.41,41.05,2.13,R
,113567,987,0,3941,0.02,-0.555,0.245,4.09,-669,7.12,R
,113572,944,0,3818,-0.006,-0.53,0.445,-1.56,1.99,-1419,R
,1135751,1104,0,3987,-0.017,-0.15,0.53,-4.91,1.40,-11.98,R
,113585,1119,0,3978,-0.060,-0.66,0.84,-12.55,52.54,-5.51,R
,113588,1155,0,3821,-0.056,-0.480,0.91,-20.55,40.94,-0.12,R
,113592,1164,0,3810,0.044,-0.56,0.902,-29.93,9.53,-4.19,R
,113595,1092,0,3991,0.118,-0.469,0.835,-26.92,5.23,-3.56,R
,113606,994,0,3813,-0.089,-0.32,1.536,-32.74,1.67,0.2,R
,113612,1041,0,3813,0.028,-0.22,1.620,5.46,-706,7.12,R
,1136221,1009,0,3803,0.42,-0.395,1.185,19.52,-48.16,2800,R
,113623,974,0,989,0.043,-0.40,1.186,3.98,-4.50,35.49,R
,113631,1187,0,4019,-0.140,-0.446,1.290,7.45,-4.27,46.66,R
,1136351,1359,0,4034,-0106,-0.493,0.969,55.05,68.33,5.13,R
,113640,1290,0,3808,-0.054,-0.32,0.44,36.03,41.18,4.48,R
,1136431,880,0,4026,-0.52,-0.774,0.485,11.81,-5.20,3145,R
,113648,960,0,3821,0.04,-0.631,0.276,33.06,-4.48,-5.2,R
,1136501,1142,0,3799,-0.018,-0.568,0.27,38.15,16.01,-1.84,R
,113651,1137,0,4030,0.29,-0.546,0.242,32.54,347,-0.93,R
,1136551,1200,0,4033,-0021,-0.484,0.539,-2.91,43.32,-5.89,R
,113660,1104,0,3821,-0.038,-0.478,0.81,-11.97,22.50,-3.42,R
,113662,1111,0,3811,-0.050,-0.447,0.864,-21.38,30.97,-1.54,R
,113665,1137,0,4022,-0081,-0.440,0.92,-17.68,53.87,-37.20,R
,1136661,1227,0,3813,-0108,-0.441,0.949,-16.78,56.54,-8.62,R
,113684,982,0,3813,0.146,-0.372,1.592,45.04,49.29,-1407,R
,1136851,934,0,035,0.083,-0.31,1.718,36.36,50.24,-1367,R
,113686,943,0,3822,0.034,-0.353,1.769,24.69,46.68,-1303,R
,113688,866,0,3810,-0.05,-0.298,1.818,-14.26,1.98,-166,R
,113689,876,0,4048,0.08,-0.302,1.797,-14.14,1.26,2.1,R
,1136931,788,0,4061,0.10,-0.306,1.369,16.53,-1.21,3.9,R
,113697,778,0,4045,0.08,-0.282,1.150,7.81,-30.05,12.5,R
,113703,900,0,4085,0.088,-0.352,1.079,5.66,-41.59,28.43,R
,113704,922,0,3815,0.03,-0.338,1.073,27.51,-4.36,30.6,R
,113705,939,0,4027,0.099,-0.34,1.074,7.35,-3.39,32.02,R
,1137071,927,0,017,0.052,-0.33,1.081,3.16,-3.24,35.23,R
,113709,951,0,4067,0.002,-0.36,1.107,1.81,-3.42,39.99,R
,113710,995,0,3818,-0.30,-0.373,1.115,22.28,-7.52,4199,R
,1137111,923,0,085,-0.044,-0.425,1.128,24.21,-3.73,4168,R
,113712,1021,0,3811,-0027,-0.435,1.10,31.74,-53.35,40.78,R
,113713,1013,0,4048,-0028,-0.437,1.07,41.16,-57.76,3.97,R
,113715,1084,0,4078,-0.039,-0.09,0.98,43.29,58.68,35.10,R
,113717,1018,0,3999,-0.037,-0.15,0.86,44.27,49.50,39.55,R
,1137181,1020,0,3813,-0008,-0.443,0.80,43.46,-42.57,39.10,R
,1137211,993,0,044,-0.082,-0.47,0.658,19.69,-1.73,3484,R
,113730,1104,0,3817,-0.010,-0.51,0.47,-4.59,.02,7.1,R
,113747,1160,0,4051,0.021,-0.450,0.937,-18.52,1.98,-3.12,R
,113751,1157,0,4095,0.127,-0.417,0.844,-22.91,3.26,-3.13,R
,1137551,1241,0,4095,0.65,-0.351,0.710,-17.23,30.45,-2.00,R
,1137621,982,0,3807,0.075,-0.24,1.455,54.33,2.44,-1514,R
,113763,862,0,4095,0.062,-0.371,1.520,44.68,23.61,-1000,R
,113764,863,0,3819,0.046,-0.354,1.596,30.33,18.02,-8.68,R
,1137661,853,0,811,0.033,-0.29,1.692,9.10,1790,-2.27,R
,113768,779,0,810,0.014,-0.26,1.653,1.35,8.7,5.44,R
,113769,720,0,4061,0.017,-0.261,1.600,2.98,-140,8.11,R
,1137711,720,0,4059,0.079,-0.27,1.439,2.92,-2.82,13.16,R
,113772,730,0,3807,0.02,-0.298,1.386,1.99,-2770,14.8,R
,113773,726,0,061,0.094,-0.320,1.321,7.40,-2979,17.2,R
,113775,710,0,4080,0.08,-0.346,1.221,7.58,-32.37,21.2,R
,1137761,769,0,807,0.086,-0.34,1.190,2.21,-3.99,23.42,R
,1137771,852,0,061,0.074,-0.32,1.164,4.03,-3.53,23.0,R
,113778,933,0,3824,0.04,-0.333,1.155,2.79,-4.69,23.45,R
,113779,973,0,4051,0.048,-0.349,1.150,20.77,-4.35,24.9,R
,113784,1008,0,3822,-0.003,-0.417,1.12,24.82,38.31,38.95,R
,113785,1049,0,4095,-0055,-0.427,1.13,27.02,35.23,41.70,R
,1137861,1104,0,3812,-0.065,-0.45,1.11,32.65,38.24,43.68,R
,113789,1056,0,4095,-0029,-0.469,0.98,43.58,58.69,31.45,R
,113791,1136,0,4095,-0001,-0.463,0.84,45.34,64.30,25.97,R
,113792,1129,0,3811,0.012,-0.461,0.768,44.76,-6.08,2794,R
,1138011,1053,0,4095,-0.012,-0.518,0.46,12.38,-9.43,2144,R
,113802,1063,0,3823,-0.017,-0.522,0.45,9.17,-.94,17.32,R
,1138061,1091,0,3819,-0028,-0.466,0.58,-4.10,0.13,0.34,R
,1138071,1136,0,4074,-0.094,-0.469,0.565,-6.54,3.52,1.30,R
,113808,1168,0,3810,-0072,-0.502,0.58,-7.41,4.63,1.36,R
,113814,1160,0,3799,-0065,-0.526,0.79,-13.59,20.99,-22.61,R
,113818,1242,0,3811,-0.047,-0.09,0.878,-14.45,34.33,-25.58,R
,113821,1295,0,4095,0.000,-0.46,0.872,-21.32,29.82,-2.92,R
,113835,964,0,095,0.177,-0.332,1.284,63.03,32.66,-21.49,R
,113836,848,0,3807,0.097,-0.359,1.397,54.36,3.03,-15.19,R
,113847,825,0,095,0.135,-0.39,1.272,.84,-3399,1.90,R
,113850,820,0,818,0.101,-0.380,1.155,13.75,-31.12,12.6,R
,113851,816,0,089,0.094,-0.37,1.125,4.42,-33.47,14.4,R
,113855,816,0,054,0.054,-0.407,1.119,3.81,-5.79,14.8,R
,113860,1184,0,3821,0.003,-0.44,1.095,33.99,-4.92,2193,R
,1138641,1163,0,3823,-0.048,-0.400,0.960,31.78,44.95,2.11,R
,1138661,1210,0,3819,-0.044,-0.44,0.876,34.15,51.79,2.08,R
,1138681,1218,0,3821,-0.045,-0.464,0.742,42.79,50.77,2.35,R
,1138691,1215,0,4095,-0.042,-0.454,0.687,47.05,49.03,2.78,R
,1138721,1293,0,3815,-0156,-0.619,0.57,49.26,35.73,16.43,R
,1138801,1177,0,3815,-0040,-0.534,0.49,10.35,5.87,12.16,R
,1138841,1195,0,3820,-0.055,-0.17,0.637,14.90,17.75,-380,R
,1138861,1200,0,3821,-0.045,-0.466,0.66,-9.14,6.41,-8.03,R
,1138871,1206,0,4095,-0.069,-0.72,0.701,-16.30,29.15,-.96,R
,113889,1118,0,4070,-0.031,-0.03,0.75,-20.97,31.29,-8.10,R
,1138941,1232,0,3811,-0.014,-0.12,0.87,-4.26,28.70,-28.62,R
,1138951,1230,0,4095,-0.006,-0.502,0.88,-6.13,3.72,-2.76,R
,113898,1314,0,3818,0.17,-0.469,0.863,-18.65,5.84,-2.85,R
,1139011,1333,0,4095,0.92,-0.492,0.850,-22.95,5.46,-29.66,R
,1139171,1231,0,4095,-0.022,-0.85,1.765,-7.30,36.59,-309,R
,1139201,1199,0,3814,-0.009,-0.266,1.528,1.25,-.01,-3.1,R
,113932,1281,0,3823,0.034,-0.363,1.116,10.76,-8.83,2017,R
,1139351,1247,0,4095,0.026,-0.43,1.128,12.47,-42.71,2313,R
,113938,1295,0,3819,-0.012,-0.41,1.102,29.87,-33.34,3.12,R
,1139421,1277,0,3809,-0.090,-0.54,1.05,40.42,-43.50,25.32,R
,113943,1295,0,4095,-0.130,-0.43,1.02,42.61,-45.50,2.34,R
,113947,1287,0,4095,-0.135,-0.79,0.77,37.64,-53.89,2.11,R
,113948,1264,0,3817,-0.254,-0.87,0.74,48.18,-57.89,2.65,R
,1139491,1281,0,4095,-0.048,-0.532,0.626,45.72,-59.59,1.27,R
,113952,1246,0,3808,-0.011,-0.12,0.45,43.98,-51.64,9.94,R
,1139591,1301,0,4095,-0.053,-0.531,0.484,-1.44,3.61,-442,R
,113962,1358,0,3815,-0.038,-0.83,0.58,4.93,0.37,-5.9,R
,113963,1355,0,4095,-0.022,-0.75,0.60,-2.77,.28,-8.90,R
,1139651,1349,0,4095,0.04,-0.483,0.687,-19.53,16.97,-14.13,R
,1139701,1342,0,3810,0.38,-0.508,0.781,-20.88,9.87,-2.49,R
,113978,1316,0,3819,0.060,-0.496,0.875,-30.92,25.69,-3.52,R
,1139911,1415,0,4095,-0.064,-0.88,1.37,-41.75,39.44,-6.99,R
,1140231,1473,0,4058,0.199,-0.792,0.837,-3.82,-4.45,6.5,R
,114039,1377,0,4066,0.007,-0.429,0.433,-52.40,12.02,-6.79,R
,114043,1379,0,4061,0.08,-0.438,0.534,-43.61,12.59,-8.12,R
,114050,1428,0,3837,0.284,-0.524,0.583,-41.90,2.13,4.0,R
,114063,1535,0,3990,0.461,-0.599,0.635,-30.92,0.27,-3.19,R
,114068,1527,0,3837,0.85,-0.588,1.268,-30.94,0.08,-1.49,R
,114078,1488,0,3845,0.23,-0.604,1.097,14.67,-1.50,2371,R
,114099,1495,0,3966,0.30,-0.739,0.771,42.90,-5.59,3626,R
,1141001,1475,0,3849,0.109,-0.77,0.695,45.89,-4.88,3147,R
,114103,1466,0,3965,0.128,-0.697,0.427,44.73,-44.42,2023,R
,1141161,1183,0,3850,0.146,-0.74,0.358,4.99,2630,-5.8,R
,1141201,1232,0,3843,0.110,-0.79,0.465,-24.02,46.37,2.8,R
,114123,1336,0,3993,0.147,-0.810,0.671,-14.89,2.91,-3.14,R
,1141281,1389,0,3836,0.144,-0.708,0.672,-6.86,54.41,-4.6,R
,1141351,1454,0,3963,0.261,-0.62,0.563,-12.91,4.83,-18.64,R
,1141371,1490,0,3967,0.297,-0.61,0.543,-22.37,9.84,-19.55,R
,1141391,1493,0,3959,0.279,-0.68,0.524,-28.74,5.95,-2.38,R
,114157,1520,0,3984,0.03,-0.60,1.262,18.30,-1.73,2358,R
,1141701,1485,0,3840,0.93,-0.816,0.927,10.71,-7.09,2742,R
,1141871,1328,0,4048,0.065,-0.77,0.322,-13.17,-23.50,-39.03,R
,114188,1349,0,3842,0.33,-0.745,0.297,-17.33,27.61,-40.16,R
,1141921,1191,0,3843,0.065,-0.66,0.275,-39.52,-24.80,-1.98,R
,1141941,1296,0,3832,0.065,-0.64,0.390,-30.20,13.52,-36.90,R
,1142111,1241,0,4004,0.279,-0.69,0.511,-17.26,27.93,-2.94,R
,1142191,1442,0,4017,0.15,-0.619,0.609,-15.50,3.78,-29.75,R
,114239,1458,0,3985,0.419,-0.79,1.015,30.50,-8.42,11.52,R
,1142431,1499,0,3991,0.21,-0.64,0.902,26.18,-39.23,19.18,R
,1142491,1502,0,3969,0.325,-0.701,0.907,22.44,-3.08,25.45,R
,1142661,1190,0,3839,0.06,-0.74,0.238,39.40,-41.29,1.88,R
,114271,1203,0,3999,0.261,-0.70,-0.010,44.45,-18.63,-.22,R
,1142731,1225,0,3987,0.281,-0.62,-0.09,27.74,.81,-0.5,R
,114274,1265,0,3851,0.251,-0.73,-0.00,9.84,21.38,-5.4,R
,114276,1253,0,3843,0.235,-0.720,0.238,5.43,21.96,-14.9,R
,114279,1263,0,3993,0.43,-0.71,0.300,-14.65,32.02,-9.92,R
,1142821,1270,0,3847,0.22,-0.798,0.536,-42.33,2.50,-16.22,R
,1142891,1187,0,3952,0.50,-0.78,0.666,-17.23,45.64,-18.58,R
,1142921,1264,0,3853,0.275,-0.689,0.663,-32.10,2.91,-16.30,R
,114296,1331,0,3842,0.337,-0.725,0.593,-20.10,0.99,-30.48,R
,1143191,1424,0,3959,0.03,-0.67,1.146,7.78,-1.96,20.58,R
,114336,1389,0,3842,0.418,-0.960,0.817,6.77,-59.44,15.04,R
,1143421,1351,0,3846,0.419,-0.93,0.485,-9.67,-75.64,-21.86,R
,114344,1379,0,3853,0.408,-0.96,0.299,-21.59,-68.19,-30.10,R
,1143491,1381,0,3946,0.281,-0.783,0.028,-54.81,35.23,-2.12,R
,1143511,1337,0,3945,0.267,-0.77,0.016,-53.09,-48.89,-57.72,R
,1143601,1344,0,3834,0.12,-0.51,0.187,-56.63,5.31,-29.17,R
,1143651,1521,0,3931,0.334,-0.567,0.217,-64.42,-12.27,-4.53,R
,1143721,1534,0,3846,0.447,-0.617,0.274,-34.34,2.13,3.32,R
,114381,1535,0,3920,0.612,-0.730,0.413,-32.16,44.92,-5.06,R
,114392,1472,0,3850,0.46,-0.71,1.260,10.28,4.48,-3.43,R
,1144011,1497,0,3923,0.658,-0.62,0.603,16.36,-7.85,22.43,R
,114403,1493,0,3919,0.634,-0.74,0.573,11.72,-32.10,20.77,R
,114406,1531,0,3855,0.602,-0.73,0.562,17.77,-35.96,25.75,R
,114420,1328,0,3847,0.315,-0.748,0.176,23.43,-3.05,1907,R
,114425,1325,0,3978,0.583,-0.69,-0.180,18.03,-66.45,-2.19,R
,114426,1315,0,3852,0.523,-0.86,-0.22,25.29,-75.66,-0.70,R
,114427,1343,0,3959,0.444,-0.778,-0.278,23.75,63.01,-.61,R
,1144311,1282,0,3937,0.60,-0.88,-0.33,5.14,11.44,6.26,R
,114433,1232,0,3935,0.415,-0.89,-0.20,-5.76,8.19,-3.49,R
,1144361,1349,0,3854,0.66,-0.84,-0.05,13.74,0.19,-8.87,R
,1144391,1399,0,3930,0.435,-0.73,-0.018,-28.43,31.34,-8.55,R
,1144431,1409,0,3938,0.431,-0.83,0.196,-19.36,39.24,-6.97,R
,1144451,1410,0,3958,0.415,-0.81,0.223,-15.33,42.65,-3.58,R
,114446,1403,0,3850,0.427,-0.87,0.238,-15.96,45.67,-2.74,R
,1144501,1392,0,3839,0.469,-0.86,0.288,-28.80,45.49,-7.87,R
,1144521,1437,0,3838,0.494,-0.927,0.319,-26.86,39.49,-8.56,R
,1144621,1599,0,3834,0.53,-1.020,0.248,-38.97,49.92,-26.19,R
,1144641,1596,0,3830,0.521,-1.02,0.243,-34.04,52.10,-32.74,R
,1144711,1478,0,3970,0.77,-0.743,0.354,-34.46,7.70,-4.88,R
,114472,1423,0,3839,0.03,-0.658,0.418,-29.44,5.23,-32.85,R
,1144771,838,0,3967,0.146,-0.34,0.927,34.59,146.08,-10.87,R
,1144781,770,0,835,0.049,-0.28,1.066,6.51,158.11,-9.28,R
,114480,711,0,3840,-0.71,-0.185,1.318,79.69,18.77,1187,R
,1144851,818,0,971,-0.048,-0.07,1.384,157.40,119.18,5.58,R
,1144861,996,0,3874,0.017,-0.090,1.365,70.70,10.41,58.68,R
,1144951,1367,0,4010,0.177,-0.35,0.961,228.35,149.20,112.36,R
,114501,1207,0,3998,0.044,-0.31,1.090,240.04,208.91,156.45,R
,114502,1248,0,3849,0.063,-0.33,1.137,234.48,194.47,159.13,R
,1145031,1187,0,3952,-0001,-0.53,1.14,219.55,175.09,161.24,R
,114524,1381,0,3843,-0.435,0.174,1.044,80.07,5.05,27.4,R
,114530,1334,0,3847,-0.407,0.17,0.710,-9.00,-6.37,-60.84,R
,114536,663,0,3850,-0.746,0.268,0.777,12.74,77.08,-42.1,R
,1145371,830,0,4007,-0.84,0.317,0.791,22.10,83.98,-23.1,R
,114538,709,0,3853,-0.726,0.26,0.851,1.92,7877,-9.38,R
,1145391,559,0,3972,-0.54,0.282,0.833,27.90,6966,-9.72,R
,114541,505,0,4095,-0.458,0.32,0.997,7.28,40.39,-19.02,R
,1145421,546,0,3856,-0.88,0.375,0.957,9.49,3254,-23.19,R
,1145431,530,0,095,-0.536,0.48,0.946,6.36,2758,-23.92,R
,114544,568,0,3851,-0.514,0.45,0.906,2.30,2413,-30.90,R
,1145451,369,0,4095,-0.440,0.52,0.843,50.99,26.41,-40.3,R
,1145471,373,0,4095,-0.615,0.573,0.841,.18,20.0,-38.30,R
,1145491,390,0,051,-0.609,0.45,0.858,0.64,3.82,-32.71,R
,114551,510,0,4048,-0.576,0.38,0.760,10.57,19.08,-27.3,R
,1145521,577,0,3842,-0.612,0.372,0.724,6.83,3175,-20.0,R
,1145541,453,0,844,-0.636,0.39,0.631,1.60,3230,-26.71,R
,1145551,455,0,4070,-0.678,0.402,0.624,.06,19.3,-29.1,R
,1145561,474,0,3843,-0.689,0.39,0.641,2.72,8.5,-33.03,R
,1145571,448,0,4077,-0.67,0.36,0.618,6.60,-0.77,-34.70,R
,1145581,591,0,3845,-0.72,0.37,0.607,6.49,-6.88,-34.68,R
,114559,449,0,973,-0.626,0.345,0.576,-8.89,-7.32,-31.72,R
,1145611,446,0,4069,-0.16,0.399,0.774,-11.78,10.27,-29.11,R
,1145621,464,0,3851,-0.87,0.351,0.683,-3.29,1486,-24.32,R
,114564,655,0,3856,-0.38,0.33,0.810,2.27,26.73,-33.4,R
,1145651,685,0,4027,-0.80,0.32,0.871,3.05,27.21,-38.0,R
,1145671,641,0,4032,-0.89,0.24,0.902,.02,25.7,-62.48,R
,114569,528,0,4061,-0.729,0.44,0.814,7.06,31.46,-81.1,R
,1145701,534,0,847,-0.842,0.395,0.682,24.28,51.00,-62.5,R
,114572,768,113,3846,-0.955,0.81,0.55,-6.26,4.88,-3.48,R
,114573,813,128,4057,-0.708,0.33,0.557,-6.91,27.20,-2.80,R
,1145751,910,12,4095,-0.661,0.198,0.603,10.36,42.45,-28.67,R
,1145761,926,128,3843,-0.667,0.16,0.59,20.25,8.13,-30.12,R
,1145771,934,141,4023,-0.697,0.271,0.55,26.99,0.48,-32.21,R
,1145791,954,30,4089,-0.808,0.319,0.51,25.95,4.79,-33.25,R
,1145811,906,359,4095,-.762,0.63,0.569,18.07,18.99,-28.64,R
,114582,826,367,3843,-0.731,0.68,0.59,18.59,19.53,-2.97,R
,114585,935,337,4049,-0.756,0.76,0.64,35.40,7.24,-9.22,R
,114586,927,305,3854,-0.741,0.78,0.66,38.59,36.33,-546,R
,1145901,912,304,3862,-.817,0.87,0.565,35.12,0.66,-0.55,R
,1145921,962,32,3874,-0.833,0.396,0.558,15.49,-3.67,1.9,R
,114596,868,189,3847,-0.729,0.91,0.57,8.68,-6.82,-319,R
,1145991,977,155,4067,-0.688,0.10,0.55,5.11,-.98,2.5,R
,114602,1075,144,3847,-0.775,0314,0.61,0.09,-6.60,-0.35,R
,1146091,1136,51,4047,-0.696,0.11,0.63,-1.79,1.89,1817,R
,1146111,1138,76,4048,-.740,0.38,0.57,0.44,1.11,25.71,R
,1146121,1135,5,3843,-0.727,0.57,0.544,0.01,9.63,26.8,R
,1146141,1201,47,3846,-.782,0.00,0.522,-4.86,2.89,22.39,R
,1146151,1154,1,4011,-0815,0.34,0.511,-3.70,-2.53,19.79,R
,1146161,1117,0,3842,-0823,0.37,0.542,-2.95,-4.19,17.04,R
,1146291,986,0,986,-0.816,0.381,0.534,-7.33,9.67,14.52,R
,1146311,945,0,4001,-0.71,0.33,0.568,14.25,-3.08,7.5,R
,1146321,967,0,3850,-0.86,0.32,0.592,-9.90,-0.88,6.11,R
,1146331,976,0,4003,-0.809,0.33,0.577,6.75,8.47,9.10,
,1146361,857,0,3839,-0.12,0.35,0.562,-6.31,1146,12.34,R
,1146371,875,0,3991,-0.02,0.34,0.568,10.23,5.72,11.84,R
,1146391,754,0,4019,-0.756,0.303,0.553,11.84,-.09,10.1,R
,1146411,673,0,3951,-0.08,0.29,0.564,9.88,-12.04,5.3,R
,1146421,618,0,3841,-0.06,0.30,0.550,4.57,-15.67,3.30,R
,1146501,562,0,3855,-0.59,0.32,0.654,1.74,9.89,11.04,R
,114653,570,0,3984,-0.732,0.41,0.534,6.04,1537,15.8,R
,114654,597,0,3845,-0.774,0.43,0.522,9.16,1848,18.2,R
,1146551,623,0,4000,-0.77,0.44,0.521,2.07,16.92,18.7,R
,1146561,621,0,3847,-0.74,0.44,0.506,6.57,1131,19.29,R
,1146581,625,0,849,-0.761,0.429,0.495,13.34,2.7,18.83,R
,1146591,606,0,3974,-0.55,0.43,0.481,0.85,1.4,17.71,R
,1146601,611,0,3846,-0.73,0.43,0.489,.81,1.4,16.00,R
,1146611,589,0,984,-0.88,0.43,0.502,.22,1.8,15.99,R
,1146641,593,0,3841,-0.88,0.41,0.556,0.55,0.7,20.69,R
,1146651,597,0,3978,-0.70,0.42,0.532,.48,3.1,22.34,
,114666,615,0,3847,-0.757,0.428,0.528,1.43,6.15,21.35,R
,1146671,610,0,3965,-0.760,0.43,0.540,0.83,9.63,20.91,R
,1146691,648,0,3952,-0.738,0.444,0.523,-3.67,7.29,16.92,R
,1146721,643,0,853,-0.716,0.42,0.498,-0.49,2.1,13.41,R
,1146731,641,0,3948,-0.09,0.40,0.501,1.87,2.41,11.85,R
,114674,652,0,3853,-0.694,0.42,0.517,3.49,3.35,10.51,R
,1146751,656,0,964,-0.701,0.42,0.518,.18,6.1,9.71,R
,1146761,659,0,3856,-0.24,0.43,0.491,0.33,9.9,11.45,R
,114677,669,0,3972,-0.766,0.418,0.502,12.96,14.18,16.48,R
,1146781,666,0,3824,-0.762,0.39,0.534,3.95,1515,21.1,R
,1146791,674,0,3962,-0.756,0.394,0.528,15.58,13.72,23.73,R
,114680,671,0,3851,-0.740,0.427,0.535,6.54,1445,24.7,R
,114682,647,0,3847,-0.37,0.47,0.553,8.71,1654,20.46,R
,1146841,631,0,3855,-0.764,0.49,0.552,8.57,1373,15.5,R
,1146891,640,0,3958,-0.40,0.50,0.515,0.40,-1.12,-1.4,R
,1146911,673,0,3965,-0.714,0.47,0.500,4.72,-1.63,-1.83,R
,1146921,689,0,3855,-0.34,0.48,0.492,3.67,-1.21,1.4,R
,1146931,714,0,3959,-0.713,0.473,0.494,-3.85,-8.05,3.62,R
,1146941,715,0,856,-0.699,0.49,0.483,1.91,-436,6.13,R
,114695,697,0,965,-0.677,0.49,0.464,1.39,-086,6.72,R
,1146971,644,0,966,-0.645,0.47,0.492,0.52,1.2,5.61,
,1146981,646,0,853,-0.627,0.47,0.496,.46,3.2,5.76,R
,1146991,647,0,986,-0.621,0.46,0.526,.13,8.3,8.51,R
,1147011,704,0,3984,-0.29,0.45,0.559,0.04,2482,20.55,R
,1147021,722,0,3856,-0.76,0.43,0.608,1.84,3495,25.1,R
,114704,731,0,3858,-0.620,0.47,0.562,.96,66.89,36.86,R
,1147071,761,0,991,-0.849,0.63,0.443,5.26,101.55,43.62,R
,1147111,789,0,3987,-0.862,0.65,0.243,25.20,34.18,7.00,R
,1147151,770,0,3993,-0.20,0.50,0.260,26.45,-.50,-1.37,R
,1147161,784,0,3854,-0.39,0.52,0.318,25.18,462,1.93,R
,1147171,786,0,984,-0.764,0.52,0.348,-17.91,14.45,2.39,R
,1147181,786,0,3856,-0.74,0.56,0.391,16.16,2.13,-0.91,R
,114719,796,0,3971,-0.781,0.587,0.409,-11.72,34.41,-2.96,R
,1147201,797,0,850,-0.869,0.57,0.403,30.19,1.70,-0.4,R
,114722,773,0,3853,-0.886,0.56,0.413,34.46,-21.85,14.04,R
,1147241,688,0,850,-0.771,0.51,0.420,22.05,-7.11,2426,R
,1147271,694,0,3995,-0.725,0.551,0.419,-10.20,-3.30,6.02,R
,1147281,653,0,3841,-0.775,0.55,0.458,8.34,-114,-2.3,R
,114732,658,0,3856,-0.797,0.51,0.434,-28.22,-35.66,-28.84,R
,1147341,640,0,3854,-0.756,0.48,0.457,29.00,-6.94,-24.79,R
,114735,682,0,3987,-0.742,0.46,0.493,28.42,-45.03,-19.25,R
,1147361,653,0,3868,-0.29,0.43,0.492,22.77,-39.18,-13.03,R
,1147371,654,0,987,-0.725,0.43,0.504,18.72,-33.41,-8.16,R
,1147381,647,0,3850,-0.26,0.43,0.538,12.14,-6.25,-3.46,R
,1147391,634,0,3959,-0.703,0.43,0.529,-3.30,-22.02,-4.07,R
,114742,673,0,3859,-0.719,0.46,0.541,5.10,-1.48,-8.59,R
,1147461,665,0,855,-0.724,0.45,0.544,-5.55,-14.30,-16.21,R
,114747,710,0,3964,-0.747,0.459,0.565,-10.62,-3.06,-1.61,R
,1147491,678,0,953,-0.735,0.42,0.551,17.55,-16.68,-15.37,R
,1147501,694,0,856,-0.743,0.47,0.506,21.93,-16.47,-14.44,R
,114752,692,0,3852,-0.698,0.38,0.505,-26.60,-22.21,-10.10,R
,1147531,695,0,3891,-0.49,0.37,0.503,26.92,-5.98,-8.79,R
,1147541,696,0,3852,-0.09,0.361,0.512,-23.97,-2.13,-810,R
,1147561,694,0,857,-0.535,0.36,0.552,14.34,-.92,-8.70,R
,114757,754,0,3909,-0.639,0.36,0.583,-7.20,10.30,-8.90,R
,1147581,754,0,859,-0.676,0.36,0.568,6.91,1837,-8.79,R
,1147591,758,0,3920,-0.08,0.40,0.609,3.41,3106,-6.27,R
,1147621,811,0,3862,-0.49,0.387,0.692,0.06,52.16,-0.74,R
,114763,807,0,3991,-0.775,0.34,0.614,2.67,58.91,1.85,R
,114764,813,0,3874,-0.777,0.34,0.620,.16,54.73,0.58,R
,1147671,861,0,3889,-0.793,0.45,0.530,-5.55,12.28,-23.45,R
,114768,880,0,3881,-0.823,0.37,0.471,10.34,-0.18,-30.04,R
,1147691,881,0,3889,-0.776,0.389,0.475,-11.53,-.54,-2735,R
,1147701,880,0,3882,-0.23,0.335,0.480,10.54,-0.71,-25.14,R
,114771,874,0,3871,-0.714,0.33,0.476,3.90,-5.32,-19.66,R
,1147721,878,0,3878,-0.82,0.332,0.496,3.45,7.08,-16.07,R
,114773,865,0,3864,-0.674,0.31,0.488,.49,18.19,-11.81,R
,114774,880,0,3875,-0.680,0.311,0.498,11.48,26.01,-11.78,R
,1147751,862,0,871,-0.705,0.31,0.497,2.54,2928,-14.09,R
,1147771,862,0,3866,-0.817,0.38,0.476,.59,21.3,-20.35,R
,114779,871,0,3866,-0.876,0.426,0.496,11.90,1187,-17.0,R
,1147811,866,0,863,-0.857,0.44,0.455,4.99,8.42,-8.30,R
,1147821,835,0,3874,-0.09,0.379,0.452,7.87,6.4,-5.72,R
,1147841,818,0,878,-0.796,0.42,0.415,4.13,1097,-6.80,R
,1147851,814,0,3856,-0.23,0.410,0.409,3.28,1199,-7.19,R
,114786,815,0,3890,-0.40,0.410,0.431,5.35,1201,-6.12,R
,1147871,816,0,3856,-0.846,0.42,0.420,0.35,11.61,-1.8,R
,1147891,816,0,3839,-0.37,0.448,0.407,8.68,1033,6.42,R
,114791,817,0,3855,-0.827,0.49,0.397,5.41,10.39,9.58,R
,1147931,811,0,3856,-0.31,0.526,0.413,3.20,3.38,7.35,
,1147951,811,0,3856,-0.46,0.51,0.395,.01,-9.55,3.99,
,1147961,802,0,3877,-0.821,0.51,0.396,1.17,-15.63,4.52,R
,114798,823,0,3874,-0.760,0.459,0.397,0.63,-1.61,9.70,R
,114799,816,0,3847,-0.749,0.44,0.351,-0.84,-1.87,11.45,R
,114800,818,0,3883,-0.741,0.436,0.350,2.75,-1.13,12.34,R
,1148021,816,0,886,-0.742,0.42,0.381,10.22,-8.39,11.4,R
,1148051,823,0,841,-0.866,0.46,0.490,13.65,-4.50,16.3,R
,1148061,827,0,882,-0.872,0.49,0.498,7.79,-468,20.78,R
,1148071,826,0,3847,-0.58,0.516,0.492,-2.05,-596,24.2,R
,1148101,820,0,889,-0.764,0.53,0.406,-15.46,-29.37,9.5,R
,114813,832,0,3840,-0.745,0.42,0.502,-39.32,-48.77,-186,R
,1148151,843,0,845,-0.774,0.35,0.600,29.64,-33.37,1109,R
,114817,842,0,3853,-0.796,0.36,0.584,13.62,-4.28,28.62,R
,1148201,735,0,3881,-0.67,0.51,0.472,2.42,-6.24,34.97,R
,1148211,747,0,3846,-0.58,0.546,0.475,-1.58,-5.85,26.1,R
,114822,739,0,3887,-0.751,0.54,0.462,13.90,-9.93,12.2,R
,114825,754,0,3857,-0.753,0.41,0.561,27.50,-5.92,-6.38,R
,114826,748,0,3888,-0.714,0.35,0.581,18.23,-34.02,-4.42,R
,1148281,752,0,3888,-0.675,0.31,0.597,0.49,-16.63,1.6,R
,114829,755,0,3867,-0.61,0.320,0.594,5.64,-1086,3.21,R
,114832,756,0,3879,-0.754,0.45,0.554,9.02,-1.35,1.56,R
,1148361,761,0,3886,-0.719,0.45,0.544,.20,-2941,-5.60,R
,1148391,729,0,3861,-0.596,0.420,0.567,3.14,-1.12,-6.01,R
,114844,841,0,3887,-0.698,0.50,0.636,.21,-10.80,-0.91,R
,1148451,854,0,867,-0.709,0.54,0.632,.72,-8.3,0.42,R
,1148461,848,0,3883,-0.702,0.51,0.615,.99,-4.82,0.95,
,1148481,858,0,3885,-0.87,0.465,0.632,-0.01,-682,-3.09,R
,114849,848,0,3871,-0.672,0.518,0.614,-1.39,-1.38,-5.38,R
,1148501,847,0,887,-0.684,0.517,0.633,3.81,-1.72,-9.29,R
,114851,853,0,3862,-0.687,0.42,0.579,-6.77,-22.28,-1022,R
,1148531,847,0,3866,-0.36,0.465,0.585,-6.20,-21.78,-9.0,R
,1148541,849,0,3886,-0.667,0.42,0.572,10.80,-20.19,-8.38,R
,1148551,848,0,3856,-0.689,0.52,0.559,9.70,-17.35,-5.57,R
,114856,848,0,3879,-0.756,0.50,0.595,10.01,-14.71,-560,R
,1148571,849,0,3862,-0.04,0.534,0.584,-7.58,-1.19,-1.35,R
,114858,848,0,3885,-0.676,0.48,0.583,8.84,-10.28,-0.8,R
,1148611,863,0,3859,-0.08,0.444,0.610,-17.67,-16.40,-809,R
,114863,867,0,3863,-0.667,0.41,0.622,-21.59,-21.90,-987,R
,1148641,859,0,3888,-0.613,0.386,0.644,20.95,-3.82,-7.63,R
,114865,863,0,3856,-0.642,0.38,0.613,21.10,-0.25,-7.26,R
,1148661,865,0,885,-0.60,0.400,0.596,-19.26,-13.93,-285,R
,1148671,870,0,3847,-0.58,0.38,0.609,-15.78,-6.33,0.9,R
,1148691,864,0,3856,-0.68,0.43,0.555,-14.98,1.63,1.18,R
,1148701,863,0,885,-0.660,0.435,0.557,-20.28,-4.89,-3.5,R
,114872,848,0,3888,-0.68,0.42,0.592,-22.88,-22.92,-8.06,R
,1148731,853,0,835,-0.643,0.39,0.614,18.88,-24.47,-6.15,R
,1148741,880,0,3889,-0.613,0.35,0.623,-10.95,-17.87,-325,R
,114877,861,0,3853,-0.629,0.35,0.661,.95,16.4,6.39,R
,1148781,870,0,884,-0.664,0.385,0.703,.80,19.0,6.52,R
,114879,865,0,3855,-0.76,0.38,0.705,5.06,14.5,4.74,R
,114881,865,0,3850,-0.666,0.39,0.675,9.66,1.12,2.13,R
,114882,867,0,3882,-0.653,0.39,0.658,3.41,2.5,3.53,R
,1148831,863,0,3855,-0.27,0.370,0.648,8.39,4.0,3.91,R
,1148851,873,0,3852,-0.26,0.380,0.625,1.81,1601,3.41,R
,1148861,849,0,3879,-0.639,0.40,0.629,9.14,17.63,-0.1,R
,1148891,849,0,3847,-0.93,0.418,0.663,13.84,4.7,-2.77,R
,114890,858,0,3885,-0.676,0.41,0.655,5.86,3.0,-4.09,R
,1148921,863,0,3885,-0.65,0.41,0.634,19.52,11.96,1.32,R
,1148951,867,0,846,-0.35,0.407,0.635,16.25,2179,6.57,R
,1148991,862,0,3843,-0.679,0.45,0.587,5.52,2099,12.3,R
,1149001,858,0,886,-0.81,0.466,0.609,10.18,18.70,10.7,R
,1149011,859,0,3853,-0.695,0.47,0.593,.19,16.68,6.57,
,1149021,864,0,3888,-0.06,0.454,0.582,0.80,15.6,3.97,R
,114903,865,0,3856,-0.711,0.44,0.580,.74,14.13,4.48,
,1149071,863,0,3851,-0.94,0.43,0.548,13.49,19.96,10.1,R
,1149101,795,0,3901,-0.54,0.45,0.562,6.97,16.08,0.10,R
,1149111,784,0,3856,-0.70,0.45,0.578,.17,13.5,0.36,R
,1149131,784,0,849,-0.745,0.412,0.596,6.32,12.3,2.98,R
,1149211,769,0,3852,-0.18,0.46,0.480,2.06,26.94,6.51,R
,114923,765,0,3843,-0.739,0.49,0.507,3.69,2256,1.62,R
,114924,767,0,3888,-0.736,0.49,0.522,1.66,1786,-1.58,R
,114926,767,0,3886,-0.756,0.49,0.509,6.12,1804,-2.9,R
,1149271,763,0,3853,-0.765,0.50,0.495,6.85,2071,-0.19,R
,114931,775,0,3837,-0.742,0.47,0.502,.06,11.73,-7.52,R
,114935,775,0,3843,-0.77,0.49,0.455,21.45,1902,9.09,R
,1149361,778,0,3888,-0.78,0.51,0.465,16.15,20.80,5.73,R
,114937,780,0,3843,-0.711,0.52,0.481,1.89,21.24,2.60,R
,114939,781,0,3847,-0.771,0.55,0.510,.19,14.68,-1.54,R
,1149401,791,0,3889,-0.816,0.577,0.513,.06,10.51,-3.16,R
,114942,782,0,3894,-0.04,0.53,0.515,0.97,-2.07,-4.0,R
,1149461,761,0,3890,-0.07,0.52,0.398,11.38,5.4,3.65,R
,114947,785,0,3841,-0.697,0.54,0.397,.51,8.1,5.56,R
,1149481,781,0,891,-0.95,0.52,0.407,6.61,9.79,6.28,R
,1149501,753,0,905,-0.729,0.539,0.422,.43,12.1,3.55,
,114951,782,0,3834,-0.756,0.54,0.448,.25,10.66,1.10,R
,1149551,763,0,841,-0.786,0.499,0.435,.86,1.3,0.11,R
,1149561,763,0,3888,-0.57,0.48,0.412,4.88,3.7,0.63,R
,1149571,759,0,855,-0.749,0.47,0.400,6.93,7.24,0.69,R
,1149591,749,0,3834,-0.764,0.50,0.375,2.65,11.38,3.01,R
,1149601,751,0,3895,-0.63,0.50,0.372,0.42,9.84,1.76,R
,1149611,752,0,3838,-0.71,0.51,0.389,4.06,6.48,-1.02,R
,114962,750,0,3888,-0.85,0.51,0.394,.83,1.63,-1.90,R
,1149631,752,0,3835,-0.73,0.49,0.413,2.32,-1.76,-1.05,R
,1149661,752,0,3914,-0.733,0.50,0.439,14.91,6.30,7.79,R
,114967,751,0,3826,-0.716,0.51,0.430,5.28,9.20,8.71,R
,1149691,754,0,835,-0.14,0.48,0.423,14.64,12.21,10.2,R
,1149701,790,0,3920,-0.16,0.49,0.432,4.28,1396,10.9,R
,1149721,790,0,3910,-0.730,0.50,0.438,5.75,1358,9.68,R
,1149731,810,0,3824,-0.56,0.54,0.406,6.86,14.08,10.16,R
,1149761,816,0,3900,-0.88,0.59,0.386,21.48,11.41,8.37,R
,114977,783,0,3829,-0.813,0.59,0.393,8.83,9.9,4.00,
,1149781,826,0,902,-0.813,0.59,0.371,14.53,9.15,-0.41,R
,1149791,816,0,3831,-0.22,0.58,0.364,9.06,4.92,-5.90,R
,1149821,819,0,3911,-0.24,0.56,0.352,3.56,-12.94,-13.80,R
,1149841,823,0,3908,-0.780,0.53,0.346,-5.94,-18.13,-11.57,R
,1149851,827,0,3831,-0.765,0.53,0.349,-4.69,-1.59,-9.6,R
,114986,823,0,3918,-0.768,0.55,0.343,5.52,-1.83,-5.9,R
,1149871,829,0,3830,-0.58,0.56,0.364,-6.97,-5.89,-3.52,R
,1149901,747,0,923,-0.801,0.60,0.390,-13.33,-0.04,0.94,R
,1149911,542,0,830,-0.783,0.60,0.388,-16.75,-2.88,0.25,R
,114993,466,0,3830,-0.92,0.59,0.366,26.66,-16.47,-5.90,R
,114994,593,0,3918,-0.90,0.58,0.370,-31.03,-4.36,-951,R
,114995,656,0,3827,-0.791,0.59,0.384,31.82,-1.63,-11.98,R
,1149961,701,0,915,-0.795,0.59,0.384,32.13,-34.85,-13.29,R
,1149971,704,0,3829,-0.13,0.59,0.419,33.36,-6.11,-11.77,R
,1150001,724,0,3911,-0.793,0.53,0.438,-39.07,-5.20,-5.43,R
,1150021,731,0,3916,-0.796,0.54,0.499,38.33,-0.95,-9.25,R
,1150031,750,0,837,-0.798,0.54,0.511,-43.36,-3.98,-18.44,R
,115004,735,0,3895,-0.816,0.56,0.486,56.01,-3.92,-2.27,R
,1150071,711,0,824,-0.758,0.467,0.498,68.86,-2.36,-38.35,R
,1150081,656,0,3919,-0.729,0.43,0.485,-66.23,-96.65,-38.77,R
,115009,641,0,3829,-0.711,0.42,0.479,60.62,-4.94,-3.90,R
,1150101,643,0,923,-0.676,0.41,0.506,57.21,-91.30,-32.88,R
,1150111,653,0,824,-0.679,0.41,0.495,-54.42,-82.74,-29.02,R
,115012,666,0,3918,-0.686,0.393,0.533,-56.05,-3.96,-2.47,R
,1150131,666,0,824,-0.36,0.37,0.583,59.53,-6.27,-2.74,R
,115014,656,0,3914,-0.630,0.329,0.623,62.48,-9.64,-1.95,R
,1150151,639,0,826,-0.656,0.318,0.608,63.39,-1.15,-8.74,R
,1150161,656,0,3911,-0.32,0.24,0.694,51.35,-49.17,-2.09,R
,1150181,657,0,3918,-0.87,0.29,0.724,38.83,-4.07,9.27,R
,1150191,654,0,3824,-0.22,0.33,0.736,39.04,-30.48,11.55,R
,1150201,671,0,3908,-0.629,0.35,0.703,38.46,-23.90,13.64,R
,1150211,747,0,3822,-0.38,0.40,0.693,43.64,-8.82,15.49,R
,1150221,835,0,899,-0.641,0.40,0.683,45.78,-13.46,16.46,R
,1150231,847,0,828,-0.627,0.370,0.714,-44.36,-12.89,12.26,R
,1150251,848,0,3831,-0.72,0.34,0.723,40.46,-3.38,5.3,R
,115028,845,0,3920,-0.550,0.33,0.712,-39.27,-7.61,3.53,R
,115029,927,0,3820,-0.554,0.281,0.748,-43.18,-7.50,4.58,R
,1150301,949,0,925,-0.538,0.25,0.743,43.26,-.87,9.0,R
,115031,973,0,822,-0.522,0.25,0.748,43.14,-.59,12.4,R
,115033,1023,0,3818,-0.538,0.26,0.810,-38.23,16.95,18.63,R
,115036,1059,0,3933,-0.632,0.26,0.751,-31.35,16.74,18.08,R
,115039,1091,0,3824,-0.614,0.24,0.736,-25.62,-3.76,7.87,R
,1150401,1110,0,3931,-0.644,0.27,0.703,-22.33,-8.28,2.84,R
,115041,1074,0,3830,-0.621,0.17,0.710,-15.29,-11.30,2.33,R
,115057,1273,0,3825,-0.649,0.33,0.646,18.90,12.19,-8.01,R
,1150711,1376,0,3822,-0.663,0.332,0.625,11.23,17.47,4.25,R
,1150721,1317,0,3938,-0.672,0.323,0.616,14.10,1.02,1.5,R
,115077,1316,0,3824,-0.727,0.27,0.670,12.09,5.26,-4.90,R
,115080,1153,0,3951,-0.699,0.266,0.707,23.31,13.41,-2.15,R
,115091,1003,0,3831,-0.736,0.382,0.607,38.30,1.79,-5.72,R
,1150931,964,0,809,-0.671,0.33,0.635,5.43,21.20,0.63,R
,1150951,961,0,815,-0.694,0.38,0.592,3.99,4056,12.55,R
,1150961,959,0,953,-0.675,0.40,0.581,3.48,4491,9.85,R
,1150971,967,0,819,-0.690,0.46,0.525,7.83,40.65,2.26,R
,1151001,942,0,958,-0.791,0.51,0.454,26.35,5.3,-10.5,R
,1151011,925,0,3833,-0.786,0.48,0.462,3.75,0.1,-10.03,R
,1151031,922,0,824,-0.768,0.45,0.493,8.61,9.53,-8.90,R
,1151071,896,0,3818,-0.811,0.51,0.505,2.96,30.99,1.84,R
,1151081,896,0,3969,-0.800,0.50,0.499,15.70,21.15,-3.29,R
,1151101,902,0,975,-0.827,0.52,0.484,.06,3.93,-8.73,R
,115111,896,0,3819,-0.836,0.504,0.462,0.88,-163,-7.35,R
,1151121,897,0,3961,-0.810,0.48,0.506,0.20,-3.82,-4.1,R
,1151131,901,0,824,-0.793,0.44,0.469,-0.05,-115,-1.4,R
,115115,910,0,3821,-0.778,0.448,0.473,0.74,14.73,2.17,R
,1151161,886,0,944,-0.781,0.45,0.485,.64,21.8,2.19,R
,115120,909,0,3948,-0.847,0.56,0.434,0.08,13.84,-8.99,R
,115123,910,0,3831,-0.811,0.48,0.451,-26.46,-5.52,-1.31,R
,115124,912,0,3941,-0.749,0.460,0.476,-29.43,-7.76,-1.41,R
,1151251,913,0,3817,-0.12,0.432,0.502,-28.19,-1.53,-7.84,R
,1151261,913,0,3966,-0.03,0.357,0.543,26.91,-5.24,-4.04,R
,1151271,912,0,815,-0.737,0.42,0.461,21.96,-1.78,-3.4,R
,115128,912,0,3982,-0.36,0.431,0.539,20.63,314,-3.26,R
,1151291,912,0,3818,-0.749,0.426,0.537,-27.44,604,-3.20,R
,1151301,918,0,3984,-0.746,0.40,0.563,33.90,288,-2.70,R
,1151311,909,0,3821,-0.740,0.39,0.536,40.30,-3.73,-1.28,R
,115132,913,0,3974,-0.793,0.35,0.636,-37.06,033,-0.2,R
,1151331,912,0,3815,-0.765,0.38,0.519,31.00,3.17,-1.2,R
,115134,898,0,3981,-0.91,0.372,0.532,-23.88,1.52,-0.21,R
,1151351,892,0,819,-0.800,0.37,0.542,-18.71,1.97,-0.07,R
,115138,901,0,3955,-0.803,0.38,0.491,-5.59,7.99,-3.11,R
,1151391,861,0,3824,-0.15,0.403,0.432,5.46,2.7,-6.51,R
,1151421,843,0,939,-0.823,0.39,0.445,-14.81,-8.13,-13.80,R
,1151431,880,0,3824,-0.807,0.35,0.460,-18.48,-0.30,-13.75,R
,1151441,877,0,941,-0.809,0.36,0.480,21.24,-21.78,-12.38,R
,1151451,879,0,826,-0.766,0.32,0.517,-19.94,-2.34,-12.76,R
,1151461,922,0,975,-0.744,0.30,0.548,17.26,-20.36,-12.19,R
,1151481,892,0,983,-0.754,0.32,0.579,-4.45,-1.69,-10.90,R
,1151491,896,0,3819,-0.55,0.363,0.547,0.89,-9.79,-8.19,R
,115150,885,0,3972,-0.714,0.34,0.512,-3.78,-1.98,-4.09,R
,1151511,892,0,823,-0.701,0.39,0.610,.61,-17.64,-2.0,R
,115154,898,0,3963,-0.93,0.37,0.485,-2.69,-989,0.23,R
,1151561,903,0,956,-0.666,0.33,0.500,-12.62,-.98,2.81,R
,1151581,918,0,3967,-0.72,0.292,0.561,7.55,-2.05,3.27,R
,115159,907,0,3823,-0.689,0.29,0.557,3.68,0.42,5.68,R
,115161,883,0,812,-0.751,0.328,0.576,1.38,3.3,7.90,R
,1151621,895,0,3952,-0.69,0.341,0.589,-3.76,0.2,7.75,
,1151651,782,0,3818,-0.44,0.324,0.632,2.82,7.2,6.87,R
,115166,574,0,3979,-0.741,0.33,0.610,.35,11.99,6.60,R
,1151671,576,0,822,-0.744,0.333,0.613,4.09,1382,5.21,R
,1151691,583,0,3821,-0.729,0.36,0.543,2.27,17.44,0.57,R
,115170,591,0,3989,-0.748,0.37,0.541,21.64,15.28,-1.78,R
,115171,582,0,3824,-0.779,0.37,0.549,0.77,11.32,-0.6,R
,115172,740,0,4052,-0.791,0.38,0.567,4.47,11.18,-0.70,R
,115173,821,0,3821,-0.767,0.37,0.582,5.40,16.47,-1.16,R
,1151741,819,0,3969,-0.74,0.360,0.606,29.14,2505,-2.64,R
,1151751,822,0,3827,-0.767,0.390,0.588,3.95,35.69,-0.68,R
,1151801,918,0,3983,-0.56,0.334,0.490,43.57,4799,1.81,R
,1151831,899,0,3824,-0.78,0.46,0.360,48.91,6358,-2.9,R
,1151841,912,0,3970,-0.57,0.44,0.368,43.46,5544,-8.36,R
,1151851,905,0,824,-0.913,0.47,0.376,4.88,43.26,-11.52,R
,1151861,912,0,3985,-0.945,0.47,0.358,26.07,3057,-13.63,R
,1151871,912,0,814,-0.945,0.434,0.383,19.99,2022,-12.39,R
,1151881,930,0,974,-0.925,0.415,0.375,18.27,1239,-9.51,R
,1151901,919,0,3994,-0.870,0.37,0.369,1.66,9.49,-5.31,R
,115193,887,0,3822,-0.865,0.43,0.356,1.41,13.66,-9.0,R
,1151951,842,0,818,-0.84,0.440,0.391,1.12,1.2,-7.08,R
,1151961,807,0,3975,-0.50,0.408,0.403,-0.75,-3.17,-3.19,R
,115197,747,0,3821,-0.08,0.40,0.425,-2.48,0.50,1.87,R
,115198,637,0,3949,-0.78,0.423,0.416,-1.76,8.73,6.19,R
,115199,626,0,3822,-0.779,0.42,0.441,-1.17,1547,5.88,R
,1152001,646,0,3984,-0.800,0.46,0.415,.47,19.95,3.99,
,1152011,768,0,818,-0.809,0.47,0.406,.41,19.53,1.23,R
,1152021,780,0,3947,-0.24,0.484,0.375,.01,18.36,0.84,
,1152031,765,0,3823,-0.34,0.475,0.350,.54,16.95,0.42,
,1152041,767,0,3969,-0.818,0.43,0.333,.21,14.97,0.10,
,1152051,822,0,3819,-0.61,0.39,0.379,1.72,12.45,0.74,
,1152061,785,0,3994,-0.779,0.42,0.297,.28,15.9,-0.80,R
,115209,775,0,3819,-0.99,0.39,0.356,7.51,16.59,-4.03,R
,1152111,607,0,818,-0.858,0.392,0.379,3.98,12.22,-1.72,R
,115212,609,0,4002,-0.62,0.39,0.343,17.48,1114,0.14,R
,1152131,623,0,815,-0.887,0.41,0.339,6.06,8.94,2.29,
,115214,623,0,3982,-0.897,0.39,0.354,2.74,5.70,3.49,R
,1152151,624,0,3815,-0.90,0.40,0.329,12.94,7.6,4.29,R
,115217,728,0,3822,-0.91,0.423,0.325,5.19,19.00,3.38,R
,1152181,787,0,3981,-0.883,0.44,0.309,11.90,1827,2.28,R
,1152191,813,0,3813,-0.909,0.456,0.278,.52,19.09,4.46,
,115221,922,0,3809,-0.864,0.47,0.190,-6.46,11.43,11.91,R
,1152221,928,0,4002,-0.39,0.437,0.187,12.10,14.97,17.2,R
,115224,868,0,3998,-0.838,0.44,0.282,-20.91,2.53,19.96,R
,1152251,913,0,815,-0.22,0.482,0.286,19.36,25.76,18.78,R
,115226,797,0,4014,-1.10,0.54,0.286,-15.44,24.89,17.96,R
,115227,815,0,3809,-1.047,0.61,0.276,16.16,16.34,14.5,R
,1152281,855,0,4027,-1.13,0.63,0.252,-21.91,-.63,4.23,R
,1152311,1042,0,3815,-0861,0.42,0.276,-50.19,56.50,-22.10,R
,1152421,1117,0,3968,-0850,0.365,0.446,5.14,-43.87,-19.95,R
,1152451,1003,0,3799,-0832,0.363,0.405,2.64,-40.10,-22.70,R
,1152461,990,0,002,-0.846,0.371,0.411,.96,-41.06,-24.2,R
,1152471,981,0,3815,-0.863,0.37,0.450,4.28,-39.11,-22.61,R
,1152481,979,0,4019,-0.51,0.37,0.466,5.96,-3425,-20.51,R
,115249,969,0,3808,-0.832,0.36,0.459,.67,-31.79,-19.0,R
,1152501,976,0,014,-0.25,0.35,0.486,-1.06,-30.62,-2090,R
,115252,809,0,4012,-0.795,0.37,0.478,7.35,-2459,-20.68,R
,115253,907,0,3815,-0.56,0.37,0.458,10.45,-21.40,-13.95,R
,1152551,976,0,813,-0.90,0.366,0.399,9.89,-30.88,-6.35,R
,1152561,994,0,3987,-0.784,0.34,0.411,.28,-35.76,-5.29,R
,1152581,1013,0,4001,-0773,0.38,0.419,9.22,-3.11,0.23,R
,1152591,928,0,807,-0.04,0.350,0.343,19.61,-31.55,6.75,R
,1152601,893,0,3984,-0.29,0.360,0.408,17.40,-2.98,10.74,R
,1152611,907,0,821,-0.42,0.37,0.377,2.22,-25.12,17.58,R
,115262,897,0,3985,-0.800,0.376,0.402,14.13,-2.74,21.12,R
,1152631,863,0,3811,-0.781,0.42,0.424,.17,-20.22,19.29,R
,115264,864,0,4011,-0.786,0.459,0.451,-2.43,-19.53,15.33,R
,1152651,895,0,3821,-0.27,0.47,0.468,-8.84,-21.55,12.7,R
,115266,896,0,4013,-0.849,0.49,0.490,10.30,-8.94,10.04,R
,115267,911,0,3815,-0.843,0.49,0.457,-11.96,-37.87,8.39,R
,1152681,896,0,3994,-0.835,0.516,0.474,17.53,-48.02,5.8,R
,115269,910,0,3815,-0.810,0.512,0.484,-28.52,-57.21,2.91,R
,1152711,926,0,819,-0.03,0.403,0.531,-47.55,-74.60,-1.40,R
,1152721,924,0,985,-0.59,0.37,0.601,-45.67,-1.14,-2.91,R
,1152741,937,0,3999,-0.33,0.388,0.607,31.65,-43.95,2.8,R
,1152751,944,0,819,-0.22,0.413,0.635,-32.10,-38.68,2.78,R
,1152761,945,0,3985,-0.35,0.40,0.647,-37.53,-7.75,2.34,R
,115277,947,0,3815,-0.647,0.39,0.677,40.19,-37.69,1.9,R
,1152781,946,0,977,-0.46,0.39,0.686,-41.81,-2.89,3.2,R
,1152801,944,0,4000,-0.25,0.39,0.656,-42.45,-7.49,0.40,R
,1152831,955,0,816,-0.60,0.36,0.605,-46.71,-25.35,-0.32,R
,115284,954,0,4002,-0.626,0.324,0.615,48.71,-22.92,-2.94,R
,1152851,958,0,3815,-0.27,0.30,0.685,49.07,-14.66,-276,R
,1152861,949,0,013,-0.43,0.305,0.621,-47.91,-.56,0.29,R
,1152871,951,0,821,-0.58,0.26,0.697,44.71,-.73,1.9,R
,1152891,976,0,3815,-0.83,0.31,0.696,40.62,538,8.48,R
,1152941,993,0,4018,-0.07,0.27,0.654,-47.09,0.16,-0.01,R
,1152961,995,0,977,-0.87,0.209,0.683,-38.78,934,0.65,R
,115298,995,0,4010,-0.656,0.226,0.683,-27.76,29.05,3.64,R
,1152991,998,0,3816,-0.79,0.22,0.687,25.84,34.95,3.0,R
,115300,999,0,4016,-0.677,0.22,0.675,21.14,36.48,2.3,R
,115301,1002,0,3801,-0.669,0.227,0.638,-17.65,38.99,-0.99,R
,115305,999,0,3819,-0.676,0.182,0.675,6.03,51.50,-4.21,R
,115306,978,0,4014,-0.669,0.178,0.671,2.41,54.04,-2.93,R
,1153071,993,0,3815,-0.73,0.21,0.656,19.11,55.32,-2.68,R
,115309,991,1,3824,-0.27,0.32,0.550,32.03,58.16,-6.41,R
,1153181,1115,0,3925,-0727,0.166,0.578,6.97,-16.19,1.99,R
,1153231,1023,0,3823,-0.834,0.269,0.766,-21.53,24.83,5.29,R
,1153311,1060,0,3824,-0751,0.21,0.595,-20.16,13.82,-43.66,R
,115334,981,0,4032,-0.661,0.222,0.672,10.88,61.05,-31.90,R
,1153391,490,0,813,-0.37,0.453,0.706,4.61,75.64,-13.00,R
,1153401,548,0,4082,-0.32,0.417,0.731,7.89,64.89,-19.7,R
,1153411,490,0,814,-0.06,0.39,0.678,30.53,63.29,-22.55,R
,115344,523,0,4095,-0.59,0.274,0.506,2.70,74.04,-15.61,R
,115346,560,0,4095,-1.71,0.191,0.361,-0.46,74.42,-15.60,R
,1153491,567,0,3803,-1.15,0.15,0.227,-19.97,69.12,-12.88,R
,1153501,583,0,095,-1.20,0.091,0.202,-18.92,64.99,-5.6,R
,1153511,591,0,3793,-1.220,0.098,0.175,-9.46,63.79,5.29,R
,115354,583,0,4095,-1.088,0.128,0.103,-2.72,59.61,10.71,R
,115356,603,0,4095,-1.138,0.153,0.093,13.38,45.84,-0.1,R
,1153571,575,0,792,-1.44,0.16,0.070,17.38,36.48,-6.7,R
,115358,592,0,4059,-1.67,0.135,0.055,23.32,2.95,-8.22,R
,1153611,582,0,3818,-1.76,0.07,0.042,32.89,12.97,4.62,R
,1153631,586,0,805,-0.96,0.00,0.038,-30.59,14.50,13.4,R
,1153641,582,0,4095,-0.969,-0.026,0.075,-25.78,17.17,22.05,R
,115366,590,0,4095,-0.906,0.009,0.105,13.01,1.99,35.67,R
,1153671,670,0,808,-0.80,0.07,0.144,-4.43,24.19,37.64,R
,1153691,674,0,3806,-0.93,0.20,0.120,9.37,32.80,26.94,R
,115370,589,0,4095,-0.932,0.22,0.075,.83,34.63,20.72,R
,115372,630,0,4095,-0.60,0.28,0.118,15.34,26.80,15.90,R
,1153741,628,0,095,-0.88,0.13,0.085,3.03,18.19,24.37,R
,115375,624,0,3817,-0.65,0.148,0.101,32.39,23.44,27.68,R
,1153761,671,0,4009,-0.94,0.198,0.087,4.67,26.89,31.5,R
,1153771,667,0,3803,-0.54,0.21,0.008,9.67,32.56,36.40,R
,115378,666,0,4031,-0.828,0.213,0.019,0.86,3367,36.69,R
,1153801,685,0,4013,-0.30,0.250,0.030,42.21,17.73,31.5,R
,1153811,688,0,824,-0.97,0.26,0.102,1.46,1.11,24.77,R
,1153831,692,0,3808,-0.742,0.17,0.147,6.35,-32.28,13.7,R
,1153841,667,0,057,-0.58,0.212,0.183,24.36,-37.47,10.2,R
,115385,677,0,3819,-0.24,0.15,0.198,1.23,-3.52,16.5,R
,115388,758,0,4095,-0.798,0.212,0.219,40.44,-25.06,27.2,R
,1153891,793,0,807,-0.86,0.27,0.178,2.50,-19.46,35.32,R
,1153921,810,0,044,-0.77,0.32,0.082,0.62,-40.45,49.50,R
,1153951,877,0,810,-0.73,0.35,0.051,59.38,-48.14,58.29,R
,115398,895,0,4095,-0.08,0.414,0.145,47.32,-39.84,76.00,R
,1153991,909,0,819,-0.32,0.45,0.182,38.88,-47.55,74.84,R
,1154011,922,0,3809,-0.931,0.39,0.216,1.67,-7.22,79.76,R
,1154021,897,0,940,-0.17,0.39,0.215,1.19,-83.59,88.31,R
,1154031,930,0,3803,-0.09,0.44,0.251,24.80,-79.76,97.5,R
,115405,933,0,3811,-0.62,0.54,0.249,19.90,-70.79,95.64,R
,1154091,898,0,813,-0.93,0.64,0.374,-25.30,-120.76,4.00,R
,115410,913,0,3876,-0.870,0.670,0.385,32.04,-32.76,25.20,R
,1154111,922,0,825,-0.97,0.69,0.413,31.23,-134.89,1.60,R
,1154121,810,0,3966,-0.938,0.726,0.443,24.49,-25.90,7.30,R
,1154151,800,0,833,-0.922,0.78,0.424,18.94,-3.24,8.69,R
,115419,925,0,3842,-0.59,0.78,0.467,20.05,-0.43,21.93,R
,115422,894,0,3881,-0.77,0.70,0.461,18.48,-30.11,26.00,R
,115423,932,0,840,-0.38,0.69,0.437,20.26,-2.79,28.63,R
,115431,1082,0,3855,-0365,0.48,0.562,-38.33,-28.54,39.59,R
,1154331,965,0,3859,-0.73,0.50,0.579,40.78,-24.86,39.59,R
,1154341,893,0,919,-0.62,0.46,0.583,34.69,-5.01,3921,R
,1154351,914,0,855,-0.50,0.49,0.598,26.74,-25.44,39.01,R
,1154361,928,0,906,-0.54,0.51,0.600,26.11,-20.40,37.10,R
,115437,934,0,3856,-0.03,0.54,0.621,-30.66,-13.11,3549,R
,1154391,938,0,852,-0.63,0.54,0.739,-35.81,-13.29,2721,R
,1154401,947,0,915,-0.95,0.55,0.794,-35.88,-16.43,2437,R
,1154461,1008,0,3904,-0571,0.63,0.884,-17.17,-3.43,21.68,R
,115447,1023,0,3856,-0562,0.615,0.859,-10.52,1.29,16.1,R
,1154491,947,0,3846,-0.18,0.60,0.693,5.00,23.53,7.85,R
,1154541,649,0,920,-0.623,0.541,0.614,32.98,1.55,-9.66,R
,1154561,592,0,3938,-0.77,0.53,0.582,-29.58,12.92,-8.3,R
,1154581,537,0,3943,-0.487,0.483,0.583,-26.19,26.97,-15.95,R
,115460,552,0,3952,-0.44,0.413,0.629,-12.01,24.97,-24.97,R
,1154611,671,0,847,-0.507,0.44,0.608,11.47,24.99,-29.13,R
,1154671,749,0,836,-0.32,0.41,0.573,1.00,22.85,1.97,R
,1154681,752,0,4000,-0.55,0.429,0.598,48.12,29.26,-1.3,R
,1154691,831,0,3830,-0.25,0.456,0.562,59.26,36.57,-4.77,R
,1154701,830,0,3966,-0.93,0.48,0.503,4.61,42.10,-13.80,R
,1154711,862,0,3827,-0.49,0.46,0.490,82.24,41.76,-31.22,R
,115473,789,0,3822,-0.77,0.69,0.401,39.90,6381,-37.48,R
,1154741,842,0,3915,-0.42,0.65,0.566,2.39,46.73,-36.12,R
,115475,850,0,3824,-0.39,0.56,0.682,18.91,21.32,-33.02,R
,115476,860,0,3915,-0.09,0.52,0.757,17.12,9.81,-29.03,R
,1154771,855,0,3829,-0.44,0.460,0.751,2.90,15.40,-20.1,R
,115478,885,0,3916,-0.06,0.47,0.708,2.68,27.03,-11.26,R
,1154791,896,0,3834,-0.610,0.44,0.751,7.95,37.28,-6.9,R
,115480,938,0,3931,-0.17,0.50,0.630,49.60,45.76,-7.13,R
,1154811,939,0,830,-0.36,0.55,0.549,4.65,52.11,-8.3,R
,1154821,937,0,3936,-0.09,0.59,0.485,33.69,55.70,-7.54,R
,1154851,784,0,3833,-0.74,0.620,0.350,10.57,55.90,-12.94,R
,115488,707,0,3937,-0.28,0.58,0.417,8.93,71.2,-5.05,R
,1154891,800,0,3849,-0.31,0.616,0.367,4.76,67.0,-2.64,R
,115491,983,0,3835,-0.31,0.60,0.385,-10.54,52.22,-2.53,R
,1154941,1135,0,3938,-0852,0.66,0.447,-26.94,3.35,-4.25,R
,115496,1217,0,3951,-0794,0.559,0.479,-25.97,3.06,-1.48,R
,1154981,1324,0,3959,-0776,0.59,0.480,-27.26,.12,-16.39,R
,1155021,1388,0,3999,-0781,0.53,0.438,-19.78,7.61,-14.84,R
,1155131,1488,0,3827,-0751,0.49,0.442,-49.10,5.66,12.83,R
,1155141,1509,0,4049,-0785,0.50,0.435,-55.09,16.76,1720,R
,115516,1504,0,4034,-0784,0.50,0.416,-69.68,2.82,31.2,R
,115519,1520,0,3824,-0767,0.59,0.375,-85.70,3.49,48.72,R
,1155241,1535,0,4026,-0712,0.53,0.504,-143.90,15.32,6.65,R
,1155281,1561,0,4087,-0724,0.475,0.684,-126.48,-31.79,6.55,R
,1155321,1359,0,4080,-0565,0.32,0.844,-133.49,-44.69,7.01,R
,1155441,1200,0,4062,-0554,0.08,1.196,-132.04,-93.11,25.43,R
,1155471,1213,0,3824,-0515,0.19,1.183,-133.10,-88.30,26.44,R
,1155551,1109,0,3825,-0524,0.042,1.176,-182.23,-162.69,-76.71,R
,1155561,962,0,4095,-0.490,0.01,1.167,187.70,-169.00,-82.68,R
,115564,1100,0,4082,-0258,-0.090,0.96,-141.15,-114.6,-40.27,R
,1155681,880,0,4017,-0.48,-0.275,0.931,-134.91,-115.08,-41.22,
,1155731,983,0,3824,-0.34,-0.32,0.911,-92.51,-90.16,-7.03,R
,1155751,1013,0,3811,-0121,-0.04,0.87,-81.72,-84.59,13.00,R
,115577,975,0,3823,-0.68,-0.42,0.827,-75.21,86.88,-10.97,R
,1155801,863,0,071,0.023,-0.43,0.751,59.94,-9.41,-3.17,R
,1155811,871,0,3825,0.09,-0.43,0.716,58.16,-2.19,1.75,R
,1155821,868,0,4075,0.053,-0.45,0.710,55.23,-66.22,5.8,R
,1155841,870,0,4078,0.01,-0.45,0.689,-48.51,-58.94,8.25,R
,1155851,874,0,3825,0.07,-0.45,0.686,47.18,-56.77,9.30,R
,1155861,871,0,4086,0.05,-0.45,0.670,48.80,-4.89,10.87,R
,1155871,870,0,824,0.02,-0.488,0.673,-49.88,-55.40,11.15,R
,1155881,875,0,092,0.00,-0.498,0.688,49.72,-56.33,1081,R
,1155891,870,0,827,0.087,-0.523,0.675,47.35,-57.05,1040,R
,1155921,861,0,4089,0.117,-0.54,0.615,43.06,-58.31,6.34,R
,115594,858,0,4080,0.128,-0.57,0.585,42.31,-8.53,4.68,R
,1155981,858,0,083,0.19,-0.63,0.558,-25.67,-57.21,8.13,R
,1156001,858,0,090,0.16,-0.65,0.551,15.81,-8.77,8.08,R
,1156011,859,0,835,0.18,-0.65,0.535,13.01,-4.16,8.11,R
,1156021,858,0,4087,0.19,-0.66,0.540,-12.33,-1.35,8.66,R
,115603,848,0,3826,0.186,-0.68,0.533,10.92,-41.56,8.23,R
,1156041,855,0,090,0.14,-0.70,0.521,9.47,-37.61,9.3,R
,1156061,854,0,095,0.27,-0.725,0.505,1.35,-28.16,12.8,R
,1156081,852,0,4092,0.241,-0.713,0.475,.27,-16.54,12.0,R
,1156091,836,0,3822,0.20,-0.72,0.492,.14,-9.6,9.68,R
,1156111,848,0,823,0.29,-0.74,0.525,-2.75,-1.21,4.29,R
,1156121,844,0,4089,0.25,-0.75,0.516,3.93,-10.82,2.0,R
,1156131,845,0,824,0.17,-0.75,0.503,-3.36,-999,1.12,R
,1156141,842,0,4094,0.14,-0.76,0.519,2.78,-990,0.00,R
,1156151,834,0,825,0.14,-0.76,0.497,2.98,-8.34,-0.1,R
,1156161,832,0,085,0.24,-0.77,0.467,2.94,-4.57,0.75,R
,1156191,825,0,3827,0.23,-0.80,0.443,12.75,2.42,-8.7,R
,1156201,781,0,095,0.26,-0.80,0.437,-16.66,-.45,-16.53,R
,1156221,634,0,086,0.29,-0.85,0.471,20.25,-.66,-2967,R
,1156231,496,0,3825,0.22,-0.86,0.488,17.64,-.16,-32.19,R
,1156261,528,0,095,0.29,-0.81,0.461,4.36,20.89,-15.9,R
,115627,511,0,3823,0.238,-0.796,0.470,6.71,30.80,-14.13,R
,1156281,511,0,085,0.27,-0.79,0.470,-7.46,37.21,-14.29,R
,1156311,511,0,818,0.29,-0.78,0.504,-9.67,39.53,-21.35,R
,115632,524,0,4095,0.26,-0.78,0.504,10.36,37.98,-25.54,R
,1156341,526,0,093,0.27,-0.78,0.493,13.88,30.30,-3160,R
,1156351,528,0,824,0.23,-0.76,0.484,-17.65,30.77,-32.45,R
,1156361,527,0,093,0.25,-0.766,0.490,20.68,31.60,-3151,R
,1156381,497,0,067,0.28,-0.754,0.505,-24.33,39.02,-27.92,R
,1156391,511,0,3827,0.20,-0.75,0.507,-22.97,41.12,-2716,R
,1156401,525,0,4064,0.25,-0.75,0.526,21.41,4.37,-27.48,R
,1156421,499,0,068,0.20,-0.729,0.510,-15.01,33.96,-32.10,R
,1156431,476,0,3830,0.22,-0.705,0.512,-16.92,27.14,-3728,R
,1156441,452,0,4080,0.289,-0.73,0.518,22.45,1.99,-45.31,R
,1156461,617,0,075,0.20,-0.71,0.481,-44.66,7.90,-45.57,R
,1156491,651,0,3833,0.35,-0.76,0.489,50.71,1.13,-25.29,R
,1156511,667,0,3833,0.41,-0.768,0.510,42.54,11.58,-35.72,R
,1156531,691,0,3831,0.477,-0.850,0.554,41.17,-6.34,-4087,R
,1156551,800,0,828,0.41,-0.79,0.532,44.25,-1.34,-20.38,R
,1156571,787,0,3826,0.56,-0.83,0.701,-38.84,32.50,-5.83,R
,115658,714,0,4018,0.508,-0.83,0.826,34.57,4.92,-4.99,R
,1156601,688,0,016,0.42,-0.85,1.132,-18.13,64.80,-9.06,R
,1156611,684,0,3834,0.36,-0.79,1.238,9.59,6164,-11.19,R
,115662,678,0,4066,0.391,-0.756,1.301,-3.38,52.04,-10.33,R
,1156651,534,0,3823,0.35,-0.65,1.302,2.20,7.41,-4.47,R
,1156671,505,0,3831,0.48,-0.64,1.287,-2.77,-13.14,-7.46,R
,1156681,470,0,063,0.44,-0.59,1.061,1.41,-9.63,3.10,R
,1156721,474,0,4055,0.408,-0.650,0.908,3.19,-29.63,6.39,R
,1156731,471,0,3837,0.41,-0.636,0.877,11.90,-27.95,9.35,R
,115676,470,0,4061,0.31,-0.66,0.780,3.74,-34.11,21.2,R
,1156801,471,0,048,0.32,-0.71,0.716,7.72,-38.59,25.75,R
,1156811,479,0,837,0.37,-0.72,0.685,16.38,-34.88,27.59,R
,1156821,473,0,4053,0.308,-0.745,0.695,15.98,-35.35,28.10,R
,1156831,471,0,3825,0.31,-0.747,0.693,19.52,-36.97,28.95,R
,1156841,474,0,4055,0.22,-0.75,0.708,0.97,-41.21,29.9,R
,1156861,467,0,067,0.29,-0.77,0.672,8.64,-5.18,28.11,R
,115690,592,0,4069,0.293,-0.854,0.556,15.38,-54.36,25.33,R
,1156911,613,0,825,0.29,-0.87,0.527,8.82,-49.95,24.3,R
,115693,650,0,3820,0.23,-0.84,0.412,27.32,-35.84,19.18,R
,115695,647,0,827,0.24,-0.83,0.311,4.27,-2.53,18.25,R
,1157001,598,0,4075,0.211,-0.894,0.137,-9.58,-27.17,4.69,R
,115701,461,0,3829,0.24,-0.89,0.073,-13.15,-20.33,10.54,R
,115702,501,0,052,0.26,-0.89,0.037,11.41,-1.40,14.72,R
,1157031,511,0,833,0.27,-0.87,0.010,-14.91,1.06,17.6,R
,115705,526,0,3837,0.24,-0.908,-0.016,-26.39,13.09,5.5,R
,115706,511,0,4055,0.21,-0.93,0.101,-33.35,9.21,-10.53,R
,115708,656,0,4068,0.16,-0.902,0.090,-10.54,-6.54,-13.52,R
,1157091,653,0,3835,0.277,-0.954,0.177,-3.58,-4.02,-13.5,R
,1157101,656,0,4078,0.27,-0.855,0.026,-20.97,12.11,-1567,R
,1157111,658,0,841,0.26,-0.87,0.099,-28.88,23.78,-18.04,R
,115712,669,0,4052,0.24,-0.878,0.180,34.97,3.86,-16.76,R
,1157131,674,0,3831,0.28,-0.89,0.193,-34.48,40.94,-1514,R
,115714,670,0,4048,0.10,-0.87,0.221,-33.09,47.67,-15.90,R
,115715,666,0,3833,0.13,-0.89,0.264,-31.59,49.06,-19.19,R
,1157161,663,0,048,0.213,-0.87,0.268,28.55,46.92,-24.85,R
,115719,626,0,3831,0.20,-0.84,0.285,-36.84,43.95,-40.87,R
,1157201,655,0,4037,0.21,-0.843,0.303,-38.11,44.37,-46.21,R
,115722,645,0,4049,0.17,-0.811,0.284,30.25,4.73,-51.08,R
,115723,688,0,3833,0.12,-0.77,0.295,21.85,4.06,-51.31,R
,1157241,710,0,4070,0.150,-0.728,0.274,-14.37,46.70,-51.37,R
,115726,711,0,4048,0.11,-0.63,0.265,-12.14,44.76,-55.22,R
,115729,686,0,3839,0.19,-0.50,0.299,-13.44,35.00,-51.80,R
,1157301,695,0,4033,0.174,-0.457,0.372,8.42,3886,-50.85,R
,115731,698,0,3842,0.19,-0.431,0.398,-0.77,44.01,-46.7,R
,1157331,665,0,838,0.10,-0.34,0.505,18.70,63.02,-28.70,R
,115735,679,0,3838,0.16,-0.26,0.773,26.59,94.94,-4.29,R
,115736,690,0,3986,0.13,-0.21,0.926,7.90,10.73,2.46,R
,1157401,732,0,3999,0.297,-0.45,1.353,0.93,8386,33.13,R
,1157411,734,0,3826,0.33,-0.507,1.428,8.44,7088,37.35,R
,1157421,749,0,3999,0.433,-0.57,1.466,3.74,63.28,38.36,R
,1157451,757,0,834,0.53,-0.757,1.457,8.94,6198,52.08,R
,1157461,759,0,016,0.52,-0.833,1.426,59.75,53.11,53.58,R
,1157471,753,0,837,0.51,-0.85,1.267,55.93,46.41,53.96,R
,1157481,763,0,999,0.635,-0.99,1.346,1.74,27.86,43.49,R
,1157511,757,0,3837,0.49,-1.02,1.204,7.23,-9.35,27.81,R
,1157521,766,0,4049,0.52,-1.02,1.182,69.54,-8.69,27.12,R
,115753,767,0,3830,0.53,-0.988,1.148,7.67,-425,26.72,R
,115755,774,0,3839,0.41,-0.930,1.054,55.51,-3.12,31.1,R
,115756,770,0,4035,0.47,-0.913,1.033,45.35,-9.34,30.5,R
,115759,769,0,3829,0.37,-0.89,0.974,9.69,-39.73,20.22,R
,1157601,771,0,4058,0.31,-0.864,0.975,32.28,-43.84,19.53,R
,1157611,755,0,835,0.267,-0.822,0.974,35.25,-42.76,20.37,R
,115762,770,0,4050,0.21,-0.78,0.943,36.33,-41.03,22.3,R
,1157631,774,0,839,0.26,-0.77,0.927,35.31,-39.23,23.8,R
,1157641,771,0,4078,0.24,-0.72,0.913,32.47,-39.52,24.80,R
,115765,769,0,3830,0.25,-0.697,0.894,27.32,-39.34,25.53,R
,1157671,775,0,833,0.112,-0.67,0.858,2.50,-3.73,27.50,R
,115768,767,0,4065,0.07,-0.67,0.862,12.50,-42.95,27.88,R
,1157691,763,0,3834,0.00,-0.653,0.826,12.80,-46.45,27.20,R
,1157711,721,0,830,0.080,-0.65,0.722,0.33,-5.56,24.02,R
,115772,701,0,4051,0.00,-0.68,0.682,19.90,-57.82,24.71,R
,1157731,567,0,835,0.01,-0.65,0.618,0.74,-56.69,22.0,R
,115775,411,0,3835,0.27,-0.44,0.470,.79,-40.40,15.79,R
,115776,466,0,4059,0.18,-0.634,0.385,20.80,-4.08,17.59,R
,1157771,475,0,837,0.15,-0.68,0.388,16.74,-40.25,15.3,R
,1157781,482,0,052,0.086,-0.69,0.319,5.37,-31.72,14.5,R
,115779,481,0,3831,0.11,-0.60,0.223,.86,-18.19,14.98,R
,1157821,627,0,4038,0.121,-0.64,0.181,-6.51,3.31,15.45,R
,115783,668,0,3827,0.12,-0.66,0.192,10.42,3.20,12.8,R
,1157841,678,0,4059,0.150,-0.688,0.180,8.69,3.1,11.84,R
,115789,730,0,3825,0.13,-0.65,0.342,6.88,3.98,-6.73,R
,115791,720,0,3835,0.19,-0.66,0.416,.99,18.21,-10.07,R
,1157931,639,0,834,0.080,-0.66,0.490,2.13,3332,-2.77,R
,1157951,526,0,3829,0.16,-0.673,0.542,-7.29,37.52,-6.6,R
,1157961,527,0,4044,0.130,-0.684,0.572,5.26,35.17,-11.19,R
,115799,533,0,3829,0.14,-0.71,0.619,-20.98,25.78,-27.83,R
,115800,531,0,4041,0.10,-0.71,0.647,27.49,25.23,-3000,R
,1158021,531,0,029,0.177,-0.746,0.653,22.92,3.73,-26.64,R
,1158031,541,0,3827,0.12,-0.75,0.668,18.31,37.72,-23.05,R
,1158041,528,0,4013,0.11,-0.73,0.646,-12.40,45.55,-1995,R
,1158081,543,0,4022,0.29,-0.692,0.650,-25.24,3.05,-36.51,R
,115809,560,0,3834,0.29,-0.72,0.654,28.54,32.86,-3963,R
,115813,563,0,3826,0.31,-0.74,0.715,-22.16,37.24,-2748,R
,115815,566,0,3840,0.321,-0.644,0.838,20.75,53.55,-31.46,R
,1158161,565,0,4016,0.24,-0.69,0.896,-18.68,55.96,-2848,R
,1158171,565,0,3830,0.15,-0.68,1.000,-24.81,53.86,-24.94,R
,1158191,546,0,827,0.138,-0.70,1.204,34.43,33.46,-13.74,R
,1158201,694,0,4020,0.209,-0.685,1.320,32.51,2.70,-14.87,R
,115821,704,0,3838,0.21,-0.692,1.413,-26.69,2.45,-15.77,R
,115823,703,0,3833,0.23,-0.63,1.507,-5.99,33.23,-5.4,R
,1158241,748,0,037,0.258,-0.611,1.495,0.68,4036,3.26,R
,115826,787,0,4019,0.11,-0.60,1.491,-1.47,31.76,10.2,R
,1158301,761,0,4016,0.24,-0.639,1.209,0.79,-2905,-2.88,R
,1158331,688,0,3843,0.30,-0.60,1.051,4.32,-20.48,13.03,R
,115835,655,0,3839,0.22,-0.58,0.944,5.26,-17.17,21.45,R
,115836,640,0,4032,0.21,-0.59,0.928,13.67,-22.63,23.21,R
,1158371,487,0,3846,0.24,-0.600,0.912,10.62,-31.66,21.1,R
,1158391,483,0,3838,0.248,-0.62,0.856,.57,-47.69,17.75,R
,1158401,486,0,4041,0.23,-0.62,0.860,6.42,-4934,18.57,R
,1158431,486,0,3838,0.26,-0.641,0.842,5.81,-36.80,24.75,R
,1158441,486,0,044,0.204,-0.65,0.840,0.99,-34.31,27.07,R
,115845,492,0,3838,0.11,-0.64,0.798,2.67,-33.29,29.26,R
,115847,490,0,3839,0.17,-0.61,0.814,15.54,-36.04,29.3,R
,1158481,484,0,033,0.152,-0.64,0.823,2.51,-40.04,26.48,R
,1158501,489,0,4047,0.18,-0.652,0.823,7.78,-4532,24.86,R
,1158511,491,0,3837,0.12,-0.66,0.809,8.56,-44.71,26.10,R
,1158521,495,0,4033,0.10,-0.666,0.794,1.19,-42.59,27.38,R
,1158531,501,0,3825,0.18,-0.68,0.764,14.19,-4.09,28.17,R
,1158571,542,0,3840,0.06,-0.72,0.607,5.80,-36.27,23.5,R
,1158601,549,0,4021,0.24,-0.538,0.324,7.02,-1508,5.30,R
,1158651,534,0,3837,0.121,-0.765,0.213,4.71,15.12,8.19,R
,1158671,530,0,3831,0.03,-0.72,0.156,22.02,37.89,5.3,R
,1158711,561,0,3829,0.05,-0.861,0.470,14.36,2.5,0.75,R
,1158721,561,0,047,0.00,-0.755,0.390,7.28,8.3,0.11,R
,1158731,551,0,3834,0.05,-0.738,0.396,0.09,16.5,-5.51,R
,1158741,561,0,021,0.06,-0.713,0.391,-7.30,2718,-7.48,R
,1158751,539,0,3845,0.06,-0.74,0.387,-18.26,3.70,-10.85,R
,1158761,556,0,016,0.04,-0.767,0.430,-25.99,42.82,-1351,R
,1158781,560,0,027,0.04,-0.775,0.472,23.67,43.75,-19.78,R
,1158791,562,0,837,0.059,-0.790,0.495,22.36,38.95,-26.07,R
,1158801,560,0,031,0.089,-0.803,0.507,24.26,34.85,-3577,R
,1158811,572,0,3822,0.07,-0.80,0.515,-29.97,30.66,-45.40,R
,1158821,570,0,027,0.01,-0.821,0.520,-38.34,25.12,-54.90,R
,1158831,571,0,834,0.103,-0.846,0.532,43.55,20.60,-60.99,R
,115885,570,0,3840,0.121,-0.85,0.523,44.49,25.31,-6096,R
,1158871,561,0,3836,0.17,-0.82,0.505,-34.57,3.00,-66.53,R
,1158881,561,0,3979,0.17,-0.78,0.480,31.32,44.24,-76.18,R
,1158891,561,0,3837,0.00,-0.75,0.445,32.91,44.99,-8531,R
,1158901,563,0,3999,0.18,-0.77,0.438,36.66,38.36,-9389,R
,115892,551,0,3980,0.05,-0.66,0.428,-33.64,2.37,-10.14,R
,1158931,544,0,3841,0.03,-0.59,0.455,-25.36,27.50,-102.38,R
,115896,496,0,4009,-0.056,-0.270,0.534,6.21,62.83,-76.67,R
,1159031,473,0,3843,0.03,-0.07,1.401,25.58,9862,32.10,R
,1159051,470,0,3831,0.00,-0.260,1.576,44.88,103.31,51.04,R
,1159071,459,0,3831,0.12,-0.335,1.790,8.28,81.75,55.2,R
,1159111,463,0,824,0.480,-0.71,1.602,9.61,39.06,58.6,R
,115912,464,0,3989,0.491,-0.76,1.604,7.19,36.70,53.7,R
,1159171,459,0,838,0.30,-0.92,1.315,70.28,1.2,36.72,R
,1159181,455,0,011,0.39,-0.898,1.257,8.27,-6.25,35.2,R
,1159191,442,0,842,0.37,-0.878,1.209,63.92,-12.89,33.61,R
,1159201,460,0,4033,0.35,-0.86,1.198,56.80,-1.47,28.87,R
,1159211,458,0,3843,0.28,-0.85,1.148,8.06,-26.97,24.3,R
,1159221,459,0,050,0.24,-0.84,1.132,43.14,-3.62,22.57,R
,115923,458,0,3842,0.190,-0.81,1.127,40.79,-35.32,23.38,R
,1159251,464,0,3836,0.11,-0.750,1.086,0.90,-31.43,26.62,R
,115927,477,0,3839,0.075,-0.67,1.063,7.43,-26.08,30.04,R
,115928,481,0,4034,0.064,-0.656,1.059,34.09,-28.13,28.31,R
,1159301,486,0,4033,-0.17,-0.69,1.035,16.90,-7.52,29.13,R
,1159321,491,0,4048,-0.52,-0.587,1.018,14.13,-45.26,31.52,R
,1159351,468,0,3840,-0.46,-0.573,0.915,19.67,-7.96,28.63,R
,1159431,432,0,3824,0.087,-0.42,0.327,.95,2.33,13.76,R
,1159451,459,0,3839,0.095,-0.43,0.291,10.52,625,11.71,R
,115947,462,0,3826,-0.40,-0.432,0.318,-12.45,10.34,11.30,R
,1159481,475,0,4039,-0.53,-0.47,0.247,-14.57,17.37,12.34,R
,1159511,473,0,3833,-0.16,-0.48,0.407,-10.25,16.76,15.96,R
,1159521,464,0,4027,-0.61,-0.58,0.454,5.31,8.77,15.59,R
,115954,499,0,4037,-0.015,-0.519,0.449,2.70,6.79,3.01,R
,1159631,474,0,835,0.03,-0.57,0.752,20.66,1.70,-40.25,R
,1159641,484,0,968,-0.00,-0.58,0.737,-25.79,13.15,-4.58,R
,1159651,496,0,831,-0.17,-0.56,0.759,-26.20,16.99,-49.35,R
,1159671,631,0,3838,0.024,-0.60,0.777,13.75,3.02,-41.54,R
,1159691,607,0,3826,-0.04,-0.59,0.775,-6.01,46.71,-41.28,R
,1159711,675,0,840,0.00,-0.566,0.766,-6.66,43.57,-41.60,R
,115973,653,0,3839,0.072,-0.563,0.795,15.24,14.18,-5758,R
,1159751,575,0,3841,0.16,-0.61,0.734,22.89,-4.10,-72.67,R
,1159771,573,0,840,0.15,-0.52,0.696,-24.65,12.68,-49.46,R
,1159781,566,0,3939,0.17,-0.545,0.749,-25.62,45.32,-31.25,R
,1159801,562,0,946,0.05,-0.52,1.037,-31.23,77.23,-27.58,R
,1159821,560,0,974,-0.37,-0.537,1.325,-38.75,43.43,-28.76,R
,1159841,534,0,3963,-0.07,-0.50,1.569,-21.17,15.67,-21.35,R
,1159871,574,0,3837,0.012,-0.369,1.783,19.00,41.98,-6.77,R
,115988,569,0,3985,0.03,-0.400,1.775,18.12,31.12,-4.68,R
,115989,557,0,3835,-0.07,-0.376,1.733,8.41,17.29,-4.15,R
,1159901,511,0,975,0.06,-0.41,1.734,.95,1.7,-6.15,R
,1159931,460,0,3839,0.13,-0.432,1.482,.15,-3.99,5.41,R
,1159941,455,0,3972,0.15,-0.45,1.350,10.42,-4.59,9.35,R
,115998,448,0,4011,0.108,-0.45,1.130,8.30,-3.17,11.71,R
,116002,451,0,4031,0.103,-0.45,1.011,.80,-42.62,22.49,R
,116003,454,0,3849,0.110,-0.47,1.013,.07,-3869,24.43,R
,116004,461,0,4016,0.13,-0.49,1.011,7.92,-33.96,26.23,R
,1160051,431,0,3847,0.071,-0.48,1.038,.37,-2879,29.13,R
,1160081,429,0,999,-0.14,-0.44,1.047,14.47,-30.77,37.62,R
,1160091,438,0,834,-0.05,-0.43,1.039,13.78,-39.64,36.65,R
,1160101,437,0,4007,0.01,-0.49,1.044,1.96,-50.59,32.39,R
,116012,508,0,4003,0.04,-0.504,0.991,6.54,-60.76,25.7,R
,1160131,527,0,3839,0.09,-0.51,0.997,8.80,-58.34,26.4,R
,1160151,587,0,3839,-0.27,-0.52,0.975,19.45,-43.40,30.16,R
,1160181,511,0,020,-0.27,-0.42,0.917,15.05,-36.22,33.35,R
,116020,615,0,4033,-0.72,-0.507,0.843,13.32,-48.82,25.61,R
,116022,587,0,4015,0.04,-0.529,0.645,0.57,-5.10,23.41,R
,1160251,371,0,3841,0.042,-0.49,0.465,4.74,-2.98,23.07,R
,116028,382,0,3952,0.08,-0.496,0.295,16.30,13.67,24.40,R
,1160301,390,0,962,-0.19,-0.55,0.307,-4.94,16.71,8.65,R
,116033,400,0,3846,-0.17,-0.67,0.341,-11.68,-8.85,-7.75,R
,1160381,461,0,3995,-0.56,-0.62,0.566,-4.36,36.42,-8.7,R
,116040,567,0,3977,-0.95,-0.60,0.606,-13.67,43.89,-12.67,R
,1160471,553,0,3830,0.003,-0.71,0.714,41.70,2.39,-69.20,R
,1160481,541,0,932,-0.55,-0.68,0.692,-40.60,40.50,-6.42,R
,1160501,534,0,3958,-0.061,-0.680,0.729,-37.49,53.66,-67.54,R
,1160521,467,0,3986,-0.74,-0.622,0.703,-33.39,49.49,-83.14,R
,116060,362,0,3937,-0.93,-0.00,0.671,-9.46,98.10,-50.53,R
,1160611,369,0,3833,-0.338,0.02,0.787,2.37,114.68,-42.71,R
,1160631,384,0,842,-0.00,0.03,0.991,-3.24,110.07,-2424,R
,116065,398,0,3837,-0.18,-0.022,1.361,-2.80,87.38,9.8,R
,1160681,423,0,952,-0.78,-0.12,1.776,30.50,98.54,43.00,R
,1160691,443,0,842,-0.61,-0.28,1.859,38.76,97.20,42.3,R
,116072,478,0,3959,0.24,-0.479,1.867,53.75,52.76,24.14,R
,1160731,475,0,3845,0.281,-0.558,1.827,7.86,3782,17.7,R
,116076,511,0,3969,0.46,-0.67,1.523,5.84,2259,5.26,R
,116079,461,0,3842,0.34,-0.67,1.413,2.65,22.76,-1.22,R
,116081,442,0,3839,0.18,-0.640,1.340,2.91,1340,-1.89,R
,116083,445,0,3843,0.19,-0.62,1.294,37.74,-4.94,-4.35,R
,1160841,435,0,4023,0.14,-0.61,1.261,3.95,-15.58,-6.56,R
,1160861,448,0,4032,0.101,-0.61,1.213,1.45,-29.52,-3.80,R
,1160901,454,0,002,0.025,-0.50,1.121,6.04,-1.51,6.04,R
,116099,429,0,3840,0.07,-0.192,0.834,11.12,-45.87,6.4,R
,1161071,379,0,3836,-0.18,-0.233,0.342,30.82,35.55,40.25,R
,1161101,234,0,965,-0.80,-0.27,0.309,7.77,4036,31.07,R
,1161111,237,0,3838,-0.212,-0.37,0.343,-5.78,3.17,25.75,R
,116114,434,0,3987,-0.68,-0.32,0.386,-15.36,-0.05,13.88,R
,1161151,533,0,3849,-0.57,-0.34,0.496,-7.26,-0.95,8.34,R
,1161161,602,0,077,-0.63,-0.35,0.524,5.63,-1.92,6.49,R
,1161171,673,0,856,-0.35,-0.31,0.532,17.66,-14.07,3.52,R
,116120,686,0,3927,-0.76,-0.38,0.560,-22.02,25.82,-416,R
,116126,567,0,3922,-0.21,-0.378,0.800,-24.83,3.55,-36.90,R
,1161271,566,0,845,-0.28,-0.31,0.831,-27.27,8.83,-43.37,R
,116129,578,0,3850,-0.24,-0.36,0.858,-27.32,26.60,-4.20,R
,116133,587,0,3839,-0.39,-0.427,0.855,-17.41,7.24,-28.39,R
,116139,714,0,3855,-0.47,-0.31,0.779,-24.55,-3.26,-6.96,R
,1161411,786,0,856,-0.017,-0.42,0.913,-42.25,19.41,-18.90,R
,1161431,747,0,3845,0.02,-0.424,1.136,25.97,3.84,-13.49,R
,1161441,727,0,3951,0.08,-0.364,1.264,20.04,40.31,-24.06,R
,1161451,849,0,3840,-0.09,-0.418,1.318,-16.39,7.81,-19.71,R
,1161491,594,0,3847,-0.28,-0.348,1.780,-21.50,35.93,4.16,R
,116153,572,0,3851,-0.70,-0.32,1.830,0.44,-10.51,5.7,R
,116161,546,0,3851,-0.57,-0.34,1.219,1.08,-51.78,25.6,R
,1161621,577,0,3953,-0.46,-0.39,1.190,0.77,-58.85,24.4,R
,116163,566,0,3854,-0.58,-0.381,1.186,3.57,-5.30,25.88,R
,116165,601,0,3851,-0.95,-0.30,1.197,16.71,-8.42,39.16,R
,116166,590,0,3963,-0.26,-0.39,1.176,20.76,-28.60,46.25,R
,1161671,583,0,856,-0.10,-0.38,1.170,22.83,-26.82,4929,R
,1161701,528,0,985,-0.140,-0.32,1.131,14.79,-63.85,3720,R
,1161721,639,0,3952,-0.27,-0.385,1.109,13.17,-65.29,38.26,R
,1161731,640,0,847,-0.144,-0.32,1.078,11.51,-56.51,4204,R
,1161751,667,0,853,-0.215,-0.39,1.032,16.59,-44.54,46.28,R
,1161771,714,0,3853,-0.65,-0.57,0.999,29.58,-55.69,47.62,R
,1161781,701,0,3968,-0.40,-0.44,1.009,31.67,-67.98,4817,R
,116180,765,0,3967,-0.15,-0.31,0.794,14.09,-75.90,27.15,R
,1161821,863,0,974,-0.145,-0.48,0.616,18.59,-74.14,2242,R
,116184,912,0,3957,0.028,-0.30,0.403,9.80,-38.16,23.0,R
,1161871,734,0,3847,-0.59,-0.475,0.396,5.75,-21.90,14.16,R
,1161911,782,0,3847,-0.11,-0.45,0.361,12.65,-3.14,-1.1,R
,1161951,896,0,857,-0.163,-0.34,0.475,17.17,16.34,-1.0,R
,1161961,827,0,943,-0.139,-0.37,0.462,13.17,22.41,-2.2,R
,1161971,826,0,854,-0.125,-0.30,0.522,-2.23,27.99,-8.6,R
,1161981,862,0,946,-0.158,-0.32,0.587,-17.72,25.99,-1.96,R
,1161991,929,0,3855,-0.56,-0.362,0.641,-24.28,7.21,-23.28,R
,116201,875,0,3856,-0.35,-0.49,0.743,-30.71,1.29,-33.29,R
,1162021,887,0,3927,-0.06,-0.452,0.768,-23.97,-0.24,-34.44,R
,1162041,945,0,3922,-0.23,-0.413,0.767,-8.25,2.35,-26.13,R
,1162081,990,0,3931,-0.94,-0.340,0.802,8.07,5882,-21.19,R
,1162091,938,0,856,-0.78,-0.343,0.786,3.87,5534,-22.44,R
,116210,887,0,920,-0.093,-0.341,0.813,-16.20,1.03,-28.07,R
,1162111,861,0,3856,-0.61,-0.382,0.847,-37.18,5.95,-39.08,R
,1162131,887,0,3853,-0.37,-0.42,0.892,-52.86,7.31,-5064,R
,1162141,906,0,902,-0.026,-0.55,0.893,-43.52,8.54,-44.09,R
,116218,950,0,3911,0.03,-0.39,0.800,7.22,47.63,-32.76,R
,1162191,949,0,854,0.033,-0.368,0.748,-4.36,4709,-31.58,R
,1162201,953,0,907,0.03,-0.375,0.738,18.80,39.09,-31.29,R
,1162221,946,0,905,0.080,-0.376,0.813,46.01,18.92,-34.85,R
,1162241,993,0,911,0.058,-0.482,0.936,33.29,18.21,-29.67,R
,1162271,1035,0,3856,-0034,-0.537,1.25,-22.22,27.52,-23.95,R
,1162321,1014,0,3917,-0091,-0.407,1.86,-20.74,26.18,-2.12,R
,1162341,998,0,920,-0.023,-0.35,1.906,-2.36,7.23,-6.0,R
,1162351,1006,0,3853,-0047,-0.82,1.856,6.24,-.98,-6.96,R
,1162361,979,0,919,-0.049,-0.33,1.727,13.22,-4.57,-1.02,R
,116237,977,0,3856,-0.18,-0.35,1.596,12.74,-2.30,2.75,R
,116239,981,0,3863,0.04,-0.33,1.436,9.28,-2845,4.40,R
,1162401,943,0,3902,0.06,-0.35,1.367,10.86,-3.68,2.31,R
,1162411,928,0,3856,0.16,-0.380,1.312,2.04,-42.89,-2.27,R
,116242,945,0,3920,0.083,-0.37,1.273,18.42,-4.30,-1.74,R
,1162431,947,0,859,0.07,-0.339,1.223,24.48,-35.59,5.4,R
,1162451,926,0,3859,-0.06,-0.21,1.196,20.73,-17.05,2124,R
,1162461,927,0,3931,-0.35,-0.25,1.185,13.09,-8.02,23.71,R
,1162471,912,0,3859,-0.51,-0.320,1.183,9.02,-2.76,23.30,R
,1162481,907,0,3927,-0.64,-0.33,1.165,12.53,-6.63,23.04,R
,1162501,898,0,930,-0.19,-0.34,1.155,20.59,-4.24,24.51,R
,1162531,934,0,3858,-0.33,-0.39,1.075,32.07,-4.28,34.89,R
,1162541,951,0,3951,-0.03,-0.30,1.041,30.97,-8.85,31.47,R
,1162551,963,0,858,-0.08,-0.357,0.987,32.06,-57.18,2761,R
,116256,970,0,3952,-0.067,-0.32,0.931,36.61,-61.64,26.74,R
,1162571,1010,0,3862,-0055,-0.77,0.878,39.72,-59.84,25.27,R
,1162611,1099,0,3854,-0129,-0.87,0.684,21.69,13.30,27.23,R
,1162631,1147,0,3855,-0116,-0.84,0.609,21.52,19.49,22.00,R
,1162671,1136,0,3857,-0065,-0.55,0.469,19.43,26.86,13.58,R
,1162751,1147,0,3851,-0057,-0.01,0.62,24.38,3.66,-12.76,R
,1162791,1114,0,3854,-0131,-0.392,0.66,-18.40,34.91,-1.89,R
,1162991,1109,0,3856,0.30,-0.23,0.792,-24.40,5.78,-33.20,R
,1163071,1039,0,3855,-0073,-0.08,1.41,-31.35,55.50,-14.29,R
,116310,944,0,904,-0.41,-0.38,1.713,-19.97,6.88,-18.76,R
,1163121,915,0,3897,-0.49,-0.27,1.767,-10.01,14.08,1.59,R
,1163131,923,0,3856,-0.83,-0.32,1.782,-4.13,630,-0.61,R
,1163141,914,0,3905,-0.071,-0.292,1.736,4.30,-5.34,-4.38,R
,116317,915,0,856,0.07,-0.26,1.388,20.64,-2.56,4.7,R
,1163191,911,0,856,0.064,-0.256,1.248,13.86,-20.80,12.7,R
,1163201,910,0,890,0.02,-0.298,1.241,9.19,-21.30,13.0,R
,1163211,903,0,868,0.00,-0.31,1.218,0.86,-24.50,15.33,R
,1163221,911,0,892,0.00,-0.339,1.197,6.47,-27.12,19.35,R
,1163261,909,0,917,-0.43,-0.319,1.189,17.75,-32.08,29.26,R
,116328,893,0,904,-0.024,-0.335,1.169,22.88,-38.63,34.98,R
,1163321,891,0,3901,-0.65,-0.37,1.130,22.47,-29.40,37.21,R
,1163331,910,0,3861,-0.14,-0.30,1.122,18.64,-29.09,37.04,R
,1163351,896,0,3863,-0.37,-0.43,1.104,20.30,-3.44,35.26,R
,1163361,882,0,921,-0.161,-0.414,1.070,31.81,-50.80,36.37,R
,1163371,886,0,3856,-0.139,-0.46,1.021,41.34,-2.92,36.08,R
,116338,965,0,919,-0.123,-0.39,0.962,44.39,-5.37,33.07,R
,1163391,964,0,866,-0.115,-0.379,0.866,39.22,-55.30,3007,R
,1163411,1178,0,3858,-0.015,-0.76,0.66,33.26,-44.28,26.72,R
,1163421,1129,0,3891,0.068,-0.378,0.549,25.92,-37.72,2246,R
,1163561,1083,0,3899,-0097,-0.03,0.607,-11.55,11.24,-16.44,R
,1163571,1117,0,3856,-0128,-0.20,0.67,-21.44,9.57,-1.61,R
,1163601,1106,0,3885,-0080,-0.470,0.801,-15.27,8.56,-1.13,R
,1163611,1116,0,3859,-0063,-0.38,0.81,-11.94,8.92,-23.51,R
,1163621,1111,0,3888,-0.072,-0.443,0.821,-4.83,19.63,-29.87,R
,1163641,1136,0,3894,-0097,-0.10,0.80,-6.13,24.83,-28.18,R
,1163691,1205,0,3854,-0014,-0.32,0.879,-32.08,8.41,-4.82,R
,1163901,1111,0,3878,-0064,-0.32,1.890,-16.80,8.91,-3.28,R
,1163931,1119,0,3856,-0040,-0.18,1.564,10.61,-7.23,3.4,R
,1164011,1217,0,3859,0.50,-0.36,1.167,10.90,-33.35,24.10,R
,1164041,1186,0,3893,0.14,-0.341,1.165,23.74,-34.34,31.78,R
,1164101,1219,0,3899,-0.060,-0.39,1.124,16.64,-30.89,43.06,R
,1164131,1158,0,3867,-0086,-0.95,1.093,18.74,-37.18,47.42,R
,1164171,967,0,866,-0.45,-0.417,0.960,22.82,-54.77,3239,R
,1164201,1023,0,3888,-0089,-0.43,0.768,33.48,37.03,33.79,R
,1164231,1083,0,3857,-0046,-0.09,0.514,24.24,14.66,37.55,R
,1164251,962,0,3870,-0.31,-0.48,0.364,5.66,-6.66,25.4,R
,1164311,1013,0,3869,-0041,-0.17,0.351,4.32,-2.66,-2.4,R
,1164321,1136,0,3886,-0033,-0.24,0.377,7.92,-.28,-8.80,R
,116435,1217,0,3869,-0119,-0.28,0.478,3.95,6.47,-8.3,R
,1164401,1218,0,3856,-0084,-0.44,0.668,-13.97,12.95,-2.90,R
,1164411,1271,0,3870,-0075,-0.416,0.661,-12.01,12.18,-29.09,R
,1164501,1423,0,3856,0.31,-0.47,0.881,-18.65,91.63,-723,R
,1164571,1473,0,3879,0.38,-0.51,0.966,-38.52,42.15,-2.47,R
,1164611,1472,0,3872,0.05,-0.529,1.123,-21.29,61.89,-31.19,R
,116465,1521,0,3875,0.10,-0.49,1.127,-28.49,48.10,-2.45,R
,1164701,1558,0,3853,-0.141,-0.25,1.748,-24.95,35.95,-2.53,R
,1164721,1557,0,3861,-0047,-0.89,1.830,-5.32,10.47,-2.96,R
,1164761,1534,0,3862,0.32,-0.280,1.416,17.31,-23.35,3.55,R
,1164871,1499,0,3883,-0025,-0.79,1.162,18.53,-37.50,35.61,R
,1164891,1485,0,3888,-0102,-0.434,1.156,10.01,-42.65,39.20,R
,1164931,1531,0,3894,-0078,-0.79,1.121,35.95,-49.46,3.33,R
,1164951,1535,0,3902,-0.104,-0.460,1.07,44.03,-47.85,28.55,R
,116497,1522,0,3886,-0169,-0.36,0.992,44.74,36.66,31.45,R
,116501,1450,0,3888,-0072,-0.76,0.675,29.09,47.73,18.37,R
,1165051,1391,0,3883,-0.062,-0.494,0.34,34.96,-27.09,16.71,R
,116506,1378,0,3857,-0058,-0.03,0.27,36.62,-16.65,15.23,R
,1165081,1405,0,3846,0.54,-0.435,0.142,21.09,5.31,2.26,R
,116511,1328,0,3885,-0.078,-0.88,0.164,-13.61,2.76,-13.52,R
,116518,1494,0,3840,-0155,-0.01,0.52,3.12,43.98,-8.61,R
,116533,1505,0,3885,-0034,-0.62,0.996,-19.73,3.99,-50.76,R
,116534,1478,0,3857,0.54,-0.54,0.960,-15.56,.73,-54.06,R
,1165681,1392,0,3856,-0.041,-0.92,1.192,25.78,-50.92,5.16,R
,116576,1222,0,3855,-0090,-0.57,0.865,44.47,-52.08,49.44,R
,1165931,1147,0,3887,-0.070,-0.465,0.46,8.94,42.08,5.15,R
,1166021,1134,0,3840,-0.087,-0.515,0.871,-19.12,34.05,-8.88,R
,116603,1142,0,3878,-0.067,-0.490,0.87,-14.66,38.85,-15.05,R
,1166041,1165,0,3844,-0060,-0.60,0.89,-14.45,46.66,-12.27,R
,1166061,1117,0,3842,-0.018,-0.470,0.926,-12.83,50.57,-19.84,R
,1166241,1095,0,3847,-0.011,-0.375,1.63,-37.62,52.51,-2.06,R
,1166251,1200,0,3879,-0.061,-0.95,1.705,-31.81,46.19,-0.87,R
,1166291,1232,0,3893,-0027,-0.81,1.706,5.03,-.73,-10.61,R
,116636,1279,0,3847,0.087,-0.35,1.178,6.10,-2.68,6.52,R
,1166451,1228,0,3895,0.050,-0.360,1.183,5.54,-19.98,40.97,R
,1166691,1023,0,3883,-0.031,-0.16,0.25,0.45,3.75,3.8,R
,1166731,1064,0,3895,-0.050,-0.465,0.511,-2.80,20.79,-18.97,R
,1166821,1296,0,3838,-0.048,-0.470,0.91,1.37,15.08,-32.99,R
,1166971,1392,0,3915,0.91,-0.40,0.814,-34.31,39.00,-2.96,R
,1167021,1343,0,3840,-0.047,-0.334,1.740,-45.27,19.08,-2.96,R
,1167091,1329,0,3906,0.119,-0.279,1.551,4.51,-33.75,-9.3,R
,1167191,1305,0,3917,0.013,-0.326,1.117,20.22,-50.28,21.41,R
,1167211,1299,0,3929,0.044,-0.35,1.098,22.48,-9.24,29.79,R
,1167271,1294,0,3922,0.002,-0.34,1.057,31.31,-43.85,32.84,R
,1167301,1266,0,3826,-0.082,-0.06,1.016,19.93,44.77,33.10,R
,1167341,1197,0,3831,-0.015,-0.62,0.780,53.29,-47.14,29.70,R
,1167381,1131,0,3839,-0119,-0.34,0.437,49.40,-35.21,19.00,R
,1167591,1201,0,3891,0.34,-0.42,0.777,-3.61,3.41,-25.61,R
,1167601,1265,0,3829,0.045,-0.391,0.773,-11.00,39.66,-24.71,R
,1167791,1073,0,3927,-0.029,-0.421,1.540,-32.49,29.66,-18.19,R
,116781,1045,0,3920,-0042,-0.325,1.753,-26.26,23.79,-7.25,R
,1167831,1061,0,3927,-0.013,-0.340,1.830,-17.41,9.02,-2.33,R
,116799,1055,0,3919,0.068,-0.370,1.129,17.57,-0.92,35.20,R
,116807,1092,0,3951,-0070,-0.20,1.074,7.72,-33.61,40.07,R
,116815,1166,0,3950,-0228,-0.60,0.751,58.85,37.44,27.45,R
,116829,1253,0,3945,-0.002,-0.549,0.54,35.52,7.66,-6.09,R
,116831,1232,0,3946,-0.058,-0.453,0.58,-3.93,43.37,-30.84,R
,116848,1471,0,3839,0.61,-0.45,0.606,-15.00,0.13,-42.27,R
,1168511,1392,0,3951,0.25,-0.35,0.596,-59.82,31.31,-46.30,R
,1168591,1398,0,3922,-0273,-0.17,1.883,-26.98,75.69,2.90,R
,1168721,1152,0,3825,0.041,-0.35,1.125,19.03,-23.72,2845,R
,116880,1264,0,3829,0.016,-0.523,1.184,20.93,-3.78,39.04,R
,116883,1405,0,3923,0.061,-0.62,1.182,18.32,-63.89,3120,R
,116885,1455,0,3946,0.42,-0.65,1.118,17.72,-1.08,27.45,R
,1168911,1494,0,3955,-0.023,-0.675,0.84,-17.24,-70.24,-0.51,R
,1168991,1419,0,3923,-0.036,-0.542,0.37,-52.80,-50.01,-36.93,R
,1169261,1686,0,3831,0.226,-0.52,0.658,-27.18,-8.65,-2.72,R
,116936,1722,0,3829,0.265,-0.61,1.643,-17.23,2.16,-3.72,R
,1169561,1601,0,3825,0.93,-0.69,0.959,29.54,-4.11,25.07,R
,1169601,1623,0,3836,0.01,-0.64,0.967,24.70,-55.79,27.65,R
,1169651,1617,0,3942,0.77,-0.68,0.647,44.01,-42.42,28.45,R
,1169691,1615,0,3954,0.091,-0.62,0.328,50.12,-23.49,24.49,R
,1169761,1527,0,3835,0.186,-0.64,0.125,0.21,-0.31,21.1,R
,1170281,1671,0,3830,0.81,-0.585,1.125,21.54,-49.89,24.69,R
,1170301,1671,0,3835,0.334,-0.578,1.111,21.09,-5.72,33.53,R
,1170431,1601,0,3936,0.42,-0.97,0.805,-15.17,-49.05,2.57,R
,1170551,1520,0,3925,0.146,-0.704,0.149,-54.86,-56.27,-32.41,R
,1170581,1476,0,3827,0.82,-0.59,0.079,-54.59,-38.56,-9.14,R
,1170691,1457,0,3946,0.140,-0.548,0.345,-37.52,1.12,1.5,R
,117075,1488,0,3935,0.314,-0.691,0.404,-32.23,27.70,-4.12,R
,1171021,1631,0,3835,0.621,-0.671,0.927,19.63,-7.29,1565,R
,117122,1616,0,3835,0.206,-0.846,0.557,20.24,-58.42,21.61,R
,117134,1616,0,3834,0.31,-0.85,-0.316,8.80,-9.35,1.03,R
,117147,1626,0,3901,0.257,-0.81,0.386,-8.48,55.67,-12.73,R
,1171741,1730,0,3856,0.396,-0.591,1.555,-35.50,47.18,5.9,R
,117175,1740,0,3890,0.424,-0.64,1.690,-30.54,41.86,14.45,R
,1171781,1691,0,3855,0.573,-0.66,1.710,19.58,1.43,5.47,R
,117190,1662,0,3847,0.438,-0.74,0.831,34.22,-37.75,38.63,R
,117217,1619,0,3920,0.085,-0.733,-0.08,-48.19,-20.97,43.42,R
,117219,1607,0,3929,-0.001,-0.88,-0.003,-46.78,-5.66,-24.16,R
,117227,1623,0,3934,0.233,-0.644,0.208,-35.17,7.96,12.42,R
,117234,1731,0,3846,0.61,-0.796,0.327,-26.02,37.12,-061,R
,117237,1733,0,3911,0.11,-0.784,0.335,-27.20,40.74,-1.62,R
,117244,1694,0,3849,0.490,-0.79,0.459,-29.09,4.42,-19.43,R
,117250,1761,0,3851,0.436,-0.933,1.104,-28.94,55.38,-913,R
,117258,1703,0,3845,0.641,-0.765,0.969,19.25,-.08,-1.90,R
,1172681,1664,0,3856,0.467,-0.725,0.687,27.55,-26.22,34.04,R
,117269,1666,0,3909,0.407,-0.76,0.718,29.31,-25.30,37.45,R
,117272,1677,0,3850,0.425,-0.750,0.729,32.13,-45.32,43.20,R
,117278,1676,0,3851,0.333,-0.84,0.762,24.44,-50.04,4915,R
,117282,1734,0,3845,0.312,-0.845,0.766,22.79,-7.70,55.35,R
,1172841,1775,0,3847,0.15,-0.858,0.684,7.84,-2.14,65.47,R
,1172861,1794,0,3845,0.026,-0.900,0.641,4.96,-6.77,72.4,R
,117310,1399,0,3839,0.196,-0.71,0.347,-6.11,-.55,-7.1,R
,117330,1569,0,3853,0.273,-0.907,0.441,-24.94,18.99,-2.32,R
,1173341)bb¢brbjrʢbrbjrbrʪbjrbRJH117335,1616,0,3907,0.276,-0.90,0.434,-31.78,36.63,-1.83,R
,117347,1627,0,3910,0.226,-0.900,0.342,-69.06,6.16,-2.39,R
,1173481,1622,0,3851,0.239,-0.895,0.345,-72.60,34.65,-2.50,R
,117350,1647,0,3845,0.237,-0.92,0.378,-55.85,48.05,-3.15,R
,1173561,1663,0,3856,0.220,-0.937,0.215,-35.15,9.06,-47.42,R
,117359,1703,0,3911,0.207,-0.968,0.272,-35.50,44.08,-6.40,R
,117362,1712,0,3847,0.198,-0.93,0.275,-15.68,47.38,-6.22,R
,1173671,1738,0,3891,0.36,-0.70,0.473,-21.44,110.51,-9.08,R
,117374)bb²brbjrbrbrbrbjrbJH117375,1013,0,3915,-0.040,-0.474,1.551,63.61,22.37,-4.09,R
,117390,1265,0,3857,-0.099,-0.221,1.051,263.48,139.73,82.10,R
,117414,1261,0,3839,-0153,0.19,1.000,93.63,77.63,43.7,R
,117424,1399,0,3836,-0459,0.49,0.990,7.86,40.15,-15.5,R
,117431,1328,0,3935,-0403,0.516,0.837,-34.17,0.79,-28.15,R
,117432,1270,0,3843,-0.503,0.435,0.964,-22.54,30.18,-3.59,R
,1174331,1122,0,3939,-0502,0.416,1.033,-17.52,32.54,-3.09,R
,117434,988,0,3845,-0.61,0.40,1.105,-13.21,31.75,-3160,R
,1174351,805,0,3931,-0.80,0.397,1.169,-4.22,34.10,-23.0,R
,117436,790,0,843,-0.72,0.43,1.181,5.55,36.53,-16.1,R
,117437,793,0,917,-0.572,0.443,1.196,9.25,35.0,-12.0,R
,117439,779,0,931,-0.31,0.485,1.106,15.61,1677,-10.0,R
,117440,799,0,844,-0.756,0.361,1.162,11.89,-156,-6.0,R
,117441,801,0,942,-0.43,0.50,0.775,-6.52,1.8,-21.9,R
,1174431,782,0,939,-0.41,0.469,0.697,-2.07,2.9,-24.3,R
,1174441,761,0,3841,-0.507,0.468,0.676,0.64,14.5,-22.2,R
,117446,699,0,834,-0.06,0.472,0.637,8.32,39.50,-8.32,R
,117447,567,0,921,-0.66,0.43,0.690,7.55,47.40,-5.48,R
,117453,539,0,945,-0.80,0.512,0.686,14.56,2153,-10.4,R
,117454,662,0,846,-0.603,0.481,0.660,4.79,14.4,-17.4,R
,1174551,772,0,945,-0.83,0.543,0.706,-1.78,4.5,-20.3,R
,117456,811,0,842,-0.57,0.433,0.722,-16.13,-2.28,-2378,R
,117458,696,0,845,-0.87,0.443,0.673,-24.13,1.34,-2564,R
,1174601,551,0,3842,-0.621,0.385,0.801,15.58,18.25,-22.47,R
,117461,611,0,3935,-0.93,0.382,0.761,-6.95,15.89,-21.74,R
,1174641,442,0,843,-0.89,0.361,0.640,4.64,28.7,-22.7,R
,117468,698,0,3835,-0.620,0.364,0.677,2.05,33.15,-20.4,R
,117469,759,0,950,-0.99,0.311,0.634,1.20,32.3,-25.8,R
,117472,710,0,847,-0.633,0.362,0.583,25.05,45.02,-33.14,R
,1174731,640,0,3951,-0.87,0.41,0.580,24.57,4610,-27.2,R
,117475,720,0,3952,-0.661,0.364,0.621,6.71,23.58,-16.25,R
,117476,729,0,842,-0.620,0.365,0.631,0.73,12.65,-16.5,R
,117477,739,0,920,-0.632,0.36,0.665,-2.10,1335,-16.5,R
,117479,753,0,3931,-0.44,0.381,0.752,14.73,2011,-14.7,R
,117480,751,0,3846,-0.57,0.394,0.719,17.72,20.74,-14.56,R
,1174811,763,0,3940,-0.07,0.408,0.721,11.93,1967,-13.5,R
,117482,754,0,3838,-0.18,0.440,0.688,6.28,11.38,-11.19,R
,117486,804,0,830,-0.602,0.363,0.729,-10.52,-7.32,-0.5,R
,117487,811,0,936,-0.583,0.367,0.720,-2.91,3.58,0.07,R
,117488,842,0,842,-0.589,0.388,0.704,3.61,16.33,-0.10,R
,1174891,923,0,931,-0.04,0.386,0.696,.93,23.00,-5.00,R
,117494,1110,0,3849,-0728,0.448,0.623,-32.95,-21.56,-0.09,R
,117507,1173,0,3985,-0754,0.433,0.633,-11.23,9.61,-1.72,R
,1175091,1145,0,3971,-0.812,0.37,0.646,-12.91,22.53,-17.06,R
,117515,1076,0,4011,-0.770,0.42,0.516,-0.37,2.07,-3045,R
,117516,1072,0,3841,-0836,0.440,0.579,-8.05,8.71,-31.0,R
,117530,1152,0,3824,-0.806,0.44,0.657,-37.26,-4.86,67.32,R
,117536,1451,0,3835,-0.768,0.378,0.747,-49.75,-70.88,50.46,R
,1175381,1474,0,3826,-0.542,0.308,0.701,-28.31,53.29,42.22,R
,1175521,1374,0,3821,-0.683,0.38,0.940,5.90,80.21,43.7,R
,117553,1341,0,4039,-0754,0.460,0.945,8.45,8170,44.3,R
,117558,1360,0,3837,-0916,0.573,0.958,-81.73,-34.28,2.42,R
,117576,786,0,835,-0.646,0.21,1.032,-211.27,-134.02,-2.38,R
,117578,680,0,834,-0.629,0.22,1.025,-209.01,-160.01,-39.98,R
,117593,766,0,4063,-0.248,-0.33,0.792,-122.36,-105.67,-24.42,R
,117601,757,0,4080,0.004,-0.46,0.618,-119.27,-87.18,-3.83,R
,1176031,752,0,4071,0.07,-0.471,0.584,94.39,-63.03,-1.13,R
,1176061,739,0,838,0.04,-0.464,0.550,75.67,-52.25,-9.54,R
,117607,721,0,074,0.08,-0.44,0.524,-75.15,-55.96,-867,R
,117609,688,0,076,0.133,-0.478,0.513,-78.63,-5.06,-8.48,R
,117610,686,0,830,0.17,-0.52,0.503,-79.49,-51.34,-589,R
,117611,685,0,075,0.17,-0.550,0.509,-75.30,-5.52,-1.40,R
,117618,496,0,835,0.15,-0.643,0.482,-33.41,-.21,12.55,R
,117619,496,0,079,0.12,-0.664,0.503,34.17,-.15,11.91,R
,117620,487,0,3830,0.183,-0.67,0.490,-34.20,-8.76,12.2,R
,1176261,469,0,842,0.26,-0.746,0.436,15.85,5.61,-0.5,R
,117627,468,0,070,0.20,-0.796,0.448,-21.75,3.49,-8.27,R
,117629,464,0,046,0.199,-0.84,0.465,-18.11,-2.51,-1560,R
,117634,475,0,828,0.201,-0.834,0.410,10.94,3291,-0.29,R
,117635,491,0,055,0.23,-0.81,0.426,.75,37.41,-1.61,R
,117637,496,0,4065,0.179,-0.782,0.398,-0.81,40.19,-12.0,R
,117638,502,0,3839,0.177,-0.79,0.385,-8.48,36.85,-18.5,R
,117640,490,0,834,0.11,-0.823,0.398,22.46,2.76,-2887,R
,117642,493,0,835,0.17,-0.854,0.420,-33.47,18.31,-3067,R
,117645,495,0,050,0.28,-0.892,0.449,31.43,1.83,-38.18,R
,117646,489,0,835,0.29,-0.889,0.462,27.10,20.48,-39.52,R
,1176471,496,0,038,0.208,-0.88,0.425,23.94,28.16,-36.06,R
,117648,496,0,840,0.10,-0.848,0.431,-21.81,3.37,-3041,R
,117649,493,0,046,0.29,-0.807,0.445,-19.62,4.87,-23.13,R
,117650,688,0,3839,0.20,-0.82,0.451,-21.35,50.62,-20.55,R
,1176531,595,0,4013,0.259,-0.81,0.454,34.75,39.08,-31.51,R
,117654,599,0,3839,0.39,-0.76,0.471,45.35,25.72,-38.50,R
,117655,591,0,039,0.349,-0.839,0.468,-49.21,702,-41.8,R
,117656,380,0,3834,0.348,-0.856,0.492,-50.14,-.01,-40.38,R
,117657,409,0,034,0.32,-0.90,0.523,-47.18,-13.70,-3.67,R
,117660,412,0,837,0.46,-0.85,0.693,-27.79,20.28,-2838,R
,1176621,402,0,3835,0.374,-0.80,0.823,8.72,5437,-12.68,R
,117663,511,0,054,0.34,-0.779,0.949,-0.55,7143,-8.3,R
,117665,395,0,027,0.28,-0.795,1.133,-0.16,7063,-5.4,R
,1176671,379,0,4022,0.275,-0.763,1.279,-6.84,25.23,-10.7,R
,117671,551,0,031,0.39,-0.790,1.363,1.02,-8.21,-3.51,R
,117672,511,0,837,0.32,-0.700,1.197,2.47,-2.50,3.36,R
,117674,496,0,3835,0.373,-0.674,1.038,18.74,-666,5.12,R
,117675,498,0,060,0.32,-0.69,0.987,15.00,-21.37,4.63,R
,117676,494,0,831,0.33,-0.670,0.885,1.86,-29.58,10.78,R
,1176781,455,0,3837,0.322,-0.704,0.838,8.93,-40.82,13.0,R
,117679,347,0,4043,0.37,-0.72,0.836,10.68,-45.76,11.79,R
,117680,349,0,830,0.38,-0.73,0.796,14.04,-47.27,15.70,R
,117682,359,0,828,0.27,-0.74,0.750,0.07,-43.98,22.62,R
,1176841,349,0,3829,0.294,-0.753,0.715,19.49,-42.08,22.71,R
,117686,353,0,835,0.25,-0.760,0.700,7.57,-4.65,26.9,R
,117687,351,0,052,0.28,-0.76,0.664,16.22,-51.63,27.79,R
,1176881,358,0,3835,0.229,-0.788,0.672,3.55,-5.24,26.60,R
,1176911,337,0,4063,0.176,-0.809,0.658,16.47,-53.64,26.2,R
,117693,358,0,053,0.16,-0.85,0.577,24.94,-54.68,26.89,R
,117696,368,0,839,0.19,-0.873,0.427,6.44,-5.01,20.7,R
,117697,362,0,065,0.11,-0.857,0.361,36.22,-4.37,17.8,R
,117699,354,0,073,0.15,-0.85,0.257,9.63,-48.71,8.94,R
,117704,262,0,828,0.10,-0.90,0.032,-0.68,-24.01,6.87,R
,1177071,0,0,3824,0.190,-0.953,0.009,-16.40,0.44,3.99,R
,117709,264,0,4055,0.198,-1.006,0.156,-18.40,0.86,-9.2,R
,117710,334,0,826,0.15,-1.01,0.270,11.52,-5.75,-12.77,R
,117711,332,0,051,0.17,-0.954,0.104,0.83,-1.29,-8.21,R
,117713,370,0,4061,0.214,-0.873,0.143,-15.99,2.28,-1618,R
,117714,368,0,3825,0.195,-0.886,0.169,-30.59,3.94,-1853,R
,117716,367,0,830,0.16,-0.915,0.219,-47.59,51.02,-1909,R
,1177191,365,0,4070,0.165,-0.923,0.312,-44.69,4.46,-3566,R
,117720,364,0,831,0.11,-0.950,0.305,-41.64,42.30,-4419,R
,1177261,371,0,3834,0.150,-0.820,0.248,-45.06,53.81,-5877,R
,117728,369,0,837,0.16,-0.706,0.247,-19.64,70.80,-55.64,R
,117729,361,0,4027,0.116,-0.651,0.272,-11.97,7.86,-5829,R
,117731,343,0,027,0.01,-0.51,0.313,5.96,70.18,-64.38,R
,117733,375,0,010,0.073,-0.427,0.343,-2.74,5211,-64.6,R
,117734,367,0,838,0.07,-0.39,0.383,0.41,49.20,-57.0,R
,1177361,386,0,3833,0.052,-0.296,0.508,12.25,65.81,-32.5,R
,117737,371,0,002,0.03,-0.253,0.631,22.19,87.17,-21.3,R
,117738,379,0,830,0.02,-0.240,0.744,31.98,10.40,-12.71,R
,117739,375,0,003,0.104,-0.269,0.872,45.69,128.33,3.01,R
,117740,373,0,836,0.012,-0.287,1.003,50.74,12.60,18.9,R
,117741,369,0,016,-0.21,-0.312,1.065,58.57,123.46,3408,R
,117742,368,0,840,0.069,-0.322,1.193,54.47,11.44,40.4,R
,117743,369,0,4017,0.146,-0.355,1.306,61.72,9607,41.2,R
,1177461,385,0,3835,0.30,-0.567,1.505,4.53,54.82,37.30,R
,117747,397,0,4016,0.421,-0.647,1.525,66.33,44.22,38.2,R
,1177491,397,0,4010,0.550,-0.804,1.521,6.68,35.98,41.68,R
,117750,395,0,3831,0.564,-0.797,1.405,75.22,4239,47.9,R
,117751,387,0,975,0.51,-0.870,1.261,68.51,4697,52.0,R
,117753,373,0,009,0.52,-0.999,1.289,63.12,29.70,42.8,R
,117754,371,0,3833,0.546,-1.026,1.266,7.63,19.96,41.04,R
,117756,395,0,831,0.565,-1.056,1.232,6.13,1.87,28.69,R
,117757,398,0,022,0.51,-1.04,1.189,65.28,-4.51,25.00,R
,117758,400,0,839,0.43,-1.02,1.171,4.50,-7.35,22.8,R
,1177591,378,0,4027,0.450,-0.993,1.135,2.25,-795,22.6,R
,117761,370,0,4029,0.358,-0.911,1.100,2.76,-15.11,24.16,R
,117764,365,0,830,0.28,-0.87,1.029,31.89,-41.11,18.3,R
,1177651,366,0,4032,0.240,-0.85,1.039,27.00,-48.59,17.47,R
,1177661,368,0,3836,0.216,-0.849,1.031,4.01,-53.38,16.60,R
,1177681,347,0,3831,0.203,-0.789,1.002,24.76,-56.11,15.41,R
,1177691,367,0,4021,0.151,-0.744,0.965,26.45,-5.22,17.3,R
,1177711,367,0,4047,0.093,-0.677,0.928,5.99,-43.66,22.5,R
,117772,359,0,3839,0.064,-0.648,0.889,21.17,-42.37,23.7,R
,117773,324,0,066,0.031,-0.639,0.862,19.89,-4.30,23.9,R
,1177761,342,0,3843,0.016,-0.620,0.710,3.25,-55.40,25.2,R
,117777,327,0,059,0.13,-0.607,0.620,19.64,-52.24,17.1,R
,1177791,106,0,4047,0.066,-0.597,0.497,4.93,-51.63,15.53,R
,117780,21,0,329,0.08,-0.539,0.421,28.01,-50.07,18.04,R
,117784,0,0,3849,0.041,-0.549,0.258,2080,-35.6,9.62,
,117785	bbbrbjrbrbrºbjrbrbRJ117786,0,0,383,0.092,-0.563,0.213,3.8,-27.29,8.69,R
,117787,0,0,406,0.096,-0.591,0.205,-2.66,-22.0,7.01,
,117791,0,0,4048,0.079,-0.633,0.364,-165,0.51,-6.56,R
,117795,57,0,4015,0.040,-0.638,0.469,-11.38,3402,-6.0,R
,117797,115,0,006,0.043,-0.685,0.527,12.78,34.34,-1001,R
,1177981,208,0,3830,0.029,-0.66,0.571,-7.55,37.47,-8.94,R
,117800,305,0,840,0.040,-0.658,0.595,0.22,40.65,-12.04,R
,117803,112,0,987,0.08,-0.655,0.650,-12.28,42.59,-2977,R
,117806,112,0,818,0.12,-0.706,0.684,-20.04,6.45,-2560,R
,117809,176,0,999,0.109,-0.725,0.748,15.58,75.23,-2265,R
,117812,237,0,843,0.14,-0.679,0.728,21.94,5.34,-3400,R
,117813,284,0,988,0.18,-0.697,0.701,30.83,40.62,-4074,R
,117815,330,0,007,0.24,-0.720,0.677,-39.21,12.94,-52.15,R
,117816,336,0,3838,0.300,-0.717,0.696,37.47,8.62,-52.3,R
,117817,337,0,995,0.316,-0.671,0.731,39.97,17.34,-5032,R
,117818,337,0,837,0.32,-0.656,0.814,-43.07,3.60,-4835,R
,117822,349,0,829,0.233,-0.693,1.307,33.84,45.08,-31.86,R
,117826,343,0,835,0.21,-0.508,1.601,-16.52,3.03,-1592,R
,1178271,339,0,3987,0.17,-0.48,1.659,-16.37,35.38,-11.42,R
,117831,247,0,4015,0.252,-0.446,1.380,.30,-1.99,4.37,R
,117835,244,0,033,0.21,-0.501,1.172,20.76,-28.89,11.6,R
,1178361,251,0,3838,0.261,-0.503,1.118,19.90,-27.96,15.76,R
,117838,257,0,835,0.25,-0.514,1.025,20.70,-3.69,23.8,R
,117840,261,0,3837,0.225,-0.50,0.959,17.74,-37.30,27.16,R
,117841,261,0,007,0.24,-0.519,0.959,14.30,-39.29,30.22,R
,117843,271,0,011,0.200,-0.556,0.950,9.08,-4692,30.66,R
,117849,283,0,016,0.146,-0.586,0.931,3.67,-44.31,42.7,R
,117850,278,0,829,0.137,-0.590,0.918,2.56,-43.95,42.11,R
,117851,273,0,035,0.109,-0.598,0.931,19.86,-45.93,41.61,R
,117853,247,0,4031,0.00,-0.629,0.889,11.80,-5.92,38.4,R
,1178551,247,0,4031,0.081,-0.65,0.825,13.51,-67.11,36.17,R
,117858,171,0,3835,0.080,-0.66,0.666,19.31,-59.23,37.30,R
,1178591,144,0,4031,0.02,-0.678,0.617,23.06,-50.01,36.1,R
,117860,119,0,846,0.047,-0.711,0.585,1.37,-49.49,31.7,R
,117861,95,0,419,-0.198,-1.00,0.599,38.54,-56.57,31.15,R
,117862,90,0,329,0.045,-0.741,0.475,1.38,-55.96,20.6,R
,117863,182,0,007,0.08,-0.754,0.404,9.28,-5549,14.1,R
,117864,292,0,840,0.006,-0.805,0.357,.28,-57.82,10.6,R
,117866,299,0,834,0.112,-0.80,0.185,-6.45,-40.13,14.54,R
,117867,279,0,013,0.08,-0.837,0.181,-9.68,-25.41,18.52,R
,117868,245,0,834,0.131,-0.81,0.157,-22.02,-7.26,17.06,R
,117869,159,0,035,0.074,-0.83,0.148,-27.29,6.92,14.8,R
,117874,311,0,3837,0.16,-0.792,0.277,-22.05,11.34,-16.16,R
,117875,310,0,4016,0.058,-0.76,0.272,42.14,19.90,-2535,R
,117876,307,0,834,0.06,-0.770,0.317,59.84,22.71,-3071,R
,117877,299,0,013,0.003,-0.79,0.384,-71.36,20.88,-3284,R
,117879,112,0,010,0.015,-0.85,0.477,-71.85,16.80,-36.61,R
,117881,197,0,985,0.02,-0.861,0.542,61.15,16.10,-5035,R
,1178821,144,0,3841,0.064,-0.87,0.542,54.05,20.04,-5479,R
,117883,176,0,979,0.09,-0.858,0.528,50.02,27.41,-5818,R
,1178841,182,0,3839,0.078,-0.811,0.502,50.68,4.21,-57.55,R
,117885,270,0,959,0.03,-0.778,0.474,-53.96,5.03,-57.14,R
,117886,282,0,835,0.03,-0.757,0.450,54.78,62.57,-5786,R
,117887,288,0,970,0.02,-0.739,0.460,-54.46,6.44,-60.87,R
,117890,316,0,3851,0.047,-0.67,0.436,-57.68,46.73,-8429,R
,117891,304,0,971,0.056,-0.67,0.446,-51.01,33.61,-9574,R
,117892ibb¢brbjbrbjr¢brʪbjrbRJH1178931,331,0,956,0.03,-0.583,0.379,-25.59,1.70,-102.06,R
,1178941,356,0,843,0.02,-0.496,0.342,14.25,15.35,-9595,R
,117895,367,0,952,0.074,-0.38,0.324,-8.78,32.79,-84.53,R
,117900,394,0,850,-0.38,-0.076,0.941,1.12,118.86,-4244,R
,117901,387,0,969,-0.18,-0.152,1.097,13.98,13.84,-14.33,R
,117904,338,0,3835,-0.086,0.00,1.487,8.44,105.37,32.3,R
,117906,336,0,848,0.098,-0.19,1.719,36.54,86.34,39.23,R
,117911,339,0,952,0.571,-0.56,1.566,63.75,54.48,66.84,R
,117913,320,0,953,0.62,-0.769,1.480,8.25,46.41,61.9,R
,117914,318,0,843,0.59,-0.883,1.445,2.51,32.59,54.4,R
,117917,345,0,948,0.556,-0.93,1.334,70.99,-8.34,37.94,R
,117924,336,0,849,0.38,-0.946,1.159,44.36,-44.27,27.8,R
,117925,326,0,014,0.312,-0.88,1.140,52.62,-43.49,28.3,R
,117926,337,0,3851,0.271,-0.812,1.123,51.45,-43.47,27.10,R
,117927,334,0,4043,0.23,-0.781,1.107,5.95,-46.11,23.7,R
,1179281,334,0,838,0.26,-0.737,1.081,8.67,-48.43,22.2,R
,1179291,347,0,3989,0.185,-0.717,1.055,30.67,-52.10,23.5,R
,117930,339,0,845,0.11,-0.720,1.067,5.17,-54.22,22.5,R
,117931,336,0,984,0.127,-0.690,1.046,22.07,-5.62,22.94,R
,117934,341,0,841,-0.04,-0.61,0.965,23.61,-54.76,31.27,R
,117936,352,0,841,0.023,-0.597,0.874,24.44,-5.37,32.51,R
,117937,361,0,987,-0.07,-0.63,0.807,26.74,-1.52,34.71,R
,117938,353,0,841,-0.292,-0.95,0.811,46.03,-1.11,4724,R
,117940,345,0,3839,0.073,-0.590,0.531,31.86,-4.20,34.62,R
,117942,338,0,3840,-0.034,-0.617,0.448,36.35,-7.20,37.87,R
,1179451,291,0,984,0.08,-0.53,0.217,17.54,-22.14,18.9,R
,1179461,275,0,3846,0.033,-0.535,0.191,12.65,-22.19,15.6,R
,117955,161,0,3978,0.049,-0.55,0.342,23.05,4.70,-11.1,R
,117958,211,0,840,-0.016,-0.57,0.454,-14.17,25.34,-2.74,R
,1179591,256,0,946,-0.24,-0.509,0.480,-16.97,32.36,-2.13,R
,117961,272,0,933,-0.018,-0.570,0.615,-14.19,2.83,-27.77,R
,117962,304,0,3841,0.018,-0.540,0.640,-7.20,2926,-35.4,R
,1179641,279,0,3846,-0.02,-0.557,0.657,-6.49,2.18,-52.06,R
,1179681,339,0,3856,0.08,-0.568,0.685,10.78,44.99,-5000,R
,117970,345,0,850,0.028,-0.527,0.675,-11.20,5.51,-45.45,R
,1179711,368,0,926,0.07,-0.526,0.707,-17.01,58.07,-4913,R
,117972,378,0,847,0.12,-0.556,0.729,18.52,5.29,-55.28,R
,117975,385,0,920,0.12,-0.625,0.672,32.86,20.31,-7268,R
,117977,411,0,920,0.262,-0.599,0.620,-17.26,1.99,-57.93,R
,117978,413,0,3837,0.207,-0.526,0.637,-13.50,3.37,-44.94,R
,1179791,406,0,927,0.17,-0.443,0.731,20.66,67.38,-3726,R
,117980,403,0,839,0.11,-0.436,0.912,34.65,89.55,-3546,R
,117981,402,0,3922,0.127,-0.498,1.083,-48.30,9.85,-36.97,R
,117982,386,0,850,0.01,-0.61,1.289,-50.43,7.12,-3435,R
,117983,387,0,913,0.038,-0.608,1.376,-51.61,4.80,-36.01,R
,117984,351,0,850,0.12,-0.63,1.573,-48.57,35.86,-2919,R
,1179851,371,0,3920,0.068,-0.570,1.740,-35.75,35.29,-2383,R
,117987,368,0,935,0.14,-0.480,1.970,-12.88,6.77,-5.92,R
,117988,368,0,845,0.217,-0.512,2.000,-6.66,65.52,-4.0,R
,117989,368,0,922,0.182,-0.492,2.000,-1.32,5450,-3.40,R
,117990,346,0,843,0.168,-0.458,1.976,3.17,42.0,0.36,R
,117991,346,0,3919,0.149,-0.38,1.918,4.36,30.76,4.40,
,117992,333,0,3843,0.29,-0.371,1.815,3.89,17.72,7.15,
,117994,309,0,3849,0.208,-0.353,1.578,0.09,-1028,5.20,R
,117996,323,0,847,0.258,-0.391,1.389,15.32,-33.17,6.58,R
,117999,336,0,947,0.185,-0.341,1.227,24.33,-26.57,21.4,R
,118000,325,0,850,0.187,-0.33,1.149,20.35,-25.40,29.7,R
,1180021,297,0,3847,0.14,-0.360,1.120,.34,-30.63,35.0,R
,1180041,300,0,849,0.00,-0.418,1.137,-1.38,-42.25,37.4,R
,1180081,340,0,3850,0.14,-0.448,1.090,9.99,-5.66,43.70,R
,1180091,346,0,3936,0.108,-0.475,1.070,19.35,-5.79,42.40,R
,1180101,364,0,3855,0.14,-0.470,1.053,18.39,-57.44,41.1,R
,118013,369,0,3931,-0.023,-0.513,0.981,8.24,-47.61,47.6,R
,118015,380,0,953,-0.064,-0.627,0.937,26.06,-67.08,4929,R
,118018,409,0,845,0.032,-0.551,0.686,33.37,-7.82,27.71,R
,118021,240,0,3971,0.212,-0.556,0.424,0.76,-68.21,3.76,R
,118024,206,0,850,0.09,-0.64,0.271,38.18,-15.32,11.03,R
,118027,176,0,977,0.033,-0.623,0.141,3.00,25.99,7.13,R
,1180301,0,0,3855,0.022,-0.708,0.146,-31.24,14.50,-16.1,R
,118031,59,0,363,0.048,-0.704,0.317,-33.21,3.84,-25.7,R
,1180321,231,0,3843,-0.041,-0.671,0.285,-31.24,.21,-2343,R
,118033,262,0,919,-0.59,-0.681,0.270,-29.10,1.79,-2096,R
,118036,317,0,844,-0.93,-0.691,0.440,-54.89,2.73,-2.13,R
,118037,325,0,3925,-0.062,-0.754,0.543,-50.08,7.57,-2.58,R
,118038,320,0,841,-0.059,-0.739,0.550,-40.55,3.78,-1.48,R
,1180401,319,0,3842,-0.17,-0.702,0.613,-34.49,49.76,-41.52,R
,1180421,289,0,846,-0.41,-0.716,0.617,-44.84,36.51,-7.40,R
,118043,291,0,895,-0.027,-0.713,0.605,-59.72,3.92,-8.77,R
,1180451,297,0,907,-0.19,-0.766,0.618,-67.73,1.40,-9.03,R
,118046,386,0,847,-0.46,-0.752,0.621,-59.85,3.98,-9.68,R
,118047,432,0,3947,-0.023,-0.746,0.604,-48.14,1.35,-9.96,R
,118048,452,0,856,0.034,-0.700,0.594,-34.05,32.77,-9236,R
,118049,474,0,3922,0.021,-0.598,0.542,-20.10,4.20,-9577,R
,118050,479,0,3853,-0.006,-0.510,0.523,-7.73,6.99,-99.22,R
,118057,560,0,885,-0.95,0.12,0.966,-32.69,84.68,-5677,R
,118058,607,0,856,-0.429,0.150,1.152,-27.32,15.90,-21.42,R
,118059,613,0,3904,-0.53,0.12,1.314,-17.32,128.44,7.3,R
,118062,617,0,856,-0.96,-0.011,1.976,4.74,12.44,50.0,R
,118063,619,0,913,-0.031,-0.106,2.000,16.24,15.11,5136,R
,118064,622,0,862,0.067,-0.198,2.000,32.93,9041,52.20,R
,1180651,612,0,927,0.13,-0.252,2.000,43.63,8205,54.71,R
,118067,560,0,920,0.420,-0.480,2.000,2.09,5448,54.71,R
,118068,561,0,3856,0.509,-0.480,1.737,47.51,4706,55.65,R
,118070,574,0,855,0.617,-0.681,1.657,3.14,1996,31.78,R
,118074,591,0,3856,0.460,-0.709,1.428,1.23,1265,24.0,R
,118077,497,0,903,0.323,-0.650,1.338,47.64,-1.50,22.2,R
,118081,499,0,962,0.177,-0.613,1.253,5.02,-28.77,33.01,R
,118083,583,0,952,0.07,-0.547,1.229,37.63,-3.19,35.39,R
,1180841,617,0,3867,0.01,-0.52,1.200,37.35,-39.55,39.4,R
,118085,608,0,974,-0.01,-0.468,1.180,30.07,-8.82,4104,R
,118090,558,0,856,-0.269,-0.433,1.200,8.03,-4.78,37.90,R
,1180911,563,0,922,-0.71,-0.380,1.219,-1.03,-2.76,35.55,R
,1180941,617,0,867,-0.375,-0.481,0.984,27.34,-74.51,4828,R
,118095,625,0,4029,-0.328,-0.59,0.848,45.64,-75.05,5555,R
,1180971,720,0,983,-0.63,-0.365,0.519,61.16,-51.03,6394,R
,1180981,718,0,858,-0.32,-0.282,0.376,62.91,-9.24,6402,R
,118107,556,0,886,-0.104,-0.474,0.402,-60.40,8.08,2251,R
,118108,652,0,3851,-0.111,-0.454,0.495,-44.05,.33,23.42,R
,1181141,709,0,3855,-0.61,-0.31,0.479,42.53,4.60,24.3,R
,1181151,715,0,902,-0.32,-0.39,0.496,25.12,54.34,16.86,R
,118124,960,0,3862,-0.052,-0.616,0.887,-7.70,1.05,-56.70,R
,118126,1093,0,3855,-0.070,-0.530,0.80,-6.71,4.33,-5.11,R
,118132,995,0,867,-0.079,-0.574,0.931,-34.89,2.37,-11.05,R
,1181351,1069,0,4095,0.00,-0.43,0.732,-6.71,-0.43,-73.64,R
,1181361,1073,0,3882,0.37,-0.40,0.651,-6.40,1.62,-6400,R
,118139,982,0,4055,0.069,-0.26,0.878,-20.05,3.72,-58.30,R
,118140,965,0,856,0.05,-0.329,1.042,40.08,5.80,-5926,R
,118142,1118,0,3860,-0.182,-0.84,1.445,-70.74,60.10,-30.80,R
,1181671,1115,0,3926,-0103,-0.45,1.04,11.93,56.80,4.43,R
,118168,1167,0,3870,-0.125,-0.44,1.048,15.75,-57.09,44.28,R
,118176,1239,0,3862,-0160,-0.412,0.645,27.77,-54.42,3.14,R
,1181801,1005,0,3856,-0083,-0.471,0.40,30.19,55.50,1.74,R
,118182,915,0,3868,-0.070,-0.42,0.331,40.96,-3.98,16.77,R
,118185,879,0,914,-0.104,-0.49,0.325,21.57,257,10.80,R
,118186,848,0,856,-0.28,-0.442,0.364,6.97,6.08,8.98,R
,118188,912,0,861,-0.108,-0.504,0.517,-7.49,-.12,1.6,R
,118189,857,0,888,-0.125,-0.55,0.549,-4.33,-.09,2.2,R
,1181951,892,0,879,-0.21,-0.485,0.695,-16.98,27.75,-1.90,R
,118196,909,0,859,-0.098,-0.49,0.697,-20.14,32.28,-15.35,R
,118197,906,0,873,-0.096,-0.472,0.714,-26.25,5.86,-17.52,R
,118198,929,0,857,-0.062,-0.57,0.752,-29.14,36.91,-2.87,R
,1182021,903,0,3856,-0.69,-0.483,0.782,-11.03,2.62,-26.80,R
,1182101,896,0,3861,0.03,-0.519,0.798,-33.52,10.68,-47.31,R
,1182141,1266,0,3881,0.39,-0.489,0.653,-24.84,4.54,-49.57,R
,118224,1420,0,3857,-0122,-0.494,1.946,-29.07,40.94,-14.06,R
,1182271,1283,0,3873,-0.100,-0.66,1.959,1.78,1.01,-14.36,R
,118238,1107,0,3863,0.78,-0.320,1.053,19.70,-47.15,13.24,R
,118242,978,0,861,0.010,-0.37,1.071,16.73,-27.67,36.92,R
,118244,946,0,861,-0.016,-0.30,1.068,27.45,-5.56,4602,R
,118247,1034,0,3903,-0.029,-0.26,1.021,31.95,41.23,3.87,R
,118249,1227,0,3910,-0051,-0.428,0.973,32.21,-52.69,31.09,R
,118252,1219,0,3861,0.005,-0.45,0.827,36.74,-1.09,27.55,R
,118256,1118,0,3867,0.25,-0.468,0.555,36.57,-19.90,31.85,R
,118257,976,0,3886,-0.32,-0.572,0.551,41.99,-12.76,2971,R
,118261,813,0,3888,-0.69,-0.561,0.448,15.25,-3.18,1976,R
,1182661,887,0,3869,0.019,-0.491,0.428,8.06,13.76,3.97,R
,118268,852,0,3861,-0.75,-0.471,0.567,-5.88,1.66,-14.13,R
,1182741,961,0,3856,-0.036,-0.499,0.768,-5.58,24.59,-11.93,R
,118277,880,0,865,-0.044,-0.40,0.803,-12.31,6.30,-21.02,R
,118279,839,0,856,-0.057,-0.45,0.825,-21.01,9.28,-25.84,R
,118281,850,0,856,-0.045,-0.50,0.862,-21.00,0.86,-2.18,R
,1182821,925,0,3856,-0.048,-0.506,0.858,-23.61,8.39,-3.51,R
,1182831,912,0,3858,-0.51,-0.504,0.860,-25.73,7.08,-32.25,R
,118285,971,0,860,-0.19,-0.530,0.863,-30.43,2.28,-3.19,R
,118292,1269,0,3872,0.78,-0.496,0.614,-17.62,.08,-4948,R
,1182931,1289,0,3855,0.189,-0.462,0.588,-19.56,.20,-45.58,R
,1182941,1322,0,3882,0.205,-0.447,0.560,-19.67,5.47,-37.49,R
,1182961,1354,0,3875,0.11,-0.366,0.715,-36.92,1.46,-22.79,R
,118299,1275,0,3865,0.48,-0.431,1.259,-51.38,41.38,-28.38,R
,1183001,1285,0,3872,-0.002,-0.434,1.44,-50.13,31.11,-5.81,R
,1183111,1255,0,3856,0.19,-0.343,1.337,17.31,-1.41,1046,R
,1183171,1303,0,3843,0.63,-0.383,1.161,18.86,-4.71,36.08,R
,118326,1311,0,3888,-0040,-0.457,1.068,41.05,39.47,4.47,R
,118335,958,0,3853,0.012,-0.521,0.504,56.18,-4.82,21.2,R
,118337,938,0,3866,0.07,-0.519,0.379,56.88,-4.84,8.25,R
,118338,847,0,888,0.09,-0.531,0.368,62.45,-4.85,8.6,R
,118342,573,0,902,0.09,-0.376,0.252,13.34,-297,4.11,R
,118343,477,0,3856,0.006,-0.488,0.290,.80,-2.1,-1.61,R
,118344,533,0,3885,0.019,-0.517,0.319,-1.52,1.15,-4.13,R
,118346,730,0,888,0.05,-0.523,0.480,-2.16,3.1,-13.3,R
,1183481,801,0,3891,0.010,-0.491,0.495,.57,19.8,-13.13,R
,118353,839,0,839,-0.75,-0.438,0.750,-36.86,0.36,-2.16,R
,1183551,748,0,3846,-0.79,-0.512,0.881,-35.30,9.63,-3.13,R
,118360,720,0,884,-0.61,-0.41,0.853,-5.46,35.31,-34.93,R
,118362,807,0,888,-0.011,-0.46,0.818,-20.28,5.46,-2.58,R
,1183671,1081,0,3919,0.092,-0.468,0.755,-25.94,.14,-4126,R
,118374,1168,03894,0.38,-0.31,0.953,-53.62,rbjrbRJH1183751,1050,0,1ºbrbjrbrbjrbrbjrbR
,118377,895,0,850,-0.025,-0.39,1.511,-66.14,46.08,-6.96,R
,118378,896,0,889,0.004,-0.487,1.677,-56.39,4.34,2.4,R
,118382,845,0,888,-0.027,-0.32,1.981,-1.35,28.65,6.45,R
,118385,848,0,842,0.005,-0.285,1.584,-1.23,-17.56,4.89,R
,118389,881,0,3840,0.128,-0.321,1.303,3.19,-3.16,6.98,R
,118390,944,0,906,0.086,-0.31,1.240,15.35,-29.35,11.56,R
,1183911,925,0,851,0.069,-0.326,1.193,17.26,-2.24,17.9,R
,1183931,993,0,3849,0.080,-0.342,1.168,17.31,-4.65,21.5,R
,1183981,1072,0,3887,0.076,-0.343,1.128,28.03,-0.51,3445,R
,118400,1053,0,3894,0.030,-0.369,1.108,24.67,-0.27,4265,R
,118401,1007,0,3831,0.024,-0.390,1.107,29.61,-0.98,4411,R
,1184031,1114,0,3850,-0.043,-0.399,1.09,32.88,36.94,40.13,R
,1184041,1175,0,3889,-0.034,-0.418,1.098,34.15,44.68,3.75,R
,1184101,1007,0,3888,-0.029,-0.66,0.77,44.54,-40.51,31.09,R
,118412,988,0,899,-0.037,-0.479,0.608,42.01,-2.22,3236,R
,118413,911,0,3843,0.249,-0.244,0.429,20.04,-1.59,22.2,R
,118414,704,0,893,0.09,-0.491,0.409,37.66,-1.56,27.7,R
,1184151,673,0,3841,0.077,-0.386,0.374,4.44,-1.63,23.73,R
,118417,602,0,3838,0.119,-0.503,0.292,.09,-1814,-6.6,R
,1184201,624,0,3890,0.017,-0.554,0.297,1.65,-1.95,-1.5,R
,118423,801,0,831,0.00,-0.52,0.537,-2.88,1729,-11.1,R
,118426,893,0,3892,-0.071,-0.471,0.556,-9.61,3.99,-10.61,R
,1184321,969,0,3905,-0.059,-0.59,0.827,-25.04,4.19,-30.94,R
,118437,949,0,839,0.08,-0.447,0.806,-25.07,46.31,-31.22,R
,118441,894,0,829,-0.31,-0.48,0.879,-42.07,56.54,-36.00,R
,118443,896,0,835,-0.33,-0.44,0.911,-43.36,4.27,-3.12,R
,118445,880,0,839,0.044,-0.486,0.923,35.65,2.08,-4105,R
,1184541,1178,0,3915,0.035,-0.45,1.042,-37.23,7.23,-41.40,R
,118460,1125,0,3905,-0.040,-0.362,1.771,-7.33,8.11,4.4,R
,118473,1170,0,3827,0.116,-0.371,1.126,19.51,-43.49,22.75,R
,1184781,1232,0,3916,0.067,-0.382,1.147,27.11,-26.42,43.73,R
,1184801,1085,0,3918,0.011,-0.404,1.154,21.52,-31.20,4564,R
,118482,945,0,933,-0.046,-0.409,1.168,21.58,-41.47,47.85,R
,118483,987,0,853,-0.47,-0.414,1.160,22.76,-44.95,46.86,R
,1184911,1219,0,3841,-0.118,-0.478,0.823,51.29,-44.07,40.31,R
,1184971,1070,0,3831,0.062,-0.30,0.240,23.80,-1.72,3251,R
,118498,895,0,933,0.020,-0.511,0.213,24.16,-31.47,22.31,R
,118499,780,0,829,-0.32,-0.612,0.263,21.78,-8.95,16.48,R
,118500,760,0,926,0.013,-0.506,0.200,6.16,-1857,12.98,R
,118503,759,0,3829,0.014,-0.56,0.236,-3.24,4.7,-1.75,R
,118504,753,0,3934,0.010,-0.61,0.393,4.60,1311,-4.8,R
,118508,816,0,922,-0.062,-0.507,0.554,-13.12,4.63,-9.09,R
,1185111,885,0,3814,-0.155,-0.514,0.714,-35.79,37.78,-23.08,R
,118513,913,0,825,-0.101,-0.561,0.809,-27.07,7.12,-2.25,R
,1185251,1190,0,3824,0.054,-0.48,0.778,-24.65,9.46,-4.05,R
,118526,1232,0,3921,0.100,-0.42,0.719,-19.67,0.16,-4.93,R
,118534)ʒbbʚbj#rbjrbrbjrbrbjrbRJH118535,990,0,834,-0.054,-0.337,1.695,-42.25,29.26,-15.98,R
,118538,979,0,946,-0.070,-0.345,1.873,-9.53,39.73,2.86,R
,118540,986,0,939,-0.031,-0.308,1.821,2.96,13.23,0.86,R
,118544,1006,0,3943,0.124,-0.331,1.360,4.44,-35.34,1.85,R
,1185451,1014,0,3824,0.53,-0.342,1.282,10.48,-7.90,1.59,R
,1185491,1168,0,3824,0.94,-0.334,1.151,24.15,-30.68,16.62,R
,118553,1231,0,3824,0.063,-0.30,1.131,24.88,-7.73,2393,R
,1185611,1204,0,3830,-0.054,-0.82,1.146,28.53,45.49,37.94,R
,118565,1235,0,3822,-0.121,-0.29,1.042,39.16,56.54,3.91,R
,118566,1231,0,3966,-0128,-0.431,0.98,41.64,54.97,3.29,R
,118567,1132,0,3828,-0.258,-0.01,0.890,54.59,53.70,36.58,R
,1185751,1031,0,3822,-0026,-0.09,0.329,20.61,27.47,2.89,R
,118580,964,0,958,0.021,-0.58,0.325,0.03,-4.62,1.78,R
,118581,987,0,819,-0.002,-0.570,0.339,5.92,9.9,5.24,
,1185821,943,0,3947,0.05,-0.55,0.519,.98,19.08,1.61,R
,118583,817,0,823,-0.023,-0.529,0.476,1.28,3053,3.61,R
,118586,818,0,947,-0.031,-0.521,0.633,-16.60,5.87,-11.48,R
,1185871,831,0,3831,-0.74,-0.510,0.663,-23.72,0.37,-1.77,R
,1185901,962,0,3958,-0.40,-0.538,0.796,-24.28,21.90,-24.61,R
,118601,1018,0,3824,0.61,-0.486,0.814,-34.84,30.34,-42.77,R
,118602,1051,0,3956,0.63,-0.483,0.798,-33.65,8.44,-4.64,R
,118604,983,0,953,0.085,-0.48,0.752,-33.67,2.80,-4125,R
,118605,992,0,3831,0.16,-0.479,0.768,-28.71,31.05,-37.72,R
,1186101,978,0,3955,0.01,-0.411,1.153,-44.20,5.96,-35.09,R
,118611,969,0,3831,-0.53,-0.412,1.328,-50.08,6.28,-33.63,R
,118615,927,0,837,-0.044,-0.32,1.743,-27.33,1.35,-7.09,R
,118616,903,0,940,-0.069,-0.392,1.715,-14.34,4.91,-6.64,R
,118617,944,0,3830,-0.59,-0.352,1.672,-1.90,29.57,-5.55,R
,1186181,948,0,3948,-0.050,-0.334,1.635,7.12,18.77,-6.55,R
,118624,995,0,952,0.119,-0.334,1.191,10.74,-1.82,0.2,R
,118625,995,0,3835,0.00,-0.337,1.201,11.66,-14.18,1.16,R
,118626,977,0,3942,0.027,-0.372,1.168,4.30,-18.11,3.9,R
,118627,963,0,836,0.076,-0.389,1.149,20.41,-2.53,4.6,R
,118628,969,0,3947,0.04,-0.372,1.150,21.81,-3.77,4.7,R
,118631,948,0,837,0.04,-0.362,1.094,28.15,-3.99,12.89,R
,118633,950,0,3835,0.09,-0.334,1.083,25.55,-2.49,22.0,R
,118635,949,0,827,0.06,-0.356,1.100,20.30,-2.51,25.8,R
,118636,968,0,947,0.006,-0.39,1.129,19.90,-2.59,24.4,R
,118641,1007,0,3831,-0088,-0.425,1.15,28.79,34.56,3.33,R
,1186441,1109,0,3972,-0.141,-0.463,1.070,35.40,37.49,3.31,R
,1186501,1094,0,3941,-0.132,-0.57,0.593,48.28,-53.52,2.17,R
,118654,1123,0,3944,0.058,-0.506,0.325,22.36,-9.69,14.36,R
,118657,966,0,835,0.00,-0.512,0.260,-2.81,2273,13.93,R
,1186581,943,0,3937,0.034,-0.553,0.279,11.46,25.84,9.0,R
,118659,891,0,3826,0.024,-0.602,0.428,16.74,2.93,0.43,R
,118660,866,0,943,-0.37,-0.559,0.444,-9.96,2.66,1.6,R
,1186761,1367,0,3961,-0.035,-0.469,0.88,-41.41,41.17,-23.80,R
,118678,1350,0,3955,0.018,-0.53,0.891,-40.92,24.76,-3.74,R
,118679,1364,0,3824,0.003,-0.46,0.862,-36.72,0.53,-3.55,R
,118683,1437,0,3824,0.11,-0.405,0.669,-20.20,6.82,-2.37,R
,118698,1343,0,3968,-0051,-0.291,1.617,4.51,-8.02,0.3,R
,1187121,1330,0,3971,-0.021,-0.387,1.11,23.63,42.19,2.58,R
,118713,1360,0,3819,-0.072,-0.379,1.12,21.60,44.02,28.02,R
,1187151,1360,0,3824,-0.062,-0.439,1.16,31.23,54.30,26.40,R
,1187161,1377,0,3997,-0.080,-0.50,1.12,35.61,-59.05,25.85,R
,118719,1418,0,3825,-0.091,-0.444,0.97,52.38,52.24,3.80,R
,118729,1103,0,3823,-0.194,-0.65,0.502,34.16,-39.61,930,R
,118735,1278,0,3827,-0.023,-0.493,0.49,13.66,7.08,7.41,R
,118740,1328,0,3984,-0.065,-0.470,0.736,-9.47,23.03,-2.85,R
,118745,1380,0,3824,-0.016,-0.440,0.80,-7.76,6.33,-8.36,R
,118752,1472,0,4007,-0.016,-0.501,0.891,-25.35,40.27,-1.49,R
,118755,1466,0,3824,0.031,-0.523,0.909,-22.92,42.77,-2.61,R
,118756,1486,0,4054,0.069,-0.50,0.939,-25.41,4.74,-2.14,R
,118757,1494,0,3825,0.042,-0.52,0.921,-27.06,44.53,-30.87,R
,118765)bbbrbjrbrbjrbrbjrbRJH118766,1535,0,4095,0.115,-0.432,0.879,-26.33,2.27,-3.93,R
,118780,1425,0,4011,-0.182,-0.284,1.607,-9.87,26.33,8.08,R
,1187821,1396,0,4003,-0.162,-0.48,1.710,-21.84,-0.86,2.81,R
,1187861,1243,0,4011,-0.062,-0.27,1.421,-2.88,28.82,1.87,R
,1187871,1355,0,3823,-0.063,-0.350,1.382,5.17,-9.38,16.26,R
,1187931,1439,0,3839,0.016,-0.423,1.240,12.04,-0.10,36.89,R
,118796,1489,0,4017,-0.033,-0.448,1.226,29.05,-31.00,4.49,R
,1187971,1509,0,3820,-0.050,-0.48,1.212,31.05,34.30,39.23,R
,118799,1516,0,3824,-0.100,-0.32,1.180,32.62,-40.04,3.75,R
,1188111,1469,0,3822,-0.117,-0.472,0.56,30.71,27.58,27.49,R
,118821,1195,0,3831,0.014,-0.54,0.348,10.68,18.04,0.89,R
,1188261,1173,0,4016,-0.110,-0.43,0.589,-8.72,4.53,-9.43,R
,1188361,1392,0,4095,-0129,-0.513,0.903,-36.59,38.54,-7.34,R
,118842,1475,0,4045,0.018,-0.44,0.895,-34.37,2.89,-38.67,R
,118850,1582,0,4059,0.080,-0.369,0.764,-25.39,27.64,-3.07,R
,1188521,1597,0,4021,0.039,-0.33,1.027,-39.10,.87,-42.50,R
,118860,1530,0,4024,-0.111,-0.35,1.842,1.17,-5.44,16.07,R
,118861,1506,0,3824,-0048,-0.313,1.681,-4.14,35.85,1.11,R
,118872,1456,0,4026,0.013,-0.518,1.177,14.93,-40.07,47.91,R
,1188731,1435,0,3831,0.03,-0.553,1.170,10.77,-39.08,49.65,R
,1188771,1399,0,3817,0.67,-0.761,1.087,4.73,-6.95,40.1,R
,118879,1397,0,3824,0.67,-0.798,1.035,5.20,-7.78,21.7,R
,118885,1214,0,3826,0.05,-0.692,0.687,-3.61,-5.46,0.2,R
,118891,907,0,3824,-0.236,-0.848,0.498,-19.65,62.63,-15.75,R
,118892,941,0,064,0.021,-0.56,0.360,-25.21,-52.08,-25.26,R
,1188931,925,0,825,-0.050,-0.58,0.322,-18.63,47.63,-22.25,R
,1188941,954,0,4060,-0.047,-0.527,0.281,-21.68,-40.94,-25.06,R
,118895,944,0,3822,0.07,-0.493,0.271,-28.54,-35.35,-30.91,R
,118899,931,0,3824,-0.62,-0.468,0.331,-61.17,-33.11,-51.05,R
,1189001,923,0,071,-0.062,-0.495,0.388,-61.75,31.43,-3.74,R
,118901,940,0,3817,-0.57,-0.491,0.421,-62.52,-27.90,-36.39,R
,118902,923,0,054,-0.038,-0.49,0.445,-60.10,21.76,-8.10,R
,1189041,989,0,055,-0.033,-0.43,0.542,-46.26,8.53,-1.70,R
,118908,1047,0,4062,0.020,-0.507,0.606,-43.23,-7.47,-2.74,R
,118909,1056,0,3819,0.38,-0.555,0.640,-52.33,17.32,-8.12,R
,118911,1122,0,3826,0.88,-0.587,0.591,-50.08,15.14,-1.52,R
,1189151,1159,0,3824,0.155,-0.572,0.604,-35.90,3.44,-4.56,R
,118924,1275,0,4018,0.273,-0.73,0.561,-40.80,0.57,-15.00,R
,118932,1521,0,3981,0.72,-0.641,1.531,-38.33,50.77,7.26,R
,1189511,1520,0,3844,0.275,-0.693,0.927,23.09,-40.43,44.00,R
,1189541,1523,0,3997,0.168,-0.702,0.975,29.98,-5.72,41.52,R
,118968,969,0,3992,0.044,-0.750,0.327,9.45,-22.92,26.1,R
,118969,911,0,3837,0.07,-0.735,0.240,7.92,-2682,18.92,R
,1189741,816,0,4011,0.326,-0.736,0.011,-4.25,-4.32,-1146,R
,118975,784,0,835,0.12,-0.774,0.097,1.90,-4202,-6.4,R
,118979,848,0,847,0.130,-0.802,0.321,15.94,6.33,-14.06,R
,118980,810,0,986,0.06,-0.754,0.313,-14.49,602,-11.3,R
,118981,832,0,836,0.01,-0.782,0.356,-6.37,5.0,-7.16,R
,118982,791,0,4008,0.164,-0.774,0.389,-6.22,7.7,-12.3,R
,1189911,1309,0,3833,0.151,-0.736,0.601,-15.62,1.11,-3.20,R
,119008,1524,0,3935,0.224,-0.419,0.835,-32.88,0.53,-3.99,R
,1190091,1520,0,3842,0.205,-0.465,0.994,-33.27,5.52,-2.28,R
,1190291,1456,0,3849,0.503,-0.71,0.956,22.18,-45.17,41.94,R
,1190311,1446,0,3852,0.479,-0.74,0.922,17.45,-35.34,4416,R
,119056,1022,0,3877,0.205,-0.67,0.141,-36.81,17.87,-8.59,R
,1190941,1615,0,3856,0.413,-0.78,1.471,-5.39,5.67,4.8,R
,119130,1198,0,3883,0.331,-0.65,-0.08,10.50,-37.63,26.42,R
,119131,1229,0,3872,0.211,-0.811,-0.00,5.81,-4.86,3252,R
,119134,1328,0,3885,0.345,-0.85,-0.01,10.13,.60,18.0,R
,1191701,1511,0,3915,0.82,-0.577,1.365,-25.90,4.30,6.16,R
,119196,1488,0,3920,0.72,-0.963,0.599,19.70,-39.78,3692,R
,1192081,848,0,941,0.230,-0.93,0.120,41.93,-4.82,-34.56,R
,1192111,889,0,3845,0.216,-0.872,0.030,47.44,-40.91,-5.17,R
,119212,891,0,3930,0.12,-0.839,0.021,-50.45,-9.47,-5.54,R
,1192141,976,0,925,0.178,-0.823,0.065,-57.38,-1.93,-5.85,R
,119220,944,0,3934,0.00,-0.632,0.126,44.69,599,-33.93,R
,1192221,938,0,933,0.114,-0.672,0.195,-55.10,-2.82,-2381,R
,119238,1458,0,3915,0.433,-0.742,0.277,-21.38,26.24,-909,R
,119247,1613,0,3854,0.532,-0.743,0.831,-15.18,6.53,-0.47,R
,1192571,1530,0,3857,0.525,-0.788,0.904,9.54,-1.30,13.6,R
,119269,1579,0,3855,0.42,-0.823,0.639,29.61,-42.16,2671,R
,1192781,1620,0,3906,0.256,-0.82,0.424,47.80,-8.11,2339,R
,119285,1648,0,3856,0.93,-0.882,-0.09,17.46,23.53,18.10,R
,119286,1632,0,3907,0.252,-0.907,-0.12,11.23,-25.43,1.81,R
,1192871,1609,0,3856,0.350,-0.93,-0.209,9.45,-1.27,7.7,R
,1192931,1613,0,3856,0.313,-0.96,-0.125,5.25,1.03,-1.1,R
,119296,1503,0,3898,0.70,-0.911,-0.01,19.09,7.12,3.2,R
,1193131,1594,0,3856,0.415,-0.87,0.385,-28.59,1.64,-3.82,R
,1193481,1585,0,3889,0.520,-0.629,0.593,28.38,-4.13,2910,R
,1193501,1568,0,3870,0.509,-0.61,0.510,16.70,-13.58,4704,R
,119356,1566,0,3883,0.469,-0.786,0.495,30.25,-41.72,4368,R
,1193611,1607,0,3867,0.387,-0.796,0.515,11.20,-3.93,5536,R
,1193631,1614,0,3865,0.385,-0.99,0.531,22.54,-29.29,4895,R
,1193981,1326,0,3869,0.37,-0.750,0.196,53.67,-1.76,-1.99,R
,119404,890,0,3872,0.147,-0.708,0.092,0.03,9.4,5.88,R
,119408,942,0,879,0.16,-0.738,0.092,10.84,431,-9.52,R
,1194351,1398,0,3870,0.547,-0.858,0.485,-31.52,24.34,-40.91,R
,119477,1337,0,3888,0.02,-0.875,0.010,50.41,-60.76,1.7,R
,119482,815,0,3843,0.25,-1.000,-0.101,-25.97,34.59,002,R
,119486,682,0,3839,0.367,-1.18,0.023,26.65,189,-13.3,R
,119491,1138,0,3899,0.220,-1.03,-0.05,-44.63,52.47,-6.04,R
,1195021,1430,0,3849,0.137,-0.723,0.170,-23.23,7.38,-5.64,R
,119509,1500,0,3891,0.82,-0.380,0.431,-3.21,73.72,-5509,R
,119512,1491,0,3843,0.15,-0.248,0.713,19.28,9.24,-1479,R
,119516,1474,0,3846,0.92,-0.237,1.150,31.61,16.92,32.40,R
,119517,1469,0,3888,0.44,-0.245,1.245,34.83,14.16,3529,R
,1195181,1477,0,3842,0.81,-0.313,1.302,35.31,86.85,39.4,R
,119521,1470,0,3905,0.57,-0.483,1.384,57.81,5.34,50.7,R
,119532,1435,0,3855,0.39,-1.061,1.104,83.70,309,42.8,R
,119548,1421,0,3849,0.25,-0.768,0.779,29.93,-49.37,2370,R
,119550,1344,0,3846,0.093,-0.756,0.656,25.51,-2.47,2388,R
,1195541,916,0,3841,0.070,-0.718,0.413,1.60,-51.85,9.73,R
,119556,778,0,3848,0.062,-0.67,0.281,9.03,-5.59,8.5,R
,119557,753,0,3901,0.066,-0.646,0.205,25.87,-45.93,15.3,R
,1195591,993,0,906,0.126,-0.670,0.144,.95,-27.35,27.33,R
,119560,1033,0,3839,0.146,-0.646,0.084,-4.89,-17.93,2727,R
,119563,961,0,3890,0.168,-0.70,0.119,-22.95,-.61,10.8,R
,119591,1399,0,3894,0.327,-0.671,0.710,-43.70,41.15,-3.98,R
,119597,1427,0,3898,0.01,-0.683,1.362,-19.09,1.78,-2.48,R
,1196031,1440,0,3905,0.325,-0.535,1.399,6.30,-080,-1.3,R
,1196121,1452,0,3847,0.357,-0.52,0.897,21.72,-0.59,1477,R
,119613,1473,0,3895,0.42,-0.598,0.877,19.58,-43.66,1773,R
,1196361,866,0,3829,0.239,-0.81,0.122,-13.53,-8.04,1113,R
,119640,871,0,3828,0.211,-0.92,0.280,-22.63,1.80,-5.7,R
,119641,976,0,3927,0.143,-0.871,0.263,11.44,17.90,-5.9,R
,119647,1172,0,3914,0.57,-0.88,0.356,-49.35,9.05,-1.84,R
,1196481,1241,0,3829,0.161,-0.893,0.395,-47.36,6.80,-2.43,R
,119649,1233,0,3906,0.148,-0.903,0.420,-43.17,8.39,-2.77,R
,1196531,1163,0,3926,0.109,-0.850,0.402,-44.57,0.94,-6.59,R
,119663,1507,0,3922,-0.026,-0.302,0.44,-8.45,9.89,-73.00,R
,119665,1521,0,3898,0.007,-0.21,0.610,-5.07,4.50,-63.78,R
,119673,1485,0,3938,0.054,-0.15,1.569,25.28,9.37,57.5,R
,1196771,1535,0,3940,0.428,-0.46,1.641,54.42,68.30,76.8,R
,119680,1614,0,3824,0.616,-0.713,1.375,68.59,5.83,72.3,R
,119692,1506,0,3824,0.325,-0.793,1.164,44.13,-7.61,3903,R
,119695,1476,0,3943,0.246,-0.86,1.175,44.86,-9.14,3949,R
,119698,1470,0,3830,0.124,-0.74,1.153,46.88,-37.63,2886,R
,119700,1461,0,3834,0.042,-0.74,1.100,38.91,-43.98,2842,R
,119702,1407,0,3845,-0.002,-0.57,1.002,30.47,36.57,3.38,R
,119705,1317,0,3981,-0.070,-0.70,0.835,25.31,37.29,2.49,R
,1197061,1277,0,3839,-0044,-0.652,0.74,28.45,41.87,21.56,R
,119707,1180,0,3962,-0.025,-0.606,0.647,32.10,42.79,18.28,R
,119713,851,0,3939,0.012,-0.507,0.238,.82,-2935,16.57,R
,119715,846,0,942,0.023,-0.562,0.213,15.10,-5.89,12.77,R
,119716,834,0,3833,0.024,-0.57,0.214,-23.03,-1.05,8.0,R
,1197181,1014,0,3823,0.63,-0.620,0.245,-15.79,2.88,6.8,R
,119722,1149,0,3836,0.067,-0.560,0.388,-11.43,2.02,-6.24,R
,1197271,1295,0,3934,-0.055,-0.611,0.68,-25.64,51.46,-0.00,R
,119737,1285,0,3920,0.129,-0.550,0.719,-10.04,5.67,-24.90,R
,119748,1398,0,3837,0.007,-0.690,1.285,-29.01,4.42,-3.87,R
,119768,1312,0,3831,0.127,-0.463,1.045,15.72,-0.13,30.95,R
,119772,1395,0,3839,0.099,-0.485,1.033,17.55,-6.98,4202,R
,119773,1379,0,3937,0.095,-0.488,1.016,13.74,-7.20,4255,R
,119778,1402,0,3835,0.032,-0.572,1.031,21.46,-4.37,4487,R
,119781,1439,0,3952,0.018,-0.613,0.926,20.50,-2.16,44.02,R
,1197861,1237,0,3823,-0124,-0.751,0.68,29.86,-44.05,38.65,R
,1197941,758,0,833,0.066,-0.801,0.243,-24.45,-8.39,-120,R
,1197951,848,0,3950,0.07,-0.821,0.238,-30.11,-.05,-0.4,R
,1197961,877,0,3826,0.00,-0.826,0.237,-28.37,7.09,-0.4,R
,119797,877,0,3934,0.099,-0.91,0.361,28.43,1.60,-1030,R
,119798,930,0,3839,0.050,-0.83,0.347,25.27,1.72,-14.59,R
,119801,1008,0,3952,0.39,-0.811,0.401,-37.52,0.47,-30.84,R
,1198031,976,0,3952,-0.40,-0.823,0.453,-57.61,9.02,-4.24,R
,119808,981,0,3829,-0.017,-0.780,0.565,-58.25,45.89,-6.66,R
,119810,1223,0,3834,-0074,-0.718,0.58,-44.63,48.42,-7.14,R
,119813,1427,0,3942,-0104,-0.625,0.61,-40.42,30.11,-98.79,R
,1198141,1431,0,3826,-0090,-0.622,0.566,-34.74,22.37,-9.49,R
,119817,1483,0,3931,-0.121,-0.27,0.45,-2.26,8.82,-82.91,R
,1198181,1493,0,3827,-0123,-0.233,0.437,7.69,6.31,-7758,R
,119826,1483,0,3834,-0.279,0.226,1.344,-7.90,8.63,9.3,R
,1198291,1467,0,3951,0.043,-0.103,1.860,10.77,18.54,6515,R
,119830,1478,0,3838,0.107,-0.197,1.910,24.97,9.02,62.8,R
,1198461,1479,0,3833,0.286,-0.689,1.248,61.96,-7.66,37.6,R
,1198471,1469,0,3969,0.234,-0.647,1.232,56.71,-.39,38.7,R
,119855,1392,0,4011,-0.138,-0.565,1.16,44.27,50.59,3.21,R
,1198561,1371,0,3837,-0.152,-0.555,1.087,50.06,45.06,3.70,R
,119859,1359,0,3964,-0.208,-0.97,0.88,50.45,40.63,4.81,R
,119864,1038,0,3830,-0.121,-0.497,0.403,39.41,-48.59,3.48,R
,1198671,876,0,977,-0.085,-0.499,0.216,21.41,-8.27,3315,R
,119869,871,0,3973,-0.09,-0.466,0.125,-3.88,2.05,24.2,R
,119880,1227,0,3823,-0172,-0.500,0.60,-61.55,46.82,-5.75,R
,119883,1186,0,3938,-0192,-0.582,0.815,-73.21,33.15,-2.04,R
,119888,1333,0,3831,-0.053,-0.595,0.810,-11.84,20.39,-3.31,R
,119903,1327,0,3980,-0.018,-0.307,1.02,-74.52,42.39,-31.60,R
,1199111,1251,0,3968,-0.124,-0.399,1.953,22.48,10.31,3.21,R
,119919,1278,0,4016,0.039,-0.443,1.164,25.08,-9.06,2437,R
,119920,1254,0,3825,0.030,-0.462,1.135,29.16,-9.00,2999,R
,119922,1277,0,3830,0.35,-0.480,1.100,31.74,-9.84,3436,R
,119923,1264,0,3952,-0012,-0.466,1.079,28.86,23.41,3.29,R
,119925,1271,0,3933,-0.021,-0.442,1.05,22.94,-25.90,4.47,R
,1199281,1237,0,3833,-0.027,-0.17,1.073,9.66,-5.40,4272,R
,1199301,1267,0,3838,-0.106,-0.583,1.094,19.26,-34.83,4.05,R
,1199331,1285,0,4028,-0.103,-0.592,1.03,39.77,-36.34,45.20,R
,119934,1307,0,3840,-0.133,-0.542,0.971,37.25,-36.39,4.65,R
,1199391,1222,0,3967,-0.323,-0.666,0.75,38.15,29.20,39.53,R
,1199431,1081,0,3994,-0.168,-0.568,0.48,26.21,36.80,11.64,R
,119944,1115,0,3830,-0.171,-0.606,0.43,22.44,-42.94,1.00,R
,119947,1158,0,3995,-0154,-0.533,0.25,21.20,-14.59,2.13,R
,119953,821,0,952,-0.088,-0.65,0.482,-8.75,-.05,-29.13,R
,119963,1183,0,3963,-0.132,-0.570,0.72,-10.74,30.70,-5.51,R
,119969,1306,0,4061,-0093,-0.577,0.82,-18.80,44.97,-28.79,R
,1199731,1371,0,4001,-0.047,-0.544,0.73,-12.91,14.54,-48.47,R
,1199891,1363,0,3989,-0.158,-0.06,1.676,-0.30,3.98,-1313,R
,119990,1392,0,3826,-0.103,-0.394,1.65,10.70,-0.88,-1.62,R
,119991,1387,0,4001,-0.093,-0.340,1.438,12.45,-5.12,-713,R
,119995,1376,0,3990,-0.033,-0.366,1.18,24.61,26.97,1.00,R
,119999,1395,0,3986,-0.017,-0.408,1.09,14.99,-37.79,970,R
,120000,1394,0,3824,-0.018,-0.400,1.10,16.56,36.62,16.26,R
,120001,1393,0,3973,-0.042,-0.417,1.113,18.27,-33.82,1.88,R
,120004,1406,0,3829,0.006,-0.44,1.077,20.24,-1.84,30.33,R
,120005,1321,0,3983,-0024,-0.429,1.07,18.80,29.61,33.87,R
,120012,1286,0,3829,-0.106,-0.540,0.96,56.13,-57.64,28.58,R
,120013,1278,0,4048,-0115,-0.529,0.92,57.35,56.57,24.36,R
,1200161,1264,0,3833,-0.134,-0.483,0.76,48.42,55.61,15.29,R
,1200191,1198,0,4005,-0065,-0.528,0.59,29.66,52.60,12.92,R
,1200201,1137,0,3805,0.117,-0.43,0.465,15.45,-0.13,-1.32,R
,120025,739,0,4017,-0.055,-0.53,0.473,15.32,-.63,16.65,R
,120042,749,0,3822,-0.109,-0.55,0.849,-27.09,0.28,-8.77,R
,120050,1161,0,3824,0.046,-0.49,0.683,-15.26,0.62,-17.14,R
,1200581,1232,0,3832,0.47,-0.302,0.906,-32.17,2.33,-51.57,R
,1200631,919,0,3985,-0.174,-0.40,1.786,-42.91,36.51,-867,R
,120067,901,0,990,-0.104,-0.48,1.906,4.56,-0.88,-5.13,R
,1200691,1003,0,3980,-0014,-0.06,1.61,19.58,-11.63,-0.50,R
,1200831,1088,0,3991,-0020,-0.471,1.118,34.19,31.18,42.91,R
,120085,1091,0,4001,-0.020,-0.66,1.06,34.59,-31.38,41.27,R
,1200861,1106,0,3837,-0.022,-0.480,1.04,35.84,-34.83,39.33,R
,120087,1147,0,4023,-0.037,-0.88,0.994,35.08,37.72,37.38,R
,1200881,1118,0,3839,-0064,-0.454,0.966,33.11,38.95,35.36,R
,1200891,1104,0,4023,-0067,-0.87,0.918,36.64,37.40,36.71,R
,1200951,1003,0,4010,-0070,-0.70,0.559,44.38,-52.89,12.52,R
,1200961,1023,0,3837,-0027,-0.55,0.489,42.19,-54.74,6.11,R
,120100,1042,0,3845,-0.006,-0.34,0.30,21.63,13.64,1.89,R
,120101,1057,0,3997,-0025,-0.12,0.32,17.03,0.74,13.5,R
,1201031,1007,0,3987,-0.047,-0.507,0.374,-2.80,5.11,1.87,R
,1201051,1022,0,3990,-0076,-0.80,0.57,-9.78,-1.29,-16.39,R
,120107,1050,0,3973,-0.137,-0.27,0.60,-2.88,1.20,-1.00,R
,1201081,1088,0,3831,-0098,-0.09,0.64,-5.38,.77,-1268,R
,120110,1057,0,3831,-0132,-0.85,0.71,-19.27,25.50,-11.40,R
,1201301,1143,0,3853,0.56,-0.40,0.605,-14.95,8.11,-56.90,R
,120134,1104,0,3839,0.04,-0.35,1.068,-49.46,6.51,-31.74,R
,1201381,830,0,3840,-0.10,-0.44,1.671,-46.75,9.67,-2.48,R
,120141,771,0,3961,-0.14,-0.43,1.922,-20.69,9.69,-1.81,R
,120142,756,0,3840,-0.110,-0.39,1.881,-6.89,10.89,0.20,R
,120146,848,0,3846,0.026,-0.36,1.393,3.28,-22.94,4.08,R
,120147,849,0,3959,0.02,-0.35,1.319,28.01,-2.28,5.58,R
,120149,912,0,3958,0.052,-0.34,1.177,9.61,-2.24,13.7,R
,120150,950,0,844,0.097,-0.35,1.123,5.86,-32.54,13.93,R
,1201511,958,0,954,0.063,-0.378,1.086,0.41,-3.66,15.39,R
,1201521,962,0,3849,0.030,-0.380,1.115,1.03,-38.74,18.43,R
,1201531,967,0,3952,0.01,-0.39,1.085,22.18,-3.43,23.78,R
,1201541,957,0,842,0.024,-0.400,1.105,0.62,-3.35,28.3,R
,120156,1067,0,3841,0.06,-0.49,1.086,23.46,-38.82,31.18,R
,120157,1127,0,3938,-0003,-0.67,1.06,30.27,-40.98,32.49,R
,1201581,1169,0,3839,0.003,-0.440,1.058,36.93,-7.79,32.83,R
,1201661,989,0,3839,-0.20,-0.54,0.967,33.92,-7.41,33.67,R
,120168,1116,0,3842,-0075,-0.35,0.89,43.23,-54.86,23.13,R
,1201711,1105,0,3994,-0091,-0.33,0.69,52.77,-37.58,21.47,R
,120172,1090,0,3836,-0.140,-0.60,0.63,56.85,29.99,2.45,R
,1201781,859,0,3837,-0.84,-0.50,0.401,1.55,-034,10.4,R
,1201851,870,0,4000,-0.090,-0.46,0.554,13.60,1.57,-4.0,R
,1201931,757,0,3952,-0.84,-0.51,0.849,-29.65,25.93,-20.50,R
,1201981,803,0,3840,-0.049,-0.40,0.880,-19.91,9.38,-2.94,R
,1202011,816,0,3955,-0.23,-0.46,0.808,-20.74,33.28,-23.74,R
,120205,887,0,3968,0.09,-0.48,0.718,21.61,8.11,-41.49,R
,120206,931,0,3837,0.19,-0.47,0.695,20.01,4.33,-43.14,R
,120207,853,0,3955,0.13,-0.44,0.701,-17.97,1.16,-4087,R
,1202081,758,0,841,0.107,-0.423,0.708,16.62,2.86,-35.63,R
,1202091,839,0,3982,0.07,-0.38,0.820,-21.72,36.51,-30.85,R
,1202151,659,0,968,-0.104,-0.43,1.610,-40.95,3.41,-6.61,R
,1202231,670,0,945,0.000,-0.34,1.361,15.02,-24.42,3.94,R
,1202251,743,0,3935,0.09,-0.36,1.254,1.96,-31.00,6.39,R
,1202271,772,0,951,0.021,-0.38,1.171,24.80,-3.98,12.3,R
,1202281,810,0,3839,0.04,-0.38,1.150,7.78,-39.56,15.76,R
,1202291,855,0,3927,0.016,-0.36,1.123,28.83,-3.24,19.12,R
,1202301,773,0,3831,0.015,-0.37,1.113,27.43,-3.05,22.0,R
,1202331,967,0,3952,-0.042,-0.39,1.115,26.56,-25.44,33.99,R
,1202361,1034,0,3841,-0.086,-0.33,1.110,25.11,34.05,3.25,R
,1202371,1022,0,3966,-0.101,-0.37,1.098,27.48,-35.66,38.95,R
,1202391,1049,0,3983,-0.089,-0.480,1.060,29.05,42.42,3.33,R
,120242,1040,0,3842,-0.104,-0.90,0.902,45.51,-44.98,30.07,R
,120244,1035,0,3837,-0.079,-0.504,0.76,53.80,40.82,26.39,R
,1202481,925,0,842,0.028,-0.47,0.496,37.03,-3.68,14.8,R
,1202491,848,0,955,0.021,-0.49,0.442,8.33,-25.93,14.08,R
,1202531,638,0,955,-0.018,-0.573,0.403,-7.43,-.32,3.96,R
,1202541,560,0,839,-0.047,-0.58,0.404,-7.03,407,1.18,R
,120257,615,0,3959,-0.064,-0.559,0.557,0.53,13.61,-14.22,R
,1202671,547,0,918,-0.178,-0.52,0.804,-30.84,4.02,-22.77,R
,1202691,691,0,937,-0.151,-0.495,0.854,-15.79,0.76,-2.15,R
,1202731,727,0,3934,-0.100,-0.40,0.888,-15.73,36.33,-36.91,R
,1202741,761,0,836,-0.076,-0.43,0.875,-17.94,27.37,-40.90,R
,1202831,1070,0,4021,0.10,-0.40,0.912,-40.40,45.82,-4.31,R
,1202851,887,0,034,0.011,-0.50,1.019,-51.01,2.55,-42.35,R
,120287,818,0,4095,0.013,-0.490,1.048,26.23,1.82,-45.31,R
,1202881,835,0,840,-0.005,-0.40,1.063,-17.99,6.71,-4.41,R
,120289,801,0,4011,0.008,-0.372,1.136,19.03,3.19,-45.14,R
,1202911,858,0,3972,0.035,-0.368,1.269,33.46,2.42,-38.35,R
,120294,753,0,3839,-0.87,-0.32,1.495,-29.49,6.89,-2.39,R
,120295,737,0,3946,-0.060,-0.43,1.527,-16.39,2.68,-21.00,R
,120301,799,0,3936,0.047,-0.285,1.220,5.51,-1.98,-14.01,R
,1203031,783,0,942,-0.002,-0.27,1.090,12.80,-1.76,2.3,R
,1203061,769,0,3835,0.010,-0.35,1.078,8.56,-2805,7.90,R
,1203081,791,0,847,0.028,-0.41,1.079,19.55,-3.32,11.36,R
,1203101,842,0,839,0.049,-0.413,1.074,7.78,-31.34,11.16,R
,1203111,879,0,3927,0.045,-0.41,1.088,27.35,-3.21,13.55,R
,1203121,935,0,3838,0.034,-0.405,1.075,6.54,-27.76,18.9,R
,120313,917,0,3925,0.00,-0.411,1.077,4.93,-2.10,22.36,R
,120314,931,0,3844,0.06,-0.40,1.090,5.16,-26.92,25.5,R
,1203151,902,0,3906,0.027,-0.402,1.106,4.38,-2.54,27.06,R
,1203171,917,0,911,0.010,-0.41,1.123,28.79,-3.85,31.26,R
,1203181,896,0,3843,0.004,-0.40,1.156,0.90,-40.39,31.1,R
,1203191,901,0,963,0.010,-0.42,1.143,31.46,-4.29,28.62,R
,120320,973,0,3841,0.008,-0.43,1.147,5.38,-4.48,28.71,R
,1203211,1039,0,3967,-0.031,-0.416,1.15,37.72,40.33,31.24,R
,1203241,1071,0,3842,-0.040,-0.440,1.08,37.52,35.49,43.04,R
,1203251,1093,0,3970,-0.059,-0.35,1.085,33.87,33.21,41.97,R
,1203261,1085,0,3847,-0067,-0.74,1.05,31.37,-34.22,41.00,R
,1203281,1073,0,3849,-0.092,-0.40,1.00,36.85,40.57,34.36,R
,1203311,1122,0,3961,-0.053,-0.580,0.763,50.56,-40.60,2.45,R
,1203321,1107,0,3842,-0218,-0.764,0.68,64.27,36.39,31.81,R
,1203341,957,0,842,-0.034,-0.55,0.512,47.17,-15.18,24.98,R
,120335,875,0,3920,-0.36,-0.510,0.455,39.69,-.33,24.36,R
,120336,903,0,3830,-0.047,-0.51,0.405,27.60,080,22.11,R
,120337,805,0,3920,-0.69,-0.511,0.370,12.41,-.21,18.23,R
,1203411,715,0,3920,-0.016,-0.68,0.452,-3.14,-9.12,-2.32,R
,1203421,695,0,838,0.031,-0.62,0.425,2.44,-1242,-3.19,R
,120343,800,0,3963,0.02,-0.552,0.494,.90,2.2,-4.39,R
,120346,871,0,3845,0.02,-0.476,0.567,12.01,4.68,-5.02,R
,120352,718,0,3845,-0.046,-0.54,0.924,-39.07,2.18,-25.72,R
,1203551,767,0,3918,-0.033,-0.40,0.953,-26.57,36.70,-27.25,R
,120357,752,0,3906,0.019,-0.48,0.895,-22.25,4.00,-27.84,R
,120359,783,0,3918,-0.020,-0.44,0.864,-27.33,6.11,-31.38,R
,1203601,830,0,3840,0.041,-0.46,0.831,26.48,25.32,-35.46,R
,1203611,846,0,909,0.085,-0.45,0.797,-25.55,1.65,-40.77,R
,1203621,917,0,846,0.089,-0.43,0.762,-22.22,1.29,-4545,R
,1203651,897,0,962,0.137,-0.37,0.720,32.16,33.00,-39.92,R
,120366,819,0,3854,0.127,-0.34,0.769,37.81,41.98,-3354,R
,1203671,816,0,959,0.080,-0.32,0.842,-40.69,4.65,-29.42,R
,1203681,788,0,3855,0.077,-0.32,0.960,-42.59,50.56,-27.11,R
,1203711,752,0,4032,-0.125,-0.34,1.405,-51.94,7.81,-12.94,R
,1203731,795,0,3967,-0.063,-0.34,1.661,-34.37,1.37,-4.32,R
,1203761,750,0,871,-0.066,-0.33,1.720,-0.49,181,3.10,R
,120379,762,0,3933,0.047,-0.32,1.409,15.77,-2.78,2.69,R
,120380,786,0,3839,0.02,-0.308,1.312,9.75,-2.22,3.81,R
,1203831,778,0,3908,0.14,-0.322,1.116,6.97,-2.00,14.94,R
,1203851,772,0,3914,0.032,-0.36,1.100,2.91,-2.31,24.68,R
,1203891,913,0,902,0.021,-0.41,1.144,8.53,-4.71,23.27,R
,1203901,854,0,3846,0.030,-0.400,1.140,0.91,-4.73,25.47,R
,120391,962,0,3927,0.039,-0.39,1.115,32.10,-3.05,29.13,R
,1203921,970,0,3856,0.031,-0.38,1.106,2.21,-35.56,32.0,R
,120395,1037,0,3943,-0.015,-0.91,1.11,26.16,-36.51,3.26,R
,1203971,990,0,3947,-0.030,-0.47,1.103,21.96,-8.77,38.36,R
,120407,906,0,3920,0.031,-0.51,0.507,7.60,-4.72,17.67,R
,1204081,896,0,3854,0.028,-0.520,0.394,5.58,-2.59,17.8,R
,1204091,932,0,3909,0.005,-0.538,0.359,2.64,-1.59,17.3,R
,1204101,957,0,3854,0.08,-0.52,0.333,16.13,-442,16.13,R
,1204111,948,0,3913,0.09,-0.55,0.313,10.61,1.40,11.96,R
,1204231,763,0,3878,-0.076,-0.525,0.827,-33.04,0.53,-14.45,R
,1204251,807,0,3918,-0.95,-0.530,0.868,-25.09,25.49,-1.03,R
,120428,801,0,3855,-0.76,-0.448,0.851,-18.94,6.74,-2.45,R
,1204311,967,0,3891,0.007,-0.45,0.844,28.20,3.34,-2603,R
,120434,905,0,3829,0.053,-0.49,0.875,33.43,3.63,-27.60,R
,1204361,880,0,853,0.033,-0.487,0.863,30.34,3.28,-2949,R
,1204371,945,0,3935,0.00,-0.49,0.837,-24.97,37.98,-2871,R
,120438,930,0,3864,0.081,-0.48,0.826,18.65,36.41,-3073,R
,1204391,951,0,3921,0.03,-0.44,0.832,-15.15,33.99,-36.07,R
,1204411,881,0,3920,0.00,-0.40,0.888,-15.59,28.31,-45.54,R
,1204421,883,0,853,0.072,-0.38,0.960,20.40,2.19,-4571,R
,120445,718,0,3842,0.050,-0.36,1.239,36.40,38.70,-28.30,R
,1204491,747,0,3901,-0.077,-0.349,1.485,-11.03,9.84,-10.24,R
,1204501,742,0,3853,-0.98,-0.335,1.521,-5.82,27.79,-10.21,R
,1204511,759,0,3903,-0.76,-0.36,1.538,-2.19,13.89,-10.77,R
,1204561,739,0,3846,0.012,-0.345,1.246,8.71,-1.3,1.97,R
,1204581,739,0,3855,0.06,-0.34,1.163,5.54,-15.34,0.7,R
,1204611,715,0,3882,0.08,-0.33,1.071,4.86,-28.04,3.99,R
,1204621,720,0,3858,0.01,-0.36,1.068,5.14,-31.87,6.4,R
,1204631,725,0,3895,0.05,-0.367,1.060,13.31,-3.95,10.31,R
,1204641,723,0,3855,0.041,-0.37,1.080,2.32,-30.97,14.4,R
,1204661,727,0,842,0.043,-0.411,1.084,18.35,-28.07,20.92,R
,1204671,732,0,879,0.031,-0.41,1.078,21.96,-27.63,21.67,R
,1204721,914,0,848,0.010,-0.408,1.078,3.72,-3.35,23.5,R
,1204741,889,0,3856,-0.28,-0.40,1.120,19.19,-38.42,26.34,R
,1204801,819,0,3868,-0.13,-0.42,1.078,39.49,-36.48,31.59,R
,1204881,741,0,3855,0.07,-0.48,0.467,0.35,-22.54,26.63,R
,120490,740,0,3860,0.019,-0.48,0.436,0.38,-4.97,19.81,R
,1204911,737,0,3890,0.047,-0.56,0.404,-4.14,-437,10.92,R
,120493,803,0,3899,0.052,-0.60,0.401,-8.04,-10.16,0.66,R
,1204951,819,0,887,0.10,-0.63,0.444,3.24,-372,-5.02,R
,120497,756,0,3877,0.018,-0.512,0.516,-1.96,26.02,-2.29,R
,1204981,765,0,856,0.02,-0.48,0.541,13.88,3.37,-4.0,R
,120499,871,0,3881,0.009,-0.50,0.586,-24.80,41.96,-7.81,R
,1205001,817,0,3861,-0.035,-0.496,0.658,-31.91,39.66,-7.55,R
,1205061,683,0,861,-0.046,-0.44,0.914,-26.71,3.20,-24.88,R
,1205111,817,0,870,0.006,-0.45,0.871,-29.91,32.76,-24.84,R
,120513,821,0,3883,0.027,-0.451,0.835,29.00,2.53,-2832,R
,120514,863,0,3862,0.01,-0.44,0.841,28.11,22.54,-31.54,R
,1205151,799,0,881,0.065,-0.448,0.836,-25.50,2.85,-3453,R
,120518,759,0,3877,0.068,-0.42,0.785,-25.39,2.19,-34.41,R
,1205201,778,0,3866,0.16,-0.41,0.865,22.13,3.38,-2311,R
,120524,574,0,3870,0.01,-0.36,1.192,-36.72,4.99,-1803,R
,120525,540,0,3877,0.01,-0.29,1.320,-41.20,3.02,-1511,R
,1205271,597,0,877,-0.071,-0.46,1.439,-30.89,32.92,-6.88,R
,1205331,619,0,874,-0.045,-0.33,1.407,-0.52,-1.73,3.42,R
,1205351,622,0,868,0.018,-0.34,1.281,9.72,-1694,1.88,R
,1205361,606,0,3860,0.08,-0.34,1.205,14.96,-2.60,0.8,R
,1205381,606,0,3862,0.00,-0.34,1.146,8.15,-25.53,1.96,R
,1205401,624,0,3863,0.019,-0.36,1.107,7.81,-3.24,7.93,R
,1205411,624,0,873,0.035,-0.37,1.100,17.29,-3.71,10.39,R
,1205431,629,0,3865,0.035,-0.38,1.099,22.64,-3.31,16.4,R
,120544,656,0,3864,0.04,-0.39,1.088,5.86,-3.00,19.07,R
,1205451,689,0,3878,0.01,-0.40,1.087,27.66,-2.70,22.6,R
,120553,871,0,3871,-0.64,-0.40,1.143,25.08,-8.50,34.00,R
,1205591,1072,0,3889,-0067,-0.79,0.87,53.12,48.76,22.97,R
,120560,1008,0,3867,-0.050,-0.497,0.78,53.63,51.00,19.70,R
,120563,961,0,3876,0.031,-0.505,0.567,45.45,-3.46,21.4,R
,1205641,992,0,3867,0.02,-0.50,0.498,5.61,-24.63,20.71,R
,1205651,976,0,3865,0.04,-0.52,0.433,6.03,-1.28,20.07,R
,1205671,976,0,874,0.035,-0.54,0.399,5.63,-2.92,11.06,R
,120569,1040,0,3869,0.052,-0.612,0.403,-2.05,-0.28,-102,R
,120576,1005,0,3875,-0.027,-0.499,0.64,-31.00,36.54,-10.71,R
,1205771,891,0,3869,-0.039,-0.50,0.719,-35.47,5.90,-11.64,R
,1205871,944,0,3845,0.007,-0.43,0.819,35.87,26.42,-26.50,R
,1205881,910,0,3872,0.04,-0.44,0.841,37.07,24.79,-26.03,R
,1205891,967,0,3862,0.002,-0.447,0.832,35.90,2.91,-25.19,R
,1206001,995,0,3887,0.022,-0.40,1.147,46.07,35.49,-20.33,R
,1206021,903,0,862,-0.030,-0.48,1.374,-38.37,35.64,-9.14,R
,120608,848,0,3888,-0.022,-0.36,1.485,-13.52,7.86,3.67,R
,1206101,855,0,885,0.004,-0.34,1.418,6.02,-2.63,8.22,R
,1206121,848,0,3883,0.037,-0.365,1.246,0.54,-1.58,11.12,R
,1206151,909,0,3847,0.031,-0.37,1.133,.19,-27.66,12.1,R
,120616,956,0,3885,0.09,-0.37,1.122,.25,-24.86,16.1,R
,1206181,923,0,3872,0.07,-0.382,1.068,.25,-19.47,25.10,R
,1206191,903,0,3850,0.069,-0.37,1.058,.93,-16.85,28.8,R
,1206231,635,0,841,-0.018,-0.42,1.088,-1.07,-15.61,4087,R
,1206261,720,0,3904,-0.037,-0.44,1.160,23.03,-3.24,36.66,R
,1206311,1189,0,3847,-0.074,-0.439,1.10,19.02,-25.30,41.49,R
,1206321,1198,0,3883,-0.089,-0.452,1.09,14.85,24.34,35.49,R
,120634,1250,0,3886,-0.141,-0.508,1.05,22.19,33.85,39.39,R
,1206351,1239,0,3854,-0134,-0.528,1.02,28.12,-39.11,38.22,R
,120649,1055,0,3846,-0.033,-0.94,0.318,-5.33,.17,0.48,R
,1206521,1008,0,3886,-0.067,-0.55,0.479,6.64,15.79,-5.83,R
,120661,1231,0,3841,-0.102,-0.59,0.877,-31.12,29.41,-4.50,R
,120662,1206,0,3879,-0.144,-0.31,0.904,-23.70,26.60,-3.95,R
,1206641,1061,0,3888,-0.073,-0.24,0.91,-21.20,18.28,-5.38,R
,1206671,1079,0,3852,0.001,-0.59,0.865,-33.61,0.89,-26.45,R
,1206891,1285,0,3843,-0.046,-0.91,1.36,0.67,-18.57,9.67,R
,1206991,1456,0,3843,0.019,-0.40,1.094,20.13,-1.66,25.52,R
,1207061,1442,0,3887,-0.044,-0.93,1.07,27.92,-36.88,3.90,R
,1207091,1434,0,3854,-0.106,-0.513,0.99,23.00,40.86,32.52,R
,120710,1433,0,3888,-0.124,-0.29,0.974,22.28,-44.82,3.68,R
,1207131,1392,0,3842,-0.081,-0.99,0.848,35.67,-65.21,18.36,R
,1207151,1370,0,3839,-0049,-0.577,0.672,38.36,55.85,15.91,R
,1207161,1384,0,3891,-0.068,-0.577,0.56,40.01,44.80,14.33,R
,120717,1360,0,3850,-0.287,-0.73,0.575,39.80,-39.06,785,R
,1207221,1164,0,3873,-0.117,-0.60,0.28,10.79,1.15,-4.55,R
,120723,1079,0,3841,-0.106,-0.39,0.249,-0.30,3.17,-7.96,R
,1207271,1169,0,3839,-0145,-0.527,0.394,7.64,1.45,3.84,R
,1207281,1151,0,3897,-0061,-0.86,0.507,5.52,3.53,16.00,R
,1207321,966,0,3899,-0.210,-0.54,0.687,-22.48,0.37,13.84,R
,120734,946,0,3907,-0.07,-0.62,0.784,-18.14,17.24,9.84,R
,1207351,1087,0,3838,-0.078,-0.39,0.75,-15.81,2.56,7.7,R
,1207371,1264,0,3837,0.011,-0.558,0.729,-20.60,9.67,6.08,R
,120743,1214,0,3837,0.52,-0.90,0.884,-45.70,3.84,-20.25,R
,120746,1270,0,3906,0.94,-0.94,0.909,-54.05,27.84,-35.58,R
,1207581,1322,0,3893,0.51,-0.44,1.383,-58.68,33.98,-114.47,R
,1207601,1296,0,3899,-0.009,-0.92,1.43,-43.09,-30.13,-95.45,R
,120761,1264,0,3840,-0.029,-0.98,1.42,-37.41,-29.79,82.42,R
,120762,1346,0,3904,-0.066,-0.79,1.42,-33.97,-30.50,-68.48,R
,120764,1356,0,3919,-0.110,-0.06,1.38,-33.84,-34.66,-33.58,R
,1207661,1351,0,3917,-0093,-0.30,1.294,-37.39,-38.39,-4.62,R
,1207691,1405,0,3841,-0.012,-0.346,1.24,-19.58,-55.92,23.27,R
,120771,1456,0,3851,0.33,-0.33,1.164,-11.04,58.82,36.94,R
,1207771,1399,0,3838,0.46,-0.54,1.066,1.40,-57.29,54.25,R
,1207911,1168,0,3834,-0.022,-0.02,0.41,33.52,-47.49,27.27,R
,1207931,1200,0,3836,0.101,-0.634,0.229,37.77,-3.12,25.61,R
,120794,1191,0,3916,0.72,-0.59,0.169,34.21,-9.06,2594,R
,1207961,1213,0,3918,0.50,-0.68,0.062,34.04,-30.66,21.84,R
,1208011,787,0,838,0.237,-0.64,-0.012,-10.48,-12.04,-9.11,R
,1208021,816,0,3903,0.27,-0.70,0.020,29.30,-9.03,-13.66,R
,120803,861,0,3835,0.213,-0.767,0.152,36.43,-.49,-1723,R
,120824,1470,0,3899,0.309,-0.739,0.628,-23.55,.02,-3459,R
,1208321,1531,0,3919,0.30,-0.65,0.745,-28.77,1.26,-30.59,R
,120853,1686,0,3833,0.249,-0.713,0.966,20.51,-55.43,29.58,R
,1208691,1530,0,3841,0.61,-0.74,0.424,38.47,-52.21,16.78,R
,1208761,950,0,927,0.149,-0.64,0.053,5.03,-28.11,3.59,R
,1208771,803,0,3834,0.11,-0.63,0.049,5.84,-1.27,2.37,R
,1208811,533,0,830,0.161,-0.70,0.114,14.17,-3.66,1.52,R
,1208821,538,0,3929,0.152,-0.76,0.163,12.22,1.08,5.24,R
,1208841,701,0,899,0.124,-0.68,0.274,.12,27.46,16.83,R
,1208851,783,0,3826,0.139,-0.66,0.282,8.65,43.17,18.40,R
,120894,1362,0,3925,0.243,-0.858,0.594,-11.76,8.25,-749,R
,1208971,1415,0,3830,0.306,-0.93,0.657,-25.39,49.87,-18.88,R
,120900,1423,0,3897,0.376,-0.95,0.762,-35.32,32.95,-37.89,R
,120906,1455,0,3920,0.567,-1.111,0.886,-43.32,3.96,-70.36,R
,120907,1483,0,3832,0.591,-1.085,0.897,-40.37,.10,-7938,R
,120911,1456,0,3829,0.423,-0.916,0.984,-57.36,3.38,-100.30,R
,120913,1305,0,3833,0.344,-0.74,1.195,-47.58,-11.05,-95.43,R
,1209161,1115,0,3920,0.273,-0.608,1.235,-27.81,-33.75,-87.14,R
,120921,1127,0,3840,0.239,-0.294,1.039,-32.62,18.36,-7.63,R
,1209261,1185,0,3936,0.231,-0.39,0.942,-7.81,-43.55,5.45,R
,120936,1520,0,3954,0.329,-0.603,0.744,10.15,-8.95,35.04,R
,1209401,1535,0,3946,0.292,-0.70,0.674,21.55,-39.40,37.04,R
,120947,1326,0,3830,0.279,-0.815,0.304,55.28,-34.21,1791,R
,1209481,1146,0,3969,0.95,-0.820,0.239,58.32,-35.21,14.37,R
,1209501,950,0,3917,0.314,-0.78,0.119,8.10,-32.01,8.17,R
,120951,797,0,3824,0.295,-0.75,0.074,0.24,-2.25,8.8,R
,1209521,657,0,954,0.39,-0.720,0.033,63.37,-18.19,11.9,R
,1209531,577,0,3825,0.35,-0.69,0.009,54.77,-7.52,13.55,R
,1209561,576,0,3947,0.36,-0.72,0.016,3.06,9.4,9.27,R
,1209571,576,0,827,0.337,-0.746,0.046,1.31,9.5,5.49,R
,1209581,589,0,3952,0.30,-0.788,0.126,-8.04,9.28,1.30,
,120960,598,0,3934,0.325,-0.827,0.171,-0.97,1080,-0.50,R
,1209621,591,0,3954,0.340,-0.81,0.287,4.74,29.66,2.71,
,120965,905,0,3831,0.363,-0.740,0.315,-5.35,5474,0.36,R
,1209671,1088,0,3824,0.319,-0.77,0.377,-25.32,57.00,-4.44,R
,120968,1191,0,3922,0.291,-0.76,0.447,-29.88,53.55,-684,R
,1209691,1254,0,3825,0.89,-0.784,0.460,-27.17,6.83,-9.28,R
,1209751,1488,0,3829,0.44,-0.762,0.578,-13.21,1.87,-11.86,R
,1209771,1521,0,3825,0.336,-0.734,0.600,-13.97,3.84,-9.28,R
,1209811,1569,0,3831,0.05,-0.816,0.638,-23.38,18.07,-3.87,R
,1209901,1597,0,3946,0.45,-0.53,0.886,-19.81,32.01,-3.97,R
,1209911,1570,0,3831,0.293,-0.52,1.056,-25.65,35.41,-21.75,R
,1209961,1633,0,3945,0.322,-0.57,1.418,-5.06,15.98,7.32,R
,121002,1585,0,3953,0.401,-0.63,1.167,15.14,-4.82,29.41,R
,1210061,1580,0,3952,0.403,-0.65,1.012,24.47,-23.20,33.68,R
,1210121,1633,0,3961,0.33,-0.75,0.950,24.41,-32.04,3975,R
,121014,1615,0,3958,0.14,-0.74,0.942,24.83,-6.22,35.24,R
,121023,1559,0,3803,0.145,-0.74,0.480,43.69,-25.09,2274,R
,1210271,1338,0,3826,0.57,-0.62,0.236,67.29,-9.20,19.42,R
,1210311,888,0,3831,0.177,-0.58,0.101,4.53,-16.72,21.36,R
,1210321,790,0,3982,0.115,-0.55,0.103,6.33,-16.59,15.4,R
,1210341,669,0,978,0.191,-0.629,0.111,12.46,-20.53,1.42,R
,121035,668,0,3828,0.214,-0.71,0.203,26.33,-27.32,-338,R
,1210401,1158,0,3973,0.68,-0.81,0.362,-12.34,0.80,1368,R
,1210471,1365,0,3829,0.59,-0.91,0.590,-42.07,1.02,-18.70,R
,1210491,1422,0,3835,0.40,-0.90,0.613,-45.33,3.55,-27.13,R
,1210571,1523,0,3835,0.79,-1.176,0.671,-74.97,6.18,-55.54,R
,1210601,1530,0,3970,0.87,-1.17,0.791,-71.10,5.61,-73.83,R
,121064,1520,0,3977,0.515,-1.15,0.903,-66.26,-9.17,-9.64,R
,1210651,1520,0,3841,0.05,-1.153,0.914,-64.14,28.83,-106.21,R
,121072,1615,0,3969,0.97,-0.79,1.047,-61.96,38.42,-103.57,R
,1210761,1570,0,3978,0.48,-0.34,1.018,-47.15,-14.43,-3.28,R
,121093,1459,0,3824,0.78,-0.66,0.523,15.75,-5.61,57.04,R
,1211081,751,0,982,0.31,-0.90,-0.080,39.80,-1.98,13.90,R
,1211091,729,0,829,0.34,-0.926,-0.134,31.41,-37.96,11.42,R
,1211101,631,0,999,0.34,-0.941,-0.183,24.18,-42.97,11.10,R
,1211141,966,0,4016,0.560,-1.028,-0.200,-8.55,-20.18,-0.07,R
,121121,1332,0,3824,0.87,-0.89,0.052,-22.25,60.89,-6.97,R
,121124,1360,0,3968,0.53,-0.94,0.251,-42.68,8.31,-2.48,R
,1211311,1451,0,3824,0.75,-0.51,0.373,-12.13,77.18,-7.86,R
,121140,1424,0,3972,0.69,-0.75,0.293,-2.62,1.90,-8.22,R
,121144,1559,0,3964,0.04,-0.85,0.427,-18.08,0.39,-27.96,R
,121145,1535,0,3825,0.97,-0.892,0.623,-26.45,24.48,-28.03,R
,1211481,1373,0,3952,0.500,-1.093,1.378,-43.56,29.90,-1.23,R
,121149,1333,0,3824,0.30,-1.073,1.513,-34.52,16.02,10.66,R
,1211511,1375,0,3832,0.700,-1.102,1.536,19.08,-14.33,-7.75,R
,1211541,1333,0,3977,0.28,-0.82,0.963,46.28,-6.59,-4.88,R
,1211571,1349,0,3836,0.736,-0.61,0.726,22.36,-.32,8.83,R
,1211641,1392,0,4000,0.466,-0.722,0.661,20.24,-31.89,2381,R
,121165,1421,0,3830,0.53,-0.74,0.668,18.18,-35.72,26.17,R
,121171,1415,0,3825,0.99,-0.74,0.636,20.18,-32.24,45.15,R
,1211721,1418,0,3998,0.75,-0.793,0.652,19.66,-28.50,47.67,R
,121175,1424,0,3826,0.94,-0.82,0.691,10.96,-46.97,31.78,R
,121178,1439,0,3990,0.97,-0.929,0.610,5.72,-68.72,28.72,R
,121181,1424,0,3825,0.19,-0.80,0.473,23.00,-36.71,34.10,R
,121184,1409,0,4013,0.14,-0.877,0.324,50.15,-31.78,31.07,R
,121188,1023,0,3986,0.05,-0.72,0.107,51.60,-63.53,9.87,R
,1211901,770,0,046,0.24,-0.74,0.026,8.10,-69.26,9.90,R
,1211911,690,0,3824,0.28,-0.718,-0.003,47.46,-61.99,1368,R
,1211921,707,0,4000,0.249,-0.735,0.001,6.45,-51.44,15.9,R
,1211941,574,0,3981,0.20,-0.690,0.013,37.28,-30.28,12.68,R
,121195,654,0,3824,0.28,-0.71,0.028,35.64,-26.45,9.68,R
,1211981,574,0,4003,0.304,-0.812,0.072,10.39,-33.37,-2.55,R
,121200,584,0,4006,0.30,-0.86,0.073,4.72,-2.50,6.0,R
,1212041,819,0,4048,0.378,-0.90,0.228,.04,19.6,-0.13,R
,1212051,880,0,3828,0.377,-0.896,0.256,.38,21.0,-7.31,R
,1212081,1264,0,4000,0.350,-0.914,0.274,-13.35,13.29,-13.38,R
,121209,1286,0,3834,0.40,-0.92,0.330,-12.88,14.89,-11.51,R
,1212111,1363,0,3822,0.21,-0.99,0.362,-3.06,26.22,-11.34,R
,1212141,1474,0,3989,0.28,-0.88,0.359,-10.31,40.30,-25.45,R
,1212181,1534,0,3982,0.72,-0.86,0.369,-36.84,44.92,-16.58,R
,121220,1520,0,3984,0.05,-0.954,0.396,-24.72,51.14,-2.58,R
,1212211,1535,0,3839,0.368,-0.849,0.419,-26.75,46.41,-27.17,R
,1212301,1523,0,3986,0.83,-0.954,0.309,-26.36,54.13,-38.97,R
,1212331,1513,0,3835,0.95,-0.892,0.277,-32.40,54.10,-48.30,R
,1212341,1515,0,3971,0.98,-0.80,0.302,-39.67,48.02,-50.79,R
,1212401,1423,0,3934,0.32,-0.67,0.500,-6.51,95.44,-33.96,R
,1212411,1281,0,3824,0.330,-0.475,0.601,2.90,112.53,-39.00,R
,121244,919,0,3926,0.13,-0.41,0.850,0.80,126.51,-34.68,R
,1212461,841,0,923,0.03,-0.32,1.140,0.13,126.47,-28.67,R
,1212531,886,0,838,0.06,-0.21,1.211,53.58,108.31,8.11,R
,121254,946,0,3978,0.17,-0.184,1.164,165.08,117.99,14.39,R
,1212571,761,0,835,0.15,-0.15,1.044,175.03,152.57,4578,R
,1212581,818,0,952,0.13,-0.15,1.050,177.57,159.99,5379,R
,1212591,1008,0,3843,0.135,-0.179,1.052,179.77,163.12,5.62,R
,1212601,1103,0,3967,0.64,-0.28,1.077,185.23,157.86,68.02,R
,121266,1023,0,3964,-0111,-0.82,1.11,244.48,141.79,117.18,R
,1212721,673,0,966,-0.21,0.01,1.016,230.91,96.15,125.20,R
,1212751,779,0,3835,-0.128,0.03,1.065,04.86,86.60,11744,R
,1212771,848,0,841,-0.098,0.04,1.108,93.35,80.92,108.95,R
,1212781,784,0,3969,-0.116,0.052,1.114,184.25,84.07,10524,R
,1212791,813,0,3833,-0.117,0.049,1.144,82.57,8.97,101.75,R
,1212811,901,0,3839,-0.34,0.09,1.111,77.92,83.49,98.20,R
,121282,987,0,3954,-0.44,0.12,1.067,79.08,86.77,94.40,R
,121283,998,0,3827,-0.34,0.14,1.039,175.34,88.76,87.3,R
,121291,1307,0,3827,-0272,0.104,1.029,45.49,86.57,35.35,R
,1212941,1249,0,3903,-0353,0.05,1.089,3.75,78.80,12.1,R
,1212981,1253,0,3963,-0444,0.271,1.193,-33.76,92.47,2139,R
,121300,1344,0,3946,-0542,0.33,1.347,-30.98,98.10,26.62,R
,121302,1409,0,3939,-0556,0.40,1.589,-10.23,91.40,2527,R
,1213071,1424,0,3831,-0425,0.55,0.897,-35.44,3.18,15.52,R
,1213081,1399,0,3994,-0.414,0.574,0.845,-31.56,.31,7.18,R
,1213181,1220,0,3984,-0507,0.45,0.721,5.95,46.42,-2.4,R
,1213201,734,0,3950,-0.13,0.45,0.737,13.29,42.28,-7.46,R
,1213211,881,0,3831,-0.69,0.50,0.711,15.11,40.56,-11.1,R
,121322,875,0,3941,-0.52,0.43,0.757,18.10,38.91,-11.0,R
,1213231,799,0,3804,-0.65,0.49,0.745,8.64,32.53,-12.84,R
,121324,688,0,3877,-0.75,0.46,0.706,.27,33.29,-10.03,R
,1213251,737,0,3828,-0.44,0.38,0.728,-11.96,29.73,-1027,R
,1213261,784,0,3914,-0.45,0.39,0.736,-7.85,33.26,-8.5,R
,1213281,767,0,3955,-0.04,0.39,0.708,.90,43.63,-0.27,R
,1213291,742,0,3840,-0.27,0.35,0.749,9.19,49.66,3.06,R
,1213321,844,0,022,-0.29,0.549,0.597,32.44,6856,-8.30,R
,121334,818,0,964,-0.688,0.53,0.653,6.42,24.31,-18.85,R
,1213361,805,0,3888,-0.27,0.47,0.704,5.79,-1.76,-26.38,R
,1213371,786,0,3830,-0.83,0.41,0.716,1.20,1.86,-25.63,R
,1213381,800,0,902,-0.51,0.420,0.708,10.24,11.26,-22.6,R
,121341,833,0,3840,-0.471,0.442,0.757,23.49,23.11,-13.0,R
,1213421,793,0,3926,-0.93,0.40,0.740,8.12,29.93,-13.58,R
,1213431,694,0,827,-0.28,0.43,0.734,7.66,24.79,-15.02,R
,1213441,560,0,914,-0.61,0.443,0.709,17.14,1654,-17.3,R
,1213451,635,0,842,-0.652,0.437,0.721,16.68,1056,-17.34,R
,121347,432,0,3822,-0.67,0.45,0.713,4.59,6.86,-11.9,R
,121349,496,0,853,-0.717,0.493,0.641,0.41,18.11,0.94,R
,1213531,435,0,3845,-0.27,0.47,0.615,-1.09,-8.88,-0.0,R
,121354,431,0,3949,-0.702,0.48,0.665,1.70,-20.97,-0.39,R
,1213551,423,0,3835,-0.10,0.48,0.624,-0.88,-31.24,0.5,R
,1213571,592,0,3840,-0.12,0.43,0.568,8.64,-3448,-2.76,R
,1213611,610,0,3839,-0.57,0.48,0.720,5.78,4.56,-10.64,R
,1213621,615,0,3943,-0.68,0.48,0.727,5.75,3.14,-13.52,R
,1213641,611,0,3933,-0.37,0.52,0.719,.34,0.94,-9.32,R
,1213661,599,0,946,-0.16,0.55,0.646,3.33,-5.43,-3.96,R
,1213671,609,0,837,-0.74,0.524,0.651,-16.13,-8.42,-5.22,R
,1213681,605,0,939,-0.24,0.49,0.645,24.55,-26.30,-7.11,R
,121369,605,0,832,-0.559,0.447,0.655,-22.07,-24.82,-850,R
,121371,597,0,831,-0.507,0.419,0.688,-9.90,-4.50,-4.8,R
,1213721,608,0,3948,-0.11,0.42,0.668,2.66,4.13,-2.36,R
,1213741,608,0,954,-0.89,0.50,0.667,1.44,17.87,1.91,R
,1213761,639,0,3968,-0.83,0.56,0.670,17.14,17.20,0.71,R
,1213791,649,0,3824,-0.97,0.49,0.687,37.15,-7.44,-4.65,R
,1213801,688,0,3971,-0.55,0.46,0.689,37.90,-14.57,-5.16,R
,1213811,685,0,3839,-0.10,0.40,0.670,34.55,-16.27,-6.01,R
,1213841,675,0,968,-0.71,0.37,0.626,-21.26,5.66,-1.9,R
,1213851,691,0,3837,-0.16,0.34,0.635,25.72,10.88,1.1,R
,1213861,704,0,961,-0.41,0.40,0.652,24.86,10.51,2.9,R
,1213881,782,0,963,-0.47,0.414,0.701,-36.65,1.66,0.69,R
,1213891,798,0,3836,-0.94,0.40,0.706,40.25,2.25,1.09,R
,1213901,805,0,3967,-0.91,0.35,0.762,41.91,-2.69,1.6,R
,121393,785,0,837,-0.06,0.299,0.771,-37.59,-.36,-1.78,R
,121395,864,0,831,-0.624,0.312,0.727,-24.71,2.62,-0.16,R
,1213961,880,0,3970,-0.77,0.30,0.729,21.44,-3.38,3.7,R
,121397,879,0,3834,-0.658,0.276,0.720,-11.32,-3.58,6.08,R
,121398,880,0,3968,-0.627,0.261,0.677,-1.84,-2.30,6.9,R
,1213991,880,0,3830,-0.04,0.29,0.674,.77,-22.25,6.14,R
,1214021,896,0,989,-0.53,0.26,0.765,4.76,-24.37,0.58,R
,1214031,909,0,839,-0.12,0.28,0.768,14.03,-23.12,-1.7,R
,121405,896,0,3837,-0.538,0.252,0.845,14.79,-22.97,-0.1,R
,1214061,880,0,4032,-0.531,0.242,0.849,23.78,-2.79,2.5,R
,121407,889,0,3837,-0.504,0.258,0.828,33.28,-2.19,3.88,R
,1214081,875,0,3993,-0.62,0.24,0.794,38.25,-1.63,4.28,R
,1214121,927,0,010,-0.505,0.275,0.750,56.27,-051,11.82,R
,1214151,903,0,3835,-0.57,0.32,0.761,5.78,16.53,23.3,R
,1214171,880,0,843,-0.80,0.43,0.667,5.46,34.63,24.25,R
,1214181,865,0,3971,-0.21,0.45,0.658,6.97,37.61,24.0,R
,121420,874,0,956,-0.11,0.497,0.587,76.67,3686,26.92,R
,1214211,875,0,3836,-0.48,0.52,0.595,8.27,40.97,28.55,R
,1214221,887,0,3963,-0.624,0.545,0.599,81.83,4073,31.06,R
,1214231,927,0,831,-0.33,0.560,0.560,94.99,43.32,29.03,R
,1214241,934,0,968,-0.36,0.591,0.538,98.82,4196,27.13,R
,121425,928,0,3830,-0.93,0.604,0.492,99.66,41.28,24.40,R
,121426,948,0,3954,-0.77,0.61,0.472,6.91,38.88,19.33,R
,1214271,941,0,3839,-0.558,0.595,0.442,90.09,3193,14.23,R
,121428,919,0,967,-0.47,0.58,0.439,6.74,2590,10.86,R
,121432,891,0,3971,-0.95,0.55,0.406,9.25,45.96,0.00,R
,121433,899,0,3835,-0.29,0.55,0.402,91.72,5500,1.18,R
,1214361,895,0,3960,-0.96,0.61,0.448,5.84,76.25,11.5,R
,1214381,898,0,955,-0.67,0.711,0.453,104.22,79.78,11.00,R
,121439,877,0,3831,-0.90,0.716,0.481,105.54,77.00,10.55,R
,1214401,905,0,3946,-0.18,0.73,0.439,08.01,69.23,9.6,R
,1214431,852,0,3824,-0.736,0.748,0.412,113.60,4.55,1.7,R
,1214441,755,0,3952,-0.06,0.77,0.336,11.75,3.47,3.6,R
,1214451,752,0,834,-0.69,0.74,0.324,08.44,36.80,4.9,R
,121446,763,0,947,-0.76,0.72,0.271,04.80,40.02,7.38,R
,1214471,691,0,839,-0.68,0.67,0.258,102.54,42.02,12.23,R
,121448,676,0,3962,-0.14,0.66,0.192,102.79,4.05,14.71,R
,1214491,654,0,841,-0.46,0.61,0.384,16.91,46.51,24.33,R
,1214501,709,0,3981,-0.605,0.71,0.140,17.57,51.46,21.0,R
,121453,835,0,846,-0.86,0.78,0.034,08.76,28.99,7.9,R
,1214621,678,0,959,-0.73,0.91,-0.219,36.77,0.77,-3.25,R
,1214631,709,0,3838,-1.33,0.523,0.106,38.64,-16.57,-17.25,R
,1214661,714,0,3935,-0.630,0.808,-0.122,5.55,10.88,3.36,R
,1214671,720,0,3835,-0.40,0.814,-0.123,-1.39,12.99,3.76,R
,121469,714,0,3835,-0.28,0.786,-0.050,-9.94,4.59,0.19,R
,1214741,738,0,963,-0.57,0.77,-0.021,-21.15,13.02,8.3,R
,121476,708,0,3922,-0.46,0.74,0.007,-23.32,12.37,9.33,R
,1214781,731,0,3966,-0.46,0.76,0.016,-26.19,413,2.86,R
,1214821,693,0,959,-0.33,0.74,0.006,38.07,-11.20,-835,R
,1214831,687,0,842,-0.41,0.74,0.019,35.87,-15.01,-995,R
,121484,807,0,973,-0.57,0.73,0.029,31.10,-13.50,-6.91,R
,1214871,858,0,841,-0.66,0.73,0.088,14.57,-1.14,0.20,R
,1214881,866,0,955,-0.68,0.73,0.085,9.18,-5.52,1.73,R
,121490,820,0,3964,-0.53,0.729,0.135,-7.84,-7.32,1.38,R
,1214921,823,0,3950,-0.43,0.742,0.133,-4.30,-15.76,-4.8,R
,1214941,823,0,966,-0.44,0.74,0.112,-4.25,-15.08,-6.16,R
,121495,842,0,833,-0.55,0.73,0.099,1.56,-1.39,-5.1,R
,121497,835,0,838,-0.58,0.74,0.081,.07,-6.47,-1.11,R
,1214991,848,0,3850,-0.650,0.744,0.056,8.64,-5.35,-2.15,R
,1215001,849,0,3940,-0.40,0.745,0.048,8.76,-6.62,-4.27,R
,1215011,849,0,842,-0.44,0.74,0.051,7.99,-8.16,-6.76,R
,121503,839,0,3847,-0.51,0.74,0.018,6.71,-3.56,-7.75,R
,1215121,882,0,3953,-0.64,0.78,0.059,5.35,0.74,-0.42,R
,1215131,890,0,847,-0.73,0.79,0.076,.35,-0.2,0.66,R
,1215141,891,0,3961,-0.663,0.79,0.059,3.63,-3.59,0.51,R
,1215161,848,0,952,-0.47,0.79,0.044,.67,-3.1,0.55,
,121517,857,0,849,-0.41,0.79,0.041,1.52,-5.41,-0.2,R
,1215181,895,0,3932,-0.635,0.784,0.037,-3.88,-5.21,-1.5,R
,121519,919,0,3844,-0.40,0.77,0.019,5.20,-373,-2.1,R
,121520,923,0,952,-0.45,0.77,0.023,3.79,-060,-0.9,R
,121521,939,0,3847,-0.51,0.75,0.020,3.03,1.8,0.29,R
,1215231,893,0,3839,-0.60,0.74,0.042,-2.40,1.79,1.78,R
,121525,895,0,3842,-0.71,0.74,0.044,3.75,1.2,3.12,R
,121527,906,0,3847,-0.75,0.75,0.049,-5.76,-0.16,4.25,R
,1215281,900,0,3934,-0.68,0.749,0.059,-5.93,-3.27,2.97,R
,121529,910,0,3840,-0.62,0.75,0.058,5.79,-566,1.21,R
,121531,911,0,3846,-0.53,0.75,0.046,6.36,-6.14,-0.50,R
,1215321,910,0,952,-0.48,0.74,0.051,5.84,-601,-0.42,R
,1215331,912,0,3832,-0.44,0.74,0.068,-4.88,-4.05,0.65,R
,121534,909,0,3947,-0.41,0.74,0.087,2.40,-187,2.00,R
,121535,919,0,827,-0.633,0.74,0.095,.36,-0.5,2.62,R
,1215361,919,0,3967,-0.639,0.756,0.096,0.94,-0.24,2.36,R
,1215371,921,0,3846,-0.39,0.75,0.107,.09,-1.06,1.16,
,1215381,913,0,3933,-0.38,0.76,0.111,.28,-1.7,0.16,
,1215401,915,0,955,-0.647,0.761,0.098,2.10,-2.13,-1.51,R
,1215411,924,0,3847,-0.37,0.751,0.107,2.56,-3.50,-3.23,R
,1215421,911,0,965,-0.651,0.753,0.096,0.86,-3.46,-3.26,R
,1215431,926,0,3850,-0.49,0.753,0.098,.61,-2.65,-3.37,R
,1215441,895,0,3966,-0.58,0.74,0.080,.38,0.28,-2.90,R
,1215461,898,0,3943,-0.66,0.729,0.090,2.33,1.41,-2.10,R
,121549,909,0,3851,-0.61,0.73,0.077,.39,0.25,-1.87,R
,121553,893,0,845,-0.47,0.76,0.041,.57,1.3,-0.67,R
,121555,897,0,3835,-0.53,0.754,0.058,-0.91,-0.74,-2.21,R
,121556,925,0,3950,-0.52,0.76,0.071,1.62,-1.98,-2.39,R
,121557,926,0,3850,-0.59,0.76,0.066,-1.90,-2.27,-2.56,R
,1215581,895,0,936,-0.659,0.760,0.059,-3.10,-2.07,-2.04,R
,1215601,895,0,3933,-0.51,0.74,0.071,0.78,-076,-1.02,R
,121562,900,0,3942,-0.54,0.75,0.073,0.42,-2.02,-0.50,R
,1215641,905,0,3941,-0.656,0.759,0.042,0.86,0.28,-0.22,R
,1215661,906,0,3933,-0.657,0.757,0.067,0.36,0.53,0.66,R
,1215691,896,0,3843,-0.661,0.76,0.076,0.68,-071,-0.77,R
,1215701,898,0,942,-0.662,0.75,0.071,1.33,-1.18,-1.46,R
,1215711,898,0,855,-0.665,0.75,0.067,0.91,-1.40,-1.55,R
,1215721,896,0,3947,-0.664,0.743,0.065,0.36,-0.21,-0.65,R
,121573,903,0,3856,-0.49,0.74,0.056,.45,2.01,0.11,R
,121574,905,0,3933,-0.58,0.74,0.069,0.97,3.03,0.81,R
,1215781,905,0,3934,-0.57,0.74,0.077,.01,-2.51,-2.50,R
,1215791,889,0,3856,-0.63,0.75,0.085,0.59,-3.85,-2.77,R
,1215831,921,0,3855,-0.664,0.745,0.082,1.72,3.70,3.03,R
,1215841,922,0,3920,-0.659,0.740,0.085,.60,3.6,3.16,R
,1215851,919,0,3852,-0.57,0.73,0.073,.34,1.05,2.04,R
,1215861,925,0,3924,-0.58,0.74,0.076,.41,-2.14,0.51,R
,121587,923,0,838,-0.659,0.744,0.071,-0.42,-4.47,-0.70,R
,1215881,927,0,3905,-0.58,0.74,0.062,1.91,-4.11,0.11,R
,121591,932,0,3849,-0.54,0.74,0.069,.04,0.21,2.91,R
,1215921,928,0,3920,-0.54,0.74,0.080,.13,0.02,3.07,R
,1215951,941,0,3855,-0.46,0.753,0.075,-0.60,-254,0.69,R
,121599,933,0,3850,-0.53,0.75,0.067,0.15,0.95,3.01,R
,121602,900,0,3935,-0.46,0.758,0.075,.47,1.7,3.27,R
,121603,898,0,3830,-0.38,0.75,0.068,0.22,-1.15,1.16,
,1216041,897,0,3920,-0.33,0.76,0.060,0.75,-3.59,-1.89,R
,121605,898,0,3853,-0.43,0.76,0.078,3.03,-5.59,-3.78,R
,1216071,901,0,3854,-0.61,0.757,0.075,-1.15,-1.55,-0.71,R
,121608,898,0,3915,-0.653,0.748,0.078,0.93,2.80,1.67,R
,121609,896,0,854,-0.657,0.747,0.084,2.35,4.77,3.79,R
,1216101,896,0,3905,-0.49,0.750,0.098,4.04,4.04,3.42,R
,1216111,895,0,3852,-0.39,0.750,0.097,4.07,1.7,1.53,R
,1216131,914,0,3853,-0.48,0.75,0.071,.64,-1.66,-1.46,R
,1216161,899,0,3935,-0.63,0.76,0.068,2.33,0.39,2.37,R
,1216171,895,0,3851,-0.59,0.75,0.060,.07,0.88,2.87,R
,1216181,894,0,3913,-0.50,0.752,0.071,2.09,-0.8,2.48,R
,1216211,897,0,3859,-0.48,0.75,0.066,1.14,-3.12,0.86,R
,1216221,897,0,3909,-0.51,0.76,0.071,2.54,-1.78,1.73,R
,1216231,895,0,3856,-0.56,0.749,0.061,-2.23,1.05,3.32,R
,1216251,896,0,3854,-0.52,0.75,0.084,.88,1.69,4.80,R
,1216261,895,0,3913,-0.44,0.74,0.080,.28,-1.08,3.32,R
,1216281,900,0,3897,-0.38,0.76,0.075,1.17,-0.59,3.73,R
,1216291,903,0,3859,-0.25,0.76,0.064,1.29,0.65,3.35,R
,1216301,901,0,3901,-0.23,0.75,0.075,1.23,-0.34,1.84,
,1216311,885,0,3856,-0.27,0.75,0.087,.21,-3.23,-0.79,R
,1216321,894,0,3907,-0.41,0.77,0.085,.02,-4.65,-1.75,R
,1216331,865,0,3856,-0.34,0.76,0.073,.90,-2.47,-1.55,R
,1216341,875,0,918,-0.634,0.763,0.066,1.02,2.5,0.14,R
,1216351,892,0,3859,-0.41,0.74,0.085,2.56,4.1,0.75,R
,1216371,887,0,856,-0.32,0.758,0.098,6.73,-2.2,-1.96,R
,1216391,885,0,3851,-0.649,0.78,0.055,.28,-0.10,-3.43,R
,1216401,892,0,3901,-0.52,0.76,0.062,.77,2.68,-1.81,R
,1216411,887,0,856,-0.649,0.744,0.062,3.86,3.64,-1.22,
,1216421,889,0,3906,-0.50,0.75,0.067,.07,3.11,-1.72,
,1216431,891,0,3856,-0.49,0.75,0.064,4.54,2.6,-2.07,R
,1216471,908,0,856,-0.668,0.763,0.062,4.13,3.5,-0.18,R
,1216531,919,0,3856,-0.56,0.745,0.049,-0.63,1.9,3.44,R
,1216541,925,0,3888,-0.53,0.75,0.064,0.18,0.21,3.53,R
,1216561,926,0,3890,-0.31,0.74,0.062,-0.37,-011,1.85,R
,1216601,911,0,3888,-0.50,0.75,0.066,-2.98,-268,2.34,R
,1216611,916,0,3857,-0.58,0.76,0.064,0.25,0.3,5.49,R
,1216631,923,0,3859,-0.43,0.763,0.072,2.03,-0.8,6.65,R
,121664,914,0,3888,-0.54,0.77,0.080,.76,-0.27,7.06,
,1216651,918,0,858,-0.630,0.773,0.051,.17,1.93,7.93,R
,1216671,923,0,3859,-0.35,0.76,0.072,0.22,3.24,8.40,R
,1216681,918,0,902,-0.37,0.76,0.083,1.66,-0.04,7.59,
,1216691,912,0,862,-0.37,0.767,0.075,3.49,-2.40,6.75,
,1216701,916,0,3889,-0.43,0.76,0.073,3.12,-3.90,6.89,
,1216711,912,0,3860,-0.66,0.78,0.058,.61,-0.98,10.31,R
,1216721,912,0,3886,-0.652,0.762,0.046,3.12,3.76,14.42,
,1216741,912,0,882,-0.40,0.74,0.066,.46,6.44,17.52,R
,121676,905,0,878,-0.610,0.769,0.073,11.05,-199,13.87,R
,1216781,911,0,3888,-0.05,0.78,0.057,.45,-2.68,10.68,R
,1216791,912,0,861,-0.87,0.777,0.054,4.86,-0.88,9.65,R
,121680,915,0,892,-0.95,0.774,0.063,6.09,0.53,9.12,R
,121683,926,0,3861,-0.586,0.803,0.049,4.13,1.14,8.39,
,121684,927,0,881,-0.61,0.816,0.043,2.76,4.45,7.24,
,121685,928,0,857,-0.60,0.819,0.050,10.07,6.66,4.87,
,121689,930,0,3863,-0.584,0.800,0.039,2.10,4.5,-4.87,R
,121690,944,0,3863,-0.92,0.79,0.010,.42,11.52,-4.30,R
,1216921,934,0,3847,-0.33,0.770,0.028,1.93,15.8,-3.80,R
,1216951,938,0,3868,-0.30,0.77,0.014,2.37,12.28,-6.64,R
,1216981,944,0,874,-0.56,0.79,-0.006,-3.17,299,-8.48,R
,1217001,940,0,3865,-0.52,0.79,-0.018,-6.52,624,-3.80,R
,1217031,945,0,873,-0.50,0.76,0.021,4.68,-1.00,-0.7,R
,1217041,942,0,3872,-0.38,0.78,0.006,5.36,-488,-0.19,R
,121709,940,0,3872,-0.608,0.775,0.064,5.94,-6.91,-0.5,R
,1217101,938,0,859,-0.10,0.77,0.078,-5.29,-1.33,-1.84,R
,121711,935,0,3882,-0.619,0.77,0.085,4.52,-12.30,-2.1,R
,1217121,944,0,3856,-0.31,0.777,0.086,-4.62,-13.43,-3.09,R
,1217131,938,0,3888,-0.40,0.78,0.075,4.19,-13.93,-2.9,R
,1217141,938,0,857,-0.45,0.77,0.077,-2.97,-1.76,-0.58,R
,1217161,930,0,860,-0.47,0.77,0.059,2.19,-6.14,5.21,R
,1217201,912,0,3859,-0.05,0.78,0.046,.58,-10.54,-0.79,R
,1217231,944,0,3879,-0.20,0.791,0.039,-1.78,-813,-3.7,R
,1217241,937,0,3850,-0.617,0.791,0.045,-0.60,-4.89,-2.71,R
,1217251,944,0,881,-0.17,0.78,0.063,.04,-3.85,-1.89,R
,121728,938,0,850,-0.92,0.785,0.074,1.54,-2.3,-3.57,R
,1217331,942,0,876,-0.01,0.79,0.075,1.44,2.45,-5.57,R
,121737,929,0,3887,-0.24,0.780,0.046,-1.65,1.3,-7.16,R
,121738,929,0,851,-0.22,0.76,0.048,.31,3.78,-5.45,R
,121741,934,0,888,-0.23,0.765,0.050,3.38,5.8,-4.19,R
,121743,945,0,882,-0.48,0.77,0.035,0.07,3.78,-6.12,R
,1217461,933,0,3856,-0.68,0.773,0.039,-3.20,-231,-7.80,R
,121747,930,0,3881,-0.81,0.77,0.045,2.10,-0.85,-5.2,R
,1217501,935,0,3851,-0.646,0.753,0.060,-1.24,5.2,-0.79,R
,121751,939,0,3887,-0.46,0.74,0.068,2.62,-0.25,-3.4,R
,1217521,939,0,844,-0.52,0.772,0.060,-5.85,-309,-4.97,R
,121753,938,0,3882,-0.53,0.755,0.047,-7.93,-234,-5.61,R
,1217551,925,0,3878,-0.76,0.734,0.067,-6.16,0.5,-2.06,R
,121757,917,0,3887,-0.52,0.75,0.064,1.35,-4.39,-1.2,R
,1217581,923,0,3856,-0.657,0.767,0.061,-2.98,-193,0.89,R
,121759,928,0,3879,-0.28,0.76,0.062,3.49,1.9,3.07,
,121760,922,0,3853,-0.18,0.75,0.068,2.10,3.72,3.12,
,1217611,918,0,3883,-0.619,0.74,0.093,-1.96,-019,1.62,R
,121763,933,0,3891,-0.31,0.77,0.093,0.98,-7.92,-1.54,R
,1217661,928,0,3843,-0.625,0.765,0.098,0.54,-3.8,0.68,R
,1217671,937,0,3883,-0.27,0.758,0.119,.20,-5.3,0.45,
,121768,933,0,846,-0.31,0.77,0.106,.95,-5.82,0.74,R
,121769,942,0,3888,-0.24,0.77,0.082,.64,-2.80,2.22,R
,1217701,915,0,3845,-0.19,0.780,0.069,5.96,2.6,3.61,R
,1217721,912,0,3847,-0.622,0.764,0.057,6.93,0.6,0.63,R
,121773,933,0,3889,-0.30,0.76,0.045,.19,-3.35,-2.56,R
,1217751,940,0,3884,-0.49,0.77,0.023,.13,-6.71,-7.09,R
,121781,925,0,3887,-0.68,0.76,0.031,.25,3.75,2.86,R
,121782,923,0,3835,-0.60,0.76,0.047,.38,5.0,4.33,R
,1217831,926,0,3893,-0.651,0.760,0.061,2.51,1.6,3.61,R
,1217841,917,0,847,-0.37,0.77,0.057,.40,-3.41,2.25,R
,121785,907,0,3888,-0.22,0.774,0.052,-0.46,-7.72,-1.29,R
,1217871,880,0,3888,-0.23,0.77,0.047,4.33,-9.06,-3.6,R
,1217881,891,0,3843,-0.615,0.769,0.060,-3.72,-9.50,-3.67,R
,1217891,898,0,888,-0.20,0.78,0.047,4.13,-720,-2.41,R
,1217911,940,0,3889,-0.616,0.780,0.071,-1.33,-0.57,2.16,R
,1217941,934,0,3841,-0.630,0.765,0.083,-0.46,-3.90,-0.80,R
,1217961,927,0,839,-0.42,0.75,0.076,1.81,-530,-2.16,R
,1217971,925,0,889,-0.46,0.75,0.068,0.54,-489,-1.7,R
,1217981,907,0,3847,-0.648,0.755,0.058,1.35,-3.78,-0.64,R
,121799,925,0,3888,-0.646,0.763,0.054,2.36,-1.37,0.69,R
,121800,935,0,3849,-0.49,0.77,0.060,.54,0.13,1.26,R
,121801,926,0,3893,-0.40,0.76,0.068,.77,-0.3,0.54,
,121803,896,0,3887,-0.41,0.78,0.065,0.10,-308,-3.0,R
,1218041,919,0,3841,-0.623,0.760,0.077,0.50,-5.44,-5.57,R
,1218051,918,0,3887,-0.44,0.76,0.086,.91,-4.9,-6.21,R
,1218061,912,0,3840,-0.52,0.75,0.080,2.09,-3.87,-5.75,R
,1218071,910,0,3888,-0.653,0.765,0.061,2.97,-1.61,-3.38,R
,1218081,906,0,3840,-0.652,0.761,0.072,2.88,1.49,-0.59,R
,1218101,898,0,3845,-0.636,0.769,0.070,4.01,2.08,-0.41,R
,121811,860,0,852,-0.52,0.77,0.061,.77,1.9,0.25,R
,1218141,851,0,3844,-0.36,0.758,0.078,-0.92,-4.27,-4.41,R
,1218151,849,0,3897,-0.40,0.759,0.067,-0.49,-3.69,-3.93,R
,1218171,967,0,3889,-0.642,0.759,0.068,0.54,0.97,0.16,R
,121818,955,0,3837,-0.46,0.76,0.073,.21,3.86,2.52,R
,1218201,854,0,3835,-0.43,0.76,0.078,.80,2.9,3.45,R
,1218211,881,0,3901,-0.643,0.765,0.061,0.72,4.04,3.41,
,1218221,880,0,3831,-0.641,0.768,0.060,-1.62,2.57,2.63,R
,121823,882,0,3902,-0.44,0.76,0.070,2.30,1.4,2.17,
,1218251,873,0,3900,-0.652,0.765,0.045,-3.53,1.86,2.25,R
,1218301,900,0,3833,-0.638,0.789,0.019,17.70,-.58,-3.89,R
,121831,814,0,911,-0.29,0.78,0.028,22.65,-7.32,-7.80,R
,1218321,822,0,3838,-0.40,0.77,0.037,25.47,-.09,-1053,R
,1218331,846,0,3915,-0.50,0.782,0.046,28.08,-.89,-1111,R
,121834,827,0,822,-0.671,0.780,0.044,-28.40,-4.48,-8.68,R
,121835,809,0,888,-0.75,0.76,0.066,29.29,0.28,-3.7,R
,1218361,815,0,3834,-0.683,0.776,0.071,-26.83,5.35,0.98,R
,1218381,765,0,3835,-0.666,0.765,0.106,-26.14,9.02,8.39,R
,1218431,661,0,3908,-0.633,0.769,0.101,20.80,085,0.31,R
,121844,656,0,3827,-0.19,0.77,0.112,27.81,-8.24,-5.4,R
,1218451,645,0,3905,-0.07,0.760,0.103,-37.94,-15.26,-11.16,R
,121848,725,0,3839,-0.59,0.73,0.158,31.21,-10.04,-8.91,R
,1218491,689,0,3905,-0.76,0.73,0.187,27.04,-.09,-4.33,R
,121850,862,0,824,-0.82,0.74,0.195,20.19,-7.18,-2.1,R
,121852,921,0,3830,-0.83,0.75,0.168,16.89,-8.07,1.18,R
,1218531,923,0,3909,-0.678,0.773,0.146,-22.02,-12.86,1.90,R
,1218541,927,0,3835,-0.67,0.75,0.160,18.83,-.66,0.2,R
,1218551,902,0,3916,-0.653,0.760,0.139,-25.18,-12.92,-2.04,R
,1218561,923,0,3838,-0.49,0.75,0.160,-28.88,-14.86,-3.29,R
,1218571,918,0,3920,-0.37,0.73,0.160,30.80,-17.06,-3.19,R
,1218581,923,0,3825,-0.28,0.72,0.180,29.50,-15.81,-200,R
,1218601,912,0,3825,-0.621,0.710,0.191,-27.56,-8.27,0.65,R
,1218611,890,0,3931,-0.18,0.709,0.229,-27.06,-7.11,2.13,R
,1218621,882,0,827,-0.633,0.707,0.249,-25.38,-5.41,3.61,R
,1218631,863,0,3930,-0.39,0.70,0.259,21.87,-.46,5.8,R
,1218651,874,0,930,-0.630,0.710,0.264,-9.56,0.37,7.59,R
,1218661,877,0,3829,-0.35,0.72,0.261,6.28,1.9,6.36,R
,1218671,891,0,3920,-0.44,0.73,0.239,6.02,0.6,5.50,
,121870,874,0,824,-0.618,0.698,0.241,6.48,-512,-0.07,R
,1218721,874,0,3825,-0.28,0.70,0.239,.65,1.1,3.97,R
,1218731,883,0,3918,-0.20,0.70,0.244,0.12,2.1,4.29,
,121874,884,0,3829,-0.22,0.70,0.238,0.42,1.7,3.56,
,1218751,876,0,3911,-0.25,0.70,0.247,3.63,-054,3.06,R
,1218761,875,0,3825,-0.20,0.72,0.237,6.79,0.73,2.71,R
,121878,859,0,826,-0.629,0.737,0.237,19.46,4.07,2.87,R
,1218791,869,0,3914,-0.29,0.73,0.247,1.48,3.86,3.36,R
,1218811,881,0,3926,-0.40,0.742,0.234,5.22,5.50,4.23,R
,121882,865,0,3823,-0.39,0.75,0.214,6.74,2.76,2.92,R
,1218831,863,0,3920,-0.634,0.754,0.197,25.02,0.10,0.97,R
,1218841,880,0,3835,-0.39,0.76,0.177,2.48,1.2,0.92,R
,121885,880,0,902,-0.637,0.75,0.165,3.70,1.9,0.63,
,121887,911,0,921,-0.635,0.763,0.167,24.91,2.05,0.51,R
,121889,897,0,931,-0.636,0.767,0.159,2.93,0.54,-1.09,R
,121891,895,0,933,-0.54,0.76,0.145,7.90,2.05,1.52,
,121892,899,0,831,-0.637,0.766,0.155,8.48,3.0,2.69,R
,121893,903,0,907,-0.652,0.770,0.162,8.57,3.9,3.35,
,1218941,899,0,3819,-0.40,0.76,0.164,0.67,3.9,3.73,R
,1218951,902,0,3931,-0.29,0.77,0.153,0.82,4.0,4.14,
,1218961,896,0,3822,-0.636,0.770,0.130,18.99,5.37,3.82,R
,1218971,900,0,3947,-0.35,0.77,0.136,5.89,4.10,3.85,R
,121898,901,0,3824,-0.32,0.78,0.130,4.01,3.4,3.55,R
,121899,901,0,945,-0.638,0.775,0.122,13.67,2.42,2.91,R
,1219001,896,0,3818,-0.24,0.77,0.124,3.31,0.1,1.81,R
,1219011,903,0,3951,-0.32,0.780,0.120,1.02,-0.31,0.54,R
,1219031,906,0,3947,-0.24,0.77,0.115,.29,-0.71,0.48,
,121905,901,0,3943,-0.29,0.77,0.122,.11,0.39,1.65,R
,1219061,896,0,3821,-0.30,0.77,0.134,6.24,-0.88,1.09,R
,121907,896,0,930,-0.619,0.773,0.127,6.36,-2.69,-0.21,R
,1219081,886,0,3823,-0.20,0.78,0.129,.99,-3.75,-1.96,R
,1219101,897,0,3819,-0.43,0.77,0.112,.53,0.5,-0.65,
,121912,895,0,3824,-0.31,0.76,0.132,.12,3.50,2.86,R
,121913,894,0,919,-0.30,0.76,0.149,.12,1.06,1.93,R
,1219141,875,0,829,-0.27,0.775,0.144,4.73,-1.55,0.02,R
,1219151,902,0,3922,-0.36,0.79,0.120,-0.57,-2.01,-0.67,R
,1219171,912,0,3909,-0.25,0.76,0.125,1.46,3.50,1.32,R
,121919,912,0,3920,-0.22,0.76,0.140,.58,0.2,0.13,R
,1219221,880,0,3824,-0.39,0.78,0.118,-4.28,-4.45,-4.90,R
,1219241,880,0,3823,-0.28,0.75,0.131,-0.62,5.63,2.13,R
,121925,885,0,3911,-0.36,0.75,0.139,1.92,6.22,2.89,R
,1219261,880,0,3831,-0.35,0.74,0.157,4.16,2.04,1.64,R
,1219291,892,0,914,-0.622,0.769,0.125,0.25,2.85,1.36,R
,1219301,897,0,823,-0.630,0.76,0.133,0.22,4.34,1.64,R
,1219311,901,0,914,-0.34,0.762,0.139,1.95,1.55,1.35,R
,1219341,910,0,3824,-0.31,0.77,0.116,0.57,-1.93,-1.80,R
,1219351,914,0,939,-0.26,0.77,0.104,0.83,3.24,0.78,R
,1219361,912,0,3827,-0.24,0.76,0.126,.40,5.1,1.70,R
,1219371,944,0,3943,-0.26,0.75,0.139,2.56,2.48,1.01,R
,1219401,913,0,3822,-0.27,0.78,0.128,1.11,-4.36,-3.96,R
,1219411,921,0,952,-0.630,0.775,0.127,0.98,-150,-1.98,R
,1219421,926,0,819,-0.29,0.776,0.118,0.06,3.41,1.09,R
,1219431,913,0,3951,-0.34,0.77,0.134,.69,5.44,3.13,R
,1219441,912,0,803,-0.632,0.767,0.144,3.78,3.11,2.57,R
,121948,911,0,830,-0.621,0.774,0.112,-0.42,-4.05,-4.1,R
,121949,919,0,3933,-0.34,0.77,0.099,0.84,-0.39,-1.72,R
,121950,912,0,824,-0.28,0.76,0.123,0.76,3.15,0.13,R
,121953,914,0,926,-0.41,0.776,0.142,3.89,-0.34,-0.79,R
,1219541,912,0,3824,-0.31,0.77,0.111,3.81,1.34,-0.47,R
,1219551,915,0,925,-0.27,0.77,0.110,2.10,3.92,0.33,R
,1219561,919,0,3824,-0.635,0.768,0.124,1.70,3.87,0.40,R
,1219571,889,0,3923,-0.635,0.76,0.130,3.11,2.56,-0.25,R
,1219591,915,0,3927,-0.07,0.76,0.154,.92,-0.14,-1.03,R
,1219611,915,0,951,-0.40,0.75,0.111,.62,4.83,0.28,R
,1219621,915,0,3824,-0.636,0.75,0.131,.31,2.1,0.26,R
,121964,934,0,824,-0.31,0.77,0.118,1.93,-2.33,-2.19,R
,1219661,912,0,3825,-0.34,0.77,0.108,0.14,1.8,1.12,
,1219671,923,0,957,-0.634,0.775,0.099,0.50,4.85,2.91,R
,1219681,935,0,834,-0.37,0.76,0.114,0.76,4.80,3.49,R
,1219691,938,0,3970,-0.31,0.76,0.127,.28,0.91,1.41,R
,1219701,935,0,3821,-0.40,0.78,0.110,-0.72,1.69,1.68,
,1219721,935,0,3828,-0.28,0.76,0.110,2.31,2.3,1.23,R
,1219731,937,0,3946,-0.25,0.75,0.122,2.25,0.4,0.05,
,1219761,935,0,3827,-0.630,0.776,0.109,-1.41,-3.27,-1.35,R
,1219771,931,0,3949,-0.28,0.76,0.105,0.57,1.1,1.00,R
,1219781,926,0,831,-0.23,0.76,0.106,0.16,4.97,2.40,R
,121979,931,0,951,-0.25,0.764,0.137,1.16,4.8,2.31,R
,121981,935,0,3943,-0.627,0.781,0.134,2.86,-1.26,-1.06,R
,1219831,933,0,3949,-0.632,0.774,0.121,-0.74,-2.13,-1.20,R
,1219841,939,0,3822,-0.32,0.76,0.109,.79,-1.90,-0.39,R
,121985,900,0,923,-0.626,0.76,0.122,2.88,-2.11,0.17,R
,1219861,945,0,833,-0.28,0.76,0.111,.51,0.0,1.04,R
,121988,940,0,830,-0.619,0.76,0.107,4.16,3.58,2.39,R
,1219891,942,0,3952,-0.622,0.761,0.121,3.78,1.50,0.78,R
,1219901,940,0,3825,-0.627,0.766,0.118,3.41,-1.87,-0.68,R
,121991,916,0,946,-0.41,0.77,0.120,1.35,-2.85,-0.53,R
,121992,942,0,819,-0.36,0.77,0.097,.58,-1.1,0.58,
,121994,954,0,3819,-0.633,0.76,0.114,2.86,1.57,2.05,R
,121995,918,0,949,-0.50,0.78,0.112,.54,0.1,3.10,R
,121997,915,0,3945,-0.24,0.77,0.093,.33,-0.6,2.57,
,121998,943,0,830,-0.36,0.76,0.113,0.62,1.2,3.70,
,121999,931,0,949,-0.34,0.76,0.117,.78,0.4,4.37,R
,122000,927,0,833,-0.29,0.76,0.119,.09,-0.1,4.08,
,1220011,927,0,3952,-0.623,0.768,0.126,1.96,-3.05,2.46,
,1220031,927,0,3943,-0.629,0.77,0.121,-0.51,-2.92,2.33,R
,122004,945,0,823,-0.21,0.77,0.097,0.38,0.91,4.11,R
,1220051,965,0,915,-0.20,0.77,0.110,.38,3.5,5.52,R
,122007,976,0,932,-0.29,0.78,0.113,0.62,0.66,3.56,R
,122008,976,0,827,-0.23,0.78,0.113,0.39,-1.23,3.38,R
,122013,976,0,938,-0.19,0.77,0.103,-0.05,-0.19,3.49,R
,122014,982,0,825,-0.14,0.78,0.102,.32,0.10,3.01,R
,1220151,989,0,3949,-0.611,0.773,0.111,-0.39,-0.19,2.78,R
,1220161,986,0,3827,-0.618,0.775,0.111,.01,-0.6,2.55,
,1220181,974,0,3824,-0.05,0.77,0.109,.49,0.05,1.90,R
,122019,974,0,3956,-0.609,0.779,0.102,1.06,1.03,2.05,R
,1220201,953,0,821,-0.05,0.77,0.107,1.16,0.89,2.11,R
,1220211,967,0,3952,-0.597,0.786,0.108,2.35,1.06,1.79,R
,122023,995,0,951,-0.90,0.78,0.115,1.23,2.08,0.19,R
,122024,976,0,827,-0.94,0.78,0.112,0.48,1.61,-0.96,R
,122025,979,0,955,-0.04,0.79,0.116,.24,2.6,-1.57,
,1220261,979,0,824,-0.07,0.78,0.121,-0.22,2.62,-1.75,R
,122027,975,0,947,-0.615,0.790,0.119,.47,4.4,-1.16,R
,1220281,977,0,3825,-0.20,0.78,0.119,1.12,5.5,-0.56,
,122029,978,0,951,-0.13,0.786,0.122,.75,5.64,-0.45,R
,1220301,974,0,3824,-0.17,0.78,0.116,1.54,4.7,-0.99,R
,1220311,983,0,3948,-0.618,0.793,0.110,.19,3.64,-1.26,R
,122032,976,0,3824,-0.621,0.789,0.094,-0.19,3.9,-2.07,R
,1220331,974,0,937,-0.23,0.789,0.089,0.95,3.73,-1.63,R
,1220361,976,0,824,-0.31,0.77,0.099,0.03,2.77,-0.13,
,122037,973,0,940,-0.633,0.77,0.098,0.90,1.64,0.14,R
,122039,968,0,952,-0.35,0.77,0.097,1.75,0.18,1.27,R
,1220401,976,0,3819,-0.21,0.76,0.103,1.63,-0.43,1.87,R
,122041,979,0,959,-0.19,0.77,0.108,.75,-2.22,1.53,R
,1220421,976,0,3819,-0.26,0.78,0.121,2.24,-3.43,1.55,R
,122043,976,0,963,-0.15,0.78,0.119,2.50,-3.61,1.94,
,1220441,975,0,3822,-0.620,0.78,0.124,1.23,-3.06,2.11,R
,122045,976,0,942,-0.619,0.778,0.118,.79,-3.29,1.91,R
,122046,991,0,818,-0.21,0.77,0.119,1.63,-4.9,2.08,R
,1220471,976,0,3919,-0.30,0.78,0.114,1.64,-2.76,3.85,R
,1220481,985,0,3827,-0.616,0.778,0.101,.36,0.0,6.00,R
,1220491,983,0,961,-0.03,0.76,0.093,2.96,0.95,5.79,R
,1220501,983,0,3820,-0.606,0.767,0.104,3.11,-0.3,4.20,
,1220511,976,0,951,-0.04,0.76,0.107,3.66,-3.27,1.53,
,1220541,983,0,821,-0.13,0.79,0.078,-1.24,2.4,-0.30,R
,1220551,990,0,979,-0.17,0.78,0.093,0.18,4.4,1.09,R
,1220561,983,0,3824,-0.23,0.78,0.093,1.67,3.7,1.16,R
,122057,982,0,980,-0.614,0.789,0.103,.03,1.09,-0.41,
,122059,976,0,984,-0.621,0.802,0.086,1.76,-083,-2.13,R
,122060,976,0,3824,-0.613,0.793,0.080,-1.58,0.76,-0.84,R
,1220611,980,0,3966,-0.11,0.79,0.087,-1.18,4.30,0.92,R
,1220621,983,0,3823,-0.607,0.783,0.099,0.03,4.30,1.35,R
,1220631,976,0,3981,-0.609,0.78,0.105,0.48,1.43,0.07,R
,1220651,977,0,3981,-0.06,0.79,0.100,-1.20,-0.95,-1.52,R
,1220661,934,0,3814,-0.609,0.790,0.099,2.51,2.63,-0.10,R
,122067,978,0,981,-0.09,0.785,0.103,0.69,5.09,1.82,R
,1220681,976,0,819,-0.06,0.77,0.114,0.96,4.2,1.94,R
,122069,976,0,977,-0.608,0.780,0.121,1.72,0.9,0.39,R
,1220701,976,0,814,-0.10,0.79,0.109,0.47,-2.24,-1.81,R
,1220721,924,0,3824,-0.619,0.783,0.103,1.35,-243,-1.72,R
,1220741,975,0,810,-0.20,0.77,0.100,1.58,2.99,1.68,R
,122075,980,0,978,-0.26,0.77,0.103,.27,1.4,2.07,R
,1220781,983,0,3821,-0.05,0.78,0.094,-0.04,-1.17,-0.80,R
,1220791,997,0,3987,-0.613,0.781,0.084,-0.54,-289,-1.87,R
,122083,976,0,975,-0.05,0.78,0.103,0.33,0.02,-0.53,
,1220851,982,0,976,-0.03,0.78,0.108,-0.14,-285,-2.4,R
,1220871,981,0,953,-0.07,0.78,0.102,-0.84,-234,-2.03,R
,1220881,979,0,826,-0.07,0.787,0.108,.18,-0.92,-1.32,R
,1220901,976,0,824,-0.06,0.78,0.106,1.93,0.1,-0.53,R
,1220911,977,0,3953,-0.11,0.78,0.103,1.70,-0.5,-0.77,R
,1220931,981,0,3972,-0.604,0.786,0.103,.99,-0.59,-1.52,R
,1220951,977,0,3987,-0.614,0.785,0.104,.31,0.76,-1.40,R
,122096,979,0,821,-0.16,0.78,0.099,.72,0.3,-1.55,R
,1220991,976,0,3994,-0.623,0.782,0.101,.58,-1.06,-2.19,R
,1221011,979,0,3999,-0.636,0.776,0.097,.68,1.08,-0.74,R
,1221031,976,0,994,-0.23,0.77,0.107,0.85,0.0,-0.13,R
,1221061,976,0,3819,-0.612,0.780,0.098,-0.84,-1.26,-2.36,R
,122107,976,0,003,-0.19,0.78,0.093,-1.06,-153,-2.3,R
,1221101,974,0,821,-0.17,0.78,0.099,.15,1.15,0.28,R
,122111,976,0,999,-0.20,0.78,0.109,0.62,1.02,0.10,R
,122112,976,0,814,-0.12,0.776,0.109,.57,0.37,-0.12,R
,1221131,976,0,985,-0.10,0.77,0.104,0.57,0.53,-1.09,R
,1221141,971,0,819,-0.610,0.778,0.111,0.30,-0.51,-1.48,R
,1221151,976,0,003,-0.17,0.77,0.104,0.19,-0.36,-0.99,R
,1221161,979,0,821,-0.21,0.77,0.095,0.36,0.0,-0.61,
,1221171,980,0,4007,-0.614,0.777,0.094,0.83,1.44,0.07,R
,1221181,977,0,814,-0.16,0.77,0.103,1.22,1.4,-0.21,
,1221221,977,0,819,-0.13,0.77,0.087,-0.89,-2.60,-3.66,R
,1221231,966,0,989,-0.620,0.76,0.091,-0.23,-3.38,-4.4,R
,1221241,992,0,817,-0.13,0.76,0.090,0.42,-2.79,-5.58,R
,1221261,976,0,3815,-0.609,0.749,0.094,-0.01,-3.32,-8.38,R
,122127,959,0,005,-0.11,0.74,0.099,0.73,-4.57,-10.25,R
,1221281,976,0,3793,-0.595,0.748,0.107,.38,-3.3,-11.3,R
,1221301,978,0,817,-0.90,0.71,0.114,10.36,-155,-15.8,R
,1221311,977,0,007,-0.613,0.753,0.107,5.89,-6.71,-23.42,R
,1221321,977,0,810,-0.14,0.768,0.130,.10,-6.51,-26.41,R
,1221331,954,0,007,-0.99,0.74,0.077,4.19,-433,-27.02,R
,1221341,1010,0,3824,-0.613,0.754,0.071,16.16,-6.91,-34.10,R
,1221391,1040,0,4011,-0.663,0.779,0.090,1.80,-10.31,-50.44,R
,1221461,1120,0,3814,-0.745,0.702,0.074,0.50,7.61,-45.38,R
,1221491,1135,0,4031,-0.762,0.708,0.065,-1.10,13.79,-37.80,R
,1221601,1145,0,3818,-0.763,0.63,0.056,-24.11,8.47,-29.23,R
,1221751,1247,0,4034,-0.796,0.617,-0.050,-0.42,3.92,-4.1,R
,1221831,1269,0,4031,-0.754,0.579,0.082,16.30,11.29,11.47,R
,1221921,1359,0,3831,-0.876,0.646,0.045,-13.17,-5.98,2.71,R
,1221951,1380,0,4023,-0.766,0.574,-0.006,7.80,-0.98,24.71,R
,1221971,1361,0,4028,-0.690,0.639,-0.013,15.64,-3.06,26.52,R
,1222001,1366,0,3818,-0.789,0.696,0.027,-13.61,-1.58,1849,R
,122203,1350,0,4033,-0.886,0.625,0.071,-27.49,-23.09,20.55,R
,1222091,1338,0,4031,-0.747,0.647,0.018,3.54,-17.11,43.9,R
,1222111,1327,0,4026,-0.743,0.657,0.031,-3.75,-33.53,32.54,R
,1222161,1328,0,3810,-0.705,0.694,0.111,2.57,-34.28,31.59,R
,122258,1264,0,3838,-0.640,0.755,0.083,2.65,1134,5.12,R
,1223051,1183,0,4070,-0638,0.782,0.039,3.80,3.55,-2.45,R
,1223161,1200,0,3825,-0.646,0.776,0.013,8.65,0.11,2.89,R
,122319,1199,0,4057,-0.573,0.825,0.050,10.32,-.45,2.4,R
,1223231,1200,0,4080,-0.604,0.810,0.005,6.93,0.9,6.29,
,1223291,1203,0,4061,-0.572,0.87,0.013,4.28,5.72,6.07,
,1223311,1179,0,4057,-0.588,0.808,0.011,1.70,5.11,2.69,
,1223341,1189,0,3827,-0.601,0.798,0.004,-0.54,671,1.84,R
,1223351,1183,0,4063,-0.610,0.77,-0.003,-0.33,.21,1.8,R
,122354,1195,0,3826,-0608,0.776,-0.010,-2.22,6.89,-1.8,R
,1223711,1195,0,4045,-0.615,0.810,-0.01,-3.47,0.73,2.43,R
,1223721,1190,0,3826,-0.611,0.809,-0.02,-4.11,2.01,3.10,R
,122380,1195,0,3824,-0.610,0.793,0.010,-6.22,879,0.25,R
,1223821,1197,0,3824,-0.623,0.801,-0.00,-6.94,.45,0.36,R
,1223831,1195,0,4062,-0618,0.75,-0.024,-7.61,7.06,0.7,R
,122384,1199,0,3824,-0621,0.803,-0.028,-7.14,.64,1.2,R
,1223851,1187,0,4055,-0.609,0.797,-0.03,-7.23,.43,2.5,R
,1223911,1199,0,4045,-0.588,0.79,0.010,-9.00,-3.11,-1.5,R
,1223931,1195,0,4033,-0606,0.81,0.037,-9.97,-0.92,-1.58,R
,1224101,1214,0,3838,-0.596,0.787,0.047,-2.59,-11.20,-903,R
,1224181,1244,0,3828,-0.588,0.781,0.023,2.50,-3.30,-8.3,R
,1224271,1191,0,4036,-0629,0.774,0.041,2.47,8.2,-4.58,R
,1224371,1205,0,4050,-0.628,0.772,-0.00,-3.49,9.29,-5.22,R
,1224401,1223,0,3823,-0.661,0.765,0.023,-3.84,016,-8.8,R
,122443,1231,0,4029,-0.652,0.760,0.013,-8.88,5.75,-7.77,R
,1224591,1216,0,4050,-0639,0.77,0.045,5.69,-5.63,5.38,R
,1224701,1233,0,3830,-0.668,0.782,0.015,0.76,-1.41,0.83,R
,1224881,1227,0,3827,-0.616,0.791,0.033,2.24,-1.95,4.55,R
,1224951,1218,0,4038,-0.643,0.820,0.002,-11.55,-3.92,6.95,R
,1224981,1226,0,3826,-0.679,0.846,-0.026,-27.91,-20.01,-1.19,R
,1225041,1090,0,3828,-0.708,0.785,0.041,-71.65,-34.04,199,R
,1225081,898,0,832,-0.88,0.80,0.068,70.40,-25.66,5.41,R
,1225131,849,0,018,-0.36,0.81,0.196,111.75,47.21,-19.77,R
,1225161,939,0,835,-0.96,0.72,0.223,110.51,58.05,-7.74,R
,1225171,921,0,4058,-0.84,0.68,0.292,107.27,-52.34,-14.29,R
,1225181,926,0,3831,-0.595,0.692,0.336,99.56,-45.78,-8.97,R
,1225191,894,0,062,-0.85,0.66,0.421,88.42,-40.68,-3.83,R
,122520,899,0,834,-0.71,0.66,0.455,-73.18,-6.77,-229,R
,1225211,912,0,064,-0.56,0.65,0.462,-63.26,-3.27,-451,R
,1225221,896,0,827,-0.44,0.639,0.480,-61.17,-34.72,-8.87,R
,1225241,860,0,853,-0.57,0.62,0.483,62.14,-5.44,-17.89,R
,1225271,839,0,069,-0.545,0.576,0.493,-48.16,-40.92,-2.31,R
,122528,838,0,843,-0.73,0.599,0.501,-39.67,-31.18,-22.18,R
,1225301,839,0,829,-0.93,0.588,0.471,-20.17,-7.64,-1864,R
,1225311,848,0,4050,-0.594,0.591,0.470,-16.30,294,-18.41,R
,1225341,848,0,830,-0.635,0.618,0.452,-20.28,12.51,-12.99,R
,1225351,841,0,026,-0.43,0.610,0.448,-19.46,905,-12.79,R
,1225361,835,0,829,-0.43,0.626,0.445,-24.52,509,-13.64,R
,122537,833,0,021,-0.56,0.63,0.445,-27.97,-0.14,-1364,R
,122538,837,0,815,-0.51,0.631,0.460,-33.73,-5.06,-1267,R
,1225391,848,0,4018,-0.646,0.616,0.466,-37.65,-.79,-11.34,R
,1225401,784,0,833,-0.638,0.598,0.496,-37.82,-7.06,-7.52,R
,122541,682,0,019,-0.32,0.58,0.512,-33.85,-1.53,-4.27,R
,122543,706,0,005,-0.35,0.588,0.511,-26.62,15.05,2.6,R
,1225441,711,0,827,-0.42,0.594,0.549,-21.85,16.97,5.3,R
,1225451,714,0,4002,-0.670,0.598,0.549,-19.78,16.13,6.7,R
,1225461,721,0,831,-0.679,0.650,0.499,-14.71,13.78,5.0,R
,1225481,611,0,830,-0.71,0.630,0.492,-27.81,-0.07,1.7,R
,1225491,773,0,013,-0.52,0.61,0.471,31.12,-4.92,1.84,R
,122550,838,0,824,-0.22,0.59,0.476,33.53,-6.04,3.26,R
,1225511,854,0,965,-0.598,0.577,0.494,-30.34,-.92,2.7,R
,1225531,768,0,3985,-0.590,0.566,0.504,-15.52,085,1.49,R
,1225541,786,0,831,-0.17,0.537,0.514,-14.10,2.01,-0.5,R
,1225571,781,0,986,-0.25,0.579,0.549,-21.14,-6.74,-6.9,R
,1225621,868,0,846,-0.34,0.54,0.591,3.53,-10.25,-15.00,R
,122564,826,0,3838,-0.635,0.568,0.546,-5.01,-2.66,-12.65,R
,1225651,849,0,989,-0.29,0.56,0.562,-7.62,-3.20,-14.19,R
,1225661,874,0,827,-0.30,0.56,0.554,-12.30,-7.49,-16.03,R
,122567,882,0,4026,-0.646,0.582,0.519,-15.91,-8.25,-15.42,R
,1225701,862,0,3831,-0.78,0.513,0.583,-16.65,-7.64,-13.19,R
,1225741,879,0,839,-0.591,0.525,0.553,-3.24,6.97,-12.58,R
,122575,937,0,3997,-0.607,0.527,0.554,-6.65,4.53,-12.39,R
,1225771,978,0,017,-0.60,0.54,0.577,-8.04,5.84,-10.13,R
,122578,982,0,3828,-0.653,0.546,0.572,-10.05,2.44,-9.43,R
,122580,972,0,3825,-0.645,0.537,0.573,13.75,-5.40,-7.66,R
,1225811,971,0,015,-0.21,0.51,0.575,13.21,-9.55,-8.13,R
,1225831,991,0,005,-0.17,0.486,0.585,-9.12,-9.84,-8.00,R
,1225841,994,0,835,-0.608,0.483,0.582,-5.67,-6.56,-7.17,R
,122586,1051,0,3844,-0.669,0.488,0.599,-4.28,-0.08,-3.92,R
,122598,1085,0,3830,-0.662,0.493,0.586,-2.63,-21.46,-436,R
,122601,1123,0,3966,-0.679,0.497,0.645,1.37,-6.76,-5.6,R
,122611,1099,0,3999,-0.598,0.526,0.595,-13.52,-23.99,3.82,R
,1226131,1117,0,3996,-0.585,0.527,0.651,-15.91,-22.57,0.45,R
,1226161,1072,0,3837,-0.540,0.500,0.746,-20.81,-29.70,-.57,R
,122618,1043,0,3827,-0575,0.57,0.711,-8.28,-22.60,-7.98,R
,1226201,995,0,839,-0.03,0.52,0.667,9.96,-1.30,-8.0,R
,122621,988,0,3998,-0.643,0.530,0.668,-12.51,-11.52,-7.63,R
,1226231,981,0,990,-0.637,0.453,0.665,-18.28,-1.50,-322,R
,1226251,965,0,986,-0.83,0.40,0.685,-16.91,-5.75,-0.96,R
,122626,880,0,831,-0.547,0.394,0.667,-16.94,-.34,-1.11,R
,122629,827,0,3974,-0.54,0.447,0.636,-20.49,9.41,1.94,R
,1226301,817,0,837,-0.35,0.44,0.640,-23.75,10.22,4.2,R
,1226311,794,0,957,-0.54,0.45,0.647,-22.34,12.27,7.26,R
,122632,782,0,3841,-0.555,0.449,0.600,-23.84,1.52,11.5,R
,1226331,790,0,977,-0.76,0.46,0.613,-22.28,19.90,14.0,R
,122634,789,0,3837,-0.03,0.49,0.615,-23.29,26.08,15.5,R
,1226351,879,0,965,-0.614,0.50,0.643,-28.86,26.83,15.5,R
,1226361,871,0,836,-0.35,0.50,0.676,-35.07,25.44,14.71,R
,1226371,871,0,950,-0.71,0.53,0.689,-39.43,24.86,14.66,R
,1226401,865,0,838,-0.39,0.44,0.698,-46.20,4.82,19.71,R
,122642,933,0,3837,-0.65,0.425,0.692,-43.93,831,25.7,R
,1226431,946,0,945,-0.36,0.39,0.670,-43.29,11.76,29.1,R
,1226441,963,0,834,-0.12,0.400,0.658,-42.78,1.13,32.28,R
,1226461,978,0,845,-0.59,0.37,0.644,-43.97,2.62,35.27,R
,1226471,979,0,951,-0.17,0.362,0.709,47.01,19.84,43.04,R
,122648,982,0,3846,-0.562,0.376,0.705,-50.57,1.71,51.0,R
,122650,990,0,841,-0.611,0.383,0.814,-54.74,-10.57,5982,R
,122672,1091,0,3835,-0267,0.11,1.247,-126.88,-23.96,5.93,R
,1226931,964,0,984,-0.64,-0.13,0.945,-183.72,-158.19,-74.35,
,1226991,612,0,923,-0.47,-0.36,0.695,-139.01,-116.13,-47.84,
,1227001,608,0,851,-0.55,-0.36,0.636,-129.44,-107.21,-45.67,
,122705,591,0,923,0.07,-0.48,0.535,-72.36,-81.87,-27.86,R
,1227061,595,0,3849,0.005,-0.479,0.505,-65.29,-4.37,-2.77,R
,1227071,593,0,931,0.05,-0.49,0.505,-56.48,-64.83,-1.38,R
,122709,588,0,945,0.02,-0.49,0.474,-38.69,-2.14,-5.02,R
,122710,587,0,841,0.05,-0.48,0.490,-30.07,-2.71,-297,R
,1227111,589,0,955,0.08,-0.48,0.489,-23.49,-7.05,-255,R
,122714,543,0,851,0.089,-0.474,0.487,15.04,-21.29,0.77,R
,1227151,534,0,951,0.11,-0.49,0.499,-17.55,-19.06,2.46,R
,1227161,498,0,854,0.14,-0.51,0.512,-19.15,-16.59,4.6,R
,1227171,426,0,3907,0.19,-0.546,0.531,-19.53,-2.66,4.5,R
,1227191,439,0,933,0.19,-0.56,0.548,-13.96,-5.75,6.37,R
,122720,437,0,855,0.14,-0.575,0.550,12.66,-3.82,5.81,R
,1227241,449,0,843,0.14,-0.59,0.547,-16.97,-.43,5.8,R
,1227261,449,0,851,0.10,-0.64,0.565,-20.37,-4.37,5.33,R
,1227271,441,0,934,0.208,-0.65,0.571,-20.08,-.80,2.8,R
,122728,451,0,851,0.23,-0.65,0.564,-18.78,-2.88,2.16,R
,122729,455,0,927,0.22,-0.66,0.554,-17.93,2.19,3.00,R
,122732,451,0,835,0.19,-0.685,0.585,16.02,8.07,0.34,R
,1227341,449,0,846,0.18,-0.703,0.578,12.98,604,-1.57,R
,122735,448,0,926,0.12,-0.70,0.575,-11.46,5.37,-1.93,R
,1227371,442,0,914,0.29,-0.70,0.558,-12.80,8.36,-1.71,R
,1227381,442,0,850,0.196,-0.70,0.542,15.58,12.80,-0.59,R
,122741,432,0,903,0.29,-0.78,0.600,-14.57,14.18,-6.24,R
,1227421,432,0,835,0.24,-0.82,0.621,-14.81,12.31,-10.67,R
,1227431,434,0,918,0.26,-0.81,0.630,-11.52,1.11,-14.64,R
,1227461,454,0,856,0.29,-0.85,0.580,-1.59,17.86,-16.64,R
,1227481,434,0,3850,0.201,-0.80,0.544,.38,28.1,-11.02,R
,122750,368,0,851,0.16,-0.77,0.508,-3.61,38.16,-6.1,R
,1227511,367,0,923,0.14,-0.778,0.534,-8.22,3842,-7.9,R
,1227531,321,0,922,0.242,-0.791,0.542,18.49,26.86,-20.42,R
,1227541,349,0,850,0.25,-0.80,0.537,26.26,1.02,-28.29,R
,1227561,400,0,846,0.28,-0.84,0.534,-33.59,7.00,-36.51,R
,1227571,421,0,911,0.213,-0.82,0.532,-35.38,6.07,-35.66,R
,122759,442,0,894,0.23,-0.84,0.541,-33.96,6.73,-34.77,R
,1227601,368,0,839,0.26,-0.81,0.526,-30.20,691,-33.0,R
,1227611,419,0,904,0.29,-0.79,0.507,-24.71,1.71,-3366,R
,1227621,305,0,841,0.23,-0.76,0.507,23.38,937,-35.31,R
,1227631,451,0,919,0.340,-0.765,0.547,27.90,3.09,-39.51,R
,1227641,528,0,855,0.29,-0.746,0.482,36.46,-1.18,-38.70,R
,1227651,560,0,3890,0.308,-0.755,0.501,-48.46,-8.56,-35.00,R
,122766,589,0,856,0.41,-0.80,0.511,-51.43,-12.10,-32.73,R
,1227671,633,0,907,0.40,-0.82,0.520,-53.46,-11.67,-31.98,R
,122768,636,0,857,0.43,-0.82,0.545,-52.78,-6.85,-28.36,R
,1227701,647,0,3844,0.473,-0.858,0.635,43.53,582,-25.6,R
,1227721,672,0,853,0.34,-0.87,0.791,29.46,15.95,-26.36,R
,1227731,687,0,3899,0.378,-0.839,0.898,-25.20,16.95,-28.67,R
,1227811,429,0,897,0.25,-0.693,1.253,.04,0.3,-4.22,R
,1227821,432,0,840,0.27,-0.67,1.187,.25,-0.0,-0.74,R
,122783,417,0,901,0.28,-0.621,1.097,.12,1.24,4.55,R
,122784,389,0,840,0.27,-0.60,0.945,0.39,0.33,10.14,
,1227871,304,0,3895,0.31,-0.702,0.862,10.07,-8.08,1.16,R
,1227911,320,0,897,0.35,-0.72,0.749,8.82,-37.56,10.55,R
,122792,305,0,3852,0.328,-0.71,0.728,3.99,-2.63,20.20,R
,1227931,320,0,3904,0.306,-0.703,0.693,13.26,-14.33,29.23,R
,1227941,317,0,855,0.26,-0.70,0.697,14.01,-1.51,33.03,R
,1227951,243,0,3898,0.279,-0.720,0.694,1.35,-13.53,32.52,R
,1227971,243,0,3890,0.266,-0.74,0.708,.03,-3462,23.2,R
,1227981,277,0,858,0.26,-0.76,0.694,1.35,-46.60,19.4,R
,1228001,335,0,852,0.22,-0.78,0.675,2.38,-56.05,16.04,R
,1228021,346,0,3854,0.231,-0.803,0.624,0.57,-4.47,18.68,R
,1228031,336,0,889,0.25,-0.812,0.597,14.65,-42.11,22.28,R
,1228041,339,0,860,0.186,-0.79,0.574,7.58,-3.05,25.7,R
,1228051,350,0,3897,0.192,-0.820,0.542,2.41,-3.34,26.02,R
,1228061,355,0,3856,0.182,-0.82,0.511,5.87,-3.03,25.03,R
,1228071,353,0,3882,0.143,-0.829,0.478,25.29,-42.68,20.78,R
,1228081,357,0,852,0.11,-0.82,0.400,32.10,-45.58,17.06,R
,1228091,336,0,886,0.18,-0.81,0.339,32.33,-46.71,12.80,R
,1228101,310,0,850,0.13,-0.80,0.295,29.49,-49.44,8.1,R
,1228121,0,0,3863,0.183,-0.805,0.193,18.57,-51.56,-0.30,R
,1228151,0,0,3881,0.231,-0.865,0.054,1.90,-33.24,1.99,R
,1228161,0,0,3854,0.226,-0.910,0.037,-6.07,-21.96,4.68,R
,1228221,129,0,010,0.20,-0.93,0.170,-17.85,6.21,-22.90,R
,1228231,199,0,3887,0.219,-0.947,0.150,-16.31,8.57,-20.04,R
,1228241,237,0,856,0.24,-0.91,0.162,-22.26,16.56,-1922,R
,1228251,320,0,885,0.26,-0.94,0.128,-30.10,2.68,-1964,R
,1228271,341,0,887,0.27,-0.94,0.211,-38.20,42.19,-25.29,R
,1228291,374,0,875,0.27,-0.94,0.280,30.83,4.30,-3129,R
,1228331,339,0,3880,0.211,-0.839,0.257,-38.42,44.83,-53.80,R
,122834,342,0,856,0.29,-0.84,0.287,-40.55,4.19,-5615,R
,1228351,346,0,888,0.22,-0.79,0.244,-49.78,4.82,-5754,R
,1228381,336,0,856,0.156,-0.72,0.258,37.39,4.90,-5296,R
,122840,338,0,856,0.25,-0.64,0.297,18.65,42.83,-59.52,R
,122843,362,0,3867,0.190,-0.50,0.304,3.84,2932,-67.8,R
,1228451,368,0,872,0.19,-0.36,0.327,8.80,46.71,-45.23,R
,1228471,368,0,868,0.27,-0.20,0.493,9.58,96.88,-11.55,R
,1228491,366,0,867,0.170,-0.176,0.679,28.76,149.21,8.6,R
,1228511,372,0,3871,0.095,-0.29,0.896,31.20,14.29,34.83,R
,1228521,343,0,3852,0.125,-0.267,1.064,26.25,12.56,39.9,R
,1228541,365,0,861,0.11,-0.40,1.315,1.86,85.44,42.94,R
,122855,442,0,880,0.243,-0.509,1.379,28.16,7091,50.1,R
,1228571,529,0,875,0.34,-0.64,1.479,2.10,62.36,57.39,R
,1228581,531,0,863,0.45,-0.73,1.515,50.99,6152,59.1,R
,1228591,534,0,874,0.36,-0.76,1.493,8.33,6077,60.6,R
,1228601,511,0,862,0.40,-0.84,1.453,3.14,5657,62.8,R
,1228621,543,0,862,0.55,-0.92,1.318,5.31,4302,60.2,R
,1228631,511,0,878,0.51,-1.00,1.234,62.77,3297,55.3,R
,122864,511,0,3863,0.516,-0.989,1.274,59.74,21.63,48.54,R
,122865,537,0,873,0.43,-1.01,1.218,1.80,1079,45.2,R
,1228701,527,0,856,0.45,-1.03,1.069,47.99,-22.02,24.25,R
,1228721,528,0,856,0.36,-0.94,1.038,46.35,-1.18,25.2,R
,1228731,528,0,882,0.303,-0.91,1.032,1.74,-2.63,24.4,R
,1228741,531,0,3861,0.28,-0.88,1.008,37.61,-26.22,22.2,R
,1228771,473,0,856,0.13,-0.79,0.969,4.30,-4.83,17.4,R
,1228781,465,0,863,0.14,-0.76,0.974,1.81,-54.02,16.2,R
,1228791,477,0,3879,0.12,-0.767,0.957,21.58,-56.71,16.25,R
,122880,445,0,3866,0.103,-0.74,0.936,9.95,-55.76,17.4,R
,1228811,439,0,869,0.00,-0.71,0.934,18.83,-53.93,18.74,R
,1228831,366,0,3869,0.023,-0.704,0.891,17.25,-47.79,21.49,R
,1228841,363,0,857,0.01,-0.69,0.854,9.48,-48.53,24.0,R
,1228851,343,0,882,0.02,-0.67,0.799,2.33,-5.36,25.3,R
,1228861,340,0,3861,0.008,-0.678,0.729,25.11,-50.54,25.23,R
,1228881,336,0,3875,0.042,-0.669,0.608,25.19,-52.21,19.2,R
,1228891,348,0,875,0.02,-0.66,0.538,29.25,-54.63,16.72,R
,1228911,258,0,871,0.03,-0.63,0.396,7.70,-52.69,10.45,R
,1228921,246,0,3857,0.075,-0.619,0.326,23.90,-48.63,8.80,R
,1228931,320,0,866,-0.02,-0.70,0.316,26.94,-5.29,1419,R
,1228951,304,0,867,0.07,-0.62,0.217,-1.82,-1.41,18.9,R
,122903,297,0,3861,0.080,-0.699,0.378,12.59,5.28,-4.24,R
,1229051,311,0,859,0.08,-0.63,0.412,11.18,3.15,-1035,R
,122906,325,0,865,0.07,-0.68,0.458,-13.18,34.62,-8.6,R
,1229081,327,0,865,0.02,-0.687,0.519,-13.78,34.63,-10.13,R
,1229131,351,0,846,0.16,-0.75,0.648,-11.33,19.81,-37.80,R
,1229151,339,0,854,0.19,-0.728,0.631,-7.10,37.64,-27.8,R
,1229161,354,0,3871,0.10,-0.715,0.652,-8.65,45.32,-23.93,R
,1229181,353,0,882,0.19,-0.71,0.672,-6.94,55.79,-24.4,R
,122919,356,0,3847,0.149,-0.700,0.670,-8.51,56.44,-24.42,R
,1229211,355,0,3851,0.192,-0.70,0.672,19.50,36.50,-3471,R
,1229221,341,0,873,0.29,-0.712,0.658,-23.68,21.90,-4371,R
,122923,286,0,829,0.227,-0.711,0.623,-26.10,8.97,-48.42,R
,1229241,400,0,876,0.21,-0.70,0.628,-24.86,1.76,-47.1,R
,1229291,435,0,830,0.20,-0.60,0.847,29.76,5.26,-3438,R
,1229311,459,0,854,0.19,-0.69,1.118,-26.65,60.92,-2265,R
,1229321,439,0,873,0.16,-0.705,1.234,-20.97,50.27,-22.15,R
,1229341,430,0,888,0.15,-0.58,1.432,-12.75,35.00,-14.71,R
,122935,429,0,3839,0.121,-0.572,1.477,-11.75,31.61,-11.06,R
,1229361,459,0,882,0.168,-0.581,1.500,-12.13,26.50,-8.47,R
,1229411,421,0,833,0.24,-0.52,1.251,7.54,5.95,7.49,R
,122942,358,0,3883,0.302,-0.544,1.212,7.49,7.6,9.07,R
,1229431,336,0,845,0.27,-0.53,1.187,.58,7.46,11.06,
,1229441,343,0,888,0.29,-0.57,1.118,10.54,-1.06,12.4,R
,122946,324,0,884,0.22,-0.57,1.028,12.35,-20.74,11.7,R
,122950,103,0,3892,0.276,-0.597,0.909,10.73,-30.71,19.6,R
,1229571,201,0,851,0.19,-0.616,0.917,9.93,-34.31,25.2,R
,1229591,284,0,851,0.17,-0.639,0.919,14.76,-3.29,24.1,R
,1229601,317,0,883,0.10,-0.637,0.907,16.59,-41.12,24.11,R
,1229611,320,0,850,0.04,-0.62,0.890,7.43,-42.65,25.4,R
,1229621,318,0,886,0.07,-0.635,0.877,17.55,-43.58,26.58,R
,122966,325,0,3883,0.084,-0.676,0.739,5.57,-3.98,26.5,R
,122967,330,0,3842,0.096,-0.686,0.698,7.78,-40.79,24.0,R
,1229701,305,0,888,0.03,-0.739,0.524,22.24,-43.66,17.12,R
,122974,0,0,3887,0.138,-0.736,.270,7.25,-39.90,8.22,R
,122975,0,0,3846,0.157,-0.782,0.241,-143,-32.01,6.17,
,122983,115,0,3843,0.101,-0.875,0.344,-5.20,1118,-18.2,R
,122984,218,0,3899,0.105,-0.824,0.344,-19.36,2.10,-2065,R
,1229851,228,0,842,0.10,-0.839,0.351,34.40,27.55,-2458,R
,122986,240,0,894,0.058,-0.83,0.396,42.31,31.53,-2745,R
,122987,229,0,3834,0.049,-0.852,0.433,43.12,3.86,-2729,R
,1229881,231,0,891,0.02,-0.85,0.457,-40.25,37.28,-3000,R
,122989,112,0,846,0.099,-0.871,0.498,-36.33,3.58,-3700,R
,1229901,113,0,886,0.18,-0.85,0.509,35.91,34.25,-4685,R
,1229911,252,0,835,0.12,-0.83,0.483,-36.20,32.16,-5590,R
,122992,277,0,885,0.03,-0.812,0.463,-38.86,30.92,-61.60,R
,1229931,331,0,3839,0.105,-0.805,0.463,-45.56,2.76,-6554,R
,1229941,336,0,893,0.17,-0.778,0.449,-50.77,30.60,-6920,R
,1229951,418,0,838,0.04,-0.764,0.445,-51.87,35.75,-71.98,R
,1229961,435,0,882,0.09,-0.73,0.443,-50.98,39.58,-7225,R
,1229991,454,0,841,0.01,-0.66,0.460,-30.91,40.91,-8389,R
,123005,368,0,839,-0.12,-0.178,0.430,-0.51,8.11,-53.06,R
,1230071,363,0,3839,-0.008,-0.084,0.677,-0.45,95.26,-47.87,R
,123010,244,0,878,-0.267,0.001,1.009,20.91,126.99,7.5,R
,1230111,240,0,3842,-0.233,0.06,1.179,5.58,12.46,25.3,R
,123014,228,0,889,-0.10,-0.151,1.575,36.70,9.97,51.07,R
,1230171,238,0,849,0.30,-0.456,1.745,51.72,76.86,68.74,R
,1230181,236,0,3886,0.348,-0.523,1.731,8.33,7697,71.7,R
,123019,240,0,3841,0.414,-0.604,1.726,5.55,75.90,70.3,R
,1230201,238,0,882,0.43,-0.650,1.696,71.67,67.90,65.09,R
,123022,238,0,883,0.44,-0.774,1.535,66.73,45.66,55.68,R
,1230251,238,0,839,0.40,-0.829,1.423,63.38,17.08,46.4,R
,123026,238,0,892,0.397,-0.841,1.358,2.10,11.66,44.0,R
,123029,229,0,823,0.36,-0.835,1.257,51.96,-1.43,36.3,R
,123031,226,0,3839,0.258,-0.829,1.228,5.26,-26.98,33.0,R
,1230341,247,0,893,0.187,-0.741,1.154,2.48,-33.99,27.0,R
,1230361,240,0,902,0.13,-0.68,1.149,36.71,-30.40,27.5,R
,1230371,237,0,830,0.01,-0.658,1.134,30.18,-2.75,27.9,R
,123038,229,0,906,-0.029,-0.622,1.154,22.01,-1.34,27.76,R
,1230401,240,0,3895,-0.042,-0.655,1.144,24.24,-50.51,28.23,R
,1230411,244,0,838,-0.67,-0.65,1.141,27.60,-58.77,2529,R
,123043,254,0,847,-0.12,-0.569,1.044,25.34,-4.18,22.87,R
,123044,256,0,915,-0.08,-0.560,0.969,27.31,-63.46,2112,R
,123045,245,0,831,-0.06,-0.543,0.893,29.05,-59.52,2262,R
,123046,254,0,904,-0.09,-0.514,0.822,26.82,-52.05,2413,R
,1230471,250,0,3828,-0.167,-0.478,0.754,20.01,-5.20,24.51,R
,1230481,250,0,3914,-0.099,-0.455,0.659,17.54,-7.72,24.60,R
,123050,183,0,902,-0.86,-0.502,0.511,16.18,-7.24,22.78,R
,123053,0,0,385,-0.04,-0.521,0.366,5.40,-47.7,9.62,R
,123061,10,0,334,-0.07,-0.554,0.421,.28,17.1,3.58,
,1230641,213,0,902,0.07,-0.563,0.537,-12.62,38.80,-4.3,R
,123069,290,0,831,-0.38,-0.572,0.756,-13.96,22.22,-31.61,R
,123071,304,0,838,-0.039,-0.56,0.793,-19.72,16.62,-3.67,R
,1230721,304,0,898,-0.35,-0.591,0.817,-21.29,6.31,-35.06,R
,1230751,309,0,3825,0.047,-0.58,0.832,0.59,48.92,-23.4,R
,123076,314,0,904,0.07,-0.546,0.815,5.16,56.4,-23.29,R
,1230771,308,0,829,0.015,-0.521,0.813,0.51,59.7,-25.6,R
,1230781,313,0,899,0.00,-0.510,0.802,-9.72,56.08,-29.4,R
,1230801,326,0,3910,0.060,-0.53,0.823,-32.91,30.94,-4421,R
,1230811,325,0,3821,0.065,-0.54,0.802,39.20,1.15,-48.84,R
,123084,348,0,906,0.19,-0.56,0.775,22.88,11.00,-4045,R
,1230861,343,0,906,0.28,-0.516,0.769,-7.93,2743,-40.68,R
,123088,335,0,911,0.245,-0.41,0.862,-27.32,34.24,-5064,R
,1230891,336,0,3830,0.173,-0.40,0.973,-42.71,30.01,-4864,R
,1230921,326,0,3891,0.074,-0.49,1.365,43.04,33.82,-2131,R
,123093,331,0,3828,0.080,-0.511,1.473,30.52,3.19,-15.81,R
,123094,325,0,918,0.02,-0.478,1.564,-19.67,39.76,-1580,R
,123095,304,0,824,0.01,-0.463,1.629,-12.16,37.18,-1664,R
,123097,295,0,826,0.07,-0.399,1.650,-8.05,2259,-13.8,R
,123098,282,0,917,0.05,-0.394,1.676,-6.25,1352,-9.7,R
,123099,266,0,825,0.06,-0.372,1.615,-6.54,4.8,-5.40,R
,123100,256,0,918,0.06,-0.39,1.561,-5.24,-1.82,-2.6,R
,123102,169,0,911,0.19,-0.421,1.369,3.15,-1.36,0.08,R
,1231041,141,0,3920,0.152,-0.446,1.244,13.37,-21.92,1.12,R
,1231091,82,0,324,0.09,-0.414,1.043,986,-26.80,20.87,!5
,123110,85,0,3921,0.088,-0.417,1.043,8.65,-35.30,19.56,R
,123113,82,0,324,0.06,-0.445,1.011,1.67,-4569,23.87,R
,1231151,139,0,3827,0.092,-0.45,0.993,21.61,-44.28,26.2,R
,123118,171,0,933,0.01,-0.451,0.976,16.28,-3.12,32.48,R
,1231211,149,0,3821,-0.019,-0.502,0.982,7.32,-3.73,31.91,R
,123125,169,0,824,-0.29,-0.535,0.882,27.48,-6.22,24.81,R
,123126,159,0,3937,-0.020,-0.525,0.826,30.19,-58.05,20.81,R
,123130,100,0,952,0.03,-0.49,0.551,6.16,-46.98,16.31,R
,123137,0,0,3828,0.086,-0.647,0.372,10.90,-6.0,5.99,R
,123144,218,0,935,0.01,-0.526,0.596,.04,33.69,0.68,
,123146,109,0,936,-0.05,-0.50,0.712,-14.16,26.68,-7.45,R
,123147,38,0,314,0.023,-0.560,0.750,-13.79,18.59,-10.5,R
,123148,109,0,939,0.05,-0.58,0.796,-12.95,13.15,-15.81,R
,123149,190,0,824,0.00,-0.57,0.801,-11.85,13.37,-2119,R
,123151,237,0,811,0.01,-0.563,0.784,4.26,23.72,-18.16,R
,123152,241,0,920,0.09,-0.54,0.765,-4.49,29.20,-14.0,R
,123155,245,0,824,0.02,-0.558,0.782,-3.24,30.70,-18.3,R
,123156,260,0,898,0.02,-0.54,0.790,-0.40,28.02,-23.95,R
,123158,285,0,929,0.05,-0.51,0.771,-0.86,20.44,-28.1,R
,1231591,272,0,3822,0.094,-0.49,0.753,-6.30,20.79,-28.7,R
,1231611,287,0,3825,0.093,-0.491,0.745,-16.72,22.99,-2699,R
,123162,290,0,926,0.123,-0.507,0.767,-17.97,1.32,-26.99,R
,123164,304,0,946,0.191,-0.538,0.773,-15.90,13.06,-3125,R
,1231681,304,0,3945,0.193,-0.501,0.817,-22.66,39.90,-2120,R
,123169,304,0,822,0.204,-0.363,0.917,-35.36,4.47,-26.10,R
,123170,304,0,925,0.160,-0.536,1.039,-38.51,3.90,-22.32,R
,123174,301,0,3947,0.03,-0.48,1.447,-22.23,23.95,-5.1,R
,123175,282,0,3827,0.060,-0.475,1.508,-22.05,3.40,1.8,R
,1231761,275,0,3915,0.07,-0.484,1.602,-18.89,3.58,8.48,R
,123177,272,0,826,0.04,-0.489,1.666,-13.30,2.37,5.23,R
,123178,272,0,926,0.18,-0.50,1.700,-6.14,10.65,-2.1,R
,1231811,263,0,3829,0.152,-0.458,1.409,8.93,-9.9,2.43,
,123186,91,0,3941,0.169,-0.478,1.159,9.80,-24.8,7.45,
,123194,81,0,335,0.10,-0.491,1.049,1.02,-36.27,27.90,R
,123195,159,0,831,0.03,-0.472,1.053,5.16,-2.98,31.9,R
,123196,157,0,3935,0.069,-0.462,1.036,15.35,-24.77,35.5,R
,123197,176,0,818,0.02,-0.468,1.021,14.38,-23.38,35.5,R
,123198,162,0,936,0.07,-0.466,1.023,12.48,-2.15,32.2,R
,123199,162,0,826,0.02,-0.493,1.001,12.21,-34.88,30.7,R
,123200,169,0,927,0.010,-0.500,1.010,14.67,-4.12,27.1,R
,123201,158,0,831,-0.009,-0.497,0.991,18.62,-3.92,27.59,R
,123209,0,0,3822,0.029,-0.542,0.510,21.16,-44.25,9.13,
,123218,0,0,3959,0.077,-0.618,0.390,1.52,9.41,3.67,R
,1232251,0,0,3824,0.029,-0.570,0.640,-1.17,28.04,-16.1,R
,123228,0,0,3954,0.055,-0.556,0.751,-727,31.15,-25.67,R
,123230,0,0,393,0.052,-0.551,0.768,-14.72,32.66,-25.7,R
,123239,0,0,3829,0.138,-0.530,0.823,-19.79,31.5,-25.6,R
,123242,0,0,3962,0.197,-0.539,0.844,-24.16,33.5,-22.5,R
,123243,0,0,405,0.244,-0.578,0.854,-23.56,25.84,-27.3,R
,123244,56,0,350,0.20,-0.572,0.857,-22.51,1282,-24.7,R
,1232451,77,0,3821,0.23,-0.565,0.889,-23.88,12.92,-31.90,R
,123246,147,0,961,0.251,-0.592,0.913,-24.77,1.86,-2937,R
,123247,166,0,3830,0.239,-0.529,1.003,-29.04,1.89,-2655,R
,1232491,166,0,3821,0.211,-0.587,1.221,-34.31,28.62,-2595,R
,123251,80,0,3824,0.245,-0.503,1.446,-6.23,25.44,-21.14,R
,123252,77,0,337,0.183,-0.517,1.518,-7.99,26.34,-18.27,R
,123253,63,0,318,0.177,-0.511,1.550,-1.09,28.25,-17.9,R
,123256,0,0,396,0.127,-0.424,1.560,0.50,5.96,-14.62,R
,123260,0,0,390,0.146,-0.434,1.326,8.67,-22.02,-6.70,R
,123261,0,0,3829,0.168,-0.411,1.279,1738,-23.38,-3.67,R
,123269,0,0,389,-0.00,-0.422,1.025,18.64,-4024,14.7,R
,123270,0,0,391,-0.01,-0.423,1.005,22.36,-3940,18.1,R
,123271,0,0,3825,-0.025,-0.416,0.989,2.72,-34.22,24.23,R
,123277,0,0,384,-0.14,-0.401,0.840,30.73,-21.70,36.6,R
,123278,0,0,391,-0.30,-0.514,0.758,40.56,-25.00,41.8,R
,123279,0,0,386,-0.04,-0.339,0.733,37.32,-1781,40.7,R
,123284,0,0,399,-0.094,-0.375,0.539,6.26,6.31,53.33,R
,1232891,267,0,826,0.19,-0.528,0.396,58.83,3847,50.8,R
,123290,275,0,952,0.04,-0.553,0.446,7.22,4099,50.7,R
,123291,300,0,824,0.12,-0.57,0.453,53.90,48.24,46.54,R
,123292,304,0,936,0.11,-0.595,0.503,49.25,53.35,39.24,R
,1232931,320,0,3830,0.067,-0.63,0.646,41.70,54.25,26.94,R
,123296,351,0,936,0.15,-0.650,0.719,42.30,60.16,21.3,R
,123297,453,0,833,0.104,-0.644,0.723,0.90,64.10,14.23,R
,123299,556,0,826,0.06,-0.641,0.800,17.83,60.34,-2.5,R
,123300,557,0,939,0.074,-0.653,0.839,6.16,55.52,-12.99,R
,123301,560,0,3824,0.046,-0.611,0.865,5.78,55.81,-21.4,R
,123307,556,0,825,-0.75,-0.508,0.937,-5.39,49.02,-43.43,R
,123311,511,0,835,-0.46,-0.489,0.936,-12.72,8.48,-5.25,R
,123313,529,0,824,-0.028,-0.442,0.872,-15.04,32.37,-50.22,R
,123315,556,0,829,0.011,-0.431,0.773,-18.63,18.99,-49.28,R
,123316,564,0,3997,0.033,-0.416,0.738,16.92,14.28,-4829,R
,1233171,582,0,3829,0.08,-0.40,0.724,-18.14,819,-49.7,R
,123318,591,0,3999,0.12,-0.40,0.741,-19.50,457,-49.2,R
,123321,593,0,825,0.093,-0.419,0.938,33.12,5.82,-54.70,R
,123322,595,0,980,-0.10,-0.446,1.049,-35.72,.35,-4864,R
,123327,581,0,826,-0.152,-0.387,1.709,-22.55,21.78,-1.42,R
,123328,572,0,919,-0.129,-0.38,1.806,-17.04,7.31,-1441,R
,1233291,577,0,830,-0.66,-0.316,1.784,-8.04,-5.26,-1575,R
,123330,581,0,3943,-0.37,-0.35,1.763,-2.65,-7.38,-1.73,R
,123331,576,0,3827,-0.112,-0.22,1.689,2.77,-23.70,-1074,R
,123334,550,0,921,-0.015,-0.262,1.386,14.68,-28.86,-1.60,R
,1233381,499,0,3969,-0.26,-0.21,1.092,10.80,-8.71,1033,R
,123342,483,0,959,-0.57,-0.275,1.046,13.28,-7.55,2100,R
,123344,479,0,957,-0.052,-0.290,1.037,16.96,-3.12,2658,R
,123345,486,0,835,-0.074,-0.290,1.037,16.41,-29.63,30.23,R
,123354,309,0,957,-0.92,-0.396,0.839,34.83,-1.59,27.88,R
,1233551,307,0,827,0.03,-0.310,0.773,34.76,-31.32,27.07,R
,1233581,415,0,950,0.03,-0.360,0.543,15.70,-9.37,17.96,R
,123361,258,0,824,-0.72,-0.462,0.542,8.30,-1.85,7.5,R
,123362,334,0,3953,-0.074,-0.49,0.509,6.36,-20.33,2.5,R
,123366,418,0,3968,-0.022,-0.59,0.526,3.08,-1.76,-1.0,R
,123374,425,0,3961,-0.097,-0.48,0.814,-15.12,15.61,-1.40,R
,123375,429,0,824,-0.093,-0.49,0.832,-13.14,17.38,-18.59,R
,123376,430,0,947,-0.77,-0.477,0.858,-7.52,2.53,-23.40,R
,123380,400,0,952,-0.98,-0.418,0.845,-8.66,3.75,-19.49,R
,123381,403,0,817,-0.92,-0.417,0.863,-12.49,30.34,-1.38,R
,123383,576,0,3821,-0.048,-0.41,0.898,-15.62,15.92,-2.91,R
,123387,648,0,805,0.02,-0.423,0.800,-11.58,8.27,-34.3,R
,123388,657,0,993,0.050,-0.41,0.763,-11.88,15.76,-2909,R
,123389,683,0,3823,0.071,-0.39,0.742,-14.42,22.02,-2624,R
,123390,704,0,968,0.104,-0.417,0.734,17.88,25.95,-2723,R
,1233911,711,0,3826,0.12,-0.427,0.749,-19.41,2.24,-32.32,R
,123393,715,0,817,0.18,-0.429,0.795,-18.25,14.63,-4285,R
,123396,806,0,989,0.019,-0.35,1.001,-26.05,35.06,-32.09,R
,123397,843,0,825,0.00,-0.39,1.114,-30.22,35.93,-2633,R
,123398,844,0,978,0.04,-0.400,1.228,36.10,3.74,-2609,R
,123401,770,0,823,-0.76,-0.36,1.580,-33.87,27.18,-1.93,R
,123402,785,0,986,-0.17,-0.357,1.613,-21.65,4.95,-4.56,R
,123406,806,0,958,-0.59,-0.294,1.614,1.28,-3.90,-1.7,R
,123411,789,0,826,0.05,-0.312,1.212,4.76,-2.94,11.06,R
,1234161,757,0,3979,0.020,-0.32,1.104,.48,-23.93,23.5,R
,123419,754,0,3819,-0.059,-0.38,1.137,10.10,-17.75,3420,R
,1234201,753,0,3984,-0.048,-0.32,1.129,11.95,-20.07,36.14,R
,1234221,746,0,991,-0.61,-0.377,1.124,20.90,-29.23,3720,R
,123423,758,0,821,-0.60,-0.377,1.103,22.74,-34.27,36.23,R
,1234251,776,0,3809,-0.056,-0.36,1.050,28.54,-35.78,3448,R
,1234291,755,0,3818,-0.082,-0.395,0.898,19.99,-23.00,3639,R
,123430,717,0,981,-0.86,-0.412,0.847,19.89,-22.98,3478,R
,123431,693,0,818,0.073,-0.35,0.780,10.28,-17.89,18.0,R
,123432,560,0,979,-0.078,-0.43,0.729,24.39,-25.24,3425,R
,123433,699,0,823,0.18,-0.360,0.603,11.55,-1.28,18.95,R
,123435,741,0,3821,-0.114,-0.48,0.651,30.50,-23.05,3478,R
,123436,683,0,995,-0.37,-0.45,0.550,28.30,-23.30,2373,R
,1234371,693,0,3814,0.010,-0.449,0.496,16.79,-21.27,12.2,R
,123439,646,0,823,-0.00,-0.482,0.453,10.33,-20.25,5.0,R
,1234481,730,0,3921,-0.102,-0.425,0.677,-9.35,20.73,-1364,R
,123452,807,0,973,-0.107,-0.447,0.855,-15.21,22.07,-2.30,R
,123455,818,0,815,-0.095,-0.41,0.865,-0.19,27.61,-2320,R
,123457,802,0,810,-0.01,-0.34,0.844,-5.32,32.85,-1996,R
,123462,877,0,021,-0.17,-0.436,0.851,-17.41,.81,-32.42,R
,123463,843,0,3816,-0.001,-0.433,0.846,-16.36,7.35,-3621,R
,123468,891,0,031,0.085,-0.432,0.844,-24.34,3.52,-28.38,R
,1234711,926,0,3827,0.050,-0.27,0.941,-27.14,40.08,-3467,R
,1234721,910,0,025,0.03,-0.357,1.015,-27.36,3.26,-3140,R
,123473,914,0,3811,-0.035,-0.34,1.116,-31.04,27.32,-2.82,R
,123477,899,0,815,-0.080,-0.47,1.479,-17.62,15.93,-1.90,R
,1234791,869,0,823,-0.34,-0.32,1.589,-5.39,1.24,-6.06,R
,123480,864,0,032,-0.063,-0.306,1.582,-0.31,1.71,-7.78,R
,123482,871,0,4011,-0.044,-0.306,1.522,1.19,-593,-6.9,R
,123484,788,0,014,0.00,-0.291,1.364,8.25,-12.01,-0.1,R
,123488,816,0,3929,0.023,-0.294,1.185,13.57,-2.95,6.08,R
,123490,877,0,016,-0.004,-0.310,1.144,15.02,-4.45,14.95,R
,123491,886,0,824,0.005,-0.301,1.138,15.23,-2.92,16.7,R
,123496,864,0,015,-0.41,-0.36,1.139,20.91,-25.03,2848,R
,1235001,876,0,035,-0.72,-0.362,1.098,21.34,-34.34,33.21,R
,1235021,850,0,027,-0.85,-0.30,1.070,24.73,-9.30,29.47,R
,1235041,846,0,016,-0.05,-0.35,1.026,31.86,-7.85,3115,R
,1235061,847,0,4039,-0.083,-0.395,0.913,36.36,-33.50,3149,R
,123507,779,0,813,-0.069,-0.409,0.854,35.90,-1.24,30.84,R
,123510,816,0,020,-0.060,-0.430,0.706,27.25,-0.88,27.78,R
,123511,693,0,3818,-0.043,-0.442,0.648,21.48,-18.01,2402,R
,123512,750,0,046,-0.042,-0.451,0.595,15.29,-5.89,19.97,R
,1235161,502,0,4032,-0.022,-0.542,0.534,4.82,-1.76,3.3,R
,123518,645,0,002,-0.021,-0.530,0.503,10.71,-5.82,0.89,R
,1235221,775,0,4018,-0.74,-0.42,0.596,2.65,16.01,-10.0,R
,123524,827,0,035,-0.68,-0.451,0.685,-5.84,1.38,-14.68,R
,123532,899,0,007,-0.81,-0.414,0.844,-16.43,3.38,-24.38,R
,123533,917,0,824,-0.76,-0.414,0.862,-21.55,3.78,-2.26,R
,123537,907,0,3819,-0.022,-0.445,0.905,-30.51,5.73,-3.16,R
,123538,907,0,035,-0.06,-0.454,0.900,-26.52,1.78,-3.12,R
,1235411,887,0,3819,0.02,-0.41,0.819,-21.36,26.44,-3190,R
,123542,891,0,4016,0.034,-0.395,0.819,-24.59,3.27,-3038,R
,1235431,894,0,824,0.09,-0.40,0.843,-25.17,33.31,-2981,R
,123544,893,0,4045,0.053,-0.413,0.846,-22.42,3.06,-3177,R
,123546,880,0,015,0.08,-0.39,0.871,-21.39,2.78,-3467,R
,1235481,877,0,4017,0.053,-0.286,0.991,28.66,2.88,-3441,R
,1235491,865,0,3823,0.072,-0.307,1.054,-29.58,27.60,-3387,R
,123550,846,0,022,-0.046,-0.334,1.116,-32.84,2.25,-28.71,R
,123552,720,0,4080,-0.080,-0.333,1.306,-29.35,6.08,-1.87,R
,1235531,672,0,823,-0.47,-0.38,1.393,-24.95,2.82,-1.10,R
,123554,677,0,053,-0.062,-0.372,1.454,-11.03,29.20,-11.17,R
,123556,704,0,047,-0.78,-0.290,1.486,-8.22,16.59,-8.5,R
,123557,691,0,823,-0.67,-0.28,1.482,-5.36,9.00,-5.66,R
,123558,666,0,033,-0.59,-0.272,1.472,-3.58,6.31,-3.4,R
,123559,659,0,3819,-0.025,-0.282,1.444,0.74,3.6,1.30,
,123562,651,0,014,0.05,-0.32,1.266,.12,-7.40,4.07,R
,1235631,552,0,3801,0.014,-0.298,1.204,12.67,-1.73,4.4,R
,123564,582,0,039,0.03,-0.30,1.167,6.53,-19.05,4.92,R
,123567,690,0,835,0.07,-0.30,1.114,4.90,-19.73,8.42,R
,1235701,679,0,4025,0.05,-0.340,1.151,5.92,-17.32,16.42,R
,1235721,770,0,4016,-0.08,-0.38,1.154,24.25,-2.82,1805,R
,123574,909,0,4031,-0.030,-0.337,1.119,28.65,-2.16,1923,R
,123576,901,0,020,-0.021,-0.332,1.120,26.64,-7.01,2017,R
,1235771,913,0,3828,-0.35,-0.32,1.124,24.35,-35.52,21.84,R
,1235841,1108,0,3958,-0.121,-0.391,1.034,31.63,23.70,3.21,R
,1235881,1050,0,3957,-0121,-0.47,0.80,27.34,-20.82,3.26,R
,123589,1038,0,3827,-0.118,-0.456,0.737,21.41,24.18,3.98,R
,123590,1007,0,4018,-0.080,-0.74,0.662,21.49,-25.69,29.38,R
,123593,911,0,824,0.023,-0.556,0.508,6.93,-32.85,18.1,R
,123598,957,0,016,0.05,-0.54,0.421,-1.29,16.80,1.93,R
,1235991,958,0,3821,0.019,-0.57,0.548,6.30,13.93,-9.6,R
,123604,932,0,4053,-0.107,-0.474,0.699,-22.78,8.66,-2.25,R
,123606,901,0,047,-0.32,-0.469,0.811,-22.72,21.73,-21.71,R
,123607,941,0,821,-0.07,-0.40,0.858,-19.88,20.39,-2.58,R
,1236081,944,0,4041,-0.07,-0.42,0.881,-16.52,17.87,-2.29,R
,123609,946,0,3830,-0.111,-0.422,0.869,-15.50,3.87,-3.84,R
,1236101,945,0,4049,-0.81,-0.46,0.868,-12.16,16.08,-32.65,R
,1236371,1226,0,3809,-0.024,-0.257,1.47,3.84,-9.87,6.2,R
,1236541,1220,0,4043,-0.061,-0.394,1.115,15.95,-32.22,42.78,R
,1236601,1042,0,4030,-0.104,-0.466,0.92,36.03,-58.45,2.67,R
,123670,961,0,991,-0.06,-0.562,0.463,15.43,-19.32,3.3,R
,1236741,1041,0,3969,-0.035,-0.41,0.48,-2.48,9.95,-4.7,R
,1236781,1062,0,3982,-0.062,-0.86,0.645,-4.86,22.51,-1.61,R
,123681,1059,0,3824,-0.056,-0.78,0.73,-17.64,23.79,-2.15,R
,123685,1072,0,3824,-0.032,-0.487,0.81,-19.81,22.63,-9.74,R
,123686,1054,0,3978,-0.010,-0.82,0.82,-17.64,21.43,-9.89,R
,123708,897,0,927,0.08,-0.328,1.531,-16.34,30.34,-5.02,R
,123709,901,0,852,0.04,-0.305,1.554,11.41,22.48,-5.0,R
,1237121,879,0,3897,0.023,-0.294,1.448,.63,0.68,-2.25,
,1237131,885,0,3847,0.042,-0.28,1.377,4.39,-3.85,0.48,
,123716,992,0,3920,0.104,-0.30,1.216,7.08,-18.88,3.62,R
,123721,1037,0,3850,0.095,-0.34,1.063,15.02,-25.79,1626,R
,1237401,1108,0,3888,-0.058,-0.490,0.763,39.20,-38.94,2.53,R
,1237421,1067,0,3889,0.46,-0.393,0.588,32.33,-2.13,17.84,R
,123751,1136,0,3853,0.062,-0.52,0.475,1.57,4.2,-4.35,R
,1237531,1145,0,3855,0.031,-0.518,0.582,-4.33,8.86,-10.2,R
,123757,1177,0,3856,-0.012,-0.507,0.755,-22.92,27.29,-8.24,R
,1237591,1187,0,3856,-0.014,-0.496,0.831,-12.13,26.57,-2.77,R
,1237621,1162,0,3887,0.02,-0.448,0.839,-19.50,0.48,-20.09,R
,123767,1198,0,3860,0.025,-0.41,0.923,-32.74,42.95,-2.03,R
,1237731,1136,0,3858,0.115,-0.464,0.806,-26.02,27.38,-2.39,R
,123779,1156,0,3878,0.60,-0.431,0.798,-23.24,5.20,-5064,R
,123781)bb²brbjrbrbjrbrbjrbJH1237821,1218,0,3902,0.035,-0.462,1.256,-56.02,4.11,-27.45,R
,123787,1161,0,3859,-0.068,-0.268,1.710,5.51,920,-12.10,R
,123788,1155,0,3875,-0049,-0.245,1.68,5.83,3.90,-6.50,R
,123799,1138,0,3862,0.073,-0.311,1.064,22.67,-9.99,18.74,R
,123812,1133,0,3878,0.000,-0.436,0.916,39.25,-9.76,3110,R
,123821,1126,0,3861,0.020,-0.556,0.541,18.27,-.93,18.16,R
,123844,1217,0,3865,0.077,-0.414,0.870,-17.59,38.15,-1.54,R
,1238501,1313,0,3882,0.185,-0.383,0.743,-13.73,4.94,-2.89,R
,1238581,1283,0,3889,0.009,-0.286,1.518,-39.76,21.44,-1.07,R
,123875,1270,0,3856,0.042,-0.355,1.124,25.31,-9.24,3442,R
,1238811,1194,0,3842,-0.064,-0.403,1.10,10.56,16.71,46.08,R
,1238931,978,0,3833,-0.110,-0.491,0.505,35.23,-9.95,2634,R
,123897,916,0,835,0.134,-0.442,0.298,8.27,-3398,-14.2,R
,123902,935,0,930,-0.08,-0.58,0.460,1.34,12.92,-9.05,R
,123903,1005,0,3827,-0.023,-0.476,0.55,5.09,1.21,-1299,R
,123915,1178,0,3838,-0055,-0.12,0.867,-20.05,45.43,-9.74,R
,123919,1234,0,3843,0.01,-0.449,0.931,-37.94,20.91,-4.45,R
,1239381,1363,0,3927,-0.025,-0.293,1.490,-47.00,26.34,4.31,R
,1239421,1201,0,3935,-0.050,-0.385,1.844,-7.39,18.50,21.44,R
,1239451,1264,0,3838,0.056,-0.395,1.595,13.28,-20.76,25.01,R
,1239491,1190,0,3842,0.127,-0.346,1.241,11.63,-8.62,3458,R
,1239521,1126,0,3921,0.67,-0.40,1.196,3.26,-4.37,33.3,R
,1239531,1155,0,3838,0.75,-0.46,1.191,10.65,-47.30,35.04,R
,1239601,1200,0,3941,0.98,-0.64,1.087,-8.33,-8.72,34.54,R
,1239621,1190,0,3945,0.89,-0.74,1.064,-11.64,45.17,2.55,R
,1239641,1215,0,3955,0.09,-0.70,0.992,-13.00,62.13,295,R
,123965,1206,0,3845,0.04,-0.73,0.932,-17.88,-66.33,-6.53,R
,1239721,612,0,3935,0.03,-0.609,0.479,-45.78,-40.24,-4.69,R
,123977,660,0,841,-0.31,-0.493,0.375,-35.64,-67.70,-51.93,R
,123980,749,0,941,-0.53,-0.466,0.524,-51.70,-44.47,-51.28,R
,123981,752,0,839,-0.059,-0.465,0.487,-42.43,-34.30,-41.26,R
,123982,780,0,927,-0.46,-0.41,0.493,-38.81,26.21,-5.51,R
,123989,759,0,840,0.004,-0.512,0.633,44.54,-0.42,-1.87,R
,1239911,774,0,3829,0.04,-0.480,0.630,-35.55,-1.82,-12.50,R
,1239961,883,0,934,0.29,-0.492,0.587,-32.84,822,-14.1,R
,123998,910,0,931,0.216,-0.509,0.589,-45.75,11.23,-17.89,R
,1240001,912,0,3927,0.233,-0.54,0.619,-44.91,1.01,-8.47,R
,124001,914,0,835,0.22,-0.545,0.638,-41.10,2.92,-5.3,R
,1240051,1203,0,3846,0.58,-0.626,0.751,-21.20,11.76,-19.31,R
,1240111,1245,0,3846,0.76,-0.64,1.445,-19.84,0.22,3.7,R
,1240151,1156,0,3845,0.91,-0.56,1.525,10.65,1.34,4.89,R
,1240181,1168,0,3892,0.280,-0.53,1.298,15.58,831,15.84,R
,124021,1165,0,3846,0.317,-0.57,1.169,30.61,-2.53,1155,R
,1240261,1268,0,3927,0.281,-0.59,1.035,17.46,-4.74,2339,R
,124029,1233,0,3847,0.259,-0.62,1.011,27.09,-0.94,2593,R
,1240351,1269,0,3821,0.10,-0.618,0.934,18.76,-8.21,3272,R
,124044,1200,0,3933,0.081,-0.68,0.584,31.89,-9.41,2191,R
,1240501,1136,0,3953,0.88,-0.574,0.210,20.15,-58.27,14.36,R
,124051,1206,0,3838,0.57,-0.604,0.025,10.64,-7.61,3.64,R
,124052,1200,0,3938,0.34,-0.630,0.070,17.12,-1.63,13.73,R
,1240551,1136,0,3836,0.22,-0.653,0.158,2.71,3080,13.5,R
,124059,1244,0,3838,0.25,-0.719,0.447,-5.65,237,-4.58,R
,124060,1246,0,3925,0.53,-0.704,0.489,-12.34,.66,-5.5,R
,1240631,1234,0,3838,0.74,-0.712,0.579,-13.46,7.79,-346,R
,1240651,1295,0,3839,0.68,-0.64,0.664,-0.51,4.63,-5.7,R
,1240701,1331,0,3926,0.92,-0.642,0.661,-23.50,3.37,-2.55,R
,1240741,1296,0,3911,0.27,-0.649,0.751,-25.99,0.10,-1.21,R
,124076,1355,0,3910,0.62,-0.660,0.749,-15.04,2.36,-2.27,R
,1240781,1414,0,3915,0.89,-0.622,0.674,-17.58,7.02,-3.80,R
,1240881,1455,0,3905,0.56,-0.517,1.058,-36.36,9.89,-3.91,R
,1240921,1371,0,3908,0.80,-0.508,1.674,-38.69,5.90,1501,R
,1240931,1349,0,3846,0.53,-0.572,1.735,-25.50,2.18,1239,R
,1240941,1317,0,3904,0.48,-0.53,1.761,-12.60,7.26,8.0,R
,1240981,1326,0,3929,0.89,-0.577,1.325,21.78,-0.95,1573,R
,1241011,1328,0,3835,0.48,-0.542,1.111,27.37,-3.00,2521,R
,1241361,939,0,3910,0.17,-0.56,0.256,44.55,-1.08,-4.10,R
,124137,913,0,836,0.089,-0.559,0.238,36.45,-0.92,-3.26,R
,1241381,930,0,3923,0.15,-0.53,0.247,33.70,-.16,-2864,R
,1241391,851,0,3851,0.12,-0.50,0.278,39.03,485,-31.0,R
,124142,880,0,915,0.104,-0.521,0.358,47.93,-0.89,-23.55,R
,124145,973,0,842,0.193,-0.565,0.431,37.68,332,-10.1,R
,1241471,1105,0,3845,0.64,-0.581,0.438,-27.15,3.82,-847,R
,1241511,1263,0,3844,0.85,-0.637,0.410,-27.07,8.22,-1.59,R
,1241571,1435,0,3847,0.72,-0.690,0.516,-35.35,4.02,-1.35,R
,1241581,1472,01ʂbrʚbjrbrbjrbrbjrbJH1241591,1490,0,3843,0.73,-0.698,0.606,-33.09,2bjrb
,124161,1486,0,3853,0.15,-0.669,0.752,-18.28,26.92,-33.83,R
,124165,1556,0,3849,0.68,-0.647,1.080,-23.26,3.90,-461,R
,124169,1451,0,3851,0.21,-0.621,1.348,5.46,1410,-9.49,R
,124199,1395,0,3856,0.216,-0.759,0.492,29.93,-6.80,2823,R
,124231,1535,0,3856,0.362,-0.741,0.516,-17.62,6.02,-2.59,R
,1242431,1456,0,3856,0.303,-0.564,0.928,-22.66,4.95,-2.80,R
,124250,1462,0,3887,0.427,-0.618,1.530,7.58,6.7,9.62,
,124251,1472,0,3856,0.439,-0.593,1.432,13.63,972,16.5,R
,124279,1317,0,3854,0.323,-0.980,0.336,-26.75,-45.20,-28.13,R
,1243021,1600,0,3883,0.63,-0.599,0.248,-43.20,13.67,-1.75,R
,1243041,1602,0,3879,0.404,-0.66,0.227,-40.45,9.49,2.9,R
,1243051,1627,0,3855,0.427,-0.68,0.267,-40.69,1.99,0.1,R
,124306,1628,0,3876,0.404,-0.69,0.254,-42.75,0.08,-2.87,R
,124311,1591,0,3856,0.518,-0.668,0.291,-37.43,20.18,-13.52,R
,1243121,1595,0,3862,0.562,-0.66,0.323,-35.87,8.28,-1.46,R
,124313,1595,0,3862,0.530,-0.74,0.344,-30.10,5.12,-1.16,R
,124319,1569,0,3855,0.572,-0.73,0.674,-33.85,7.53,-14.85,R
,1243271,1520,0,3856,0.648,-0.68,1.091,8.77,-0.51,6.55,R
,124328,1495,0,3873,0.676,-0.69,0.884,10.64,-.23,10.2,R
,1243301,1520,0,3882,0.622,-0.72,0.783,12.38,-5.49,1043,R
,1243341,1466,0,3866,0.07,-0.715,0.643,30.67,-25.34,15.36,R
,1243371,1462,0,3858,0.585,-0.79,0.589,24.25,-9.53,20.65,R
,1243441,1450,0,3873,0.454,-0.78,0.585,20.83,-1.64,2426,R
,1243461,1469,0,3881,0.408,-0.84,0.552,20.99,-6.80,2448,R
,124352,1391,0,3874,0.294,-0.89,0.283,34.73,-8.63,2987,R
,1243581,1371,0,3872,0.63,-0.834,-0.067,18.24,52.88,13.81,R
,1243671,1310,0,3861,0.97,-0.83,0.052,2.79,2.8,2.46,
,1243731,1413,0,3865,0.28,-0.85,0.192,-16.13,8.27,-003,R
,1243741,1424,0,3858,0.20,-0.887,0.209,-10.43,0.28,-314,R
,124381,1453,0,3858,0.465,-0.84,0.312,-25.17,1.05,-969,R
,124382,1457,0,3870,0.442,-0.85,0.316,-27.84,3.08,-1.39,R
,124393,1501,0,3860,0.44,-0.817,0.405,-24.94,2.91,-2.25,R
,1244001,1519,0,3869,0.88,-0.849,0.420,-23.59,.64,-4364,R
,1244081,1558,0,3869,0.39,-0.721,1.135,-6.37,2.55,-8.0,R
,1244151,1535,0,3856,0.581,-0.686,0.690,30.79,-8.72,6.1,R
,1244201,1555,0,3867,0.08,-0.636,0.486,17.99,-2.77,2193,R
,1244231,1517,0,3858,0.05,-0.706,0.506,22.45,-9.00,3033,R
,1244281,1521,0,3860,0.455,-0.695,0.566,20.35,-8.62,37.23,R
,1244291,1535,0,3859,0.09,-0.707,0.568,16.30,-0.97,3141,R
,1244401,1138,0,3875,0.287,-0.748,0.341,64.47,3.63,53.3,R
,124441,928,0,856,0.286,-0.748,0.320,7.60,40.25,59.81,R
,124442,928,0,3856,0.21,-0.749,0.267,86.35,5190,65.26,R
,124443,935,0,856,0.24,-0.735,0.265,95.52,6044,67.7,R
,124444,934,0,862,0.20,-0.736,0.261,101.29,6.37,69.1,R
,1244451,919,0,3859,0.27,-0.707,0.239,106.19,7.37,71.3,R
,1244461,909,0,3859,0.245,-0.689,0.241,10.03,7.73,70.2,R
,1244471,833,0,863,0.190,-0.681,0.213,11.96,7.85,70.31,R
,124449,851,0,861,0.163,-0.657,0.264,124.71,6.47,66.8,R
,124450,822,0,862,0.120,-0.643,0.313,29.77,6.47,62.2,R
,124453,857,0,875,0.15,-0.690,0.440,156.61,5.61,51.67,R
,1244551,878,0,3873,0.123,-0.692,0.541,164.13,5.24,47.2,R
,124456,850,0,869,0.102,-0.66,0.574,171.48,5.49,48.2,R
,1244591,886,0,3871,0.03,-0.632,0.731,181.81,6.99,54.0,R
,124460,886,0,3876,0.072,-0.637,0.765,179.34,6.50,51.6,R
,1244611,880,0,856,0.052,-0.640,0.772,176.97,6.50,51.20,R
,124462,799,0,867,-0.010,-0.60,0.833,181.64,4.71,5433,R
,124463,790,0,861,0.11,-0.607,0.816,182.30,6.46,51.9,R
,124464,784,0,3862,0.33,-0.430,0.697,169.08,8.51,31.71,R
,124465,782,0,858,0.04,-0.503,0.788,196.19,6.15,44.91,R
,124466,802,0,863,0.06,-0.450,0.820,194.09,72.10,38.02,R
,124468,752,0,856,0.06,-0.347,0.858,187.05,75.06,23.97,R
,1244731,757,0,3858,-0.07,-0.219,0.954,191.28,8.73,1723,R
,124475,752,0,3870,-0.40,-0.155,0.940,208.51,9.24,2236,R
,124478,773,0,847,-0.246,-0.04,0.907,188.97,90.19,11.36,R
,124479,759,0,870,-0.237,0.009,0.910,181.31,8.56,7.9,R
,1244801,784,0,3860,-0.25,0.00,0.891,168.91,77.08,6.58,R
,1244811,788,0,3863,-0.202,-0.002,0.910,154.93,8.50,5.49,R
,124484,816,0,867,-0.130,-0.012,0.985,135.66,0.25,3.2,R
,124490,784,0,844,-0.128,0.188,1.109,114.32,7.90,-2609,R
,124492,787,0,851,-0.171,0.236,1.087,9.60,7540,-31.1,R
,124493,784,0,863,-0.181,0.26,1.108,75.51,78.70,-34.47,R
,1244951,788,0,3867,-0.264,0.288,1.135,5.80,6970,-33.2,R
,124497,767,0,865,-0.316,0.31,1.170,7.03,61.79,-37.55,R
,1244981,758,0,3861,-0.44,0.327,1.160,45.00,5544,-38.1,R
,124500,721,0,857,-0.385,0.40,1.107,31.78,42.42,-42.6,R
,124501,768,0,869,-0.383,0.43,1.082,23.93,3811,-42.9,R
,124502,777,0,845,-0.423,0.44,1.042,12.47,36.18,-39.54,R
,1245041,788,0,3837,-0.440,0.436,1.022,-2.07,3221,-30.0,R
,1245081,782,0,3847,-0.392,0.372,1.071,7.32,37.6,-17.7,R
,1245091,983,0,3857,-0.260,0.615,0.940,-6.60,6883,-19.5,R
,124521,892,0,874,-0.66,0.313,0.864,4.03,-6.62,-8.07,!5
,1245281,1049,0,3843,-0.465,0.313,0.802,9.58,2.41,-1.72,R
,124536,711,0,3840,-0.425,0.369,0.867,.80,-1109,-6.5,R
,124537,586,0,809,-0.19,0.362,0.860,5.51,-1450,-8.5,R
,1245391,569,0,3887,-0.406,0.338,0.832,.45,-1071,-6.5,R
,124540,575,0,853,-0.05,0.33,0.836,5.67,-4.51,-3.75,R
,1245431,561,0,3879,-0.386,0.348,0.811,.42,4.1,-2.03,R
,1245481,420,0,3839,-0.346,0.436,0.736,2.32,4.5,-7.57,
,124549,438,0,863,-0.68,0.39,0.822,9.23,4.04,-3.75,
,1245501,407,0,3858,-0.464,0.401,0.889,.19,3.4,-5.29,
,124551,434,0,3887,-0.444,0.395,0.876,.43,3.7,-7.80,
,1245531,403,0,3882,-0.434,0.374,0.871,6.35,3.0,-8.24,
,124554,533,0,845,-0.23,0.364,0.884,7.90,5.3,-9.14,
,124556,576,0,3840,-0.397,0.413,0.743,3.55,16.59,-2.71,R
,124557,587,0,874,-0.28,0.37,0.813,10.67,19.66,-7.11,R
,1245611,595,0,3886,-0.548,0.35,0.872,-4.02,17.20,-2.24,R
,1245631,462,0,3883,-0.434,0.38,0.774,2.16,22.18,-5.42,R
,124565,457,0,3888,-0.468,0.398,0.824,-5.35,2363,-7.1,R
,1245661,403,0,3825,-0.470,0.406,0.831,-7.84,2065,-7.2,R
,124568,422,0,851,-0.448,0.35,0.948,-9.47,1415,-6.8,R
,124569,430,0,893,-0.459,0.339,0.831,-25.07,5.37,-2.9,R
,124571,435,0,890,-0.450,0.308,0.768,27.18,-.29,3.44,R
,1245771,496,0,3860,-0.493,0.299,0.794,12.31,957,2.17,R
,124580,507,0,840,-0.512,0.287,0.801,-9.47,3.3,0.86,
,1245811,511,0,3883,-0.494,0.280,0.805,9.61,4.8,0.72,
,124583,510,0,883,-0.502,0.275,0.843,-2.13,5.64,-2.38,R
,1245851bbbjrbrbr¢brbrbjrbRJH1245861,570,0,843,-0.55,0.289,0.845,3.86,3.3,-4.73,
,124589,688,0,883,-0.557,0.300,0.867,.26,-3.1,2.19,
,124591,700,0,879,-0.517,0.269,0.931,0.85,-1.64,-1.9,R
,124593,746,0,886,-0.517,0.279,0.844,2.06,-306,-6.2,R
,124594,737,0,3854,-0.549,0.28,0.886,30.01,1.08,-3.93,R
,124595,735,0,880,-0.563,0.260,0.929,4.97,-401,-2.0,R
,1245961,736,0,851,-0.61,0.237,0.964,0.48,-1.19,-0.07,R
,124597,704,0,887,-0.549,0.211,1.006,8.33,-2.27,1.7,R
,124598,734,0,844,-0.533,0.192,1.052,25.38,-2.61,3.8,R
,124599,736,0,893,-0.511,0.165,1.112,36.77,-2.02,5.1,R
,124600,775,0,838,-0.447,0.110,1.127,52.93,-2.55,0.46,R
,124601,784,0,898,-0.468,0.113,1.162,6.97,-1.43,-6.0,R
,124602,791,0,839,-0.488,0.077,1.227,4.80,-769,-13.0,R
,1246041,798,0,873,-0.26,0.021,1.236,2.36,-1.04,-2931,R
,1246071,757,0,3893,-0.02,-0.08,1.206,64.32,-6.19,-46.99,R
,124610,775,0,846,-0.649,0.044,1.061,2.54,-3.69,-4615,R
,124612,773,0,3852,-0.572,0.023,1.011,25.93,-9.08,-5.45,R
,124620,796,0,837,-0.652,0.09,0.818,88.12,-57.18,-100.73,R
,124623,793,0,901,-0.703,0.353,0.537,83.87,-59.23,-107.16,R
,124625,797,0,909,-0.46,0.434,0.434,66.42,-73.63,-119.83,R
,124630,806,0,3840,-0.381,0.61,0.332,65.46,-8.76,-10.63,R
,124632,893,0,3835,-0.037,0.84,1.221,103.40,-0.89,-9.27,R
,124633,894,0,894,-0.418,0.700,0.518,57.98,-45.40,-81.31,R
,1246361,860,0,824,-0.516,0.743,0.345,8.41,-3.72,-7128,R
,1246371,848,0,3887,-0.94,0.726,0.358,43.00,-32.63,-7018,R
,1246421,875,0,3834,-0.439,0.770,0.311,40.36,-024,-24.1,R
,124643,878,0,897,-0.08,0.778,0.392,36.90,1912,-16.7,R
,1246441,863,0,3831,-0.29,0.76,0.391,24.70,3508,-9.7,R
,1246451,805,0,3897,-0.438,0.76,0.400,17.72,4868,-2.3,R
,124648,743,0,3838,-0.521,0.77,0.498,1.25,5486,33.3,R
,1246501,769,0,3846,-0.445,0.74,0.600,10.09,3123,44.4,R
,124651,799,0,884,-0.390,0.751,0.622,3.32,23.84,45.06,R
,124652,778,0,3840,-0.345,0.75,0.635,16.42,2370,41.4,R
,1246531,815,0,3888,-0.328,0.76,0.650,17.29,2599,33.4,R
,124657,801,0,3893,-0.439,0.69,0.790,-14.46,938,11.96,R
,124659,799,0,903,-0.94,0.642,0.862,-14.13,150,27.18,R
,124660,786,0,834,-0.517,0.619,0.899,-11.30,244,42.4,R
,124664,795,0,3837,-0.505,0.65,0.933,8.99,2534,69.2,R
,124669,771,0,881,-0.656,0.730,0.880,-14.13,-0.85,6640,R
,124670,735,0,841,-0.639,0.722,0.876,-11.72,-0.18,6973,R
,124671,647,0,899,-0.603,0.731,0.854,-4.17,-3.46,73.5,R
,1246741,649,0,3846,-0.51,0.78,0.840,11.51,-1.33,75.5,R
,124675,656,0,902,-0.589,0.791,0.844,.54,-11.18,76.14,R
,1246761,671,0,3831,-0.21,0.79,0.837,4.94,-1643,80.3,R
,124677,673,0,893,-0.639,0.77,0.836,3.54,-2485,86.8,R
,1246781,688,0,3824,-0.17,0.741,0.788,4.54,-3257,93.3,R
,124679,673,0,896,-0.566,0.697,0.798,2.91,-3865,98.2,R
,124680,657,0,824,-0.497,0.662,0.761,4.28,-4506,99.01,R
,124686,848,0,3821,-0.232,0.55,0.642,-2.84,-4.87,82.9,R
,124687,759,0,3890,-0.214,0.55,0.638,-10.71,-1.18,8022,R
,124691,656,0,895,-0.160,0.516,0.626,-5.43,-2.89,92.5,R
,1246931,528,0,901,-0.126,0.521,0.605,-0.88,-2.19,91.3,R
,1246941,539,0,3839,-0.109,0.544,0.578,1.11,-2314,86.8,R
,124697,669,0,893,-0.069,0.564,0.481,20.51,-28.82,65.87,R
,124698,675,0,824,-0.060,0.540,0.489,30.23,-33.44,59.20,R
,124699,678,0,907,-0.054,0.52,0.509,34.80,-39.21,51.73,R
,124700,691,0,824,-0.069,0.504,0.513,-36.33,-43.66,4397,R
,124703,690,0,905,-0.066,0.440,0.457,34.57,-7.11,2912,R
,1247061,686,0,3824,-0.48,0.43,0.471,27.56,-25.32,38.74,R
,1247101,723,0,3840,-0.35,0.574,0.605,19.00,-1.59,35.8,R
,124711,720,0,886,-0.019,0.621,0.591,5.93,-18.05,26.69,R
,124730,768,0,835,0.042,0.727,0.714,13.60,8.7,15.30,
,124731,843,0,881,0.088,0.698,0.724,8.85,-2.6,7.16,R
,124736,814,0,3833,0.14,0.698,0.745,-5.58,1.3,-3.63,
,124753,930,0,824,0.054,0.792,0.677,7.38,15.4,-9.43,JH1247541)bbbrbrbrbrbrbjr¢bR
,124756,960,0,826,0.016,0.837,0.710,-2.89,-1.6,-16.5,R
,124757,961,0,863,0.011,0.848,0.719,-.75,-7.2,-18.7,R
,124758,965,0,834,0.003,0.848,0.748,-1.04,-13.70,-19.28,R
,124759,976,0,3882,-0.05,0.84,0.733,-10.40,-16.04,-17.84,R
,124761,977,0,856,-0.08,0.833,0.710,-10.01,-4.37,-1.11,R
,124763,970,0,887,0.01,0.802,0.680,-4.86,-9.66,-3.55,R
,1247651,976,0,3903,0.05,0.773,0.653,-2.72,-2.4,0.80,
,124766,971,0,827,0.102,0.766,0.647,-.83,-1.8,-0.33,R
,124769,915,0,906,0.122,0.723,0.623,-.84,-9.3,-5.58,R
,124783,945,0,891,0.081,0.751,0.694,-.92,4.9,-8.42,
,1247891,912,0,3893,0.02,0.736,0.684,-6.89,-4.65,-12.44,R
,1247941,880,0,3818,0.071,0.717,0.687,-.48,5.7,-3.71,
,1247981,912,0,3824,0.04,0.727,0.702,-0.22,5.9,-4.22,
,124806,921,0,821,0.06,0.725,0.718,-0.22,4.9,-0.88,
,124810,919,0,829,0.07,0.720,0.704,-2.88,1.6,-3.89,
,1248111,921,0,3920,0.040,0.719,0.717,-5.07,2.7,-4.59,
,1248181,867,0,3824,-0.012,0.72,0.700,-4.92,-4.14,-8.06,R
,1248201,882,0,3821,0.008,0.716,0.710,-10.51,-535,-7.6,R
,1248231,884,0,3911,0.034,0.707,0.720,-.87,2.3,-3.26,
,124824,877,0,835,0.04,0.702,0.732,-0.55,2.80,-3.14,RJH124825	bbʊbrbrbrbjrbrbjrʚb
,124831,887,0,899,0.007,0.710,0.718,-.17,-7.9,-10.00,R
,124832,886,0,833,-0.12,0.70,0.716,6.88,-715,-10.15,R
,124838,881,0,825,0.05,0.730,0.735,-0.13,1.8,-2.87,
,124842,889,0,3831,-0.002,0.708,0.732,6.05,-581,-7.45,R
,124844,886,0,827,-0.09,0.695,0.727,-4.19,-491,-6.7,R
,124850,883,0,823,0.01,0.707,0.736,0.41,0.04,-4.33,R
,124852,886,0,3838,-0.009,0.704,0.708,-5.30,-540,-9.5,R
,124854,889,0,828,-0.04,0.703,0.707,-5.14,-6.76,-9.67,R
,124855,885,0,902,-0.004,0.70,0.715,5.09,-437,-8.61,R
,124856,887,0,854,0.01,0.704,0.727,-5.58,-1.17,-6.74,!5
,124860,886,0,827,0.04,0.713,0.748,-2.37,2.10,-3.93,R
,124862,889,0,837,-0.11,0.71,0.725,1.81,-2.24,-5.46,R
,1248631,878,0,3916,-0.012,0.714,0.729,4.48,-450,-6.6,R
,124865,885,0,906,-0.004,0.705,0.716,-8.81,-492,-7.6,R
,124867,896,0,888,0.05,0.700,0.733,-7.82,-0.19,-5.23,R
,1248711,895,0,3888,-0.019,0.69,0.754,2.94,-118,-3.2,R
,1248731,888,0,3908,-0.013,0.693,0.746,2.83,-340,-2.29,R
,124878,912,0,839,-0.01,0.677,0.765,6.13,-010,-1.42,R
,1248801,909,0,3830,-0.001,0.676,0.765,0.13,-2.22,-1.93,R
,124881,912,0,917,0.00,0.679,0.753,250,-2.7,-2.56,R
,124883,912,0,920,-0.07,0.687,0.737,3.44,-269,-4.4,R
,124888,899,0,3825,-0.016,0.690,0.774,.03,1.6,-1.40,
,1248941,878,0,3836,-0.027,0.703,0.752,.87,-2.4,0.07,
,124895,880,0,908,-0.25,0.701,0.753,3.02,-0.39,1.79,R
,1248961,880,0,834,-0.08,0.698,0.760,4.30,0.21,2.62,R
,124902,887,0,3843,0.019,0.677,0.725,624,-3.0,2.17,R
,124904,891,0,834,0.014,0.682,0.725,439,-0.3,1.75,R
,124906,891,0,3824,0.008,0.679,0.737,099,-1.7,0.42,R
,124907,894,0,899,0.08,0.684,0.731,0.82,-0.66,1.03,R
,124914,944,0,826,0.04,0.700,0.743,1.81,1.90,0.94,R
,124918,944,0,3835,-0.010,0.692,0.750,-3.43,-3.87,-0.91,R
,124921,887,0,899,0.00,0.700,0.733,392,-0.9,1.24,R
,124922,891,0,828,0.09,0.696,0.724,2.94,-0.28,0.48,R
,124926,911,0,831,-0.012,0.69,0.737,2.10,2.9,1.88,
,124928,914,0,833,-0.05,0.697,0.751,.52,0.7,3.55,R
,124929,912,0,3898,-0.003,0.688,0.754,1.69,-0.71,3.26,R
,124930,907,0,840,-0.03,0.692,0.751,.26,-2.3,3.49,
,124931,885,0,921,0.008,0.693,0.745,3.45,-1.17,2.83,R
,124934,901,0,838,-0.00,0.694,0.747,2.01,0.4,2.04,R
,1249401,929,0,809,-0.04,0.686,0.753,.38,-3.12,2.81,R
,124945,935,0,839,0.022,0.679,0.740,108,-2.59,3.12,R
,124953,951,0,833,0.021,0.685,0.729,-.02,-1.5,0.22,R
,124954,975,0,822,0.021,0.691,0.729,018,0.07,1.13,R
,124955,989,0,834,0.020,0.692,0.743,-0.31,1.31,1.09,R
,124957,978,0,819,0.022,0.698,0.742,0.45,-1.00,0.37,R
,124958,983,0,814,0.01,0.698,0.744,120,-0.8,0.25,R
,1249601,974,0,805,0.04,0.692,0.743,-.71,-1.75,0.42,
