wallclock_iso,t_ms,fsr1,fsr2,emg,ax,ay,az,gx,gy,gz,mode
,215371,0,0,3967,-0.284,0.089,1.017,4.84,6.22,32.39,R
,215381,0,0,3950,-0.295,0.084,1.043,2.45,5.99,33.68,R
,215421,0,0,3953,-0.335,0.018,1.047,-1.7,0.60,36.39,R
,215451,0,0,3959,-0.315,-0.006,1.015,-197,-6.5,34.31,
,215521,0,0,3976,-0.306,0.009,0934,0.2,1.54,29.38,R
,215651,0,0,3937,-0.239,-0.060,0.948,9.32,7.60,6.32,R
,215691,0,0,3939,-0.254,-0.070,0.953,-1.30,8.62,-5.98,R
,215701,0,0,4001,-0.253,-0.077,0.971,-2.03,7.09,-7.98,R
,215751,0,0,3919,-0.282,-0.061,1.018,-0.61,8.99,-16.82,
,215781,0,0,4019,-0.307,-0.035,1.021,2.89,13.00,-14.35,R
,215871,0,0,3923,-0.315,0.039,1.019,-3.77,-0.20,-11.45,
,215911,0,0,3921,-0.299,0.053,1.005,-3.83,2.04,-8.36,R
,215961,0,0,4055,-0.282,0.048,1.014,-4.00,-3.73,-9.20,R
,216011,0,0,3915,-0.305,0.057,1.013,2.67,-4.95,-10.36,R
,216091,0,0,3919,-0.300,0.074,0.934,4.78,-3.50,9.80,R
,216101,0,0,4054,-0.304,0.076,0.935,4.61,-4.01,-8.65,R
,216271,0,0,3907,-0.244,0.126,1.032,5.77,-6.01,-8.10,R
,216281,0,0,4065,-0.241,0.129,1.062,5.24,-6.22,-6.88,R
,216491,0,0,3919,-0.121,0.190,0.776,-31.11,21.83,-9.14,
,216501,0,0,4091,-0.150,0.166,0.770,-45.22,30.99,-6.71,R
,216511,0,0,3913,-0.141,0.146,0.747,-58.56,41.31,-4.88,
,216571,0,0,3904,-0.225,0.080,0.770,-77.16,110.7,-13.00,R
,216581,0,0,4095,-0.362,0.021,0.948,-76.44,121.26,-2.85,R
,216601,0,0,4095,-0.460,0.007,0.972,-3818,109.5,3.18,R
,216611,0,0,3915,-0.517,-0.002,0.888,-35.30,102.04,-0.1,R
,217061,0,0,4095,-0.801,-0.479,0.655,-99.02,-24.51,-36.5,R
,217121,0,0,4095,-0.334,-0.719,.615,-5.90,-2378,-4.1,R
,217251,0,0,3906,-0.328,-0.851,.572,-48.53,-3.04,-20.1,R
,217361,0,0,4095,-0.468,-0.680,0.351,13.24,34.09,-8.30,R
,217381,0,0,4095,-0.365,-0.760,.499,-1.07,18.3,-26.9,R
,217391,0,0,3903,-0.259,-0.897,.662,-29.78,-6.1,-52.7,R
,217411,0,0,3901,-0.313,-0.849,0.623,-11.66,8.07,-35.32,R
,217441,0,0,4095,0.177,-0.440,1475,101.91,43.52,-5.20,
,217451,0,0,3895,-0.285,-0.750,0.678,8913,33.70,11.50,
,217841,0,0,4095,-0.322,-0.761,0.608,-9.04,19.89,13.24,R
,217891,182,0,3898,-0.59,-0.603,0.478,-28.61,43.49,22.14,R
,217931,150,0,3915,-0.487,-0.710,0.595,-36.87,-37.18,-1.39,R
,218011,272,0,3896,-0.583,-0.667,0.532,11.36,61.54,47.30,R
,218061,256,0,4095,-0.52,-0.594,0.477,-3.28,56.15,46.08,R
,218101,430,0,4095,-0.50,-0.694,0.505,17.44,52.91,19.06,R
,218111,462,0,395,-0.76,-0.726,0.531,27.25,53.81,14.9,R
,218131,503,0,3899,-0.78,-0.59,0.417,20.92,51.57,17.33,R
,218161,464,0,495,-0.80,-0.591,0.433,-42.88,11.98,-1.45,R
,218191,449,0,306,-0.685,-0.583,0.396,41.69,12.13,-0.27,R
,218251,578,0,302,-0.60,-0.582,0.293,-14.72,6.67,20.2,R
,218311,563,0,3899,-0.712,-0.597,0.306,-54.90,6.88,-3.6,R
,218331,593,0,301,-0.59,-0.935,0.681,-6.64,-28.74,-1078,R
,218341,625,0,4095,-0.90,-0.80,0.347,2.74,1486,30.63,R
,218421,106,0,4095,-0.598,-0.668,0.347,24.46,-24.98,7.6,R
,218451,325,0,3901,-0.73,-0.55,0.275,3.57,-26.04,-4.96,R
,218471,270,0,3899,-0.760,-0.505,0.259,-0.81,-33.27,-0.21,R
,218481,393,0,4095,-0.783,-0.479,0.283,-14.91,-23.72,10.64,R
,218491,432,0,392,-0.73,-0.45,0.299,-44.97,-25.00,14.51,R
,218551,644,0,388,-0.87,-0.500,0.403,-89.31,-62.01,15.03,R
,218601,774,0,495,-0.602,-0.775,0.553,44.26,-8.30,20.48,R
,218651,496,0,387,-0.64,-0.552,0.365,32.49,63.92,63.90,R
,218681,593,0,495,-0.61,-0.63,0.400,0.43,42.42,57.3,R
,218691,624,0,387,-0.65,-0.68,0.405,48.51,44.21,53.9,R
,218771,990,0,388,-0.70,-0.666,0.263,53.90,48.27,61.5,R
,218861,1389,0,095,-1.93,-0.281,0.161,3.10,52.42,96.0,R
,218891,1535,0,3891,-1.28,-0.219,0.235,39.22,5.57,124.35,R
,218971,1606,0,3883,-1.116,0.021,0.180,55.39,20.74,136.14,R
,218981,1485,0,4095,-1.044,0.061,0.152,60.81,31.08,154.1,R
,218991,1494,0,3896,-1.73,0.057,0.176,73.80,48.38,166.2,R
,219011,1467,0,3886,-1.106,0.529,-0.038,85.22,75.09,19003,R
,219051,1428,0,3898,-1.68,0.513,0.087,50.87,4163,182.2,R
,219091,1289,0,889,-0.85,0.394,0.126,51.06,40.91,194.7,R
,219101,1171,0,4095,-0.913,0.304,0.229,48.72,33.41,185.0,R
,219111,1153,0,891,-0.99,0.345,0.185,26.83,16.54,167.4,R
,219141,949,0,495,-0.87,0.348,0.181,0.02,-37.81,130.63,R
,219191,861,0,394,-0.65,0.595,0.017,-5.92,-3.80,14677,R
,219201,815,0,4095,-0.73,0.676,0.007,-20.78,-29.84,151.65,R
,219261,565,0,4095,-0.510,0.812,-0.001,31.65,-.59,170.66,R
,219371,221,0,3894,-0.83,0.426,0.081,-141.95,-88.13,-8.88,R
,219381,270,0,4095,-0.607,0.509,0.226,-137.88,-89.38,-0.38,R
,219501,62,0,405,-0.94,0.255,0.690,-115.25,5108,87.07,R
,219581,358,0,4095,-0.574,-0.033,1.113,-200.67,-73.70,-31.17,R
,219601,398,0,495,-0.68,0.005,1.230,-141.54,-37.18,-3.61,R
,219631,528,0,309,-0.76,0.396,1.089,-56.76,-20.56,-2.65,R
,219641,614,0,495,-0.77,0.377,1.012,-56.09,-48.66,-15.65,R
,219661,692,0,4095,-0.559,0.372,0.942,-61.40,-75.18,-4448,R
,219691,561,0,3908,-0.480,0.207,0.909,-1.74,-28.85,-3671,R
,219711,592,0,3905,-0.387,-0.023,0.877,7.41,1.52,-35.74,R
,219751,433,0,306,-0.43,-0.159,0.850,8.80,-2.21,-7343,R
,219781,470,0,4095,-0.24,-0.375,0.800,54.81,-30.82,-91.22,R
,219811,463,0,3908,-0.354,-0.023,0.783,63.83,-194,-92.7,R
,219821,415,0,4095,-0.48,-0.046,0.729,46.23,-12.53,-92.65,R
,219831,445,0,3906,-0.20,0.006,0.776,38.49,-28.63,-112.53,R
,219841,477,0,4095,-0.23,-0.018,0.731,30.78,-31.18,-133.78,R
,219851,511,0,3913,-0.35,0.035,0.842,8.98,-37.14,-141.5,R
,219861,498,0,485,-0.36,0.076,0.922,3.61,-38.77,-148.67,R
,219871,562,0,309,-0.39,0.130,0.905,-.04,-4985,-15758,R
,219881,432,0,495,-0.51,0.231,0.927,-21.07,-81.06,-164.33,R
,219891,449,0,398,-0.59,0.225,1.094,-37.91,-122.02,-176.30,R
,219901,307,0,421,-0.55,0.215,1.108,-49.33,-157.72,-202.04,R
,219931,543,0,311,-0.50,0.115,1.297,-61.33,-22.16,-211.83,R
,219951,479,0,3888,-0.52,0.204,1.303,-47.52,-169.01,-188.01,R
,219971,464,0,3895,-0.50,0.238,1.316,-52.43,-195.09,-178.55,R
,220031,416,0,3891,-0.087,-0.197,1.513,-96.73,-242.22,-227.08,R
,220091,0,0,3899,-0.506,0.356,1.239,85.48,-90.20,-49.97,R
,220131,272,0,3888,-0.545,0.634,1.050,73.24,-25.50,48.0,R
,220141,326,0,4095,-0.48,0.608,1.021,63.62,-27.06,68.64,R
,220151,347,0,395,-0.48,0.503,1.010,70.96,-3416,85.1,R
,220161,444,0,495,-0.36,0.469,0.974,85.32,-32.91,93.62,R
,220171,576,0,395,-0.22,0.464,0.943,97.50,-2187,93.8,R
,220261,612,0,495,-0.12,0.465,0.620,176.17,137.75,206.22,R
,220311,337,0,3891,-0.20,0.524,0.525,164.70,167.96,22510,R
,220331,25,0,395,-0.15,0.448,0.525,13.96,13908,193.3,R
,220341,66,0,4051,-0.231,0.449,0.466,134.46,130.27,182.2,R
,220351,41,0,385,-0.31,0.496,0.442,121.65,115.05,171.21,R
,220701,151,0,416,-0.76,0.673,1.197,28.63,13821,-7.6,R
,220711,174,0,3899,-0.84,0.766,1.413,41.39,119.69,-9.2,R
,220751,541,0,3918,-0.85,0.933,1.493,52.26,5.25,-17.60,R
,220761,534,0,4050,-0.65,0.865,1.261,22.05,-14.62,-26.71,R
,220831,223,0,3903,-0.75,0.572,0.229,-5.31,18.24,-17.74,R
,220881,393,0,480,-0.736,0.408,0.358,237,-12.71,-61.74,R
,220951,465,0,305,-0.52,0.497,0.658,84.19,21.02,-21.34,R
,220961,333,0,474,-0.52,0.588,0.648,81.04,26.8,-18.9,R
,220971,298,0,301,-0.59,0.645,0.574,6.65,24.59,-22.6,R
,220991,240,0,307,-0.68,0.782,0.493,33.67,-2.71,-25.28,R
,221071,0,0,3906,-0.597,0.640,0.422,0.11,-7.81,5.29,R
,221291,649,0,309,-0.76,0.671,0.546,-1.78,39.99,14.71,R
,221301,797,0,4095,-0.72,0.663,0.649,-1.30,31.18,13.87,R
,221361,965,0,4069,-0.52,0.648,0.482,-45.78,20.50,18.5,R
,221421,917,0,4082,-0.77,0.595,0.541,-7.33,27.66,30.66,R
,221431,933,0,303,-0.72,0.563,0.476,-41.86,13.35,30.28,R
,221451,918,0,3909,-0.700,0.648,0.436,-58.72,1184,23.9,R
,221471,936,0,310,-0.64,0.612,0.509,-3.25,-101,19.4,R
,221511,832,0,389,-0.58,0.496,0.562,-61.91,1.31,20.68,R
,221521,833,0,495,-0.53,0.567,0.591,-51.69,11.77,24.60,R
,221611,751,0,3920,-0.50,0.488,0.576,-3.48,-16.17,24.22,R
,221681,729,0,489,-0.613,0.381,0.651,-66.82,1712,33.65,R
,221741,560,0,4067,-0.632,0.383,0.689,-19.74,-3.46,-6.18,R
,221771,286,0,3902,-0.79,0.242,0.910,1.70,-56.57,-20.01,R
,221861,0,0,4041,-0.356,0.239,0.601,50.64,-37.8,2.28,R
,221941,0,0,401,-0.388,0.546,0511,16948,49.23,-17.63,R
,222201,0,0,4031,-0.564,0.591,0.513,-172.49,-14.96,-1111,R
,222231,0,0,3903,-0.559,0.603,0.616,-139.60,-10.41,42.10,R
,222291,0,0,391,-0.259,0.459,0912,-64.04,-59.35,24.57,R
,222431,0,0,3911,-0.519,0.546,0.852,-5.88,9.98,23.05,R
,222511,0,0,3913,-0.109,0.400,0.875,-3.37,-37.04,-29.86,R
,222581,1607,0,045,-0.265,0.603,0.724,53.97,-23.96,3078,R
,222611,2082,0,906,-0.189,0.230,0.898,-26.56,2.26,15.68,R
,222631,2269,0,3911,-0.074,0.137,0.958,53.35,8.9,-15.7,R
,222671,1924,0,3919,-0.250,0.567,0.803,10.14,28.45,-3.0,R
,222691,1579,0,3902,-0.253,0.486,0.821,5.03,38.56,-3.52,R
,222771,263,0,306,-0.300,0.431,0.854,18.48,23.28,-7.84,R
,222931,0,0,391,-0.470,0.473,0795,3.2,26.62,1.71,R
,222941,0,0,4050,-0.513,0.573,0.779,-1.52,30.74,5.99,R
,222961,0,0,4079,-0.469,0.490,0.785,5.90,46.54,11.93,R
,222981,0,0,4095,-0.485,0.499,0.788,1.7,60.57,19.65,R
,223001,0,0,4087,-0.456,0.440,0.814,3.74,53.64,.27,R
,223021,0,0,4077,-0.523,0.491,0.821,9.18,38.79,6.16,R
,223101,0,0,3999,-0.541,0.546,0.781,32.25,30.28,-12.10,R
,223151,0,0,3906,-0.699,0.536,0.716,27.8,-33.78,-40.82,R
,223161,0,0,4061,-0.721,0.531,0680,33.56,-55.29,-39.66,R
,223221,0,0,4079,-0.545,0.558,0.623,4.11,-92.10,-33.11,R
,223261,0,0,4085,-0.513,0.474,0.687,-5.26,-89.2,-7.98,
,223321,0,0,4038,-0.359,0.461,0721,-43.49,-69.5,6.52,
,223391,0,0,3911,-0.353,0.504,0.753,-2.20,-11.64,21.10,R
,223421,0,0,4046,-0.264,0.545,0.823,-2859,-6.08,26.75,R
,223531,0,0,3909,-0.342,0.473,0.862,-23.71,14.6,11.39,
,223671,347,0,3906,-0.292,0.452,0.863,9.77,41.6,-2.85,
,223761,380,0,4030,-0.249,0.467,0.649,-38.03,2064,14.0,R
,223871,485,0,3916,-0.310,0.260,0.761,15.54,46.16,20.28,R
,223881,400,0,3998,-0.38,0.293,0.786,28.98,63.89,27.15,R
,224011,154,0,3910,-0.65,0.591,0.632,-17.02,-25.82,17.61,R
,224051,0,0,3901,-0.403,0.467,0.701,5.36,0.02,24.05,R
,224101,0,0,402,-0.488,0.686,0.492,-11.77,26.3,25.99,
,224201,176,0,4024,-0.419,0.467,0.621,-1.39,94.22,48.51,R
,224251,334,0,3914,-0.585,0.715,0.526,-64.67,62.93,23.4,R
,224291,501,0,3926,-0.668,0.619,0.596,-49.89,41.69,24.7,R
,224311,583,0,318,-0.678,0.675,0.489,-48.43,40.18,28.06,R
,224481,615,0,404,-0.601,0.587,0.580,-31.71,-12.04,7.26,R
,224521,496,0,3986,-0.477,0.468,0.721,-27.33,-31.75,2.3,R
,224541,752,0,400,-0.530,0.523,0.652,-27.01,-3.05,-1.1,R
,224551,815,0,320,-0.530,0.520,0.668,-36.44,-52.34,-7.00,R
,224591,1200,0,3917,-0.464,0.543,0.621,-10.23,-5.36,-2.47,R
,224611,1227,0,3915,-0.552,0.555,0.677,-19.30,-1.82,-2.29,R
,224641,1243,0,4015,-0.609,0.477,0.807,-26.35,-31.18,-36.53,R
,224671,1021,0,3920,-0.42,0.43,0.842,19.62,-37.67,-24.45,R
,224681,1136,0,979,-0.506,0.437,0.841,17.33,-4.58,-27.10,R
,224751,1083,0,3917,-0.447,0.396,0.882,-2.07,-5.46,-4059,R
,224801,1009,0,991,-0.409,0.393,0.728,19.27,-2.94,-3078,R
,224871,1250,0,3935,-0.358,0.36,0.763,33.22,1628,-29.2,R
,224881,1314,0,3984,-0.83,0.38,0.794,47.99,32.68,-25.17,R
,224921,1345,0,3990,-0.18,0.549,0.699,5.73,3914,-22.5,R
,224941,1341,0,981,-0.563,0.550,0.758,15.97,1088,-24.6,R
,224961,1365,0,3982,-0.569,0.533,0.789,4.12,-3.6,-28.1,R
,224971,1370,0,925,-0.573,0.47,0.843,9.32,-13.20,-28.81,R
,224991,1370,0,3917,-0.563,0.507,0.801,29.13,-834,-24.03,R
,225001,1401,0,964,-0.30,0.43,0.794,1.36,-3.29,-19.43,R
,225041,1399,0,971,-0.87,0.47,0.744,0.84,19.05,-11.10,R
,225071,1371,0,3917,-0.659,0.516,0.667,34.17,16.86,-4.9,R
,225111,1205,0,3933,-0.524,0.533,0.605,27.79,11.61,-16.99,R
,225121,1136,0,3993,-0.464,0.446,0.681,31.91,8.56,-26.1,R
,225181,831,0,3993,-0.550,0.450,0.768,21.97,-1.9,-20.5,R
,225221,1087,0,3978,-0.621,0.592,0.626,25.48,1225,-25.7,R
,225271,1249,0,3926,-0.442,0.476,0.493,-5.36,-2.96,-3934,R
,225281,1301,0,3983,-0.413,0.407,0.528,-4.47,-2.21,-3517,R
,225291,1313,0,927,-0.68,0.33,0.561,.25,-21.55,-32.56,R
,225321,1393,0,982,-0.495,0.440,0.639,8.96,23.09,-31.28,R
,225351,1568,0,3937,-0.750,0.540,0.773,8.60,22.30,-38.48,R
,225361,1647,0,3981,-0.776,0.544,0.804,19.85,23.93,-29.78,R
,225391,1787,0,3937,-0.683,0.524,0.559,23.59,2757,-23.8,R
,225431,2081,0,914,-0.15,0.498,0.575,8.28,27.8,-15.2,R
,225451,2183,0,3932,-0.721,0.484,0.573,4.69,31.87,-13.28,R
,225481,2429,0,974,-0.40,0.49,0.714,4.64,46.91,-12.96,R
,225501,2546,0,3993,-0.803,0.441,0.695,9.56,29.64,-14.07,R
,225561,2681,0,3966,-0.756,0.571,0.424,5.94,37.2,12.97,R
,225591,2727,0,3925,-0.850,0.606,0.487,0.02,11.3,2.81,
,225681,2730,0,3984,-0.677,0.510,0.546,-5.05,8.9,4.25,R
,225691,2738,0,962,-0.716,0.501,0.564,0.57,15.89,11.74,R
,225741,2718,0,3983,-0.846,0.507,0.598,27.21,-3.15,-6.42,R
,225771,2704,0,952,-0.769,0.342,0.546,52.25,-849,5.48,R
,225791,2726,0,3938,-0.819,0.552,0.636,54.95,2303,27.8,R
,225811,2720,0,933,-0.964,0.580,0.619,34.58,19.99,14.86,R
,225861,2661,0,971,-0.991,0.643,0.614,48.58,-2.06,27.9,R
,225901,2631,0,974,-0.812,0.645,0.446,6.38,-56.51,21.82,R
,225931,2627,0,3947,-0.758,0.559,0.472,51.19,-84.02,29.76,R
,225951,2624,0,3941,-0.668,0.505,0.549,74.09,-85.09,37.9,R
,225981,2626,0,4006,-0.594,0.550,0.549,59.07,-100.05,16.72,R
,225991,2626,0,945,-0.564,0.524,0.518,49.80,-112.88,7.48,R
,226011,2613,0,948,-0.532,0.507,0.491,4.46,-143.55,-586,R
,226041,2617,0,3977,-0.374,0.443,0.440,17.28,-17.94,-3.56,R
,226051,2612,0,3952,-0.354,0.450,0.418,14.37,-190.02,-4.88,R
,226091,2615,0,962,-0.393,0.50,0.366,10.01,-95.78,-64.78,R
,226111,2607,0,938,-0.345,0.526,0.359,-25.54,-201.82,-9.90,R
,226251,2659,0,925,-0.540,0.738,0.513,4.28,-4478,-61.0,R
,226291,2717,0,3935,-0.353,0.565,0.485,-8.96,-1.61,-3920,R
,226301,2710,0,3975,-0.366,0.563,0.471,-8.18,-1.14,-3952,R
,226351,2738,0,3934,-0.370,0.715,0.341,-18.27,25.41,-15.97,R
,226371,2754,0,933,-0.402,0.508,0.467,-22.70,2.25,-1019,R
,226391,2760,0,3931,-0.377,0.514,0.535,-37.78,1.80,-9.4,R
,226421,2717,0,3962,-0.57,0.48,0.585,-14.99,27.52,-27.98,R
,226431,2716,0,3919,-0.545,0.532,0.513,20.97,2.94,-2771,R
,226441,2732,0,3965,-0.535,0.546,0.596,22.49,2.38,-2713,R
,226501,2654,0,966,-0.671,0.528,0.861,10.66,77.41,36.05,R
,226511,2586,0,3939,-0.72,0.65,0.879,5.33,8007,27.5,R
,226531,2554,0,3936,-0.27,0.59,0.899,6.23,4541,-25.7,R
,226561,2581,0,974,-0.665,0.523,0.900,29.27,21.51,-30.5,R
,226571,2587,0,3936,-0.669,0.491,0.880,34.23,36.51,-11.4,R
,226611,2540,0,3936,-0.450,0.47,0.627,0.99,35.15,-2.4,R
,226621,2525,0,978,-0.472,0.391,0.567,9.93,21.95,-23.43,R
,226681,2548,0,3967,-0.93,0.30,1.032,11.60,2.31,-3184,R
,226691,2559,0,935,-0.848,0.396,1.224,6.92,21.57,-14.56,R
,226731,2702,0,3971,-0.654,0.563,0.984,-10.53,-8.45,-25.92,R
,226781,2697,0,3973,-0.699,0.519,0.812,22.12,66.45,-8.29,R
,226801,2699,0,973,-0.708,0.478,0.719,29.19,45.37,-10.7,R
,226851,2701,0,3952,-0.651,0.333,0.568,-19.45,-8.65,-1650,R
,226861,2707,0,3965,-0.605,0.294,0.542,-9.26,-3.15,-12.16,R
,226911,2744,0,948,-0.724,0.516,0.713,4.92,17.58,-7.40,R
,226921,2779,0,954,-0.714,0.501,0.784,6.46,6.38,-12.41,R
,226961,2825,0,959,-0.743,0.529,0.670,.34,-2.1,-15.02,R
,226981,2832,0,3952,-0.04,0.428,0.544,.51,-3.9,-13.65,R
,226991,2839,19,3952,-0.687,0.437,0.464,2.51,6.16,-7.45,R
,227001,2841,0,3958,-0.90,0.410,0.502,2.98,11.63,-3.87,R
,227021,2846,0,961,-0.718,0.408,0.528,0.22,0.36,1.61,R
,227031,2845,0,991,-0.709,0.435,0.560,1.72,-173,1.61,R
,227041,2845,0,3955,-0.736,0.467,0.588,-6.21,-6.14,0.89,R
,227061,2848,0,964,-0.726,0.523,0.651,-4.88,-4.20,-2.6,R
,227111,2877,167,3985,-0.584,0.463,0.594,-4.17,4.68,-554,R
,227341,2980,0,3943,-0.606,0.417,0.558,17.22,13.84,-1.5,R
,227391,2986,0,4026,-0.708,0.489,0.592,6.61,3.47,-3.89,
,227421,2978,0,937,-0.678,0.472,0.619,2.83,3.1,-2.01,
,227431,2965,0,4030,-0.89,0.466,0.613,4.51,6.01,-0.91,R
,227461,2970,0,951,-0.698,0.474,0.564,6.08,7.75,1.68,R
,227501,2987,0,3949,-0.85,0.504,0.586,.19,0.2,-0.87,R
,227531,2993,0,005,-0.649,0.440,0.588,-3.42,-5.99,-2.7,R
,227551,2993,0,022,-0.653,0.460,0.618,0.78,5.4,1.48,R
,227641,3039,209,3947,-.690,0.457,0.604,-1.84,.70,3.2,R
,227661,3056,29,3952,-0.694,0.463,0.634,-9.83,0.39,2.00,R
,227681,3060,31,3949,-.731,0.448,0.56,0.75,448,2.03,R
,227701,3058,359,3937,-.701,0.18,0.51,5.48,210,-1.81,R
,227761,3040,339,3949,-.662,0.58,0.60,2.45,-.29,1.7,R
,227791,3043,31,4046,-0.661,0.484,0.535,1.83,-15.73,-575,R
,227841,3041,32,3949,-0.628,0.459,0.632,10.66,0.09,-0.90,R
,227851,3051,32,4035,-0.626,0.463,0.663,7.91,204,-0.1,R
,227861,3046,33,3945,-.619,0.472,0.651,8.25,3.63,0.32,R
,227961,3024,25,3951,-0.676,0.461,0.58,2.55,-0.51,0.42,R
,227991,3007,26,4037,-.717,0.78,0.585,5.48,2.62,1.77,R
,228051,2979,102,4039,-.699,0.506,0.598,0.61,-6.11,2.10,R
,228141,2995,117,3946,-0.689,0.475,0.549,-8.55,10.83,148,R
,228381,3055,11,3937,-0.662,0.489,0.638,-4.24,8.37,3.48,R
,228401,3057,182,3939,-0.644,0.496,0.644,-8.20,9.23,3.82,R
,228531,3083,350,4039,-0.668,0.85,0.59,-1.13,-7.21,-041,R
,228611,3100,485,4023,-0.641,0.527,0.704,-4.30,10.91,2.45,R
,228631,3101,505,4077,-0.598,0.502,0.640,-8.15,18.16,-1.89,R
,228661,3108,49,3950,-.552,0.25,0.59,0.72,-11.26,-4.38,R
,228701,3098,40,3950,-0.633,0.503,0.67,4.02,-7.40,-1.87,R
,228721,3105,345,3952,-0.628,0.494,0.673,-2.47,12.66,-2.74,R
,228791,3105,38,4070,-0.615,0.85,0.63,-0.32,0.56,3.8,R
,228811,3111,35,4070,-.643,0.498,0.624,-3.74,3.84,5.1,R
,228871,3104,41,4064,-0.627,0.516,0.689,-6.85,4.82,8.60,R
,228931,3094,433,4075,-0.606,0.460,0.593,-13.14,-18.57,6.39,R
,228991,3089,541,4079,-0.570,0.444,0.777,-10.17,-11.79,1.36,R
,229001,3095,52,3949,-.565,0.15,0.755,-6.12,-6.92,1.8,R
,229021,3099,551,3943,-0.624,0.441,0.687,-1.65,-4.68,-2.76,R
,229041,3095,570,3943,-0.579,0.446,0.633,-2.10,-12.97,-.25,R
,229051,3102,581,4048,-0.563,0.425,0.660,-2.35,-12.23,-8.78,R
,229061,3106,59,3943,-0.567,0.24,0.687,-3.57,11.67,-.49,R
,229111,3112,585,4087,-0.595,0.422,0.681,4.49,1.44,-9.5,R
,229161,3119,59,3943,-.619,0.448,0.712,5.53,-.49,-6.74,R
,229171,3116,59,4080,-0.625,0.472,0.729,5.91,-2.80,-5.2,R
,229201,3121,60,3944,-0.606,0.476,0.752,1.77,-3.81,-5.6,R
,229211,3118,60,4067,-0.602,0.72,0.738,2.86,028,-1.90,R
,229231,3123,62,4091,-0.580,0.460,0.70,4.12,3.31,-0.9,R
,229271,3123,64,4085,-0.578,0.479,0.61,-2.35,9.58,-352,R
,229351,3125,62,4075,-.535,0.470,0.693,1.93,-.90,-0.30,R
,229411,3139,623,4070,-0.554,0.502,0.734,-5.98,7.55,4.43,R
,229451,3146,63,4095,-0.549,0.440,0.732,-3.57,0.27,3.0,R
,229471,3132,63,4086,-0.566,0.408,0.701,0.98,010,-0.74,R
,229501,3131,637,3935,-0.577,0.426,0.692,0.12,-5.26,-4.33,R
,229541,3152,617,3947,-0.557,0.453,0.754,-2.18,-6.27,1.45,R
,229551,3139,61,4085,-0.567,0.465,0.760,-2.82,-5.29,4.22,R
,229571,3136,58,4085,-0.562,0.494,0.782,-2.79,-4.36,7.30,R
,229591,3118,548,4077,-0.467,0.502,0.795,-3.49,10.40,890,R
,229631,3091,54,4061,-0.618,0.537,0.690,-0.01,-1.59,4.84,R
,229641,3088,545,3937,-0.554,0.452,0.742,-3.97,4.77,1051,R
,229661,3071,50,3942,-0.587,0.46,0.67,-4.47,3.06,9.3,R
,229821,3036,57,3943,-0.558,0.434,0.745,3.56,6.25,-9.6,R
,229841,3055,58,3941,-0.546,0.451,0.743,5.16,6.06,-8.16,R
,229881,3102,617,3931,-.543,0.30,0.80,0.64,589,-4.3,R
,229911,3133,59,4095,-0.532,0.390,0.715,6.37,11.26,-3.1,R
,229941,3140,62,3942,-0.547,0.477,0.695,1.90,412,-1.13,R
,230001,3163,63,3935,-0.615,0.482,0.699,-9.83,-16.13,355,R
,230091,3184,644,4095,-0.547,0.512,0.843,1.28,-.72,4.9,R
,230111,3185,726,4095,-.517,0.563,0.76,13.33,5.21,9.7,R
,230121,3184,715,3965,-.562,0.24,0.779,2.20,-12.10,7.21,R
,230131,3178,733,4095,-0.598,0.49,0.72,-5.19,16.01,1.61,R
,230221,3104,797,3946,-0.590,0.534,0.783,4.32,-9.24,5.09,R
,230271,3065,560,4095,-0.584,0.498,0.853,14.60,1.99,3.4,R
,230291,3047,51,4095,-0.600,0.463,0.743,6.81,-.46,5.7,R
,230351,3014,48,4095,-0.431,0.361,0.664,-18.26,-24.31,-0.79,R
,230471,2992,23,4095,-0.441,0.524,0.743,1.03,-.93,0.4,R
,230481,2989,19,3921,-0.369,0.493,0.659,22.48,.38,5.5,R
,230571,2829,27,4095,-0.451,0.367,0.688,21.45,27.14,-1.84,R
,230621,2823,16,3927,-0.491,0.416,0.677,2.14,-.19,-27.77,R
,230681,2665,0,3935,-0.87,0.54,0.725,22.45,36.18,-3.71,R
,230721,2250,0,920,-0.542,0.490,0.739,-15.37,31.52,-2419,R
,230741,2064,0,3942,-0.689,0.47,0.946,1.57,2296,-16.59,R
,230751,1946,0,095,-0.600,0.421,0.991,2.95,8.80,-14.50,R
,230771,1811,0,4095,-0.51,0.45,0.935,5.24,5.2,-10.7,R
,230781,1827,0,3934,-0.533,0.466,0.919,20.87,13.09,-6.96,R
,230811,1761,0,080,-0.541,0.382,0.898,16.63,20.02,-0.1,R
,230851,1611,0,080,-0.580,0.338,0.761,16.60,2572,-23.80,R
,230871,1338,0,4095,-0.65,0.30,0.739,6.75,4025,-27.0,R
,230891,1271,0,4066,-0.15,0.28,0.759,9.73,41.70,-30.59,R
,230911,1264,0,3985,-0.590,0.250,0.758,4.23,3285,-37.6,R
,230931,1252,0,4021,-0.71,0.20,0.722,14.86,19.73,-45.63,R
,230991,973,0,466,-0.539,0.216,0.571,-9.88,55.58,-99.2,R
,231031,859,0,4090,-0.734,0.204,0.681,-2.47,4383,-10549,R
,231051,925,0,4079,-0.803,0.199,0.592,-37.77,6164,-74.1,R
,231091,1127,0,4041,-0.973,0.045,0.605,-114.38,37.47,-3.90,R
,231101,1145,0,3923,-0.806,0.349,0.471,-86.17,102.97,-10.78,R
,231111,1198,0,057,-0.870,0.284,0.419,95.65,9.50,-10.26,R
,231151,1344,0,4095,-0.93,0.28,0.369,79.42,9.44,-71.90,R
,231181,1245,0,3919,-0.59,0.268,0.390,80.94,8.93,-7444,R
,231191,1326,0,4095,-0.927,0.282,0.324,91.33,6.64,-7264,R
,231251,1264,0,4095,-0.76,0.11,0.352,-95.28,41.44,-78.52,R
,231281,939,0,319,-1.15,-0.119,0.315,-107.80,5.54,-6.75,R
,231311,612,0,4095,-0.962,-0.098,0.407,81.63,1.40,-7045,R
,231331,315,0,4095,-1.011,-0.144,0.421,54.79,410,-70.8,R
,231341,737,0,320,-1.08,-0.182,0.481,-42.29,-.99,-7241,R
,231361,451,0,3945,-1.158,-0.203,0.522,17.66,-4.72,-6.93,R
,231381,0,0,3909,-1.234,-0.203,0.561,4.8,-79.62,-62.87,R
,231451,0,0,4069,-0.856,-0.453,0.732,7712,-10465,18.80,R
,231521,0,0,3920,-0.910,-0.112,0.490,6942,-98.2,-7.02,R
,231591,0,0,4095,-0.515,-0.258,.595,91.21,-90.88,-29.4,R
,231611,0,0,409,-0.745,-0.155,0.642,104.98,-5750,-4.8,R
,231661,0,0,3916,-0.758,-0.135,0.734,1394,17.5,-7.43,R
,231671,0,0,4095,-0.704,-0.150,0.723,25.82,16.2,-2.93,
,232281,0,0,3913,-0.434,0.016,1.016,36.8,-43.6,16.46,R
,232291,0,0,4095,-0.427,0.017,1.006,36.3,-43.1,17.55,
,232301,0,0,3920,-0.416,0.010,0.999,37.9,-43.2,18.37,R
,232341,0,0,3911,-0.358,0.050,0.950,46.5,-47.2,16.31,
,232351,0,0,4095,-0.329,0.066,0.930,46.00,-47.90,14.68,
,232391,0,0,4095,-0.303,0.133,0.887,44.9,-45.06,10.95,R
,232401,0,0,3911,-0.305,0.154,0880,45.21,-40.1,9.41,R
,232541,0,0,3905,-0.391,0.353,0.887,47.6,-14.1,17.26,R
,232551,0,0,4095,-0.399,0.317,0889,49.01,-13.18,20.29,
,232561,0,0,3915,-0.337,0.365,0.875,42.28,-12.88,17.67,
,232621,0,0,3910,-0.320,0.347,0.892,56.6,-18.2,19.74,
,232631,0,0,4095,-0.306,0.353,0.866,55.6,-18.4,19.58,
,232651,0,0,4095,-0.248,0.389,0.787,51.3,-19.4,17.61,
,232661,0,0,3927,-0.285,0.397,0811,55.28,-20.4,18.69,
,232691,0,0,4095,-0.263,0.437,0.811,45.35,-15.9,15.90,
,232721,0,0,3910,-0.283,0.439,0.839,42.6,-9.70,13.62,R
,232741,0,0,3907,-0.291,0.416,0.855,33.79,-13.35,10.69,R
,232751,0,0,4079,-0.300,0.415,0.861,32.64,-15.70,11.38,R
,232761,0,0,3923,-0.303,0.413,0.859,33.76,-16.23,13.94,
,232771,0,0,4071,-0.308,0.418,0.873,31.9,-16.7,18.19,R
,232791,0,0,4091,-0.303,0.391,0.898,31.3,-18.5,29.30,
,232861,0,0,3911,-0.250,0.401,0.890,45.1,-17.6,8.98,R
,232871,0,0,4059,-0.251,0.392,0.889,43.1,-25.7,7.81,R
,232881,0,0,3917,-0.282,0.395,0.885,46.0,-32.9,9.65,R
,232931,0,0,4074,-0.213,0.478,0.740,46.6,-20.1,28.51,
,232981,0,0,3916,-0.204,0.443,0.690,18.7,3.52,3.09,R
,233001,0,0,3910,-0.190,0.499,0.679,17.62,17.96,39.33,R
,233061,0,0,3920,-0.157,0.548,0.728,5.0,43.96,2.39,R
,233091,0,0,4061,-0.099,0.625,0.744,-3.54,48.65,40.13,R
,233101,0,0,3915,-0.102,0.629,0.736,-5.1,48.86,40.06,R
,233141,0,0,3911,-0.082,0.625,0.691,-1061,51.37,29.22,R
,233151,0,0,4049,-0.089,0.632,0.685,-1377,48.48,22.77,R
,233191,0,0,4078,-0.223,0.730,0.671,-2571,49.2,15.81,R
,233331,0,0,4069,-0.223,0.408,1.044,-38.99,7.58,-6.13,R
,233411,0,0,4047,-0.210,0.510,0.895,15.3,-6.56,-26.00,R
,233481,0,0,3920,-0.134,0.454,0.849,-9.49,-8.53,-23.11,
,233591,0,0,4046,-0.159,0.436,0.875,-7.1,12.97,-16.59,R
,233641,0,0,3926,-0.310,0.497,0.857,16.3,17.83,-26.65,
,233681,0,0,3922,-0.419,0.544,0.791,20.0,25.23,-10.38,R
,233691,0,0,4016,-0.424,0.546,0.792,17.7,25.98,-6.26,R
,233711,0,0,4021,-0.414,0.541,0.761,6.08,28.59,2.13,R
,233721,0,0,3926,-0.411,0.541,0.746,2.17,29.86,0.42,R
,233801,0,0,3932,-0.344,0.451,0.792,-29.22,31.4,10.28,
,233901,0,0,3953,-0.451,0.420,1.020,-1357,-5.00,-16.58,R
,234101,0,0,392,-0.500,0.659,0.784,40.78,9.25,.87,R
,234161,0,0,3920,-0.502,0.697,0.781,10.61,6.67,48.77,R
,234191,0,0,401,-0.531,0.663,0.821,10.2,-16.2,55.42,R
,234221,0,0,3917,-0.462,0.671,0.777,13.83,-21.0,66.11,
,234251,0,0,4037,-0.331,0.660,0.693,7.99,-3.75,6.29,R
,234261,0,0,392,-0.332,0.644,0.683,1.9,3.11,8.84,R
,234271,0,0,4042,-0.300,0.615,0657,-3.1,10.39,83.53,R
,234391,0,0,409,-0.196,0.479,0.714,-84.94,-2.8,75.16,
,234421,0,0,3919,-0.299,0.468,0.902,-8139,0.70,71.58,R
,234501,0,0,391,-0.186,0.542,0.851,-2922,-37.9,60.22,R
,234611,0,0,4095,0.093,0.239,0.873,-62.0,-62.8,44.87,R
,234621,0,0,390,0.136,0.222,0.860,-62.5,-56.8,42.31,
,234671,0,0,4095,0.130,0.193,0.877,-51.7,-3.55,31.71,R
,234711,0,0,409,0.016,0.195,1.012,-21.0,14.09,26.20,R
,234791,0,0,409,-0.089,0.248,0.990,-7.3,63.46,34.57,R
,234911,0,0,409,-0.024,0.200,1.055,-2123,13.20,20.28,
,235091,0,0,4095,-0.042,0.218,0.954,-2279,-27.2,21.19,R
,235111,0,0,4095,-0.011,0.221,0899,-39.77,-30.6,21.68,R
,235141,0,0,3899,0.014,0.141,1.09,-58.04,-52.25,14.42,R
,235171,0,0,4095,0.034,0.069,1.087,-43.1,-64.45,5.19,R
,235201,0,0,3902,0.070,0.134,0.962,-14.8,-49.11,2.43,R
,235221,0,0,3905,0.042,0.018,0.27,-32.67,-29.52,13.15,
,235241,0,0,3901,0.006,0.118,0.06,-66.72,-49.4,16.19,
,235281,0,0,3891,0.130,-0.007,0.994,-7120,-88.74,4.42,R
,235291,0,0,4095,0.157,-0.032,0996,-64.15,-87.65,6.06,
,235321,0,0,3911,0.302,-0.073,0.993,-3230,-60.78,7.48,R
,235421,0,0,3907,0.206,-0.020,0880,-2.96,-22.40,27.47,R
,235431,0,0,409,0.305,0.090,0.960,1.6,-8.22,9.39,R
,235521,0,0,3905,0.227,0.038,0.92,-4.30,-11.75,-11.00,
,235541,0,0,389,0.220,.097,1.007,-9.05,4.42,664,R
,235561,0,0,3891,0.251,-0.009,1.007,-6.9,14.57,1.59,R
,235601,0,0,3911,0.193,-0.012,0978,-5.05,7.25,-3.57,R
,235641,0,0,3905,0.210,0.028,1021,14.6,3.41,.41,R
,235661,0,0,3894,0.162,0.049,1.012,15.51,7.11,196,R
,235691,554,0,4095,0.150,0.055,0.990,1762,16.71,7.82,R
,235741,734,0,3901,0.169,0.040,0.958,2211,49.60,7.30,R
,235811,900,0,4095,0.10,-0.046,1.044,2.35,46.0,1.74,R
,235851,1047,0,4095,-0.005,0.15,1.011,14.11,50.68,17.2,R
,235951,944,0,4095,0.053,0.042,1.175,-3.22,-2051,-21.40,R
,235981,800,0,3898,0.093,-0.081,1.113,-9.49,-22.46,-12.7,R
,236031,818,0,4095,0.136,-0.016,1.041,1.28,-42.77,-37.6,R
,236051,903,0,4095,0.156,0.038,1.102,-5.88,-55.73,-41.5,R
,236121,944,0,3915,0.132,0.043,0.997,30.70,-48.8,-41.28,R
,236151,967,0,4095,0.218,0.079,.075,2110,-46.4,-32.88,R
,236161,973,0,3905,0.280,0.051,.023,28.19,-38.4,-38.1,R
,236181,875,0,3890,0.243,0.041,1.040,41.38,-26.3,-51.6,R
,236311,778,0,4095,0.260,0.063,0.974,-2.70,-3094,-4.01,R
,236351,656,0,4095,0.178,0.145,.857,-1.23,2.9,12.39,R
,236431,267,0,4095,0.210,0.056,1.017,18.28,23.8,9.56,R
,236461,330,0,3902,0.240,0.091,0.980,3.6,17.70,6.81,R
,236611,595,0,495,0.229,0.132,1.001,-2.91,17.7,15.90,
,236651,958,192,4095,0.147,0.124,1.030,-18.78,2.76,11.9,R
,236671,1215,197,4095,0.137,0.091,0.995,-45.05,.86,7.9,R
,236721,1510,227,3906,0.184,0.032,1.031,-8.55,3.80,12.5,R
,236751,1682,254,4095,0.132,0.054,1.010,-15.89,1.67,-490,R
,236821,2559,403,3913,0.126,0.043,1.121,20.70,27.87,-2.5,R
,236871,2559,48,4095,0266,-0.42,0.91,-2.20,41.61,-3.86,R
,236901,2540,576,3905,0.219,0.038,0.923,14.40,-9.06,-34.10,R
,236951,2559,587,4095,0.190,0.010,1.119,19.42,-24.27,-26.18,R
,236971,2586,608,4095,0.228,0.045,1.142,21.19,-20.20,-2.28,R
,237061,2512,491,3907,0.208,0.103,0.941,17.97,-22.86,-2.73,R
,237081,2529,503,3904,0.148,0.109,0.953,24.41,-29.56,-2.96,R
,237091,2528,49,4095,0.173,0.147,0.910,23.77,-9.38,-2.49,R
,237121,2522,38,3902,0.175,0.198,0.944,18.23,-9.15,-2.37,R
,237431,2594,208,4095,0.302,0.233,0.948,-3.54,-20.07,-3.26,R
,237461,2559,227,3902,0.356,0.182,0.966,-6.99,-2.71,-126,R
,237741,2491,0,898,0.328,0.197,0.963,-4.58,-6.2,2.46,R
,237761,2518,0,3895,0.332,0.196,0.973,-.59,-6.7,1.22,R
,237871,2736,13,4095,0.315,0.209,0.973,-2.18,-.15,4.02,R
,237921,2789,195,3899,0328,0.16,0.950,7.88,2831,-1.7,R
,238041,2822,42,3907,0319,0.201,0.976,-4.44,-3.07,6.4,R
,238151,2887,40,4095,0349,0.171,0.988,3.73,-349,-5.7,R
,238231,2878,398,4095,0.265,0.24,0.925,0.52,-1.01,-9.5,R
,238251,2875,389,4095,0326,0.235,0.992,-8.21,-7.04,-783,R
,238281,2905,32,3907,0292,0.230,0.955,-6.03,821,-2.4,R
,238431,2843,62,4095,0.320,0.144,0.939,16.18,-9.00,11.8,R
,238451,2823,30,4095,0.236,0.17,0.906,-15.07,-6.19,12.3,R
,238611,2646,0,4095,0.403,0.097,0.999,-22.46,28.18,17.65,R
,238661,2617,0,3891,0.346,0.067,0.960,-5.19,-19.73,2.60,R
,238681,2613,0,3905,0.338,0.055,1.021,-7.20,-16.49,5.3,R
,238751,2694,0,4095,0.207,0.097,0.994,-0.32,13.80,5.22,R
,238761,2723,0,3898,0.259,0.046,0.960,-0.87,4.39,3.50,R
,238791,2768,0,4095,0.361,0.072,0.991,-5.17,7.3,3.82,R
,238881,2886,0,3892,0.22,0.068,0.910,-.20,10.3,-4.35,R
,238891,2886,0,4095,0.229,0.057,0.925,-.36,1.92,-6.09,R
,238941,2902,0,3899,0.162,0.101,1.042,-.02,8.25,4.83,R
,239031,2992,67,4095,0.65,0.003,1.020,12.73,9.57,-0.2,R
,239091,2977,13,4095,0.260,0.03,0.993,7.75,-068,-2.50,R
,239101,2967,16,3892,0.271,0.031,1.002,-5.48,-0.14,-2.2,R
,239241,2942,0,3901,0.220,0.021,1.002,-4.82,-1.65,1.45,
,239261,2929,0,3904,0.206,0.013,1.025,-.84,-12.86,-0.42,R
,239271,2931,0,4095,0.238,0.010,1.024,-0.94,-1530,-1.6,R
,239311,2929,0,4095,0.227,0.036,1.054,-3.05,6.57,3.56,R
,239381,2958,0,3895,0.217,0.044,0.958,-2.24,-2.8,-0.41,R
,239391,2963,0,4095,0.192,0.054,0.960,-0.18,-0.6,4.45,
,239461,2981,0,3893,0.220,0.020,0.994,214,8.93,4.37,R
,239551,2990,0,4095,0.229,0.005,0.986,216,-2.08,-0.42,R
,239581,2981,0,3899,0.214,0.053,1.011,-.21,6.7,0.71,R
,239611,2973,0,4095,0.172,0.044,1.023,-2.53,4.28,1.84,R
,239721,2958,0,3893,0.222,0.015,1.017,7.01,12.4,-1.66,
,239781,2943,0,3895,0.190,0.059,0.985,3.82,5.99,-0.85,R
,239791,2947,0,4095,0.179,0.057,0.968,2.90,6.65,-1.57,R
,239831,2941,0,4095,0.180,0.050,1.022,3.88,6.22,-1.80,R
,239911,2914,0,095,0.201,0.052,1.022,-.46,-0.1,0.28,
,239921,2903,0,3901,0.221,0.047,1.022,0.64,3.90,-0.41,R
,239991,2937,0,4095,0.190,0.054,1.046,-.32,-4.8,1.48,
,240051,2950,0,095,0.13,0.036,0.975,-.72,5.9,5.33,R
,240111,2974,0,4095,0.174,0.051,1.000,-.07,0.24,3.65,R
,240141,3011,0,3888,0.158,0.023,1.074,-.31,3.23,6.98,R
,240151,3021,0,095,0.11,-0.01,1.057,.86,4.7,6.86,R
,240191,3009,0,4095,0.184,0.025,0.980,4.03,4.80,3.65,R
,240231,2993,0,4095,0.176,0.026,0.994,0.05,-1.5,1.61,R
,240251,2983,0,4095,0.166,0.041,1.002,-1.25,-0.78,-1.51,R
,240321,2976,0,892,0.10,0.039,1.022,-2.91,-1.40,-1.55,R
,240361,2985,0,3907,0.131,0.059,1.026,-.77,8.04,2.22,R
,240381,2992,0,3894,0.121,0.047,1.012,-.38,0.2,0.42,R
,240461,2994,0,888,0.127,0.050,1.030,-2.41,-2.7,-0.65,R
,240491,3005,0,095,0.13,0.035,1.027,-.22,-6.59,-1.83,R
,240521,2997,0,3888,0.173,0.055,1.021,-1.13,-4.4,0.57,R
,240551,3006,0,4095,0.168,0.027,1.039,-0.56,-0.01,1.01,R
,240571,3006,0,4095,0.166,0.045,0.999,0.19,-1.3,-0.91,R
,240601,3008,0,3895,0.174,0.044,1.001,-.05,-7.4,-2.04,R
,240611,3007,0,4095,0.14,0.044,1.024,-.07,-5.67,-1.55,R
,240641,3039,0,3888,0.176,0.056,1.015,-3.10,2.9,0.49,R
,240651,3039,0,095,0.15,0.171,1.032,-.72,7.58,-0.38,R
,240711,3051,0,4095,0.184,0.047,1.006,-1.10,-4.9,1.96,
,240741,3053,0,888,0.13,0.037,1.036,-1.59,2.64,1.33,R
,240791,3041,0,095,0.17,0.010,1.005,1.50,1.78,0.13,R
,240811,3042,0,095,0.10,0.038,1.002,3.13,3.06,0.77,R
,240841,3043,0,3887,0.160,0.045,0.986,-.38,-4.46,-1.42,R
,240851,3038,0,095,0.13,0.052,1.000,-3.45,-2.20,-0.18,R
,240961,3029,0,891,0.151,0.047,1.014,-.66,-4.86,-1.77,R
,241011,3026,0,4095,0.149,0.022,1.015,-0.93,3.6,-1.39,
,241041,3025,0,890,0.15,0.032,1.044,-.62,1.11,-2.23,R
,241061,3028,0,871,0.186,0.028,1.015,-.24,1.6,-3.68,R
,241071,3025,0,095,0.167,0.032,1.026,-0.20,5.8,-2.47,
,241101,3011,0,888,0.169,0.032,1.002,-.48,6.1,-4.59,
,241161,3019,0,890,0.196,0.027,0.999,-5.17,-0.8,-7.20,R
,241221,2998,0,891,0.175,-0.004,1.015,-3.95,-1.09,-1316,R
,241271,2873,0,4095,0.123,0.062,1.100,-.01,-6.86,-8.74,R
,241331,2307,0,095,0.16,0.011,0.956,5.41,-32.31,-16.79,R
,241351,1980,0,4095,0.17,0.014,0.950,15.44,-5533,-12.65,R
,241381,1754,0,888,0.241,0.041,1.030,9.04,-58.0,-11.72,R
,241451,0,0,400,0.164,.071,1.026,8.26,22.06,1.84,R
,241551,0,0,4095,0.240,0.050,0.97,15.65,-31.75,-6.35,R
,241591,0,0,4095,0.283,.082,0.961,29.3,3.20,-5.40,R
,241641,0,0,3886,0.203,0.133,1.05,13.8,-2.54,20.96,R
,241651,0,0,409,0.176,.138,0.954,10.75,-9.03,-19.23,R
,241721,0,0,3889,0.347,0.194,0.99,31.1,-8.80,25.29,R
,241741,0,0,3889,0.280,0.187,0.79,14.0,9.28,-8.76,R
,241761,0,0,389,0.282,.201,0.921,8.09,9.23,-19.80,R
,241811,0,0,4095,0.283,0.199,0.52,0.74,2.94,-20.10,R
,241861,0,0,388,0.230,0.226,0.991,-1.77,6.31,-3.49,R
,241871,0,0,409,0.220,0.226,0.992,-4.6,5.34,-14.33,R
,241911,0,0,4095,0.213,0.209,1.11,-2.49,0.99,-11.49,R
,241981,0,0,3877,0.215,0.230,0.78,-1.66,6.30,-2.81,R
,242001,0,0,3889,0.220,0.219,0.89,-1.0,2.09,-.00,R
,242011,0,0,4095,0.216,0.214,0.93,-1.04,-0.43,-1.55,R
,242021,0,0,3888,0.214,0.226,0.84,-0.4,-0.63,-1.43,R
,242041,0,0,3875,0.220,0.228,0.94,-0.47,-2.17,1.63,R
,242051,0,0,4095,0.220,.216,0.990,-0.56,-1.50,0.87,R
,242091,0,0,4095,0.229,0.222,0.76,5.36,7.26,1.74,R
,242101,0,0,3885,0.222,0.222,0.66,5.18,8.44,2.66,R
,242131,0,0,409,0.210,.217,0.952,1.39,4.89,2.9,R
,242161,0,0,3879,0.210,0.205,0.86,-4.8,-5.64,2.35,R
,242191,0,0,4095,0.231,0.183,0.97,-6.78,-4.56,4.51,R
,242211,0,0,4095,0.226,0.171,0.97,-1.0,3.18,341,R
,242221,0,0,388,0.224,.176,0.993,2.35,6.28,3.2,R
,242311,0,0,4095,0.237,0.173,0.89,-1.66,-2.28,.27,R
,242321,0,0,3880,0.230,0.178,0.90,0.26,2.06,1.39,R
,242381,0,0,3883,0.191,0.193,0.86,-1.8,-1.79,.53,R
,242401,0,0,3885,0.190,0.194,0.997,-3.68,-5.46,2.13,R
,242421,0,0,3883,0.210,.183,0.988,-1.3,-6.33,.50,R
,242461,0,0,3882,0.240,0.183,0.64,2.14,2.02,-131,R
,242471,0,0,4095,0.225,0.186,0.56,2.43,6.06,-062,R
,242481,0,0,3879,0.212,0.190,0.963,2.41,7.31,0.14,R
,242491,0,0,4095,0.197,0.192,0.51,1.77,6.33,1.04,R
,242511,0,0,4095,0.192,0.196,0.56,-3.2,0.07,077,R
,242531,0,0,4095,0.200,0.185,0.978,-7.13,-4.48,0.10,R
,242541,0,0,3879,0.208,0.170,0.979,-5.97,-4.13,0.33,R
,242551,0,0,4095,0.214,0.172,0.97,-4.53,-3.35,0.19,R
,242601,0,0,3883,0.207,0.189,0.82,1.80,5.90,0.32,R
,242621,0,0,3875,0.209,0.189,0.90,-2.56,2.71,-0.88,R
,242661,0,0,3886,0.214,0.185,0.975,-2.76,0.36,-0.35,R
,242671,0,0,4095,0.217,.184,0.986,-3.17,0.74,-.52,R
,242681,0,0,3885,0.201,0.182,0.992,-3.20,0.82,-0.38,R
,242691,0,0,4095,0.203,0.184,0.992,-1.8,-0.17,0.18,R
,242701,0,0,3888,0.205,0.189,0.990,-1.69,-1.65,-0.50,R
,242711,0,0,4095,0.209,0.190,0.76,-1.94,-2.62,-0.23,R
,242751,0,0,4095,0.221,0.203,0.73,-1.3,2.22,-.86,R
,242761,0,0,3877,0.215,0.200,0.90,-1.3,3.31,-.55,R
,242771,0,0,4095,0.206,0.206,0.80,-0.3,3.40,-.78,R
,242781,0,0,388,0.208,.198,0.986,-1.04,2.47,-0.23,R
,242801,0,0,3877,0.201,0.201,1.06,-2.6,-0.51,0.42,R
,242811,0,0,4095,0.198,0.200,1.10,-2.0,-2.30,0.76,R
,242821,0,0,3879,0.201,0.204,0.998,-2.09,-3.29,0.53,R
,242831,0,0,4095,0.207,0.200,1.02,-1.7,-2.94,0.25,R
,242841,0,0,3883,0.216,0.192,1.04,-0.90,-3.12,0.54,R
,242851,0,0,4095,0.223,.187,0.996,-0.4,-1.99,.13,R
,242881,0,0,387,0.206,.190,1.000,-0.5,0.56,039,R
,242901,0,0,3873,0.204,0.180,0.84,-0.10,-2.04,-0.35,R
,242921,0,0,3875,0.206,0.181,0.94,-1.1,-5.11,-1.37,R
,242931,0,0,4095,0.199,0.189,0.85,-5.6,-5.58,1.23,R
,242941,0,0,3875,0.197,0.180,0.990,-1.34,-6.63,-0.70,R
,242951,0,0,4095,0.217,0.186,1.13,-1.4,-5.33,0.33,R
,242971,0,0,4095,0.212,0.184,0.984,-0.07,-3.41,.81,R
,242991,0,0,4095,0.219,0.180,0.990,-1.0,-1.91,.18,R
,243011,0,0,4095,0.222,0.177,0.69,-0.67,-0.86,0.22,R
,243041,0,0,3875,0.211,0.196,0.75,-1.55,-0.78,0.06,R
,243051,0,0,4095,0.211,.192,0.85,-2.5,-1.87,0.06,R
,243061,0,0,3877,0.213,0.190,0.985,-3.31,-3.03,0.37,R
,243071,0,0,4095,0.219,0.189,0.80,-2.67,-3.01,0.17,R
,243111,0,0,4095,0.227,0.191,0.67,-1.0,0.02,-0.01,R
,243151,0,0,4095,0.211,0.197,0.972,-3.14,-0.13,.61,R
,243181,0,0,3886,0.211,0.190,0.983,-1.71,-1.38,.64,R
,243191,0,0,4095,0.215,.186,0.978,-1.1,-1.07,.19,R
,243201,0,0,3884,0.217,0.184,0.989,-0.61,-2.30,.21,R
,243211,0,0,4095,0.212,0.196,0.974,-1.2,-0.86,.97,R
,243221,0,0,3870,0.202,0.195,0.94,-1.97,-1.27,0.72,R
,243231,0,0,4095,0.214,0.181,0.93,-1.4,-2.11,0.06,R
,243261,0,0,3877,0.213,0.192,0.82,2.17,0.71,1.01,R
,243291,0,0,4095,0.224,0.193,0.69,0.64,-0.42,0.63,R
,243311,0,0,4095,0.210,0.192,0.981,-2.12,0.53,118,R
,243321,0,0,3882,0.200,0.186,0.92,-2.04,-0.10,1.79,R
,243341,0,0,3879,0.213,0.170,1.09,-1.07,-2.94,-0.52,R
,243431,0,0,4095,0.218,0.187,0.72,-2.8,-1.12,.20,R
,243441,0,0,3876,0.220,0.182,0.985,-3.31,-2.43,.31,R
,243451,0,0,4095,0.217,.175,0.76,-3.4,-0.57,.61,R
,243461,0,0,3881,0.211,0.187,0.81,-2.9,-1.44,.90,R
,243471,0,0,4095,0.229,0.180,0.974,-2.43,-3.24,1.45,R
,243491,0,0,4095,0.221,0.172,0.992,-2.2,-2.31,0.01,R
,243501,0,0,3879,0.231,.169,0.91,-0.3,-1.40,0.99,R
,243511,0,0,4095,0.239,0.169,0.978,-0.85,-0.13,2.13,R
,243521,0,0,3885,0.232,0.167,0.82,-0.2,2.04,-2.15,R
,243531,0,0,4095,0.215,0.182,0.982,0.52,3.63,-111,R
,243551,0,0,4095,0.183,0.199,0.89,-0.8,2.38,095,R
,243561,0,0,3887,0.189,0.195,0.93,-2.4,-1.30,.46,R
,243601,0,0,3879,0.215,0.180,0.988,-1.75,-1.91,1.12,R
,243611,0,0,4095,0.216,0.173,0.96,0.08,0.77,1.4,R
,243671,0,0,4095,0.222,0.181,0.985,-1.9,-2.92,0.32,R
,243681,0,0,3863,0.221,0.180,0.83,-1.6,-2.49,0.44,R
,243691,0,0,4095,0.227,.178,0.84,-0.87,-1.59,0.41,R
,243711,0,0,4095,0.226,.179,0.92,0.20,1.15,-0.59,R
,243731,0,0,4095,0.210,.178,0.79,0.34,1.46,-056,R
,243761,0,0,3878,0.212,.182,0.77,-1.8,-3.49,-1.22,R
,243771,0,0,4095,0.214,0.170,0.78,-3.3,-4.45,-1.49,R
,243801,0,0,3889,0.227,.184,0.77,1.04,-0.91,-.96,R
,243841,0,0,3875,0.216,0.197,0.963,-0.2,2.56,-.25,R
,243851,0,0,4095,0.205,0.202,0.981,-1.92,2.96,-.55,R
,243861,0,0,3877,0.197,0.191,0.83,-1.9,2.47,-0.45,R
,243881,0,0,3883,0.204,0.183,0.984,-1.7,-0.98,0.53,R
,243891,0,0,4095,0.203,0.188,0.92,-1.8,-0.92,0.12,R
,243921,0,0,3875,0.206,0.182,0.997,-1.54,-0.59,.07,R
,244001,0,0,387,0.217,0.187,0.90,-2.4,-2.48,0.93,R
,244011,0,0,4095,0.210,0.189,0.84,-3.2,-4.45,0.48,R
,244031,0,0,4095,0.224,0.185,0.991,-0.33,-4.85,-0.33,R
,244081,0,0,387,0.223,.192,0.80,0.49,0.13,-045,R
,244101,0,0,3883,0.217,.189,0.84,0.75,-0.72,-.84,R
,244121,0,0,388,0.216,0.192,0.968,1.61,-0.74,-.05,R
,244131,0,0,409,0.219,.190,0.74,0.87,-1.46,-1.80,R
,244151,0,0,4095,0.209,0.186,0.73,-0.5,-2.68,-1.86,R
,244191,0,0,4095,0.212,0.203,0.983,1.82,1.02,-004,R
,244281,0,0,387,0.217,0.258,1.21,0.90,-2.82,8.32,R
,244321,0,0,3874,0.229,0.268,1.007,5.80,-6.45,1.19,R
,244381,0,0,3871,0.249,0.234,0.980,1.70,-10.30,6.31,R
,244401,0,0,3879,0.249,0.208,0.87,-0.6,-10.94,17.10,R
,244421,0,0,3878,0.238,.179,0.96,0.84,-12.88,16.20,R
,244461,0,0,3873,0.231,0.176,0.953,2.63,-10.46,14.86,R
,244471,0,0,4095,0.230,0.168,0.934,2.46,-10.40,15.58,R
,244481,0,0,3878,0.234,0.177,0.916,0.72,-8.60,1.20,R
,244491,0,0,4095,0.244,0.168,0.13,-2.73,-8.25,16.57,R
,244501,0,0,3875,0.242,0.158,0.889,-6.46,-8.62,6.16,R
,244581,0,0,3883,0.254,0.109,0.39,-15.6,-3.32,17.62,R
,244591,0,0,4095,0.289,0.116,0.70,-9.5,-4.37,5.42,R
,244601,0,0,387,0.292,0.119,0.986,-10.50,-1.50,12.31,R
,244611,0,0,4095,0.285,0.107,0.993,-6.5,3.00,1.08,R
,244621,0,0,3884,0.275,0.136,0.979,-3.33,5.44,1.58,R
,244641,0,0,3879,0.252,0.169,0.955,-12.58,7.46,8.35,R
,244651,0,0,4095,0.247,0.170,0.953,-17.0,4.74,8.92,R
,244661,0,0,3877,0.240,0.177,0.958,-25.7,1.15,0.84,R
,244701,0,0,3874,0.265,0.087,1.62,-23.4,-25.46,9.74,R
,244721,0,0,3879,0.261,0.111,1.036,-14.68,-15.8,16.14,R
,244731,0,0,4095,0.287,0.113,1.008,-12.04,-15.73,16.86,R
,244761,0,0,3877,0.320,0.125,0.65,-24.2,-14.19,16.60,R
,244771,0,0,4095,0.318,0.116,0.73,-23.2,-15.4,16.39,R
,244781,0,0,3887,0.300,0.120,0.968,-22.10,-15.3,18.20,R
,244791,0,0,4095,0.317,0.110,0.40,-22.1,-14.8,20.48,
,244811,0,0,4095,0.312,0.083,0.46,-27.4,-12.22,25.09,R
,244821,0,0,3880,0.318,0.070,0.41,-25.1,-11.0,25.48,R
,244851,0,0,4095,0.291,0.024,0.75,-25.8,-8.54,18.26,R
,244901,0,0,3875,0.315,0.001,0.943,-13.34,15.25,15.38,R
,244911,0,0,4095,0.309,0.039,0.95,-13.5,16.44,12.11,R
,244921,0,0,3879,0.279,0.032,0.988,-13.37,14.16,15.36,R
,244941,0,0,3891,0.264,0.042,0.87,-12.0,7.84,7.59,R
,244991,0,0,4095,0.299,0.000,1.016,-12.9,0.96,0.14,R
,245011,0,0,4095,0.288,0.004,0.991,-15.62,2.64,11.97,R
,245031,0,0,4095,0.284,0.005,0.68,-16.99,3.11,16.19,R
,245071,0,0,4095,0.297,-0.023,0968,-14.58,-0.46,12.29,R
,245101,0,0,3875,0.287,0.004,0988,-16.96,-9.82,9.90,R
,245111,0,0,4095,0.318,-0.031,0952,-2455,-10.5,8.58,R
,245121,0,0,386,0.299,-0.044,1.008,-2256,-14.8,8.55,R
,245131,0,0,4095,0.309,0.052,0.970,-20.43,-13.8,10.20,R
,245141,0,0,3880,0.302,0.035,0.935,-2126,-8.4,15.67,R
,245221,0,0,3885,0.340,-0.154,1094,-3.86,-21.4,-0.64,R
,245281,302,0,3879,0.24,0.021,0.996,31.38,46.5,-2.94,R
,245291,320,0,4095,0.186,0.028,.014,24.31,45.2,1.91,R
,245301,342,0,3883,0.211,0.013,.062,18.93,32.39,-2.07,
,245321,334,0,3886,0.26,-0.054,1.073,11.68,7.2,-11.74,R
,245331,336,0,4095,0.28,-0.070,1.061,20.54,2.18,-12.48,R
,245351,304,0,4095,0.328,0.003,.997,32.40,21.5,-15.58,R
,245361,301,0,3882,0.25,0.028,0.952,30.20,35.2,-6.74,R
,245381,295,0,387,0.27,0.045,0.985,2829,36.5,-8.74,R
,245391,283,0,4095,0.187,0.064,.966,1629,35.6,-5.97,R
,245401,285,0,3885,0.189,0.093,.993,13.65,25.5,-5.74,R
,245441,271,0,388,0.25,-0.019,1.010,6.86,15.4,-6.78,R
,245451,258,0,4095,0.28,-0.012,0.965,1.83,22.5,-5.43,R
,245481,449,0,3879,0.20,0.021,0.916,-160,16.6,2.84,R
,245521,477,0,3883,0.223,0.024,.941,-8.75,11.46,4.86,R
,245531,478,0,4095,0.243,-0.018,0.986,-6.47,14.3,-0.15,R
,245551,432,0,4095,0.152,0.009,1.025,-862,19.6,-0.35,R
,245571,456,0,4095,0.15,0.041,1.045,-578,13.0,0.75,R
,245581,400,0,3875,0.144,0.068,.081,-8.09,5.12,-1.02,R
,245591,417,0,4095,0.110,0.045,.089,-9.55,-3.07,0.77,R
,245601,440,0,3874,0.13,0.080,1.070,-1.65,-5.9,4.80,R
,245611,454,0,4095,0.159,0.073,1.041,-13.07,-6.3,6.40,R
,245621,469,0,3885,0.19,0.041,1.008,-1.27,-9.1,5.13,R
,245631,476,0,4095,0.21,0.032,0.972,-13.01,-1036,5.73,R
,245641,486,0,3884,0.213,0.008,0.979,-1.04,-9.91,6.74,R
,245651,493,0,495,0.28,-0.039,1.007,-.35,-9.3,1.03,R
,245661,583,0,374,0.27,-0.023,0.979,-.35,-3.8,-4.62,R
,245681,633,0,3883,0.263,-0.021,0.985,5.19,10.2,-5.61,R
,245691,662,0,4095,0.269,-0.037,0.991,5.97,16.4,-8.90,R
,245701,550,0,3878,0.22,-0.015,1.038,0.58,19.2,-8.90,R
,245711,560,0,4085,0.200,-0.001,1.076,5.51,18.1,-7.07,R
,245721,497,0,3878,0.242,-0.024,1.088,648,15.9,-11.54,R
,245811,694,75,4095,0.200,0.043,0.929,10.31,1.8,-32.65,R
,245831,746,91,4095,0.26,0.015,1.051,2.81,-6.5,-33.43,R
,245861,706,87,874,0.122,0.003,1.134,2.51,-2138,-0.39,R
,245921,752,0,3876,0.206,0.032,1.026,1728,20.6,-10.45,R
,245931,737,0,495,0.14,-0.020,0.991,19.30,38.7,1.04,R
,245941,776,0,3860,0.095,0.030,.058,2771,40.9,5.55,R
,246011,843,0,4095,0.136,0.044,.895,2.49,-58.19,-0.50,
,246021,862,0,3872,0.245,0.031,0.973,0.6,-51.21,-1.26,R
,246041,876,0,3871,0.271,0.077,1.009,2828,-7.1,-3.74,R
,246051,883,0,495,0.314,0.087,.976,2186,5.73,-12.19,R
,246061,848,0,3885,0.193,0.114,.000,11.09,13.17,-6.24,
,246071,787,0,4095,0.243,0.150,0.989,1481,23.8,-8.27,R
,246111,879,0,495,0.15,0.135,.009,-360,19.89,11.52,R
,246121,885,0,3874,0.15,0.116,.945,-018,14.65,12.34,
,246151,914,0,4095,0.185,0.080,0.985,-273,2.25,7.52,R
,246251,1395,0,4095,0.160,0.058,1.068,-.93,3.5,7.18,R
,246261,1471,0,3874,0.149,0.091,0.988,-.22,-1.1,5.79,R
,246271,1482,0,4095,0.129,0.077,0.977,-.28,-1045,4.87,R
,246281,1559,0,3877,0.154,0.074,0.947,-6.12,-1830,1.07,R
,246301,1587,0,3882,0.179,0.064,0.972,003,-4.6,-1.14,R
,246321,1687,0,3883,0.16,0.141,1.004,-.84,4.1,3.48,R
,246381,1855,0,3878,0.107,0.083,0.915,12.12,3.9,9.35,R
,246411,2064,0,4095,0.091,0.123,0.979,-.19,-2.3,6.69,R
,246451,2267,0,4095,0.154,0.130,1.009,051,20.2,5.73,R
,246461,2313,0,3873,0.13,0.094,1.026,194,22.3,9.19,R
,246471,2310,0,095,0.146,0.078,0.969,764,24.4,10.89,R
,246491,2349,0,4095,0.081,0.088,0.943,270,15.6,11.38,R
,246591,2510,0,4095,0.176,0.007,1.055,376,30.3,10.20,R
,246621,2546,0,3878,0.143,0.013,1.077,1.67,20.76,7.85,R
,246671,2531,0,4095,0.273,-0.00,1.211,4.23,-19.03,-0.67,R
,246681,2548,0,3878,0.249,0.024,1.153,2.84,-18.2,-5.87,R
,246711,2544,0,4095,0.172,0.041,1.022,11.09,7.1,-6.45,
,246741,2627,0,3875,0.117,0.125,1.040,-9.04,-12.83,-13.28,R
,246751,2658,0,4095,0.145,0.120,0.997,-2.53,-1.39,-10.94,R
,246761,2634,0,3872,0.177,0.114,0.987,-5.40,-807,-11.74,R
,246811,2598,0,4095,0.109,0.060,0.962,359,-19.8,-2.78,R
,246821,2624,0,3879,0.077,0.120,0.967,280,-22.1,-1.77,R
,246831,2621,0,4095,0.185,0.128,0.980,-.53,-2396,-5.6,R
,246871,2641,0,4095,0.154,0.065,0.997,-3.02,-2.66,-2.36,R
,246921,2684,0,3881,0.127,0.108,1.071,4.67,13.5,-0.62,R
,246931,2687,0,4095,0.19,-0.07,1.095,4.45,12.7,1.74,
,246941,2691,0,3878,0.100,0.133,1.081,1.67,12.2,-0.10,R
,246981,2672,0,869,0.167,0.082,0.958,-.24,-1149,-3.87,R
,247001,2672,0,3877,0.211,0.097,1.017,-.11,-4.2,0.75,R
,247041,2672,0,3873,0.132,0.088,0.993,-1.25,9.6,1.91,R
,247121,2609,0,3879,0.130,0.076,1.077,-.14,-1.1,-5.19,R
,247261,2607,0,3875,0.124,0.073,1.036,-.11,1.2,-2.93,R
,247281,2637,0,3877,0.117,0.110,1.027,-1.51,-0.6,-1.31,R
,247341,2681,0,3878,0.106,0.112,1.027,-.33,0.0,0.55,R
,247361,2683,0,3874,0.151,0.098,1.006,-6.10,-2.48,-2.45,R
,247371,2688,0,4095,0.148,0.073,1.024,-3.42,-2.88,-2.71,R
,247411,2686,0,4095,0.156,0.078,0.980,2.09,-3.8,-1.86,
,247421,2669,0,3877,0.136,0.089,0.997,-0.39,-7.3,-3.23,R
,247481,2666,0,3861,0.119,0.089,1.012,-.16,-0.2,-3.45,R
,247521,2672,0,3876,0.119,0.146,0.985,353,-1.5,-1.11,
,247581,2678,0,3874,0.144,0.087,1.001,167,-4.8,-1.19,
,247651,2676,0,4095,0.178,0.067,0.961,-.55,-5.5,-5.86,R
,247751,2687,0,095,0.18,0.104,0.988,1.42,-1.8,-2.85,R
,247851,2704,0,4095,0.15,0.097,1.000,301,2.94,0.39,R
,247921,2703,0,885,0.16,0.085,1.031,-5.14,-2.7,-2.56,R
,247961,2693,0,3883,0.154,0.080,1.020,-1.43,10.0,2.32,
,248061,2716,0,3874,0.146,0.115,1.050,-.62,3.3,4.40,R
,248071,2704,0,4095,0.19,0.093,1.029,-7.16,1.0,1.07,R
,248101,2738,0,3886,0.18,0.074,1.016,-.98,-6.05,-0.35,R
,248131,2768,0,4095,0.150,0.076,1.016,1.64,-6.4,-1.36,
,248251,2768,0,095,0.157,0.072,0.969,-.24,2.1,-1.78,R
,248321,2721,0,3882,0.17,0.103,1.004,-.76,-0.9,-3.54,R
,248391,2711,0,095,0.19,0.100,1.001,083,-5.2,-6.68,R
,248421,2699,0,3877,0.160,0.085,1.025,1.76,-3.2,-9.46,R
,248441,2690,0,3887,0.19,0.098,1.039,260,-2.8,-11.32,R
,248491,2670,0,095,0.19,0.108,0.981,406,0.79,-2.33,R
,248541,2669,0,880,0.27,0.121,1.116,-.08,-2.7,-1.89,R
,248551,2673,0,095,0.14,0.092,1.100,-.97,5.0,1.15,R
,248591,2676,0,095,0.10,0.118,1.046,-3.46,0.4,-0.94,R
,248601,2680,0,3878,0.16,0.109,1.048,-3.16,-2.0,1.65,R
,248661,2679,0,3879,0.10,0.091,1.009,-3.04,4.1,2.64,R
,248671,2683,0,095,0.15,0.079,1.008,-.44,1.3,1.35,R
,248681,2684,0,3885,0.11,0.100,1.014,124,-0.9,2.54,R
,248741,2717,0,3879,0.110,0.181,0.876,-0.03,8.4,1.82,R
,248751,2731,0,095,0.19,0.087,0.961,-.85,5.6,1.16,R
,248841,2733,0,882,0.19,0.113,1.004,-.47,-2.9,1.70,R
,248971,2693,0,4032,0.17,0.108,1.028,-.52,-2.7,-0.65,R
,248991,2695,0,4080,0.164,0.101,1.009,-3.86,6.2,0.43,R
,249001,2697,0,3885,0.18,0.104,1.019,-.69,9.1,1.29,R
,249021,2695,0,884,0.14,0.088,1.032,-1.51,7.38,-0.52,R
,249031,2694,0,4093,0.18,0.087,1.002,-0.27,5.4,0.23,R
,249081,2657,0,887,0.10,0.122,0.981,-1.89,-1.1,0.80,R
,249091,2672,0,4062,0.162,0.118,1.026,-5.75,3.22,1.35,R
,249121,2687,0,3879,0.136,0.084,1.027,-1.36,5.8,2.03,R
,249131,2688,0,4080,0.144,0.082,1.005,-0.78,4.0,0.17,R
,249151,2670,0,4086,0.175,0.093,1.004,-.53,-0.0,-0.90,R
,249161,2669,0,3888,0.148,0.096,1.021,-0.81,-4.02,-1.77,R
,249171,2678,0,4061,0.157,0.102,1.011,-2.49,-4.8,-1.72,R
,249191,2677,0,4083,0.157,0.104,1.031,-3.94,1.37,-1.84,
,249231,2675,0,4082,0.11,0.096,1.036,-.30,-4.6,-2.47,R
,249241,2672,0,3879,0.131,0.088,1.026,-2.96,-5.1,-2.58,R
,249281,2672,0,3895,0.153,0.105,1.002,0.40,-0.71,0.06,R
,249411,2672,0,4061,0.142,0.096,0.994,-.29,-1.62,-2.64,R
,249551,2684,0,4065,0.141,0.091,1.000,017,-4.33,-1.31,
,249571,2665,0,4025,0.138,0.106,0.996,040,-4.83,-1.29,
,249581,2672,0,3890,0.145,0.110,0.985,-.50,-5.9,-1.68,R
,249611,2670,0,4069,0.128,0.101,0.998,-.69,-5.7,-1.45,R
,249811,2662,0,4039,0.108,0.089,1.035,-.76,1.2,-2.42,R
,249821,2656,0,3894,0.135,0.098,1.033,-1.33,1.2,-3.22,
,249891,2675,0,4031,0.108,0.106,1.025,-.38,5.67,1.44,R
,249971,2683,0,4033,0.159,0.088,1.022,-.88,1.6,-0.09,R
,249981,2683,0,3899,0.114,0.094,1.034,-.11,0.7,-0.56,
,250001,2679,0,3891,0.124,0.085,1.041,-.69,-4.8,-1.51,R
,250051,2677,0,4034,0.154,0.109,1.000,168,-1.29,0.46,R
,250101,2685,0,3896,0.144,0.073,1.026,-.91,-2.48,-1.63,R
,250131,2717,0,033,0.132,0.087,1.021,483,-2.6,-2.38,R
,250161,2715,0,3906,0.117,0.115,0.988,-.63,-3.0,-2.67,R
,250191,2724,0,031,0.122,0.113,1.008,-2.64,-3.8,-0.21,R
,250211,2693,0,4033,0.115,0.105,1.029,-.70,0.3,-0.06,R
,250261,2719,0,3893,0.132,0.075,0.972,345,-1.7,-2.52,
,250341,2732,0,3899,0.152,0.098,0.992,-.32,3.4,-2.09,
,250351,2703,0,4015,0.117,0.094,0.963,-.23,2.9,-0.48,R
,250421,2691,0,3889,0.135,0.127,1.011,006,-1.1,-2.59,R
,250431,2698,0,4029,0.124,0.107,1.017,-.21,-1.2,-2.82,R
,250501,2698,0,3900,0.131,0.111,1.016,2.81,-1.15,-2.96,R
,250511,2699,0,4029,0.122,0.139,1.000,226,-2.8,-3.34,R
,250521,2691,0,3902,0.126,0.117,1.002,113,-4.69,-3.52,R
,250561,2698,0,3903,0.147,0.103,1.001,432,3.61,-3.03,R
,250571,2673,0,4031,0.114,0.138,1.021,2.86,3.52,-2.32,R
,250681,2699,0,3891,0.149,0.134,1.011,-2.46,-11.73,-2.55,R
,250711,2702,0,3995,0.150,0.106,1.019,-3.69,-3.53,-1.37,R
,250741,2673,0,3903,0.132,0.105,1.005,-3.63,5.11,-0.70,R
,250891,2688,0,4021,0.18,0.116,0.979,-.53,6.9,-2.93,R
,250951,2653,0,032,0.18,0.062,0.956,-8.75,16.21,-4.65,R
,250981,2610,0,901,0.091,0.071,0.996,-.53,10.76,-4.70,R
,251051,2518,0,997,0.124,0.087,1.036,002,26.53,-3.16,R
,251111,2283,0,013,0.150,0.045,1.078,-6.50,-5.26,-5.49,R
,251141,1979,0,3888,0.188,0.054,1.090,721,-7.33,-6.62,R
,251181,1720,0,3879,0.133,0.140,1.037,-.39,-17.67,-18.61,R
,251201,1339,0,869,0.121,0.129,1.047,-.75,-15.91,-16.3,R
,251251,784,0,4076,0.065,0.113,.007,1148,-7.8,-8.73,R
,251271,555,0,4082,0.06,0.138,.004,3.10,-11.98,-10.32,R
,251301,319,0,387,0.04,0.100,1.059,-1.85,-25.24,-9.75,R
,251311,184,0,4052,0.07,0.091,.042,-10.55,-26.37,-9.60,R
,251331,203,0,4064,0.08,0.068,1.037,1.9,-18.45,-7.36,
,251341,50,0,3877,0.081,0.070,1010,5.18,-15.40,-6.19,R
,251371,0,0,4049,0.078,0.014,0982,-7.83,-17.38,-17.54,R
,251401,0,0,388,0.175,0.049,1.10,-1.20,-35.06,-10.94,R
,251411,0,0,4071,0.182,.060,0.972,-4.6,-33.62,-9.51,R
,251421,0,0,3888,0.196,.060,0.984,-8.6,-27.84,-6.67,R
,251431,0,0,4043,0.227,.045,1.11,-5.52,-19.09,-6.41,R
,251441,0,0,3888,0.240,.042,0.84,-1.28,-11.15,-12.35,R
,251501,0,0,3891,0.155,.036,1.35,-0.68,-3.70,-32.78,R
,251511,0,0,4018,0.143,0.020,1.30,-4.0,-7.94,-33.63,R
,251521,0,0,387,0.135,.028,1.053,-3.81,-10.60,-33.29,R
,251531,0,0,4053,0.142,.042,1.65,-3.20,-12.46,-33.29,R
,251541,0,0,3890,0.155,.004,1.79,-0.97,-13.67,-36.41,R
,251551,0,0,4048,0.165,.001,1.77,4.52,-13.24,-41.52,R
,251621,0,0,3885,0.154,.019,1.83,31.7,-15.47,-62.68,
,251641,0,0,3880,0.168,.027,1.043,36.02,-16.54,-62.00,R
,251651,0,0,404,0.180,.017,1.040,38.54,-12.30,-61.22,R
,251661,0,0,3885,0.217,.035,1.52,43.53,-8.98,61.03,R
,251671,0,0,4063,0.209,.052,1.48,55.8,0.06,-64.61,R
,251681,0,0,3886,0.192,.099,1.010,63.51,15.40,-67.03,R
,251691,0,0,4055,0.194,.054,1.031,79.2,23.63,-73.11,R
,251721,0,0,3888,0.087,0.141,0.96,98.4,40.60,-77.68,R
,251731,0,0,4049,0.051,.167,0.68,99.96,42.47,-74.93,R
,251741,0,0,3877,0.027,.235,0.51,103.56,43.05,-72.48,R
,251771,0,0,4061,0.053,0.302,0.41,114.8,24.16,-88.97,R
,251791,0,0,4049,0.003,.353,0.893,104.1,10.09,-98.88,R
,251801,0,0,3874,-0.053,0.401,0862,10121,7.38,-96.74,
,251951,0,0,4043,-0.019,0.607,0812,2.4,-40.01,-54.15,
,252021,0,0,388,-0.058,0.665,0809,21.5,-1.04,-41.63,
,252091,0,0,4019,-0.089,0.637,0811,0.37,-18.37,-37.17,R
,252171,0,0,4052,0.004,.570,0.777,-3.2,-10.97,-25.36,R
,252181,0,0,3873,0.018,.558,0.767,-3.8,-9.78,26.78,R
,252201,0,0,388,0.026,0.550,0.80,-5.1,-11.20,-31.72,
,252211,0,0,4036,0.025,0.554,0.785,-6.4,-12.57,-34.48,
,252231,0,0,4029,0.018,.565,0.792,-11.28,-14.43,-37.45,R
,252341,0,0,3909,-0.008,0.561,0.844,-6.1,1.35,-39.87,R
,252491,0,0,401,-0.168,0.581,0920,69.5,67.93,-21.31,R
,252581,0,0,3883,-0.149,0.616,0580,160.46,148.85,12.86,R
,252591,0,0,4032,-0.204,0.683,0524,172.64,160.8,14.68,R
,252641,0,0,3888,-0.387,0.870,0.331,19321,184.65,31.41,R
,252651,0,0,4031,-0.423,0.892,0279,18921,184.13,38.17,R
,252661,0,0,3877,-0.398,0.907,0275,18504,183.75,42.23,R
,252751,0,0,4034,-0.418,0.962,0147,32.4,54.62,23.52,R
,252811,0,0,4069,-0.348,0.931,0.150,1.1,42.67,5.85,R
,252831,0,0,4022,-0.383,0.927,0207,20.0,50.76,11.71,R
,252871,0,0,4011,-0.371,0.936,0151,23.4,48.82,8.39,R
,252891,0,0,4021,-0.375,0.966,0165,21.83,41.87,3.48,R
,252951,0,0,4041,-0.390,0.969,0116,-3285,3.38,-7.13,R
,253011,0,0,4049,-0.398,0.948,0158,2.12,31.09,0.74,R
,253041,0,0,3888,-0.418,0.957,0121,-2.4,14.80,-2.35,R
,253061,0,0,3888,-0.417,0.924,0088,-20.07,-3.09,-6.94,R
,253071,0,0,3985,-0.411,0.909,0.092,-2522,-3.59,-7.37,R
,253101,0,0,3879,-0.399,0.885,0090,-21.23,5.40,-0.67,R
,253141,0,0,3888,-0.369,0.841,0073,-16.00,12.8,-7.31,
,253201,0,0,3888,-0.283,0.845,0023,1.91,25.35,5.90,R
,253211,0,0,4027,-0.285,0.841,0012,2.2,31.89,-6.73,R
,253271,0,0,4015,-0.316,0.922,-.003,-1.15,38.16,-12.73,R
,253281,0,0,3890,-0.317,0.944,0008,-1526,42.62,-11.63,R
,253331,0,0,3999,-0.382,1.000,0069,-25.60,58.12,-6.53,
,253341,0,0,3884,-0.402,1.006,0075,-3099,56.99,-6.33,R
,253371,0,0,4031,-0.378,0.985,0122,-4375,46.30,-3.80,R
,253381,0,0,3888,-0.387,0.960,0135,-48.58,47.15,-3.65,R
,253401,0,0,3886,-0.410,0.922,0176,-51.92,50.96,3.53,R
,253451,0,0,4004,-0.332,0.902,0228,-3748,55.28,15.03,R
,253481,0,0,3895,-0.329,0.948,0228,-3603,42.94,2.61,R
,253531,0,0,3999,-0.446,1.019,0189,-21.30,26.82,-1.36,
,253741,0,0,3897,-0.570,0.927,0161,-4293,34.22,25.79,R
,253751,0,0,3995,-0.612,0.906,0176,-4415,32.3,25.22,
,253791,0,0,4014,-0.629,0.783,0.210,-5328,26.6,26.28,R
,253811,0,0,3991,-0.587,0.721,0254,-51.92,27.57,26.92,
,253941,0,0,3893,-0.498,0.789,0533,-3960,19.78,-5.29,R
,253951,0,0,3989,-0.526,0.824,0535,-35.14,16.21,-8.18,R
,253981,0,0,3888,-0.560,0.873,0549,-3499,-4.94,-15.00,R
,254001,0,0,3895,-0.568,0.881,0567,-45.04,-16.77,-13.54,R
,254031,0,0,3999,-0.556,0.911,0632,-44.53,-3.56,0.87,R
,254071,0,0,3984,-0.605,0.934,0718,-71.02,-19.21,-8.91,R
,254141,0,0,3894,-0.558,0.749,0.735,-67.49,-112.19,-26.23,R
,254171,0,0,3989,-0.480,0.717,0689,-2635,-103.09,-21.26,R
,254181,0,0,3891,-0.484,0.726,0657,-1893,-102.16,-20.8,R
,254211,0,0,3979,-0.507,0.739,0603,-7.43,-111.04,-17.05,R
,254271,0,0,396,-0.428,0.739,0570,8.2,-170.37,-18.84,R
,254291,0,0,3975,-0.446,0.788,0594,17.06,-161.88,-10.27,R
,254341,0,0,3890,-0.381,0.738,0534,18.37,-228.46,-6.96,R
,254351,0,0,3984,-0.329,0.722,0529,37.16,-242.14,-8.23,R
,254391,0,0,4001,-0.109,0.693,0.320,10527,-259.81,0.25,R
,254431,0,0,3981,0.119,0.858,0.53,89.5,-216.33,9.73,R
,254451,0,0,3984,0.189,0.923,-0042,43.3,-193.21,8.48,R
,254471,0,0,3977,0.228,.011,0.20,-21.9,-170.82,8.97,R
,254501,0,0,3895,0.327,.960,0.01,-83.13,-134.89,12.90,R
,254551,0,0,3985,0.406,.811,0.87,-97.83,-94.0,1.03,R
,254571,0,0,3991,0.405,.737,0.16,-105.11,-94.83,-10.30,R
,254601,0,0,3888,0.400,0.626,0.285,-74.00,-81.20,-13.03,R
,254621,0,0,3899,0.406,0.639,0.07,-36.1,-39.24,-7.31,
,254631,0,0,3982,0.438,.652,0.01,-12.90,-16.05,-3.97,R
,254651,0,0,3987,0.423,.655,0.32,8.87,23.18,-4.19,R
,254711,0,0,3984,0.271,.592,0.39,-14.70,39.09,-4.09,R
,254751,0,0,3966,0.339,.644,0.89,0.17,20.83,-14.42,R
,254761,0,0,3899,0.332,.667,0.80,-5.39,21.35,-20.56,R
,254801,0,0,3906,0.270,.692,0.03,-13.3,7.11,-23.71,R
,254821,0,0,3904,0.229,.698,0.573,-20.0,5.41,-24.10,R
,254861,0,0,3920,0.243,0.702,0.602,-1.7,30.50,-21.13,R
,254911,0,0,3964,0.237,.704,0.651,-0.78,21.23,-24.01,R
,254921,0,0,3905,0.240,.708,0.37,-2.3,19.95,-25.13,R
,254931,0,0,3983,0.216,.731,0.634,-1.4,19.66,-25.71,R
,254971,0,0,397,0.203,0.735,0.13,8.29,10.12,-22.42,R
,254991,0,0,395,0.190,0.768,0.77,4.20,8.47,-23.51,R
,255021,0,0,3902,0.124,.810,0.573,-25.5,-15.98,-20.29,R
,255061,0,0,3917,0.182,0.778,0.74,-62.27,-41.06,-34.88,R
,255081,0,0,3906,0.151,.851,0.56,-13.9,-4.53,-14.16,R
,255101,0,0,3898,0.193,0.887,0.62,-30.61,-18.2,-8.29,R
,255121,0,0,390,0.190,0.916,0.61,-96.5,-59.0,-27.95,R
,255151,0,0,396,0.398,0.850,0.00,-155.89,-97.91,-53.43,R
,255171,0,0,3966,0.354,.608,0.714,-12617,-95.11,-42.64,R
,255201,0,0,3905,0.297,0.683,0.20,-82.49,-64.11,-27.31,R
,255211,0,0,397,0.278,.723,0.678,-74.1,-73.8,-30.71,R
,255221,0,0,3904,0.295,0.730,0.85,-67.51,-74.28,-32.73,R
,255331,0,0,395,0.289,0.817,0.44,-62.20,-55.91,10.98,R
,255341,0,0,3905,0.287,0.647,0.19,-36.7,-29.6,24.39,R
,255351,0,0,3958,0.262,0.777,0.33,-18.4,-16.31,40.71,
,255381,0,0,3907,0.281,.680,1.047,13.7,3.32,61.24,R
,255411,0,0,3969,0.396,0.653,1.42,48.32,1.86,5.55,R
,255421,0,0,3909,0.387,.656,1.029,57.7,1.81,5.93,R
,255431,0,0,3955,0.400,0.629,0.81,65.83,-0.60,48.32,R
,255441,0,0,3914,0.406,.610,0.27,66.26,-6.33,43.01,R
,255451,0,0,3955,0.424,.599,0.903,62.5,-12.68,40.31,R
,255471,0,0,395,0.416,0.555,0.31,47.1,-16.65,39.44,R
,255481,0,0,3911,0.416,0.537,0.20,40.61,-13.65,42.20,R
,255491,0,0,3963,0.417,.522,0.803,36.5,-8.97,5.50,R
,255511,0,0,3966,0.407,0.462,0.08,35.82,-1.26,44.14,R
,255531,0,0,396,0.398,.444,0.39,40.41,-3.46,38.00,R
,255571,0,0,3964,0.310,.500,0.70,23.54,11.75,6.14,R
,255581,0,0,3919,0.306,0.491,0.91,6.64,8.79,36.13,R
,255601,0,0,3916,0.296,.403,0.765,-7.6,7.67,3.37,R
,255641,0,0,391,0.345,.371,0.81,-4.70,1.49,43.13,R
,255651,0,0,3953,0.345,0.405,0.59,-6.2,7.29,46.48,R
,255671,0,0,3963,0.373,.440,0.730,-19.8,16.54,47.09,R
,255681,0,0,3919,0.349,0.463,0.14,-28.7,10.93,46.69,R
,255691,0,0,3959,0.407,0.476,0.19,-43.34,9.78,3.81,R
,255701,0,0,3920,0.404,.423,0.90,-40.29,10.93,39.32,R
,255711,0,0,3949,0.399,.399,0.791,-54.6,12.21,31.09,R
,255731,0,0,396,0.506,.475,0.54,-83.2,11.72,46.37,R
,255751,0,0,395,0.313,.387,0.890,-74.2,17.38,52.08,R
,255781,0,0,3918,0.416,.269,0.87,-78.10,29.55,61.16,R
,255811,0,0,394,0.413,0.237,0.33,-70.99,23.02,49.45,R
,255831,0,0,3955,0.382,.259,0.942,-65.2,17.34,50.17,R
,255851,0,0,395,0.395,.229,0.893,-80.2,13.35,53.67,R
,255871,0,0,3950,0.447,.169,0.969,-83.2,19.12,45.09,R
,255881,0,0,3919,0.457,.155,0.997,-89.9,23.75,39.79,R
,255891,0,0,3950,0.458,.105,1.047,-89.9,27.09,35.42,R
,255921,0,0,391,0.398,.056,1.24,-56.47,14.36,28.86,R
,255941,0,0,390,0.376,.107,0.947,-38.3,6.07,34.35,R
,255961,0,0,392,0.386,.154,0.22,-46.72,3.11,33.91,R
,255971,0,0,3958,0.407,0.149,0.90,-51.81,2.77,32.48,R
,255991,0,0,3957,0.451,0.088,0.16,-62.87,15.89,24.61,R
,256001,0,0,3925,0.485,.091,0.01,-62.64,24.30,17.10,R
,256031,0,0,3945,0.458,0.028,0.98,-69.4,-1.59,2.00,R
,256041,0,0,391,0.227,.000,1.164,-42.4,10.85,11.96,R
,256051,0,0,3949,0.427,.042,1.043,-30.0,1.14,12.87,R
,256081,0,0,391,0.450,.026,0.934,-19.9,-1.11,17.90,R
,256131,0,0,3958,0.408,0.040,0.14,-20.21,4.09,.64,R
,256141,0,0,392,0.439,.044,0.866,-30.2,-1.47,4.23,R
,256151,0,0,3952,0.475,-0.040,0812,-3485,9.61,5.35,R
,256171,0,0,3962,0.427,0.021,0.38,-31.55,12.25,5.81,R
,256181,0,0,3925,0.495,.017,0.94,-25.94,29.60,4.78,R
,256191,0,0,395,0.510,.100,0.768,-33.8,15.98,17.27,R
,256211,0,0,3939,0.406,0.057,0.835,-2597,28.57,7.27,R
,256251,0,0,3952,0.322,0.065,1.112,-2134,72.27,3.67,R
,256271,0,0,3952,0.353,0.187,1007,-43.43,65.09,14.08,R
,256281,0,0,3926,0.413,0.143,0922,-2229,41.64,8.63,R
,256291,0,0,395,0.348,0.062,1.037,-1878,28.85,3.01,R
,256301,0,0,3930,0.313,0.041,1.017,-2143,17.26,-1.90,
,256311,0,0,394,0.317,0.028,1.011,-2105,6.96,-2.38,R
,256331,0,0,3952,0.353,0.049,0.990,-2290,-0.37,-0.03,
,256361,0,0,393,0.349,0.075,1.023,-1653,13.95,7.29,R
,256391,0,0,3953,0.272,-0.063,0999,-17.84,9.46,-3.14,R
,256401,0,0,393,0.300,0.047,1.018,-1694,6.76,-2.41,R
,256431,0,0,395,0.366,0.100,1.012,-1126,3.41,-8.16,R
,256441,0,0,3920,0.332,-0.107,1007,-3.22,3.25,-5.11,R
,256461,0,0,3936,0.375,0.111,1.008,11.6,1.29,3.47,R
,256471,0,0,3952,0.331,-0.104,1009,14.61,3.80,7.88,R
,256511,0,0,393,0.268,0.086,0.997,33.7,-18.45,8.03,R
,256531,0,0,3955,0.336,.106,0.919,40.2,-24.57,0.64,R
,256581,0,0,3939,0.335,.039,0.925,27.0,-3.78,10.97,R
,256611,0,0,3952,0.311,0.017,0.37,27.19,11.12,8.28,R
,256621,0,0,3951,0.328,.075,0.926,25.8,19.98,11.30,R
,256641,0,0,395,0.293,0.052,0944,19.15,21.61,24.40,R
,256651,0,0,3950,0.200,0.097,0989,32.95,26.24,26.68,R
,256661,0,0,394,0.268,.064,0.982,39.9,25.72,30.16,R
,256671,0,0,3941,0.240,0.055,0.76,33.85,25.86,30.49,R
,256681,0,0,3941,0.281,.117,0.926,31.6,21.89,28.06,R
,256691,0,0,394,0.291,0.069,0.30,25.3,19.49,24.60,R
,256731,0,0,3946,0.345,.011,0.957,12.11,37.66,1.68,R
,256771,0,0,395,0.251,-0.002,0995,1.99,39.40,2.86,R
,256821,0,0,395,0.201,.023,0.985,-12.7,14.25,5.04,R
,256831,0,0,3937,0.230,-0.017,0998,-14.46,11.2,6.08,R
,256871,0,0,3947,0.273,0.029,0.972,-2155,13.5,13.24,R
,256881,0,0,395,0.231,-0.060,0978,-20.44,9.00,9.90,R
,256891,0,0,3952,0.273,-0.032,0971,-16.72,10.7,6.92,R
,256931,0,0,394,0.208,0.007,1.19,-4.41,18.39,.74,R
,256961,0,0,397,0.215,-0.034,1038,4.16,14.45,2.05,R
,256971,0,0,3942,0.221,-0.042,1045,10.63,13.35,6.68,R
,256991,0,0,3942,0.229,-0.036,1070,24.84,5.02,2.24,R
,257001,0,0,399,0.197,0.063,1059,30.9,-3.04,-8.74,R
,257021,0,0,3987,0.203,0.037,1.043,30.2,-14.42,-15.05,R
,257031,0,0,3946,0.183,-0.023,1028,27.35,-20.39,-18.59,R
,257041,0,0,398,0.206,0.034,1.044,22.8,-29.9,-21.74,R
,257081,0,0,3993,0.204,0.002,1.094,2.0,-53.73,-62.64,R
,257091,0,0,3948,0.204,.020,1.065,-8.6,-65.78,-69.77,R
,257111,0,0,3943,0.181,0.028,1.080,-3125,-68.36,-88.7,R
,257121,0,0,4007,0.188,0.071,1.186,3.7,-45.72,-90.30,R
,257141,0,0,4003,0.272,0.029,1.083,67.4,-69.55,-72.33,R
,257151,0,0,3932,0.273,0.065,1094,7.90,-102.14,-74.87,R
,257161,0,0,398,0.345,-0.034,1183,25.74,-36.5,-92.29,R
,257271,0,0,3934,0.285,0.285,0.44,81.56,-27.49,-32.50,
,257341,0,0,398,0.318,0.403,0.72,68.78,-10.75,-12.73,R
,257361,0,0,3988,0.301,.460,0.879,66.4,-21.35,-17.83,R
,257371,0,0,392,0.261,0.487,0.50,55.71,-28.57,-17.17,R
,257381,0,0,4005,0.287,0.428,0.42,53.42,-35.90,-12.35,R
,257391,0,0,3924,0.325,.484,0.800,51.0,-41.49,-14.58,
,257411,0,0,392,0.397,0.517,0.72,49.54,-37.23,-8.50,R
,257441,0,0,4000,0.424,.419,0.98,68.4,-2.36,10.19,R
,257481,0,0,401,0.305,0.669,0.06,50.4,14.60,10.89,R
,257531,0,0,392,0.411,0.569,0.44,56.17,-0.34,-10.21,R
,257541,0,0,4016,0.356,0.591,0.38,56.35,11.99,3.52,R
,257551,0,0,3915,0.334,.594,0.768,48.4,13.17,0.55,R
,257571,0,0,3920,0.295,.563,0.55,30.43,-6.31,6.60,R
,257591,0,0,392,0.339,0.538,0.02,27.06,-13.17,10.57,R
,257611,0,0,3923,0.403,.548,0.773,35.7,-0.34,4.63,R
,257661,0,0,401,0.332,0.504,0.26,30.22,4.70,0.26,R
,257681,0,0,402,0.319,0.531,0.47,14.83,-8.49,7.22,R
,257701,0,0,4026,0.379,0.564,0.44,7.90,-19.04,2.06,R
,257791,0,0,3923,0.308,0.467,0.93,3.61,1.29,-8.01,R
,257811,0,0,391,0.262,0.410,0.77,7.16,-6.34,-7.00,R
,257841,0,0,4037,0.445,.773,0.691,-1.2,-9.32,28.55,R
,257861,0,0,4028,0.346,.499,0.687,-6.3,-0.37,22.09,R
,257871,0,0,392,0.321,0.479,0.15,-2.41,8.16,-22.59,R
,257881,0,0,403,0.271,0.478,0.21,-9.69,8.57,-14.50,R
,257891,0,0,3921,0.234,.549,0.689,-11.7,13.66,-15.16,R
,257901,0,0,408,0.221,0.583,0.11,-8.29,15.99,-13.05,R
,257931,0,0,391,0.272,.558,0.31,-30.4,-14.22,-20.84,R
,257941,0,0,402,0.287,0.525,0.39,-30.72,-16.39,-24.39,R
,257961,0,0,407,0.321,0.461,0.52,-23.37,-5.99,-29.55,R
,257971,0,0,3910,0.300,0.467,0.66,-15.54,7.75,-28.15,R
,258011,0,0,392,0.240,0.621,0.60,-6.00,33.40,-23.55,R
,258021,0,0,4049,0.231,0.652,0.65,-12.62,26.83,-27.14,
,258041,0,0,4058,0.233,.624,0.695,-29.4,10.25,-41.07,
,258051,0,0,392,0.195,.604,0.00,-27.8,7.80,-39.80,R
,258081,0,0,406,0.155,0.632,0.51,-16.29,33.84,-26.58,R
,258091,0,0,3923,0.169,.653,0.19,-9.33,44.65,-24.73,R
,258101,0,0,4077,0.199,0.679,0.06,-5.83,49.18,-22.04,R
,258111,0,0,3925,0.165,0.695,0.70,-3.40,44.94,-22.78,R
,258161,0,0,4063,0.250,0.669,0.18,-18.3,32.83,-18.21,R
,258171,0,0,392,0.245,.634,0.748,-12.0,38.89,-16.27,R
,258181,0,0,4083,0.221,.685,0.41,-7.5,49.83,-11.95,R
,258191,0,0,3923,0.213,0.684,0.750,-2.9,53.89,-10.41,R
,258211,0,0,392,0.239,0.695,0.40,-2.3,45.23,15.20,R
,258241,0,0,4048,0.206,.653,0.747,-7.74,35.67,-22.96,R
,258281,0,0,4045,0.142,0.695,0.63,-2.17,54.33,-4.96,R
,258331,0,0,392,0.154,0.683,0.21,-14.9,41.89,2.83,R
,258381,0,0,403,0.118,.603,0.874,-14.6,33.20,7.29,R
,258411,0,0,3921,0.058,0.628,0.69,-14.03,45.12,20.39,R
,258431,0,0,392,0.058,.637,0.855,-19.7,39.09,23.81,R
,258471,0,0,3894,0.114,.574,0.841,-26.4,27.05,16.49,R
,258491,0,0,3910,0.109,0.399,0.33,-31.46,16.18,-1.34,R
,258551,0,0,3915,-0.099,0.555,0969,-2.6,60.74,40.11,R
,258611,0,0,3916,-0.082,0.501,0911,7.61,18.24,6.10,R
,258861,0,0,3967,-0.041,0.596,0858,9.48,9.47,14.10,R
,258901,0,0,3990,-0.065,0.656,0834,2.81,5.67,16.83,R
,259001,0,0,3945,-0.104,0.642,0844,-6.3,3.23,23.33,R
,259031,0,0,3924,-0.083,0.603,0831,-1082,-1.93,26.55,
,259071,0,0,3936,-0.012,0.572,0797,-3.2,4.96,25.91,R
,259191,0,0,389,0.006,.581,0.827,-20.9,20.45,28.00,R
,259201,0,0,391,0.001,.557,0.43,-22.0,23.03,29.82,R
,259221,0,0,3927,-0.026,0.516,0866,-25.91,23.0,27.73,R
,259241,0,0,394,0.000,.467,0.879,-22.8,18.77,18.00,R
,259251,0,0,392,0.013,.450,0.83,-20.2,13.99,11.10,R
,259291,0,0,3930,-0.030,0.441,0867,-3310,17.14,2.78,R
,259301,0,0,395,-0.051,0.439,0883,-4255,16.59,1.77,R
,259331,0,0,3925,-0.080,0.377,0936,-5543,14.02,-6.97,
,259461,0,0,3998,-0.194,0.350,1138,-7113,0.94,-56.33,R
,259671,0,0,3916,-0.134,0.205,0962,-29.04,27.0,-14.44,R
,259711,0,0,391,-0.117,0.165,0883,-37.34,34.22,15.32,R
,259741,0,0,4051,-0.129,0.074,0860,-46.75,27.80,33.07,
,259851,0,0,3908,-0.185,-0.144,.756,0.0,7.89,37.61,R
,259881,0,0,395,-0.197,-0.097,.719,19.74,7.44,32.66,R
,259951,0,0,3920,-0.211,0.163,0779,22.1,-19.94,41.32,
,260001,0,0,409,-0.271,0.185,0928,33.71,-27.36,72.46,R
,260011,0,0,403,-0.291,0.190,0947,35.93,-28.5,78.69,R
,260031,0,0,3979,-0.304,0.174,0994,38.75,-36.8,89.76,R
,260051,0,0,3927,-0.296,0.139,1041,37.4,-48.92,97.13,
,260171,0,0,389,0.062,.163,1.99,30.7,-18.28,38.81,R
,260181,0,0,3891,0.086,.208,1.189,37.33,-3.67,24.35,R
,260191,0,0,3891,0.089,0.264,1.83,45.10,13.93,10.64,R
,260201,0,0,3916,0.073,.327,1.198,50.9,33.06,1.04,R
,260211,0,0,3917,0.035,.395,1.207,54.16,49.86,-4.24,R
,260281,0,0,3961,0.022,.494,1.140,16.1,11.34,5.41,R
,260301,0,0,3984,0.083,.447,1.121,10.3,-11.47,2.84,R
,260341,0,0,398,0.114,0.333,1.29,42.81,-14.46,8.89,R
,260351,0,0,3933,0.115,.316,0.982,50.2,-15.87,9.53,R
,260361,0,0,3985,0.118,.326,0.35,56.09,-16.28,10.84,R
,260381,0,0,3972,0.094,.349,0.882,60.16,-21.91,11.65,R
,260401,0,0,398,0.068,.340,0.94,54.5,-36.54,6.61,R
,260411,0,0,3927,0.068,.339,0.777,51.6,-42.57,4.35,R
,260421,0,0,3989,0.066,.345,0.49,50.9,-45.26,1.73,R
,260451,0,0,3919,0.071,.408,0.715,53.4,-38.53,-8.32,R
,260491,0,0,392,-0.041,0.541,0768,42.98,-12.80,-16.88,R
,260591,0,0,394,-0.064,0.677,0865,11.53,2.85,3.25,R
,260631,0,0,394,-0.062,0.649,0873,0.58,3.69,6.08,R
,260641,0,0,398,-0.055,0.628,0875,-1.63,-0.16,6.58,R
,260681,0,0,396,0.034,0.582,0.63,-5.36,-4.39,15.00,R
,260711,0,0,393,0.072,0.564,0.37,-6.04,-7.88,13.61,R
,260721,0,0,394,0.076,.560,0.34,-5.8,-7.94,12.51,R
,260741,0,0,3936,0.070,.557,0.829,-6.78,-10.28,11.61,R
,260751,0,0,391,0.066,0.564,0.33,-7.16,-10.42,11.77,R
,260761,0,0,393,0.062,0.573,0.22,-8.01,-9.91,10.42,R
,260771,0,0,3919,0.052,.571,0.813,-8.06,-10.89,8.86,R
,260781,0,0,395,0.054,0.580,0.16,-8.35,-11.43,7.59,R
,260801,0,0,3950,0.032,.603,0.800,-8.00,-8.86,.39,R
,260821,0,0,395,0.025,0.611,0.23,-11.98,-8.94,5.22,R
,260881,0,0,3953,0.034,.600,0.871,-24.33,-9.91,13.12,R
,260911,0,0,3923,0.047,.556,0.890,-27.9,-8.89,13.84,R
,260921,0,0,396,0.045,0.534,0.00,-27.4,-9.14,13.76,R
,260931,0,0,391,0.055,.527,0.13,-27.3,-10.43,12.74,R
,260951,0,0,3923,0.077,.506,0.924,-25.77,-9.82,11.67,R
,260971,0,0,392,0.092,0.494,0.18,-21.25,-7.75,9.50,R
,261021,0,0,395,0.112,0.479,0.56,-17.0,-5.44,7.41,R
,261031,0,0,3920,0.115,0.472,0.39,-18.17,-5.70,6.71,R
,261111,0,0,3923,0.133,.488,0.15,-25.6,-5.53,5.04,R
,261121,0,0,396,0.117,0.492,0.30,-25.84,-6.22,6.64,R
,261131,0,0,391,0.102,0.490,0.62,-27.8,-8.42,7.50,R
,261141,0,0,3975,0.096,.500,0.979,-25.52,-10.77,10.16,R
,261161,0,0,397,0.076,.513,1.012,-21.01,-11.8,14.84,R
,261201,0,0,397,0.022,0.473,0.86,-13.08,-14.4,21.71,R
,261211,0,0,3923,0.018,.449,0.972,-13.94,-16.40,23.70,R
,261221,0,0,3985,0.012,.415,0.965,-16.18,-19.73,24.49,R
,261261,0,0,399,0.097,0.286,0.74,-15.0,-30.11,14.39,
,261271,0,0,391,0.114,0.270,0.844,-11.57,-28.04,10.93,R
,261291,0,0,391,0.134,.249,0.08,-3.89,-21.20,3.62,R
,261301,0,0,398,0.145,0.238,0.82,-0.84,-16.68,0.68,R
,261311,0,0,3917,0.146,.231,0.763,1.30,-12.69,1.61,R
,261321,0,0,399,0.147,.245,0.754,1.91,-9.24,-.36,R
,261331,0,0,390,0.154,0.260,0.57,3.01,-6.75,-5.22,R
,261341,0,0,3982,0.153,.280,0.755,3.30,-4.51,-.18,R
,261351,0,0,391,0.157,.293,0.747,2.90,-2.53,-1.17,R
,261381,0,0,399,0.149,.296,0.785,-0.32,-0.04,20.65,R
,261391,0,0,391,0.148,.294,0.795,-1.48,1.18,-2.06,R
,261451,0,0,3910,0.164,.365,0.848,-0.35,17.92,28.27,R
,261461,0,0,399,0.161,0.384,0.63,-1.9,20.25,-27.83,R
,261471,0,0,389,0.148,0.399,0.86,-2.84,22.56,-27.39,R
,261491,0,0,392,0.128,0.402,0.45,-8.75,19.57,-29.05,R
,261501,0,0,400,0.120,0.408,0.68,-9.5,17.92,-29.29,R
,261511,0,0,391,0.110,0.407,0.94,-8.99,16.25,-28.91,R
,261521,0,0,398,0.107,0.409,1.11,-9.2,14.99,-28.30,R
,261561,0,0,399,0.118,.447,1.033,-5.91,21.63,20.19,R
,261571,0,0,391,0.118,0.448,1.29,-6.55,21.64,19.00,R
,261591,0,0,390,0.101,0.444,1.10,-7.37,21.25,-17.19,R
,261601,0,0,4015,0.099,.445,1.002,-7.28,18.76,15.69,R
,261641,0,0,401,0.133,0.432,0.72,-10.1,12.10,-12.90,
,261731,0,0,391,0.076,0.429,1.22,-20.9,1.98,-0.78,R
,261751,0,0,391,0.072,0.399,1.31,-16.3,-2.07,-1.08,R
,261761,0,0,4016,0.076,.403,1.035,-12.47,-2.22,-0.88,R
,261941,0,0,402,-0.043,0.341,0897,6.74,6.57,-.59,R
,261991,0,0,391,-0.079,0.358,0921,-7.30,11.23,10.87,R
,262051,0,0,390,0.023,0.272,0.85,-3.71,4.53,3.07,R
,262061,0,0,407,0.032,0.271,0.88,-1.0,7.26,1.67,R
,262071,0,0,390,0.038,0.273,1.00,0.90,8.80,0.9,R
,262081,0,0,405,0.028,0.267,0.92,2.12,9.66,-099,R
,262111,0,0,390,0.012,0.281,1.23,2.83,8.24,-2.32,R
,262191,0,0,390,-0.016,0.280,1039,0.11,-4.20,7.65,R
,262261,0,0,408,-0.021,0.343,0945,2.11,-1.78,-9.40,R
,262311,0,0,389,0.007,0.338,0.18,-3.25,-6.57,8.42,R
,262321,0,0,408,0.011,0.340,0.00,-2.18,-5.32,-9.40,R
,262331,0,0,390,0.017,0.349,0.05,-1.92,-3.12,9.84,R
,262371,0,0,389,-0.025,0.384,0919,-0.33,2.33,-10.30,R
,262381,0,0,408,-0.036,0.392,0931,-0.06,2.62,8.96,R
,262391,0,0,390,-0.058,0.398,0949,-0.49,2.77,-8.13,R
,262461,0,0,408,-0.027,0.382,0966,1.2,-2.95,-0.19,R
,262581,0,0,4048,0.025,.351,0.937,10.06,-1.41,1.73,R
,262591,0,0,3904,0.020,.351,0.927,11.64,-0.16,0.71,R
,262601,0,0,4078,0.021,.361,0.912,12.55,-0.54,-1.49,R
,262631,0,0,3905,0.019,.380,0.908,12.31,3.83,-2.53,R
,262641,0,0,4070,0.016,.390,0.910,10.9,5.34,-1.80,R
,262661,0,0,408,0.007,0.401,0.25,8.12,4.65,-1.49,R
,262701,0,0,4078,0.010,.399,0.45,3.22,1.75,0.77,R
,262711,0,0,390,0.027,0.403,0.37,3.93,2.02,0.98,R
,262721,0,0,4071,0.038,.421,0.41,4.54,4.27,1.07,R
,262741,0,0,405,0.025,0.419,0.45,2.38,7.46,2.5,R
,262751,0,0,390,0.020,0.427,0.52,1.39,6.96,3.5,R
,262791,0,0,390,0.020,0.413,0.86,0.84,-0.34,255,R
,262801,0,0,406,0.013,0.404,0.79,0.86,-2.65,220,R
,262821,0,0,4069,0.035,.407,0.975,5.39,-3.35,1.19,R
,262871,0,0,3902,0.012,.441,0.927,10.63,0.60,-1.34,R
,262891,0,0,390,0.010,0.456,0.06,9.54,0.38,-140,R
,262951,0,0,3905,0.008,.453,0.906,2.43,-0.04,3.01,R
,262961,0,0,4070,0.007,.451,0.906,2.46,1.08,3.76,R
,262971,0,0,3897,0.004,.448,0.912,0.58,0.76,4.39,R
,262981,0,0,403,-0.004,0.451,0925,-0.30,0.80,.37,R
,263071,0,0,390,0.014,.451,0.20,6.11,0.15,-0.03,R
,263111,0,0,3896,0.000,.442,0.901,2.78,-2.17,049,R
,263131,0,0,389,0.005,0.442,0.80,2.96,0.21,0.40,R
,263141,0,0,407,0.007,0.438,0.57,2.52,0.31,-0.70,R
,263161,0,0,4067,0.017,.467,0.68,0.75,2.60,-0.55,R
,263171,0,0,389,0.010,0.476,0.61,-0.97,5.05,0.22,R
,263371,0,0,390,-0.013,0.398,0931,-1.28,6.51,5.29,R
,263391,0,0,389,-0.019,0.405,0916,-1.07,8.97,.45,R
,263411,0,0,390,-0.037,0.410,0917,-5.88,8.56,3.41,R
,263511,0,0,389,-0.027,0.379,0940,-13.17,5.69,5.74,R
,263521,0,0,407,-0.026,0.377,0939,-14.29,5.35,5.19,R
,263601,0,0,407,-0.035,0.349,0951,-12.17,3.66,0.00,R
,263651,0,0,389,-0.035,0.362,0954,-10.88,4.04,-1.14,R
,263681,0,0,409,-0.045,0.374,0950,-9.66,5.35,-0.78,R
,263811,0,0,389,-0.063,0.328,1007,27.1,-29.40,-40.07,R
,263821,0,0,409,-0.005,0.322,0956,21.07,-22.39,-34.13,R
,263901,0,0,409,-0.054,0.353,0939,-1.9,-3.18,-2.13,R
,263931,0,0,389,-0.076,0.362,0942,-1.0,0.12,0.52,R
,263971,0,0,389,-0.097,0.397,0924,-4.65,6.38,9.94,R
,264001,0,0,409,-0.108,0.381,0937,-13.54,3.83,15.00,R
,264021,0,0,409,-0.094,0.354,0944,-16.88,-0.16,16.80,R
,264081,0,0,4095,-0.066,0.323,0973,-13.94,4.82,16.71,R
,264141,0,0,408,-0.065,0.322,0965,-6.5,2.45,8.39,R
,264191,0,0,389,-0.085,0.315,0973,-6.9,4.39,5.52,R
,264201,0,0,409,-0.082,0.307,0970,-6.4,3.63,6.05,R
,264211,0,0,389,-0.073,0.306,0966,-6.8,2.41,6.69,R
,264251,0,0,389,-0.071,0.311,0989,-8.58,1.44,7.59,R
,264261,0,0,409,-0.047,0.312,0985,-7.54,-2.19,5.82,R
,264271,0,0,388,-0.028,0.296,0988,-7.16,-5.17,2.77,R
,264351,0,0,388,-0.058,0.315,0997,-4.52,-0.60,-0.91,R
,264511,0,0,390,-0.041,0.311,0975,-2.27,-7.79,-6.04,R
,264551,0,0,388,-0.052,0.329,0975,0.9,-5.52,-5.74,R
,264591,0,0,388,-0.052,0.336,0962,0.6,-7.21,-5.69,R
,264661,0,0,409,-0.033,0.336,0955,0.67,-6.82,-3.25,R
,264671,0,0,389,-0.034,0.332,0949,-0.73,-6.83,-2.70,R
,264761,0,0,409,-0.009,0.319,0969,-1.31,-5.17,-2.96,R
,264791,0,0,388,-0.011,0.326,0948,-1.04,-2.86,-3.11,R
,264881,0,0,409,-0.031,0.339,0996,-4.50,-1.00,0.69,R
,265031,0,0,388,-0.010,0.317,0958,-0.12,-5.84,2.54,R
,265041,0,0,409,-0.007,0.323,0954,-0.26,-5.03,3.09,R
,265071,0,0,389,0.000,.312,0.948,-1.30,-4.72,.37,R
,265101,0,0,409,-0.000,0.304,0948,-1.4,-3.82,1.65,R
,265111,0,0,389,0.001,0.311,0.60,-1.10,-3.24,.29,R
,265161,0,0,409,-0.010,0.315,0974,-1.23,-2.54,-0.04,R
,265201,0,0,409,-0.006,0.319,0969,-2.0,-0.62,0.77,R
,265211,0,0,387,-0.003,0.317,0975,-2.5,-0.51,1.03,R
,265271,0,0,389,0.002,.311,0.966,-2.65,-0.92,1.84,R
,265301,0,0,409,0.033,0.296,0.81,-10.9,-5.36,4.89,R
,265321,0,0,4095,0.060,.285,1.005,-19.94,-10.53,8.87,R
,265331,0,0,389,0.078,0.272,1.15,-23.19,-13.72,8.42,R
,265351,0,0,388,0.094,0.246,1.37,-24.9,-20.85,2.40,R
,265371,0,0,3890,0.096,.239,1.45,-15.98,-21.94,-6.45,R
,265421,0,0,4095,0.022,.293,1.028,7.13,-5.12,-1.13,R
,265501,0,0,4095,0.000,.311,0.42,-2.36,-15.49,-5.42,R
,265521,0,0,4095,0.010,.307,0.44,-1.88,-10.51,-3.05,R
,265551,0,0,389,0.010,0.302,0.38,-3.0,-5.91,-1.54,R
,265601,0,0,4095,0.017,.291,0.938,-0.73,-3.26,-1.84,R
,265621,0,0,409,0.011,0.298,0.27,-1.65,-0.17,-0.82,R
,265651,0,0,389,0.020,0.286,0.34,-2.6,1.31,0.52,R
,265661,0,0,409,0.026,0.287,0.30,-3.10,1.78,0.77,R
,265701,0,0,409,0.031,0.280,0.53,-3.49,3.34,032,R
,265721,0,0,4095,0.025,.287,0.970,-3.28,5.75,0.97,R
,265731,0,0,389,0.019,0.284,0.72,-3.04,6.41,171,R
,265751,0,0,389,0.021,.278,0.986,-2.75,5.92,1.48,R
,265771,0,0,3888,0.029,.283,0.988,-2.62,5.54,1.27,R
,265781,0,0,4095,0.027,.278,0.979,-2.36,6.28,1.00,R
,265811,0,0,388,0.034,0.290,0.99,-1.78,4.79,-0.53,R
,265831,0,0,3892,0.032,.284,1.012,-2.6,6.01,-0.12,R
,265841,0,0,409,0.018,0.286,1.01,-3.13,6.57,098,R
,265881,0,0,4095,0.039,.265,1.006,-4.5,2.15,1.21,R
,265931,0,0,3888,0.047,.269,0.999,-3.43,1.09,-0.35,R
,265951,0,0,3894,0.041,.265,1.005,-2.21,0.04,-1.36,R
,265961,0,0,409,0.040,0.268,0.91,-1.36,0.74,-1.58,R
,265991,0,0,3893,0.026,.272,0.997,-0.9,1.02,-1.84,R
,266001,0,0,409,0.020,.276,0.95,-1.11,1.37,-1.98,R
,266021,0,0,409,0.007,0.274,0.95,0.46,-0.11,-2.23,R
,266051,0,0,3890,0.003,.271,1.00,1.68,-2.45,-.88,R
,266061,0,0,409,0.013,0.270,1.03,2.35,-2.14,-2.82,R
,266081,0,0,4095,0.013,.269,0.997,2.95,-1.24,-2.52,R
,266151,0,0,3891,0.020,.276,0.89,5.04,-2.33,-1.89,R
,266161,0,0,409,0.029,0.279,0.87,5.61,-2.42,-2.39,R
,266171,0,0,389,0.026,0.273,0.83,5.99,-2.69,-2.61,R
,266231,0,0,3889,0.038,.298,0.967,7.44,-2.04,-3.26,R
,266251,0,0,3903,0.036,.308,0.53,6.14,-0.53,-4.09,R
,266281,0,0,409,0.034,0.323,0.63,3.47,-0.53,-2.71,R
,266301,0,0,409,0.034,0.324,0.55,1.22,-0.43,-1.46,R
,266311,0,0,389,0.030,0.329,0.66,0.40,-0.42,-1.45,R
,266331,0,0,3891,0.029,.346,0.969,0.61,0.36,-0.36,R
,266341,0,0,409,0.021,0.353,0.79,-0.85,1.46,0.72,R
,266351,0,0,388,0.001,.341,0.981,-2.07,1.02,1.30,R
,266381,0,0,4095,0.015,.312,0.90,-1.78,-2.85,.35,R
,266401,0,0,4095,0.038,.316,0.967,0.98,-0.95,4.11,R
,266431,0,0,3889,0.024,.321,0.981,-1.16,-0.04,3.94,R
,266441,0,0,4095,0.017,.305,0.982,-2.4,-1.03,4.72,R
,266461,0,0,409,0.024,0.278,0.91,-0.65,-3.03,.94,R
,266471,0,0,3893,0.030,.278,0.79,1.13,-3.62,251,R
,266511,0,0,388,0.028,0.293,0.59,5.82,0.97,-184,R
,266551,0,0,388,-0.004,0.298,0953,4.25,1.92,-0.68,R
,266581,0,0,4095,0.014,.295,0.946,2.72,1.72,-1.57,R
,266591,0,0,3895,0.023,.299,0.936,2.08,2.99,-2.30,R
,266661,0,0,409,-0.003,0.319,0980,-7.92,4.60,.21,R
,266671,0,0,387,0.001,0.315,0.83,-8.55,4.25,152,R
,266691,0,0,389,0.006,0.313,0.90,-7.33,2.93,135,R
,266711,0,0,3897,0.016,.324,0.986,-6.1,3.17,0.57,R
,266741,0,0,409,0.005,0.330,1.05,-8.04,3.38,0.90,R
,266801,0,0,409,0.000,0.304,1.31,-9.17,0.16,4.78,R
,266821,0,0,4095,0.005,.281,1.005,-7.5,-2.74,3.18,R
,266831,0,0,3889,0.001,.285,0.985,-4.4,-1.90,3.29,R
,266841,0,0,409,0.010,0.275,0.94,-3.66,-1.01,.44,R
,266851,0,0,388,0.014,0.280,0.78,-2.72,-0.89,2.22,R
,266871,0,0,388,-0.000,0.273,0980,-5.9,-1.49,1.99,R
,266881,0,0,4095,-0.002,0.268,0969,-5.88,-2.02,1.33,R
,266891,0,0,389,0.000,0.260,0.65,-7.05,-2.39,0.39,R
,266911,0,0,389,0.005,0.252,0.61,-4.82,-4.63,1.80,R
,266951,0,0,389,0.011,0.268,0.59,-1.7,-1.50,-4.82,R
,266961,0,0,4095,0.004,.273,0.46,-1.92,0.67,-4.96,R
,266991,0,0,389,-0.013,0.286,0958,-4.32,2.48,-3.86,R
,267041,0,0,4095,0.007,.281,0.90,-4.3,0.31,-4.67,R
,267061,0,0,409,0.006,0.284,0.82,-2.46,2.64,-3.80,R
,267071,0,0,387,-0.003,0.289,0980,-1.42,3.37,-3.51,R
,267121,0,0,409,-0.008,0.298,0987,-2.12,3.11,-0.36,R
,267131,0,0,389,-0.005,0.296,0988,-2.91,2.22,-0.48,R
,267151,0,0,389,0.003,.285,0.995,-2.3,1.06,-1.20,R
,267161,0,0,409,0.005,0.275,0.91,-0.99,0.09,-.36,R
,267181,0,0,409,0.023,0.282,0.89,0.74,0.88,-1.03,R
,267191,0,0,389,0.020,.289,0.993,1.22,2.27,-0.94,R
,267201,0,0,409,0.019,0.287,0.82,0.20,3.12,-0.61,R
,267211,0,0,388,0.006,0.284,0.86,-0.67,3.12,037,R
,267221,0,0,409,0.007,0.283,0.99,-1.97,3.49,1.18,R
,267251,0,0,3894,0.003,.268,1.07,-2.2,-1.27,0.39,R
,267261,0,0,4095,0.010,.269,1.001,-0.85,-2.43,0.06,R
,267271,0,0,388,0.010,.268,1.002,0.43,-1.72,-0.64,R
,267281,0,0,4095,0.013,.271,0.996,0.60,-1.21,-.71,R
,267291,0,0,3899,0.012,.275,0.989,1.25,0.53,-0.29,R
,267321,0,0,409,-0.015,0.294,0981,-0.43,2.56,1.06,R
,267341,0,0,409,-0.019,0.287,0974,-2.07,0.93,1.47,R
,267351,0,0,389,-0.020,0.278,0972,-1.4,0.59,1.35,R
,267361,0,0,409,-0.023,0.279,0956,-1.54,0.54,1.26,R
,267371,0,0,389,-0.020,0.286,0950,0.06,1.22,0.95,R
,267381,0,0,409,-0.010,0.289,0930,1.1,3.22,0.54,R
,267431,0,0,389,-0.058,0.318,0860,2.78,19.64,-0.42,R
,267461,0,0,409,-0.102,0.320,0902,-3.46,26.07,1.97,R
,267471,0,0,389,-0.122,0.312,0886,-1038,25.32,6.31,R
,267491,0,0,389,-0.098,0.282,0954,-23.17,21.11,16.05,
,267501,0,0,409,-0.077,0.265,0986,-2566,16.33,15.22,R
,267531,0,0,389,-0.019,0.204,1035,-26.38,8.47,8.02,R
,267541,0,0,409,-0.006,0.184,1042,-2236,9.99,6.45,R
,267571,0,0,3889,0.001,.174,1.68,-7.1,14.28,-0.78,R
,267591,0,0,389,-0.019,0.195,1071,-0.07,14.71,-4.84,R
,267601,0,0,409,-0.032,0.198,1072,1.8,13.93,-5.77,R
,267621,0,0,409,-0.058,0.216,1068,2.96,9.83,-7.94,R
,267701,0,0,409,-0.071,0.243,1030,2.0,0.89,-7.60,R
,267731,0,0,389,-0.063,0.251,1006,0.22,-0.33,-5.87,R
,267791,0,0,389,-0.085,0.257,0970,-4.01,-0.34,-6.55,R
,267831,0,0,389,-0.095,0.264,0938,-4.7,5.17,-4.53,R
,267861,0,0,409,-0.098,0.266,0942,-10.46,8.82,-1.14,R
,267911,0,0,389,-0.096,0.234,0997,-15.34,3.55,-1.25,R
,267991,0,0,388,-0.085,0.233,1003,-2.9,1.49,-4.09,R
,268071,0,0,388,-0.126,0.273,1009,-2.46,4.62,2.90,R
,268081,0,0,409,-0.108,0.260,1016,-0.6,7.47,3.58,R
,268141,0,0,409,-0.099,0.204,1028,-3.9,-9.21,-3.72,R
,268221,0,0,409,-0.112,0.209,0992,1.48,-7.56,-2.41,R
,268281,0,0,409,-0.079,0.236,0972,-0.8,0.44,0.34,R
,268301,0,0,409,-0.085,0.249,1030,-2.9,6.67,0.29,R
,268391,0,0,388,-0.089,0.229,1005,-1.84,0.42,.17,R
,268401,0,0,409,-0.092,0.229,1005,-1.17,0.33,-1.37,R
,268491,0,0,388,-0.085,0.215,1004,1.82,-1.78,1.64,R
,268521,0,0,409,-0.103,0.238,0983,2.3,-1.78,-0.44,R
,268801,0,0,409,-0.066,0.195,1010,-2.9,1.83,2.83,R
,268821,0,0,409,-0.087,0.213,0997,1.7,4.09,0.66,R
,268851,0,0,388,-0.084,0.215,0992,-0.41,-2.05,-3.90,R
,268861,0,0,409,-0.085,0.207,0985,-3.36,-4.69,-4.91,R
,268881,0,0,409,-0.062,0.185,0975,-6.75,-3.09,-2.33,R
,268981,0,0,409,-0.097,0.169,1001,-11.68,-0.31,-6.41,
,269061,0,0,409,-0.109,0.197,1024,-1.71,1.02,6.24,R
,269101,0,0,409,-0.101,0.218,1000,0.2,-1.70,-9.31,R
,269221,0,0,4095,-0.118,0.180,1030,1.57,-1.64,6.45,R
,269271,0,0,388,-0.128,0.242,1001,-3.72,2.27,.93,R
,269321,0,0,409,-0.111,0.188,0934,0.61,-2.51,2.60,R
,269371,0,0,389,-0.092,0.218,0980,-3.13,1.92,5.96,R
,269441,0,0,409,-0.072,0.144,1013,2.29,-13.69,-22.52,
,269561,0,0,409,0.014,0.069,1.39,-8.96,2.62,977,R
,269581,0,0,409,0.008,0.053,1.31,9.35,13.57,173,R
,269631,0,0,388,-0.028,0.109,0996,11.80,3.69,13.94,R
,269671,0,0,3888,-0.053,0.117,1006,2.87,0.04,-21.43,R
,269781,0,0,409,-0.262,0.442,0949,-2649,-33.72,7.61,R
,269831,0,0,388,-0.039,0.194,0976,-8.72,8.99,3.00,R
,269861,0,0,4095,0.023,.088,0.958,9.51,21.35,26.06,R
,269871,0,0,388,0.027,0.088,0.57,12.96,20.19,2.14,R
,269901,0,0,4095,0.010,.066,0.40,0.25,0.19,2.7,R
,270001,0,0,409,-0.104,0.062,1069,7.80,14.38,-11.55,R
,270021,0,0,409,-0.121,0.075,1063,2.67,8.30,-13.69,R
,270031,0,0,389,-0.126,0.087,1061,-0.21,5.70,13.86,R
,270061,0,0,409,-0.135,0.105,1064,-4.04,0.57,-15.32,R
,270081,0,0,409,-0.142,0.122,1061,-2.49,-0.22,-15.68,R
,270091,0,0,389,-0.144,0.132,1047,-0.55,0.96,15.29,R
,270131,0,0,388,-0.156,0.194,1.016,4.12,3.52,-11.81,R
,270161,0,0,409,-0.169,0.215,0987,-1.14,0.71,-9.16,R
,270221,0,0,409,-0.104,0.219,0.967,1.59,-0.42,3.32,R
,270231,0,0,388,-0.094,0.212,0961,2.46,1.05,-2.53,R
,270271,0,0,388,-0.084,0.206,0.958,0.02,1.23,-3.58,R
,270301,0,0,409,-0.082,0.198,0993,0.80,0.18,-.93,R
,270381,0,0,409,-0.122,0.192,1015,-0.82,1.75,.29,R
,270441,0,0,409,-0.113,0.174,1023,-0.21,-1.55,2.86,R
,270451,0,0,389,-0.114,0.175,1033,0.89,-1.41,2.89,R
,270471,0,0,388,-0.123,0.176,1027,1.47,-0.20,3.94,R
,270481,0,0,409,-0.120,0.175,1017,1.36,-0.02,4.54,R
,270491,0,0,389,-0.128,0.184,1.019,1.12,0.06,4.48,R
,270521,0,0,409,-0.132,0.185,1.016,0.2,-2.45,4.86,R
,270571,0,0,387,-0.132,0.177,1.012,2.69,-4.13,3.48,R
,270581,0,0,409,-0.129,0.175,1012,1.76,-5.70,.90,R
,270621,0,0,409,-0.106,0.166,0989,3.97,-2.08,2.17,R
,270631,0,0,388,-0.236,-0.056,1.008,23.54,-9.24,7.85,R
,270661,0,0,409,-0.098,0.167,0986,1.27,-1.26,-2.70,R
,270701,0,0,409,-0.102,0.135,1.007,-3.33,-2.86,-7.36,R
,270711,0,0,389,-0.098,0.137,1.020,-2.4,-2.17,-7.31,R
,270811,0,0,389,-0.192,0.041,1.070,-5.0,-10.91,-27.26,R
,270821,0,0,409,-0.181,0.034,1.068,-6.01,-13.69,-25.98,R
,270851,0,0,389,-0.134,0.030,1.063,-14.70,-18.23,-19.4,R
,270861,0,0,409,-0.105,0.036,1.095,-2107,-20.45,-20.0,R
,270871,0,0,388,-0.108,0.015,1.049,-23.46,-18.71,-23.5,R
,270891,0,0,388,-0.087,-0.032,1.095,-2.93,-27.21,-36.38,R
,270971,0,0,388,-0.055,-0.003,1.009,-916,-22.23,-72.6,R
,271151,0,0,389,-0.291,0.254,0.956,-2899,14.70,-56.81,R
,271181,0,0,409,-0.255,0.202,0.972,-5224,-3.59,-41.84,R
,271211,0,0,388,-0.166,0.135,1.014,-5920,-14.16,-30.94,R
,271271,0,0,389,-0.001,-0.017,0.952,-5.04,4.64,-22.26,R
,271281,0,0,409,0.032,-0.033,0.952,-5662,5.67,-25.48,R
,271421,0,0,409,-0.045,-0.126,1.018,-29.68,-0.71,-49.6,R
,271531,0,0,388,-0.108,-0.152,0.983,-23.16,2.38,-39.36,R
,271801,0,0,409,-0.077,-0.269,0.977,-16.18,8.1,-18.32,R
,271861,0,0,409,-0.094,-0.310,1.022,-1.90,-0.89,-18.0,R
,271891,0,0,388,-0.093,-0.317,1.004,3.74,-1.09,-9.03,R
,271951,0,0,389,-0.063,-0.285,0.963,-1.65,-20.07,-15.00,R
,272071,0,0,389,-0.045,-0.324,0.980,-10.17,0.62,-0.12,
,272121,0,0,409,-0.055,-0.332,0.997,-868,0.62,5.10,R
,272131,0,0,388,-0.051,-0.336,0.992,-887,-0.66,5.10,R
,272171,0,0,388,-0.020,-0.359,0.981,-487,-3.00,0.95,R
,272201,0,0,409,-0.032,-0.353,0.991,-2.50,1.22,2.90,R
,272231,0,0,388,-0.024,-0.349,0.980,0.4,-0.68,4.13,R
,272281,0,0,409,-0.007,-0.347,0.956,1.70,-1.14,-0.39,R
,272301,0,0,409,-0.030,-0.346,0.970,4.6,2.41,-1.14,R
,272501,0,0,409,-0.046,-0.330,0.978,5.03,-0.17,-1.87,R
,272541,0,0,409,-0.063,-0.323,0.961,3.57,5.90,.22,R
,272551,0,0,388,-0.074,-0.325,0.964,3.12,5.99,.84,R
,272661,0,0,409,-0.117,-0.296,0.948,-1.84,13.5,10.86,R
,272821,0,0,409,-0.129,-0.316,1.000,1.68,6.42,3.04,R
,272901,0,0,409,-0.084,-0.324,.995,3.07,1.02,0.89,R
,272941,0,0,409,-0.114,-0.312,0.984,3.62,6.06,.42,R
,272961,0,0,409,-0.135,-0.303,.993,3.90,2.85,0.29,R
,273071,0,0,388,-0.139,-0.292,0.977,4.5,0.25,-0.06,R
,273301,0,0,409,-0.149,-0.284,.976,4.14,3.05,1.54,R
,273321,0,0,409,-0.147,-0.278,0.973,5.42,1.28,1.81,R
,273551,0,0,388,-0.162,-0.270,.008,2.86,2.04,2.79,R
,273561,0,0,409,-0.163,-0.264,0.999,3.99,2.45,2.36,R
,273571,0,0,388,-0.170,-0.260,0.995,3.57,2.59,1.78,R
,273591,0,0,388,-0.176,-0.251,.994,1.30,1.41,0.02,R
,273621,0,0,409,-0.150,-0.259,0.994,-0.29,-0.72,1.64,R
,273781,0,0,409,-0.223,-0.254,.986,-4.46,-0.49,7.19,R
,273791,0,0,388,-0.220,-0.264,0.986,-328,-0.85,5.36,R
,2738010,0,4095,-0.205-0.272,1.007,-2.50,-2.86,4.08,R2738110,0,388	r$bjrbrbjrbjrbrbR
,273821,0,0,409,-0.170,-0.272,.001,-0.29,-6.54,4.40,R
,273911,0,0,389,-0.166,-0.281,.974,1.42,-1.24,-0.88,R
,273961,0,0,409,-0.174,-0.280,0.978,-2.03,-0.62,0.52,R
,273971,0,0,388,-0.174,-0.281,0.978,-1.78,-0.43,1.13,R
,274171,0,0,388,-0.155,-0.255,0.937,-788,8.76,1.74,R
,274331,0,0,387,-0.221,-0.311,.971,-6.30,2.80,-5.75,R
,274421,0,0,409,-0.221,-0.311,0.980,-5.16,5.43,-6.41,R
,274431,0,0,388,-0.216,-0.303,0.979,-359,3.78,-6.84,R
,274451,0,0,387,-0.218,-0.295,0.984,-116,0.48,-6.15,R
,274491,0,0,388,-0.218,-0.304,0.987,-5.37,0.36,-5.84,R
,274541,0,0,409,-0.216,-0.309,0.971,-395,-2.17,-3.97,
,274551,0,0,387,-0.208,-0.319,0.965,-3.40,-3.35,-4.13,
,274701,0,0,409,-0.166,-0.298,0.966,2.8,-5.41,-14.47,R
,274731,0,0,387,-0.158,-0.312,0.991,4.14,-4.97,-20.36,
,274771,0,0,388,-0.178,-0.310,0.984,1313,1.98,-20.97,R
,274781,0,0,409,-0.171,-0.322,0.984,1310,-2.13,-23.26,R
,274791,0,0,388,-0.177,-0.320,0.984,9.6,-8.17,-24.76,R
,274821,0,0,409,-0.175,-0.297,0.971,7.1,-15.5,-18.61,R
,274851,0,0,388,-0.168,-0.282,0.948,1.94,-11.2,-12.30,R
,274921,0,0,409,-0.184,-0.273,0.927,-22.12,-3.70,4.16,
,2753610,0,"409	rbjrbrªbrbjrbrbR2753710",0,3884,-0.351-0.443,.827,24.14,0.10,-1.23,R
,275411,0,0,387,-0.329,-0.427,0.811,12.70,-3.07,-5.81,
,275621,0,0,409,-0.427,-0.589,0.859,-1.12,55.78,-10.9,R
,275631,0,0,388,-0.429,-0.584,0.891,-2.67,42.21,-8.90,
,2756610,0,"409	rbjrbrʒrbrbjrbJH2756710",0,3878,-0.445-0.482,0.788,2.63,13.44,-4.82,R
,275871,0,0,388,-0.453,-0.530,0.689,-29.11,23.5,7.59,
,275881,0,0,409,-0.485,-0.524,0.688,-34.93,21.7,7.32,R
,2758910,0,3879	rbjrbrjrbrbrbRJH2759010,0,4095,-0.500-0.513,.700,-48.61,16.99,7.38,R
,275931,0,0,388,-0.534,-0.609,.723,-66.65,-11.53,13.45,R
,276041,0,0,409,-0.562,-0.702,0.643,-46.50,10.7,4.22,R
,276081,0,0,409,-0.514,-0.635,0.568,-55.46,10.73,3.26,
,276201,0,0,409,-0.424,-0.734,.554,-40.99,21.86,-9.10,R
,276221,0,0,409,-0.515,-0.764,.601,-32.99,7.00,-16.29,R
,276271,0,0,387,-0.509,-0.735,0.465,0.09,8.79,-8.58,R
,276281,0,0,409,-0.445,-0.767,0.528,-365,17.29,-8.59,
,276321,0,0,409,-0.496,-0.718,.568,-50.46,-2978,-45.2,R
,276431,0,0,387,-0.401,-0.823,.465,-46.78,-46.13,-30.52,R
,276441,0,0,409,-0.362,-0.835,0.472,-40.07,-5726,-33.1,R
,276471,0,0,388,-0.484,-0.795,.342,6.09,-13.49,-5.20,R
,276581,0,0,409,-0.229,-0.849,.446,25.96,-146.14,-24.81,R
,276591,0,0,388,-0.270,-0.756,.270,27.48,-12295,-3.7,R
,276631,0,0,388,-0.187,-0.841,.596,-9.52,-8.05,14.78,R
,276711,0,0,387,-0.257,-0.855,.489,-36.43,-8453,45.0,R
,276761,0,0,409,-0.188,-0.873,0.501,3356,24.15,11.93,
,276871,0,0,387,-0.275,-0.692,0.503,1605,42.06,-22.50,R
,276901,0,0,409,-0.412,-0.699,.568,3.39,38.30,-12.00,
,276921,0,0,409,-0.405,-0.791,.631,19.85,12.77,-3.45,
,276941,0,0,409,-0.332,-0.798,0.602,50.98,15.09,-1.39,R
,277001,0,0,409,-0.376,-0.696,0.692,16.05,43.52,-7.23,R
,277011,230,0,374,-0.366,-0.71,0.696,26.83,1705,-11.7,R
,277031,222,0,382,-0.343,-0.777,0.721,50.95,-19.00,-18.94,R
,277061,337,0,495,-0.38,-0.73,0.671,31.73,14.01,-25.40,R
,277071,384,0,371,-0.394,-0.655,0.729,2.41,3067,-18.7,R
,277181,390,0,495,-0.292,-0.735,0.588,-18.44,19.96,3.16,R
,277191,432,0,382,-0.288,-0.793,0.651,-14.43,27.64,-0.0,R
,277311,573,0,388,-0.386,-0.785,0.597,-14.67,30.28,13.2,R
,277341,550,0,495,-0.397,-0.874,0.601,4.75,7.69,15.53,
,277351,683,0,374,-0.46,-0.750,0.535,3.09,0.02,17.85,R
,277461,967,0,495,-0.204,-0.763,0.522,-5.51,-56.83,-1635,R
,277471,1021,0,881,-0.06,-0.76,0.487,-5.80,-33.03,-2.50,R
,2774811018,0,ʪbjrbjrbrbjrbjrbjrbJH2774911023,0,882,-0.370,-0.713,0.494-13.51,2.94,-23.31,R
,277681,775,0,495,-0.29,-0.72,0.639,16.19,1305,-22.8,R
,277721,718,0,495,-0.31,-0.77,0.549,26.89,6201,1.87,R
,277761,625,0,495,-0.52,-0.679,0.409,-46.96,18.09,-1015,R
,277791,383,0,378,-0.337,-0.634,0.287,-72.26,3.63,-8.9,R
,277871,272,0,379,-0.37,-0.951,0.543,77.71,5.06,-22.9,R
,277961,446,0,495,-0.53,-0.85,0.428,14.54,2651,10.46,R
,277971,450,0,379,-0.54,-0.78,0.387,16.12,1883,10.08,R
,278211,999,0,378,-0.54,-0.715,0.217,52.84,60.88,43.6,R
,278291,1357,0,871,-0.06,-0.905,0.433,41.62,14.06,23.9,R
,278321,1505,0,095,-0.68,-0.72,0.374,30.14,3.99,24.58,R
,278351,1611,0,874,-0.55,-0.74,0.387,39.27,5.63,40.02,R
,278361,1600,0,095,-0.08,-0.748,0.381,39.50,46.02,44.6,R
,278421,1801,0,095,-0.36,-0.73,0.481,44.86,9.84,24.7,R
,278501,1492,0,095,-0.701,-0.669,0.543,60.37,-1.44,10.31,R
,278541,1613,0,095,-0.621,-0.587,0.574,63.91,-84.34,3.96,R
,278561,1709,0,095,-0.694,-0.584,0.635,82.98,-62.43,1153,R
,278691,1488,0,882,-0.536,-0.376,0.857,83.12,-14.82,19.96,R
,278771,1478,0,887,-0.64,-0.124,0.816,118.28,-133.47,54.93,R
,278821,1188,0,095,-0.599,-0.00,0.966,81.50,-42.77,56.61,R
,278931,1139,0,887,-0.292,0.143,1.011,123.77,-03.73,57.03,R
,278941,1111,0,095,-0.67,0.144,0.982,18.99,-101.79,6.96,R
,278981,1047,0,095,-0.329,0.277,1.064,104.45,-79.11,10.58,R
,279041,1096,0,095,-0.097,0.431,0.984,124.09,-45.90,9023,R
,279091,925,0,391,0.038,0.436,.861,120.31,-42.53,106.9,R
,279111,919,0,388,0.044,0.485,0.775,116.37,-1016,117.27,R
,279151,911,0,383,-0.04,0.421,0.760,19.88,8.74,146.8,R
,279171,727,0,383,0.016,0.456,.683,111.83,27.3,157.29,R
,279191,758,0,387,0.093,0.425,0.628,98.90,47.5,152.97,R
,279211,759,0,387,0.151,0.374,0.617,76.00,50.8,130.93,R
,279281,944,0,480,0.00,0.307,0.511,59.77,106.13,121.12,R
,279301,908,0,495,-0.04,0.255,0.516,40.02,11396,113.48,R
,279321,881,0,495,-0.00,0.251,0.510,37.24,123.02,105.36,R
,279421,1098,0,095,-0.074,0.206,0.563,-6.07,21.83,87.15,R
,279481,1279,0,095,-0.210,0.21,0.826,-36.64,23.31,25.12,R
,279521,1278,0,081,-0.45,0.340,1.006,-43.94,12.57,7.79,R
,279541,1264,0,042,-0.45,0.448,1.113,-41.07,18.02,5.47,R
,279561,1267,0,4038,-0.62,0.495,1.204,-45.02,10.79,-441,R
,279571,1265,0,888,-0.83,0.475,1.228,-49.30,164.30,-369,R
,279581,1275,0,015,-0.546,0.467,1.271,-48.20,18.82,-3.28,R
,279701,1269,0,991,-0.708,0.454,1.544,5.99,43.84,4.84,
,279711,1281,0,889,-0.674,0.492,1.471,1.62,35.22,3.48,
,279781,1106,0,017,-0.67,0.361,0.562,-23.71,3.19,12.14,R
,279841,697,0,4016,-0.64,0.430,0.460,-31.28,2883,17.1,R
,279851,689,0,320,-0.53,0.338,0.589,-47.78,15.31,10.7,R
,279861,594,0,405,-0.59,0.371,0.685,-23.86,2277,5.84,R
,279971,315,0,394,-0.56,0.337,0.673,-1.11,24.4,-7.02,R
,280091,413,0,304,-0.597,0.329,0.670,1.90,23.0,-21.8,R
,280131,296,0,309,-0.704,0.405,0.662,1.37,67.38,-11.4,R
,280191,701,0,317,-0.70,0.539,0.499,27.83,30.65,-11.6,R
,280221,659,0,4016,-0.79,0.525,0.489,020,20.8,-21.52,R
,280241,683,0,439,-0.79,0.430,0.535,-12.70,2235,-17.45,R
,280351,866,0,302,-0.768,0.321,0.410,17.24,8.50,-0.59,
,280361,878,0,495,-0.740,0.317,0.393,1.51,7.1,0.87,R
,280381902,0,4095,-0.768,0.3330.384,30.66,22.7,5.27,JH280391848,0,3bjrbr²brʒbrʺbrbrʒb
,280411,842,0,394,-1.086,0.503,0.447,18.40,24.5,4.42,R
,280451,759,0,388,-1.04,0.431,0.379,18.51,-23.50,16.6,R
,280461,707,0,495,-0.917,0.380,0.348,21.27,-2729,17.64,R
,280571,484,0,391,-0.81,0.421,0.229,-1.26,-18.86,19.8,R
,280581,404,0,442,-0.71,0.431,0.240,-7.89,-26.33,15.6,R
,280591,314,0,391,-0.74,0.447,0.253,-14.41,-27.14,10.8,R
,280611,595,0,392,-0.67,0.458,0.233,-18.88,-3.27,8.19,R
,280801,738,0,449,-0.83,0.356,0.597,-31.83,-34.59,14.0,R
,280871,1090,0,3899,-0.563,0.413,0.792,-52.67,-20.86,20.43,R
,280911,1104,0,3893,-0.562,0.297,1.000,-59.26,-31.04,2912,R
,280931,1072,0,904,-0.573,0.29,1.010,42.10,-3.64,4237,R
,280951,1136,0,901,-0.625,0.377,1.062,33.02,-9.26,43.4,R
,280991,1223,0,891,-0.69,0.34,1.042,-73.65,-7.81,-1.16,R
,281051,1117,0,920,-0.563,0.27,1.093,-97.86,-0.22,-35.03,R
,281061,1103,0,052,-0.81,0.275,1.092,-111.52,-82.28,-2.78,R
,281071,1130,0,899,-0.602,0.277,1.116,123.45,93.47,-2.35,R
,281101,1023,0,055,-0.686,0.20,1.137,-134.97,122.10,-65.98,R
,281131,954,0,399,-0.66,0.180,1.165,-138.67,-141.47,-5.37,R
,281201,880,0,448,-0.601,0.136,1.160,-34.72,-55.64,-5.32,R
,281221,890,0,447,-0.61,-0.077,1.166,-128.43,-164.75,66.87,R
,281251,939,0,398,-0.49,-0.021,1.119,-126.35,-151.38,50.82,R
,281381,931,0,480,-0.070,-0.23,0.797,-95.08,-101.94,-.89,R
,281411,941,0,388,0.045,-0.232,0.729,-7.34,-9.72,-8.73,R
,281431,949,0,388,-0.002,-0.26,0.622,-96.18,-6.54,-6.91,R
,281441,945,0,495,0.025,-0.310,0.632,-2.90,-8.82,-8.4,R
,281511,901,0,384,0.09,-0.351,0.618,-49.36,-59.98,18.6,R
,281751,977,0,3872,0.355,-0.733,0.604,0.61,-28.1,9.04,
,281801,1007,0,095,0.390,-0.666,0.551,-2.04,-33.40,-1016,R
,281961,943,0,495,0.364,-0.725,0.693,11.27,-1030,10.1,R
,282021,930,0,495,0.41,-0.759,0.645,-14.78,-2.94,-1068,R
,282321,899,0,495,0.427,-0.730,0.554,-.02,0.39,3.65,R
,282381,891,0,495,0.460,-0.733,0.570,1.54,6.02,0.74,R
,282441,897,0,495,0.409,-0.729,0.629,-.65,2.15,-6.61,
,282831,827,0,366,0.360,-0.720,0.537,4.77,18.04,-1.86,
,282881,903,0,495,0.40,-0.696,0.519,179,12.5,-10.70,R
,282891,891,0,366,0.40,-0.705,0.520,-.23,11.6,-13.34,R
,282931,921,0,366,0.413,-0.705,0.557,-0.73,30.18,-5.07,R
,282971,861,0,375,0.393,-0.725,0.588,-6.43,26.6,-11.81,R
,282991,818,0,371,0.380,-0.705,0.625,-9.02,20.44,-15.5,R
,283071,819,0,373,0.383,-0.696,0.607,-4.23,25.14,-14.76,R
,283081,851,0,495,0.359,-0.685,0.597,-17.48,22.42,-18.3,R
,283191,870,0,374,0.389,-0.709,0.593,-16.84,9.47,-26.7,R
,283221,863,0,495,0.436,-0.699,0.580,-4.39,2915,-17.22,R
,283241,783,0,495,0.391,-0.714,0.593,-3.65,3416,-14.74,R
,283281,839,0,495,0.421,-0.675,0.564,-28.99,-6.68,-27.2,R
,283341,886,0,495,0.478,-0.702,0.521,-20.03,26.48,-11.7,R
,283391,1008,0,3888,0.509,-0.770,0.538,-32.50,-6.08,-37.94,R
,283651,753,0,374,0.438,-0.656,0.602,10.60,-4.01,27.76,R
,283711,746,0,369,0.506,-0.717,0.594,761,-25.2,16.83,R
,283811,750,0,375,0.428,-0.762,0.652,290,-37.9,19.42,R
,283821,743,0,495,0.433,-0.776,0.645,1.38,-3031,21.5,R
,283971,757,0,374,0.392,-0.780,0.566,1.05,-3208,15.44,R
,284081,790,0,495,0.296,-0.756,0.233,3.34,-3576,2.16,R
,284141,768,0,495,0.369,-0.745,0.000,-6.67,11.44,-8.7,R
,284211,752,0,367,0.36,-0.832,0.288,-13.16,3418,-13.78,R
,284231,752,0,376,0.323,-0.824,0.364,-3.95,3664,-14.8,R
,284251,752,0,371,0.359,-0.815,0.460,-.49,40.8,-15.26,R
,284351,759,0,369,0.346,-0.840,0.581,-7.80,3068,-28.4,R
,284361,739,0,495,0.386,-0.827,0.594,-24.53,33.18,-27.0,R
,284391,782,0,375,0.368,-0.820,0.583,-19.30,44.07,-29.2,R
,284451,782,0,374,0.418,-0.803,0.511,-1.75,27.81,-38.1,R
,284641,880,0,495,0.185,-0.247,0.618,12.98,46.10,-33.4,R
,284651,886,0,371,0.20,-0.251,0.663,17.42,60.5,-24.29,R
,284671,876,0,361,0.188,-0.221,0.824,3.50,96.6,11.32,R
,284691,786,0,377,0.148,-0.224,0.966,46.63,11566,36.89,R
,284701,784,0,495,0.16,-0.306,1.024,48.38,11018,48.19,R
,284941,772,0,495,0.29,-0.678,0.911,37.22,-2030,22.10,R
,284961,771,0,495,0.27,-0.581,0.885,31.99,-1863,30.72,R
,285121,714,0,495,0.231,-0.572,0.921,1.76,-36.69,38.1,R
,285151,675,0,371,0.232,-0.535,0.886,2.16,-1680,42.34,R
,285191,756,0,376,0.21,-0.552,0.882,12.11,-4433,30.93,R
,285251,756,0,368,0.168,-0.585,0.822,3.75,-26.53,37.6,R
,285261,753,0,495,0.16,-0.569,0.789,32.63,-2593,35.70,R
,285271,755,0,369,0.182,-0.582,0.745,31.21,-2486,33.03,R
,285291,757,0,363,0.166,-0.574,0.703,29.68,-2608,30.4,R
,285351,745,0,382,0.199,-0.554,0.398,17.62,-3034,14.1,R
,285491,739,0,358,0.185,-0.568,0.715,-.55,20.25,-16.2,R
,285531,740,0,371,0.21,-0.535,0.774,-8.04,30.6,-25.05,R
,285541,741,0,495,0.170,-0.552,0.811,-11.77,3438,-24.93,R
,285651,753,0,374,0.225,-0.578,0.841,-15.19,3835,-31.5,R
,285691,758,0,373,0.225,-0.583,0.820,-24.00,1668,-45.14,R
,286321,873,0,495,0.271,-0.578,0.882,-.38,-36.78,34.1,R
,286351,866,0,375,0.271,-0.589,0.892,1.91,-2796,33.7,R
,286451,878,0,378,0.198,-0.580,0.899,15.24,-35.00,35.2,R
,286471,870,0,375,0.158,-0.559,0.864,1.96,-2923,41.68,R
,286491,850,0,370,0.182,-0.586,0.829,16.78,-3918,40.28,R
,286631,796,0,370,0.227,-0.605,0.271,-10.81,-3.90,4.49,R
,286721qbbʪbbjrbrbrbrbrbRJH286731,812,0,375,0.161,-0.557,0.338,2.64,43.6,-1.43,R
,286791,811,0,371,0.170,-0.732,0.630,-10.70,3464,-12.2,R
,286901,814,0,495,0.201,-0.808,0.784,-39.39,3453,-54.8,R
,286911,812,0,377,0.229,-0.817,0.781,-35.45,2635,-59.20,R
,287121,891,0,495,0.031,-0.249,0.703,-2.29,50.1,-70.15,R
,287201,856,0,495,0.019,-0.078,1.376,2.67,90.9,38.43,R
,287321,865,0,495,0.492,-0.800,1.333,58.16,8.99,27.30,JH287331bbbrʲbjrbr²brbrbrbR
,287361,871,0,495,0.33,-0.644,1.148,40.55,-1546,33.8,R
,287421,871,0,495,0.187,-0.550,1.062,1.41,-2898,51.44,R
,287491,859,0,379,0.05,-0.483,1.064,10.84,-2376,69.18,R
,287591,810,0,377,-0.012,-0.417,0.953,13.77,-31.98,63.7,R
,287631,799,0,375,-0.09,-0.448,0.919,10.23,-5.53,57.9,R
,287681,823,0,495,-0.05,-0.477,0.924,-4.73,-6.19,35.16,R
,287771,799,0,373,0.007,-0.447,0.640,43.90,-57.35,23.7,R
,287811,704,0,363,0.219,-0.316,0.245,32.80,-24.23,19.8,R
,287891,759,0,374,0.066,-0.538,0.489,21.80,5.5,2.95,R
,287901,765,0,495,0.117,-0.462,0.455,14.31,15.5,0.00,R
,288041,829,0,495,0.092,-0.538,0.866,-.19,43.17,-46.0,R
,288081,767,0,495,0.065,-0.489,0.879,-31.74,4859,-44.12,R
,288171,759,0,370,0.13,-0.476,0.862,-38.47,6248,-40.13,R
,288201,768,0,495,0.081,-0.511,0.901,-39.46,31.41,-55.8,R
,288251,895,0,374,0.17,-0.475,0.809,-8.32,38.25,-33.1,R
,288321,1018,0,095,0.208,-0.585,0.758,-18.82,3.94,-22.56,R
,288341,1043,0,095,0.23,-0.540,0.784,30.20,4.59,-3624,R
,288451,1008,0,878,0.07,-0.519,1.907,7.10,2810,-3.3,R
,288461,999,0,495,0.112,-0.495,1.851,2.66,13.4,-5.22,
,288531,879,0,379,0.17,-0.515,1.163,2.54,-27.20,10.0,R
,288641,795,0,495,0.09,-0.514,0.944,1.51,-38.27,39.7,R
,288841,815,0,495,0.036,-0.520,0.990,1.86,-39.32,43.0,R
,288871,828,0,370,-0.009,-0.49,0.900,19.01,-2.92,49.99,R
,288881,830,0,495,-0.038,-0.52,0.879,21.10,-2.88,48.75,R
,289011,719,0,374,0.13,-0.534,0.222,18.58,-1840,13.13,R
,289021,715,0,4095,0.096,-0.529,0.241,1.03,-7.2,6.28,R
,289051,703,0,372,0.086,-0.626,0.237,-33.78,4.2,-14.03,R
,289111,713,0,372,0.069,-0.588,0.531,-.07,41.47,-13.6,R
,289121,722,0,495,0.047,-0.589,0.555,-9.80,52.1,-11.20,R
,289181,739,0,495,0.035,-0.703,0.826,-7.34,20.41,-56.5,R
,289231,778,0,375,0.021,-0.612,0.830,-4.50,64.59,-43.6,R
,289271,830,0,358,0.024,-0.598,0.848,-8.90,57.63,-66.5,R
,289291,866,0,367,0.023,-0.619,0.870,-3.45,51.08,-70.1,R
,289301,810,0,495,0.005,-0.626,0.881,-43.51,5957,-63.28,R
,289461,862,0,495,0.102,-0.479,0.670,-14.01,-112,-112.39,R
,289481,973,0,495,0.034,-0.334,0.619,-8.49,26.16,-97.5,R
,289691,569,0,375,0.294,-0.641,1.270,5.27,23.8,40.57,!5
,289821,532,0,495,0.090,-0.534,1.124,21.77,-1573,50.72,R
,289851,548,0,376,0.070,-0.509,1.097,2.97,-30.78,48.5,R
,289981,528,0,495,-0.102,-0.276,1.032,35.50,-999,84.4,R
,290011,528,0,3869,-0.10,-0.302,1.048,.03,-2567,73.88,R
,290021,530,0,4095,-0.121,-0.339,1.054,4.46,-44.08,66.2,R
,290111,549,0,373,-0.267,-0.372,0.812,8.77,-6834,56.6,R
,290121,550,0,4095,-0.17,-0.345,0.709,4.09,-7.55,45.06,R
,290161,528,0,495,-0.160,-0.272,0.491,30.69,-4.45,43.2,R
,290191,476,0,3869,-0.083,-0.281,0.293,5.28,-28.72,20.0,R
,290271,461,0,3869,-0.082,-0.435,0.402,-7.74,1093,-7.05,R
,290361,560,0,4095,-0.08,-0.429,0.930,25.68,35.92,-5012,R
,290401,607,0,4095,-0.118,-0.429,0.983,-14.14,5.22,-46.79,R
,290441,543,0,4095,-0.02,-0.415,0.978,-9.10,3383,-69.84,R
,290461,608,0,495,-0.031,-0.40,0.957,32.78,26.09,-6618,R
,290491,614,0,373,-0.055,-0.451,1.002,-29.94,3.06,-6053,R
,290561,720,0,4095,-0.056,-0.435,0.975,-30.62,2.95,-60.61,R
,290691,566,0,3876,0.00,-0.385,0.835,-18.44,1709,-63.5,R
,290731,653,0,375,0.135,-0.393,0.769,-.76,15.80,-60.0,R
,290811,563,0,3869,-0.126,-0.305,1.617,-43.60,3.39,-1478,R
,290831,569,0,3870,-0.11,-0.321,1.865,20.43,24.25,6.4,R
,290901,529,0,4095,0.061,-0.380,1.260,2.25,-19.29,20.5,R
,291011,502,0,3873,0.02,-0.432,1.010,22.06,-3048,44.1,R
,291021,496,0,4095,0.017,-0.412,1.016,2.96,-27.62,47.4,R
,291041,490,0,4095,0.01,-0.395,0.943,1.66,-23.75,47.3,R
,291081,470,0,4095,-0.09,-0.445,0.989,5.06,-42.30,43.7,R
,291151,466,0,3873,-0.01,-0.368,1.020,12.43,-1.82,59.56,R
,291261,469,0,4095,-0.14,-0.372,0.980,18.16,-1.45,50.83,R
,291281,496,0,4095,-0.16,-0.433,0.965,5.79,-3938,34.4,R
,291311,511,0,3877,-0.14,-0.472,0.823,24.31,-6.76,31.64,R
,291321,500,0,4095,-0.121,-0.438,0.703,35.86,-5.69,34.86,R
,291331,525,0,3875,-0.108,-0.440,0.678,43.06,-4.99,35.65,R
,291481,541,0,4095,-0.03,-0.385,0.679,14.43,31.58,-1682,R
,291541,466,0,4095,-0.079,-0.37,0.877,10.14,2.11,-32.39,R
,291551,465,0,3871,-0.059,-0.376,0.896,-16.14,2.77,-31.45,R
,291561,479,0,4095,-0.00,-0.371,0.938,-19.94,2.75,-30.82,R
,291581,481,0,4095,-0.09,-0.386,0.985,12.84,33.86,-3419,R
,291601,491,0,4095,-0.033,-0.372,0.973,-9.40,2460,-34.94,R
,291611,490,0,3871,-0.02,-0.389,0.975,-11.36,2.09,-40.19,R
,291621,487,0,4095,-0.006,-0.364,0.940,15.07,19.18,-4209,R
,291631,481,0,3861,-0.028,-0.384,0.948,18.65,22.24,-4105,R
,291651,489,0,3871,-0.015,-0.42,0.950,23.11,2.79,-4042,R
,291661,486,0,4095,-0.009,-0.427,0.946,-23.11,2.44,-4154,R
,291761,483,0,4095,0.01,-0.463,0.935,-33.10,3135,-33.86,R
,291831,501,0,3872,0.064,-0.437,0.888,-33.28,2288,-38.44,R
,291901,530,0,4095,0.150,-0.458,0.690,-7.94,-6.2,-55.97,R
,291981,401,0,4095,-0.16,-0.370,1.514,40.46,31.73,-1662,R
,292001,389,0,4095,-0.108,-0.388,1.768,28.96,15.25,-0.0,R
,292011,411,0,3878,-0.083,-0.353,1.846,18.99,751,0.81,R
,292091,368,0,3878,0.06,-0.383,1.182,1.63,-23.99,20.5,R
,292131,366,0,3871,0.043,-0.412,1.087,24.16,-3236,29.10,R
,292221,304,0,4095,-0.006,-0.44,1.005,14.02,-909,55.4,R
,292251,300,0,3869,-0.03,-0.442,1.000,4.95,-2.95,52.81,R
,292371,314,0,386,-0.010,-0.447,0.966,.29,-36.74,41.1,R
,292391,316,0,3870,-0.040,-0.482,0.980,7.86,-2.81,44.32,R
,292411,311,0,3859,-0.119,-0.437,0.991,9.27,-12.75,55.9,R
,292471,454,0,3881,-0.079,-0.459,0.936,.99,-44.08,31.1,R
,292521,472,0,495,-0.100,-0.41,0.770,42.83,-2.75,38.17,R
,292561,440,0,495,-0.034,-0.377,0.477,9.99,-2.19,20.1,R
,292621,359,0,495,-0.021,-0.374,0.360,5.76,-13.30,-5.7,R
,292641,368,0,495,-0.009,-0.42,0.447,3.64,-3.6,-15.46,R
,292691,366,0,3877,-0.080,-0.377,0.719,2.79,20.07,-23.7,R
,292721,363,0,4095,-0.084,-0.373,0.859,.24,20.50,-28.9,R
,292771,362,0,378,-0.045,-0.378,0.965,-18.43,2.54,-32.12,R
,292801,352,0,495,-0.041,-0.407,1.008,2.30,35.81,-36.0,R
,292811,351,0,371,-0.071,-0.394,1.006,2.26,33.23,-37.0,R
,292861,398,0,495,-0.029,-0.408,1.004,-18.52,1.55,-4691,R
,292871,427,0,370,-0.010,-0.442,0.979,-16.09,1.28,-48.39,R
,292911,409,0,3871,0.011,-0.394,0.931,-13.51,1091,-54.91,R
,292941,450,0,495,0.017,-0.402,0.912,-7.14,25.31,-47.5,R
,292961,447,0,4095,0.013,-0.442,0.942,-8.23,36.76,-43.77,R
,293151,511,0,374,0.107,-0.332,0.782,-18.72,2123,-46.9,R
,293161,510,0,4095,0.066,-0.308,0.919,-7.72,35.18,-41.2,R
,293181,467,0,495,-0.096,-0.30,1.301,46.78,48.91,-2314,R
,293221,443,0,495,-0.137,-0.37,1.898,-24.10,1.42,-1.13,R
,293231,446,0,3875,-0.147,-0.342,1.919,12.76,8.21,0.14,!5
,293331,336,0,379,0.037,-0.378,1.092,25.94,-3378,22.46,R
,293341,320,0,495,0.042,-0.386,1.065,26.78,-3553,24.37,R
,293361,337,0,4095,0.02,-0.373,1.021,2.90,-32.30,31.8,R
,293381,324,0,495,0.034,-0.380,1.000,16.55,-2814,41.00,R
,293401,336,0,495,0.021,-0.397,0.997,11.45,-1962,48.89,R
,293441,329,0,4095,0.035,-0.378,0.973,16.28,-1875,56.74,R
,293461,438,0,495,0.088,-0.272,1.048,10.75,-2040,48.55,R
,293501,429,0,4095,0.012,-0.446,1.004,15.09,-2158,59.42,R
,293511,439,0,3873,0.033,-0.428,1.027,19.59,-1637,59.85,R
,293551,464,0,356,-0.010,-0.365,0.987,22.31,-1.07,60.86,R
,293651,431,0,3859,-0.19,-0.343,1.013,3.64,-10.83,50.8,R
,293751,489,0,367,-0.012,-0.26,0.514,2.06,-22.66,34.4,R
,293791,370,0,3870,-0.042,-0.389,0.414,16.46,-2.43,15.4,R
,293801,385,0,4095,-0.04,-0.379,0.419,14.66,-1.80,10.34,R
,293811,362,0,3871,-0.044,-0.40,0.426,3.80,-14.33,5.0,R
,293871,363,0,372,-0.064,-0.385,0.606,-1.84,1096,-22.82,R
,293891,202,0,3863,-0.05,-0.342,0.678,-9.40,2160,-23.48,R
,293901,180,0,4095,-0.08,-0.349,0.730,10.09,26.85,-2401,R
,293911,202,0,3867,-0.105,-0.32,0.755,-9.54,3231,-24.0,R
,293951,174,0,3876,-0.139,-0.30,0.950,-17.55,3.09,-42.03,R
,294011,208,0,3875,-0.09,-0.379,0.990,0.19,24.1,-39.84,R
,294091,389,0,3861,-0.08,-0.40,0.988,28.30,16.79,-53.90,R
,294231,406,0,3883,-0.06,-0.450,0.970,-31.57,2.19,-58.07,R
,294291,454,0,3872,0.13,-0.333,0.781,-25.23,-2.30,-61.14,R
,294311,442,0,3874,0.15,-0.305,0.740,-2.06,0.80,-73.4,R
,294361,396,0,4095,0.02,-0.338,1.046,-24.87,3491,-45.25,R
,294371,377,0,3870,0.003,-0.314,1.204,-2.87,42.38,-35.8,R
,294391,343,0,3856,-0.11,-0.310,1.517,44.84,4.95,-2384,R
,294441,281,0,4095,-0.13,-0.292,1.777,-2.32,-010,-6.10,R
,294451,278,0,3881,-0.06,-0.299,1.677,5.88,-5.3,-2.47,R
,294491,279,0,3877,0.00,-0.298,1.215,19.33,-1802,13.0,R
,294521,258,0,4095,0.01,-0.324,1.047,15.54,-2616,21.70,R
,294561,275,0,4095,-0.027,-0.34,1.012,3.93,-23.24,34.1,R
,294601,256,0,4095,0.005,-0.371,0.990,18.67,-2549,45.36,R
,294621,274,0,4095,0.012,-0.382,0.977,2.12,-23.56,49.1,R
,294631,277,0,3870,-0.012,-0.337,1.001,20.66,-2.94,52.1,R
,294651,300,0,3873,-0.05,-0.378,1.040,17.91,-2.90,55.38,R
,294711,340,0,3872,0.00,-0.371,1.027,1.49,-2666,58.8,R
,294721,345,0,4095,0.01,-0.377,1.026,18.99,-2285,59.13,R
,294821,367,0,4095,-0.111,-0.375,1.043,20.87,-3.62,44.46,R
,294921,350,0,4095,-0.101,-0.40,0.697,6.80,-20.46,39.8,R
,294971,247,0,3868,-0.03,-0.383,0.479,0.75,-17.82,12.6,R
,295011,204,0,3879,-0.049,-0.42,0.491,-5.36,-2.11,-17.49,R
,295021,229,0,4095,-0.020,-0.438,0.479,-0.96,-1.04,-18.00,R
,295101,267,0,4095,-0.101,-0.33,0.801,-18.72,2.00,-33.13,R
,295111,228,0,3879,-0.101,-0.323,0.844,-18.41,2.58,-38.50,R
,295131,227,0,3876,-0.05,-0.349,0.910,24.01,15.18,-4707,R
,295161,231,0,4095,-0.081,-0.36,0.963,31.94,21.37,-4021,R
,295171,231,0,3886,-0.093,-0.371,0.984,24.87,3.53,-38.23,R
,295201,238,0,4095,-0.07,-0.353,1.004,-19.75,2.56,-4346,R
,295281,262,0,4095,-0.06,-0.389,0.935,23.33,21.49,-5340,R
,295391,304,0,3869,-0.039,-0.378,0.949,-19.54,2.93,-50.29,R
,295431,344,0,3880,-0.032,-0.41,0.963,-19.71,2.12,-4569,R
,295451,350,0,3882,-0.007,-0.386,0.909,-14.97,1.64,-45.66,R
,295461,358,0,4095,0.000,-0.369,0.885,-5.36,1767,-45.37,R
,295551,356,0,3874,0.06,-0.357,0.876,-3.88,2587,-42.94,R
,295561,350,0,4095,0.035,-0.349,0.982,-6.50,29.49,-40.7,R
,295571,337,0,3881,0.006,-0.320,1.104,-1.92,31.22,-40.3,R
,295621,314,0,4095,-0.208,-0.378,1.602,10.61,25.95,-1.8,R
,295751,493,0,3876,0.007,-0.370,1.060,1.09,-25.70,30.5,R
,295791,347,0,3879,0.029,-0.392,1.028,2.32,-2520,34.9,R
,295841,523,0,495,-0.045,-0.352,1.054,7.56,-19.62,45.1,R
,295871,451,0,3869,-0.038,-0.355,1.068,24.84,-2.91,49.62,R
,296021,526,0,4095,-0.043,-0.37,1.048,27.01,-1.98,56.8,R
,296031,532,0,378,-0.034,-0.365,1.073,4.43,-6.10,60.4,R
,296081,493,0,4095,-0.068,-0.284,1.041,34.26,-799,55.8,R
,296101,560,0,4095,-0.145,-0.26,1.051,2.31,-12.49,49.8,R
,296141,466,0,495,-0.198,-0.340,0.914,26.75,-2.40,47.93,R
,296221,302,0,495,-0.083,-0.340,0.417,-3.22,-2.69,4.32,R
,296321,295,0,495,-0.097,-0.27,0.669,-11.26,5.69,-16.67,R
,296341,240,0,495,-0.156,-0.278,0.819,-31.65,3.38,-37.65,R
,296351,237,0,369,-0.192,-0.281,0.848,-34.29,2.09,-4749,R
,296371,226,0,3872,-0.14,-0.319,0.946,31.97,001,-58.41,R
,296391,225,0,3873,-0.135,-0.327,0.982,-33.28,540,-55.87,R
,296421,266,0,495,-0.124,-0.310,0.993,-23.88,2.04,-48.71,R
,296441,242,0,495,-0.152,-0.275,1.010,-23.04,3.51,-52.48,R
,296501,256,0,495,-0.066,-0.35,0.961,34.85,7.49,-66.8,R
,296511,259,0,371,-0.112,-0.336,0.959,-29.97,1.37,-58.42,R
,296611,318,0,3882,-0.09,-0.371,1.000,26.50,24.79,-4514,R
,296651,354,0,386,0.023,-0.357,0.957,-31.22,-016,-58.48,R
,296771,391,0,3857,0.06,-0.370,0.826,-0.04,20.36,-40.6,R
,296801,496,0,4095,-0.05,-0.303,1.125,26.04,33.93,-3219,R
,296821,529,0,4095,-0.12,-0.354,1.386,29.57,21.55,-2108,R
,296831,559,0,3873,-0.145,-0.365,1.507,26.76,18.56,-1658,R
,296891,624,0,382,-0.137,-0.345,1.553,5.93,-1443,9.27,R
,296901,624,0,4095,-0.12,-0.336,1.499,3.71,-20.40,10.5,R
,296911,630,0,374,-0.095,-0.322,1.359,21.32,-2.19,17.36,R
,296981,560,0,4041,-0.054,-0.35,1.051,9.21,-3.72,38.0,R
,297001,560,0,4095,-0.06,-0.357,1.045,13.65,-3.36,49.06,R
,297021,559,0,4095,-0.017,-0.376,1.039,8.37,-3390,55.15,R
,297051,560,0,3879,-0.08,-0.386,1.049,0.17,-30.07,65.6,R
,297071,560,0,3870,-0.071,-0.401,1.053,9.41,-3164,67.77,R
,297101,560,0,4095,-0.036,-0.34,1.025,7.54,-3.01,71.36,R
,297111,585,0,3872,-0.026,-0.334,1.020,5.53,-36.27,71.00,R
,297161,651,0,4095,-0.09,-0.365,1.047,.69,-25.01,78.5,R
,297191,656,0,3870,-0.08,-0.396,1.032,.53,-27.04,72.8,R
,297241,659,0,4095,-0.054,-0.397,1.026,12.80,-3.64,64.42,R
,297251,686,0,3872,0.01,-0.318,1.005,12.75,-29.82,60.1,R
,297261,690,0,4095,-0.02,-0.367,1.017,8.60,-2845,59.10,R
,297271,699,0,3873,-0.13,-0.399,1.041,7.68,-2831,54.57,R
,297281,640,0,4095,-0.14,-0.392,1.044,7.22,-2976,50.06,R
,297301,621,0,4095,-0.10,-0.397,1.043,19.77,-3.04,44.83,R
,297321,629,0,4095,-0.199,-0.343,0.928,29.99,-3.27,44.77,R
,297351,624,0,3878,-0.184,-0.404,0.743,30.86,-5.01,37.65,R
,297381,495,0,4095,-0.09,-0.435,0.537,43.73,-5.81,27.59,R
,297411,336,0,3875,-0.02,-0.381,0.427,3.85,-22.39,20.2,R
,297471,256,0,3869,-0.03,-0.444,0.465,9.64,-7.6,-11.00,R
,297501,283,0,4095,-0.09,-0.427,0.603,0.89,12.9,-19.84,R
,297521,304,0,4095,-0.03,-0.389,0.719,-0.82,2418,-21.8,R
,297551,285,0,3878,-0.041,-0.357,0.850,-3.01,3534,-30.36,R
,297581,291,0,4095,-0.05,-0.339,0.937,-8.97,3708,-44.15,R
,297591,314,0,3874,-0.064,-0.345,0.953,15.45,2.80,-48.13,R
,297601,320,0,4095,-0.00,-0.364,0.957,-18.85,2.46,-48.24,R
,297611,316,0,3874,-0.09,-0.361,0.964,-21.98,2.18,-45.23,R
,297681,337,0,4095,-0.03,-0.372,0.984,17.34,25.51,-6105,R
,297701,336,0,4095,-0.027,-0.350,0.977,25.75,31.37,-56.79,R
,297711,338,0,3869,-0.026,-0.372,0.959,28.39,33.61,-5581,R
,297761,480,0,4095,0.007,-0.367,0.915,-9.54,2118,-67.40,R
,297771,488,0,3860,-0.001,-0.346,0.934,25.69,19.87,-6856,R
,297781,489,0,4095,-0.014,-0.326,0.964,33.78,19.03,-7085,R
,297831,487,0,3882,-0.09,-0.392,0.918,23.13,28.42,-5607,R
,297921,605,0,4095,0.03,-0.367,0.934,-0.56,33.02,-43.26,R
,297941,610,0,4095,0.101,-0.351,0.859,-6.94,33.46,-40.04,R
,297971,620,0,3877,0.08,-0.267,0.891,-5.88,25.35,-49.7,R
,298001,624,0,4095,-0.014,-0.27,1.175,33.72,3.51,-4120,R
,298051,715,0,3874,-0.19,-0.298,1.585,14.33,28.07,-9.1,R
,298081,726,0,4095,-0.17,-0.299,1.486,.86,7.25,-9.78,
,298131,848,0,3873,-0.059,-0.324,1.172,7.57,-10.65,5.4,R
,298151,855,0,3885,-0.05,-0.341,1.081,23.38,-1.65,8.17,R
,298221,787,0,4095,0.01,-0.385,1.021,2.54,-18.62,23.2,R
,298231,787,0,3882,0.012,-0.383,1.007,22.80,-1851,24.68,R
,298251,823,0,3872,-0.01,-0.359,1.020,8.87,-17.90,30.3,R
,298281,852,0,4095,-0.007,-0.36,1.044,17.77,-2.17,32.39,R
,298321,862,0,4095,-0.00,-0.354,1.032,1.77,-1.20,39.0,R
,298331,862,0,3857,-0.02,-0.340,1.037,1.64,-1.46,43.0,R
,298371,863,0,3870,-0.031,-0.31,1.046,14.40,-2.27,45.47,R
,298381,864,0,4095,-0.04,-0.302,1.052,10.46,-2.19,45.56,R
,298391,881,0,3872,-0.04,-0.306,1.069,.22,-23.00,46.20,R
,298491,887,0,3879,-0.047,-0.279,1.137,8.40,-1.11,47.91,R
,298521,931,0,4095,-0.08,-0.312,1.162,8.29,-1.55,50.68,R
,298531,951,0,3870,-0.14,-0.364,1.204,8.67,-22.63,49.93,R
,298551,957,0,3869,-0.18,-0.347,1.156,4.87,-1.67,49.1,R
,298591,858,0,3869,-0.170,-0.36,0.991,33.42,-4.61,36.81,R
,298611,877,0,3874,-0.136,-0.39,0.747,0.60,-53.64,36.37,R
,298621,831,0,4089,-0.084,-0.35,0.653,40.38,-5.59,33.10,R
,298631,717,0,3875,-0.104,-0.36,0.597,34.41,-5.07,29.96,R
,298671,635,0,3874,-0.070,-0.35,0.343,7.27,-2088,16.3,R
,298701,624,0,4095,-0.000,-0.447,0.340,16.61,-17.98,-4.87,R
,298721,683,0,4095,-0.044,-0.495,0.363,7.72,-11.18,-4.33,R
,298741,753,0,4095,-0.024,-0.430,0.461,2.86,7.90,2.45,R
,298821,753,0,4095,-0.053,-0.44,0.935,-31.45,12.02,-38.99,R
,298851,774,0,3873,-0.053,-0.34,0.970,-26.75,3.73,-34.94,R
,298881,783,0,4095,-0.01,-0.392,1.047,28.30,42.22,-32.18,R
,298891,784,0,3866,-0.056,-0.398,1.030,28.27,36.94,-39.29,R
,298901,833,0,4095,-0.030,-0.410,1.026,26.67,21.95,-4679,R
,298971,795,0,3863,0.022,-0.418,1.020,-36.23,2581,-60.36,R
,299001,839,0,4095,-0.085,-0.39,1.056,-29.04,4.50,-42.94,R
,299011,817,0,3886,-0.127,-0.412,1.013,26.85,32.31,-3748,R
,299051,813,0,3886,-0.038,-0.402,0.969,27.49,13.96,-51.26,R
,299071,839,0,3875,-0.060,-0.379,0.951,35.94,19.51,-38.97,R
,299201,896,0,4095,0.125,-0.386,0.816,-1.94,-468,-53.4,R
,299231,1152,0,3865,0.05,-0.280,0.896,38.07,1.54,-35.23,R
,299251,1168,0,3869,0.006,-0.325,1.206,46.88,28.94,-2102,R
,299331,1168,0,3871,0.007,-0.328,1.376,.71,-7.53,18.00,R
,299421,1111,0,095,0.035,-0.38,1.000,21.19,-4.53,29.53,R
,299431,1115,0,3823,0.037,-0.390,1.008,8.75,-42.89,30.78,R
,299441,1086,0,095,0.051,-0.40,0.998,18.19,-4.80,33.00,R
,299461,1115,0,4095,0.019,-0.40,0.993,8.84,-35.03,38.58,R
,299481,1123,0,095,0.020,-0.433,1.027,9.36,-3.11,40.37,R
,299501,1119,0,095,0.048,-0.423,1.012,3.54,-4.41,40.89,R
,299591,1101,0,3867,0.003,-0.379,1.050,2.09,-2.59,60.8,R
,299611,1096,0,3876,0.035,-0.363,1.002,7.79,-26.94,59.53,R
,299621,1093,0,4095,-0.087,-0.55,0.989,30.34,-0.56,6435,R
,299641,1058,0,4095,-0.019,-0.401,1.041,18.09,-3.76,63.13,R
,299741,1006,0,095,-0.134,-0.48,1.047,30.77,-.64,49.38,R
,299751,975,0,375,-0.131,-0.41,0.991,40.52,-956,47.41,R
,299761,996,0,4095,-0.124,-0.43,0.950,48.84,-1.75,45.7,R
,299841,1131,0,4095,0.05,-0.43,0.439,15.51,-58.92,12.40,R
,299851,1130,0,861,0.065,-0.43,0.430,7.07,-43.04,13.19,R
,299861,1136,0,095,0.074,-0.441,0.412,6.84,-2.94,13.59,R
,299871,1129,0,3867,0.083,-0.476,0.446,8.58,-830,11.55,R
,299931,1163,0,3871,-0.046,-0.35,0.621,4.34,2731,-4.5,R
,299961,1146,0,4095,-0.47,-0.34,0.785,-26.73,4.47,-1.34,R
,299971,1133,0,871,-0.068,-0.44,0.854,-31.05,1.83,-15.29,R
,300001,1113,0,4095,-0.067,-0.49,0.968,-11.40,0.18,-2.37,R
,300071,1038,0,867,-0.038,-0.420,0.940,-13.60,8.24,-3.88,R
,300161,1132,0,4095,-0.008,-0.39,0.922,-29.51,8.02,-4.79,R
,300201,1072,0,4095,-0.051,-0.30,0.982,-21.02,7.49,-4.81,R
,300281,1242,0,4095,-0.035,-0.33,0.898,-28.55,6.82,-44.73,R
,300301,1243,0,4095,-0.046,-0.46,0.951,-34.52,8.01,-49.52,R
,300311,1250,0,3877,-0.042,-0.47,0.965,-31.07,0.56,-51.28,R
,300411,1267,0,3861,0.055,-0.38,0.707,21.81,-0.54,-33.45,R
,300441,1310,0,095,0.072,-0.319,0.862,24.44,6.89,-31.03,R
,300521,1360,0,4095,-0.054,-0.49,1.813,-13.45,.56,24.77,R
,300531,1392,0,3867,-0.033,-0.46,1.774,-3.95,-.11,24.4,R
,300621,1445,0,4095,0.070,-0.422,1.065,3.12,-4.49,28.43,R
,300661,1499,0,4095,0.04,-0.39,1.012,4.64,-43.29,36.57,R
,300671,1500,0,3867,0.06,-0.41,0.993,14.34,-4.21,37.38,R
,300691,1530,0,871,0.039,-0.414,0.984,5.61,-44.19,40.31,R
,300701,1516,0,4095,0.067,-0.414,0.971,7.50,-43.14,41.91,R
,300731,1482,0,3867,0.088,-0.42,0.973,18.52,-4.39,40.31,R
,300741,1468,0,4095,0.11,-0.40,0.972,0.84,-40.62,39.94,R
,300751,1452,0,870,0.079,-0.357,0.982,9.54,-38.23,41.77,R
,300761,1456,0,4095,0.085,-0.39,0.990,16.20,-3.40,41.88,R
,300781,1467,0,095,0.055,-0.377,1.010,1.42,-3.64,43.00,R
,300791,1463,0,3878,0.08,-0.38,1.014,26.70,-3.63,45.32,R
,300811,1424,0,3870,0.076,-0.35,1.028,28.43,-3.77,43.76,R
,300831,1377,0,3870,0.089,-0.337,0.996,3.01,-30.42,45.1,R
,300841,1360,0,095,0.169,-0.298,1.006,5.80,-27.64,40.14,R
,300871,1279,0,3865,0.019,-0.37,1.003,17.25,-3.84,30.03,R
,300901,1250,0,095,0.033,-0.400,1.009,23.16,-4.77,32.10,R
,301001,1302,0,095,-0.040,-0.47,0.866,28.90,-55.69,24.45,R
,301041,1264,0,095,0.049,-0.43,0.511,32.93,-1.82,36.7,R
,301061,1187,0,4095,0.064,-0.409,0.375,9.53,-074,26.93,R
,301091,1111,0,868,0.052,-0.48,0.325,0.09,-9.11,5.00,
,301101,1115,0,4095,0.072,-0.575,0.314,6.03,-839,0.17,R
,301111,1095,0,860,0.071,-0.541,0.215,5.20,-034,1.74,R
,301121,1168,0,095,0.124,-0.58,0.495,11.94,0.27,-8.35,R
,301151,1157,0,870,0.014,-0.45,0.604,17.97,1995,-13.19,R
,301161,1163,0,4095,0.010,-0.49,0.609,-0.59,2439,-19.83,R
,301181,1207,0,095,-0.024,-0.43,0.633,-15.71,2.01,-17.57,R
,301201,1233,0,095,0.021,-0.44,0.738,-31.97,29.93,-1384,R
,301211,1235,0,867,0.032,-0.44,0.785,-30.64,3.60,-18.23,R
,301271,1312,0,867,0.012,-0.38,0.949,-25.65,3.06,-35.05,R
,301281,1292,0,4095,-0.21,-0.48,0.981,-27.77,8.21,-27.36,R
,301321,1296,0,4095,0.008,-0.421,0.994,15.42,4.86,-29.40,R
,301371,1360,0,3873,0.062,-0.42,0.946,-40.30,433,-49.78,R
,301381,1385,0,081,0.109,-0.45,0.960,-42.18,474,-47.81,R
,301411,1390,0,865,0.072,-0.463,0.948,29.75,3.02,-3645,R
,301441,1411,0,4095,0.095,-0.408,0.862,23.51,26.70,-3798,R
,301451,1429,0,3851,0.096,-0.38,0.860,-29.57,1.99,-43.03,R
,301511,1411,0,872,0.160,-0.43,0.728,-20.56,2.55,-32.88,R
,301531,1458,0,3867,0.153,-0.370,0.683,27.04,28.57,-3078,R
,301541,1431,0,4095,0.075,-0.524,0.685,24.96,3.03,-2459,R
,301561,1467,0,4095,0.18,-0.372,0.950,42.96,2.36,-40.26,R
,301571,1469,0,3862,0.09,-0.423,1.058,47.11,2.64,-4248,R
,301581,1417,0,4095,0.035,-0.42,1.240,47.71,20.36,-36.23,R
,301601,1427,0,095,-0.055,-0.47,1.458,-45.59,6.21,-20.16,R
,301741,1433,0,095,0.112,-0.35,1.117,14.75,-32.14,29.1,R
,301751,1435,0,861,0.119,-0.38,1.093,14.22,-3.88,32.51,R
,301781,1465,0,4095,0.109,-0.41,1.062,17.21,-2.53,41.67,R
,301821,1443,0,4095,0.121,-0.45,1.058,5.45,-32.62,52.81,R
,301831,1437,0,862,0.114,-0.46,1.071,14.37,-35.18,50.20,R
,301881,1471,0,4095,0.17,-0.510,1.063,7.07,-4.12,44.16,R
,301901,1419,0,4095,0.122,-0.521,1.081,4.63,-4.28,45.76,R
,301921,1475,0,095,0.125,-0.53,1.070,4.11,-48.94,42.28,R
,301951,1493,0,3867,0.147,-0.527,1.019,7.32,-2.32,42.7,R
,301961,1492,0,095,0.133,-0.54,1.019,6.58,-19.91,41.84,R
,301971,1474,0,3866,0.098,-0.548,1.010,5.93,-10.98,42.8,R
,301991,1453,0,3863,0.052,-0.56,0.972,0.08,-13.38,43.50,R
,302041,1418,0,4095,0.093,-0.69,0.889,-12.20,-5.41,7.55,R
,302071,1417,0,3860,0.079,-0.59,0.731,-2.79,-3.90,12.95,R
,302081,1392,0,095,0.021,-0.53,0.698,-5.11,-1.72,15.76,R
,302101,1382,0,095,0.034,-0.53,0.634,-24.73,-6.71,4.22,R
,302111,1369,0,3862,0.044,-0.48,0.563,34.14,-29.93,-6.96,R
,302121,1360,0,063,0.034,-0.49,0.529,43.97,-5.20,-16.82,R
,302131,1349,0,3869,0.062,-0.512,0.498,-48.85,-0.31,-24.36,R
,302141,1335,0,4095,0.074,-0.48,0.450,49.30,-67.93,-29.07,R
,302161,1221,0,095,0.052,-0.483,0.421,46.21,-5.59,-32.85,R
,302181,1258,0,4095,0.019,-0.449,0.410,36.70,-4.40,-3.16,R
,302191,1246,0,3870,0.05,-0.43,0.404,-33.33,-3.64,-28.01,R
,302201,1145,0,074,0.018,-0.40,0.406,31.43,-23.67,-23.42,R
,302211,1161,0,865,0.010,-0.411,0.475,33.95,-7.00,-2.83,R
,302231,1198,0,3861,-0.024,-0.41,0.489,-38.01,8.30,-22.59,R
,302311,1267,0,3857,0.050,-0.49,0.635,-31.65,8.73,-8.33,R
,302341,1283,0,095,0.115,-0.54,0.677,30.15,14.31,-11.66,R
,302361,1279,0,4095,0.112,-0.569,0.732,31.97,2.78,-6.9,R
,302381,1289,0,4095,0.164,-0.58,0.770,26.21,31.78,-5.72,R
,302391,1292,0,877,0.140,-0.59,0.781,23.51,32.31,-8.01,R
,302421,1314,0,095,0.156,-0.59,0.752,15.95,16.99,-14.82,R
,302441,1367,0,4095,0.229,-0.61,0.733,18.10,20.39,-11.36,R
,302461,1371,0,095,0.146,-0.62,0.818,-29.77,3.64,-13.54,R
,302481,1440,0,4095,0.188,-0.666,0.851,20.68,2.90,-1874,R
,302501,1455,0,4095,0.219,-0.687,0.818,11.13,1.53,-2387,R
,302511,1481,0,860,0.232,-0.67,0.778,7.31,6.19,-25.29,R
,302531,1510,0,3865,0.251,-0.60,0.669,-11.25,1.42,-22.41,R
,302551,1521,0,867,0.250,-0.71,0.626,20.30,1.25,-18.70,R
,302561,1535,0,4095,0.276,-0.63,0.638,-23.40,1.47,-2539,R
,302581,1558,0,4095,0.346,-0.668,0.615,21.60,125,-32.8,R
,302591,1558,0,869,0.323,-0.64,0.583,20.44,-4.33,-38.00,R
,302601,1559,0,4090,0.345,-0.66,0.571,20.07,-5.00,-41.02,R
,302631,1568,0,3862,0.358,-0.70,0.646,-19.04,725,-48.19,R
,302641,1574,0,4095,0.371,-0.66,0.651,-17.65,1.25,-4581,R
,302651,1579,0,3863,0.336,-0.65,0.761,-25.86,3.59,-39.32,R
,302671,1557,0,3882,0.254,-0.624,1.030,43.71,47.29,-26.55,R
,302681,1491,0,4095,0.215,-0.64,1.196,40.68,45.60,-24.09,R
,302721,1405,0,4095,0.033,-0.61,1.747,-17.25,1.80,-11.86,R
,302761,1437,0,4095,0.23,-0.453,1.328,0.43,-2.86,4.48,R
,302791,1459,0,3859,0.273,-0.50,1.064,23.38,-1.91,17.21,R
,302801,1467,0,095,0.224,-0.487,1.023,1.73,-1.01,19.7,R
,302811,1456,0,3859,0.246,-0.54,0.987,1.24,-22.92,22.42,R
,302841,1435,0,4095,0.276,-0.559,0.916,4.99,-32.51,26.84,R
,302851,1429,0,871,0.289,-0.58,0.913,25.85,-3.42,29.8,R
,302881,1469,0,4095,0.310,-0.60,0.854,23.13,-3.92,38.4,R
,302891,1454,0,3868,0.35,-0.611,0.837,3.76,-30.68,39.29,R
,302901,1459,0,4095,0.310,-0.609,0.859,3.42,-2.43,40.3,R
,302911,1467,0,871,0.291,-0.605,0.855,1.21,-2.71,45.9,R
,302941,1456,0,4095,0.277,-0.63,0.899,4.83,-29.90,44.10,R
,302951,1456,0,867,0.214,-0.76,0.878,0.12,-3.90,43.9,R
,302971,1462,0,858,0.238,-0.62,0.898,7.82,-31.04,38.61,R
,302981,1457,0,4095,0.204,-0.61,0.895,6.54,-28.34,39.65,R
,302991,1463,0,3863,0.211,-0.60,0.919,25.47,-3.72,40.9,R
,303001,1474,0,4095,0.25,-0.58,0.918,23.30,-3.45,40.1,R
,303021,1472,0,4095,0.23,-0.61,0.925,19.65,-4.83,30.4,R
,303041,1478,0,4095,0.23,-0.617,0.925,0.84,-46.63,29.09,R
,303051,1471,0,3869,0.224,-0.62,0.935,25.99,-3.76,30.6,R
,303101,1473,0,095,0.098,-0.602,0.879,7.15,-3.43,39.70,R
,303111,1477,0,3867,0.144,-0.55,0.873,20.69,-4.50,33.3,R
,303121,1488,0,4095,0.102,-0.62,0.839,3.33,-48.91,30.32,R
,303131,1486,0,3856,0.102,-0.630,0.836,3.51,-50.14,29.59,R
,303151,1445,0,3868,0.09,-0.578,0.844,0.14,-40.25,32.98,R
,303171,1341,0,3859,0.017,-0.628,0.778,0.72,-2.17,30.84,R
,303181,1307,0,4095,0.004,-0.58,0.715,4.35,-22.46,26.48,R
,303251,1306,0,866,0.146,-0.629,0.298,8.26,-18.27,22.14,R
,303261,1276,0,4095,0.14,-0.59,0.238,24.49,-923,18.2,R
,303271,1244,0,3863,0.138,-0.571,0.177,4.86,-231,14.77,R
,303281,1205,0,095,0.170,-0.591,0.161,.01,2.6,5.65,R
,303331,1121,0,3861,0.071,-0.748,0.457,3.09,-1843,-25.0,R
,303351,1159,0,3867,0.11,-0.69,0.477,6.78,-4.51,-19.00,R
,303361,1182,0,095,0.146,-0.55,0.423,35.51,1245,-17.2,R
,303381,1177,0,095,0.138,-0.575,0.501,-6.32,3370,-13.4,R
,303391,1199,0,866,0.141,-0.596,0.594,-13.33,3.96,-1439,R
,303401,1189,0,095,0.097,-0.597,0.663,13.97,3.24,-1581,R
,303441,1198,0,095,0.183,-0.654,0.764,.95,6.6,-40.53,R
,303451,1280,0,3865,0.21,-0.61,0.743,.03,13.51,-37.61,R
,303461,1296,0,095,0.205,-0.580,0.754,1.05,24.62,-32.24,R
,303481,1300,0,4095,0.20,-0.55,0.788,12.82,43.49,-28.10,R
,303491,1296,0,3867,0.221,-0.563,0.811,20.06,4.06,-3016,R
,303541,1248,0,4095,0.246,-0.587,0.842,14.58,2.06,-38.84,R
,303561,1248,0,4080,0.197,-0.541,0.872,23.11,3.01,-39.32,R
,303571,1268,0,3856,0.203,-0.53,0.866,-26.20,3.95,-3942,R
,303591,1264,0,3856,0.24,-0.53,0.877,30.14,2.14,-37.42,R
,303631,1314,0,875,0.275,-0.532,0.791,23.91,1.77,-37.26,R
,303641,1355,0,094,0.295,-0.52,0.753,-23.28,2.12,-3290,R
,303661,1410,0,4079,0.335,-0.521,0.698,27.68,20.60,-33.10,R
,303681,1419,0,4095,0.342,-0.56,0.666,-31.66,1.10,-3801,R
,303701,1456,0,095,0.378,-0.55,0.624,-22.52,337,-43.1,R
,303721,1495,0,095,0.333,-0.523,0.604,24.84,789,-40.73,R
,303761,1527,0,4089,0.21,-0.48,0.842,32.58,29.02,-43.36,R
,303801,1492,0,087,0.165,-0.50,1.451,-38.90,4.41,-8.4,R
,303851,1500,0,870,0.267,-0.446,1.673,.64,9.4,3.94,R
,303891,1473,0,3863,0.369,-0.468,1.241,2.49,4.6,19.27,R
,303901,1479,0,083,0.356,-0.50,1.203,17.18,-439,20.7,R
,303971,1392,0,3863,0.340,-0.514,0.957,3.93,-2.61,24.32,R
,303981,1414,0,4081,0.338,-0.519,0.963,0.43,-2.65,28.40,R
,304031,1386,0,3871,0.22,-0.55,1.017,14.19,-3.43,39.27,R
,304041,1367,0,4080,0.24,-0.56,0.962,11.86,-3.14,38.26,R
,304051,1363,0,869,0.292,-0.554,0.966,3.57,-40.62,38.06,R
,304071,1365,0,3866,0.20,-0.57,1.015,8.81,-41.15,36.0,R
,304081,1366,0,4082,0.21,-0.58,1.002,4.35,-40.49,36.7,R
,304091,1389,0,3869,0.253,-0.562,0.962,8.45,-3.03,40.14,R
,304111,1401,0,876,0.260,-0.54,0.951,28.09,-3.28,44.97,R
,304141,1377,0,012,0.271,-0.62,0.989,-1.25,-45.26,41.1,R
,304171,1281,0,886,0.276,-0.76,1.040,16.51,-6.49,32.68,R
,304181,1305,0,065,0.324,-0.71,0.992,19.39,-6.10,28.46,R
,304191,1329,0,872,0.226,-0.79,0.931,9.16,-55.55,29.12,R
,304201,1366,0,4083,0.269,-0.674,0.909,3.68,-47.40,27.2,R
,304241,1383,0,084,0.311,-0.70,0.773,-8.14,-5.41,11.90,R
,304251,1377,0,873,0.239,-0.73,0.726,-12.09,-0.22,7.55,R
,304291,1296,0,3856,0.24,-0.670,0.544,.80,-43.61,-0.45,R
,304311,1309,0,3865,0.29,-0.587,0.483,.86,-36.60,-6.5,R
,304321,1338,0,081,0.235,-0.59,0.394,3.57,-40.14,-13.69,R
,304381,1165,0,4059,0.252,-0.59,0.337,37.10,-42.14,-3.42,R
,304391,1125,0,3866,0.224,-0.55,0.323,33.72,-30.88,-3.56,R
,304401,1114,0,4066,0.225,-0.55,0.337,30.49,-22.01,-3.58,R
,304471,1047,0,858,0.198,-0.51,0.513,34.99,3.43,-18.5,R
,304481,1103,0,4080,0.204,-0.51,0.518,-29.02,905,-15.26,R
,304511,1154,0,3868,0.276,-0.52,0.537,-25.71,1.20,-17.20,R
,304521,1172,0,4049,0.23,-0.509,0.548,29.49,1.54,-17.98,R
,304531,1163,0,3879,0.281,-0.54,0.570,31.19,19.23,-1514,R
,304581,1232,0,074,0.368,-0.59,0.691,-27.51,2.95,-6.27,R
,304601,1290,0,4082,0.385,-0.662,0.693,34.14,1.87,-12.91,R
,304611,1334,0,874,0.429,-0.66,0.695,-28.52,1.00,-14.97,R
,304621,1342,0,4068,0.461,-0.69,0.710,23.46,11.67,-1687,R
,304661,1344,0,4080,0.490,-0.65,0.632,-19.81,4.65,-20.15,R
,304711,1425,0,3876,0.448,-0.69,0.703,-30.39,1.88,-33.52,R
,304771,1458,0,3876,0.479,-0.64,0.566,-35.94,4.41,-37.19,R
,304791,1488,0,870,0.525,-0.63,0.515,29.95,1.35,-33.39,R
,304821,1490,0,079,0.477,-0.62,0.512,33.92,2.02,-27.32,R
,304841,1494,0,058,0.477,-0.64,0.583,36.58,25.00,-3071,R
,304851,1505,0,3858,0.45,-0.634,0.593,37.08,1.37,-34.87,R
,304861,1529,0,048,0.443,-0.62,0.635,38.21,16.04,-3584,R
,304871,1518,0,3892,0.47,-0.59,0.721,-38.99,17.54,-4146,R
,304951,1567,0,873,0.400,-0.58,1.450,15.11,22.73,1.0,R
,304961,1585,0,079,0.446,-0.59,1.430,3.57,11.89,-0.62,R
,305031,1566,0,3872,0.534,-0.61,0.862,15.74,-7.62,14.97,R
,305051,1570,0,3873,0.42,-0.585,0.785,0.29,-869,15.04,R
,305061,1575,0,4069,0.516,-0.608,0.769,8.54,-1.88,16.9,R
,305091,1566,0,862,0.495,-0.62,0.763,1.97,-19.70,22.8,R
,305111,1535,0,3873,0.470,-0.63,0.776,7.83,-14.62,26.2,R
,305151,1535,0,873,0.426,-0.60,0.796,3.18,-28.28,34.28,R
,305181,1562,0,4082,0.459,-0.626,0.787,5.25,-3.53,30.49,R
,305201,1556,0,078,0.449,-0.62,0.792,0.09,-26.77,33.6,R
,305221,1563,0,070,0.401,-0.615,0.798,9.79,-2.84,38.1,R
,305241,1563,0,4080,0.30,-0.63,0.798,17.18,-3.18,35.65,R
,305251,1566,0,882,0.387,-0.621,0.808,5.42,-3.24,31.77,R
,305301,1568,0,071,0.352,-0.648,0.820,2.98,-4.35,27.38,R
,305311,1565,0,878,0.363,-0.659,0.827,6.93,-4.11,26.83,R
,305331,1569,0,3865,0.338,-0.61,0.817,8.14,-38.28,25.45,R
,305361,1582,0,4070,0.27,-0.64,0.785,27.74,-3.78,21.88,R
,305381,1535,0,4085,0.208,-0.65,0.772,2.63,-4.57,21.93,R
,305391,1518,0,866,0.163,-0.665,0.715,5.51,-4.73,21.18,R
,305411,1468,0,3866,0.161,-0.68,0.612,7.65,-48.39,23.5,R
,305431,1461,0,3866,0.241,-0.66,0.479,0.64,-4.15,19.1,R
,305491,1427,0,3856,0.41,-0.772,0.143,7.54,-27.84,2.83,R
,305511,1419,0,3872,0.325,-0.77,0.068,.99,-1504,-1.6,R
,305521,1423,0,4067,0.322,-0.753,0.069,.67,-3.2,5.21,
,305591,1408,0,866,0.307,-0.72,0.433,12.29,27.37,-8.15,R
,305601,1409,0,4067,0.279,-0.694,0.433,-20.32,2.22,-10.06,R
,305611,1411,0,870,0.287,-0.708,0.543,20.99,1.54,-9.3,R
,305621,1393,0,4069,0.331,-0.74,0.578,20.06,20.01,-8.61,R
,305641,1403,0,075,0.318,-0.71,0.633,-16.65,2.31,-12.90,R
,305651,1424,0,3873,0.332,-0.71,0.650,-14.52,34.19,-11.45,R
,305661,1406,0,067,0.343,-0.699,0.661,14.27,4.06,-9.1,R
,305701,1365,0,016,0.351,-0.701,0.677,21.65,4.09,-12.56,R
,305721,1370,0,4062,0.338,-0.71,0.692,23.34,27.06,-12.62,R
,305731,1386,0,3870,0.49,-0.72,0.697,20.21,28.51,-14.74,R
,305811,1459,0,872,0.432,-0.690,0.673,27.77,2.73,-23.69,R
,305841,1507,0,4055,0.42,-0.65,0.610,-23.40,3.47,-19.26,R
,305851,1520,0,866,0.433,-0.653,0.614,26.82,3.60,-2016,R
,305861,1524,0,059,0.442,-0.671,0.603,31.95,30.21,-25.02,R
,305871,1535,0,3865,0.446,-0.686,0.594,34.68,2.51,-3137,R
,305881,1535,0,081,0.444,-0.691,0.583,32.47,1.25,-3479,R
,305891,1574,0,3873,0.429,-0.667,0.564,30.59,1.73,-35.92,R
,305911,1579,0,3872,0.42,-0.66,0.552,-27.74,9.22,-38.91,R
,305921,1577,0,4080,0.478,-0.65,0.562,-26.50,5.67,-41.75,R
,305931,1589,0,3863,0.493,-0.64,0.561,20.53,5.26,-42.73,R
,305971,1559,0,870,0.469,-0.595,0.597,36.14,2.38,-4491,R
,306021,1605,0,4047,0.290,-0.56,1.195,46.52,4.52,-15.46,R
,306081,1598,0,4059,0.424,-0.615,1.447,2.69,1.8,2.11,
,306111,1584,0,3873,0.529,-0.55,1.049,2.41,-9.90,10.06,R
,306141,1531,0,4042,0.514,-0.62,0.932,7.68,-1.39,11.3,R
,306181,1488,0,4055,0.469,-0.65,0.810,22.89,-22.59,13.52,R
,306211,1473,0,3856,0.426,-0.622,0.767,9.80,-2.18,23.01,R
,306231,1485,0,862,0.439,-0.626,0.771,6.17,-2.11,25.5,R
,306251,1488,0,869,0.439,-0.62,0.790,3.80,-2.53,28.3,R
,306301,1426,0,3998,0.359,-0.62,0.859,11.91,-3.56,34.4,R
,306321,1399,0,059,0.435,-0.673,0.830,4.80,-5.38,31.8,R
,306361,1381,0,061,0.396,-0.68,0.830,4.51,-30.60,32.22,R
,306381,1390,0,050,0.398,-0.73,0.842,2.74,-38.63,34.63,R
,306421,1360,0,4049,0.48,-0.82,0.775,.44,-60.04,17.71,R
,306431,1345,0,866,0.469,-0.850,0.753,0.70,-54.33,17.79,R
,306461,1334,0,4048,0.49,-0.85,0.647,7.38,-2901,17.09,R
,306471,1346,0,3866,0.45,-0.85,0.615,1.89,-28.27,13.76,R
,306481,1342,0,4048,0.46,-0.89,0.596,8.33,-38.74,3.26,R
,306491,1345,0,869,0.424,-0.902,0.536,11.36,-3.00,-7.92,R
,306561,1335,0,048,0.395,-0.772,0.258,27.17,-9.78,-29.80,R
,306571,1333,0,3867,0.35,-0.73,0.224,28.79,-31.59,-31.65,R
,306591,1333,0,869,0.336,-0.71,0.231,-28.26,-4.72,-38.93,R
,306621,1397,0,4048,0.327,-0.681,0.269,46.24,-5.65,-39.31,R
,306631,1405,0,3873,0.286,-0.61,0.292,-46.97,-5.38,-37.97,R
,306691,1417,0,868,0.327,-0.54,0.286,-33.31,-.75,-1676,R
,306711,1408,0,3867,0.337,-0.56,0.310,38.94,451,-12.30,R
,306741,1395,0,4051,0.35,-0.59,0.374,39.02,3.40,-9.43,R
,306751,1394,0,3866,0.36,-0.57,0.388,36.18,6.28,-5.78,R
,306771,1415,0,866,0.396,-0.611,0.400,-35.65,889,-3.39,R
,306801,1410,0,049,0.460,-0.67,0.418,26.90,1.92,-3.9,R
,306821,1423,0,050,0.487,-0.687,0.414,-22.61,2.15,0.1,R
,306881,1475,0,047,0.556,-0.75,0.470,-23.46,1.58,-1684,R
,306891,1505,0,867,0.564,-0.75,0.469,22.20,1.35,-18.19,R
,306901,1493,0,4039,0.56,-0.74,0.478,20.04,1.67,-20.47,R
,306931,1460,0,843,0.597,-0.72,0.420,24.20,19.49,-24.45,R
,306951,1472,0,3869,0.604,-0.72,0.397,-22.09,22.59,-23.03,R
,306961,1471,0,041,0.637,-0.72,0.397,-24.07,24.65,-26.07,R
,306991,1535,0,878,0.623,-0.70,0.379,26.33,27.72,-31.74,R
,307001,1557,0,054,0.595,-0.67,0.374,-30.01,27.09,-32.13,R
,307041,1580,0,037,0.644,-0.60,0.424,33.59,1.06,-36.45,R
,307061,1535,0,4027,0.68,-0.59,0.436,38.64,2.84,-3873,R
,307111,1535,0,3872,0.643,-0.67,0.736,40.56,24.59,-18.23,R
,307121,1554,0,4017,0.65,-0.68,0.812,38.18,22.77,-20.13,R
,307141,1557,0,4014,0.726,-0.709,0.910,28.97,1.36,-24.12,R
,307151,1535,0,872,0.712,-0.70,0.996,-18.41,694,-29.49,R
,307171,1535,0,3871,0.685,-0.68,1.076,5.92,1.77,-28.00,R
,307181,1535,0,4033,0.670,-0.70,1.114,.48,-1.61,-24.87,R
,307211,1535,0,3871,0.679,-0.59,0.809,1.31,-5.14,-1.98,R
,307251,1498,0,874,0.582,-0.580,0.622,1.80,-1.27,0.00,R
,307261,1497,0,4032,0.66,-0.60,0.581,9.77,-23.96,1.74,R
,307281,1495,0,029,0.620,-0.57,0.498,3.88,-31.04,9.33,R
,307291,1503,0,3874,0.628,-0.59,0.486,3.74,-29.26,13.35,R
,307341,1456,0,4034,0.580,-0.63,0.458,11.42,-2.85,26.9,R
,307351,1456,0,3882,0.59,-0.637,0.445,2.58,-2.99,26.28,R
,307361,1457,0,051,0.590,-0.61,0.458,13.03,-2.03,26.40,R
,307371,1437,0,3891,0.65,-0.61,0.469,1.36,-24.40,27.94,R
,307381,1426,0,4032,0.581,-0.62,0.484,10.55,-2.53,29.6,R
,307391,1427,0,875,0.564,-0.63,0.478,.17,-25.91,32.69,R
,307401,1409,0,4031,0.583,-0.64,0.475,.84,-25.06,37.00,R
,307411,1420,0,865,0.592,-0.65,0.486,6.46,-23.04,40.68,R
,307451,1425,0,3885,0.58,-0.652,0.518,2.80,-1.42,40.93,R
,307471,1424,0,879,0.564,-0.68,0.518,1.57,-31.36,35.81,R
,307481,1443,0,4037,0.591,-0.67,0.554,4.58,-37.11,33.16,R
,307501,1461,0,031,0.586,-0.68,0.545,6.58,-3.58,36.22,R
,307521,1470,0,4031,0.50,-0.693,0.538,9.57,-2.88,44.0,R
,307531,1469,0,3872,0.566,-0.68,0.545,0.63,-21.62,45.41,R
,307601,1495,0,4026,0.58,-0.75,0.530,0.83,-40.75,24.7,R
,307611,1503,0,872,0.526,-0.75,0.539,32.32,-3.82,25.56,R
,307631,1494,0,873,0.485,-0.75,0.510,30.35,-2.65,27.09,R
,307641,1494,0,000,0.527,-0.76,0.486,29.91,-2.19,26.08,R
,307661,1491,0,037,0.438,-0.78,0.432,9.88,-33.81,19.44,R
,307671,1457,0,3872,0.431,-0.83,0.398,1.42,-37.70,15.06,R
,307681,1456,0,044,0.367,-0.83,0.345,3.91,-37.07,13.0,R
,307691,1443,0,859,0.373,-0.82,0.314,6.54,-34.46,13.6,R
,307721,1454,0,051,0.332,-0.769,0.126,9.80,-1.61,14.46,R
,307731,1365,0,877,0.341,-0.76,0.069,8.49,-14.62,11.82,R
,307831,1371,0,3873,0.421,-0.85,0.180,-4.78,6.7,-3.13,R
,307841,1379,0,062,0.400,-0.86,0.301,3.53,3.6,-2.62,R
,307891,1404,0,3871,0.42,-0.81,0.339,15.71,10.88,-3.20,R
,307901,1408,0,4036,0.503,-0.85,0.391,11.19,11.37,-4.9,R
,307961,1486,0,4038,0.45,-0.797,0.389,-16.38,3.22,-8.4,R
,307971,1457,0,3873,0.495,-0.80,0.388,21.43,32.24,-9.5,R
,307991,1477,0,872,0.501,-0.82,0.431,22.84,19.64,-1806,R
,308001,1485,0,4026,0.511,-0.83,0.453,-18.99,1.83,-20.87,R
,308011,1472,0,876,0.530,-0.83,0.440,15.07,15.43,-19.29,R
,308021,1475,0,046,0.534,-0.81,0.426,15.33,19.57,-1771,R
,308051,1473,0,3874,0.54,-0.80,0.432,-25.01,26.53,-2013,R
,308061,1488,0,4012,0.57,-0.822,0.419,-24.24,2.22,-23.19,R
,308081,1615,0,032,0.565,-0.85,0.439,22.72,19.14,-3216,R
,308101,1628,0,029,0.497,-0.83,0.414,19.13,20.76,-30.45,R
,308131,1659,0,3874,0.604,-0.815,0.435,23.30,19.43,-38.73,R
,308151,1695,0,871,0.542,-0.82,0.417,27.66,20.99,-4045,R
,308191,1735,0,868,0.564,-0.82,0.408,25.20,21.70,-47.71,R
,308201,1758,0,4007,0.55,-0.80,0.373,-22.85,1.80,-53.14,R
,308221,1797,0,4020,0.55,-0.763,0.357,27.91,22.62,-54.79,R
,308261,1865,0,016,0.570,-0.77,0.389,32.03,30.85,-54.13,R
,308301,1686,0,4013,0.473,-0.69,0.348,-35.31,5.81,-37.77,R
,308321,1723,0,4016,0.40,-0.63,0.370,-26.20,79.60,-26.16,R
,308331,1674,0,873,0.474,-0.58,0.422,-21.19,9.88,-18.29,R
,308341,1614,0,4028,0.425,-0.54,0.474,13.08,115.18,-14.67,R
,308361,1407,0,4031,0.36,-0.471,0.614,.67,142.31,-8.9,R
,308371,1392,0,3879,0.288,-0.406,0.695,5.94,146.18,-6.58,R
,308391,1265,0,3872,0.192,-0.279,0.810,0.25,129.09,-9.9,R
,308401,1280,0,4019,0.180,-0.22,0.837,44.72,115.69,-10.78,R
,308431,1282,0,877,0.370,-0.25,1.024,1.68,117.57,-9.23,R
,308461,1295,0,4025,0.404,-0.18,1.062,45.59,171.41,4.87,R
,308491,1313,0,875,0.377,-0.11,1.062,78.92,194.51,3.41,R
,308531,1410,0,881,0.260,-0.08,1.130,01.71,197.73,2057,R
,308541,1392,0,026,0.205,-0.078,1.115,08.08,209.17,38.97,R
,308561,1410,0,4020,0.06,-0.055,1.128,03.36,231.23,70.58,R
,308571,1394,0,876,0.057,-0.11,1.093,201.88,25.87,77.56,R
,308601,1462,0,031,-0.043,-0.01,1.019,213.97,21.11,100.22,R
,308621,1458,0,4035,-0.156,-0.18,1.064,255.79,205.18,115.39,R
,308631,1453,0,3877,0.05,0.040,0.852,26.75,217.60,104.48,R
,308641,1470,0,4025,-0.57,0.010,1.072,06.48,212.38,99.35,R
,308691,1328,0,873,-0.256,0.07,0.995,75.38,112.36,9145,R
,308701,1274,0,005,-0.195,0.06,1.067,60.35,9.75,79.09,R
,308721,1324,0,4014,-0.24,0.13,0.947,26.46,8.30,59.77,R
,308741,1312,0,3994,-0.286,0.12,0.994,07.33,85.35,37.1,R
,308781,1459,0,994,-0.408,0.17,1.035,54.54,4512,25.04,R
,308811,1301,0,3877,-0.327,0.19,1.031,43.15,3906,13.03,R
,308821,1291,0,4007,-0.17,0.206,1.035,1.01,42.27,14.7,R
,308831,1191,0,883,-0.488,0.20,1.107,2.48,4891,10.19,R
,308841,1050,0,4004,-0.81,0.323,0.986,1.67,55.87,13.2,R
,308861,995,0,3990,-0.44,0.359,0.931,34.37,51.34,13.55,R
,308881,982,0,3980,-0.50,0.336,1.012,2.12,43.28,10.28,R
,308921,959,0,3987,-0.51,0.313,1.001,657,23.28,5.30,R
,308961,1040,0,992,-0.501,0.38,0.893,.65,26.0,6.14,R
,308981,1119,0,3991,-0.71,0.354,0.900,0.12,5.52,-11.08,R
,308991,1165,0,888,-0.449,0.34,0.901,8.27,-556,-19.45,R
,309091,1134,0,888,-0.30,0.471,0.807,8.05,8.65,-4.29,R
,309111,1111,0,889,-0.26,0.365,0.833,-1.01,1.05,-6.70,R
,309121,1102,0,4016,-0.514,0.36,0.821,.80,-2.7,-3.65,R
,309131,1093,0,891,-0.491,0.387,0.764,.48,-1.00,5.33,R
,309141,1059,0,3952,-0.89,0.41,0.734,-4.70,0.2,4.46,R
,309151,1050,0,3886,-0.428,0.40,0.710,4.91,1416,3.73,R
,309171,1051,0,3888,-0.41,0.40,0.704,-3.17,3007,9.01,R
,309201,1056,0,3995,-0.47,0.35,0.767,5.10,24.64,19.45,R
,309211,1074,0,3883,-0.37,0.39,0.756,5.70,20.59,17.81,R
,309221,1085,0,3984,-0.95,0.411,0.769,.77,16.04,17.70,R
,309231,1094,0,888,-0.14,0.356,0.773,7.32,18.25,19.84,R
,309241,1082,0,3987,-0.527,0.44,0.760,.60,14.9,17.96,R
,309251,1092,0,3877,-0.550,0.43,0.715,.00,20.54,21.82,R
,309261,1091,0,4005,-0.26,0.438,0.699,0.23,19.47,22.4,R
,309271,1105,0,3906,-0.28,0.46,0.681,-9.80,19.96,24.23,R
,309281,1110,0,3990,-0.20,0.427,0.707,-16.84,1.70,23.10,R
,309291,1178,0,3898,-0.02,0.42,0.736,-18.20,2.63,20.42,R
,309341,1289,0,001,-0.15,0.314,0.778,12.81,7.06,17.9,R
,309351,1301,0,3899,-0.25,0.32,0.744,-6.70,16.16,16.0,R
,309371,1299,0,895,-0.383,0.294,0.684,0.67,3508,25.39,R
,309381,1293,0,3967,-0.704,0.19,0.948,1.07,8337,41.09,R
,309411,1251,0,3902,-0.374,0.39,0.811,-14.23,32.44,17.45,R
,309451,1122,0,3892,-0.571,0.37,0.898,32.12,-1.56,-14.55,R
,309471,1110,0,3891,-0.547,0.32,0.936,22.30,-7.87,-15.98,R
,309501,1017,0,3986,-0.17,0.346,0.831,23.59,-29.52,-11.98,R
,309511,1023,0,3888,-0.87,0.365,0.846,23.84,-5.61,-8.82,R
,309521,1023,0,3987,-0.71,0.421,0.783,25.42,-48.17,-5.57,R
,309561,1050,0,3993,-0.71,0.364,0.719,55.14,-7.70,-16.50,R
,309571,1023,0,888,-0.503,0.36,0.712,-52.20,-88.11,-1.57,R
,309591,1093,0,3892,-0.463,0.42,0.834,-36.53,-79.38,-12.56,R
,309601,1088,0,999,-0.522,0.36,0.872,-22.49,-49.79,-1.11,R
,309611,1073,0,3888,-0.557,0.36,0.804,-31.08,-13.59,14.42,R
,309631,1104,0,3891,-0.107,0.621,0.439,0.70,10.21,69.38,R
,309661,1071,0,3985,-0.39,0.41,0.711,6.11,-29.07,35.58,R
,309681,1070,0,3987,-0.262,0.303,0.803,.80,-13.93,10.72,R
,309691,1066,0,893,-0.02,0.29,0.936,.54,-5.59,5.68,R
,309711,1098,0,888,-0.427,0.304,0.877,1.17,-16.39,6.43,R
,309731,1130,0,3894,-0.430,0.31,0.917,.30,-3.06,7.68,R
,309751,1143,0,898,-0.98,0.39,0.851,18.41,6.76,1.09,R
,309761,1147,0,3991,-0.43,0.38,0.891,9.62,12.44,-0.6,R
,309771,1187,0,3894,-0.51,0.53,0.807,5.86,28.54,-12.93,R
,309781,1217,0,3967,-0.36,0.45,0.972,6.84,34.76,-1.42,R
,309801,1276,0,3990,-0.519,0.41,0.872,3.12,83.66,9.01,R
,309811,1279,0,3888,-0.415,0.393,0.834,39.38,7664,15.00,R
,309821,1283,0,3987,-0.82,0.37,0.868,6.54,58.64,18.13,R
,309831,1264,0,894,-0.528,0.473,0.821,39.03,64.53,26.55,R
,309871,1203,0,3888,-0.431,0.533,0.784,75.93,77.34,76.43,R
,309881,1201,0,3978,-0.72,0.52,0.875,59.61,79.67,88.54,R
,309911,1098,0,3888,-0.330,0.23,0.745,18.00,44.70,73.94,R
,309921,1079,0,3984,-0.72,0.400,0.631,5.42,16.19,61.12,R
,309951,1007,0,3895,-0.443,0.46,0.724,6.14,2.3,4.29,R
,309991,975,0,3893,-0.44,0.488,0.716,-6.93,1.52,-12.36,R
,310021,982,0,3996,-0.61,0.596,0.694,754,-10.2,-12.16,R
,310051,1005,0,3889,-0.78,0.56,0.759,1.33,-11.35,-0.47,R
,310071,1019,0,900,-0.32,0.557,0.762,16.84,-10.49,1.90,R
,310081,1041,0,984,-0.05,0.533,0.801,7.91,-17.73,-6.81,R
,310101,1047,0,3986,-0.456,0.581,0.767,.19,-21.67,-22.36,R
,310121,1051,0,985,-0.08,0.587,0.779,-7.37,-18.48,-28.42,R
,310131,1144,0,3895,-0.540,0.573,0.795,9.69,-2.01,-30.35,R
,310161,1263,0,3993,-0.519,0.50,0.772,4.12,-47.52,-18.78,R
,310171,1306,0,3891,-0.12,0.55,0.733,-7.34,-53.82,-11.95,R
,310181,1333,0,4005,-0.557,0.59,0.749,.06,-47.61,-7.57,R
,310191,1330,0,3888,-0.512,0.598,0.723,.57,-39.99,-4.68,R
,310201,1328,0,3984,-0.538,0.656,0.732,0.51,-2.62,1.24,R
,310211,1255,0,3893,-0.528,0.590,0.744,.53,-2164,6.42,R
,310221,1236,0,3989,-0.538,0.608,0.784,.77,-2066,5.70,R
,310251,1104,0,3904,-0.466,0.560,0.766,.41,-44.28,-1.29,R
,310261,1105,0,4003,-0.419,0.60,0.743,4.39,-42.92,-12.47,R
,310271,1103,0,3901,-0.58,0.62,0.746,16.38,-29.06,-18.84,R
,310301,1038,0,4001,-0.33,0.56,1.033,12.50,4.89,-3076,R
,310311,1023,0,3888,-0.12,0.62,0.832,8.30,2238,14.16,R
,310341,1023,0,4005,-0.30,0.459,0.838,16.35,-43.75,-2.47,R
,310351,1011,0,3891,-0.520,0.44,0.829,-20.23,-0.97,-1.89,R
,310421,1021,0,3958,-0.07,0.383,0.729,67.46,-128.46,-6.27,R
,310431,1042,0,3894,-0.65,0.35,0.843,66.94,-111.15,-3.03,R
,310461,1070,0,3975,-0.72,0.28,0.909,-28.07,-25.73,-54.19,R
,310481,1042,0,3957,-0.57,0.273,0.901,8.09,1778,-10.29,R
,310491,1043,0,3893,-0.80,0.328,0.842,35.44,22.51,-2.53,R
,310511,1019,0,3897,-0.07,0.412,0.810,9.39,21.22,2.92,R
,310521,1003,0,3988,-0.28,0.471,0.786,8.83,18.22,-0.50,R
,310611,930,0,390,-0.41,0.517,0.775,5.72,12.73,4.93,
,310671,976,0,3887,-0.24,0.471,0.716,3.46,-1278,-8.13,R
,310721,982,0,402,-0.18,0.469,0.666,1.93,-14.53,-13.9,R
,310731,1036,0,3888,-0.84,0.482,0.670,2.05,-15.88,-20.79,R
,310741,1039,0,3985,-0.215,0.49,0.682,5.42,-15.40,-24.62,R
,310751,1021,0,3872,-0.36,0.49,0.694,4.00,-14.62,-27.7,R
,310781,1042,0,991,-0.22,0.53,0.717,-2.93,-20.08,-31.14,R
,310801,1072,0,982,-0.72,0.58,0.686,-8.49,-13.47,-2473,R
,310821,1051,0,995,-0.81,0.61,0.679,-18.90,2.31,-20.59,R
,310841,1040,0,3990,-0.13,0.562,0.698,16.41,905,-20.29,R
,310861,1023,0,991,-0.71,0.60,0.696,9.88,2648,3.03,R
,310901,1058,0,4000,-0.462,0.51,0.747,44.91,19.00,2.28,R
,310921,1077,0,3995,-0.70,0.488,0.945,27.40,-0.33,-4.2,R
,310931,1106,0,3894,-0.64,0.510,0.986,24.35,-9.40,-7.4,R
,310951,1113,0,3888,-0.426,0.50,1.078,-19.77,-15.94,-1.06,R
,310961,1183,0,4012,-0.80,0.461,1.110,11.98,-11.26,-9.43,R
,310971,1199,0,875,-0.83,0.457,1.095,6.00,-6.49,-7.45,R
,311001,1280,0,4003,-0.99,0.467,0.930,2.07,-14.59,-3.2,R
,311011,1304,0,3888,-0.356,0.43,0.888,8.56,-23.79,-9.75,R
,311031,1303,0,890,-0.43,0.38,0.793,-21.42,-1.88,-21.71,R
,311041,1303,0,4006,-0.35,0.352,0.782,21.84,-28.91,-20.48,R
,311051,1309,0,3895,-0.45,0.352,0.772,16.18,-20.07,-17.69,R
,311071,1325,0,3883,-0.418,0.38,0.771,.32,12.19,-6.65,R
,311191,583,0,374,-0.34,0.414,0.985,10.96,18.3,0.39,R
,311321,356,0,3987,-0.33,0.472,0.766,838,14.01,-2.13,R
,311341,368,0,3990,-0.33,0.474,0.778,-.86,6.09,-4.44,
,311491,613,0,3885,-0.47,0.381,0.904,083,18.01,-3.54,R
,311501,647,0,4009,-0.47,0.346,0.917,1.63,17.31,-3.95,R
,311551,681,0,3877,-0.49,0.455,0.806,1.49,54.82,3.87,
,311631,961,0,3877,-0.51,0.531,0.715,741,33.05,-1.03,
,311671,1166,0,879,-0.458,0.41,0.772,.72,-1.4,-12.50,R
,311681,1359,0,4018,-0.29,0.383,0.763,.35,-10.83,-18.0,R
,311691,1522,0,3887,-0.35,0.381,0.791,.04,-14.60,-23.3,R
,311701,1493,0,4016,-0.483,0.40,0.746,5.76,-6.51,-20.6,R
,311721,1535,0,019,-0.492,0.42,0.823,16.17,3065,-11.00,R
,311741,1605,0,4022,-0.41,0.465,0.749,9.74,37.81,-2.91,R
,311781,1676,0,4016,-0.50,0.407,0.720,0.63,19.87,-13.02,R
,311791,1711,0,888,-0.568,0.43,0.698,24.78,2051,-13.98,R
,311811,1707,0,3878,-0.17,0.446,0.687,7.90,21.49,-15.61,R
,311821,1715,0,4009,-0.85,0.500,0.682,8.25,20.36,-14.94,R
,311851,1744,0,3885,-0.584,0.50,0.728,19.94,20.02,-9.28,R
,311861,1774,0,4013,-0.99,0.50,0.740,1.61,23.15,-5.42,R
,311871,1795,0,3888,-0.84,0.49,0.750,26.14,24.44,-0.35,R
,311881,1838,0,3959,-0.589,0.51,0.720,24.96,22.64,1.70,R
,311951,1985,0,887,-0.51,0.539,0.615,7.48,-32.86,-8.62,R
,311981,2008,0,008,-0.565,0.52,0.678,9.77,2140,-1.83,R
,312091,1307,0,878,-0.601,0.63,0.738,-6.01,-30.20,-2.0,R
,312121,1237,0,4014,-0.646,0.67,0.746,8.29,-17.35,1.19,R
,312131,1250,0,3887,-0.73,0.688,0.733,.04,-1527,7.00,R
,312141,1133,0,3993,-0.90,0.69,0.713,5.94,-13.70,9.88,R
,312331,784,0,3888,-0.31,0.407,0.261,-0.30,90.04,64.64,R
,312481,753,0,3985,-0.45,0.417,0.599,-1.05,53.47,-34.91,R
,312511,740,0,3887,-0.66,0.515,0.604,-7.75,6085,-45.86,R
,312531,837,0,3890,-0.73,0.621,0.658,-4.18,5744,-45.25,R
,312591,915,0,388,-0.801,0.650,0.852,1.41,25.37,-18.64,R
,312601,929,0,3946,-0.74,0.595,0.850,1.61,18.0,-17.86,R
,312611,931,0,3884,-0.70,0.568,0.820,1.35,12.2,-19.97,R
,312631,983,0,3879,-0.71,0.509,0.689,935,7.05,-20.04,R
,312701,1107,0,012,-0.799,0.53,0.415,-20.79,5.63,-8.15,R
,312721,1089,0,4004,-0.762,0.62,0.313,34.01,-1.18,-3.26,R
,312751,1053,0,890,-0.11,0.406,0.505,44.30,-5.21,-15.31,R
,312761,1052,0,979,-0.85,0.462,0.494,27.89,-.03,-23.05,R
,312771,1075,0,886,-0.609,0.41,0.619,-14.46,25.80,-2168,R
,312811,1033,0,3887,-0.835,0.62,0.501,-3.68,47.12,15.19,R
,312871,1043,0,3885,-0.66,0.610,0.314,50.03,7.69,6.72,R
,312891,1057,0,3875,-0.58,0.514,0.404,62.70,812,4.97,R
,312911,1033,0,3885,-0.796,0.47,0.517,-67.02,15.00,2.9,R
,312921,1022,0,4006,-0.36,0.461,0.545,65.68,1.15,5.29,R
,312951,1007,0,3882,-0.800,0.45,0.538,-65.19,6.64,4.37,R
,313051,1057,0,888,-0.69,0.209,0.774,21.80,5.06,19.52,R
,313091,1049,0,3890,-0.30,0.372,0.823,51.25,1.99,24.87,R
,313101,1056,0,4035,-0.98,0.342,0.879,65.63,111,17.16,R
,313121,1021,0,033,-0.53,0.23,0.853,71.22,-15.87,17.53,R
,313161,944,0,421,-0.68,0.313,0.986,-3.30,-15.47,6.11,R
,313181,944,0,422,-0.60,0.253,0.987,-3.45,-3.49,-19.68,R
,313201,971,0,412,-0.70,0.248,1.007,-17.52,-6.59,-36.09,R
,313271,775,0,3874,-0.69,0.238,1.012,-17.84,-72.13,-2.03,R
,313291,779,0,3878,-0.82,0.367,0.982,-17.01,-7.26,-62.59,R
,313301,802,0,4034,-0.93,0.441,0.777,-34.38,-121.59,-86.29,R
,313441,866,0,431,-0.54,-0.046,0.961,100.15,152.48,-81.72,R
,313481,864,0,4023,-0.549,-0.06,0.913,-82.43,-27.03,-54.41,R
,313511,870,0,3872,-0.467,-0.08,0.842,-73.07,-07.30,-38.65,R
,313521,871,0,4032,-0.40,-0.109,0.828,72.88,-106.16,-36.06,R
,313571,864,0,3870,-0.309,-0.13,0.729,-63.60,-103.01,-4.29,R
,313601,865,0,4034,-0.257,-0.18,0.729,61.52,-83.24,-699,R
,313611,873,0,3867,-0.209,-0.21,0.723,-61.23,-75.06,0.55,R
,313621,877,0,4032,-0.10,-0.20,0.715,58.32,-68.49,5.85,R
,313631,894,0,362,-0.10,-0.238,0.712,52.46,-9.01,10.16,R
,313661,895,0,4042,-0.06,-0.300,0.708,37.40,-53.38,18.14,R
,313691,894,0,3874,-0.076,-0.32,0.716,30.53,-43.55,24.37,R
,313701,895,0,425,-0.05,-0.34,0.745,-28.04,-39.62,27.00,R
,313711,883,0,3869,-0.051,-0.35,0.715,24.00,-36.30,29.27,R
,313721,891,0,421,-0.08,-0.372,0.713,17.51,-4.04,30.89,R
,313731,882,0,375,-0.07,-0.342,0.723,10.78,-9.06,33.07,R
,313741,890,0,3969,-0.06,-0.295,0.712,11.63,-5.62,36.77,R
,313751,898,0,3883,-0.036,-0.32,0.727,14.68,-25.50,3715,R
,313761,896,0,4009,-0.050,-0.31,0.758,23.75,-30.34,3437,R
,313781,911,0,3973,-0.06,-0.43,0.807,-21.45,-38.04,2985,R
,313871,898,0,371,0.03,-0.514,0.824,-7.48,-4.71,19.77,R
,313981,904,0,4029,0.16,-0.612,0.821,-.27,-37.04,-0.5,R
,313991,883,0,3869,0.16,-0.615,0.822,-1.63,-32.08,0.93,R
,314001,915,0,4027,0.17,-0.602,0.824,-.60,-25.06,1.96,R
,314011,899,0,371,0.12,-0.549,0.808,-0.64,-22.48,3.0,R
,314041,917,0,432,0.17,-0.587,0.829,-6.35,-31.49,-8.3,R
,314051,905,0,3865,0.17,-0.597,0.804,-4.81,-29.64,-7.23,R
,314091,923,0,3867,0.22,-0.564,0.812,-3.62,-22.19,-0.9,R
,314101,919,0,4023,0.24,-0.548,0.818,-4.87,-18.80,0.10,R
,314121,915,0,3977,0.21,-0.571,0.819,-5.57,-13.15,-1.2,R
,314181,923,0,3975,0.20,-0.588,0.828,-9.05,-12.49,-5.1,R
,314191,919,0,3886,0.20,-0.602,0.825,-8.72,-11.69,-4.61,R
,314421,907,0,4028,0.25,-0.615,0.824,-2.56,-6.51,-7.8,R
,314471,907,0,3868,0.247,-0.625,0.831,-.72,-0.13,-3.51,R
,314481,909,0,4034,0.24,-0.604,0.827,-1.33,-2.39,-4.5,R
,314531,912,0,3868,0.24,-0.622,0.801,-9.86,-8.27,-7.0,R
,314761,875,0,4035,0.23,-0.645,0.656,-.35,4.71,-11.36,R
,314831,897,0,3882,0.19,-0.642,0.660,-.05,24.7,-4.29,R
,314841,894,0,4032,0.201,-0.644,0.667,-0.53,21.43,-7.08,R
,314861,880,0,4018,0.20,-0.687,0.677,-.88,14.70,-12.2,R
,314881,868,0,425,0.21,-0.704,0.684,-.00,18.97,-13.6,R
,314891,897,0,3874,0.21,-0.681,0.666,-.33,26.21,-12.5,R
,314901,909,0,4023,0.20,-0.690,0.657,-.66,31.73,-9.19,R
,315031,909,0,3874,0.22,-0.708,0.738,-7.91,35.35,-22.48,R
,315081,890,0,4032,0.25,-0.722,0.727,-3.45,7.31,-37.25,R
,315121,889,0,4003,0.26,-0.747,0.741,-3.23,20.42,-29.92,R
,315151,848,0,3879,0.18,-0.662,0.755,-2.38,25.18,-19.54,R
,315371,770,0,3883,0.19,-0.647,0.745,-4.32,-19.79,1.53,R
,315411,694,0,3868,0.28,-0.794,0.644,-8.06,-33.98,-21.61,R
,315481,731,0,4017,0.24,-0.700,0.558,-6.62,-9.24,-12.16,R
,315501,743,0,4016,0.24,-0.763,0.569,-9.60,-14.07,-21.13,R
,315571,704,0,3871,0.18,-0.662,0.605,-.05,22.0,-3.45,R
,315661,720,0,4016,0.27,-0.622,0.634,-.36,18.8,-7.78,R
,315671,719,0,374,0.22,-0.702,0.594,-0.68,14.42,-7.5,R
,315731,732,0,3861,0.34,-0.788,0.610,-3.01,2.48,-22.01,R
,315751,718,0,3886,0.32,-0.733,0.577,-5.13,14.21,-19.6,R
,315761,721,0,3973,0.31,-0.753,0.602,-6.30,1993,-15.37,R
,315801,752,0,432,0.33,-0.747,0.608,-4.76,15.95,-16.85,R
,315971,717,0,375,0.31,-0.708,0.955,-2.64,6.07,-28.55,R
,316041,667,0,419,0.25,-0.583,1.067,-.61,-7.9,13.90,R
,316051,670,0,3874,0.35,-0.598,0.930,-5.31,-13.17,17.4,R
,316071,677,0,3874,0.30,-0.685,0.863,-.98,-21.26,16.72,R
,316261,727,0,4031,0.30,-0.770,0.665,1.70,-26.48,25.6,R
,316271,731,0,371,0.28,-0.770,0.657,1.27,-2668,28.84,R
,316341,724,0,3970,0.23,-0.762,0.678,1.32,-3930,17.13,R
,316351,728,0,385,0.27,-0.778,0.684,1.45,-4208,16.13,R
,316421,733,0,4025,0.24,-0.776,0.621,1.85,-38.17,9.35,R
,316591,710,0,3866,0.22,-1.014,0.119,693,-4.5,2.92,R
,316611,708,0,3871,0.26,-0.929,0.366,1.57,10.0,-7.84,R
,316621,710,0,419,0.24,-0.827,0.279,2.03,24.12,0.23,
,316631,709,0,369,0.27,-0.822,0.299,2.94,36.1,0.89,R
,316651,679,0,366,0.25,-0.801,0.342,-9.10,35.29,-1.71,R
,316661,684,0,4029,0.20,-0.844,0.399,-3.55,32.86,-5.22,R
,316681,688,0,421,0.24,-0.885,0.490,-7.65,21.81,-12.97,R
,316701,693,0,3969,0.22,-0.863,0.504,-2.61,21.51,-21.8,R
,316711,689,0,381,0.26,-0.870,0.519,-4.27,23.64,-22.0,R
,316731,671,0,367,0.23,-0.844,0.532,-8.21,39.29,-17.54,R
,316751,634,0,3875,0.22,-0.844,0.523,-0.27,45.08,-16.3,R
,316821,650,0,427,0.34,-0.867,0.543,-5.05,2068,-41.83,R
,316861,654,0,4029,0.28,-0.844,0.524,-0.01,3431,-38.06,R
,316891,663,0,357,0.33,-0.847,0.513,-0.07,4.7,-62.38,R
,316901,656,0,442,0.33,-0.832,0.476,-8.35,9.4,-60.00,R
,317011,609,0,369,0.21,-0.230,0.525,-5.14,45.02,-56.29,R
,317091,560,0,3870,0.20,-0.333,1.118,2.11,89.11,31.44,R
,317141,619,0,3970,0.277,-0.530,1.285,4.92,49.2,51.36,R
,317201,603,0,3984,0.343,-0.751,1.062,8.01,45.43,63.39,R
,317311,465,0,3863,0.29,-0.802,1.063,5.54,-7.30,49.18,R
,317321,469,0,4017,0.28,-0.804,1.049,4.41,-20.08,42.90,R
,317341,479,0,3973,0.27,-0.796,1.030,3.77,-34.02,33.04,R
,317371,496,0,375,0.19,-0.716,0.984,4.68,-24.40,40.05,R
,317391,471,0,3881,0.16,-0.668,0.982,3.15,-20.72,44.03,R
,317401,471,0,3989,0.11,-0.648,0.981,3.63,-22.23,45.0,R
,317421,467,0,4014,0.09,-0.639,0.998,3.98,-33.62,44.52,R
,317541,473,0,4007,0.06,-0.537,0.945,16.43,-2543,43.32,R
,317571,470,0,3879,-0.07,-0.52,0.942,1.18,-33.03,38.22,R
,317631,470,0,3872,-0.07,-0.614,0.777,26.60,-4.83,34.81,R
,317641,538,0,422,-0.023,-0.623,0.707,1.07,-37.82,36.1,R
,317711,531,0,3873,0.15,-0.631,0.352,-.69,-52.68,-6.7,R
,317771,576,0,3874,0.08,-0.687,0.577,293,4.91,-16.67,R
,317811,553,0,3867,0.04,-0.589,0.527,-5.33,12.35,-28.74,R
,317881,563,0,4000,0.096,-0.642,0.770,-7.37,14.79,-42.3,R
,317911,594,0,3871,0.07,-0.604,0.781,-7.42,30.13,-33.58,R
,318151,656,0,3872,0.27,-0.624,0.653,-7.07,24.21,-34.0,R
,318161,663,0,4022,0.28,-0.619,0.698,-3.98,22.39,-37.05,R
,318181,717,0,3991,0.27,-0.638,0.717,-6.55,23.98,-42.6,R
,318271,780,0,3872,0.21,-0.628,1.552,-4.49,32.45,-24.97,R
,318281,781,0,381,0.156,-0.679,1.629,-9.91,29.03,-18.01,R
,318291,784,0,3868,0.15,-0.674,1.728,-23.59,20.62,-17.39,R
,318311,783,0,3886,0.13,-0.595,1.689,492,2.71,-16.87,R
,318321,780,0,3995,0.22,-0.492,1.528,8.77,-3.85,-13.51,R
,318341,781,0,367,0.27,-0.527,1.203,116,-24.43,-5.57,R
,318381,773,0,403,0.20,-0.524,1.008,1.61,-24.80,12.46,R
,318451,974,0,372,0.254,-0.576,0.840,1.87,-36.85,31.71,R
,318471,978,0,3872,0.23,-0.573,0.828,11.57,-36.94,34.23,R
,318501,1008,0,011,0.246,-0.60,0.862,2.40,-41.73,40.58,R
,318531,1015,0,3869,0.21,-0.630,0.892,1.88,-43.03,41.82,R
,318541,1040,0,005,0.227,-0.62,0.880,13.47,-4.62,41.48,R
,318551,1052,0,3874,0.24,-0.635,0.873,9.28,-50.23,39.13,R
,318561,1057,0,016,0.22,-0.640,0.866,.22,-53.93,36.60,R
,318571,986,0,3875,0.24,-0.651,0.883,9.71,-52.36,35.99,R
,318591,974,0,381,0.29,-0.691,0.861,17.27,-38.45,36.72,R
,318611,976,0,375,0.220,-0.671,0.881,25.86,-26.63,40.16,R
,318631,978,0,3873,0.21,-0.626,0.878,1.62,-40.13,31.70,R
,318651,977,0,379,0.14,-0.659,0.862,188,-55.56,19.53,R
,318711,1022,0,877,0.08,-0.668,0.863,8.31,-33.18,25.39,R
,318721,1015,0,027,0.08,-0.656,0.782,41.39,-35.94,26.84,R
,318741,1008,0,4016,0.04,-0.65,0.658,5.33,-45.11,19.2,R
,318831,951,0,365,0.21,-0.739,0.077,-7.78,-22.37,-18.35,R
,318891,923,0,369,0.18,-0.763,0.230,1.70,18.64,-13.45,R
,318941,807,0,416,0.16,-0.703,0.504,-2.17,35.11,-14.97,R
,318951,797,0,372,0.14,-0.658,0.548,-22.59,40.28,-20.32,R
,319001,852,0,416,0.14,-0.744,0.708,-5.86,26.89,-32.01,R
,319011,863,0,3866,0.17,-0.732,0.716,-4.41,35.84,-27.17,R
,319021,877,0,416,0.17,-0.739,0.722,-6.36,48.77,-23.2,R
,319051,875,0,377,0.17,-0.795,0.760,-28.12,65.98,-29.0,R
,319081,880,0,393,0.21,-0.798,0.752,-31.31,24.76,-49.2,R
,319121,897,0,398,0.271,-0.780,0.713,-35.95,27.69,-62.67,R
,319151,917,0,371,0.24,-0.714,0.655,-5.13,52.73,-56.6,R
,319171,921,0,362,0.19,-0.626,0.621,-6.20,47.11,-65.2,R
,319181,925,0,413,0.25,-0.646,0.630,-27.52,40.28,-70.2,R
,319251,935,0,369,0.08,-0.441,0.614,-0.14,55.78,-68.29,R
,319311,931,0,381,-0.00,-0.15,0.842,8.97,92.10,-18.1,R
,319361,932,0,4024,-0.07,-0.18,1.462,3.07,99.38,40.1,R
,319371,935,0,3870,-0.08,-0.229,1.561,18.58,91.05,50.51,R
,319461,912,0,382,0.45,-0.845,1.373,55.88,18.38,51.87,R
,319601,829,0,429,0.11,-0.598,1.028,29.54,-27.03,55.9,R
,319611,835,0,371,0.13,-0.565,1.034,28.69,-31.18,55.2,R
,319651,830,0,377,0.105,-0.520,1.025,24.84,-31.56,55.6,R
,319661,817,0,426,0.08,-0.489,1.008,23.06,-27.35,57.7,R
,319761,817,0,4007,-0.01,-0.43,1.048,20.84,-4.05,47.03,R
,319801,801,0,4027,-0.05,-0.397,1.024,20.86,-39.49,38.40,R
,319811,805,0,375,-0.11,-0.425,1.053,18.43,-47.29,34.25,R
,319841,807,0,423,-0.189,-0.51,0.969,18.17,-56.66,34.84,R
,319871,813,0,3879,-0.13,-0.50,0.788,0.02,-57.33,39.9,R
,319881,798,0,4031,-0.10,-0.508,0.697,43.64,-56.36,38.11,R
,319981,624,0,420,0.003,-0.520,0.303,-6.07,-9.4,-9.07,R
,320041,673,0,417,-0.07,-0.419,0.565,2.43,23.03,-15.07,R
,320051,682,0,3883,-0.03,-0.41,0.664,-13.37,25.28,-14.74,R
,320061,691,0,3998,-0.05,-0.45,0.754,-15.55,25.26,-1444,R
,320071,705,0,375,-0.031,-0.464,0.792,-11.11,2.00,-13.55,R
,320081,703,0,407,-0.07,-0.443,0.830,-4.78,34.89,-14.3,R
,320101,707,0,416,0.022,-0.448,0.871,0.22,35.3,-28.26,R
,320151,716,0,381,0.022,-0.471,0.938,-7.20,32.65,-30.0,R
,320171,720,0,387,0.058,-0.477,0.954,-13.51,32.39,-41.4,R
,320181,743,0,410,0.06,-0.478,0.955,-14.20,3083,-45.75,R
,320201,759,0,411,0.03,-0.469,0.946,-12.10,27.96,-50.2,R
,320271,816,0,374,0.048,-0.500,0.960,-20.81,1777,-62.96,R
,320291,828,0,374,0.048,-0.449,0.868,-13.81,28.57,-52.3,R
,320321,829,0,425,0.08,-0.410,0.815,-20.59,38.47,-50.45,R
,320411,883,0,373,0.270,-0.435,0.660,-22.29,25.44,-53.19,R
,320441,909,0,431,0.218,-0.419,0.841,-30.27,2995,-61.92,R
,320451,897,0,373,0.193,-0.336,1.029,-39.33,3554,-63.65,R
,320481,896,0,422,0.03,-0.421,1.586,-47.71,52.74,-25.20,R
,320621,846,0,422,0.172,-0.370,1.064,23.73,-2932,9.85,R
,320641,854,0,404,0.136,-0.377,1.026,12.96,-34.42,10.7,R
,320661,813,0,416,0.14,-0.386,1.003,11.61,-34.39,19.16,R
,320721,746,0,384,0.092,-0.382,1.012,6.20,-20.40,48.45,R
,320731,763,0,369,0.092,-0.380,1.007,7.12,-25.4,48.02,R
,320771,763,0,383,0.091,-0.397,1.030,6.35,-32.72,46.57,R
,320791,755,0,388,0.074,-0.403,1.036,951,-26.20,51.39,R
,320801,765,0,416,0.08,-0.403,1.030,11.59,-2613,52.84,R
,320901,765,0,4015,-0.036,-0.483,1.045,6.64,-31.15,37.39,R
,320911,765,0,372,-0.036,-0.481,1.004,5.51,-30.69,39.48,R
,320941,775,0,407,-0.058,-0.47,0.879,40.38,-2.04,40.75,R
,320951,761,0,379,-0.049,-0.43,0.754,7.51,-23.62,39.30,R
,320961,764,0,417,-0.02,-0.452,0.716,1.77,-22.54,38.3,R
,320971,762,0,366,-0.066,-0.47,0.639,29.85,-27.44,34.75,R
,320991,761,0,378,-0.045,-0.46,0.540,20.45,-38.11,27.7,R
,321151,667,0,379,0.03,-0.565,0.675,-0.39,19.03,-49.3,R
,321161,655,0,405,0.001,-0.572,0.751,-8.55,19.46,-49.25,R
,321191,645,0,373,0.01,-0.563,0.846,-9.26,12.33,-57.22,R
,321201,650,0,4027,-0.04,-0.552,0.908,-25.71,12.19,-63.14,R
,321211,646,0,375,-0.008,-0.55,0.892,-16.00,10.88,-6384,R
,321251,673,0,3879,0.02,-0.436,0.805,-24.76,31.61,-52.07,R
,321271,663,0,382,0.03,-0.488,0.857,-4.52,35.35,-56.55,R
,321391,784,0,374,0.04,-0.525,0.857,-36.24,3467,-91.11,R
,321401,797,0,416,0.03,-0.472,0.823,-1.77,38.12,-89.19,R
,321451,807,0,371,-0.06,-0.235,0.585,19.46,28.25,-10.05,R
,321461,817,0,3984,-0.09,-0.178,0.544,-12.30,31.46,-99.08,R
,321491,746,0,375,-0.17,0.013,0.531,-4.50,65.41,-61.60,R
,321511,797,0,390,-0.27,0.075,0.756,-2.90,90.45,-44.3,R
,321521,829,0,370,-0.24,0.068,0.916,-2.99,98.59,-27.0,R
,321551,903,0,374,-0.28,0.054,1.484,-9.13,105.80,27.44,R
,321561,891,0,419,-0.11,-0.007,1.693,25.05,102.53,4051,R
,321721,901,0,422,0.25,-0.499,1.183,4.48,-9.12,22.17,R
,321731,915,0,372,0.18,-0.478,1.169,43.15,-8.22,26.02,R
,321771,912,0,381,0.09,-0.449,1.109,2.94,-22.16,35.9,R
,321781,912,0,406,0.022,-0.414,1.102,30.63,-18.02,46.1,R
,321791,912,0,382,0.05,-0.431,1.107,3.11,-14.46,53.30,R
,321831,913,0,381,0.02,-0.297,1.061,2.35,-18.25,60.9,R
,321871,901,0,377,0.01,-0.278,1.050,1.10,-24.11,63.77,R
,321891,910,0,373,-0.07,-0.305,1.094,3.01,-21.27,62.13,R
,321941,902,0,416,-0.06,-0.21,1.107,20.34,-17.72,73.62,R
,322021,881,0,433,-0.227,-0.30,0.985,29.86,-3.36,72.81,R
,322031,868,0,377,-0.10,-0.287,0.946,34.93,-3.89,74.29,R
,322091,784,0,3876,-0.112,-0.34,0.518,23.12,-5.36,45.30,R
,322121,567,0,438,-0.03,-0.352,0.427,10.12,-54.05,20.84,R
,322151,542,0,387,-0.00,-0.443,0.370,33.68,-43.93,2.9,R
,322171,634,0,303,-0.04,-0.506,0.471,-8.50,-17.52,15.58,R
,322181,567,0,4020,-0.08,-0.44,0.556,.90,-7.84,11.26,R
,322221,615,0,4013,-0.13,-0.387,0.625,-8.12,24.39,0.46,R
,322231,660,0,382,-0.14,-0.386,0.670,-24.44,2.00,0.05,R
,322241,695,0,413,-0.114,-0.40,0.760,-28.88,26.41,-0.2,R
,322251,624,0,388,-0.112,-0.413,0.799,-28.76,25.17,-4.82,R
,322261,605,0,420,-0.10,-0.411,0.842,-24.18,2.54,-11.43,R
,322271,605,0,375,-0.125,-0.394,0.872,-22.18,25.49,-1829,R
,322281,624,0,419,-0.082,-0.42,0.903,-18.88,1.33,-26.84,R
,322301,613,0,402,-0.14,-0.42,0.914,-15.75,11.08,-3644,R
,322321,677,0,4009,-0.08,-0.43,0.970,-12.94,1.43,-34.38,R
,322341,692,0,390,-0.045,-0.38,0.939,-19.11,2.66,-27.29,R
,322351,679,0,387,-0.01,-0.42,0.953,18.70,34.01,-31.45,R
,322361,643,0,420,-0.09,-0.393,0.975,15.89,34.21,-35.45,R
,322371,648,0,3875,-0.049,-0.41,0.974,-16.72,34.79,-39.84,R
,322381,672,0,4009,-0.05,-0.42,0.977,-17.37,30.93,-47.42,R
,322401,723,0,405,-0.112,-0.40,0.948,-25.89,2.31,-54.91,R
,322421,718,0,404,-0.07,-0.44,0.941,28.12,18.77,-5714,R
,322441,773,0,455,-0.08,-0.446,0.950,-28.96,3.38,-58.33,R
,322461,771,0,416,-0.01,-0.467,0.931,-20.52,37.92,-5809,R
,322471,767,0,388,-0.09,-0.422,0.918,15.20,41.46,-58.00,R
,322491,772,0,388,-0.095,-0.435,0.928,-22.81,2.43,-59.20,R
,322521,794,0,401,-0.08,-0.422,0.951,-35.88,9.66,-77.7,R
,322541,784,0,414,0.00,-0.424,0.905,-33.51,26.50,-67.78,R
,322551,770,0,379,-0.001,-0.40,0.876,-29.89,3.96,-61.54,R
,322561,779,0,406,0.00,-0.391,0.869,-7.66,37.12,-58.5,R
,322591,783,0,375,0.06,-0.351,0.798,-4.93,18.82,-63.94,R
,322631,663,0,379,0.11,-0.354,0.829,-31.22,10.71,-64.2,R
,322661,677,0,3968,-0.07,-0.32,1.169,46.01,44.80,-45.02,R
,322711,657,0,379,-0.10,-0.274,1.755,20.26,19.72,-6.52,R
,322731,656,0,3873,-0.09,-0.23,1.772,-10.78,6.07,4.86,R
,322791,642,0,370,0.05,-0.284,1.211,20.29,-13.27,18.68,R
,322841,631,0,4017,0.00,-0.336,1.082,11.97,-22.88,33.73,R
,322851,624,0,388,-0.012,-0.34,1.066,16.43,-21.26,39.13,R
,322881,621,0,4016,0.00,-0.390,1.048,16.25,-20.65,49.21,R
,322961,699,0,4025,-0.00,-0.35,1.040,2.40,-11.99,62.55,R
,322971,695,0,3867,-0.035,-0.36,1.039,10.11,-1.73,64.89,R
,322981,699,0,445,-0.031,-0.381,1.063,13.56,-16.30,67.3,R
,322991,704,0,371,-0.04,-0.371,1.053,8.34,-19.55,69.4,R
,323031,697,0,3875,-0.06,-0.39,1.061,9.76,-25.64,55.7,R
,323151,689,0,3875,-0.13,-0.43,0.734,4.25,-44.92,37.81,R
,323171,704,0,373,-0.153,-0.440,0.596,39.24,-5.71,25.39,R
,323191,705,0,378,-0.02,-0.438,0.474,0.58,-51.69,13.82,R
,323231,738,0,374,-0.01,-0.472,0.429,13.03,-11.40,6.43,R
,323291,747,0,378,-0.121,-0.366,0.616,11.16,10.76,-18.18,R
,323301,752,0,427,-0.104,-0.364,0.661,-3.22,9.89,-24.00,R
,323321,739,0,4010,-0.142,-0.37,0.763,-15.81,1.08,-24.88,R
,323391,727,0,3873,-0.128,-0.31,0.891,17.37,26.62,-37.86,R
,323401,730,0,3990,-0.18,-0.32,0.937,25.66,26.09,-4065,R
,323411,727,0,3873,-0.16,-0.36,0.981,26.97,26.16,-43.03,R
,323431,729,0,369,-0.12,-0.399,0.978,-19.55,21.17,-4629,R
,323441,737,0,390,-0.091,-0.399,0.947,-14.96,1.97,-47.80,R
,323541,791,0,429,-0.066,-0.45,0.993,39.20,15.52,-4824,R
,323551,795,0,3871,-0.023,-0.47,1.014,35.07,22.83,-44.55,R
,323571,811,0,373,-0.008,-0.464,0.996,-36.33,3.61,-36.94,R
,323581,817,0,407,-0.02,-0.47,0.993,-33.66,31.84,-3994,R
,323591,817,0,362,-0.022,-0.438,0.993,-34.14,2.27,-41.52,R
,323611,933,0,3874,0.003,-0.452,0.985,-36.84,20.41,-43.46,R
,323681,859,0,431,0.11,-0.402,0.757,-6.35,-3.18,-72.7,R
,323711,800,0,362,0.040,-0.280,0.987,-51.08,2937,-40.74,R
,323741,782,0,4001,-0.18,-0.35,1.554,45.97,37.95,-1971,R
,323751,784,0,387,-0.13,-0.302,1.707,-39.13,29.98,-1320,R
,323801,782,0,4017,-0.01,-0.221,1.787,1.06,-1489,-2.48,R
,323931,765,0,381,0.01,-0.350,1.045,15.09,-3538,32.87,R
,323991,821,0,373,0.01,-0.350,0.988,1.37,-30.33,49.5,R
,324021,818,0,4032,0.01,-0.349,0.986,4.06,-33.04,49.73,R
,324041,821,0,4032,-0.03,-0.38,1.012,6.89,-2900,53.52,R
,324051,803,0,3870,-0.07,-0.36,1.040,12.90,-26.57,55.52,R
,324061,819,0,432,-0.006,-0.38,1.044,0.14,-24.02,55.2,R
,324091,816,0,369,-0.047,-0.32,1.036,24.90,-20.01,53.88,R
,324101,810,0,4012,-0.02,-0.31,1.040,20.05,-2.86,51.16,R
,324111,803,0,373,-0.064,-0.296,1.052,4.41,-21.91,48.42,R
,324141,793,0,4029,-0.16,-0.40,1.031,14.90,-33.41,38.1,R
,324161,785,0,428,-0.11,-0.423,0.930,34.84,-39.81,37.4,R
,324181,781,0,443,-0.111,-0.399,0.766,42.16,-3.26,38.28,R
,324211,820,0,363,-0.05,-0.392,0.517,35.28,-3.32,40.72,R
,324251,795,0,358,-0.01,-0.41,0.391,15.73,-2.12,21.42,R
,324261,827,0,473,0.00,-0.452,0.367,1.83,-26.72,13.2,R
,324281,817,0,426,-0.00,-0.475,0.366,2.90,-20.97,10.74,R
,324291,825,0,3867,0.00,-0.480,0.370,474,-15.23,12.87,R
,324361,822,0,418,-0.094,-0.44,0.717,-12.35,2.80,-3.92,R
,324381,831,0,416,-0.072,-0.45,0.807,-21.33,2.66,-15.40,R
,324391,830,0,369,-0.15,-0.45,0.841,-22.47,24.73,-17.61,R
,324421,831,0,430,-0.063,-0.45,0.929,-14.03,31.87,-2195,R
,324431,829,0,366,-0.01,-0.467,0.905,-7.98,35.63,-20.61,R
,324451,801,0,3871,-0.06,-0.430,0.899,12.56,35.66,-2128,R
,324481,781,0,417,-0.024,-0.45,0.937,-24.68,25.49,-39.48,R
,324491,775,0,367,-0.047,-0.45,0.954,-26.72,2.28,-41.14,R
,324521,796,0,422,-0.09,-0.475,0.948,23.40,24.02,-45.92,R
,324531,793,0,370,-0.072,-0.43,0.985,-25.57,24.60,-4665,R
,324571,803,0,361,-0.009,-0.506,1.026,31.39,18.19,-4685,R
,324591,810,0,3856,-0.006,-0.500,1.018,26.35,26.86,-38.10,R
,324611,815,0,369,0.01,-0.480,0.987,-3.04,24.70,-39.72,R
,324621,816,0,429,0.04,-0.482,0.962,-2.97,22.21,-42.2,R
,324671,816,0,370,0.09,-0.471,0.871,-33.92,16.02,-44.56,R
,324701,738,0,4028,0.03,-0.599,0.801,-0.49,18.27,-36.94,R
,324741,747,0,434,0.11,-0.451,0.783,-15.26,4.97,-46.3,R
,324791,746,0,374,-0.036,-0.37,1.255,-38.81,3.55,-20.48,R
,324811,737,0,371,-0.14,-0.346,1.528,-28.56,29.52,-7.4,R
,324821,735,0,458,-0.120,-0.34,1.604,-18.99,23.20,-3.25,R
,324831,733,0,366,-0.134,-0.32,1.626,-13.04,14.35,-0.81,R
,324851,733,0,379,-0.00,-0.332,1.614,-1.05,0.80,-0.16,R
,324861,735,0,435,-0.061,-0.31,1.517,5.10,-0.5,4.00,R
,324961,720,0,445,-0.011,-0.40,1.019,22.67,-2.34,24.37,R
,325001,705,0,445,-0.015,-0.41,0.996,24.12,-1.03,39.03,R
,325031,723,0,349,0.01,-0.452,0.938,19.18,-22.74,44.0,R
,325071,720,0,374,-0.08,-0.45,1.026,16.77,-1.62,51.15,R
,325081,720,0,410,0.01,-0.423,1.021,23.67,-21.38,52.3,R
,325101,717,0,448,-0.04,-0.399,1.019,24.98,-23.36,54.31,R
,325181,752,0,448,-0.12,-0.397,1.055,5.67,-22.04,45.56,R
,325201,750,0,437,-0.16,-0.443,1.010,33.13,-2.61,41.33,R
,325211,767,0,367,-0.16,-0.424,0.929,36.55,-32.46,40.19,R
,325221,753,0,442,-0.17,-0.436,0.910,36.09,-33.62,40.14,R
,325231,758,0,366,-0.128,-0.44,0.824,37.91,-3.22,38.17,R
,325241,767,0,432,-0.11,-0.439,0.802,36.54,-34.94,35.9,R
,325251,813,0,369,-0.059,-0.46,0.696,34.70,-3.30,29.33,R
,325301,761,0,4061,-0.00,-0.49,0.559,0.46,-18.60,23.35,R
,325311,773,0,3873,-0.02,-0.51,0.527,20.61,-15.91,15.76,R
,325361,798,0,4035,-0.06,-0.51,0.619,5.90,5.09,0.40,R
,325391,787,0,356,-0.072,-0.44,0.709,2.03,20.07,-4.35,R
,325411,770,0,3861,-0.04,-0.42,0.778,2.81,15.06,-13.77,R
,325441,789,0,416,-0.02,-0.378,0.867,-3.89,28.44,-19.8,R
,325461,755,0,4065,-0.11,-0.37,0.924,-13.54,26.54,-20.09,R
,325501,787,0,438,-0.19,-0.357,0.956,-11.83,1.11,-29.45,R
,325511,768,0,3867,-0.00,-0.37,0.975,9.65,8.21,-33.1,R
,325521,784,0,4032,-0.03,-0.36,0.968,-8.88,6.31,-34.56,R
,325531,769,0,372,-0.038,-0.37,0.958,-8.14,6.04,-35.23,R
,325551,777,0,3856,-0.03,-0.34,0.931,16.14,8.89,-36.1,R
,325581,785,0,4057,-0.04,-0.38,0.972,23.39,6.51,-42.7,R
,325601,783,0,482,-0.008,-0.42,0.979,15.14,8.74,-46.8,R
,325611,817,0,375,-0.04,-0.407,0.961,-11.52,9.52,-45.02,R
,325621,771,0,4057,-0.03,-0.39,0.944,12.94,13.57,-42.70,R
,325641,779,0,433,-0.006,-0.39,0.952,21.17,22.59,-4143,R
,325661,787,0,394,-0.012,-0.41,0.975,-24.88,21.03,-42.81,R
,325671,742,0,3866,-0.04,-0.420,0.980,-25.68,1.68,-44.41,R
,325681,769,0,448,-0.016,-0.44,0.978,25.08,15.00,-4688,R
,325691,772,0,362,0.01,-0.438,0.975,-26.81,9.6,-47.89,R
,325741,737,0,428,-0.019,-0.41,0.936,28.41,22.25,-4320,R
,325751,734,0,3865,-0.00,-0.42,0.946,-28.01,1.44,-45.11,R
,325821,738,0,462,0.12,-0.341,0.737,-20.18,1228,-46.27,R
,325831,743,0,356,0.12,-0.335,0.709,-20.07,15.43,-47.16,R
,325871,745,0,3859,0.01,-0.269,1.125,-44.82,3428,-30.35,R
,325911,871,0,363,-0.175,-0.31,1.697,25.25,23.67,3.48,R
,325941,863,0,431,-0.17,-0.239,1.662,5.38,1.37,6.23,R
,325961,871,0,459,-0.06,-0.268,1.478,12.38,-1.34,3.79,R
,326081,823,0,4048,0.00,-0.355,1.042,24.75,-2074,40.98,R
,326091,733,0,362,0.02,-0.351,1.013,24.60,-20.02,44.08,R
,326121,727,0,432,0.00,-0.372,1.010,14.63,-22.69,53.1,R
,326201,726,0,4059,0.02,-0.382,1.079,8.72,-26.8,54.45,R
,326221,735,0,4054,0.04,-0.419,1.086,12.22,-32.39,47.9,R
,326251,739,0,3867,-0.07,-0.36,1.104,26.17,-2.60,46.52,R
,326261,738,0,451,-0.08,-0.333,1.108,26.90,-14.07,45.91,R
,326271,737,0,359,-0.211,-0.47,1.133,0.95,-15.96,51.4,R
,326281,735,0,4069,-0.14,-0.32,1.096,7.36,-12.17,41.2,R
,326311,733,0,3871,-0.27,-0.41,1.022,21.10,-2.88,35.65,R
,326341,720,0,4013,-0.03,-0.34,0.793,49.41,-29.33,30.7,R
,326351,720,0,368,-0.137,-0.38,0.709,1.47,-28.88,37.96,R
,326381,720,0,462,-0.126,-0.39,0.516,37.35,-25.72,33.29,R
,326401,730,0,4064,-0.01,-0.418,0.450,13.27,-27.12,17.48,R
,326431,719,0,360,-0.032,-0.49,0.436,.65,-19.46,-0.23,R
,326461,678,0,4049,-0.02,-0.46,0.465,15.12,1146,-2.23,R
,326471,679,0,361,-0.034,-0.40,0.565,12.69,18.74,-7.63,R
,326491,670,0,362,-0.048,-0.39,0.585,.93,32.53,-10.0,R
,326521,682,0,4053,-0.19,-0.406,0.772,20.65,22.18,-2581,R
,326531,720,0,3868,-0.15,-0.404,0.843,-17.72,15.84,-29.60,R
,326541,720,0,449,-0.15,-0.389,0.877,-15.04,14.70,-3175,R
,326551,691,0,3872,-0.12,-0.385,0.908,-12.87,15.28,-3323,R
,326571,688,0,3862,-0.13,-0.349,0.933,18.14,23.44,-37.95,R
,326591,682,0,370,-0.090,-0.35,0.949,-24.56,24.22,-31.02,R
,326601,679,0,4092,-0.16,-0.352,0.971,-26.10,24.39,-33.03,R
,326641,689,0,4062,-0.02,-0.38,1.010,-18.79,17.02,-50.73,R
,326691,675,0,3860,-0.00,-0.38,1.000,-24.99,17.38,-5403,R
,326721,687,0,443,-0.032,-0.39,0.951,-17.07,18.01,-5842,R
,326731,704,0,3859,-0.05,-0.39,0.978,-14.75,21.70,-54.64,R
,326751,705,0,3867,-0.07,-0.36,0.950,-24.91,3.79,-48.23,R
,326781,721,0,469,-0.031,-0.42,1.001,26.00,31.95,-5065,R
,326791,721,0,367,-0.043,-0.410,0.990,-23.10,2.97,-50.35,R
,326801,720,0,491,-0.045,-0.40,0.987,-21.19,26.67,-5085,R
,326831,720,0,3859,0.00,-0.400,0.919,-22.36,2190,-52.91,R
,327001,869,0,466,-0.131,-0.31,1.648,-12.44,12.64,-2120,R
,327051,853,0,359,-0.051,-0.26,1.329,12.00,-755,-7.86,R
,327071,853,0,3868,0.00,-0.278,1.171,15.33,-18.31,-4.2,R
,327091,848,0,3866,-0.05,-0.273,1.045,0.02,-18.72,2.48,R
,327171,857,0,3871,-0.08,-0.335,0.984,19.51,-18.57,25.3,R
,327181,859,0,466,-0.07,-0.331,0.990,20.80,-17.82,29.67,R
,327201,857,0,464,-0.034,-0.32,0.978,19.12,-20.05,34.8,R
,327241,855,0,448,-0.04,-0.315,0.977,22.78,-1.67,40.5,R
,327251,862,0,3860,-0.01,-0.307,1.004,20.99,-19.32,42.80,R
,327261,864,0,460,0.00,-0.308,1.018,2.06,-18.19,45.4,R
,327271,862,0,361,-0.09,-0.302,1.009,18.69,-17.50,50.23,R
,327291,854,0,3864,0.00,-0.308,1.052,17.91,-1791,51.8,R
,327341,846,0,4073,-0.09,-0.323,1.116,13.12,-1.76,55.1,R
,327351,848,0,373,-0.014,-0.31,1.132,14.28,-1.01,55.9,R
,327361,853,0,467,-0.08,-0.318,1.150,15.61,-16.89,56.72,R
,327371,853,0,370,-0.056,-0.32,1.180,16.95,-1.72,53.6,R
,327381,846,0,480,-0.18,-0.333,1.190,1.25,-23.88,50.2,R
,327401,847,0,4094,-0.103,-0.32,1.193,7.97,-27.38,49.81,R
,327431,848,0,365,-0.182,-0.35,1.180,27.53,-3.30,45.6,R
,327441,871,0,495,-0.165,-0.37,1.136,30.52,-34.48,45.18,R
,327451,890,0,361,-0.25,-0.39,1.091,38.28,-33.33,45.6,R
,327461,895,0,4093,-0.13,-0.38,1.007,39.50,-33.09,43.8,R
,327501,814,0,451,-0.113,-0.44,0.665,36.52,-3.11,34.4,R
,327521,817,0,464,-0.056,-0.46,0.472,25.09,-29.85,29.58,R
,327551,726,0,363,-0.06,-0.513,0.376,2.47,-22.02,11.3,R
,327561,720,0,4079,-0.11,-0.508,0.381,-6.20,-18.77,5.9,R
,327571,720,0,3856,-0.07,-0.544,0.353,5.11,-11.90,3.9,R
,327581,716,0,4079,-0.01,-0.522,0.357,2.30,-2.83,2.60,!5
,327591,719,0,361,-0.026,-0.53,0.396,0.14,5.25,0.02,R
,327601,720,0,480,-0.038,-0.55,0.436,-0.46,1580,-5.05,R
,327641,730,0,448,-0.083,-0.41,0.614,-20.32,37.73,-9.14,R
,327651,730,0,3861,-0.11,-0.415,0.673,30.87,32.56,-1374,R
,327661,734,0,482,-0.17,-0.43,0.739,-37.23,2.41,-16.55,R
,327671,738,0,359,-0.106,-0.43,0.820,-37.86,26.73,-20.64,R
,327691,727,0,359,-0.01,-0.41,0.948,-32.12,30.86,-2977,R
,327701,704,0,4076,-0.12,-0.411,0.968,-26.72,38.06,-30.32,R
,327711,701,0,362,-0.103,-0.39,0.966,-24.84,4.06,-2679,R
,327721,707,0,460,-0.11,-0.377,0.985,26.96,47.93,-2594,R
,327741,708,0,461,-0.105,-0.365,1.031,27.94,47.12,-27.98,R
,327811,784,0,356,-0.068,-0.41,1.030,-25.28,3.28,-3907,R
,327821,814,0,436,-0.052,-0.40,1.038,-23.65,37.52,-41.49,R
,327831,797,0,3861,-0.02,-0.401,0.994,28.12,38.76,-49.98,R
,327871,836,0,369,-0.010,-0.37,0.957,-34.82,1.43,-5493,R
,327881,833,0,495,-0.015,-0.41,1.002,-41.78,11.66,-57.61,R
,327891,821,0,360,-0.030,-0.44,0.985,-41.78,1.58,-5850,R
,327901,828,0,495,-0.024,-0.44,0.981,-37.60,1.27,-5416,R
,327911,843,0,372,-0.040,-0.435,0.947,-35.02,17.22,-48.56,R
,327931,848,0,359,0.01,-0.432,0.893,-1.71,11.93,-46.85,R
,327941,854,0,495,0.04,-0.434,0.869,-8.23,5.61,-50.87,R
,327951,848,0,356,0.06,-0.435,0.817,-26.01,-0.95,-56.3,R
,327961,864,0,451,0.130,-0.404,0.768,-25.17,-4.95,-60.65,R
,327971,868,0,376,0.11,-0.416,0.715,-3.65,-2.53,-61.9,R
,328001,881,0,4091,0.11,-0.387,0.706,-4.15,5.99,-56.30,R
,328011,874,0,356,0.12,-0.313,0.860,-27.97,1329,-54.5,R
,328041,903,0,450,-0.152,-0.323,1.280,-36.67,3.13,-2653,R
,328051,908,0,3857,-0.12,-0.284,1.440,37.94,31.83,-1387,R
,328061,900,0,478,-0.219,-0.24,1.585,-37.36,2.29,-5.5,R
,328071,902,0,357,-0.207,-0.28,1.684,-34.97,15.44,1.97,R
,328091,903,0,355,-0.180,-0.25,1.792,-17.98,-2.16,9.3,R
,328101,881,0,478,-0.15,-0.264,1.745,7.39,-6.69,13.07,R
,328111,903,0,362,-0.15,-0.273,1.665,2.37,-9.27,16.83,R
,328121,905,0,491,-0.16,-0.299,1.548,.57,-16.85,17.58,R
,328151,896,0,3863,-0.032,-0.31,1.267,18.89,-2.36,26.5,R
,328161,896,0,482,-0.04,-0.338,1.169,0.41,-27.52,30.31,R
,328191,897,0,361,-0.035,-0.386,1.084,19.56,-38.63,32.86,R
,328231,879,0,359,-0.014,-0.407,1.027,23.33,-4.67,41.4,R
,328251,882,0,359,0.00,-0.408,1.022,24.66,-3347,51.8,R
,328261,881,0,483,-0.014,-0.39,1.022,21.99,-2.15,55.8,R
,328281,882,0,447,-0.023,-0.42,1.014,16.90,-2.95,59.5,R
,328291,887,0,357,-0.02,-0.410,1.028,17.42,-22.14,62.3,R
,328341,890,0,470,-0.022,-0.41,1.006,20.75,-47.38,55.6,R
,328381,898,0,490,-0.055,-0.378,1.024,20.34,-17.58,61.6,R
,328391,911,0,363,-0.02,-0.370,1.031,18.20,-1.29,62.0,R
,328431,848,0,341,-0.205,-0.44,1.064,3.42,-37.03,41.22,R
,328451,881,0,356,-0.253,-0.47,1.043,32.86,-37.99,43.7,R
,328481,784,0,494,-0.145,-0.377,0.803,41.21,-24.59,41.68,R
,328521,796,0,483,-0.22,-0.456,0.547,40.81,-3.58,32.4,R
,328601,771,0,483,0.033,-0.479,0.379,20.17,-8.04,6.78,
,328621,757,0,479,0.01,-0.493,0.455,11.83,18.04,-0.79,R
,328681,717,0,471,-0.089,-0.43,0.789,-8.67,7.81,-30.7,R
,328701,717,0,458,-0.16,-0.410,0.905,-13.04,18.79,-3245,R
,328741,725,0,475,-0.14,-0.37,0.967,-2.29,4308,-27.6,R
,328771,694,0,356,-0.03,-0.342,0.927,-1.71,23.00,-41.42,R
,328801,687,0,495,-0.053,-0.367,0.972,17.17,10.68,-51.19,R
,328811,722,0,367,-0.025,-0.38,0.985,-19.68,1.54,-5048,R
,328841,848,0,476,-0.06,-0.40,0.960,-13.39,3.65,-3699,R
,328871,863,0,356,-0.018,-0.43,0.962,-17.42,2.44,-5180,R
,329021,959,0,495,0.14,-0.367,0.795,-13.72,9.89,-54.19,R
,329041,934,0,495,0.084,-0.275,0.848,-21.39,32.96,-46.3,R
,329071,948,0,356,-0.02,-0.29,1.229,-34.88,33.63,-38.47,R
,329101,982,0,489,-0.16,-0.22,1.470,-25.84,35.52,-1310,R
,329111,1041,0,865,-0.19,-0.22,1.518,-22.26,1.49,-731,R
,329131,1051,0,858,-0.97,-0.24,1.570,-17.62,13.95,-9.26,R
,329151,1041,0,863,-0.100,-0.241,1.500,-4.15,1.87,-5.6,R
,329341,998,0,489,-0.03,-0.31,1.042,18.20,-1.56,40.71,R
,329381,1021,0,095,-0.36,-0.334,1.036,16.49,-20.57,4385,R
,329391,1019,0,866,-0.046,-0.340,1.033,16.77,-21.98,4597,R
,329531,960,0,358,-0.126,-0.337,1.042,18.06,-27.04,42.05,R
,329561,943,0,495,-0.10,-0.32,1.082,24.45,-2.07,38.84,R
,329591,953,0,361,-0.17,-0.357,0.927,33.99,-2.84,40.42,R
,329621,939,0,495,-0.17,-0.37,0.746,43.13,-34.72,35.55,R
,329641,751,0,495,-0.102,-0.369,0.599,39.83,-3.28,29.87,R
,329661,786,0,464,-0.05,-0.385,0.502,6.99,-33.98,21.2,R
,329671,656,0,362,-0.06,-0.400,0.460,17.62,-27.69,16.37,R
,329701,613,0,495,0.005,-0.480,0.483,4.09,-10.4,4.77,R
,329761,705,0,474,-0.04,-0.37,0.610,-8.62,3563,-12.96,R
,329821,717,0,495,-0.109,-0.341,0.973,-11.75,3.94,-32.94,R
,329831,717,0,360,-0.120,-0.342,0.953,9.66,33.83,-32.8,R
,329861,839,0,495,-0.119,-0.297,0.995,-26.50,31.06,-3206,R
,329891,881,0,359,-0.090,-0.323,1.008,28.67,24.76,-3990,R
,329911,889,0,361,-0.095,-0.320,1.018,29.01,17.28,-4357,R
,329961,891,0,475,-0.02,-0.383,1.037,-26.93,24.44,-36.59,R
,330011,896,0,354,-0.01,-0.36,0.909,-30.24,1.36,-4004,R
,330021,913,0,4095,-0.00,-0.36,0.904,-33.17,12.97,-4131,R
,330081,1063,0,095,0.09,-0.432,0.876,-36.58,2.79,-37.7,R
,330111,1115,0,855,0.053,-0.385,0.738,-29.25,007,-38.70,R
,330131,1181,0,856,0.13,-0.29,0.880,-46.44,1.18,-34.03,R
,330151,1215,0,3850,-0.18,-0.311,1.222,-52.36,26.01,-3.76,R
,330181,1259,0,095,-0.112,-0.25,1.584,-35.25,2.96,-3.69,R
,330251,1178,0,861,0.01,-0.285,1.431,-4.38,-3.22,8.51,R
,330321,1269,0,095,0.047,-0.323,1.038,4.92,-32.40,22.0,R
,330341,1321,0,095,0.035,-0.323,1.030,3.67,-33.88,24.5,R
,330351,1329,0,857,0.023,-0.351,1.048,11.59,-36.27,22.69,R
,330401,1296,0,095,0.09,-0.362,1.043,19.01,-30.86,36.25,R
,330441,1327,0,095,-0.050,-0.33,1.028,15.74,-2.48,45.41,R
,330451,1317,0,857,-0.047,-0.346,1.027,16.74,-37.93,4529,R
,330471,1315,0,861,-0.33,-0.333,1.005,16.83,-36.65,4469,R
,330531,1299,0,856,-0.036,-0.425,1.052,14.52,-46.34,4590,R
,330551,1339,0,861,-0.085,-0.407,1.046,31.51,-40.62,4359,R
,330711,1414,0,855,0.079,-0.459,0.426,23.38,-15.90,13.1,R
,330731,1382,0,855,0.059,-0.437,0.373,7.06,1.28,5.38,R
,330761,1385,0,095,0.03,-0.528,0.503,4.05,9.60,-3.48,R
,330771,1372,0,862,0.07,-0.475,0.666,2.80,9.12,-5.29,R
,330791,1379,0,856,0.053,-0.43,0.657,16.31,2963,-4.53,R
,330811,1373,0,860,-0.033,-0.383,0.709,-14.46,41.14,-639,R
,330841,1334,0,095,-0.036,-0.426,0.903,-21.25,34.91,-1.08,R
,330851,1334,0,857,-0.040,-0.423,0.946,-18.20,28.97,-1.94,R
,330871,1335,0,858,-0.45,-0.396,0.960,-8.61,27.22,-2456,R
,331041,1203,0,4095,-0.033,-0.36,0.993,-12.04,21.18,-34.29,R
,331101,1182,0,095,-0.47,-0.365,1.056,-12.17,9.98,-3.19,R
,331141,1200,0,095,-0.034,-0.340,0.977,-14.87,11.83,-3.84,R
,331221,1120,0,095,-0.051,-0.420,0.969,-8.55,1.96,-3502,R
,331231,1116,0,867,-0.043,-0.428,0.970,-6.87,1.09,-3639,R
,331341,1092,0,095,-0.72,-0.426,0.944,-13.04,4.82,-36.76,R
,331381,1113,0,095,-0.020,-0.43,0.868,-16.07,.54,-3355,R
,331431,1136,0,857,0.067,-0.35,0.734,-9.69,-370,-35.9,R
,331491,1147,0,868,-0.48,-0.269,1.039,-33.80,19.72,-1.15,R
,331501,1179,0,095,-0.098,-0.26,1.176,-37.62,8.83,-661,R
,331541,1131,0,095,-0.97,-0.360,1.524,-22.15,3.52,2984,R
,331551,1107,0,857,-0.163,-0.325,1.575,-15.68,7.69,30.0,R
,331571,1103,0,854,-0.29,-0.345,1.450,-1.86,-5.20,26.68,R
,331651,1139,0,865,-0.01,-0.39,1.068,10.52,-0.30,3953,R
,331671,1136,0,831,-0.001,-0.47,1.069,12.67,-28.13,4455,R
,331721,1164,0,095,-0.022,-0.392,1.016,16.25,-20.11,59.33,R
,331751,1169,0,865,-0.012,-0.387,1.015,10.40,-1.69,6109,R
,331891,1168,0,861,-0.22,-0.43,1.048,10.98,-9.09,5730,R
,331921,1079,0,095,-0.122,-0.51,1.027,18.86,-29.03,4643,R
,331971,1072,0,862,-0.39,-0.427,0.864,38.17,-17.62,54.08,R
,332011,1014,0,862,-0.215,-0.430,0.603,34.46,-42.33,3515,R
,332041,1107,0,095,-0.39,-0.413,0.441,17.32,-53.55,1387,R
,332051,1090,0,862,-0.34,-0.433,0.415,12.31,-55.06,6.74,R
,332071,997,0,359,-0.03,-0.48,0.414,8.87,-52.68,-6.21,R
,332221,1023,0,095,-0.123,-0.398,0.886,-1.59,28.47,-3780,R
,332301,961,0,495,-0.19,-0.40,1.007,-12.59,3.60,-48.84,R
,332421,1113,0,095,-0.014,-0.384,0.898,-30.10,29.84,-47.28,R
,332441,1131,0,095,0.021,-0.403,0.867,-28.84,18.86,-50.32,R
,332551,1281,0,862,-0.082,-0.330,1.423,-46.30,31.93,-1.00,R
,332641,1296,0,095,0.09,-0.184,1.409,2.96,-13.40,17.52,R
,332691,1339,0,861,0.08,-0.24,1.138,15.50,-25.93,33.1,R
,332711,1278,0,861,0.03,-0.261,1.098,12.78,-30.34,37.5,R
,332751,1305,0,865,0.027,-0.332,1.120,9.25,-40.37,48.4,R
,332761,1296,0,095,-0.013,-0.324,1.119,10.69,-1.09,4979,R
,332831,1395,0,863,0.00,-0.42,1.165,18.12,-4.76,55.82,R
,332871,1385,0,869,0.015,-0.455,1.156,7.59,-36.31,58.9,R
,333051,1153,0,856,0.07,-0.576,0.556,-36.93,-2.13,-29.45,R
,333241,1315,0,095,0.037,-0.41,0.732,-34.82,1.86,-18.24,R
,333331,1199,0,853,0.13,-0.502,0.833,-29.54,-2.22,-30.21,R
,333371,1282,0,865,0.16,-0.529,0.838,-22.68,27.23,-15.69,R
,333471,1237,0,862,0.381,-0.481,0.614,-37.75,17.69,-2830,R
,333561,1200,0,095,0.08,-0.593,1.665,-37.83,47.72,9.65,R
,333661,1270,0,095,0.25,-0.484,1.183,19.76,-23.46,23.33,R
,333681,1300,0,095,0.24,-0.506,1.049,19.68,-32.92,26.26,R
,333701,1317,0,095,0.33,-0.511,0.984,19.62,-34.69,29.85,R
,333711,1328,0,863,0.24,-0.501,0.980,7.03,-34.25,31.3,R
,333871,1265,0,862,0.11,-0.580,0.984,23.77,-2.10,43.6,R
,333881,1232,0,095,0.095,-0.55,0.931,23.42,-27.79,43.04,R
,333901,1198,0,095,0.16,-0.548,0.910,16.29,-3.74,39.0,R
,333921,1145,0,095,0.138,-0.542,0.891,12.90,-47.58,32.0,R
,333931,1131,0,859,0.076,-0.598,0.895,18.77,-47.18,28.0,R
,333971,1135,0,846,-0.04,-0.602,0.865,23.13,-39.99,3348,R
,333981,1138,0,095,0.02,-0.586,0.855,32.45,-3.65,37.8,R
,334051,1059,0,862,0.021,-0.52,0.490,11.88,-2.75,26.6,R
,334121,993,0,495,0.16,-0.574,0.241,576,1.32,1.38,R
,334191,1008,0,855,0.02,-0.552,0.586,7.08,22.64,-4.15,R
,334281,1275,0,095,0.122,-0.580,0.835,-11.94,3.99,-1068,R
,334311,1293,0,856,0.087,-0.59,0.899,-5.28,4877,-5.8,R
,334411,1301,0,858,0.11,-0.639,0.826,17.25,24.88,-2774,R
,334461,1307,0,4095,0.26,-0.593,0.667,-33.25,4.42,-38.2,R
,334571,1310,0,862,0.011,-0.581,1.369,-36.17,60.83,-1178,R
,334591,1314,0,861,-0.80,-0.50,1.783,-24.50,36.36,-6.00,R
,334661,1292,0,095,0.28,-0.524,1.355,23.83,-11.09,6.68,R
,334691,1290,0,3869,0.25,-0.568,1.062,23.86,-1.84,7.5,R
,334711,1285,0,858,0.236,-0.55,0.977,26.02,-21.76,13.9,R
,334731,1298,0,862,0.222,-0.557,0.930,0.28,-28.33,12.74,R
,334781,1264,0,095,0.24,-0.571,0.884,9.67,-16.13,24.3,R
,334791,1265,0,863,0.181,-0.56,0.883,20.99,-13.91,28.6,R
,334861,1265,0,095,0.17,-0.64,0.934,-1.36,-3.90,20.6,R
,334881,1280,0,095,0.18,-0.641,0.948,11.91,-24.08,24.08,R
,334941,1251,0,095,0.144,-0.61,0.966,-4.27,-49.12,10.4,R
,335001,1187,0,095,0.18,-0.675,0.935,-11.11,-29.85,17.67,R
,335031,1195,0,862,0.13,-0.75,0.823,-19.72,-69.75,-5.61,R
,335041,1169,0,095,0.26,-0.75,0.719,-18.47,-73.76,-9.13,R
,335081,1162,0,095,0.14,-0.669,0.513,-24.29,-52.30,-2.99,R
,335141,1092,0,095,0.29,-0.59,0.256,-43.88,-9.90,-37.26,R
,335151,1094,0,857,0.24,-0.587,0.264,-40.62,-39.11,-40.39,R
,335201,1072,0,095,0.18,-0.486,0.361,-41.37,0.38,-18.7,R
,335301,1094,0,095,0.28,-0.63,0.609,-30.93,10.67,-12.55,R
,335371,1121,0,859,0.27,-0.63,0.655,-30.72,28.13,-10.73,R
,335441,1148,0,095,0.365,-0.667,0.566,-17.46,2.67,-8.4,R
,335541,1215,0,095,0.46,-0.68,0.454,-33.39,2.35,-23.25,R
,335571,1236,0,863,0.332,-0.766,0.700,30.59,32.88,-23.48,R
,335631,1306,0,862,0.241,-0.744,1.398,29.25,36.25,7.42,R
,335661,1313,0,095,0.354,-0.742,1.437,5.51,4.4,-7.05,
,335691,1312,0,856,0.34,-0.574,1.053,13.82,4.8,6.51,R
,335871,1317,0,861,0.33,-0.71,0.798,10.20,-3.14,22.31,R
,335881,1306,0,095,0.34,-0.719,0.776,12.93,-40.57,20.3,R
,335911,1314,0,861,0.36,-0.67,0.791,20.49,-28.33,26.1,R
,335931,1299,0,853,0.26,-0.64,0.808,9.82,-26.86,30.4,R
,335951,1300,0,871,0.24,-0.67,0.869,1.74,-4227,25.41,R
,335971,1302,0,858,0.26,-0.717,0.879,0.54,-53.56,22.4,R
,336131,1200,0,3861,0.24,-0.701,0.160,1.50,-33.53,1.6,R
,336161,1186,0,095,0.20,-0.74,0.121,13.06,-4.37,-12.56,R
,336271,1257,0,859,0.21,-0.730,0.494,-14.07,2.02,-11.54,R
,336341,1259,0,095,0.38,-0.739,0.654,-7.91,3415,-17.32,R
,336371,1279,0,858,0.30,-0.740,0.670,-16.50,3.70,-25.43,R
,336391,1267,0,856,0.32,-0.752,0.715,22.47,30.64,-2838,R
,336421,1264,0,095,0.31,-0.718,0.709,-13.68,3.43,-27.45,R
,336441,1264,0,095,0.339,-0.723,0.697,-16.18,33.40,-2830,R
,336541,1247,0,095,0.48,-0.684,0.547,-25.66,882,-49.2,R
,336651,1254,0,862,0.30,-0.61,1.357,-43.97,38.13,-4.2,R
,336761,1250,0,4095,0.51,-0.62,0.892,29.25,-434,10.17,R
,336851,1254,0,851,0.45,-0.639,0.794,20.51,-1.30,31.4,R
,336871,1254,0,861,0.36,-0.617,0.791,17.25,-2.54,33.30,R
,336901,1264,0,4095,0.36,-0.63,0.814,11.53,-4.09,30.1,R
,336911,1264,0,872,0.46,-0.650,0.811,15.16,-4.21,31.8,R
,336921,1248,0,095,0.40,-0.635,0.823,0.32,-3.01,32.32,R
,337091,1261,0,866,0.48,-0.907,0.571,-2.47,-5.20,5.2,R
,337231,1200,0,859,0.20,-0.674,0.188,-34.00,-0.16,-3.98,R
,337281,1212,0,4095,0.28,-0.58,0.263,-46.35,-.30,-19.00,R
,337321,1227,0,095,0.31,-0.624,0.341,-39.17,-.10,-1543,R
,337411,1251,0,861,0.373,-0.720,0.505,-34.91,19.90,-6.09,R
,337451,1258,0,863,0.430,-0.768,0.482,-30.70,17.67,-9.3,R
,337521,1262,0,4095,0.49,-0.78,0.397,-27.88,20.89,-2067,R
,337561,1264,0,095,0.548,-0.806,0.394,26.82,2.31,-2937,R
,337641,1331,0,095,0.662,-0.756,0.516,26.52,1.73,-5256,R
,337671,1319,0,3857,0.55,-0.706,0.609,-43.54,28.76,-4537,R
,337691,1334,0,3856,0.554,-0.63,0.803,-42.65,2.13,-44.81,R
,337711,1316,0,856,0.527,-0.754,1.004,31.36,2.60,-2885,R
,337731,1340,0,868,0.496,-0.686,1.222,-18.23,28.94,-14.16,R
,337891,1242,0,854,0.50,-0.592,0.552,5.24,-1.40,31.88,R
,337931,1253,0,3877,0.52,-0.647,0.558,10.87,-2.67,41.5,R
,338021,1303,0,095,0.518,-0.74,0.656,16.46,-48.77,39.7,R
,338081,1351,0,095,0.532,-0.79,0.624,21.38,-4.65,36.29,R
,338121,1341,0,4095,0.44,-0.859,0.607,4.98,-5.19,27.1,R
,338161,1340,0,4095,0.31,-0.845,0.613,20.64,-36.78,30.46,R
,338241,1245,0,4095,0.344,-0.842,0.154,28.34,-2.42,22.6,R
,338271,1277,0,865,0.265,-0.788,0.004,35.47,4.4,28.84,R
,338531,1183,0,862,0.433,-0.87,0.493,-16.44,2.22,-7.75,R
,338641,1306,0,095,0.401,-0.836,0.494,25.31,18.18,-25.95,R
,338701,1367,0,4095,0.405,-0.794,0.450,-24.90,2.18,-26.27,R
,338841,1424,0,4095,0.40,-0.844,0.464,-35.13,18.79,-46.36,R
,338881,1424,0,095,0.495,-0.78,0.450,-36.52,2.31,-49.45,R
,338921,1409,0,095,0.540,-0.899,0.452,-39.62,3.06,-5736,R
,338981,1418,0,095,0.403,-0.75,0.488,-42.70,6.12,-4787,R
,339041,1380,0,095,0.354,-0.50,0.785,1.79,12824,-30.2,R
,339331,1163,0,3865,-0.031,-0.15,1.057,160.19,07.08,46.64,R
,339481,1168,0,095,-0.282,-0.06,1.008,68.90,9.44,44.97,R
,339491,1182,0,857,-0.267,0.02,0.948,79.76,9357,44.29,R
,339511,1181,0,858,-0.82,0.077,0.903,0.89,93.77,37.0,R
,339551,1267,0,850,-0.44,0.136,0.746,3.56,97.66,26.2,R
,339571,1302,0,3863,-0.368,0.098,0.768,2.05,88.67,27.32,R
,339591,1286,0,857,-0.360,0.127,0.745,77.16,8738,25.45,R
,339641,1329,0,4095,-0.510,0.196,0.801,8.52,7398,-14.73,R
,339671,1337,0,856,-0.647,0.28,0.809,54.40,6415,-15.6,R
,339921,1413,0,095,-0.52,0.409,0.476,1.77,40.24,-16.7,R
,339931,1322,0,862,-0.754,0.420,0.501,0.11,33.98,-18.4,R
,340031,995,0,357,-0.72,0.505,0.585,3.65,-1735,-20.44,R
,340061,997,0,4095,-0.725,0.531,0.443,22.93,-8.9,-4.61,R
,340201,960,0,495,-0.73,0.584,0.526,1.94,19.3,-4.44,R
,340241,983,0,495,-0.87,0.605,0.439,-1.14,-2.64,2.06,R
,340291,973,0,356,-0.67,0.572,0.492,-36.01,-2.62,9.6,R
,340421,853,0,495,-0.70,0.490,0.555,-38.94,-3.77,15.6,R
,340451,921,0,356,-0.571,0.408,0.674,-47.42,-4.06,12.14,R
,340561,799,0,495,-0.907,0.625,0.786,-6.46,-18.20,21.6,R
,340611,818,0,361,-1.07,0.713,0.516,-.36,-0.1,34.45,R
,340731,769,0,356,-0.433,0.398,0.126,-3.20,7273,57.30,R
,340911,895,0,342,-0.662,0.416,1.131,-53.43,4157,-1.6,R
,340921,926,0,495,-0.74,0.423,1.518,-1.23,2622,-8.58,R
,341001,899,0,4095,-0.62,0.540,0.582,-0.75,-2.08,0.43,R
,341231,105,0,359,-0.658,0.530,0.511,-21.98,-1.50,7.29,R
,341251,130,0,355,-0.644,0.512,0.509,-7.81,-1.83,7.6,R
,341271,277,0,358,-0.581,0.501,0.494,-10.56,-1.78,4.60,R
,341301,397,0,495,-0.61,0.457,0.556,-2.26,-300,-0.3,R
,341321,1ʪbbʢbjrbrbrbjrrbrbRJH341331405,0,3871,-0.69,0.453,0.588,-7.04,2.0,2.26,R
,341381,711,0,495,-0.713,0.543,0.570,-10.43,3.1,0.92,R
,341641,1990,0,4095,-0.77,0.441,0.789,20.49,2635,-9.63,R
,341731,1975,145,3867,-0.656,0.06,0.602,24.90,28.16,-1.69,R
,341791,1916,29,3859,-0.684,0.05,0.481,9.57,-7.84,-31.26,R
,341811,1849,34,3873,-0.738,0.70,0.476,12.57,28.22,-2.03,R
,341831,1825,35,3859,-0.774,0.87,0.630,3.88,20.24,-1777,R
,341851,1793,35,3856,-0.693,0.70,0.545,4.45,2.87,-11.90,R
,341921,1827,41,4095,-0.777,0.454,0.487,-4.87,9.17,-021,R
,341951,1856,45,3867,-0.785,0.367,0.500,-5.01,12.07,-365,R
,341971,1872,45,3866,-0.772,0.375,0.49,9.33,20.51,-4.6,R
,342001,1930,49,4095,-0.789,0.423,0.486,12.78,19.32,-1.04,R
,342011,1973,48,3865,-0.790,0.396,0.486,13.53,17.09,-1.19,R
,342021,1949,49,4095,-0.773,0.92,0.490,15.30,5.93,-9.58,R
,342041,1997,53,4095,-0.707,0.66,0.449,22.31,3.29,-9.46,R
,342091,1984,239,3863,-0.762,0.446,0.375,37.45,5.17,-4.24,R
,342161,1958,21,4095,-0.801,0.25,0.481,37.62,8.16,3.52,R
,342191,1955,11,3866,-0.818,0.618,0.420,33.85,31.17,1.7,R
,342351,1413,0,860,-0.45,0.486,0.134,44.47,827,-13.0,R
,342371,1019,0,856,-0.81,0.475,0.144,-53.28,-.63,-13.37,R
,342381,879,0,495,-0.90,0.448,0.202,-7.14,-775,-8.2,R
,342471,688,0,360,-0.84,0.411,0.419,-32.35,-31.88,-1.42,R
,342591,0,0,385,-0.794,0.459,0.229,-1.74,7.78,9.85,R
,342711,0,0,385,-0.821,0.523,0280,14.03,-33.9,-7.00,
,342831,410,0,356,-0.83,0.465,0.322,-8.64,-4651,-17.89,R
,342871,747,63,870,-0.912,0.407,0.487,-23.95,-5.67,-16.30,R
,342881,763,68,095,-0.13,0.368,0.532,15.02,-25.14,-1.94,R
,342921,769,112,4095,-0.847,0.35,0.524,-14.64,30.27,-.33,R
,342991,906,0,362,-0.76,0.379,0.454,-16.93,-23.11,6.1,R
,343081,1058,0,095,-0.53,0.371,0.573,-3.11,-865,0.23,R
,343151,1203,0,857,-0.752,0.475,0.582,-17.33,-3.44,9.7,R
,343191,1325,0,859,-0.746,0.428,0.428,-29.72,-9.26,24.3,R
,343211,1325,0,3854,-0.800,0.401,0.564,-59.83,-.13,32.75,R
,343291,1616,0,859,-0.680,0.402,0.821,-110.56,-29.59,4.25,R
,343311,1410,0,860,-0.03,0.304,0.856,-112.50,-41.41,4.97,R
,343351,1230,0,859,-0.92,0.202,1.012,132.99,-52.75,4.07,R
,343361,1175,0,095,-0.483,0.159,1.035,-136.68,53.67,38.71,R
,343421,1005,0,095,-0.56,0.061,1.123,-148.18,137.58,-33.57,R
,343481,1021,0,095,-0.02,0.123,1.342,-161.05,135.33,38.39,R
,343501,992,0,495,-0.73,0.100,1.361,-47.05,-33.98,-22.68,R
,343701,962,0,495,-0.249,-0.300,0.877,-81.52,-108.54,755,R
,343771,993,0,3855,-0.075,-0.41,0.712,-60.81,-9.69,14.08,R
,343821,981,0,495,-0.08,-0.44,0.592,-56.44,-77.17,11.16,R
,343861,885,0,495,0.06,-0.468,0.559,-7.83,-6.56,11.0,R
,343981,944,0,495,0.25,-0.662,0.604,-4.65,-4.93,-8.1,R
,344061,950,0,495,0.248,-0.682,0.681,-29.01,-2.96,-3.1,R
,344151,925,0,343,0.223,-0.670,0.623,-1.14,-1.31,-7.6,R
,344271,933,0,3856,0.27,-0.714,0.659,142,-1.4,-0.70,
,344511,939,0,3855,0.24,-0.694,0.666,-.12,0.7,4.11,R
,344521,938,0,495,0.255,-0.691,0.670,-3.83,1.4,4.11,R
,344531,937,0,356,0.238,-0.690,0.686,-4.70,0.04,2.05,R
,344641,938,0,495,0.249,-0.781,0.583,-4.39,-2.1,-10.81,R
,344931,951,0,359,0.275,-0.746,0.574,-3.78,24.88,-34.8,R
,344971,979,0,3861,0.25,-0.796,0.605,-33.34,9.11,-44.38,R
,345031,976,0,351,0.410,-0.756,0.604,-5.57,2219,-32.7,R
,345251,965,0,3873,0.383,-0.713,0.797,17.33,-22.20,19.52,R
,345331,973,0,3849,0.350,-0.790,0.721,872,-41.6,16.97,R
,345451,876,0,3856,0.155,-0.794,0.620,1.83,-35.64,20.4,R
,345681,804,0,4095,0.218,-0.822,0.343,-.95,19.73,-10.94,R
,345911,813,0,3857,0.192,-0.828,0.511,-27.49,4877,-50.9,R
,345941,931,0,4095,0.136,-0.739,0.481,-3.17,4036,-58.97,R
,346021,959,0,495,0.08,-0.335,0.539,2.91,66.0,-36.59,R
,346041,903,0,495,0.063,-0.207,0.687,36.77,79.9,-25.63,R
,346201,662,0,4095,0.382,-0.904,1.239,6.79,28.62,37.48,!5
,346321,699,0,495,0.196,-0.741,1.090,43.51,-2159,29.6,R
,346351,688,0,3857,0.125,-0.649,1.029,3.52,-3391,31.03,R
,346391,652,0,3857,0.084,-0.594,0.981,1.50,-4376,29.12,R
,346421,656,0,495,0.03,-0.570,0.959,14.51,-4524,30.63,R
,346481,639,0,4095,-0.020,-0.510,0.871,2.41,-4.33,28.8,R
,346551,654,0,3856,0.032,-0.504,0.489,34.38,-4880,16.7,R
,346651,752,0,355,0.05,-0.575,0.386,3.39,-7.5,-5.74,
,346781,844,0,4095,0.043,-0.586,0.792,-4.75,4969,-35.7,R
,346801,834,0,495,0.09,-0.614,0.821,-43.71,26.41,-47.55,R
,346851,850,0,3856,0.158,-0.680,0.851,-34.43,25.89,-42.44,R
,347171,870,0,3856,0.236,-0.510,1.011,1.70,-3278,23.0,R
,347201,853,0,4095,0.239,-0.544,0.963,628,-43.15,23.24,R
,347451,913,0,3856,0.08,-0.586,0.598,1.65,-4346,29.52,R
,347471,816,0,3856,0.07,-0.636,0.544,364,-55.67,17.87,R
,347541,714,0,4095,0.194,-0.685,0.308,-12.53,-36.63,-19.26,R
,347591,736,0,349,0.08,-0.669,0.387,-0.73,-743,-29.2,R
,347681,650,0,4095,0.106,-0.673,0.621,-26.39,24.28,-39.63,R
,347701,654,0,495,0.10,-0.665,0.653,-5.94,2899,-40.9,R
,347711,650,0,3846,0.10,-0.681,0.661,-8.85,3309,-38.5,R
,347821,685,0,495,0.229,-0.733,0.660,-9.98,21.95,-73.14,R
,347891,752,0,3856,0.05,-0.274,0.418,-8.00,20.99,-80.1,R
,347921,747,0,4095,0.06,-0.128,0.463,-.90,43.84,-61.6,R
,347971,747,0,3854,-0.16,-0.036,1.138,.57,135.60,30.11,R
,348061,771,0,495,0.440,-0.691,1.695,6.33,71.81,61.70,R
,348161,763,0,4095,0.28,-0.711,1.174,3.45,-1384,26.20,R
,348181,737,0,4095,0.24,-0.705,1.145,2.35,-2782,19.04,R
,348221,715,0,4095,0.15,-0.594,1.089,3.06,-2141,29.9,R
,348271,684,0,3856,0.04,-0.459,1.013,1.28,-2756,30.0,R
,348321,690,0,4095,-0.01,-0.43,1.037,.79,-4169,30.2,R
,348381,687,0,4095,-0.07,-0.388,0.852,5.03,-4.97,28.6,R
,348391,689,0,358,-0.147,-0.389,0.917,1.50,-4.77,24.54,R
,348471,656,0,347,0.009,-0.440,0.400,4.35,-3747,16.31,R
,348481,645,0,495,0.023,-0.408,0.363,4.50,-2868,13.39,R
,348531,706,0,329,0.03,-0.457,0.376,1.57,-1417,-2.9,R
,348581,656,0,495,0.025,-0.457,0.572,1.46,22.04,-12.09,R
,348621,629,0,495,-0.038,-0.426,0.723,.86,29.3,-16.4,R
,348711,675,0,355,0.04,-0.458,0.977,-.40,35.0,-30.4,R
,348721,677,0,495,0.038,-0.457,0.997,-0.43,3835,-29.6,R
,348741,666,0,4095,0.08,-0.451,0.992,-4.70,3073,-37.7,R
,348761,679,0,495,0.05,-0.491,1.008,-9.33,2514,-45.13,R
,348771,683,0,354,0.057,-0.463,1.005,-22.72,24.56,-42.26,R
,348881,749,0,495,0.288,-0.367,0.668,-4.24,6.0,-48.1,R
,348911,755,0,354,0.288,-0.282,0.970,-7.55,3244,-49.17,R
,348941,751,0,495,0.05,-0.438,1.463,-8.88,3331,-27.6,R
,348951,737,0,3855,0.032,-0.355,1.643,-3.11,35.22,-18.52,R
,348961,731,0,495,0.015,-0.402,1.734,-7.04,33.99,-6.33,R
,349041,735,0,4095,0.210,-0.355,1.305,2.03,-10.92,2.05,
,349091,706,0,356,0.134,-0.335,1.090,-.97,-3225,12.40,R
,349271,679,0,341,0.051,-0.400,1.064,504,-37.32,33.58,R
,349391,669,0,3860,0.008,-0.460,0.521,1.58,-2088,26.23,R
,349571,671,0,3856,0.010,-0.654,0.747,-7.65,1.2,-53.37,R
,349581,676,0,4080,0.026,-0.664,0.765,-9.97,1010,-54.0,R
,349621,714,0,4093,0.047,-0.685,0.824,-5.19,36.97,-69.31,R
,349711,727,0,3867,-0.003,-0.520,0.622,36.52,2.46,-110.59,R
,349741,720,0,4095,-0.078,-0.274,0.481,16.70,1.52,-122.64,R
,349751,733,0,3856,-0.082,-0.202,0.412,7.63,1183,-12212,R
,349801,718,0,4055,-0.295,0.163,0.480,-39.04,11.30,-40.23,R
,349841,755,0,4095,-0.51,-0.003,1.297,-21.42,12.21,5478,R
,349871,775,0,3862,-0.204,-0.08,1.792,2.26,13.66,92.20,R
,350151,737,0,3871,-0.048,-0.38,1.083,4.64,-2.26,44.52,R
,350201,730,0,4080,-0.17,-0.341,1.148,10.90,-39.75,43.53,R
,350211,732,0,3866,-0.16,-0.318,1.119,10.12,-4.84,41.3,R
,350221,715,0,4094,-0.176,-0.33,1.130,0.96,-47.81,40.60,R
,350241,685,0,4095,-0.38,-0.408,1.062,27.83,-5.28,43.6,R
,350341,410,0,4070,-0.113,-0.35,0.419,.03,-55.55,27.10,R
,350371,349,0,3859,-0.079,-0.39,0.388,1.80,-35.69,20.08,R
,350551,511,0,356,-0.160,-0.42,0.928,12.67,22.35,-31.80,R
,350561,581,0,4095,-0.18,-0.48,0.936,12.36,2.05,-34.39,R
,350581,539,0,4049,-0.15,-0.455,0.951,15.97,21.26,-41.17,R
,350591,556,0,3849,-0.150,-0.45,0.959,20.38,2.76,-4416,R
,350601,577,0,4070,-0.06,-0.491,0.956,19.88,17.12,-45.81,R
,350631,578,0,3856,-0.02,-0.47,0.947,21.22,2.50,-4932,R
,350681,591,0,4095,0.052,-0.428,0.731,-21.33,9.86,-60.1,R
,350711,586,0,3858,0.14,-0.421,0.618,-5.42,-793,-76.47,R
,351051,734,0,3856,0.01,-0.377,1.066,1.80,-1634,45.01,R
,351181,620,0,4059,-0.21,-0.409,0.996,4.23,-3.59,37.62,R
,351191,624,0,356,-0.213,-0.421,0.953,6.19,-39.65,34.81,R
,351211,654,0,3857,-0.11,-0.42,0.769,2.34,-4.10,35.4,R
,351241,659,0,4095,-0.10,-0.394,0.521,0.75,-3.92,32.9,R
,351271,610,0,3856,-0.02,-0.402,0.406,9.74,-3.62,8.5,R
,351291,639,0,3863,-0.00,-0.42,0.394,3.76,-2.79,2.5,R
,351401,603,0,4081,-0.17,-0.383,0.840,14.81,1.93,-19.10,R
,351421,610,0,480,-0.133,-0.392,0.897,8.58,13.37,-24.44,R
,351471,615,0,3856,-0.18,-0.353,0.956,15.20,3.44,-27.07,R
,351481,618,0,4010,-0.17,-0.375,0.962,20.43,2.52,-31.63,R
,351491,619,0,3856,-0.14,-0.407,0.971,22.68,2.18,-3554,R
,351531,618,0,356,-0.04,-0.401,0.936,20.46,2.96,-32.96,R
,351571,624,0,357,-0.058,-0.444,0.947,-29.63,19.81,-4401,R
,351591,609,0,3859,-0.028,-0.438,0.906,-27.30,1.30,-3998,R
,351661,623,0,455,0.104,-0.422,0.646,-1.31,-1.20,-55.39,R
,351671,720,0,3860,0.09,-0.435,0.661,-5.07,-056,-55.8,R
,351701,770,0,469,-0.055,-0.448,1.049,46.90,2.18,-4299,R
,351761,763,0,459,-0.229,-0.371,1.865,18.58,24.01,-4.16,R
,351811,766,0,357,-0.042,-0.280,1.487,.49,-17.78,-8.15,R
,351841,767,0,465,0.028,-0.308,1.160,1.66,-23.52,-0.84,R
,351851,771,0,3856,0.04,-0.310,1.104,1.19,-2575,-1.72,R
,351861,766,0,448,-0.033,-0.261,1.071,3.13,-27.07,1.88,R
,351881,774,0,461,-0.001,-0.305,1.033,.08,-32.31,8.06,R
,351921,823,0,469,0.004,-0.278,0.937,2.63,-1488,15.44,R
,351971,784,0,361,-0.090,-0.318,1.044,.41,-1787,34.4,R
,352001,753,0,429,-0.027,-0.349,1.085,.57,-2779,39.94,R
,352011,758,0,358,-0.012,-0.363,1.074,10.81,-29.21,40.9,R
,352081,731,0,463,-0.123,-0.403,1.161,4.47,-2.98,40.9,R
,352141,756,0,455,-0.201,-0.457,0.960,3.06,-31.07,36.95,R
,352191,686,0,354,-0.052,-0.398,0.484,0.58,-1.72,35.5,R
,352241,199,0,349,-0.038,-0.489,0.354,.93,-3581,4.55,R
,352271,448,0,355,-0.07,-0.476,0.366,3.36,-1.25,-1.40,R
,352331,327,0,354,-0.23,-0.440,0.738,-15.59,46.02,-8.97,R
,352471,641,0,347,-0.083,-0.411,0.923,18.91,37.09,-32.00,R
,352511,640,0,357,-0.144,-0.468,1.005,23.92,3.73,-38.70,R
,352551,706,0,3859,-0.033,-0.44,0.922,-19.05,1.83,-52.68,R
,352561,710,0,421,0.018,-0.449,0.867,-7.62,1.5,-53.0,R
,352581,697,0,438,0.109,-0.429,0.781,-.63,10.3,-53.5,R
,352701,737,0,4035,-0.169,-0.313,1.708,19.33,3.25,1.7,R
,352711,730,0,3845,-0.178,-0.296,1.747,10.56,2.18,4.5,R
,352851,447,0,3871,-0.032,-0.345,1.067,4.35,-2.11,26.0,R
,353021,559,0,4048,-0.143,-0.362,1.026,8.46,-3.20,37.0,R
,353111,548,0,3857,-0.080,-0.41,0.558,1.16,-1.42,26.34,R
,353131,547,0,3858,-0.07,-0.375,0.466,6.46,-926,13.1,R
,353171,419,0,3862,-0.01,-0.494,0.520,.68,-1375,-1.72,R
,353191,503,0,3855,-0.054,-0.41,0.653,.97,0.5,-4.48,R
,353281,503,0,4013,-0.093,-0.365,0.914,6.41,1740,-23.16,R
,353321,499,0,4009,-0.094,-0.351,0.986,-12.62,3.86,-1978,R
,353341,502,0,3990,-0.091,-0.357,0.991,15.77,1.52,-28.94,R
,353371,525,0,3856,-0.061,-0.372,0.953,-15.14,1.38,-3253,R
,353411,577,0,3867,-0.03,-0.391,0.977,-16.14,18.89,-37.72,R
,353421,606,0,4010,-0.049,-0.383,0.942,15.13,2.97,-3746,R
,353471,688,0,3867,-0.044,-0.44,0.982,20.46,599,-45.52,R
,353561,884,0,4027,0.089,-0.323,0.649,-16.59,5.2,-47.8,R
,353611,881,0,3857,-0.088,-0.27,1.243,52.68,4.17,-22.70,R
,353651,835,0,3875,-0.217,-0.30,1.844,26.26,2.29,5.55,R
,353671,844,0,3863,-0.17,-0.260,1.823,-3.65,4.01,1.26,
,353801,725,0,4004,-0.03,-0.322,1.041,17.13,-1.99,30.6,R
,353831,738,0,3865,-0.047,-0.32,1.042,2.60,-1.03,38.08,R
,353861,734,0,3995,-0.08,-0.359,1.062,10.54,-23.55,42.86,R
,353901,723,0,4001,-0.09,-0.344,1.068,0.83,-25.55,46.5,R
,353941,708,0,421,-0.124,-0.362,1.104,6.48,-19.04,40.16,R
,354071,417,0,366,-0.047,-0.465,0.433,.35,-3420,12.8,R
,354081,368,0,4014,-0.042,-0.491,0.460,4.70,-35.15,5.44,!5
,354141,434,0,3980,-0.086,-0.49,0.516,1.92,2389,-5.5,R
,354171,465,0,367,-0.141,-0.435,0.686,16.91,3.28,-15.02,R
,354241,699,0,4037,-0.15,-0.403,0.896,19.71,32.85,-31.03,R
,354301,709,0,3989,-0.02,-0.383,0.939,30.38,20.09,-50.06,R
,354311,717,0,3860,-0.15,-0.397,0.937,26.82,29.22,-46.21,R
,354331,781,0,3856,-0.03,-0.396,0.956,24.81,34.04,-45.19,R
,354371,753,0,371,-0.047,-0.403,0.941,-24.41,28.25,-4923,R
,354471,779,0,3872,0.02,-0.386,0.870,-1.43,35.28,-48.94,R
,354491,805,0,379,-0.06,-0.354,1.056,34.18,3.86,-51.87,R
,354551,799,0,3866,-0.28,-0.324,1.522,18.35,2.62,-2250,R
,354581,814,0,405,-0.164,-0.301,1.517,.63,8.71,-18.67,R
,354601,797,0,4007,-0.17,-0.278,1.395,2.12,-190,-14.3,R
,354631,818,0,3867,-0.07,-0.284,1.154,4.46,-907,-1.26,R
,354681,799,0,416,-0.043,-0.36,1.023,5.13,-1.31,14.11,R
,354691,799,0,361,-0.037,-0.36,1.018,6.05,-2.60,15.68,R
,354701,815,0,4002,-0.08,-0.376,1.018,6.77,-21.30,17.36,R
,354761,755,0,3988,-0.024,-0.37,1.016,5.19,-2.82,31.93,R
,354801,731,0,3999,-0.004,-0.34,1.066,3.36,-2.26,37.70,R
,354891,798,0,363,-0.175,-0.329,1.178,18.06,-2.10,46.9,R
,354961,789,0,3997,-0.211,-0.429,0.893,4.72,-3.57,43.06,R
,354971,767,0,359,-0.214,-0.438,0.807,41.04,-3.07,42.0,R
,355071,752,0,3867,-0.042,-0.50,0.407,5.83,6.2,8.16,R
,355081,751,0,398,-0.067,-0.504,0.442,.02,16.8,4.93,R
,355111,667,0,355,-0.119,-0.468,0.572,-13.55,26.54,-3.3,R
,355181,773,0,3994,-0.174,-0.42,0.927,-17.62,2.69,-1777,R
,355231,830,0,3868,-0.162,-0.397,0.969,-27.30,43.67,-2409,R
,355241,826,0,382,-0.135,-0.42,0.996,-28.68,40.41,-2508,R
,355251,832,0,3871,-0.169,-0.426,0.995,28.14,35.77,-2984,R
,355261,816,0,330,-0.180,-0.426,1.000,-25.17,28.73,-3245,R
,355301,859,0,3989,-0.099,-0.43,0.914,21.05,2.35,-33.94,R
,355351,879,0,363,-0.031,-0.439,0.783,-24.62,12.47,-4702,R
,355401,912,0,4003,0.059,-0.417,0.656,-5.86,1512,-53.66,R
,355471,919,0,3856,-0.246,-0.343,1.561,-42.32,33.11,-2076,R
,355511,912,0,3867,-0.235,-0.29,1.728,4.56,1.9,-10.04,R
,355591,927,0,361,-0.088,-0.327,1.104,5.62,-2.62,16.45,R
,355611,913,0,365,-0.085,-0.344,1.062,5.12,-3.37,24.20,R
,355641,954,0,366,-0.062,-0.36,1.036,16.55,-4.11,33.2,R
,355661,939,0,3952,-0.057,-0.363,1.001,8.64,-40.51,38.14,R
,355671,966,0,356,-0.057,-0.364,0.993,8.89,-39.55,41.97,R
,355681,961,0,3983,-0.041,-0.36,1.005,19.01,-37.59,45.71,R
,355721,986,0,374,-0.085,-0.357,1.037,.93,-3817,60.0,R
,355911,979,0,3870,-0.070,-0.520,0.485,1.07,-4.46,35.96,R
,355961,934,0,3954,-0.071,-0.58,0.357,3.98,-20.39,7.33,R
,356121,989,0,3958,-0.135,-0.392,0.921,9.63,2798,-31.54,R
,356151,991,0,3870,-0.089,-0.42,0.962,15.31,16.99,-4478,R
,356161,944,0,3953,-0.092,-0.430,0.996,11.25,1.95,-44.29,R
,356251,891,0,3875,-0.03,-0.38,0.826,-8.87,1572,-52.13,R
,356311,877,0,3850,0.10,-0.349,0.583,-2.81,9.8,-62.15,R
,356411,1019,0,3870,-0.209,-0.27,1.721,-6.04,20.50,-1415,R
,356461,1023,0,3951,-0.75,-0.32,1.371,10.31,-2.53,1.53,R
,356581,1003,0,3952,0.001,-0.37,1.006,0.66,-2.69,15.22,R
,356631,958,0,3877,-0.00,-0.32,1.091,.99,-21.06,32.6,R
,356701,976,0,3935,-0.06,-0.297,1.154,18.89,-2.43,35.48,R
,356731,979,0,3879,-0.170,-0.31,1.170,21.22,-23.00,33.1,R
,356741,979,0,3940,-0.177,-0.33,1.187,1.99,-22.40,32.6,R
,356831,1012,0,3879,-0.039,-0.375,0.550,30.55,-0.60,21.93,R
,356911,1126,0,883,0.060,-0.445,0.213,.82,8.9,4.05,R
,356951,1151,0,3872,-0.088,-0.42,0.466,-35.86,6.02,-8.74,R
,356961,1072,0,3913,-0.124,-0.478,0.543,-48.15,30.97,-10.42,R
,357001,1127,0,3939,-0.75,-0.58,0.927,-33.19,32.33,-12.70,R
,357081,1305,0,3941,-0.071,-0.43,1.031,-31.94,26.47,-31.39,R
,357111,1265,0,3942,-0.053,-0.56,1.185,-46.21,6.19,-37.58,R
,357181,1394,0,3927,0.14,-0.44,1.008,30.93,7.14,-42.97,R
,357231,1361,0,3883,0.188,-0.41,0.790,7.52,-669,-54.15,R
,357471,1238,0,3885,-0.04,-0.382,1.079,30.70,-5.99,41.47,R
,357491,1221,0,885,0.009,-0.38,1.029,9.47,-35.12,43.76,R
,357511,1223,0,3889,0.01,-0.39,0.985,8.64,-29.96,45.77,R
,357681,1003,0,3921,-0.043,-0.441,0.536,30.35,-32.98,24.22,R
,357781,990,0,3925,-0.016,-0.49,0.623,1.67,7.72,0.51,R
,357791,994,0,388,-0.036,-0.48,0.574,.28,17.66,-0.36,R
,357881,1121,0,941,-0.120,-0.438,0.947,-10.61,5.02,-2.68,R
,357891,1132,0,3907,-0.02,-0.41,0.932,-10.90,34.56,-22.44,R
,358001,1158,0,917,-0.005,-0.49,0.894,-28.15,12.85,-44.33,R
,358011,1099,0,870,-0.004,-0.44,0.867,-30.53,16.53,-41.51,R
,358041,1168,0,931,0.030,-0.395,0.843,-32.67,3.68,-33.68,R
,358051,1168,0,3894,0.02,-0.40,0.818,32.26,2.58,-3717,R
,358061,1173,0,934,0.069,-0.41,0.787,-30.61,1.46,-4281,R
,358091,1181,0,3909,0.104,-0.379,0.662,-24.67,3.20,-50.48,R
,358121,1109,0,929,0.076,-0.28,0.616,-32.49,2.71,-2948,R
,358141,1103,0,3920,0.07,-0.28,0.894,41.10,3.16,-2099,R
,358241,1145,0,919,-0.031,-0.38,1.513,12.09,-6.94,12.48,R
,358271,1136,0,917,0.094,-0.37,1.268,3.15,-12.31,15.44,R
,358281,1139,0,3911,0.09,-0.36,1.212,1.42,-12.07,14.35,R
,358291,1142,0,3920,0.09,-0.36,1.161,4.80,-1.18,15.26,R
,358301,1136,0,3917,0.06,-0.36,1.118,4.20,-17.04,17.84,R
,358311,1129,0,920,0.031,-0.38,1.091,2.61,-2.14,18.57,R
,358521,1185,0,909,-0.174,-0.35,1.027,32.84,-18.53,35.18,R
,358561,1083,0,903,-0.262,-0.49,0.939,29.27,-29.76,2687,R
,358581,1066,0,911,-0.245,-0.41,0.819,36.23,-47.96,22.83,R
,358611,1147,0,3933,-0.138,-0.49,0.562,44.03,-9.65,2272,R
,358701,1155,0,3891,0.00,-0.492,0.555,7.09,10.13,-7.07,R
,358721,1169,0,3898,-0.51,-0.447,0.582,0.29,32.71,-14.18,R
,358731,1177,0,3925,-0.094,-0.429,0.616,-14.33,37.81,-1.54,R
,358761,1065,0,3894,-0.143,-0.455,0.823,-25.40,3.06,-1.90,R
,358771,1130,0,3921,-0.150,-0.43,0.905,-19.81,34.01,-2.90,R
,358801,1141,0,901,-0.168,-0.40,0.958,-6.46,28.80,-3455,R
,358821,1138,0,3901,-0.157,-0.376,0.937,-13.30,31.63,-28.85,R
,358831,1105,0,3955,-0.153,-0.36,0.955,-21.13,35.09,-30.19,R
,358941,1168,0,3900,0.02,-0.422,0.855,26.39,2.32,-39.71,R
,358991,1255,0,3968,0.15,-0.35,0.650,32.93,2.93,-40.99,R
,359021,1237,0,3897,0.07,-0.319,0.585,29.33,3.86,-35.40,R
,359031,1219,0,3953,0.03,-0.242,0.642,34.21,3.17,-32.24,R
,359041,1232,0,3888,0.05,-0.24,0.847,-45.88,33.37,-31.40,R
,359131,1207,0,3962,-0.170,-0.21,1.857,9.47,-8.19,14.6,R
,359141,1209,0,3900,-0.05,-0.237,1.597,8.69,-11.00,18.20,R
,359151,1215,0,3957,0.021,-0.26,1.583,.74,-2025,13.21,R
,359171,1216,0,3956,0.022,-0.30,1.301,2.49,-2.73,22.31,R
,359211,1213,0,3945,0.040,-0.33,1.106,16.26,-38.04,26.13,R
,359221,1213,0,3897,0.006,-0.33,1.114,15.68,-39.29,26.1,R
,359351,1168,0,3962,0.003,-0.54,1.129,7.76,-35.21,51.76,R
,359361,1136,0,3892,0.001,-0.55,1.104,.19,-37.93,46.3,R
,359391,1117,0,3978,0.010,-0.67,1.075,0.20,-57.09,22.42,R
,359521,950,0,398,-0.098,-0.45,0.479,21.57,-61.96,-4.82,R
,359561,990,0,3871,-0.16,-0.383,0.468,-32.36,-43.20,-4.34,R
,359571,993,0,371,-0.120,-0.36,0.527,34.10,-0.74,-42.62,R
,359581,993,0,3888,-0.11,-0.36,0.526,31.92,-36.43,-3.19,R
,359591,983,0,384,-0.131,-0.353,0.546,-29.60,-31.94,-3.50,R
,359611,987,0,3974,-0.095,-0.35,0.572,27.91,-2.46,-29.69,R
,359631,989,0,367,-0.03,-0.35,0.604,26.79,-2.08,-22.15,R
,359651,1009,0,3972,-0.75,-0.368,0.669,-29.43,4.40,-17.31,R
,359711,1013,0,3984,0.00,-0.44,0.754,-21.14,9.95,-11.5,R
,359721,1015,0,3897,0.04,-0.43,0.759,-24.33,17.22,-1105,R
,359741,1020,0,3888,0.00,-0.46,0.782,-24.49,19.87,-1397,R
,359751,1023,0,3984,0.05,-0.45,0.800,-27.36,20.01,-1595,R
,359771,1023,0,3985,0.19,-0.490,0.823,-26.04,9.51,-21.4,R
,359791,1034,0,3948,0.14,-0.47,0.791,-25.36,16.44,-1746,R
,359831,1080,0,3959,0.236,-0.45,0.715,20.35,27.96,-10.87,R
,359841,1082,0,3888,0.17,-0.46,0.684,-20.62,15.40,-1540,R
,359891,1127,0,995,0.30,-0.49,0.616,31.39,24.38,-14.30,R
,359901,1133,0,3890,0.292,-0.446,0.737,-36.58,35.61,-1059,R
,359911,1129,0,979,0.231,-0.453,0.923,-43.48,46.28,-8.3,R
,359921,1110,0,3883,0.16,-0.50,1.107,47.78,5.57,-4.45,R
,359931,1101,0,3962,0.06,-0.55,1.354,-45.34,49.25,2.0,R
,359941,1104,0,888,0.01,-0.525,1.576,-44.90,44.25,8.1,R
,359961,1104,0,3888,0.00,-0.52,1.845,30.41,37.96,18.97,R
,359991,1105,0,3982,0.16,-0.51,1.841,.64,6.6,15.42,R
,360021,1114,0,3888,0.24,-0.44,1.427,5.04,-11.21,13.29,R
,360031,1105,0,3984,0.25,-0.49,1.307,0.54,-16.80,15.6,R
,360071,1105,0,984,0.186,-0.469,1.083,20.96,-23.82,19.2,R
,360121,1090,0,888,0.182,-0.471,0.979,21.90,-3.23,32.68,R
,360131,1093,0,3980,0.189,-0.46,0.979,8.92,-2.23,37.73,R
,360171,1093,0,3985,0.135,-0.49,0.997,.82,-2747,44.7,R
,360181,1091,0,3890,0.114,-0.50,1.012,.84,-3236,44.11,R
,360191,1093,0,4004,0.12,-0.52,1.043,.74,-3894,41.0,R
,360201,1095,0,888,0.112,-0.516,1.033,0.26,-4.94,36.05,R
,360251,1107,0,005,0.07,-0.50,1.016,5.82,-4.21,32.08,R
,360271,1106,0,4002,0.027,-0.47,1.022,9.82,-3.46,33.52,R
,360351,1147,0,4053,-0.94,-0.58,0.719,43.21,-55.58,18.42,R
,360411,1119,0,4057,0.16,-0.51,0.199,7.53,-2.38,12.0,R
,360461,1101,0,3878,0.10,-0.52,0.173,.84,2.82,-5.34,R
,360471,1123,0,021,0.167,-0.610,0.341,-2.87,1151,-16.24,R
,360491,1136,0,022,0.036,-0.570,0.471,14.35,2021,-12.45,R
,360501,1159,0,3871,0.072,-0.52,0.487,5.09,2609,-13.6,R
,360511,1157,0,4014,0.06,-0.49,0.555,.98,31.7,-15.54,R
,360521,1158,0,3888,0.01,-0.51,0.634,3.25,3073,-15.6,R
,360541,1154,0,3882,0.03,-0.48,0.754,9.39,31.96,-12.47,R
,360571,1168,0,4032,0.06,-0.48,0.853,1.02,3360,-21.10,R
,360591,1166,0,4029,0.05,-0.47,0.855,8.35,3033,-25.5,R
,360601,1161,0,883,0.051,-0.48,0.857,14.24,2.23,-2607,R
,360611,1158,0,016,0.02,-0.49,0.876,19.51,2.99,-27.36,R
,360631,1149,0,4017,0.08,-0.54,0.887,22.44,2.91,-3000,R
,360641,1142,0,883,0.101,-0.53,0.877,19.01,3.50,-2971,R
,360701,1055,0,883,0.102,-0.458,0.867,-23.91,39.11,-28.16,R
,360741,1135,0,875,0.136,-0.42,0.764,-28.09,17.73,-30.04,R
,360791,1165,0,4061,0.343,-0.394,0.559,-27.98,13.58,-28.27,R
,360841,1200,0,870,0.29,-0.35,1.135,51.60,5.41,-8.21,R
,360851,1218,0,016,0.089,-0.45,1.413,57.69,62.41,2.71,R
,360921,1241,0,881,0.162,-0.39,1.896,3.71,-381,21.7,R
,360931,1246,0,4060,0.25,-0.46,1.605,16.87,-17.29,20.80,R
,360941,1247,0,3873,0.285,-0.43,1.468,1.73,-19.36,17.56,R
,360951,1250,0,038,0.369,-0.50,1.395,0.92,-26.30,13.81,R
,360981,1237,0,3874,0.20,-0.45,1.091,9.03,-2.50,12.1,R
,361011,1227,0,4041,0.184,-0.47,1.017,8.58,-4.30,11.91,R
,361031,1225,0,031,0.148,-0.46,1.021,18.90,-38.77,20.90,R
,361041,1230,0,874,0.105,-0.43,1.012,15.93,-37.73,27.29,R
,361051,1223,0,4022,0.14,-0.47,1.039,2.32,-3.98,29.9,R
,361061,1221,0,872,0.11,-0.47,1.042,2.37,-4.72,30.3,R
,361081,1222,0,897,0.121,-0.47,1.045,1.32,-46.14,34.61,R
,361141,1168,0,3869,0.01,-0.52,1.049,.38,-43.17,38.19,R
,361161,1172,0,873,0.099,-0.56,1.027,.02,-51.18,34.92,R
,361181,1171,0,883,0.11,-0.66,1.039,6.33,-5.46,30.2,R
,361201,1153,0,3881,0.177,-0.73,0.992,0.69,-53.61,24.00,R
,361231,1119,0,052,0.169,-0.73,0.844,.51,-4544,13.6,R
,361241,1104,0,3869,0.179,-0.710,0.777,3.27,-46.14,7.06,R
,361251,1103,0,016,0.019,-0.83,0.684,.69,-50.30,1.93,R
,361261,1085,0,875,0.191,-0.71,0.635,13.60,-3.81,-6.93,R
,361281,1071,0,881,0.210,-0.68,0.517,-28.33,-55.12,-15.36,R
,361291,1056,0,4048,0.092,-0.66,0.502,33.25,-2.54,-1.90,R
,361311,1031,0,4053,0.179,-0.669,0.398,38.15,-51.99,-28.18,R
,361321,995,0,3871,0.179,-0.645,0.364,-32.96,-50.33,-32.52,R
,361501,910,0,3869,0.17,-0.494,0.636,-39.13,20.35,-15.14,R
,361511,916,0,480,0.18,-0.480,0.646,-38.15,21.06,-15.68,R
,361541,954,0,3873,0.23,-0.554,0.697,-44.61,9.00,-16.70,R
,361621,1068,0,870,0.375,-0.58,0.576,33.83,16.68,-15.65,R
,361641,1088,0,870,0.385,-0.57,0.507,38.44,1.64,-17.71,R
,361651,1090,0,060,0.398,-0.55,0.508,42.24,12.86,-18.50,R
,361671,1091,0,066,0.414,-0.59,0.492,42.43,741,-23.8,R
,361681,1098,0,883,0.433,-0.62,0.499,40.04,680,-24.84,R
,361691,1103,0,059,0.451,-0.61,0.518,36.59,7.90,-25.75,R
,361711,1129,0,4035,0.438,-0.60,0.589,39.37,20.68,-20.68,R
,361721,1136,0,3869,0.403,-0.587,0.741,-44.01,29.00,-19.03,R
,361731,1136,0,4020,0.30,-0.610,0.857,-47.11,35.00,-16.13,R
,361741,1137,0,871,0.323,-0.61,1.083,-56.17,44.07,-7.80,R
,361761,1141,0,3877,0.221,-0.67,1.426,47.66,38.71,9.38,R
,361891,1127,0,4086,0.407,-0.627,0.803,24.29,-13.88,13.87,R
,361901,1119,0,878,0.396,-0.62,0.775,7.57,-2.85,12.8,R
,361921,1136,0,3876,0.390,-0.62,0.752,3.07,-26.69,13.06,R
,361951,1103,0,059,0.374,-0.67,0.766,0.98,-12.63,25.65,R
,361961,1104,0,873,0.355,-0.66,0.792,0.93,-7.26,28.48,R
,361971,1104,0,4066,0.292,-0.658,0.804,11.65,-630,31.5,R
,361981,1105,0,879,0.242,-0.64,0.821,.56,-11.33,35.2,R
,361991,1107,0,075,0.266,-0.65,0.842,.92,-2161,34.72,R
,362041,1114,0,3874,0.284,-0.680,0.853,10.63,-3.48,31.4,R
,362051,1111,0,080,0.249,-0.67,0.865,1.91,-21.82,34.34,R
,362071,1114,0,4094,0.199,-0.67,0.889,7.88,-2109,34.6,R
,362081,1106,0,865,0.138,-0.66,0.924,.50,-2915,31.82,R
,362091,1115,0,095,0.147,-0.71,0.920,.78,-3810,28.48,R
,362121,1111,0,3873,0.06,-0.795,0.839,20.22,-42.68,30.20,R
,362131,1118,0,4095,0.101,-0.71,0.782,21.88,-36.95,27.79,R
,362181,1083,0,3870,0.17,-0.73,0.339,7.62,-3.08,14.23,R
,362191,1087,0,4091,0.140,-0.77,0.206,9.03,-3.58,10.57,R
,362221,1060,0,3883,0.207,-0.68,0.068,4.46,-1.40,-0.30,R
,362251,1040,0,4095,0.20,-0.678,0.062,2.83,1.41,-4.81,
,362271,1046,0,095,0.163,-0.75,0.244,8.07,-1.11,-15.2,R
,362281,1068,0,3877,0.110,-0.700,0.349,2.15,0.2,-15.42,R
,362291,1083,0,095,0.082,-0.72,0.375,.57,5.28,-14.13,R
,362311,1081,0,4095,0.110,-0.72,0.501,0.01,9.46,-18.18,R
,362321,1068,0,3871,0.02,-0.717,0.531,-4.07,10.93,-14.1,R
,362331,1069,0,4095,0.09,-0.734,0.595,-7.16,13.03,-12.3,R
,362361,1136,0,3883,0.19,-0.732,0.639,-6.67,1747,-14.81,R
,362421,1137,0,3878,0.29,-0.762,0.657,-17.39,2.57,-19.29,R
,362441,1122,0,3874,0.279,-0.76,0.667,-21.42,29.05,-20.44,R
,362481,1130,0,3858,0.26,-0.736,0.655,22.82,3.12,-25.75,R
,362531,1120,0,4095,0.39,-0.694,0.586,-34.55,18.67,-3543,R
,362541,1133,0,3870,0.324,-0.69,0.573,35.83,15.46,-35.74,R
,362561,1141,0,3891,0.39,-0.70,0.573,-33.43,3.52,-42.62,R
,362571,1158,0,4095,0.30,-0.67,0.542,30.49,-3.33,-47.61,R
,362601,1189,0,867,0.370,-0.54,0.449,19.23,13.49,-4146,R
,362611,1189,0,4089,0.389,-0.513,0.503,22.76,2.57,-40.85,R
,362641,1202,0,3859,0.28,-0.49,0.800,37.80,31.80,-2621,R
,362731,1270,0,4095,0.40,-0.617,1.585,17.97,3.2,19.48,R
,362751,1202,0,4080,0.419,-0.66,1.314,0.41,-1.62,23.10,R
,362821,1194,0,891,0.345,-0.641,0.880,4.72,-4.94,21.16,R
,362841,1182,0,3856,0.308,-0.65,0.882,5.65,-4.75,31.21,R
,362851,1179,0,4095,0.37,-0.67,0.862,23.28,-44.86,36.0,R
,362861,1178,0,3870,0.327,-0.69,0.851,0.34,-4.65,41.03,R
,362871,1182,0,095,0.327,-0.697,0.852,1.06,-4.05,42.11,R
,362911,1082,0,095,0.377,-0.76,0.865,6.60,-4.94,40.05,R
,362921,1090,0,3882,0.355,-0.790,0.876,13.47,-5.47,38.55,R
,362931,1105,0,4095,0.327,-0.79,0.864,9.24,-51.67,38.8,R
,362941,1098,0,3872,0.36,-0.81,0.874,.25,-50.97,35.8,R
,362951,1097,0,4095,0.365,-0.83,0.859,.63,-51.94,34.3,R
,362971,1141,0,4095,0.301,-0.91,0.842,7.23,-4.11,30.68,R
,362991,1137,0,4095,0.290,-0.96,0.814,4.55,-4.43,22.92,R
,363011,1119,0,095,0.318,-0.95,0.702,.07,-4645,15.8,R
,363021,1064,0,3875,0.33,-0.94,0.636,.03,-48.43,10.1,R
,363041,1123,0,3879,0.324,-0.927,0.506,10.62,-3.11,-6.50,R
,363061,1109,0,3878,0.31,-0.892,0.382,25.37,-7.69,-20.50,R
,363071,1107,0,095,0.299,-0.880,0.344,-31.75,-59.04,-2.87,R
,363101,1092,0,3874,0.253,-0.851,0.189,-35.74,-61.55,-4.78,R
,363131,1009,0,4095,0.25,-0.75,0.118,-25.66,-52.37,-4.68,R
,363161,1023,0,3869,0.18,-0.62,0.104,-37.45,-26.04,-4.78,R
,363171,1023,0,4095,0.14,-0.64,0.156,38.53,-2.69,-4.52,R
,363181,1062,0,3870,0.10,-0.58,0.184,35.98,-8.63,-43.98,R
,363191,1079,0,4095,0.17,-0.56,0.178,-35.02,-11.70,-3.92,R
,363201,1062,0,3869,0.18,-0.56,0.205,-37.28,-10.33,-3.72,R
,363231,1074,0,4095,0.160,-0.55,0.219,44.75,-1.73,-28.16,R
,363241,1057,0,3866,0.13,-0.54,0.241,-43.31,3.92,-23.26,R
,363251,1062,0,095,0.193,-0.53,0.279,-45.45,8.97,-20.3,R
,363291,1067,0,4095,0.21,-0.59,0.326,-41.75,23.77,-7.5,R
,363311,1071,0,4095,0.25,-0.63,0.356,39.89,31.93,-6.26,R
,363321,1057,0,3867,0.25,-0.62,0.350,40.50,3.66,-3.89,R
,363331,1057,0,095,0.273,-0.663,0.362,-37.63,36.18,-3.8,R
,363351,1062,0,4095,0.353,-0.69,0.389,38.85,2.02,-7.83,R
,363371,1072,0,4039,0.46,-0.72,0.387,-32.27,18.62,-17.48,R
,363401,1082,0,3870,0.499,-0.71,0.350,33.77,3.71,-13.69,R
,363411,1084,0,4095,0.512,-0.75,0.371,31.37,3.28,-1416,R
,363431,1134,0,4095,0.54,-0.75,0.365,27.43,31.37,-2365,R
,363461,1172,0,865,0.543,-0.69,0.381,-28.93,21.58,-33.80,R
,363471,1262,0,4095,0.66,-0.74,0.446,33.68,23.31,-3320,R
,363501,1248,0,858,0.649,-0.713,0.635,-39.40,4.22,-39.83,R
,363511,1263,0,4095,0.597,-0.78,0.687,33.42,4.06,-41.54,R
,363521,1268,0,863,0.575,-0.75,0.754,-29.36,52.09,-35.40,R
,363541,1279,0,843,0.42,-0.74,1.075,29.68,5.02,-3070,R
,363551,1267,0,4095,0.484,-0.75,1.247,26.81,4.64,-27.72,R
,363601,1278,0,3867,0.56,-0.67,1.503,22.86,2.54,-9.61,R
,363621,1267,0,856,0.645,-0.56,1.007,23.19,-4.74,2.11,R
,363661,1211,0,861,0.590,-0.62,0.790,8.63,-2.56,16.5,R
,363691,1206,0,095,0.549,-0.62,0.680,6.49,-27.79,21.9,R
,363701,1211,0,861,0.54,-0.64,0.672,7.51,-35.49,24.8,R
,363711,1209,0,4095,0.540,-0.625,0.632,24.45,-34.48,29.38,R
,363731,1200,0,095,0.542,-0.627,0.628,4.96,-3.19,36.1,R
,363741,1207,0,3866,0.52,-0.63,0.597,0.11,-2.40,40.7,R
,363761,1200,0,3873,0.40,-0.66,0.628,6.37,-3.88,46.6,R
,363771,1175,0,4095,0.489,-0.66,0.667,0.05,-35.26,46.08,R
,363801,1186,0,875,0.465,-0.667,0.675,2.16,-4.30,46.57,R
,363821,1157,0,861,0.476,-0.664,0.698,21.62,-39.23,48.29,R
,363851,1152,0,4095,0.38,-0.70,0.759,2.99,-4.85,52.00,R
,363891,1232,0,095,0.40,-0.76,0.702,4.63,-5.91,46.0,R
,363901,1230,0,862,0.431,-0.77,0.684,32.29,-54.80,48.10,R
,363961,1234,0,863,0.34,-0.86,0.645,3.93,-5.11,48.77,R
,363971,1232,0,4095,0.32,-0.90,0.658,8.90,-5.96,46.2,R
,364021,1243,0,857,0.318,-0.87,0.562,13.76,-43.00,38.72,R
,364051,1249,0,4095,0.27,-0.88,0.503,0.32,-3.98,38.58,R
,364071,1252,0,095,0.300,-0.91,0.501,2.63,-4.27,31.3,R
,364091,1227,0,4095,0.257,-0.876,0.430,12.96,-38.14,32.22,R
,364101,1232,0,3856,0.26,-0.88,0.400,7.41,-31.55,35.36,R
,364121,1126,0,856,0.20,-0.81,0.305,9.68,-662,49.21,R
,364141,1105,0,859,0.200,-0.75,0.203,43.62,12.16,59.74,R
,364151,1131,0,095,0.235,-0.76,0.199,52.52,14.35,56.43,R
,364171,1162,0,4095,0.223,-0.74,0.104,54.48,7.72,46.19,R
,364181,1171,0,3873,0.23,-0.76,0.139,2.17,-323,44.80,R
,364191,1178,0,4095,0.192,-0.731,0.069,8.83,-1.74,38.4,R
,364211,1117,0,4095,0.23,-0.73,0.092,0.61,-2.92,35.6,R
,364241,1066,0,3848,0.215,-0.708,0.129,15.24,-19.24,15.76,R
,364271,1131,0,4095,0.230,-0.823,0.246,-10.93,-2.86,0.45,R
,364281,1131,0,3856,0.186,-0.799,0.238,-8.14,-19.99,2.97,R
,364291,1152,0,4095,0.24,-0.84,0.285,-6.81,-17.44,5.12,R
,364311,1149,0,095,0.208,-0.79,0.303,6.15,10.36,10.68,R
,364341,1168,0,856,0.315,-0.87,0.439,22.79,2.27,-21.11,R
,364351,1186,0,095,0.332,-0.96,0.520,30.06,-6.30,-39.65,R
,364361,1159,0,850,0.228,-0.85,0.413,26.68,-22.74,-36.07,R
,364381,1184,0,856,0.278,-0.93,0.354,3.42,-5.81,-15.57,R
,364401,1186,0,856,0.267,-0.74,0.433,8.03,43.96,3.29,R
,364421,1206,0,853,0.283,-0.73,0.480,4.19,6790,5.67,R
,364431,1189,0,4095,0.27,-0.737,0.533,15.76,63.09,-1.26,R
,364451,1195,0,4095,0.39,-0.781,0.526,-13.01,24.38,-22.85,R
,364461,1193,0,3850,0.294,-0.805,0.495,-27.13,4.16,-25.71,R
,364471,1201,0,4095,0.303,-0.84,0.540,31.04,-.14,-2143,R
,364521,1158,0,846,0.311,-0.78,0.552,1.36,6375,-9.8,R
,364541,1162,0,3861,0.28,-0.75,0.558,.06,56.3,-13.13,R
,364601,1247,0,3853,0.345,-0.847,0.637,-20.39,27.18,-20.58,R
,364721,1255,0,3859,0.298,-0.822,0.583,-18.12,14.56,-27.83,R
,364791,1239,0,4095,0.335,-0.854,0.527,-27.89,9.02,-36.61,R
,364811,1257,0,095,0.352,-0.88,0.517,-29.42,3.60,-42.07,R
,364831,1266,0,095,0.356,-0.85,0.522,25.34,6.99,-42.58,R
,364841,1270,0,847,0.333,-0.81,0.503,25.80,1.66,-4163,R
,364851,1262,0,4095,0.354,-0.84,0.502,-29.51,9.29,-44.01,R
,364871,1331,0,4095,0.33,-0.838,0.497,-36.67,186,-47.2,R
,364881,1319,0,863,0.359,-0.86,0.505,43.08,-.81,-4998,R
,364891,1328,0,4095,0.386,-0.887,0.485,46.04,-20.30,-56.61,R
,364901,1312,0,3851,0.375,-0.87,0.475,44.18,-3.04,-62.42,R
,364911,1328,0,095,0.421,-0.89,0.447,32.81,-20.92,-64.35,R
,364931,1366,0,4095,0.32,-0.84,0.430,30.59,279,-60.42,R
,364941,1393,0,870,0.430,-0.85,0.437,29.04,871,-58.96,R
,364951,1435,0,095,0.363,-0.83,0.407,31.51,1.93,-60.24,R
,364961,1441,0,855,0.368,-0.84,0.403,34.24,1.39,-61.48,R
,365021,1501,0,3855,0.31,-0.818,0.379,37.49,2.06,-70.68,R
,365051,1442,0,4080,0.302,-0.72,0.403,32.21,50.42,-63.32,R
,365071,1383,0,095,0.253,-0.73,0.461,35.20,6.56,-46.64,R
,365081,1379,0,852,0.20,-0.724,0.467,-29.05,68.76,-41.80,R
,365091,1393,0,095,0.256,-0.68,0.487,27.33,68.77,-42.13,R
,365111,1456,0,4066,0.36,-0.570,0.503,-26.56,7.07,-44.44,R
,365121,1440,0,856,0.330,-0.53,0.490,23.71,89.41,-39.46,R
,365151,1371,0,054,0.285,-0.57,0.675,1.89,138.73,-20.97,R
,365161,1397,0,851,0.272,-0.53,0.767,15.04,15.89,-1707,R
,365181,1411,0,3854,0.07,-0.419,0.904,42.86,18.70,-6.7,R
,365251,1262,0,4080,0.029,-0.323,1.254,26.14,148.41,15.70,R
,365261,1292,0,846,0.025,-0.28,1.208,46.61,10.97,21.90,R
,365381,1327,0,3843,-0.065,-0.19,1.168,221.44,179.90,7.60,R
,365511,1200,0,4069,-0.478,0.24,0.900,200.84,154.94,9326,R
,365521,1200,0,3856,-0.08,0.276,0.860,193.64,16.57,89.36,R
,365551,1216,0,4049,-0.491,0.318,0.812,175.67,132.31,9107,R
,365561,1215,0,3847,-0.474,0.31,0.801,76.09,16.44,93.21,R
,365591,1229,0,4075,-0.552,0.34,0.862,80.95,138.68,8324,R
,365601,1232,0,851,-0.381,0.48,0.713,56.17,121.37,76.97,R
,365611,1216,0,065,-0.444,0.46,0.679,36.51,10.04,57.13,R
,365621,1231,0,854,-0.430,0.40,0.765,21.71,109.86,46.17,R
,365631,1229,0,4063,-0.88,0.433,0.693,02.80,11.87,42.42,R
,365671,1248,0,085,-0.28,0.514,0.692,73.12,104.73,39.4,R
,365681,1251,0,3864,-0.20,0.545,0.662,62.35,10.66,28.29,R
,365691,1261,0,095,-0.584,0.54,0.707,8.75,90.18,20.7,R
,365701,1258,0,855,-0.625,0.54,0.699,1.73,75.75,17.7,R
,365711,1264,0,4048,-0.647,0.61,0.649,29.86,6315,16.52,R
,365741,1218,0,854,-0.699,0.63,0.692,.42,43.25,10.87,R
,365771,1209,0,4081,-0.678,0.65,0.707,3.22,49.80,16.6,R
,365791,1205,0,4064,-0.760,0.64,0.728,-9.36,47.35,24.2,R
,365801,1191,0,858,-0.719,0.67,0.771,3.75,42.96,22.05,R
,365821,1180,0,862,-0.767,0.70,0.710,-8.12,3566,20.55,R
,365841,1186,0,856,-0.743,0.697,0.664,4.49,23.31,16.19,R
,365851,1178,0,4065,-0.38,0.708,0.639,13.74,15.51,14.8,R
,365861,1183,0,3856,-0.712,0.65,0.630,-15.75,569,11.99,R
,365881,1200,0,3855,-0.40,0.636,0.536,16.73,-.04,9.58,R
,365891,1187,0,041,-0.609,0.61,0.495,21.26,-10.94,7.97,R
,365901,1235,0,3855,-0.59,0.606,0.489,22.81,-16.54,3.00,R
,365931,1232,0,4038,-0.60,0.574,0.480,-20.55,-13.03,3.5,R
,365941,1232,0,3857,-0.85,0.633,0.434,-12.04,1.41,11.4,R
,365981,1260,0,3862,-0.56,0.768,0.331,.64,29.78,18.14,R
,366031,1169,0,4000,-0.98,0.69,0.420,-95.68,-9.35,-5.26,R
,366041,1200,0,851,-0.647,0.65,0.492,87.05,-38.25,9.39,R
,366051,1147,0,003,-0.644,0.687,0.488,80.44,-13.90,20.55,R
,366061,1129,0,856,-0.687,0.740,0.521,-65.91,1.53,33.03,R
,366071,1061,0,026,-0.678,0.717,0.543,52.88,37.22,41.24,R
,366091,1046,0,997,-0.657,0.722,0.594,48.09,39.17,39.7,R
,366121,1050,0,3868,-0.54,0.60,0.602,-84.50,-7.82,18.83,R
,366131,1033,0,4011,-0.588,0.66,0.562,-92.12,-6.56,16.11,R
,366141,973,0,3865,-0.66,0.637,0.646,-8.49,-42.43,17.74,R
,366171,950,0,4006,-0.55,0.573,0.599,-90.55,-5.43,17.27,R
,366181,867,0,363,-0.516,0.543,0.551,-83.05,-53.49,20.7,R
,366191,785,0,3921,-0.48,0.556,0.565,-76.12,-49.81,25.87,R
,366351,805,0,3952,-0.56,0.476,0.731,-.62,60.04,12.37,R
,366361,816,0,367,-0.570,0.476,0.711,157,53.89,10.28,R
,366491,887,0,342,-0.77,0.487,0.525,2.99,17.35,0.35,R
,366521,947,0,3847,-0.57,0.550,0.542,30.90,42.5,6.42,R
,366561,975,0,368,-0.62,0.677,0.520,18.35,27.51,6.60,R
,366611,1018,0,3968,-0.01,0.575,0.514,13.21,36.04,26.80,R
,366711,848,0,425,-0.643,0.708,0.405,1.54,28.16,3.91,R
,366761,851,0,3867,-0.626,0.629,0.370,3.54,9.87,-0.24,R
,366811,851,0,382,-0.67,0.709,0.339,34.75,20.13,-0.71,R
,367041,468,0,361,-0.61,0.822,0.234,-24.14,14.68,21.53,R
,367091,671,0,403,-0.50,0.807,0.342,-17.89,12.86,21.81,R
,367141,621,0,365,-0.67,0.799,0.390,-9.22,-22.53,1.99,R
,367181,535,0,362,-0.58,0.816,0.277,-0.76,8.54,36.20,R
,367211,511,0,399,-0.45,0.819,0.227,-39.86,-6.23,11.9,R
,367241,511,0,3867,-0.53,0.561,0.219,2.68,46.1,16.81,R
,367251,551,0,384,-0.52,0.722,0.440,29.03,11.72,45.06,R
,367411,614,0,346,-0.78,0.682,-0.007,91.36,-56.42,31.50,R
,367431,593,0,384,-0.59,0.644,0.469,-8.82,-5.43,44.77,R
,367461,582,0,360,-0.14,0.603,1.078,-231.88,-110.74,3.97,R
,367561,537,0,3867,-0.44,0.760,0.677,2.05,24.1,20.81,R
,367581,501,0,357,-0.28,0.650,0.643,104,1.93,24.92,R
,367641,541,0,362,-0.35,0.823,0.647,8.76,38.6,13.18,R
,367681,523,0,363,-0.39,0.797,0.520,5.46,46.9,-8.33,R
,367761,486,0,3883,-0.11,0.728,0.697,-0.50,85.25,-38.84,R
,367771,496,0,3939,-0.11,0.677,0.778,-41.91,70.35,-51.45,R
,367781,496,0,3869,-0.50,0.633,0.517,-6.78,20.68,-37.77,R
,367791,509,0,342,-0.52,0.591,0.533,-6.43,9.7,-18.35,R
,367811,506,0,3931,-0.48,0.680,0.560,-0.88,1.15,1.64,R
,367821,497,0,3859,-0.40,0.668,0.563,099,-0.72,1.56,R
,367831,503,0,3954,-0.41,0.697,0.547,-.69,-1.99,0.51,R
,367851,511,0,3952,-0.42,0.698,0.608,-5.97,-6.94,-1.97,R
,367871,526,0,3962,-0.17,0.748,0.347,-7.80,12.44,-15.72,R
,367961,502,0,3872,-0.32,0.644,0.467,4.58,-1.81,2.43,R
,368011,624,0,3935,-0.421,0.731,0.557,3.99,10.45,-4.79,R
,368041,666,0,375,-0.493,0.715,0.610,2.12,16.2,5.27,
,368111,690,0,3935,-0.493,0.760,0.551,31.24,-11.49,9.84,R
,368121,709,0,3883,-0.55,0.741,0.587,52.58,-8.57,7.07,R
,368201,725,0,3857,0.31,0.838,.168,10.29,29.43,26.35,R
,368301,625,0,3877,-0.49,0.732,0.448,-20.33,2.4,-21.2,R
,368311,624,0,3941,-0.31,0.762,0.448,-31.07,-7.36,-31.2,R
,368361,684,0,3886,-0.47,0.669,0.555,-.49,-2692,-14.70,R
,368421,710,0,3878,-0.46,0.788,0.466,307,-13.58,-13.1,R
,368441,688,0,3883,-0.49,0.819,0.462,9.18,-12.6,-7.60,R
,368451,615,0,3915,-0.455,0.868,0.465,782,-6.83,-11.22,R
,368531,560,0,3915,-0.454,0.796,0.474,-1.11,-306,-16.3,R
,368601,558,0,3882,0.19,0.881,0.140,9.7,46.38,-6.93,R
,368621,545,0,3886,-0.23,0.860,1.372,4.57,36.54,1.45,R
,368681,387,0,3870,-0.345,0.804,0.742,-8.65,2210,-71.48,R
,368781,434,0,3879,-0.47,0.572,0.307,8.52,5.78,-24.65,
,368801,546,0,3884,-0.435,0.606,0.350,1.24,-0.94,-30.48,R
,368861,565,0,3874,-0.563,0.691,0.594,2.41,4.41,-36.52,R
,368901,750,0,3853,-0.57,0.626,0.689,35.80,-13.07,-32.7,R
,368921,784,0,3888,-0.57,0.667,0.637,3.42,6.1,-24.84,R
,369111,816,0,3913,-0.63,0.665,0.475,24.05,7.6,-12.21,R
,369141,812,0,392,-0.630,0.694,0.448,1.44,7.77,-15.11,R
,369151,803,0,309,-0.604,0.627,0.490,293,-0.59,-18.70,R
,369161,802,0,3897,-0.67,0.636,0.449,011,-3.91,-23.08,R
,369191,783,0,3911,-0.620,0.623,0.438,16.02,15.8,-15.22,R
,369281,912,0,3907,-0.665,0.582,0.419,257,8.39,-13.83,R
,369321,961,0,317,-0.654,0.604,0.408,248,-1.8,-14.48,R
,369421,717,0,3909,-0.698,0.625,0.411,1.90,7.86,-7.03,R
,369541,850,0,3918,-0.77,0.557,0.390,6.72,5.02,-9.92,R
,369621,880,0,333,-0.701,0.624,0.308,11.24,12.56,-16.19,R
,369661,943,0,327,-0.70,0.612,0.411,9.06,-11.5,-21.32,R
,369701,1006,0,3923,-0.24,0.56,0.423,1.30,-1002,-14.70,R
,369721,1009,0,3927,-0.20,0.59,0.407,-0.87,-109,-11.22,R
,369771,875,0,394,-0.98,0.462,0.434,10.20,11.72,-11.89,R
,369821,834,0,325,-0.84,0.554,0.363,-22.94,-20.42,-12.45,R
,369841,830,0,3945,-0.87,0.543,0.434,-0.44,-33.12,-1595,R
,370031,0,0,3888,-0.661,0.512,0360,1.1,9.31,6.13,R
,370041,0,0,395,-0.663,0.504,0.366,4.7,12.68,5.56,R
,370281,0,0,3994,-0.744,0.500,0318,-1268,-2.2,-4.64,
,370321,256,0,431,-0.75,0.505,0.443,0.14,5.17,-1.54,R
,370331,272,0,3886,-0.79,0.524,0.491,432,4.77,0.26,R
,370371,485,0,383,-0.74,0.519,0.426,5.80,-4.85,-4.38,R
,370491,581,0,3878,-0.74,0.605,0.418,809,-26.91,-6.67,R
,370631,703,0,3888,-0.71,0.555,0.372,-.92,17.6,-4.01,R
,370641,730,0,438,-0.73,0.525,0.398,-.62,22.2,-6.84,R
,370781,1067,0,054,-0.20,0.51,0.469,23.69,-.62,-12.38,R
,370801,1088,0,048,-0.67,0.46,0.405,-21.48,-10.40,-1.71,R
,370811,1043,0,881,-0.16,0.40,0.477,-21.88,-13.73,-15.94,R
,370831,1053,0,3885,-0.679,0.41,0.427,5.66,-862,-14.70,R
,370891,1380,0,876,-0.16,0.401,0.499,0.56,-1.10,-6.74,R
,370921,1503,0,4041,-0.773,0.49,0.470,.17,-0.4,-9.45,R
,370971,1700,0,3878,-0.76,0.544,0.377,.57,-3.8,6.97,R
,371001,1278,0,3993,-0.83,0.548,0.378,22.00,-29.69,-3.08,R
,371011,1327,0,863,-0.96,0.557,0.377,22.43,-5.82,-3.11,R
,371031,1193,0,870,-0.94,0.485,0.500,27.75,-3.29,-1.23,R
,371091,1008,0,876,-0.34,0.51,0.447,-13.69,-5.79,1.81,R
,371111,1055,0,3874,-0.734,0.54,0.384,4.72,-20.20,-8.73,R
,371131,1121,0,877,-0.20,0.47,0.344,-12.23,-29.06,-1.10,R
,371141,1143,0,043,-0.01,0.419,0.425,4.47,-2.92,-15.28,R
,371171,1085,0,3863,-0.757,0.41,0.531,.06,-3.44,-14.21,R
,371201,1137,0,029,-0.43,0.45,0.531,14.66,-3.41,-15.14,R
,371251,1290,0,3875,-0.59,0.420,0.537,.22,11.2,-15.90,R
,371261,1251,0,022,-0.48,0.39,0.511,12.26,13.81,-14.8,R
,371281,1296,0,078,-0.87,0.422,0.430,4.26,1851,-10.44,R
,371291,1280,0,3873,-0.793,0.473,0.407,4.89,1894,-11.19,R
,371331,1300,0,3873,-0.811,0.50,0.445,8.29,11.49,-11.63,R
,371341,1308,0,4059,-0.789,0.501,0.449,12.32,1.41,-12.68,R
,371381,1201,0,4047,-0.838,0.558,0.460,17.37,016,-3.77,R
,371391,1146,0,3875,-0.98,0.490,0.443,16.79,-.62,-3.10,R
,371461,448,0,4016,-0.71,0.413,0.485,-66.76,-55.26,-3.58,R
,371561,645,0,4042,-0.71,0.355,0.661,-19.49,13.14,17.5,R
,371591,790,0,3867,-0.695,0.332,0.551,-4.76,-8.91,17.88,R
,371631,1227,0,3870,-0.09,0.381,0.507,.12,-4.45,3.24,R
,371651,1297,0,3872,-0.746,0.38,0.520,0.61,-0.74,-5.86,R
,371671,1365,0,868,-0.767,0.39,0.582,.61,5.75,-18.64,R
,371681,1392,0,4095,-0.00,0.334,0.637,.91,0.73,-18.04,R
,371701,1411,0,4095,-0.766,0.34,0.662,7.99,2.41,-12.91,R
,371711,1393,0,3866,-0.45,0.35,0.637,0.99,6.21,-10.27,R
,371751,1461,0,3853,-0.90,0.31,0.592,0.28,-5.88,-18.36,R
,371771,1517,0,3870,-0.840,0.402,0.473,6.14,-4.30,-22.55,R
,371791,1517,0,863,-0.814,0.41,0.430,8.48,-5.85,-23.3,R
,371851,1382,0,3867,-0.819,0.39,0.550,4.22,-23.12,-13.29,R
,371861,1385,0,095,-0.789,0.35,0.647,2.64,-25.50,-13.52,R
,371871,1385,0,3871,-0.68,0.324,0.714,22.99,-25.15,-1253,R
,371901,1364,0,095,-0.748,0.36,0.664,9.96,-17.17,-6.18,R
,371921,1383,0,4095,-0.807,0.420,0.590,5.06,-23.53,-6.35,R
,371941,1360,0,4095,-0.02,0.40,0.533,40.43,-3.08,-12.03,R
,371951,1376,0,3867,-0.12,0.41,0.493,37.88,-3.30,-14.71,R
,371961,1347,0,095,-0.831,0.42,0.458,3.57,-36.46,-1450,R
,371971,1346,0,3863,-0.19,0.404,0.469,30.83,-38.86,-13.52,R
,371981,1372,0,4095,-0.21,0.423,0.452,32.16,-3.08,-11.02,R
,372001,1387,0,095,-0.794,0.43,0.456,3.76,-33.55,-9.05,R
,372021,1376,0,4095,-0.75,0.439,0.475,38.66,-3.52,-6.44,R
,372031,1358,0,3867,-0.38,0.45,0.502,34.75,-2.03,-5.10,R
,372041,1373,0,4095,-0.33,0.475,0.512,31.06,-2.69,-3.22,R
,372051,1363,0,3867,-0.725,0.49,0.528,3.32,-26.74,-3.7,R
,372061,1380,0,095,-0.755,0.50,0.560,9.64,-27.94,-1.37,R
,372091,1375,0,3871,-0.38,0.508,0.594,7.67,-4060,2.20,R
,372101,1365,0,4095,-0.721,0.514,0.609,.19,-41.01,3.50,R
,372121,1328,0,4095,-0.72,0.530,0.594,12.65,-41.73,-2.44,R
,372151,1345,0,3875,-0.40,0.52,0.628,27.43,-50.40,9.5,R
,372231,1328,0,3866,-0.482,0.464,0.901,111.39,-94.27,-7.97,R
,372241,1331,0,4095,-0.490,0.460,0.956,127.17,-116.46,-10.58,R
,372261,1328,0,4095,-0.07,0.41,1.042,-150.79,-127.44,8.38,R
,372271,1326,0,3865,-0.38,0.42,1.040,-162.82,122.86,-0.12,R
,372281,1317,0,4095,-0.50,0.40,1.088,-171.80,-120.01,10.13,R
,372331,1221,0,854,-0.520,0.383,1.212,189.10,-107.23,11.33,R
,372381,1207,0,095,-0.542,0.22,1.216,214.38,-159.49,.45,R
,372401,1154,0,4095,-0.06,0.088,1.263,-189.19,135.30,24.55,R
,372421,1157,0,095,-0.419,0.14,1.097,173.83,-114.36,33.64,R
,372431,1162,0,3859,-0.14,0.11,1.070,-180.21,115.59,31.90,R
,372441,1159,0,4095,-0.75,0.05,1.074,186.61,-124.07,8.55,R
,372451,1150,0,3866,-0.51,0.07,1.103,-186.58,128.89,24.64,R
,372461,1135,0,4095,-0.427,0.00,1.131,185.81,-131.56,22.54,R
,372571,1023,0,3871,-0.49,-0.342,0.881,-96.76,106.94,35.47,R
,372591,1023,0,3851,-0.09,-0.32,0.819,-72.49,89.07,36.60,R
,372611,1023,0,3866,-0.94,-0.32,0.802,-57.02,79.87,27.35,R
,372631,1023,0,3866,-0.82,-0.379,0.780,-52.52,84.34,14.26,R
,372641,1008,0,4095,-0.08,-0.39,0.745,-54.33,-80.66,1.18,R
,372721,1009,0,095,0.03,-0.41,0.659,-30.64,-9.01,31.82,R
,372741,1019,0,4095,0.02,-0.41,0.638,39.92,-50.13,20.61,R
,372781,1023,0,095,0.05,-0.50,0.631,-42.23,-0.78,24.23,R
,372801,1022,0,4095,0.073,-0.52,0.656,36.46,-31.18,3016,R
,372821,1008,0,095,0.06,-0.534,0.646,33.55,-26.42,2558,R
,372841,1019,0,4095,0.05,-0.55,0.634,39.78,-0.89,14.17,R
,372851,1002,0,3856,0.05,-0.571,0.631,-45.59,-31.62,12.17,R
,372881,1013,0,095,0.049,-0.64,0.675,35.97,-7.46,14.74,R
,372891,1009,0,861,0.01,-0.646,0.652,29.77,-23.84,16.06,R
,372901,1010,0,095,0.073,-0.645,0.642,24.97,-19.79,1582,R
,372911,1008,0,3873,0.04,-0.66,0.646,-23.98,-9.56,13.33,R
,372921,1020,0,095,0.102,-0.64,0.639,24.00,-20.17,10.31,R
,372981,1007,0,4095,0.18,-0.65,0.649,-15.17,-.04,11.10,R
,373011,1006,0,3858,0.11,-0.66,0.675,14.03,-.19,6.87,R
,373031,1007,0,3855,0.102,-0.67,0.675,14.01,-4.53,5.4,R
,373041,1003,0,095,0.14,-0.67,0.667,-11.91,-2.34,6.31,R
,373051,1005,0,3856,0.16,-0.66,0.673,11.36,-1.93,5.47,R
,373111,990,0,356,0.08,-0.737,0.631,-9.37,-5.76,-5.20,R
,373121,991,0,495,0.09,-0.752,0.623,-25.28,-2.37,-2.12,R
,373181,985,0,495,0.14,-0.855,0.640,-17.94,-3.11,-20.32,R
,373191,990,0,352,0.12,-0.847,0.657,-15.39,-385,-23.90,R
,373251,988,0,350,0.08,-0.703,0.587,4.03,41.5,-1.43,R
,373311,996,0,362,0.16,-0.810,0.604,-42.21,-2.49,-33.61,R
,373341,992,0,495,0.13,-0.851,0.614,-19.75,1471,-24.45,R
,373421,1005,0,4095,0.151,-0.732,0.561,33.80,4.44,-34.5,R
,373431,1008,0,853,0.16,-0.762,0.568,-35.69,537,-35.11,R
,373441,1009,0,4095,0.28,-0.78,0.578,36.64,783,-34.94,R
,373461,1017,0,095,0.25,-0.75,0.613,-33.23,6.74,-43.45,R
,373471,1020,0,856,0.22,-0.81,0.604,25.04,-1.55,-4725,R
,373511,1047,0,854,0.25,-0.75,0.538,34.35,-0.48,-37.51,R
,373521,1057,0,095,0.24,-0.766,0.559,-38.53,-16.43,-41.57,R
,373531,1049,0,850,0.24,-0.74,0.539,-41.37,-22.46,-48.36,R
,373541,1003,0,095,0.34,-0.73,0.552,35.60,-2.82,-5.85,R
,373551,1008,0,856,0.42,-0.79,0.618,-23.77,-36.95,-60.13,R
,373561,1114,0,4095,0.30,-0.76,0.628,19.02,-5.01,-57.11,R
,373601,1051,0,095,0.23,-0.73,1.016,5.78,3685,-15.4,R
,373621,1057,0,095,0.27,-0.718,1.239,-5.49,24.02,-8.55,R
,373631,1065,0,3856,0.22,-0.738,1.309,-6.91,12.39,-8.27,R
,373651,1063,0,3856,0.20,-0.75,1.391,.47,2.5,-6.53,R
,373661,1053,0,4095,0.23,-0.67,1.418,15.91,4.07,-0.96,R
,373751,966,0,3851,0.35,-0.788,0.808,1.68,-2428,13.87,R
,373881,928,0,4095,0.196,-0.783,0.759,1.47,-24.51,34.3,R
,373911,951,0,352,0.14,-0.755,0.777,16.72,-20.63,34.2,R
,374021,912,0,4095,0.151,-0.763,0.508,2.53,-24.04,26.2,R
,374051,817,0,3847,0.102,-0.752,0.394,3.22,-32.34,20.5,R
,374071,678,0,3851,0.150,-0.738,0.317,9.25,-56.34,-5.25,R
,374081,730,0,4095,0.144,-0.724,0.215,-.61,-60.34,-8.3,R
,374291,675,0,3867,0.167,-0.851,0.508,-34.67,33.87,-36.55,R
,374331,683,0,3846,0.20,-0.889,0.533,-40.03,17.40,-47.52,R
,374551,745,0,3844,0.01,-0.329,1.120,31.57,94.45,10.95,R
,374731,676,0,3840,0.349,-0.873,1.161,6.22,-0.5,43.15,R
,374781,663,0,4095,0.241,-0.852,1.078,4.06,-39.11,25.41,R
,374821,661,0,4095,0.113,-0.728,1.032,45.94,-26.63,33.2,R
,374881,661,0,4095,0.05,-0.607,0.979,13.62,-56.71,22.8,R
,374951,647,0,3846,-0.00,-0.581,0.829,25.39,-40.98,34.8,R
,374961,642,0,495,-0.136,-0.645,0.788,29.06,-48.46,34.4,R
,374991,608,0,353,0.133,-0.557,0.525,2.85,-4501,21.47,R
,375081,511,0,4068,0.091,-0.574,0.396,-3.48,-2.13,-14.88,R
,375121,503,0,494,0.039,-0.577,0.575,-.13,-1533,-23.26,R
,375131,509,0,3855,0.05,-0.599,0.576,-0.10,-11.23,-22.1,R
,375181,573,0,4057,0.044,-0.560,0.631,-5.84,23.8,-15.84,R
,375201,556,0,460,0.052,-0.562,0.685,-.57,29.05,-18.09,R
,375251,570,0,3841,0.12,-0.548,0.734,-21.04,33.78,-30.5,R
,375271,575,0,349,0.079,-0.575,0.810,-0.55,38.60,-24.93,R
,375281,576,0,4080,0.101,-0.587,0.823,-17.02,35.06,-27.9,R
,375331,576,0,356,0.16,-0.594,0.815,-13.28,2824,-36.94,R
,375371,576,0,3851,0.15,-0.591,0.855,-30.10,3954,-40.78,R
,375391,573,0,3855,0.171,-0.617,0.849,-2.09,6.9,-57.57,R
,375431,596,0,355,0.28,-0.593,0.720,-42.15,3.8,-47.81,R
,375511,617,0,356,0.326,-0.537,0.917,-8.97,28.71,-39.94,R
,375551,640,0,3859,0.20,-0.568,1.589,-7.88,2122,-19.17,R
,375571,658,0,3837,0.19,-0.558,1.750,-12.36,2491,-4.79,R
,375581,657,0,4016,0.225,-0.521,1.726,-0.62,19.1,-0.79,R
,375591,656,0,359,0.23,-0.495,1.663,504,12.8,1.45,R
,375651,595,0,3879,0.389,-0.535,1.111,2.95,-15.33,3.64,R
,375681,577,0,364,0.293,-0.482,0.937,2.24,-1475,12.06,R
,375801,547,0,4015,0.18,-0.486,0.910,13.16,-2402,39.16,R
,375851,549,0,3856,0.20,-0.562,0.922,16.74,-3217,39.93,R
,375881,550,0,411,0.100,-0.538,0.939,2.17,-11.09,45.44,R
,375921,558,0,4016,0.09,-0.616,0.886,1.61,-38.78,37.87,R
,375951,527,0,351,0.125,-0.656,0.698,27.27,-36.11,36.8,R
,375961,511,0,4022,0.08,-0.666,0.709,2.34,-31.50,38.2,R
,376001,470,0,414,0.141,-0.632,0.344,3.48,-13.04,37.8,R
,376061,421,0,384,0.24,-0.759,0.218,-11.26,-2.30,-6.79,R
,376091,477,0,356,0.136,-0.765,0.387,3.36,26.74,-9.23,
,376111,485,0,358,0.12,-0.712,0.475,-1.65,51.92,-8.81,R
,376141,434,0,416,0.03,-0.726,0.648,-2.97,28.57,-25.78,R
,376271,547,0,3856,0.122,-0.735,0.647,-5.60,1804,-66.26,R
,376321,560,0,3989,0.144,-0.675,0.523,-2.32,3384,-87.6,R
,376331,561,0,3852,0.103,-0.616,0.476,-8.70,3728,-90.48,R
,376371,566,0,3857,-0.014,-0.364,0.349,14.33,3.07,-99.90,R
,376401,592,0,380,-0.17,-0.08,0.368,-2.27,51.40,-81.4,R
,376541,542,0,394,0.45,-0.655,1.834,5.45,65.96,61.39,R
,376611,503,0,355,0.39,-0.800,1.304,5.39,3.46,22.39,R
,376651,470,0,351,0.26,-0.677,1.130,4.87,8.21,21.65,R
,376661,466,0,383,0.17,-0.654,1.108,3.19,10.44,26.00,R
,376701,368,0,3940,0.067,-0.536,1.074,2.75,-9.64,25.74,R
,376731,352,0,350,-0.02,-0.51,1.095,13.04,-33.56,31.7,R
,376751,370,0,3857,-0.04,-0.46,1.094,18.48,-4.49,36.92,R
,376761,368,0,378,-0.04,-0.454,1.068,6.41,-43.14,34.95,R
,376811,414,0,360,-0.06,-0.350,1.054,5.03,-26.88,45.73,R
,376821,439,0,3952,-0.10,-0.36,1.072,7.09,-35.67,39.88,R
,376831,433,0,356,-0.11,-0.354,1.076,1.56,-48.97,33.4,R
,376841,469,0,3947,-0.19,-0.41,1.091,2.33,-61.67,26.68,R
,376851,468,0,3862,-0.13,-0.41,1.074,-1.92,-7.62,20.93,R
,376901,554,0,320,-0.26,-0.50,0.869,0.40,-46.07,31.8,R
,376941,560,0,3963,-0.15,-0.43,0.532,35.61,-25.69,31.7,R
,376951,554,0,355,-0.120,-0.433,0.451,0.00,-31.50,28.71,R
,376961,528,0,366,-0.03,-0.417,0.412,3.48,-37.72,26.68,R
,377011,185,0,341,-0.00,-0.47,0.386,0.85,-32.13,1.76,R
,377051,269,0,3870,-0.04,-0.45,0.506,10.45,7.7,-1.00,R
,377061,260,0,335,-0.05,-0.44,0.534,.36,23.28,3.38,R
,377071,258,0,367,-0.013,-0.450,0.586,-0.14,34.15,3.47,R
,377101,259,0,3934,-0.06,-0.44,0.751,-5.10,43.49,-2.15,R
,377131,286,0,373,-0.01,-0.47,0.868,1.18,29.7,-12.82,R
,377151,369,0,371,-0.08,-0.495,0.910,-5.91,19.20,-19.6,R
,377171,398,0,366,0.01,-0.479,0.953,-7.42,16.51,-28.27,R
,377181,443,0,337,-0.001,-0.507,0.983,-18.39,21.73,-28.99,R
,377251,509,0,373,0.042,-0.461,0.969,-6.15,19.14,-46.70,R
,377291,451,0,383,0.063,-0.524,0.950,-5.40,5.34,-51.14,R
,377301,467,0,3933,0.061,-0.501,0.908,-30.75,10.89,-48.42,R
,377331,493,0,378,0.147,-0.439,0.753,-25.28,16.80,-44.71,R
,377361,560,0,3933,0.191,-0.387,0.613,-39.97,1.77,-50.56,R
,377391,623,0,375,0.273,-0.430,0.613,-7.72,4.19,-50.55,R
,377411,656,0,3879,0.193,-0.413,0.890,-54.38,30.16,-37.1,R
,377441,591,0,320,-0.074,-0.468,1.575,-64.76,47.63,-12.65,R
,377461,586,0,321,-0.10,-0.444,1.941,-46.20,40.16,7.48,R
,377491,593,0,385,-0.032,-0.387,2.000,10.62,-7.23,-4.33,R
,377551,593,0,386,0.176,-0.387,1.270,14.84,-3191,7.12,R
,377651,582,0,395,0.10,-0.412,0.989,12.28,-37.32,38.10,R
,377671,557,0,390,0.097,-0.419,1.011,6.38,-35.7,38.93,R
,377711,507,0,388,0.068,-0.424,1.024,0.51,-37.23,45.01,R
,377731,535,0,392,0.077,-0.485,1.042,0.31,-47.9,45.42,R
,377791,541,0,398,0.00,-0.514,1.028,16.43,-40.85,32.97,R
,377821,560,0,319,-0.005,-0.532,0.850,26.14,-41.87,30.9,R
,377831,617,0,392,-0.019,-0.568,0.814,29.03,-44.95,32.6,R
,377861,591,0,331,0.00,-0.572,0.539,42.26,-24.82,36.20,R
,377901,458,0,320,0.07,-0.537,0.261,17.39,-27.55,17.03,R
,377951,301,0,309,0.175,-0.621,0.257,-18.55,-34.59,-2455,R
,378001,300,0,318,0.01,-0.580,0.548,-13.63,3693,-16.42,R
,378021,344,0,313,-0.011,-0.569,0.633,-14.56,32.35,-3107,R
,378031,357,0,310,-0.07,-0.59,0.685,15.02,23.44,-37.58,R
,378041,422,0,305,-0.00,-0.58,0.702,-18.41,14.38,-42.33,R
,378051,426,0,311,-0.02,-0.58,0.728,24.23,9.35,-43.46,R
,378101,453,0,306,0.06,-0.663,0.862,-28.35,44.60,-46.6,R
,378111,452,0,329,0.051,-0.644,0.876,-25.80,51.80,-47.9,R
,378201,503,0,304,0.085,-0.632,0.783,-31.26,38.22,-90.07,R
,378221,493,0,394,0.04,-0.530,0.709,-22.68,45.87,-92.7,R
,378241,542,0,398,-0.003,-0.406,0.638,-19.31,38.65,-9989,R
,378261,540,0,3893,-0.057,-0.256,0.495,-5.89,31.55,-102.19,R
,378341,294,0,303,-0.58,-0.07,1.246,26.26,15.35,30.86,R
,378351,460,0,420,-0.44,-0.00,1.446,-20.44,140.04,4460,R
,378361,430,0,394,-0.30,-0.06,1.619,-9.81,132.01,55.2,R
,378381,524,0,302,-0.18,-0.21,1.859,16.67,109.14,53.0,R
,378391,541,0,361,0.019,-0.293,1.929,27.18,10050,52.60,R
,378481,400,0,397,0.27,-0.604,1.299,52.02,34.79,8.45,
,378551,481,0,4018,0.105,-0.520,1.074,34.17,11.7,11.16,R
,378611,498,0,403,-0.046,-0.43,1.131,25.27,-492,28.20,R
,378621,407,0,382,-0.041,-0.39,1.118,7.67,-8.59,30.75,R
,378631,373,0,3942,-0.048,-0.35,1.096,26.74,-11.53,32.9,R
,378661,384,0,393,-0.05,-0.299,1.117,16.38,-2.79,36.00,R
,378681,373,0,388,-0.066,-0.279,1.163,6.93,-2095,36.83,R
,378701,479,0,381,-0.15,-0.29,1.222,1.76,-2909,35.47,R
,378711,492,0,461,-0.14,-0.295,1.240,6.80,-33.04,36.08,R
,378721,529,0,397,-0.16,-0.29,1.237,1.41,-3.12,37.04,R
,378731,528,0,429,-0.14,-0.27,1.247,16.61,-39.52,37.81,R
,378751,542,0,404,-0.23,-0.24,1.208,27.39,-37.33,39.12,R
,378771,538,0,403,-0.26,-0.24,1.099,25.07,-38.34,40.3,R
,378781,528,0,386,-0.21,-0.240,1.028,22.57,-41.32,38.54,R
,378791,557,0,412,-0.437,-0.421,0.957,34.67,-5.53,43.64,R
,378801,570,0,309,-0.22,-0.29,0.847,23.24,-53.00,35.4,R
,378821,582,0,388,-0.24,-0.35,0.671,27.07,-66.65,34.69,R
,378851,504,0,459,-0.10,-0.30,0.428,35.28,-57.15,32.71,R
,378861,543,0,391,-0.13,-0.327,0.345,28.99,-4.88,27.19,R
,378871,494,0,382,-0.126,-0.291,0.285,8.12,-40.48,21.32,R
,378901,231,0,383,-0.16,-0.38,0.303,-18.26,-6.88,7.55,R
,378931,256,0,448,-0.131,-0.477,0.579,23.34,-12.75,-7.20,R
,378951,325,0,4011,-0.15,-0.46,0.537,7.15,13.15,5.48,
,378981,305,0,387,-0.173,-0.395,0.709,25.48,4.20,1.47,R
,379011,336,0,384,-0.182,-0.47,0.910,22.90,30.19,-1978,R
,379021,351,0,379,-0.15,-0.46,0.937,-19.59,1.94,-28.18,R
,379041,377,0,3875,-0.10,-0.43,0.942,-14.50,1.34,-37.84,R
,379061,403,0,388,-0.18,-0.412,0.970,21.43,28.96,-35.95,R
,379081,400,0,386,-0.16,-0.411,1.018,24.70,41.15,-33.78,R
,379091,414,0,384,-0.108,-0.434,1.054,21.23,37.00,-38.19,R
,379101,400,0,387,-0.12,-0.439,1.024,18.82,29.11,-44.33,R
,379151,403,0,495,-0.03,-0.38,0.915,-23.91,13.32,-4783,R
,379161,400,0,391,-0.06,-0.396,0.920,-35.98,1.91,-45.86,R
,379191,406,0,467,-0.04,-0.46,0.932,-32.59,2.48,-51.08,R
,379201,415,0,388,-0.01,-0.43,0.896,-24.79,22.47,-4882,R
,379291,592,0,428,-0.16,-0.40,0.950,-48.09,3.25,-33.84,R
,379301,602,0,385,-0.07,-0.358,1.100,-51.16,34.42,-39.16,R
,379321,619,0,386,-0.171,-0.32,1.479,-44.27,4.54,-24.67,R
,379351,634,0,455,-0.271,-0.267,1.854,29.42,36.45,12.48,R
,379371,636,0,4032,-0.22,-0.250,1.883,8.24,6.44,3.41,R
,379381,636,0,381,-0.20,-0.231,1.817,.52,-1.72,2.06,R
,379391,637,0,4032,-0.155,-0.22,1.675,9.39,-8.80,6.08,
,379421,630,0,386,-0.024,-0.26,1.331,16.63,-1.89,11.88,R
,379431,633,0,437,-0.02,-0.275,1.230,23.07,-13.04,16.86,R
,379441,629,0,379,-0.069,-0.26,1.172,21.67,-1.12,20.45,R
,379451,617,0,391,-0.09,-0.283,1.132,8.11,-16.31,24.8,R
,379461,611,0,387,-0.08,-0.307,1.092,9.32,-23.56,24.78,R
,379471,607,0,423,-0.08,-0.31,1.074,21.27,-2.12,23.91,R
,379491,610,0,475,-0.048,-0.34,1.061,20.38,-2.22,28.81,R
,379531,624,0,448,-0.04,-0.35,1.056,4.08,-10.28,44.63,R
,379551,624,0,447,-0.03,-0.397,1.086,5.32,-11.67,50.74,R
,379581,641,0,370,-0.02,-0.393,1.064,7.53,-16.19,51.93,R
,379591,625,0,460,-0.033,-0.379,1.076,9.25,-2.88,47.56,R
,379601,624,0,3881,-0.043,-0.375,1.052,8.28,-23.09,45.18,R
,379611,622,0,449,-0.02,-0.39,1.065,16.64,-2.60,43.59,R
,379631,592,0,429,-0.13,-0.39,1.074,15.09,-27.61,43.4,R
,379661,525,0,385,-0.153,-0.375,1.099,6.52,-22.19,41.76,R
,379671,502,0,489,-0.193,-0.368,1.090,26.09,-21.99,38.83,R
,379681,478,0,370,-0.231,-0.389,1.069,8.12,-24.37,35.84,R
,379701,364,0,371,-0.255,-0.42,0.993,29.10,-34.53,34.35,R
,379721,281,0,357,-0.259,-0.414,0.831,36.29,-39.88,37.2,R
,379741,320,0,372,-0.277,-0.432,0.705,41.88,-41.65,39.9,R
,379751,304,0,495,-0.169,-0.389,0.588,37.91,-42.13,35.7,R
,379761,249,0,3888,-0.19,-0.39,0.552,35.67,-42.28,28.80,R
,379791,154,0,490,-0.05,-0.438,0.430,7.32,-40.08,9.9,R
,379851,150,0,482,-0.05,-0.44,0.506,.85,6.12,1.76,R
,379861,163,0,3866,-0.04,-0.42,0.652,4.92,10.3,-7.28,R
,379871,164,0,495,-0.16,-0.362,0.575,4.60,19.64,-6.15,R
,379881,165,0,369,-0.15,-0.38,0.665,-2.14,21.15,-8.7,R
,379891,166,0,495,-0.13,-0.36,0.707,-16.78,19.72,-12.73,R
,379911,176,0,495,-0.18,-0.405,0.854,26.26,12.38,-14.26,R
,379931,171,0,495,-0.11,-0.415,0.909,-15.45,14.79,-1691,R
,379951,179,0,4095,-0.18,-0.39,0.938,-4.24,26.13,-21.16,R
,379971,192,0,4083,-0.11,-0.34,0.915,-4.62,3018,-21.87,R
,379981,199,0,3863,-0.19,-0.33,0.895,-12.15,2.89,-25.58,R
,379991,208,0,4039,-0.13,-0.34,0.923,19.55,14.48,-3067,R
,380041,320,0,3856,-0.07,-0.41,0.937,-22.78,13.18,-38.85,R
,380071,356,0,495,-0.10,-0.400,0.939,-21.62,26.48,-34.12,R
,380081,384,0,366,-0.06,-0.41,0.957,26.46,17.09,-39.60,R
,380141,583,0,3861,0.059,-0.438,0.813,-27.81,16.89,-34.5,R
,380221,464,0,366,0.03,-0.395,0.946,-43.59,27.11,-52.8,R
,380251,465,0,495,-0.188,-0.391,1.408,36.50,38.48,-27.97,R
,380261,511,0,371,-0.204,-0.317,1.554,-30.75,33.89,-18.82,R
,380271,551,0,495,-0.16,-0.307,1.663,23.17,27.72,-14.84,R
,380291,560,0,495,-0.178,-0.231,1.735,-10.79,1.12,-18.39,R
,380311,588,0,495,-0.14,-0.21,1.711,.58,5.12,-6.79,R
,380371,568,0,495,-0.03,-0.229,1.174,26.43,-15.65,10.9,R
,380411,560,0,495,-0.07,-0.27,1.053,5.19,-29.15,18.92,R
,380421,554,0,3872,-0.08,-0.31,1.070,14.17,-2.80,22.23,R
,380441,546,0,3858,-0.06,-0.33,1.055,19.61,-2.07,28.17,R
,380451,548,0,495,-0.00,-0.334,1.033,19.39,-23.76,33.9,R
,380471,554,0,495,-0.04,-0.342,1.024,8.75,-20.86,40.89,R
,380491,559,0,4095,-0.015,-0.34,1.006,15.64,-2.34,43.33,R
,380501,557,0,366,-0.06,-0.356,1.010,13.57,-23.53,43.3,R
,380581,543,0,3870,-0.127,-0.392,1.090,19.51,-2.49,46.13,R
,380611,541,0,4095,-0.11,-0.37,1.053,1.90,-3.88,36.51,R
,380641,565,0,3870,-0.11,-0.40,0.933,7.51,-34.86,35.79,R
,380691,489,0,4095,-0.137,-0.424,0.639,30.86,-2.28,36.7,R
,380751,129,0,4083,-0.09,-0.45,0.413,-4.91,-25.67,4.71,R
,380821,178,0,3862,-0.13,-0.42,0.717,15.49,29.20,-12.15,R
,380861,194,0,3861,-0.140,-0.42,0.902,-16.49,2.60,-17.22,R
,380871,218,0,465,-0.12,-0.409,0.927,-12.29,21.77,-1960,R
,380891,359,0,4095,-0.14,-0.39,0.927,11.34,26.35,-20.76,R
,380911,464,0,495,-0.127,-0.36,0.928,-16.64,2.99,-21.92,R
,380951,573,0,4095,-0.08,-0.41,0.946,26.41,3.67,-36.93,R
,380961,561,0,361,-0.065,-0.42,0.952,-23.63,480,-37.39,R
,380991,616,0,4095,-0.08,-0.41,0.955,-18.43,10.70,-3497,R
,381021,583,0,3865,-0.01,-0.45,0.935,24.27,15.05,-41.16,R
,381031,623,0,495,-0.03,-0.427,0.905,-24.99,17.55,-37.90,R
,381041,626,0,3846,-0.018,-0.441,0.896,-25.94,18.06,-3369,R
,381051,647,0,495,-0.006,-0.430,0.893,-27.40,1.93,-34.26,R
,381091,666,0,495,0.03,-0.417,0.771,-21.66,9.0,-41.39,R
,381101,667,0,357,0.06,-0.406,0.739,-23.51,8.60,-41.1,R
,381111,662,0,495,0.083,-0.399,0.724,-25.11,6.22,-43.80,R
,381171,694,0,495,-0.002,-0.351,0.963,-42.41,19.29,-4728,R
,381191,689,0,495,-0.076,-0.375,1.321,-43.94,4.31,-21.32,R
,381201,686,0,359,-0.13,-0.372,1.541,-43.20,45.44,-1113,R
,381211,780,0,495,-0.15,-0.36,1.700,-35.57,40.27,-5.6,R
,381251,854,0,4095,-0.147,-0.27,1.854,-2.23,-1.01,-5.89,R
,381351,884,0,495,0.03,-0.319,1.083,17.12,-3712,22.83,R
,381361,892,0,370,0.02,-0.327,1.065,17.94,-3604,27.24,R
,381401,889,0,361,0.01,-0.343,1.033,12.54,-3393,41.16,R
,381411,901,0,495,0.03,-0.391,1.051,10.86,-36.92,43.2,R
,381421,909,0,359,0.056,-0.404,1.048,14.11,-39.69,43.0,R
,381431,906,0,4095,0.096,-0.418,1.053,17.10,-41.06,40.4,R
,381531,890,0,495,-0.019,-0.411,1.106,30.28,-2.72,35.84,R
,381591,905,0,495,-0.095,-0.42,0.941,4.06,-34.46,30.9,R
,381601,947,0,375,-0.16,-0.53,0.852,34.96,-33.70,30.98,R
,381621,937,0,3859,-0.02,-0.45,0.713,21.91,-21.61,31.2,R
,381631,906,0,495,-0.13,-0.48,0.603,26.74,-15.91,33.9,R
,381641,915,0,3861,-0.066,-0.45,0.501,1.54,-10.63,32.06,R
,381661,903,0,367,-0.02,-0.406,0.421,14.87,-8.89,21.7,R
,381691,811,0,495,-0.01,-0.433,0.400,-9.25,-1.11,3.03,R
,381701,815,0,359,-0.041,-0.426,0.441,-14.46,-3.61,0.40,R
,381721,816,0,356,-0.03,-0.437,0.479,-12.68,-.15,-0.99,R
,381731,777,0,495,-0.06,-0.46,0.645,-9.23,4.56,2.39,R
,381781,919,0,358,-0.07,-0.395,0.673,-11.04,39.09,6.29,R
,381841,947,0,356,0.03,-0.528,0.814,-28.18,1685,-17.02,R
,381901,993,0,357,-0.01,-0.496,0.909,-33.19,26.24,-3126,R
,381971,1001,0,095,0.00,-0.48,0.938,-21.68,-4.36,-55.22,R
,381991,1018,0,095,0.05,-0.433,0.903,-30.00,549,-47.68,R
,382001,1005,0,857,0.058,-0.441,0.897,-30.36,816,-47.20,R
,382011,1040,0,095,0.04,-0.43,0.883,-27.05,5.32,-48.8,R
,382021,1017,0,855,0.07,-0.44,0.837,-20.46,1.40,-51.0,R
,382041,1022,0,856,0.11,-0.40,0.731,-13.98,-1.93,-54.45,R
,382101,867,0,356,-0.09,-0.439,1.347,-46.12,2.73,-20.26,R
,382161,922,0,357,-0.04,-0.36,1.801,7.82,-10.71,0.81,R
,382221,906,0,333,0.07,-0.357,1.193,22.26,-1384,15.9,R
,382271,898,0,495,0.08,-0.350,1.054,25.16,-2423,26.72,R
,382281,901,0,355,0.08,-0.358,1.023,2.86,-23.32,29.13,R
,382331,912,0,495,0.01,-0.374,1.034,1.88,-10.72,44.55,R
,382441,932,0,337,0.02,-0.375,1.061,20.31,-14.98,43.58,R
,382451,899,0,495,-0.09,-0.368,1.084,25.82,-1.11,41.62,R
,382471,959,0,495,-0.160,-0.416,1.107,6.57,-20.92,40.81,R
,382541,1035,0,849,-0.009,-0.45,0.553,35.03,-18.08,38.87,R
,382551,1006,0,095,-0.48,-0.41,0.458,32.83,-14.31,33.68,R
,382581,1098,0,3853,-0.17,-0.41,0.338,-5.66,-14.30,8.86,R
,382591,1117,0,095,-0.29,-0.45,0.352,-15.62,17.24,3.87,R
,382761,1040,0,851,-0.74,-0.45,0.943,-22.35,47.58,-22.18,R
,382791,1114,0,4095,0.004,-0.521,0.971,33.08,1.92,-39.22,R
,382811,1121,0,095,0.01,-0.52,0.960,-22.09,778,-45.19,R
,382821,1137,0,852,-0.14,-0.46,0.916,-18.56,6.22,-41.08,R
,382851,1085,0,095,0.07,-0.50,0.901,-31.43,1.64,-43.66,R
,382871,1066,0,4095,0.057,-0.527,0.880,24.36,4.35,-57.00,R
,382891,1056,0,095,0.07,-0.476,0.823,23.48,10.10,-53.75,R
,382931,1109,0,095,0.02,-0.51,0.847,-24.14,3.87,-59.00,R
,382961,1085,0,851,0.17,-0.47,0.684,-6.38,-10.68,-66.91,R
,382971,1072,0,094,0.10,-0.305,0.703,18.15,8.39,-57.89,R
,383001,1069,0,856,0.00,-0.44,1.104,36.47,47.93,-49.11,R
,383021,1066,0,843,-0.68,-0.42,1.372,-22.01,36.18,-34.39,R
,383031,1066,0,095,-0.73,-0.323,1.462,-18.36,32.39,-2.87,R
,383161,1054,0,830,0.02,-0.40,1.121,9.18,-20.83,9.61,R
,383181,1042,0,851,0.08,-0.42,1.064,25.13,-2.78,12.10,R
,383221,1047,0,856,0.06,-0.420,1.002,9.59,-16.17,21.81,R
,383231,1065,0,095,0.08,-0.41,1.006,7.35,-11.79,25.39,R
,383241,1044,0,3848,0.069,-0.396,1.006,24.87,-10.08,30.86,R
,383331,1072,0,4095,0.105,-0.340,1.093,9.47,-17.04,42.43,R
,383351,1072,0,4095,0.036,-0.408,1.134,10.16,-16.33,45.45,R
,383541,983,0,338,-0.08,-0.498,0.230,-6.04,-2.02,12.2,R
,383561,993,0,353,-0.00,-0.55,0.295,23.07,-4.05,-3.87,R
,383601,957,0,344,-0.05,-0.55,0.491,16.41,-11.62,-9.1,R
,383641,947,0,3849,-0.065,-0.406,0.618,29.17,58.01,-14.01,R
,383651,944,0,455,-0.03,-0.440,0.714,33.65,51.69,-18.91,R
,383691,970,0,4048,-0.062,-0.41,0.885,-24.65,2.17,-37.39,R
,383711,976,0,448,-0.077,-0.409,0.915,22.30,43.15,-30.30,R
,383731,992,0,460,-0.076,-0.406,0.987,-22.26,45.86,-29.78,R
,383761,994,0,3853,-0.062,-0.431,1.007,-25.04,26.88,-4711,R
,383801,970,0,3841,-0.019,-0.432,0.948,24.94,2.85,-4157,R
,383811,950,0,447,-0.06,-0.42,0.935,-26.53,31.32,-4163,R
,383831,939,0,447,0.03,-0.474,0.899,-13.10,22.13,-45.92,R
,383891,944,0,417,0.158,-0.404,0.641,-43.01,8.74,-48.2,R
,384011,964,0,453,-0.01,-0.369,1.896,-1.75,9.73,-5.94,R
,384091,882,0,423,0.06,-0.341,1.192,25.67,-2381,8.02,R
,384101,912,0,353,0.04,-0.322,1.137,22.72,-31.32,12.23,R
,384111,911,0,422,0.057,-0.318,1.110,18.81,-3643,15.73,R
,384171,912,0,370,0.057,-0.371,1.058,21.96,-20.74,42.78,R
,384291,809,0,373,-0.06,-0.393,1.054,28.08,-32.57,44.68,R
,384301,803,0,357,-0.03,-0.383,1.030,24.80,-31.33,43.9,R
,384361,815,0,356,-0.06,-0.398,0.776,45.57,-4.11,30.95,R
,384391,797,0,421,-0.07,-0.451,0.516,45.28,-3.25,29.7,R
,384451,826,0,411,0.05,-0.517,0.397,11.16,-3894,-7.17,R
,384481,823,0,361,0.036,-0.508,0.460,3.07,-8.89,-7.08,R
,384511,883,0,399,-0.06,-0.443,0.594,7.06,24.7,-10.1,R
,384541,880,0,363,-0.031,-0.425,0.708,-12.12,21.29,-23.87,R
,384571,841,0,352,-0.020,-0.41,0.799,21.83,22.65,-29.98,R
,384581,776,0,3859,-0.019,-0.42,0.845,23.81,28.24,-3148,R
,384591,777,0,352,-0.05,-0.427,0.888,-14.50,3.23,-32.52,R
,384611,789,0,411,-0.00,-0.41,0.924,-11.69,34.76,-3316,R
,384631,753,0,414,-0.05,-0.386,0.906,-14.94,2.97,-3682,R
,384751,863,0,397,0.107,-0.397,0.843,-29.22,2638,-40.6,R
,384811,935,0,411,0.19,-0.421,0.799,-29.97,2073,-48.8,R
,384821,946,0,345,0.10,-0.538,0.780,-31.75,1915,-47.5,R
,384841,954,0,355,0.164,-0.386,0.963,-30.78,3118,-46.0,R
,384881,955,0,355,0.052,-0.321,1.481,-35.16,4917,-20.1,R
,384911,960,0,396,-0.03,-0.25,1.766,-23.28,2.35,-9.8,R
,384951,995,0,3974,0.059,-0.264,1.647,2.75,-5.7,-0.12,
,384961,1006,0,857,0.02,-0.28,1.521,9.18,-14.77,-1.05,R
,385041,1068,0,856,0.087,-0.340,1.048,10.32,-3.39,22.4,R
,385071,1060,0,971,0.09,-0.33,1.024,17.42,-31.55,32.64,R
,385101,1098,0,870,0.05,-0.35,1.024,9.33,-31.90,35.5,R
,385121,1133,0,861,0.05,-0.34,1.008,8.72,-3.30,40.5,R
,385261,1146,0,856,-0.51,-0.667,1.077,46.52,-35.58,39.15,R
,385291,1135,0,3970,-0.60,-0.46,0.809,51.62,-26.60,34.00,R
,385311,1131,0,959,-0.34,-0.484,0.641,47.27,-21.47,3068,R
,385331,1066,0,949,-0.014,-0.44,0.496,27.91,-15.53,2529,R
,385341,1098,0,859,-0.16,-0.476,0.379,22.64,-4.97,2061,R
,385361,1166,0,871,-0.35,-0.58,0.323,-0.96,-12.63,12.39,R
,385381,1174,0,856,0.064,-0.562,0.308,2.17,-14.62,4.1,R
,385451,1119,0,939,-0.53,-0.450,0.625,-18.24,54.01,-1.10,R
,385461,1121,0,863,-0.00,-0.449,0.705,-22.23,9.98,-1.75,R
,385471,1150,0,933,-0.92,-0.463,0.745,-25.77,9.98,-2.83,R
,385491,1151,0,950,-0.96,-0.448,0.865,-29.83,8.91,-3.13,R
,385521,1168,0,872,-0.96,-0.430,0.954,-28.15,4.22,-2.43,R
,385571,1168,0,947,-0.053,-0.40,0.984,-32.50,40.96,-33.90,R
,385611,1149,0,958,-0.31,-0.466,0.997,-32.93,3.66,-3.48,R
,385631,1174,0,952,0.01,-0.46,0.950,-34.53,24.24,-32.26,R
,385691,1132,0,941,0.12,-0.443,0.816,39.25,23.17,-3352,R
,385711,1164,0,953,0.142,-0.491,0.822,40.85,15.00,-3968,R
,385731,1211,0,946,0.082,-0.48,0.830,-30.67,14.57,-29.66,R
,385741,1217,0,872,0.17,-0.452,0.777,28.55,18.47,-3652,R
,385751,1217,0,941,0.14,-0.486,0.782,27.77,15.02,-3545,R
,385771,1201,0,933,0.03,-0.389,1.025,-39.30,17.93,-36.71,R
,385781,1199,0,875,0.08,-0.420,1.258,-47.88,22.31,-35.69,R
,385791,1232,0,3942,-0.052,-0.49,1.510,-49.69,17.80,-32.10,R
,385811,1250,0,938,-0.40,-0.390,1.927,-41.69,9.93,-784,R
,385821,1253,0,871,-0.49,-0.364,2.000,-25.55,9.73,0.9,R
,385841,1261,0,3881,-0.85,-0.313,1.964,10.25,-3.62,-1.77,R
,385871,1168,0,937,0.09,-0.292,1.424,1.77,-38.25,-3.3,R
,385881,1151,0,879,0.05,-0.271,1.319,7.12,-35.75,2.9,R
,385921,1121,0,875,0.06,-0.350,1.028,17.94,-3.47,14.9,R
,385951,1136,0,936,0.07,-0.384,1.015,26.03,-43.53,20.7,R
,385961,1122,0,874,0.067,-0.388,1.012,6.90,-43.64,22.0,R
,386101,1154,0,3872,0.005,-0.38,1.019,31.53,-29.53,31.41,R
,386131,1146,0,3934,-0.44,-0.382,0.997,35.73,-32.54,28.97,R
,386161,1159,0,874,-0.72,-0.406,0.862,39.19,-31.44,2562,R
,386271,1006,0,920,0.08,-0.546,0.446,14.32,1.46,9.79,
,386281,997,0,3883,0.053,-0.526,0.452,14.80,9.41,8.68,R
,386331,1074,0,919,-0.58,-0.458,0.731,-9.34,2.18,-8.19,R
,386391,1156,0,3919,-0.065,-0.47,0.883,-6.10,34.91,-1612,R
,386451,1141,0,920,0.023,-0.44,0.919,15.62,32.50,-2893,R
,386461,1145,0,886,0.06,-0.432,0.914,-12.67,3.34,-30.70,R
,386511,1131,0,919,0.00,-0.41,0.955,-29.46,31.40,-38.55,R
,386551,1129,0,3927,0.02,-0.427,0.913,-19.39,25.43,-3842,R
,386571,1099,0,931,0.02,-0.38,0.805,-17.75,26.25,-38.03,R
,386581,1104,0,882,0.18,-0.396,0.736,-23.17,18.99,-38.96,R
,386621,1156,0,3885,0.12,-0.387,0.619,-34.39,-.61,-50.38,R
,386721,1158,0,885,-0.49,-0.33,1.904,-29.02,30.47,9.03,R
,386731,1191,0,920,-0.21,-0.39,1.932,-16.49,18.93,8.31,R
,386811,1212,0,920,0.06,-0.317,1.163,5.32,-21.93,18.8,R
,386891,1223,0,909,0.00,-0.364,1.043,18.34,-19.36,45.55,R
,386931,1252,0,897,0.005,-0.410,1.040,14.25,-18.92,49.2,R
,387001,1237,0,936,-0.21,-0.38,1.050,16.57,-41.12,3854,R
,387071,1200,0,895,-0.88,-0.429,0.961,31.41,-4.46,3750,R
,387121,1189,0,945,-0.203,-0.417,0.610,39.77,-5.65,25.29,R
,387141,1108,0,3952,-0.75,-0.446,0.475,25.48,-56.08,1755,R
,387151,1145,0,895,0.01,-0.45,0.361,17.38,-52.54,9.4,R
,387161,1189,0,3952,0.00,-0.491,0.344,4.81,-46.34,2.83,R
,387221,1097,0,952,-0.27,-0.494,0.565,11.04,13.40,-14.59,R
,387351,bbʂbjrbjrbrʲbjrbrbjrbRJH3873611213,0,956,-0.085,-0.386,0.973,-17.89,5.05,-3.77,R
,387451,1195,0,888,0.01,-0.41,0.922,-30.18,28.36,-3710,R
,387521,1191,0,950,0.15,-0.40,0.733,-32.20,-0.22,-4819,R
,387541,1211,0,3965,0.164,-0.380,0.659,-26.14,-1.27,-5.31,R
,387561,1221,0,964,0.14,-0.347,0.649,23.08,-11.18,-56.62,R
,387571,1232,0,886,0.13,-0.32,0.835,-28.65,064,-51.07,R
,387801,1218,0,3962,0.06,-0.38,1.103,16.52,-37.53,52.7,R
,387831,1221,0,3888,0.16,-0.41,1.096,6.12,-34.80,56.8,R
,387981,1195,0,933,0.04,-0.594,0.719,-4.72,-52.88,-0.56,R
,388091,733,0,3918,0.025,-0.453,0.583,-2.27,-42.02,-40.36,R
,388121,684,0,4095,-0.043,-0.375,0.593,32.70,-.72,-2792,R
,388241,725,0,3965,0.112,-0.463,0.777,-7.94,22.48,-20.04,R
,388341,1013,0,918,0.37,-0.549,0.659,-33.51,-.81,-3963,R
,388361,1051,0,916,0.33,-0.526,0.618,-27.89,-6.40,-4490,R
,388451,1213,0,889,0.28,-0.533,1.074,-49.89,31.23,-36.21,R
,388491,1193,0,3897,0.16,-0.54,1.924,-39.10,3.60,5.7,R
,388561,1221,0,904,0.42,-0.459,1.198,15.22,-2.06,12.7,R
,388601,1210,0,917,0.36,-0.499,0.968,23.27,-1.40,23.0,R
,388641,1214,0,905,0.35,-0.500,0.906,16.72,-3.56,32.0,R
,388671,1215,0,891,0.35,-0.530,0.874,15.48,-2.48,45.3,R
,388691,1215,0,891,0.31,-0.533,0.913,15.12,-21.38,51.71,R
,388751,1218,0,894,0.32,-0.587,0.971,1.03,-38.28,41.8,R
,388771,1210,0,3898,0.229,-0.564,1.015,.68,-29.46,43.12,R
,388801,1200,0,911,0.10,-0.624,1.071,0.06,-4126,36.6,R
,388881,1119,0,3920,0.162,-0.603,0.360,1.15,-28.92,25.2,R
,389021,1054,0,3920,0.14,-0.567,0.469,-7.72,32.74,-9.58,R
,389051,1018,0,3887,0.172,-0.590,0.609,13.84,21.75,-8.2,R
,389191,1107,0,3877,0.241,-0.65,0.782,-14.07,52.47,-16.70,R
,389231,1251,0,882,0.37,-0.648,0.663,-25.98,20.15,-3557,R
,389261,1216,0,3940,0.31,-0.580,0.591,21.74,32.25,-3259,R
,389311,1199,0,873,0.32,-0.543,0.532,25.23,14.33,-49.42,R
,389351,1219,0,3887,0.26,-0.533,0.900,-43.98,6.17,-2432,R
,389641,1137,0,3979,0.178,-0.55,0.954,16.89,-34.13,52.5,R
,389661,1136,0,967,0.10,-0.59,0.974,18.93,-39.85,50.3,R
,389691,1187,0,883,0.17,-0.652,0.985,1.51,-29.26,58.37,R
,389781,1164,0,984,0.26,-0.92,0.746,-1.69,-5.41,0.7,R
,389951,834,0,3883,0.020,-0.477,0.448,-44.00,-1.60,-31.28,R
,390041,956,0,346,0.18,-0.567,0.604,-5.63,-2.34,-8.4,R
,390311,1321,0,882,0.24,-0.69,1.553,-49.25,42.59,19.6,R
,390521,1279,0,975,0.336,-0.649,0.851,11.06,-44.51,28.9,R
,390561,1248,0,3984,0.305,-0.666,0.898,16.55,-4.31,30.45,R
,390641,1242,0,984,0.14,-0.71,0.877,19.83,-44.57,30.1,R
,390661,1215,0,994,0.15,-0.73,0.859,27.16,-48.36,28.9,R
,390691,1214,0,3868,0.16,-0.738,0.672,0.90,-51.35,21.8,R
,390711,1179,0,874,0.16,-0.75,0.476,31.38,-46.82,20.0,R
,390741,1111,0,000,0.19,-0.70,0.154,21.54,-2.88,25.76,R
,390791,1171,0,875,0.28,-0.76,-0.062,2.38,-2.72,-2.5,R
,390901,1123,0,3996,0.24,-0.775,0.561,-21.65,17.75,-6.2,R
,390911,1142,0,873,0.26,-0.783,0.614,-18.36,1.92,-9.0,R
,390941,1107,0,003,0.25,-0.766,0.639,-10.96,2.67,-1357,R
,390961,1088,0,995,0.22,-0.72,0.636,-17.25,3.23,-1586,R
,391011,1087,0,874,0.30,-0.775,0.671,24.29,25.29,-2290,R
,391131,1120,0,3878,0.38,-0.53,0.476,-34.62,20.71,-3650,R
,391151,1154,0,3881,0.34,-0.592,0.600,-35.86,23.69,-32.06,R
,391181,1159,0,3993,0.30,-0.57,0.918,-36.04,30.88,-2482,R
,391271,1239,0,3874,0.43,-0.676,1.175,11.22,-7.07,17.6,R
,391391,1252,0,873,0.32,-0.696,0.779,20.40,-2.28,35.3,R
,391541,1231,0,025,0.45,-0.982,0.608,-4.33,-4.88,13.2,R
,391631,1245,0,870,0.30,-0.886,0.182,-37.17,-50.31,-48.30,R
,391781,1279,0,048,0.22,-0.566,0.304,-39.49,-5.93,-2392,R
,391851,1296,0,3863,0.364,-0.643,0.339,34.06,2.96,-6.6,R
,392211,1175,0,3869,0.560,-0.59,0.673,1.54,-29.58,16.9,R
,392251,1201,0,3865,0.548,-0.62,0.625,24.38,-28.45,32.26,R
,392271,1199,0,3866,0.55,-0.674,0.613,22.75,-2.51,40.49,R
,392401,1217,0,027,0.43,-0.765,0.714,7.06,-58.97,27.9,R
,392501,1165,0,4048,0.251,-0.77,0.226,24.80,-47.52,28.63,R
,392511,1173,0,3863,0.32,-0.781,0.169,24.70,-4.94,26.39,R
,392661,1381,0,4041,0.465,-0.789,0.305,3.53,28.47,-2.16,R
,392761,1392,0,4043,0.437,-0.81,0.491,7.46,28.83,-11.0,R
,392831,1358,0,857,0.471,-0.839,0.527,24.75,2.69,-22.36,R
,392951,1424,0,862,0.49,-0.769,0.468,-20.81,10.64,-48.30,R
,392991,1469,0,3870,0.429,-0.783,0.485,-26.30,11.37,-4965,R
,393441,1410,0,4017,0.14,-0.130,0.933,185.79,201.22,6.0,R
,393561,1424,0,042,-0.85,-0.036,0.951,202.23,205.55,4.45,R
,393571,1424,0,3bjrbjrbrbºrbʂrʚbrbRJH3935811406,0,053,-0.56,-0.01,0.975177.61,180.24,33	b
,393911,1193,0,3858,-0.42,0.411,1.186,6.12,-9.09,-34.99,R
,393961,1045,0,043,-0.86,0.531,0.708,0.02,39.99,-4.79,R
,394311,368,0,3855,-0.739,0.409,0.429,373,10.1,-14.18,R
,394351,460,0,3851,-0.786,0.461,0.460,1.38,11.0,-14.5,R
,394441,248,0,398,-0.75,0.481,0.365,-6.23,-1569,-16.4,R
,394591,435,0,334,-0.86,0.388,0.507,-1.08,-3.75,-13.19,R
,394671,586,0,3857,-0.787,0.442,0.389,-69.39,-52.69,-29.52,R
,394681,673,0,4038,-0.829,0.390,0.534,-9.05,-5.69,-2732,R
,394811,1342,0,853,-0.91,0.387,0.680,-13.68,1.33,9.7,R
,394961,1294,0,3955,-0.724,0.414,0.775,7.66,-3.95,5.47,R
,395011,1073,0,3850,-0.52,0.388,0.807,-14.39,-6.49,-551,R
,395031,1051,0,3853,-0.71,0.33,0.796,-6.94,-9.86,-11.69,R
,395051,970,0,349,-0.55,0.298,0.764,419,-10657,-22.55,R
,395211,688,0,350,-0.51,0.290,0.691,-10.56,-3.04,-8.2,R
,395321,643,0,367,-0.69,0.028,0.923,-57.04,-1.65,-6016,R
,395361,279,0,4048,-0.53,-0.059,0.655,-62.91,4.79,-6073,R
,395371,208,0,343,-0.60,-0.030,0.620,-91.05,49.61,-6113,R
,395391,1,0,385,-0.637,-0.133,0.701,-116.44,3622,-62.10,R
,395451,374,0,344,-0.24,-0.040,0.531,-164.75,94.82,-9.04,R
,395491,385,0,3841,-0.60,-0.250,0.506,145.36,3.28,-5.93,R
,395521,483,0,4016,-0.75,-0.093,0.424,-105.36,114.86,-9.42,R
,395541,465,0,4011,-1.03,-0.084,0.390,-128.21,6.97,-5.38,R
,395551,467,0,3847,-1.42,-0.675,0.762,-194.00,161.49,-74.00,R
,395561,474,0,4010,-0.823,-0.117,0.553,-152.68,81.57,-54.07,R
,395591,537,0,347,-0.976,-0.271,0.678,103.52,03.64,-5.28,R
,395641,511,0,3987,-1.00,-0.24,0.685,-81.84,4.63,-37.75,R
,395691,709,0,3854,-0.917,-0.372,0.597,27.25,1.77,-1639,R
,395721,789,0,3926,-0.948,-0.37,0.576,17.22,2.33,-9.8,R
,395761,827,0,3997,-0.953,-0.49,0.605,18.86,-1.36,-1.5,R
,395821,734,0,4004,-0.808,-0.53,0.548,3.28,-2.11,12.9,R
,395841,615,0,4001,-0.85,-0.472,0.551,59.42,-19.21,13.27,R
,395861,601,0,4000,-0.85,-0.441,0.586,0.45,-5.10,4.5,R
,395951,543,0,3843,-0.831,-0.38,0.576,86.16,-3.69,25.55,R
,395981,589,0,3984,-0.93,-0.321,0.649,69.09,-5.85,15.7,R
,396081,505,0,382,-0.543,-0.147,0.603,129.59,-3.70,34.25,R
,396121,0,0,3979,-0.669,-0.084,0.762,5786,-71.14,1.12,
,3961810,0,399,-0.336,0.133,0.629,93.6,-99.75,49.47,RJH396191,bbªbjrbrbrbrbjrbr%b
,396311,48,0,3847,-0.52,0.255,0.856,32.95,-34.3,7.21,R
,396351,311,0,353,-0.542,0.106,0.929,37.59,-2694,50.1,R
,396361,543,0,3943,-0.49,0.164,0.932,46.43,-5.35,53.16,R
,396371,592,0,3859,-0.48,0.213,0.906,51.59,13.0,42.37,R
,396521,607,0,3968,-0.39,0.143,0.857,-7.23,2.8,-1.08,
,396531,598,0,3854,-0.404,0.135,0.839,-7.80,-2.98,-7.69,R
,396641,549,0,3966,-0.401,0.168,0.914,-19.95,1812,16.25,R
,396651,570,0,3861,-0.38,0.148,0.919,-10.58,2125,13.6,R
,396721,441,0,3935,-0.445,0.179,0.892,-2.88,12.4,-6.88,R
,396911,688,0,3870,-0.577,0.223,0.891,-4.15,2.9,4.68,R
,397011,570,0,367,-0.526,0.178,0.841,-2.59,-4.16,4.06,!5
,397091,643,0,368,-0.59,0.173,0.885,-9.80,1.58,9.44,R
,397141,674,0,3918,-0.498,0.136,0.866,-2.87,-0.08,6.37,R
,397171,648,0,3869,-0.494,0.122,0.864,-5.83,5.2,5.84,R
,397211,689,0,3865,-0.468,0.146,0.852,-.77,2.7,-2.74,R
,397311,662,0,3881,-0.530,0.145,0.844,-8.03,3.7,2.63,R
,397331,679,0,3885,-0.521,0.139,0.890,-0.23,1.2,-2.09,R
,397481,610,0,318,-0.531,0.144,0.854,5.88,-12.4,-13.3,R
,397491,620,0,387,-0.43,0.121,0.849,374,-10.2,-11.46,R
,397971,643,0,398,-0.58,0.144,0.895,206,-4.6,-3.66,R
,398061,688,0,3917,-0.513,0.150,0.910,-1.25,3.4,-2.70,
,398071,688,0,317,-0.58,0.141,0.910,-1.08,1.7,-3.10,
,398191,777,0,3921,-0.528,0.113,0.902,-2.10,-8.7,-10.7,R
,398401,699,0,394,-0.490,0.110,0.890,-.13,-1443,-7.63,R
,398411,718,0,355,-0.42,0.125,0.888,-1.10,-12.22,-6.2,R
,398521,763,0,3881,-0.40,0.105,0.941,-1.66,-3.18,-1255,R
,398571,686,0,3972,-0.48,0.085,0.894,5.62,11.9,0.29,R
,399111,1246,0,3996,-0.395,0.040,0.955,.52,0.1,-1.10,
,399121,1254,0,883,-0.51,0.072,0.927,.82,7.02,0.29,R
,399231,1467,0,025,-0.465,0.106,0.882,.86,0.2,-1.48,
,399331,1622,0,4035,-0.52,0.090,0.923,3.73,-0.2,-1.51,R
,399521,1363,0,879,-0.472,0.150,0.911,7.15,1067,-10.9,R
,399541,1360,0,3875,-0.82,0.16,0.921,23.27,1964,-8.5,R
,399551,1360,0,060,-0.495,0.162,0.925,1.70,23.03,-9.4,R
,399741,791,0,3876,-0.55,0.163,0.831,8.98,12.6,10.16,
,399851,863,0,448,-0.493,0.189,0.866,1.90,-6.68,5.33,R
,399941,1149,0,876,-0.548,0.201,0.872,-17.48,-.05,15.26,R
,399981,1242,0,877,-0.527,0.17,0.846,-18.01,-.74,11.7,R
,400001,1262,0,3872,-0.541,0.196,0.922,-14.94,-1.64,1335,R
,400021,1344,0,883,-0.456,0.224,0.836,-17.11,-3.96,10.08,R
,400091,1514,0,053,-0.490,0.21,0.927,-21.13,-.34,15.6,R
,400111,1446,0,4071,-0.556,0.220,0.986,25.19,-1.06,14.1,R
,400121,1389,0,3873,-0.553,0.223,0.995,-20.47,-.98,17.67,R
,400211,1205,0,060,-0.29,0.147,0.871,-12.14,8.99,15.3,R
,400301,1205,0,3882,-0.523,0.148,0.914,4.03,2.0,5.35,R
,400331,1198,0,033,-0.599,0.168,0.956,0.46,18.5,13.90,R
,400401,1252,0,3873,-0.598,0.225,0.979,10.01,-28.65,18.06,R
,400431,1263,0,4003,-0.610,0.235,1.063,15.05,-1.99,1968,R
,400701,1163,0,878,-0.75,0.181,0.923,-13.23,-49.44,5371,R
,400761,1216,0,877,-0.48,0.175,0.932,.99,-23.41,63.6,R
,400771,1216,0,031,-0.170,0.183,0.943,9.91,-1686,66.16,R
,400781,1202,0,874,-0.194,0.183,0.950,9.82,-1307,68.54,R
,400831,1197,0,984,-0.66,0.188,0.941,15.70,-22.08,67.9,R
,400871,1186,0,026,-0.20,0.172,0.916,15.59,-1.55,68.05,R
,400951,1199,0,026,-0.52,0.208,0.857,7.06,7.5,81.64,!5
,400981,1200,0,3863,-0.039,0.19,0.914,12.41,8.80,83.39,!5
,401161,1105,0,879,-0.22,0.270,1.039,37.51,2.15,77.9,R
,401371,944,0,320,-0.188,0.056,0.990,-56.96,5.87,62.00,R
,401401,947,0,383,-0.137,-0.02,1.022,-52.90,293,63.1,R
,401411,948,0,338,-0.13,-0.041,1.011,-48.96,6.88,65.7,R
,401441,954,0,3885,-0.17,-0.071,1.023,-38.53,1.68,65.1,R
,401531,974,0,339,-0.116,-0.175,1.076,40.62,-.39,47.85,R
,401551,970,0,343,-0.103,-0.182,1.078,-40.84,-5.84,45.8,R
,401661,931,0,382,-0.077,-0.166,1.014,30.14,181,39.22,R
,401751,923,0,3938,-0.05,-0.204,1.017,-25.94,-.04,36.1,R
,401771,946,0,3940,-0.04,-0.220,1.013,-28.29,-.30,31.0,R
,401821,950,0,388,-0.072,-0.291,1.077,47.89,-3.46,2345,R
,401881,958,0,386,-0.033,-0.324,1.051,70.65,-4.94,1358,R
,401921,933,0,373,-0.066,-0.393,1.030,78.56,-9.21,1032,R
,402101,932,0,379,-0.018,-0.470,0.903,26.00,-7.84,7.9,R
,402131,929,0,362,-0.020,-0.476,0.887,-18.55,-7.82,8.8,R
,402161,935,0,375,-0.017,-0.501,0.846,18.07,-6.11,8.8,R
,402271,927,0,382,0.143,-0.497,0.708,-2.23,-1.46,21.9,R
,402281,923,0,374,0.155,-0.507,0.728,-17.65,-1.91,18.95,R
,402291,921,0,379,0.146,-0.517,0.738,-21.17,-1.07,18.23,R
,402301,923,0,3878,0.14,-0.548,0.750,-21.45,-12.59,19.77,R
,402331,931,0,384,0.138,-0.583,0.787,-5.78,-817,20.4,R
,402761,949,0,3866,0.10,-0.514,0.851,-0.01,5.0,-15.97,R
,402781,944,0,3870,0.124,-0.526,0.848,-0.90,9.28,-13.34,R
,402871,941,0,4072,0.148,-0.536,0.826,-.33,7.06,-17.28,R
,402921,924,0,3861,0.10,-0.545,0.845,-0.97,11.1,-18.10,R
,402971,851,0,4074,0.096,-0.521,0.808,849,19.54,-8.48,
,402991,870,0,4075,0.110,-0.537,0.783,3.86,14.5,-13.00,R
,403231,717,0,4095,0.130,-0.573,0.746,-12.01,6.3,-38.9,R
,403311,688,0,4080,0.097,-0.577,0.767,-19.55,1934,-45.60,R
,403371,723,0,4078,0.228,-0.537,0.715,-32.46,2.3,-32.0,R
,403491,765,0,4070,0.12,-0.545,1.517,-5.59,6.8,-6.58,
,403581,684,0,3877,0.228,-0.563,1.081,1.28,-5.2,15.96,R
,403651,675,0,4079,0.238,-0.578,0.895,-6.65,-3350,22.0,R
,403761,685,0,3863,0.132,-0.596,0.858,-5.51,-3813,31.6,R
,403931,682,0,4095,0.057,-0.648,0.769,18.46,-2492,27.0,R
,403941,673,0,3857,0.030,-0.612,0.711,2.16,-2504,23.24,R
,404111,689,0,4095,0.165,-0.622,0.458,-.15,11.9,-23.0,R
,404371,778,0,4095,0.247,-0.691,0.753,-11.48,3352,-41.7,R
,404511,757,0,4095,0.186,-0.543,1.459,-4.30,6357,-1.2,R
,404641,660,0,3854,0.206,-0.514,0.987,19.28,-18.23,16.80,R
,404841,644,0,3854,0.107,-0.553,0.837,22.96,-21.24,31.29,R
,404941,634,0,3847,0.02,-0.611,0.617,2.93,-1251,30.51,R
,405031,560,0,4095,0.139,-0.477,0.344,62.16,15.96,20.63,!5
,405261,604,0,3855,0.044,-0.500,0.839,-2.06,42.82,-52.84,R
,405381,670,0,3845,0.130,-0.501,0.796,-35.37,37.47,-56.6,R
,405391,635,0,4063,0.128,-0.518,0.786,-4.70,3691,-62.9,R
,405401,614,0,363,0.11,-0.541,0.801,-0.18,3279,-66.1,R
,405431,605,0,4082,0.192,-0.536,0.750,-23.07,2506,-62.6,R
,405471,615,0,487,0.05,-0.452,1.090,-7.62,5386,-49.90,R
,405501,621,0,3851,0.057,-0.494,1.538,-40.24,21.72,-50.07,R
,405541,755,0,3853,0.015,-0.364,1.890,-21.65,41.69,-9.10,R
,405621,598,0,358,0.19,-0.394,1.275,480,-17.38,6.45,R
,405721,502,0,356,0.085,-0.377,1.016,1.04,-1480,39.36,R
,405731,497,0,4089,0.07,-0.373,1.006,1.51,-1382,42.06,R
,405821,498,0,3856,0.03,-0.423,1.020,928,-36.2,45.47,R
,405831,498,0,4082,0.01,-0.426,1.023,918,-35.0,44.68,R
,405941,351,0,343,-0.097,-0.516,0.720,5.21,-5.98,33.42,R
,405951,368,0,4095,-0.04,-0.47,0.605,24.93,-49.35,31.42,R
,406141,322,0,341,0.004,-0.460,0.692,-8.33,2549,-11.0,R
,406171,327,0,486,0.042,-0.509,0.794,-6.35,2902,-17.0,R
,406231,353,0,480,0.025,-0.538,0.795,-2.99,3135,-24.0,R
,406271,446,0,4081,0.06,-0.519,0.835,-6.07,4496,-31.3,R
,406351,496,0,460,0.184,-0.583,0.777,-3.34,3615,-44.1,R
,406371,539,0,449,0.180,-0.552,0.711,-8.85,34.86,-52.85,R
,406451,579,0,479,0.20,-0.565,0.922,-33.31,31.72,-61.45,R
,406471,491,0,459,0.140,-0.469,1.147,-6.50,4816,-47.1,R
,406491,478,0,450,0.118,-0.496,1.451,-7.55,5474,-32.8,R
,406761,226,0,3846,0.124,-0.498,0.972,1.01,-4808,35.2,R
,406781,387,0,3847,0.092,-0.482,0.938,1.19,-4482,36.2,R
,406821,411,0,351,0.020,-0.488,0.907,2.25,-61.90,26.19,R
,406831,429,0,4048,-0.128,-0.539,0.867,9.85,-6.16,28.8,R
,406861,439,0,3851,-0.046,-0.436,0.791,9.80,-45.73,34.19,R
,406871,448,0,443,0.093,-0.346,0.635,3.91,-3175,33.4,R
,407001,465,0,3846,0.148,-0.594,0.399,3.02,5.3,29.70,
,407021,447,0,3845,0.139,-0.610,0.405,4.86,29.4,24.55,R
,407051,511,0,4010,0.022,-0.591,0.553,5.39,44.0,9.91,
,407121,550,0,347,0.048,-0.568,0.807,1.81,35.1,-25.4,R
,407211,479,0,3974,0.012,-0.498,0.954,-8.10,4089,-57.3,R
,407241,499,0,346,0.019,-0.528,0.965,-.84,47.4,-51.1,R
,407331,695,0,3973,0.049,-0.453,0.942,-9.83,3465,-54.0,R
,407371,731,0,3991,0.099,-0.328,0.754,-9.31,2662,-44.73,R
,407441,735,0,3854,0.111,-0.468,1.269,-44.21,62.88,-18.88,R
,407481,798,0,3855,-0.045,-0.40,1.745,-17.77,11.73,-2868,R
,407661,733,0,3845,0.083,-0.391,1.047,1.48,-2567,21.9,R
,407671,751,0,3984,0.096,-0.396,1.038,1.41,-2627,24.3,R
,407791,702,0,3970,-0.043,-0.33,1.063,4.96,-2.79,37.00,R
,407881,646,0,3862,-0.096,-0.440,0.844,4.51,-6.91,26.8,R
,407951,618,0,3952,0.07,-0.379,0.406,2.06,-17.01,15.18,R
,408151,547,0,3985,0.01,-0.417,0.955,-3.66,32.45,-26.36,R
,408411,511,0,3954,0.191,-0.366,0.894,-37.95,30.88,-36.21,R
,408431,492,0,3954,0.104,-0.331,1.185,-47.55,42.62,-32.94,R
,408441,464,0,3857,0.043,-0.383,1.306,-46.56,43.29,-24.97,R
,408451,450,0,3966,-0.049,-0.366,1.455,-41.52,41.26,-13.05,R
,408461,470,0,3856,-0.050,-0.35,1.590,38.38,4.71,-6.8,R
,408651,426,0,3942,0.05,-0.383,1.003,1.16,-2297,28.8,R
,408681,406,0,353,0.095,-0.392,1.010,2.02,-24.37,32.42,R
,408691,357,0,3964,0.09,-0.406,1.011,1.83,-2132,33.5,R
,408771,405,0,352,-0.012,-0.401,1.052,5.06,-26.16,31.97,R
,408781,418,0,3850,-0.07,-0.409,1.050,6.84,-3.58,28.03,R
,409021,463,0,3846,-0.07,-0.401,0.773,8.14,1312,-13.5,R
,409041,449,0,3846,0.005,-0.398,0.838,-2.32,20.15,-18.16,R
,409071,461,0,3955,-0.06,-0.406,0.890,14.67,2.44,-2308,R
,409091,461,0,3956,-0.06,-0.400,0.937,13.68,2.77,-1903,R
,409201,467,0,3850,0.040,-0.442,0.958,-2.81,2175,-33.0,R
,409221,475,0,3855,0.050,-0.440,0.951,-6.93,2540,-34.1,R
,409291,487,0,342,0.073,-0.414,0.920,-7.11,1575,-42.4,R
,409341,491,0,3859,0.072,-0.392,0.933,-5.45,1467,-42.5,R
,409351,498,0,3947,0.056,-0.387,0.921,-3.28,1286,-42.9,R
,409451,493,0,344,0.053,-0.297,1.200,-4.88,1978,-27.1,R
,409541,449,0,359,0.074,-0.339,1.410,632,-16.0,5.29,
,409651,399,0,308,0.03,-0.378,1.050,17.53,-26.40,29.21,R
,409711,429,0,323,0.064,-0.370,1.013,1.69,-2787,37.9,R
,409801,439,0,356,-0.02,-0.37,1.111,6.16,-2.66,37.9,R
,409881,463,0,367,-0.09,-0.43,0.815,7.42,-3.56,35.9,R
,409891,464,0,325,-0.01,-0.42,0.728,36.99,-3.83,34.78,R
,409901,458,0,363,-0.15,-0.45,0.663,4.28,-3.07,33.8,R
,410091,353,0,3920,-0.077,-0.473,0.860,-16.56,20.93,-21.81,R
,410181,442,0,362,-0.06,-0.450,0.915,-19.04,29.96,-39.42,R
,410201,418,0,3861,-0.006,-0.45,0.921,20.87,3.20,-42.39,R
,410241,426,0,3865,0.010,-0.480,0.945,-5.40,2854,-44.6,R
,410311,435,0,3914,0.116,-0.424,0.763,-4.55,1636,-48.6,R
,410381,266,0,3870,0.030,-0.358,1.108,-3.01,3570,-43.2,R
,410471,206,0,389,-0.029,-0.312,1.534,-0.84,0.38,0.02,R
,410711,122,0,3919,0.01,-0.374,1.054,14.58,-2043,42.28,R
,410741,171,0,3855,-0.034,-0.35,1.058,7.07,-2.71,41.07,R
,410781,118,0,3874,-0.096,-0.37,1.084,9.96,-2.35,40.2,R
,410801,147,0,3866,-0.143,-0.373,1.095,27.91,-2.49,40.03,R
,410831,205,0,3905,-0.149,-0.415,1.016,2.48,-2.12,41.1,R
,410841,208,0,3867,-0.151,-0.40,0.970,5.09,-2.89,42.37,R
,410861,133,0,3909,-0.201,-0.40,0.884,5.65,-3.95,39.58,R
,411031,139,0,3903,-0.031,-0.42,0.677,8.06,3406,-13.1,R
,411081,173,0,3888,-0.065,-0.482,0.926,-14.50,1.11,-3223,R
,411291,12,0,3888,0.045,-0.386,.905,-2.49,20.3,-42.7,R
,411521,208,0,3904,0.04,-0.297,1.344,812,-10.2,4.43,R
,411551,208,0,3888,0.044,-0.283,1.146,10.09,-10.75,16.46,R
,411791,118,0,3884,-0.065,-0.370,1.058,20.81,-37.38,31.6,R
,411811,157,0,3886,-0.06,-0.39,1.026,9.47,-3.30,31.6,R
,411961,0,0,393,0.009,0.462,0.534,2.6,-4.07,2.82,R
,412041,0,0,3952,-0.111,-0.401,0.801,-13.10,22.51,-23.23,R
,412061,0,0,3952,-0.073,-0.382,0.857,-1.15,18.59,-24.7,R
,412101,0,0,395,-0.099,-0.345,0.908,-1.88,23.4,-25.6,R
,412111,0,0,3878,-0.086,-0.348,0.923,-2.39,21.7,-26.5,R
,412171,0,0,3873,-0.022,-0.345,.920,-16.21,27.55,-29.36,R
,412321,115,0,394,0.108,-0.360,0.656,-5.84,9.7,-44.97,R
,412451,203,0,375,-0.050,-0.259,1.642,.36,1.5,6.89,R
,412461,198,0,353,-0.009,-0.258,1.495,0.06,-3.44,11.19,R
,412501,202,0,347,0.062,-0.272,1.173,1.92,-1503,18.25,R
,412521,135,0,315,0.009,-0.264,1.125,1.86,-1518,26.2,R
,412541,146,0,3925,-0.009,-0.325,1.068,.28,-23.36,32.46,R
,412601,207,0,3975,0.053,-0.329,1.041,1.55,-2023,49.38,R
,412691,375,0,369,-0.027,-0.371,1.078,8.52,-3.30,53.2,R
,412701,430,0,3952,-0.040,-0.360,1.086,1.56,-30.17,53.99,R
,412751,462,0,374,-0.075,-0.353,1.084,9.94,-3.11,45.1,R
,412771,387,0,370,-0.099,-0.366,1.063,6.49,-3.44,41.6,R
,412821,402,0,3911,-0.003,-0.326,0.720,39.73,-36.51,30.0,R
,412831,400,0,375,-0.094,-0.417,0.711,3.67,-3.62,39.04,R
,412851,370,0,364,-0.063,-0.405,0.520,4.14,-27.94,36.74,R
,412871,325,0,365,-0.050,-0.386,0.443,29.62,-17.94,27.9,R
,412921,173,0,3984,0.005,-0.518,0.487,-.41,-3051,-11.11,R
,412961,112,0,3997,-0.069,-0.380,0.564,.68,26.3,1.27,R
,412981,112,0,384,-0.060,-0.360,0.684,2.03,35.72,-11.75,R
,413031,131,0,367,-0.120,-0.345,0.851,18.36,1.51,-3000,R
,413111,96,0,3871,-0.070,-0.336,0.937,-2.68,2587,-34.15,R
,413171,191,0,378,-0.009,-0.418,0.973,25.02,1.83,-4531,R
,413231,198,0,3882,0.112,-0.415,0.799,-1.11,2086,-38.4,R
,413301,240,0,4046,0.031,-0.289,1.048,-5.31,3022,-42.59,R
,413411,313,0,369,0.061,-0.272,1.419,538,-2.3,6.48,R
,413421,336,0,4001,0.054,-0.270,1.297,1.06,-5.5,7.68,R
,413461,320,0,3967,0.043,-0.245,1.069,1.56,-1729,8.08,R
,413471,272,0,3846,0.039,-0.261,1.070,1.39,-1561,11.22,R
,413501,193,0,3938,-0.024,-0.291,1.039,3.77,-1.68,18.26,R
,413531,147,0,3856,0.000,-0.320,1.038,1.76,-2307,25.55,R
,413541,144,0,3894,-0.002,-0.310,1.035,20.57,-23.96,26.3,R
,413571,176,0,3853,0.019,-0.324,1.030,2.48,-2488,34.00,R
,413611,112,0,3841,-0.012,-0.30,1.053,22.16,-23.32,33.1,R
,413681,239,0,3935,-0.107,-0.37,1.070,29.59,-36.54,32.84,R
,413721,250,0,4051,-0.107,-0.370,0.898,6.38,-4.21,25.76,R
,413761,245,0,4067,-0.041,-0.42,0.687,6.46,-3.18,18.42,R
,413771,240,0,3866,-0.032,-0.42,0.634,2.90,-2.27,16.72,R
,413891,176,0,3856,-0.104,-0.38,0.779,9.40,28.71,-15.31,R
,413901,162,0,4076,-0.119,-0.390,0.818,10.50,2.01,-18.41,R
,413921,181,0,4079,-0.104,-0.36,0.841,10.26,1.64,-18.74,R
,413981,187,0,4070,-0.095,-0.35,0.967,18.21,33.95,-21.22,R
,413991,189,0,3856,-0.11,-0.34,0.962,-17.49,30.18,-2293,R
,414021,198,0,4053,-0.056,-0.37,0.979,16.09,1.73,-34.29,R
,414031,211,0,3861,-0.040,-0.37,0.964,15.84,1.77,-36.09,R
,414061,214,0,4066,-0.002,-0.358,0.949,20.93,2.92,-33.20,R
,414071,215,0,3859,-0.004,-0.350,0.946,22.43,2.92,-33.34,R
,414091,219,0,3855,0.010,-0.368,0.959,-25.05,28.53,-37.0,R
,414451,371,0,3861,-0.03,-0.30,1.054,7.76,-1.65,26.64,R
,414471,375,0,3856,-0.004,-0.27,1.034,0.60,-2.30,32.84,R
,414521,69,0,3921,0.010,-0.289,.024,1206,-12.8,42.61,R
,414581,106,0,4021,-0.095,-0.28,1.078,2.51,-1.77,45.47,R
,414631,106,0,3856,-0.133,-0.29,1.080,2.58,-1.14,43.84,R
,414641,171,0,3978,-0.10,-0.31,1.072,8.63,-2.27,41.3,R
,414671,384,0,3861,-0.152,-0.37,1.003,1.64,-3.92,36.23,R
,414681,383,0,4095,-0.10,-0.37,0.960,8.09,-4.93,35.74,R
,414731,297,0,3856,-0.02,-0.38,0.615,7.12,-3.85,30.61,R
,414931,276,0,3856,-0.09,-0.34,0.898,7.59,3599,-27.6,R
,414941,291,0,4065,-0.07,-0.32,0.904,15.78,41.54,-26.56,R
,414991,436,0,3863,-0.05,-0.41,1.014,29.39,1.54,-4412,R
,415001,463,0,495,-0.041,-0.412,0.998,-25.68,14.30,-45.65,R
,415031,450,0,3856,-0.03,-0.40,0.971,30.10,30.64,-4313,R
,415101,382,0,4095,0.007,-0.391,0.899,-28.68,14.71,-51.31,R
,415161,413,0,4095,0.065,-0.319,0.770,-6.50,1288,-55.1,R
,415191,398,0,3856,0.047,-0.292,0.995,-33.20,21.80,-53.81,R
,415201,435,0,4059,-0.18,-0.44,1.043,43.14,3.28,-4745,R
,415221,177,0,323,-0.05,-0.29,1.260,31.97,4.80,-2395,R
,415231,176,0,3850,-0.11,-0.27,1.355,-23.26,51.03,-17.65,R
,415271,256,0,3844,-0.14,-0.21,1.473,9.66,1231,-16.4,R
,415281,259,0,387,-0.155,-0.19,1.449,-8.09,10.85,-10.07,R
,415341,208,0,451,-0.042,-0.26,1.188,16.45,-11.14,5.99,R
,415401,77,0,4095,-0.001,-0.353,1.061,11.28,-9.21,19.84,R
,415451,55,0,386,0.021,-0.348,.039,18.58,-18.27,23.99,R
,415461,57,0,4095,0.014,-0.342,.031,16.93,-15.29,27.85,R
,415471,57,0,386,0.017,-0.340,.028,15.76,-12.65,30.45,R
,415491,58,0,389,-0.016,-0.343,1.050,11.82,-1039,34.86,R
,415531,58,0,3853,-0.041,-0.372,1.086,1.48,-1616,34.2,R
,415641,122,0,487,-0.120,-0.34,1.124,4.70,-2.87,32.6,R
,415681,119,0,495,-0.18,-0.44,1.022,0.80,-4.08,26.78,R
,415721,107,0,4095,-0.17,-0.43,0.661,1.32,-4.07,27.4,R
,415791,0,0,3850,-0.005,-0.471,.412,-589,-13.38,0.16,R
,415801,0,0,408,-0.025,-0.464,.434,-757,-4.3,0.52,R
,415861,0,0,395,-0.113,-0.420,.751,-1.81,18.6,-11.49,R
,415871,0,0,384,-0.115,-0.403,.766,-1.92,18.4,-10.62,R
,415931,90,0,3853,-0.08,-0.385,0.902,-9.78,3123,-24.0,R
,415961,195,0,362,-0.086,-0.36,0.927,21.17,2.15,-24.99,R
,415971,173,0,3851,-0.065,-0.385,0.940,-25.34,25.43,-29.63,R
,416001,208,0,368,-0.041,-0.42,0.974,-25.48,22.13,-36.27,R
,416011,195,0,3849,-0.07,-0.440,0.982,21.04,1.70,-36.65,R
,416021,202,0,3952,-0.08,-0.419,0.966,22.96,2.09,-37.11,R
,416071,298,0,3846,0.05,-0.405,0.836,-7.34,2482,-38.59,R
,416181,273,0,352,-0.133,-0.30,1.422,-37.22,37.37,-28.06,R
,416201,272,0,4015,-0.28,-0.291,1.637,22.35,3.20,-14.23,R
,416211,275,0,343,-0.206,-0.27,1.689,11.98,25.06,-12.38,R
,416221,274,0,419,-0.182,-0.25,1.710,3.84,14.50,-13.61,R
,416231,285,0,340,-0.175,-0.22,1.685,.06,4.8,-12.99,R
,416241,283,0,3971,-0.141,-0.21,1.624,.78,-0.95,-10.79,R
,416251,279,0,345,-0.098,-0.21,1.527,8.61,-5.94,-6.29,R
,416271,249,0,3840,-0.01,-0.206,1.347,.44,-1181,1.48,R
,416291,275,0,3855,0.019,-0.265,1.190,16.90,-17.35,2.13,R
,416321,279,0,3978,-0.013,-0.27,1.090,17.09,-25.69,9.97,R
,416351,265,0,354,-0.014,-0.28,1.041,9.62,-2.04,17.36,R
,416381,201,0,495,-0.007,-0.33,1.029,14.78,-21.27,30.3,R
,416401,208,0,495,0.005,-0.347,1.029,1.50,-2269,32.06,R
,416471,197,0,3843,-0.044,-0.30,1.074,4.14,-23.36,35.70,R
,416511,234,0,3839,-0.076,-0.31,1.100,23.12,-26.22,40.39,R
,416521,219,0,3948,-0.03,-0.320,1.093,22.02,-26.42,39.13,R
,416551,219,0,3834,-0.131,-0.31,1.079,5.54,-24.88,36.25,R
,416591,177,0,3831,-0.125,-0.365,0.982,28.02,-38.49,29.1,R
,416621,126,0,3852,0.059,-0.205,0.797,38.86,-38.97,23.67,R
,416761,101,0,3839,-0.048,-0.42,0.513,13.89,25.15,-3.58,R
,416781,341,0,390,-0.119,-0.45,0.701,28.00,3.37,-5.40,R
,416881,592,0,384,-0.020,-0.48,0.958,41.89,3.04,-15.52,R
,416901,617,0,3995,-0.028,-0.49,0.972,-40.12,27.40,-1961,R
,416931,630,0,3856,-0.02,-0.503,0.939,44.94,2.25,-14.97,R
,416971,671,0,3850,0.09,-0.625,1.031,-1.14,2143,-20.16,R
,416981,688,0,4066,0.12,-0.674,1.033,-62.29,1708,-19.69,R
,417031,720,0,3841,0.33,-0.764,1.123,-66.56,-303,-50.27,R
,417051,745,0,3831,0.31,-0.806,1.243,-3.69,-723,-59.58,R
,417061,731,0,4080,0.337,-0.777,1.298,-2.84,-843,-66.68,R
,417131,833,0,3838,-0.09,-0.377,1.640,49.46,-2.56,-83.52,R
,417171,829,0,349,-0.040,-0.23,1.411,32.94,-61.55,-52.70,R
,417211,848,0,351,-0.069,-0.173,1.068,14.49,-3.94,-15.54,R
,417271,817,0,342,0.054,-0.261,0.801,-.43,-6007,23.93,R
,417351,703,0,3827,0.161,-0.467,0.874,-.88,-3225,52.8,R
,417391,706,0,3842,0.14,-0.564,0.966,-.09,-44.20,45.00,R
,417401,702,0,4057,0.13,-0.598,0.973,-1.04,-4485,44.42,R
,417471,688,0,3840,0.03,-0.627,0.811,28.17,-4750,26.28,R
,417531,304,0,3846,-0.19,-0.66,0.361,60.08,-3.31,36.89,R
,417581,162,0,445,0.226,-0.602,0.215,919,-65.9,9.88,R
,417711,166,0,339,0.191,-0.702,0.701,-1.54,2192,-8.23,R
,417731,173,0,333,0.136,-0.690,0.774,0.23,37.2,-9.90,R
,417781,530,0,405,0.133,-0.622,0.792,-.31,56.1,-7.63,R
,417831,677,0,349,0.169,-0.674,0.808,-0.85,2955,-19.83,R
,418001,765,0,418,0.271,-0.558,0.683,-27.05,7.4,-32.61,R
,418021,782,0,414,0.205,-0.515,0.991,-2.91,2951,-23.8,R
,418041,777,0,403,0.114,-0.578,1.314,-31.95,3809,-9.46,R
,418071,748,0,344,0.167,-0.585,1.636,-2.96,20.36,-6.10,R
,418111,867,0,3853,0.216,-0.464,1.490,1.77,2.6,6.75,R
,418221,877,0,3998,0.210,-0.525,0.904,2.96,-3682,17.6,R
,418251,858,0,3856,0.253,-0.533,0.883,15.27,-2823,27.5,R
,418471,762,0,357,0.076,-0.590,0.615,37.24,-4732,15.24,R
,418661,619,0,374,0.132,-0.581,0.722,-13.04,2131,-4.9,R
,418671,619,0,348,0.149,-0.586,0.740,-11.05,2436,-7.20,R
,418741,631,0,3972,0.25,-0.614,0.821,-5.11,3972,-13.49,R
,418981,626,0,351,0.269,-0.500,1.563,-28.82,-1.61,-7174,R
,419331,379,0,3843,0.15,-0.676,0.742,14.67,-40.85,32.83,R
,419661,539,0,3930,0.31,-0.747,0.656,-12.93,5147,-10.5,R
,419731,846,0,3876,0.363,-0.730,0.613,-4.30,4007,-19.63,R
,419871,870,0,3867,0.40,-0.640,0.804,-40.75,3173,-21.2,R
,420091,856,0,385,0.37,-0.632,0.729,26.12,-15.53,26.0,R
,420111,853,0,3878,0.34,-0.638,0.752,17.13,-22.85,30.2,R
,420261,783,0,3924,0.207,-0.747,0.817,3.51,-5054,18.95,R
,420291,784,0,379,0.226,-0.695,0.588,3.74,-3199,17.97,R
,420301,781,0,3918,0.19,-0.691,0.526,32.40,-27.11,17.4,R
,420351,754,0,375,0.17,-0.719,0.231,13.96,-28.78,13.10,R
,420381,597,0,376,0.288,-0.749,0.131,9.45,-19.65,7.27,
,420481,722,0,300,0.233,-0.665,0.410,-12.75,44.18,-3.78,R
,420501,643,0,386,0.171,-0.740,0.553,-30.10,35.14,-6.6,R
,420571,782,0,370,0.320,-0.744,0.661,-13.55,55.44,-2.0,R
,420791,876,0,3871,0.568,-0.891,0.812,-63.62,-10.25,-7729,R
,421001,618,0,303,0.494,-0.553,0.580,-11.68,-4.74,12.03,R
,421061,609,0,388,0.468,-0.616,0.520,-.11,-3388,20.6,R
,421681,688,0,3888,0.472,-0.729,0.389,-3.34,3787,-14.84,R
,421821,967,0,385,0.533,-0.720,0.474,-26.99,2412,-28.2,R
,421931,1019,0,3914,0.506,-0.740,1.251,-17.81,14.89,1.39,R
,422201,965,0,3888,0.39,-0.899,0.613,2.67,-3688,17.68,R
,422241,886,0,3883,0.37,-0.707,0.644,2.50,-2143,25.12,R
,422341,880,0,3879,0.400,-0.691,0.619,25.61,-41.65,15.36,R
,422401,943,0,386,0.394,-0.729,0.523,47.64,-23.56,39.99,R
,422481,707,0,3877,0.27,-0.708,0.264,15.50,7715,83.38,R
,422491,707,0,3920,0.29,-0.736,0.258,12.58,7638,82.66,R
,422531,671,0,3927,0.26,-0.761,0.235,118.70,8638,86.54,R
,422541,671,0,383,0.25,-0.799,0.273,126.02,87.38,81.42,R
,422561,642,0,3877,0.23,-0.798,0.326,147.04,9035,66.4,R
,422721,490,0,3879,-0.069,-0.29,0.878,162.77,92.27,-14.52,R
,422741,479,0,367,-0.136,-0.22,0.945,176.43,88.41,-18.82,R
,422761,469,0,381,-0.139,-0.11,0.915,66.46,83.58,-22.55,R
,422781,457,0,3871,-0.148,-0.05,0.956,48.54,7.64,-28.04,R
,422791,421,0,3920,-0.156,-0.04,0.990,42.83,69.31,-32.41,R
,422981,458,0,3869,-0.272,0.244,1.056,74.12,28.8,-43.9,R
,423021,454,0,3870,-0.33,0.270,1.004,6.93,24.4,-47.48,R
,423061,432,0,3873,-0.31,0.320,0.969,43.96,12.30,-68.52,R
,423081,551,0,3876,-0.40,0.308,1.009,29.28,2.33,-72.64,R
,423141,662,0,366,-0.441,0.406,0.974,44.26,15.28,-56.88,R
,423311,723,0,385,-0.398,0.515,0.884,3.03,-2031,-28.87,R
,423321,735,0,3861,-0.410,0.529,0.874,4.99,-13.69,-21.87,R
,423341,743,0,371,-0.430,0.587,0.841,5.87,-7.46,-17.14,R
,423361,726,0,3871,-0.44,0.651,0.816,50.06,-1408,-18.06,R
,423621,352,0,351,-0.241,0.548,0.687,21.86,-3556,11.76,R
,424031,478,0,353,-0.32,0.756,0.762,47.16,15.6,34.10,R
,424231,474,0,3915,-0.136,0.818,0.517,21.77,22.7,35.01,R
,424281,720,0,361,-0.183,0.856,0.629,-.88,12.62,25.58,R
,424341,848,0,3872,-0.109,0.808,0.559,8.08,-37.7,-37.26,R
,424461,761,0,361,-0.19,0.614,0.650,-54.01,-15.26,-27.08,R
,424551,701,0,495,-0.08,0.405,0.882,-54.78,-79.99,-29.51,R
,424561,639,0,353,-0.07,0.434,0.892,-38.97,-64.75,-16.30,R
,424601,560,0,356,0.08,0.407,.647,-44.65,5.4,-5.78,R
,424711,550,0,495,-0.01,0.553,0.898,-32.49,-44.78,-3415,R
,424901,29,0,3854,-0.13,0.573,.726,-23.33,1.60,-3.43,R
,424941,337,0,356,-0.095,0.398,0.985,-1.13,-42.48,-3.42,R
,424971,84,0,405,-0.00,0.368,.167,-1.69,-1446,-9.92,R
,424981,96,0,3856,-0.05,0.426,.101,-502,-0.5,-5.78,R
,425101,0,0,3865,-0.009,0.373,0985,50.8,-60.13,-4.61,
,425141,0,0,3861,0.044,.409,0.01,105.8,-100.45,-20.38,R
,425201,0,0,3875,0.162,0.654,0.679,87.38,-67.59,-1.00,R
,425211,0,0,4095,0.074,.621,0.36,67.5,-65.11,-2.21,R
,425221,0,0,3856,0.058,0.674,0.673,104.17,-65.59,-11.43,R
,425241,0,0,385,0.068,.720,0.80,122.2,-39.55,-41.13,R
,425251,0,0,409,0.017,.757,0.11,106.6,-14.9,-38.03,R
,425271,0,0,4095,-0.049,0.813,0.631,82.25,-25.69,-32.26,R
,425321,0,0,3829,0.074,.802,0.35,26.49,-42.82,-6.07,R
,425341,0,0,3856,0.152,0.722,0.618,22.31,-41.59,-13.92,
,425411,0,0,409,0.149,.800,0.33,22.00,-15.12,-15.90,R
,425431,0,0,4095,0.152,.773,0.641,10.31,-19.06,-19.58,
,425461,0,0,385,0.151,.755,0.63,20.8,-9.49,-31.84,R
,425481,0,0,3857,0.116,.779,0.29,33.5,2.07,-33.02,R
,425491,0,0,4095,0.076,.782,0.04,31.44,8.86,-28.06,R
,425521,0,0,3854,0.052,0.909,0.37,15.1,37.41,7.32,R
,425531,0,0,409,0.062,.890,0.59,12.32,42.59,-2.97,R
,425551,0,0,409,0.067,.811,0.79,-15.95,24.50,-16.26,R
,425641,0,0,384,0.013,.793,0.24,-32.78,-18.37,7.91,R
,425651,0,0,409,0.092,.842,0.88,-34.20,-31.36,0.57,R
,425661,0,0,384,0.020,.783,0.649,-27.78,-33.17,-7.68,R
,425791,0,0,4089,0.010,0.697,0.747,38.35,-23.65,-7.13,R
,425801,0,0,3847,-0.005,0.740,0.725,57.15,2.31,-1.98,R
,425881,0,0,3851,0.017,.923,0.20,28.2,-49.96,-8.90,R
,425921,0,0,3848,0.186,0.792,0.511,46.45,-36.25,-18.23,
,425931,0,0,4095,0.122,.943,0.458,53.64,-2.02,-7.55,R
,425941,0,0,384,0.103,.957,0.67,58.6,33.64,2.14,R
,425961,0,0,3847,0.046,.990,0.28,62.41,63.38,20.89,R
,426011,0,0,4095,0.066,.927,0.81,27.57,-15.85,6.51,R
,426031,0,0,4095,0.024,.943,0.71,36.80,30.24,11.33,R
,426071,0,0,4095,0.046,.785,0.349,23.80,25.66,15.88,R
,426091,0,0,4095,0.177,.994,0.69,17.8,25.95,22.45,R
,426101,0,0,385,0.156,.027,0.76,12.63,47.90,31.33,R
,426181,0,0,3853,0.084,.960,0.379,20.00,25.67,20.02,R
,426221,0,0,3831,0.166,0.964,0.344,-10.0,-27.5,21.82,R
,426241,0,0,3849,0.156,.866,0.367,-22.72,-32.45,20.19,
,426251,0,0,4095,0.217,.851,0.66,-26.26,-27.35,24.60,R
,426331,0,0,409,0.074,0.935,0.20,-16.3,-57.21,2.93,R
,426421,0,0,383,-0.113,1.039,0358,14.5,27.81,27.35,R
,426431,0,0,408,-0.094,1.125,0226,-5.1,-7.03,21.03,R
,426461,0,0,385,0.190,.008,0.79,-44.9,-117.52,7.94,
,426531,0,0,409,0.434,0.740,0.90,26.0,7.25,-31.42,R
,426551,0,0,4095,0.288,.789,0.79,14.69,27.03,-33.65,R
,426581,0,0,384,0.129,0.830,0.80,-23.5,9.18,17.74,R
,426631,0,0,409,0.335,.803,0.58,-80.68,-54.16,-16.27,R
,426641,0,0,383,0.315,0.787,0.61,-88.32,-32.3,-13.25,R
,426731,0,0,4095,0.016,.900,0.04,-92.65,67.06,-11.66,
,426751,0,0,409,-0.077,0.784,0568,-12.72,89.28,-15.7,R
,426761,0,0,384,-0.061,0.769,0547,-14.08,100.21,-14.93,R
,426821,0,0,385,-0.161,0.840,0791,-1794,129.44,33.19,R
,426881,0,0,3841,0.023,.745,0.81,-132.56,70.9,10.10,R
,426901,0,0,384,0.077,0.629,0.46,-15123,80.2,-3.80,R
,426911,0,0,4095,0.001,.650,0.07,-139.59,89.8,-2.19,R
,427071,0,0,4095,-0.182,0.479,0887,-3462,41.64,40.54,
,427111,0,0,408,-0.171,0.473,0.799,-3981,70.65,4.68,R
,427151,0,0,409,-0.383,0.427,0.822,-9675,44.28,4.34,R
,427251,0,0,409,-0.333,0.170,0.969,-55.22,-2.7,0.05,R
,427311,0,0,409,-0.302,0.130,1.028,-6067,15.18,4.55,R
,427341,0,0,3829,-0.276,0.052,0799,-4513,-13.62,17.09,R
,427351,0,0,408,-0.330,0.045,0.945,-2064,16.96,2.35,R
,427421,0,0,3841,-0.188,0.133,0965,41.9,63.57,16.86,R
,427531,0,0,4066,-0.364,0.374,0877,-14.84,-50.97,-12.00,R
,427621,0,0,3837,-0.372,0.220,0971,-2636,-40.1,-18.8,R
,427681,0,0,3847,-0.513,0.357,0.833,-2519,-34.05,16.61,R
,427721,0,0,3853,-0.286,0.097,0.939,6.7,-19.59,3.42,R
,427741,0,0,3851,-0.351,0.198,0.786,9.56,-14.78,-13.02,
,427771,0,0,4045,-0.337,0.235,0.782,-10.82,11.9,3.06,R
,427801,0,0,3841,-0.200,0.157,0.890,-32.82,14.28,0.31,R
,427851,0,0,4038,-0.388,0.205,0.972,-11.66,14.06,-9.49,R
,427971,0,0,4039,-0.373,0.196,0.955,7.6,-33.58,1.53,R
,427981,0,0,3837,-0.387,0.200,0963,7.4,-28.48,4.68,R
,427991,0,0,4033,-0.362,0.132,1.047,7.90,-22.36,9.76,R
,428041,0,0,3856,-0.250,0.186,1047,19.1,8.82,4.13,R
,428051,0,0,401,-0.270,0.227,1.055,16.6,14.62,3.26,R
,428061,0,0,384,-0.272,0.213,1114,17.80,28.10,2.34,R
,428071,0,0,4014,-0.334,0.180,1079,13.03,17.75,7.44,R
,428081,0,0,3839,-0.541,0.141,1086,2.0,15.40,1.48,R
,428111,0,0,4009,-0.230,0.105,1055,-18.18,-18.31,-23.39,R
,428161,0,0,3844,-0.175,-0.062,.862,4025,-55.69,-24.4,R
,428221,0,0,3841,-0.335,0.009,0904,10565,-6.3,-19.42,R
,428371,0,0,4025,-0.392,0.850,0690,20890,-59.96,-22.35,R
,428431,0,0,4015,-0.279,1.196,0330,18814,-9.8,36.55,R
,428451,0,0,3997,-0.238,1.207,0218,13710,-19.53,38.60,R
,428471,0,0,4016,-0.208,1.189,0190,74.2,-46.51,40.49,R
,428501,0,0,3852,-0.110,1.060,0.240,37.45,-55.43,58.40,
,428551,0,0,401,0.092,.920,0.63,12.78,-25.47,38.75,R
,428561,0,0,384,0.098,.901,0.53,4.19,-24.27,27.90,R
,428581,0,0,3857,0.078,.818,0.148,-16.3,-20.6,14.17,R
,428671,0,0,4014,0.164,.629,0.437,-62.90,-6.14,-24.94,
,428691,0,0,3984,0.015,0.652,0.45,-64.6,4.48,-30.67,R
,428771,0,0,4037,-0.119,0.816,0.690,-0.9,1.60,.16,R
,428811,0,0,3979,0.000,.812,0.64,-7.02,-14.71,-13.13,R
,428911,0,0,3984,0.012,.848,0.94,-51.78,-28.42,19.71,
,428921,0,0,387,0.001,.858,0.16,-47.5,-31.09,19.18,R
,428971,0,0,4003,0.000,.811,0.80,-56.99,-20.94,33.47,R
,429011,0,0,389,0.038,.763,0.22,-97.55,-53.35,26.26,R
,429041,0,0,3854,0.095,.627,0.732,-11468,-52.7,32.57,R
,429061,0,0,3863,0.121,0.586,0.90,-10992,-48.53,48.23,R
,429081,0,0,3858,0.205,.492,0.851,-82.7,-30.2,63.42,R
,429091,0,0,3949,0.305,0.427,0.24,-65.4,-21.01,51.04,R
,429101,0,0,385,0.349,.439,0.24,-41.1,-15.20,30.93,
,429121,0,0,3856,0.196,.549,0.19,-22.61,-4.31,23.53,R
,429131,0,0,398,0.086,0.649,0.67,-27.9,-3.73,34.52,R
,429141,0,0,3847,0.021,0.701,0.66,-53.4,-25.01,39.81,R
,429151,0,0,3991,0.029,0.695,0.28,-76.5,-43.58,39.03,R
,429221,0,0,384,0.377,0.418,0.68,-48.6,-38.57,19.44,
,429241,0,0,3853,0.253,0.499,0.29,-58.8,-11.49,25.38,R
,429261,0,0,385,0.310,.466,0.82,-77.66,-26.11,29.03,
,429301,317,0,3851,0.341,0.305,.958,-7.26,-53.21,8.95,R
,429311,341,0,3998,0.40,0.297,.004,-39.14,-42.89,-0.7,R
,429361,590,0,3847,0.19,0.527,.894,-3.75,-6.22,-2.13,R
,429381,609,0,3851,0.265,0.371,.960,-3.05,-26.20,-8.52,R
,429401,523,0,3849,0.35,0.265,0.961,-1.23,-12.59,-8.68,R
,429461,331,0,3850,0.458,0.239,.935,52.95,73.58,-11.94,R
,429471,406,0,427,0.443,0.246,.956,5532,80.19,-17.66,R
,429481,455,0,3851,0.406,0.312,0.920,6834,91.3,-22.18,R
,429501,444,0,3846,0.363,0.320,0.910,85.04,120.4,-27.03,R
,429541,525,0,339,0.044,0.477,.799,9316,136.01,-11.6,R
,429561,444,0,3848,0.140,0.474,0.855,8359,99.75,-18.41,R
,429731,493,0,379,-0.068,0.580,0.916,-.45,-10.91,-31.87,R
,429791,590,0,363,0.05,0.526,0.888,1776,-14.25,-22.48,R
,429821,625,0,349,0.033,0.570,0.728,2133,27.03,-21.03,R
,429881,704,0,326,0.008,0.576,.822,5.4,18.45,-8.59,R
,429921,624,0,3846,-0.08,0.538,0.793,3.80,18.5,-11.34,R
,429931,586,0,3961,-0.00,0.592,0.810,7.16,23.5,-12.74,R
,430121,913,53,3845,-0.39,0.623,0.811,7.47,20.82,-4.12,R
,430131,910,54,3963,-0.202,0.68,0.797,2.09,23.15,2.54,R
,430161,897,43,824,-0.166,0.656,0.756,1.07,1.40,1.65,R
,430171,900,42,3971,-0.28,0.63,0.785,10.00,-364,0.71,R
,430181,909,175,3855,-0.122,0.66,0.796,13.41,-.06,0.60,R
,430201,880,210,3856,-0128,0.650,0.770,26.23,-.60,5.50,R
,430261,1006,317,3847,-.100,0.78,0.714,28.17,.90,0.75,R
,430331,1042,32,3986,-.090,0.61,0.71,-4.32,-16.65,-0.07,R
,430341,1005,313,3888,-0.124,0.88,0.69,-9.89,-14.14,-.36,R
,430351,1059,33,4039,-.117,0.647,0.71,-7.55,-18.97,-.39,R
,430371,1038,289,4095,-.064,0.42,0.68,-5.33,26.28,-4.35,R
,430401,1049,191,3990,0008,0.637,0.644,-12.88,-34.20,-13.46,R
,430421,995,132,3871,0.121,0.45,0.788,24.94,-41.72,-2.52,R
,430441,917,0,3898,0.167,0.472,.571,-1.59,-43.04,-38.6,R
,430451,783,0,3955,0.16,0.456,.515,-13.84,-30.20,-37.60,R
,430511,950,0,347,0.02,0.556,0.623,-15.46,-6.30,-61.78,R
,430531,854,0,341,0.08,0.481,.546,-3.14,-50.36,-71.3,R
,430571,669,0,3927,-0.10,0.510,0.622,-32.07,-27.23,-77.13,R
,430581,701,0,362,0.09,0.512,.666,-18.10,8.02,-72.39,R
,430611,640,0,323,-0.446,0.591,0.702,-20.90,56.86,-83.65,R
,430631,618,0,318,-0.553,0.606,0.772,-34.58,12.16,-81.39,R
,430681,641,0,363,-0.53,0.708,0.831,1.09,103.38,-24.47,R
,430751,645,0,335,-0.55,0.790,0.868,3.76,56.82,-43.9,R
,430771,660,0,319,-0.506,0.707,0.832,4.23,88.93,-19.9,R
,430961,1034,0,857,-0.40,0.74,1.008,36.28,3279,-7.55,R
,430981,1019,0,3858,-0.96,0.62,0.910,27.82,26.91,-0.42,R
,431001,1009,0,862,-0.88,0.559,0.705,18.31,24.06,-1.42,R
,431051,1134,0,951,-0.16,0.48,0.566,-5.04,27.31,-9.92,R
,431121,1218,0,3863,-0.44,0.67,0.629,12.96,37.54,0.40,R
,431141,1209,0,866,-0.73,0.67,0.576,-0.23,6.18,-12.04,R
,431151,1200,0,919,-0.86,0.691,0.548,10.23,-3.98,-16.84,R
,431191,1195,0,920,-0.36,0.62,0.547,9.15,36.21,-7.37,R
,431201,1216,0,3873,-0.68,0.63,0.546,3.12,5239,5.32,R
,431231,1260,0,3914,-0.61,0.62,0.549,-3.25,27.61,5.81,R
,431241,1279,0,3859,-0.657,0.605,0.515,-11.43,10.48,-0.12,R
,431281,1353,0,866,-0.90,0.56,0.481,-23.33,-14.71,-7.19,R
,431301,1419,0,3874,-0.99,0.549,0.516,13.78,-.07,-7.48,R
,431371,1582,0,927,-0.67,0.55,0.600,-13.91,-3.61,0.4,R
,431401,1535,0,3865,-0.17,0.50,0.533,-17.51,-10.23,0.4,R
,431411,1475,0,923,-0.17,0.49,0.564,-17.57,-5.98,1.6,R
,431421,1461,0,3872,-0.28,0.493,0.560,-14.41,0.07,3.00,R
,431431,1420,0,919,-0.41,0.49,0.581,10.53,517,4.43,R
,431451,1353,0,3920,-0.89,0.531,0.617,-9.16,10.22,5.76,R
,431471,1293,0,909,-0.87,0.54,0.593,-6.84,3.32,7.01,R
,431481,1263,0,3870,-0.38,0.52,0.591,-5.31,-1.38,6.03,R
,431491,1303,0,3921,-0.28,0.54,0.568,-6.49,-5.24,4.97,R
,431501,1350,0,873,-0.45,0.47,0.542,-4.09,-9.64,6.98,R
,431521,1325,0,3877,-0.618,0.53,0.555,6.10,-114,4.31,R
,431531,1327,0,3920,-0.00,0.530,0.558,4.96,-220,5.45,R
,431561,1281,0,3872,-0.79,0.547,0.563,.80,-1.9,3.18,R
,431611,1163,0,913,-0.66,0.55,0.575,6.74,6.30,7.12,R
,431651,1173,0,902,-0.74,0.58,0.568,7.83,1.05,3.13,R
,431661,1168,0,3878,-0.16,0.626,0.536,.77,-2.2,1.45,R
,431671,1167,0,913,-0.46,0.64,0.525,3.16,-0.42,4.95,R
,431691,1215,0,920,-0.75,0.60,0.567,-0.14,1.40,9.13,R
,431701,1206,0,3874,-0.558,0.60,0.588,.28,5.77,6.22,R
,431741,1313,0,3891,0.032,-0.22,0.866,9.51,-1.95,-27.95,R
,431761,1354,0,3887,-0.941,0.73,0.477,2.58,25.64,17.4,R
,431771,1345,0,3927,-0.40,0.77,0.581,18.64,67.22,42.11,R
,431781,1347,0,3881,-0.735,0.71,0.741,.70,52.8,54.75,R
,431791,1363,0,3924,-0.06,0.62,0.702,-0.59,39.66,41.21,R
,431801,1376,0,873,-0.49,0.59,0.619,21.39,17.20,28.05,R
,431851,1233,0,3919,-0.68,0.61,0.653,-13.39,14.13,30.5,R
,431871,1215,0,3920,-0.569,0.55,0.620,32.10,-.40,10.71,R
,431911,1149,0,3914,-0.48,0.551,0.638,-33.83,-30.92,-061,R
,431921,1132,0,882,-0.65,0.59,0.640,-37.22,-32.10,-137,R
,431951,1109,0,917,-0.07,0.62,0.654,-43.20,-42.04,-874,R
,431991,1008,0,904,-0.37,0.65,0.700,38.99,-30.82,9.18,R
,432021,1010,0,891,-0.51,0.65,0.718,-42.01,-38.68,1594,R
,432031,1001,0,3901,-0.732,0.658,0.708,43.72,-5.03,15.56,R
,432041,1008,0,3898,-0.718,0.634,0.727,43.66,-9.38,15.18,R
,432081,1034,0,920,-0.618,0.62,0.671,36.81,-9.43,23.53,R
,432131,979,0,3899,-0.580,0.595,0.647,-0.88,-5.91,29.82,R
,432151,987,0,3892,-0.527,0.580,0.636,-9.04,-4.35,46.51,R
,432191,977,0,3890,-0.437,0.636,0.634,-5.54,-2.28,50.43,R
,432221,974,0,3908,-0.34,0.621,0.689,-56.07,-32.01,48.00,R
,432331,1075,0,3888,-0.03,0.580,0.751,-67.68,-27.14,5629,R
,432351,1085,0,906,-0.24,0.59,0.732,52.50,-.11,68.31,R
,432391,1109,0,3887,-0.372,0.580,0.600,38.81,2.40,92.34,R
,432401,1114,0,3911,-0.88,0.57,0.573,35.11,33.31,96.3,R
,432431,1052,0,888,-0.368,0.489,0.466,-29.45,49.51,103.21,R
,432441,1053,0,905,-0.362,0.46,0.436,27.91,56.93,106.32,R
,432521,1053,0,3898,-0.12,0.23,0.388,24.88,110.76,87.26,R
,432541,1168,0,3904,-0.25,0.15,0.462,-34.93,118.36,8097,R
,432571,1147,0,3891,-0.52,0.097,0.698,-40.35,117.37,6448,R
,432581,1143,0,3903,-0.359,0.105,0.754,38.79,10.53,61.32,R
,432621,1044,0,901,-0.428,0.13,0.879,38.93,115.44,30.89,R
,432641,1039,0,3901,-0.76,0.191,0.914,-45.19,106.60,2397,R
,432651,1041,0,3877,-0.600,0.216,0.958,49.04,15.11,23.12,R
,432661,1041,0,3907,-0.21,0.226,0.994,-54.81,98.59,21.5,R
,432701,1053,0,3903,-0.54,0.247,1.080,-44.96,6.31,10.39,R
,432711,1059,0,3882,-0.53,0.261,1.070,42.38,54.94,7.15,R
,432721,1090,0,3889,-0.62,0.28,1.039,-40.12,52.82,5.44,R
,432731,1091,0,3883,-0.59,0.298,1.044,-41.45,50.02,5.6,R
,432741,1105,0,3900,-0.83,0.30,1.047,-42.30,48.35,5.3,R
,432751,1097,0,886,-0.691,0.282,1.070,38.17,45.67,3.99,R
,432781,1077,0,3889,-0.81,0.268,1.074,-12.36,45.35,4.4,R
,432851,1336,0,3891,-0.74,0.262,0.943,8.19,8.8,-15.97,R
,432891,1253,0,3889,-0.41,0.35,0.814,-9.62,-0.80,-18.1,R
,432901,1207,0,3901,-0.41,0.35,0.784,-12.12,1.86,-17.94,R
,432911,1169,0,3890,-0.65,0.344,0.796,12.46,9.52,-15.37,R
,432921,1011,0,885,-0.598,0.336,0.795,-15.65,15.99,-1256,R
,432971,549,0,388,-0.59,0.328,0.762,-20.41,-10.60,-8.4,R
,433001,716,0,3904,-0.58,0.288,0.795,-21.98,-405,-2.5,R
,433011,730,0,3888,-0.55,0.273,0.805,-22.26,0.6,-0.76,R
,433021,735,0,3910,-0.55,0.273,0.830,-5.28,4.70,-1.48,R
,433031,727,0,3888,-0.50,0.263,0.804,-8.23,3.08,-0.64,R
,433061,742,0,3899,-0.580,0.286,0.733,-5.05,7.4,0.97,R
,433131,871,0,393,-0.54,0.194,0.784,-.58,-4.91,-6.44,R
,433161,990,0,332,-0.633,0.269,0.677,667,13.60,-11.92,R
,433181,1072,0,3919,-0.89,0.26,0.734,-0.84,1337,-12.39,R
,433201,1099,0,3905,-0.46,0.211,0.782,6.77,10.5,-9.49,R
,433211,1123,0,3888,-0.27,0.212,0.763,11.47,11.90,-9.7,R
,433251,1200,0,888,-0.58,0.28,0.732,0.58,10.04,-13.25,R
,433261,1197,0,3925,-0.74,0.27,0.745,-6.82,0.22,-17.45,R
,433291,1214,0,3878,-0.95,0.229,0.827,1.06,-0.9,-14.06,R
,433321,1211,0,3955,-0.606,0.21,0.832,3.25,14.04,6.28,
,433331,1212,0,3881,-0.19,0.30,0.755,0.02,17.55,8.39,
,433341,1210,0,3955,-0.04,0.17,0.864,-8.36,7.93,9.36,R
,433351,1197,0,3885,-0.94,0.14,0.805,-7.30,-0.16,14.0,R
,433411,1190,0,3883,-0.27,0.31,0.916,-27.69,2.83,34.52,R
,433421,1209,0,3984,-0.59,0.28,0.968,-32.65,1.13,30.26,R
,433431,1189,0,879,-0.01,0.275,1.025,-39.54,4.68,26.20,R
,433441,1171,0,3977,-0.71,0.22,1.078,-38.78,-.08,25.55,R
,433451,1145,0,3882,-0.85,0.21,1.083,-41.57,-1.96,22.72,R
,433461,1058,0,016,-0.615,0.156,1.081,44.75,-18.05,23.44,R
,433471,1040,0,3886,-0.75,0.20,1.092,-48.15,-4.91,25.58,R
,433491,1005,0,3882,-0.492,0.15,1.138,-59.65,-30.40,2284,R
,433501,978,0,403,-0.501,0.181,1.143,-4.64,-31.27,16.35,R
,433611,779,0,379,-0.69,0.126,1.146,-131.23,-6.75,-22.18,R
,433621,784,0,377,-0.67,0.118,1.125,-35.71,-103.09,-26.39,R
,433681,766,0,394,-0.67,0.161,1.126,-59.83,-131.79,-6.62,R
,433691,766,0,381,-0.64,0.135,1.131,-57.08,-131.70,-47.43,R
,433721,773,0,411,-0.62,0.080,1.079,-46.87,-139.27,-45.02,R
,433801,607,0,431,-0.33,-0.169,0.776,107.19,-109.98,0.99,R
,433811,580,0,372,-0.31,-0.172,0.731,100.61,-104.05,-2.62,R
,433821,575,0,4047,-0.37,-0.19,0.698,-94.38,-98.07,-424,R
,433841,572,0,400,-0.25,-0.239,0.627,83.80,-96.22,-7.74,R
,433851,566,0,372,-0.253,-0.27,0.601,-79.97,-95.58,-8.78,R
,433871,560,0,363,-0.29,-0.29,0.546,-73.07,-1.58,-4.91,R
,433901,470,0,3971,-0.11,-0.35,0.516,-62.64,-4.54,3.00,R
,433921,449,0,4049,-0.142,-0.37,0.506,-48.46,-50.42,1284,R
,433941,437,0,4066,-0.104,-0.404,0.507,-35.07,-29.93,25.41,R
,433971,459,0,363,-0.02,-0.45,0.564,-28.29,-0.19,1697,R
,433991,451,0,367,-0.07,-0.48,0.583,-25.94,-26.33,7.74,R
,434011,457,0,3862,-0.048,-0.503,0.603,-20.55,-25.62,4.49,R
,434041,460,0,4065,-0.04,-0.53,0.667,-15.65,-17.75,4.3,R
,434051,457,0,367,-0.06,-0.56,0.682,-11.23,-4.25,4.51,R
,434071,459,0,366,-0.014,-0.551,0.687,1.30,-573,6.35,R
,434101,448,0,464,0.00,-0.524,0.712,055,0.89,4.74,R
,434111,441,0,361,0.01,-0.517,0.715,-.46,0.88,2.10,R
,434141,437,0,467,0.01,-0.549,0.746,-.49,-0.78,-7.22,R
,434231,549,0,3861,-0.07,-0.54,0.722,16.77,3409,-4.55,R
,434251,576,0,362,-0.08,-0.54,0.703,-5.84,11.46,-26.91,R
,434281,575,0,4086,-0.012,-0.613,0.704,13.57,5.81,-29.11,R
,434311,640,0,3856,0.023,-0.651,0.730,-6.12,24.33,-30.2,R
,434351,666,0,3861,-0.036,-0.632,0.773,.04,30.6,-27.1,R
,434391,659,0,365,-0.00,-0.53,0.740,-5.40,1941,-39.4,R
,434421,618,0,441,-0.03,-0.58,0.778,30.84,14.89,-47.72,R
,434431,622,0,343,-0.01,-0.59,0.783,32.10,13.14,-48.16,R
,434491,706,0,3856,0.09,-0.630,0.706,-0.88,-7.70,-50.44,R
,434501,714,0,4080,0.132,-0.633,0.728,-27.11,-3.20,-40.16,R
,434511,720,0,365,0.138,-0.595,0.742,-29.94,10.54,-31.74,R
,434531,725,0,3856,0.088,-0.605,0.955,-32.90,32.06,-37.19,R
,434551,747,0,3856,-0.019,-0.656,1.146,-29.88,23.40,-33.78,R
,434561,752,0,483,-0.05,-0.62,1.216,29.26,23.23,-24.19,R
,434581,661,0,4072,-0.048,-0.622,1.441,-25.51,22.68,-12.42,R
,434591,659,0,3852,-0.00,-0.63,1.520,-12.33,2.21,-10.35,R
,434601,661,0,4082,-0.020,-0.614,1.580,1.82,19.43,-9.51,R
,434641,631,0,495,0.027,-0.519,1.412,16.26,12.89,8.86,
,434661,611,0,4091,0.109,-0.573,1.274,5.42,2.02,7.36,R
,434711,583,0,3856,0.104,-0.612,1.018,16.12,-22.60,10.51,R
,434731,559,0,3856,0.104,-0.602,0.974,14.45,-20.11,15.48,R
,434781,561,0,4095,0.043,-0.583,0.905,-0.58,-20.37,19.55,R
,434811,587,0,3856,0.002,-0.574,0.921,7.64,-23.52,24.63,R
,434871,595,0,354,-0.05,-0.55,0.909,0.22,-21.91,33.9,R
,434881,598,0,4095,-0.046,-0.546,0.905,9.39,-22.62,33.3,R
,434901,615,0,495,-0.01,-0.56,0.910,7.88,-29.11,32.8,R
,434921,599,0,495,-0.062,-0.568,0.863,14.31,-33.15,31.3,R
,434971,635,0,3858,-0.019,-0.586,0.713,14.70,-37.65,23.76,R
,434991,531,0,361,-0.03,-0.598,0.623,13.65,-35.53,18.13,R
,435021,430,0,495,0.05,-0.628,0.477,12.19,-45.40,-0.71,R
,435071,437,0,3851,0.131,-0.670,0.389,-2.46,-26.88,-12.07,R
,435081,450,0,495,0.116,-0.645,0.341,-3.80,-12.75,-10.85,R
,435131,441,0,351,0.053,-0.590,0.504,-11.02,8.74,-23.9,R
,435161,432,0,4095,0.010,-0.565,0.589,-24.27,14.59,-30.42,R
,435171,410,0,351,-0.06,-0.569,0.621,-25.42,20.36,-28.12,R
,435181,389,0,473,-0.02,-0.58,0.675,-23.23,22.56,-2777,R
,435201,336,0,461,-0.016,-0.600,0.724,-16.32,26.36,-26.61,R
,435231,400,0,354,-0.05,-0.59,0.772,3.59,27.06,-23.89,R
,435261,406,0,476,0.006,-0.567,0.757,-5.69,37.7,-22.58,R
,435311,410,0,356,0.032,-0.619,0.765,-20.47,38.01,-26.12,R
,435421,417,0,495,0.207,-0.636,0.658,-26.44,28.07,-44.04,R
,435431,425,0,356,0.202,-0.620,0.701,-34.23,6.74,-48.62,R
,435481,428,0,457,0.17,-0.636,1.271,-29.75,-074,-47.71,R
,435491,413,0,356,0.10,-0.612,1.386,-21.74,12.25,-34.45,R
,435521,503,0,495,0.059,-0.538,1.660,-10.12,28.19,-3.94,R
,435561,398,0,4095,0.125,-0.484,1.443,19.51,3.44,0.72,R
,435641,399,0,495,0.170,-0.525,1.002,24.34,-3289,10.25,R
,435651,363,0,365,0.16,-0.514,0.976,21.06,-3059,16.6,R
,435751,359,0,360,0.023,-0.549,0.913,20.52,-33.24,27.03,R
,435761,320,0,495,0.00,-0.550,0.888,19.97,-34.72,26.37,R
,435801,329,0,495,-0.001,-0.546,0.818,28.52,-58.14,14.4,R
,435821,332,0,495,-0.09,-0.52,0.762,7.93,-52.13,16.81,R
,435831,320,0,3856,-0.060,-0.51,0.731,3.09,-49.03,19.47,R
,435851,319,0,358,-0.29,-0.67,0.673,70.89,-47.79,36.5,R
,435861,314,0,495,-0.03,-0.47,0.593,58.55,-38.65,33.4,R
,435931,334,0,352,0.087,-0.437,0.470,55.68,-1214,33.64,R
,435961,421,0,4095,0.144,-0.522,0.422,34.57,2.77,22.51,
,435981,440,0,495,0.156,-0.589,0.480,34.84,9.32,22.28,
,435991,450,0,355,0.122,-0.625,0.541,36.72,13.4,19.18,R
,436001,464,0,4086,0.153,-0.640,0.694,39.76,11.2,13.09,R
,436011,508,0,353,0.113,-0.640,0.701,52.61,13.8,11.16,R
,436041,479,0,495,0.12,-0.560,0.670,52.90,50.64,9.65,
,436101,523,0,4095,0.026,-0.525,0.830,15.97,39.0,-20.59,R
,436141,528,0,495,0.00,-0.509,0.852,-1.48,32.41,-37.9,R
,436191,525,0,343,-0.05,-0.48,0.881,3.89,5241,-37.49,R
,436201,526,0,495,-0.041,-0.454,0.882,-6.55,5442,-38.23,R
,436231,525,0,350,-0.09,-0.45,0.889,-27.89,54.76,-52.47,R
,436241,525,0,495,-0.04,-0.52,0.903,-26.01,56.28,-49.52,R
,436281,686,0,495,0.00,-0.509,0.871,-23.05,39.83,-56.68,R
,436291,682,0,346,0.024,-0.497,0.844,-20.18,38.44,-58.7,R
,436301,607,0,495,0.015,-0.493,0.803,-20.78,36.39,-59.6,R
,436371,606,0,357,0.136,-0.529,0.841,-36.38,1711,-65.37,R
,436401,609,0,495,0.114,-0.423,0.948,-34.36,4189,-41.19,R
,436431,749,0,358,0.06,-0.425,1.370,-52.15,40.39,-46.0,R
,436451,800,0,351,-0.04,-0.45,1.721,-51.83,36.50,-27.42,R
,436461,815,0,495,-0.01,-0.44,1.865,-38.36,35.63,-1775,R
,436481,820,0,4095,-0.055,-0.43,1.953,-4.73,25.86,-3.4,R
,436491,830,0,355,-0.03,-0.40,1.940,10.14,18.48,0.22,R
,436501,822,0,495,0.03,-0.335,1.843,19.48,14.12,2.74,
,436761,740,0,4095,-0.088,-0.442,1.029,13.25,-3.08,32.1,R
,436781,735,0,4095,-0.134,-0.406,0.982,10.84,-25.85,32.89,R
,436821,487,0,4095,-0.101,-0.46,0.747,28.11,-64.83,16.9,R
,436851,485,0,3850,-0.01,-0.43,0.558,43.15,-51.99,18.78,R
,436861,481,0,4095,-0.136,-0.492,0.455,7.06,-4.52,22.46,R
,436901,446,0,4095,-0.018,-0.411,0.230,.06,-1489,9.73,R
,436941,448,0,4095,0.062,-0.561,0.396,-8.24,-2.72,-21.52,R
,437001,486,0,495,-0.00,-0.516,0.647,.83,24.15,-12.04,R
,437021,495,0,495,0.01,-0.468,0.698,463,27.84,-13.45,R
,437051,464,0,353,0.049,-0.470,0.778,-10.58,23.54,-27.3,R
,437071,467,0,340,0.00,-0.482,0.841,-0.09,2351,-30.32,R
,437131,475,0,3846,-0.07,-0.50,0.936,-23.14,49.22,-24.32,R
,437311,471,0,350,0.080,-0.623,0.965,-45.33,3021,-37.6,R
,437361,463,0,4095,0.004,-0.530,1.664,-9.25,48.47,-7.81,R
,437451,407,0,3843,0.189,-0.462,1.305,1.32,-10.33,-2.96,R
,437481,388,0,4095,0.089,-0.426,1.178,1.09,-27.59,-1.57,R
,437591,366,0,354,0.009,-0.448,1.036,4.34,-41.23,14.75,R
,437631,368,0,342,-0.052,-0.426,0.970,0.49,-50.72,14.42,R
,437741,163,0,4095,-0.047,-0.367,0.543,8.06,-32.83,34.81,R
,437751,185,0,3842,-0.051,-0.346,0.468,2.38,-1.27,37.90,R
,437881,455,0,4095,0.128,-0.536,0.656,5.57,42.93,16.16,R
,437911,503,0,3846,0.087,-0.473,0.710,24.58,52.68,-10.04,R
,437951,557,0,353,0.063,-0.517,0.845,-2.68,19.29,-43.43,R
,437971,560,0,343,0.040,-0.514,0.904,322,31.14,-44.73,R
,437991,562,0,351,0.035,-0.490,0.941,11.10,45.63,-46.44,R
,438001,498,0,495,-0.07,-0.46,0.923,2.55,5257,-45.00,R
,438011,495,0,342,-0.04,-0.44,0.935,2.74,57.31,-43.28,R
,438051,402,0,345,-0.05,-0.400,0.924,-6.81,45.35,-58.0,R
,438091,407,0,351,-0.014,-0.413,0.907,-19.86,36.93,-65.84,R
,438121,400,0,495,-0.02,-0.35,0.906,17.75,48.67,-57.94,R
,438161,398,0,4095,0.05,-0.357,0.831,-1.57,36.24,-67.22,R
,438171,377,0,3852,0.046,-0.369,0.799,-25.60,3457,-62.59,R
,438211,451,0,3838,0.119,-0.341,0.798,-33.97,25.32,-54.9,R
,438221,398,0,4093,0.178,-0.366,0.835,-34.20,22.82,-55.69,R
,438251,356,0,345,-0.09,-0.38,1.237,43.11,39.93,-35.52,R
,438441,165,0,463,0.038,-0.311,1.124,6.93,-25.81,29.65,R
,438461,119,0,4070,0.047,-0.325,1.086,14.40,-17.18,39.76,R
,438581,144,0,4064,-0.16,-0.32,1.052,18.38,-28.10,48.78,R
,438621,192,0,473,-0.22,-0.356,1.001,19.16,-45.43,43.1,R
,438661,243,0,495,-0.19,-0.37,0.714,5.67,-6.85,41.58,R
,438671,246,0,349,-0.13,-0.40,0.632,2.86,-55.35,44.17,R
,438701,266,0,495,-0.07,-0.32,0.449,8.20,-21.73,49.74,R
,438711,276,0,339,-0.04,-0.31,0.393,47.35,-1.58,42.11,R
,438731,291,0,341,0.012,-0.336,0.365,15.97,-22.62,18.31,R
,438811,295,0,349,-0.077,-0.420,0.686,1.24,31.92,4.40,
,438821,309,0,471,-0.00,-0.42,0.749,6.03,38.96,3.44,R
,438831,240,0,347,-0.08,-0.39,0.749,6.77,43.66,-0.84,R
,438841,257,0,473,-0.02,-0.37,0.777,-0.87,47.17,-6.55,R
,438881,253,0,470,-0.158,-0.352,0.916,-22.75,3.72,-20.04,R
,438911,241,0,325,-0.16,-0.41,1.006,-19.95,2.36,-39.11,R
,438921,243,0,450,-0.06,-0.46,1.038,-10.43,23.89,-39.37,R
,438931,253,0,344,-0.05,-0.44,1.007,2.03,28.13,-34.71,R
,438971,299,0,342,-0.13,-0.36,0.929,15.48,5.73,-30.38,R
,438981,240,0,453,-0.05,-0.36,0.947,26.55,4.76,-37.07,R
,438991,244,0,349,-0.11,-0.40,0.954,-34.93,34.93,-4455,R
,439001,241,0,477,-0.045,-0.473,0.969,-35.46,21.67,-5281,R
,439011,285,0,338,-0.060,-0.466,0.931,-29.91,15.70,-56.56,R
,439021,331,0,481,-0.059,-0.474,0.952,-25.57,16.76,-5648,R
,439141,333,0,4057,0.074,-0.357,0.849,-41.16,12.62,-63.2,R
,439151,345,0,335,-0.07,-0.45,0.945,-47.97,23.37,-6981,R
,439171,335,0,342,-0.18,-0.32,1.274,-38.26,31.26,-5090,R
,439181,357,0,448,-0.29,-0.26,1.395,-34.59,31.98,-33.22,R
,439201,267,0,449,-0.168,-0.253,1.642,-31.23,31.25,-1627,R
,439211,257,0,341,-0.18,-0.27,1.685,-23.26,27.69,-1505,R
,439241,253,0,455,-0.12,-0.24,1.674,2.25,5.66,-14.68,R
,439271,240,0,343,-0.039,-0.271,1.417,5.16,-7.8,-2.74,R
,439331,260,0,339,-0.010,-0.297,1.045,19.36,-2.89,8.98,R
,439341,253,0,441,-0.01,-0.297,1.052,16.23,-26.66,11.7,R
,439361,257,0,4048,0.013,-0.347,1.005,16.34,-27.75,14.9,R
,439401,253,0,445,-0.01,-0.35,1.002,14.52,-18.17,26.20,R
,439411,245,0,342,-0.05,-0.353,1.004,17.62,-19.00,28.02,R
,439421,245,0,438,-0.03,-0.348,1.007,22.31,-1.10,31.48,R
,439431,251,0,346,-0.065,-0.317,0.984,3.83,-17.93,34.20,R
,439451,262,0,347,-0.07,-0.32,0.993,12.67,-26.69,30.25,R
,439491,289,0,337,-0.069,-0.359,1.038,12.87,-28.78,33.1,R
,439501,287,0,445,-0.03,-0.35,1.046,17.74,-27.65,31.7,R
,439511,287,0,323,-0.101,-0.351,1.044,22.96,-2.49,32.63,R
,439531,269,0,350,-0.18,-0.34,0.993,25.86,-21.23,36.39,R
,439541,266,0,449,-0.10,-0.34,0.974,24.81,-22.91,34.87,R
,439561,260,0,395,-0.16,-0.35,0.908,19.44,-29.30,29.81,R
,439571,271,0,346,-0.10,-0.369,0.868,17.61,-3.07,26.19,R
,439591,266,0,330,-0.14,-0.422,0.818,18.90,-4.01,21.1,R
,439631,358,0,3844,-0.02,-0.43,0.678,27.47,-17.78,22.10,R
,439641,367,0,438,-0.04,-0.41,0.646,23.06,-11.38,20.52,R
,439671,368,0,343,-0.04,-0.40,0.677,7.47,-8.39,13.82,R
,439681,366,0,4035,-0.055,-0.407,0.666,2.70,-8.37,10.14,R
,439761,374,0,432,-0.08,-0.36,0.810,-7.59,1680,-6.35,R
,439781,341,0,419,-0.076,-0.383,0.862,18.10,9.52,-9.49,R
,439791,303,0,338,-0.059,-0.387,0.880,18.01,10.71,-11.55,R
,439821,291,0,409,-0.07,-0.389,0.906,-9.81,2810,-16.10,R
,439831,281,0,347,-0.17,-0.36,0.904,-11.77,29.11,-1641,R
,439861,279,0,414,-0.08,-0.37,0.932,-18.53,15.95,-24.44,R
,439911,282,0,335,-0.00,-0.429,0.953,-16.68,1.67,-29.92,R
,439921,309,0,410,-0.01,-0.408,0.925,-15.43,2.89,-2942,R
,439931,336,0,350,-0.05,-0.394,0.936,-16.29,2.25,-28.76,R
,439941,348,0,433,-0.01,-0.398,0.917,-20.43,1.81,-29.51,R
,439961,352,0,397,-0.00,-0.398,0.873,-23.01,897,-33.37,R
,440071,367,0,346,0.13,-0.375,0.768,-33.26,-225,-50.62,R
,440081,386,0,4007,0.122,-0.370,0.814,-5.04,-0.68,-50.30,R
,440111,367,0,3849,-0.035,-0.367,1.134,43.81,27.41,-30.79,R
,440131,370,0,3853,-0.068,-0.373,1.414,-37.78,3.73,-16.32,R
,440141,371,0,387,-0.04,-0.35,1.500,-25.81,28.24,-12.90,R
,440151,370,0,346,-0.17,-0.32,1.577,-19.33,22.38,-12.47,R
,440191,368,0,3849,-0.093,-0.295,1.660,3.49,-4.37,-1.78,R
,440201,368,0,3985,-0.072,-0.277,1.594,5.94,-5.4,4.26,R
,440271,368,0,3845,0.009,-0.329,1.088,1.12,-26.43,21.99,R
,440311,381,0,349,-0.01,-0.34,1.058,11.88,-29.64,30.02,R
,440321,380,0,3981,0.00,-0.346,1.062,13.36,-3028,31.9,R
,440381,395,0,3978,0.037,-0.342,0.974,1.61,-32.22,46.03,R
,440391,404,0,3853,0.05,-0.321,0.964,16.45,-2859,49.35,R
,440451,421,0,356,-0.07,-0.37,1.081,4.49,-26.34,51.5,R
,440521,439,0,362,-0.14,-0.44,0.950,18.84,-35.29,40.1,R
,440531,453,0,3843,-0.119,-0.450,0.889,20.75,-40.14,36.71,R
,440541,453,0,4002,-0.08,-0.463,0.818,2.00,-41.23,33.47,R
,440571,441,0,356,-0.09,-0.49,0.605,23.04,-3.54,32.60,R
,440631,621,0,356,-0.00,-0.51,0.441,14.75,-6.07,7.71,R
,440641,621,0,375,-0.052,-0.541,0.499,15.26,-.02,3.94,R
,440651,624,0,346,-0.02,-0.55,0.473,-13.36,-6.02,1.7,R
,440661,626,0,381,-0.054,-0.588,0.665,-7.08,-11.87,-5.3,R
,440671,663,0,349,-0.18,-0.527,0.694,.70,-8.48,-3.10,R
,440691,624,0,3850,-0.08,-0.447,0.639,4.46,11.15,-4.78,R
,440721,641,0,377,-0.06,-0.45,0.700,17.54,20.38,-9.32,R
,440751,621,0,3853,-0.02,-0.47,0.790,9.77,20.13,-20.74,R
,440761,617,0,3965,-0.026,-0.463,0.788,-8.17,22.09,-26.85,R
,440771,598,0,3850,-0.035,-0.457,0.799,-9.10,23.11,-32.32,R
,440791,603,0,347,-0.02,-0.43,0.833,-14.41,25.38,-36.97,R
,440851,431,0,354,-0.01,-0.43,0.992,-16.53,3.34,-3766,R
,440861,431,0,381,-0.09,-0.436,0.983,15.74,35.34,-35.52,R
,440891,427,0,345,-0.08,-0.42,0.958,-16.73,28.96,-38.18,R
,440901,432,0,373,-0.01,-0.41,0.959,-17.75,18.27,-43.63,R
,440961,427,0,347,0.12,-0.391,0.769,-11.51,13.29,-41.86,R
,441031,421,0,349,-0.04,-0.41,1.223,-28.72,3.16,-28.45,R
,441051,418,0,352,-0.05,-0.332,1.463,17.37,31.99,-16.27,R
,441061,415,0,372,-0.080,-0.314,1.542,16.62,31.02,-10.48,R
,441071,406,0,353,-0.10,-0.32,1.595,-16.47,25.44,-6.6,R
,441091,410,0,3835,-0.044,-0.335,1.628,4.82,1138,-1.95,R
,441101,409,0,3984,-0.049,-0.343,1.576,.12,5.28,-0.81,R
,441121,412,0,3967,0.007,-0.375,1.427,1.18,-9.98,0.03,R
,441361,325,0,362,-0.00,-0.31,1.081,0.83,-1.51,43.26,R
,441381,368,0,374,-0.13,-0.290,1.036,0.86,-8.80,48.48,R
,441411,378,0,3841,-0.134,-0.34,1.057,4.37,-1.36,45.2,R
,441421,374,0,371,-0.15,-0.38,1.070,5.15,-2.12,42.31,R
,441461,395,0,362,-0.19,-0.444,0.995,43.57,-25.17,35.30,R
,441481,402,0,383,-0.13,-0.43,0.859,3.07,-3.23,32.9,R
,441511,417,0,3851,-0.085,-0.406,0.683,44.66,-39.27,27.71,R
,441571,418,0,3847,0.067,-0.454,0.339,4.32,-5.87,-3.57,R
,441581,418,0,359,0.047,-0.462,0.376,-5.75,9.67,-2.26,R
,441611,417,0,3843,0.029,-0.456,0.520,2.09,41.06,-5.81,
,441621,405,0,357,-0.003,-0.412,0.570,-3.28,46.57,-12.70,R
,441631,415,0,346,-0.01,-0.40,0.635,13.30,45.02,-20.10,R
,441671,416,0,3848,-0.140,-0.414,0.898,-34.26,27.00,-29.22,R
,441701,429,0,336,-0.099,-0.404,1.005,-13.59,41.78,-2824,R
,441741,420,0,357,-0.17,-0.32,1.028,30.59,2.55,-4021,R
,441751,412,0,356,-0.08,-0.373,1.033,-35.68,23.72,-42.79,R
,441761,405,0,339,-0.033,-0.392,1.034,-34.67,19.25,-44.91,R
,441771,405,0,355,-0.069,-0.369,1.037,-35.08,23.20,-4508,R
,441781,401,0,365,-0.02,-0.39,1.068,31.08,35.00,-46.16,R
,441801,404,0,358,-0.00,-0.38,1.032,25.83,3.51,-4142,R
,441811,400,0,3856,-0.089,-0.371,1.010,-26.52,36.28,-40.87,R
,441831,398,0,353,-0.06,-0.362,0.992,-23.88,22.82,-45.49,R
,441851,368,0,354,0.00,-0.360,0.933,-25.88,15.70,-52.26,R
,441861,501,0,3955,0.024,-0.359,0.912,-25.62,12.68,-52.82,R
,441951,510,0,3857,-0.003,-0.397,0.762,-32.93,15.83,-49.77,R
,441981,372,0,323,-0.04,-0.29,1.284,-51.33,19.67,-41.16,R
,442021,391,0,336,-0.176,-0.270,1.784,-17.23,27.57,-2.0,R
,442041,400,0,333,-0.13,-0.24,1.734,1.82,1.35,-7.29,
,442071,377,0,353,-0.08,-0.274,1.424,8.57,-13.36,3.47,R
,442081,368,0,3920,-0.018,-0.294,1.315,16.28,-13.46,5.9,R
,442091,371,0,356,-0.01,-0.286,1.220,21.97,-14.19,8.14,R
,442101,387,0,3923,-0.049,-0.264,1.170,19.36,-17.01,10.60,R
,442121,386,0,3915,0.004,-0.307,1.060,14.67,-26.28,11.2,R
,442171,378,0,3860,-0.018,-0.359,0.988,10.90,-18.08,27.2,R
,442201,385,0,319,-0.07,-0.35,0.991,1.56,-1.51,30.4,R
,442221,382,0,331,-0.083,-0.376,1.045,14.02,-1.37,39.3,R
,442231,386,0,356,-0.09,-0.36,1.016,18.70,-21.06,41.1,R
,442241,397,0,326,-0.05,-0.34,1.007,0.29,-27.56,39.41,R
,442251,403,0,353,-0.01,-0.35,1.018,19.99,-32.83,33.04,R
,442271,407,0,3857,-0.04,-0.35,1.033,22.84,-29.26,30.4,R
,442301,402,0,330,-0.08,-0.32,1.041,22.14,-5.99,43.93,R
,442311,400,0,364,-0.00,-0.33,1.044,9.56,-3.64,41.30,R
,442331,400,0,365,-0.12,-0.365,1.031,18.02,-12.60,35.6,R
,442341,398,0,3920,-0.180,-0.35,1.021,23.85,-1.94,35.5,R
,442351,398,0,358,-0.19,-0.36,0.999,28.20,-26.08,34.43,R
,442361,389,0,319,-0.19,-0.39,0.969,30.80,-3.83,31.6,R
,442371,389,0,366,-0.15,-0.390,0.905,30.49,-34.63,27.7,R
,442381,395,0,3917,-0.128,-0.404,0.848,30.54,-3.75,26.6,R
,442401,384,0,311,-0.09,-0.41,0.730,31.53,-28.40,28.4,R
,442431,400,0,367,-0.03,-0.436,0.623,15.85,-14.57,16.2,R
,442441,403,0,320,-0.01,-0.45,0.544,14.55,-11.67,12.26,R
,442461,405,0,306,-0.07,-0.47,0.548,7.12,-4.74,5.99,R
,442511,402,0,359,-0.11,-0.421,0.656,-0.65,2236,-4.0,R
,442531,405,0,365,-0.048,-0.438,0.751,-9.36,19.18,-14.42,R
,442561,402,0,316,-0.06,-0.448,0.865,-18.47,1.28,-1757,R
,442571,408,0,366,-0.04,-0.448,0.899,-14.88,20.86,-1940,R
,442611,407,0,374,-0.129,-0.395,0.937,-15.94,2.89,-2656,R
,442631,405,0,301,-0.15,-0.39,0.960,-23.33,14.88,-31.51,R
,442651,408,0,3867,-0.093,-0.399,0.952,-21.59,1.38,-3674,R
,442681,410,0,399,-0.03,-0.36,0.927,-19.13,29.98,-34.48,R
,442711,400,0,369,-0.05,-0.368,0.915,-25.34,18.28,-39.90,R
,442751,511,0,359,-0.07,-0.358,0.890,-23.48,10.50,-40.94,R
,442761,527,0,315,-0.03,-0.35,0.819,26.04,9.81,-39.5,R
,442811,507,0,3881,0.001,-0.318,0.817,-28.50,2102,-36.5,R
,442831,499,0,381,-0.017,-0.346,0.970,35.40,18.09,-38.99,R
,442881,473,0,310,-0.10,-0.251,1.267,-17.22,33.49,-16.26,R
,442921,364,0,303,-0.13,-0.27,1.408,7.63,10.93,-12.1,R
,442931,357,0,362,-0.129,-0.275,1.404,-2.03,1137,-7.3,R
,443031,461,0,3877,-0.011,-0.32,1.055,17.38,-16.86,14.16,R
,443041,476,0,311,-0.03,-0.339,1.065,19.27,-1.56,16.3,R
,443091,448,0,371,-0.05,-0.35,1.021,18.87,-19.06,25.9,R
,443121,480,0,305,-0.08,-0.359,1.046,23.41,-20.14,29.18,R
,443131,482,0,375,-0.06,-0.362,1.055,23.68,-18.77,30.3,R
,443141,486,0,320,-0.07,-0.36,1.051,22.80,-17.47,32.51,R
,443161,483,0,309,-0.00,-0.33,1.067,1.45,-1.39,35.0,R
,443171,506,0,3875,-0.067,-0.334,1.059,2.74,-1.48,37.6,R
,443181,501,0,311,-0.08,-0.321,1.070,21.59,-17.70,37.18,R
,443281,543,0,306,-0.12,-0.343,1.060,30.48,-32.94,31.94,R
,443301,544,0,3893,-0.124,-0.357,0.946,2.60,-3.43,30.22,R
,443311,533,0,388,-0.17,-0.376,0.888,32.78,-33.33,28.11,R
,443321,530,0,3902,-0.097,-0.396,0.827,3.38,-34.43,26.4,R
,443331,501,0,3888,-0.083,-0.40,0.767,4.78,-33.53,23.7,R
,443451,450,0,399,-0.19,-0.403,0.702,1.80,18.22,-5.89,R
,443511,423,0,3909,-0.130,-0.37,0.920,21.78,18.57,-1742,R
,443571,271,0,398,-0.12,-0.311,0.960,-22.81,1.22,-26.71,R
,443651,128,0,3874,-0.055,-0.33,0.925,-20.68,24.54,-3187,R
,443801,128,0,362,-0.00,-0.399,1.117,38.47,19.72,-4444,R
,443831,129,0,371,-0.13,-0.271,1.274,-9.62,4053,-14.93,R
,444021,417,0,3883,0.015,-0.312,1.071,1.64,-3046,41.44,R
,444031,430,0,323,0.013,-0.307,1.062,1.32,-3393,41.18,R
,444051,460,0,3923,0.01,-0.321,1.053,15.30,-34.19,48.1,R
,444121,449,0,3869,-0.012,-0.335,1.098,7.30,-4503,50.4,R
,444161,464,0,3863,-0.051,-0.33,1.165,.45,-45.67,51.96,R
,444181,451,0,3873,-0.088,-0.36,1.192,1.41,-4.74,50.89,R
,444211,455,0,3903,-0.03,-0.372,1.052,27.67,-48.53,40.55,R
,444311,560,0,3894,-0.044,-0.450,0.456,3.96,-1.40,19.82,R
,444431,562,0,3895,-0.18,-0.357,0.738,13.01,1.11,-21.68,R
,444531,428,0,388,-0.053,-0.354,0.972,24.76,3.80,-2823,R
,444591,430,0,3904,-0.009,-0.374,0.933,-19.77,38.70,-3461,R
,444651,430,0,3889,0.094,-0.358,0.758,-16.61,12.24,-51.7,R
,444971,403,0,3902,0.031,-0.316,1.079,25.83,-23.94,28.46,R
,444981,432,0,3860,0.035,-0.303,1.061,28.60,-23.00,30.4,R
,445041,416,0,3870,-0.006,-0.327,1.051,11.24,-2.74,36.5,R
,445051,417,0,3906,-0.043,-0.338,1.074,10.77,-23.26,36.3,R
,445141,544,0,3872,-0.071,-0.35,0.907,36.58,-41.52,29.36,R
,445151,544,0,4068,-0.039,-0.35,0.859,6.09,-36.46,28.89,R
,445201,560,0,372,-0.021,-0.417,0.651,15.64,-23.47,12.93,R
,445291,604,0,4043,-0.052,-0.421,0.767,11.82,1525,-5.1,R
,445331,593,0,4010,-0.091,-0.326,0.822,-12.73,14.31,-1224,R
,445341,591,0,3864,-0.00,-0.334,0.865,16.97,16.10,-13.20,R
,445561,682,0,3866,0.03,-0.359,0.846,-5.42,13.29,-28.15,R
,445581,567,0,356,0.128,-0.365,0.779,-31.25,14.67,-28.67,R
,445701,797,0,3862,-0.128,-0.288,1.753,-29.23,20.25,-0.7,R
,445731,787,0,4013,-0.092,-0.274,1.796,-7.26,-1.07,7.13,R
,445781,806,0,3857,0.047,-0.307,1.292,2.02,-3136,13.0,R
,445841,854,0,3854,0.047,-0.333,1.062,11.90,-4427,23.7,R
,445921,910,0,3856,0.036,-0.296,1.063,13.65,-3714,47.7,R
,445931,897,0,3967,0.033,-0.306,1.063,1.02,-39.46,46.4,R
,446021,896,0,3846,-0.127,-0.308,1.055,6.22,-5.74,36.1,R
,446131,849,0,3981,-0.018,-0.448,0.493,10.98,-19.93,12.60,R
,446341,739,0,3857,-0.053,-0.433,1.002,21.71,5.22,-2213,R
,446371,734,0,4030,-0.023,-0.431,0.976,22.03,39.72,-3542,R
,446771,576,0,3987,-0.000,-0.35,1.048,11.33,-10.89,20.8,R
,446931,595,0,425,-0.14,-0.369,1.129,20.98,-26.14,35.03,R
,446991,566,0,4059,-0.187,-0.41,0.794,41.27,-43.00,32.8,R
,447051,699,0,495,-0.07,-0.515,0.401,10.35,-3.85,3.5,R
,447131,669,0,449,-0.02,-0.490,0.576,-4.15,26.73,-3.5,R
,447291,862,0,4085,-0.095,-0.46,1.025,26.27,32.93,-43.49,R
,447311,931,0,4080,-0.101,-0.45,1.008,24.61,5.37,-35.14,R
,447321,908,0,3854,-0.082,-0.45,1.002,-27.11,51.64,-3442,R
,447421,951,0,3856,0.17,-0.433,0.624,-32.18,-756,-67.5,R
,447491,853,0,3977,-0.260,-0.29,1.662,-34.68,30.44,-2545,R
,447521,752,0,3840,-0.175,-0.18,1.883,-12.67,-5.29,-1594,R
,447751,737,0,379,-0.060,-0.37,1.027,25.06,-28.27,50.7,R
,447831,769,0,4042,-0.284,-0.475,1.007,41.44,-2.44,51.44,R
,447941,549,0,3837,-0.020,-0.46,0.404,4.66,-26.82,17.99,R
,447971,619,0,4023,-0.034,-0.505,0.404,-13.86,-3.72,15.7,R
,447991,494,0,3981,0.010,-0.643,0.579,-0.17,-3.8,9.93,
,448261,1008,0,3855,0.221,-0.822,1.036,-75.11,-0.28,-4.68,R
,448271,1012,0,4034,0.246,-0.777,1.065,-77.13,-26.48,-5.62,R
,448331,905,0,3981,0.300,-0.683,1.510,-67.17,-4.43,-8078,R
,448401,633,0,3868,0.024,-0.355,1.660,-29.04,-6.36,-7684,R
,448461,711,0,3858,0.064,-0.208,1.083,-8.82,-58.39,-27.75,R
,448501,720,0,3859,0.102,-0.233,0.899,-10.84,-6.77,-2.2,R
,448671,689,0,321,0.162,-0.576,0.917,19.19,-48.72,29.52,R
,448741,624,0,3863,0.166,-0.575,0.473,27.77,-51.99,20.3,R
,448811,671,0,3984,0.303,-0.646,0.195,-7.37,-36.14,12.8,R
,448991,894,0,3984,0.218,-0.707,0.754,-16.65,53.28,1.96,R
,449001,885,0,3857,0.194,-0.676,0.771,-16.94,53.70,-0.29,R
,449041,834,0,3852,0.169,-0.680,0.777,-19.23,6386,-3.5,R
,449291,1034,0,4006,0.126,-0.665,1.524,5.16,15.86,24.31,R
,449431,848,0,418,0.20,-0.695,0.900,26.41,-36.95,17.2,R
,449521,882,0,3854,0.065,-0.649,0.919,18.96,-6228,25.07,R
,449631,906,0,4045,-0.070,-0.65,0.863,3.67,-48.11,11.2,R
,449871,867,0,411,0.059,-0.618,0.671,-4.24,43.54,-9.2,R
,450041,935,0,3845,0.23,-0.938,0.882,-33.80,23.98,-39.6,R
,450071,898,0,400,0.350,-0.959,0.951,-1.86,-007,-65.74,R
,450091,834,0,4015,0.484,-1.020,1.030,-1.55,-1.15,-78.03,R
,450131,787,0,3995,0.368,-0.978,1.245,-56.43,1.98,-103.25,R
,450271,731,0,4001,0.07,-0.137,0.954,-28.21,-39.24,-2343,R
,450381,723,0,347,0.34,-0.448,0.771,-1.37,-3169,53.55,R
,450451,847,0,409,0.35,-0.592,0.804,12.19,-2994,51.29,R
,450621,738,0,3835,0.147,-0.644,0.306,34.14,-48.59,28.6,R
,450851,959,0,3987,0.254,-0.780,0.728,-29.30,27.11,-13.1,R
,451061,1388,0,3832,0.311,-0.689,0.709,-36.99,14.91,-2604,R
,451131,1398,0,3985,0.20,-0.754,1.655,-14.70,8.50,-0.3,R
,451261,1357,0,856,0.36,-0.64,0.802,24.89,-36.17,20.2,R
,451361,1371,0,851,0.29,-0.69,0.876,18.14,-47.87,39.9,R
,451411,1377,0,984,0.23,-0.771,0.905,9.65,-5181,34.7,R
,451451,1369,0,993,0.12,-0.795,0.845,25.07,-5.10,27.88,R
,451671,1059,0,975,0.29,-0.91,0.387,5.13,-11.53,-2.70,R
,451691,1127,0,3979,0.251,-0.782,0.452,7.12,37.25,5.47,R
,451711,1130,0,3963,0.139,-0.707,0.501,-0.15,61.89,-5.2,R
,451731,1135,0,965,0.17,-0.77,0.576,-29.45,42.22,-21.51,R
,451761,1184,0,3854,0.206,-0.881,0.673,-34.47,-.32,-2914,R
,451781,1231,0,853,0.27,-0.85,0.705,-15.05,23.44,-32.84,R
,451871,1410,0,3948,0.22,-0.76,0.625,-21.07,14.12,-4117,R
,451921,1392,0,3853,0.20,-0.833,0.613,-41.25,26.18,-53.92,R
,451991,1461,0,966,0.24,-0.82,0.647,-36.52,3.18,-6256,R
,452251,1087,0,3970,-0.55,-0.07,1.313,208.29,144.36,31.96,R
,452261,1145,0,3856,-0.19,-0.03,1.242,217.15,149.29,39.55,R
,452501,944,0,341,-0.36,0.210,0.951,103.57,6067,62.0,R
,452721,863,0,356,-0.565,0.523,0.806,-9.65,11.81,4.97,
,452741,912,0,360,-0.519,0.568,0.749,-.68,7.0,4.37,R
,452911,673,0,338,-0.59,0.604,0.693,-8.99,-20.46,-18.2,R
,453071,553,0,336,-0.501,0.458,0.753,-.14,-1672,-21.9,R
,453301,398,0,354,-0.500,0.455,0.663,-22.06,-1.46,-3610,R
,453371,816,0,3939,-0.54,0.369,0.646,-16.00,1010,-17.22,R
,453391,854,0,3930,-0.57,0.349,0.659,-35.91,-1.33,-2650,R
,453421,1181,0,3856,-0.46,0.298,0.872,-37.33,-21.70,-26.48,R
,453591,1877,0,932,-0.698,0.474,0.741,42.77,1940,-10.61,R
,453681,1571,0,3856,-0.90,0.403,0.702,26.96,18.19,-6.76,R
,453921,637,0,3883,-0.771,0.495,0.594,1.32,0.3,-8.67,
,453981,758,0,3861,-0.61,0.430,0.553,-10.33,-2.59,-1311,R
,454111,432,0,3920,-0.671,0.414,0.661,-.27,-0.45,-2.27,R
,454151,577,0,3894,-0.695,0.405,0.741,-3.84,-1.17,-1204,R
,454201,645,0,3866,-0.638,0.347,0.701,3.71,11.87,-8.07,R
,454321,841,0,3867,-0.657,0.414,0.615,4.11,-4.6,8.28,R
,454481,247,0,3875,-0.627,0.377,0.694,-1.75,-866,4.43,R
,454511,0,0,3917,-0.633,0.362,0.741,-1800,5.86,4.78,R
,454591,0,0,391,-0.581,0.384,0682,-0.50,5.67,.16,R
,454601,0,0,386,-0.578,0.388,0665,1.73,9.64,678,R
,454711,0,0,3922,-0.633,0.415,0.685,3.3,9.51,9.41,R
,454881,564,0,365,-0.615,0.390,0.696,-9.36,-8.8,-5.60,R
,454991,1185,0,3918,-0.643,0.407,0.671,-2.14,-414,-5.97,R
,455321,1180,0,893,-0.90,0.421,0.619,18.58,-686,-15.68,R
,455441,999,0,394,-0.70,0.473,0.593,15.61,14.2,-11.6,R
,455451,1013,0,895,-0.05,0.478,0.586,13.96,2071,-12.5,R
,455501,953,0,388,-0.56,0.351,0.575,-.59,-8.9,-19.83,R
,455521,977,0,399,-0.67,0.392,0.563,251,18.8,-12.06,R
,455611,844,32,891,-0.654,0.405,0.611,-18.88,-.72,-3.66,R
,455631,865,16,3891,-0.674,0.38,0.647,-6.04,19.46,3.00,R
,455911,907,0,388,-0.82,0.441,0.498,-11.30,2978,11.4,R
,455921,1037,0,3927,-0.831,0.46,0.490,-10.33,3.28,6.68,R
,455991,1057,0,3888,-0.855,0.42,0.541,-13.78,15.66,-9.94,R
,456031,1042,0,890,-0.55,0.444,0.472,25.16,2.31,-1.84,R
,456061,1021,0,908,-0.21,0.488,0.434,-31.37,13.32,-1058,R
,456101,958,0,3890,-0.86,0.450,0.459,-26.17,-1.30,-8.3,R
,456111,949,0,3885,-0.790,0.446,0.466,-26.01,-2.94,-10.2,R
,456171,1071,0,3890,-0.03,0.345,0.558,-34.52,-20.14,-122,R
,456211,1153,0,3883,-0.748,0.381,0.533,-37.88,-3.41,8.2,R
,456221,1143,0,3906,-0.758,0.35,0.538,-37.91,-.49,9.8,R
,456351,1360,0,3887,-0.16,0.322,0.710,21.47,0.19,10.31,R
,456381,1221,0,3918,-0.69,0.393,0.642,35.83,2.2,-2.01,R
,456421,1171,0,3914,-0.706,0.35,0.620,6.86,-1059,-12.0,R
,456451,1232,0,889,-0.705,0.320,0.651,12.05,2.3,3.48,
,456471,1423,0,881,-0.674,0.318,0.673,9.68,-0.8,17.93,R
,456481,1501,0,3895,-0.83,0.372,0.609,9.45,9.5,24.03,R
,456621,1424,0,3988,-0.617,0.46,0.851,-38.38,-8.60,2979,R
,456721,1381,0,3952,-0.23,0.340,0.955,-173.59,87.36,5.67,R
,456781,1221,0,986,-0.568,0.221,1.004,-222.96,-99.65,16.92,R
,457001,867,0,451,-0.316,-0.18,0.838,-78.84,-0.75,-1.81,R
,457141,1034,0,4051,-0.57,-0.385,0.767,-40.10,42.86,14.43,R
,457211,912,0,3851,-0.030,-0.450,0.723,28.17,-35.06,14.72,R
,457481,897,0,4095,0.04,-0.597,0.822,1.86,-9.8,0.35,R
,457491,899,0,3861,0.049,-0.596,0.834,2.61,-7.7,0.23,R
,457621,928,0,4095,0.053,-0.584,0.854,-9.83,-6.7,-2.35,R
,457691,943,0,365,0.066,-0.569,0.859,-.50,-1.1,-4.29,R
,457721,928,0,4095,0.042,-0.570,0.852,0.11,-1.0,-2.71,
,457781,930,0,4095,0.078,-0.532,0.832,762,3.40,3.44,R
,457831,837,0,3856,0.056,-0.568,0.871,-.37,-8.33,-1.55,R
,458111,871,0,3856,0.046,-0.628,0.700,-1.66,1218,-20.71,R
,458181,875,0,4095,0.039,-0.563,0.683,-1.01,30.8,-24.5,R
,458201,910,0,4095,0.022,-0.586,0.682,-2.46,2137,-28.24,R
,458211,912,0,3856,0.027,-0.582,0.689,-7.49,1474,-31.97,R
,458761,657,0,4095,-0.005,-0.62,0.765,14.05,-45.00,28.89,R
,458771,665,0,3847,-0.003,-0.646,0.758,6.40,-4.59,27.9,R
,458811,566,0,3838,-0.023,-0.64,0.594,46.93,-40.66,15.97,R
,458841,578,0,4095,0.078,-0.615,0.391,33.13,-35.38,9.19,R
,459071,581,0,3854,0.066,-0.637,0.749,-2.06,3781,-20.8,R
,459151,570,0,3854,0.112,-0.677,0.763,-3.05,1973,-36.9,R
,459231,665,0,3855,0.238,-0.607,0.675,-30.36,3045,-28.5,R
,459301,731,0,4095,0.216,-0.796,1.558,-8.04,1572,-16.6,R
,459331,770,0,3856,0.188,-0.611,1.676,-.68,27.52,-4.10,R
,459341,714,0,4080,0.207,-0.579,1.680,0.25,13.29,-4.91,R
,459601,650,0,4095,-0.07,-0.588,0.801,17.79,-63.49,12.37,R
,459621,629,0,4095,-0.05,-0.593,0.743,34.00,-5.38,20.8,R
,459671,402,0,342,-0.032,-0.577,0.489,75.97,-33.73,36.03,R
,459751,550,0,3847,0.10,-0.602,0.356,56.32,3.20,23.74,R
,459801,565,0,4095,0.113,-0.654,0.577,4.81,21.22,7.58,R
,459981,639,0,4095,0.02,-0.490,0.887,10.29,68.1,-36.1,R
,460001,606,0,4095,-0.00,-0.500,0.890,-0.59,76.94,-44.12,R
,460021,615,0,4095,-0.013,-0.500,0.898,-9.01,55.81,-44.71,R
,460041,557,0,4095,-0.005,-0.50,0.901,-13.45,4.86,-5253,R
,460151,688,0,350,0.176,-0.522,0.956,-29.92,34.83,-53.9,R
,460291,496,0,3851,0.18,-0.368,1.437,-3.98,-2410,-10.2,R
,460351,404,0,3851,0.12,-0.355,1.094,11.50,-1969,15.6,R
,460511,495,0,3846,-0.03,-0.459,0.997,4.81,-4500,29.0,R
,460561,537,0,4095,-0.106,-0.462,0.850,26.96,-4.39,29.2,R
,460611,241,0,3846,-0.032,-0.442,0.476,8.92,-4.97,18.43,R
,460631,286,0,3852,-0.04,-0.425,0.421,42.48,-3.05,16.9,R
,460791,212,0,3845,-0.033,-0.441,0.781,8.70,28.1,-16.2,R
,460801,238,0,4095,0.021,-0.443,0.814,11.73,27.3,-21.63,R
,460851,309,0,3842,0.023,-0.412,0.849,-19.28,2841,-37.9,R
,460861,309,0,4095,0.001,-0.432,0.876,-26.32,3001,-37.9,R
,460891,457,0,3856,0.03,-0.490,0.919,-11.66,39.08,-31.52,R
,460971,528,0,3843,0.024,-0.468,0.855,-37.78,3450,-44.9,R
,461041,550,0,4095,0.212,-0.500,0.800,-3.20,1718,-39.22,R
,461071,561,0,3843,0.16,-0.538,1.097,-65.13,2653,-46.0,R
,461131,557,0,3841,0.151,-0.464,1.852,-10.52,1777,-29.1,R
,461221,390,0,4095,0.180,-0.342,1.251,14.32,-2680,-6.1,R
,461451,375,0,3846,-0.06,-0.39,0.827,9.24,-4.69,26.0,R
,461551,421,0,3843,-0.014,-0.311,0.365,9.03,1343,34.0,R
,461751,422,0,3846,-0.023,-0.458,1.006,2.55,70.12,-54.87,R
,461761,421,0,4071,-0.09,-0.42,0.990,.12,75.2,-57.3,R
,461771,419,0,3843,-0.073,-0.381,0.992,11.16,79.93,-61.51,R
,461781,411,0,4079,-0.066,-0.359,0.981,10.06,76.53,-63.26,R
,461791,413,0,3835,-0.059,-0.324,0.971,.23,69.5,-67.2,R
,461941,542,0,495,0.299,-0.257,0.639,-2.61,7.5,-57.0,R
,461951,550,0,3840,0.210,-0.233,0.789,-52.32,21.81,-54.93,R
,461971,548,0,3831,0.131,-0.345,1.145,-85.95,47.15,-40.23,R
,462021,494,0,4069,0.011,-0.286,1.969,-21.23,24.42,-11.34,R
,462031,475,0,3841,-0.068,-0.227,1.988,17.54,1.35,-9.3,R
,462051,429,0,3837,-0.045,-0.200,2.000,-9.19,5.47,2.11,R
,462071,418,0,3847,0.031,-0.172,1.744,-3.33,-4.19,11.45,R
,462291,401,0,3855,-0.180,-0.365,1.052,-14.15,-63.58,44.19,R
,462311,407,0,3849,-0.194,-0.37,1.019,0.94,-6.77,48.9,R
,462371,422,0,3840,-0.231,-0.38,0.722,9.24,-4.55,36.6,R
,462551,466,0,3841,-0.03,-0.42,0.632,14.01,24.30,-4.29,R
,462561,466,0,4095,0.01,-0.416,0.674,-1.17,26.96,-7.75,R
,462611,608,0,3843,-0.015,-0.44,0.906,28.38,3.08,-3021,R
,462631,610,0,354,-0.00,-0.522,0.968,29.92,2.82,-32.58,R
,462641,624,0,4060,-0.08,-0.539,0.993,26.06,26.47,-32.01,R
,462781,716,0,4059,0.155,-0.559,0.797,-1.20,3035,-40.1,R
,462861,672,0,4084,0.069,-0.507,1.204,-7.68,3886,-48.2,R
,462881,669,0,4087,-0.049,-0.561,1.488,-38.41,32.85,-3441,R
,462891,669,0,3827,-0.139,-0.499,1.627,25.39,36.02,-23.34,R
,463061,527,0,4053,0.010,-0.407,1.058,1.50,-26.54,28.7,R
,463081,509,0,4080,0.028,-0.403,1.031,1.15,-2857,33.9,R
,463091,530,0,3837,0.035,-0.412,1.030,1.77,-28.51,34.8,R
,463101,528,0,4073,0.028,-0.424,1.018,10.54,-28.27,35.70,R
,463131,511,0,341,-0.04,-0.458,1.024,2.86,-2.91,41.4,R
,463241,437,0,4073,-0.12,-0.471,0.828,6.81,-2.63,40.6,R
,463271,323,0,333,-0.112,-0.510,0.682,35.96,-26.34,39.6,R
,463281,260,0,463,-0.094,-0.501,0.606,8.02,-2.99,38.9,R
,463351,327,0,3824,-0.039,-0.493,0.474,0.83,-1.61,9.2,R
,463451,275,0,337,-0.123,-0.457,0.766,-8.29,18.21,-7.4,R
,463481,265,0,4025,-0.03,-0.459,0.862,0.73,2247,-13.0,R
,463501,267,0,449,-0.06,-0.466,0.881,3.51,1317,-23.3,R
,463511,272,0,3837,-0.04,-0.459,0.900,4.67,2115,-26.2,R
,463521,275,0,4029,-0.10,-0.481,0.917,0.49,2468,-22.5,R
,463541,277,0,416,-0.062,-0.455,0.925,8.73,2842,-20.7,R
,463591,400,0,341,-0.042,-0.490,0.930,5.34,2332,-39.42,R
,463691,313,0,344,0.051,-0.429,0.772,-6.38,9.2,-42.7,R
,463771,420,0,3840,0.08,-0.431,1.020,-0.38,2711,-45.3,R
,463801,339,0,412,-0.053,-0.439,1.570,44.56,4.48,-2100,R
,463811,337,0,3836,-0.058,-0.44,1.706,32.67,45.11,-1102,R
,463981,272,0,382,0.074,-0.354,1.076,547,-20.11,31.59,R
,464031,233,0,3850,0.031,-0.405,1.039,13.09,-15.94,47.4,R
,464041,228,0,397,-0.004,-0.368,1.042,8.70,-1.12,50.7,R
,464051,231,0,346,-0.032,-0.353,1.051,8.20,-851,52.8,R
,464071,224,0,3846,-0.019,-0.37,1.049,6.60,-1.65,51.4,R
,464171,240,0,346,-0.274,-0.520,0.782,55.57,-44.43,49.7,R
,464191,272,0,347,-0.135,-0.432,0.640,4.28,-4.50,42.0,R
,464241,240,0,4005,-0.033,-0.403,0.322,1.91,-1.86,32.02,R
,464321,13,0,3978,-0.016,-0.504,0.553,924,22.1,-1.16,
,464381,160,0,3985,-0.177,-0.44,0.853,2.78,31.63,-29.97,R
,464411,227,0,3845,-0.166,-0.461,0.918,11.28,2.67,-4580,R
,464471,197,0,3841,-0.115,-0.40,0.944,7.69,4923,-42.62,R
,464481,193,0,387,-0.107,-0.401,0.924,12.27,4.24,-4797,R
,464641,209,0,4002,-0.005,-0.290,1.087,44.76,1.85,-5881,R
,464831,0,0,3825,0.000,-0.316,1070,19.4,-23.9,11.53,R
,464921,0,0,3938,-0.013,-0.322,.064,1512,-25.7,30.98,R
,465031,135,0,3835,-0.174,-0.356,1.112,0.48,-3.90,41.21,R
,465101,176,0,3987,-0.16,-0.405,0.793,32.77,-42.78,34.31,R
,465211,176,0,3840,-0.002,-0.53,0.444,20.96,118,3.03,R
,465241,245,0,3978,-0.032,-0.50,0.603,0.06,25.11,5.47,!5
,465251,256,0,3839,-0.017,-0.47,0.607,.70,34.9,-1.07,R
,465281,280,0,3973,-0.117,-0.46,0.707,21.48,3.67,-1732,R
,465321,298,0,3989,-0.04,-0.468,0.872,-24.96,30.99,-3340,R
,465381,307,0,3966,-0.06,-0.432,0.934,27.88,37.63,-41.28,R
,465441,312,0,3973,-0.046,-0.42,0.936,36.53,3.89,-4378,R
,465451,315,0,3843,-0.040,-0.42,0.926,36.97,3.25,-4253,R
,465461,306,0,3978,0.00,-0.422,0.924,-6.33,31.70,-43.54,R
,46573196,0,3877,0.007,-0.338,1.023,16.48,-24.57,9.81,JH465741,1bbʪbjrbjrbrbrbjrbbR
,465781,0,0,3952,0.002,0.383,0.999,16.61,-26.19,24.26,R
,465801,0,0,3949,-0.034,-0.376,1.027,1736,-18.5,31.38,R
,466071,0,0,3849,-0.021,-0.523,0.491,13.90,-15.27,6.13,R
,466401,157,0,3929,0.05,-0.338,0.763,-16.23,36.07,-39.45,R
,466561,0,0,391,-0.028,-0.239,1.229,1724,-10.9,4.84,
,466621,0,0,390,-0.029,-0.337,1.116,21.70,-24.28,18.89,!5
,466771,0,0,389,-0.165,-0.324,1.091,15.82,-20.56,44.93,R
,467091,303,0,3903,-0.137,-0.409,0.901,36.10,2.99,-2827,R
,467121,323,0,391,-0.153,-0.396,0.948,24.90,3.25,-34.58,R
,467161,306,0,390,-0.100,-0.320,0.854,23.48,4.18,-3279,R
,467201,373,0,3887,-0.14,-0.38,0.992,-36.78,26.50,-55.00,R
,467221,366,0,388,-0.15,-0.39,1.037,-30.84,26.62,-39.32,R
,467241,374,0,387,-0.083,-0.387,1.048,22.01,3.09,-3613,R
,467281,380,0,388,-0.066,-0.342,0.901,23.16,1.90,-4278,R
,467771,0,0,3930,-0.185,-0.349,1.206,3122,-30.9,35.41,R
,467841,0,0,3874,-0.167,-0.393,0.740,23.62,-19.11,31.85,R
,467991,0,0,3958,-0.117,-0.389,.703,-1.68,28.8,-10.4,R
,468101,0,0,3857,-0.169,-0.355,.964,-2.26,35.4,-18.1,R
,468131,0,0,402,-0.115,-0.368,0.928,-2.97,21.6,-26.19,R
,468141,144,0,3878,-0.13,-0.37,0.906,21.54,1.66,-26.03,R
,468261,262,0,3873,0.033,-0.310,0.818,-25.91,19.55,-44.04,R
,468321,389,0,3873,-0.273,-0.280,1.693,-27.33,31.40,-7.14,R
,468331,368,0,3982,-0.296,-0.28,1.750,18.44,2.17,-5.5,R
,468341,220,0,3869,-0.289,-0.272,1.781,10.03,682,-6.2,R
,468451,100,0,4001,-0.091,-0.30,1.059,.41,-2785,15.61,R
,468681,149,0,3858,-0.222,-0.34,1.050,6.98,-2.30,36.7,R
,468921,0,0,3865,-0.150,-0.359,0.936,-1.64,13.9,-22.81,R
,468931,0,0,4035,-0.147,-0.349,.952,-1.11,13.5,-23.4,R
,468961,0,0,3863,-0.138,-0.274,0.950,-12.38,31.00,-18.94,R
,469001,0,0,3861,-0.109,-0.316,.968,-1.08,22.1,-28.3,R
,469121,53,0,3865,-0.05,-0.362,0.896,-20.41,15.86,-34.2,R
,469181,95,0,3856,-0.03,-0.383,0.898,-6.14,1660,-38.65,R
,469231,123,0,4064,-0.06,-0.38,1.008,28.50,1.06,-3792,R
,469241,144,0,3861,-0.07,-0.38,1.020,26.94,1.86,-3630,R
,469251,147,0,4076,-0.055,-0.38,0.998,27.69,1.28,-3325,R
,469331,374,0,4081,0.02,-0.386,0.837,-3.78,0.4,-37.8,R
,469411,453,0,4055,-0.02,-0.396,1.007,9.95,1827,-32.9,R
,469491,350,0,4095,-0.18,-0.330,1.401,7.88,-547,-19.9,R
,469501,212,0,3847,-0.136,-0.323,1.388,-5.81,-15.67,-18.50,R
,469551,240,0,4079,-0.12,-0.329,1.340,0.61,-24.20,13.00,R
,469751,432,0,491,-0.061,-0.344,1.059,10.17,-27.55,67.6,R
,469801,303,0,339,-0.057,-0.352,1.093,.49,-3259,54.5,R
,469841,493,0,358,-0.17,-0.411,0.946,5.13,-1.56,58.75,R
,469871,606,0,495,-0.147,-0.484,0.799,9.70,-7.40,49.71,R
,469931,551,0,470,-0.068,-0.481,0.307,5.71,-124,51.19,R
,469941,545,0,3861,0.01,-0.486,0.220,2.74,3.9,43.48,
,469991,369,0,491,-0.052,-0.607,0.361,43.05,1.66,-2.74,R
,470031,386,0,480,-0.083,-0.520,0.523,0.06,3054,-5.6,R
,470061,447,0,349,-0.215,-0.528,0.754,25.20,809,-33.84,R
,470071,461,0,495,-0.183,-0.548,0.820,27.94,-4.17,-34.70,R
,470081,475,0,3856,-0.195,-0.552,0.859,-20.36,0.42,-31.7,R
,470151,403,0,495,-0.11,-0.488,0.968,25.34,3.77,-3928,R
,470221,383,0,3856,-0.048,-0.477,0.942,-18.35,22.47,-43.74,R
,470261,309,0,351,0.023,-0.435,0.827,-8.35,3.5,-53.69,R
,470381,438,0,356,-0.164,-0.319,1.396,39.05,2.98,-26.87,R
,470431,327,0,495,-0.189,-0.295,1.661,1.30,-6.05,-6.47,R
,470441,330,0,356,-0.128,-0.27,1.501,13.19,-1.73,-5.6,R
,470671,117,0,459,-0.121,-0.383,1.062,.33,-1993,37.2,R
,470841,400,0,3847,-0.029,-0.538,0.543,0.60,-1.84,6.39,R
,470851,400,0,4095,-0.060,-0.506,0.570,.15,-3.82,5.93,R
,470881,399,0,3845,-0.021,-0.523,0.757,.69,15.9,-8.27,R
,471021,496,0,3848,-0.104,-0.401,0.938,20.82,3.43,-25.05,R
,471031,495,0,4095,-0.090,-0.41,0.954,23.78,23.83,-28.79,R
,471061,422,0,345,-0.049,-0.428,0.965,13.34,2.81,-31.86,R
,471071,386,0,495,-0.041,-0.419,0.933,12.52,3.55,-29.31,R
,471131,294,0,4095,0.042,-0.401,0.831,-3.59,1766,-37.95,R
,471171,454,0,4095,0.151,-0.399,0.694,-3.05,6.50,-41.66,R
,471191,511,0,4095,0.159,-0.349,0.658,-5.94,6.2,-44.94,R
,471231,581,0,4095,-0.002,-0.380,1.189,49.52,3.02,-29.16,R
,471261,598,0,3841,-0.154,-0.343,1.635,36.06,4.15,-0.52,R
,471361,599,0,3855,-0.003,-0.265,1.141,1.48,-1.38,15.44,R
,471371,601,0,4095,0.036,-0.293,1.124,771,-26.6,17.10,R
,471531,650,0,4095,-0.087,-0.34,1.060,4.77,-3.80,48.26,R
,471661,707,0,3845,-0.15,-0.46,0.616,7.18,-29.59,38.9,R
,471681,719,0,3842,-0.091,-0.44,0.423,3.44,-1.62,33.38,R
,471731,623,0,4095,-0.044,-0.54,0.433,-2.90,-28.77,1.0,R
,471751,633,0,4095,-0.06,-0.54,0.502,1.73,-17.52,-2.6,R
,471791,656,0,4095,-0.068,-0.42,0.635,.83,29.1,-0.88,R
,471841,689,0,3843,-0.02,-0.48,0.850,14.43,1.09,-16.65,R
,471851,688,0,4095,-0.00,-0.45,0.844,13.46,10.02,-2010,R
,471871,699,0,4095,-0.026,-0.44,0.869,7.65,22.82,-18.7,R
,471901,687,0,3838,-0.049,-0.42,0.899,29.59,3.59,-20.13,R
,471961,704,0,3841,-0.011,-0.41,0.835,19.86,1.32,-28.68,R
,472051,702,0,4095,0.078,-0.407,0.871,-26.79,4.56,-33.0,R
,472091,791,0,4095,0.042,-0.367,1.062,-34.90,27.40,-20.07,R
,472171,807,0,4074,-0.039,-0.32,1.636,5.95,-967,-6.0,R
,472181,823,0,3851,-0.021,-0.31,1.628,0.99,-1.78,-6.19,R
,472371,717,0,4039,0.085,-0.376,1.093,16.75,-26.31,23.4,R
,472481,720,0,3859,-0.072,-0.34,1.027,3.03,-3.85,18.35,R
,472491,718,0,4001,-0.099,-0.359,0.979,17.04,-28.10,18.78,R
,472511,718,0,4001,-0.152,-0.42,0.943,15.18,-3.23,20.2,R
,472561,753,0,3856,-0.02,-0.450,0.554,46.43,-36.13,18.31,R
,472771,874,0,4053,-0.044,-0.504,1.003,-18.70,44.71,-29.51,R
,472791,867,0,4043,-0.023,-0.456,0.985,-20.47,54.88,-26.19,R
,472801,838,0,3851,0.010,-0.460,0.989,-28.30,55.05,-30.07,R
,472951,914,0,429,0.11,-0.392,0.671,-27.40,11.26,-53.72,R
,473011,898,0,4016,-0.15,-0.37,1.608,37.34,4.44,-0.24,R
,473021,891,0,3851,-0.207,-0.354,1.718,-20.75,44.18,3.90,R
,473061,906,0,3858,-0.109,-0.254,1.619,2.22,6.30,12.19,R
,473071,906,0,4015,-0.052,-0.314,1.407,5.97,4.91,19.53,R
,473091,896,0,4016,0.017,-0.333,1.279,1.01,-1.65,21.29,R
,473131,879,0,416,-0.005,-0.36,1.083,5.90,-1.81,24.5,R
,473161,865,0,3851,0.000,-0.437,1.072,21.10,-18.19,33.74,R
,473271,858,0,4045,-0.101,-0.45,1.089,4.20,-1.43,38.3,R
,473281,891,0,3847,-0.128,-0.46,1.132,0.64,-2.04,39.85,R
,473321,914,0,3843,-0.14,-0.45,1.081,1.07,-2.99,41.7,R
,473331,917,0,447,-0.21,-0.45,1.016,3.25,-3.87,39.5,R
,473341,910,0,3840,-0.206,-0.446,0.959,36.16,-38.68,39.19,R
,473451,975,0,4055,0.01,-0.513,0.379,8.63,-11.55,12.74,R
,473461,974,0,3842,-0.043,-0.51,0.370,.67,-3.9,10.74,R
,473471,988,0,4057,-0.09,-0.551,0.382,0.41,0.4,6.16,R
,473481,991,0,346,-0.065,-0.53,0.439,4.53,1.5,3.01,R
,473501,977,0,3839,-0.142,-0.53,0.526,1.82,8.99,1.79,R
,473521,993,0,3838,-0.02,-0.51,0.554,-13.63,22.13,-1.61,R
,473531,981,0,435,-0.13,-0.506,0.584,-25.89,27.67,-7.54,R
,473541,989,0,3837,-0.18,-0.52,0.650,27.86,3.27,-9.4,R
,473561,966,0,3824,-0.176,-0.516,0.740,34.46,37.25,-11.63,R
,473571,967,0,4023,-0.172,-0.563,0.770,-37.42,35.43,-16.65,R
,473591,983,0,445,-0.164,-0.60,0.835,29.77,2.17,-20.10,R
,473651,941,0,4018,-0.046,-0.60,0.843,45.91,3.26,-26.03,R
,473711,934,0,4035,0.105,-0.737,0.939,-3.33,10.74,-34.76,R
,473741,944,0,342,0.20,-0.804,0.987,-66.14,0.99,-52.39,R
,473861,895,0,3850,-0.04,-0.478,1.635,-58.68,-32.66,-85.71,R
,473901,911,0,3849,-0.111,-0.30,1.517,19.16,-9.90,-60.07,R
,473921,908,0,3845,-0.060,-0.26,1.290,27.71,-51.43,-38.33,R
,473931,894,0,4044,-0.048,-0.31,1.188,23.43,-1.65,-27.66,R
,474001,921,0,3841,0.03,-0.382,0.843,-9.75,-56.20,17.76,R
,474061,912,0,3835,0.11,-0.469,0.851,-7.08,-51.90,41.68,R
,474181,892,0,340,-0.008,-0.66,0.966,6.89,-54.20,31.79,R
,474201,835,0,3836,-0.03,-0.622,0.797,4.12,-5.65,30.86,R
,474221,744,0,343,-0.148,-0.74,0.603,9.47,-5.65,31.32,R
,474231,737,0,4013,0.00,-0.570,0.531,4.83,-54.16,27.96,R
,474241,739,0,345,-0.029,-0.57,0.479,9.36,-5.00,28.39,R
,474251,755,0,4003,0.03,-0.569,0.381,37.77,-58.14,26.31,R
,474321,763,0,356,0.16,-0.699,0.105,8.92,-17.82,23.64,R
,474371,784,0,4005,0.113,-0.774,0.332,5.35,10.16,10.98,R
,474381,785,0,3842,0.153,-0.779,0.454,-3.72,8.64,6.37,R
,474441,832,0,347,0.166,-0.783,0.660,-13.95,18.71,-8.6,R
,474541,905,0,3845,0.20,-0.702,0.737,-17.17,20.25,-24.7,R
,474591,926,0,381,0.297,-0.648,0.644,-20.39,8.65,-26.2,R
,474601,957,0,3874,0.28,-0.629,0.592,-22.84,6.8,-27.07,R
,474631,976,0,346,0.335,-0.606,0.554,-7.59,5.8,-24.61,R
,474661,976,0,353,0.370,-0.608,0.571,-22.55,11.40,-26.4,R
,474751,1014,0,3961,0.15,-0.57,1.682,25.02,2.55,18.43,R
,474771,1095,0,3952,0.20,-0.59,1.735,.52,-5.5,12.17,R
,474811,1034,0,3957,0.37,-0.60,1.131,27.85,-20.57,18.1,R
,474821,1046,0,3850,0.48,-0.64,1.028,3.03,-2.56,19.32,R
,474841,1033,0,856,0.355,-0.602,0.930,33.24,-22.83,22.4,R
,474851,1046,0,942,0.32,-0.58,0.901,28.40,-33.67,23.58,R
,474861,1045,0,856,0.30,-0.60,0.913,1.57,-44.05,18.06,R
,474871,1041,0,3949,0.34,-0.64,0.902,0.40,-51.23,15.3,R
,474881,1038,0,3856,0.38,-0.66,0.891,7.86,-52.45,16.32,R
,474901,1044,0,860,0.411,-0.61,0.865,37.03,-38.13,24.2,R
,474921,1047,0,856,0.389,-0.57,0.859,31.76,-28.04,33.9,R
,474941,1095,0,3855,0.349,-0.57,0.930,0.08,-3.65,37.58,R
,474991,1019,0,953,0.177,-0.68,1.071,40.43,-57.73,23.4,R
,475001,1022,0,3863,0.19,-0.67,1.028,7.28,-55.43,23.7,R
,475011,1023,0,3951,0.15,-0.65,0.970,0.20,-5.59,23.9,R
,475021,1017,0,3856,0.18,-0.636,0.926,47.80,-48.39,26.5,R
,475081,970,0,3853,0.147,-0.751,0.610,29.97,-62.63,11.5,R
,475151,923,0,349,0.229,-0.645,0.040,11.47,-4.30,6.57,
,475201,1033,0,856,0.234,-0.759,0.158,1.71,3.6,-7.54,R
,475321,1003,0,869,0.239,-0.70,0.773,19.22,43.84,-2595,R
,475331,1003,0,3938,0.244,-0.69,0.785,-24.87,51.22,-2429,R
,475411,958,0,340,0.393,-0.804,0.807,-47.54,32.24,-40.88,R
,475431,967,0,3933,0.518,-0.885,0.812,-53.84,12.48,-53.8,R
,475581,1090,0,3858,0.43,-0.53,1.429,-43.77,-36.77,-74.91,R
,475601,1075,0,3856,0.39,-0.39,1.306,34.32,-4.16,-5.90,R
,475611,1057,0,3951,0.34,-0.30,1.225,36.18,-9.24,-43.58,R
,475631,1044,0,3943,0.332,-0.337,1.034,-39.74,-38.17,-29.14,R
,475681,1040,0,3856,0.31,-0.24,0.763,17.10,-0.30,3.9,R
,475721,1041,0,3843,0.38,-0.30,0.720,4.29,-4.46,35.56,R
,475731,1046,0,3954,0.346,-0.316,0.709,-0.97,-41.18,43.2,R
,475741,1055,0,857,0.38,-0.34,0.717,1.02,-4.37,46.81,R
,475811,1087,0,944,0.32,-0.58,0.834,3.18,-4.92,51.38,R
,475821,1087,0,3847,0.386,-0.601,0.818,17.54,-45.53,50.72,R
,475831,1092,0,3935,0.379,-0.61,0.843,0.19,-4.00,49.6,R
,475851,1062,0,3950,0.484,-0.52,0.791,5.57,-4.75,36.69,R
,475891,1052,0,3966,0.227,-0.68,0.557,2.17,-4.78,33.16,R
,475901,1011,0,854,0.217,-0.69,0.469,8.41,-4.94,33.53,R
,475931,812,0,342,0.17,-0.636,0.156,56.87,-33.14,41.4,R
,476061,816,0,3855,0.292,-0.803,0.103,20.57,38.21,22.57,R
,476131,919,0,3931,0.315,-0.866,0.638,-10.00,43.14,-4.91,R
,476231,1088,0,3935,0.283,-0.783,0.544,-13.23,37.41,-12.55,R
,476261,1111,0,3847,0.327,-0.72,0.503,-21.07,3.74,-15.14,R
,476271,1114,0,950,0.365,-0.76,0.511,20.14,2.80,-21.40,R
,476281,1119,0,3856,0.345,-0.737,0.467,-19.84,24.15,-23.92,R
,476311,1121,0,3945,0.374,-0.60,0.504,29.60,2.55,-2194,R
,476321,1119,0,3857,0.340,-0.73,0.508,29.98,2.70,-2073,R
,476331,1124,0,3948,0.387,-0.75,0.537,27.55,1.46,-27.75,R
,476381,1103,0,3847,0.371,-0.78,0.884,52.14,3.93,-19.20,R
,476391,1094,0,3899,0.374,-0.81,1.044,47.22,3.94,-12.82,R
,476441,1131,0,3852,0.287,-0.857,1.714,-22.01,15.87,0.74,R
,476451,1131,0,934,0.30,-0.846,1.692,-3.55,1.4,-3.10,R
,476471,1136,0,3934,0.449,-0.742,1.347,12.45,-4.83,-7.32,R
,476501,1136,0,3855,0.381,-0.76,1.010,4.55,-1.55,-1.7,R
,476511,1131,0,3952,0.411,-0.73,0.897,7.83,-1.91,-0.1,R
,476531,1131,0,3941,0.397,-0.72,0.775,23.28,-3.81,-2.45,R
,476551,1124,0,3915,0.342,-0.70,0.719,2.84,-3.47,2.92,R
,476571,1123,0,3922,0.39,-0.680,0.677,18.70,-24.46,15.76,R
,476591,1124,0,3922,0.306,-0.67,0.663,5.50,-2.52,23.5,R
,476601,1123,0,3855,0.29,-0.647,0.648,9.99,-25.00,27.24,R
,476621,1121,0,3861,0.276,-0.69,0.634,.47,-3547,29.38,R
,476681,1118,0,3856,0.290,-0.68,0.650,.52,-2320,37.91,R
,476701,1104,0,3856,0.253,-0.71,0.749,2.38,-2.28,35.5,R
,476711,1105,0,925,0.23,-0.730,0.768,2.16,-28.78,35.85,R
,476731,1104,0,3937,0.252,-0.75,0.792,2.02,-3.95,36.60,R
,476761,1104,0,3856,0.288,-0.70,0.823,2.05,-4.61,33.4,R
,476801,1111,0,3856,0.289,-0.72,0.878,7.10,-42.40,28.68,R
,476821,1123,0,3861,0.192,-0.73,0.862,11.90,-39.91,28.66,R
,476841,1106,0,3863,0.167,-0.74,0.773,7.03,-4.01,28.0,R
,476861,1087,0,861,0.11,-0.746,0.638,25.15,-51.24,23.67,R
,476871,1015,0,3920,0.163,-0.71,0.529,8.45,-50.88,19.38,R
,476891,817,0,3939,0.14,-0.733,0.413,35.10,-54.98,14.98,R
,476931,777,0,332,0.22,-0.713,0.088,36.77,-48.89,11.42,R
,476971,752,0,321,0.31,-0.726,-0.018,13.79,-39.99,-4.84,R
,477081,778,0,365,0.21,-0.762,0.532,-1.75,20.94,-0.45,R
,477111,827,0,3907,0.287,-0.853,0.677,-9.19,10.76,-10.2,R
,477151,861,0,3907,0.31,-0.837,0.643,8.06,34.19,-9.58,R
,477261,1040,0,3857,0.318,-0.80,0.623,15.31,3.77,-29.25,R
,477271,1071,0,3925,0.39,-0.786,0.587,-17.45,28.18,-30.45,R
,477351,1178,0,3927,0.292,-0.81,0.652,30.39,850,-40.0,R
,477371,1185,0,3903,0.32,-0.81,0.576,26.99,1.14,-38.16,R
,477381,1191,0,3861,0.323,-0.79,0.573,27.65,2.80,-37.42,R
,477401,1191,0,854,0.35,-0.802,0.544,32.59,30.97,-39.20,R
,477411,1205,0,913,0.341,-0.828,0.543,-34.73,28.24,-4390,R
,477421,1225,0,3858,0.330,-0.82,0.534,36.21,2.17,-48.74,R
,477431,1199,0,3918,0.301,-0.83,0.521,36.46,2.94,-50.79,R
,477441,1206,0,3858,0.304,-0.83,0.517,34.64,2.87,-51.51,R
,477461,1227,0,3863,0.25,-0.786,0.517,-34.96,31.57,-53.02,R
,477481,1232,0,852,0.30,-0.790,0.513,-30.84,36.77,-58.27,R
,477511,1239,0,3908,0.250,-0.72,0.541,36.04,4.00,-56.33,R
,477551,1259,0,3913,0.226,-0.70,0.568,35.30,4.99,-58.81,R
,477581,1251,0,856,0.33,-0.70,0.531,36.62,4.19,-56.12,R
,477601,1334,0,3859,0.23,-0.68,0.531,-35.10,63.32,-54.04,R
,477611,1331,0,3907,0.22,-0.67,0.560,40.53,6.18,-48.12,R
,477631,1326,0,3911,0.19,-0.76,0.660,39.45,5.28,-50.10,R
,477641,1257,0,3858,0.22,-0.704,0.682,-33.62,46.47,-5488,R
,477651,1266,0,3890,0.25,-0.71,0.689,-36.06,50.01,-5386,R
,477681,1360,0,3856,0.349,-0.71,0.792,20.10,8.02,-46.21,R
,477711,1280,0,3895,0.271,-0.55,0.989,1.54,12.37,-39.87,R
,477741,1293,0,3868,0.111,-0.42,1.249,7.25,12.44,-43.23,R
,477751,1292,0,3903,0.059,-0.34,1.338,5.07,12.77,-43.31,R
,477761,1262,0,3869,0.024,-0.31,1.451,9.67,12.28,-38.62,R
,477831,1079,0,3905,-0.47,-0.17,1.446,215.77,166.09,1.04,R
,477891,715,0,301,-0.209,-0.022,1.055,96.51,16.24,90.87,R
,477901,757,0,392,-0.129,-0.00,0.925,03.50,21.98,95.93,R
,477911,739,0,3903,-0.23,-0.105,0.858,292.64,15.67,99.42,R
,477941,742,0,3888,-0.19,-0.006,0.775,269.79,19.98,100.22,R
,477991,942,0,3898,-0.16,-0.00,0.791,217.86,154.71,11.13,R
,478091,891,0,3905,-0.23,0.323,0.957,71.64,85.8,53.56,R
,478111,880,0,3887,-0.20,0.304,0.959,66.11,93.0,50.72,R
,478131,885,0,3875,-0.20,0.364,0.938,53.91,107.34,49.5,R
,478191,976,0,3904,-0.42,0.395,1.084,-6.50,42.44,-14.61,R
,478281,1039,0,3875,-0.61,0.47,0.924,5.46,-1.59,-11.02,R
,478671,548,0,3877,-0.607,0.423,0.738,-18.52,1.28,-13.05,R
,478871,487,0,3894,-0.618,0.322,0.771,-54.07,7.14,15.04,R
,478941,421,0,319,-0.635,0.342,0.696,-29.81,-6.40,-1.83,R
,479061,446,0,3915,-0.587,0.316,0.710,-8.38,-23.23,-1088,R
,479221,1097,0,946,-0.604,0.20,0.767,.26,11.34,-14.27,R
,479251,1196,0,3873,-0.55,0.141,0.738,1.16,0.15,-12.90,R
,479261,1307,0,3972,-0.505,0.104,0.765,7.94,4.76,-12.32,R
,479331,1885,0,875,-0.716,0.39,0.818,12.43,1.67,-1694,R
,479341,1951,0,3965,-0.741,0.32,0.860,13.80,1.33,-17.39,R
,479351,1984,0,873,-0.709,0.25,0.896,1.06,8.56,-12.81,R
,479391,2091,0,867,-0.622,0.29,0.718,5.85,20.36,-8.10,R
,479421,2144,0,979,-0.16,0.34,0.738,2.75,1922,-23.8,R
,479511,1923,0,869,-0.366,0.29,0.439,.57,29.64,-17.25,R
,479531,1906,0,867,-0.631,0.27,0.615,1.07,27.51,-9.90,R
,479551,1874,0,870,-0.730,0.27,0.646,7.38,16.25,-6.42,R
,479571,1745,0,3866,-0.31,0.24,0.749,1.67,2402,-7.51,R
,479591,1501,0,849,-0.805,0.29,0.760,29.21,2708,-8.7,R
,479611,1403,0,874,-0.757,0.20,0.756,21.30,-181,-8.0,R
,479631,1369,0,3866,-0.609,0.20,0.631,26.84,-871,-10.6,R
,479641,1355,0,4010,-0.70,0.22,0.564,5.97,-088,-10.16,R
,479661,1358,0,3994,-0.67,0.24,0.557,0.00,1.03,-0.78,R
,479671,1230,0,868,-0.532,0.22,0.541,4.09,2.96,5.82,R
,479691,1121,0,3870,-0.569,0.250,0.695,2.17,1566,13.0,R
,479701,1141,0,968,-0.588,0.24,0.763,7.57,23.86,12.14,R
,479711,1150,0,3863,-0.651,0.33,0.748,4.45,3453,15.2,R
,479721,1171,0,3973,-0.54,0.36,0.776,1.50,3841,17.85,R
,479741,1122,0,3986,-0.813,0.47,0.614,0.41,3294,19.47,R
,479751,1085,0,864,-0.808,0.48,0.636,0.23,21.84,14.80,R
,479761,1120,0,002,-0.822,0.46,0.607,.91,9.0,14.71,R
,479771,1131,0,869,-0.776,0.43,0.548,4.81,-217,16.90,R
,479781,1121,0,3975,-0.82,0.423,0.552,-15.74,-5.00,18.28,R
,479801,1143,0,968,-0.627,0.36,0.551,30.82,-.87,21.8,R
,479841,1409,0,973,-0.12,0.34,0.540,32.06,2.32,36.5,R
,479861,1436,0,3953,-0.720,0.37,0.624,36.91,41.20,41.16,R
,479881,1392,0,3948,-0.90,0.398,0.624,-39.52,36.30,41.87,R
,479901,1341,0,3946,-0.63,0.380,0.625,-32.18,23.70,35.87,R
,479921,1236,0,3969,-0.733,0.40,0.530,27.68,1.35,21.00,R
,479941,1070,0,3987,-0.785,0.39,0.591,29.23,2.99,15.44,R
,479951,909,0,3862,-0.81,0.367,0.588,-37.22,19.03,15.44,R
,479991,763,0,3875,-0.69,0.196,0.651,-1.11,29.72,-0.30,R
,480051,892,0,369,-0.80,0.454,0.568,-32.04,56.31,18.77,R
,480081,907,0,366,-0.88,0.464,0.525,-59.78,31.87,25.15,R
,480151,947,0,3858,-0.785,0.363,0.614,-57.92,26.76,22.92,R
,480181,1037,0,3984,-0.45,0.30,0.660,52.55,-2.42,40.89,R
,480191,1015,0,862,-0.87,0.301,0.643,-45.62,-4.17,44.32,R
,480271,1303,0,3861,-0.736,0.31,0.964,63.65,-2.01,37.04,R
,480281,1333,0,075,-0.96,0.321,0.959,-60.20,-18.89,41.39,R
,480291,1392,0,3856,-0.72,0.34,0.952,60.85,-18.72,43.13,R
,480301,1283,0,4077,-0.643,0.36,0.877,69.43,-6.33,43.87,R
,480331,1141,0,856,-0.60,0.299,1.014,-100.75,-23.72,38.37,R
,480341,1111,0,4062,-0.677,0.30,1.033,99.30,-8.01,4089,R
,480351,1146,0,857,-0.23,0.35,1.045,95.25,-12.17,44.29,R
,480361,1137,0,4029,-0.819,0.44,0.887,98.76,-0.97,4713,R
,480371,1136,0,3854,-0.691,0.27,1.091,91.84,-34.01,37.45,R
,480381,1117,0,014,-0.53,0.31,1.054,104.07,-55.53,17.33,R
,480391,1074,0,3853,-0.637,0.24,1.001,131.10,83.46,-.96,R
,480401,1084,0,4038,-0.40,0.24,1.094,156.97,-104.20,-12.45,R
,480411,1088,0,3840,-0.739,0.20,1.003,166.36,119.81,8.50,R
,480421,1094,0,038,-0.36,0.120,1.123,-148.27,-126.01,7.83,R
,480441,1040,0,4033,-0.644,0.20,0.992,133.91,-121.94,-22.71,R
,480551,824,0,351,-0.58,-0.03,1.061,163.80,173.94,-24.13,R
,480591,801,0,3855,-0.497,-0.00,0.884,96.43,-36.19,-0.99,R
,480641,803,0,4095,-0.330,-0.162,0.723,-98.62,-112.14,-7.31,R
,480651,790,0,3851,-0.366,-0.160,0.719,-93.89,-103.50,2.84,R
,480671,767,0,3859,-0.258,-0.23,0.696,70.59,-1.79,20.57,R
,480711,720,0,3850,-0.19,-0.24,0.622,58.96,-43.53,18.26,R
,480721,720,0,4095,-0.162,-0.29,0.626,60.36,-3.55,14.74,R
,480731,663,0,350,-0.19,-0.310,0.652,-58.67,-43.96,13.19,R
,480751,601,0,3843,-0.172,-0.34,0.654,50.64,-2.01,13.61,R
,480761,613,0,4095,-0.157,-0.36,0.696,40.65,-0.80,1529,R
,480771,667,0,3840,-0.128,-0.37,0.694,34.75,-8.63,1316,R
,480781,708,0,4095,-0.107,-0.38,0.681,30.30,-6.19,12.16,R
,480791,717,0,3847,-0.077,-0.38,0.667,26.21,-9.29,12.69,R
,480831,735,0,3850,-0.01,-0.36,0.707,20.44,-10.40,15.61,R
,480841,723,0,4095,-0.03,-0.36,0.725,17.34,-.85,16.90,R
,480861,733,0,4095,-0.079,-0.39,0.761,6.75,-10.78,17.07,R
,480871,739,0,3840,-0.060,-0.41,0.770,2.04,-11.90,14.32,R
,480881,741,0,495,-0.02,-0.41,0.777,.11,-1136,12.5,R
,480931,746,0,3849,-0.072,-0.43,0.816,.60,-5.3,6.48,
,480951,720,0,3843,-0.052,-0.45,0.843,.60,-1.8,9.44,
,480961,695,0,495,-0.02,-0.45,0.831,.33,-3.50,8.63,R
,480991,710,0,3841,-0.022,-0.440,0.806,-2.58,-2.22,1.45,R
,481001,721,0,495,-0.01,-0.44,0.817,10.73,-.76,-1.29,R
,481011,723,0,3847,-0.070,-0.46,0.816,15.86,-2.36,-1.69,R
,481021,711,0,4095,-0.09,-0.48,0.823,15.57,-.91,0.3,R
,481041,675,0,495,-0.07,-0.46,0.806,12.85,-.43,0.3,R
,481091,637,0,3845,-0.053,-0.584,0.809,-31.33,-20.75,-2.35,R
,481121,506,0,4095,-0.040,-0.673,0.816,6.00,-5.79,-16.15,R
,481171,592,0,3840,-0.038,-0.509,0.640,12.17,23.90,-19.92,R
,481181,591,0,495,-0.05,-0.54,0.650,4.53,1770,-27.3,R
,481191,615,0,3842,0.010,-0.584,0.640,-2.27,8.88,-31.32,R
,481221,627,0,4091,0.089,-0.655,0.719,-37.84,0.6,-32.38,R
,481231,624,0,3850,0.076,-0.719,0.759,-31.22,7.43,-33.28,R
,481261,629,0,4046,-0.014,-0.657,0.767,12.90,36.65,-38.32,R
,481291,631,0,3849,-0.111,-0.605,0.789,-38.14,55.86,-35.52,R
,481411,784,0,3854,0.171,-0.714,0.911,-48.53,26.79,-36.73,R
,481451,855,0,3850,0.137,-0.641,1.306,-21.83,17.49,-43.71,R
,481491,650,0,3849,0.036,-0.543,1.651,-14.73,20.50,-22.16,R
,481501,656,0,4089,0.018,-0.560,1.708,-9.22,4.71,-26.87,R
,481561,599,0,4095,0.116,-0.468,1.189,8.89,-16.6,-6.33,R
,481601,610,0,4095,0.086,-0.477,1.013,7.32,-36.82,0.95,
,481701,594,0,495,0.03,-0.554,0.958,5.71,-46.5,25.61,R
,481721,608,0,4095,0.073,-0.596,0.937,312,-62.10,15.35,R
,481761,611,0,4095,-0.021,-0.637,0.937,8.35,-5533,16.95,R
,481771,609,0,3849,-0.06,-0.63,0.891,6.08,-47.99,22.43,R
,481781,599,0,4095,-0.048,-0.639,0.859,26.80,-42.16,28.00,R
,481821,576,0,4095,-0.025,-0.556,0.567,4.43,-43.01,23.13,R
,481831,455,0,3856,-0.00,-0.54,0.478,9.32,-50.69,19.91,R
,481991,410,0,3841,0.06,-0.606,0.543,-12.35,3151,-5.3,R
,482011,442,0,3841,0.124,-0.649,0.566,-11.13,3273,-9.52,R
,482021,459,0,4095,0.086,-0.633,0.610,-3.33,35.77,-11.4,R
,482061,434,0,4095,0.130,-0.681,0.751,-19.52,2598,-27.05,R
,482101,462,0,4095,0.068,-0.646,0.807,-11.31,5235,-12.7,R
,482241,614,0,4095,0.28,-0.683,0.718,-53.78,-1.78,-45.07,R
,482341,642,0,4078,0.148,-0.625,1.555,-37.02,1825,-30.99,R
,482351,645,0,3846,0.179,-0.651,1.635,-22.73,1767,-27.6,R
,482401,549,0,4095,0.277,-0.441,1.276,5.47,3.25,-3.78,R
,482411,551,0,3851,0.269,-0.494,1.338,0.26,-14.7,-10.24,R
,482421,496,0,4095,0.225,-0.509,1.212,-4.00,-21.07,-7.84,R
,482451,543,0,3849,0.312,-0.539,1.109,9.41,-40.40,-3.74,R
,482691,467,0,3839,0.04,-0.513,0.504,56.32,-5065,28.68,R
,482751,257,0,349,0.045,-0.514,0.325,7.67,4.8,38.26,
,482861,455,0,4095,0.192,-0.667,0.693,56.69,52.94,18.23,R
,482951,452,0,343,0.119,-0.625,0.837,2.87,35.69,-26.91,R
,482991,449,0,342,0.056,-0.504,0.858,10.51,51.64,-39.92,R
,483011,439,0,3840,-0.06,-0.47,0.845,.65,64.12,-35.83,R
,483031,434,0,3838,0.072,-0.497,0.873,-9.75,53.43,-36.76,R
,483111,683,0,3850,0.082,-0.466,0.820,-20.23,61.35,-43.10,R
,483121,683,0,485,0.080,-0.484,0.783,-26.53,57.44,-44.90,R
,483131,688,0,3839,0.166,-0.540,0.782,-27.97,41.02,-47.39,R
,483151,715,0,344,0.202,-0.513,0.731,-37.46,15.02,-52.84,R
,483171,727,0,3840,0.29,-0.553,0.697,-37.16,23.18,-47.08,R
,483221,723,0,4083,0.231,-0.571,1.233,-46.68,20.15,-64.18,R
,483311,666,0,3845,0.176,-0.313,1.739,-0.15,-0.07,-3.13,R
,483361,631,0,4053,0.227,-0.365,1.231,12.11,-29.40,3.38,R
,483381,635,0,4058,0.21,-0.334,1.117,380,-35.49,10.42,R
,483401,633,0,4064,0.20,-0.362,1.050,-4.46,-41.72,13.07,R
,483411,625,0,3850,0.215,-0.392,1.068,-3.91,-40.11,14.13,R
,483581,627,0,4071,-0.09,-0.486,0.939,11.18,-59.70,26.42,R
,483591,611,0,340,-0.061,-0.51,0.914,14.84,-66.85,26.34,R
,483611,329,0,3833,-0.08,-0.52,0.796,6.57,-7.85,26.93,R
,483621,342,0,4053,-0.01,-0.51,0.763,29.19,-74.01,26.17,R
,483641,362,0,4095,-0.00,-0.49,0.582,4.70,-66.98,25.18,R
,483651,147,0,3840,-0.01,-0.50,0.504,7.73,-63.52,24.63,R
,483671,0,0,3840,0.064,0.443,0393,37.6,-58.22,23.39,R
,483691,202,0,338,0.134,-0.486,0.275,6.66,-53.64,17.24,R
,483801,208,0,4074,0.021,-0.538,0.611,-22.17,30.74,3.41,R
,484071,638,0,337,0.300,-0.602,0.718,-42.32,-0.66,-56.16,R
,484651,674,0,3835,0.095,-0.613,0.525,56.19,48.70,18.78,R
,484671,704,0,3839,0.175,-0.581,0.561,5.75,76.70,9.96,R
,484711,691,0,3840,0.10,-0.622,0.730,22.55,72.8,-23.5,R
,484801,671,0,3995,-0.044,-0.588,0.961,5.90,80.44,-51.9,R
,484881,733,0,3993,-0.044,-0.438,0.860,-18.10,6.78,-7050,R
,484891,694,0,339,-0.01,-0.436,0.881,-23.80,6.58,-62.84,R
,484981,848,0,4010,0.130,-0.340,1.039,-45.34,4900,-45.14,R
,484991,889,0,3830,0.107,-0.368,1.223,-50.00,5746,-44.99,R
,485031,900,0,3840,-0.01,-0.37,1.816,22.97,38.53,-17.77,R
,485041,912,0,4014,-0.15,-0.31,1.890,12.94,27.87,-1719,R
,485051,922,0,3836,-0.100,-0.27,1.943,-7.45,1943,-17.7,R
,485061,897,0,414,-0.13,-0.27,1.859,2.35,10.74,-7.10,R
,485261,751,0,3978,-0.058,-0.337,1.063,16.41,-3.57,43.9,R
,485271,714,0,3839,-0.09,-0.373,1.089,12.55,-3.01,39.4,R
,485301,830,0,3996,-0.151,-0.392,1.072,0.81,-34.22,44.6,R
,485321,834,0,3998,-0.15,-0.379,1.062,0.35,-27.47,49.9,R
,485341,843,0,4013,-0.184,-0.38,1.021,25.97,-31.78,37.01,R
,485351,830,0,3840,-0.24,-0.391,0.988,26.86,-3.82,35.9,R
,485361,826,0,4000,-0.236,-0.405,0.940,0.75,-43.81,35.4,R
,485381,736,0,3991,-0.25,-0.41,0.850,9.10,-49.72,38.02,R
,485431,656,0,339,-0.03,-0.39,0.474,9.56,-49.15,25.5,R
,485501,491,0,3948,-0.05,-0.44,0.393,7.49,-053,15.1,R
,485511,406,0,3843,-0.070,-0.463,0.418,-0.53,1349,19.71,R
,485541,562,0,3983,-0.09,-0.44,0.569,8.46,33.77,12.16,R
,485571,609,0,3839,-0.137,-0.390,0.661,-15.30,5.59,3.39,R
,485581,621,0,3966,-0.10,-0.42,0.747,31.63,52.57,-1.5,R
,485621,624,0,3973,-0.12,-0.48,0.933,19.54,37.34,-1007,R
,485641,615,0,3976,-0.19,-0.48,0.976,8.70,29.37,-25.05,R
,485661,625,0,398,-0.131,-0.468,0.938,-2.64,3610,-12.3,R
,485711,627,0,3850,-0.03,-0.46,0.937,26.44,4.90,-3450,R
,485721,654,0,3959,-0.01,-0.46,0.936,30.10,40.68,-4171,R
,485741,693,0,3970,-0.12,-0.46,0.907,33.69,36.44,-42.76,R
,485751,691,0,347,-0.19,-0.47,0.927,36.04,36.16,-39.83,R
,485761,710,0,3970,-0.02,-0.485,0.946,-35.66,3.96,-38.55,R
,485791,741,0,3846,-0.071,-0.480,0.945,-32.91,3.11,-4687,R
,485811,733,0,3847,-0.09,-0.44,0.888,31.11,21.87,-48.84,R
,485841,684,0,3981,0.019,-0.448,0.831,-31.43,-1.98,-58.44,R
,485901,529,0,333,-0.085,-0.37,1.305,-49.05,3.18,-45.49,R
,485931,574,0,3843,-0.271,-0.374,1.618,-21.59,4.49,-17.83,R
,485951,590,0,3843,-0.247,-0.336,1.683,-7.81,1694,-17.51,R
,486031,585,0,3839,-0.09,-0.355,1.135,16.06,-17.58,-1.71,R
,486061,589,0,3958,-0.01,-0.34,1.017,13.70,-24.11,6.55,R
,486101,580,0,3966,-0.08,-0.39,1.018,5.88,-29.99,19.3,R
,486121,511,0,3984,-0.023,-0.386,1.023,22.43,-2.29,25.39,R
,486171,511,0,3826,-0.06,-0.42,1.018,8.90,-24.27,32.7,R
,486201,509,0,3984,-0.11,-0.43,1.030,7.38,-25.93,30.03,R
,486211,511,0,3839,-0.19,-0.45,0.997,7.80,-2.74,29.9,R
,486231,496,0,3849,-0.143,-0.45,0.973,5.74,-3.81,31.3,R
,486241,502,0,3950,-0.10,-0.45,0.946,0.19,-3.23,29.88,R
,486251,453,0,3837,-0.147,-0.463,0.907,31.54,-36.66,27.55,R
,486291,368,0,3838,-0.077,-0.489,0.665,5.24,-3.26,22.5,R
,486301,363,0,3969,-0.06,-0.48,0.607,3.24,-3.70,21.8,R
,486311,371,0,3841,-0.07,-0.48,0.581,0.05,-28.39,19.1,R
,486401,414,0,3967,-0.073,-0.548,0.676,-5.13,-3.81,-14.1,R
,486411,421,0,3842,-0.10,-0.47,0.654,.45,5.44,-7.90,
,486421,425,0,3953,-0.12,-0.488,0.689,9.93,16.88,0.74,R
,486431,426,0,3853,-0.10,-0.41,0.707,.70,29.96,0.43,R
,486451,405,0,343,-0.164,-0.436,0.748,-9.45,31.08,-5.13,R
,486461,326,0,3947,-0.16,-0.44,0.784,15.80,2.65,-6.19,R
,486471,320,0,3851,-0.16,-0.48,0.823,17.14,1.62,-9.5,R
,486491,325,0,3836,-0.18,-0.48,0.882,-12.85,11.81,-18.15,R
,486521,434,0,3959,-0.12,-0.46,0.896,-14.75,29.99,-14.91,R
,486531,461,0,3853,-0.18,-0.47,0.894,16.91,3.64,-15.63,R
,486551,498,0,3834,-0.01,-0.49,0.902,17.13,2.96,-2113,R
,486561,528,0,3956,-0.09,-0.48,0.907,-19.31,22.27,-26.97,R
,486581,601,0,3947,-0.14,-0.50,0.899,18.76,2.00,-31.74,R
,486601,593,0,357,-0.16,-0.48,0.903,23.26,2.47,-27.07,R
,486611,608,0,3840,-0.16,-0.49,0.916,27.63,2.64,-27.92,R
,486621,656,0,352,-0.067,-0.544,0.916,-29.07,23.51,-30.09,R
,486631,672,0,3841,-0.04,-0.54,0.877,27.65,1.05,-31.83,R
,486641,624,0,3952,-0.050,-0.539,0.862,-22.87,17.32,-31.26,R
,486661,687,0,3936,-0.00,-0.497,0.787,20.00,13.25,-32.47,R
,486731,752,0,3843,0.10,-0.430,0.664,-30.15,19.05,-42.36,R
,486741,739,0,355,0.106,-0.453,0.771,-39.01,22.91,-43.80,R
,486761,734,0,3937,-0.09,-0.43,1.029,42.23,2.57,-3236,R
,486791,773,0,3839,-0.14,-0.40,1.507,43.54,39.49,-15.51,R
,486841,816,0,3925,-0.17,-0.28,1.761,3.39,-9.20,-13.9,R
,486951,784,0,338,0.037,-0.355,1.041,16.14,-32.37,17.6,R
,486971,727,0,3843,-0.04,-0.35,1.036,3.74,-2.55,25.0,R
,486991,765,0,349,-0.035,-0.394,1.042,7.45,-29.17,34.90,R
,487001,763,0,3910,-0.07,-0.42,1.040,0.00,-3.10,38.5,R
,487011,768,0,349,-0.03,-0.42,1.037,4.28,-33.40,42.35,R
,487041,767,0,335,-0.06,-0.40,1.031,0.02,-2.84,43.3,R
,487061,758,0,3934,-0.057,-0.41,1.031,4.34,-2.24,39.2,R
,487111,687,0,3851,-0.14,-0.48,1.001,2.40,-42.85,37.59,R
,487161,640,0,3920,-0.13,-0.49,0.678,8.60,-3.14,34.0,R
,487181,681,0,3920,-0.10,-0.46,0.548,3.62,-2.71,37.2,R
,487231,595,0,353,0.02,-0.550,0.328,4.46,-31.27,7.74,
,487261,592,0,3918,-0.012,-0.575,0.406,-1.69,12.48,15.41,R
,487281,588,0,3919,-0.00,-0.54,0.506,.89,35.2,9.01,
,487291,621,0,3859,-0.12,-0.54,0.560,.29,37.41,3.27,R
,487301,611,0,3929,-0.074,-0.56,0.635,.17,31.63,-5.97,R
,487321,609,0,3920,-0.19,-0.53,0.684,11.88,1.23,-1424,R
,487361,601,0,3909,-0.104,-0.524,0.862,-13.54,25.98,-18.84,R
,487371,685,0,356,-0.13,-0.50,0.874,9.63,36.02,-20.84,R
,487381,688,0,3920,-0.17,-0.49,0.865,9.36,37.41,-25.05,R
,487401,667,0,308,-0.17,-0.47,0.853,16.55,34.68,-28.68,R
,487411,673,0,3844,-0.105,-0.50,0.869,22.10,29.18,-29.87,R
,487421,669,0,3911,-0.06,-0.49,0.877,23.45,2.66,-3450,R
,487451,672,0,3856,-0.03,-0.49,0.884,16.87,27.17,-39.83,R
,487471,684,0,3863,-0.06,-0.48,0.887,20.43,28.60,-41.63,R
,487481,660,0,307,-0.08,-0.48,0.877,-22.41,25.80,-42.18,R
,487511,645,0,3867,0.01,-0.476,0.821,-27.84,19.18,-43.3,R
,487561,643,0,3904,0.064,-0.432,0.757,-0.15,26.91,-47.61,R
,487581,629,0,314,0.02,-0.412,0.893,-33.65,39.81,-37.13,R
,487641,587,0,3904,-0.161,-0.355,1.529,-27.36,4.82,-1274,R
,487661,593,0,3899,-0.151,-0.324,1.615,-12.53,26.97,-6.00,R
,487701,589,0,309,-0.00,-0.32,1.423,.37,-6.62,-3.89,R
,487761,434,0,3898,0.031,-0.366,1.092,1.19,-23.93,4.92,R
,487851,307,0,371,-0.02,-0.41,1.064,1.04,-32.16,26.03,R
,487861,293,0,3899,-0.017,-0.407,1.058,20.77,-3.20,28.8,R
,487881,313,0,399,-0.03,-0.41,1.078,7.09,-33.75,29.30,R
,487891,317,0,3859,-0.02,-0.42,1.068,6.23,-34.01,30.05,R
,487911,316,0,3862,-0.082,-0.39,1.094,8.93,-29.55,33.38,R
,487941,399,0,3905,-0.169,-0.40,1.103,9.73,-2.44,32.8,R
,487961,457,0,3920,-0.220,-0.418,1.077,6.89,-32.66,33.99,R
,487971,409,0,3895,-0.29,-0.42,1.029,1.19,-36.57,35.65,R
,487991,399,0,3883,-0.12,-0.43,0.948,6.80,-42.28,36.17,R
,488021,506,0,3910,-0.118,-0.451,0.796,36.51,-35.17,36.6,R
,488031,537,0,3861,-0.192,-0.40,0.786,0.03,-30.60,37.09,R
,488051,559,0,3873,-0.05,-0.48,0.700,3.38,-33.40,28.52,R
,488061,592,0,3909,-0.068,-0.48,0.641,4.83,-43.30,23.64,R
,488071,578,0,3872,-0.15,-0.57,0.583,0.52,-49.58,21.61,R
,488171,676,0,3887,-0.01,-0.59,0.509,.64,20.97,-11.7,R
,488181,679,0,303,-0.04,-0.58,0.548,.70,24.96,-7.84,R
,488191,683,0,305,-0.04,-0.52,0.578,0.25,28.57,-10.1,R
,488211,699,0,3920,-0.081,-0.487,0.648,-11.28,3.09,-2262,R
,488241,709,0,3888,-0.134,-0.483,0.830,-21.60,2.12,-2380,R
,488271,695,0,3907,-0.07,-0.44,0.901,12.56,28.57,-27.83,R
,488281,708,0,3889,-0.079,-0.442,0.891,-15.10,29.66,-30.09,R
,488291,714,0,3898,-0.014,-0.473,0.908,11.84,3.21,-3029,R
,488311,741,0,3869,-0.09,-0.40,0.877,17.45,41.43,-24.71,R
,488321,714,0,388,-0.05,-0.39,0.902,20.41,48.10,-22.76,R
,488381,688,0,3883,-0.00,-0.43,0.965,22.39,31.61,-34.45,R
,488391,687,0,3914,-0.023,-0.419,0.972,-24.52,3.13,-34.61,R
,488401,689,0,3885,-0.030,-0.434,0.954,-24.58,3.10,-34.38,R
,488421,688,0,3883,0.025,-0.434,0.935,-17.40,2515,-34.47,R
,488431,643,0,3937,0.054,-0.423,0.875,-12.82,2201,-37.34,R
,488481,529,0,3879,0.157,-0.317,0.847,-26.49,32.60,-37.02,R
,488511,503,0,3906,-0.038,-0.38,1.170,30.23,39.52,-28.50,R
,488521,588,0,3872,-0.01,-0.29,1.325,33.52,33.81,-27.31,R
,488531,511,0,3922,-0.10,-0.38,1.398,27.95,30.74,-1951,R
,488591,606,0,323,-0.04,-0.29,1.528,.88,-5.21,-3.26,R
,488611,625,0,3926,-0.033,-0.309,1.324,6.51,-1306,0.20,R
,488731,577,0,3922,0.017,-0.414,0.997,18.11,-24.04,25.42,R
,488771,578,0,3919,-0.000,-0.385,1.001,19.51,-18.14,31.04,R
,488841,590,0,374,-0.09,-0.42,1.083,7.36,-22.78,30.3,R
,488891,637,0,3982,-0.119,-0.444,0.971,27.85,-27.91,21.64,R
,488901,605,0,3874,-0.12,-0.45,0.941,8.19,-27.04,20.5,R
,488931,496,0,3949,-0.090,-0.477,0.784,35.99,-2.98,17.4,R
,488941,499,0,3866,-0.086,-0.464,0.732,36.34,-2.72,13.99,R
,488951,451,0,3904,-0.04,-0.46,0.680,4.63,-22.63,11.73,R
,488971,496,0,3979,-0.03,-0.46,0.584,9.56,-21.30,7.9,R
,488981,499,0,356,-0.030,-0.456,0.542,22.60,-18.10,6.84,R
,489011,448,0,3943,-0.029,-0.465,0.530,2.41,-2.04,-0.59,R
,489031,405,0,3967,-0.06,-0.49,0.576,.53,2.2,-5.57,
,489041,435,0,3879,-0.07,-0.46,0.600,.51,5.89,-6.21,
,489061,497,0,3876,-0.00,-0.41,0.626,.42,16.82,-7.78,R
,489101,526,0,3868,-0.05,-0.40,0.783,22.26,2.31,-17.63,R
,489111,497,0,3968,-0.123,-0.407,0.824,-22.81,19.99,-18.53,R
,489121,511,0,354,-0.089,-0.448,0.861,-20.84,16.47,-21.16,R
,489131,540,0,3974,-0.098,-0.406,0.879,-17.14,16.33,-23.32,R
,489141,585,0,3877,-0.097,-0.392,0.915,-14.67,2.07,-23.31,R
,489161,621,0,3846,-0.13,-0.37,0.929,20.43,33.25,-19.66,R
,489181,586,0,3869,-0.15,-0.37,0.959,26.56,3.92,-1798,R
,489191,578,0,3906,-0.08,-0.39,0.978,27.28,32.93,-21.10,R
,489211,580,0,357,-0.119,-0.415,0.993,-22.36,27.28,-24.61,R
,489221,609,0,3867,-0.083,-0.412,0.968,14.41,25.26,-24.64,R
,489241,623,0,3862,-0.03,-0.36,0.894,12.85,26.57,-25.31,R
,489251,570,0,3970,-0.02,-0.38,0.863,17.54,25.28,-25.20,R
,489321,623,0,3871,0.060,-0.438,0.721,-21.84,11.25,-32.52,R
,489401,753,0,371,0.048,-0.446,0.733,-29.43,19.08,-45.13,R
,489431,784,0,3985,-0.04,-0.36,1.438,32.58,40.15,-1853,R
,489441,779,0,3863,-0.13,-0.37,1.675,29.72,45.78,-10.48,R
,489481,819,0,3856,-0.24,-0.31,2.000,1.71,9.93,2.10,R
,489511,830,0,4007,-0.08,-0.308,1.682,15.19,-2.15,9.0,R
,489521,816,0,370,-0.041,-0.32,1.441,7.65,-27.36,14.61,R
,489681,772,0,369,0.010,-0.388,1.073,1.61,-3900,47.36,R
,489691,762,0,414,-0.035,-0.378,1.074,2.17,-4.88,43.10,R
,489731,799,0,4037,-0.15,-0.39,1.108,4.77,-53.82,35.7,R
,489741,793,0,3861,-0.13,-0.40,1.099,8.12,-56.88,35.12,R
,489761,816,0,374,-0.089,-0.393,1.045,35.38,-61.82,33.96,R
,489771,818,0,4038,-0.19,-0.38,0.993,1.39,-60.49,34.4,R
,489801,912,0,3862,-0.01,-0.398,0.792,46.49,-54.22,26.2,R
,489821,912,0,3863,-0.09,-0.41,0.604,40.61,-48.53,19.59,R
,489841,912,0,3859,-0.022,-0.395,0.439,28.25,-29.24,21.99,R
,489851,927,0,448,-0.031,-0.399,0.427,17.83,-21.78,16.89,R
,489881,903,0,3859,-0.00,-0.54,0.351,-0.18,-33.55,5.91,R
,489891,912,0,4065,-0.02,-0.52,0.318,1.88,-24.83,10.46,R
,489911,941,0,453,-0.049,-0.516,0.421,9.51,2.01,1.58,R
,489941,978,0,3859,-0.00,-0.45,0.539,.98,21.0,-3.17,R
,489961,944,0,357,-0.036,-0.410,0.639,-2.32,21.00,-14.21,R
,489971,946,0,4047,-0.02,-0.41,0.666,15.51,1.55,-1870,R
,489981,951,0,356,-0.094,-0.41,0.704,-21.07,10.88,-16.79,R
,489991,978,0,4012,-0.06,-0.43,0.747,20.93,10.47,-15.87,R
,490001,978,0,3855,-0.04,-0.41,0.767,18.32,1.38,-16.32,R
,490011,978,0,4038,-0.08,-0.40,0.795,-15.36,26.42,-16.12,R
,490021,976,0,3857,-0.07,-0.38,0.822,13.10,3.22,-15.83,R
,490071,963,0,4016,-0.06,-0.42,0.964,35.75,33.69,-22.73,R
,490081,957,0,352,-0.059,-0.44,1.003,-35.34,27.18,-23.42,R
,490101,912,0,3858,-0.00,-0.46,0.994,25.78,2.94,-25.75,R
,490111,853,0,4033,-0.02,-0.44,0.976,22.94,28.48,-24.67,R
,490121,823,0,3854,-0.06,-0.43,0.946,20.81,2.12,-2447,R
,490151,801,0,3998,0.11,-0.448,0.817,-25.63,16.47,-31.66,R
,490171,819,0,425,0.153,-0.434,0.733,-25.72,25.02,-28.78,R
,490281,900,0,3882,-0.00,-0.39,1.594,40.52,5.35,2.9,R
,490291,934,0,4054,-0.105,-0.362,1.681,-28.30,49.47,3.59,R
,490301,922,0,3856,-0.11,-0.33,1.753,20.43,34.71,2.10,R
,490311,913,0,4046,-0.14,-0.31,1.798,16.76,18.28,0.64,R
,490321,909,0,3854,-0.07,-0.32,1.769,13.66,256,-0.68,R
,490331,912,0,4049,-0.03,-0.33,1.737,9.59,-271,0.39,R
,490341,912,0,350,-0.06,-0.35,1.618,-0.20,-0.31,5.82,R
,490381,814,0,351,0.07,-0.325,1.210,22.92,-24.17,3.35,R
,490511,741,0,4075,0.056,-0.341,0.975,25.12,-32.27,23.9,R
,490541,763,0,353,-0.08,-0.33,1.003,7.35,-11.40,34.98,R
,490571,716,0,4095,-0.111,-0.429,1.044,15.06,-31.56,27.67,R
,490611,784,0,4095,-0.05,-0.42,0.909,2.02,-5.02,24.8,R
,490631,737,0,4095,-0.05,-0.44,0.784,1.35,-42.89,22.81,R
,490661,749,0,3841,-0.031,-0.459,0.599,35.61,-2.85,21.1,R
,490691,758,0,462,-0.07,-0.47,0.512,8.86,-4.02,11.73,R
,490711,759,0,4077,-0.01,-0.51,0.512,-0.38,-6.83,6.55,R
,490721,742,0,3846,-0.027,-0.514,0.522,1.38,-1.64,6.25,R
,490731,733,0,4070,-0.03,-0.50,0.522,0.61,6.2,5.44,R
,490761,752,0,3850,-0.13,-0.51,0.732,.18,21.4,5.07,
,490781,758,0,3853,-0.117,-0.449,0.773,-9.07,2460,-3.7,R
,490791,758,0,489,-0.13,-0.46,0.804,-10.94,19.28,-5.1,R
,490811,767,0,4095,-0.084,-0.44,0.827,-11.75,12.91,-5.40,R
,490851,778,0,4095,-0.01,-0.42,0.858,-18.78,29.80,-12.87,R
,490871,784,0,494,-0.075,-0.435,0.888,-23.40,32.42,-1452,R
,490891,785,0,4085,-0.076,-0.44,0.887,-23.11,30.50,-18.85,R
,490901,788,0,3849,-0.060,-0.45,0.883,-22.10,27.49,-22.09,R
,490911,790,0,4019,-0.02,-0.44,0.879,23.16,2.03,-23.87,R
,490921,787,0,3826,-0.050,-0.445,0.866,-23.59,23.26,-25.39,R
,491021,913,0,3854,0.081,-0.413,0.692,-27.23,20.79,-33.6,R
,491051,947,0,495,0.121,-0.379,0.625,-25.14,1315,-38.0,R
,491101,945,0,3879,-0.006,-0.422,1.355,-49.14,4.95,-1951,R
,491151,1045,0,087,-0.30,-0.32,1.877,-11.57,17.99,0.0,R
,491171,1083,0,095,-0.83,-0.35,1.741,-1.48,-4.34,1.4,R
,491191,1083,0,4087,0.03,-0.35,1.531,5.09,-16.08,4.48,R
,491201,1080,0,3847,0.019,-0.341,1.388,2.37,-1.78,8.06,R
,491241,994,0,3849,0.027,-0.337,1.112,15.61,-33.11,13.3,R
,491251,965,0,4078,0.053,-0.363,1.121,13.48,-34.05,17.53,R
,491301,912,0,3836,0.017,-0.362,1.028,14.93,-3804,31.9,R
,491361,927,0,3847,-0.035,-0.357,1.048,15.71,-25.17,38.84,R
,491371,975,0,4095,-0.02,-0.36,1.067,12.61,-27.69,37.90,R
,491381,975,0,3851,-0.04,-0.39,1.067,9.25,-32.92,34.52,R
,491411,916,0,4095,-0.142,-0.462,1.079,28.60,-5.00,30.9,R
,491421,890,0,3850,-0.171,-0.433,1.054,9.01,-5.94,29.3,R
,491451,851,0,4095,-0.124,-0.409,0.838,5.79,-4.48,29.77,R
,491461,821,0,3843,-0.168,-0.439,0.769,4.20,-42.92,29.13,R
,491481,806,0,3846,-0.127,-0.424,0.611,7.80,-3.17,26.75,R
,491511,779,0,4095,-0.048,-0.463,0.434,1.90,-3.63,16.32,R
,491521,773,0,3846,-0.059,-0.479,0.400,5.90,-3.78,11.68,R
,491531,771,0,4095,-0.018,-0.509,0.393,2.99,-3.84,7.90,R
,491551,787,0,495,-0.02,-0.51,0.371,17.73,-22.94,3.82,R
,491571,777,0,4095,0.012,-0.532,0.408,1.32,-4.8,-0.35,R
,491591,829,0,4095,-0.055,-0.488,0.526,.22,19.9,-0.23,R
,491611,852,0,4095,-0.026,-0.488,0.600,.91,28.6,-3.23,R
,491621,847,0,3846,-0.037,-0.485,0.634,4.20,2718,-9.49,R
,491671,818,0,4095,-0.068,-0.464,0.838,11.81,3.14,-18.58,R
,491681,816,0,3847,-0.099,-0.409,0.844,14.21,41.11,-16.93,R
,491721,874,0,3837,-0.144,-0.436,0.959,24.88,41.89,-23.68,R
,491771,794,0,4095,-0.015,-0.46,0.899,-14.90,26.77,-33.22,R
,491801,875,0,3850,-0.011,-0.408,0.891,22.44,4.83,-27.29,R
,491811,883,0,4095,-0.08,-0.43,0.913,-25.23,51.05,-2717,R
,491821,897,0,3850,0.027,-0.436,0.904,-4.32,46.51,-32.06,R
,491841,878,0,3844,0.003,-0.413,0.871,-2.90,27.32,-42.74,R
,491871,881,0,4095,0.150,-0.437,0.769,-6.46,12.44,-46.03,R
,491941,880,0,3844,-0.080,-0.358,1.368,45.33,37.44,-32.87,R
,491951,898,0,495,-0.13,-0.36,1.460,-34.84,32.54,-2781,R
,491961,895,0,3837,-0.144,-0.340,1.530,24.97,3.88,-2423,R
,492021,892,0,3852,-0.067,-0.285,1.477,-2.06,-2.86,-7.81,R
,492031,893,0,4095,-0.018,-0.304,1.366,.91,-6.72,-5.98,R
,492151,901,0,4095,0.027,-0.375,1.059,16.72,-20.95,14.97,R
,492201,913,0,339,-0.01,-0.39,1.068,11.50,-28.62,23.64,R
,492221,916,0,353,-0.04,-0.38,1.078,15.64,-26.95,25.96,R
,492241,880,0,3847,-0.042,-0.364,1.074,15.74,-25.84,26.83,R
,492321,866,0,3839,-0.196,-0.431,1.109,19.51,-25.00,33.30,R
,492331,865,0,495,-0.218,-0.428,1.081,2.49,-2.03,34.58,R
,492351,769,0,495,-0.22,-0.43,0.963,1.04,-2.51,33.13,R
,492361,772,0,3845,-0.210,-0.422,0.907,4.05,-32.33,30.60,R
,492371,752,0,495,-0.19,-0.42,0.834,6.66,-3.64,27.48,R
,492381,701,0,3837,-0.192,-0.395,0.774,2.22,-43.58,23.79,R
,492421,816,0,329,-0.02,-0.41,0.499,6.74,-52.82,20.77,R
,492431,832,0,495,-0.09,-0.44,0.487,23.25,-4.55,19.1,R
,492441,788,0,337,-0.07,-0.45,0.445,19.25,-42.88,18.90,R
,492451,811,0,495,-0.02,-0.44,0.408,17.12,-28.05,18.0,R
,492461,798,0,330,-0.06,-0.45,0.427,14.48,-1.35,20.0,R
,492521,817,0,3842,-0.02,-0.446,0.569,.82,23.61,6.98,R
,492551,834,0,495,-0.03,-0.42,0.727,-21.13,36.70,-6.9,R
,492561,830,0,3840,-0.075,-0.439,0.796,-24.41,34.42,-10.76,R
,492571,832,0,495,-0.06,-0.48,0.854,-22.79,27.55,-14.04,R
,492581,816,0,331,-0.04,-0.46,0.903,15.92,2.63,-14.90,R
,492641,866,0,341,-0.00,-0.39,0.981,-19.20,37.63,-1587,R
,492671,863,0,480,-0.02,-0.41,0.970,-17.02,24.71,-26.21,R
,492701,886,0,337,-0.06,-0.45,0.955,18.41,2.57,-25.22,R
,492721,862,0,333,-0.00,-0.43,0.938,-19.10,34.97,-2288,R
,492811,981,0,4095,0.089,-0.312,0.791,-26.35,1.55,-43.17,R
,492851,823,0,471,-0.04,-0.41,1.374,48.53,3.64,-15.95,R
,492861,781,0,3831,-0.123,-0.371,1.482,-36.23,34.42,-10.52,R
,492871,768,0,495,-0.178,-0.346,1.577,-26.70,31.18,-6.0,R
,492891,682,0,495,-0.17,-0.31,1.676,13.36,12.67,-8.24,R
,492901,688,0,330,-0.12,-0.30,1.652,7.33,1.2,-9.07,R
,492911,705,0,495,-0.12,-0.29,1.601,2.21,-802,-8.3,R
,492921,709,0,327,-0.05,-0.27,1.519,.06,-1045,-4.9,R
,492941,690,0,3827,-0.021,-0.289,1.332,12.77,-16.54,-1.63,R
,492951,727,0,495,-0.08,-0.28,1.245,16.92,-17.46,1.22,R
,493041,834,0,329,-0.03,-0.35,1.046,18.20,-22.34,21.56,R
,493061,837,0,335,-0.04,-0.32,1.034,19.35,-21.12,25.79,R
,493081,848,0,3840,-0.022,-0.326,1.031,11.53,-19.93,29.42,R
,493091,834,0,478,-0.09,-0.33,1.041,8.45,-18.94,31.3,R
,493111,870,0,479,-0.02,-0.38,1.069,.51,-2277,30.7,R
,493121,837,0,335,-0.08,-0.39,1.076,10.20,-26.74,29.7,R
,493141,838,0,343,-0.04,-0.403,1.080,25.53,-32.75,31.79,R
,493151,857,0,495,-0.12,-0.37,1.049,1.47,-29.84,32.26,R
,493161,859,0,343,-0.17,-0.36,1.064,0.17,-2.93,29.8,R
,493181,862,0,331,-0.19,-0.37,1.016,8.23,-3.75,26.60,R
,493201,863,0,337,-0.10,-0.40,0.964,1.90,-37.40,25.70,R
,493251,940,0,495,-0.09,-0.42,0.650,8.78,-48.68,19.47,R
,493261,924,0,3834,-0.074,-0.427,0.594,49.18,-44.85,18.45,R
,493271,951,0,495,-0.02,-0.42,0.499,6.57,-40.74,16.29,R
,493281,971,0,3837,-0.01,-0.409,0.455,38.58,-33.09,15.42,R
,493301,964,0,330,0.03,-0.446,0.370,18.46,-17.24,13.3,R
,493341,983,0,317,-0.06,-0.56,0.562,-10.68,7.90,-3.1,R
,493401,923,0,330,-0.02,-0.50,0.642,21.71,3.73,-6.36,R
,493431,885,0,475,-0.09,-0.49,0.742,33.95,44.38,-16.26,R
,493451,884,0,437,-0.00,-0.51,0.814,-31.89,4.41,-2067,R
,493471,891,0,477,-0.08,-0.53,0.828,-40.41,37.32,-23.83,R
,493481,911,0,326,-0.08,-0.520,0.878,-43.74,47.63,-2055,R
,493501,944,0,327,-0.04,-0.558,0.931,-52.50,44.54,-13.23,R
,493521,1000,0,834,0.09,-0.62,1.025,56.47,3.12,-21.81,R
,493541,1008,0,829,0.01,-0.663,1.034,-52.32,20.64,-2592,R
,493571,1150,0,063,0.27,-0.71,1.062,58.18,465,-30.4,R
,493581,1152,0,826,0.29,-0.76,1.092,65.45,358,-37.8,R
,493591,1138,0,062,0.34,-0.79,1.120,67.66,-.53,-4386,R
,493601,1186,0,833,0.39,-0.80,1.139,-66.15,-11.04,-49.68,R
,493621,1159,0,3826,0.313,-0.842,1.142,-58.44,-28.19,-65.07,R
,493671,1168,0,046,0.24,-0.53,1.418,70.39,-28.16,-88.94,R
,493681,1222,0,821,0.11,-0.53,1.550,78.93,-27.01,-86.90,R
,493711,1227,0,4030,-0.030,-0.425,1.757,-55.69,55.49,-2.23,R
,493721,1228,0,828,-0.68,-0.34,1.759,-49.25,-64.60,-74.52,R
,493731,1232,0,968,-0.47,-0.35,1.732,-42.38,-71.07,-67.31,R
,493761,1232,0,839,0.06,-0.25,1.336,31.80,-1.78,-34.38,R
,493771,1231,0,4055,0.045,-0.255,1.226,-23.20,-55.99,-20.94,R
,493781,1231,0,835,0.02,-0.22,1.125,19.22,-49.41,-9.29,R
,493821,1254,0,836,0.04,-0.30,0.912,-24.88,-56.83,12.97,R
,493841,1217,0,835,0.03,-0.35,0.885,-15.19,-58.17,1828,R
,493861,1217,0,840,0.01,-0.341,0.867,-6.87,-4.59,28.84,R
,493881,1214,0,3838,0.032,-0.393,0.910,-6.20,-40.91,39.59,R
,493891,1227,0,028,0.08,-0.41,0.920,-5.60,-45.61,40.52,R
,493901,1215,0,834,0.055,-0.43,0.929,-3.55,-50.01,40.17,R
,493911,1206,0,4028,0.074,-0.463,0.912,-2.23,-53.99,37.0,R
,493941,1187,0,3831,0.094,-0.473,0.938,8.12,-5103,32.1,R
,493961,1091,0,830,0.05,-0.52,0.979,0.93,-43.84,33.52,R
,493971,1085,0,022,-0.12,-0.59,0.994,2.34,-50.89,31.01,R
,493991,1072,0,029,0.03,-0.54,0.906,29.73,-64.72,30.34,R
,494001,1104,0,831,0.08,-0.51,0.851,36.12,-67.03,28.66,R
,494011,1127,0,4031,0.069,-0.521,0.802,37.88,-69.33,23.2,R
,494021,1113,0,830,0.02,-0.51,0.729,4.77,-73.64,21.16,R
,494061,1082,0,829,0.18,-0.565,0.427,30.22,-52.75,17.1,R
,494071,1077,0,026,0.23,-0.52,0.328,26.03,-40.94,15.50,R
,494081,1118,0,3827,0.167,-0.595,0.271,24.28,-34.63,17.4,R
,494091,1109,0,011,0.11,-0.542,0.220,14.78,-27.11,16.8,R
,494111,1136,0,016,0.214,-0.624,0.161,.29,-2953,14.25,R
,494141,1104,0,837,0.24,-0.70,0.053,5.01,-25.04,24.64,R
,494151,1133,0,4013,0.23,-0.70,0.088,1.09,-11.65,31.00,R
,494191,1152,0,4000,0.214,-0.726,0.296,5.21,29.57,14.42,R
,494231,1109,0,3977,0.163,-0.770,0.575,-13.52,32.07,17.48,R
,494281,1153,0,3834,0.187,-0.74,0.744,-2.79,37.15,-1.7,R
,494301,1168,0,3842,0.317,-0.703,0.720,14.68,2.21,-2.90,R
,494311,1165,0,965,0.23,-0.72,0.759,-13.07,27.29,-6.61,R
,494321,1190,0,3839,0.277,-0.692,0.770,-11.88,3.82,-1099,R
,494351,1205,0,3959,0.186,-0.65,0.817,-21.51,29.26,-16.45,R
,494401,1280,0,839,0.29,-0.63,0.760,-13.46,2.39,-21.89,R
,494411,1285,0,947,0.25,-0.62,0.743,15.77,3.77,-19.48,R
,494421,1289,0,835,0.22,-0.57,0.705,-21.94,4.41,-21.6,R
,494521,1325,0,3844,0.244,-0.593,0.981,30.67,3.31,-25.32,R
,494541,1371,0,835,0.13,-0.60,1.305,-31.52,28.64,-13.54,R
,494551,1366,0,951,0.193,-0.602,1.415,24.47,25.77,-11.22,R
,494591,1350,0,3909,0.269,-0.587,1.581,1.36,-6.16,-3.02,R
,494601,1344,0,3845,0.298,-0.535,1.391,.96,-2.2,3.38,R
,494681,1275,0,3840,0.271,-0.582,0.975,17.91,-2.03,19.8,R
,494691,1269,0,3946,0.282,-0.57,0.957,17.50,-31.82,20.4,R
,494701,1270,0,843,0.305,-0.593,0.946,6.81,-34.74,22.34,R
,494721,1306,0,833,0.291,-0.60,0.906,23.99,-33.32,24.1,R
,494731,1334,0,939,0.28,-0.59,0.888,25.42,-30.59,26.22,R
,494761,1315,0,841,0.20,-0.60,0.905,22.55,-28.66,30.5,R
,494791,1315,0,3952,0.233,-0.606,0.936,1.85,-35.04,28.19,R
,494801,1316,0,3847,0.168,-0.749,0.907,7.35,-3.99,30.83,R
,494811,1309,0,3952,0.209,-0.599,0.928,5.15,-36.25,25.00,R
,494821,1296,0,841,0.171,-0.616,0.953,23.76,-3.53,24.9,R
,494891,1221,0,3953,0.154,-0.598,0.614,7.93,-43.36,15.68,R
,494901,1211,0,847,0.12,-0.57,0.533,48.35,-36.08,15.65,R
,494941,1202,0,3846,0.162,-0.525,0.243,9.56,0.8,17.38,R
,494971,1215,0,3938,0.160,-0.599,0.183,.93,-2.54,9.30,R
,494981,1230,0,855,0.12,-0.61,0.186,1.48,-6.27,9.04,
,494991,1222,0,943,0.21,-0.700,0.210,0.26,-9.3,9.55,
,495061,1232,0,830,0.19,-0.62,0.507,-8.90,39.54,5.70,R
,495071,1239,0,3942,0.183,-0.676,0.603,20.04,3.96,2.03,R
,495081,1261,0,835,0.184,-0.708,0.662,-22.50,28.02,1.67,R
,495101,1215,0,3841,0.210,-0.757,0.718,-16.96,25.46,-1.80,R
,495111,1198,0,933,0.212,-0.741,0.737,12.41,31.09,-4.73,R
,495201,1236,0,843,0.22,-0.74,0.765,-42.64,3.25,-30.84,R
,495221,1197,0,824,0.266,-0.783,0.850,46.04,32.83,-35.19,R
,495231,1183,0,934,0.26,-0.81,0.888,-45.69,23.46,-40.55,R
,495241,1191,0,837,0.28,-0.82,0.874,-42.79,1.51,-4485,R
,495251,1199,0,3939,0.39,-0.909,0.880,31.17,406,-46.4,R
,495261,1198,0,3840,0.404,-0.828,0.822,25.34,7.02,-54.56,R
,495271,1200,0,914,0.34,-0.76,0.767,-29.77,11.15,-53.78,R
,495301,1201,0,851,0.57,-0.83,0.789,-55.43,12.53,-63.20,R
,495321,1215,0,3839,0.464,-0.839,0.840,51.48,-4.83,-80.27,R
,495331,1183,0,895,0.42,-0.810,0.868,45.63,-16.05,-90.24,R
,495351,1138,0,926,0.503,-0.746,0.977,44.67,-21.65,-107.66,R
,495361,1157,0,834,0.40,-0.66,1.025,-48.75,-3.33,-106.79,R
,495381,1206,0,3839,0.366,-0.58,1.265,56.62,325,-90.73,R
,495391,1211,0,950,0.281,-0.598,1.380,-52.33,7.92,-82.18,R
,495421,1285,0,3846,0.173,-0.470,1.583,25.22,-7.76,-69.61,R
,495441,1284,0,850,0.10,-0.33,1.438,-10.38,-23.24,-50.00,R
,495461,1269,0,3841,0.248,-0.295,1.210,-14.50,-33.59,-30.00,R
,495481,1274,0,3845,0.251,-0.316,1.014,5.42,-38.75,-12.33,R
,495491,1263,0,919,0.26,-0.30,0.966,0.33,-36.27,-3.54,R
,495501,1276,0,3849,0.284,-0.290,0.896,1.22,-35.62,4.28,R
,495511,1279,0,3925,0.289,-0.288,0.855,.76,-38.07,10.42,R
,495521,1279,0,3843,0.283,-0.298,0.829,.66,-4078,16.84,R
,495531,1283,0,920,0.28,-0.32,0.788,.40,-4355,23.8,R
,495541,1281,0,842,0.33,-0.33,0.783,1.01,-4465,29.64,R
,495561,1289,0,3853,0.343,-0.37,0.740,2.62,-4.86,40.1,R
,495571,1295,0,918,0.37,-0.41,0.772,-3.11,-4.58,45.5,R
,495581,1295,0,843,0.46,-0.47,0.756,-2.96,-41.21,50.39,R
,495591,1293,0,921,0.42,-0.48,0.753,-2.90,-34.88,54.86,R
,495601,1276,0,3845,0.406,-0.520,0.778,4.04,-30.75,58.66,R
,495621,1287,0,830,0.445,-0.592,0.791,2.25,-33.06,54.90,R
,495681,1278,0,3849,0.353,-0.658,0.884,.52,-42.49,35.19,R
,495731,1226,0,3920,0.229,-0.635,0.639,32.23,-36.19,25.13,R
,495761,1102,0,855,0.18,-0.62,0.370,41.96,-3.20,22.8,R
,495781,1126,0,3855,0.23,-0.60,0.193,0.06,-35.29,24.06,R
,495791,1122,0,919,0.29,-0.58,0.106,33.93,-37.91,22.13,R
,495801,1104,0,3855,0.285,-0.614,0.053,24.80,-41.69,18.92,R
,495841,1087,0,846,0.316,-0.725,-0.014,-0.73,-22.54,18.74,R
,495851,1078,0,913,0.37,-0.74,0.017,.83,-5.67,22.75,R
,495861,1068,0,841,0.33,-0.75,0.078,.88,10.59,19.91,R
,495891,1127,0,907,0.30,-0.79,0.277,6.05,23.69,13.79,R
,495911,1085,0,3900,0.33,-0.73,0.346,9.78,3140,14.08,R
,495921,1094,0,855,0.37,-0.75,0.416,-20.59,29.84,11.59,R
,495951,1102,0,905,0.33,-0.83,0.616,11.59,37.18,-5.58,R
,495971,1126,0,910,0.367,-0.816,0.623,0.57,31.61,-4.96,R
,495981,1111,0,3855,0.356,-0.766,0.619,-2.23,34.01,-5.19,R
,495991,1104,0,905,0.36,-0.75,0.625,8.70,38.16,-6.53,R
,496001,1105,0,853,0.35,-0.75,0.644,-14.30,39.17,-8.61,R
,496021,1102,0,3851,0.394,-0.770,0.657,-16.90,30.48,-16.99,R
,496041,1142,0,854,0.35,-0.76,0.674,-15.04,28.59,-20.41,R
,496061,1227,0,847,0.37,-0.71,0.609,15.71,27.47,-21.29,R
,496071,1264,0,899,0.39,-0.69,0.603,-17.45,25.63,-2194,R
,496081,1247,0,3869,0.433,-0.71,0.594,-17.94,2.16,-24.65,R
,496121,1238,0,850,0.51,-0.63,0.543,-28.96,14.28,-3340,R
,496181,1245,0,3845,0.487,-0.681,0.594,-42.78,21.15,-36.58,R
,496231,1251,0,909,0.364,-0.739,1.202,-38.91,2.19,-3378,R
,496241,1263,0,846,0.37,-0.72,1.325,34.10,30.50,-26.85,R
,496251,1278,0,900,0.32,-0.70,1.429,30.30,3.84,-18.97,R
,496261,1275,0,859,0.31,-0.72,1.490,-20.29,19.51,-19.58,R
,496271,1264,0,901,0.35,-0.67,1.423,9.51,6.86,-20.84,R
,496281,1267,0,874,0.38,-0.61,1.396,3.39,-1.88,-23.10,R
,496311,1290,0,900,0.446,-0.526,0.958,3.96,-6.46,-9.22,R
,496321,1294,0,857,0.42,-0.604,1.026,6.40,-13.93,-11.2,R
,496331,1282,0,902,0.36,-0.61,0.881,9.94,-13.29,-6.8,R
,496341,1310,0,856,0.49,-0.58,0.854,18.80,-11.32,-2.4,R
,496361,1296,0,857,0.34,-0.52,0.793,8.09,-9.90,6.83,R
,496371,1291,0,895,0.40,-0.51,0.739,13.74,-18.65,9.70,R
,496381,1307,0,866,0.35,-0.52,0.748,0.43,-26.05,9.44,R
,496391,1310,0,3902,0.359,-0.534,0.765,9.18,-2990,12.4,R
,496421,1307,0,856,0.434,-0.563,0.759,20.48,-22.86,28.3,R
,496431,1325,0,899,0.459,-0.564,0.743,22.08,-20.57,31.2,R
,496471,1323,0,894,0.47,-0.58,0.834,.01,-2555,42.93,R
,496481,1325,0,857,0.48,-0.60,0.840,4.67,-32.94,41.41,R
,496491,1328,0,898,0.46,-0.643,0.850,11.04,-37.35,37.64,R
,496501,1330,0,861,0.39,-0.73,0.816,0.61,-3.07,40.39,R
,496511,1330,0,892,0.41,-0.60,0.881,4.20,-3.62,34.14,R
,496521,1328,0,856,0.37,-0.60,0.910,5.21,-29.73,34.55,R
,496531,1331,0,902,0.35,-0.61,0.930,2.61,-3.14,38.51,R
,496541,1331,0,861,0.36,-0.63,0.940,9.41,-3.52,43.18,R
,496561,1285,0,852,0.39,-0.68,0.970,15.09,-39.96,44.64,R
,496581,1259,0,862,0.278,-0.710,0.968,21.45,-4.43,40.35,R
,496621,1106,0,862,0.21,-0.76,0.724,43.15,-44.42,36.52,R
,496631,1104,0,906,0.20,-0.74,0.616,6.52,-4.70,33.00,R
,496641,1109,0,879,0.21,-0.73,0.539,2.19,-49.36,29.38,R
,496651,1125,0,904,0.29,-0.74,0.406,5.33,-50.97,28.75,R
,496661,1105,0,877,0.20,-0.72,0.287,4.14,-47.58,28.81,R
,496681,1152,0,888,0.23,-0.73,0.137,4.37,-34.05,39.71,R
,496701,1158,0,856,0.35,-0.70,-0.012,48.95,-13.62,4035,R
,496711,1191,0,894,0.27,-0.69,-0.036,43.94,-2.63,38.28,R
,496731,1153,0,893,0.35,-0.65,-0.051,16.57,0.48,21.1,R
,496771,1168,0,901,0.38,-0.88,0.159,24.18,-20.89,2.83,R
,496791,1202,0,885,0.22,-0.83,0.337,-4.62,-4.28,6.92,R
,496801,1199,0,888,0.357,-0.865,0.397,5.06,12.7,7.99,R
,496811,1229,0,877,0.32,-0.78,0.358,-0.38,30.19,7.62,R
,496861,1209,0,894,0.35,-0.797,0.566,-15.75,366,-13.78,R
,496881,1241,0,887,0.34,-0.83,0.565,-19.54,1.43,-21.26,R
,496911,1168,0,880,0.403,-0.822,0.595,-19.57,2.96,-15.07,R
,496921,1189,0,888,0.36,-0.78,0.579,-20.65,39.17,-16.87,R
,496941,1250,0,888,0.349,-0.801,0.621,-24.30,3.57,-2221,R
,496951,1271,0,875,0.38,-0.776,0.615,-29.11,3.98,-2494,R
,496981,1273,0,895,0.35,-0.81,0.670,-26.90,12.24,-3586,R
,497021,1296,0,913,0.31,-0.75,0.586,32.32,23.92,-35.42,R
,497071,1329,0,882,0.364,-0.772,0.547,-37.39,2.90,-42.87,R
,497091,1232,0,875,0.30,-0.80,0.541,-41.95,17.22,-4862,R
,497111,1260,0,883,0.34,-0.83,0.555,-34.70,17.98,-53.98,R
,497121,1371,0,970,0.42,-0.84,0.563,-31.39,20.36,-6087,R
,497131,1383,0,3873,0.403,-0.847,0.519,-29.97,2.35,-6792,R
,497171,1365,0,873,0.39,-0.776,0.421,-44.23,3.21,-76.30,R
,497191,1391,0,862,0.36,-0.75,0.417,-47.95,51.17,-7827,R
,497201,1448,0,901,0.32,-0.80,0.431,-47.40,56.74,-79.16,R
,497221,1405,0,902,0.37,-0.74,0.495,-37.94,6.52,-91.02,R
,497291,1263,0,873,0.10,-0.39,1.393,2.14,115.54,-52.00,R
,497321,949,0,3906,-0.182,-0.093,1.687,56.63,144.80,-18.35,R
,497331,864,0,357,-0.24,-0.08,1.763,2.20,12.98,-10.90,R
,497341,773,0,388,-0.25,-0.05,1.785,89.61,109.89,-7.4,R
,497351,705,0,374,-0.25,-0.01,1.772,109.24,103.22,-2.47,R
,497441,402,0,353,-0.24,-0.05,1.084,237.48,234.25,12.22,R
,497451,251,0,375,-0.31,-0.118,1.013,239.91,26.06,12.16,R
,497461,314,0,494,-0.354,-0.130,1.012,248.20,21.00,136.42,R
,497481,838,0,395,-0.18,-0.05,0.900,273.38,195.46,16.46,R
,497521,1072,0,971,-0.31,-0.18,0.849,224.58,181.44,12.35,R
,497531,1094,0,866,-0.83,-0.12,0.894,208.67,78.27,148.55,R
,497541,1086,0,975,-0.67,-0.12,0.862,205.79,174.54,142.83,R
,497551,1135,0,874,-0.021,-0.191,0.900,205.62,71.90,136.45,R
,497621,1119,0,4041,-0.20,-0.05,1.124,100.02,115.20,9.21,R
,497661,1107,0,950,-0.93,0.081,1.025,1.42,70.82,29.04,R
,497671,1120,0,874,-0.22,0.09,0.990,50.12,63.70,21.07,R
,497681,1168,0,3951,-0.440,0.124,1.033,6.43,5944,8.95,R
,497721,1164,0,920,-0.05,0.08,1.165,4.74,54.2,-8.99,R
,497781,808,0,450,-0.64,0.356,1.231,36.61,-11.01,-21.61,R
,497791,769,0,3861,-0.634,0.499,1.098,2.10,-12.88,-17.05,R
,497801,795,0,3925,-0.661,0.519,1.076,2.14,-12.39,-10.47,R
,497851,843,0,372,-0.70,0.463,0.779,399,-18.6,-38.79,R
,497881,809,0,353,-0.603,0.437,0.581,-0.29,-29.40,-56.9,R
,497971,555,0,365,-0.56,0.407,0.822,4.06,-23.99,-54.44,R
,497981,576,0,345,-0.62,0.432,0.806,4.74,-23.18,-53.37,R
,498021,543,0,3966,-0.547,0.480,0.723,1.89,-5086,-37.4,R
,498061,550,0,3933,-0.46,0.381,0.753,1.88,-37.59,-38.39,R
,498091,673,0,3866,-0.536,0.397,0.737,-8.84,-32.97,-30.88,R
,498161,511,0,325,-0.43,0.302,0.912,-.17,-29.62,-18.47,R
,498181,500,0,3930,-0.448,0.356,0.847,-.46,-13.23,-14.70,R
,498191,572,0,3863,-0.464,0.361,0.849,-.88,-8.62,-13.16,R
,498261,397,0,350,-0.421,0.325,0.777,1.61,10.9,1.59,R
,498271,447,0,3859,-0.473,0.380,0.716,22.80,23.89,4.17,R
,498311,177,0,367,-0.53,0.450,0.802,1.41,61.43,12.57,R
,498411,0,0,3861,-0.538,0.439,0.747,-21.20,14.15,17.07,R
,498421,0,0,3941,-0.516,0.434,0754,-25.49,10.33,14.32,R
,498431,0,0,385,-0.517,0.452,0.728,-2907,7.17,13.97,R
,498511,0,0,3856,-0.588,0.328,0832,-54.68,-4.4,18.95,R
,498591,254,0,3856,-0.569,0.334,0.796,-37.08,30.82,17.35,R
,498651,0,0,3852,-0.558,0.339,0752,-30.90,16.7,14.78,R
,498661,0,0,401,-0.532,0.334,0.820,-30.29,18.04,13.58,
,498961,560,0,397,-0.473,0.406,0.844,-7.69,-14.72,-12.9,R
,499051,1165,0,849,-0.62,0.281,0.771,-19.30,-15.85,1011,R
,499081,1296,0,4095,-0.98,0.23,0.763,3.69,-0.16,0.28,R
,499161,1708,0,4095,-0.528,0.267,0.988,-3.60,-11.32,-4.8,R
,499171,1698,0,847,-0.17,0.37,0.698,.19,0.8,1.74,R
,499181,1770,0,4095,-0.577,0.334,0.784,7.54,19.67,4.46,
,499191,1761,0,833,-0.60,0.26,0.869,1.01,25.83,2.26,R
,499201,1830,0,067,-0.552,0.307,0.795,9.42,24.38,0.29,
,499221,1719,0,095,-0.565,0.273,0.754,6.54,10.7,-3.95,R
,499241,1747,0,095,-0.97,0.30,0.804,0.48,1.89,-6.04,R
,499251,1760,0,844,-0.24,0.317,0.793,8.26,0.39,-4.99,R
,499301,1826,0,049,-0.60,0.29,0.842,-0.50,-077,-0.7,R
,499311,1847,0,860,-0.39,0.30,0.809,3.32,-0.42,-0.07,R
,499321,1805,0,062,-0.534,0.306,0.790,7.06,2.04,0.72,R
,499331,1821,0,3846,-0.497,0.298,0.801,8.95,3.46,0.87,R
,499361,1824,0,070,-0.560,0.338,0.787,1.45,-2.07,0.64,
,499421,1742,0,4048,-0.552,0.334,0.762,3.79,-9.12,0.57,
,499461,1653,0,068,-0.93,0.321,0.799,1.90,9.83,-0.90,R
,499491,1584,0,3850,-0.560,0.309,0.750,4.03,-0.53,-0.88,R
,499501,1535,0,080,-0.56,0.30,0.774,.13,3.90,-2.33,R
,499511,1497,0,3849,-0.518,0.301,0.849,3.22,4.36,-3.60,
,499521,1488,0,4065,-0.38,0.29,0.803,5.16,1.31,-2.50,
,499561,1232,0,066,-0.70,0.342,0.763,13.33,-1.16,-6.5,R
,499571,1234,0,855,-0.574,0.361,0.767,14.00,-12.94,-1001,R
,499661,1072,0,053,-0.68,0.402,0.762,1.24,-6.62,2.20,
,499751,263,0,350,-0.53,0.322,0.794,-19.14,-1.53,10.2,R
,499901,148,0,447,-0.57,0.329,0.752,2.95,2.42,3.79,R
,499921,581,0,4038,-0.505,0.335,0.774,532,11.70,5.35,R
,499931,439,0,342,-0.56,0.338,0.775,1.13,10.6,4.03,R
,500001,0,0,409,-0.578,0.283,0.874,-3.66,-0.89,-2.78,R
,500041,0,0,409,-0.557,0.396,0.795,3.4,0.97,2.16,R
,500061,0,0,408,-0.559,0.384,0781,0.0,2.06,-0.04,R
,500071,0,0,384,-0.557,0.363,0.787,0.5,1.06,-0.47,R
,500081,0,0,408,-0.571,0.368,0.783,-1.4,-0.66,-0.15,R
,500111,0,0,384,-0.553,0.317,0.795,1.70,-9.00,5.72,R
,500271,0,0,384,-0.580,0.437,0.792,5.8,-0.56,1.32,R
,500291,0,0,384,-0.536,0.348,0855,-0.1,-10.95,-4.07,R
,500311,0,0,3839,-0.506,0.317,0.875,-5.8,-7.44,4.02,R
,500321,49,0,405,-0.52,0.355,0.799,1.2,-10.83,3.42,R
,500331,62,0,388,-0.52,0.354,0.770,-415,-5.00,4.80,R
,500341,64,0,405,-0.53,0.353,0.803,-6.10,-3.7,5.09,R
,500371,0,0,382,-0.547,0.361,0.808,-8.3,-9.65,4.19,R
,500381,0,0,4095,-0.532,0.364,0817,-7.59,-8.94,4.87,R
,500401,0,0,409,-0.529,0.381,0798,-4.7,-9.67,1.76,R
,500421,0,0,409,-0.538,0.375,0.777,-2.94,-11.6,-0.74,
,500431,0,0,384,-0.562,0.385,0.806,-1.3,-15.04,-1.78,
,500471,0,0,384,-0.531,0.334,0.829,-2.9,-21.55,0.48,R
,500571,0,0,383,-0.487,0.381,0.786,0.8,-16.02,7.81,R
,500591,0,0,384,-0.430,0.387,0.770,-3.2,-12.05,7.10,R
,500621,0,0,403,-0.424,0.359,0760,-7.40,-0.94,7.70,R
,500651,699,0,335,-0.46,0.415,0.917,-4.64,-1020,-6.8,R
,500691,877,0,343,-0.43,0.374,0.816,-23.36,-40.31,-5.49,R
,500711,831,0,345,-0.40,0.214,0.863,-18.97,-2.37,-0.6,R
,500771,901,0,346,-0.461,0.346,0.816,-4.96,-2.95,7.44,R
,500791,806,0,354,-0.39,0.312,0.922,-11.74,6.65,6.77,
,500851,1084,0,838,-0.14,0.283,0.836,0.90,14.56,-14.50,R
,500871,1225,0,849,-0.09,0.401,0.872,4.00,31.69,-11.5,R
,500931,1190,0,846,-0.463,0.306,0.884,1.54,31.96,-15.4,R
,500971,907,0,3846,-0.554,0.414,0.780,73.41,63.2,-21.40,R
,501041,678,0,480,-0.54,0.329,0.704,1.18,-6.27,-19.1,R
,501071,366,0,347,-0.47,0.323,0.664,20.60,3.4,-9.54,
,501081,532,0,465,-0.48,0.263,0.739,24.32,10.31,-12.96,R
,501101,320,0,495,-0.40,0.158,0.870,1.00,20.44,-32.6,R
,501111,342,0,343,-0.67,0.368,0.854,27.73,30.94,-22.42,R
,501191,725,0,324,-0.62,0.383,0.719,29.76,9.0,-14.76,R
,501351,1581,0,841,-0.56,0.462,0.716,21.06,-2.92,22.2,R
,501361,1614,0,095,-0.55,0.471,0.755,23.07,9.95,17.15,R
,501401,1486,0,4095,-0.67,0.411,0.901,7.45,-7.9,24.49,R
,501441,1573,0,095,-0.21,0.425,0.975,65.35,14.91,45.9,R
,501511,1767,0,837,-0.09,0.280,0.943,39.12,-59.65,-3038,R
,501631,1517,0,837,-0.72,0.471,0.700,3.44,-130.98,-6.26,R
,501761,1306,0,095,-0.07,0.471,0.674,27.68,-14.13,-67.55,R
,501781,1333,0,095,-0.33,0.470,0.707,6.77,-103.09,-6.82,R
,501961,1513,0,4095,-0.505,0.417,0.832,-16.29,-103.27,-8.09,R
,502021,1582,0,4075,-0.419,0.448,0.813,-26.78,-90.63,-7.54,R
,502061,1535,0,095,-0.04,0.44,0.859,-26.12,-7.00,-76.70,R
,502111,1451,0,840,-0.72,0.48,0.815,-20.94,-57.75,-7.82,R
,502261,1531,0,4095,0.00,0.682,0.516,-14.26,-7.15,-36.4,R
,502341,1446,0,079,-0.51,0.539,0.868,24.83,11.58,-12.0,R
,502491,1071,0,3838,-0.142,0.560,0.775,34.34,2606,1.22,R
,502651,975,0,3839,-0.007,0.438,0.920,-2.44,-5.0,-30.4,R
,502741,1183,0,4093,-0.63,0.370,0.845,-3.83,25.03,-35.4,R
,502811,1040,0,831,-0.40,0.38,0.711,1.86,62.07,-27.6,R
,502821,1046,0,4034,-0.316,0.356,0.722,-3.98,54.02,-29.1,R
,502831,1002,0,831,-0.85,0.36,0.709,11.37,47.08,-25.66,R
,502891,1016,0,3829,-0.529,0.492,0.872,-17.31,6.30,4.9,R
,503131,1051,0,3824,-0.399,0.381,1.026,19.80,-23.58,26.20,R
,503221,903,0,4095,-0.376,0.341,0.780,-26.81,-24.71,39.5,R
,503481,1290,0,4095,-0.216,0.255,0.920,4.87,-0.4,6.03,
,503491,1290,0,3817,-0.205,0.264,0.920,3.93,4.4,8.05,R
,503521,1195,0,4095,-0.198,0.277,0.913,.17,6.8,3.06,R
,503911,1122,0,3805,-0.287,0.401,0.894,.45,1.96,-4.56,
,503991,1119,0,3815,-0.313,0.448,0.900,6.11,7.18,-1.95,R
,504071,1159,0,3824,-0.95,0.426,0.884,5.97,2.89,2.43,R
,504141,1107,0,4055,-0.326,0.415,0.889,.18,1.3,1.09,R
,504161,1132,0,4075,-0.343,0.421,0.903,-1.80,0.79,2.69,
,504411,1193,0,3824,-0.22,0.420,0.887,5.64,0.13,-3.13,
,504571,1193,0,3826,-0.298,0.40,0.881,-5.22,-1.17,-3.0,R
,504651,1205,0,3827,-0.95,0.411,0.890,-5.89,-2.16,-3.6,R
,504861,1210,0,4027,-0.315,0.40,0.874,1.05,-1.00,-3.9,R
,504971,1175,0,831,-0.24,0.397,0.865,6.36,1.96,-0.36,!5
,505051,1173,0,3830,-0.324,0.40,0.872,5.95,1.1,-0.71,R
,505091,1152,0,3838,-0.40,0.381,0.887,-3.97,2.6,-0.47,R
,505121,1150,0,4011,-0.340,0.40,0.887,-2.53,4.56,0.72,
,505141,1125,0,4009,-0.334,0.387,0.887,-4.06,4.16,0.95,
,505181,1109,0,4013,-0.323,0.362,0.902,-2.93,2.09,0.14,
,505391,1168,0,3834,-0.348,0.38,0.894,-0.33,-0.11,-1.0,R
,505431,1163,0,3824,-0.335,0.379,0.871,-0.72,-094,-0.3,R
,505441,1167,0,4011,-0.339,0.37,0.870,-0.88,-0.30,-0.82,R
,505621,1167,0,4011,-0.350,0.415,0.895,3.27,0.48,-2.30,
,505681,1171,0,4003,-0.342,0.390,0.893,4.93,-0.77,0.14,
,505791,1186,0,3835,-0.340,0.396,0.852,3.61,-0.1,0.20,
,5059611172,0,003,-0.67,0.42,0.865,1.99,2.42,-0.29,RJH505971,bbjrbbr²brªbrbjrb
,506121,1182,0,999,-0.53,0.41,0.865,1.99,-0.92,0.75,R
,506261,1170,0,3985,-0.363,0.431,0.837,2.34,-0.33,2.23,
,506281,1171,0,3984,-0.354,0.435,0.839,.51,1.5,2.03,R
,506291,1168,0,3827,-0.358,0.433,0.838,.74,1.9,2.06,R
,506351,1193,0,3825,-0.359,0.439,0.856,-0.04,0.96,1.50,R
,506391,1194,0,830,-0.344,0.448,0.860,0.81,3.1,1.65,R
,5065711166,0,834,-0.76,0.446,0.839,-6.14,0.2,5.38,JH506581,ʂb¢bjrbrbrbjrbjrbrbR
,506591,1186,0,3824,-0.369,0.429,0.843,-7.80,-1.32,5.10,R
,506761,1193,0,3968,-0.364,0.479,0.829,-9.62,11.51,7.36,!5
,506831,1229,0,3825,-0.385,0.450,0.866,-10.65,9.40,8.74,R
,506921,1279,0,3966,-0.72,0.392,0.867,-9.66,2.74,7.82,R
,506931,1280,0,834,-0.72,0.39,0.883,9.75,1.7,7.06,R
,507071,1199,0,3839,-0.377,0.384,0.823,3.86,-6.89,-1.2,R
,507091,1212,0,3835,-0.386,0.398,0.822,3.60,-541,-2.4,R
,507301,1211,0,946,-0.78,0.415,0.892,9.68,-1.26,0.75,R
,507461,1231,0,3921,-0.387,0.402,0.839,9.91,-3.8,4.57,R
,507621,1282,0,3945,-0.331,0.41,0.906,10.59,-13.94,2.2,R
,507631,1310,0,3849,-0.329,0.40,0.907,9.98,-18.82,-0.6,R
,507831,1162,0,3845,-0.264,0.51,0.881,3.54,-29.93,-17.2,R
,507841,1156,0,3918,-0.75,0.511,0.917,2.52,-27.98,-16.4,R
,507851,1151,0,844,-0.272,0.508,0.906,.12,-2767,-15.51,R
,507861,1137,0,912,-0.267,0.515,0.911,.12,-2729,-14.61,R
,508071,1110,0,3847,-0.135,0.45,0.892,-16.61,-25.36,7.8,R
,508081,1162,0,3920,-0.124,0.463,0.900,-16.72,-22.30,8.2,R
,508091,1167,0,3852,-0.122,0.464,0.907,-17.68,-19.15,9.70,R
,508161,1168,0,3925,-0.52,0.418,0.997,-11.80,-0.97,19.9,R
,508191,1150,0,3847,-0.115,0.36,0.974,-23.26,-2.17,17.4,R
,508231,1143,0,3847,-0.182,0.34,0.988,-21.81,-11.56,1115,R
,508311,1203,0,3840,-0.270,0.316,0.919,-8.23,-19.61,9.1,R
,508451,1212,0,3856,-0.073,0.41,1.042,.08,-13.98,16.35,R
,508551,1088,0,847,-0.52,0.38,0.969,6.00,-2.69,15.9,R
,508621,1104,0,3909,-0.068,0.351,0.924,-17.81,-24.19,18.86,R
,508711,1167,0,856,-0.094,0.33,0.773,-1.66,0.54,20.37,!5
,508761,1189,0,3911,-0.050,0.31,0.735,8.06,1552,22.2,R
,508861,963,0,3907,-0.005,0.243,0.745,-17.52,37.89,18.2,R
,508951,1101,0,3856,-0.026,0.15,0.830,8.15,1989,-18.78,R
,508981,1266,0,3915,-0.032,0.206,0.827,-5.34,24.33,-24.0,R
,509021,1329,0,3904,-0.072,0.233,0.868,-18.21,21.22,-3642,R
,509031,1311,0,3853,-0.081,0.222,0.906,-16.61,2.43,-3236,R
,509081,1127,0,3899,-0.159,0.286,1.001,-2.96,36.47,-29.0,R
,509121,858,0,3905,-0.153,0.300,0.947,-9.36,39.51,-23.8,R
,509221,762,0,3901,-0.230,0.330,0.995,-4.26,40.5,-15.6,R
,509681,1040,0,3898,-0.636,0.252,0.945,8.06,1314,-22.6,R
,509821,1071,0,3899,-0.729,0.446,1.121,3.39,-1.89,35.3,R
,509871,1200,0,3888,-0.577,0.401,1.078,2.41,-2.40,49.6,R
,510011,965,0,3872,-0.446,0.609,0.747,1.29,-5362,68.5,R
,510101,789,0,3888,-0.432,0.686,0.597,1.77,-2080,104.4,R
,510111,773,0,365,-0.396,0.668,0.571,17.67,-22.60,104.8,R
,510121,736,0,3898,-0.381,0.666,0.562,1.25,-1915,106.8,R
,510381,689,0,3883,-0.331,0.447,0.422,12.35,151.93,95.26,R
,510641,743,0,376,-0.588,0.523,0.845,-2.93,4806,-1.61,R
,510721,711,0,3870,-0.58,0.415,1.054,-77.19,3906,-4.3,R
,510831,1017,0,3920,-0.561,0.45,0.572,-29.72,141,-21.9,R
,510911,1274,0,3902,-0.32,0.404,0.881,-5.49,2592,-16.3,R
,510931,1296,0,3901,-0.549,0.418,0.814,-15.02,7.60,-11.46,R
,510961,1332,0,3877,-0.550,0.43,0.806,-21.92,-.47,-1285,R
,511061,1297,0,3901,-0.39,0.353,0.803,7.44,19.8,-8.52,R
,511121,1344,0,3877,-0.569,0.387,0.742,4.06,16.59,-6.42,R
,511151,1278,0,3921,-0.02,0.340,0.717,5.33,23.57,-4.19,R
,511311,882,0,3923,-0.63,0.441,0.730,-3.16,22.9,2.92,R
,511421,405,0,3880,-0.64,0.322,0.600,-25.04,1593,9.48,R
,511451,339,0,320,-0.687,0.426,0.611,-4.36,26.01,9.29,!5
,511551,706,0,3910,-0.50,0.342,0.662,-25.34,1093,11.06,R
,511611,975,0,3920,-0.66,0.358,0.771,-47.31,1335,24.7,R
,511681,1232,0,3875,-0.44,0.169,0.697,97.01,-12.17,26.40,R
,511781,1214,0,3879,-0.627,0.214,1.102,-82.85,-0.91,4654,R
,511881,1011,0,3875,-0.22,-0.13,1.309,-112.33,-67.12,-35.71,R
,512021,1083,0,3867,-0.665,0.011,1.115,-139.84,148.13,106.82,
,512151989,0,4026,-0.37,-0.174,0.806,-118.78,rbjrbR512161,961,0,3M	rbjbrbjrbjrbjrʉI5
,512371,859,0,4027,0.138,-0.671,0.460,-23.34,-5.61,18.8,R
,512391,874,0,4021,0.15,-0.683,0.462,-17.78,-45.38,21.39,R
,512441,927,0,3867,0.148,-0.699,0.550,-0.75,-18.59,22.29,R
,512481,918,0,3856,0.193,-0.754,0.591,-3.60,-1.56,14.23,R
,512491,914,0,4055,0.201,-0.751,0.591,-5.01,-1.59,12.40,R
,512591,879,0,4023,0.228,-0.757,0.584,-4.97,-1573,-3.3,R
,512611,853,0,4031,0.211,-0.739,0.601,-9.69,-1375,-4.5,R
,512801,831,0,3856,0.142,-0.725,0.573,15.38,5.35,-5.25,R
,512841,bbªbrbjrʂbrbrºbrbjrbRJ512851,835,0,4063,0.209,-0.816,0.542,13.04,4.57,-12.68!5
,512961,828,0,3856,0.176,-0.761,0.548,-1.05,3580,-24.6,R
,512991,840,0,4049,0.153,-0.796,0.545,-3.49,1949,-38.3,R
,513081,848,0,3851,0.306,-0.763,0.531,-0.53,1.7,-55.7,R
,513091,850,0,448,0.305,-0.799,0.496,-38.29,-5.03,-55.81,R
,513171,997,0,433,0.434,-0.730,0.573,-28.90,-094,-48.8,R
,513211,935,0,431,0.376,-0.746,0.905,-46.14,18.85,-39.75,R
,513311,843,0,3979,0.373,-0.612,1.203,15.59,4.74,3.04,R
,513831,694,0,481,0.177,-0.845,0.393,-21.51,2781,-23.6,R
,513931,614,0,4054,0.242,-0.885,0.496,-44.99,2457,-50.9,R
,514071,765,0,3985,0.16,-0.425,0.409,-7.51,62.1,-52.59,R
,514121,846,0,3855,-0.091,-0.219,0.893,5.70,90.99,-5.69,R
,514151,861,0,4035,0.022,-0.292,1.230,2.16,74.53,22.90,R
,514531,752,0,4095,0.03,-0.627,0.641,48.35,-4825,18.13,R
,514551,752,0,4095,0.049,-0.621,0.487,61.80,-4303,18.43,R
,514571,704,0,4095,0.07,-0.554,0.335,64.93,-2830,27.6,R
,514651,619,0,4069,0.13,-0.582,0.298,-1.60,-2598,-10.48,R
,514751,624,0,4085,0.09,-0.585,0.678,6.34,21.3,-7.68,
,514861,681,0,3847,0.12,-0.608,0.826,1.68,53.2,-20.45,R
,514881,681,0,3846,0.15,-0.565,0.791,-14.88,4975,-27.9,R
,514961,681,0,343,0.21,-0.614,0.771,-26.70,3177,-37.3,R
,514971,678,0,4081,0.236,-0.591,0.738,-25.37,2973,-39.1,R
,514991,743,0,4080,0.28,-0.601,0.685,-35.08,-547,-54.3,R
,515101,726,0,3854,0.210,-0.495,1.673,-29.52,2694,-15.0,R
,515201,531,0,3845,0.292,-0.468,1.042,1.87,-9.09,14.45,R
,515231,535,0,4095,0.249,-0.493,0.968,14.57,-2394,19.5,R
,515571,501,0,4095,0.188,-0.644,0.249,4.45,-20.19,-14.78,R
,515811,624,0,4087,0.167,-0.682,0.629,-36.55,36.04,-77.02,R
,515931,422,0,4000,-0.106,0.129,0.718,-4.03,120.70,-32.15,R
,515971,502,0,4069,-0.181,0.118,1.502,0.45,117.69,27.30,R
,516221,543,0,3846,0.070,-0.537,1.092,1.00,-3665,29.0,R
,516341,591,0,3837,-0.041,-0.42,0.982,12.06,-4.13,34.6,R
,516521,527,0,3842,-0.013,-0.482,0.619,-12.90,12.50,14.06,R
,516581,579,0,3840,0.040,-0.544,0.802,-19.25,-15.38,-13.28,R
,516691,543,0,4079,0.081,-0.552,0.810,-38.59,8.5,-32.1,R
,516711,557,0,489,0.073,-0.542,0.835,-41.51,29.29,-20.59,R
,516821,598,0,346,0.348,-0.496,0.631,-36.14,-1.58,-4265,R
,516861,613,0,3838,0.281,-0.393,1.145,-1.33,3438,-25.9,R
,516991,465,0,4095,0.269,-0.497,1.024,17.47,-10.51,13.5,R
,517181,458,0,3843,0.07,-0.583,0.978,10.99,-39.46,37.94,R
,517281,493,0,3843,0.030,-0.625,0.506,4.00,-41.03,31.55,R
,517311,310,0,4065,0.08,-0.579,0.303,30.00,-4106,22.3,R
,517331,227,0,4074,0.132,-0.608,0.230,6.02,-30.5,16.16,R
,517371,135,0,4050,0.178,-0.705,0.280,-10.03,-343,-4.59,R
,517421,367,0,3850,0.029,-0.674,0.451,-3.02,23.34,-19.0,R
,517461,528,0,3843,-0.002,-0.778,0.676,15.77,15.02,-20.78,R
,517641,407,0,356,0.017,-0.397,0.495,-2.99,58.51,-125.80,R
,517761,315,0,3850,0.041,-0.029,1.836,11.16,132.93,64.1,R
,517771,441,0,4047,0.11,-0.161,1.959,14.96,11126,52.9,R
,517871,551,0,4022,0.345,-0.642,1.362,65.61,17.77,25.47,R
,517931,501,0,4048,0.106,-0.583,1.116,40.74,-1.4,34.13,R
,517971,549,0,4048,0.005,-0.550,1.075,12.63,-2268,39.81,R
,518031,574,0,4054,-0.027,-0.416,1.061,11.16,-3.20,33.2,R
,518121,553,0,3856,-0.13,-0.41,0.730,50.00,-35.49,31.29,R
,518351,309,0,4061,-0.116,-0.420,0.928,0.29,16.3,-33.7,R
,518371,350,0,4038,-0.065,-0.412,0.955,-8.53,2877,-30.5,R
,518441,359,0,3847,-0.07,-0.451,0.905,-21.68,28.13,-49.95,R
,518501,336,0,3840,-0.06,-0.455,0.889,-33.97,33.69,-44.23,R
,518641,323,0,3840,-0.26,-0.41,1.734,53.78,41.00,-1390,R
,518651,326,0,4065,-0.25,-0.35,1.886,-35.13,40.10,-4.74,R
,518661,306,0,343,-0.25,-0.31,1.964,-20.82,34.83,-1.0,R
,518761,304,0,3844,-0.066,-0.291,1.113,.18,-14.37,13.91,R
,518841,305,0,3842,-0.013,-0.336,1.006,9.77,-2.54,33.8,R
,518921,305,0,3850,-0.119,-0.385,1.034,6.03,-3.62,34.3,R
,518931,304,0,495,-0.11,-0.389,1.023,25.42,-3.46,33.9,R
,519051,363,0,4095,-0.067,-0.439,0.535,6.25,-3.93,20.1,R
,519081,370,0,3849,-0.018,-0.459,0.451,8.09,-18.27,11.39,R
,519141,336,0,3842,-0.102,-0.457,0.649,2.41,-1.53,-0.27,!5
,519221,338,0,3853,-0.079,-0.467,0.843,-16.46,14.76,-16.06,R
,519231,338,0,4087,-0.00,-0.448,0.848,13.95,1.66,-1664,R
,519281,336,0,3847,-0.065,-0.428,0.857,22.78,2.21,-2348,R
,519301,326,0,3845,-0.026,-0.458,0.872,-28.55,23.87,-24.93,R
,519341,358,0,3842,0.016,-0.439,0.835,-5.02,1980,-35.2,R
,519431,346,0,4086,0.130,-0.474,0.760,-40.88,22.16,-33.45,R
,519541,343,0,3849,-0.064,-0.447,1.687,-38.85,33.67,-18.15,R
,519631,313,0,464,0.080,-0.357,1.255,2.16,-2471,-5.9,R
,519841,288,0,3845,-0.062,-0.455,1.051,31.12,-24.39,37.07,R
,519851,309,0,4082,-0.072,-0.438,1.035,6.32,-2.35,33.9,R
,519871,331,0,4095,0.073,-0.309,0.918,3.53,-20.89,20.64,R
,520091,193,0,4087,-0.06,-0.49,0.799,16.97,3.93,-1407,R
,520101,176,0,356,-0.00,-0.505,0.866,14.06,3.15,-18.52,R
,520121,241,0,345,-0.00,-0.475,0.901,4.50,31.02,-23.68,R
,520171,116,0,414,-0.07,-0.450,0.991,18.68,3.41,-2940,R
,520191,115,0,450,0.00,-0.460,1.021,-0.97,3984,-30.6,R
,520201,114,0,342,-0.03,-0.442,0.994,8.21,4112,-28.16,R
,520291,133,0,471,0.021,-0.455,0.940,-21.40,18.16,-41.65,R
,520501,240,0,346,-0.17,-0.312,1.586,26.67,2.07,-1.16,R
,520511,227,0,480,-0.154,-0.336,1.639,21.49,17.12,4.92,R
,520521,225,0,3851,-0.18,-0.343,1.653,16.93,9.26,5.77,!5
,520601,135,0,344,-0.04,-0.361,1.145,4.38,-2.36,17.26,R
,520621,144,0,351,0.03,-0.392,1.077,1.06,-3188,20.11,R
,520681,173,0,344,0.00,-0.427,1.030,1.81,-2746,37.9,R
,520841,227,0,3842,-0.136,-0.43,0.906,41.91,-23.96,39.93,R
,520851,230,0,495,-0.154,-0.432,0.854,7.10,-2.00,38.7,R
,520991,272,0,495,0.00,-0.505,0.582,2.86,14.4,1.58,
,521051,112,0,438,-0.08,-0.527,0.831,14.10,1.80,-2140,R
,521081,221,0,342,-0.01,-0.46,0.889,-7.68,2708,-26.1,R
,521101,139,0,339,-0.00,-0.424,0.916,17.23,3.56,-2285,R
,521111,83,0,407,-0.085,-0.436,0.940,-9.60,3709,-23.4,R
,521401,250,0,345,-0.101,-0.354,1.702,23.83,2.54,-2.4,R
,521521,125,0,335,-0.020,-0.328,1.108,.77,-1969,14.4,R
,521651,116,0,4080,-0.029,-0.401,1.074,3.45,-24.23,44.32,R
,521711,189,0,495,-0.122,-0.385,1.053,7.76,-2.43,42.0,R
,521781,241,0,337,-0.139,-0.485,0.730,9.97,-3.11,34.8,R
,521811,157,0,4095,-0.083,-0.473,0.507,9.24,-2.56,30.6,R
,521831,0,0,409,0.024,-0.471,0.390,27.7,-25.7,14.31,
,521841,0,0,383,0.046,-0.511,0.402,18.1,-29.6,7.42,R
,522071,112,0,4095,-0.085,-0.477,0.974,31.98,4.57,-4352,R
,522091,124,0,495,-0.072,-0.457,0.968,26.18,3.70,-4696,R
,522121,240,0,338,-0.010,-0.443,0.917,24.17,1.40,-5700,R
,522131,245,0,4095,-0.006,-0.418,0.870,25.51,1.03,-56.04,R
,522291,256,0,495,-0.120,-0.305,1.460,-33.88,40.82,-20.30,R
,522331,0,0,4095,-0.143,-0.294,1.655,-581,11.5,-8.74,
,522411,0,0,4095,0.048,-0.280,1.107,15.64,-17.40,12.16,R
,522471,0,0,4047,-0.010,-0.349,1.111,20.31,-23.04,38.03,R
,522591,222,0,4095,-0.155,-0.408,1.167,26.19,-29.47,51.24,R
,522661,369,0,337,-0.23,-0.47,0.918,3.77,-3.23,48.3,R
,522671,382,0,4095,-0.176,-0.437,0.812,41.48,-39.79,43.29,R
,522781,0,0,3835,-0.005,-0.560,.371,-655,-2.7,6.51,R
,522791,0,0,4095,0.003,0.584,0.417,-6.1,5.73,1.76,R
,522891,238,0,4095,-0.105,-0.480,0.948,-23.19,25.92,-32.41,R
,522931,304,0,4095,-0.04,-0.428,0.983,20.75,23.99,-41.81,R
,522971,318,0,4095,-0.037,-0.405,0.985,-30.00,29.92,-40.74,R
,523041,367,0,3835,0.075,-0.379,0.780,-29.48,21.29,-42.8,R
,523051,366,0,495,0.09,-0.365,0.751,-4.56,2581,-39.0,R
,523121,385,0,3836,0.081,-0.298,0.935,-41.59,23.31,-43.8,R
,523141,371,0,3835,-0.062,-0.347,1.260,-45.65,33.40,-25.80,R
,523151,385,0,4095,-0.066,-0.26,1.432,49.04,3.90,-2230,R
,523201,254,0,3830,-0.144,-0.228,1.826,-11.77,1.16,0.0,R
,523211,251,0,4095,-0.154,-0.239,1.776,6.59,0.51,1.93,
,523251,245,0,4095,-0.016,-0.247,1.371,3.53,-2.58,16.0,R
,523261,243,0,3835,0.036,-0.262,1.288,17.65,-27.20,17.91,R
,523281,244,0,3834,0.008,-0.284,1.193,14.96,-33.23,22.71,R
,523381,270,0,3834,-0.047,-0.396,1.061,2.38,-3.72,50.8,R
,523451,457,0,4095,-0.172,-0.400,1.074,18.58,-46.22,44.20,R
,523481,483,0,3834,-0.195,-0.486,1.055,32.12,-5.13,43.1,R
,523531,398,0,4095,-0.135,-0.487,0.668,5.56,-51.07,35.5,R
,523571,381,0,4095,-0.049,-0.493,0.413,2.96,-4.09,22.5,R
,523611,0,0,4095,-0.003,-0.558,.341,3.90,-27.87,4.57,R
,523791,213,0,4023,0.062,-0.382,0.920,-4.24,2031,-33.7,R
,523851,224,0,4036,0.091,-0.417,0.908,-9.08,2337,-36.1,R
,524031,176,0,414,-0.02,-0.21,1.618,-12.87,21.12,-11.61,R
,524041,211,0,3856,-0.052,-0.204,1.633,7.86,1144,-11.2,R
,524131,25,0,3971,0.091,-0.262,.129,21.80,-13.82,2.10,R
,524141,29,0,3843,0.113,-0.283,.104,19.47,-14.77,4.61,R
,524151,13,0,407,0.119,-0.293,1.080,1715,-14.1,7.42,
,524171,5,0,3998,0.083,-0.291,1067,16.43,-12.74,15.12,
,524181,0,0,3859,0.084,0.316,1073,15.90,-12.74,18.05,
,524191,0,0,3962,0.065,-0.319,1.092,15.0,-15.4,19.64,
,524341,144,0,3847,-0.06,-0.34,1.188,11.57,-18.82,30.95,R
,524351,130,0,364,-0.03,-0.35,1.178,12.61,-1.18,32.1,R
,524381,35,0,3847,-0.103,-0.408,1.122,1.92,-2324,33.7,R
,524501,155,0,347,0.16,-0.587,0.344,-0.81,-1.17,3.4,R
,524511,204,0,397,0.178,-0.573,0.329,-.20,-6.3,-0.85,R
,524531,215,0,390,0.115,-0.555,0.449,-3.26,2077,-12.5,R
,524571,210,0,393,-0.005,-0.538,0.668,38.90,3.73,-1961,R
,524621,393,0,341,-0.038,-0.486,0.888,31.88,3.96,-3210,R
,524641,394,0,343,-0.031,-0.482,0.921,34.62,3.54,-3410,R
,524691,494,0,416,-0.04,-0.493,0.975,-38.26,20.09,-41.87,R
,524721,530,0,342,0.061,-0.471,0.923,-2.59,2880,-36.6,R
,524761,619,0,3852,0.07,-0.427,0.858,-34.49,20.71,-40.48,R
,524771,621,0,413,0.097,-0.418,0.828,-4.81,1387,-43.2,R
,524861,663,0,342,-0.05,-0.29,1.299,-47.11,21.60,-31.16,R
,524961,622,0,3839,0.143,-0.281,1.241,2.78,-1872,21.9,R
,525111,561,0,429,-0.007,-0.442,1.068,1.82,-2.76,48.3,R
,525161,560,0,337,-0.12,-0.415,1.059,31.56,-27.94,44.72,R
,525171,545,0,429,-0.144,-0.446,1.048,34.00,-31.98,42.40,R
,525221,493,0,335,-0.17,-0.43,0.771,9.16,-3.42,38.2,R
,525241,479,0,334,-0.19,-0.442,0.677,7.30,-40.56,35.2,R
,525291,464,0,437,-0.01,-0.46,0.423,4.05,-3.68,28.9,R
,525331,463,0,437,0.017,-0.507,0.382,1.88,3.0,17.55,
,525421,429,0,3839,-0.124,-0.479,0.908,-20.46,36.53,-9.29,R
,525471,452,0,4027,-0.107,-0.382,0.968,4.96,47.4,-19.3,R
,525591,238,0,4023,-0.048,-0.394,0.937,21.51,4.57,-4368,R
,525621,229,0,3835,-0.096,-0.41,0.967,18.64,3.31,-5019,R
,525691,226,0,434,-0.04,-0.395,0.965,23.30,25.51,-4195,R
,525771,258,0,4030,0.028,-0.361,0.795,-37.04,14.83,-47.48,R
,525791,242,0,4021,-0.107,-0.518,0.988,31.23,1.30,-3679,R
,525801,243,0,3842,-0.060,-0.398,1.032,-27.10,23.98,-44.52,R
,525811,241,0,425,-0.056,-0.269,1.077,23.97,2.18,-4490,R
,525821,238,0,3836,-0.235,-0.437,1.082,25.36,3.07,-3314,R
,525971,31,0,4007,-0.165,-0.334,1.140,1.82,-0.30,-17.58,R
,526091,187,0,418,-0.06,-0.295,1.153,.49,-3109,31.1,R
,526121,197,0,3842,-0.052,-0.313,1.142,5.70,-32.23,46.23,R
,526221,242,0,3840,-0.044,-0.429,1.120,8.32,-31.11,57.41,R
,526261,224,0,3842,-0.086,-0.457,1.093,.64,-3140,55.7,R
,526281,230,0,3825,-0.100,-0.454,1.077,17.96,-36.77,53.96,R
,526331,240,0,4038,-0.175,-0.41,0.994,0.95,-3.75,44.9,R
,526361,205,0,3834,-0.160,-0.40,0.905,4.51,-3.85,41.4,R
,526371,189,0,4037,-0.188,-0.47,0.832,7.57,-3.04,40.5,R
,526381,121,0,3840,-0.29,-0.52,0.767,9.51,-4.20,42.5,R
,526581,0,0,3839,-0.126,-0.444,.836,-1.64,27.7,-11.6,R
,526641,18,0,3837,-0.100,-0.459,0.929,-9.39,3250,-24.7,R
,526681,101,0,3826,-0.117,-0.464,0.944,21.72,3.15,-3409,R
,526741,107,0,3839,-0.08,-0.46,0.904,24.81,2.60,-3583,R
,526811,221,0,4047,0.075,-0.468,0.720,-23.52,3.3,-49.5,R
,526821,233,0,3828,0.067,-0.435,0.701,-21.65,11.31,-47.4,R
,527111,240,0,425,-0.09,-0.402,1.058,1.07,-2.96,36.9,R
,527151,244,0,4034,-0.116,-0.424,1.056,6.29,-26.39,41.9,R
,527211,243,0,4041,-0.210,-0.409,1.043,7.38,-2.81,35.04,R
,527281,258,0,334,-0.232,-0.425,0.912,4.72,-5.01,30.71,R
,527291,262,0,453,-0.20,-0.452,0.860,9.51,-5.45,26.8,R
,527311,268,0,437,-0.247,-0.425,0.709,8.55,-6.77,21.7,R
,527441,23,0,385,0.006,-0.519,0.541,-038,-3.0,-17.55,R
,527491,324,0,429,-0.032,-0.450,0.794,3.17,3312,-17.9,R
,527531,368,0,4023,-0.068,-0.36,0.957,-13.02,39.54,-33.46,R
,527631,368,0,3964,-0.00,-0.36,1.004,-18.30,29.03,-42.97,R
,527671,374,0,407,0.01,-0.343,0.913,-29.33,15.96,-46.78,R
,527741,394,0,3839,0.20,-0.273,0.586,-5.28,2.1,-48.2,R
,528171,351,0,3955,0.126,-0.705,0.862,-.74,-6654,-4.42,R
,528231,461,0,374,0.085,-0.469,0.440,-27.28,-7.47,-36.93,R
,528241,463,0,350,0.08,-0.442,0.408,-32.73,-68.75,-37.31,R
,528261,374,0,343,0.060,-0.390,0.361,-4.03,-5.49,-3684,R
,528291,355,0,372,0.011,-0.329,0.395,-54.65,-44.13,-30.32,R
,528361,409,0,340,0.01,-0.414,0.624,-62.50,-16.16,9.16,R
,528391,443,0,347,0.104,-0.440,0.659,-47.25,-5.93,18.95,R
,528481,715,0,340,0.19,-0.624,0.832,-2.82,7.8,0.86,R
,528511,731,0,373,0.277,-0.622,0.756,-36.97,10.73,1.03,R
,528531,731,0,383,0.265,-0.626,0.735,-34.68,1213,-7.95,R
,528551,755,0,363,0.319,-0.586,0.701,-5.10,8.4,-14.39,R
,528561,763,0,337,0.30,-0.574,0.698,-8.50,4.01,-14.59,R
,528761,934,0,324,0.272,-0.645,1.119,16.43,-5.40,24.64,R
,528811,865,0,411,0.266,-0.679,0.980,2.18,-4202,20.43,R
,528971,762,0,3981,0.111,-0.605,0.772,36.51,-23.21,34.4,R
,529011,739,0,3937,-0.017,-0.60,0.734,8.78,-1.78,35.91,R
,529031,683,0,375,0.031,-0.657,0.657,38.74,-3045,25.15,R
,529161,558,0,3843,0.166,-0.736,0.276,-1.43,-25.56,-6.81,R
,529241,603,0,3835,0.125,-0.733,0.636,-11.43,31.08,-16.73,R
,529381,606,0,3841,0.194,-0.597,0.700,-20.75,43.66,-24.90,R
,529571,720,0,3961,0.141,-0.564,1.760,-10.65,14.07,15.8,R
,529731,785,0,3971,0.214,-0.661,0.925,22.95,-3020,27.96,R
,529761,784,0,3838,0.199,-0.661,0.920,12.48,-43.53,25.3,R
,529941,567,0,3841,0.195,-0.687,0.302,-21.89,-2.53,-28.65,R
,529981,606,0,3852,0.169,-0.655,0.264,-6.32,-4.81,-43.29,R
,530171,611,0,3935,0.282,-0.632,0.573,-32.85,2125,-10.3,R
,530261,699,0,3851,0.39,-0.669,0.544,-19.57,5.99,-27.75,R
,530391,862,0,3952,0.421,-0.722,1.202,-29.30,25.73,-23.34,R
,530401,857,0,3855,0.39,-0.738,1.286,-27.28,18.51,-21.45,R
,530441,870,0,3846,0.417,-0.686,1.399,-8.76,5.54,-2.88,
,530501,832,0,3851,0.41,-0.658,0.949,22.70,-16.56,3.94,R
,530521,821,0,3847,0.410,-0.622,0.831,21.01,-21.56,11.77,R
,530681,797,0,350,0.30,-0.682,0.838,18.95,-4036,25.9,R
,530741,790,0,346,0.26,-0.702,0.709,28.83,-32.65,24.64,R
,530791,763,0,353,0.215,-0.705,0.380,30.06,-38.75,14.20,R
,530811,743,0,3956,0.238,-0.703,0.173,26.37,-45.87,6.92,R
,530861,663,0,3840,0.31,-0.681,-0.061,7.03,-31.46,-1.74,R
,530901,754,0,3833,0.31,-0.773,0.240,9.28,13.26,-5.34,R
,530911,757,0,3957,0.30,-0.709,0.219,1.82,25.4,4.42,R
,530951,743,0,333,0.26,-0.731,0.510,-26.01,20.85,-3.26,R
,530991,718,0,3958,0.32,-0.781,0.644,-15.68,25.20,-2.47,R
,531051,655,0,3958,0.352,-0.781,0.664,-25.81,2467,-10.9,R
,531091,656,0,3957,0.39,-0.748,0.623,-6.96,31.73,-13.97,R
,531191,758,0,3952,0.43,-0.704,0.604,-29.17,18.42,-33.46,R
,531221,771,0,341,0.38,-0.662,0.579,-23.92,15.02,-43.34,R
,531231,784,0,361,0.39,-0.649,0.593,-22.68,8.33,-45.69,R
,531311,850,0,3934,0.37,-0.514,1.036,-1.36,3590,-26.26,R
,531401,625,0,343,0.49,-0.622,1.017,22.40,-16.74,19.71,R
,531421,630,0,342,0.49,-0.607,0.827,32.69,-11.24,18.49,R
,531531,623,0,3952,0.404,-0.643,0.750,24.14,-7.87,41.88,R
,531541,615,0,3838,0.43,-0.678,0.778,19.65,-11.01,44.28,R
,531561,606,0,3841,0.445,-0.688,0.858,11.36,-29.00,38.13,R
,531581,610,0,3842,0.514,-0.649,0.928,8.87,-50.04,24.84,R
,531691,614,0,3954,0.430,-0.960,0.442,-11.60,-5.40,-2.94,R
,531711,601,0,3944,0.377,-0.924,0.310,-17.95,-4.53,-11.78,R
,531721,603,0,3839,0.40,-0.932,0.266,-21.97,-46.54,-19.25,R
,531751,610,0,3952,0.345,-0.946,0.104,-32.70,-6.34,-29.54,R
,531791,614,0,354,0.38,-0.807,0.072,-0.29,-3.58,-30.55,R
,532051,809,0,3958,0.564,-0.677,0.272,-0.91,1358,-26.74,R
,532191,873,0,3941,0.563,-0.733,1.003,-11.48,8.85,-16.3,R
,532261,640,0,3837,0.677,-0.695,0.825,-6.32,-17.91,13.10,R
,532271,649,0,3951,0.639,-0.641,0.733,-4.44,-1.85,25.47,R
,532281,626,0,3835,0.684,-0.755,0.874,-1.63,-17.81,24.89,R
,532311,727,0,3940,0.614,-0.677,0.685,25.57,-22.53,19.74,R
,532321,775,0,3837,0.641,-0.662,0.712,22.66,-28.92,17.4,R
,532461,750,0,3845,0.448,-0.679,0.633,2.80,-4295,34.00,R
,532491,761,0,3923,0.418,-0.784,0.655,27.04,-57.69,32.86,R
,532511,774,0,3926,0.429,-0.796,0.581,3.26,-6114,27.81,R
,532531,758,0,3925,0.413,-0.778,0.538,38.28,-58.77,25.48,R
,532581,761,0,3849,0.285,-0.831,0.438,15.50,-4375,34.29,R
,532601,766,0,3850,0.256,-0.843,0.365,2.12,-5080,35.52,R
,532611,751,0,3930,0.303,-0.878,0.336,3.45,-5498,30.40,R
,532661,458,0,3836,0.290,-0.792,-0.023,2.11,-2.24,37.81,R
,532791,616,0,330,0.388,-0.957,0.217,7.45,12.3,3.58,R
,532831,671,0,3941,0.385,-0.799,0.252,-2.97,37.4,4.06,R
,532851,688,0,3942,0.378,-0.857,0.327,-17.80,9.58,-10.7,R
,532861,674,0,3835,0.376,-0.869,0.321,-23.69,1.2,-14.29,R
,532891,701,0,3941,0.455,-0.888,0.376,-2.06,1995,-5.61,R
,533091,947,0,3920,0.431,-0.870,0.371,-28.32,3044,-38.61,R
,533171,1006,0,3920,0.436,-0.82,0.392,-30.50,31.69,-51.26,R
,533181,999,0,3845,0.44,-0.826,0.382,-8.14,3920,-48.59,R
,533191,1006,0,921,0.46,-0.843,0.414,41.13,4.25,-48.93,R
,533241,1018,0,3836,0.442,-0.849,0.398,36.33,3.93,-63.22,R
,533271,1008,0,3922,0.534,-0.880,0.398,-49.51,3.68,-7448,R
,533321,950,0,344,0.52,-0.667,0.453,-8.88,8886,-65.11,R
,533441,282,0,3843,-0.007,-0.12,1.485,5.36,11.99,4.75,R
,533471,311,0,3920,0.017,-0.003,1.270,146.16,15.02,33.2,R
,533531,224,0,3907,-0.200,-0.15,1.166,10.92,22.42,94.93,R
,533581,413,0,355,-0.01,-0.089,0.979,271.13,23.60,156.29,R
,533631,387,0,3920,-0.190,-0.06,1.038,62.55,22.39,168.08,R
,533651,390,0,3923,-0.230,-0.060,0.988,250.87,189.05,16.76,R
,533661,386,0,3843,-0.29,0.015,0.964,239.28,17.55,15965,R
,533681,333,0,3863,-0.20,0.056,1.073,212.12,164.57,15246,R
,533851,607,0,3940,-0.30,0.280,1.165,36.92,13.7,0.89,
,533861,582,0,3856,-0.416,0.305,1.113,3.35,17.86,0.31,R
,533891,422,0,395,-0.40,0.350,1.003,16.96,14.62,-10.7,R
,533941,471,0,3847,-0.69,0.524,1.127,-39.04,-1.59,-4375,R
,533961,463,0,3843,-0.703,0.497,0.990,-4.46,-6.25,-37.05,R
,534061,562,0,354,-0.40,0.457,0.841,-22.97,1.31,-10.03,R
,534151,576,0,317,-0.48,0.486,0.731,-20.65,-15.61,-15.37,R
,534201,182,2,3856,-0.39,0.417,0.778,-4.73,-923,-9.9,R
,534241,0,12,3857,-0.382,0.379,.825,-1.26,-1057,-5.5,R
,534251,0,4,3921,-0.383,0.387,0815,-1762,-9.3,-4.29,R
,534291,0,0,3899,-0.428,0.446,0809,-7.3,13.12,2.45,R
,534341,0,86,3856,-0.50,0.474,0.728,15.01,-17.58,-19.87,R
,534351,0,81,3905,-0.433,0.456,.733,-354,-6.08,-14.88,R
,534361,0,80,3869,-0.490,0.432,.770,1339,-4.98,-9.46,R
,534411,6,80,3894,-0.44,0.339,0.809,-14.72,6.01,-12.41,R
,534441,202,32,845,-0.71,0.346,0.807,-15.39,14.13,-3.71,R
,534451,225,21,887,-0.90,0.338,0.830,-14.65,19.09,-2.18,R
,534461,284,21,3871,-0.531,0.37,0.837,20.49,2.79,-0.45,R
,534471,301,45,3907,-0.560,0.33,0.859,28.53,2.62,-0.3,R
,534491,436,41,875,-0.66,0.376,0.924,-21.52,15.09,1.04,R
,534521,655,34,3861,-0.505,0.39,0.762,11.43,080,-5.5,R
,534561,843,85,3843,-0.47,0.361,0.721,38.90,-20.19,-7.65,R
,534581,906,57,856,-0.97,0.294,0.776,-37.91,-2.05,5.47,R
,534591,922,16,3901,-0.372,0.29,0.840,30.76,1.89,11.67,R
,534601,951,48,3856,-0.354,0.30,0.837,15.84,2.04,10.39,R
,534611,933,10,3904,-0.396,0.34,0.817,14.30,2.99,5.61,R
,534631,1068,0,3910,-0.470,0.35,0.832,20.21,1.24,-4.3,R
,534641,1059,0,3839,-0.460,0.33,0.865,21.19,300,-6.2,R
,534651,1061,0,3908,-0.52,0.32,0.876,-17.84,248,-5.69,R
,534661,1122,0,3853,-0.40,0.287,0.853,-8.93,8.36,-3.71,R
,534671,1187,0,904,-0.34,0.264,0.857,3.77,17.08,0.57,R
,534711,1457,0,3898,-0.495,0.34,0.793,2.22,1540,-0.27,R
,534761,1685,0,3870,-0.523,0.28,0.785,5.42,2854,-11.20,R
,534801,1797,0,3856,-0.610,0.364,0.864,16.20,37.86,-4.58,R
,534841,1902,0,3867,-0.576,0.339,0.801,24.87,6.2,-8.19,R
,534861,1941,0,863,-0.553,0.354,0.760,18.78,10.54,-10.76,R
,534881,1986,0,3862,-0.673,0.373,0.753,12.12,8.3,-9.74,R
,534951,1427,0,3919,-0.576,0.377,0.724,47.83,-2.48,2.16,R
,535011,192,0,395,-0.533,0.478,0.771,6.54,-2.43,-6.91,R
,535021,122,0,3854,-0.567,0.487,0.777,-0.76,-3.30,-11.61,R
,535061,0,0,3856,-0.479,0.381,0.781,14.77,-5.70,-1.84,R
,535111,0,0,3897,-0.547,0.457,0675,9.5,3.83,-.16,R
,535151,0,0,3905,-0.580,0.430,0804,3.7,-8.49,8.24,R
,535261,0,0,3859,-0.569,0.426,0734,-6.0,6.16,.82,R
,535431,0,0,3899,-0.514,0.419,0.751,-2117,-3.4,-1.72,R
,535501,0,0,3862,-0.557,0.384,0686,-2778,-14.6,-5.14,R
,535681,0,0,387,-0.482,0.354,0933,-3617,-15.5,-12.67,R
,535701,0,0,3854,-0.606,0.388,0759,-2134,-5.2,-9.16,
,535711,0,0,3904,-0.596,0.340,0.812,-10.79,-0.97,-2.99,
,535901,0,0,3857,-0.566,0.440,0.652,0.52,0.54,14.28,R
,535911,0,0,3905,-0.546,0.382,0770,-4.0,3.18,2.75,R
,535931,0,0,391,-0.579,0.379,0805,-4.4,1.09,.06,R
,535951,0,0,3904,-0.566,0.353,0.800,-2.39,-4.11,11.71,R
,535991,0,0,3903,-0.545,0.372,0745,-3.5,5.38,2.74,R
,536001,0,0,3873,-0.505,0.417,0.728,1.38,6.74,28.40,R
,536011,0,0,3905,-0.489,0.381,0689,-2.76,9.67,4.10,R
,536121,0,0,3873,-0.547,0.390,0755,-7.2,-18.11,-1.05,
,536151,54,0,3890,-0.537,0.409,.715,-397,-3.9,7.85,R
,536161,46,0,3859,-0.531,0.428,0.796,-11.36,-1.62,6.32,
,536181,0,0,3865,-0.531,0.427,0.763,-0.97,-7.11,-0.18,R
,536291,0,0,3890,-0.491,0.332,0.796,-12.85,-13.61,-2.85,R
,536461,0,0,3902,-0.492,0.319,0.814,7.79,-7.17,6.84,R
,536481,0,0,3908,-0.445,0.329,0836,24.3,6.54,0.72,R
,536521,0,0,3934,-0.518,0.424,0.809,29.22,24.47,15.56,R
,536551,0,0,3886,-0.538,0.480,0.720,2.84,-1.14,10.95,R
,536611,0,0,3874,-0.488,0.411,0802,-9.6,-15.9,0.78,R
,536651,0,0,3885,-0.424,0.347,0.848,7.25,17.37,18.32,R
,536691,0,0,3877,-0.526,0.452,0737,5.9,-3.76,.30,R
,536701,0,0,3910,-0.543,0.455,0728,5.3,-1.72,.45,R
,536731,0,0,3876,-0.498,0.429,0697,0.49,-1.17,.63,R
,536741,0,0,3897,-0.486,0.419,0758,-6.1,5.40,.72,R
,536761,0,0,3903,-0.483,0.415,0.828,-2.8,3.29,6.64,R
,536791,0,0,3877,-0.507,0.479,0.741,4.61,-9.38,4.60,R
,536841,0,0,3895,-0.477,0.414,0750,5.3,-9.73,12.23,R
,536881,0,0,3909,-0.464,0.404,0.784,-5.30,-11.26,1.73,R
,536891,0,0,3873,-0.449,0.430,0805,-0.8,-8.25,3.22,R
,536971,0,0,3869,-0.518,0.419,0896,-2894,-38.4,-15.26,R
,537021,0,0,3875,-0.353,0.337,0894,-6.0,-22.3,-3.31,
,537051,0,0,3863,-0.469,0.414,0.852,0.4,-0.37,-2.01,R
,537061,0,0,3885,-0.443,0.409,0789,-6.4,-11.4,-2.84,
,537141,793,0,3910,-0.432,0.232,0.881,-29.22,-9.46,-15.55,R
,537161,783,0,3901,-0.31,0.218,0.916,10.81,3.80,1.71,R
,537181,832,0,3895,-0.44,0.360,0.863,10.74,6.6,9.30,R
,537191,926,0,3891,-0.396,0.370,0.862,411,3.70,5.41,R
,537221,1077,0,3886,-0.406,0.375,0.883,-0.61,3.49,-8.82,R
,537241,1247,0,3898,-0.455,0.39,0.881,.52,10.6,-10.6,R
,537251,1242,0,3863,-0.477,0.37,0.873,5.25,16.4,-11.0,R
,537281,1257,0,3888,-0.40,0.371,0.894,13.09,1934,-12.9,R
,537321,1231,0,3910,-0.482,0.34,0.794,6.64,2308,-20.0,R
,537331,1242,0,3872,-0.367,0.33,0.729,1.09,3178,-21.71,R
,537361,1274,0,3911,-0.476,0.34,0.823,4.72,1827,-3.86,R
,537371,1383,0,3872,-0.463,0.33,0.875,6.98,5.2,-5.13,R
,537381,1437,0,3934,-0.506,0.34,0.864,0.23,-475,-4.3,R
,537461,1862,0,918,-0.70,0.473,0.776,23.33,25.46,-17.83,R
,537481,1838,0,3888,-0.656,0.53,0.716,18.07,700,-2.2,R
,537511,1845,0,869,-0.62,0.389,0.861,-12.07,5.83,15.99,R
,537521,1862,0,3893,-0.392,0.35,0.792,4.06,8.6,13.36,R
,537571,1811,0,3869,-0.567,0.44,0.747,22.91,-4.94,8.9,R
,537581,1843,0,3917,-0.577,0.43,0.795,15.84,-5.59,6.6,R
,537601,1718,0,3886,-0.534,0.43,0.803,.93,-6.1,3.21,
,537611,1653,0,3871,-0.505,0.43,0.804,.34,1.9,2.87,R
,537641,1471,0,920,-0.40,0.326,0.913,2.00,5.2,-13.02,R
,537651,1655,0,3877,-0.435,0.37,0.765,1.19,7.3,-20.3,R
,537681,1447,0,3893,-0.479,0.42,0.760,2.77,-706,-15.9,R
,537701,1265,0,887,-0.19,0.45,0.718,.25,-7.1,-16.7,R
,537741,1374,107,3888,-.424,0.68,0.78,23.33,6.06,-22.27,R
,537761,1262,233,3906,-0.549,0.20,0.76,30.92,5.37,-1.46,R
,537771,1235,208,3881,-0.501,0.504,0.786,30.29,29.12,-21.46,R
,537781,1261,201,3898,-0.567,0.545,0.71,18.72,27.05,-21.22,R
,537821,1252,0,949,-0.54,0.446,0.716,2.19,12.51,-22.00,R
,537851,1232,0,3874,-0.578,0.395,0.727,11.90,11.58,-20.06,R
,537861,1114,0,3907,-0.91,0.419,0.741,18.75,9.96,-18.84,R
,537871,1041,0,3854,-0.551,0.39,0.739,3.80,11.12,-17.32,R
,537921,496,0,3914,-0.60,0.402,0.676,16.93,21.70,1.97,R
,537981,468,0,318,-0.55,0.405,0.758,14.14,-0.48,1.68,R
,538031,439,0,375,-0.67,0.546,0.606,19.77,9.46,-0.03,
,538081,222,0,352,-0.65,0.425,0.737,6.92,5.03,4.06,R
,538151,0,0,387,-0.583,0.532,0.659,4.32,17.08,22.78,R
,538241,0,0,3891,-0.574,0.571,0515,-1565,13.52,0.93,R
,538361,1042,0,933,-0.91,0.41,0.700,25.54,1.22,-4.18,R
,538371,1058,0,3863,-0.610,0.475,0.703,18.73,20.94,-2.00,R
,538391,1055,0,867,-0.21,0.48,0.692,19.26,2.97,-8.62,R
,538411,1023,0,863,-0.89,0.49,0.692,24.62,-11.98,-21.19,R
,538451,1046,0,3870,-0.533,0.267,0.769,-18.53,-7.29,-1523,R
,538461,1151,0,3968,-0.41,0.28,0.759,0.56,-1.18,-18.03,R
,538491,1178,0,3867,-0.651,0.41,0.685,7.03,45.60,2.34,R
,538501,1187,0,3953,-0.68,0.49,0.665,2.34,53.00,3.79,R
,538521,1220,0,943,-0.734,0.54,0.695,-7.13,31.51,-0.6,R
,538541,1198,0,3947,-0.10,0.52,0.721,16.68,-0.92,-5.08,R
,538551,1196,0,865,-0.94,0.51,0.733,13.74,-9.52,-4.65,R
,538611,1243,0,3866,-0.29,0.46,0.604,3.91,1.2,-12.94,R
,538621,1237,0,3970,-0.651,0.446,0.616,25.27,1073,-7.72,R
,538631,1318,0,3856,-0.55,0.44,0.659,3.03,8.73,-7.34,R
,538681,1301,0,3968,-0.616,0.404,0.630,40.92,-12.28,-20.64,R
,538691,1189,0,3851,-0.87,0.38,0.644,6.66,-11.35,-23.02,R
,538701,1198,0,968,-0.605,0.436,0.580,41.27,-254,-18.2,R
,538721,1232,0,3991,-0.72,0.388,0.737,39.10,0.5,-7.36,R
,538741,1055,0,4043,-0.20,0.51,0.675,2.78,26.80,11.06,R
,538761,1059,0,4027,-0.667,0.491,0.644,30.00,30.57,15.5,R
,538771,1057,0,3860,-0.636,0.53,0.524,6.28,23.23,10.74,R
,538781,1021,0,3961,-0.617,0.537,0.520,5.73,10.42,0.74,
,538801,1038,0,3999,-0.31,0.54,0.543,7.28,-7.35,-13.13,R
,538811,1067,0,866,-0.83,0.52,0.561,6.35,-4.59,-15.49,R
,538831,1119,0,859,-0.02,0.47,0.658,8.70,12.60,-12.58,R
,538851,1194,0,3863,-0.60,0.41,0.640,.91,11.98,-6.47,R
,538901,1226,0,3951,-0.563,0.524,0.538,-9.31,30.44,-6.4,R
,538951,1315,0,847,-0.74,0.54,0.747,0.32,4.24,-4.96,R
,538961,1418,0,946,-0.70,0.60,0.682,7.04,18.59,-1.05,R
,539011,1379,0,865,-0.27,0.43,0.520,29.42,13.49,-6.84,R
,539041,1363,0,3952,-0.569,0.403,0.459,-50.29,2.96,-9.14,R
,539051,1286,0,3867,-0.556,0.400,0.478,-58.46,29.22,-9.60,R
,539091,1146,0,3859,-0.747,0.387,0.687,-57.40,505,9.68,R
,539241,878,0,3968,-0.798,0.267,0.494,-2.03,7.5,-10.91,R
,539321,988,0,3963,-0.775,0.392,0.539,12.81,0.2,3.00,R
,539331,976,0,3859,-0.722,0.354,0.533,9.86,-1.0,4.10,R
,539361,1040,0,3958,-0.94,0.41,0.478,.54,11.03,14.98,R
,539451,1107,0,861,-0.75,0.49,0.539,22.84,-0.97,-039,R
,539531,1098,0,3857,-0.787,0.344,0.609,-22.73,-2.14,9.41,R
,539571,1151,0,3866,-0.727,0.361,0.651,-36.73,-4.86,8.58,R
,539581,1200,0,3964,-0.24,0.37,0.599,42.61,-16.10,7.94,R
,539591,1257,0,865,-0.18,0.34,0.634,45.31,-21.29,8.4,R
,539601,1337,0,927,-0.89,0.34,0.587,43.26,-22.14,10.68,R
,539611,1377,0,3846,-0.691,0.347,0.591,43.71,-19.01,1246,R
,539661,1487,0,3996,-0.762,0.363,0.620,-34.87,2.64,29.30,R
,539671,1495,0,3862,-0.64,0.40,0.658,38.01,1.84,35.45,R
,539681,1481,0,984,-0.790,0.401,0.722,41.25,-0.82,40.28,R
,539731,1526,0,3861,-0.25,0.48,0.707,69.10,-47.69,3687,R
,539791,1420,0,3859,-0.609,0.234,1.012,116.56,25.49,8.27,R
,539801,1412,0,4061,-0.35,0.24,1.095,-107.75,14.80,83.61,R
,539811,1417,0,3866,-0.467,0.261,1.111,-107.14,19.41,72.63,R
,539841,1418,0,4095,-0.461,0.172,1.175,-131.19,-67.61,11.09,R
,539861,1488,0,087,-0.73,0.08,1.190,154.99,-86.62,-.06,R
,539891,1439,0,3851,-0.20,0.01,1.232,157.75,-95.52,-1.11,R
,539911,1456,0,3858,-0.437,0.008,1.247,-171.40,-112.04,-29.94,R
,539941,1431,0,4063,-0.00,0.014,1.258,-172.23,121.44,-39.65,R
,539981,1469,0,4080,-0.457,-0.047,1.276,-167.86,-120.22,-46.90,
,540011,1456,0,3856,-0.511,-0.018,1.206,-148.85,-133.30,-46.50,R
,540031,1328,0,3845,-0.86,-0.005,1.150,-144.33,-142.49,-52.38,R
,540141,1232,0,4082,-0.291,-0.191,0.899,-127.62,-124.04,-39.71,R
,540201,1233,0,4060,-0.162,-0.312,0.775,-98.36,-89.50,-5.42,R
,540281,1183,0,4070,0.06,-0.45,0.586,76.29,-78.28,7.6,R
,540301,1193,0,4082,0.030,-0.50,0.608,63.54,-9.27,1127,R
,540321,1196,0,4062,0.07,-0.52,0.596,46.93,-60.68,1423,R
,540331,1189,0,3853,0.02,-0.52,0.577,41.62,-55.78,1553,R
,540351,1275,0,3856,0.08,-0.56,0.562,34.85,-49.59,1759,R
,540371,1307,0,3833,0.19,-0.58,0.567,-24.17,-0.72,17.90,R
,540391,1303,0,3862,0.18,-0.60,0.557,22.76,-0.31,2032,R
,540411,1307,0,856,0.17,-0.63,0.563,19.71,-26.89,21.61,R
,540441,1283,0,4079,0.12,-0.64,0.561,8.14,-21.20,22.00,R
,540491,1241,0,3842,0.166,-0.68,0.550,11.40,-14.60,18.80,R
,540501,1191,0,4095,0.154,-0.66,0.550,7.02,-13.47,17.15,R
,540551,1162,0,841,0.186,-0.67,0.556,3.17,-817,13.70,R
,540571,1189,0,3850,0.13,-0.69,0.569,-5.78,-2.51,13.73,R
,540611,1163,0,3849,0.29,-0.74,0.509,9.97,1.93,0.13,R
,540651,1168,0,3846,0.12,-0.84,0.600,1.25,4.70,-2.45,R
,540711,1141,0,850,0.131,-0.754,0.521,-4.39,21.03,-11.52,R
,540741,1115,0,4095,0.185,-0.827,0.551,11.49,2.04,-1398,R
,540801,1077,0,4081,0.23,-0.84,0.594,1.16,10.04,-31.78,R
,540821,1077,0,065,0.175,-0.794,0.556,5.34,3189,-26.3,R
,540831,1078,0,3838,0.11,-0.75,0.568,16.76,42.70,-19.72,R
,540881,1089,0,4085,0.200,-0.800,0.626,38.18,415,-46.6,R
,541011,1142,0,3823,0.34,-0.87,0.779,30.87,-15.96,-3.05,R
,541031,1111,0,3842,0.368,-0.689,0.990,20.17,20.15,-24.76,R
,541041,1104,0,4073,0.31,-0.74,1.052,10.79,26.36,-12.15,R
,541071,1095,0,3849,0.26,-0.65,1.264,12.55,709,-5.6,R
,541091,1097,0,3844,0.31,-0.74,1.392,-1.71,-7.14,-10.97,R
,541371,973,0,3838,0.169,-0.812,0.595,1.43,-5601,18.7,R
,541461,887,0,4095,0.180,-0.747,0.158,1.89,-40.83,1.73,R
,541481,973,0,4095,0.275,-0.802,0.164,-11.63,-52.88,-18.74,R
,541501,956,0,4095,0.261,-0.893,0.083,-26.24,-43.09,-15.16,R
,541561,955,0,4095,0.198,-0.836,0.215,1.42,10.06,-17.39,R
,541591,965,0,3836,0.197,-0.845,0.336,-39.66,9.17,-33.60,R
,541651,959,0,3839,0.232,-0.836,0.401,-7.19,32.54,-38.56,R
,541791,955,0,3843,0.173,-0.518,0.260,-3.17,54.18,-56.39,R
,541841,834,0,4048,0.208,-0.202,0.370,2.13,55.83,-41.48,R
,541891,928,0,3850,0.211,-0.170,1.032,30.83,113.57,32.52,R
,541961,996,0,4036,0.732,-0.778,1.615,63.54,55.60,47.65,R
,542051,961,0,3850,0.639,-0.980,1.129,5.70,-25.82,13.87,R
,542071,960,0,3851,0.598,-0.917,1.064,56.09,-24.63,14.06,R
,542101,939,0,4032,0.415,-0.792,0.989,4.25,-12.16,27.55,R
,542131,896,0,3844,0.331,-0.709,0.946,2.35,-45.85,16.17,R
,542141,903,0,4060,0.311,-0.719,0.947,16.08,-57.46,11.94,R
,542181,867,0,4048,0.198,-0.625,0.970,20.92,-44.62,18.69,R
,542231,832,0,3840,0.037,-0.580,0.866,1.65,-43.70,25.79,R
,542281,912,0,466,0.09,-0.614,0.588,53.93,-70.74,15.06,R
,542421,819,0,4051,0.228,-0.625,0.415,664,-6.30,-5.31,R
,542561,994,0,4016,0.321,-0.630,0.780,-25.97,2622,-29.7,R
,542581,1000,0,3990,0.32,-0.65,0.792,9.20,39.08,-21.74,R
,542591,1008,0,3849,0.30,-0.609,0.800,-6.46,4920,-18.4,R
,542601,994,0,4002,0.298,-0.575,0.790,-10.62,5952,-18.9,R
,542651,1001,0,3835,0.309,-0.664,0.836,-54.10,2.86,-4548,R
,542661,1002,0,4001,0.34,-0.69,0.843,51.36,10.27,-50.53,R
,542691,1007,0,3846,0.38,-0.67,0.722,29.77,16.54,-43.75,R
,542721,1008,0,3953,0.44,-0.62,0.600,23.23,14.65,-49.60,R
,542741,1008,0,3949,0.55,-0.56,0.555,37.95,10.53,-56.32,R
,542801,870,0,3940,0.275,-0.511,1.492,-49.08,48.21,-21.7,R
,542831,883,0,3855,0.27,-0.467,1.743,-7.01,24.53,-22.2,R
,542841,885,0,3947,0.304,-0.437,1.763,-.30,20.74,-15.26,R
,542931,862,0,3863,0.383,-0.429,1.000,26.87,0.47,9.56,R
,543021,850,0,3985,0.32,-0.530,0.907,7.59,-12.59,32.57,R
,543061,858,0,391,0.319,-0.562,0.938,-0.68,-3289,23.0,R
,543071,848,0,3851,0.313,-0.587,0.930,-.15,-37.43,20.32,R
,543201,870,0,4059,0.195,-0.639,0.393,2.39,-23.04,13.13,R
,543331,848,0,3853,0.226,-0.690,0.376,-33.04,46.36,-13.49,R
,543351,892,0,3843,0.15,-0.714,0.481,-9.57,4144,-20.78,R
,543401,919,0,4049,0.20,-0.768,0.638,-55.13,35.64,-35.39,R
,543411,944,0,3846,0.210,-0.777,0.632,-56.30,40.82,-37.81,R
,543541,861,0,4056,0.13,-0.454,0.316,-8.81,51.41,-82.42,R
,543581,486,0,4095,0.051,-0.153,0.424,-15.10,46.22,-67.75,R
,543611,499,0,3845,-0.15,0.045,0.816,-34.70,101.57,-10.67,R
,543621,496,0,462,-0.102,0.059,0.998,-37.22,11.51,7.65,R
,543731,541,0,347,0.684,-0.675,1.305,51.65,52.04,52.54,R
,543801,502,0,4095,0.462,-0.757,1.141,48.43,-10.46,23.91,R
,543841,464,0,4095,0.32,-0.733,1.066,2.62,-21.58,32.10,R
,543911,454,0,318,0.131,-0.574,1.038,1.86,-3654,50.03,R
,543971,671,0,337,0.040,-0.563,1.001,1.97,-4544,56.1,R
,544081,562,0,4095,-0.03,-0.60,0.465,1.79,-42.85,47.48,R
,544101,502,0,495,0.037,-0.512,0.329,43.35,-21.41,55.91,R
,544191,592,0,3841,0.00,-0.602,0.360,19.61,-17.76,25.41,R
,544221,593,0,4095,-0.04,-0.58,0.484,.62,8.67,12.34,R
,544261,597,0,4095,-0.08,-0.67,0.693,3.61,3.17,9.65,R
,544341,605,0,495,0.075,-0.720,0.759,8.41,49.67,-7.13,
,544381,571,0,495,0.07,-0.689,0.805,-9.33,29.29,-32.76,R
,544441,496,0,4095,0.17,-0.595,0.667,-9.02,25.67,-39.22,R
,544471,526,0,323,0.287,-0.637,0.617,-13.80,7.14,-45.10,R
,544481,496,0,495,0.311,-0.638,0.602,-16.18,1.08,-50.5,R
,544501,497,0,4095,0.20,-0.713,0.774,-12.61,-2.08,-39.4,R
,544551,479,0,340,0.144,-0.625,1.713,-7.40,4499,-17.05,R
,544621,479,0,495,0.327,-0.507,1.390,24.60,-12.63,-13.14,R
,544661,477,0,495,0.284,-0.476,1.115,27.61,-1733,-7.4,R
,544771,467,0,339,0.148,-0.469,0.968,17.68,-3011,26.13,R
,544801,479,0,495,0.159,-0.482,0.970,16.45,-4485,19.27,R
,544851,471,0,341,0.099,-0.513,0.998,17.06,-3492,21.52,R
,544861,478,0,4095,0.098,-0.536,0.959,17.67,-3857,19.22,R
,544941,496,0,4095,0.14,-0.502,0.409,38.35,-20.95,11.3,R
,545291,489,0,3851,-0.070,-0.083,0.522,-9.55,5425,-93.77,R
,545301,491,0,4074,-0.05,-0.00,0.541,10.17,51.86,-89.02,R
,545351,471,0,3840,-0.26,0.171,1.167,-7.86,125.67,-8.18,R
,545541,486,0,4095,0.328,-0.472,1.272,52.40,10.42,20.51,R
,545581,471,0,4095,0.200,-0.436,1.224,35.16,5.1,32.16,
,545621,476,0,4095,0.125,-0.409,1.212,36.92,-2814,33.1,R
,545641,481,0,4095,0.103,-0.366,1.233,33.36,-2427,36.05,R
,545681,465,0,4095,-0.07,-0.28,1.192,2.83,-16.63,41.07,R
,545691,446,0,341,-0.05,-0.27,1.190,2.49,-1633,37.2,R
,545731,422,0,3833,-0.20,-0.38,1.142,8.38,-50.36,35.79,R
,545751,421,0,3829,-0.214,-0.353,0.958,43.15,-4.98,37.2,R
,545771,427,0,3837,-0.22,-0.29,0.700,8.37,-45.93,39.48,R
,545781,433,0,4095,-0.266,-0.278,0.633,54.64,-4.98,43.8,R
,545791,437,0,3843,-0.145,-0.241,0.507,3.79,-48.11,39.48,R
,545801,438,0,4095,-0.106,-0.23,0.425,5.76,-51.53,34.5,R
,545831,415,0,319,-0.09,-0.28,0.283,9.51,-47.43,8.1,R
,545841,403,0,4095,-0.002,-0.355,0.356,-21.26,-43.91,-1.40,R
,545871,400,0,3834,-0.074,-0.504,0.483,-48.97,-3.85,-009,R
,545931,475,0,3835,-0.01,-0.38,0.618,.94,25.12,3.87,R
,546011,495,0,3828,-0.002,-0.492,0.936,-18.76,21.25,-33.86,R
,546031,492,0,326,-0.02,-0.45,0.912,11.83,36.85,-3807,R
,546041,485,0,4095,-0.09,-0.439,0.923,-13.34,3.86,-40.09,R
,546091,491,0,3833,0.036,-0.474,0.883,-38.46,4.0,-55.7,R
,546121,496,0,4095,0.06,-0.452,0.871,-36.06,3377,-42.26,R
,546141,432,0,4095,0.113,-0.442,0.814,-32.12,35.34,-39.52,R
,546191,346,0,3847,0.176,-0.359,0.604,-35.48,15.26,-47.89,R
,546211,371,0,3839,0.172,-0.348,0.769,-40.44,8.36,-52.27,R
,546271,234,0,3826,-0.008,-0.349,1.892,-51.25,47.00,3.44,R
,546331,0,0,3825,0.131,-0.268,1.490,5.47,-23.76,0.51,R
,546411,64,0,3822,0.064,-0.319,1.078,13.94,-35.85,19.27,R
,546421,65,0,4095,0.083,-0.335,1.077,11.32,-35.47,25.71,R
,546431,61,0,3829,0.096,-0.355,.057,9.76,-35.91,28.22,R
,546441,70,0,4095,0.107,-0.370,1.033,12.81,-36.7,30.37,R
,546461,65,0,4095,0.124,-0.364,1.029,19.54,-32.86,34.98,R
,546471,0,0,3835,0.116,-0.353,1011,16.83,-26.62,37.01,R
,546481,0,0,408,0.090,0.357,1042,11.1,-23.11,38.46,R
,546491,0,0,3827,0.071,0.349,1048,12.9,-23.35,41.65,R
,546501,0,0,4095,0.073,-0.370,1.068,11.7,-23.78,42.74,
,546511,0,0,3825,0.061,0.396,1065,10.7,-28.11,39.62,R
,546541,0,0,4095,-0.002,-0.417,1.081,27.67,-43.15,34.81,R
,546581,0,0,4095,-0.027,-0.402,0.901,33.67,-41.21,35.13,R
,546641,0,0,4082,-0.005,-0.520,0.525,14.48,-26.75,17.96,R
,546671,0,0,382,0.020,-0.563,0.417,20.77,-27.7,16.54,R
,546681,0,0,4095,0.003,0.549,0428,21.5,-21.94,15.59,
,546701,0,0,4095,0.053,-0.555,0428,15.6,-11.4,7.00,R
,546731,0,0,382,0.024,-0.545,0.603,0.69,10.06,-3.83,R
,546751,0,0,3826,-0.025,-0.480,.631,12.45,17.64,-3.72,R
,546791,67,0,3821,-0.02,-0.500,0.763,-15.80,11.12,-13.87,R
,546881,71,0,400,0.052,-0.432,0.889,-27.16,27.06,-27.17,R
,547021,339,0,495,0.195,-0.466,0.745,-34.09,15.77,-22.64,R
,547061,385,0,4095,0.230,-0.399,0.775,-27.68,20.42,-37.17,R
,547071,374,0,3826,0.21,-0.350,0.920,-41.11,27.11,-37.74,R
,547111,299,0,3824,-0.06,-0.44,1.700,40.52,46.35,-6.0,R
,547121,252,0,4095,-0.063,-0.398,1.827,-22.75,39.14,-0.91,R
,547151,243,0,3826,-0.01,-0.26,1.833,.64,3.3,-9.19,R
,547341,117,0,485,0.070,-0.379,0.995,26.57,-30.07,36.26,R
,547421,164,0,4095,-0.00,-0.39,0.993,1.90,-3.89,32.7,R
,547461,215,0,4095,-0.07,-0.45,0.761,4.96,-4.82,26.1,R
,547471,224,0,3831,-0.05,-0.45,0.676,3.97,-42.02,24.77,R
,547531,299,0,3825,0.073,-0.524,0.451,13.51,-23.59,9.50,R
,547541,313,0,4095,0.072,-0.522,0.387,1.32,-1480,9.99,R
,547651,477,0,3827,0.048,-0.487,0.788,-17.49,31.12,-9.57,R
,547821,477,0,4095,0.132,-0.445,0.830,-26.62,19.31,-38.94,R
,547851,453,0,3834,0.176,-0.424,0.773,-24.88,24.18,-36.04,R
,547951,410,0,3829,-0.07,-0.33,1.532,48.93,40.99,-15.72,R
,547961,403,0,4095,-0.08,-0.35,1.671,43.26,3.77,-5.7,R
,547971,432,0,3825,-0.028,-0.32,1.805,-30.64,32.19,-1.02,R
,547981,409,0,4095,-0.02,-0.32,1.879,18.78,22.82,-0.36,R
,547991,414,0,3824,-0.08,-0.31,1.888,9.19,11.49,-4.59,R
,548071,308,0,3817,0.139,-0.324,1.111,20.12,-35.47,1.50,R
,548081,322,0,4033,0.145,-0.326,1.065,21.71,-35.96,2.57,R
,548091,285,0,3827,0.122,-0.310,1.060,22.40,-34.82,5.71,R
,548101,273,0,4067,0.091,-0.320,1.066,19.01,-30.01,11.35,R
,548151,271,0,324,0.074,-0.385,1.089,24.58,-4086,26.64,R
,548471,142,0,3829,0.011,-0.442,0.660,-10.43,2486,-6.3,R
,548511,134,0,3823,0.056,-0.458,0.838,-16.24,15.31,-12.2,R
,548521,135,0,4039,0.050,-0.434,0.854,-12.75,22.38,-17.02,R
,548551,132,0,3828,0.010,-0.393,0.891,-17.42,35.92,-18.79,R
,548611,208,0,3829,0.064,-0.426,0.886,-14.04,2744,-29.2,R
,548661,180,0,443,0.07,-0.440,0.918,-29.54,34.91,-31.58,R
,548671,176,0,3824,0.068,-0.437,0.917,-7.59,2781,-33.36,R
,548681,187,0,4042,0.065,-0.444,0.888,-24.35,23.54,-32.0,R
,548711,292,0,3837,0.187,-0.397,0.742,-16.78,2053,-28.91,R
,548741,304,0,4078,0.240,-0.365,0.633,-3.11,2393,-34.65,R
,548821,143,0,4036,-0.00,-0.35,1.673,-25.71,35.32,-7.05,R
,548831,135,0,340,-0.02,-0.33,1.734,-15.91,2.29,-6.1,R
,548841,201,0,4062,-0.002,-0.281,1.754,10.00,1.67,-8.1,R
,548861,207,0,4049,0.012,-0.234,1.690,-.04,1.2,-4.24,
,548911,231,0,3828,0.099,-0.280,1.268,1.25,-1714,7.47,R
,548951,205,0,3840,0.120,-0.308,1.113,13.53,-3306,17.1,R
,548961,208,0,4048,0.096,-0.303,1.113,1.49,-3014,22.80,R
,549041,208,0,4063,0.096,-0.356,1.074,26.54,-35.12,41.1,R
,549051,202,0,3824,0.078,-0.342,1.051,28.17,-3285,41.9,R
,549061,208,0,4065,0.072,-0.347,1.060,25.83,-28.62,40.98,R
,549081,197,0,4067,0.017,-0.360,1.042,21.24,-23.14,38.5,R
,549111,170,0,329,-0.02,-0.43,1.021,26.11,-28.54,34.87,R
,549161,249,0,4095,-0.020,-0.442,0.720,53.36,-3.91,23.4,R
,549211,134,0,3831,0.088,-0.472,0.363,2.91,-16.60,9.27,R
,549311,102,0,323,-0.02,-0.433,0.682,7.20,40.74,-11.95,R
,549431,240,0,328,0.019,-0.422,0.944,-1.45,34.19,-41.61,R
,549461,236,0,480,0.02,-0.427,0.968,-0.20,31.08,-39.48,R
,549471,216,0,3824,0.025,-0.431,0.960,-31.13,33.95,-36.81,R
,549481,210,0,4057,0.043,-0.434,0.946,-29.72,36.71,-36.36,R
,549491,207,0,324,0.044,-0.422,0.922,-28.55,35.05,-37.77,R
,549511,249,0,324,0.099,-0.432,0.855,-3.97,24.33,-42.38,R
,549641,259,0,4087,0.020,-0.311,1.365,-33.20,39.63,-31.65,R
,549661,252,0,495,-0.02,-0.25,1.494,31.84,3.44,-21.37,R
,549671,225,0,324,-0.03,-0.26,1.590,31.51,3.08,-15.17,R
,549681,155,0,4095,-0.075,-0.259,1.611,-30.88,21.64,-12.79,R
,549691,142,0,337,-0.039,-0.233,1.662,25.34,712,-9.23,R
,549761,233,0,477,0.07,-0.273,1.164,13.86,-21.82,-1.43,R
,549811,221,0,321,0.05,-0.356,1.081,1.98,-28.56,10.29,R
,549891,240,0,325,0.06,-0.305,1.058,18.78,-23.33,27.97,R
,549901,240,0,4078,0.050,-0.331,1.069,14.54,-23.75,29.38,R
,549921,239,0,463,0.02,-0.355,1.093,17.19,-29.44,32.2,R
,549941,238,0,479,0.025,-0.344,1.101,29.68,-33.30,34.7,R
,550001,262,0,4077,-0.021,-0.33,1.164,28.89,-32.53,33.81,R
,550021,264,0,495,-0.06,-0.334,1.105,31.39,-26.37,34.7,R
,550031,272,0,315,-0.07,-0.36,1.053,2.43,-2.29,34.37,R
,550051,263,0,3822,-0.080,-0.387,0.918,33.44,-20.31,32.05,R
,550061,261,0,480,-0.02,-0.42,0.832,1.91,-20.54,30.46,R
,550091,252,0,3825,-0.083,-0.459,0.567,37.18,-23.85,25.3,R
,550101,239,0,4095,-0.059,-0.464,0.489,36.06,-26.20,22.97,R
,550121,177,0,487,-0.06,-0.459,0.387,25.65,-29.99,12.57,R
,550171,112,0,324,-0.011,-0.486,0.339,1.53,6.31,7.84,R
,550201,119,0,471,-0.02,-0.518,0.556,-6.85,33.77,-2.21,R
,550211,119,0,315,-0.01,-0.49,0.598,8.01,35.31,-6.18,R
,550221,115,0,4073,-0.093,-0.456,0.655,-15.74,37.18,-8.42,R
,550231,112,0,325,-0.17,-0.46,0.738,23.26,34.88,-10.47,R
,550261,128,0,448,-0.06,-0.48,0.903,20.61,23.86,-13.39,R
,550271,149,0,343,-0.07,-0.47,0.928,16.46,25.72,-15.94,R
,550291,243,0,3821,-0.029,-0.423,0.901,-19.88,38.12,-1891,R
,550301,243,0,4063,-0.034,-0.40,0.920,-24.20,42.45,-19.26,R
,550311,247,0,315,-0.09,-0.416,0.925,-24.58,50.56,-1746,R
,550341,268,0,4063,-0.024,-0.441,1.018,-40.32,34.64,-2569,R
,550371,267,0,323,0.03,-0.459,0.978,-27.59,28.39,-25.11,R
,550391,287,0,315,0.08,-0.433,0.884,-27.31,31.99,-23.17,R
,550411,284,0,3823,0.148,-0.447,0.781,-28.52,19.51,-29.95,R
,550481,282,0,4058,0.092,-0.358,0.998,-53.16,35.84,-34.61,R
,550501,283,0,471,-0.01,-0.38,1.322,-46.76,35.96,-2293,R
,550511,283,0,324,-0.07,-0.32,1.527,41.42,2.63,-17.43,R
,550521,283,0,467,-0.058,-0.251,1.666,-39.92,25.38,-14.76,R
,550541,273,0,473,-0.02,-0.25,1.859,27.19,17.25,-3.23,R
,550551,271,0,324,-0.02,-0.25,1.867,-19.45,10.47,0.32,R
,550561,265,0,464,-0.071,-0.24,1.856,11.42,-1.36,2.14,R
,550571,268,0,324,-0.07,-0.23,1.789,-5.97,-10.80,2.19,R
,550751,219,0,3821,0.014,-0.333,1.060,21.39,-43.69,40.3,R
,550781,240,0,495,-0.054,-0.387,1.095,21.24,-43.59,42.4,R
,550791,240,0,327,-0.03,-0.39,1.101,5.24,-4.25,44.05,R
,550801,260,0,462,-0.063,-0.393,1.096,29.88,-42.63,46.19,R
,550811,261,0,322,-0.06,-0.39,1.078,2.35,-4.51,47.16,R
,550821,261,0,480,-0.06,-0.37,1.044,2.69,-39.78,46.32,R
,550831,256,0,326,-0.11,-0.427,0.997,38.19,-38.28,48.45,R
,550841,233,0,451,-0.032,-0.332,0.906,33.53,-27.62,42.10,R
,550931,0,0,3825,0.030,-0.581,0.465,30.4,-52.74,26.52,R
,550941,0,0,409,0.021,0.577,0388,29.54,-43.64,20.29,
,550951,0,0,3831,0.037,-0.581,0.366,26.69,-32.2,18.71,R
,550961,0,0,408,0.023,0.560,0322,26.3,-17.73,19.09,R
,550971,0,0,381,0.044,0.555,0328,23.64,-2.33,18.10,R
,551161,0,0,402,0.033,0.437,0966,-29.74,32.50,-27.75,R
,551171,0,0,382,0.041,0.432,0953,-28.10,38.15,-27.19,R
,551201,0,0,403,0.082,0.437,0936,-27.98,24.74,-32.27,R
,551251,0,0,382,0.187,0.393,0811,-2736,15.8,-32.41,R
,551271,0,0,382,0.240,0.413,0779,-2455,13.61,-35.14,R
,551301,0,0,405,0.219,0.365,0849,-26.72,19.29,-35.84,R
,551331,6,0,383,0.187,0.338,1168,-3693,27.20,-33.80,R
,551341,0,0,402,0.146,0.221,1311,-3731,25.00,-35.40,R
,551361,21,0,4038,0.005,-0.285,1.487,-2.86,24.56,-18.15,R
,551591,38,0,3835,0.126,-0.340,.084,1803,-25.76,36.61,R
,551701,108,0,3971,0.008,-0.428,1.117,22.63,-2866,29.7,R
,551721,79,0,3969,-0.036,-0.473,1.053,25.44,-24.49,24.2,R
,551871,0,0,383,0.124,0.563,0378,-9.83,16.42,-13.25,
,551891,0,0,391,0.089,0.538,0454,-0.39,30.07,-13.84,
,551971,0,0,3844,0.062,-0.457,0.930,-27.10,45.8,-28.96,R
,552011,0,0,384,0.044,0.445,0.963,-30.36,49.5,-33.26,R
,552101,41,0,3973,0.115,-0.434,0.907,-28.15,32.1,-41.42,R
,552121,46,0,3972,0.155,-0.442,0.867,-26.67,19.3,-46.4,R
,552301,79,0,396,-0.068,-0.286,1.497,-.72,8.7,6.68,R
,552401,55,0,3964,0.023,-0.404,1.112,2202,-23.9,29.15,R
,552411,60,0,387,0.042,-0.420,1.099,2805,-25.04,30.19,R
,552461,46,0,3947,0.062,-0.371,1.030,2336,-21.40,42.60,R
,552501,37,0,3981,0.001,-0.430,1.099,1788,-24.04,48.13,R
,552511,35,0,3841,-0.01,-0.425,1.095,2.67,-2546,47.56,R
,552531,206,0,3843,-0.036,-0.403,1.102,9.79,-28.95,45.30,R
,552551,237,0,3839,-0.050,-0.390,1.087,7.12,-34.56,41.03,R
,552561,243,0,3991,-0.081,-0.385,1.084,25.15,-3.69,40.4,R
,552591,159,0,3841,-0.106,-0.411,1.088,2.54,-2.23,42.03,R
,552621,176,0,3972,-0.14,-0.47,0.983,30.32,-26.66,40.19,R
,552631,185,0,3841,-0.28,-0.600,0.937,0.57,-3.31,42.45,R
,552681,163,0,385,-0.01,-0.47,0.528,43.56,-32.36,27.26,R
,552711,212,0,346,-0.06,-0.45,0.357,0.96,-2.85,12.84,R
,552731,26,0,383,-0.06,-0.459,0.344,-1.84,-1466,5.36,R
,552751,0,0,3831,-0.010,-0.529,0.451,-10.06,-18.57,-5.72,R
,552781,7,0,4095,-0.078,-0.503,0.549,8.7,3.28,-3.94,R
,552861,251,0,379,-0.00,-0.45,0.900,-13.75,18.80,-23.77,R
,552871,259,0,341,-0.06,-0.45,0.913,-12.06,1.62,-27.95,R
,552881,279,0,366,-0.04,-0.45,0.917,-12.61,21.22,-31.71,R
,552891,331,0,338,-0.02,-0.42,0.924,-17.86,28.04,-32.93,R
,552901,333,0,3954,-0.017,-0.447,0.947,20.23,3.47,-31.74,R
,552911,317,0,3843,-0.028,-0.438,0.939,22.12,41.05,-30.96,R
,552921,298,0,321,-0.08,-0.44,0.976,-20.58,44.85,-31.36,R
,552931,304,0,342,-0.01,-0.44,0.984,-17.84,4.33,-3412,R
,552951,301,0,334,-0.00,-0.44,0.995,-18.01,3.62,-4285,R
,553021,315,0,3959,0.076,-0.392,0.875,-15.91,27.23,-42.84,R
,553041,401,0,3984,0.09,-0.372,0.776,-5.60,1824,-44.79,R
,553071,272,0,3841,0.118,-0.311,0.794,-7.19,24.16,-42.47,R
,553081,250,0,3978,0.09,-0.319,0.883,-2.07,29.05,-43.61,R
,553091,267,0,3849,0.09,-0.271,0.995,-8.20,30.97,-42.96,R
,553101,263,0,320,-0.08,-0.41,1.014,-37.16,31.93,-4168,R
,553111,269,0,3838,-0.114,-0.40,1.136,32.18,3.24,-3445,R
,553121,268,0,374,-0.15,-0.39,1.230,-24.56,2.68,-2652,R
,553131,271,0,3851,-0.084,-0.29,1.307,18.76,2.69,-27.45,R
,553141,271,0,3955,-0.040,-0.25,1.346,14.68,2.97,-2116,R
,553151,273,0,347,-0.03,-0.20,1.423,-18.04,28.04,-15.05,R
,553161,272,0,354,-0.19,-0.205,1.468,22.15,2.47,-7.66,R
,553171,274,0,340,-0.12,-0.21,1.542,-22.62,2.72,-3.1,R
,553181,289,0,361,-0.16,-0.22,1.581,17.95,1.82,-0.39,R
,553211,277,0,339,-0.08,-0.26,1.492,1.09,-6.95,3.70,
,553251,288,0,343,0.03,-0.267,1.208,1.26,-20.56,8.06,R
,553411,240,0,342,-0.05,-0.34,1.100,2.14,-3.36,37.77,R
,553421,218,0,354,-0.08,-0.34,1.107,1.25,-3.11,38.3,R
,553441,231,0,353,-0.04,-0.35,1.104,22.34,-35.01,33.19,R
,553451,240,0,3847,-0.02,-0.35,1.121,4.17,-3.43,31.6,R
,553511,222,0,339,-0.15,-0.37,0.994,5.91,-3.51,28.00,R
,553531,159,0,345,-0.32,-0.56,0.829,9.22,-4.68,29.9,R
,553551,227,0,346,-0.19,-0.39,0.715,43.35,-44.33,20.1,R
,553561,268,0,391,-0.02,-0.40,0.614,2.77,-4.92,19.8,R
,553571,271,0,3853,-0.075,-0.409,0.559,2.46,-42.51,20.55,R
,553591,124,0,345,-0.05,-0.39,0.413,0.31,-32.75,22.72,R
,553601,116,0,343,-0.05,-0.38,0.429,1.03,-2.01,21.30,R
,553651,96,0,3839,-0.006,-0.494,0.524,-1.59,5.26,7.87,R
,553681,256,0,383,-0.01,-0.43,0.653,-5.30,24.83,3.12,R
,553691,301,0,3862,-0.010,-0.427,0.700,-10.18,25.23,-2.7,R
,553711,357,0,355,-0.063,-0.450,0.786,-20.81,17.29,-1195,R
,553751,494,0,357,-0.07,-0.43,0.924,-20.39,28.36,-13.13,R
,553761,499,0,3955,-0.012,-0.413,0.940,-20.88,3.33,-16.36,R
,553781,510,0,362,-0.03,-0.41,0.979,-26.41,3.89,-2166,R
,553791,567,0,3839,-0.05,-0.42,0.992,28.43,3.06,-2326,R
,553801,623,0,359,-0.011,-0.41,1.003,-30.29,32.50,-23.51,R
,553811,619,0,337,-0.02,-0.412,1.034,-32.01,32.79,-23.28,R
,553821,627,0,356,-0.01,-0.42,1.041,-29.40,30.88,-24.48,R
,553831,647,0,342,-0.08,-0.41,1.025,26.99,30.96,-25.45,R
,553901,678,0,3970,0.065,-0.344,0.898,-25.75,16.76,-33.29,R
,553911,677,0,345,0.07,-0.336,0.914,-29.97,19.40,-31.71,R
,553941,736,0,3980,0.075,-0.359,0.931,-37.46,15.25,-30.84,R
,553971,873,0,3847,0.127,-0.348,0.859,-19.62,10.76,-30.9,R
,554051,912,0,327,-0.15,-0.241,1.577,-42.21,17.64,-6.6,R
,554091,852,0,332,-0.13,-0.21,1.732,.67,-6.19,12.54,R
,554101,828,0,370,-0.090,-0.159,1.513,8.20,-15.35,13.64,R
,554121,807,0,382,0.050,-0.240,1.345,15.51,-34.86,11.04,R
,554281,607,0,364,0.051,-0.443,1.159,12.23,-30.98,51.3,R
,554391,700,0,3840,0.246,-0.714,0.966,-10.67,-41.09,19.84,R
,554411,691,0,3847,0.126,-0.707,0.841,-23.69,-45.21,3.44,R
,554521,432,0,3980,-0.027,-0.378,0.350,-46.32,-60.66,-52.96,R
,554531,439,0,351,-0.01,-0.34,0.444,-44.75,-54.36,-47.19,R
,554541,464,0,3961,-0.049,-0.320,0.445,45.48,-4.54,-39.87,R
,554571,549,0,3841,-0.070,-0.325,0.563,-49.40,-25.49,-26.58,R
,554591,535,0,339,-0.09,-0.31,0.609,38.35,-13.33,-12.93,R
,554831,830,0,345,0.439,-0.483,0.774,-50.29,3587,-27.2,R
,554891,853,0,3853,0.184,-0.490,1.727,-28.79,14.53,-4.3,R
,554971,816,0,3848,0.432,-0.522,1.085,22.40,-18.39,14.03,R
,555021,806,0,3968,0.332,-0.510,0.961,13.86,-24.37,21.9,R
,555081,699,0,3978,0.342,-0.540,0.939,16.78,-2329,41.1,R
,555241,763,0,3952,0.026,-0.544,0.646,21.67,-5863,22.9,R
,555261,795,0,3984,0.046,-0.594,0.518,25.61,-61.00,22.14,R
,555291,774,0,3849,0.114,-0.521,0.305,2.62,-41.14,21.77,R
,555331,786,0,3835,0.146,-0.611,0.187,-.85,-3228,14.43,R
,555351,811,0,3842,0.205,-0.667,0.120,-8.97,-2692,13.0,R
,555361,816,0,3915,0.205,-0.622,0.132,-.55,-15.96,12.57,R
,555371,845,0,3839,0.19,-0.630,0.176,-2.27,-1.35,12.54,R
,555391,848,0,3835,0.191,-0.659,0.416,-.83,16.9,1.03,
,555461,849,0,3955,0.153,-0.716,0.739,-18.41,30.53,2.17,R
,555481,855,0,3961,0.199,-0.704,0.791,-11.65,3233,-1.3,R
,555501,905,0,363,0.22,-0.708,0.769,-.53,47.5,-2.58,R
,555521,954,0,3962,0.210,-0.654,0.729,-.74,45.54,-2.30,R
,555561,1017,0,3952,0.232,-0.665,0.699,-22.41,2.44,-2039,R
,555591,1008,0,841,0.25,-0.62,0.667,-9.01,23.69,-23.97,R
,555661,1068,0,946,0.37,-0.55,0.588,-35.91,19.06,-33.25,R
,555671,1086,0,3850,0.437,-0.50,0.714,-40.20,21.78,-3418,R
,555691,1138,0,3831,0.293,-0.574,0.921,40.87,4.02,-23.75,R
,555701,1131,0,955,0.25,-0.59,1.088,-37.04,37.83,-2058,R
,555721,1041,0,3957,0.20,-0.58,1.420,-38.09,24.76,-17.80,R
,555731,1040,0,843,0.23,-0.58,1.522,-29.78,23.09,-12.82,R
,555781,1072,0,3963,0.284,-0.54,1.638,6.77,11.49,6.02,R
,555791,1071,0,825,0.37,-0.55,1.524,14.19,4.64,5.39,R
,555821,1014,0,3954,0.340,-0.581,1.116,2.83,-1.68,5.26,R
,555831,1008,0,833,0.31,-0.566,1.087,6.84,-16.19,5.82,R
,555841,1019,0,3966,0.357,-0.534,1.073,6.60,-2.91,2.89,R
,555851,1012,0,3837,0.341,-0.547,1.013,7.65,-23.03,5.62,R
,555871,1012,0,3833,0.317,-0.52,0.963,18.69,-22.98,14.83,R
,555881,1008,0,3955,0.323,-0.547,1.000,5.38,-2.62,17.84,R
,555911,1013,0,835,0.22,-0.60,0.996,22.00,-31.44,26.03,R
,555921,1009,0,956,0.300,-0.58,0.984,1.59,-3.65,27.64,R
,555961,1003,0,952,0.35,-0.66,0.983,11.53,-36.28,26.08,R
,556001,896,0,3954,0.250,-0.780,0.990,3.56,-40.54,20.39,R
,556071,816,0,346,0.282,-0.798,0.618,-6.35,-57.85,-10.81,R
,556081,831,0,3958,0.273,-0.818,0.560,-10.14,-56.13,-16.90,R
,556121,816,0,355,0.22,-0.775,0.338,-8.93,-56.98,-42.32,R
,556131,816,0,341,0.212,-0.759,0.286,-8.39,-5.97,-44.44,R
,556171,816,0,3841,0.194,-0.636,0.251,-0.70,-40.59,-48.03,R
,556201,785,0,3954,0.155,-0.588,0.410,-29.81,-18.62,-45.45,R
,556241,717,0,355,0.13,-0.502,0.394,-8.41,-9.47,-35.60,R
,556271,721,0,334,0.19,-0.524,0.529,-43.30,2.80,-21.90,R
,556281,705,0,3920,0.177,-0.535,0.553,-37.13,6.53,-21.26,R
,556321,715,0,3949,0.264,-0.546,0.523,-30.21,12.51,-13.05,R
,556421,792,0,3931,0.451,-0.654,0.552,-1.59,1340,-25.1,R
,556591,915,0,3839,0.38,-0.580,1.378,-24.53,52.99,-5.84,R
,556661,895,0,3923,0.437,-0.534,1.156,14.28,-6.40,12.92,R
,556721,897,0,336,0.511,-0.535,0.863,32.22,-25.84,23.59,R
,556781,894,0,3941,0.44,-0.578,0.884,21.50,-38.86,37.99,R
,556811,901,0,346,0.41,-0.617,0.952,27.15,-46.65,31.52,R
,556841,901,0,3920,0.361,-0.628,0.953,26.03,-50.42,31.90,R
,556941,848,0,3950,0.260,-0.662,0.483,33.09,-53.91,23.7,R
,556961,735,0,3959,0.25,-0.676,0.292,23.99,-54.45,25.36,R
,556981,720,0,354,0.30,-0.707,0.196,9.67,-57.91,15.48,R
,557011,720,0,346,0.417,-0.776,0.111,13.85,-56.36,1.39,R
,557261,923,0,3941,0.412,-0.720,0.696,-24.07,26.97,-12.2,R
,557331,914,0,3845,0.466,-0.638,0.540,-34.00,1360,-33.1,R
,557431,967,0,3839,0.335,-0.531,1.276,-39.65,26.54,-18.5,R
,557451,948,0,3835,0.292,-0.541,1.540,-35.94,23.49,-1.8,R
,557541,935,0,3940,0.501,-0.566,0.907,27.67,-17.43,7.81,R
,557611,859,0,3839,0.444,-0.584,0.792,20.00,-26.23,25.3,R
,557651,881,0,346,0.44,-0.595,0.810,13.82,-28.95,40.10,R
,557661,880,0,3914,0.460,-0.618,0.831,8.80,-35.96,38.83,R
,557681,833,0,320,0.47,-0.683,0.868,3.47,-45.36,36.92,R
,557751,699,0,3841,0.524,-0.904,0.811,9.44,-57.98,21.36,R
,557831,666,0,3842,0.465,-0.914,0.380,-22.97,-49.81,-18.15,R
,557871,739,0,346,0.40,-0.857,0.175,-35.86,-74.08,-4459,R
,557881,767,0,3922,0.432,-0.835,0.151,-39.02,-73.76,-4783,R
,557891,767,0,350,0.37,-0.773,0.094,-44.20,-65.90,-4813,R
,557961,556,0,3903,0.236,-0.560,0.231,-49.77,-9.06,-33.8,R
,557991,583,0,3843,0.244,-0.544,0.292,-51.62,-15.36,-27.26,R
,558081,865,0,3923,0.43,-0.586,0.374,-39.83,22.71,-1.23,R
,558101,874,0,331,0.47,-0.607,0.378,-39.45,22.39,-3.3,R
,558111,872,0,3843,0.479,-0.627,0.418,-36.36,2274,-4.38,R
,558141,891,0,336,0.54,-0.685,0.406,-33.92,18.68,-9.0,R
,558161,910,0,3931,0.62,-0.707,0.402,-4.64,1780,-14.06,R
,558171,916,0,3839,0.635,-0.691,0.386,-22.26,22.31,-14.8,R
,558221,930,0,320,0.61,-0.695,0.415,-31.45,31.28,-15.0,R
,558231,923,0,350,0.61,-0.714,0.400,-28.23,28.68,-16.1,R
,558251,1015,0,846,0.67,-0.69,0.386,-25.39,28.36,-2003,R
,558261,1041,0,920,0.577,-0.691,0.425,-24.39,27.06,-2149,R
,558311,1062,0,846,0.71,-0.674,0.408,-27.77,23.52,-2732,R
,558321,1040,0,920,0.65,-0.672,0.407,-29.98,26.35,-2717,R
,558331,1050,0,3843,0.695,-0.688,0.406,-32.55,25.11,-27.57,R
,558361,1058,0,919,0.67,-0.679,0.392,-32.84,5.41,-41.2,R
,558371,1075,0,852,0.79,-0.64,0.437,27.54,1.12,-47.9,R
,558411,1131,0,3855,0.703,-0.607,0.681,26.53,2.12,-36.23,R
,558481,1101,0,3916,0.648,-0.55,1.171,.27,-5.27,0.84,
,558541,1069,0,3919,0.687,-0.54,0.627,5.88,-21.43,15.0,R
,558561,1072,0,3910,0.68,-0.556,0.496,20.75,-29.85,20.60,R
,558601,1067,0,3918,0.638,-0.558,0.458,16.70,-27.27,35.2,R
,558611,1063,0,843,0.66,-0.580,0.498,19.30,-26.48,37.4,R
,558711,1066,0,3845,0.574,-0.655,0.596,23.22,-31.01,50.4,R
,558731,1062,0,851,0.58,-0.682,0.624,27.19,-33.09,52.7,R
,558751,1072,0,3855,0.41,-0.717,0.616,33.24,-45.21,50.9,R
,558801,1043,0,3910,0.426,-0.820,0.604,25.76,-4.20,51.70,R
,558851,1118,0,3856,0.436,-0.915,0.401,40.64,-56.56,34.5,R
,558871,1087,0,3856,0.461,-0.90,0.276,4.37,-4.53,33.58,R
,559021,691,0,3920,0.47,-0.929,0.065,-2.21,-9.07,5.26,
,559041,721,0,3911,0.376,-0.851,0.176,20.00,16.6,12.77,R
,559111,754,0,346,0.43,-0.825,0.330,-25.01,19.86,5.67,R
,559161q¢bbʂbrbjrªbr¢brbrbjrbRJH559171,781,0,3853,0.445,-0.819,0.401,0.28,45.0,0.57,R
,559181,783,0,3899,0.471,-0.819,0.418,-.91,55.9,-0.38,R
,559311,1023,0,3854,0.46,-0.886,0.461,-27.84,9.47,-29.10,R
,559341,1177,0,3907,0.500,-0.86,0.397,12.15,725,-33.5,R
,559441,1243,0,3915,0.662,-0.88,0.345,25.28,-.60,-7368,R
,559491,1241,0,3855,0.53,-0.882,0.447,51.17,2.38,-7600,R
,559531,1264,0,3851,0.596,-0.69,0.348,-21.51,27.00,-99.02,R
,559601,1058,0,3904,0.157,-0.29,0.822,.83,13094,-38.2,R
,559671,631,0,3856,-0.370,0.183,1.225,144.66,157.34,21.2,R
,559691,631,0,350,-0.35,0.313,1.136,10.69,18.96,56.6,R
,559751,752,0,3849,-0.149,-0.076,1.076,263.74,230.41,12.64,R
,559761,714,0,314,-0.14,-0.079,1.064,272.92,27.84,11.97,R
,559881,807,0,3914,-0.004,-0.340,1.357,187.80,21.78,101.90,R
,559891,843,0,3856,-0.114,-0.237,1.298,195.73,206.82,9895,R
,559981,839,0,3899,-0.421,0.120,1.267,51.04,79.95,17.91,!5
,560011,891,0,3919,-0.573,0.158,1.325,78.12,86.97,17.03,!5
,560281,805,0,3936,-0.527,0.226,0.787,54.69,-4700,-70.1,R
,560341,787,0,3888,-0.512,0.314,0.840,37.48,-6.04,-21.32,R
,560451,254,0,3856,-0.481,0.403,0.755,-9.88,-4.3,3.85,
,560461,183,0,359,-0.537,0.378,0.729,1.04,4.85,6.48,R
,560481,0,0,3891,-0.586,0.396,0.809,-2.41,5.78,17.10,R
,560681,0,0,3910,-0.459,0.342,0.645,-2.35,65.00,56.90,R560691bb²bjrbr	rbjrbrbrbR
,560711,0,0,3870,-0.472,0.364,0.645,-4.81,63.23,50.10,"R560721bbʊbjrbrbrʢbjrbrbr²bR"
,560881,0,0,3905,-0.645,0.433,0.677,24.43,-31.26,-18.94,R
,560951,0,0,3855,-0.537,0.504,0.648,47.56,2.91,19.10,R
,561001,17,0,3894,-0.664,0.537,0.574,4851,-72.37,-46.6,R
,561171,0,0,3856,-0.560,0.374,0.823,-4502,-35.8,15.85,!5
,561341,0,0,3911,-0.484,0.539,0.609,70.2,20.70,-17.83,
,561461,25,0,381,-0.57,0.539,0.641,1777,19.06,2.14,R
,561531,0,0,3858,-0.648,0.543,0.569,0.0,5.54,2.57,R
,561571,0,0,3856,-0.602,0.522,0588,-20.47,12.39,3.12,R
,561621,0,0,3906,-0.636,0.536,0618,-5.28,14.04,13.52,R
,561851,0,0,3852,-0.563,0.516,0657,-1.40,12.06,5.01,R
,561911,0,0,3861,-0.609,0.600,0608,-22.00,-9.75,16.84,R
,562681,0,0,3915,-0.458,0.456,0.691,-15.77,-7.9,-15.51,R
,562911,314,0,351,-0.57,0.411,0.812,-9.57,-2.05,-13.1,R
,563011,569,0,3851,-0.51,0.513,0.849,1.35,22.67,-17.60,R
,563291,233,0,356,-0.604,0.503,0.687,-.04,-19.41,-14.53,R
,563441,0,0,390,-0.621,0.611,0.634,-82.94,-56.16,-15.07,R
,563501,177,0,306,-0.47,0.236,0.813,-7.94,-0.94,-7.81,R
,563591,806,0,355,-0.383,0.147,0.825,1.13,8.80,-7.87,R
,563641,1104,0,915,-0.17,0.356,0.806,23.83,38.60,-4.61,R
,563661,1223,0,901,-0.29,0.323,0.839,12.64,1592,-6.0,R
,563711,1333,0,3860,-0.00,0.271,0.736,28.11,7.61,-19.49,R
,563781,437,2,379,-0.55,0.360,0.674,5.44,26.25,-5.49,R
,564031,1198,0,861,-0.43,0.405,0.678,-4.85,2409,-2.2,R
,564061,1322,0,3911,-0.76,0.370,0.694,-9.43,1557,-11.5,R
,564191,1907,0,861,-0.48,0.518,0.493,12.84,3.44,-4.23,R
,564201,2023,0,3901,-0.25,0.487,0.556,-14.65,-4.82,-5.8,R
,564231,2065,0,863,-0.08,0.448,0.588,.78,-4.16,0.20,R
,564281,2037,0,3899,-0.53,0.39,0.612,13.88,-1.07,-2.4,R
,564301,2065,0,897,-0.26,0.379,0.675,0.41,-14.33,3.91,R
,564391,1229,0,860,-0.23,0.499,0.599,7.57,-31.96,18.6,R
,564551,1159,0,859,-0.605,0.481,0.711,-8.14,-30.20,-9.19,R
,564601,1072,0,905,-0.559,0.36,0.663,17.57,8.94,-6.61,R
,564631,1093,0,856,-0.01,0.508,0.625,8.86,5.15,-3.72,R
,564711,1289,0,856,-0.617,0.43,0.667,-5.43,-4.54,-13.3,R
,564791,1177,0,860,-0.85,0.47,0.652,9.15,15.52,-0.52,R
,564881,1022,0,902,-0.47,0.448,0.645,8.24,-9.47,-1.1,R
,564971,981,0,357,-0.69,0.464,0.663,-12.07,-10.28,0.9,R
,565031,1040,0,3855,-0.32,0.460,0.752,19.45,-3.59,6.2,R
,565091,1100,0,857,-0.01,0.43,0.653,-13.02,-.05,9.8,R
,565101,1123,0,901,-0.70,0.424,0.640,-11.77,-0.62,9.06,R
,565171,1187,0,863,-0.04,0.40,0.675,-4.73,-0.25,-0.7,R
,565211,1191,0,855,-0.91,0.40,0.676,-4.14,5.84,-3.25,R
,565331,943,0,354,-0.65,0.434,0.648,-6.24,-18.30,-4.09,R
,565401ʚbbʂbjrʚbrªbrbjrbjrbrbRJ565411,896,0,342,-0.56,0.364,0.779,147,-2.33,4.42,R
,565551,1183,0,857,-0.67,0.42,0.710,18.02,-15.07,3.8,R
,565561,1200,0,907,-0.623,0.40,0.760,33.96,-16.88,5.58,R
,565641,1278,0,903,-0.688,0.315,0.805,7.77,-23.50,-1.55,R
,565671,1219,0,863,-0.45,0.27,0.822,50.25,-3.79,-0.26,R
,565691,1008,0,857,-0.87,0.22,0.857,53.06,-50.71,-7.77,R
,565771,975,0,3875,-0.54,0.178,0.811,97.74,-75.52,-46.56,R
,565941,1013,0,903,-0.08,0.57,0.482,90.93,-95.17,-6925,R
,565951,1006,0,859,-0.717,0.590,0.467,84.84,-96.68,-7001,R
,565991,1008,0,856,-0.20,0.61,0.415,76.28,-97.15,-6120,R
,566061,1003,0,907,-0.35,0.738,0.260,54.23,-9.51,-41.48,R
,566101,1052,0,921,-0.49,0.733,0.219,51.62,-8.83,-41.14,R
,566141,1119,0,899,-0.22,0.769,0.210,37.96,-7.50,-34.29,R
,566171,1105,0,851,-0.546,0.740,0.210,17.10,-66.74,-30.65,R
,566221,903,0,399,-0.49,0.811,0.301,12.35,-46.11,-20.7,R
,566251,910,0,356,-0.41,0.829,0.350,8.03,-27.1,-12.96,R
,566271,912,0,361,-0.45,0.849,0.374,10.67,-1378,-6.45,R
,566551,843,0,356,-0.378,0.790,0.653,-11.71,1305,5.35,R
,566741,818,0,394,-0.49,0.670,0.600,-8.53,-3.0,-0.58,R
,566811,809,0,356,-0.43,0.698,0.559,-10.09,-176,-5.3,R
,566931,822,0,3855,-0.48,0.618,0.572,-14.70,1213,6.60,R
,567101,1089,0,897,-0.09,0.642,0.537,.93,33.80,7.04,R
,567161,1018,0,897,-0.86,0.621,0.679,12.41,40.76,1.5,R
,567201,1019,0,905,-0.508,0.656,0.749,-16.73,18.76,-0.8,R
,567221,1038,0,901,-0.489,0.689,0.771,12.01,973,-2.07,R
,567241,1047,0,905,-0.29,0.735,0.754,-14.58,775,-3.31,R
,567251,1040,0,3857,-0.43,0.736,0.773,-15.39,653,-2.2,R
,567341,1043,0,900,-0.59,0.719,0.664,-29.17,-1.32,16.54,R
,567371,1040,0,855,-0.19,0.639,0.652,-30.04,-2.62,1435,R
,567531,1300,0,3867,-0.17,0.603,0.578,-19.08,967,19.2,R
,567541,1295,0,907,-0.21,0.603,0.577,20.33,783,15.29,R
,567681,1276,0,904,-0.69,0.518,0.732,14.36,470,9.91,R
,567761,1297,0,886,-0.476,0.533,0.696,10.68,-.73,1.71,R
,567951,1333,0,850,-0.27,0.664,0.515,22.78,5.61,39.9,R
,568151,1326,0,855,-0.593,0.591,0.644,4.17,65.0,25.16,R
,568261,1328,0,3902,-0.84,0.654,0.674,-22.43,39.84,18.89,R
,568281,1328,0,3906,-0.592,0.66,0.737,-23.28,3.94,22.2,R
,568321,1338,0,3905,-0.578,0.68,0.765,-31.43,2.01,23.8,R
,568361,1359,0,3917,-0.34,0.675,0.711,-44.96,1.38,27.22,R
,568461,1310,0,3904,-0.469,0.74,0.628,69.75,1.14,37.6,R
,568561,1249,0,906,-0.512,0.788,0.464,67.54,5.84,70.1,R
,568591,1200,0,3857,-0.45,0.727,0.522,-80.84,6.59,74.5,R
,568821,962,0,3899,-0.59,0.574,0.618,-113.10,7.39,26.83,R
,568851,954,0,3861,-0.604,0.450,0.725,-114.00,7.12,32.8,R
,568891,963,0,361,-0.448,0.469,0.620,-66.96,45.95,34.60,R
,568901,959,0,3897,-0.423,0.513,0.569,-7.75,34.09,20.0,R
,568951,929,0,3861,-0.438,0.287,0.685,-153.83,-18.66,-45.29,R
,569011,931,0,3865,-0.548,0.218,0.879,-53.86,-38.28,-6.32,R
,569131,959,0,3859,-0.52,-0.063,1.238,-155.94,125.53,65.16,R
,569151,966,0,3856,-0.591,-0.177,1.256,-152.50,132.25,54.42,R
,569161,958,0,3910,-0.54,-0.178,1.275,-147.19,138.85,52.64,R
,569181,971,0,3909,-0.464,-0.236,1.179,-133.80,151.21,52.56,R
,569271,1291,0,3861,-0.208,-0.458,0.912,-83.84,138.57,35.74,R
,569301,1183,0,893,-0.141,-0.448,0.788,-66.46,-109.21,21.48,R
,569321,1132,0,3899,-0.14,-0.457,0.733,-68.97,97.61,-6.55,R
,569371,1166,0,871,0.005,-0.51,0.602,-58.23,-92.54,-7.78,R
,569501,1050,0,898,0.161,-0.58,0.582,-37.28,-3.27,2.1,R
,569521,1054,0,903,0.163,-0.60,0.594,-36.52,-1.11,1.3,R
,569591,1099,0,852,0.161,-0.62,0.615,-26.15,-.04,16.4,R
,569611,1152,0,858,0.16,-0.633,0.626,-26.70,351,17.39,R
,569651,1140,0,3858,0.114,-0.685,0.651,29.02,715,17.71,R
,569781,1135,0,3890,0.076,-0.661,0.597,-9.60,8.0,-11.3,R
,569901,1102,0,901,0.108,-0.78,0.521,3.12,38.1,-13.9,R
,569911,1097,0,3863,0.124,-0.781,0.535,.53,38.1,-17.26,R
,570031,1011,0,859,0.28,-0.785,0.582,-14.96,1.60,-45.11,R
,570041,1022,0,3889,0.217,-0.770,0.570,19.81,1.90,-44.00,R
,570071,1003,0,861,0.23,-0.769,0.581,-37.54,1.12,-31.08,R
,570141,1241,0,3890,0.444,-0.790,0.549,48.18,-1.94,-5.23,R
,570261,1191,0,3895,0.417,-0.708,1.404,11.93,1187,-14.36,R
,570291,1156,0,856,0.359,-0.55,1.141,12.81,2.1,8.72,R
,570321,1122,0,3889,0.426,-0.734,0.968,-4.93,-40.01,-1.49,R
,570361,1085,0,3899,0.341,-0.700,0.809,24.70,-22.17,17.12,R
,570391,1079,0,857,0.36,-0.635,0.688,.86,-3486,27.93,R
,570581,986,0,3894,0.228,-0.841,0.284,3.96,-3379,26.1,R
,570651,799,0,3851,0.329,-0.840,0.001,-.47,-2891,-4.7,R
,570781,607,0,3878,0.221,-0.892,0.290,-5.84,3439,-33.6,R
,570811,623,0,351,0.271,-0.880,0.361,-2.41,3409,-43.6,R
,570961,910,0,394,0.23,-0.513,0.296,-6.88,4609,-61.3,R
,571031,976,0,3855,0.182,-0.090,0.762,1.75,97.6,-21.5,R
,571121,1002,0,893,0.616,-0.593,1.592,67.42,62.10,43.4,R
,571191,875,0,3837,0.61,-0.945,1.252,56.87,3.0,39.45,
,571341,804,0,3877,0.19,-0.631,0.971,31.76,-2642,40.97,R
,571421,865,0,3875,0.05,-0.656,0.881,28.93,-6391,28.14,R
,571461,848,0,3901,0.05,-0.622,0.578,52.98,-4109,32.05,R
,571481,807,0,3905,0.17,-0.608,0.378,37.36,-41.91,20.4,R
,571841,759,0,399,0.293,-0.602,0.773,-46.10,25.51,-42.88,R
,572021,1137,0,3895,0.23,-0.484,1.744,-11.04,2.93,15.15,R
,572071,1150,0,3859,0.38,-0.604,1.223,15.45,-1.10,16.5,R
,572091,1175,0,3856,0.48,-0.55,1.117,21.56,-1.85,22.8,R
,572141,1126,0,3888,0.314,-0.557,0.907,13.53,-3.82,23.5,R
,572161,1123,0,899,0.34,-0.58,0.898,0.23,-37.30,25.62,R
,572211,1089,0,3841,0.237,-0.578,0.903,8.90,-3042,33.9,R
,572221,1088,0,3889,0.29,-0.560,0.929,7.53,-3135,35.6,R
,572241,1071,0,3889,0.193,-0.570,0.933,-1.08,-4.07,33.29,R
,572341,960,0,395,0.058,-0.669,0.788,14.06,-5729,26.8,R
,572381,847,0,3883,0.03,-0.698,0.451,48.22,-4056,31.2,R
,572431,774,0,3839,0.14,-0.625,0.084,-10.30,-1.97,11.1,R
,572491,768,0,3841,0.161,-0.814,0.320,-2.70,-9.38,-10.68,R
,572581,825,0,3895,0.166,-0.952,0.695,-60.72,-482,-58.6,R
,572711,889,0,3850,0.062,-0.542,0.333,-38.14,2216,-11197,R
,572721,918,0,3895,0.043,-0.447,0.314,-0.81,2126,-11169,R
,572751,763,0,3847,-0.070,-0.121,0.302,.35,45.7,-90.3,R
,572941,733,0,3890,0.668,-0.933,1.396,5.67,31.9,42.03,R
,573091,741,0,3837,0.127,-0.609,1.049,14.08,-2367,48.9,R
,573511,656,0,3841,0.058,-0.618,0.814,-3.43,3751,-25.3,R
,573571,657,0,3845,0.105,-0.617,0.773,-2.94,3563,-39.6,R
,573591,698,0,3845,0.129,-0.610,0.752,-3.08,4343,-42.15,R
,573761,750,0,3888,-0.017,-0.412,1.880,1.45,3221,-15.92,R
,573891,647,0,3840,0.182,-0.442,1.013,1.66,-2785,15.2,R
,573911,656,0,3840,0.176,-0.469,0.985,17.74,-3059,22.32,R
,574021,659,0,305,0.098,-0.486,1.023,17.99,-40.10,32.1,R
,574051,661,0,346,0.064,-0.490,1.005,22.37,-4332,31.4,R
,574061,665,0,3891,0.079,-0.509,0.998,25.07,-42.95,30.35,R
,574081,669,0,3920,-0.127,-0.660,0.913,31.94,-40.27,31.2,R
,574591,431,0,3831,-0.39,0.135,0.727,-24.96,8540,-25.7,R
,574751,439,0,3835,0.33,-0.703,1.512,50.77,18.89,24.40,R
,574771,434,0,3830,0.334,-0.679,1.409,54.51,3.0,16.05,R
,574931,496,0,336,-0.060,-0.305,1.077,0.12,-2.63,22.5,R
,574951,507,0,3835,-0.02,-0.306,1.019,11.73,-1.98,19.77,R
,574981,560,0,3927,-0.159,-0.40,1.001,8.52,-4706,12.4,R
,575021,560,0,3937,-0.135,-0.386,0.713,46.92,-5.05,16.3,R
,575061,415,0,338,-0.037,-0.31,0.385,39.18,-4.23,3.0,R
,575161,400,0,3906,-0.08,-0.354,0.544,16.70,3842,-9.8,R
,575201,417,0,321,-0.123,-0.32,0.687,23.71,31.69,-31.26,R
,575271,432,0,3826,-0.067,-0.350,0.947,-11.75,3.83,-42.87,R
,575411,430,0,3825,0.111,-0.397,0.821,-28.78,22.88,-39.20,R
,575541,426,0,3910,-0.118,-0.285,1.840,23.83,48.50,6.90,R
,575581,416,0,3934,-0.090,-0.216,1.778,2.47,-8.80,-2.5,R
,575601,403,0,3951,-0.003,-0.250,1.501,2.43,-9.6,13.07,R
,575731,404,0,337,-0.002,-0.30,1.072,23.67,-1.01,49.39,R
,575781,399,0,343,-0.090,-0.34,1.061,19.21,-4.78,49.50,R
,575791,402,0,325,-0.088,-0.33,1.058,20.48,-5.84,47.7,R
,575801,407,0,3951,-0.083,-0.336,1.058,7.45,-53.49,44.84,R
,575891,416,0,3831,-0.212,-0.384,0.878,42.35,-4.05,39.55,R
,575901,425,0,343,-0.199,-0.39,0.798,41.68,-4.91,37.8,R
,575941,432,0,3923,0.043,-0.311,0.459,2.44,-5121,36.4,R
,576141,441,0,3956,-0.025,-0.400,0.890,18.56,26.24,-18.87,R
,576251,491,0,331,-0.00,-0.420,0.877,-30.94,2.15,-3551,R
,576321,647,0,3963,0.133,-0.409,0.745,-29.57,1.6,-38.5,R
,576391,695,0,3834,0.092,-0.488,1.113,-1.40,1523,-47.8,R
,576431,635,0,3824,-0.083,-0.367,1.809,45.51,47.58,3.61,R
,576571,543,0,327,0.06,-0.352,1.119,1.67,-2965,18.83,R
,576701,555,0,3956,-0.059,-0.395,1.021,1.22,-3.49,30.71,R
,576771,534,0,326,-0.03,-0.437,0.739,38.12,-4.59,22.2,R
,576941,455,0,3978,-0.040,-0.40,0.708,11.55,30.99,-5.43,R
,576981,439,0,3972,-0.013,-0.45,0.848,8.67,1402,-25.80,R
,577061,505,0,368,0.02,-0.433,0.922,-16.06,3271,-33.1,R
,577101,499,0,3941,-0.00,-0.424,0.919,-22.50,23.70,-3694,R
,577181,615,0,3978,0.115,-0.393,0.739,-4.79,1543,-39.6,R
,577281,509,0,3963,-0.126,-0.395,1.515,-41.71,47.46,-10.56,R
,577291,510,0,3811,-0.118,-0.358,1.645,33.01,4.40,-5.1,R
,577421,526,0,368,0.086,-0.357,1.173,832,-27.9,18.87,R
,577511,523,0,3834,0.02,-0.384,1.085,2.09,-2746,35.99,R
,577571,531,0,3831,-0.075,-0.34,1.055,0.93,-2.64,34.9,R
,577581,529,0,3985,-0.12,-0.358,1.027,1.56,-3.43,33.27,R
,577591,534,0,329,-0.099,-0.378,1.004,3.70,-3.33,30.3,R
,577811,447,0,3829,-0.09,-0.392,0.696,15.78,2.57,-1111,R
,577821,442,0,383,-0.03,-0.393,0.758,23.02,1.44,-14.01,R
,577911,442,0,3824,-0.031,-0.36,0.983,18.03,3.16,-2320,R
,578061,595,0,3981,0.17,-0.384,0.715,-3.30,9.4,-39.49,R
,578131,592,0,3829,0.05,-0.294,1.268,-5.34,4060,-27.45,R
,578161,528,0,3974,-0.13,-0.351,1.676,35.95,3.89,-1021,R
,578211,528,0,333,-0.096,-0.271,1.691,.00,-1.00,-4.90,R
,578221,527,0,3962,-0.05,-0.273,1.456,.10,-4.5,0.81,R
,578241,500,0,367,0.01,-0.268,1.336,1.58,-15.27,0.93,R
,578271,434,0,333,0.020,-0.256,1.156,1.62,-1727,13.13,R
,578361,434,0,3953,0.00,-0.305,1.121,893,-15.1,42.74,R
,578371,432,0,328,-0.003,-0.303,1.137,.42,-1675,44.60,R
,578381,432,0,358,-0.021,-0.323,1.137,.93,-1871,44.72,R
,578441,559,0,3991,-0.08,-0.344,1.090,3.32,-32.42,38.22,R
,578451,560,0,351,-0.115,-0.357,1.080,24.09,-30.75,38.6,R
,578461,561,0,382,-0.114,-0.365,1.052,25.62,-30.72,39.44,R
,578521,499,0,372,-0.091,-0.435,0.650,4.70,-3.07,30.4,R
,578561,336,0,370,-0.006,-0.420,0.401,5.68,-29.50,14.93,R
,578571,326,0,3835,0.00,-0.416,0.322,2.76,-3152,9.88,R
,578771,529,0,341,-0.06,-0.425,0.954,34.04,3.67,-3618,R
,578791,482,0,324,-0.016,-0.438,0.965,34.90,4.41,-3339,R
,578831,326,0,3821,-0.023,-0.44,0.939,-31.69,37.49,-4731,R
,578841,318,0,384,-0.049,-0.439,0.944,36.23,3.23,-48.55,R
,578871,318,0,330,-0.007,-0.458,0.991,40.20,2.09,-5078,R
,578881,320,0,3966,-0.008,-0.471,0.980,-40.84,24.04,-52.15,R
,578951,321,0,329,0.051,-0.381,0.723,-24.32,23.61,-53.4,R
,578971,320,0,333,0.05,-0.353,0.879,-5.80,2830,-49.5,R
,579001,304,0,363,-0.085,-0.304,1.244,39.59,39.26,-44.65,R
,579031,285,0,3838,-0.166,-0.258,1.596,17.07,4.06,-15.61,R
,579081,274,0,346,-0.126,-0.220,1.557,2.81,-175,-5.8,R
,579151,258,0,3832,-0.010,-0.26,1.059,2.49,-1.34,14.63,R
,579191,242,0,3822,-0.053,-0.36,1.104,16.74,-17.85,29.97,R
,579211,255,0,342,-0.017,-0.351,1.098,5.15,-2.09,34.93,R
,579331,289,0,3835,-0.18,-0.411,1.164,0.46,-2.66,54.6,R
,579361,304,0,3959,-0.218,-0.397,1.094,3.83,-3.51,50.20,R
,579411,304,0,3825,-0.347,-0.687,0.686,7.32,-37.15,45.12,R
,579471,176,0,3826,-0.09,-0.542,0.377,1.63,-1.66,9.91,R
,579481,128,0,3888,-0.043,-0.588,0.350,3.88,-2.73,2.8,R
,579501,193,0,3920,-0.032,-0.61,0.354,.56,-27.76,-10.81,R
,579631,288,0,3831,-0.15,-0.472,0.896,28.78,1.98,-35.98,R
,579691,309,0,3824,-0.17,-0.473,1.002,42.04,3.87,-37.87,R
,579701,308,0,3984,-0.04,-0.505,0.998,41.74,2.69,-38.10,R
,579781,311,0,3939,0.110,-0.434,0.736,-23.02,-336,-57.7,R
,579891,267,0,3824,-0.23,-0.209,1.842,-7.52,1227,-7.3,R
,579931,267,0,3826,-0.015,-0.245,1.529,1.16,-2.81,0.46,R
,579981,266,0,3952,-0.018,-0.250,1.119,6.54,-2.57,24.3,R
,580021,225,0,3872,-0.043,-0.37,1.104,8.41,-43.43,40.89,R
,580141,283,0,3986,-0.094,-0.44,1.098,6.26,-51.91,55.82,R
,580151,289,0,3826,-0.101,-0.44,1.086,28.25,-49.96,54.0,R
,580271,336,0,3830,-0.05,-0.556,0.483,34.92,-57.61,21.9,R
,580411,336,0,3820,-0.06,-0.458,0.756,26.47,2.14,-25.03,R
,580451,331,0,3825,-0.041,-0.45,0.940,13.89,2.78,-28.42,R
,580461,326,0,411,-0.037,-0.438,0.932,10.62,2.81,-32.87,R
,580731,170,0,3811,-0.09,-0.257,1.505,-18.94,4.53,-1502,R
,580901,143,0,4012,0.05,-0.319,1.077,1.12,-17.29,21.01,R
,580941,176,0,3986,0.03,-0.333,1.102,2.74,-24.91,22.8,R
,580961,234,0,3989,0.02,-0.322,1.110,23.16,-21.90,29.0,R
,581031,256,0,3817,-0.03,-0.326,1.216,27.22,-27.70,33.3,R
,581061,267,0,4021,-0.135,-0.34,1.179,8.35,-2.14,33.6,R
,581101,279,0,4062,-0.10,-0.387,0.910,9.70,-43.14,32.61,R
,581131,214,0,3824,-0.04,-0.37,0.688,6.77,-3.20,32.6,R
,581141,245,0,4023,-0.063,-0.39,0.647,3.57,-3.26,30.2,R
,581221,285,0,4063,0.10,-0.568,0.456,814,-19.5,1.44,R
,581231,303,0,309,0.123,-0.532,0.413,1.73,1.00,1.24,R
,581311,336,0,3825,-0.041,-0.471,0.865,-30.20,25.52,-2322,R
,581351,324,0,314,-0.006,-0.467,0.979,-23.95,1.46,-3290,R
,581391,307,0,3824,0.009,-0.416,0.955,-9.36,46.56,-31.8,R
,581481,417,0,397,0.115,-0.398,0.776,-26.32,1851,-51.0,R
,581591,245,0,3828,-0.137,-0.194,1.428,22.10,3.31,-25.75,R
,581681,90,0,409,-0.017,-0.238,1.236,13.79,-17.90,0.17,R
,581771,100,0,321,0.024,-0.402,1.070,1.55,-2503,24.17,R
,581791,131,0,324,0.044,-0.362,1.071,26.52,-1822,31.5,R
,581831,121,0,329,0.008,-0.317,1.052,1.28,-19.44,36.9,R
,581971,194,0,319,-0.131,-0.444,0.895,33.83,-3.23,32.8,R
,582041,230,0,4095,-0.029,-0.49,0.503,7.83,-3.27,19.04,R
,582091,162,0,324,0.047,-0.497,0.449,924,3.83,7.03,R
,582101,163,0,4078,0.019,-0.479,0.485,573,17.6,5.47,R
,582161,183,0,480,-0.022,-0.46,0.777,-17.19,2.43,-1274,R
,582291,157,0,3820,-0.008,-0.42,0.934,-23.20,2.27,-3884,R
,582381,125,0,473,0.083,-0.389,0.774,-0.36,1833,-36.6,R
,582411,91,0,386,0.101,-0.312,0.792,-2.61,17.69,-41.40,R
,582481,21,0,3991,-0.209,-0.286,1.435,-4.78,3041,-8.39,R
,582661,0,0,4095,0.006,-0.338,1.063,20.7,-24.0,21.93,
,582711,47,0,3825,0.017,-0.322,.070,15.97,-23.40,30.34,!5
,582721,26,0,4017,0.021,-0.326,.104,1674,-20.5,32.34,R
,582751,0,0,3824,-0.035,-0.349,1.109,1232,-20.0,39.71,R
,5828010,0,4095,-0.089,-0.410,1.182,9.3,-18.66,43.07,JH582811,bbbjrbjrbrrbjrbbR
,582871,189,0,3824,-0.034,-0.27,0.952,0.55,-1.36,34.90,R
,582911,124,0,3810,-0.147,-0.490,0.615,9.04,-3.27,25.7,R
,583021,125,0,4057,-0.011,-0.54,0.520,9.34,34.82,-4.53,R
,583091,214,0,3807,-0.127,-0.448,0.901,36.52,2.26,-27.20,R
,583101,236,0,4015,-0.114,-0.47,0.956,44.00,18.88,-29.31,R
,583111,288,0,3824,-0.04,-0.51,1.022,43.26,12.59,-33.51,R
,583121,304,0,402,-0.078,-0.520,1.034,37.75,1.86,-3461,R
,583211,532,0,3820,0.05,-0.466,0.925,-23.57,-0.62,-39.00,R
,583321,625,0,3902,-0.043,-0.269,1.272,-40.79,2.28,-3461,R
,583341,557,0,3921,-0.02,-0.218,1.464,-45.26,16.79,-2281,R
,583391,451,0,3814,-0.077,-0.24,1.592,21.62,580,7.76,R
,583471,361,0,3824,0.05,-0.267,1.136,903,-18.82,24.64,R
,583481,349,0,3911,0.060,-0.297,1.124,8.20,-19.44,28.69,R
,583491,333,0,3823,0.03,-0.309,1.146,7.15,-21.67,31.53,!5
,583601,284,0,3891,-0.059,-0.39,1.111,3.25,-31.18,46.92,R
,583661,290,0,3884,-0.129,-0.39,1.057,1.13,-4.27,43.96,R
,583671,304,0,3823,-0.19,-0.403,1.004,9.91,-43.88,44.63,R
,583711,273,0,3819,-0.077,-0.45,0.798,1.12,-4.36,32.2,R
,583781,256,0,3859,-0.10,-0.524,0.407,8.54,-31.90,18.03,R
,583811,401,0,3826,-0.019,-0.424,0.274,7.19,3.9,15.62,R
,583831,467,0,3810,-0.12,-0.504,0.345,21.68,1.11,16.19,R
,583841,510,0,4095,-0.08,-0.606,0.451,31.33,1.11,12.3,R
,584001,551,0,4019,0.08,-0.704,0.985,-3.75,3413,-22.04,R
,584141,441,0,3959,0.309,-0.606,1.256,-61.51,-2.14,-8507,R
,584291,334,0,3824,0.114,-0.222,1.002,-13.49,-49.99,22.2,R
,584321,340,0,388,0.150,-0.309,0.926,-.62,-5596,26.7,R
,584411,426,0,3833,0.219,-0.526,0.928,3.53,-43.58,44.55,!5
,584421,432,0,3944,0.22,-0.556,0.927,945,-47.61,41.90,R
,584481,479,0,367,0.166,-0.659,0.858,2.89,-5587,26.08,R
,584511,327,0,325,0.12,-0.627,0.651,5.81,-3173,33.35,R
,584531,339,0,335,0.125,-0.569,0.454,5.65,-17.04,36.29,R
,584561,300,0,3867,0.22,-0.591,0.205,1.86,-4746,10.9,R
,584661!bbºbrbjrbrbrʲbrʲbrbR584671,287,0,324,0.107,-0.610,0.380,-.63,20.68,4.02,R
,584771,270,0,3831,0.153,-0.686,0.704,-10.91,5972,-5.4,R
,584841,287,0,372,0.205,-0.691,0.839,-16.99,62.50,-10.23,R
,584941,341,0,394,0.376,-0.609,0.631,-4.65,9.92,-15.95,R
,585141,355,0,354,0.265,-0.567,1.004,35.74,-19.04,28.1,R
,585231,350,0,327,0.156,-0.643,0.866,1.59,-3178,48.16,R
,585381,355,0,336,-0.057,-0.583,0.481,8.72,-4.02,14.42,R
,585401,298,0,374,-0.044,-0.556,0.310,9.94,-3.99,10.81,R
,585421,285,0,3883,-0.007,-0.559,0.231,8.41,-3.62,4.66,R
,585431,239,0,3825,0.005,-0.563,0.211,32.26,-42.57,1.07,R
,585501,272,0,3865,0.047,-0.652,0.513,-.29,14.16,-2.62,R
,585591,304,0,3836,0.170,-0.682,0.757,-.32,16.7,-15.40,R
,585601,327,0,3886,0.208,-0.721,0.769,037,20.4,-22.58,R
,585691,272,0,3824,0.200,-0.833,0.920,-5.89,35.89,-33.05,R
,585751,284,0,329,0.410,-0.891,0.840,-1.34,5.58,-55.4,R
,585871,274,0,3843,0.21,-0.607,1.601,-5.91,-1.54,-96.52,R
,585971,94,0,3805,0.162,-0.160,0.866,-1.16,-4605,-14.01,R
,585991,11,0,3796,0.203,-0.175,0.776,-1.62,-4356,0.95,R
,586121,218,0,3841,0.316,-0.549,0.824,1.79,-3271,35.15,R
,586191,218,0,3824,0.176,-0.621,0.637,4.61,-3981,28.13,R
,586221,221,0,3861,0.235,-0.618,0.405,4.80,-6382,15.74,R
,586261,189,0,3866,0.371,-0.651,0.167,3.72,-5420,14.14,R
,586311,189,0,3827,0.375,-0.782,0.123,11.76,2.09,9.55,R
,586501,288,0,3853,0.347,-0.677,0.601,-.04,55.5,-22.44,R
,586531,278,0,3842,0.357,-0.672,0.653,-5.34,2998,-34.26,R
,586591,280,0,3839,0.405,-0.618,0.601,-6.12,3341,-29.05,R
,586601,294,0,3862,0.440,-0.602,0.602,-8.20,2729,-30.15,R
,586681,329,0,3895,0.443,-0.540,0.917,-43.68,24.89,-42.27,R
,586761,331,0,3881,0.348,-0.508,1.622,15.73,0.10,4.98,R
,586821,361,0,3888,0.494,-0.564,1.004,36.29,-22.80,13.0,R
,586881,355,0,3891,0.452,-0.574,0.858,25.41,-34.91,27.4,R
,586911,363,0,3843,0.381,-0.602,0.875,2.57,-3691,34.32,R
,587041,375,0,3879,0.210,-0.606,0.530,3.96,-3950,21.0,R
,587401,331,0,391,0.632,-0.938,0.759,-49.34,1769,-59.07,R
,587671,357,0,347,0.471,-0.344,0.545,-19.57,-4.34,23.64,R
,587821,389,0,3890,0.393,-0.669,0.610,19.44,-44.23,31.97,R
,587851,384,0,3855,0.279,-0.773,0.491,35.27,-51.46,24.35,R
,588401,700,0,3875,0.509,-0.688,1.131,-24.15,39.38,-12.29,R
,588491,599,0,3839,0.55,-0.640,0.647,35.24,-1588,-1.02,R
,588541,551,0,3873,0.493,-0.637,0.461,12.61,-17.84,18.81,R
,588561,544,0,3868,0.53,-0.648,0.399,17.27,-9.38,33.70,R
,588591,508,0,3843,0.52,-0.653,0.384,6.00,-16.01,38.98,R
,588721,447,0,379,0.52,-0.721,0.482,11.67,-11.20,25.81,R
,588751,450,0,3846,0.486,-0.732,0.590,10.72,-9.76,29.48,R
,588771,448,0,343,0.49,-0.737,0.591,13.48,-23.04,31.21,R
,588971,552,0,343,0.459,-0.730,0.587,21.10,-35.78,41.88,R
,588981,549,0,396,0.44,-0.734,0.593,27.39,-33.73,44.58,R
,589091,493,0,3835,0.430,-0.797,0.548,36.66,-3990,42.26,R
,589181,466,0,373,0.39,-0.878,0.505,3.33,-3329,42.51,R
,589241,480,0,382,0.33,-0.873,0.549,18.63,-47.03,36.02,R
,589251,477,0,3842,0.304,-0.884,0.510,12.34,-47.29,43.38,R
,589261,471,0,366,0.29,-0.874,0.469,1.70,-44.22,46.40,R
,589371,350,0,3845,0.247,-0.861,0.413,38.66,-2816,44.52,R
,589421,331,0,338,0.249,-0.860,0.428,4.61,-4846,17.26,R
,589471,385,0,3821,0.199,-0.780,0.398,2.12,-2330,16.9,R
,589481,367,0,3939,0.208,-0.777,0.391,2.09,-3014,14.19,R
,589611,400,0,3835,0.193,-0.900,0.428,-4.97,-540,-12.23,R
,589771,578,0,3838,0.278,-0.965,0.449,-33.25,51.46,-19.2,R
,589801,555,0,355,0.227,-0.902,0.410,-38.07,64.25,-37.65,R
,589881,591,0,3879,0.300,-0.866,0.448,-42.47,33.60,-46.4,R
,589901,611,0,3875,0.332,-0.854,0.467,-59.80,15.54,-53.13,R
,589971,638,0,3839,0.461,-0.773,0.783,-40.82,50.33,-59.8,R
,590011,581,0,3840,0.383,-0.754,1.226,-48.10,26.67,-43.5,R
,590021,549,0,3868,0.402,-0.784,1.307,-40.56,29.26,-37.2,R
,590031,558,0,3834,0.398,-0.743,1.367,-25.68,26.45,-32.5,R
,590111,423,0,3854,0.381,-0.638,0.867,-5.10,-2399,-1.4,R
,590231,510,0,3829,0.373,-0.779,0.592,3.70,-50.9,19.39,R
,590241,507,0,3856,0.348,-0.779,0.576,3.35,-53.1,18.02,R
,590321,500,0,3871,0.243,-0.844,0.421,39.35,-49.38,16.34,R
,590331,477,0,3824,0.244,-0.844,0.367,41.32,-49.35,12.95,R
,590351,480,0,3841,0.221,-0.850,0.250,34.78,-5193,9.52,R
,590431,337,0,3844,0.324,-0.988,0.058,10.67,-29.14,-18.6,R
,590461,351,0,3870,0.268,-0.958,0.037,316,-0.5,-9.63,R
,590491,379,0,3851,0.226,-0.949,0.101,7.79,8.44,-24.38,
,590551,379,0,3839,0.324,-0.981,0.212,-1.74,4616,-36.06,R
,590641,481,0,3867,0.301,-0.854,0.235,-62.41,4314,-80.07,R
,590691,485,0,3843,0.242,-0.670,0.233,-43.13,63.31,-81.77,R
,590781,451,0,3873,0.141,-0.089,0.480,713,115.93,-45.3,R
,590821,528,0,3871,0.099,-0.066,1.019,1.90,13311,17.00,R
,590831,622,0,3855,0.22,-0.077,1.128,15.18,131.67,26.8,R
,591071,675,0,3856,0.493,-0.716,1.107,43.13,-33.72,18.31,R
,591081,666,0,3872,0.436,-0.704,1.095,39.61,-36.62,20.08,R
,591161,751,0,3873,0.18,-0.533,1.025,36.86,-4643,30.6,R
,591231,528,0,3857,0.12,-0.588,0.682,41.30,-64.25,22.00,R
,591271,560,0,3857,0.170,-0.577,0.297,23.67,-38.97,20.69,R
,591421,487,0,3853,0.096,-0.527,0.540,-4.97,45.9,-13.5,R
,591471,481,0,3850,0.156,-0.581,0.722,-10.18,43.44,-23.68,R
,591581,592,0,3854,0.31,-0.695,0.762,-44.09,37.96,-48.18,R
,591601,576,0,3853,0.35,-0.720,0.728,-44.01,22.30,-50.71,R
,591611,603,0,347,0.39,-0.698,0.698,-37.71,21.57,-51.55,R
,591701,623,0,359,0.324,-0.571,1.149,-64.91,27.52,-62.18,R
,591731,597,0,3856,0.208,-0.563,1.648,-50.43,43.66,-26.10,R
,591751,691,0,356,0.17,-0.471,1.895,-4.56,36.39,-16.03,R
,591831,726,0,3858,0.39,-0.388,1.126,12.17,-15.03,10.10,R
,591941,670,0,3858,0.30,-0.503,0.939,18.87,-36.49,42.51,R
,592001,661,0,3859,0.24,-0.559,1.004,14.02,-46.62,44.81,R
,592011,646,0,3859,0.22,-0.565,1.019,1.92,-49.65,42.13,R
,592051,567,0,377,0.30,-0.511,0.968,34.77,-54.74,39.68,R
,592121,564,0,372,0.16,-0.640,0.523,25.48,-47.36,45.01,R
,592191,429,0,3856,0.319,-0.841,0.108,-5.89,-6.11,8.4,R
,592261,404,0,3872,0.25,-0.972,0.321,-36.32,24.04,-12.12,R
,592361,562,0,357,0.18,-0.859,0.369,-58.09,42.44,-72.24,R
,592421,550,0,3852,0.121,-0.719,0.358,-62.24,3343,-111.81,R
,592451,589,0,3850,-0.005,-0.53,0.323,29.10,3.11,-109.58,R
,592471,605,0,372,-0.09,-0.26,0.335,1.86,6966,-91.55,R
,592531,737,0,362,-0.24,0.261,0.979,-38.32,119.23,-17.86,R
,592561,612,0,3858,0.08,0.073,.616,-33.63,94.9,26.86,R
,592681,688,0,3856,0.738,-0.858,1.269,47.18,-1.23,27.73,R
,592801,625,0,3859,0.375,-0.639,1.049,2.41,-3961,57.27,R
,592921,609,0,3831,0.068,-0.600,0.902,2.18,-7446,61.93,R
,592931,607,0,3841,0.034,-0.611,0.823,29.93,-69.47,59.7,R
,592971,604,0,354,-0.08,-0.56,0.415,3.36,-4.08,67.42,R
,593011,528,0,3852,0.082,-0.599,0.117,10.55,-59.61,38.1,R
,593031,363,0,370,0.107,-0.653,0.046,0.84,-56.66,32.83,R
,593071,224,0,3857,0.136,-0.726,0.108,-1.60,-26.27,14.0,R
,593141,241,0,379,0.010,-0.665,0.537,-0.46,16.28,3.13,
,593281,338,0,3863,0.087,-0.732,0.752,-11.02,24.91,-42.81,R
,593291,290,0,3888,0.130,-0.730,0.729,-11.31,26.54,-41.87,R
,593301,403,0,3868,0.182,-0.711,0.709,-10.43,32.41,-39.4,R
,593341,422,0,3856,0.241,-0.641,0.616,-4.44,44.13,-50.2,R
,593431,539,0,3863,0.172,-0.517,1.647,-50.01,76.30,-26.33,R
,593441,542,0,3858,0.077,-0.492,1.876,-46.65,70.62,-15.65,R
,593631,433,0,3873,0.271,-0.489,1.041,23.64,-35.67,26.40,R
,593721,653,0,3850,0.056,-0.573,1.029,21.12,-3645,25.48,R
,593741,684,0,3847,0.142,-0.534,0.876,4.82,-5468,16.37,R
,593761,672,0,3850,0.04,-0.529,0.816,55.76,-60.07,14.7,R
,593801,576,0,3859,0.11,-0.460,0.475,50.96,-37.15,26.4,R
,593871,83,0,3846,0.177,-0.579,0.243,29.16,-23.52,4.32,R
,593881,54,0,384,0.190,-0.590,.238,2077,-16.6,1.79,
,594081,534,0,3850,0.109,-0.683,0.714,-25.60,56.44,-107.20,R
,594141,635,0,3855,-0.115,-0.319,0.561,-38.85,52.94,-126.94,R
,594151,651,0,3874,-0.177,-0.196,0.535,-25.19,6.94,-11.46,R
,594161,656,0,3846,-0.21,-0.081,0.520,-9.98,73.96,-104.81,R
,594171,661,0,3883,-0.243,0.069,0.550,-1.11,93.14,-99.08,R
,594401,640,0,3845,0.368,-0.587,1.324,46.38,-0.72,31.44,R
,594411,642,0,3885,0.31,-0.568,1.294,41.73,-5.38,30.77,R
,594481,645,0,3855,0.073,-0.456,1.183,28.16,-34.95,41.45,R
,594551,618,0,3897,-0.01,-0.35,1.150,1.80,-53.29,45.70,R
,594601,682,0,3855,-0.234,-0.36,1.160,3.47,-60.94,42.74,R
,594611,681,0,385,-0.245,-0.36,1.100,26.46,-6.88,43.82,R
,594621,652,0,339,-0.189,-0.39,1.008,29.94,-67.72,41.71,R
,594631,596,0,3881,-0.24,-0.39,0.959,1.50,-71.84,43.61,R
,594641,535,0,341,-0.264,-0.44,0.845,44.83,-76.49,47.47,R
,594701,538,0,3840,-0.06,-0.30,0.218,5.86,-4.60,26.5,R
,594731,266,0,3856,-0.182,-0.476,0.253,-35.16,-28.69,23.44,R
,594791,199,0,323,-0.005,-0.46,0.501,.63,0.77,8.00,R
,594811,394,0,3855,-0.014,-0.42,0.554,2.88,3561,9.55,R
,594821,400,0,3839,-0.022,-0.37,0.591,8.49,45.23,5.50,R
,594871,390,0,3844,-0.025,-0.47,0.882,-33.10,12.82,-39.49,R
,594971,48,0,381,0.029,-0.511,.924,-3.95,26.1,-54.4,R
,595021,238,0,3835,0.148,-0.477,0.825,-39.78,30.67,-46.85,R
,595101,577,0,3845,0.17,-0.292,0.854,-51.75,37.20,-62.50,R
,595121,527,0,344,0.03,-0.272,1.289,-74.27,54.59,-46.94,R
,595141,341,0,3838,-0.096,-0.33,1.705,65.49,5.07,-1203,R
,595151,311,0,3862,-0.062,-0.27,1.945,52.07,5.03,-7.23,R
,595161,316,0,3829,-0.08,-0.293,2.000,-30.09,48.88,-5.37,R
,595301,325,0,3820,0.14,-0.333,1.151,2.09,-4329,35.15,R
,595361,288,0,3829,0.07,-0.362,1.091,261,-25.90,54.55,R
,595391,273,0,3838,0.02,-0.456,1.142,11.90,-44.27,50.68,R
,595401,272,0,324,0.01,-0.444,1.135,20.52,-44.45,48.80,R
,595411,273,0,332,-0.01,-0.433,1.129,23.71,-40.31,47.82,R
,595441,276,0,327,-0.111,-0.43,1.006,4.41,-2.91,51.41,R
,595461,278,0,3817,-0.092,-0.46,0.887,30.78,-41.04,42.35,R
,595521,237,0,3822,-0.036,-0.49,0.363,6.20,-5.81,33.99,R
,595531,223,0,3824,-0.003,-0.50,0.286,9.24,-49.81,30.97,R
,595581,103,0,3797,-0.01,-0.53,0.224,.52,1.51,16.51,R
,595601,90,0,3800,0.074,-0.644,.446,1.6,4.22,.33,R
,595621,87,0,3792,0.021,-0.538,.464,1535,15.2,4.78,R
,595631,85,0,3807,0.026,-0.493,.524,1025,24.3,0.69,R
,595671,180,0,3814,0.01,-0.505,0.737,-20.24,24.19,-30.7,R
,595691,298,0,3838,-0.04,-0.51,0.828,17.20,33.67,-35.75,R
,595721,387,0,3837,-0.01,-0.462,0.883,-2.38,5131,-30.94,R
,595761,555,0,327,0.02,-0.446,0.940,-7.84,41.4,-52.9,R
,595801,426,0,3827,0.00,-0.465,0.965,-42.61,52.51,-37.54,R
,595811,326,0,358,0.031,-0.475,0.973,-9.88,4460,-37.26,R
,595901,592,0,331,0.18,-0.390,0.761,-58.49,2616,-30.5,R
,595951,570,0,3890,0.22,-0.361,0.941,-38.65,15.96,-47.5,R
,596001,558,0,3824,-0.07,-0.41,2.000,67.14,30.62,13.65,R
,596021,589,0,3831,-0.096,-0.396,2.000,-15.40,7.20,-4.13,R
,596031,593,0,3883,-0.12,-0.35,2.000,.53,-9.07,-10.21,R
,596041,574,0,3837,-0.04,-0.25,1.953,10.46,-1.25,-6.6,R
,596121,468,0,3824,0.12,-0.246,1.067,13.54,-31.87,16.7,R
,596171,480,0,356,-0.01,-0.447,1.058,14.41,-18.68,58.4,R
,596231,464,0,3856,-0.062,-0.428,1.181,13.30,-40.04,40.83,R
,596251,461,0,3867,-0.17,-0.45,1.090,6.83,-48.17,36.08,R
,596281,492,0,3819,-0.17,-0.48,0.888,3.28,-45.41,32.26,R
,596291,503,0,357,-0.13,-0.49,0.781,59.65,-39.12,27.5,R
,596301,490,0,3819,-0.141,-0.45,0.692,6.20,-29.90,26.93,R
,596341,128,0,399,-0.19,-0.48,0.449,5.45,-37.06,20.14,R
,596351,112,0,3796,-0.08,-0.50,0.398,1.85,-51.01,13.77,R
,596491,487,0,318,-0.04,-0.40,0.651,.23,34.33,-19.6,R
,596501,466,0,329,-0.00,-0.424,0.714,9.08,35.25,-18.3,R
,596771,651,0,349,0.25,-0.339,0.717,-30.32,18.56,-56.79,R
,596851,573,0,3885,-0.07,-0.21,2.000,35.01,15.69,4.13,R
,596861,562,0,324,-0.12,-0.14,2.000,29.45,17.80,-1.29,R
,596881,559,0,3830,-0.006,-0.181,1.817,-14.76,-6.72,8.4,R
,596911,542,0,376,0.11,-0.220,1.391,0.96,-26.9,18.75,R
,597011,503,0,3881,0.037,-0.320,1.122,20.09,-31.12,44.52,R
,597141,422,0,3823,-0.12,-0.49,1.001,5.15,-45.62,37.5,R
,597151,400,0,327,-0.08,-0.418,0.888,56.98,-43.55,30.95,R
,597181,463,0,323,-0.17,-0.50,0.550,2.48,-3.75,32.8,R
,597191,463,0,388,-0.02,-0.46,0.385,3.91,-3.08,35.96,R
,597281,55,0,3834,0.092,-0.683,.289,-6.84,-18.5,-10.0,R
,597311,251,0,3833,0.130,-0.574,0.454,34.96,15.1,-5.86,R
,597321,322,0,3798,0.117,-0.499,0.462,17.83,35.6,-7.71,R
,597391,511,0,3898,-0.08,-0.51,0.980,-9.68,23.05,-41.90,R
,597451,613,0,3920,0.052,-0.470,1.055,-25.28,31.75,-55.19,R
,597481,613,0,3828,0.068,-0.492,0.956,-10.33,17.66,-67.20,R
,597511,542,0,3943,0.00,-0.395,0.967,-33.02,40.56,-59.80,R
,597591,286,0,3952,0.10,-0.365,0.909,-20.62,2473,-50.8,R
,597621,288,0,3837,0.074,-0.412,0.801,-31.94,7.32,-50.16,R
,597671,347,0,3949,0.062,-0.401,1.063,-42.39,34.47,-34.09,R
,597681,343,0,3824,0.04,-0.398,1.156,-41.11,44.70,-23.66,R
,597771,357,0,351,0.037,-0.240,1.332,-3.60,16.4,-14.8,R
,597801,309,0,3838,-0.05,-0.26,1.123,.39,1.41,-10.82,R
,597841,356,0,3846,0.044,-0.289,0.956,1.67,-5.18,-1.25,R
,597861,354,0,3842,0.011,-0.310,0.924,-.36,-4.7,8.57,R
,597871,352,0,3934,0.00,-0.331,0.950,-6.00,-3.70,11.77,R
,597881,349,0,3831,0.00,-0.365,0.928,-7.51,-6.4,11.50,R
,597891,351,0,3939,0.003,-0.398,0.948,-5.30,-9.33,10.77,R
,597901,357,0,3825,0.011,-0.408,0.941,-1.28,-9.59,12.49,R
,597911,353,0,342,0.007,-0.405,0.939,3.39,-7.15,13.88,R
,597921,330,0,3838,0.006,-0.390,0.907,667,-5.3,16.37,
,597931,330,0,3908,-0.06,-0.37,0.907,.85,-7.0,18.34,R
,597941,321,0,3839,-0.04,-0.39,0.943,0.64,-11.35,18.00,R
,597951,346,0,3947,-0.016,-0.401,0.948,-2.32,-14.43,18.08,R
,597961,348,0,3827,-0.05,-0.41,0.944,0.32,-1.96,21.1,R
,597971,349,0,3939,-0.04,-0.41,0.997,0.26,-1.59,23.81,R
,597981,349,0,330,0.002,-0.437,1.002,0.52,-10.22,24.75,R
,598011,307,0,3947,-0.09,-0.41,1.057,.95,-1459,29.15,R
,598191,275,0,3947,-0.04,-0.34,1.264,6.63,-3.79,71.67,R
,598201,278,0,3840,-0.03,-0.37,1.240,5.04,-33.38,76.60,R
,598211,272,0,3950,-0.03,-0.38,1.253,5.68,-3.17,76.0,R
,598231,262,0,3952,-0.109,-0.429,1.236,18.09,-44.40,71.00,R
,598261,257,0,3843,-0.18,-0.48,1.182,5.32,-4.65,74.1,R
,598271,427,0,3889,-0.207,-0.495,1.139,22.52,-45.64,76.17,R
,598311,543,0,377,-0.18,-0.59,0.745,5.51,-51.98,62.11,R
,598331,541,0,3886,-0.12,-0.61,0.524,9.93,-4.88,55.1,R
,598351,546,0,3919,-0.19,-0.58,0.251,53.33,-37.81,61.07,R
,598361,544,0,3841,-0.089,-0.566,0.172,59.10,-27.81,63.44,R
,598371,464,0,3945,-0.23,-0.64,0.190,7.94,-20.04,67.87,R
,598391,202,0,384,-0.012,-0.491,0.019,45.15,-2.72,45.96,R
,598411,98,0,391,-0.00,-0.481,0.012,721,-4.56,12.32,R
,598421,59,0,380,0.014,-0.533,0.061,-6.85,-12.45,-4.06,R
,598501,290,0,3838,-0.07,-0.39,0.559,17.02,7.23,-2584,R
,598531,315,0,3904,-0.14,-0.50,0.852,22.82,62.25,-49.00,R
,598541,257,0,338,-0.18,-0.456,0.883,35.31,36.42,-57.03,R
,598561,348,0,3828,-0.10,-0.52,0.983,15.65,3.12,-6716,R
,598571,418,0,3899,-0.01,-0.56,1.061,10.90,19.89,-68.64,R
,598591,511,0,3918,-0.11,-0.43,1.000,-17.65,32.88,-70.68,R
,598621,562,0,340,-0.07,-0.503,1.039,-36.64,39.55,-74.06,R
,598691,528,0,3948,0.142,-0.451,0.796,-3.97,4051,-71.6,R
,598751,660,0,3933,0.146,-0.421,0.730,-31.57,25.29,-69.69,R
,598801,585,0,3823,-0.02,-0.32,1.715,60.18,39.55,-30.85,R
,598821,528,0,3825,-0.01,-0.18,2.000,38.03,42.59,-4.90,R
,598841,449,0,3835,-0.00,-0.19,2.000,13.57,20.02,2.77,R
,598851,483,0,3890,-0.02,-0.17,2.000,-4.85,-3.00,-1.37,R
,599031,542,0,3865,0.018,-0.318,1.121,42.05,-29.55,66.08,R
,599041,539,0,3828,-0.02,-0.34,1.144,0.40,-33.21,63.04,R
,599051,555,0,3879,-0.06,-0.35,1.129,6.63,-39.17,59.15,R
,599061,533,0,3837,-0.07,-0.39,1.135,5.94,-42.75,57.53,R
,599071,561,0,3875,-0.06,-0.41,1.118,9.74,-46.65,56.97,R
,599101,549,0,3831,-0.180,-0.465,1.099,45.41,-42.31,51.0,R
,599121,529,0,334,-0.14,-0.47,0.971,54.32,-43.79,43.68,R
,599131,577,0,399,-0.15,-0.482,0.915,66.81,-46.82,42.9,R
,599141,535,0,3825,-0.19,-0.49,0.824,7.67,-48.95,41.84,R
,599151,573,0,3906,-0.26,-0.51,0.736,7.21,-46.95,41.42,R
,599161,483,0,3825,-0.15,-0.50,0.584,1.99,-46.27,41.33,R
,599181,441,0,3815,-0.00,-0.46,0.458,6.28,-47.64,34.23,R
,599191,403,0,3889,-0.00,-0.48,0.392,6.75,-53.40,28.60,R
,599211,345,0,3921,-0.005,-0.49,0.326,5.25,-50.14,17.55,R
,599251,141,0,3921,0.162,-0.578,0.218,18.03,-8.04,1.15,
,599281,128,0,3833,0.117,-0.488,0.433,10.96,9.60,-18.70,R
,599311,134,0,319,0.098,-0.483,0.576,-13.01,2154,-22.42,R
,599331,112,0,3909,0.107,-0.441,0.688,-15.62,3627,-20.8,R
,599351,134,0,3907,0.113,-0.378,0.734,-16.00,50.10,-28.9,R
,599401,154,0,3835,-0.025,-0.384,1.026,-41.17,50.62,-45.89,R
,599451,270,0,3959,-0.07,-0.38,1.070,26.96,46.62,-57.80,R
,599471,285,0,385,-0.01,-0.41,1.034,22.99,40.39,-59.97,R
,599491,286,0,4016,0.073,-0.381,0.968,-23.66,23.31,-61.83,R
,599581,427,0,3841,0.254,-0.247,0.622,-26.68,2.01,-68.41,R
,599621,362,0,322,0.074,-0.139,1.337,-67.42,37.08,-37.7,R
,599631,352,0,3942,0.041,-0.189,1.522,-66.99,4941,-18.0,R
,599671,362,0,3957,-0.01,-0.12,1.951,18.49,29.41,4.95,R
,599721,341,0,3831,0.104,-0.110,1.528,-0.14,-2521,11.84,R
,599911,325,0,3934,-0.007,-0.29,1.135,5.83,-22.49,45.50,R
,599951,431,0,3909,-0.05,-0.41,1.176,3.74,-56.48,43.61,R
,600021,528,0,3831,-0.097,-0.462,0.577,53.70,-40.14,31.3,R
,600151,509,0,3934,-0.000,-0.45,0.635,7.16,50.35,-16.29,R
,600161,527,0,3824,-0.06,-0.44,0.690,19.26,50.07,-18.76,R
,600191,526,0,3927,-0.03,-0.49,0.870,25.10,16.31,-28.50,R
,600201,592,0,3828,-0.006,-0.483,0.897,-14.55,1.25,-3578,R
,600231,576,0,4005,0.006,-0.368,0.896,-5.65,23.4,-48.7,R
,600241,594,0,3831,0.018,-0.348,0.893,-11.11,3050,-50.29,R
,600271,483,0,3988,-0.02,-0.40,0.978,41.45,35.89,-4925,R
,600291,379,0,388,-0.03,-0.41,1.005,40.30,3.09,-52.97,R
,600321,432,0,3831,0.061,-0.403,0.969,-17.54,1877,-58.70,R
,600431,528,0,3999,0.254,-0.276,0.775,-25.77,12.12,-58.39,R
,600491,683,0,366,-0.02,-0.18,1.867,57.23,32.97,1.94,R
,600581,733,0,3829,0.189,-0.158,1.186,21.15,-2437,19.61,R
,600611,465,0,3952,0.06,-0.234,1.080,1.96,-24.37,26.46,R
,600621,446,0,3826,0.06,-0.275,1.079,109,-33.98,28.42,R
,600631,353,0,3982,0.055,-0.304,1.109,7.30,-39.84,31.70,R
,600661,350,0,3829,0.091,-0.338,1.061,32.19,-41.15,34.89,R
,600701,358,0,3836,0.105,-0.266,0.994,23.21,-6.14,55.01,R
,600761,322,0,335,-0.04,-0.46,1.182,5.35,-4.44,45.91,R
,600811,649,0,3934,-0.01,-0.419,0.817,60.11,-43.96,32.97,R
,600831,677,0,3982,-0.009,-0.427,0.639,52.05,-4.07,27.26,R
,600851,685,0,4009,-0.07,-0.45,0.529,34.86,-4.39,25.77,R
,600861,655,0,3835,-0.01,-0.49,0.466,7.19,-36.54,26.8,R
,600871,586,0,365,0.068,-0.518,0.425,16.12,-26.45,22.81,R
,600891,611,0,3978,0.049,-0.573,0.409,10.63,-18.04,19.24,R
,600961,651,0,3831,0.01,-0.537,0.551,1.83,18.13,-1.34,R
,600971,656,0,399,0.064,-0.504,0.604,-6.09,22.3,-4.61,R
,600991,688,0,3986,-0.08,-0.48,0.720,20.72,3.89,-15.14,R
,601021,751,0,3824,0.03,-0.505,0.852,-15.46,21.52,-28.07,R
,601041,798,0,3829,0.05,-0.451,0.894,-8.90,26.41,-33.37,R
,601101,823,0,3828,0.057,-0.428,0.976,-29.57,41.47,-37.46,R
,601111,813,0,3990,0.047,-0.436,0.978,-26.55,34.21,-42.71,R
,601121,827,0,3814,0.061,-0.440,0.972,-20.56,29.75,-45.86,R
,601191,752,0,426,0.189,-0.319,0.691,-28.62,20.91,-52.9,R
,601231,592,0,4084,0.13,-0.278,0.893,-42.00,34.19,-46.52,R
,601251,585,0,4039,0.016,-0.271,1.132,-46.44,39.05,-38.2,R
,601281,595,0,3825,-0.05,-0.21,1.516,33.43,37.80,-1287,R
,601291,586,0,382,-0.01,-0.06,1.658,30.35,39.77,-9.81,R
,601401,570,0,328,0.103,-0.224,1.200,18.80,-21.12,21.26,R
,601431,564,0,3973,0.08,-0.279,1.146,15.42,-32.20,30.11,R
,601471,581,0,371,0.097,-0.293,1.096,37.70,-26.72,41.62,R
,601551,794,0,3993,-0.08,-0.34,1.176,8.29,-42.27,45.01,R
,601561,820,0,3835,-0.08,-0.36,1.188,6.51,-39.56,46.64,R
,601571,871,0,3995,-0.01,-0.34,1.171,44.77,-38.13,47.27,R
,601591,903,0,411,-0.104,-0.314,1.108,54.29,-38.30,44.05,R
,601601,902,0,3842,-0.00,-0.32,1.071,0.83,-4.24,39.38,R
,601611,895,0,4014,-0.11,-0.31,1.020,7.07,-4.41,36.49,R
,601621,897,0,340,-0.148,-0.332,0.960,43.44,-48.77,37.47,R
,601701,553,0,336,0.092,-0.505,0.392,28.51,-29.87,24.6,R
,601721,542,0,3835,-0.11,-0.83,0.396,4.49,-1.04,25.8,R
,601781,443,0,3827,-0.03,-0.58,0.525,5.46,2990,10.13,R
,601801,581,0,3830,0.10,-0.573,0.595,-0.68,32.38,7.13,R
,601961,823,0,328,0.28,-0.646,1.065,-60.09,15.66,-42.41,R
,602081,966,0,334,0.358,-0.529,1.501,-79.75,-43.64,-9939,R
,602141,915,0,3835,-0.009,-0.142,1.618,29.84,-61.73,-60.71,R
,602211,784,0,353,0.01,-0.098,1.010,-13.19,-70.05,13.4,R
,602461,767,0,3824,0.155,-0.636,0.505,62.20,-4555,40.4,R
,602521,553,0,3827,0.341,-0.640,-0.023,26.11,-27.75,28.60,R
,602631,644,0,3979,0.122,-0.794,0.699,-22.67,46.07,11.9,R
,602691,630,0,323,0.21,-0.730,0.768,-14.18,38.30,-15.5,R
,602711,623,0,3935,0.168,-0.672,0.814,-27.80,55.31,-21.0,R
,602801,817,0,3824,0.201,-0.602,0.617,-24.53,3563,-31.2,R
,602821,816,0,3828,0.210,-0.597,0.625,-35.81,2360,-35.2,R
,602831,841,0,3987,0.086,-0.742,0.594,-37.71,9.2,-34.2,R
,602861,857,0,330,0.253,-0.607,0.595,-30.94,11.73,-38.55,R
,602901,804,0,3824,0.224,-0.549,0.886,-39.42,29.89,-39.42,R
,602911,805,0,3977,0.166,-0.516,1.045,-37.74,3390,-32.45,R
,603151,817,0,4021,0.166,-0.556,0.942,13.85,-2355,48.9,R
,603231,853,0,4050,0.007,-0.676,0.936,45.44,-4616,30.54,R
,603241,830,0,323,-0.04,-0.65,0.843,1.59,-4.57,28.08,R
,603271,734,0,3978,-0.031,-0.634,0.539,45.99,-45.50,22.34,R
,603281,733,0,3823,-0.040,-0.637,0.465,44.31,-4.19,20.49,R
,603291,752,0,434,-0.03,-0.66,0.403,0.72,-56.05,15.5,R
,603391,565,0,3984,0.131,-0.824,0.446,-2.87,5.2,1.88,R
,603421,570,0,3824,0.192,-0.735,0.471,-2.29,16.3,2.45,
,603501,719,0,3830,0.189,-0.835,0.724,-25.62,1302,-23.45,R
,603581,803,0,3829,0.35,-0.880,0.769,-44.01,2109,-46.27,R
,603601,794,0,3809,0.37,-0.892,0.780,-42.12,1296,-58.59,R
,603611,753,0,4013,0.449,-0.921,0.775,-39.01,7.1,-67.28,R
,603641,750,0,3826,0.488,-0.868,0.730,-45.23,-388,-88.19,R
,603701,849,0,3825,0.355,-0.631,1.120,-46.20,1.67,-109.54,R
,603731,879,0,4001,0.207,-0.563,1.295,-41.25,-3.94,-101.45,R
,603771,927,0,4020,0.256,-0.251,1.223,-15.66,-25.88,-68.30,R
,603801,860,0,3833,0.157,-0.186,1.184,-21.30,-28.25,-26.41,R
,603821,667,0,3847,0.211,-0.279,1.083,-22.84,-47.27,-9.78,R
,603831,670,0,4095,0.204,-0.301,1.042,-2.81,-52.75,-2.88,R
,603941,784,0,3837,0.407,-0.527,0.788,8.52,-41.18,47.58,R
,604021,744,0,3836,0.484,-0.585,0.733,23.18,-38.85,37.81,R
,604071,715,0,3939,0.331,-0.714,0.577,25.70,-2903,40.13,R
,604091,686,0,339,0.325,-0.761,0.464,31.90,-31.14,33.39,R
,604101,675,0,3826,0.331,-0.766,0.396,3.54,-35.79,28.31,R
,604131,582,0,3943,0.430,-0.755,0.188,57.74,-51.18,11.12,R
,604181,122,0,3841,0.50,-0.685,-0.003,4.19,2.12,10.19,R
,604241,395,0,3834,0.509,-0.823,0.331,-3.40,-0.46,-23.75,R
,604261,547,0,3837,0.42,-0.738,0.382,-9.05,28.35,-16.12,R
,604281,593,0,3839,0.420,-0.753,0.509,-11.66,60.39,-8.55,R
,604291,611,0,3920,0.377,-0.726,0.537,-15.17,62.57,-12.68,R
,604311,634,0,3929,0.423,-0.730,0.607,-9.92,51.15,-27.2,R
,604341,640,0,337,0.398,-0.692,0.653,-30.10,40.67,-36.87,R
,604391,703,0,3918,0.33,-0.687,0.767,-21.11,64.60,-35.03,R
,604521,803,0,3841,0.48,-0.552,0.565,-29.45,3.69,-55.02,R
,604641,797,0,3842,0.42,-0.586,1.812,-23.36,3.81,8.37,R
,604651,791,0,3934,0.446,-0.575,1.803,-8.97,-3.30,9.10,
,604721,784,0,3842,0.58,-0.583,0.946,28.06,-17.81,12.39,R
,604741,787,0,3846,0.508,-0.587,0.858,24.20,-29.99,13.93,R
,604921,767,0,345,0.288,-0.666,0.644,37.35,-26.65,29.65,R
,604941,752,0,340,0.242,-0.680,0.522,34.74,-30.36,24.74,R
,605031,482,0,3971,0.302,-0.575,0.081,17.21,-14.11,18.42,R
,605071,395,0,330,0.34,-0.750,0.343,-17.66,-11.29,10.6,R
,605151,604,0,3916,0.33,-0.821,0.557,-16.68,5564,23.15,R
,605321,774,0,346,0.605,-1.111,0.813,-57.92,-4.57,-91.8,R
,605351,767,0,3968,0.57,-1.008,0.797,-66.76,-0.74,-103.39,R
,605491,969,0,363,0.332,-0.161,0.732,-52.96,-11.35,-1856,R
,605551,994,0,3967,0.421,-0.234,0.646,-22.56,-6.04,15.9,R
,605611,947,0,3960,0.528,-0.362,0.659,-3.69,-12.54,40.52,R
,605651,907,0,3957,0.563,-0.372,0.603,13.25,-4.75,48.86,R
,605681,857,0,349,0.56,-0.455,0.593,10.72,-1053,54.75,R
,605761,801,0,3839,0.593,-0.733,0.548,3.81,-9.0,53.44,R
,605881,622,0,3835,0.380,-0.798,0.021,9.32,-6.2,37.93,R
,605981,634,0,3831,0.484,-1.010,0.240,7.57,-19.99,19.58,R
,606031,689,0,3961,0.435,-0.967,0.385,057,45.60,-5.20,R
,606101,700,0,3824,0.39,-0.916,0.565,-25.97,19.25,-27.9,R
,606131,714,0,3935,0.280,-0.793,0.500,-12.36,4894,-19.6,R
,606151,720,0,3937,0.287,-0.744,0.449,-18.96,4786,-19.9,R
,606221,797,0,3826,0.402,-0.664,0.333,-35.94,36.68,-22.26,R
,606291,879,0,3904,0.445,-0.603,0.366,-5.91,2361,-25.6,R
,606371,929,0,3907,0.636,-0.811,1.153,-2.36,53.43,1.62,R
,606381,929,0,3835,0.647,-0.840,1.329,-7.14,5198,1.39,R
,606491,926,0,3888,0.526,-0.622,0.781,3.88,-32.89,-9.22,R
,606531,912,0,3887,0.404,-0.520,0.601,2.67,-3750,16.1,R
,606541,915,0,3824,0.382,-0.520,0.574,2.35,-41.35,26.14,R
,606551,896,0,381,0.369,-0.524,0.552,1.93,-45.53,34.58,R
,606591,881,0,3875,0.468,-0.606,0.552,29.53,-47.12,39.88,R
,606611,881,0,3887,0.462,-0.589,0.510,22.89,-3711,55.8,R
,606671,795,0,3898,0.436,-0.798,0.622,1.19,-4604,57.10,R
,606721,720,0,3840,0.393,-0.753,0.626,2.75,-4561,50.0,R
,606741,711,0,3833,0.391,-0.790,0.573,18.69,-4309,51.9,R
,606791,701,0,3937,0.529,-0.822,0.454,2.41,-4950,39.09,R
,606831,695,0,3909,0.300,-0.817,0.553,1.40,-4620,47.7,R
,606871,695,0,3925,0.345,-0.804,0.537,2.37,-51.43,46.11,R
,606901,702,0,3824,0.375,-0.779,0.537,1.83,-6853,39.4,R
,606931,703,0,3923,0.352,-0.785,0.566,12.63,-57.98,44.89,R
,607041,700,0,3834,0.308,-0.765,0.495,17.76,-67.23,30.29,R
,607141,645,0,339,0.245,-0.817,0.434,3.25,-53.93,30.83,R
,607181,671,0,3829,0.257,-0.786,0.381,2.52,-55.47,31.76,R
,607241,656,0,3824,0.250,-0.876,0.439,4.76,-31.38,42.66,R
,607321,551,0,3829,0.229,-0.962,0.398,24.67,-46.51,35.35,R
,607341,511,0,3837,0.220,-0.951,0.336,44.29,-36.72,32.6,R
,607351,496,0,3912,0.231,-0.904,0.311,5.96,-32.36,30.90,R
,607411,465,0,4071,0.159,-0.780,0.226,5.48,-21.36,24.25,R
,607431,481,0,4095,0.195,-0.810,0.221,48.31,-16.72,25.59,R
,607491,316,0,4095,0.218,-0.817,0.253,24.05,6.44,5.85,R
,607501,335,0,327,0.22,-0.823,0.250,16.11,13.08,6.64,R
,607521,336,0,334,0.288,-0.866,0.362,-3.52,16.4,-4.24,R
,607551,355,0,477,0.313,-0.933,0.488,-1.10,12.42,-14.7,R
,607561,349,0,3833,0.283,-0.878,0.467,1.18,16.65,-15.26,R
,607611,335,0,469,0.200,-0.824,0.512,6.58,41.47,-13.48,R
,607641,389,0,324,0.24,-0.762,0.491,7.06,51.29,-10.30,R
,607651,375,0,4087,0.237,-0.754,0.508,3.65,51.72,-12.09,R
,607681,404,0,3831,0.229,-0.789,0.548,-12.68,40.44,-22.1,R
,607691,399,0,480,0.22,-0.821,0.577,-8.59,35.00,-24.38,R
,607731,402,0,454,0.26,-0.867,0.617,-11.31,27.25,-25.31,R
,607801,531,0,3833,0.228,-0.812,0.524,-20.88,40.31,-34.5,R
,607811,527,0,4005,0.246,-0.814,0.536,-27.62,39.22,-36.74,R
,608031,835,0,3901,0.314,-0.744,0.608,-35.75,27.75,-63.8,R
,608131,879,0,388,0.47,-0.666,0.666,-35.43,13.92,-42.9,R
,608151,896,0,385,0.40,-0.675,0.678,-38.97,5.17,-46.94,R
,608211,916,0,373,0.573,-0.687,0.750,-24.79,13.87,-25.9,R
,608221,902,0,330,0.56,-0.659,0.772,-25.43,16.67,-26.8,R
,608251,912,0,381,0.490,-0.622,1.021,-20.82,24.79,-8.8,R
,608281,862,0,3830,0.49,-0.696,1.367,0.06,2.73,-2.52,R
,608311,701,0,330,0.47,-0.635,1.011,16.43,9.11,12.22,
,608351,692,0,327,0.531,-0.643,0.905,21.35,-24.30,13.1,R
,608401,663,0,3840,0.456,-0.679,0.739,4.95,-33.3,25.47,R
,608461,659,0,339,0.416,-0.709,0.693,21.30,-4008,33.1,R
,608571,650,0,3925,0.251,-0.817,0.579,30.34,-39.40,24.0,R
,608621,578,0,3834,0.165,-0.821,0.292,48.89,-30.95,17.8,R
,608671,497,0,4070,0.275,-0.698,-0.055,28.25,-6.79,-3.0,R
,608681,336,0,3845,0.313,-0.773,-0.060,14.98,-71.32,-9.0,R
,608761,435,0,3840,0.268,-0.906,0.138,13.83,35.54,4.48,
,608781,465,0,3840,0.295,-0.874,0.207,899,51.3,5.19,R
,608891,608,0,329,0.366,-0.876,0.459,-43.08,50.79,-28.68,R
,609121,799,0,3824,0.013,0.084,1.279,0.51,115.54,48.40,
,609241,853,0,3826,0.806,-1.112,1.362,72.14,7.2,44.26,
,609271,857,0,3889,0.666,-1.025,1.203,8.72,-1236,22.43,R
,609321,757,0,3837,0.405,-0.792,0.989,47.12,-34.77,17.7,R
,609351,673,0,3936,0.26,-0.793,1.003,39.22,-49.09,18.28,R
,609431,653,0,3871,0.098,-0.632,0.892,21.07,-4550,28.5,R
,609501,796,0,3844,0.052,-0.615,0.564,3.85,-3701,31.5,R
,609531,531,0,344,0.05,-0.578,0.419,2.55,-2393,31.38,R
,609541,567,0,3836,0.078,-0.577,0.392,1.87,-2504,29.41,R
,609721,810,0,3827,0.236,-0.692,0.681,-5.49,2169,-26.9,R
,609741,784,0,3840,0.165,-0.684,0.680,-14.09,1699,-28.18,R
,609881,848,0,3838,0.32,-0.610,0.870,-20.53,26.48,-39.77,R
,610051,891,0,3901,0.299,-0.496,0.860,-9.40,2627,-34.0,R
,610071,880,0,3895,0.262,-0.551,0.895,-5.81,22.18,-32.55,R
,610111,901,0,3898,0.344,-0.518,1.079,-3.46,5.4,-25.6,R
,610131,890,0,3910,0.412,-0.475,1.181,-3.36,2848,-11.6,R
,610181,848,0,3837,0.342,-0.472,1.171,-10.09,-1.65,-5.0,R
,610201,847,0,3842,0.430,-0.490,1.022,-.36,-18.02,-3.22,R
,610221,861,0,3833,0.462,-0.536,1.004,-.94,-6.1,0.35,R
,610281,847,0,3837,0.288,-0.480,0.972,-.07,-3994,1.03,R
,610421,784,0,3837,0.396,-0.586,1.188,21.42,-55.46,32.61,R
,610501,496,0,3840,0.256,-0.814,0.818,-1.37,-58.78,32.46,R
,610671,656,0,3975,0.220,-0.625,0.348,-40.18,-43.20,3.87,R
,610691,671,0,3963,0.253,-0.638,0.382,-31.49,-37.96,3.41,R
,610761,662,0,3845,0.292,-0.678,0.424,-41.59,-22.51,-6.29,R
,610791,669,0,352,0.268,-0.635,0.476,-17.66,-10.75,-2.19,R
,610861,728,0,345,0.412,-0.659,0.456,-4.32,-1.35,-7.37,R
,611391,823,0,3927,0.529,-0.623,0.860,18.57,-26.25,12.06,R
,611471,790,0,3920,0.519,-0.677,0.666,17.50,-54.28,22.39,R
,611511,793,0,3897,0.462,-0.699,0.625,21.77,-33.76,35.73,R
,611571,779,0,311,0.43,-0.752,0.585,21.25,-57.44,27.1,R
,611771,640,0,3876,0.401,-1.001,-0.000,-15.30,8.64,-13.37,R
,611831,640,0,3885,0.306,-0.917,0.117,-45.25,29.63,-31.22,R
,611931,757,0,3895,0.323,-0.769,0.233,-45.60,55.98,-57.54,R
,611941,762,0,3851,0.320,-0.761,0.256,-41.59,63.51,-58.9,R
,612091,935,0,327,0.245,-0.179,0.818,-0.20,11.93,19.24,R
,612121,919,0,359,0.345,-0.307,1.191,1.20,117.67,42.43,R
,612241,939,0,3849,0.796,-0.863,1.205,5.74,26.6,47.68,R
,612391,953,0,3920,0.397,-0.775,0.970,39.39,-5223,30.08,R
,612461,922,0,3856,0.121,-0.714,0.900,13.67,-55.94,36.6,R
,612521,655,0,3845,0.135,-0.669,0.536,5.55,-6390,28.0,R
,612591,627,0,3870,0.170,-0.661,0.210,1.37,-34.80,17.38,R
,612701,656,0,3854,0.188,-0.642,0.402,706,28.2,-8.82,R
,612761,640,0,344,0.18,-0.744,0.641,-14.67,21.11,-18.56,R
,612771,654,0,367,0.226,-0.744,0.662,-2.09,25.8,-20.6,R
,612791,643,0,3871,0.218,-0.692,0.627,570,45.77,-17.77,R
,612881,710,0,349,0.31,-0.700,0.723,-6.06,2163,-45.10,R
,612901,695,0,3847,0.293,-0.664,0.711,-29.54,3769,-38.4,R
,612921,771,0,3853,0.318,-0.615,0.666,-1.71,50.56,-32.44,R
,612931,778,0,3886,0.338,-0.592,0.650,-24.64,46.64,-35.13,R
,612951,799,0,3885,0.43,-0.605,0.617,-8.76,18.96,-46.64,R
,612991,900,0,3886,0.444,-0.458,0.757,-3.33,36.53,-32.35,R
,613041,929,0,3846,0.270,-0.514,1.636,-27.83,33.47,-15.78,R
,613061,925,0,3850,0.325,-0.481,1.736,-.45,3.6,-14.76,R
,613071,915,0,319,0.372,-0.460,1.677,-.55,-0.22,-7.72,R
,613111,894,0,3907,0.460,-0.442,1.355,1.61,-1.67,3.26,R
,613241,899,0,352,0.32,-0.533,0.914,1.37,-2730,34.03,R
,613291,906,0,399,0.321,-0.584,0.909,26.22,-43.01,30.29,R
,613351,878,0,3888,0.205,-0.635,0.857,15.91,-38.49,31.88,R
,613381,835,0,346,0.225,-0.703,0.689,26.64,-57.98,21.84,R
,613391,807,0,390,0.21,-0.709,0.637,2.64,-55.82,19.27,R
,613411,681,0,369,0.200,-0.711,0.507,3.19,-43.72,19.35,R
,613481,683,0,3843,0.270,-0.749,0.254,-15.72,-15.27,-3.81,R
,613491,608,0,3859,0.273,-0.770,0.250,-25.80,-11.17,-11.75,R
,613511,669,0,3854,0.260,-0.870,0.348,-30.84,-2.83,-24.53,R
,613591,625,0,373,0.16,-0.822,0.606,-46.79,39.60,-47.83,R
,613721,825,0,3861,0.144,-0.519,0.502,-3.77,3473,-11245,R
,613731,821,0,3886,0.095,-0.429,0.449,-32.84,32.59,-110.73,R
,613751,848,0,3874,0.100,-0.274,0.370,-5.97,49.11,-95.63,R
,613891,896,0,309,0.321,-0.214,1.812,2.63,88.56,68.49,R
,613901,875,0,357,0.42,-0.289,1.801,3.60,82.89,66.42,R
,613911,879,0,3890,0.513,-0.360,1.784,43.42,79.54,68.61,R
,613921,880,0,357,0.615,-0.446,1.744,50.25,75.34,67.99,R
,613991,792,0,387,0.59,-0.776,1.413,61.67,5.86,28.13,R
,614021,814,0,351,0.47,-0.668,1.267,60.11,-1.40,32.75,R
,614041,816,0,342,0.426,-0.660,1.224,42.29,-16.23,31.71,R
,614071,846,0,370,0.29,-0.632,1.187,33.96,-30.77,36.4,R
,614081,846,0,355,0.26,-0.613,1.166,31.04,-30.57,37.01,R
,614091,839,0,382,0.24,-0.598,1.175,30.67,-33.75,36.10,R
,614101,836,0,361,0.175,-0.579,1.171,28.81,-36.88,36.32,R
,614121,827,0,3866,0.150,-0.553,1.176,26.08,-40.88,39.82,R
,614191,802,0,301,-0.062,-0.496,1.009,12.45,-47.35,48.37,R
,614221,798,0,359,-0.09,-0.40,0.807,0.31,-5.98,51.6,R
,614301,714,0,3857,-0.001,-0.477,0.369,-7.66,-2.11,45.4,R
,614311,572,0,373,-0.02,-0.48,0.361,-12.59,-18.62,41.48,R
,614321,532,0,3856,-0.029,-0.500,0.368,-14.88,-18.56,3486,R
,614331,545,0,301,-0.047,-0.503,0.375,-17.95,-2.13,2790,R
,614361,368,0,3856,-0.018,-0.575,0.461,-36.20,-29.69,2118,R
,614371,374,0,3968,0.014,-0.581,0.604,-30.24,-30.05,19.62,R
,614481,736,0,350,0.07,-0.606,0.817,-28.76,7.41,-12.3,R
,614521,771,0,356,0.07,-0.630,0.834,-24.49,35.55,-12.74,R
,614741,745,0,351,0.08,-0.548,1.692,-32.06,15.49,-11.75,R
,614771,791,0,387,0.09,-0.483,1.666,5.27,-5.07,-5.90,R
,614801,814,0,3857,0.16,-0.401,1.277,7.62,-11.49,6.39,
,614951,576,0,366,0.10,-0.547,0.908,11.71,-30.05,41.64,R
,615011,660,0,379,0.04,-0.625,0.970,16.06,-31.88,41.67,R
,615051,688,0,385,-0.00,-0.64,0.877,2.41,-50.74,32.2,R
,615061,675,0,356,-0.02,-0.65,0.845,8.26,-55.59,30.8,R
,615071,679,0,386,-0.00,-0.65,0.764,4.90,-5.33,30.3,R
,615111,694,0,373,0.014,-0.678,0.625,19.47,-4536,35.5,R
,615181,619,0,356,0.10,-0.774,0.318,-10.96,-12.08,1.7,R
,615251,605,0,388,0.09,-0.793,0.509,-17.66,3431,-25.2,R
,615291,618,0,333,0.01,-0.817,0.612,-34.09,36.79,-36.44,R
,615361,677,0,349,-0.04,-0.784,0.706,-33.02,3.76,-8488,R
,615371,678,0,353,0.00,-0.759,0.707,-35.69,3783,-86.3,R
,615381,679,0,350,0.00,-0.725,0.694,-36.68,38.22,-91.2,R
,615421,790,0,3856,-0.021,-0.57,0.597,21.46,35.44,-11.93,R
,615441,819,0,355,-0.04,-0.429,0.491,-7.77,37.72,-117.43,R
,615461,848,0,3865,-0.131,-0.20,0.437,.51,51.22,-106.3,R
,615471,866,0,388,-0.18,-0.09,0.447,2.80,64.71,-101.4,R
,615481,905,0,3857,-0.18,-0.04,0.469,-2.43,69.57,-92.23,R
,615511,825,0,372,-0.31,0.145,0.718,-14.75,9268,-45.0,R
,615521,781,0,365,-0.39,0.170,0.862,-20.96,9864,-24.1,R
,615561,896,0,342,-0.20,-0.037,1.512,1.81,103.67,52.3,R
,615571,910,0,370,-0.17,-0.117,1.631,12.35,9877,59.5,R
,615671,912,0,378,0.50,-0.723,1.435,70.17,36.21,29.67,R
,615701,923,0,361,0.37,-0.702,1.361,65.91,20.60,21.74,R
,615721,878,0,348,0.29,-0.681,1.296,6.89,7.66,21.15,
,615751,858,0,374,0.16,-0.623,1.249,50.16,0.39,26.86,R
,615761,779,0,345,0.11,-0.623,1.219,46.72,-5.43,29.36,R
,615771,772,0,3883,0.096,-0.631,1.211,4.48,-14.66,29.5,R
,615801,816,0,351,0.06,-0.521,1.178,52.16,-3607,26.8,R
,615821,718,0,3851,0.00,-0.483,1.154,46.51,-34.75,25.61,R
,615841,693,0,350,-0.06,-0.426,1.133,2.57,-36.05,33.4,R
,615861,641,0,3849,-0.134,-0.44,1.138,7.22,-37.64,37.4,R
,615881,573,0,335,-0.14,-0.449,1.088,30.29,-4.19,36.0,R
,615891,575,0,345,-0.15,-0.447,1.036,4.67,-45.73,34.3,R
,615951,606,0,397,-0.110,-0.419,0.557,1.33,-81.15,11.2,R
,616001,582,0,3870,0.00,-0.450,0.371,33.12,-1924,16.89,R
,616121,399,0,347,-0.13,-0.422,0.862,-12.27,4.65,-25.55,R
,616191,621,0,370,-0.11,-0.360,1.002,.95,33.03,-40.4,R
,616231,795,0,373,-0.03,-0.273,0.932,3.98,42.83,-48.0,R
,616321,880,0,371,0.12,-0.283,0.799,-18.50,9.86,-50.5,R
,616361,965,0,360,0.14,-0.219,0.837,-29.05,3228,-35.81,R
,616461,795,0,3855,-0.121,-0.184,1.742,7.56,7.17,-9.03,
,616601,711,0,3859,-0.04,-0.188,1.097,2.80,-24.08,31.6,R
,616651,646,0,3861,-0.038,-0.23,1.114,4.80,-2.52,43.77,R
,616701,791,0,371,-0.05,-0.304,1.136,30.06,-4.57,45.39,R
,616741,828,0,3866,-0.110,-0.325,1.056,32.55,-48.89,38.0,R
,616771,866,0,3897,-0.110,-0.34,0.906,2.37,-42.69,37.64,R
,616801,863,0,3865,-0.085,-0.41,0.737,4.99,-4.46,23.5,R
,616851,860,0,3898,-0.041,-0.389,0.479,30.78,-21.07,17.7,R
,616881,871,0,3858,-0.017,-0.372,0.499,1.51,7.29,9.88,R
,616901,804,0,3864,0.006,-0.427,0.626,-2.85,2.76,-4.47,
,616921,813,0,3867,-0.04,-0.346,0.676,8.84,9.7,-2.76,
,617011,787,0,3887,-0.066,-0.292,0.928,-5.11,22.36,-26.8,R
,617031,784,0,3878,-0.066,-0.28,0.923,10.03,2.13,-30.13,R
,617051,753,0,3867,-0.071,-0.270,0.918,-25.31,28.70,-2496,R
,617201,870,0,3870,0.114,-0.342,0.874,-23.36,15.46,-43.3,R
,617241,878,0,358,-0.08,-0.218,1.215,40.55,29.92,-35.49,R
,617371,621,0,3870,0.076,-0.134,1.234,11.76,-26.54,9.41,!5
,617601,873,0,3866,-0.089,-0.311,0.856,41.65,-39.00,30.3,R
,617651,657,0,3888,-0.017,-0.377,0.675,14.48,-39.99,19.96,R
,617691,687,0,3911,0.029,-0.397,0.553,24.83,-23.67,10.14,R
,617711,658,0,3883,0.044,-0.386,0.507,1.45,-4.36,7.09,R
,617881,657,0,3861,-0.033,-0.337,0.954,-21.33,32.47,-29.20,R
,617961,477,0,3876,-0.009,-0.361,0.897,-23.02,3.22,-3473,R
,618071,842,0,3894,0.184,-0.313,0.676,-22.99,23.99,-42.44,R
,618091,836,0,3891,0.111,-0.286,0.888,-30.76,3144,-50.3,R
,618191,638,0,3884,-0.075,-0.171,1.690,10.12,-4.45,-12.44,R
,618311,571,0,3887,0.034,-0.250,1.047,19.56,-31.06,22.02,R
,618321,578,0,3852,0.030,-0.265,1.072,20.03,-29.36,25.13,R
,618361,686,0,3845,0.024,-0.277,1.091,20.14,-29.75,35.79,R
,618371,721,0,3873,0.018,-0.272,1.090,20.45,-3092,36.3,R
,618411,784,0,3877,-0.023,-0.326,1.112,9.62,-3.43,38.3,R
,618431,784,0,3888,-0.09,-0.342,1.078,22.87,-36.45,39.0,R
,618441,746,0,3870,-0.02,-0.342,1.062,26.41,-36.08,39.73,R
,618561,654,0,3866,0.014,-0.448,0.541,3.76,-7.9,11.48,R
,618601,654,0,3870,0.024,-0.480,0.591,191,-6.71,-3.77,
,618641,656,0,3879,0.009,-0.407,0.729,-13.48,27.73,-4.0,R
,618661,528,0,3873,-0.017,-0.424,0.781,-20.29,22.88,-12.18,R
,618691,622,0,361,-0.06,-0.38,0.865,-15.46,20.35,-2235,R
,618711,669,0,3875,-0.029,-0.356,0.892,-20.58,26.77,-2157,R
,618751,531,0,3893,-0.01,-0.377,0.988,28.06,3.38,-18.79,R
,618801,511,0,3877,0.01,-0.331,0.882,-25.07,19.49,-30.8,R
,618861,743,0,3871,0.047,-0.332,0.808,-34.81,30.38,-24.8,R
,618871,848,0,3899,0.105,-0.364,0.781,-30.82,27.69,-26.30,R
,618881,869,0,3886,0.135,-0.369,0.765,-27.48,1963,-31.65,R
,618891,901,0,3929,0.17,-0.375,0.726,-23.55,10.71,-38.4,R
,618961,602,0,3866,-0.05,-0.309,1.412,-52.09,39.84,-15.46,R
,619021,561,0,3869,-0.05,-0.188,1.763,3.71,2.57,2.13,R
,619051,627,0,3860,0.038,-0.231,1.408,1.06,-2573,6.60,R
,619081,701,0,3875,0.061,-0.216,1.188,1.52,-21.96,16.1,R
,619341,770,0,381,-0.09,-0.472,0.552,39.61,-22.22,32.92,R
,619371,494,0,3888,0.009,-0.479,0.489,993,-8.0,16.52,R
,619451,645,0,3876,-0.052,-0.45,0.552,13.27,36.22,-9.0,R
,619471,605,0,3850,-0.099,-0.38,0.653,14.52,42.47,-2210,R
,619511,610,0,3859,-0.111,-0.45,0.900,-26.29,4.10,-35.2,R
,619621,595,0,3885,-0.060,-0.42,0.908,36.35,27.69,-51.86,R
,619631,576,0,3877,-0.053,-0.417,0.927,35.19,2.24,-4969,R
,619741,667,0,3886,-0.021,-0.28,1.022,51.57,4.07,-48.00,R
,619751,541,0,3873,-0.044,-0.340,1.142,53.51,4.49,-39.17,R
,619761,466,0,3879,-0.034,-0.32,1.283,49.95,4.07,-3317,R
,619791,451,0,3878,-0.175,-0.26,1.561,12.97,4.80,-11.31,R
,619951,510,0,3863,0.013,-0.348,1.128,1.71,-2219,26.8,R
,620051,816,0,359,-0.05,-0.302,1.103,1.85,-2.14,43.22,R
,620091,875,0,3865,-0.157,-0.397,1.182,18.12,-43.72,42.25,R
,620131,905,0,3899,-0.173,-0.414,1.027,38.32,-33.38,42.2,R
,620141,912,0,3871,-0.14,-0.416,0.984,7.50,-3.52,41.9,R
,620241,551,0,3889,-0.063,-0.48,0.374,2.43,-2.93,11.0,R
,620311,523,0,3863,-0.06,-0.60,0.620,13.04,24.18,-9.89,R
,620461,859,0,3893,-0.118,-0.454,1.089,-39.39,25.58,-7271,R
,620471,848,0,3865,-0.093,-0.447,1.040,-34.53,20.82,-74.27,R
,620811,885,0,3861,-0.08,-0.37,1.078,21.21,-35.17,51.47,R
,620831,859,0,3863,-0.020,-0.447,1.101,25.39,-39.36,51.21,R
,620901,890,0,320,-0.01,-0.41,1.053,9.96,-2.98,62.0,R
,621111887,0,3M&	bjrbrbjrbrbrbRJ621121880,0,399,0.03,-0.6330.469,0.57,0.12,5.39,R
,621231,916,0,3891,-0.090,-0.417,0.883,10.12,15.31,-3526,R
,621291,933,0,3840,0.004,-0.424,0.925,-31.17,14.83,-41.66,R
,621331,915,0,3841,0.052,-0.416,0.931,-20.58,2474,-42.8,R
,621391,880,0,3874,0.105,-0.367,0.740,-23.19,16.45,-46.3,R
,621401,944,0,307,0.13,-0.365,0.751,-21.92,10.15,-50.47,R
,621411,986,0,310,0.146,-0.341,0.787,-21.55,4.54,-52.1,R
,621421,964,0,3911,0.133,-0.334,0.833,-28.26,5.7,-52.0,R
,621531,656,0,3855,-0.046,-0.272,1.571,-4.49,8.07,5.94,
,621611,647,0,3853,0.063,-0.295,1.095,20.35,-17.32,13.4,R
,621621,639,0,3888,0.075,-0.329,1.077,16.81,-19.18,16.0,R
,621631,647,0,3850,0.076,-0.355,1.048,16.29,-23.17,17.62,R
,621641,639,0,3899,0.063,-0.349,1.047,17.91,-24.65,19.09,R
,621701,709,0,3889,0.037,-0.333,1.065,23.12,-2083,33.3,R
,621821,880,0,3921,-0.114,-0.377,1.049,6.75,-37.41,34.9,R
,621831,823,0,3894,-0.122,-0.403,0.992,35.77,-41.67,33.18,R
,621951,863,0,3859,0.112,-0.541,0.455,759,-13.94,2.20,
,621971,894,0,3848,0.085,-0.494,0.472,026,12.1,0.48,R
,622041,916,0,3893,-0.021,-0.44,0.815,27.95,22.06,-2482,R
,622151,719,0,334,-0.001,-0.362,0.908,-33.71,32.41,-4310,R
,622171,615,0,3856,0.008,-0.377,0.924,-5.43,2389,-41.2,R
,622271,602,0,3855,-0.065,-0.39,1.019,31.84,24.25,-2876,R
,622281,563,0,394,0.00,-0.319,1.088,-30.35,29.81,-38.8,R
,622341,535,0,393,-0.099,-0.221,1.510,-18.61,2.66,-9.05,R
,622481,433,0,3888,0.034,-0.353,1.092,1.41,-2645,18.60,R
,622501,407,0,3885,0.002,-0.341,1.081,21.16,-20.75,28.3,R
,622531,457,0,3855,0.004,-0.340,1.076,2.04,-2872,29.6,R
,622541,526,0,3881,0.020,-0.359,1.062,18.66,-30.91,32.4,R
,622601,599,0,3888,-0.052,-0.35,1.119,16.09,-20.23,42.8,R
,622701,905,0,310,-0.19,-0.401,0.883,38.16,-28.56,33.4,R
,622731,795,0,3840,-0.070,-0.42,0.667,2.90,-3.59,26.52,R
,622741,738,0,359,-0.060,-0.43,0.585,0.28,-3.44,23.15,R
,622871,887,0,3856,0.02,-0.456,0.719,-7.28,21.18,-16.2,R
,622881,874,0,303,-0.001,-0.433,0.754,-10.36,21.43,-1890,R
,622921,819,0,3899,-0.025,-0.40,0.903,29.37,2.36,-2299,R
,622951,646,0,3849,-0.055,-0.448,0.969,-29.42,19.80,-3229,R
,623021,599,0,3905,0.00,-0.374,0.909,-1.17,3190,-34.4,R
,623201,547,0,3895,-0.152,-0.25,1.434,-27.04,2.37,-9.8,R
,623211,543,0,349,-0.18,-0.264,1.473,-17.89,19.64,-7.0,R
,623251,534,0,3856,-0.141,-0.22,1.361,.37,2.80,2.23,R
,623301,545,0,398,-0.03,-0.282,1.131,4.03,-1.00,6.7,R
,623351,598,0,3847,-0.002,-0.32,1.091,6.70,-22.25,14.52,R
,623521,694,0,3905,-0.150,-0.39,1.058,1.97,-4.56,33.4,R
,623761,656,0,3900,-0.014,-0.508,0.987,-47.98,21.11,-2042,R
,623791,997,0,3826,-0.015,-0.487,1.090,-33.11,21.05,-2891,R
,623811,967,0,3851,0.014,-0.446,1.057,-21.23,32.38,-30.56,R
,623911,915,0,3857,0.04,-0.327,0.820,-30.10,0.28,-49.42,R
,623921,927,0,3902,0.102,-0.335,0.746,-0.00,-602,-48.8,R
,623941,1036,0,900,0.12,-0.28,0.719,22.75,-.88,-4888,R
,624011,1018,0,3839,-0.85,-0.239,1.333,-51.01,17.90,-1.97,R
,624021,929,0,306,-0.14,-0.246,1.483,-46.96,22.27,2.54,R
,624031,944,0,339,-0.17,-0.259,1.631,-37.49,20.21,17.50,R
,624111,972,0,355,-0.03,-0.26,1.297,.69,-3730,32.8,R
,624131,1091,0,857,0.02,-0.293,1.202,6.75,-40.30,38.00,R
,624151,1088,0,855,0.08,-0.34,1.154,.32,-3943,45.5,R
,624161,1040,0,3903,0.08,-0.34,1.139,1.56,-3.75,51.9,R
,624241,1092,0,3898,0.068,-0.396,1.092,5.48,-4.12,74.66,R
,624301,1045,0,899,0.038,-0.536,1.226,13.94,-57.50,65.6,R
,624351,1073,0,3851,0.17,-0.74,1.065,6.84,-5046,43.0,R
,624451,1072,0,847,0.00,-0.574,0.440,-25.81,-58.30,-3.60,R
,624571ʂb¢brbjbrbjrbjrjrbJH624581,1017,0,3889,0.08,-0.333,0.568,-50.12,-8.66,-2.33,R
,624591,1040,0,3845,0.088,-0.334,0.597,-49.11,-15.07,-18.19,R
,624601,1046,0,3870,0.096,-0.356,0.596,-48.58,-.78,-1584,R
,624611,1058,0,3839,0.098,-0.379,0.623,-49.92,-.48,-1149,R
,624671,1107,0,3852,0.200,-0.45,0.752,33.81,897,-11.2,R
,624721,1149,0,3900,0.273,-0.437,0.707,-29.71,25.84,-4.9,R
,624771,1087,0,3847,0.400,-0.476,0.594,-30.09,3.93,-18.6,R
,624791,1173,0,3852,0.375,-0.489,0.669,-35.40,2.08,-1100,R
,624881,1128,0,3909,0.254,-0.609,1.646,-20.36,29.40,24.3,R
,624941,981,0,3885,0.418,-0.622,1.218,20.46,-15.62,11.8,R
,624951,991,0,3845,0.452,-0.600,1.142,28.16,-1124,15.0,R
,624961,990,0,3889,0.419,-0.584,1.095,27.01,-5.49,16.80,!5
,625041,1217,0,914,0.32,-0.58,0.989,19.07,-36.16,23.8,R
,625121,1236,0,907,0.11,-0.60,1.044,27.97,-61.41,28.3,R
,625331,1117,0,3853,0.196,-0.636,0.225,4.66,11.6,13.91,!5
,625381,1106,0,3906,0.179,-0.574,0.498,-10.06,44.50,5.04,R
,625471,1141,0,838,0.134,-0.563,0.763,-5.22,6966,-4.6,R
,625551,1197,0,3835,0.192,-0.571,0.779,2.81,61.2,-14.3,R
,625581,1171,0,3897,0.259,-0.541,0.681,-9.72,3729,-23.5,R
,625601,1202,0,3890,0.255,-0.550,0.639,30.59,22.50,-25.23,R
,625611,1203,0,3838,0.326,-0.568,0.630,-30.49,19.87,-2429,R
,625631,1207,0,839,0.27,-0.56,0.667,16.20,2.76,-2882,R
,625641,1115,0,3906,0.295,-0.497,0.656,15.74,16.73,-39.52,R
,625651,1104,0,3846,0.235,-0.538,0.773,-18.88,340,-43.8,R
,625681,1067,0,897,0.052,-0.472,1.191,-42.82,28.83,-19.29,R
,625761,1081,0,3915,0.267,-0.566,1.408,21.57,-405,13.2,R
,625771,1019,0,837,0.352,-0.565,1.365,23.41,-456,12.9,R
,625921,1023,0,3910,0.229,-0.63,0.983,2.19,-3.70,29.7,R
,625941,1023,0,3914,0.239,-0.691,1.018,7.15,-3512,29.6,R
,626171,974,0,3827,-0.007,-0.517,0.356,-42.75,-8.62,-4.78,R
,626391,1118,0,3836,0.421,-0.63,0.568,18.44,2.27,-6.0,R
,626431,1121,0,3835,0.468,-0.641,0.558,-17.31,2.12,-1282,R
,626571,1136,0,834,0.356,-0.697,1.459,2.41,5.69,11.55,R
,626591,1129,0,837,0.447,-0.648,1.111,14.34,3.26,17.88,R
,626701,1136,0,3916,0.43,-0.68,0.845,6.48,-3.90,17.8,R
,626791,1108,0,839,0.261,-0.729,0.872,21.97,-4.75,22.4,R
,626901,1126,0,3937,0.21,-0.734,0.325,36.38,-46.04,15.56,R
,626921,1086,0,3914,0.23,-0.708,0.219,25.88,-4.02,13.9,R
,627061,1085,0,3920,0.22,-0.767,0.516,-24.14,2.30,-19.42,R
,627091,1088,0,3837,0.29,-0.74,0.626,-14.03,11.99,-24.94,R
,627111,1077,0,831,0.310,-0.723,0.625,13.17,2.70,-2452,R
,627181,1118,0,3923,0.35,-0.72,0.673,-25.66,30.54,-30.10,R
,627551,1097,0,846,0.392,-0.598,0.842,18.64,-1.02,28.1,R
,627561,1072,0,911,0.427,-0.618,0.861,19.15,-1.75,32.7,R
,627621,1063,0,3888,0.462,-0.766,0.961,15.18,-34.74,32.8,R
,627701,1079,0,922,0.60,-1.12,0.676,13.23,-5.17,-1.16,R
,627831,811,0,329,0.158,-0.600,0.125,-63.89,-2.27,-5285,R
,627851,850,0,3838,0.033,-0.492,0.191,-57.59,-2.39,-4568,R
,627931,1165,0,3831,0.102,-0.415,0.238,-38.56,37.57,19.0,R
,627991,1173,0,837,0.42,-0.71,0.322,47.83,3.90,7.9,R
,628111,1185,0,3835,0.666,-0.695,0.511,-31.19,5.78,-3575,R
,628251,1233,0,3838,0.679,-0.601,1.278,8.67,0.4,4.22,R
,628281,1230,0,3923,0.751,-0.611,0.921,20.29,-944,12.9,R
,628301,1285,0,3927,0.686,-0.572,0.813,21.82,-12.65,15.81,R
,628311,1278,0,836,0.670,-0.562,0.814,21.70,-1.87,19.2,R
,628331,1290,0,829,0.65,-0.583,0.771,15.12,-3.69,26.4,R
,628431,1278,0,3838,0.509,-0.692,0.699,16.80,-45.27,49.5,R
,628441,1277,0,3921,0.480,-0.702,0.730,18.23,-45.52,50.1,R
,628471,1293,0,3831,0.404,-0.790,0.738,22.37,-6.25,39.9,R
,628481,1291,0,937,0.418,-0.79,0.715,3.88,-62.66,39.9,R
,628491,1295,0,3839,0.383,-0.782,0.724,25.76,-6.79,39.5,R
,628521,1289,0,3939,0.337,-0.841,0.587,29.03,-5.62,40.4,R
,628541,1249,0,3952,0.351,-0.864,0.544,29.94,-58.78,33.1,R
,628601,1182,0,3936,0.294,-0.810,0.144,38.99,-3.23,29.7,R
,628611,1151,0,830,0.317,-0.788,0.092,37.25,-3.44,28.6,R
,628621,1172,0,3940,0.284,-0.76,0.056,4.19,-27.15,29.56,R
,628631,1088,0,3827,0.306,-0.779,0.026,31.24,-24.25,29.09,R
,628641,1009,0,3923,0.285,-0.745,-0.017,23.94,-4.13,2773,R
,628721,1085,0,927,0.370,-0.87,0.106,0.07,-564,-12.0,R
,628751,1116,0,3837,0.291,-0.800,0.113,-7.71,1225,-10.7,R
,628821,1218,0,3909,0.352,-0.899,0.375,-31.62,247,-28.4,R
,629021,1342,0,952,0.432,-0.844,0.422,41.36,22.77,-5218,R
,629041,1323,0,947,0.411,-0.815,0.455,-42.52,4.25,-4522,R
,629061,1339,0,936,0.453,-0.879,0.509,-40.52,59.80,-4079,R
,629121,1402,0,935,0.564,-0.84,0.483,61.37,3.12,-5316,R
,629371,1218,0,3839,0.113,-0.217,0.945,60.35,161.18,5.01,R
,629481,1252,0,3954,0.02,-0.33,1.069,38.48,181.63,32.10,R
,629491,1264,0,3837,0.06,-0.34,1.073,53.01,14.28,3182,R
,629551,1273,0,3829,-0.115,-0.182,1.037,174.09,167.83,4.52,R
,629611,1296,0,3827,-0.287,0.09,1.225,05.19,11.37,3516,R
,629791,1229,0,3830,-0.46,0.39,1.193,97.76,-1.93,27.9,R
,629801,1247,0,3967,-0.359,0.364,1.164,81.59,-1.51,28.2,R
,629811,1223,0,3824,-0.360,0.362,1.145,74.29,-1.74,34.5,R
,629831,1236,0,819,-0.319,0.353,1.120,60.19,-6.71,39.3,R
,629841,1229,0,905,-0.40,0.35,1.074,9.18,-686,37.7,R
,629901,1185,0,971,-0.341,0.41,0.902,7.99,-2.34,21.5,R
,629941,909,0,3952,-0.32,0.390,0.922,13.71,2.13,52.35,
,629991,1009,0,3839,-0.210,0.36,0.872,8.84,-5558,18.8,R
,630021,1077,0,3970,-0.52,0.397,0.840,3.62,-993,25.5,R
,630051,1081,0,3825,-0.97,0.38,0.835,20.38,7.90,16.83,R
,630171,1101,0,3826,-0.134,0.47,0.811,6.43,-1.45,-3145,R
,630181,1103,0,3932,-0.62,0.48,0.803,7.27,-1.53,-3661,R
,630471,734,0,333,-0.316,0.594,0.612,-8.32,43.9,-10.2,R
,630491,392,0,3811,-0.258,0.482,0.622,-13.72,4874,-22.8,R
,630611,0,0,3803,-0.552,0.463,0.729,-98.96,72.33,-51.92,R
,630641,78,0,3824,-0.607,0.299,0.978,-125.30,3155,-77.2,R
,630761,779,0,3926,-0.727,-0.018,0.785,-181.94,66.25,-87.34,R
,630981,605,0,3953,-0.834,-0.377,0.657,-53.69,-3.32,-5.73,R
,631051,489,0,335,-1.02,-0.83,1.162,4.14,11.11,-31.6,R
,631271,0,0,3829,-0.677,-0.525,1.203,251.35,-22.17,-1911,R
,631371,0,0,3815,-0.282,0.116,0.786,205.80,12.7,92.89,
,631381,0,0,394,-0.289,0.217,0.797,221.61,24.1,85.16,
,631651,0,0,3831,-0.305,0.699,1.015,23.21,-122.6,102.6,R
,631671,0,0,3818,-0.215,0.671,0.962,23.57,-135.0,102.9,R
,631721,0,0,3971,-0.230,0.521,0.954,7.12,-163.58,101.13,R
,631741,0,0,3984,-0.181,0.452,0.875,-0.17,-216.7,105.3,R
,631771,0,0,3824,0.345,0.422,0.705,-22.46,-261.50,94.71,R
,631881,0,0,3954,0.515,0.399,0.53,15.0,-68.78,79.79,R
,631951,0,0,3834,0.626,0.437,0.544,7.51,-34.08,59.21,R
,632041,0,0,3959,0.672,0.484,0.472,-12.3,-12.88,65.04,R
,632131,0,0,382,0.824,0.365,0.493,-0.29,12.48,66.28,R
,632161,0,0,3969,0.763,0.372,0.480,-10.94,24.51,71.96,R
,632171,0,0,3839,0.787,0.334,0.03,-16.9,21.84,71.97,R
,6322010,0,"409	r²brbrbjrbrbrbR6322110",0,383,0.898,.154,0.631,-11.43,24.12,QrbR
,632251,0,0,3825,0.874,0.183,0.582,21.24,58.62,5.26,R
,632471,0,0,383,0.326,0.407,0.975,-14.18,-11.14,15.65,
,632531,0,0,3831,0.662,.430,0.61,-1.8,23.46,14.75,R
,632631,0,0,3826,0.552,0.382,0.83,-15.6,-17.2,-0.78,
,632681,0,0,3979,0.403,0.504,0.832,5.38,27.23,-4.41,R
,632711,0,0,3834,0.269,.520,1.19,-20.4,20.86,-5.55,R
,632751,0,0,3833,0.362,.422,0.98,-52.2,-6.40,-4.81,R
,632771,0,0,3831,0.306,.365,0.91,-79.52,-35.52,-4.56,R
,632781,0,0,3978,0.308,0.306,0.30,-93.6,-56.8,-1.40,
,632831,0,0,3831,0.670,.106,0.90,-10559,-100.56,12.5,R
,632921,0,0,3978,0.585,0.098,0.944,-5.65,82.21,0.30,R
,633041,0,0,3975,0.553,.098,0.27,-51.26,-15.09,-20.76,R
,633071,0,0,3829,0.579,.051,0.978,-6.87,-2.82,-10.03,R
,633101,0,0,3982,0.531,.162,0.893,21.86,27.80,-0.91,R
,633141,0,0,3983,0.463,.195,0.57,-38.1,-14.3,14.19,
,633171,0,0,3829,0.605,0.022,0908,-5975,-27.36,15.58,R
,633241,0,0,3954,0.549,.026,0.936,-0.43,-10.05,0.03,R
,633331,0,0,384,0.601,0.059,0.810,13.9,-2.36,2.88,R
,633351,0,0,3830,0.591,.066,0.777,4.96,-2.13,-4.01,R
,633361,0,0,3995,0.598,0.050,0.795,1.44,-0.94,-.93,R
,633471,bbbrbrbrʂbrbrbjrʺbR6334810,0,397,0.549,0.128,0.859,24.09,7.41,-9.58,R
,633491,0,0,383,0.567,.147,0.35,20.5,15.46,37.26,R
,633551,0,0,383,0.423,.202,0.08,28.3,24.24,35.11,R
,633571,0,0,3826,0.423,.232,0.99,25.28,19.70,24.32,R
,633581,0,0,3997,0.424,0.254,0.784,25.85,32.38,-23.65,R
,633861,0,0,397,0.401,.179,1.033,49.50,41.92,-20.64,R
,633951,0,0,3829,0.461,.401,0.897,-5.4,41.08,.22,R
,633971,0,0,3829,0.312,0.396,0.882,0.67,61.55,3.03,R
,634001,0,0,3991,0.294,0.328,0.899,-6.94,19.89,1.15,R
,634021,0,0,3985,0.339,0.310,0.854,-21.6,-14.1,2.37,R
,634251,0,0,3837,0.523,0.230,0.914,14.23,-0.36,-44.07,R
,634261,0,0,3990,0.512,0.243,0.917,18.95,3.96,-7.11,R
,634361,0,0,399,0.450,.465,0.68,29.6,12.22,46.76,R
,634421,0,0,3998,0.346,0.404,0.795,57.86,40.89,-52.62,R
,634441,0,0,3990	rbrʲrbrbʚrbjrbR634451,0,0,3826,0.422,0.425,0.808,96.9)rbjrbR
,634501,0,0,4005,0.125,0.503,0.576,178.26,230.09,-37.08,R
,634561,0,0,4005,-0.125,0.617,0.385,20098,241.5,-37.5,R
,634601,0,0,4022,-0.339,0.755,0.383,223.80,231.63,-11.69,R
,634661,0,0,402,-0.272,0.880,0212,13927,141.5,-14.2,R
,634671,0,0,3824,-0.272,0.886,0186,12457,118.7,-16.1,R
,634721,0,0,4045,-0.245,0.922,0.086,12367,100.9,-21.7,R
,634911,0,0,3815,-0.531,0.978,-0.017,17.76,23.73,-9.19,R
,634921,0,0,4067,-0.494,0.930,-0.017,1803,28.6,-2.29,
,635031,0,0,3817,-0.506,0.865,-0.066,-3.51,-16.23,-6.68,R
,635071,0,0,3807,-0.502,0.893,-.168,3863,12.5,-1.90,
,635161,0,0,4065,-0.450,0.946,-0.230,0.41,-12.8,-4.35,
,635221,0,0,4062,-0.426,0.898,-0.151,3.6,9.57,5.19,R
,635271,0,0,3820,-0.405,0.903,-.164,0.34,-4.97,4.03,R
,635341,0,0,4064,-0.405,0.903,-.149,14.06,6.44,13.87,R
,635361,0,0,4052,-0.424,0.930,-0.185,27.67,17.1,13.64,
,635371,0,0,3813,-0.409,0.925,-0.165,2596,14.8,13.77,
,635441,0,0,4075,-0.371,0.903,-0.158,-668,-4.8,11.93,
,635471,0,0,3814,-0.388,0.942,-.178,7.21,8.99,10.52,R
,635581,0,0,4071,-0.357,0.898,-.071,0.31,16.62,28.72,R
,635631,0,0,3822,-0.296,0.927,-.124,-8.00,-20.13,5.67,R
,635701,0,0,4080,-0.281,0.909,-.081,-0.43,-1.9,13.74,
,635761,0,0,4095,-0.295,0.954,-0.110,-545,-21.8,1.77,
,635771,0,0,3819,-0.292,0.956,-0.101,-1.45,-2659,-0.3,R
,636011,0,0,3830,-0.294,0.921,-0.045,-2.42,-7.0,-10.3,R
,636211,0,0,3821,-0.327,0.894,0.006,-9.1,3.81,4.87,R
,"636551bbbjrbrʂbrbjrbjrʊbrbR636561",0,0,409,-0.447,0.897,0.177,-32.67,-3.47,7.35,R
,636911,0,0,381,-0.529,0.756,0.457,-141.84,-16.94,-10.83,R
,637021,0,0,4095,-0.352,0.494,0.436,-22.78,-19.49,-100.48,R
,637111,0,0,382,-0.406,0.363,0.698,-188.99,-4709,-32.5,R
,637201,0,0,409,0.053,.259,0.71,-16609,58.5,38.58,
,637321,0,0,4084,-0.145,-0.134,1.105,-2.61,19.0,13.52,!5
,637441,0,0,4095,-0.083,-0.405,0.894,-15.37,-104,11.0,R
,637711,0,0,3835,-0.168,-0.654,0.658,-6.37,18.4,-12.6,R
,637791,0,0,3796,-0.272,-0.829,0.804,-83.20,-28.07,-31.05,R
,637861,127,0,4095,-0.221,-0.915,0.627,69.19,-.82,-1623,R
,637921,100,0,4083,-0.018,-1.009,0.779,-15.14,4.55,-7.0,R
,638101,250,0,4077,-0.307,-0.841,0.464,24.88,-12.92,3.6,R
,638111,251,0,3824,-0.324,-0.876,0.453,19.26,-6.42,-3.77,R
,638351,377,0,3825,-0.42,-0.91,0.398,.56,38.4,25.07,!5
,638381,279,0,4085,-0.432,-0.850,0.316,3.07,4819,29.6,R
,638411,286,0,3824,-0.449,-0.792,0.298,3.36,6021,41.4,R
,638481,554,0,4095,-0.523,-0.74,0.496,21.45,3957,51.0,R
,638541,850,0,4080,-0.566,-0.80,0.388,25.76,2083,39.7,R
,638591,912,0,3824,-0.635,-0.775,0.405,48.14,1230,32.3,R
,638661,928,0,4095,-0.742,-0.750,0.483,9.22,3303,51.3,R
,638741,950,0,4095,-0.789,-0.61,0.581,102.22,-9.58,6339,R
,638761,919,0,4095,-0.766,-0.536,0.582,15.13,-2.30,6955,R
,638891,867,0,3825,-0.791,-0.153,0.680,81.24,-3.73,9524,R
,638961,709,0,487,-0.84,-0.00,0.813,105.24,-83.88,9513,R
,639221,336,0,4085,-0.392,0.540,0.514,2.05,34.8,153.8,R
,639631,844,0,330,-0.62,0.459,1.025,-71.60,89.98,6.00,R
,639661,842,0,495,-0.87,0.515,1.493,-20.61,47.34,-18.71,R
,639921,404,0,409,-0.564,0.396,0.623,-2.36,9.37,-10.93,R
,639941,475,0,495,-0.50,0.413,0.610,-1.49,16.97,-7.74,R
,640341,453,0,365,-0.625,0.313,0.782,2.67,22.9,-12.9,R
,640351,457,0,3851,-0.657,0.371,0.745,13.68,25.22,-11.51,R
,640411,415,0,3843,-0.626,0.538,0.543,2.02,18.3,-8.23,
,640451,416,0,344,-0.681,0.384,0.691,-1.89,2912,-6.7,R
,640551,683,0,3851,-0.746,0.427,0.698,-61.72,23.69,34.52,R
,640581,682,0,399,-0.701,0.493,0.618,-2.64,2845,46.2,R
,640591,778,0,3856,-0.680,0.480,0.630,-6.49,2905,48.9,R
,640791,770,0,3843,-0.679,-0.008,1.224,150.64,87.44,-0.48,R
,640821,791,0,4015,-0.638,-0.047,1.155,143.92,117.61,49.29,R
,640851,749,0,3844,-0.562,-0.018,1.087,139.92,139.93,70.35,R
,640871,689,0,3840,-0.565,0.013,1.079,-136.01,-134.07,-75.31,R
,640881,709,0,4020,-0.558,0.022,1.042,-143.31,-38.77,-6.15,R
,640901,737,0,4080,-0.578,0.026,1.050,-35.33,-43.65,-5.20,R
,640911,749,0,3852,-0.573,0.050,1.029,-33.30,-38.82,-9.28,R
,641001,614,0,4095,-0.308,-0.106,0.831,99.45,-15.07,-1.31,R
,641041,660,0,491,-0.26,-0.19,0.764,-80.03,-2.88,-1.06,R
,641081,628,0,4095,-0.201,-0.319,0.759,-69.14,-78.16,-15.20,R
,641121,571,0,495,-0.01,-0.408,0.717,-47.86,-1.73,-888,R
,641211,428,0,3838,-0.043,-0.459,0.696,12.79,-1.94,1564,R
,641231,499,0,3839,-0.008,-0.483,0.708,13.62,-6.31,1434,R
,641401,511,0,4095,0.060,-0.538,0.753,-1.40,-653,-8.4,R
,641461,507,0,4084,0.112,-0.598,0.693,-3.31,1.2,-13.3,R
,641481,510,0,4095,0.114,-0.643,0.707,-2.88,5.1,-16.4,R
,641521,509,0,4093,0.084,-0.635,0.698,10.45,22.7,-10.2,R
,641691,657,0,3835,0.056,-0.620,0.749,-1.78,2177,-37.8,R
,641711,636,0,3839,0.097,-0.682,0.758,-7.40,-569,-52.8,R
,641761,651,0,4046,0.083,-0.767,0.751,-9.74,5.6,-36.7,R
,641771,668,0,3837,0.121,-0.670,0.761,-3.81,1752,-30.8,R
,642221,400,0,4095,0.252,-0.643,0.812,472,-23.5,23.68,!5
,642241,400,0,4095,0.229,-0.670,0.853,1.25,-2501,29.7,R
,642481,272,0,4093,0.186,-0.651,0.457,3.32,11.3,8.97,J642491!bbbrºbjrbrbrbrbrbR
,642561,243,0,4095,0.210,-0.670,0.506,-.00,-1620,-13.1,R
,643221,558,0,4095,0.203,-0.606,0.824,863,-32.9,25.96,R
,643271,562,0,333,0.16,-0.677,0.833,1.23,-50.37,20.61,R
,643401,336,0,481,0.291,-0.634,0.238,7.67,-41.41,4.81,R
,643441,272,0,470,0.311,-0.705,0.172,-8.55,-30.08,-22.04,R
,643531,385,0,330,0.182,-0.638,0.459,-20.87,2355,-29.81,R
,643561,394,0,4061,0.196,-0.670,0.545,-2.20,1184,-20.41,R
,643661,523,0,4034,0.252,-0.685,0.686,-15.60,48.77,-15.69,R
,643701,659,0,3990,0.354,-0.744,0.673,-5.65,2683,-27.69,R
,643741,705,0,4032,0.385,-0.677,0.632,-7.59,54.39,-24.16,R
,643761,705,0,4038,0.381,-0.632,0.568,-10.04,4215,-27.26,R
,643821,716,0,4042,0.382,-0.675,0.999,-39.81,30.74,-23.78,R
,643911,673,0,3839,0.463,-0.600,1.260,869,-2.6,4.03,R
,643951,665,0,3839,0.433,-0.587,1.007,2.63,-22.60,-0.18,R
,644101,655,0,4061,0.203,-0.562,0.842,2.70,-5941,2.87,R
,644141,633,42,4095,0.165,-0.525,0.713,54.55,-42.40,13.03,R
,644191,544,47,3842,0.116,-0.47,0.442,6.08,-607,35.96,R
,644311,491,0,3834,0.290,-0.677,0.558,52.26,43.35,3.68,R
,644441,505,0,4032,0.238,-0.663,0.809,-5.01,26.79,-36.6,R
,644491,575,0,3834,0.125,-0.525,0.842,-3.49,97.09,-37.8,R
,645011,642,0,3849,0.055,-0.498,0.940,41.21,-4292,19.07,R
,645261,538,0,4031,0.126,-0.473,0.774,-9.28,17.29,-23.19,R
,645301,510,0,4020,0.22,-0.413,0.841,-17.89,2425,-28.1,R
,645621,632,0,355,0.32,-0.393,1.433,1.08,-1637,-6.4,R
,645721,608,0,4003,0.184,-0.414,1.075,1.76,-3744,13.4,R
,645771,587,0,3857,0.10,-0.379,0.977,32.31,-41.32,8.00,R
,645811,617,0,3858,0.03,-0.405,0.934,33.73,-49.06,11.01,R
,645831,617,0,3857,-0.058,-0.49,0.932,6.16,-4.55,21.2,R
,645861,562,0,3933,-0.054,-0.49,0.735,1.50,-3.39,11.3,R
,645871,510,0,3857,-0.019,-0.47,0.641,9.76,-3.53,12.6,R
,645891,511,0,3856,0.036,-0.455,0.507,6.90,-1381,20.6,R
,646011,417,0,3857,0.28,-0.526,0.519,45.35,66.86,-8.04,R
,646051,437,0,3856,0.166,-0.448,0.689,-.62,51.3,-45.58,R
,646091,418,0,3855,0.140,-0.506,0.888,-17.89,4311,-60.5,R
,646111,412,0,356,0.10,-0.475,0.929,-.01,56.8,-57.8,R
,646171,522,0,3861,0.108,-0.403,0.885,-5.43,5722,-64.2,R
,646401,557,0,3897,0.062,-0.187,1.936,2.66,6.85,9.70,R
,646481,546,0,3883,0.128,-0.287,1.270,13.24,-2410,35.26,R
,646541,565,0,3927,0.143,-0.285,1.089,10.49,-2885,54.25,R
,646571,587,0,3868,0.067,-0.373,1.107,-4.35,-22.34,59.24,R
,646601,602,0,3899,0.047,-0.379,1.094,22.25,-43.73,61.48,R
,646621,602,0,3900,0.007,-0.345,1.076,3.25,-4856,48.8,R
,646651,591,0,3871,-0.035,-0.325,0.954,19.03,-5.29,42.92,R
,646661,579,0,3909,-0.200,-0.49,0.953,8.34,-60.75,45.50,R
,646741,460,0,3911,-0.047,-0.39,0.480,5.86,-5.78,23.5,R
,646881,359,0,3894,0.029,-0.397,0.632,-0.43,3825,-1.87,R
,646921,359,0,3887,0.029,-0.452,0.849,-33.01,3151,-24.44,R
,646941,383,0,3882,0.067,-0.511,0.928,-5.08,5.8,-37.1,R
,646991,383,0,3856,0.091,-0.446,0.888,-1.04,6929,-11.55,R
,647101,388,0,3922,0.226,-0.450,0.840,-8.00,5703,-23.8,R
,647111,388,0,3877,0.216,-0.438,0.851,-9.51,5737,-21.98,R
,647121,385,0,3888,0.210,-0.410,0.903,-29.72,5806,-21.92,R
,647291,597,0,3867,0.127,-0.314,1.245,1.31,-1521,1.77,R
,647391,592,0,3865,0.098,-0.379,1.097,2.95,-2547,22.92,R
,647441,630,0,3908,0.048,-0.393,1.079,2.30,-3530,19.47,R
,647481,610,0,3889,-0.004,-0.427,1.008,26.69,-40.68,20.72,R
,647491,597,0,3862,-0.024,-0.430,0.955,8.96,-4.67,19.39,R
,647511,599,0,3866,-0.028,-0.449,0.860,7.19,-4.93,16.77,R
,647611,496,0,3870,0.054,-0.447,0.472,993,-11.2,7.68,R
,647621,496,0,3877,0.05,-0.414,0.466,1.41,-4.8,5.85,R
,647741,491,0,371,0.04,-0.425,0.844,-.81,13.5,-20.06,R
,647811,475,0,3865,0.130,-0.442,0.964,-21.19,2836,-20.82,R
,647911,539,0,3890,0.158,-0.406,0.796,-6.65,-002,-36.03,R
,647941,415,0,399,0.23,-0.343,0.694,-7.08,1732,-31.87,R
,648191,531,0,3869,0.107,-0.335,1.068,2.37,-3746,16.46,R
,648291,557,0,3894,0.03,-0.359,1.063,2.40,-2729,29.53,R
,648451,429,0,390,-0.04,-0.509,0.555,2.80,-3.71,8.11,R
,648461,424,0,341,0.09,-0.432,0.511,1.46,-1950,10.16,R
,648541,471,0,330,0.05,-0.376,0.747,-1.16,1439,-10.45,R
,648701,351,0,340,0.07,-0.382,0.938,-3.81,3929,-31.4,R
,648731,351,0,3901,0.10,-0.385,0.916,-9.74,3134,-31.22,R
,648771,475,0,322,0.19,-0.377,0.805,-1.11,1380,-34.73,R
,648781,493,0,3888,0.221,-0.368,0.779,-6.14,1337,-38.09,R
,648851,510,0,3879,-0.011,-0.48,1.362,-50.82,3.88,-1045,R
,648931,549,73,914,0.02,-0.21,1.506,.59,-11.06,3.97,R
,648961,562,71,842,0.19,-0.247,1.309,2.80,-1.99,11.04,R
,648981,559,22,3850,0.080,-0.27,1.209,6.99,-2.44,10.40,R
,649021,560,0,3854,0.10,-0.299,1.141,1.53,-3657,18.2,R
,649111,555,0,395,0.07,-0.425,1.062,2.64,-2831,35.5,R
,649191,509,0,3893,-0.150,-0.479,0.675,50.16,-3.76,23.0,R
,649211,475,0,3895,0.014,-0.380,0.625,35.10,-2686,20.3,R
,649231,465,0,3893,0.068,-0.393,0.547,22.19,-2512,11.0,R
,649301,493,0,3841,0.050,-0.497,0.713,-.64,8.5,-4.97,
,649321,491,0,3849,0.016,-0.417,0.658,751,20.4,-2.21,R
,649361,487,0,3839,-0.018,-0.402,0.779,24.99,981,-13.17,R
,649371,489,0,3873,0.017,-0.447,0.826,-0.52,1042,-12.56,R
,649421,528,44,3856,0.013,-0.362,0.857,-18.09,3.49,-1722,R
,649461,506,23,847,0.02,-0.40,0.925,-34.04,1.45,-2598,R
,649471,511,29,3895,0.044,-0.373,0.926,36.04,1.65,-24.70,R
,649601,581,80,3854,0.231,-0.367,0.809,44.30,1.77,-34.01,R
,649621,603,39,3854,0.11,-0.23,1.059,48.03,30.44,-35.83,R
,649661,511,91,3846,0.01,-0.35,1.503,-33.77,3.56,-1743,R
,649711,563,23,3920,-0.003,-0.280,1.733,-3.92,268,-6.1,R
,649731,564,55,3912,0.038,-0.27,1.457,.09,-5.9,2.22,
,649741,560,51,3838,0.075,-0.263,1.472,.82,-1544,-2.68,R
,649751,557,63,3930,0.087,-0.270,1.331,9.19,-1.64,-0.8,R
,649761,554,56,3850,0.111,-0.259,1.280,3.16,-2.37,2.5,R
,649771,557,40,3915,0.101,-0.249,1.199,22.03,-2.48,5.3,R
,649831,551,25,3907,0.090,-0.341,1.099,9.96,-3.51,25.70,R
,649861,558,46,3837,0.12,-0.30,1.068,4.83,-28.68,35.70,R
,649901,554,67,3840,0.091,-0.329,1.087,19.80,-2.78,42.43,R
,649931,556,59,3932,0.006,-0.381,1.117,2.74,-3.14,34.9,R
,650001,543,48,3835,0.009,-0.403,0.764,48.96,-4.91,22.26,R
,650081,496,0,3827,0.072,-0.502,0.383,7.61,-9.91,4.19,R
,650131,503,0,3939,-0.013,-0.484,0.586,.57,17.1,-7.84,R
,650171,503,0,320,-0.08,-0.46,0.821,13.49,1.81,-1850,R
,650181,498,0,3824,-0.022,-0.46,0.836,5.74,15.51,-23.5,R
,650241,501,0,3825,0.050,-0.342,0.856,-26.46,4383,-26.39,R
,650261,493,0,3826,0.040,-0.403,0.912,-6.35,4236,-33.14,R
,650381,545,18,3826,0.130,-0.362,0.821,25.08,3.12,-42.67,R
,650391,563,20,3940,0.161,-0.39,0.843,30.33,3.94,-44.23,R
,650431,591,76,3930,0.123,-0.38,1.018,35.22,3.82,-51.05,R
,650481,511,91,3814,0.017,-0.275,1.529,24.27,3.90,-26.03,R
,650531,533,17,3952,0.029,-0.236,1.568,2.29,1.9,-11.31,R
,650541,467,19,3827,0.048,-0.25,1.391,.59,2.3,-5.71,R
,650551,486,19,3954,0.091,-0.26,1.415,1.27,-617,-6.7,R
,650561,493,21,3824,0.059,-0.232,1.273,17.93,-9.24,-2.4,R
,650601,497,11,3814,0.111,-0.272,1.073,7.19,-2.56,5.03,R
,650671,541,0,3941,0.112,-0.307,1.031,25.48,-2830,17.82,R
,650741,494,13,3824,0.043,-0.301,1.183,6.80,-1.49,34.28,R
,650801,565,19,3843,-0.033,-0.320,1.141,40.46,-3.67,30.34,R
,650871,504,0,3946,0.008,-0.384,0.657,3.36,-3340,25.33,R
,650891,511,0,3942,-0.019,-0.477,0.566,15.44,-43.94,13.5,R
,650941,511,33,3829,0.126,-0.46,0.331,1.71,1031,6.00,R
,650951,505,33,3963,0.097,-0.47,0.407,.33,22.1,5.06,R
,650961,506,38,3830,0.062,-0.524,0.489,7.43,2781,-2.88,R
,650991,510,59,3976,0.022,-0.46,0.649,5.10,2474,-7.45,R
,651001,508,64,3827,0.002,-0.422,0.696,-13.94,2.21,-12.07,R
,651161,563,85,3819,0.090,-0.39,0.969,25.30,3.35,-29.68,R
,651191,579,82,920,0.18,-0.362,0.828,20.53,1.70,-38.26,R
,651201,587,80,3829,0.186,-0.34,0.776,21.23,1.02,-42.12,R
,651211,589,79,3995,0.193,-0.33,0.719,22.03,10.99,-4500,R
,651251,578,113,3973,0.081,-0.21,0.814,-31.37,9.34,-29.90,R
,651381,507,126,3830,0.089,-0.26,1.327,15.97,-18.22,4.4,R
,651561,489,18,3835,0.013,-0.309,1.084,11.35,-2.57,42.08,R
,651571,486,33,973,0.09,-0.354,1.069,6.26,-3.29,45.93,R
,651611,552,109,3982,-0.023,-0.78,1.02,31.13,37.84,43.71,R
,651621,560,118,3815,-0.004,-0.11,0.97,28.78,36.59,40.93,R
,651691,542,80,3968,0.018,-0.46,0.563,22.05,-2.15,19.9,R
,651721,496,0,3829,0.052,-0.473,0.416,1.91,-2935,14.28,R
,651751,503,70,3982,0.069,-0.532,0.456,.07,-1194,-1.22,R
,651761,499,97,3831,0.04,-0.506,0.465,.79,1.6,0.71,R
,651841,544,78,3839,0.004,-0.43,0.806,-18.07,1.81,-2166,R
,651861,538,80,3837,0.014,-0.41,0.844,16.59,2.25,-2659,R
,651891,526,82,3996,0.049,-0.40,0.918,16.90,2.18,-26.27,R
,651901,511,80,3843,0.019,-0.360,0.886,19.95,3.45,-2369,R
,651951,503,36,3958,0.049,-0.393,0.932,-31.20,3.06,-2902,R
,651981,522,71,3843,0.115,-0.369,0.877,23.74,3.20,-28.36,R
,652011,531,90,3952,0.201,-0.348,0.732,-19.30,18.48,-3720,R
,652041,528,82,3835,0.187,-0.293,0.754,-36.76,2.85,-4394,R
,652151,287,0,350,-0.08,-0.24,1.681,18.84,1.14,-11.37,R
,652231,294,0,3955,0.082,-0.277,1.138,1.25,-2323,-2.79,R
,652351,307,0,3964,0.089,-0.304,1.063,21.27,-2535,20.7,R
,652371,307,0,3957,0.062,-0.301,1.109,2.13,-2282,24.6,R
,652391,305,0,3965,0.010,-0.309,1.158,2.11,-2393,27.56,R
,652401,306,0,3832,-0.010,-0.298,1.180,1.01,-2.73,28.1,R
,652461,315,26,3824,-0.087,-0.323,1.079,45.79,-0.02,2868,R
,652511,471,37,3954,0.007,-0.344,0.630,6.84,-4.69,20.3,R
,652521,448,41,3837,0.14,-0.35,0.545,7.50,-4.68,13.30,R
,652531,434,21,3955,0.123,-0.367,0.511,30.52,-38.97,19.42,R
,652571,400,0,3984,0.016,-0.505,0.472,5.10,-13.14,3.32,R
,652601,358,0,3841,0.118,-0.486,0.511,298,10.42,10.05,
,652711,474,0,3982,0.008,-0.381,0.949,-8.00,33.66,-16.32,R
,652771,526,47,4002,0.12,-0.40,0.987,18.56,1.91,-2586,R
,652781,529,111,3839,0.104,-0.357,0.935,-20.53,17.29,-3.37,R
,652891,539,215,3996,0.218,-0.292,0.725,-22.06,6.04,-50.38,R
,652951,366,195,3987,0.031,-0.095,1.519,-47.46,44.10,-1.29,R
,652981,486,208,3824,-0.155,-0.245,1.77,-37.10,26.80,2.93,R
,653011,499,179,3983,-0.101,-0.262,1.686,-0.29,-0.49,3.10,R
,653031,507,208,3990,-0.005,-0.268,1.415,12.25,-15.06,5.59,R
,653101,499,0,3823,0.037,-0.326,1.072,733,-24.02,19.96,R
,653111,508,0,3990,0.031,-0.353,1.080,997,-26.34,22.52,R
,653121,509,0,3837,0.023,-0.370,1.098,1.64,-25.72,25.2,R
,653191,572,202,3984,0.071,-0.309,1.046,20.51,-26.17,29.68,R
,653221,592,225,3827,-0.003,-0.382,1.119,15.90,-29.44,33.79,R
,653241,609,238,3830,-0.024,-0.376,1.15,31.24,-28.66,36.46,R
,653251,606,233,4022,-0.011,-0.359,1.14,37.16,-27.27,34.22,R
,653281,502,238,3827,-0.058,-0.66,1.06,33.90,-35.43,25.41,R
,653351,455,0,3979,0.091,-0.387,0.485,16.77,-12.88,13.41,R
,653501,568,226,3818,0.028,-0.474,0.794,-39.02,16.39,-15.36,R
,653571,586,202,4009,0.45,-0.48,1.034,-29.45,38.88,-28.15,R
,653741,619,325,3819,0.003,-0.207,1.138,-35.59,31.86,-31.94,R
,653831,590,352,4032,-0.042,-0.222,1.27,7.59,-7.72,2.00,R
,653951,609,162,4037,0.026,-0.304,1.104,27.09,-20.28,26.57,R
,654011,574,215,4017,0.027,-0.355,1.092,23.06,-23.46,30.69,R
,654091,541,158,4065,-0036,-0.81,1.05,30.58,-30.13,2.16,R
,654101,539,172,3830,-0.041,-0.76,1.02,30.93,27.99,2.81,R
,654111,530,176,4065,-0.055,-0.80,0.98,31.85,-24.75,24.06,R
,654161,464,140,3825,-0050,-0.79,0.72,43.74,-32.54,24.64,R
,654211,359,48,4047,0.09,-0.42,0.628,2.52,-26.59,14.46,R
,654231,371,65,4033,0.07,-0.43,0.610,.80,-21.91,10.6,R
,654241,381,76,3825,0.089,-0.43,0.600,2.29,-11.40,13.18,R
,654251,393,82,4049,0.098,-0.409,0.590,4.87,1.61,13.30,R
,654261,396,161,3825,0.088,-0.377,0.629,10.74,1.12,12.3,R
,654371,484,181,4073,-0031,-0.49,1.01,-16.24,17.84,-14.38,R
,654381,494,181,3825,-0.001,-0.344,0.99,-11.88,15.08,-16.29,R
,654401,491,183,3827,0.002,-0.300,0.966,-6.14,1.62,-1961,R
,654411,496,159,4071,-0002,-0.89,0.93,-8.96,21.72,-21.08,R
,654531,525,83,3970,0.06,-0.35,0.928,22.23,23.89,-3027,R
,654681,442,193,3831,0.44,-0.25,0.782,-40.58,.93,-50.71,R
,654701,464,144,3829,-0014,-0.67,1.07,-53.65,24.83,-34.24,R
,654761,591,292,3828,-0131,-0.91,1.79,-17.11,5.38,8.03,R
,654781,582,292,3830,-0073,-0.91,1.72,-1.95,-8.40,13.88,R
,654861,581,80,3830,0.074,-0.335,1.146,9.19,-3578,37.2,R
,654871,592,80,4055,0.076,-0.340,1.135,14.29,-36.80,40.02,R
,654881,598,71,3831,0.05,-0.34,1.133,8.12,-36.48,42.61,R
,654891,607,96,4058,0.068,-0.34,1.100,21.04,-3.33,43.0,R
,654911,631,156,4045,0.072,-0.341,1.063,20.11,-40.74,45.79,R
,654981,644,110,3821,0.51,-0.36,1.083,31.12,-37.41,49.76,R
,655011,656,0,4062,-0.017,-0.339,1.066,34.28,-39.44,40.28,R
,655021,653,0,3825,-0.00,-0.34,1.057,9.57,-37.36,37.3,R
,655041,630,0,3824,-0.15,-0.36,1.027,7.10,-36.74,33.38,R
,655051,612,0,4053,-0.05,-0.36,0.941,6.16,-35.00,21.53,R
,655061,576,0,3824,-0.09,-0.44,0.947,8.20,-4.14,29.1,R
,655071,542,0,4016,-0.19,-0.49,0.891,8.02,-48.51,27.81,R
,655101,492,0,3832,-0.14,-0.45,0.695,3.06,-41.30,31.73,R
,655111,464,0,4031,-0.01,-0.43,0.562,6.29,-35.96,30.54,R
,655121,434,0,3837,-0.03,-0.43,0.449,0.89,-31.29,25.33,R
,655131,448,0,4048,-0.09,-0.45,0.409,2.29,-3.23,21.0,R
,655241,508,48,827,0.002,-0.444,0.757,14.78,1.38,1.2,R
,655251,532,80,4002,0.027,-0.43,0.819,15.84,1.06,1.6,R
,655391,691,175,3986,0.176,-0.380,0.853,-19.83,29.51,-23.23,R
,655431,898,58,3968,0.247,-0.37,0.695,30.78,1.85,-3707,R
,655441,935,64,3842,0.27,-0.374,0.677,32.12,1.06,-39.80,R
,655451,972,64,4048,0.24,-0.35,0.689,31.08,13.00,-42.12,R
,655461,991,97,838,0.196,-0.282,0.743,-41.57,19.18,-40.82,R
,655471,991,128,3981,0.261,-0.191,0.961,-52.70,4.22,-4.21,R
,655531,1004,207,3981,-0.036,-0343,1.631,-26.82,18.28,-7.13,R
,655631,1017,266,3984,0214,-0.24,1.20,5.94,-4.37,1709,R
,655651,1043,255,3977,0219,-0.52,1.14,8.05,-31.03,16.97,R
,655681,1039,247,3840,0217,-0.58,1.162,8.81,-37.64,18.90,R
,655701,1040,25,3827,0.194,-0.368,1.167,10.69,-39.47,23.77,R
,655711,1008,271,3978,0200,-0.99,1.17,9.42,-1.40,2634,R
,655741,1013,259,3845,0.230,-0.461,1.15,9.96,-49.23,28.19,R
,655751,1008,209,3998,0.260,-0.91,1.17,10.00,48.88,2.39,R
,655761,1003,181,3855,0272,-0.19,1.14,8.41,-47.20,25.56,R
,655771,1002,126,4016,0.272,-0.569,1.150,6.45,-45.49,24.23,R
,656071,723,48,4016,0.097,-0.419,0.690,41.75,-.61,-5.8,R
,656471,919,186,4078,0.341,-0.571,0.983,20.66,-33.78,34.60,R
,656561,948,189,3838,0.190,-0.598,1.045,22.93,-42.97,36.98,R
,656631,931,90,4050,0.096,-0.56,0.766,1.32,-4.16,29.3,R
,656671,836,121,4059,0.124,-0.611,0.413,38.19,-33.12,19.62,R
,656701,749,64,3837,0.129,-0.554,0.199,6.17,-17.67,13.96,R
,656751,606,0,4061,0.213,-0.639,0.180,-.81,-21.07,2.83,R
,656991,789,352,4030,0.273,-0.573,0.746,-19.26,33.77,-24.91,R
,657041,755,427,3840,0.387,-0.565,0.606,-22.90,3.32,-46.59,R
,657281,702,293,3853,0.343,-0.538,1.005,17.03,-38.68,34.16,R
,657331,784,325,4016,0.373,-0.590,0.987,22.92,-36.22,46.80,R
,657591,586,131,4011,0.123,-0.478,0.406,-27.78,19.99,-6.52,R
,657671,592,48,3973,0.242,-0.47,0.490,29.34,11.05,-4.48,R
,657761,646,48,3845,0.45,-0.58,0.595,26.61,2.09,-1.6,R
,657781,671,91,3845,0.441,-0.579,0.593,-19.36,3.56,-5.1,R
,657921,673,337,3830,0.521,-0.511,0.792,-33.01,6.36,-3.94,R
,657951,855,358,3980,0.377,-0.532,1.272,-35.86,1.49,-11.78,R
,658131,865,54,970,0.462,-0.559,0.860,22.08,-2.55,35.8,R
,658161,869,80,3846,0.47,-0.59,0.906,6.31,-36.75,41.76,R
,658321,644,86,3856,0.23,-0.64,0.382,3.85,-53.41,8.83,R
,658391,477,0,3973,0.417,-0.653,0.023,831,-18.2,-2.33,R
,658521,559,176,3852,0.77,-0.667,0.667,-11.91,1.63,-1.78,R
,658891,828,295,3933,0.545,-0.538,0.910,27.12,-5.35,0.1,R
,659211,933,383,3942,0.416,-0.499,0.930,37.41,-52.19,41.55,R
,659451,322,228,3996,0.007,-0.283,0.062,217.13,103.63,59.90,R
,659571,337,138,3981,-0.139,-0.07,0.81,202.77,162.89,-26.19,R
,659771,462,16,3908,-0.19,0.66,1.218,3.77,7134,-52.5,R
,659781,438,46,842,-0.75,0.66,1.222,8.54,5569,-53.22,R
,659851,427,0,3952,-0.564,0.314,1.412,25.18,2.50,-41.17,R
,659911,530,80,3989,-0.74,0.43,0.843,8.47,-0.62,-11.10,R
,659921,390,38,842,-0.07,0.42,0.771,6.64,1.03,-8.79,R
,659951,422,0,3982,-0.483,0.346,0.630,-10.30,5.23,-9.00,R
,659981,354,0,3856,-0.554,0.385,0.727,116,22.97,-8.74,R
,660021,353,0,3847,-0.615,0.410,0.841,-5.25,4.99,0.81,R
,660301,0,0,3841,-0.468,0.332,0.792,7.48,-1.11,6.81,R
,660371,0,0,3947,-0.464,0.350,0.801,-1311,-25.58,1.39,R
,660381,0,0,3831,-0.464,0.365,0.806,-10.27,-23.8,1.97,
,660391,0,0,3920,-0.498,0.391,0.804,-6.41,-21.36,1.48,R
,660441,0,0,3841,-0.388,0.303,0783,-2803,-36.51,-9.32,R
,660471,0,0,3955,-0.377,0.322,0.771,-16.84,6.13,-5.86,R
,660511,133,0,3965,-0.538,0.285,0.818,-42.33,-0.72,-15.6,R
,660581,609,0,3841,-0.534,0.379,0.852,-0.96,13.61,-1.10,R
,660601,663,0,3852,-0.498,0.290,0.853,-1.91,16.38,2.80,
,660811,0,0,3899,-0.486,0.373,0.792,-18.03,0.67,6.39,R
,660861,0,0,3851,-0.497,0.310,0810,-5.8,14.54,13.36,R
,660891,0,0,3903,-0.493,0.413,0805,1.8,8.09,10.81,R
,660931,71,0,3898,-0.48,0.381,.762,-2.01,-4.48,-8.26,R
,661111,535,0,3895,-0.631,0.407,0.676,10.72,19.5,9.99,
,661411,789,0,3901,-0.69,0.317,0.699,2.29,20.73,-7.61,R
,662091,618,0,3955,-0.49,0.045,0.816,-13.81,-15.90,-9.28,R
,662121,723,0,3881,-0.394,-0.015,0.707,101.49,89.64,-.19,R
,662131,736,0,3956,-0.377,-0.02,0.667,103.54,-82.74,-4.18,R
,662171,524,0,3948,-0.28,-0.20,0.669,105.40,-66.74,11.39,R
,662181,543,0,3856,-0.239,-0.239,0.674,100.75,65.88,11.91,R
,662191,558,0,353,-0.24,-0.29,0.663,93.08,-66.20,9.93,R
,662211,511,0,3947,-0.15,-0.355,0.642,-75.16,-4.39,4.5,R
,662221,529,0,3856,-0.15,-0.376,0.606,-74.97,-62.20,0.2,R
,662241,497,0,3854,-0.104,-0.416,0.588,67.26,-5.82,-635,R
,662261,542,0,3844,-0.092,-0.43,0.572,60.33,-45.62,-4.07,R
,662281,582,0,3854,-0.065,-0.45,0.577,50.88,-3.96,-2.79,R
,662301,479,0,3863,-0.053,-0.48,0.592,40.99,-31.17,-7.46,R
,662311,494,0,3941,-0.07,-0.49,0.615,35.97,-32.39,-8.56,R
,662351,488,0,3952,-0.042,-0.49,0.609,16.07,-21.11,-7.19,R
,662361,489,0,3856,-0.09,-0.48,0.610,13.04,-18.46,-7.65,R
,662371,508,0,3952,-0.036,-0.47,0.616,10.18,-6.46,-7.98,R
,662381,496,0,353,-0.037,-0.46,0.615,6.56,-1.60,-9.6,R
,662391,496,0,349,-0.04,-0.46,0.611,5.07,-11.33,-9.69,R
,662401,471,0,3856,-0.00,-0.48,0.619,6.47,-840,-9.8,R
,662421,464,0,3863,-0.067,-0.51,0.616,7.75,0.1,-8.26,R
,662461,446,0,353,-0.08,-0.54,0.649,.48,11.40,-4.59,R
,662481,449,0,3857,-0.01,-0.59,0.687,.09,11.5,-10.7,R
,662531,544,0,3918,-0.025,-0.65,0.657,8.08,1444,-24.0,R
,662591,679,0,3922,-0.049,-0.60,0.630,-6.65,2862,-26.8,R
,662601,682,0,363,-0.01,-0.629,0.644,11.05,2.70,-33.51,R
,662651,720,0,319,0.07,-0.699,0.623,-27.20,-6.62,-67.1,R
,663101,784,0,3861,-0.00,-0.62,0.887,8.12,-5.69,26.48,R
,663181,671,0,3857,-0.03,-0.68,0.497,1.94,-5.97,14.20,R
,663331,320,0,302,0.03,-0.632,0.473,-20.67,42.76,-1.8,R
,663381,509,0,357,0.08,-0.673,0.672,-22.47,9.05,-33.31,R
,663441,578,0,3862,0.151,-0.701,0.724,-21.42,51.23,-20.81,R
,663731,702,0,3902,0.368,-0.568,1.139,20.23,-31.69,-2.38,R
,663911,784,0,3860,0.107,-0.596,0.630,49.79,-61.09,16.86,R
,663921,773,0,3866,0.057,-0.547,0.621,5.61,-5593,19.2,R
,664171,738,0,368,0.148,-0.670,0.749,21.44,49.58,-43.02,R
,664261,746,0,361,-0.06,-0.55,0.865,-1.63,7943,-57.4,R
,664301,852,0,366,-0.03,-0.536,0.784,34.30,35.02,-76.87,R
,664401,1006,0,3866,0.10,-0.42,1.042,79.05,3.97,-6036,R
,664421,1003,0,3879,0.19,-0.61,1.481,71.07,2.34,-6094,R
,664501,979,0,374,0.16,-0.244,2.000,174,2.07,-12.39,R
,664781,746,0,3888,-0.00,-0.595,0.670,4.40,-41.30,32.8,R
,664921,481,0,389,0.04,-0.613,0.471,0.45,16.33,-14.19,R
,664961,607,0,3886,0.011,-0.537,0.589,-8.21,1970,-25.1,R
,664981,631,0,392,0.10,-0.599,0.672,-9.63,4.1,-30.6,R
,665541,630,0,303,-0.02,-0.44,0.657,58.99,-27.76,46.37,R
,665561,571,0,397,-0.09,-0.44,0.538,79.01,-15.53,45.44,R
,665601,355,0,304,-0.01,-0.48,0.304,5.01,-10.56,58.92,R
,665761,673,0,3888,0.203,-0.698,0.792,15.65,59.61,-32.13,R
,665831,598,0,3848,0.045,-0.513,0.896,-12.62,74.77,-71.52,R
,666061,851,0,3898,-0.09,-0.27,2.000,-22.55,32.96,-10.24,R
,666281,646,0,3903,-0.00,-0.30,1.045,21.54,-35.07,47.15,R
,666321,768,0,3902,-0.094,-0.38,1.025,9.07,-5.38,39.1,R
,666331,719,0,3835,-0.06,-0.43,1.005,0.89,-60.40,36.19,R
,666341,734,0,3901,-0.107,-0.43,0.975,8.51,-6.99,35.6,R
,666361,703,0,3909,-0.05,-0.44,0.855,53.45,-56.94,38.49,R
,666371,766,0,3846,-0.03,-0.42,0.778,7.91,-4.48,33.77,R
,666401,652,0,315,-0.14,-0.382,0.577,52.31,-39.12,30.78,R
,666421,475,0,307,-0.00,-0.38,0.460,9.38,-4.27,22.13,R
,666511,310,0,335,-0.07,-0.46,0.513,7.90,26.04,-1.52,R
,666551,549,0,351,-0.05,-0.43,0.651,-16.00,34.07,-14.15,R
,666561,581,0,3886,-0.014,-0.49,0.721,-20.20,26.27,-19.81,R
,666631,554,0,344,-0.01,-0.42,0.856,-30.41,58.12,-30.87,R
,666721,751,0,3903,0.077,-0.384,0.866,-25.62,64.44,-25.48,R
,666751,762,0,349,0.18,-0.438,0.909,-42.26,53.90,-38.36,R
,666801,663,0,335,0.07,-0.284,1.225,-42.33,38.48,-40.78,R
,666831,571,0,347,-0.03,-0.322,1.544,-45.25,37.46,-30.00,R
,666841,496,0,3889,-0.00,-0.28,1.634,34.68,3.19,-1829,R
,667081,374,0,317,-0.04,-0.35,1.184,7.93,-30.72,36.64,R
,667101,370,0,320,-0.15,-0.38,1.198,2.86,-3.25,37.82,R
,667141,368,0,3920,-0.12,-0.43,1.088,3.85,-3.36,41.9,R
,667151,377,0,3845,-0.19,-0.41,1.049,0.09,-3.56,40.1,R
,667171,428,0,3844,-0.19,-0.43,0.934,47.04,-4.58,36.3,R
,667221,435,0,326,-0.068,-0.43,0.589,45.71,-5.54,19.04,R
,667231,344,0,3830,-0.00,-0.43,0.494,4.17,-5.70,16.8,R
,667241,310,0,320,-0.002,-0.42,0.437,38.31,-51.49,16.06,R
,667301,283,0,327,0.05,-0.488,0.352,0.60,8.57,2.11,R
,667341,336,0,3915,-0.03,-0.49,0.519,-0.14,27.72,-11.13,R
,667421,564,0,3902,-0.042,-0.47,0.823,-13.02,37.83,-36.79,R
,667461,598,0,304,-0.00,-0.44,0.896,-32.97,29.46,-47.95,R
,667501,638,0,344,-0.01,-0.43,0.944,-31.75,38.33,-3803,R
,667571,764,0,309,0.12,-0.420,0.859,-8.01,9.26,-52.62,R
,667631,833,0,329,0.15,-0.292,1.142,-42.53,39.41,-45.97,R
,667681,688,0,336,-0.12,-0.315,1.836,33.45,29.66,-10.18,R
,667701,582,0,334,-0.119,-0.27,1.892,-8.00,4.64,-8.99,R
,667721,560,0,315,-0.02,-0.214,1.748,.30,-16.89,-9.14,R
,667731,560,0,338,-0.03,-0.231,1.587,0.29,-21.93,-2.68,R
,667741,549,0,330,0.03,-0.187,1.470,1.32,-20.39,3.99,R
,667801,549,0,325,0.05,-0.293,1.102,2.57,-3955,15.5,R
,667861,529,0,334,0.033,-0.348,1.082,22.26,-37.61,35.94,R
,667921,595,0,349,-0.02,-0.359,1.062,0.35,-30.20,40.98,R
,667941,584,0,353,-0.07,-0.37,1.020,30.90,-33.01,40.45,R
,667971,581,0,331,-0.061,-0.40,0.879,42.51,-32.43,38.19,R
,668051,413,0,329,0.03,-0.488,0.498,1.64,-2636,16.2,R
,668071,390,0,325,-0.09,-0.538,0.478,.96,-1503,13.47,R
,668131,470,0,330,-0.015,-0.47,0.642,11.79,1065,-9.9,R
,668251,447,0,324,-0.057,-0.40,0.983,-29.26,28.41,-2555,R
,668291,458,0,330,-0.06,-0.418,0.904,15.04,1.49,-35.89,R
,668311,465,0,339,0.03,-0.384,0.827,-8.41,2112,-37.2,R
,668451,691,0,331,-0.09,-0.420,1.334,57.13,4.57,-28.65,R
,668471,650,0,329,-0.062,-0.36,1.707,-49.65,44.28,-1626,R
,668551,609,0,329,0.07,-0.237,1.457,1.63,-2475,-5.61,R
,668641,602,0,338,0.08,-0.341,1.122,27.94,-42.92,23.8,R
,668701,634,0,339,0.09,-0.279,1.005,1.64,-2854,41.6,R
,668731,611,0,3830,-0.09,-0.37,1.073,10.41,-31.46,45.4,R
,668781,657,0,3952,-0.04,-0.36,1.024,35.28,-33.38,45.6,R
,668811,611,0,3837,-0.00,-0.33,0.953,34.74,-29.40,45.81,R
,668841,592,0,3952,-0.08,-0.40,0.883,8.08,-34.69,38.69,R
,669041,504,0,3948,-0.01,-0.36,0.680,-12.91,32.31,-13.45,R
,669061,511,0,354,-0.02,-0.41,0.777,-27.04,18.42,-21.61,R
,669251,784,0,3841,0.149,-0.392,0.798,-26.84,32.02,-45.05,R
,669361,524,0,3940,-0.01,-0.36,1.615,41.37,44.41,-24.76,R
,669551,451,0,326,0.08,-0.324,1.090,33.07,-31.01,31.04,R
,669591,464,0,334,0.024,-0.323,1.086,32.06,-32.39,37.44,R
,669641,580,0,371,-0.05,-0.371,0.964,39.59,-32.97,35.38,R
,669671,551,0,3835,-0.027,-0.367,0.817,46.67,-27.98,35.32,R
,669681,415,0,3952,-0.027,-0.37,0.776,43.38,-27.44,33.73,R
,669901,358,0,3966,-0.09,-0.42,0.943,18.29,23.72,-16.65,R
,669941,367,0,370,0.02,-0.393,0.939,-23.05,23.18,-23.1,R
,670041,416,0,382,0.09,-0.344,0.829,-38.09,21.87,-32.78,R
,670121,670,0,384,0.14,-0.423,0.633,-27.91,13.47,-37.25,R
,670171,433,0,330,-0.06,-0.32,1.571,-45.26,40.38,-14.81,R
,670181,449,0,3958,-0.094,-0.30,1.703,-37.20,36.83,-10.07,R
,670191,453,0,3826,-0.08,-0.25,1.829,-27.36,31.78,-4.84,R
,670221,439,0,380,-0.096,-0.24,1.864,-6.33,1.37,3.55,
,670371,434,0,325,0.04,-0.374,1.075,24.49,-32.49,46.31,R
,670441,578,0,449,-0.066,-0.41,1.017,6.51,-2.79,41.22,R
,670491,784,0,3825,-0.10,-0.47,0.787,66.86,-46.56,24.37,R
,670521,596,0,390,0.06,-0.337,0.553,5.64,-1570,21.4,R
,670601,368,0,384,0.06,-0.488,0.402,9.50,-11.23,-2.61,R
,670671,374,0,327,-0.02,-0.40,0.732,-12.46,3.06,-1868,R
,670711,303,0,327,-0.08,-0.41,0.869,-24.75,2.62,-2621,R
,670771,335,0,325,-0.03,-0.37,0.971,-25.74,41.28,-27.77,R
,670971,485,0,325,0.08,-0.242,1.267,-6.94,3644,-35.07,R
,671001,421,0,397,-0.01,-0.297,1.666,37.68,31.98,-11.49,R
,671071,411,0,324,0.02,-0.236,1.394,1.55,-1625,-1.6,R
,671191,477,0,322,0.05,-0.324,1.029,3.79,-2616,25.55,R
,671271,301,0,327,-0.03,-0.38,1.059,33.42,-39.87,34.37,R
,671281,272,0,427,-0.01,-0.37,1.025,38.60,-35.26,32.95,R
,671311,303,0,330,-0.06,-0.37,0.883,40.23,-22.27,33.9,R
,671331,301,0,326,-0.03,-0.38,0.745,35.99,-14.42,35.55,R
,671341,282,0,416,-0.04,-0.38,0.687,30.55,-9.85,33.94,R
,671461,271,0,416,-0.04,-0.465,0.668,5.49,2378,-5.0,R
,671551,274,0,328,-0.04,-0.42,0.924,-18.17,20.50,-27.46,R
,671611,320,0,3834,-0.03,-0.41,0.942,-26.91,27.89,-3619,R
,671671,343,0,326,0.04,-0.418,0.841,-8.33,2809,-39.5,R
,671721,395,0,4032,-0.011,-0.36,0.905,34.41,34.16,-42.09,R
,671781,419,0,421,-0.00,-0.367,1.032,-20.70,3.23,-3723,R
,671841,415,0,4020,-0.00,-0.33,1.122,-23.37,32.65,-2539,R
,671861,433,0,4006,-0.05,-0.35,1.184,-17.05,18.73,-2783,R
,671891,442,0,334,-0.061,-0.33,1.237,-8.53,14.59,-22.0,R
,671921,453,0,4030,-0.05,-0.36,1.138,-5.86,16.53,-12.7,R
,671931,448,0,339,-0.079,-0.36,1.090,-2.39,13.41,-11.7,R
,672011,443,0,335,-0.079,-0.42,1.055,6.23,12.04,2.37,R
,672021,368,0,4067,-0.102,-0.44,1.054,3.74,9.6,1.77,R
,672061,358,0,4037,-0.08,-0.39,0.984,16.34,-0.71,-8.29,R
,672141,336,0,4029,-0.03,-0.42,0.966,20.96,-2.65,-2.8,R
,672171,337,0,3825,-0.06,-0.43,0.934,3.25,-1.13,-4.81,R
,672351,349,0,3830,-0.016,-0.277,1.153,13.44,-15.70,40.5,R
,672411,331,0,327,-0.06,-0.32,1.182,-2.06,-20.28,48.8,R
,672421,307,0,4015,-0.07,-0.38,1.202,-4.55,-25.14,46.9,R
,672431,300,0,331,-0.00,-0.41,1.200,0.23,-29.40,46.9,R
,672441,304,0,429,-0.094,-0.428,1.206,9.50,-3103,47.48,R
,672481,304,0,4053,-0.10,-0.38,1.143,27.13,-20.01,47.73,R
,672501,297,0,4054,-0.16,-0.39,1.085,21.03,-30.08,39.2,R
,672521,283,0,4048,-0.03,-0.35,0.922,8.89,-3.17,25.19,R
,672531,283,0,331,-0.10,-0.43,0.935,27.67,-44.68,34.14,R
,672561,238,0,4034,-0.16,-0.43,0.754,5.94,-36.91,26.3,R
,672591,208,0,331,-0.00,-0.50,0.588,39.57,-45.44,14.5,R
,672601,221,0,4054,-0.01,-0.437,0.490,5.85,-3.56,11.4,R
,672611,211,0,328,-0.08,-0.41,0.479,28.64,-28.16,14.40,R
,672651,179,0,3824,-0.09,-0.43,0.456,.03,11.6,8.60,
,672691,154,0,329,-0.07,-0.38,0.588,5.21,18.06,-10.7,R
,672701,170,0,4058,-0.050,-0.355,0.594,0.22,24.8,-10.36,R
,672721,176,0,4055,-0.00,-0.30,0.684,-24.26,36.25,-1423,R
,672741,165,0,460,-0.18,-0.345,0.857,-37.33,37.87,-1726,R
,672761,211,0,4060,-0.18,-0.37,0.988,28.27,32.45,-2137,R
,672771,203,0,331,-0.14,-0.37,1.024,-17.63,27.78,-2522,R
,672801,188,0,4066,-0.16,-0.30,0.973,0.62,2731,-32.81,R
,672841,229,0,4043,-0.19,-0.30,0.965,-27.75,25.95,-3325,R
,672851,234,0,340,-0.16,-0.34,0.973,-28.65,20.94,-3687,R
,672901,237,0,415,-0.12,-0.359,0.967,-16.53,27.47,-3891,R
,672931,262,0,3839,-0.03,-0.38,0.972,-28.56,29.95,-3551,R
,672941,270,0,4030,-0.03,-0.385,0.975,27.55,3.97,-34.84,R
,672971,270,0,3830,-0.094,-0.377,1.013,-29.69,22.73,-36.21,R
,672981,272,0,438,-0.05,-0.40,0.979,29.48,1.77,-38.10,R
,673011,290,0,3824,-0.05,-0.368,0.931,27.74,1.86,-32.68,R
,673021,304,0,435,-0.05,-0.37,0.889,27.02,1.89,-31.74,R
,673061,286,0,4074,0.06,-0.376,0.734,-2.78,-1.83,-54.10,R
,673121,308,0,4037,-0.11,-0.27,1.187,39.26,4.62,-17.54,R
,673131,321,0,3831,-0.12,-0.30,1.294,36.85,43.57,-9.9,R
,673191,320,0,331,-0.12,-0.26,1.537,7.21,-6.88,0.34,
,673231,323,0,338,-0.01,-0.27,1.255,6.48,-14.78,19.0,R
,673241,325,0,448,-0.05,-0.26,1.204,6.60,-2.38,19.1,R
,673251,320,0,3846,-0.00,-0.283,1.171,6.29,-2.44,21.2,R
,673261,309,0,4039,-0.05,-0.29,1.129,7.38,-32.31,24.1,R
,673271,320,0,3837,-0.09,-0.298,1.100,16.46,-32.37,28.34,R
,673291,320,0,338,0.00,-0.332,1.089,14.81,-29.61,36.4,R
,673311,304,0,335,-0.07,-0.34,1.099,4.57,-24.01,44.7,R
,673321,317,0,4009,-0.03,-0.334,1.093,16.26,-26.37,46.37,R
,673351,311,0,340,-0.00,-0.32,1.104,8.86,-31.94,48.1,R
,673361,316,0,4018,-0.05,-0.33,1.108,8.40,-31.18,49.0,R
,673391,318,0,335,-0.16,-0.32,1.094,1.50,-2.30,56.75,R
,673471,313,0,3839,-0.16,-0.40,0.987,1.53,-44.80,42.5,R
,673491,313,0,3838,-0.197,-0.414,0.880,39.06,-37.35,39.77,R
,673551,317,0,3845,-0.01,-0.453,0.537,19.09,-37.15,25.5,R
,673561,304,0,407,-0.08,-0.463,0.512,3.96,-3.77,21.3,R
,673611,282,0,3834,-0.07,-0.542,0.498,1.83,-2.82,10.00,R
,673691,303,0,340,-0.15,-0.463,0.800,-29.10,11.58,-2161,R
,673701,307,0,4083,-0.09,-0.473,0.823,-28.78,12.24,-22.62,R
,673721,304,0,4050,-0.101,-0.45,0.917,24.21,2.44,-2618,R
,673791,320,0,335,-0.08,-0.41,0.965,20.65,1.18,-3876,R
,673811,326,0,3833,-0.03,-0.388,0.954,20.18,19.84,-4430,R
,673861,336,0,449,-0.01,-0.33,0.842,26.72,2.35,-4394,R
,673871,335,0,340,-0.07,-0.347,0.831,29.49,2.09,-4174,R
,673881,330,0,4078,0.03,-0.359,0.788,-29.48,1810,-42.0,R
,673891,333,0,3850,0.03,-0.348,0.791,-0.41,1213,-45.3,R
,673971,342,0,340,-0.14,-0.20,1.326,47.26,2.05,-1586,R
,674021,323,0,417,-0.12,-0.20,1.653,11.53,0.60,2.86,
,674051,327,0,3839,-0.02,-0.187,1.457,10.16,-1.36,18.0,R
,674221,309,0,422,-0.06,-0.309,1.037,29.65,-3.72,57.9,R
,674291,215,0,349,-0.12,-0.397,1.019,7.71,-4.64,49.3,R
,674421,115,0,415,0.008,-0.518,0.583,8.92,-15.0,5.16,R
,674641,187,0,353,-0.02,-0.348,0.962,-20.78,22.45,-3700,R
,674691,240,0,341,0.05,-0.336,0.887,-27.16,1772,-44.5,R
,674711,240,0,337,0.09,-0.331,0.828,-30.38,8.42,-47.92,R
,674721,240,0,410,0.12,-0.337,0.797,-29.62,4.82,-50.6,R
,674821,222,0,319,-0.05,-0.271,1.403,-52.85,31.34,-32.94,R
,674841,235,0,3938,-0.10,-0.257,1.594,-30.62,3.08,-1668,R
,674941,269,0,358,0.03,-0.232,1.147,15.45,-1460,9.73,!5
,675011,253,0,345,0.08,-0.251,1.067,25.21,-24.28,24.9,R
,675101,252,0,339,-0.01,-0.336,1.167,23.90,-26.11,46.8,R
,675151,250,0,327,-0.09,-0.361,1.026,25.19,-3.12,40.71,R
,675191,241,0,3824,-0.02,-0.39,0.818,22.19,-22.16,40.5,R
,675201,239,0,348,-0.04,-0.415,0.778,18.22,-19.99,37.8,R
,675241,227,0,335,0.01,-0.545,0.609,10.28,-41.79,20.3,R
,675271,205,0,347,0.05,-0.505,0.508,10.72,-23.91,12.9,R
,675331,235,0,3842,-0.05,-0.53,0.656,14.43,11.12,-3.68,R
,675351,217,0,346,-0.01,-0.484,0.715,-11.81,143,-16.41,R
,675361,203,0,361,-0.00,-0.474,0.745,-13.07,5.77,-19.1,R
,675371,223,0,350,-0.06,-0.46,0.751,-14.84,12.24,-1971,R
,675441,240,0,320,-0.03,-0.484,0.949,-42.97,19.64,-3108,R
,675461,240,0,336,0.03,-0.441,0.960,-31.95,22.71,-30.1,R
,675481,253,0,323,0.04,-0.418,0.935,-34.72,30.42,-31.6,R
,675521,272,0,349,0.11,-0.428,0.819,-34.01,15.83,-48.6,R
,675641,218,0,327,0.02,-0.393,1.282,-0.41,23.00,-36.8,R
,675941,562,0,322,0.06,-0.390,1.039,22.52,-22.75,21.3,R
,676061,539,0,336,-0.09,-0.432,1.075,20.52,-1.82,26.1,R
,676241,599,0,366,0.10,-0.536,0.521,-.78,1.9,10.31,
,676291,633,0,347,0.04,-0.427,0.637,-17.42,33.73,-10.10,R
,676371,666,0,341,-0.020,-0.466,0.932,33.13,3.93,-1809,R
,676601,833,0,320,-0.05,-0.21,1.589,-42.20,11.55,-18.59,R
,677061,950,0,321,0.10,-0.566,0.584,8.11,18.02,9.65,R
,677111,893,0,356,0.00,-0.537,0.769,-21.07,1038,-8.1,R
,677211,921,0,356,0.01,-0.458,0.982,-23.94,2551,-24.6,R
,677241,913,0,399,0.05,-0.461,0.948,-19.57,1864,-28.0,R
,677441,975,0,386,-0.31,-0.25,1.624,.46,108.28,9.27,!5
,677451,981,0,339,-0.43,-0.280,1.772,18.89,10.53,25.9,R
,677671,772,0,367,-0.21,-0.20,0.686,143.80,53.61,105.88,R
,677841,622,0,381,-0.64,0.280,0.808,-30.85,1173,-58.9,R
,677901,777,0,306,-0.58,0.291,1.142,59.83,93.6,5.68,
,677971,593,0,356,-0.68,0.491,1.134,-6.12,-2.63,-0.1,R
,678361,656,0,389,-0.45,0.277,0.796,-24.15,-39.20,-1644,R
,678381,845,0,365,-0.55,0.261,0.906,-1.95,-19.32,-4.5,R
,678541,1216,0,3867,-0.47,0.251,0.976,-8.30,9.35,4.98,R
,678551,1249,0,862,-0.97,0.286,0.999,-5.72,-3.44,2.16,R
,678691,1729,0,3866,-0.90,0.306,0.941,12.34,-6.31,-2.0,R
,678711,963,0,368,-0.31,0.262,0.953,22.81,1.80,-4.62,
,678811,1427,0,873,-0.47,0.28,0.898,5.42,1383,-6.41,R
,678901,1783,0,858,-0.42,0.374,0.940,8.98,30.7,-22.93,R
,678931,1830,0,3869,-0.57,0.30,0.973,48.81,2460,-21.0,R
,678961,1850,0,867,-0.07,0.364,0.810,51.16,28.60,-17.1,R
,678991,1804,0,3871,-0.73,0.422,0.770,22.99,30.85,-27.8,R
,679051,1756,0,3872,-0.621,0.327,0.769,34.12,11.08,-42.8,R
,679271,1011,0,890,-0.21,0.46,0.689,10.18,2.70,1.42,R
,679281,1023,0,849,-0.98,0.38,0.738,16.94,2.39,4.10,R
,679341,1081,0,3849,-0.66,0.525,0.552,22.87,2.71,14.54,R
,679361,1119,0,856,-0.08,0.403,0.675,-32.64,24.99,17.4,R
,679381,1162,0,854,-0.53,0.48,0.660,-27.94,43.11,8.1,R
,679421,1209,0,846,-0.87,0.365,0.655,-51.05,10.19,7.70,R
,679461,1271,0,853,-0.78,0.26,0.608,44.90,2.30,12.2,R
,679471,1271,0,889,-0.09,0.23,0.639,-41.23,25.49,10.4,R
,679491,1295,0,901,-0.09,0.31,0.644,34.39,31.99,5.6,R
,679501,1296,0,3851,-0.51,0.256,0.750,-30.56,27.89,2.1,R
,679651,1281,0,906,-0.94,0.42,0.704,49.40,3.96,27.7,R
,679701,1164,0,844,-0.70,0.36,0.712,67.30,25.23,30.9,R
,679951,1472,0,888,-0.40,0.173,1.049,-66.06,-1.62,28.05,R
,680011,1212,0,925,-0.72,0.095,1.249,-114.49,-57.78,40.84,R
,680021,1229,0,3841,-0.52,0.060,1.268,-116.76,-68.82,18.66,R
,680051,1320,0,890,-0.85,0.026,1.250,149.16,126.25,23.13,R
,680071,1306,0,907,-0.68,-0.006,1.224,-182.62,-136.42,-23.94,
,680081,1232,0,839,-0.36,0.05,1.232,-191.04,-137.70,-25.26,R
,680251,938,0,305,-0.31,-0.295,0.850,-79.49,-107.84,-47.92,R
,680281,867,0,339,-0.22,-0.230,0.698,26.61,-0.01,-307,R
,680291,891,0,313,-0.23,-0.17,0.644,34.81,-4.10,-902,R
,680311,912,0,393,-0.22,-0.203,0.577,-47.66,-5.01,-1.48,R
,680321,816,0,335,-0.21,-0.23,0.586,48.27,-62.28,-1.58,R
,680331,834,0,303,-0.18,-0.245,0.612,46.87,-8.11,-1.12,R
,680431,862,0,323,-0.02,-0.359,0.667,42.18,-4.71,-1.50,R
,680661,797,0,327,0.09,-0.692,0.670,-27.88,-6.33,-23.28,R
,680701915,0,339,0.104	rbrbrbªbjrbRJ680711946,0,322,0.103,-0.6810.620,1.06,18.35,-13.90I5
,680861,895,0,322,0.19,-0.679,0.675,-34.85,5541,-9.2,R
,680921,947,0,330,0.28,-0.737,0.700,-26.35,-3.68,-4175,R
,681021,1096,0,818,0.15,-0.586,1.445,-13.89,3.20,4.0,R
,681031,1057,0,881,0.29,-0.575,1.505,16.03,33.08,6.06,R
,681161,989,0,321,0.22,-0.605,0.971,14.06,-2933,17.2,R
,681181,816,0,323,0.24,-0.621,0.931,9.38,-21.6,25.04,R
,681531,859,0,320,0.12,-0.643,0.517,-21.16,5250,-4.3,R
,681611,903,0,3939,0.19,-0.721,0.661,-15.40,2925,-16.1,R
,681651,878,0,336,0.22,-0.663,0.706,-12.01,4801,-15.60,R
,681681,954,0,326,0.29,-0.729,0.662,-21.40,2115,-26.09,R
,681831,935,0,346,0.20,-0.633,1.556,-6.81,15.1,-11.8,R
,681841,922,0,320,0.26,-0.615,1.578,-5.80,-3.07,-15.1,R
,682451,927,0,350,0.02,-0.581,0.865,10.64,93.5,-32.8,R
,682461,918,0,340,0.03,-0.547,0.861,13.10,84.7,-31.83,R
,682511,878,0,334,0.09,-0.511,0.747,-8.64,20.35,-57.4,R
,682891,763,0,382,0.15,-0.397,0.954,14.89,-4135,30.46,R
,682951,670,0,341,0.177,-0.380,0.869,23.85,-45.99,17.0,R
,683311,603,0,333,0.119,-0.480,0.841,-4.18,4202,-35.8,R
,683331,629,0,341,0.175,-0.469,0.793,-2.93,2038,-39.7,R
,683431,752,0,317,0.348,-0.465,1.059,-4.87,4259,-30.5,R
,683561,687,0,337,0.298,-0.344,1.347,3.32,-24.91,-14.3,R
,683591,610,0,320,0.176,-0.322,1.173,1.97,-2071,-5.6,R
,683701,487,0,329,0.081,-0.376,0.787,35.73,-2952,-2.1,R
,683741,496,0,331,-0.097,-0.469,0.721,61.99,-44.78,5.9,R
,683751,496,0,350,-0.045,-0.451,0.623,71.10,-3.30,10.1,R
,683841,511,0,326,0.174,-0.392,0.412,37.57,22.8,7.06,
,683901,661,0,335,0.215,-0.483,0.677,40.43,56.6,-18.1,R
,683911,672,0,340,0.204,-0.452,0.700,3.45,64.9,-16.1,R
,683921,679,0,324,0.224,-0.447,0.731,36.34,71.0,-18.3,R
,683961,689,0,326,0.155,-0.411,0.858,11.56,64.60,-49.6,R
,684001,699,0,335,0.077,-0.411,0.966,-8.67,53.31,-64.0,R
,684031,715,0,330,0.071,-0.430,0.997,-12.56,6120,-65.6,R
,684041,726,0,324,0.055,-0.407,0.991,-7.77,67.2,-62.3,R
,684521,738,0,331,-0.07,-0.41,1.098,.14,-3575,53.1,R
,684541,735,0,3829,-0.182,-0.349,1.020,19.57,-49.96,48.43,R
,684551,735,0,3941,-0.19,-0.38,1.002,3.28,-5.97,47.1,R
,684621,772,0,317,-0.14,-0.41,0.638,7.99,-7.95,22.19,R
,684811,555,0,3990,-0.06,-0.37,0.866,32.12,3.05,-2212,R
,684971,577,0,336,0.134,-0.430,0.817,-33.30,22.79,-34.53,R
,684981,576,0,328,0.19,-0.443,0.782,-28.99,26.70,-34.5,R
,685141,582,0,328,-0.10,-0.31,1.830,.94,-3.29,-11.52,R
,685291,496,0,375,0.05,-0.395,1.020,21.83,-2456,29.9,R
,685381,592,0,334,-0.08,-0.41,1.003,8.95,-26.71,37.1,R
,685401,610,0,331,-0.06,-0.42,0.932,26.90,-29.30,34.8,R
,685431,624,0,407,-0.07,-0.458,0.832,32.25,-3.91,28.2,R
,685461,702,0,326,-0.033,-0.469,0.689,7.19,-18.08,27.1,R
,685471,703,0,403,-0.06,-0.48,0.656,23.79,-1.14,27.0,R
,685501,720,0,327,-0.00,-0.50,0.553,1.91,-1.41,14.1,R
,685601,663,0,3838,-0.025,-0.458,0.707,5.99,29.3,-8.71,!5
,685691,591,0,396,-0.012,-0.468,0.875,-17.33,3.65,-2186,R
,685831,689,0,383,0.241,-0.387,0.601,-34.00,2.0,-48.5,R
,686171,752,0,350,-0.09,-0.38,1.069,18.96,-2.07,47.0,R
,686211,773,0,362,-0.005,-0.436,1.067,43.47,-4.78,34.9,R
,686221,801,0,349,-0.148,-0.52,0.952,8.35,-45.11,32.2,R
,686281,846,0,343,-0.04,-0.44,0.593,2.48,-1.13,26.7,R
,686291,845,0,4001,0.078,-0.425,0.509,34.28,-16.39,18.9,R
,686331,746,0,3991,0.087,-0.540,0.433,16.89,-2781,7.93,R
,686441,757,0,338,-0.025,-0.42,0.811,18.12,2.17,-1589,R
,686521,721,0,336,0.024,-0.427,0.953,-22.15,29.44,-28.6,R
,686531,705,0,320,0.023,-0.406,0.961,-23.13,26.33,-32.58,R
,686621,711,0,337,0.100,-0.374,0.787,-23.48,28.94,-35.5,R
,686731,656,0,314,-0.027,-0.355,1.317,-48.01,37.92,-2607,R
,686751,742,0,3920,-0.096,-0.323,1.644,-43.60,3.26,-1096,R
,686781,710,0,3835,-0.116,-0.33,1.854,-14.36,1.47,-8.1,R
,686921,661,0,327,0.054,-0.347,1.054,18.96,-32.33,25.1,R
,687031,657,0,320,-0.002,-0.406,1.021,26.16,-33.00,35.7,R
,687151,613,0,321,0.049,-0.484,0.610,1.21,-2300,10.7,R
,687161,619,0,333,-0.027,-0.561,0.558,18.89,-19.03,11.2,R
,687461,655,0,339,0.139,-0.385,0.779,-27.08,15.28,-29.4,R
,687551,688,0,302,0.159,-0.170,1.080,-51.05,2531,-30.1,R
,687591,779,0,3933,-0.093,-0.332,1.564,-40.61,29.18,-2.6,R
,687661,786,0,345,0.024,-0.327,1.392,4.08,-15.62,15.39,R
,687771,784,0,319,0.066,-0.383,1.084,22.06,-25.27,46.32,R
,687821,802,0,3840,-0.004,-0.398,1.059,17.12,-15.96,55.3,R
,687861,844,0,341,-0.013,-0.487,1.045,33.19,-45.55,43.50,R
,687881,823,0,3837,-0.04,-0.44,0.957,7.15,-3.16,44.9,R
,687891,816,0,318,-0.05,-0.46,0.937,8.69,-2.39,47.4,R
,687921,759,0,324,-0.047,-0.425,0.814,37.07,-384,46.3,R
,687961,835,0,358,-0.046,-0.455,0.629,25.88,-15.49,34.20,R
,688021,767,0,335,0.00,-0.481,0.432,1.68,4.31,12.32,R
,688121,797,0,3838,-0.01,-0.49,0.861,12.50,5.37,-24.09,R
,688231,906,0,3878,-0.02,-0.444,0.942,-18.04,3.58,-4201,R
,688371,861,0,320,0.068,-0.283,0.738,-19.57,1409,-60.0,R
,688721,767,0,350,-0.01,-0.292,1.165,24.31,-1.28,29.1,R
,688741,817,0,342,-0.046,-0.337,1.218,18.14,-20.37,33.2,R
,688781,848,0,352,-0.106,-0.403,1.175,42.19,-3.23,35.24,R
,688821,823,0,349,-0.16,-0.440,0.886,46.12,-4.78,20.25,R
,689011,870,0,322,-0.02,-0.44,0.870,-33.40,2.77,-1245,R
,689081,767,0,3844,-0.021,-0.417,1.023,-30.35,2.69,-2552,R
,689121,731,0,3841,0.022,-0.418,1.028,-28.93,2123,-23.00,R
,689161,756,0,347,0.115,-0.396,0.805,-14.64,2.9,-33.2,R
,689171,757,0,3872,0.130,-0.367,0.739,-16.07,-025,-34.7,R
,689291,629,0,339,-0.044,-0.316,1.606,-32.29,2.77,-3.7,R
,689301,629,0,3825,-0.073,-0.302,1.657,-25.23,1.83,-4.9,R
,689341,797,0,3854,-0.031,-0.298,1.502,7.65,-7.6,3.35,
,689361,811,0,3849,0.003,-0.300,1.304,20.80,-18.34,-0.07,R
,689431,835,0,373,0.024,-0.328,1.067,15.80,-2268,24.6,R
,689551,815,0,301,-0.092,-0.365,1.081,31.80,-2.89,35.5,R
,689581,800,0,3854,-0.035,-0.390,0.990,9.88,-43.67,27.3,R
,689651,658,0,3849,0.067,-0.476,0.591,23.64,-3210,18.3,R
,689661,662,0,3838,0.030,-0.483,0.576,26.23,-3205,12.1,R
,689771,831,0,370,0.024,-0.491,0.768,-16.75,2485,-19.2,R
,689811,880,0,3888,0.003,-0.417,0.915,-16.76,2647,-21.6,R
,689901,746,0,346,0.052,-0.391,0.939,-32.73,2796,-28.7,R
,690031,929,0,374,0.145,-0.341,0.923,-9.48,26.31,-28.3,R
,690051,918,0,378,0.098,-0.277,1.162,-8.78,31.02,-19.4,R
,690071,929,0,3875,-0.076,-0.385,1.430,-34.50,25.90,-8.9,R
,690201,983,0,3855,0.063,-0.328,1.038,16.22,-33.47,8.69,R
,690241,912,0,3855,0.052,-0.336,1.035,22.22,-2416,20.1,R
,690321,907,0,356,0.021,-0.339,1.122,2.42,-3101,30.8,R
,690381,909,0,362,-0.089,-0.388,1.166,21.48,-23.50,46.8,R
,690411,916,0,3867,-0.056,-0.436,1.008,4.31,-3.04,33.0,R
,690531,891,0,355,0.061,-0.546,0.450,-.97,0.1,4.49,R
,690661,862,0,359,-0.030,-0.407,0.955,-8.73,14.80,-21.37,R
,690681,880,0,3861,-0.02,-0.354,0.922,-14.88,32.30,-1465,R
,690781,897,0,357,0.078,-0.385,0.880,-29.59,20.56,-24.2,R
,690951,937,0,3844,-0.06,-0.30,1.559,0.61,-1.52,12.5,R
,690971,961,0,341,0.054,-0.302,1.362,22.60,-1823,23.2,R
,691201,980,0,383,-0.044,-0.397,0.813,45.99,-3.58,37.3,R
,691221,959,0,384,-0.12,-0.412,0.750,49.80,-36.91,34.7,R
,691381,937,0,383,0.004,-0.329,0.660,-1.97,44.9,0.45,
,691431,880,0,338,0.03,-0.384,0.949,-15.13,23.83,-20.4,R
,691461,848,0,373,-0.022,-0.309,1.026,-4.79,4106,-18.0,R
,691471,817,0,341,-0.07,-0.276,1.043,-5.10,46.35,-14.0,R
,691491,843,0,3856,0.02,-0.271,1.068,-.68,44.3,-14.4,R
,691551,910,0,3844,0.038,-0.305,0.976,-.97,26.4,-24.1,R
,691571,885,0,3839,0.078,-0.331,0.970,-4.58,1821,-31.0,R
,691581,907,0,388,0.093,-0.337,0.959,-15.84,1436,-36.0,R
,691601,912,0,389,0.089,-0.344,0.958,-18.67,20.48,-35.0,R
,691701,848,0,387,0.036,-0.304,1.014,-0.18,23.31,-35.4,R
,691921,1050,0,892,0.079,-0.243,0.896,.57,2.9,-48.42,!5
,691941,1023,0,902,0.09,-0.219,1.056,-20.46,1.93,-4009,R
,692071,849,0,3835,0.044,-0.282,1.080,142,-15.8,15.07,!5
,692321,880,0,3899,-0.066,-0.405,1.083,4.70,-3.30,39.9,R
,692421,878,0,3920,0.100,-0.486,0.498,2.29,-1312,26.5,R
,692441,878,0,3924,0.054,-0.484,0.462,075,-4.7,16.43,
,692541,937,0,3923,-0.06,-0.56,0.738,-38.00,3.27,-4.5,R
,692561,930,0,3920,-0.033,-0.56,0.850,-31.94,36.24,-8.2,R
,692601,912,0,320,-0.00,-0.50,0.924,-20.49,37.44,-1882,R
,692651,946,0,3823,-0.015,-0.527,1.042,35.92,3.75,-2236,R
,692671,949,0,3831,-0.000,-0.500,0.977,25.43,2.43,-2664,R
,692681,939,0,3898,0.042,-0.523,0.939,-3.39,1964,-32.7,R
,692701,1008,0,3935,0.117,-0.511,0.805,14.15,8.04,-43.07,R
,692731,1009,0,3822,0.131,-0.436,0.664,25.60,1.20,-3874,R
,692751,1015,0,3838,0.143,-0.432,0.672,33.23,1.76,-4664,R
,693121,948,0,3920,-0.100,-0.455,1.060,5.93,-2.20,45.0,R
,693461,901,0,399,0.10,-0.682,1.017,-5.51,2744,-33.0,R
,693551,916,0,3833,0.435,-0.729,1.039,-6.53,-26.54,-76.18,R
,693581,944,0,3911,0.331,-0.658,1.209,-56.38,-33.78,-99.78,R
,693661,891,0,3916,-0.099,-0.255,1.550,-23.17,-4.85,-4.57,R
,693691,927,0,3843,-0.009,-0.223,1.221,-1.72,-54.33,-1891,R
,693751,899,0,3839,0.110,-0.254,0.849,-0.78,-5819,26.6,R
,693961,1083,0,3933,0.092,-0.589,0.334,6.64,-5.28,24.34,R
,694231,945,0,3824,0.231,-0.627,0.772,-.20,27.64,-25.9,R
,694261,962,0,322,0.256,-0.582,0.716,-23.46,3308,-21.4,R
,694271,945,0,324,0.26,-0.606,0.710,-28.50,3361,-20.2,R
,694571,962,0,324,0.132,-0.606,0.937,1.01,-4097,8.58,R
,694621,959,0,363,0.174,-0.643,0.885,2.35,-4077,21.0,R
,694671,987,0,323,0.11,-0.611,0.880,24.00,-4523,18.1,R
,694761,994,0,359,0.11,-0.648,0.618,3.55,-4926,16.20,R
,694771,1002,0,824,0.18,-0.625,0.546,40.14,-4.47,13.2,R
,694961,1013,0,3963,0.164,-0.70,0.593,16.46,31.38,2.74,R
,695141,1015,0,957,0.63,-0.958,0.831,-52.73,-.54,-6264,R
,695191,1043,0,3824,0.52,-0.85,0.949,-70.84,-1.72,-9.21,R
,695451,935,0,324,0.25,-0.546,0.611,-.57,-3361,39.7,R
,695571,912,0,3838,0.207,-0.656,0.334,44.74,-3616,24.8,R
,695691,1040,0,847,0.352,-0.786,0.177,5.77,1286,10.6,R
,695711,1041,0,3825,0.38,-0.75,0.238,-0.78,3534,15.5,R
,695741,1008,0,986,0.38,-0.821,0.472,22.53,35.84,9.6,R
,695831,1061,0,3829,0.364,-0.828,0.577,-5.88,5673,-8.4,R
,695901,1120,0,980,0.375,-0.776,0.509,19.68,5.12,-37.8,R
,695981,1201,0,4002,0.459,-0.755,0.638,-50.33,-.67,-3601,R
,696001,1203,0,4001,0.443,-0.69,0.834,-53.40,267,-27.0,R
,696021,1167,0,3984,0.34,-0.768,1.138,56.27,26.42,-3.6,R
,696041,1008,0,3967,0.271,-0.80,1.431,-45.94,2.68,14.4,R
,696151,1023,0,3827,0.358,-0.711,0.724,24.32,-2.41,14.5,R
,696321,1005,0,3984,0.10,-0.87,0.734,6.78,-36.49,30.2,R
,696391,1003,0,3828,0.128,-0.740,0.083,51.41,-3.18,6.1,R
,696721,1260,0,4031,0.256,-0.845,0.471,13.31,7.53,-62.70,R
,696761,1261,0,3987,0.177,-0.782,0.430,-39.10,7.51,-7311,R
,696821,1039,0,3932,0.018,-0.584,0.624,-15.78,14.39,-4.62,R
,696851,957,0,3825,-0.201,-0.473,0.780,-21.95,161.60,-4.10,R
,697001,1044,0,3974,-0.144,-0.809,0.843,-71.89,27.23,1.55,R
,697061,1066,0,4006,-0.214,-0.778,0.851,-50.36,15.08,2.35,R
,697121,983,0,3997,-0.328,-0.723,0.865,-34.96,18.30,2345,R
,697161,998,0,3982,-0.410,-0.822,0.893,80.79,15.09,-984,R
,697521,0,0,3968,-0.303,-1.017,0.556,9161,91.8,-20.18,R
,697541,0,0,3984,-0.383,-0.839,0.616,135.28,11027,-19.1,R
,697931,0,0,382,-0.698,-0.480,1.067,2374,50.9,-93.77,!5
,698531,291,0,3829,-0.35,-0.18,0.928,-2.38,-617,-0.9,R
,698611,781,0,3835,-0.30,-0.23,0.852,-4.15,-2.17,1.2,R
,698621,912,0,3989,-0.343,-0.26,0.882,-4.82,-24.05,3.5,R
,698661,1370,0,3991,-0.55,-0.33,0.918,-6.55,-.63,5.0,R
,698761,714,0,3975,-0.34,-0.278,0.965,.54,22.7,19.52,R
,699051,0,0,3838,-0.561,-0.210,.728,-95.98,-3185,137.3,R
,699161,0,0,4021,-0.277,-0.033,.875,-27.52,-1220,79.9,R
,699341,0,0,4003,-0.204,-0.195,1.062,14.46,-7.9,29.36,
,699381,0,0,4005,-0.276,-0.314,1.088,5.30,-13.2,1.42,R
,699441,0,0,4013,-0.277,-0.146,0.946,1.12,-16.63,-0.93,
,699541,0,0,4002,-0.253,-0.165,0.858,8.19,-6.97,-0.97,R
,699561,0,0,3994,-0.272,-0.078,.838,1.62,7.51,8.06,R
,700091,0,0,3855,-0.189,0.361,0.828,20.8,-30.8,31.73,R
,700101,0,0,3911,-0.211,0.405,0.785,16.63,-30.28,36.46,
,700221,0,0,3873,-0.137,0.318,0.883,-5647,-16.77,72.06,R
,700311,0,0,3853,-0.104,0.013,0.851,-108.30,-1208,84.5,R
,700351,0,0,3857,-0.007,-0.147,1.018,-8.65,0.9,73.06,R
,700361,0,0,3905,0.006,-0.168,1.087,-81.97,-2.5,64.87,
,700491,0,0,388,-0.078,-0.250,1.040,-27.81,4.0,11.38,R
,700541,0,0,3917,-0.233,-0.272,1.117,-20.03,11.05,8.81,R
,700751,0,0,386,-0.100,-0.272,1.008,1.12,9.92,0.37,R
,700801,0,0,3882,-0.071,-0.286,.013,0.9,-17.3,-2.47,
,700901,0,0,388,-0.023,-0.233,1.007,-2.94,-6.5,-2.91,
,701251,0,0,388,-0.007,-0.202,1.018,-8.23,-13.4,0.64,R
,701361,0,0,3885,-0.050,-0.204,.948,-2.96,-1306,9.77,R
,701371,0,0,3867,-0.030,-0.209,.041,-2.25,-1880,8.63,R
,701391,0,0,3866,0.004,-0.231,1.015,-1284,-16.8,6.95,R
,701431b²brbjrbrʒrbrbrbRJH701441,0,0,3869,-0.004,-0.206,.999,5.0,3.95,.64,R
