wallclock_iso,t_ms,fsr1,fsr2,emg,ax,ay,az,gx,gy,gz,mode
,17171,,0,3888,-0.090,.874,0.66,5.40,6.16,4.08,R
,17201,,0,3879,-0.130,.871,0.464,6.53,2.02,4.8,R
,17461,,0,3877,-0.214,.010,0.566,-2.55,-3.67,7.85,R
,17481,0	bbjrbrʊrʚbrbrʪbrbJH17491,,0,3894-0.191,0.933,0.63,8.27,-3.14,3.78,R
,17621,,0,3885,0.033,0896,0.46,19.84,-4.04,3.27,R
,17661,,0,3888,0.013,0874,0.358,15.58,-0.43,3.05,R
,17761,,0,3883,0.049,0.976,0.290,-14.26,2.04,26.68,R
,17831,,0,3889,0.097,0.793,0.493,-38.04,-7.75,33.16,R
,17951,,0,3888,0.176,0883,0.482,3.00,13.38,10.63,R
,18011,,0,3881,0.040,0983,0.639,4.12,6.02,13.07,R
,18181,,0,3902,0.335,0791,0.264,35.17,-6.47,30.49,R
,18301,,0,3902,0.327,0830,0.226,5.46,3.05,-506,R
,18361,,0,3905,0.292,0894,0.224,-3.26,-1.12,-12.68,R
,18371,,0,3890,0.282,0897,0.199,-7.70,-3.29,-13.96,R
,18421,,0,3903,0.181,0957,0.335,-17.1,6.73,-.19,R
,18571,,0,3887,0.233,0915,0.365,-10.2,5.31,-.54,R
,18611,,0,3887,0.187,0892,0.423,-13.7,3.78,-.27,R
,18661,,0,3908,0.245,0941,0.343,-4.97,4.85,-2.48,R
,18731,,0,3881,0.236,0903,0.42,-1.58,4.85,3.1,R
,18821,,0,3911,0.235,0860,0.453,-2.86,-2.69,289,R
,18961,,0,3927,0.189,0.899,0.380,-2.43,-1.56,-.30,R
,19061,,0,3883,0.172,0881,0.418,-10.2,3.05,-0.65,R
,19131,0	bbrbrbrbjrʊbjrbjrbRJH19141,,0,38590.218,0864,0.434,-10.4,0.27,-2.39,R
,19151,,0,3856,0.200,0.840,0.456,-7.82,1.38,-224,R
,19181,,0,3856,0.231,0.871,0.46,7.93,6.50,2.5,R
,19211,0	bbrbrʢbrbjrbjrbjr²bRJH19221,0,0,3850,0.220,0.936,0.412,-6.45-3.23,-.29,R
,19271,,0,3839,0.199,0852,0.463,5.43,4.74,2.0,R
,19311,,0,3847,0.232,0910,0.396,5.34,1.14,-1.03,R
,19401,	bbrbrºbrbjrbjrbjrbRJH19411,0,0,38540.185,0.879,0.423,2.09,1.37,1.71,R
,19611,0,0,3871,0.193,0879,0.450,2.79,4.25,1.5,R
,19641,0,0,3903,0.219,0.896,0.387,3.29,1.32,-4.19,R
,19661,0,0,3888,0.192,0.899,0.379,-2.08,-1.11,-.12,R
,19721,,0,3863,0.198,0925,0.414,-3.32,2.77,-093,R
,19901,0,0,3847,0.222,0.890,0.387,2.28,5.55,-351,R
,19951,0,0,3851,0.188,0893,0.416,-0.37,2.18,-235,R
,20011,0	bbrbrʲbrbjºbjr)rbRJH20021,,0,38510.167,0872,0.412,-4.60,-0.82,-.41,R
,20061,,0,3850,0.223,0.903,0.412,3.89,.66,0.9,R
,20141,,0,3845,0.195,0.876,0.40,2.25,.71,1.35,R
,20151,,0,3827,0.200,0.887,0.422,3.19,.57,1.00,R
,20431,0,0,3851,0.194,0.886,0.456,1.32,.67,-0.0,R
,20511,0,0,3831,0.211,0.884,0.414,2.71,2.27,-250,R
,20581,0,0,3802,0.178,0.890,0.424,0.76,0.76,-0.45,R
,20751,0,0,3823,0.165,0.889,0.45,2.59,-1.98,-1.35,R
,20761,,0,3805,0.174,0.899,0.415,3.83,-1.15,1.0,R
,20781,0,0,3823,0.194,0.900,0.46,3.20,0.19,1.1,R
,20851,0,0,3823,0.199,0.886,0.423,0.67,1.64,0.80,R
,20931,0,0,3852,0.197,0.869,0.389,5.74,.72,-1.7,R
,21011,0,0,3856,0.193,0.941,0.398,2.50,8.01,2.25,R
,21121,0,0,3942,0.126,1.049,0.267,1.34,3.61,8.2,R
,21151,0,0,3856,0.031,1180,0.370,-25.33,8.27,18.55,R
,21191,0,0,3871,-0.006,.197,0.97,-30.33,-6.19,30.07,R
,21231,0,0,3863,0.010,1220,0.50,-27.58,-6.69,49.03,R
,21291,0,0,3869,-0.001,.910,0.25,-30.7,2.25,2.19,R
,21301,0,0,3877,0.033,0814,0.49,-28.4,0.70,63.93,R
,21311,0,0,3869,0.074,0735,0.440,-23.75,1.47,62.46,R
,21321,0,0,3879,0.127,0.666,0.37,-19.3,3.89,57.15,R
,21351,0,0,3856,0.313,0678,0.27,-13.2,33.86,35.90,R
,21361,0,0,3867,0.345,0702,0.23,-14.4,51.12,27.75,R
,21401,0,0,3875,0.408,0729,0.37,-22.8,102.70,13.75,R
,21421,0,0,3888,0.483,0730,0.514,-46.84,114.62,28.40,R
,21431,0,0,3882,0.520,0.738,0.601,-56.5,109.11,32.71,R
,21441,0,0,3879,0.544,0.745,0.69,-66.4,98.08,32.02,R
,21451,0,0,3873,0.574,0724,0.76,-73.1,85.06,23.07,R
,21461,0,0,3874,0.574,0729,0.88,-77.03,69.73,12.36,R
,21471,0,0,3877,0.570,0747,0.95,-73.1,58.04,6.78,R
,21481,0,0,3888,0.539,0.800,0.999,-64.37,57.44,6.60,R
,21491,0,0,3891,0.196,1.136,1.302,-73.55,45.58,11.33,R
,21511,0,0,3893,0.250,0.727,1.306,-35.30,58.13,15.00,R
,21531,0,0,3895,0.306,0.876,1.064,-21.79,58.30,11.94,R
,21541,0,0,3887,0.253,0.880,1.040,-11.07,45.14,14.71,R
,21551,0,0,3885,0.196,0.917,0.90,-11.4,33.20,21.36,R
,21561,0,0,3887,0.163,0909,0.96,-19.3,17.14,33.96,R
,21571,0,0,3890,0.185,0.865,0.920,-30.04,-5.06,47.76,R
,21591,0,0,3905,0.249,0781,0.91,-62.4,-52.74,60.49,R
,21601,0,0,3898,0.295,0687,0.96,-68.48,-72.54,57.61,R
,21621,0,0,3890,0.331,0.538,1.053,-71.87,-101.81,45.32,R
,21641,0,0,3889,0.319,0.436,1.115,-57.88,-120.33,32.19,R
,21651,,0,3890,0.306,0.401,1.112,-34.7,-119.30,27.94,R
,21771,0,0,3888,0.329,0.416,0.537,39.57,-70.04,-1.90,R
,21861,,0,3917,0.520,0.376,0.460,-53.3,-65.14,5.39,R
,21921,0,0,3943,0.780,0.323,0.45,-127.9,-91.84,-10.30,R
,21971,0,0,3866,0.890,0115,0.56,-183.1,-77.30,-28.84,R
,21981,0,0,4075,0.903,0.050,0.601,-185.24,-70.65,-37.22,R
,22001,,0,4095,0.832,0.006,0.636,-161.09,-58.80,-56.64,R
,22011,0,0,3863,0.798,0.038,0.611,-140.31,-42.42,-67.52,R
,22031,0,0,3847,0.651,0084,0.53,-107.88,2.44,-86.80,R
,22041,0,0,4095,0.603,0.154,0.395,-93.36,21.95,-95.08,R
,22051,0,0,3850,0.513,0265,0.49,-100.7,23.21,-104.07,R
,22101,0,0,4095,0.047,0467,0.46,-120.9,48.15,-116.74,R
,22111,0,0,3847,0.021,0456,0.44,-146.0,23.09,-108.67,R
,22131,0,0,3856,0.044,0.449,0.474,-179.81,-11.89,-97.35,R
,22151,0,0,3850,0.010,0428,0.63,-195.2,-21.53,-93.31,R
,22171,0,0,3856,0.012,0.376,0.66,-174.0,3.06,-84.91,R
,22181,0,0,4095,-0.019,.436,0.99,-15599,23.28,-81.03,R
,22191,0,0,3845,-0.045,0.445,0.698,-13434,47.75,-80.53,R
,22201,0,0,4095,-0.075,.445,0.98,-11956,64.94,-78.73,R
,22211,0,0,3845,-0.079,0.447,0.692,-11004,74.44,-74.51,R
,22221,0,0,4095,-0.089,.465,0.05,-10236,81.69,-67.92,R
,22241,0,0,4095,-0.149,0.486,0.39,-91.8,90.62,-52.39,R
,22251,0,0,3851,-0.129,0.474,0.747,-81.2,90.60,-41.84,R
,22271,0,0,3848,-0.042,.467,0.716,-67.68,85.99,-28.07,R
,22281,0,0,4095,0.003,0.467,0.687,-68.08,86.16,-24.32,R
,22291,0,0,3850,0.050,0.464,0.667,-73.93,87.92,-20.55,R
,22301,0,0,4095,0.058,0.496,0.668,-77.43,95.78,-14.80,R
,22311,0,0,3845,0.074,0.484,0.694,-83.35,107.70,-7.42,R
,22321,0,0,4095,0.052,0.489,0.718,-89.84,119.61,-2.73,R
,22331,0,0,3847,0.033,0.491,0.70,-100.65,129.67,2.45,R
,22341,0,0,4095,-0.003,.455,0.748,-11155,142.18,4.77,R
,22351,0,0,3853,-0.032,.409,0.52,-12665,146.04,10.87,R
,22361,0,0,4095,-0.075,0.411,0.754,-135.41,153.52,23.44,R
,22381,0,0,4095,-0.092,.375,0.34,-15231,178.92,52.34,R
,22391,0,0,3851,-0.090,.317,0.13,-17413,189.87,65.24,R
,22401,0,0,4095,-0.112,0.233,1.027,-19159,195.84,72.98,R
,22411,0,0,3857,-0.052,0.142,1.117,-193.18,193.67,69.58,R
,22421,0,0,4095,0.000,0.025,1.241,-182.95,180.85,53.81,R
,22451,0,0,3857,0.094,-0.172,1.281,-154.14,115.6,4.05,R
,22461,0,0,4095,-0.082,-0.228,1.323,-146.31,111.79,-7.16,R
,22471,0,0,3856,-0.148,-0.293,1.284,-159.09,77.1,-12.85,R
,22481,0,0,4095,-0.284,0.266,1299,-15.10,71.78,-12.0,R
,22491,0,0,3859,-0.308,0.289,1248,-14.49,67.64,-4.19,R
,22501,0,0,4095,-0.294,-0.299,1.233,-136.68,60.71,-0.41,R
,22511,0,0,3856,-0.290,-0.309,1192,-13.91,49.73,3.16,R
,22521,0,0,4095,-0.300,-0.321,1.140,-147.56,47.47,5.03,R
,22531,0,0,3858,-0.291,-0.396,1.102,-164.34,38.97,9.64,R
,22541,0,0,4080,-0.349,-0.375,1.141,-192.19,46.77,16.58,R
,22551,0,0,3856,-0.364,-0.455,1.176,-206.25,56.77,26.55,R
,22561,0,0,4062,-0.388,-0.597,1.154,-210.91,73.89,46.75,R
,22571,0,0,3856,-0.378,0.628,1170,-19.01,101.14,71.41,R
,22581,0,0,4073,-0.330,0.661,1.181,-17.57,122.08,86.52,R
,22591,,0,3856,-0.370,-0.664,1.150,-149.20,141.60,96.25,R
,22601,0,0,4048,-0.497,0.580,1010,-12.75,163.06,112.20,R
,22611,0,0,3854,-0.458,0.666,1.054,-10.38,194.97,136.05,R
,22631,0,0,3856,-0.448,0.700,1125,-6040,255.26,169.68,R
,22641,0,0,4053,-0.568,0.674,1073,-5297,273.20,170.54,R
,22651,0,0,3861,-0.619,-0.672,1.039,-58.54,279.21,172.49,R
,22671,0,0,3858,-0.762,-0.574,1.043,-5062,245.93,159.82,R
,22681,0,0,4065,-0.786,0.519,1030,-4228,214.3,152.83,R
,22691,0,0,3855,-0.850,-0.583,1.010,-37.00,184.76,147.96,R
,22701,0,0,4081,-0.908,-0.515,1048,-2019,158.01,146.57,R
,22711,0,0,3856,-0.954,-0.518,1.107,7.8,130.56,148.91,R
,22731,0,0,3861,-1.051,-0.433,0.992,72.65,98.85,168.22,R
,22741,0,0,4079,-1.036,0.396,0963,11671,92.82,185.16,R
,22751,0,0,3881,-0.991,0.282,0926,16653,92.33,199.41,R
,22761,0,0,4078,-0.954,-0.219,0.797,200.18,93.96,216.11,R
,22771,0,0,3856,-1.012,0.135,0619,22795,106.1,227.75,R
,22781,0,0,4060,-0.924,.059,0.76,249.4,133.12,246.74,R
,22791,0,0,3859,-0.922,0.163,0.410,255.31,162.16,265.03,R
,22801,0,0,4095,-0.992,.177,0.313,240.61,190.88,262.84,R
,22811,,0,3855,-1.006,.463,0.81,192.0,196.04,271.68,R
,22821,0,0,4095,-0.985,0.498,0.349,154.77,181.98,268.23,R
,22831,0,0,3856,-0.957,.385,0.22,101.0,149.67,249.12,R
,22841,0,0,4095,-0.918,0.335,0.273,45.90,124.99,231.99,R
,22851,0,0,3853,-0.999,0.325,0.320,22.30,108.04,228.13,R
,22861,0,0,4095,-0.893,0.270,0.74,35.0,96.07,226.63,R
,22871,0,0,3854,-0.934,0.244,0.11,68.2,96.45,235.56,R
,22901,0,0,4095,-0.950,0.485,0.94,96.7,94.10,235.03,R
,22911,0,0,3858,-0.830,.309,0.01,55.2,77.15,215.73,R
,22921,0,0,4095,-0.865,.502,0.12,25.3,60.65,00.72,R
,22931,0,0,3856,-0.905,.433,0.20,10.3,57.05,184.78,R
,22941,0,0,4095,-0.875,0.392,0.192,9.84,54.73,179.99,R
,22951,0,0,3835,-0.963,.509,0.76,25.8,54.53,188.97,R
,22961,0,0,4079,-0.921,0.530,0.253,64.54,49.12,200.23,R
,22971,0,0,3856,-0.808,.501,0.173,73.34,43.69,195.38,R
,22981,0,0,4095,-0.892,.611,0.16,55.1,53.15,182.55,R
,22991,0,0,3854,-0.913,.737,0.151,58.4,23.63,183.07,R
,23001,0,0,4095,-0.871,.831,0.29,21.8,0.77,173.44,R
,23011,0,0,3856,-0.838,.816,0.142,-23.35,-17.26,159.12,R
,23021,0,0,4095,-0.883,0.727,0.283,-27.29,-55.49,154.31,R
,23051,0,0,3855,-0.773,0.615,0.206,54.88,-75.78,160.43,R
,23061,0,0,4095,-0.740,.649,0.99,78.3,-62.04,167.49,R
,23071,0,0,3856,-0.732,.769,0.26,89.9,-53.26,166.33,R
,23081,0,0,4095,-0.621,0.787,0.094,77.28,-54.30,157.35,R
,23091,0,0,3843,-0.576,0.862,0.130,54.6,-64.88,141.21,R
,23101,0,0,4095,-0.517,.892,0.05,43.0,-84.22,126.36,R
,23111,0,0,3857,-0.458,.841,0.63,23.1,-106.68,116.10,R
,23121,0,0,4095,-0.456,0.823,0.261,24.3,-136.86,106.89,R
,23131,0,0,3855,-0.424,0.700,0.18,45.4,-161.73,102.63,R
,23141,0,0,4095,-0.488,.788,0.249,66.6,-169.47,104.37,R
,23151,0,0,3851,-0.439,.739,0.55,90.0,-172.30,108.71,R
,23161,,0,4095,-0.368,.717,0.194,115.4,-169.21,105.96,R
,23171,0,0,3856,-0.353,0.805,0.176,126.15,-158.04,106.37,R
,23191,0,0,3853,-0.228,0.902,0.204,113.80,-124.91,101.36,R
,23201,0,0,4095,-0.258,.064,0.64,91.4,-105.49,89.73,R
,23211,0,0,3845,-0.267,.021,0.55,52.8,-98.50,74.26,R
,23221,0,0,4095,-0.269,0.971,0.431,4.76,-139.58,45.29,R
,23241,0,0,4095,-0.568,0.684,0.288,-39.32,-230.51,23.97,R
,23251,,0,3852,-0.305,0.709,0.162,12.83,-232.11,-0.12,R
,23261,0,0,4095,-0.133,0.667,0.213,21.37,-235.75,-10.68,R
,23291,0,0,3851,0.060,0783,0.135,56.16,-153.15,-12.71,R
,23301,0,0,4095,0.056,0888,0.061,46.09,-121.66,-21.06,R
,23311,0,0,3856,-0.056,0.932,-0.220,4.57,-94.69,-31.00,R
,23321,0,0,4095,-0.070,.825,-0227,-6353,-99.37,-47.48,R
,23331,0,0,3858,-0.131,.907,-0205,-11.94,-118.63,-55.06,R
,23341,0,0,4095,-0.150,.880,-0224,-13.35,-113.67,-57.75,R
,23351,0,0,3849,-0.228,0.920,-0.266,-117.62,-88.39,-57.72,R
,23361,0,0,4095,-0.265,.923,-0242,-8796,-75.99,-53.0,R
,23371,0,0,3851,-0.276,0.991,-0.249,-41.17,-51.85,-37.96,R
,23381,0,0,4095,-0.261,.002,-0.271,13.46,-9.00,-11.55,R
,23401,0,0,4095,-0.274,.049,-0310,81.4,86.15,28.40,R
,23411,0,0,3861,-0.260,.059,-0.387,73.87,96.88,32.55,R
,23421,0,0,4095,-0.233,1.077,-0.414,43.7,85.41,25.55,R
,23441,0,0,4095,-0.257,.056,-0362,-4802,35.52,-10.30,R
,23451,0,0,3855,-0.245,0.950,-0349,-9799,2.51,-28.09,R
,23461,0,0,4095,-0.405,.782,-0409,-17.76,-27.90,-37.71,R
,23471,0,0,3857,-0.378,.655,-0309,-21.90,-49.26,-40.42,R
,23481,0,0,4095,-0.368,0.637,-0.132,-21.49,-50.92,-21.98,R
,23491,,0,3848,-0.277,0.546,0.096,-189.41,-20.92,3.67,R
,23501,0,0,4095,-0.075,.670,0.00,-12918,30.80,22.19,R
,23511,0,0,3855,-0.114,.658,0.96,-64.2,55.09,35.61,R
,23521,0,0,4095,-0.269,0.550,0.467,-19.20,92.50,42.87,R
,23531,0,0,3862,-0.153,0.697,0.77,31.26,138.27,51.81,R
,23541,0,0,4095,-0.229,0.539,0.26,52.0,189.12,50.25,R
,23551,0,0,3851,-0.211,.771,0.01,55.4,234.16,60.69,R
,23571,0,0,3867,-0.634,.852,0.41,147.6,294.63,135.01,R
,23581,0,0,4095,-0.708,.978,0.98,216.2,279.52,183.97,R
,23591,0,0,3860,-0.563,0.997,0.654,254.59,242.94,210.86,R
,23601,0,0,4095,-0.583,1.198,0.688,271.96,181.08,215.27,R
,23611,0,0,3857,-0.626,.252,0.655,263.98,101.43,203.36,R
,23621,0,0,4095,-0.501,.138,0.92,228.71,12.88,163.96,R
,23631,0,0,3856,-0.497,.259,0.87,196.0,-74.36,107.58,R
,23641,0,0,4095,-0.337,1.116,0.434,175.57,-145.18,49.65,R
,23651,0,0,3857,-0.296,1.034,0.514,181.77,-188.98,9.55,
,23661,0,0,4095,-0.255,1.007,0.447,197.81,-222.85,-5.26,R
,23671,0,0,3863,-0.294,0.821,0.223,189.32,-215.18,-5.89,R
,23681,,0,4095,-0.279,0.856,-0.036,193.31,-198.47,-0.64,R
,23691,0,0,3855,-0.342,.870,-0375,19935,-164.92,28.71,R
,23701,0,0,4095,-0.289,.996,-0607,183.70,-117.70,55.4,R
,23711,0,0,3856,-0.226,0.837,-0.615,177.67,-77.61,60.63,R
,23721,0,0,4095,-0.258,0.970,-0.682,176.25,-58.47,61.03,R
,23731,0,0,3854,-0.110,1.094,-0.880,162.64,-28.33,56.05,R
,23741,0,0,4095,-0.099,1.276,-0.906,164.77,12.82,57.70,R
,23751,0,0,3859,-0.029,.224,-0.866,136.32,61.78,67.94,
,23761,0,0,4095,-0.170,.162,-0844,111.08,106.77,77.70,R
,23781,0,0,4095,-0.077,.057,-0621,73.92,129.14,133.94,R
,23791,0,0,3860,-0.075,0.973,-0545,49.1,121.70,155.76,R
,23801,0,0,4095,-0.052,0.992,-0484,21.23,102.73,162.77,R
,23811,0,0,3856,-0.146,1.054,-0.430,-7.07,88.76,147.45,R
,23821,0,0,4095,-0.129,0.898,-0.515,-51.85,76.92,116.07,R
,23831,0,0,3854,0.044,-0.059,0.06,-150.83,12.18,51.30,R
,23841,0,0,4095,0.194,0630,0.38,-106.45,-76.79,24.36,R
,23851,0,0,3854,0.507,0.739,0.387,-34.98,-141.06,-7.14,R
,23861,0,0,4095,0.385,0774,0.44,8.15,-121.27,-12.56,R
,23871,0,0,3855,0.420,0.772,0.476,95.84,-79.27,-12.09,R
,23881,0,0,4095,0.325,0.803,0.210,137.12,-27.38,7.20,R
,23891,0,0,3855,0.219,0804,0.164,148.36,-7.67,25.67,R
,23901,0,0,4095,0.121,0737,-0.32,168.61,-24.48,26.29,R
,23911,0,0,3855,0.009,0.640,-0.286,183.23,-57.69,-0.03,R
,23921,0,0,4095,-0.192,0.592,-0779,19796,-91.64,-44.93,R
,23931,0,0,3824,-0.344,0.331,-1127,22624,-149.69,-105.71,R
,23951,0,0,3856,-0.862,.337,-2000,175.29,-238.48,-170.24,R
,23961,0,0,4095,-0.465,1.071,-2000,17509,-143.70,-118.58,R
,23991,0,0,3854,0.008,0649,-1.25,-86.0,179.3,128.51,R
,24001,0,0,4095,-0.049,0.520,-1.709,-122.28,190.99,116.25,R
,24021,0,0,4095,0.078,0295,-1.10,-219.23,101.29,35.88,R
,24031,0,0,3851,0.052,0339,-1.45,-23834,73.20,2.52,R
,24041,0,0,4095,0.069,0.350,-0.823,-247.01,79.78,-21.28,R
,24051,0,0,3841,-0.361,1.565,-.000,-43.46,13.41,105.87,R
,24061,,0,4095,0.280,0.367,2.000,-493.46,22.56,27.71,R
,24071,0,0,3843,0.093,0352,0.18,-120.54,182.36,-54.32,R
,24081,0,0,4095,0.098,0402,-0.15,-224.43,179.43,-23.31,R
,24091,0,0,3843,0.173,0439,0.533,-265.65,174.89,-8.77,R
,24101,0,0,4095,0.152,0415,0.72,-189.32,194.15,-27.28,R
,24111,0,0,3840,0.057,0.544,0.780,-174.97,193.35,-37.71,R
,24131,0,0,3846,-0.000,0.552,1.010,-168.40,96.74,-62.61,R
,24141,0,0,4095,-0.103,.523,0.12,-14660,35.08,-88.67,R
,24151,0,0,3840,-0.077,.460,0.721,-133.49,-38.72,-117.61,R
,24161,0,0,4095,0.028,0211,0.52,-69.55,-102.79,-164.62,R
,24181,0,0,4095,0.239,0042,-0.423,182.48,-138.01,-227.00,R
,24191,0,0,3840,-0.166,.554,-1236,16766,-124.77,-197.13,R
,24201,0,0,4095,-0.307,.928,-1555,15948,-51.87,-175.31,R
,24211,0,0,3849,-0.104,1.158,-0869,15325,156.1,-120.88,R
,24221,,0,4095,-0.564,.274,-1457,23343,275.55,-90.73,R
,24231,0,0,3838,-0.404,0.948,-0.758,220.45,264.62,-73.60,R
,24241,0,0,4095,-1.414,.000,-1161,34870,204.65,-119.43,R
,24251,0,0,3840,-0.905,1.496,-0.937,100.10,133.43,-114.56,R
,24261,0,0,4095,-0.528,.288,-0.948,-183.73,96.95,-83.13,R
,24271,0,0,3838,-0.367,.153,-1095,-197.07,58.68,-130.76,R
,24281,0,0,4095,-0.359,1.059,-0.836,-321.62,30.76,-132.07,R
,24301,,0,4095,-0.390,.910,-0137,-383.00,-34.19,-128.80,R
,24311,0,0,3843,-0.518,1.234,-0.102,-194.36,-17.96,-131.98,R
,24321,0,0,4095,-0.481,.915,1.55,-19063,-35.14,-85.74,R
,24341,0,0,4095,-0.315,.960,0.17,-206.25,77.31,-46.93,R
,24351,0,0,3839,-0.576,0.781,0.03,-17086,99.26,-45.63,R
,24371,,0,3839,-0.392,1.001,0.06,-184.74,88.57,-32.77,R
,24381,0,0,4095,-0.483,0.965,0.442,-214.51,79.37,-24.33,R
,24391,0,0,3840,-0.535,.887,0.632,-218.14,46.47,-17.45,R
,24401,0,0,4095,-0.538,0.817,0.693,-174.49,25.55,-13.78,R
,24411,0,0,3838,-0.510,.804,0.730,-138.30,13.17,-4.10,R
,24421,0,0,4095,-0.435,0.842,0.679,-87.67,12.57,8.71,R
,24431,0,0,3840,-0.420,0.856,0.654,-59.20,9.09,20.84,R
,24441,0,0,4095,-0.373,0.880,0.04,-18.3,11.32,18.74,R
,24451,0,0,3831,-0.356,1.014,0.26,-8.80,2.70,13.18,R
,24461,0,0,4095,-0.314,1.007,0.00,-31.9,-23.5,0.11,R
,24471,0,0,3831,-0.473,.060,0.500,-68.40,-46.42,-11.92,R
,24481,0,0,4095,-0.341,0.896,0.80,-10011,-55.70,-14.61,R
,24491,0,0,3835,-0.400,.833,0.643,-88.88,-30.98,-3.20,R
,24501,0,0,4095,-0.297,.694,0.68,-46.11,16.28,22.36,R
,24511,0,0,3837,-0.206,0.672,0.17,17.16,58.25,46.69,R
,24521,0,0,4095,-0.214,0.732,0.596,85.99,96.02,71.68,R
,24561,,0,4095,-0.292,.560,0.61,293.8,112.44,11.09,
,24571,0,0,3834,-0.410,.121,-0190,28.07,35.38,44.42,R
,24581,0,0,4095,-0.195,.983,0.19,-83.4,-7.96,24.62,R
,24591,0,0,3824,-0.145,0.922,0.225,-142.71,-57.92,-22.79,R
,24601,0,0,4095,-0.151,1.119,0.248,-184.68,-75.52,-51.89,R
,24611,0,0,3831,-0.264,1.097,0.183,-202.28,-87.08,-56.68,R
,24621,0,0,4095,-0.200,0.841,0.316,-239.39,-79.26,-44.41,R
,24631,0,0,3834,-0.231,.777,0.02,-211.46,-59.8,-43.83,R
,24641,0,0,4095,-0.191,0.941,0.447,-203.73,-45.47,-48.87,R
,24651,0,0,3843,-0.121,0.687,0.22,-215.88,-51.75,-56.03,R
,24661,0,0,4095,-0.114,.571,0.98,-260.59,-62.2,-63.86,R
,24681,0,0,4095,-0.214,0.793,0.543,-315.06,-84.63,-79.78,R
,24691,0,0,3839,-0.170,0.612,0.641,-317.04,-98.60,-83.54,R
,24701,0,0,4095,-0.197,0.450,0.864,-266.37,-98.59,-97.09,R
,24721,0,0,4095,-0.256,.433,0.519,-209.44,-92.19,-107.96,R
,24731,0,0,3834,-0.132,0.423,0.793,-217.41,-90.86,-110.38,R
,24741,0,0,4095,-0.207,.351,0.47,-230.04,-97.3,-104.00,R
,24751,0,0,3810,-0.190,.392,0.92,-23987,-106.40,-94.50,R
,24761,0,0,4095,-0.295,.202,0.20,-246.36,-117.81,-102.58,R
,24771,0,0,3831,-0.092,.287,0.88,-300.04,-128.27,-96.3,R
,24791,0,0,3834,-0.327,-0.004,0894,-31.40,-138.13,-93.96,R
,24801,0,0,4095,-0.218,-0.058,0941,-30.71,-120.33,-74.56,R
,24811,0,0,3838,-0.168,-0.067,0974,-293.55,-81.72,-50.68,R
,24821,0,0,4095,-0.076,-0.168,0.983,-274.13,-35.61,-23.72,R
,24831,0,0,3839,-0.093,-0.277,0991,-234.97,11.32,-17.54,R
,24871,0,0,3838,-0.387,0.312,0909,-174.10,13663,-6.42,R
,24881,0,0,4095,-0.538,-0.067,0973,-185.79,135.47,-2.12,R
,24891,0,0,3839,-0.447,0.350,0950,-158.17,14173,4.25,R
,24901,0,0,4095,-0.536,-0.160,1.068,-160.74,131.05,1.90,R
,24911,0,0,3830,-0.694,-0.145,1.016,-189.93,118.16,1.56,R
,24921,0,0,4095,-0.547,-0.203,1.051,-209.01,109.55,-14.33,R
,24931,0,0,3851,-0.586,-0.177,1.078,-219.84,98.10,-4.03,R
,24941,0,0,4095,-0.649,-0.466,1.015,-220.01,93.98,-23.03,R
,24951,0,0,3835,-0.565,-0.479,1100,-195.75,89.17,-28.41,R
,24961,0,0,4095,-0.573,-0.373,1.164,-200.59,85.52,-10.73,R
,24971,0,0,3841,-0.539,-0.510,1119,-173.26,61.82,-33.60,R
,24981,0,0,4095,-0.460,0.380,1082,-13.43,38.31,-42.47,R
,25001,0,0,4095,-0.402,-0.423,0.924,-167.61,7.49,-87.11,R
,25011,,0,3840,-0.484,-0.636,0.863,-179.43,6.76,-98.15,R
,25021,0,0,4095,-0.458,-0.661,0.807,-188.80,14.28,-91.13,R
,25031,0,0,3834,-0.396,0.694,0.821,-17.15,29.72,-79.74,R
,25041,0,0,4095,-0.330,0.696,0816,-150.25,39.05,-65.66,R
,25051,0,0,3834,-0.305,-0.759,0.798,-127.44,53.52,-64.71,R
,25061,0,0,4095,-0.148,-0.323,0.569,-10.00,75.52,-36.12,R
,25081,0,0,4095,-0.359,0.807,0815,-139.64,113.14,-77.20,R
,25091,0,0,3835,-0.499,-0.664,0827,-124.89,83.28,-82.07,R
,25101,0,0,4095,-0.461,-0.696,0.873,-104.83,40.5,-86.87,R
,25111,0,0,3842,-0.399,-0.814,0.940,-84.13,0.50,-104.00,R
,25121,0,0,4095,-0.356,0.753,0890,-68.84,-27.73,-118.45,R
,25131,0,0,3837,-0.411,-0.792,0903,-4150,-44.19,-127.61,R
,25141,0,0,4095,-0.404,0.766,0876,-21.29,-51.89,-130.19,R
,25151,0,0,3834,-0.386,0.732,0807,-10.74,-48.45,-128.82,R
,25161,0,0,4095,-0.371,0.732,0740,-13.72,-41.67,-121.28,R
,25171,0,0,3839,-0.352,-0.752,0776,-6.52,-33.43,-111.98,R
,25181,0,0,4095,-0.287,-0.765,0.798,10.61,-24.91,-104.76,R
,25191,0,0,3829,-0.207,0.784,0849,25.14,-15.92,-103.0,R
,25201,0,0,4095,-0.148,0.792,0806,30.19,-2.62,-113.22,R
,25211,0,0,3824,-0.129,-0.757,0770,30.64,12.34,-129.20,R
,25221,0,0,4095,-0.184,0.723,0776,18.10,1.75,-145.28,R
,25231,0,0,3833,-0.294,0.679,0.526,-23.56,-4.47,-161.14,R
,25241,0,0,4095,-0.302,-0.690,0.546,-48.30,-1.76,-173.58,R
,25251,0,0,3839,-0.343,0.840,0488,-79.17,9.93,-172.55,R
,25261,0,0,4095,-0.431,-0.888,0.626,-114.08,9.20,-164.87,R
,25291,0,0,3835,-0.113,0.853,0.979,-9877,-5.40,-176.96,R
,25301,0,0,4095,-0.086,-0.855,1.077,-51.49,-51.05,-172.50,R
,25311,0,0,3831,-0.122,-0.992,1.113,45.06,-100.66,-170.70,R
,25331,0,0,3835,-0.069,-0.795,1004,220.39,-199.37,-201.58,R
,25341,0,0,4095,-0.141,-0.749,0.884,260.93,-257.37,-226.55,R
,25351,0,0,3834,-0.176,0.710,0761,279.09,-301.75,-243.29,R
,25371,0,0,3831,-0.159,-0.686,0.622,211.90,-371.09,-242.27,R
,25401,0,0,4095,0.357,-.359,0.75,203.89,-253.67,-208.47,R
,25411,0,0,3831,0.502,-.431,0.79,214.25,-220.4,-207.2,R
,25431,0,0,3824,0.442,-0.197,0.53,283.74,-173.84,-214.80,R
,25441,0,0,4095,0.308,-.219,0.43,325.93,-143.59,-218.4,R
,25451,0,0,3834,0.315,-0.078,0.843,369.03,-115.84,-223.90,R
,25461,0,0,4095,0.294,0.017,0.768,398.45,-80.27,-229.40,R
,25471,0,0,3829,0.398,0.067,0.629,419.37,-45.06,-226.67,R
,25491,0,0,3838,0.590,0.215,0.32,427.66,15.75,-182.68,R
,25521,,0,4095,0.678,0.332,0.032,384.61,126.25,-156.04,R
,25541,0,0,4095,0.454,0.627,-0.073,389.77,244.68,-81.02,R
,25561,0,0,4095,0.240,0830,-0.54,367.31,316.48,-2.80,R
,25571,0,0,3824,0.029,0.975,-0.97,344.42,333.09,42.86,R
,25581,0,0,4095,-0.058,1.013,-0070,307.92,334.39,85.00,R
,25601,0,0,4095,-0.057,0.995,0.17,197.48,260.40,135.99,R
,25631,,0,3824,0.246,0.873,0.10,-19.76,90.66,100.52,R
,25641,0,0,4095,0.324,0775,0.27,-79.81,40.94,81.58,R
,25651,0,0,3835,0.359,0664,0.34,-113.39,27.58,74.55,R
,25661,0,0,4095,0.363,0556,0.384,-126.75,51.02,79.94,R
,25691,0,0,3836,0.256,0.230,0.741,-122.37,137.75,131.09,R
,25711,0,0,3829,0.286,0.080,0.953,-125.09,140.28,135.93,R
,25761,0,0,4095,0.350,0.121,1.018,-95.84,135.21,52.81,R
,25771,0,0,3831,0.177,-0.073,1.13,-80.05,137.38,63.47,R
,25791,0,0,3826,0.037,-.202,1.41,-69.8,138.01,76.68,R
,25811,0,0,3829,0.241,-0.182,1.69,-75.82,110.25,67.49,R
,25831,,0,3827,0.343,-0.188,1.50,-63.53,107.49,35.91,R
,25841,,0,4095,0.217,-0.282,1.90,-44.11,102.95,26.33,R
,25851,0,0,3824,0.320,-.060,1.80,-51.72,108.74,8.69,R
,25861,,0,4095,0.113,-0.021,1.32,-38.52,101.44,15.61,
,25871,0,0,3835,-0.157,-0.191,1459,-23.55,86.1,26.94,R
,25881,0,0,4095,0.020,-.120,1.296,-31.61,81.66,25.38,R
,25911,0,0,3821,-0.012,-0.042,1197,2.91,67.76,35.38,R
,25921,0,0,4095,0.023,-.021,1.46,12.15,70.02,33.68,R
,25961,,0,4095,-0.041,0.134,1.35,-3.52,50.91,12.57,R
,25981,0,0,4095,-0.094,0.171,1.43,-19.58,29.29,5.26,R
,26001,,0,4095,-0.093,.231,0.985,-30.71,13.52,12.34,R
,26011,,0,3830,-0.067,.188,0.971,-38.81,10.08,17.12,R
,26031,,0,3829,-0.050,0.152,1.28,-47.90,14.65,25.59,R
,26041,0,0,4095,-0.034,0.114,1.050,-51.27,19.43,27.35,R
,26081,0,0,4095,0.062,0007,1.058,-15.50,27.69,8.45,R
,26091,0,0,3826,0.058,-0.027,1.65,0.10,30.47,3.41,R
,26101,0,0,4095,0.026,0013,1.023,2.39,26.19,-1.78,R
,26191,,0,3819,-0.123,.056,1.013,-76.19,-35.30,19.61,R
,26241,0,0,4095,-0.032,.020,1.21,-56.0,-47.55,7.67,R
,26251,0,0,3831,-0.129,0.062,1.099,-36.25,-35.61,16.20,R
,26261,0,0,4095,0.046,0030,1.074,-42.74,-42.39,24.45,R
,26281,0,0,4095,0.055,-0.129,1.28,-37.55,-37.92,9.93,R
,26301,0,0,4095,0.063,-0.114,1.41,3.63,-37.37,2.92,R
,26341,,0,4095,0.146,-0.067,0.81,-27.21,-26.19,10.55,R
,26351,0,0,3824,0.108,-0.052,0.89,-42.91,-26.83,3.20,R
,26361,0,0,4095,0.075,-0.058,1.13,-50.01,-26.0,2.46,R
,26411,0,0,3826,0.191,-.243,1.032,-15.17,-21.99,-1.34,R
,26421,0,0,4095,0.245,-0.247,0.96,2.53,-2.16,-1.31,R
,26431,0,0,3827,0.296,-0.177,0.42,14.03,24.47,-5.84,R
,26441,0,0,4095,0.231,-.200,0.48,27.4,37.89,-8.59,R
,26451,0,0,3822,0.208,-0.204,0.44,38.19,51.15,10.61,R
,26521,0,0,4095,0.143,0.031,0.95,-10.60,76.57,1.23,R
,26531,,0,3824,-0.023,0.064,1.065,10.94,67.92,12.37,R
,26551,0,0,3807,-0.103,0.022,1.062,4.79,65.96,15.07,R
,26561,0,0,4095,-0.121,.000,1.073,-1.84,57.55,14.04,R
,26621,0,0,4095,-0.052,0.069,1.066,11.57,36.91,29.44,R
,26631,0,0,3824,-0.049,0.042,1.009,19.86,51.12,25.58,R
,26641,0,0,4095,-0.109,.005,0.998,11.0,53.34,18.71,R
,26671,0,0,3825,-0.142,-0.047,1047,-26.59,-0.04,6.48,R
,26681,0,0,4095,-0.145,-0.097,1033,-31.65,-13.09,6.57,
,26711,,0,3824,-0.080,0.098,1.043,-4.62,-8.89,15.18,R
,26721,0,0,4095,-0.049,0.102,1026,-6.39,-1.59,13.67,R
,26761,7,0,4095,-0.085,0.084,1.018,-32.10,4.60,8.02,R
,26791,0,0,3825,-0.046,0.227,1.168,-23.73,-6.77,0.00,R
,26821,0,0,4095,-0.085,0.168,1.096,27.14,30.94,8.00,R
,26841,0,0,4095,-0.116,0.092,1.021,25.0,46.30,12.89,R
,26851,0,0,3831,-0.104,0.111,1.010,17.43,41.76,6.29,R
,26901,0,0,4095,-0.140,0.128,0.977,9.41,19.60,2.05,R
,26911,,0,3825,-0.125,-0.110,0977,8.07,29.86,0.45,R
,26931,0,0,3835,-0.172,0.106,0.978,12.3,27.38,3.70,R
,26951,0,0,3839,-0.178,0.150,1.004,19.49,21.15,2.40,R
,26981,0,0,4095,-0.164,0.109,1.021,47.4,28.99,4.63,R
,27071,0,0,3824,-0.243,.000,0.92,21.34,8.62,2.57,R
,27101,0,0,4095,-0.212,0.022,0.72,30.16,22.85,11.75,R
,27111,0,0,3827,-0.225,.023,0.55,30.53,25.84,12.74,R
,27121,0,0,4095,-0.216,.025,0.936,32.50,28.44,11.59,R
,27151,0,0,3839,-0.316,.083,0.31,24.04,29.64,25.79,R
,27161,0,0,4095,-0.259,0.114,0.57,22.64,35.70,32.98,R
,27171,0,0,3823,-0.252,.111,0.901,21.6,40.34,33.23,R
,27181,0,0,4095,-0.199,0.119,0.954,19.06,40.16,21.81,R
,27191,0,0,3828,-0.180,.097,0.954,15.11,30.13,6.55,R
,27321,0,0,4095,-0.178,0.041,1.077,-32.30,-10.97,0.48,R
,27341,0,0,3998,-0.203,0.035,1091,-15.26,-2.39,8.87,R
,27351,0,0,3827,-0.194,-0.045,1.072,-13.78,-9.03,6.11,R
,27361,0,0,4095,-0.182,-0.043,1.058,-16.02,-18.89,1.16,R
,27391,0,0,3829,-0.197,0.085,1024,-17.30,-62.85,-10.06,R
,27401,0,0,4095,-0.090,-0.012,1067,-24.66,-79.79,-15.42,R
,27411,0,0,3833,-0.153,0.055,1.003,-20.74,-85.46,-18.12,R
,27451,16,0,382,-0.041,-0.078,.029,-0.43,-30.11,-17.9,R
,27501,169,0,402,-0.10,-0.048,1.053,17.02,8.27,-1.67,R
,27511,298,0,3827,-0.11,-0.054,1.064,8.45,-4.27,-4.16,R
,27531,595,0,387,-0.00,-0.116,1.055,2.57,-19.85,-14.51,R
,27541,02,0,407,-0.019,-0.115,1.055,5.43,-13.78,-15.25,R
,27561,642,0,4087,-0.022,-0.079,1.128,21.19,21.18,-9.09,R
,27581,669,0,400,-0.09,-0.035,1.101,42.86,50.77,0.94,R
,27591,675,0,3835,-0.13,-0.020,1.066,4.53,57.03,2.39,R
,27601,510,0,400,-0.154,0.010,.058,46.94,54.63,0.43,R
,27611,587,0,3822,-0.20,0.082,1.027,40.77,46.02,-0.99,R
,27621,716,0,401,-0.235,0.097,.994,29.78,35.58,-3.81,R
,27631,767,0,3831,-0.17,0.060,1.031,17.92,20.70,-6.42,R
,27641,777,0,4078,-0.20,0.062,1.014,5.61,7.76,-8.58,R
,27651,739,0,389,-0.170,0.021,1.007,4.61,8.28,-4.70,R
,27661,741,0,4074,-0.07,0.001,.083,19.55,15.32,-3.77,R
,27671,695,0,389,-0.104,0.031,.974,33.03,36.57,-0.39,R
,27681,656,0,4080,-0.15,0.026,1.021,38.18,50.18,2.83,R
,27691,587,0,383,-0.191,0.035,.983,41.66,55.09,7.21,R
,27701,579,0,409,-0.191,0.051,.959,39.61,54.30,8.33,R
,27711,570,0,3825,-0.17,0.032,0.952,31.31,49.66,4.14,R
,27721,540,0,4055,-0.20,0.031,0.964,25.78,44.45,-0.07,R
,27741,213,0,4048,-0.31,0.091,0.987,4.9,19.09,1.44,R
,27751,183,0,387,-0.295,0.078,.028,-8.14,3.02,-0.42,R
,27781,0,0,4048,-0.193,.077,0.991,-5.04,0.11,-.91,R
,27791,0,0,3834,-0.271,.151,0.968,-6.8,6.70,-0.82,R
,27811,0,0,3836,-0.286,.115,0.997,-15.75,2.25,2.46,R
,27831,0,0,3838,-0.274,.075,1.036,-35.7,-24.97,-0.32,R
,27851,0,0,3839,-0.203,.025,1.16,-25.94,-41.47,-5.11,R
,27901,0,0,4039,-0.184,.054,0.883,26.7,-7.32,-13.89,R
,27911,376,0,389,-0.145,0.085,0.918,31.86,-0.19,-13.19,R
,27931,606,0,3830,-0.286,0.179,.839,1.84,1.03,-9.74,R
,27941,647,0,4043,-0.26,0.119,0.921,-1.95,-11.14,-8.55,R
,27951,05,0,3834,-0.25,0.122,0.960,-29.09,-2439,-8.41,R
,27961,606,0,409,-0.220,0.046,.022,-33.97,-33.32,-10.79,R
,28001,624,0,4018,-0.09,-0.069,1.097,3.61,-24.51,-16.36,R
,28021,679,0,4032,-0.11,-0.003,1.010,19.00,-1268,-19.08,R
,28031,663,0,382,-0.110,0.021,.962,17.75,-8.13,-18.58,R
,28041,643,0,4045,-0.06,0.028,0.986,15.22,-7.49,-21.89,R
,28051,607,0,389,-0.134,0.087,.960,6.36,-9.41,-21.43,R
,28061,633,0,405,-0.207,0.098,.969,-3.32,-14.88,-17.42,R
,28071,628,0,3838,-0.16,0.039,1.003,-14.01,-26.51,-12.19,R
,28091,782,0,3834,-0.03,0.002,1.028,-15.20,-24.72,-17.77,R
,28111,848,0,3829,-0.10,0.052,1.011,-1.61,1.18,-12.35,R
,28121,912,0,401,-0.137,0.059,.041,-0.88,7.41,-9.90,R
,28131,95,0,383,-0.175,0.069,1.047,-8.57,3.35,-2.94,R
,28141,1023,0,4051,-0.14,0.070,1.060,-21.24,-11.27,-1.74,R
,28181,1104,0,4061,0.00,-0.063,1.008,-11.00,-23.17,-14.64,R
,28201,1044,0,4042,-0.03,-0.035,1.070,12.28,17.93,-15.95,R
,28221,1009,0,4031,-0.10,0.033,1.010,18.04,38.42,-10.48,R
,28231,976,0,3839,-0.17,0.027,1.035,11.05,27.40,-11.93,R
,28251,1060,0,337,-0.160,-0.03,1.065,-7.65,3.31,-19.08,R
,28261,222,0,4048,-0.10,-0.02,1.040,-8.80,-3.75,-18.9,R
,28271,1274,0,325,-0.07,-0.039,1.039,-4.60,-0.28,-16.91,R
,28281,1318,0,4021,-0.09,-0.060,1.046,2.18,7.5,-18.07,R
,28291,1360,0,3837,-0.06,-0.029,1.017,5.87,16.42,-19.32,R
,28301,1335,0,432,-0.083,-0.01,0.961,10.33,29.63,-15.08,R
,28311,1343,0,3837,-0.04,-0.012,0.971,6.50,34.2,-15.16,R
,28321,366,0,433,-0.11,0.030,0.959,0.97,36.25,-16.67,R
,28341,1441,0,4046,-0.17,-0.021,0.924,7.88,18.51,-24.68,R
,28351,1466,0,335,-0.148,-0.04,0.952,-10.34,7.14,-31.96,R
,28361,1472,0,448,-0.14,-0.028,1.018,-6.39,4.30,-31.75,R
,28371,1463,0,3837,-0.10,-0.039,1.035,0.25,4.05,-31.08,R
,28381,1461,0,448,-0.169,-0.03,1.013,6.42,9.58,-26.80,R
,28411,1424,0,335,-0.109,-0.09,0.894,-0.11,18.76,-16.38,R
,28431,1447,0,3833,-0.20,0.101,0.898,-11.36,19.66,-14.38,R
,28451,1431,0,329,-0.261,-0.00,1.116,-14.52,-3.08,-2392,R
,28461,383,0,428,-0.233,-0.035,1.108,-0.83,-7.59,-18.6,R
,28471,1402,0,3824,-0.107,-0.03,1.127,11.86,-8.69,-13.84,R
,28481,1371,0,4023,-0.05,-0.053,1.097,14.13,2.28,-20.29,R
,28491,1402,0,341,-0.074,-0.02,1.034,18.39,16.05,-23.34,R
,28501,1392,0,417,-0.070,-0.05,1.011,35.00,28.97,-23.05,R
,28511,1406,0,341,-0.134,-0.002,0.952,35.67,38.53,-18.29,R
,28521,419,0,4023,-0.11,-0.001,0.928,9.54,40.45,-15.81,R
,28531,1518,0,3833,-0.19,0.003,0.920,35.74,35.35,-18.67,R
,28541,1533,0,423,-0.178,0.012,0.932,27.29,26.9,-22.53,R
,28551,1571,0,339,-0.230,-0.01,0.947,18.16,12.28,-24.04,R
,28561,620,0,439,-0.201,-0.03,0.948,29.35,4.62,-19.55,R
,28571,1710,0,338,-0.168,-0.023,0.977,31.12,0.15,-15.00,R
,28581,1759,0,417,-0.03,-0.045,0.980,34.96,5.6,-14.03,R
,28591,791,0,3827,-0.08,-0.027,1.063,0.64,19.02,-9.7,R
,28601,1834,0,4016,-0.17,-0.013,1.035,4.70,25.57,-9.93,R
,28611,1897,0,3827,-0.08,0.031,1.091,4.95,29.72,-20.71,R
,28621,1919,0,4023,-0.12,0.095,1.038,4.35,27.64,-27.63,R
,28631,1974,0,337,-0.287,-0.01,1.041,51.58,25.61,-32.16,R
,28651,2022,0,3837,-0.25,0.160,1.057,50.68,14.10,-43.71,R
,28681,2097,0,429,-0.229,0.046,1.103,51.92,25.11,-25.83,R
,28691,2102,0,333,-0.14,0.088,1.102,55.72,24.8,-26.29,R
,28701,2128,0,4027,-0.29,0.193,1.060,62.73,32.6,-31.03,R
,28731,2225,0,345,-0.405,0.276,1.006,56.77,18.42,-44.7,R
,28771,257,0,3835,-0.26,0.070,0.975,61.06,25.34,-32.77,R
,28781,2291,0,429,-0.202,-0.02,0.961,66.97,26.80,-40.06,R
,28791,2288,0,343,-0.22,0.040,0.836,66.12,30.5,-41.66,R
,28801,2286,0,391,-0.266,0.089,0.774,65.43,32.54,-42.91,R
,28841,329,0,4021,-0.24,0.137,0.863,52.30,33.99,-44.77,R
,28861,2347,0,405,-0.41,0.201,0.976,51.78,36.89,-36.25,R
,28891,2427,0,3817,-0.32,0.333,0.948,51.49,32.94,-36.21,R
,28921,2470,0,391,-0.333,0.301,0.894,51.99,54.44,-28.1,R
,28961,2485,0,4001,-0.441,0.309,0.848,33.69,43.8,-15.71,R
,28971,2489,0,342,-0.422,0.316,0.819,30.64,29.5,-20.24,R
,28981,2510,0,369,-0.413,0.347,0.832,27.46,21.90,-22.48,R
,28991,2518,0,3840,-0.44,0.375,0.839,22.59,20.57,-21.3,R
,29001,2529,0,384,-0.46,0.356,0.889,22.99,24.79,-21.83,R
,29021,2559,0,4000,-0.43,0.354,0.965,29.43,32.97,-19.46,R
,29031,2582,0,328,-0.473,0.341,0.965,33.89,30.1,-13.60,R
,29041,2559,0,402,-0.463,0.370,0.964,34.76,28.54,-9.11,R
,29071,2596,0,3841,-0.41,0.292,0.873,31.26,17.61,2.63,
,29091,2608,0,339,-0.451,0.367,0.905,25.63,17.08,-8.97,R
,29121,2615,0,399,-0.55,0.368,0.807,22.83,19.7,-1.86,R
,29141,2617,0,403,-0.57,0.427,0.892,17.67,12.02,0.37,R
,29151,2607,0,3827,-0.55,0.416,0.916,13.52,4.50,7.13,R
,29201,2528,0,379,-0.489,0.492,0.941,25.69,10.66,12.97,R
,29221,2510,0,400,-0.519,0.520,0.871,20.56,2.21,18.95,
,29251,2501,0,3836,-0.55,0.520,0.804,13.05,-11.29,26.68,R
,29281,2497,0,368,-0.47,0.520,0.793,7.46,-30.66,29.84,R
,29291,2489,0,356,-0.430,0.500,0.718,7.58,-30.24,30.33,R
,29361,2445,0,351,-0.40,0.484,0.678,-15.52,-46.68,37.85,R
,29401,2439,0,3942,-0.34,0.480,0.681,-34.95,-55.46,42.43,R
,29411,2435,0,341,-0.34,0.456,0.734,-31.96,-52.60,33.15,R
,29421,2453,0,332,-0.42,0.474,0.730,-33.03,-52.04,30.45,R
,29471,2475,0,3856,-0.35,0.403,0.902,-31.84,-36.01,42.95,R
,29481,2450,0,355,-0.414,0.386,0.852,-30.42,-36.22,48.05,R
,29511,2434,0,3852,-0.31,0.355,0.934,-49.43,-71.46,45.88,R
,29531,367,0,3855,-0.26,0.298,0.948,-54.48,-6.93,41.87,R
,29541,2333,0,3956,-0.23,0.267,0.984,-53.88,-6.44,43.73,R
,29551,2355,0,359,-0.157,0.224,0.991,-49.65,-54.43,49.00,R
,29581,2384,0,352,-0.176,0.165,1.004,-44.95,-48.66,45.94,R
,29601,2397,0,338,-0.19,0.168,1.009,-50.34,-55.21,38.08,R
,29641,480,0,352,-0.065,0.103,0.972,-63.56,-7.52,26.22,R
,29661,2438,0,355,-0.002,0.082,0.979,-70.98,-80.98,18.97,R
,29671,2432,0,370,-0.01,0.063,1.024,-72.28,-79.32,14.23,R
,29681,2416,0,320,-0.01,0.055,1.053,-69.62,-76.57,13.47,R
,29701,2399,0,3937,-0.03,0.068,1.065,-55.38,-57.63,13.5,R
,29711,2438,0,386,0.001,0.053,.068,-5.09,-48.89,13.56,R
,29721,2409,0,333,-0.05,0.062,1.032,-44.60,-40.62,13.50,R
,29731,2400,0,378,0.027,0.044,1.015,-39.49,-36.59,12.69,R
,29751,2411,0,3879,0.044,0.047,.021,-34.34,-30.43,4.23,R
,29771,2396,0,3884,0.10,0.035,.973,-2.04,-25.12,1.32,R
,29781,2391,0,3919,0.074,0.050,.995,-27.87,-20.83,-6.58,R
,29791,2416,0,3875,0.04,0.048,.040,-25.07,-21.15,-10.45,R
,29801,415,0,335,0.024,0.087,1.036,-23.09,-17.90,-10.36,R
,29811,2371,0,3888,0.04,0.093,.073,-2.31,-12.71,-10.5,R
,29821,2333,0,331,0.03,0.069,1.103,-20.45,-1413,-16.65,R
,29841,2171,0,333,0.04,0.094,1.042,-9.06,-5.90,-16.71,R
,29851,2190,0,3879,0.08,0.080,.045,-626,-2.51,-17.67,R
,29861,2117,0,325,0.07,0.059,1.016,-5.68,2.71,-19.17,R
,29871,2074,0,386,0.10,0.046,1.004,2.57,11.18,-20.59,R
,29881,2089,0,3920,0.05,0.054,.995,6.21,17.61,-21.90,
,29891,2096,0,3883,0.02,0.089,.971,13.40,23.81,-17.48,R
,29921,108,0,319,-0.03,0.164,0.990,-7.36,6.54,-23.83,R
,29941,2157,0,329,-0.09,0.145,1.093,-18.63,-8.82,-29.55,R
,29951,189,0,392,-0.070,0.134,1.124,-17.24,-19.84,-33.05,R
,29971,2177,0,392,0.00,0.117,1.076,-17.43,-2967,-32.10,R
,29981,2173,0,3920,0.04,0.113,.064,-13.49,-23.00,-33.37,R
,30001,062,0,310,0.030,0.146,0.958,-7.35,-12.66,-21.74,R
,30011,060,0,387,0.01,0.163,0.964,-10.88,-9.5,-20.62,R
,30021,2070,0,322,0.03,0.150,0.924,-8.83,-4.19,-19.20,R
,30031,2057,0,399,0.01,0.140,0.912,-15.21,-6.05,-18.01,R
,30091,2153,0,3907,0.01,0.141,1.066,-24.74,-36.54,-25.45,R
,30101,163,0,318,0.036,0.147,.072,-2.10,-26.10,-24.32,R
,30111,2153,0,322,0.007,0.139,1.055,-17.03,-18.86,-20.94,R
,30131,2123,0,311,0.026,0.138,.022,-975,-11.26,-14.30,R
,30141,2070,0,3919,0.03,0.148,0.984,-6.14,-3.87,-13.80,R
,30151,2055,0,3909,0.05,0.126,0.974,-6.98,-1.9,-15.45,R
,30161,2037,0,3920,0.00,0.111,.971,-6.25,0.68,-13.95,
,30171,2032,0,3918,0.015,0.085,.971,-0.01,2.82,-9.43,R
,30181,2031,0,302,0.031,0.133,0.952,2.54,7.37,-10.06,R
,30191,2031,0,3920,0.029,0.115,.978,5.2,8.85,-14.19,R
,30201,2064,0,300,-0.06,0.126,0.971,3.70,2.34,-14.33,R
,30211,2114,0,322,-0.06,0.108,1.002,0.83,-3.1,-14.56,R
,30231,2170,0,330,-0.001,0.138,1.019,-1.47,-3.81,-14.91,R
,30241,2190,0,319,-0.05,0.118,1.028,-5.58,-6.68,-16.59,R
,30271,2178,0,3931,0.00,0.118,1.043,-3.04,-4.89,-8.29,R
,30281,2178,0,304,0.04,0.096,.996,0.64,-2.89,-5.81,R
,30291,2176,0,3938,0.048,0.115,.981,-054,0.50,-3.93,R
,30301,2139,0,307,0.063,0.111,0.961,-1.53,3.86,-3.06,R
,30321,128,0,312,0.03,0.100,.937,-2.94,3.87,-0.35,R
,30331,2123,0,3937,0.04,0.080,.948,-691,1.24,-1.58,R
,30341,2144,0,3914,0.04,0.094,.992,-8.98,-1.18,-1.67,R
,30351,2184,0,3951,0.03,0.074,1.003,-9.47,-2.4,-1.49,R
,30361,2199,0,301,0.01,0.083,.021,-4.40,-0.60,0.02,R
,30371,2197,0,3953,0.009,0.125,1.012,-7.72,-2.79,1.32,R
,30381,2208,0,307,0.010,0.111,1.040,-13.47,-8.82,-0.71,R
,30401,2211,0,3906,0.03,0.087,.062,-16.31,-17.53,-0.33,R
,30421,178,0,308,0.11,0.071,1.006,-10.83,-5.34,3.23,
,30441,2151,0,308,0.088,0.059,0.957,-7.56,7.66,7.64,R
,30451,149,0,350,0.09,0.057,.957,-6.83,11.53,8.86,R
,30461,2156,0,303,0.094,0.029,0.959,-9.81,9.99,7.33,R
,30471,2151,0,3964,0.077,0.025,0.987,-5.38,12.07,4.13,R
,30481,2146,0,3904,0.03,0.006,.968,-2.14,8.89,3.55,R
,30491,172,0,365,0.02,0.051,1.019,-3.01,4.89,3.79,R
,30501,2198,0,3910,0.046,0.059,1.052,-7.58,-4.11,-2.32,R
,30511,2233,0,3968,0.015,0.087,1.057,-10.31,-9.29,-0.68,R
,30521,2236,0,304,0.05,0.065,.082,-14.16,-14.18,-3.64,R
,30531,2230,0,378,0.02,0.060,.095,-15.36,-16.98,-4.5,R
,30561,165,0,3902,0.10,0.049,.032,-9.59,-5.0,5.64,R
,30571,2156,0,374,0.155,0.004,1.051,-6.40,-0.13,5.91,R
,30581,2167,0,301,0.11,0.025,.001,-0.30,8.62,5.70,R
,30601,2139,0,398,0.103,0.014,0.992,5.95,14.65,2.10,R
,30611,2123,0,379,0.105,0.010,0.975,11.78,15.2,-0.84,R
,30621,2126,0,302,0.09,0.033,.977,10.35,12.89,-6.29,R
,30631,2117,0,375,0.072,0.014,0.971,1134,12.83,-8.30,R
,30641,2127,0,399,0.038,0.050,0.999,9.72,11.81,-5.55,R
,30651,2142,0,3984,0.050,0.053,.041,9.1,9.89,-5.19,R
,30661,166,0,304,0.01,0.088,1.072,7.03,7.06,-2.22,R
,30671,192,0,388,0.02,0.079,.109,6.15,3.44,-1.89,R
,30691,2207,0,395,0.043,0.077,1.120,5.66,-6.51,-1.43,R
,30701,2226,0,302,0.089,0.086,1.084,5.61,-2.11,-0.44,R
,30711,2221,0,372,0.10,0.077,1.070,5.67,3.50,-1.17,R
,30721,2218,0,314,0.09,0.055,1.047,6.79,5.37,0.55,R
,30741,2160,0,311,0.05,0.069,0.975,4.90,5.70,-3.08,R
,30751,2157,0,3984,0.058,0.039,0.980,6.5,1.64,-3.55,R
,30761,2160,0,3912,0.016,0.051,0.986,7.32,0.21,-2.77,R
,30781,2143,0,311,0.061,0.059,0.985,11.25,0.70,-2.76,R
,30811,2175,0,397,0.02,0.086,1.043,3.74,0.71,-2.13,R
,30831,2197,0,413,0.00,0.100,1.092,-7.94,-15.76,-1.57,R
,30841,2190,0,3910,0.012,0.085,1.110,-12.25,-23.87,-2.79,R
,30851,2192,0,4023,0.066,0.072,1.083,-9.03,-24.7,-1.81,R
,30871,1979,0,3990,0.150,0.049,1.023,-2.68,-4.6,1.53,R
,30881,1989,0,314,0.116,0.045,0.994,0.47,7.05,.64,R
,30891,906,0,3998,0.116,0.037,.971,7.6,15.47,5.65,R
,30901,1865,0,392,0.11,0.037,.963,7.28,17.46,2.25,R
,30911,846,0,4011,0.106,0.031,0.949,12.27,20.59,-1.22,
,30931,1861,0,409,0.04,0.020,.958,18.21,23.41,-2.04,R
,30941,1862,0,390,0.02,0.061,.956,18.03,21.81,0.20,R
,30951,1872,0,393,0.02,0.069,.988,1323,15.17,-2.33,R
,30981,1969,0,3889,0.015,0.067,1.122,-2.92,-11.2,-10.97,R
,30991,1983,0,438,0.01,0.065,.099,0.13,-10.77,-8.93,R
,31001,1977,0,383,0.03,0.082,.098,3.69,-5.73,-6.39,R
,31011,1969,0,447,0.056,0.099,1.087,5.31,0.28,4.13,R
,31021,1948,0,3892,0.055,0.094,1.047,6.15,2.85,3.43,R
,31031,1968,0,455,0.04,0.088,1.012,5.67,3.14,4.90,R
,31041,921,0,3887,0.04,0.097,.991,6.53,5.67,-3.46,R
,31051,1923,0,448,0.04,0.091,.976,6.03,7.82,-1.09,R
,31061,1935,0,388,0.03,0.092,0.982,3.45,7.78,0.11,R
,31081,910,0,3888,0.01,0.067,.981,4.36,2.15,-1.26,R
,31121,1990,0,389,0.02,0.107,.058,3.74,-10.42,-6.44,R
,31131,2000,0,480,0.03,0.119,.064,1.54,-9.03,-5.37,R
,31141,2014,0,385,0.05,0.111,.052,-1.20,-6.31,-2.99,R
,31151,2062,0,4077,0.045,0.105,1.052,0.73,1.05,.68,R
,31161,2077,0,389,0.05,0.098,1.042,1.72,4.13,.57,R
,31171,072,0,4048,0.05,0.098,.017,2.32,4.27,3.12,R
,31181,2096,0,388,0.06,0.090,1.011,-0.36,0.79,1.75,R
,31191,2093,0,4075,0.050,0.080,1.000,-1.23,-0.89,1.09,R
,31211,2085,0,4080,0.067,0.059,0.973,5.60,-0.37,1.41,R
,31221,2070,0,382,0.064,0.094,0.992,6.06,1.69,1.59,R
,31241,2096,0,379,0.01,0.093,.009,-0.31,-1.12,-0.18,
,31271,146,0,4092,0.011,0.109,.042,-1.90,-6.71,-4.47,
,31291,2161,0,463,0.08,0.095,.031,-1.99,-7.93,-1.90,R
,31311,2160,0,495,0.05,0.057,.013,2.93,2.57,-0.35,R
,31321,128,0,3870,0.058,0.074,.004,8.42,5.18,1.20,R
,31341,135,0,3863,0.045,0.079,.988,6.12,10.60,-0.30,R
,31361,2130,0,373,0.01,0.078,0.998,10.25,11.1,6.40,R
,31371,2154,0,495,0.03,0.089,.020,8.25,3.84,0.95,R
,31381,2162,0,372,0.01,0.094,.025,6.70,-1.75,-4.00,R
,31391,165,0,495,0.02,0.093,.028,4.97,-8.42,-6.36,R
,31401,2185,0,373,0.04,0.117,.038,4.70,-8.89,-6.29,R
,31411,2188,0,495,0.07,0.111,.057,1.38,-10.24,-9.61,R
,31421,2187,0,374,0.04,0.105,.063,0.94,-10.13,-9.48,R
,31431,2192,0,4095,0.058,0.122,1.045,3.22,-5.49,-4.03,R
,31441,2192,0,363,0.08,0.118,.045,0.97,0.59,-1.23,R
,31451,198,0,4095,0.039,0.111,1.042,0.36,4.57,1.07,R
,31471,2209,0,495,0.02,0.120,.009,0.68,1.44,5.26,R
,31481,2222,0,367,0.05,0.105,.009,-0.72,0.99,3.94,R
,31491,2213,0,495,0.02,0.094,.999,-0.05,-0.54,1.71,R
,31501,2229,0,371,0.04,0.103,.988,4.88,-0.19,-0.82,R
,31511,2229,0,495,0.03,0.104,.003,1.1,-4.47,-4.91,R
,31541,2273,0,3871,0.041,0.121,1.040,-0.88,-6.77,-4.62,R
,31551,2311,0,495,0.02,0.120,.054,-4.02,-9.82,-4.12,R
,31561,2311,0,3869,0.077,0.129,1.057,-1.72,-6.94,-3.81,R
,31571,299,0,4095,0.073,0.107,1.050,-4.81,-6.05,-4.77,R
,31581,2320,0,3867,0.075,0.118,1.027,-2.34,-0.18,-1.61,R
,31591,2325,0,4095,0.073,0.107,.002,-0.36,4.53,2.39,R
,31601,2343,0,3859,0.063,0.098,1.001,0.67,6.50,.65,R
,31611,2336,0,4095,0.047,0.075,0.963,1.4,4.05,2.81,R
,31621,2333,0,363,0.06,0.064,.962,0.68,0.68,1.91,R
,31631,2302,0,495,0.09,0.086,0.954,3.96,4.66,.07,R
,31641,2287,0,3870,0.045,0.106,0.962,1.95,7.28,2.55,R
,31651,2286,0,4095,0.035,0.073,0.985,1.28,3.66,.33,R
,31661,2273,0,3863,0.01,0.071,.017,-0.23,-5.00,-0.67,R
,31671,2290,0,495,0.03,0.114,.025,0.71,-6.18,1.59,R
,31681,2304,0,369,0.04,0.122,.061,-5.35,-9.82,-4.01,R
,31691,317,0,495,0.01,0.107,.055,-6.17,-13.08,-4.13,R
,31701,2319,0,3865,0.039,0.089,1.079,-4.71,-18.79,-3.80,R
,31711,2310,0,4095,0.040,0.148,1.053,-3.41,-13.1,0.60,R
,31721,2298,0,3872,0.086,0.139,1.034,-5.36,-9.96,0.28,R
,31731,2303,0,4095,0.069,0.100,1.039,-7.78,-7.6,-2.07,R
,31741,303,0,357,0.05,0.090,.011,-2.05,-3.38,1.58,R
,31751,2305,0,4095,0.060,0.095,1.011,-019,-1.64,3.58,R
,31771,2335,0,4095,0.088,0.079,0.993,-0.65,5.50,1.39,R
,31781,2332,0,367,0.05,0.080,.983,1.40,3.63,0.15,R
,31791,2315,0,4095,0.070,0.070,1.004,4.82,0.16,0.74,R
,31811,2294,0,495,0.05,0.116,.987,8.21,3.02,2.69,R
,31821,2304,0,3872,0.139,0.082,1.036,8.7,10.24,-2.16,R
,31831,311,0,495,0.07,0.072,.037,10.10,11.69,-4.61,R
,31841,2309,0,3866,0.018,0.103,.022,11.99,11.41,-0.93,
,31861,2327,0,3861,0.032,0.118,1.036,3.7,-1.27,-5.86,R
,31901,2271,0,362,0.03,0.145,.956,-3.00,-11.72,1.36,R
,31911,297,0,495,0.104,0.123,1.012,-362,-2.77,3.26,R
,31921,304,0,373,0.08,0.103,.991,-2.48,2.24,2.58,R
,31931,2305,0,495,0.04,0.103,.969,-2.39,1.23,2.45,R
,31951,2306,0,4095,0.048,0.117,1.016,-4.57,0.97,-0.06,R
,31961,2303,0,3862,0.016,0.100,1.010,-486,-2.22,-0.09,R
,31971,305,0,4095,0.023,0.105,1.021,-3.14,-3.43,0.33,R
,31981,2301,0,366,0.02,0.129,.028,-2.86,-6.36,-0.32,R
,31991,2295,0,4095,0.027,0.125,1.027,-509,-9.53,-0.56,R
,32011,2299,0,4095,0.058,0.118,.000,-5.79,-5.0,3.15,R
,32021,2318,0,3856,0.048,0.126,1.007,-535,-1.09,4.72,R
,32031,2315,0,4095,0.051,0.118,1.029,-761,-5.18,2.97,R
,32041,2320,0,367,0.06,0.126,.013,-7.10,-6.2,4.69,R
,32051,2317,0,4095,0.09,0.098,.031,-7.33,-5.98,3.15,R
,32061,329,0,358,0.09,0.075,1.027,-4.19,-0.9,3.61,R
,32071,2327,0,4095,0.08,0.076,.013,-0.26,3.72,4.20,R
,32081,2321,0,361,0.09,0.072,.004,2.24,3.82,3.81,R
,32091,2320,0,4095,0.085,0.079,0.980,2.5,5.05,4.43,R
,32101,2317,0,365,0.119,0.093,1.007,3.8,9.28,3.59,R
,32121,2327,0,3857,0.051,0.071,1.008,8.48,9.89,0.87,R
,32141,2318,0,358,0.06,0.112,.016,6.67,0.19,3.32,R
,32151,316,0,4095,0.086,0.107,1.012,2.57,-0.56,-4.16,R
,32161,2320,0,3856,0.059,0.092,1.034,0.70,1.09,-6.62,R
,32181,2331,0,3862,0.061,0.114,1.036,4.2,-2.18,-2.39,R
,32191,2331,0,4095,0.08,0.143,.994,0.44,-0.07,1.76,R
,32211,2343,0,495,0.07,0.101,.006,-6.37,0.57,1.67,R
,32221,2334,0,3862,0.065,0.088,0.999,-434,-0.74,1.18,R
,32231,335,0,495,0.05,0.085,.995,-3.94,-3.11,-0.82,
,32251,2343,0,495,0.05,0.097,.998,1.22,-5.70,-1.38,R
,32271,2343,0,4095,0.047,0.103,0.995,4.06,5.90,-2.48,R
,32281,2346,0,365,0.03,0.105,.019,4.97,5.38,-0.04,R
,32301,2342,0,3862,0.040,0.121,1.046,1.9,3.23,-1.05,R
,32311,2352,0,495,0.05,0.101,.047,1.96,2.76,-1.29,R
,32321,2343,0,363,0.05,0.115,.035,4.77,4.51,-0.45,R
,32331,2340,0,4095,0.058,0.128,1.040,2.3,2.97,0.04,R
,32341,338,0,357,0.05,0.118,.012,0.36,2.79,1.09,R
,32351,340,0,495,0.04,0.118,.013,-1.29,2.22,2.62,R
,32361,2342,0,3861,0.085,0.101,1.016,-1.43,0.83,2.19,R
,32371,2344,0,4095,0.068,0.100,1.002,-2.51,1.69,1.75,R
,32391,343,0,495,0.08,0.069,.001,-3.09,-0.27,-0.27,
,32401,2350,0,3856,0.062,0.085,.013,0.35,2.16,0.14,R
,32411,2351,0,495,0.07,0.097,1.005,-025,4.50,0.58,R
,32421,2352,0,3855,0.060,0.087,.020,0.07,5.66,-0.45,R
,32431,2352,0,495,0.04,0.096,.031,0.51,3.20,-0.45,R
,32441,2351,0,3861,0.048,0.106,1.020,-084,-0.51,-1.61,R
,32451,2373,0,495,0.05,0.108,.026,-3.43,-2.05,-2.30,R
,32461,359,0,356,0.06,0.100,.033,-2.66,-0.8,-2.29,R
,32481,2348,0,3856,0.060,0.106,.039,-0.07,2.15,0.25,R
,32491,2359,0,4095,0.053,0.108,1.015,-062,-0.07,-0.73,R
,32501,2346,0,3858,0.051,0.116,1.012,-0.75,-0.19,-0.09,R
,32511,2365,0,4095,0.056,0.116,0.996,-1.24,1.95,0.29,R
,32521,346,0,355,0.038,0.097,1.013,-1.70,1.86,-0.01,R
,32531,2370,0,4095,0.042,0.092,1.011,1.2,1.03,-0.12,R
,32551,2374,0,495,0.05,0.106,.010,2.54,3.12,-0.91,R
,32561,2366,0,349,0.04,0.100,.021,2.44,1.92,-2.18,R
,32571,2373,0,4095,0.035,0.101,1.023,5.09,3.26,-0.65,R
,32581,2370,0,363,0.06,0.124,.019,6.01,3.38,-0.50,R
,32591,2377,0,495,0.02,0.151,.013,1.80,4.19,1.58,R
,32611,2383,0,4095,0.034,0.122,.016,-1.85,2.54,-1.38,R
,32631,381,0,495,0.03,0.113,.018,0.65,2.60,1.27,R
,32641,383,0,3853,0.027,0.113,1.001,1.0,2.92,1.58,R
,32651,2389,0,495,0.02,0.127,.973,-0.59,4.85,4.28,R
,32661,2394,0,3856,0.045,0.098,0.989,-1.90,4.95,4.46,R
,32671,2389,0,4095,0.050,0.079,0.984,1.9,5.29,.00,R
,32681,2395,0,359,0.03,0.097,.992,2.71,6.45,4.07,R
,32691,2404,0,4095,0.057,0.097,0.990,1.9,6.44,1.84,R
,32701,400,0,356,0.00,0.090,1.016,-0.01,4.28,1.10,R
,32711,400,0,495,0.007,0.122,1.005,2.04,3.82,5.55,R
,32741,2427,0,353,0.01,0.125,.033,-6.54,-3.15,2.02,R
,32751,437,0,495,0.011,0.112,1.037,-7.21,-2.19,1.68,R
,32771,421,0,4095,-0.016,0.116,1.020,-.17,6.73,3.71,R
,32791,2425,0,4095,-0.047,0.146,0.964,873,14.73,7.09,R
,32801,2416,0,3853,-0.096,0.167,0.944,8.33,19.02,8.31,R
,32821,2398,0,3862,-0.223,0.224,0.969,17.48,32.44,15.36,R
,32831,2397,0,4095,-0.291,0.272,0.990,2.05,34.45,17.30,R
,32841,367,0,353,-0.31,0.319,1.032,21.02,32.92,19.81,R
,32851,2353,0,4095,-0.475,0.371,1.077,23.93,33.55,24.51,R
,32861,2352,0,3861,-0.486,0.406,1.100,2.10,32.19,27.12,R
,32871,2321,0,495,-0.52,0.449,1.092,2.21,32.47,34.26,R
,32911,2288,0,4095,-0.389,0.400,0.964,2.03,48.2,71.85,R
,32951,289,0,4095,0.006,0.261,0.878,18.59,62.30,84.63,R
,32971,2276,0,495,0.10,0.164,.947,21.57,57.78,92.87,R
,32981,2279,0,356,0.13,0.085,0.982,27.00,57.14,92.25,R
,32991,2288,0,4095,0.15,0.029,.021,17.63,45.9,83.35,R
,33001,2248,0,3856,0.202,-0.016,1.034,12.33,33.81,76.07,R
,33011,181,0,495,0.24,-0.013,1.073,7.05,25.76,69.01,R
,33021,2162,0,3856,0.275,-0.037,1.081,5.58,20.9,64.60,
,33031,2121,0,4095,0.265,-0.061,1.117,-0.02,18.27,60.39,R
,33051,2119,0,495,0.21,-0.080,1.125,-6.69,17.17,56.75,R
,33071,2059,0,4095,-0.130,-0.516,1.093,9.23,-10.42,58.26,R
,33091,1969,0,4095,0.163,-0.085,1.034,-.15,-5.64,29.52,R
,33131,1883,0,4095,0.064,-0.029,1.049,-0.72,-10.53,1.44,R
,33141,1869,0,3854,0.013,0.019,1.060,1.08,-11.69,-0.42,R
,33161,1840,0,3846,0.044,0.015,1.067,2.61,-18.85,-7.43,R
,33171,1806,0,495,0.07,0.016,.024,3.69,-17.32,-13.08,R
,33181,1807,0,356,0.09,0.012,.035,8.86,-11.95,-19.49,R
,33211,1693,0,4095,0.028,0.127,.918,2140,14.24,-19.72,R
,33221,1575,0,338,-0.048,0.156,0.896,18.50,18.16,-21.83,R
,33251,1374,0,4095,-0.158,0.192,0.826,2.65,2.27,-17.81,R
,33311,103,0,4095,-0.074,0.207,1.042,-3.56,22.62,-17.92,R
,33331,1134,0,495,-0.11,0.215,1.085,-11.91,29.49,-9.43,R
,33391,87,0,4095,-0.113,0.194,1.057,-481,14.86,-2.18,
,33411,913,0,405,-0.131,0.213,1.078,2.06,22.76,-1.98,R
,33421,873,0,385,-0.12,0.229,.074,-0.72,29.66,-2.19,
,33431,845,0,4095,-0.15,0.208,.079,5.8,28.86,0.31,R
,33441,795,0,383,-0.13,0.191,.129,6.79,28.70,0.25,R
,33451,76,0,4095,-0.160,0.178,.113,0.25,24.36,0.71,R
,33461,11,0,3838,-0.180,0.141,.102,4.41,20.95,0.51,R
,33481,114,0,3841,-0.18,0.136,.080,7.35,8.04,4.95,R
,33491,0,0,4095,-0.198,0.118,1.054,4.22,0.08,9.35,R
,33501,,0,3834,-0.202,0.150,1.001,4.77,-1.14,12.51,R
,33531,0,0,4095,-0.112,0.156,1.013,14.33,7.70,-2.47,R
,33561,0,0,3839,-0.196,0.198,1.017,12.04,-0.13,-7.52,R
,33581,0,0,3842,-0.206,0.200,0.73,11.1,4.39,-2.35,R
,33591,0,0,4095,-0.209,0.200,0.989,12.36,4.76,-4.41,R
,33601,0,0,3835,-0.201,0.217,0.949,9.75,4.19,-2.21,R
,33641,0,0,3839,-0.196,0.182,0.979,-7.62,-9.12,3.12,R
,33651,,0,4095,-0.213,0.177,0.987,-17.03,-16.43,0.40,R
,33661,,0,3841,-0.214,.178,1.10,-15.68,-26.8,-0.19,
,33671,0,0,4095,-0.186,.135,1.12,-13.1,-34.28,-1.43,R
,33731,0,0,4095,-0.075,0.133,0.969,-11.12,-0.79,-13.19,R
,33771,,0,4095,-0.154,0.125,1.005,-9.04,7.29,-10.29,R
,33811,,0,4095,-0.144,0.167,1.015,7.54,-9.17,-15.40,R
,33821,,0,3836,-0.133,0.168,1.029,7.78,-10.60,-19.98,R
,33851,0,0,4095,-0.135,0.200,0.998,7.41,-5.98,-25.64,R
,33861,0,0,3844,-0.144,0.210,0.988,9.08,-1.96,-23.22,R
,33891,0,0,4095,-0.143,.226,0.68,11.2,1.66,-17.34,R
,33901,0,0,3836,-0.162,0.251,0.962,11.63,1.63,-5.92,R
,33911,,0,4095,-0.174,0.250,0.981,10.64,-0.28,-13.52,R
,33961,,0,3839,-0.095,0.262,0.968,-0.10,-11.38,-15.54,R
,33991,0,0,4095,-0.084,0.249,0.60,5.95,3.41,-12.74,R
,34001,,0,3841,-0.101,.255,0.62,8.77,8.54,-13.40,R
,34011,0,0,4095,-0.119,0.265,0.67,11.0,10.56,13.87,R
,34021,0,0,3827,-0.147,0.271,0.62,12.5,9.40,-13.80,R
,34061,0,0,3842,-0.138,.261,1.22,3.45,-11.58,-6.03,R
,34071,0,0,4095,-0.135,0.261,1.025,1.38,-16.34,-5.11,R
,34081,,0,3835,-0.136,0.243,1.006,3.58,-15.95,-4.58,R
,34091,0,0,4095,-0.128,0.238,1.004,2.03,-14.59,-2.44,R
,34131,0,0,4095,-0.105,0.218,1.000,8.71,-2.89,0.78,R
,34141,0,0,3837,-0.101,0.214,0.87,8.93,-1.93,-0.19,R
,34151,0,0,4095,-0.122,0.224,0.979,9.28,-0.36,-0.25,R
,34161,,0,3837,-0.128,0.222,0.986,8.06,1.49,-0.44,R
,34181,,0,3835,-0.127,.226,0.983,5.46,6.25,-0.12,R
,34231,0,0,4095,-0.136,0.195,0.97,8.90,4.18,-009,R
,34241,,0,3837,-0.134,0.205,1.003,8.12,2.16,0.29,R
,34251,0,0,4095,-0.145,0.209,0.96,7.74,1.09,0.3,R
,34261,0,0,3827,-0.137,0.204,0.86,7.89,0.33,0.63,R
,34291,0,0,4095,-0.121,0.206,0.90,6.53,1.41,-222,R
,34331,0,0,4095,-0.117,0.224,0.973,11.69,12.48,-2.82,R
,34341,,0,3861,-0.138,.244,0.64,9.05,12.36,-2.25,R
,34401,0,0,3834,-0.174,0.231,1.010,-5.21,4.56,-0.90,R
,34431,0,0,4095,-0.174,0.234,1.23,2.16,5.69,1.01,R
,34461,,0,3839,-0.161,.241,0.85,3.08,7.34,2.05,R
,34521,0,0,3833,-0.179,0.229,0.977,-6.77,3.32,1.76,R
,34531,0,0,4095,-0.172,0.229,0.95,-5.12,1.05,1.71,R
,34541,0,0,3831,-0.157,0.224,0.87,-4.60,0.11,1.15,R
,34551,0,0,4095,-0.149,.218,0.84,-4.51,0.94,1.75,R
,34561,0,0,3831,-0.148,.230,0.70,-4.3,3.18,3.41,R
,34591,,0,4095,-0.179,.229,0.81,-6.19,11.37,7.56,R
,34621,0,0,3838,-0.191,0.214,1.020,-2.9,4.82,1.39,R
,34651,0,0,4095,-0.171,.223,1.06,-0.1,-6.76,0.96,R
,34681,0,0,3839,-0.148,0.236,0.976,0.80,0.27,2.39,R
,34741,0,0,3831,-0.191,0.247,0.996,0.96,-5.41,0.74,R
,34761,0,0,3837,-0.172,0.241,0.998,-2.13,-11.11,2.07,R
,34811,0,0,4095,-0.161,0.232,0.998,1.51,-3.23,3.78,R
,34821,0,0,3834,-0.164,.227,0.95,2.44,-2.82,3.65,R
,34911,0,0,4095,-0.156,.231,0.59,0.06,-2.16,5.62,R
,34931,0,0,4095,-0.139,0.207,0.964,-1.35,-1.17,4.71,R
,34951,0,0,4095,-0.149,.203,0.984,0.36,-2.22,1.62,R
,34961,0,0,3830,-0.156,.203,0.86,1.63,-3.08,1.35,R
,34971,0,0,4095,-0.151,0.211,0.998,2.86,-4.28,0.81,R
,35031,0,0,4095,-0.113,0.224,0.959,1.57,-0.66,-0.74,R
,35061,0,0,3826,-0.130,0.220,0.942,1.22,3.82,-2.80,R
,35071,0,0,4095,-0.142,.220,0.942,1.46,3.47,-3.83,R
,35091,0,0,4095,-0.138,0.228,0.939,2.70,-1.24,-6.71,R
,35101,0,0,3833,-0.145,.250,0.951,3.29,-0.83,-7.34,R
,35181,0,0,3840,-0.193,.265,1.010,6.94,0.62,-5.28,R
,35191,0,0,4095,-0.196,0.271,1.021,7.43,-1.81,-4.59,R
,35231,0,0,4095,-0.156,0.263,1.014,3.78,-8.91,-0.18,R
,35251,0,0,4095,-0.135,0.249,0.998,2.68,-5.55,2.91,R
,35261,0,0,3827,-0.129,.242,0.997,3.02,-2.47,3.50,R
,35291,0,0,4095,-0.134,0.234,0.989,4.91,1.70,2.42,R
,35321,0,0,3839,-0.172,0.244,1.016,-0.45,-1.05,4.42,R
,35371,0,0,4095,-0.118,0.218,0.997,-3.06,-7.66,3.81,R
,35411,0,0,4095,-0.134,0.233,1.004,-0.37,-2.48,3.53,R
,35441,0,0,3841,-0.130,0.249,0.979,-1.62,-6.51,3.04,R
,35451,0,0,4095,-0.130,.249,0.77,-2.5,-5.58,.32,R
,35461,0,0,3844,-0.137,0.252,0.977,-3.53,-5.43,3.76,R
,35471,0,0,4095,-0.136,0.256,0.977,-4.34,-6.27,4.05,R
,35481,0,0,3840,-0.130,0.251,0.974,-5.75,-7.98,3.96,R
,35521,0,0,3836,-0.117,.251,0.967,-8.94,-11.82,4.14,R
,35541,0,0,3830,-0.114,0.249,0.960,-12.81,-14.25,5.24,R
,35551,0,0,4095,-0.112,.254,0.60,-15.7,-16.6,5.35,R
,35591,0,0,4095,-0.089,0.235,0.962,-22.30,-23.05,5.26,R
,35601,0,0,3827,-0.084,0.236,0.970,-22.31,-22.68,5.71,R
,35621,0,0,3827,-0.071,.219,0.988,-23.21,-22.89,5.15,R
,35641,0,0,3841,-0.076,0.211,1.018,-21.23,-21.66,5.41,R
,35661,0,0,3827,-0.080,.206,1.024,-17.00,-18.08,6.08,R
,35671,0,0,4095,-0.082,0.204,1.035,-15.27,-16.80,5.71,R
,35691,0,0,4095,-0.084,0.188,1.039,-12.65,-13.8,6.39,R
,35721,0,0,3829,-0.074,.163,1.023,-4.89,-10.40,5.38,R
,35731,0,0,4095,-0.054,.161,1.014,-2.13,-9.20,5.10,R
,35771,0,0,4095,-0.045,0.176,0.985,1.12,2.15,4.7,R
,35781,0,0,3825,-0.054,0.173,0.994,-0.02,2.22,4.28,R
,35861,0,0,3827,-0.047,0.171,1.016,3.38,2.24,3.04,R
,35931,0,0,4095,-0.049,0.187,0.979,0.51,-1.98,-1.45,R
,35951,0,0,4095,-0.038,0.179,0.986,0.61,-1.55,-1.54,R
,36011,0,0,4095,-0.065,0.206,0.998,4.82,6.86,-1.51,R
,36041,0,0,3824,-0.060,0.206,0.994,1.19,2.22,-2.44,R
,36081,0,0,3827,-0.063,0.209,1.024,0.85,0.45,-1.23,R
,36091,0,0,4095,-0.057,.202,1.019,1.83,0.79,-1.66,R
,36101,0,0,3824,-0.060,.201,1.018,3.72,1.05,-2.07,R
,36121,0,0,3829,-0.068,0.202,1.29,7.22,2.94,-3.55,R
,36161,0,0,3823,-0.054,.207,0.986,1.51,-1.38,-0.15,R
,36171,0,0,4095,-0.058,.208,0.981,0.27,-1.66,-0.12,R
,36181,,0,3825,-0.065,0.201,0.990,0.86,-1.09,-0.22,R
,36211,,0,4095,-0.059,0.197,0.991,-0.10,-4.47,-0.15,R
,36221,0,0,3819,-0.053,.190,0.997,0.99,-5.58,-.71,R
,36231,0,0,4095,-0.046,0.192,0.979,1.48,-6.19,-1.45,R
,36271,0,0,4095,-0.044,.214,0.955,-2.25,-1.00,0.46,R
,36291,0,0,4095,-0.035,.209,0.954,-5.09,1.87,2.54,R
,36321,,0,3819,-0.063,0.213,0.985,-6.30,2.77,3.10,R
,36341,0,0,3827,-0.078,.229,1.010,-7.91,-1.30,2.75,R
,36351,0,0,4095,-0.078,.220,1.023,-7.81,-2.14,2.74,R
,36381,,0,3826,-0.062,.192,1.034,-6.33,-6.57,2.08,R
,36461,0,0,3826,-0.021,.198,0.880,-4.01,9.67,2.37,R
,36511,0,0,4095,-0.119,.167,0.979,-6.74,22.25,5.93,R
,36531,0,0,4095,-0.147,.156,1.042,1.40,24.24,4.55,R
,36571,,0,4095,-0.102,0.172,1.028,12.45,26.62,17.00,R
,36631,0,0,4095,-0.117,.165,1.125,16.25,31.37,2.69,R
,36681,,0,3821,-0.198,.298,1.021,47.9,44.39,.59,R
,36701,,0,3824,-0.221,.336,1.027,28.82,26.34,-1.26,R
,36721,,0,3812,-0.265,.325,0.989,5.61,4.33,-1.23,R
,36751,,0,4095,-0.220,.269,1.046,-11.18,-15.29,4.45,R
,36761,,0,3822,-0.215,.247,1.042,-7.67,-17.17,4.63,R
,36771,,0,4095,-0.206,.224,1.047,-3.17,-16.57,4.17,R
,36811,0,0,4095,-0.111,.226,1.003,18.24,-9.98,-1.19,R
,36901,0,0,3824,-0.175,0.242,0.925,-59.00,-18.79,5.21,R
,36931,,0,4095,-0.105,0.095,1.061,-55.15,-42.34,-0.35,R
,36981,,0,3821,-0.099,.144,1.046,-0.01,16.02,6.66,R
,37001,,0,3823,-0.145,0.227,0.995,-6.43,19.28,12.20,R
,37031,,0,4095,-0.056,.130,0.991,-28.16,-2.83,2.72,R
,37081,511,0,387,-0.10,0.119,0.925,21.52,65.44,1.49,R
,37091,81,0,4095,-0.15,0.137,0.928,20.13,69.49,5.79,R
,37101,07,0,383,-0.199,0.154,.942,1841,59.17,4.45,R
,37121,783,0,384,-0.26,0.244,0.922,5.16,30.11,1.16,R
,37131,784,0,4095,-0.278,0.249,0.978,-181,17.90,-1.64,
,37141,67,0,3834,-0.272,0.270,1.065,-7.75,7.43,-4.33,R
,37151,769,0,4095,-0.23,0.207,1.100,0.59,7.92,-9.45,R
,37181,84,0,389,-0.158,0.152,1.069,29.00,45.46,-0.22,R
,37191,801,0,4095,-0.22,0.174,1.067,32.54,55.46,2.72,R
,37201,01,0,3817,-0.229,0.159,1.007,32.24,52.15,4.42,R
,37221,868,0,384,-0.21,0.176,0.876,30.67,31.14,-1.83,
,37271,943,0,399,-0.31,0.282,0.868,-4.75,11.46,1.76,R
,37351,651,0,4095,-0.28,0.177,0.994,11.40,13.0,-24.27,R
,37361,663,0,320,-0.322,0.218,1.012,11.48,17.21,-20.0,R
,37391,700,0,495,-0.335,0.223,0.931,9.19,21.76,-20.61,R
,37411,757,0,495,-0.323,0.215,0.940,10.12,15.87,-18.5,R
,37421,1841,0,3815,-0.21,0.191,0.951,5.60,10.36,-20.67,R
,37431,870,0,495,-0.256,0.202,1.016,2.35,9.81,-21.86,
,37461,1946,0,322,-0.22,0.244,1.053,-4.91,17.34,-16.2,R
,37481,1990,0,325,-0.20,0.127,0.946,-3.35,25.21,-14.21,R
,37511,123,0,495,-0.39,0.095,0.764,15.19,11.15,-12.6,R
,37531,177,0,495,-0.341,0.205,0.809,265,-13.70,-24.67,R
,37541,214,0,3822,-0.35,0.132,0.932,-1.70,-17.69,-26.96,R
,37551,198,0,4095,-0.31,0.134,1.032,0.65,-14.21,-25.5,R
,37591,259,0,495,-0.322,0.146,1.112,9.02,38.99,-6.68,
,37621,271,1,3825,-0.33,0.180,0.835,6.10,3.76,-14.71,
,37631,2279,64,095,-0.385,0.199,0.778,3.31,-9.3,-15.5,R
,37641,2257,101,3824,-0372,0.196,0.758,2.80,-11.01,-14.27,R
,37661,233,154,3825,-0269,0.163,0.894,-9.65,-19.35,-1.49,R
,37691,301,222,4095,-0308,0.138,1.058,-1.47,-4.88,-1193,R
,37701,2321,253,3823,-0265,0.131,1.066,2.16,-0.85,-10.0,R
,37751,331,384,4095,-0355,0.187,0.916,0.96,-8.74,-13.1,R
,37781,327,402,3826,-0348,0.10,0.892,-2.22,-17.01,-917,R
,37861,369,448,3826,-0325,0.228,0.966,6.79,7.35,-7.75,R
,37881,377,457,3824,-0344,0.227,0.879,0.06,-4.39,-8.8,R
,37991,2418,432,4095,-0329,0.195,0.929,4.36,-11.29,-8.4,R
,38001,2416,435,3823,-0319,0.149,0.897,5.99,-13.50,-9.0,R
,38141,2431,370,3837,-0315,0.149,0.855,2.96,-3.69,-2.9,R
,38151,447,368,4095,-0313,0.15,0.896,2.25,-5.27,-0.6,R
,38161,446,367,3826,-0.303,0.10,0.963,-1.70,-4.79,1.1,R
,38441,480,306,3834,-0286,0.197,0.996,-7.14,-10.54,-111,R
,38491,471,301,4057,-0306,0.186,0.932,5.32,5.12,2.17,
,38631,489,311,4015,-0296,0.14,0.926,-1.17,-0.76,2.2,R
,38771,489,301,4063,-0273,0.215,0.938,4.47,-047,-0.8,R
,38781,491,304,3837,-0295,0.14,0.971,1.55,-2.25,0.84,R
,38831,477,253,4045,-0266,0.25,0.988,-1.32,-4.54,0.25,R
,38851,478,304,4034,-0286,0.26,0.986,3.02,5.32,1.91,R
,38871,475,304,4029,-0316,0.29,0.968,2.64,6.39,3.15,R
,38941,468,336,3839,-0.285,0.209,0.999,4.53,1.9,-0.42,R
,38981,515,336,3850,-0300,0.22,0.977,3.31,5.18,1.06,
,39061,539,332,3839,-0.333,0.226,0.962,1.61,1.9,0.91,
,39091,533,268,3975,-0243,0.196,0.990,3.96,-439,-1.2,R
,39211,608,185,4023,-0312,0.226,0.942,-1.87,-2.45,-1.3,R
,39311,629,209,4016,-0248,0.26,1.001,5.64,-0.34,-3.45,R
,39351,638,221,3995,-0321,0.257,0.9820.79,5.67,1.13,JH39361,IbjrbrbrʪbjrbrºbbR
,39371,655,223,4014,-0319,0.28,0.935,-0.39,-0.47,-1.6,R
,39501,711,235,3865,-0284,0.219,0.936,1.66,-0.88,-1.72,R
,39561,711,197,3852,-0309,0.27,0.979,3.46,1.95,0.95,
,39591,719,204,3951,-0309,0.255,0.977,-1.49,-2.60,-2.9,R
,39601,731,221,3869,-0292,0.23,0.971,-0.51,-1.44,-2.3,R
,39621,720,224,3863,-0294,0.21,0.926,1.52,-0.74,-1.93,R
,39661,733,237,3881,-0.296,0.200,0.929,0.39,-214,-0.9,R
,39761,779,59,3899,-0.37,0.219,0.859,-5.10,-605,-1.5,R
,39781,752,31,3888,-0.28,0.210,0.882,-3.97,-1.86,-3.2,R
,39791,757,33,3930,-0.95,0.223,0.908,0.25,-8.11,-1.13,R
,39811,779,27,3935,-0.66,0.235,1.004,1.78,4.0,-0.21,
,39821,2782,27,869,-0.250,0.210,1.007,6.64,8.44,-1.16,R
,39831,2780,27,946,-0.09,0.23,0.994,.67,8.5,-0.36,
,39841,790,23,883,-0.306,0.238,0.974,6.13,4.91,-0.12,R
,39901,2795,59,875,-0.85,0.20,0.962,1.59,-7.43,-6.5,R
,39921,784,55,3869,-0.76,0.206,0.954,2.91,-0.25,-1.35,R
,39931,2772,53,952,-0.275,0.209,0.963,4.28,2.82,-0.93,
,39941,2783,66,873,-0.294,0.216,0.972,3.25,3.84,-0.42,R
,39951,2768,74,3945,-0.07,0.23,0.965,2.51,4.11,0.69,R
,39961,2787,80,3883,-0.91,0.237,0.996,1.26,2.33,1.23,R
,39971,803,79,3931,-0.00,0.246,0.989,1.17,-0.36,-0.33,R
,40091,772,266,3925,-0334,0.252,0.943,-0.17,-0.83,0.40,R
,40191,800,299,3920,-0319,0.239,0.916,1.41,-4.39,-1.90,R
,40221,779,309,3955,-0305,0.23,0.979,1.17,-4.11,-3.3,R
,40291,785,338,3920,-0320,0.217,0.924,3.00,-0.10,-3.16,R
,40301,758,351,3955,-0311,0.229,0.915,4.65,-1.56,-2.1,R
,40331,727,363,3918,-0314,0.268,0.950,1.84,-5.44,-4.2,R
,40591,695,416,3901,-0336,0.239,0.941,1.74,-3.87,-0.50,R
,40701,681,375,4017,-0305,0.250,0.919,2.48,-0.14,-0.30,R
,40741,707,377,4025,-0282,0.257,0.963,-4.02,-.23,-2.56,R
,41061,712,433,4095,-0332,0.242,0.930,-4.54,146,1.84,R
,41081,687,417,4095,-0318,0.227,0.870,-2.68,-0.74,-3.13,R
,41191,678,405,3886,-0319,0.255,0.898,2.80,-1.35,-1.7,R
,41231,622,399,3883,-0235,0.254,1.078,3.58,-7.20,5.23,R
,41341,1760,47,095,-0.10,0.195,0.890,-9.41,-1.05,25.2,R
,41361,644,0,4095,-0.29,0.251,0.887,-1.93,-15.41,28.58,R
,41391,1648,0,367,-0.21,0.267,0.886,-4.14,-2491,19.5,R
,41421,1474,0,495,-0.280,0.249,0.880,-.97,-49.55,10.2,R
,41431,1218,0,361,-0.296,0.289,0.889,-.49,-59.37,11.6,R
,41471,43,0,3887,-0.22,0.201,0.975,-17.06,-64.48,4.98,R
,41481,110,0,405,-0.19,0.164,.994,-11.64,-55.99,5.47,R
,41551,0,0,3859,-0.152,.193,1.042,1.49,-24.43,-0.85,R
,41591,,0,3869,-0.134,.215,1.012,-2.4,-11.08,3.36,R
,41691,,0,3859,-0.125,.283,1.003,3.96,-4.02,-.49,R
,41841,,0,4095,-0.069,.254,0.906,10.91,-5.23,-14.44,R
,41851,,0,3861,-0.108,.279,0.925,3.89,1.15,-13.00,R
,41901,,0,4095,-0.160,.284,0.938,2.74,0.71,-763,R
,42011,,0,3856,-0.127,.263,0.977,-4.95,12.41,.78,R
,42021,,0,4095,-0.132,.252,0.978,-4.0,10.62,1.07,R
,42121,,0,4095,-0.089,.189,1.006,-0.46,6.11,043,R
,42241,,0,4095,-0.158,.217,1.011,-3.8,3.14,2.75,R
,42251,,0,3856,-0.157,.217,1.005,-0.39,4.92,347,R
,42281,,0,4095,-0.121,.222,1.002,6.74,5.38,-151,R
,42291,,0,3856,-0.128,.239,0.973,6.18,7.17,-172,R
,42301,,0,4095,-0.139,.250,0.971,2.22,8.37,-0.93,R
,42361,,0,4095,-0.155,.201,1.23,-1.99,2.37,2.07,R
,42451,,0,3847,-0.173,.224,0.993,-0.02,6.01,043,R
,42501,,0,4095,-0.161,.222,0.994,2.27,-6.66,-1.69,R
,42551,0,0,3853,-0.128,.235,0.955,6.27,12.71,-1.08,R
,42561,0,0,4095,-0.148,.237,0.953,3.75,13.35,-0.77,R
,42581,,0,4095,-0.183,.234,0.58,-0.31,7.35,1.47,R
,42711,,0,3845,-0.173,.242,0.95,-3.21,0.36,2.31,R
,42731,,0,3849,-0.169,.241,0.977,-4.74,-10.42,1.71,R
,42741,,0,4095,-0.166,.253,0.83,-8.23,-13.99,1.93,R
,42841,,0,4095,-0.148,.218,0.991,4.06,10.11,4.98,R
,42881,,0,4095,-0.157,.219,1.00,-6.66,-8.59,.91,R
,42901,,0,4095,-0.147,.202,1.11,-7.26,-6.88,5.85,R
,42931,,0,3842,-0.108,.192,0.92,3.57,4.15,4.6,R
,42951,,0,3849,-0.106,.219,0.956,2.96,8.63,4.1,R
,42961,,0,4095,-0.163,.215,0.992,7.55,7.17,4.1,R
,42991,	b¢bjrbrbrbjrbjrbrbJH43001,0,0,4095-0.166,0.212,1.019,-6.7,-4.92,1.67,R
,43031,,0,3833,-0.146,.204,1.035,-3.09,-3.14,2.14,R
,43041,,0,4095,-0.132,.201,1.021,5.00,1.81,2.0,R
,43061,,0,4095,-0.139,.224,0.995,7.48,8.71,2.8,R
,43131,,0,3840,-0.115,.187,0.993,-18.59,-21.47,2.02,R
,43161,,0,4095,-0.074,.148,1.20,-1.09,-1.64,2.91,R
,43171,,0,3839,-0.092,.167,1.004,4.06,6.62,4.13,R
,43181,,0,4095,-0.114,.187,1.000,6.22,9.17,4.68,R
,43271,,0,3837,-0.095,.187,1.03,-2.54,1.09,-0.30,R
,43301,,0,4095,-0.113,.194,0.96,7.58,10.85,-.47,R
,43461,	bʪbjrbrbrbjrbjrbrbRJH43471,,0,3827-0.153,0.201,1.029,-7.72,-8.95,0.75,R
,43521,,0,4095,-0.147,.217,1.25,5.57,7.67,3.09,R
,43561,,0,4095,-0.148,.209,0.997,-4.72,-8.47,.71,R
,43631,,0,3831,-0.058,.140,1.018,37.22,-32.83,-2.55,R
,43671,,0,3833,-0.156,.164,0.844,48.83,-44.63,4.34,R
,43681,,0,4095,-0.062,.317,0.817,22.38,-51.00,2.00,R
,43701,,0,4095,-0.016,.310,0.802,-8.4,-51.37,1.84,R
,43721,,0,4095,0.014,0297,0.852,-30.45,-39.53,1.82,R
,43761,,0,4095,-0.064,.216,1.050,-29.55,0.07,2.13,R
,43791,,0,3838,-0.154,.237,1.103,-5.75,15.49,10.39,R
,43831,,0,3841,-0.089,.222,1.33,-3.53,0.79,336,R
,43841,,0,4095,-0.081,.224,1.005,-6.69,0.22,535,R
,43861,0,0,4095,-0.035,.208,0.998,-11.72,2.44,7.04,R
,43871,,0,3830,-0.003,.185,0.964,-15.7,2.42,5.04,R
,43951,,0,3839,-0.154,.184,1.74,-3.75,14.36,1.04,R
,44121,0,0,4095,0.038,0139,1.07,-6.74,-5.05,596,R
,44131,0,0,3845,0.018,0168,0.96,-5.07,3.92,4.9,R
,44251,112,0,387,-0.12,0.216,0.969,-11.07,1.32,7.58,R
,44261,41,0,405,-0.166,0.252,0.989,-16.54,-1.46,7.96,
,44271,42,0,3838,-0.167,0.223,.994,-20.23,-2.8,10.28,R
,44281,49,0,4095,-0.15,0.202,.040,-17.47,0.0,12.84,R
,44311,158,0,382,-0.115,0.180,1.022,2.36,1.84,11.91,R
,44331,95,0,389,-0.067,0.147,.985,3.32,1.81,.83,R
,44341,44,0,4095,-0.082,0.164,.985,8.88,4.86,.23,R
,44361,642,0,405,-0.131,0.193,1.008,12.57,9.38,3.29,R
,44471,488,0,331,-0.142,0.107,0.926,627,47.50,-12.38,R
,44551,096,144,3827,-0191,0.177,0.942,18.28,1.61,-2740,R
,44581,322,285,4095,-0.285,0.21,1.082,17.93,2.57,-3829,R
,44591,359,311,3831,-0.338,0.24,1.096,19.84,1.89,-3687,R
,44681,2608,348,4095,-0238,0.216,0.927,22.48,833,-25.1,R
,44691,616,326,3823,-0209,0.236,0.940,18.03,-3.79,-2546,R
,44761,655,419,4095,-0165,0.224,1.073,29.69,2.90,-2059,R
,44841,676,421,4095,-0170,0.210,0.948,11.77,-.50,-1265,R
,44921,739,438,4095,-0290,0.266,0.933,-1.30,-.71,-7.09,R
,44931,737,433,3843,-0300,0.260,0.929,0.10,-343,-7.7,R
,45041,751,483,4095,-0287,0.235,0.934,-3.68,-.50,-2.12,R
,45051,750,481,3837,-0274,0.212,0.957,-4.26,-.55,-3.08,R
,45191,798,484,3835,-0272,0.220,0.945,-1.52,060,-1.5,R
,45241,800,506,4095,-0271,0.220,0.970,-0.25,10.89,0.5,R
,45351,806,511,3826,-0.250,0.208,0.950,-1.84,-4.01,1.6,R
,45361,817,511,4095,-0.237,0.205,0.980,-0.30,-1.30,0.0,R
,45481,767,448,4095,-0293,0.240,0.941,-0.34,-8.82,-3.9,R
,45551,768,426,3837,-0.264,0.229,0.946,-0.68,190,-0.61,R
,45561,770,434,4095,-0254,0.223,0.929,-0.39,-0.88,-0.6,R
,45571,770,434,3838,-0273,0.233,0.947,-3.09,-.53,-0.50,R
,45601,779,437,4095,-0266,0.231,0.978,1.49,2.01,0.54,
,45621,791,432,4095,-0249,0.244,0.989,0.09,3.3,1.13,
,45681,784,431,4095,-0267,0.241,0.941,-2.34,-1.18,0.6,R
,45781,819,563,4095,-0.229,0.217,0.988,-3.12,0.71,-3.4,R
,45791,817,562,3829,-0.252,0.208,0.983,-0.92,1.87,-3.9,R
,45871,815,564,3829,-0.284,0.22,0.958,0.22,-7.17,-3.2,R
,45901,817,560,4095,-0.216,0.216,1.001,0.80,-320,-1.74,R
,45981,779,562,4095,-0276,0.242,0.932,3.19,-694,-4.04,R
,45991,783,569,3824,-0274,0.255,0.936,0.24,-489,-1.35,R
,46001,775,563,4095,-0.264,0.255,0.968,0.27,-189,-3.14,R
,46011,779,561,3828,-0283,0.237,0.983,-1.01,-.94,-3.98,R
,46031,2787,554,3826,-0.230,0.26,1.018,4.12,-0.56,-1.81,R
,46091,777,551,3830,-0279,0.214,0.933,-1.09,-0.83,-3.7,R
,46131,769,543,3827,-0.269,0.247,0.950,0.30,6.7,0.34,R
,46181,2767,497,4095,-0.281,0.218,0.951,1.90,7.7,0.34,R
,46201,768,546,4095,-0.297,0.221,0.929,1.29,3.55,0.28,
,46211,786,556,3834,-0.286,0.219,0.948,-1.39,057,-1.54,R
,46231,789,558,3826,-0.265,0.208,0.960,0.70,0.0,-0.48,R
,46281,800,561,4095,-0308,0.254,0.935,-0.26,193,3.32,R
,46291,768,560,3826,-0.325,0.277,0.928,-1.78,-.18,3.35,R
,46301,797,539,4095,-0.334,0.275,0.927,-4.71,-.62,1.10,R
,46691,815,576,3830,-0.273,0.195,0.910,3.51,0.7,0.52,
,46701,817,539,4095,-0286,0.190,0.889,3.86,2.22,-0.53,R
,46791,817,655,3833,-0.313,0.225,0.964,3.12,5.7,1.82,
,46801,828,627,4095,-0.298,0.227,0.937,2.74,2.13,2.34,
,46891,796,672,3829,-0.285,0.238,1.011,-0.28,251,-1.4,R
,46921,2759,656,4095,-0.277,0.20,0.963,0.21,3.9,0.62,
,47101,743,550,4095,-0.290,0.24,0.985,0.15,4.2,2.13,R
,47231,2757,524,3839,-0.304,0.29,1.002,2.99,6.1,0.86,
,47321,765,511,4095,-0.307,0.270,1.007,-0.26,-0.18,0.7,R
,47341,768,531,4095,-0.282,0.228,1.000,-1.75,048,-0.8,R
,47521,768,489,4095,-0.310,0.232,0.958,0.28,5.37,1.93,
,47551,775,497,3827,-0.303,0.230,0.925,0.13,2.97,0.62,
,47571,2785,505,3830,-0.309,0.27,0.952,1.02,2.30,-0.01,!5
,47651,2779,534,3829,-0.297,0.221,0.926,1.60,0.4,0.25,
,47771,787,508,3829,-0.306,0.23,0.956,-0.11,-.69,-0.4,R
,47781,2787,502,4095,-0.301,0.27,0.949,0.99,-2.08,-0.79,R
,47841,786,503,4095,-0.288,0.221,0.965,2.06,1.8,0.62,R
,47891,793,483,3835,-0.315,0.253,0.942,-1.21,-.82,-0.1,R
,47921,2787,485,4087,-0.291,0.221,0.940,-0.10,-1.98,0.26,R
,47981,2777,498,4050,-0.303,0.22,0.944,-2.89,-8.11,-1.05,R
,48151,802,478,3833,-0.285,0.24,1.002,-0.71,6.45,1.81,R
,48221,2810,458,4080,-0.294,0.29,0.965,0.65,-1.05,0.71,R
,48281,800,402,4080,-0.284,0.23,0.948,-0.63,-1.75,0.91,R
,48291,2811,403,3847,-0.289,0.22,0.937,-1.55,-.73,0.0,R
,48351,2824,372,3838,-0.285,0.28,0.965,2.36,-540,1.03,R
,48411,2768,91,3845,-0.303,0.28,1.004,3.40,-4.2,4.62,R
,48421,751,98,007,-0.314,0.284,0.990,.38,-7.8,5.97,
,48501,378,0,413,-0.249,0.229,0.900,14.38,-3176,12.00,R
,48531,074,0,329,-0.248,0.333,0.921,1.45,-3352,11.0,R
,48561,698,0,467,-0.269,0.288,0.980,0.93,-41.70,2.95,R
,48691,,0,3826,-0.124,0.314,0.46,-16.66,-21.1,10.28,
,48701,0,0,4048,-0.154,0.226,0.21,-10.01,-18.8,11.10,
,48831,,0,3839,-0.094,0.198,1.21,4.50,-14.89,1.08,R
,48851,,0,3825,-0.091,0.203,1.08,6.04,-13.18,2.47,R
,48891,0,0,3826,-0.055,0.222,0.59,9.26,-8.27,-.21,R
,48991,0,0,3834,-0.078,.261,0.906,22.45,-9.53,21.37,R
,49071,,0,3830,-0.099,0.358,0.67,38.19,8.28,-2.58,R
,49141,,0,4031,-0.116,.369,0.901,29.9,12.24,16.35,R
,49191,,0,3824,-0.138,.426,0.939,28.51,14.94,-6.15,R
,49211,,0,3838,-0.130,0.450,0.931,25.93,15.21,.65,R
,49231,,0,3823,-0.133,.460,0.929,19.87,15.20,7.64,R
,49241,,0,4006,-0.138,0.460,0.30,17.17,13.75,0.78,R
,49251,0,0,3829,-0.131,.458,0.940,15.69,12.95,3.52,R
,49291,,0,3818,-0.099,.432,0.953,13.87,13.09,7.71,R
,49311,,0,3835,-0.146,.425,0.996,14.76,11.55,3.61,R
,49331,0,0,3841,-0.149,.431,1.020,20.64,15.72,.00,R
,49421,0,0,4016,-0.203,.429,0.52,41.25,-4.34,-8.47,R
,49431,0,0,3825,-0.214,.450,0.929,40.73,-3.93,7.89,R
,49491,0,0,3824,-0.199,.490,0.840,23.98,-8.60,7.58,R
,49511,0,0,3839,-0.213,0.502,0.839,19.8,-5.12,-5.19,R
,49551,,0,3838,-0.208,.478,0.56,18.56,4.02,249,R
,49571,0,0,3839,-0.212,0.471,0.823,20.4,2.02,2.95,R
,49581,0,0,3951,-0.194,.486,0.803,22.03,2.19,399,R
,49591,0,0,3839,-0.166,0.498,0.797,19.87,2.74,396,R
,49601,,0,3974,-0.160,.515,0.793,16.06,3.50,367,R
,49731,0,0,3837,-0.172,0.582,0.814,-9.41,-2.01,.33,R
,49881,0,0,3955,-0.157,0.603,0.843,-9.8,-2.65,10.95,R
,49921,	bʢbjrbrbrʂbjrbjbrbR49931,,0,3841-0.089,.547,0.890,-9.87,-5.58,9.01,R
,49981,0,0,3980,-0.069,0.578,0.833,11.7,4.92,1.81,R
,49991,0,0,3833,-0.083,0.608,0.834,7.28,4.86,18.81,R
,50041,0,0,3978,-0.026,0.563,0.852,-12.3,-6.60,24.04,R
,50171,0,0,3842,-0.081,0.557,0.815,-27.1,-21.9,18.60,R
,50271,0,0,3849,-0.122,0.521,0.77,-18.36,4.31,22.72,R
,50281,0,0,3923,-0.108,0.504,0.820,-23.39,-0.16,24.57,R
,50291,0,0,3848,-0.124,0.504,0.840,-28.28,-4.79,24.20,R
,50341,0,0,3937,-0.081,0.424,0.841,-39.88,-14.8,19.10,
,50451,0,0,3847,-0.035,0.305,0.852,-2.72,25.78,10.19,R
,50561,0,0,3930,-0.191,0.467,0.992,0.68,40.11,5.67,R
,50641,0,0,3933,-0.130,0.381,0.58,-0.62,32.56,11.24,R
,50891,,0,3879,-0.282,0.304,0.960,-35.94,19.79,22.55,R
,50951,,0,3892,-0.252,0.294,0.969,-28.8,7.95,.46,R
,50961,,0,3910,-0.259,0.302,0.983,-28.84,5.93,6.13,R
,51021,,0,3901,-0.225,0.346,1.042,-13.7,0.95,.16,R
,51031,0,0,3905,-0.249,0.364,1.051,-12.48,0.86,.04,R
,51191,0,0,3941,-0.257,0.256,0.927,-7.94,2.56,0.36,R
,51331,,0,3970,-0.223,0.304,0.925,-1.85,-2.37,-0.91,R
,51341,0,0,3903,-0.231,0.313,0.922,-3.0,-0.97,1.66,R
,51371,0,0,3953,-0.222,0.304,0.55,-6.37,0.70,-.39,R
,51381,0,0,3904,-0.220,0.302,0.963,-6.3,0.92,-.07,R
,51421,0,0,3899,-0.238,0.279,1.013,-2.83,2.18,1.45,R
,51521,0,0,3894,-0.249,0.242,0.960,-0.4,-1.99,1.84,R
,51541,0,0,3903,-0.266,0.239,0.964,-0.6,-0.60,1.16,R
,51611,	bbjrbrbrʚbjrbrbjrbJH51621,,0,3891-0.256,.279,0.936,-3.49,2.74,-.67,R
,51641,0,0,3893,-0.270,0.275,0.956,-3.97,3.38,0.05,R
,51651,0,0,4026,-0.272,0.283,0.962,-3.46,1.73,0.52,R
,51701,,0,3888,-0.254,0.283,0.972,-0.8,-1.72,0.22,R
,51771,0,0,4069,-0.232,0.279,0.944,-1.27,0.68,1.39,R
,51781,0,0,3885,-0.224,0.267,0.58,-1.88,-0.36,.92,R
,51811,0,0,4048,-0.200,0.281,0.958,-2.8,-3.27,1.16,R
,51821,0,0,3887,-0.201,0.276,0.61,-3.01,-2.59,1.34,R
,51911,0,0,4053,-0.259,0.260,0.943,3.72,4.10,0.0,R
,51951,0,0,4092,-0.272,0.268,0.51,1.83,4.59,1.5,R
,51971,0,0,4095,-0.285,0.265,0.50,0.67,4.95,1.5,R
,52041,0,0,3877,-0.245,.263,0.968,0.36,-1.63,-.35,R
,52071,0,0,4095,-0.237,.253,0.959,-0.62,-0.30,-1.22,R
,52121,0,0,3866,-0.227,.259,0.957,2.65,2.47,-198,R
,52131,0,0,4095,-0.226,.260,0.57,3.12,3.34,-203,R
,52361,0,0,3866,-0.260,.269,0.959,0.97,-3.11,-2.10,R
,52471,0,0,4095,-0.255,.279,0.951,3.03,3.69,0.7,R
,52521,0,0,3866,-0.262,.288,0.952,-1.41,0.01,043,R
,52581,0,0,3863,-0.256,.271,0.46,0.22,3.18,0.6,R
,52791,0	bʪbjrbrbrʲbʊbjr	rʂbRJH52801,,0,3857-0.281,0.270,0.966,3.77,-0.65,-.14,R
,52861,0,0,3857,-0.271,.280,0.43,3.98,-0.56,-1.22,R
,52881,0,0,3857,-0.292,.281,0.45,4.41,-1.06,-0.70,R
,52991,0,0,4095,-0.256,.302,0.944,0.30,-1.08,228,R
,53001,0,0,3856,-0.254,.300,0.38,0.94,-0.97,2.71,R
,53011,0,0,4095,-0.257,.299,0.38,1.26,0.01,2.92,R
,53151,0,0,4095,-0.265,.287,0.48,-1.8,0.47,2.69,R
,53181,0,0,3854,-0.261,.281,0.948,-0.51,0.15,222,R
,53241,0,0,3854,-0.249,.288,0.43,1.34,-0.07,-0.21,R
,53371,0,0,4095,-0.273,0.307,0.934,0.13,1.29,0.7,R
,53511,,0,4095,-0.265,0.287,0.934,-0.10,-0.34,1.87,R
,53551,0,0,4095,-0.277,.293,0.949,-0.01,-0.71,1.93,R
,53601,0,0,3850,-0.262,.303,0.940,2.73,1.96,-1.90,R
,53641,0,0,3856,-0.281,.329,0.27,1.00,2.18,0.4,R
,53661,0,0,3853,-0.288,.322,0.934,-2.37,-1.40,1.55,R
,53701,0,0,3856,-0.261,.282,0.931,-2.72,0.45,2.34,R
,53751,0,0,4095,-0.290,.286,0.953,-3.32,0.27,1.88,R
,53841,0,0,3856,-0.283,0.289,0.942,-1.15,-1.20,0.59,R
,53871,0,0,4095,-0.276,0.288,0.944,-0.78,-1.05,-1.38,R
,53911,0,0,4095,-0.270,0.286,0.952,-1.15,-1.98,-1.32,R
,53971,0,0,4095,-0.277,0.314,0.943,2.07,0.01,-1.38,R
,53991,0,0,4095,-0.279,0.318,0.931,2.03,0.34,0.42,R
,54021,0,0,3845,-0.271,.290,0.08,-2.0,-3.24,0.59,R
,54201,0,0,3843,-0.286,0.284,0.942,-3.33,-1.00,0.48,R
,54211,0,0,4095,-0.286,0.280,0.950,-2.6,-2.01,0.15,R
,54231,0,0,4095,-0.271,0.285,0.953,1.75,-0.82,-.32,R
,54321,0,0,3836,-0.257,0.282,0.927,1.46,-1.44,-1.19,R
,54341,,0,3837,-0.269,0.280,0.935,2.83,2.10,-0.48,R
,54371,0,0,4095,-0.285,0.289,0.946,1.84,1.93,0.72,R
,54471,,0,4095,-0.267,0.276,0.921,-1.46,1.24,048,R
,54551,0,0,4095,-0.271,0.324,0.954,3.48,-1.11,-.84,R
,54561,0,0,3834,-0.271,0.313,0.941,3.81,-1.38,-0.77,R
,54581,0,0,3838,-0.262,0.294,0.909,1.41,-1.98,-0.53,R
,54721,0,0,3840,-0.271,0.315,0.913,1.70,-0.47,-.39,R
,54751,0,0,4095,-0.282,0.302,0.931,-0.6,2.54,097,R
,54881,,0,3844,-0.273,0.292,0.914,-0.3,0.05,-.74,R
,54901,0	bbjrbrʊrʚbjrbrbjrbJH54911,,0,4095-0.283,.287,0.44,-1.2,0.80,-.38,R
,54921,0,0,3843,-0.283,0.287,0.950,-1.5,0.02,-.80,R
,54981,0,0,3841,-0.269,0.326,0.940,6.91,1.31,-3.61,R
,55021,,0,3831,-0.287,0.341,0.915,4.42,0.08,0.00,R
,55081,0,0,3837,-0.271,0.300,0.940,-2.36,5.66,297,R
,55151,0,0,4095,-0.277,0.291,0.929,3.51,-1.34,-0.22,R
,55211,,0,4095,-0.287,0.305,0.927,-1.85,1.32,130,R
,55221,0,0,3834,-0.290,0.305,0.28,-1.1,1.57,112,R
,55231,,0,4095,-0.295,0.302,0.936,0.07,1.52,0.39,R
,55301,0,0,3834,-0.267,0.302,0.935,-0.36,-0.59,-0.76,R
,55341,0,0,3837,-0.275,0.302,0.935,2.42,1.95,-146,R
,55361,0,0,3837,-0.287,0.324,0.927,3.72,2.02,-154,R
,55431,,0,4095,-0.273,0.315,0.909,-0.7,-1.93,.26,R
,55441,,0,3840,-0.266,0.305,0.908,-1.8,-3.05,.25,R
,55461,0,0,3835,-0.268,0.294,0.913,-2.8,-1.20,.63,R
,55471,0,0,4095,-0.270,0.294,0.926,-1.7,1.26,1.03,R
,55481,0,0,3831,-0.279,0.295,0.930,-0.6,2.66,103,R
,55661,0,0,3840,-0.285,0.298,0.48,-6.68,-0.30,.11,R
,55951,,0,4095,-0.297,0.322,0.909,-0.2,0.53,-.55,R
,55971,0,0,4095,-0.296,0.312,0.920,-3.6,-1.00,0.38,R
,56041,0,0,3832,-0.283,0.316,0.926,2.64,1.02,-187,R
,56101,0,0,3811,-0.293,0.331,0.905,-2.17,0.39,0.45,R
,56111,,0,4095,-0.294,0.324,0.895,-4.7,-2.07,.45,R
,56131,0,0,4095,-0.283,0.306,0.908,-6.9,-2.13,.83,R
,56161,0,0,3835,-0.302,0.298,0.937,-4.3,4.25,162,R
,56181,,0,3825,-0.307,0.300,0.48,-2.84,2.83,150,R
,56231,0,0,4095,-0.284,0.302,0.927,-1.3,-0.85,.45,R
,56251,0,0,4095,-0.288,0.305,0.917,-0.9,1.11,037,R
,56261,0,0,3827,-0.290,.303,0.22,-1.1,1.53,034,R
,56311,,0,4095,-0.306,0.297,0.941,-1.6,-0.05,0.53,R
,56321,0,0,3835,-0.305,0.301,0.938,-1.4,-1.11,0.24,R
,56331,,0,4095,-0.300,0.296,0.942,-1.0,-1.38,0.47,R
,56511,,0,4095,-0.290,0.298,0.927,-0.3,0.50,010,R
,56521,0,0,3836,-0.298,.303,0.31,-0.8,0.34,-.07,R
,56541,,0,3837,-0.300,0.302,0.924,-0.9,-0.71,.13,R
,56551,,0,4095,-0.302,0.304,0.935,-1.5,-0.98,0.22,R
,56591,0,0,4095,-0.296,0.296,0.942,-0.2,-0.88,0.74,R
,56631,,0,4095,-0.283,0.293,0.932,1.77,-2.16,-2.38,R
,56641,0,0,3835,-0.282,.304,0.33,3.63,-0.27,-2.21,R
,56691,,0,4095,-0.298,0.341,0.928,3.98,2.28,0.2,R
,56701,,0,3841,-0.296,0.342,0.921,2.15,1.05,0.3,R
,56751,,0,4095,-0.273,0.285,0.917,-3.72,-0.25,1.03,R
,56781,,0,3829,-0.315,0.293,0.946,-0.45,5.44,2.43,R
,56801,0,0,3831,-0.319,.302,0.46,-1.6,-0.31,.56,R
,56841,0,0,3843,-0.289,0.295,0.923,1.17,-0.22,046,R
,56861,,0,3830,-0.286,0.301,0.923,0.53,1.78,0.39,R
,56881,,0,3853,-0.299,0.299,0.943,-1.67,1.05,0.11,R
,56891,,0,4095,-0.306,0.295,0.938,-2.17,-0.33,0.16,R
,56901,,0,3841,-0.301,0.295,0.948,-1.41,-1.59,0.74,R
,56971,0,0,4095,-0.295,0.297,0.932,-0.26,-2.18,1.49,R
,57051,,0,4095,-0.287,0.310,0.930,3.72,0.65,-2.41,R
,57141,,0,3823,-0.288,0.298,0.899,-2.84,-4.95,.11,R
,57151,,0,4095,-0.276,0.287,0.894,-3.72,-4.40,.14,R
,57251,,0,4095,-0.288,0.289,0.928,2.03,-0.22,-.03,R
,57271,,0,4095,-0.287,0.296,0.914,1.17,1.24,-029,R
,57321,,0,3826,-0.291,0.299,0.939,-1.3,-0.98,0.90,R
,57331,,0,4095,-0.290,0.300,0.942,1.19,0.41,-161,R
,57341,,0,3831,-0.291,0.310,0.946,2.25,0.80,-167,R
,57381,,0,3828,-0.296,0.330,0.29,-0.3,-0.86,.26,R
,57391,,0,4095,-0.293,0.317,0.937,-1.41,-2.22,.28,R
,57421,,0,3842,-0.266,0.284,0.908,-0.1,-1.69,0.73,R
,57471,0,0,4095,-0.310,0.294,0.948,-0.59,1.82,029,R
,57531,,0,4095,-0.292,0.299,0.910,2.82,-0.14,028,R
,57541,,0,3835,-0.288,0.304,0.916,1.86,-0.08,0.11,R
,57571,,0,4095,-0.292,.307,0.20,-0.8,0.22,026,R
,57711,,0,4095,-0.308,0.331,0.919,2.28,0.01,0.16,R
,57731,,0,4095,-0.290,0.306,0.915,-1.73,-3.76,.05,R
,57831,,0,4095,-0.287,0.296,0.949,0.57,-2.02,-.73,R
,57841,,0,3826,-0.277,.296,0.35,1.05,-1.12,-0.84,R
,57851,,0,4095,-0.278,0.295,0.923,1.52,0.27,-0.96,R
,57881,,0,3823,-0.309,0.324,0.911,3.58,3.03,-068,R
,57921,,0,3829,-0.312,.332,0.30,-0.2,-0.86,0.39,R
,57931,,0,4095,-0.305,0.328,0.935,1.69,0.45,1.12,R
,57971,0	bʪbjrbrrʂbjrbjrbrbRJH57981,,0,3823,-0.281,0.290,0.909,-3.5,-1.35,Ib
,57991,,0,4095,-0.282,0.284,0.929,-3.72,0.36,1.12,R
,58001,,0,3824,-0.286,.278,0.41,-3.1,2.05,106,R
,58091,,0,4095,-0.271,0.313,0.925,2.68,-0.66,005,R
,58151,,0,4095,-0.311,0.322,0.926,-1.3,1.23,1.06,R
,58171,,0,4095,-0.308,0.311,0.925,-1.93,-0.22,.75,R
,58281,0,0,3821,-0.309,.308,0.28,-1.09,2.33,080,R
,58321,,0,3824,-0.311,0.314,0.933,-0.86,1.43,080,R
,58341,,0,3827,-0.304,0.307,0.940,-0.3,0.08,037,R
,58431,0,0,4095,-0.290,0.316,0.18,0.85,1.69,1.2,R
,58441,,0,3815,-0.296,.311,0.21,0.45,2.08,1.1,R
,58561,0,0,3813,-0.317,.318,0.17,-2.02,2.15,-.65,R
,58571,,0,4095,-0.322,0.307,0.16,-3.12,2.16,-.93,R
,58631,0,0,4095,-0.318,0.309,0.923,-3.6,1.38,065,R
,58681,0,0,3820,-0.335,0.306,0.929,-4.6,1.76,077,R
,58701,,0,3811,-0.327,0.305,0.933,-4.4,-0.40,0.70,R
,58801,,0,3819,-0.296,0.319,0.930,-0.25,0.47,-.52,R
,58911,0,0,4095,-0.328,0.330,0.900,-0.10,1.43,-.47,R
,59071,,0,4095,-0.312,0.281,0.929,11.3,2.24,-.58,R
,59101,0,0,3824,-0.313,0.315,0.33,8.77,-2.94,-.51,R
,59261,0,0,3823,-0.345,0.315,0.07,3.75,3.95,2.6,R
,59291,0	bʪbjrbrbrʂbjrbjrbrbRJH59301,,0,3816-0.333,.314,0.02,-3.0,-2.48,.22,R
,59361,,0,3818,-0.317,0.329,0.918,3.38,2.48,1.7,R
,59441,0,0,3815,-0.302,0.327,0.19,7.28,0.37,-045,R
,59491,,0,4095,-0.308,0.335,0.04,7.37,4.34,0.5,R
,59501,,0,3817,-0.313,0.343,0.888,6.50,5.38,0.0,R
,59551,0,0,4095,-0.336,0.339,0.05,-1.2,0.54,204,R
,59561,,0,3819,-0.332,0.337,0.16,-0.48,0.73,254,R
,59571,0,0,4095,-0.322,0.325,0.909,0.54,1.14,2.2,R
,59621,0,0,3815,-0.323,0.334,0.908,0.06,0.50,1.2,R
,59631,0,0,4095,-0.320,0.329,0.903,-0.1,0.73,1.10,R
,59671,,0,4095,-0.326,0.324,0.917,3.03,0.41,-024,R
,59861,,0,3822,-0.324,0.349,0.898,1.25,0.25,0.4,R
,59891,,0,4095,-0.316,0.336,0.903,1.16,0.76,0.10,R
,59921,,0,3817,-0.335,0.344,0.910,1.35,1.78,0.7,R
,59951,,0,4095,-0.323,0.346,0.920,1.90,-3.20,-.19,R
,59991,,0,4095,-0.336,0.345,0.900,2.07,1.79,-007,R
,60061,,0,3819,-0.340,0.345,0.903,3.40,0.01,0.0,R
,60141,,0,3826,-0.318,0.363,0.903,3.80,0.24,0.1,R
,60151,0,0,4095,-0.316,0.369,0.896,3.17,0.25,1.6,R
,60201,,0,3818,-0.307,.374,0.03,-1.2,-0.24,1.93,R
,60211,0,0,4095,-0.309,0.367,0.903,-1.73,0.30,222,R
,60291,0,0,4095,-0.323,0.356,0.899,-1.23,3.41,237,R
,60351,0,0,4095,-0.342,0.339,0.907,-3.24,0.05,271,R
,60361,0,0,3835,-0.336,0.335,0.896,-1.9,0.27,295,R
,60371,0,0,4095,-0.337,0.335,0.896,-0.83,0.02,338,R
,60441,,0,3821,-0.309,0.361,0.914,-0.0,2.39,162,R
,60461,,0,3823,-0.311,0.352,0.912,-0.3,1.37,084,R
,60581,,0,3815,-0.338,0.358,0.889,0.83,0.08,-305,R
,60661,0,0,3796,-0.324,0.357,0.893,-5.07,1.58,-.36,R
,60691,,0,4095,-0.337,.354,0.00,-3.14,4.19,080,R
,60711,0,0,4095,-0.345,0.359,0.908,-2.71,2.83,-.06,R
,60721,,0,3824,-0.345,0.347,0.896,-3.5,1.18,-.91,R
,60731,,0,4095,-0.345,0.348,0.904,-3.1,2.39,-.94,R
,60741,,0,3824,-0.349,0.344,0.899,-1.7,2.34,-.64,R
,60791,,0,4095,-0.352,0.351,0.89,-3.1,-0.33,-0.80,R
,60821,,0,3819,-0.339,0.338,0.894,-6.0,-1.79,0.90,R
,60851,,0,4095,-0.334,0.325,0.910,-4.7,0.68,-.79,R
,60901,,0,3824,-0.332,0.324,0.07,-1.6,-1.47,2.01,R
,61031,,0,4095,-0.337,0.347,0.884,-2.16,-1.93,1.61,R
,61041,0,0,3827,-0.340,.346,0.88,-2.7,-1.18,-1.14,R
,61101,0,0,3827,-0.320,0.334,0.916,-6.1,-0.82,-0.04,R
,61131,,0,4071,-0.322,0.318,0.926,-4.54,0.07,004,R
,61141,,0,3827,-0.330,0.318,0.919,-3.78,0.18,-.18,R
,61151,,0,4085,-0.333,0.319,0.917,-3.3,-0.53,0.42,R
,61191,,0,4065,-0.333,0.320,0.903,-0.2,1.02,-.45,R
,61271,,0,4031,-0.332,0.318,0.10,-2.05,-0.65,0.94,R
,61311,0	bbjrbrbrʲbjrbjrbrbRJH61321,0,0,3834-0.335,0.317,0.910,-0.9,-0.62,0.25,R
,61481,,0,3833,-0.351,0.321,0.911,-3.7,0.33,1.10,R
,61491,,0,4082,-0.354,0.309,0.905,-3.97,-0.14,.16,R
,61501,,0,3834,-0.347,0.307,0.17,-3.6,-0.59,1.18,R
,61511,,0,4080,-0.342,0.302,0.918,-3.5,-0.89,0.71,R
,61551,,0,4077,-0.334,0.304,0.923,-1.0,-1.08,0.73,R
,61561,,0,3830,-0.332,0.308,0.928,-1.2,-1.76,1.54,R
,61871,,0,4062,-0.354,0.314,0.18,0.09,3.95,1.1,R
,61891,0,0,4065,-0.349,0.328,0.17,-0.40,0.13,113,R
,61901,0,0,3820,-0.346,.328,0.19,-0.6,-1.11,.57,R
,61931,0,0,4058,-0.330,.319,0.04,0.56,0.83,0.5,R
,61941,0,0,3823,-0.333,.319,0.13,0.93,1.78,0.2,R
,62011,0,0,4066,-0.347,0.309,0.911,-0.2,0.97,-.62,R
,62111,,0,4047,-0.349,0.322,0.98,0.59,1.69,-123,R
,62131,,0,4050,-0.350,.327,0.02,1.08,1.52,-077,R
,62211,0,0,4045,-0.341,0.321,0.06,2.56,0.56,-055,R
,62301,,0,3824,-0.344,0.326,0.899,1.52,0.63,0.4,R
,62321,,0,3823,-0.352,0.326,0.899,0.03,KrbjrbRJH62331,0	bbjrbrʂrbjrbjrbrbRJH62341,0	bbjrbrbrʂbjrbjrbrbR
,62411,0,0,4023,-0.344,0.330,0.910,0.15,-1.05,-.51,R
,62491,0,0,4015,-0.346,0.327,0.89,-2.14,-1.29,.31,R
,62501,0,0,3823,-0.340,0.321,0.03,-2.4,-1.55,.22,R
,62521,0,0,3826,-0.335,0.320,0.01,-1.4,-0.53,0.01,R
,62551,0,0,4009,-0.345,0.321,0.913,-0.19,1.09,002,R
,62581,0,0,3825,-0.355,0.330,0.09,-0.16,-0.27,0.27,R
,62631,,0,4015,-0.341,0.321,0.897,1.57,-0.51,-.61,R
,62641,,0,3824,-0.344,0.328,0.901,1.67,0.10,-070,R
,62721,0,0,3830,-0.334,0.322,0.06,-0.0,-0.51,0.71,R
,62751,0,0,3984,-0.344,0.324,0.897,0.33,0.39,-015,R
,62761,0,0,3833,-0.349,.323,0.903,-0.30,-0.51,0.25,R
,62771,,0,3984,-0.339,0.320,0.909,-0.4,-1.61,0.71,R
,62811,0,0,3989,-0.345,0.326,0.904,1.38,1.35,-048,R
,62931,0,0,3966,-0.349,0.322,0.910,-1.15,-0.86,0.32,R
,62961,0,0,3834,-0.348,0.315,0.11,-0.42,-0.22,0.15,R
,62971,,0,3952,-0.346,0.317,0.914,0.57,0.30,0.8,R
,63011,,0,3968,-0.340,.325,0.900,0.70,-0.34,-.21,R
,63091,0	bbjrbrbrʊbdbjrbjrbRJH63101,,0,3850-0.342,.330,0.904,1.43,-0.85,-.33,R
,63371,0,0,3934,-0.342,0.334,0.892,0.99,-0.16,031,R
,63431,0,0,3930,-0.358,0.334,0.897,-0.81,0.92,046,R
,63461,,0,3875,-0.353,.331,0.910,-2.04,-1.52,.23,R
,63471,0,0,3920,-0.347,0.326,0.04,-2.4,-1.89,-0.01,R
,63491,,0,3922,-0.343,.324,0.900,-1.7,-0.63,0.19,R
,63541,	b²bjrbrbrʺbrbjrbjrbRJH63551,0,0,3919,-0.349,0.328,0.899,-0.0,-0.31,rR
,63561,0,0,3898,-0.346,0.330,0.92,-0.3,0.01,-1.38,R
,63631,0,0,3922,-0.329,0.327,0.895,-1.90,-0.16,0.97,R
,63671,0,0,3907,-0.325,0.327,0.06,-6.9,-2.71,-2.27,R
,63701,,0,3915,-0.322,0.305,0.24,-7.3,-1.29,-2.03,R
,63711,,0,3905,-0.324,0.300,0.22,-6.0,-0.43,-2.06,R
,63801,	bʂbjrbrbrʂbjrbrbjrbJH63811,0,0,3904-0.384,0.318,0.915,0.62,0.65,0.1,R
,63841,,0,3925,-0.371,.309,0.931,3.19,-0.98,037,R
,63851,0,0,3911,-0.365,.302,0.29,3.87,-2.82,011,R
,63941,,0,3942,-0.333,.334,0.96,6.90,-1.06,-.35,R
,63971,0	bʂbjrbrbrʪbrbjrbjrbRJH63981,0,0,3946-0.339,.333,0.899,2.93,KrbjrbJH63991,	bʂbjrbrbrʲbrbjrbjrbRJH64001,	bʚbjrbrbrbr4brbrbR
,64031,,0,3905,-0.348,.331,0.883,-0.07,1.72,167,R
,64041,,0,3953,-0.352,0.330,0.93,-1.0,1.37,1.73,R
,64201,,0,3964,-0.350,.331,0.916,-0.25,0.24,207,R
,64251,,0,3893,-0.333,.327,0.95,0.74,1.31,1.8,R
,64451,,0,3898,-0.356,0.348,0.01,0.09,-0.04,-.13,R
,64481,,0,4003,-0.344,0.330,0.06,-1.2,-2.19,-0.10,R
,64511,0,0,3897,-0.339,.320,0.99,1.58,0.28,-006,R
,64521,,0,4016,-0.340,0.318,0.92,1.80,0.86,-059,R
,64681,,0,4046,-0.356,0.353,0.81,-0.40,1.76,231,R
,64701,,0,4039,-0.350,0.332,0.68,-4.92,-2.50,.07,R
,64721,,0,4045,-0.342,0.314,0.92,-6.69,-1.72,.00,R
,64821,0	bbjrbrbrʒbrbjrbjrbRJH64831,0,0,3886-0.332,.334,0.887,2.97,-0.02,-.80,R
,64941,,0,4081,-0.334,0.319,0.80,-1.7,0.07,045,R
,65291,,0,3861,-0.364,0.345,0.902,-0.0,-1.08,-0.29,R
,65301,,0,4095,-0.354,0.344,0.892,-0.3,-1.56,0.33,R
,65321,,0,4095,-0.352,0.340,0.97,-1.00,-0.79,.25,R
,65341,,0,4095,-0.341,0.337,0.97,-0.51,-0.10,.39,R
,65451,,0,3862,-0.356,0.340,0.86,1.75,0.11,-027,R
,65471,,0,3865,-0.359,.337,0.92,0.18,-1.67,-.42,R
,65491,0,0,3856,-0.359,.330,0.91,-0.51,-1.23,.11,R
,65501,,0,4095,-0.358,.326,0.93,-0.51,-0.86,.11,R
,65561,0,0,4095,-0.344,.345,0.04,2.97,0.79,-085,R
,65801,0,0,4095,-0.354,.344,0.02,2.09,1.05,-084,R
,65871,,0,3863,-0.333,0.334,0.875,-0.0,-3.52,1.03,R
,65901,,0,4095,-0.333,.346,0.91,1.64,3.41,0.0,R
,65911,,0,3856,-0.348,.345,0.96,0.99,3.60,0.9,R
,65951,,0,3856,-0.347,0.334,0.905,-0.3,-2.68,-0.29,R
,65961,0,0,4095,-0.345,0.332,0.96,0.51,-1.18,-.55,R
,66011,,0,3857,-0.364,0.345,0.92,-0.1,0.88,-.38,R
,66101,,0,4095,-0.366,.358,0.96,-2.7,-0.85,0.80,R
,66191,,0,3855,-0.356,.333,0.04,0.96,0.50,0.7,R
,66321,0,0,4095,-0.355,.347,0.06,0.18,0.91,0.7,R
,66351,0,0,3852,-0.358,.338,0.02,-0.8,-2.34,0.64,R
,66401,,0,4095,-0.360,.365,0.81,5.19,3.09,-030,R
,66431,0,0,3854-0.359,0.369,0.8bjrbjrbrbRJH66441,0,0,4095-0.351,0.358,0.IrbjrIbrb
,66461,,0,4095,-0.341,.335,0.73,-2.49,-2.36,.42,R
,66471,,0,3849,-0.334,0.336,0.82,-2.59,0.18,049,R
,66481,,0,4095,-0.347,.333,0.92,-2.77,2.97,118,R
,66491,,0,3855,-0.355,.331,0.00,-2.48,3.47,116,R
,66501,0,0,4095,-0.355,0.336,0.11,-3.27,2.28,075,R
,66521,0,0,4095,-0.363,.330,0.20,-0.80,-0.25,0.35,R
,66561,0,0,4095-0.340,0.331,0.8N&	bjrʢbjrbRJH66571,0,0,3850-0.322,0.318,0.bbjrIrb
,66631,0,0,3853,-0.396,.405,0.07,-2.28,0.05,075,R
,66661,,0,4095,-0.353,.329,0.80,-3.9,-8.04,0.60,R
,66681,0,0,4095,-0.325,.301,0.66,-2.26,-1.53,.34,R
,66731,,0,3842,-0.365,0.352,0.11,-3.27,2.82,-.10,R
,66741,0,0,4095,-0.372,.355,0.24,-3.24,1.15,-.01,R
,66801,,0,4095,-0.343,0.325,0.78,1.41,-0.66,-.26,R
,66851,0,0,3845,-0.367,.356,0.80,-0.94,1.86,-.09,R
,66861,,0,4095,-0.372,.355,0.87,-2.98,1.31,-.67,R
,66881,,0,4095,-0.366,0.347,0.15,-3.78,-1.29,0.27,R
,66951,0,0,3850,-0.342,0.346,0.887,-0.7,0.95,-.03,R
,66961,,0,4095,-0.345,0.351,0.84,-2.28,0.36,-.36,R
,67011,,0,3847,-0.356,0.344,0.04,-1.35,1.40,055,R
,67021,,0,4095,-0.358,0.346,0.906,-0.6,2.31,0.84,R
,67061,0,0,4095,-0.360,.338,0.903,-1.5,-1.55,.22,R
,67071,0,0,3846,-0.357,.333,0.898,-1.6,-2.07,.07,R
,67271,0,0,3839,-0.356,.341,0.897,-0.4,1.32,-.32,R
,67281,0,0,4095,-0.360,.343,0.96,-0.39,0.54,-.47,R
,67291,,0,3845,-0.359,0.348,0.99,-0.60,0.42,004,R
,67361,0,0,4095,-0.355,.332,0.904,-0.1,0.47,0.19,R
,67401,0,0,4095,-0.359,0.328,0.99,0.70,1.15,0.6,R
,67731,,0,3839,-0.359,.345,0.890,-0.8,1.24,045,R
,67951,,0,3819,-0.362,.333,0.895,-1.8,-3.11,.37,R
,68001,0,0,4095,-0.355,0.323,0.90,1.74,1.44,-068,R
,68041,,0,4095,-0.358,.341,0.911,-0.1,-1.82,0.76,R
,68081,,0,4095,-0.352,.337,0.88,2.65,0.47,-103,R
,68141,0,0,4095,-0.355,.346,0.83,0.24,-0.25,-0.04,R
,68191,0,0,3835,-0.364,.345,0.89,-0.59,-0.43,.42,R
,68201,0,0,4095,-0.358,.341,0.891,-0.7,-1.01,.37,R
,68291,,0,3827,-0.364,.344,0.87,-0.07,0.11,-.24,R
,68701,,0,4095,-0.361,.340,0.96,1.55,0.07,0.6,R
,68891,,0,3830,-0.345,0.352,0.77,7.16,-0.72,-.59,R
,68971,0,0,3831,-0.355,.382,0.75,-0.9,0.39,3.03,R
,68991,,0,3824,-0.337,.367,0.96,-2.9,-0.60,2.74,R
,69001,,0,4095,-0.336,.362,0.82,-5.23,-0.43,.36,R
,69011,,0,3826,-0.341,.348,0.80,-5.23,0.97,262,R
,69031,0,0,3833,-0.347,0.338,0.86,-4.5,3.44,2.83,R
,69051,,0,3831,-0.357,0.339,0.893,-4.9,3.57,187,R
,69101,,0,4095,-0.365,0.337,0.897,-2.8,-0.97,.36,R
,69111,,0,3830,-0.366,.331,0.98,-1.46,0.08,020,R
,69171,,0,3824,-0.361,.350,0.98,-0.4,-1.20,2.03,R
,69201,,0,4095,-0.359,0.349,0.99,2.01,0.28,-187,R
,69361,0,0,4095,-0.358,0.343,0.87,-0.31,-0.97,0.29,R
,69391,0,0,3825,-0.347,.344,0.91,-0.45,0.77,019,R
,69521,,0,4095,-0.365,0.346,0.93,-1.99,-0.76,0.18,R
,69541,0,0,4095,-0.357,0.335,0.94,-0.43,0.63,066,R
,69551,,0,3829,-0.350,0.332,0.96,0.45,1.64,0.9,R
,69601,0,0,4095,-0.347,.345,0.97,-0.30,-0.10,0.55,R
,69701,,0,4095,-0.371,0.349,0.72,0.99,0.19,-015,R
,69731,,0,3810,-0.369,.348,0.77,1.72,1.23,0.0,R
,69981,0,0,4095,-0.359,0.339,0.99,-1.52,0.04,-.44,R
,69991,0,0,3837,-0.364,0.336,0.86,-0.9,0.47,-.44,R
,70141,0,0,4095,-0.352,.341,0.86,-0.5,-0.79,1.58,R
,70161,,0,4095,-0.354,.341,0.890,-0.1,0.56,-.52,R
,70301,0,0,4095,-0.362,.333,0.887,-0.1,0.66,-.32,R
,70431,,0,3829,-0.360,.336,0.901,-1.7,-0.37,.34,R
,70441,,0,4095,-0.361,0.331,0.97,-1.32,-0.14,.28,R
,70461,,0,4095,-0.365,.326,0.889,-1.5,0.25,-.25,R
,70521,,0,4095,-0.376,.336,0.892,-0.77,-0.57,0.16,R
,70771,,0,3824,-0.372,0.330,0.94,-0.08,-0.24,.46,R
,70861,,0,4095,-0.375,0.333,0.95,1.40,-0.62,-0.79,R
,70991,,0,3823,-0.371,0.312,0.83,-1.5,-0.62,-0.09,R
,71121,,0,4095,-0.328,.312,0.48,-4.51,-5.82,0.85,R
,71171,,0,3813,-0.364,.300,0.907,-7.2,7.06,-.55,R
,71261,,0,4095,-0.368,.328,0.43,0.71,-1.63,-.25,R
,71341,0,0,4095,-0.397,0.330,0.33,-0.14,2.36,046,R
,71401,,0,4095,-0.365,.317,0.897,0.47,1.92,1.6,R
,71421,0,0,4095,-0.406,.359,0.97,-0.92,1.92,023,R
,71471,0,0,3831,-0.381,.322,0.68,4.64,1.18,-053,R
,71581,,0,4095,-0.401,.329,0.16,1.52,3.66,-196,R
,71901,,0,4095,-0.383,0.326,0.65,-3.5,-5.81,2.61,R
,72021,,0,4095,-0.376,.332,0.81,-0.8,-5.21,-3.06,R
,72041,0,0,4095,-0.362,.320,0.73,-2.0,-5.99,-3.34,R
,72111,0,0,3798,-0.375,0.364,0.76,1.05,2.59,-219,R
,72131,0,0,3822,-0.382,.369,0.00,-1.6,1.02,-0.45,R
,72261,,0,4095,-0.397,.327,0.74,-5.6,7.32,5.79,R
,72321,0,0,4095,-0.392,.289,0.22,-3.3,-3.55,2.63,R
,72331,0,0,3817,-0.392,.282,0.06,-0.5,-1.82,2.42,R
,72491,0,0,3818,-0.379,.334,0.69,-0.1,-2.42,-0.04,R
,72541,0,0,4095,-0.375,.313,0.60,-0.4,3.18,152,R
,72571,0,0,3818,-0.381,.315,0.73,-4.5,1.66,1.06,R
,72721,0,0,4095,-0.385,0.314,0.67,-0.23,1.37,-.85,R
,72751,,0,3822,-0.386,0.324,0.86,-2.2,-1.72,-5.28,R
,72791,0,0,3817,-0.351,0.304,0.93,-3.2,-0.62,5.86,R
,72831,0,0,3815,-0.397,0.383,0.08,5.87,5.41,-2.90,R
,72881,,0,4095,-0.380,.352,0.57,-1.7,-3.69,.13,R
,72891,0,0,3823,-0.377,.340,0.48,-2.8,-3.32,.04,R
,72961,0,0,4095,-0.402,0.279,0.901,-7.2,1.29,077,R
,73031,0,0,3814,-0.403,.293,0.25,-2.6,0.24,-1.63,R
,73101,0,0,4095,-0.404,0.341,0.855,5.70,-0.33,004,R
,73221,0,0,4095,-0.383,0.282,0.906,-3.0,0.85,350,R
,73261,,0,4095,-0.396,0.286,0.03,-0.54,2.25,258,R
,73281,,0,4095,-0.395,.282,0.893,-2.4,1.28,139,R
,73321,,0,4095,-0.392,0.283,0.17,-0.92,0.39,-.36,R
,73331,,0,3821,-0.396,.281,0.915,-0.1,1.37,-.71,R
,73351,,0,3817,-0.395,0.278,0.94,-0.3,-0.11,-2.27,R
,73561,,0,4061,-0.408,.298,0.898,-3.06,0.94,110,R
,73571,,0,3824,-0.405,0.290,0.01,-3.04,-0.86,.75,R
,73581,,0,4064,-0.394,0.276,0.94,-2.2,-2.65,0.48,R
,73711,,0,3815,-0.396,0.317,0.72,0.45,-0.40,0.66,R
,73721,,0,4029,-0.393,0.304,0.65,0.13,-1.17,0.81,R
,73741,0,0,4048,-0.383,.299,0.858,-0.3,0.45,1.04,R
,73811,0,0,3829,-0.401,0.313,0.99,0.57,4.85,1.5,R
,73871,,0,3834,-0.402,0.326,0.72,-2.5,4.65,1.67,R
,73911,0,0,3828,-0.388,0.298,0.84,-3.41,4.47,068,R
,73981,0,0,3982,-0.417,.300,0.88,5.92,7.49,0.4,R
,74101,,0,3999,-0.419,.336,0.65,9.05,7.35,0.3,R
,74121,0,0,3989,-0.421,0.349,0.40,12.24,7.38,-.79,R
,74131,0,0,3824,-0.419,.357,0.46,5.99,6.88,-027,R
,74171,,0,3824,-0.427,.348,0.50,2.93,10.21,2.87,R
,74191,0,0,3835,-0.436,.331,0.51,0.82,9.12,2.0,R
,74231,0,0,3839,-0.492,.305,0.875,-6.26,8.18,1.26,R
,74261,,0,4080,-0.484,.265,0.49,-11.06,0.45,0.15,R
,74271,,0,3838,-0.462,.253,0.858,-8.9,-1.26,-1.20,R
,74301,,0,4048,-0.416,.305,0.831,10.1,7.53,-2.06,R
,74321,,0,4059,-0.475,.379,0.40,20.28,16.57,.74,R
,74331,,0,3829,-0.488,.428,0.70,20.3,19.09,1.65,R
,74401,,0,4079,-0.406,.314,0.03,-8.4,-14.74,1.81,R
,74431,,0,3823,-0.390,.266,0.25,-4.3,4.71,2.52,R
,74441,,0,4035,-0.415,.282,0.44,-1.8,10.41,3.32,R
,74491,0,0,3821,-0.479,.345,0.12,0.82,0.92,1.36,R
,74571,0,0,3829,-0.451,.345,0.12,5.55,-0.13,-.26,R
,74641,0,0,4042,-0.468,.368,0.49,-0.11,-1.87,.39,R
,74651,0,0,3827,-0.461,.362,0.42,-0.25,-2.37,.11,R
,74831,0,0,3822,-0.466,.352,0.36,-0.11,-3.37,1.19,R
,74851,0,0,3823,-0.456,.346,0.26,-0.0,-1.81,-1.20,R
,74891,0,0,3824,-0.457,.357,0.36,-0.8,-1.72,-0.10,R
,74941,,0,4032,-0.445,0.353,0.50,-2.4,-0.65,0.52,R
,74951,0,0,3825,-0.444,.350,0.52,-2.2,0.05,060,R
,74971,0,0,3823,-0.443,.347,0.61,-2.5,-0.22,.39,R
,75051,,0,3825,-0.442,.324,0.62,-0.8,0.15,-.71,R
,75071,,0,3842,-0.443,.331,0.50,1.17,0.45,-134,R
,75221,0,0,3984,-0.450,.361,0.29,-0.5,-2.27,0.82,R
,75231,,0,3826,-0.438,.358,0.33,-1.7,-1.75,0.55,R
,75291,0,0,3836,-0.450,.329,0.66,-4.92,0.13,0.04,R
,75311,0,0,3834,-0.447,.320,0.70,-3.04,-1.35,0.29,R
,75481,,0,3937,-0.454,0.320,0.54,-1.9,-0.13,.06,R
,75611,,0,3845,-0.444,.325,0.44,0.01,0.25,-2.03,R
,75621,0,0,3947,-0.454,.332,0.57,-2.08,-0.34,-2.22,R
,75651,,0,3856,-0.456,0.321,0.54,-0.0,-0.37,2.22,R
,75851,,0,3863,-0.461,0.309,0.838,-1.9,1.60,-2.50,R
,75901,,0,3926,-0.461,.316,0.883,-6.16,-10.42,-5.42,R
,76071,,0,3901,-0.460,.327,0.51,-0.6,1.47,0.19,R
,76081,,0,3911,-0.457,.307,0.853,-1.50,1.17,0.02,R
,76091,0,0,3885,-0.459,.305,0.861,-1.70,0.59,0.13,R
,76101,,0,3898,-0.456,.311,0.60,-1.0,0.36,037,R
,76111,,0,3906,-0.456,.307,0.59,-0.7,0.34,0.42,R
,76181,,0,3920,-0.448,.300,0.79,4.10,-2.21,-2.48,R
,76211,,0,3905,-0.463,.312,0.57,-0.14,2.25,0.04,R
,76251,,0,3934,-0.458,.309,0.65,0.91,-2.86,-1.67,R
,76341,0,0,3914,-0.472,0.318,0.844,-1.26,0.94,-.55,R
,76351,0,0,3935,-0.474,0.311,0.866,-2.80,-1.58,1.23,R
,76361,,0,3908,-0.473,.305,0.82,-3.3,-3.69,1.87,R
,76391,0,0,3934,-0.454,0.301,0.85,2.83,-1.84,-.03,R
,76451,0,0,3942,-0.453,0.325,0.827,2.30,2.97,0.95,R
,76481,0,0,3905,-0.489,0.320,0.859,-2.5,1.46,092,R
,76551,,0,3952,-0.420,.306,0.835,2.53,-0.36,2.72,R
,76591,0,0,3967,-0.446,.318,0.40,-0.0,0.82,-.68,R
,76661,,0,3902,-0.459,.320,0.61,4.04,2.13,1.33,R
,76681,,0,3898,-0.472,.334,0.40,-1.2,2.01,243,R
,76701,,0,3889,-0.449,.321,0.855,-2.30,-2.53,0.26,R
,76731,0,0,3984,-0.444,.323,0.58,1.38,0.21,0.74,R
,76811,0,0,3995,-0.458,0.347,0.845,4.51,3.05,6.13,R
,76831,0,0,4009,-0.461,0.336,0.820,1.16,2.89,7.1,R
,76841,0,0,3895,-0.468,0.330,0.831,-1.23,2.95,7.16,R
,76881,0,0,3895,-0.469,.325,0.58,-7.8,-0.07,5.76,R
,76931,0,0,3999,-0.445,.306,0.78,-0.86,0.77,3.20,R
,76951,0,0,4016,-0.443,.309,0.65,3.32,-0.65,2.51,R
,76991,0,0,4019,-0.451,.326,0.34,-0.0,0.27,1.39,R
,77001,,0,3903,-0.451,0.323,0.850,-1.10,0.22,052,R
,77011,0,0,4015,-0.458,.326,0.56,-0.8,0.13,0.28,R
,77021,,0,3900,-0.457,0.327,0.858,-0.30,-0.02,0.33,R
,77051,0,0,4018,-0.447,.335,0.54,-0.3,-1.30,-0.19,R
,77081,0,0,3893,-0.444,0.327,0.59,-0.16,-0.37,0.23,R
,77091,0,0,4017,-0.439,0.326,0.857,-0.13,0.39,020,R
,77131,0,0,4039,-0.456,.327,0.63,-1.5,1.67,034,R
,77161,0,0,3893,-0.458,.327,0.60,-1.5,-1.17,-0.45,R
,77181,0,0,3898,-0.458,0.326,0.859,-2.02,-1.79,1.02,R
,77231,0,0,4029,-0.469,.328,0.75,0.18,2.83,0.49,R
,77271,,0,4076,-0.452,.280,0.51,-3.20,3.06,-.09,R
,77321,,0,3880,-0.464,.296,0.02,-2.8,-2.89,-3.72,R
,77331,0,0,4079,-0.480,.322,0.14,-4.8,-2.66,-4.61,R
,77411,,0,4085,-0.428,0.370,0.797,9.69,-9.24,-.27,R
,77431,0,0,4086,-0.403,0.362,0.769,5.17,-6.50,-3.49,R
,77441,0,0,3879,-0.404,.368,0.773,2.64,-3.43,-.88,R
,77461,0,0,3877,-0.430,.379,0.95,-2.4,1.60,-0.88,R
,77481,,0,3849,-0.449,.366,0.28,-7.3,3.17,1.00,R
,77491,0,0,4027,-0.459,.352,0.45,-9.4,2.37,0.87,R
,77511,,0,4021,-0.459,.316,0.69,-7.2,-0.54,1.49,R
,77551,0,0,4095,-0.474,.300,0.73,2.94,2.02,2.0,R
,77591,0,0,4095,-0.437,.264,0.62,-4.5,-1.64,1.30,R
,77601,0,0,3847,-0.436,.284,0.68,-6.2,-5.84,-1.03,R
,77611,0,0,4095,-0.404,0.251,0.856,-3.88,-7.20,-2.55,R
,77671,,0,4095,-0.455,0.358,0.918,9.80,7.15,-109,R
,77711,0,0,4095,-0.466,0.320,0.862,1.83,-8.04,-0.74,R
,77801,0,0,3857,-0.446,0.326,0.52,-2.74,4.47,-2.42,R
,77831,0,0,4095,-0.471,.363,0.85,1.03,1.96,-074,R
,77911,0,0,4095,-0.446,.339,0.39,-3.0,-2.43,2.52,R
,77921,,0,3856,-0.449,0.324,0.845,-4.52,-3.50,.74,R
,77971,0,0,4095,-0.435,0.260,0.875,-4.60,-1.84,.19,R
,77981,,0,3853,-0.435,0.264,0.875,-1.73,-0.40,0.04,R
,78071,0,0,4093,-0.471,.326,0.68,-1.2,-3.61,0.62,R
,78081,0,0,3853,-0.459,.314,0.66,-2.5,-6.13,-0.04,R
,78101,0,0,3855,-0.427,.283,0.59,-3.6,-9.41,-2.19,R
,78151,0,0,4080,-0.444,.298,0.89,-1.2,-2.24,-2.27,R
,78171,0,0,4095,-0.444,.304,0.887,0.74,-2.24,-2.58,R
,78271,0,0,4095,-0.431,.334,0.53,-2.4,-3.96,1.64,R
,78321,0,0,3859,-0.425,0.308,0.878,-3.01,-4.59,-1.63,R
,78431,,0,4095,-0.412,.326,0.61,-1.70,-5.01,1.40,R
,78461,,0,3859,-0.403,0.324,0.856,0.91,-1.84,008,R
,78471,0,0,4095,-0.401,0.324,0.859,1.45,-0.94,0.07,R
,78481,,0,3856,-0.402,0.322,0.45,1.89,-0.13,042,R
,78531,0,0,4095,-0.424,.311,0.61,-7.3,3.34,1.62,R
,78551,0,0,4095,-0.448,0.309,0.909,-10.54,4.91,2.63,R
,78561,,0,3850,-0.445,0.284,0.906,-12.22,2.89,2.04,R
,78571,0,0,4095,-0.440,0.271,0.924,-10.94,0.62,1.39,R
,78581,,0,3849,-0.431,.263,0.30,-8.9,0.44,139,R
,78591,,0,4095,-0.430,.260,0.10,-7.0,0.88,133,R
,78641,,0,3853,-0.431,.308,0.904,5.69,2.99,2.9,R
,78701,,0,3851,-0.408,.295,0.61,-1.2,-2.40,1.87,R
,78721,0,0,3856,-0.415,0.290,0.867,-3.65,-0.59,-2.33,R
,78781,0,0,3856,-0.435,0.299,0.890,4.88,0.21,-163,R
,78801,,0,3851,-0.426,0.301,0.880,4.68,0.74,-1.77,R
,78821,0,0,3851,-0.427,0.304,0.871,5.26,0.97,-1.25,R
,78861,0,0,3857,-0.457,0.332,0.899,0.30,0.56,0.0,R
,78921,0,0,3853,-0.418,0.274,0.886,2.99,-3.63,-.07,R
,78961,0,0,3854,-0.402,.265,0.854,0.59,-2.50,-3.61,R
,78981,0,0,3849,-0.403,0.265,0.868,0.67,-1.00,-4.70,R
,79021,,0,3852,-0.429,0.310,0.896,4.68,-0.51,-.93,R
,79031,,0,4095,-0.432,0.320,0.907,5.49,-0.43,-.56,R
,79041,0,0,3852,-0.430,0.335,0.907,6.51,-0.97,-4.01,R
,79131,0,0,4095,-0.419,0.304,0.858,0.13,-1.56,-0.87,R
,79141,0,0,3851,-0.417,0.307,0.861,1.87,-2.04,-.59,R
,79161,0,0,3833,-0.420,0.318,0.856,1.86,-1.50,-0.97,R
,79191,,0,4095,-0.414,0.318,0.868,1.81,-0.16,-.13,R
,79231,,0,4095,-0.412,0.309,0.885,-1.2,-0.28,-0.85,R
,79251,0,0,4095,-0.409,0.294,0.888,-0.54,-0.50,1.38,R
,79281,0,0,3853,-0.426,.305,0.897,4.09,2.01,-0.48,R
,79311,,0,4095,-0.433,0.335,0.877,7.28,0.88,0.1,R
,79331,0,0,4095,-0.430,0.346,0.865,5.41,-0.21,054,R
,79341,,0,3849,-0.424,0.342,0.850,3.03,-0.60,042,R
,79351,0,0,4095,-0.419,0.330,0.848,0.96,-0.66,055,R
,79381,,0,3850,-0.403,.305,0.44,-1.4,0.19,0.42,R
,79391,0,0,4095,-0.402,0.299,0.854,-1.94,1.38,043,R
,79401,0,0,3855,-0.408,.299,0.66,-1.8,2.30,016,R
,79411,0,0,4095,-0.413,0.302,0.876,-0.84,3.53,0.42,R
,79421,0,0,3847,-0.421,0.301,0.875,-0.36,4.11,016,R
,79431,0,0,4095,-0.427,.310,0.88,-0.1,4.02,023,R
,79501,0,0,3855,-0.424,0.325,0.874,3.45,3.89,-041,R
,79561,0,0,3850,-0.437,0.330,0.848,3.17,3.67,1.23,R
,79581,0,0,3851,-0.465,.352,0.864,3.19,7.02,3.36,R
,79611,0,0,4095,-0.476,.314,0.38,-5.4,-4.83,.13,R
,79621,0,0,3836,-0.465,0.309,0.852,-1.84,-5.72,1.88,R
,79631,0,0,4095,-0.450,0.314,0.860,-4.42,-0.86,.19,R
,79641,0,0,3835,-0.434,0.273,0.821,-15.29,0.89,-0.53,R
,79681,0,0,3836,-0.426,.210,0.91,-19.2,-2.11,-5.22,R
,79701,0,0,3834,-0.415,.205,0.48,-14.7,-2.42,-6.22,R
,79721,0,0,3815,-0.383,0.215,0.936,-3.5,-3.26,-9.20,R
,79781,,0,3837,-0.375,.383,0.32,26.01,2.45,-7.00,R
,79821,0,0,3888,-0.411,0.483,0.836,17.64,21.43,3.97,R
,79831,0,0,4095,-0.425,0.491,0.827,11.03,22.28,.38,R
,79861,,0,3842,-0.387,0.429,0.810,-4.23,10.07,6.89,R
,79871,0,0,4095,-0.505,0.405,0.910,-8.37,5.23,1.10,R
,79891,0,0,4095,-0.390,.394,0.25,-8.3,10.62,.65,R
,79911,0,0,4095,-0.444,0.344,0.839,-15.61,21.35,9.42,R
,79951,,0,4095,-0.507,.267,0.842,-21.50,16.11,10.71,R
,79971,0,0,4095,-0.537,0.245,0.867,-18.22,11.49,10.20,R
,79981,0,0,3845,-0.543,0.242,0.874,-17.4,12.15,10.31,R
,80001,0,0,3842,-0.557,0.225,0.870,-19.09,9.58,7.93,R
,80011,0,0,4095,-0.556,0.232,0.93,-15.88,6.51,6.54,R
,80021,0,0,3822,-0.535,0.216,0.99,-13.72,3.79,5.12,R
,80051,0,0,4095,-0.518,0.236,0.910,1.99,-0.57,2.95,R
,80061,0,0,3840,-0.511,0.254,0.902,8.15,-0.68,2.42,R
,80071,0,0,4095,-0.495,.255,0.82,10.5,-0.63,.35,R
,80111,0,0,4095,-0.467,.321,0.48,21.8,-2.27,1.38,R
,80121,0,0,3832,-0.462,0.333,0.837,23.31,-2.04,-2.03,R
,80141,,0,3847,-0.453,0.347,0.811,19.11,-0.95,3.05,R
,80151,0,0,4095,-0.458,0.358,0.799,17.43,-0.66,2.62,R
,80161,0,0,3843,-0.443,0.351,0.805,17.46,0.79,-.18,R
,80171,,0,4095,-0.448,0.362,0.804,15.55,2.36,-0.90,R
,80191,0,0,4095,-0.441,0.388,0.812,12.28,5.23,0.49,R
,80241,0,0,3842,-0.551,0.372,0.827,3.32,13.02,6.92,R
,80271,,0,4095,-0.604,0.392,0.921,-11.5,17.92,11.76,R
,80341,,0,3831,-0.282,0.231,0.796,14.97,15.29,6.99,R
,80351,0,0,4095,-0.374,0.350,0.57,17.93,39.12,0.66,R
,80361,0,0,3835,-0.451,0.457,0.927,15.80,53.73,.55,R
,80381,0,0,3831,-0.591,0.537,1.004,4.27,45.53,1.92,R
,80431,0,0,4095,-0.491,.329,0.74,-3.9,-37.64,-4.77,R
,80471,,0,4095,-0.375,0.194,0.655,1.72,1.32,-2.22,R
,80501,0,0,3834,-0.512,.320,0.68,-12.1,24.59,2.19,R
,80521,,0,3837,-0.619,0.360,0.906,-26.77,23.02,3.76,R
,80611,0,0,4095,-0.394,0.258,0.839,17.28,-4.24,-3.45,R
,80631,,0,4095,-0.426,0.297,0.835,15.03,2.05,-3.61,R
,80661,0,0,3835,-0.485,0.326,0.871,8.47,-5.73,-.11,R
,80691,0,0,4095,-0.474,0.332,0.866,13.05,-14.02,-4.16,R
,80701,0,0,3827,-0.464,0.321,0.870,15.95,-11.63,-3.61,R
,80731,0,0,4095,-0.465,0.323,0.801,14.59,-0.22,-1.46,R
,80751,0,0,4095,-0.480,0.327,0.799,8.96,-0.59,-.32,R
,80771,0,0,4095,-0.477,0.340,0.807,5.58,-4.31,-.19,R
,80781,,0,3829,-0.473,0.347,0.805,3.20,-4.43,-.05,R
,80821,,0,3824,-0.473,0.362,0.824,-6.72,3.73,258,R
,80841,,0,3834,-0.475,0.337,0.846,-8.91,1.40,243,R
,80851,0,0,4095,-0.485,0.337,0.857,-9.20,-1.50,1.90,R
,80871,0,0,4095,-0.476,0.316,0.873,-4.98,-3.96,.20,R
,80881,,0,3835,-0.461,0.305,0.871,-2.30,-3.00,1.97,R
,80901,0,0,3844,-0.454,0.312,0.854,1.84,-0.79,2.84,R
,80911,0,0,4095,-0.452,0.322,0.865,2.10,-0.42,284,R
,80941,0,0,3831,-0.463,0.338,0.843,1.31,-0.95,1.82,R
,80951,,0,4095,-0.460,0.343,0.853,0.01,-1.40,1.59,R
,80961,,0,3833,-0.461,0.334,0.858,0.67,-2.28,0.84,R
,80971,0,0,4095,-0.472,0.349,0.869,-0.30,-4.11,.03,R
,80991,0,0,4095,-0.474,0.341,0.875,2.94,-7.99,1.38,R
,81001,0,0,3831,-0.458,0.319,0.866,5.49,-8.85,1.18,R
,81021,0,0,3824,-0.454,0.335,0.75,6.57,-11.49,-0.39,R
,81031,0,0,4095,-0.463,0.343,0.869,7.34,-14.19,-0.90,R
,81061,0,0,3824,-0.470,0.350,0.862,5.98,-25.06,-4.36,R
,81121,0,0,3831,-0.425,.278,0.59,23.5,-67.44,-32.56,R
,81131,0,0,4095,-0.419,0.293,0.895,27.37,-61.70,-32.29,R
,81161,0,0,3810,-0.408,0.316,0.934,33.83,-58.85,-42.10,R
,81181,0,0,3827,-0.347,0.292,0.34,35.35,-68.89,-49.71,R
,81241,0,0,3827,-0.372,0.364,0.910,45.81,-53.79,-42.53,
,81261,0,0,3827,-0.409,0.413,0.932,50.91,-60.43,-42.18,R
,81351,0,0,4095,-0.272,0.488,0.870,3.90,-61.67,-14.64,R
,81381,0,0,3838,-0.285,0.473,0.875,-3.44,-47.24,0.36,R
,81421,,0,3825,-0.266,.448,0.18,-3.3,-45.87,9.47,R
,81471,0,0,4095,-0.154,.450,0.827,-13.21,-16.97,29.32,R
,81481,0,0,3829,-0.171,0.436,0.827,-17.99,-10.72,34.49,R
,81491,,0,4095,-0.183,.424,0.19,-24.3,-10.25,37.24,
,81501,0,0,3831,-0.180,0.396,0.851,-31.76,-13.6,36.65,R
,81921,0,0,3833,0.036,0159,0.907,-33.09,-12.80,-11.40,R
,81931,0,0,4095,0.032,0159,0.911,-44.97,-11.99,-9.19,R
,81981,0,0,3838,0.101,0.048,1.023,-31.39,-17.14,-13.38,R
,81991,,0,4095,0.108,0.049,1.047,-21.30,-16.65,-15.05,R
,82001,0,0,3825,0.105,0065,1.09,-4.30,-12.53,15.52,R
,82011,0,0,4095,0.103,0.107,0.994,7.46,-4.08,-14.74,R
,82041,,0,3835,-0.020,.216,1.01,0.73,10.74,-.74,R
,82061,0,0,3834,-0.077,0.206,1.044,-14.40,0.57,3.23,R
,82081,,0,3826,-0.083,.175,1.62,-21.8,-11.05,5.87,R
,82101,0,0,3827,-0.072,.142,1.101,-16.05,-21.3,4.80,R
,82111,,0,4095,-0.058,0.125,1.096,-12.54,-27.96,4.49,R
,82121,0,0,3835,-0.029,0.105,1.065,-5.59,-28.66,4.55,R
,82141,0,0,3827,0.003,0.085,1.098,1.51,-25.53,060,R
,82151,0,0,4095,0.005,0.074,1.094,6.99,-24.10,-0.93,R
,82161,,0,3827,-0.020,.088,1.82,11.4,-21.32,1.41,R
,82201,0,0,3830,0.055,0.115,0.975,13.86,-1.24,463,R
,82211,0,0,4095,0.037,0.124,0.942,6.42,3.12,4.7,R
,82231,0,0,4095,0.052,0.063,0.980,-10.74,2.15,332,R
,82241,0,0,3825,0.055,0.048,0.995,-15.46,3.15,1.44,R
,82271,0,0,4095,0.045,0.001,1.036,-5.91,20.16,-0.73,R
,82291,0,0,4095,-0.004,0.029,1.028,-3.15,33.98,.68,R
,82301,,0,3824,-0.035,.039,1.37,-3.9,35.44,.72,R
,82331,0,0,4095,-0.089,0.037,1.094,-4.1,15.26,-0.58,R
,82341,0,0,3834,-0.114,0.074,1.051,-3.27,9.98,-0.50,R
,82351,0,0,4095,-0.067,0.046,1.042,-4.01,5.60,-0.24,R
,82391,0,0,4095,-0.044,0.036,1.047,-9.03,24.05,4.81,R
,82401,43,0,383,-0.02,0.018,.097,-767,23.6,6.45,R
,82421,339,0,3819,-0.010,0.052,1.063,4.86,30.77,4.89,R
,82431,06,0,4095,-0.02,0.055,1.061,2.06,32.44,4.68,R
,82451,430,0,4095,-0.047,0.114,1.072,-0.04,37.4,5.91,R
,82461,71,0,384,-0.067,0.124,1.101,-4.72,37.61,6.20,R
,82471,86,0,405,-0.077,0.096,1.116,-7.78,34.70,7.01,R
,82481,560,0,382,-0.094,0.110,1.115,-697,30.59,7.45,R
,82491,573,0,4095,-0.160,0.061,.147,-437,25.9,13.07,
,82501,614,0,381,-0.123,0.111,1.085,-7.32,26.44,15.67,
,82511,605,0,4095,-0.108,0.101,1.055,-7.72,26.4,16.00,
,82521,695,0,3819,-0.044,0.209,0.993,-31.53,32.8,14.66,R
,82541,33,0,382,-0.115,0.086,1.057,-31.17,21.69,19.18,R
,82551,720,0,4095,-0.260,0.034,1.153,-26.16,13.17,16.74,R
,82561,846,0,3822,-0.083,0.038,1.033,-34.81,17.4,14.08,R
,82571,35,0,405,-0.282,-0.101,1.115,-11.65,11.35,15.94,R
,82581,44,0,3823,-0.106,0.081,.913,-32.63,21.47,7.94,R
,82591,935,0,4095,-0.145,0.068,0.971,-15.82,23.70,11.39,R
,82601,961,0,384,-0.187,0.087,1.006,-28.42,18.59,10.36,R
,82611,960,0,4095,-0.170,0.055,1.007,-32.13,13.9,7.90,
,82621,967,0,3819,-0.166,0.041,1.001,-23.96,12.3,6.17,
,82631,76,0,405,-0.173,0.057,1.025,-24.42,9.50,6.20,R
,82661,38,0,3824,-0.153,0.057,.013,-26.17,-6.43,-4.45,R
,82671,909,0,405,-0.171,0.043,0.976,-34.23,-10.60,-4.87,R
,82681,857,0,3824,-0.168,-0.026,1.035,-34.37,-1.58,-4.5,R
,82691,65,0,405,-0.172,-0.053,1.004,-35.35,-27.66,-1.00,R
,82701,860,0,3824,-0.148,-0.104,1.030,-34.52,-3.24,1.09,R
,82711,771,0,4095,-0.103,-0.151,1.048,-24.07,-35.78,-0.07,R
,82721,823,0,3819,-0.112,-0.124,0.997,-19.65,-34.89,-1.64,R
,82741,721,0,3824,-0.111,-0.140,1.021,-22.28,-35.06,-0.03,R
,82751,463,0,4095,-0.080,-0.114,1.015,-17.06,-3.14,-0.7,R
,82761,628,0,3826,-0.069,-0.138,1.025,-20.54,-2.25,-1.1,R
,82771,67,0,405,-0.067,-0.156,1.077,-20.19,-1.06,1.0,R
,82781,485,0,3824,-0.087,-0.136,1.106,-18.04,-8.53,3.61,R
,82791,491,0,4095,-0.113,-0.123,1.142,-14.69,-1.29,4.02,R
,82821,511,0,385,-0.157,-0.157,1.140,-5.99,-13.26,0.20,R
,82831,624,0,4095,-0.156,-0.133,1.117,-3.29,-19.49,-2.9,R
,82841,651,0,385,-0.172,-0.088,1.062,0.42,-23.05,-5.46,R
,82861,686,0,3824,-0.114,-0.115,1.023,-5.94,-2598,-8.9,R
,82891,643,0,4095,-0.083,-0.157,1.005,-0.80,-1807,-12.56,R
,82901,49,0,388,-0.109,-0.125,1.000,-0.75,-1338,-10.1,R
,82911,640,0,4095,-0.084,-0.149,0.989,5.46,-8.9,-9.34,
,82921,647,0,3824,-0.056,-0.135,0.977,4.10,-2.80,-10.67,R
,82931,653,0,4095,-0.058,-0.122,0.955,6.41,4.66,-11.67,R
,82941,710,0,3830,-0.04,-0.125,0.930,9.02,10.33,-13.32,R
,82981,703,0,387,-0.099,-0.101,0.857,-5.64,22.28,-28.45,R
,82991,640,0,4095,-0.030,-0.086,0.833,-11.47,17.95,-33.8,R
,83001,484,0,3821,-0.086,-0.115,0.844,-1.85,15.8,-28.8,R
,83011,56,0,4095,-0.076,-0.127,0.882,-2.20,14.4,-29.0,R
,83021,549,0,3840,-0.147,-0.116,0.885,-3.65,10.6,-26.6,R
,83031,55,0,405,-0.083,-0.093,0.854,-4.75,15.64,-28.27,R
,83041,651,0,384,-0.067,-0.094,0.906,-3.87,20.01,-30.47,R
,83051,704,0,4095,-0.067,-0.102,0.948,0.35,23.15,-31.25,R
,83071,633,0,4095,-0.099,-0.036,1.008,11.72,27.90,-26.27,R
,83091,09,0,405,-0.079,0.000,1.011,10.39,28.33,-24.59,R
,83101,13,0,3833,-0.077,-0.002,1.048,10.09,26.9,-24.7,R
,83111,698,0,4095,-0.073,0.029,1.094,12.51,24.6,-26.04,R
,83121,669,0,3819,-0.069,0.028,1.091,1590,23.50,-27.60,R
,83141,829,0,3823,-0.125,0.056,1.089,9.95,12.74,-26.19,R
,83151,838,0,4095,-0.09,0.065,.093,7.40,2.41,-27.08,R
,83161,33,0,3833,-0.08,0.036,.058,6.6,-6.40,-29.17,R
,83171,32,0,405,-0.077,0.022,1.036,9.29,-15.76,-27.98,R
,83201,922,0,384,0.021,-0.014,.963,21.61,-9.41,-26.24,R
,83211,926,0,4095,0.018,0.008,0.957,20.68,0.94,23.67,R
,83231,927,0,4095,-0.031,-0.021,0.944,13.87,9.24,-22.12,R
,83241,1035,0,3834,-0.071,-0.002,0.998,3.12,7.29,-20.82,R
,83261,76,0,383,-0.111,-0.038,1.043,15.80,-4.24,-24.84,R
,83281,59,0,385,-0.126,-0.025,1.054,19.46,-9.69,-27.67,R
,83291,663,0,406,-0.125,-0.048,1.075,16.35,-9.3,-26.5,R
,83301,675,0,3826,-0.091,-0.085,1.084,23.19,-3.1,-24.5,R
,83341,12,0,387,-0.13,-0.062,1.140,33.03,17.9,-3.26,R
,83351,742,0,405,-0.059,-0.103,1.152,41.40,13.26,-5.81,R
,83391,1073,0,4095,-0.04,-0.07,1.201,9.83,19.84,-1.31,R
,83411,1051,0,4095,-0.102,-0.099,1.164,64.16,24.91,3.61,R
,83431,1035,0,4095,-0.113,-0.062,1.133,64.25,8.2,3.78,
,83451,1094,0,4095,-0.066,-0.131,1.144,54.71,-12.31,0.0,R
,83461,140,0,335,0.012,-0.202,1.240,5.18,-12.98,-10.39,R
,83471,1157,0,4095,-0.005,-0.216,1.233,51.83,-1.72,-22.38,R
,83481,1175,0,322,0.040,-0.280,1.319,49.96,-23.69,-32.82,R
,83491,1180,0,4095,0.015,-0.243,1.359,5.45,-25.53,-40.74,R
,83501,172,0,3824,0.018,-0.255,1.409,48.16,-29.99,-46.47,R
,83511,1175,0,495,-0.021,-0.207,1.401,48.28,-3.84,-4812,R
,83521,1153,0,3824,-0.013,-0.184,1.428,49.64,-3.93,-5053,R
,83531,1168,0,4095,-0.018,-0.165,1.412,48.51,-3.71,-54.53,R
,83541,079,0,329,-0.030,-0.124,1.383,46.94,-3.69,-5839,R
,83551,091,0,495,-0.042,-0.088,1.340,44.13,-3.49,-6195,R
,83561,1022,0,3824,-0.067,-0.051,1.292,39.31,-45.99,-64.80,R
,83571,1041,0,4095,-0.071,-0.025,1.274,35.84,-5.97,-6952,R
,83581,040,0,3825,-0.066,-0.018,1.234,32.88,-5.97,-73.29,R
,83591,1040,0,4095,-0.078,0.020,1.190,3.01,-55.75,-74.13,R
,83601,1035,0,334,-0.077,0.044,1.140,29.49,-55.30,-74.27,R
,83621,012,0,328,-0.02,0.081,1.089,23.17,-4949,-73.8,R
,83631,007,0,495,-0.081,0.100,1.058,14.44,-45.72,-72.48,R
,83651,982,0,4095,-0.127,0.118,1.079,5.29,-45.43,-69.46,R
,83661,981,0,3825,-0.11,0.085,.065,7.4,-49.81,-70.16,R
,83671,66,0,405,-0.13,0.136,1.055,11.38,-54.02,-70.64,R
,83681,58,0,385,-0.155,0.183,.026,10.85,-57.3,-68.24,R
,83691,944,0,4095,-0.059,0.164,1.017,8.6,-58.24,-67.60,R
,83701,47,0,384,-0.02,0.158,0.972,-1.07,-52.27,-70.4,R
,83711,947,0,405,-0.029,0.116,0.966,-7.84,-45.35,-73.34,R
,83721,965,0,3826,-0.026,0.093,0.970,-2.25,-37.0,-72.3,R
,83741,965,0,387,-0.03,0.108,.896,8.35,-25.56,-67.86,R
,83751,960,0,405,-0.032,0.117,0.884,11.67,-22.69,-71.60,R
,83771,956,0,4095,-0.124,0.158,0.849,3.98,-25.4,-77.96,R
,83781,929,0,3824,-0.152,0.192,0.844,2.1,-29.27,-79.14,R
,83791,930,0,405,-0.169,0.215,0.844,-1.91,-30.8,-79.0,R
,83801,58,0,388,-0.182,0.213,0.855,-11.38,-32.16,-81.1,R
,83811,957,0,4095,-0.212,0.198,0.877,-1.10,-3743,-81.46,R
,83821,38,0,380,-0.17,0.141,0.908,-1.94,-4184,-80.8,R
,83831,45,0,4095,-0.198,0.160,0.916,-11.62,-4069,-75.6,R
,83851,49,0,405,-0.15,0.161,0.923,8.61,-32.07,-69.37,R
,83861,944,0,3824,-0.155,0.176,0.883,1505,-24.5,-68.47,R
,83871,940,0,405,-0.150,0.199,0.875,14.85,-20.74,-70.07,R
,83891,935,0,4095,-0.162,0.198,0.874,1615,-18.6,-76.22,R
,83911,944,0,4095,-0.17,0.199,.889,2418,-19.20,-73.16,R
,83921,946,0,3824,-0.18,0.215,.863,3015,-16.53,-69.69,R
,83931,944,0,4095,-0.18,0.237,.863,3082,-14.37,-66.13,R
,83941,946,0,3824,-0.166,0.233,0.868,3595,-13.6,-64.06,R
,83951,945,0,4095,-0.17,0.250,.864,3735,-13.49,-61.09,R
,83961,918,0,384,-0.13,0.248,.861,36.53,-16.02,-61.66,R
,83981,44,0,383,-0.120,0.271,0.887,31.08,-21.4,-64.0,R
,83991,944,0,4095,-0.12,0.276,.890,29.51,-26.02,-63.58,R
,84011,941,0,4095,-0.095,0.274,0.914,30.54,-32.82,-60.55,R
,84021,37,0,3821,-0.068,0.253,0.903,3091,-35.6,-60.4,R
,84031,927,0,405,-0.03,0.251,0.922,36.12,-35.7,-62.5,R
,84041,929,0,382,-0.05,0.273,.907,36.53,-33.3,-63.58,R
,84051,31,0,405,-0.059,0.272,0.891,37.20,-32.08,-64.5,R
,84061,938,0,3823,-0.052,0.277,0.896,40.03,-33.23,-64.90,R
,84071,912,0,4095,-0.05,0.302,.881,4232,-32.14,-64.84,R
,84091,33,0,405,-0.067,0.347,0.881,38.44,-29.0,-62.4,R
,84101,935,0,384,-0.055,0.341,0.880,36.76,-30.4,-60.5,R
,84111,18,0,405,-0.044,0.349,0.887,38.59,-29.8,-59.9,R
,84211,921,0,4095,0.067,0.409,0.913,15.16,-33.81,-57.25,R
,84221,933,0,3824,0.075,0.407,0.930,12.62,-36.33,-57.98,R
,84231,935,0,4095,0.067,0.412,0931,11.9,-37.41,-58.80,R
,84251,929,0,4095,0.059,0.417,0924,11.3,-32.5,-56.97,R
,84331,23,0,4095,0.011,0.500,0.796,3.6,-23.82,-48.53,R
,84381,16,0,385,0.011,0.503,0.758,-12.55,-11.69,-43.23,R
,84391,35,0,4095,-0.002,0.510,0.777,-15.91,-1172,-40.4,R
,84401,927,0,3821,-0.007,0.505,0.784,-1.44,-10.21,-35.92,R
,84431,939,0,4095,-0.002,0.527,0.778,-1.04,0.48,-26.90,R
,84441,935,0,3804,-0.020,0.530,0.777,-1.10,1.8,-26.35,R
,84451,955,0,4095,-0.021,0.511,0.795,-1.24,0.8,-27.05,R
,84461,950,0,3817,-0.030,0.495,0.780,-1.41,0.1,-27.95,R
,84471,954,0,405,-0.034,0.474,0.812,-1.46,-0.0,-27.46,R
,84491,59,0,405,-0.03,0.520,.779,-8.01,2.10,-25.49,R
,84501,963,0,3818,-0.028,0.517,0.795,-6.91,3.63,-24.65,R
,84511,47,0,405,-0.020,0.515,0.808,-6.68,4.73,-24.09,R
,84521,951,0,3820,-0.027,0.527,0.823,-535,7.09,-22.74,R
,84531,56,0,405,-0.04,0.534,.812,-0.60,9.41,-19.42,
,84541,912,0,389,-0.03,0.539,0.834,3.4,11.35,-16.74,R
,84551,31,0,405,-0.02,0.552,0.830,6.8,13.53,-14.19,R
,84571,37,0,4095,-0.017,0.559,0.836,7.72,14.71,-11.31,R
,84581,37,0,383,-0.01,0.567,.828,9.69,14.99,-9.03,R
,84591,942,0,4095,-0.014,0.561,0.835,1068,16.3,-5.86,R
,84601,44,0,380,-0.00,0.558,.833,12.91,18.59,-3.28,R
,84611,943,0,4095,-0.001,0.553,.823,1516,21.7,-1.22,
,84621,39,0,3823,-0.002,0.545,0.815,16.79,24.82,1.23,R
,84631,965,0,4095,0.007,0.558,0.805,19.63,28.74,2.97,R
,84651,970,0,4095,-0.014,0.559,0.802,17.14,32.77,5.12,R
,84661,73,0,383,-0.01,0.558,.802,1856,33.79,6.57,R
,84671,74,0,4095,-0.030,0.559,0.809,17.43,33.69,6.98,R
,84681,978,0,3814,-0.052,0.576,0.814,16.96,33.38,7.27,R
,84691,82,0,4095,-0.058,0.577,0.807,16.35,32.6,9.42,R
,84701,974,0,3814,-0.071,0.591,0.804,13.95,33.72,10.57,R
,84711,81,0,4095,-0.087,0.599,0.821,8.85,33.64,12.25,R
,84721,89,0,3815,-0.080,0.560,0.824,8.57,33.63,12.98,R
,84731,91,0,4095,-0.092,0.565,0.847,9.03,34.28,13.21,R
,84741,92,0,3819,-0.114,0.562,0.856,10.25,35.63,15.44,R
,84751,88,0,405,-0.126,0.562,0.850,1245,37.9,18.05,
,84761,986,0,3818,-0.14,0.578,0.851,1306,40.1,21.50,
,84771,992,0,4095,-0.144,0.572,.839,1364,42.4,23.53,
,84781,994,0,3817,-0.157,0.578,0.841,1175,44.6,26.02,
,84791,1003,0,4095,-0.171,0.596,0.842,861,48.60,31.30,
,84811,99,0,405,-0.148,0.582,0.909,-036,50.83,38.86,
,84821,990,0,3815,-0.156,0.569,0.929,-420,49.7,39.30,
,84841,1002,0,3810,-0.122,0.556,0.959,-1.82,44.97,42.63,R
,84851,1008,0,495,-0.108,0.550,0.956,-3.07,41.72,43.29,R
,84891,008,0,4095,-0.087,0.568,0.932,-1.44,47.15,47.67,R
,84901,009,0,3809,-0.082,0.556,0.935,-3.46,47.46,50.02,R
,84921,013,0,3821,-0.086,0.556,0.962,-12.95,44.91,52.19,R
,84931,017,0,4095,-0.094,0.537,1.000,-16.55,42.36,52.08,R
,84941,1011,0,3809,-0.17,0.529,1.020,-7.10,3888,54.0,R
,84951,018,0,495,-0.106,0.526,1.043,-6.08,35.63,55.5,R
,84961,019,0,3815,-0.099,0.510,1.034,-18.13,33.37,56.14,R
,84971,021,0,495,-0.107,0.507,1.026,-7.04,32.47,56.02,R
,84981,013,0,3813,-0.130,0.507,1.007,-17.18,3041,56.8,R
,85001,1017,0,3821,-0.135,0.505,0.999,-15.90,26.91,59.65,R
,85011,1010,0,4095,-0.137,0.489,0.985,-5.79,2636,61.64,R
,85021,1012,0,3823,-0.129,0.482,0.993,-16.71,25.43,63.33,R
,85031,1010,0,4095,-0.121,0.474,0.973,-16.25,25.99,63.97,R
,85041,1006,0,3824,-0.126,0.468,0.972,-14.65,28.73,64.52,R
,85051,93,0,4095,-0.132,0.465,0.960,-11.59,29.5,65.76,R
,85061,1003,0,3819,-0.115,0.462,0.942,-.61,29.44,66.97,R
,85081,009,0,3820,-0.099,0.472,0.933,-7.39,30.8,67.18,R
,85091,008,0,4095,-0.100,0.472,0.920,-6.88,30.45,66.83,R
,85101,010,0,3823,-0.105,0.480,0.914,-5.91,30.76,68.63,R
,85111,1011,0,4095,-0.100,0.495,0.904,-6.40,31.14,70.08,R
,85121,008,0,3819,-0.101,0.493,0.879,-7.68,31.24,71.99,R
,85131,1008,0,4095,-0.03,0.501,0.892,-0.69,2999,73.6,R
,85141,1010,0,3811,-0.096,0.498,0.891,-4.13,29.63,76.6,R
,85151,010,0,4095,-0.102,0.504,0.892,-16.78,28.82,80.00,R
,85161,1009,0,3797,-0.05,0.498,0.904,-7.38,3045,85.0,R
,85171,1017,0,4095,-0.094,0.522,0.902,-14.72,33.15,89.20,R
,85181,1008,0,3823,-0.07,0.532,0.891,-12.20,35.12,90.26,R
,85191,1008,0,4095,-0.097,0.525,0.894,-13.07,32.88,88.25,R
,85221,92,0,3819,-0.121,0.587,0.826,-13.49,19.02,73.82,R
,85231,008,0,4095,-0.141,0.583,0.818,-8.39,1027,71.1,R
,85251,005,0,4095,-0.154,0.578,0.822,-17.58,6.22,79.32,R
,85261,005,0,3823,-0.137,0.561,0.834,-17.46,12.04,84.11,R
,85271,999,0,4095,-0.155,0.560,0.838,-1.10,20.33,89.18,R
,85301,73,0,3823,-0.212,0.555,0.817,-10.16,32.15,102.26,R
,85311,82,0,405,-0.240,0.555,0.814,-8.92,32.3,104.28,R
,85321,971,0,3823,-0.255,0.555,0.809,-721,31.55,106.91,R
,85331,951,0,4095,-0.267,0.562,0.806,-7.07,30.15,109.94,R
,85341,61,0,3829,-0.289,0.545,0.789,-6.94,31.18,115.91,R
,85371,51,0,4095,-0.304,0.511,0.810,-2.98,41.52,131.76,R
,85381,44,0,3828,-0.294,0.477,0.787,-370,46.07,134.58,R
,85401,939,0,3840,-0.291,0.457,0.762,8.33,51.73,131.26,R
,85451,874,0,4061,-0.388,0.479,0.624,7.96,64.70,122.54,R
,85471,35,0,4053,-0.409,0.400,0.656,-4.91,71.87,130.05,R
,85501,10,0,3841,-0.343,0.284,0.725,-1.97,91.73,142.87,R
,85521,847,0,3843,-0.312,0.262,0.598,8.2,109.8,134.04,R
,85531,858,0,4046,-0.306,0.281,0.621,1633,117.6,121.7,R
,85541,832,0,3835,-0.341,0.312,0.583,16.71,120.86,110.26,R
,85551,757,0,4031,-0.410,0.119,.498,27.60,121.06,113.24,R
,85571,54,0,4015,-0.363,0.291,0.608,4.7,138.3,97.55,
,85581,615,0,3843,-0.374,0.268,0.656,6.8,151.2,98.08,R
,85591,624,0,4016,-0.395,0.256,0.682,9.0,162.1,98.20,
,85601,31,0,3841,-0.420,0.294,0.698,7.46,172.0,98.55,R
,85611,26,0,391,-0.440,0.326,0.741,7.9,180.2,96.77,
,85621,651,0,3831,-0.469,0.266,0.788,2.7,178.0,93.45,
,85651,66,0,3987,-0.444,0.241,0.881,-22.37,153.60,62.71,R
,85661,642,0,3842,-0.406,0.199,0.920,-18.36,152.02,57.90,R
,85671,655,0,4016,-0.388,0.189,0.974,-1.80,15321,54.1,R
,85681,672,0,3839,-0.431,0.207,0.965,-1.64,15795,53.1,R
,85691,669,0,4032,-0.460,0.219,1.030,-7.91,161.86,49.88,R
,85711,672,0,4027,-0.514,0.267,1.127,-8.62,160.70,44.65,R
,85721,669,0,3841,-0.550,0.276,1.156,-12.65,152.34,39.67,R
,85731,685,0,4042,-0.557,0.297,1.222,-1.23,14193,32.5,R
,85741,16,0,3835,-0.573,0.309,1.217,-9.56,134.07,26.81,R
,85751,889,0,4087,-0.553,0.333,1.181,-1.90,127.50,22.65,R
,85761,896,0,3825,-0.564,0.404,1.129,-2.02,124.27,16.80,R
,85771,96,0,4055,-0.559,0.426,1.073,-6.17,117.52,12.60,R
,85781,935,0,3839,-0.527,0.437,1.006,-10.65,108.56,10.05,R
,85791,33,0,4031,-0.531,0.443,0.930,-16.48,100.11,6.37,R
,85801,66,0,3837,-0.523,0.448,0.888,-27.29,91.49,2.31,R
,85811,935,0,405,-0.547,0.427,0.880,-36.26,78.25,-3.11,R
,85821,56,0,384,-0.528,0.406,0.896,-35.59,69.52,-8.15,R
,85831,59,0,409,-0.555,0.419,0.896,-3.50,68.8,-12.4,R
,85841,935,0,3846,-0.58,0.416,0.892,-26.34,71.81,-13.14,R
,85871,895,0,4061,-0.641,0.494,0.867,-18.40,86.95,-2.97,R
,85891,834,0,4048,-0.571,0.408,0.862,-3.17,68.4,-5.48,R
,85911,85,0,4032,-0.555,0.332,1.015,-3.20,57.9,-10.9,R
,85921,90,0,3858,-0.543,0.329,1.157,-27.09,53.02,-13.06,R
,85941,65,0,3841,-0.693,0.408,1.550,-9.91,34.60,-23.75,R
,85951,695,0,4041,-0.799,0.452,1.533,-1.86,21.5,-22.48,R
,85961,696,0,3838,-0.753,0.457,1.472,-0.88,5.05,-13.60,R
,85971,699,0,4048,-0.642,0.452,1.217,9.37,-8.19,-8.59,R
,85981,688,0,3843,-0.558,0.487,0.973,-187,-9.2,-13.98,R
,85991,688,0,4095,-0.464,0.414,0.819,-1.23,-5.4,-26.9,R
,86011,673,0,4095,-0.45,0.439,0.566,-20.81,19.79,-38.01,R
,86021,661,0,3843,-0.555,0.365,0.558,3.70,30.10,-24.27,R
,86081,757,0,3835,-0.68,0.355,0.707,-3.64,1.57,-17.75,R
,86091,77,0,4063,-0.477,0.473,0.565,-2.23,7.79,-35.38,R
,86111,780,0,4069,-0.653,0.346,0.700,2.3,-4.30,-27.06,R
,86131,797,0,4080,-0.604,0.304,0.679,5.99,2.39,-32.67,R
,86141,16,0,3838,-0.626,0.333,0.683,9.5,6.42,31.98,R
,86151,819,0,4091,-0.622,0.369,0.668,4.61,5.72,-34.68,R
,86161,21,0,3839,-0.708,0.364,0.690,1.0,-0.97,-32.91,R
,86171,848,0,4095,-0.66,0.377,0.660,0.48,-7.03,-32.36,R
,86241,46,0,3842,-0.703,0.408,.695,22.13,-11.93,-48.21,R
,86251,674,0,4083,-0.72,0.435,0.662,16.85,-17.01,-49.87,R
,86261,69,0,3836,-0.714,0.397,0.649,1314,-19.3,-48.2,R
,86271,656,0,4093,-0.696,0.397,0.696,1.43,-21.23,-45.31,R
,86281,47,0,3836,-0.729,0.365,0.892,-8.02,-23.46,-43.83,R
,86291,44,0,4080,-0.639,0.366,0.796,-1.61,-24.36,-43.03,R
,86301,50,0,3806,-0.616,0.304,0.776,-13.88,-21.56,-44.99,R
,86311,45,0,4095,-0.587,0.272,0.826,-1.40,-18.92,-45.77,R
,86321,640,0,3834,-0.626,0.225,0.748,5.66,-10.72,-43.42,R
,86341,640,0,3831,-0.697,0.299,0.686,8.7,2.18,36.27,R
,86351,644,0,4095,-0.690,0.269,0.703,8.80,1.29,-32.58,R
,86361,639,0,3837,-0.729,0.237,0.694,4.3,7.52,-25.08,R
,86391,635,0,4087,-0.716,0.204,0.693,15.17,18.76,-14.27,R
,86401,34,0,3833,-0.712,0.217,.671,1780,21.70,-12.84,R
,86431,751,0,4084,-0.710,0.252,0.635,8.62,15.60,-8.04,R
,86451,685,0,4095,-0.722,0.272,0.595,-043,14.7,-4.44,
,86471,527,0,4095,-0.719,0.257,0.677,1.23,17.20,-4.61,R
,86491,378,0,4058,-0.801,0.286,0.713,4.57,16.79,-7.81,R
,86501,496,0,3831,-0.817,0.273,.714,4.9,8.15,6.80,R
,86511,62,0,4095,-0.774,0.238,0.681,0.04,-3.96,-7.83,R
,86521,735,0,380,-0.715,0.231,0.649,-5.10,-10.11,-11.09,R
,86531,93,0,4085,-0.678,0.230,0.632,-388,-10.0,-14.6,R
,86541,62,0,3811,-0.645,0.217,0.659,-0.17,-9.27,-15.37,R
,86551,663,0,4095,-0.646,0.260,0.638,0.82,-4.36,-13.67,
,86561,677,0,3827,-0.658,0.242,0.618,6.79,-1.66,-10.12,R
,86571,691,0,403,-0.606,0.250,0.610,8.70,-1.03,-9.55,R
,86581,720,0,3826,-0.607,0.217,0.630,1.69,-4.18,-10.30,
,86601,828,18,3835,-0.621,0.185,0.674,10.10,-13.78,-17.29,R
,86611,84,13,4034,-0.685,0.195,0.682,2.57,-9.3,-17.5,R
,86621,679,16,3826,-0.687,0.223,0.666,35.17,1.46,-14.32,R
,86631,720,16,4048,-0.702,0.259,0.650,32.41,15.0,-12.9,R
,86651,742,0,3952,-0.803,0.328,0.719,2596,22.7,-6.16,
,86661,94,0,3823,-0.747,0.310,0.704,15.17,16.45,-10.30,R
,86671,707,0,408,-0.781,0.271,0.717,4.85,8.18,-13.16,R
,86721,743,0,3835,-0.706,0.225,0.629,12.99,7.82,-14.61,R
,86731,816,0,4095,-0.746,0.265,0.615,27.08,24.94,-2.32,
,86741,1007,0,3827,-0.656,0.246,0.586,32.24,40.33,1.03,
,86751,44,0,4095,-0.751,0.288,0.646,2125,45.7,3.59,R
,86761,986,0,3825,-0.825,0.318,0.663,22.83,41.72,8.04,R
,86771,77,0,4091,-0.786,0.308,0.687,19.38,33.20,6.97,R
,86781,002,0,3825,-0.74,0.325,0.612,10.57,28.95,2.60,R
,86811,821,0,4039,-0.796,0.359,0.597,5.2,13.96,-4.35,R
,86821,30,0,3825,-0.811,0.348,0.579,-1.76,9.86,-5.40,R
,86871,88,0,4048,-0.769,0.251,0.536,-865,11.8,6.74,R
,86881,673,0,3814,-0.794,0.275,0.589,-10.28,15.17,9.45,R
,86891,663,0,4032,-0.815,0.286,0.623,-610,16.30,13.12,R
,86901,656,0,3827,-0.822,0.306,0.630,-3.82,15.4,15.00,
,86911,632,0,4065,-0.820,0.325,0.630,-5.73,18.07,13.55,R
,86921,75,0,3824,-0.830,0.330,0.634,-11.09,17.6,11.49,R
,86931,735,0,4093,-0.833,0.318,0.644,-15.03,14.15,10.49,R
,86961,94,0,3825,-0.803,0.333,0.587,-19.72,9.6,11.16,
,86981,555,0,380,-0.75,0.312,.536,-2.88,0.1,10.74,R
,86991,624,0,4095,-0.723,0.316,0.552,-20.71,2.66,10.51,R
,87001,537,0,3830,-0.722,0.333,0.554,-1.44,9.0,11.59,
,87011,528,0,4087,-0.715,0.309,0.564,-17.56,12.33,10.52,R
,87021,358,0,3825,-0.679,0.282,0.612,-1.52,13.18,7.30,R
,87031,74,0,4064,-0.67,0.305,0.603,-10.52,14.86,2.71,R
,87051,59,0,4087,-0.691,0.271,0.627,-11.17,6.5,-2.99,
,87071,22,0,4080,-0.706,0.265,0.655,-3.21,14.01,-7.06,R
,87081,33,0,3833,-0.77,0.293,0.614,-2.54,20.48,-4.10,R
,87101,659,0,3831,-0.812,0.331,0.584,1.16,20.83,-3.29,R
,87111,61,0,4080,-0.826,0.365,0.575,-933,15.7,-6.99,
,87131,677,0,4082,-0.848,0.362,.540,-2.87,-0.8,-11.4,R
,87141,88,0,3805,-0.829,0.334,0.550,-2.87,-7.9,-11.54,R
,87151,87,0,403,-0.811,0.293,0.541,-26.74,-11.75,-9.54,R
,87161,98,0,3828,-0.798,0.281,0.519,-31.23,-15.76,-7.84,R
,87171,01,0,4095,-0.776,0.237,.531,-29.70,-18.36,-7.46,R
,87181,72,0,3826,-0.764,0.208,0.547,-24.42,-18.69,-9.19,R
,87191,15,0,4095,-0.774,0.202,0.557,-22.69,-16.47,-11.83,R
,87201,806,0,3824,-0.802,0.165,0.582,-1.72,-1883,-12.6,R
,87211,53,0,4095,-0.791,0.132,0.603,-7.65,-20.88,-13.29,R
,87221,864,0,3822,-0.774,0.122,0.599,-0.23,-18.37,-13.64,R
,87241,75,0,3826,-0.802,0.161,0.611,1086,-9.3,-11.42,R
,87251,854,0,4081,-0.795,0.159,0.590,1161,-11.0,-11.72,R
,87261,002,0,3824,-0.816,0.161,0.564,10.18,-14.39,-13.02,R
,87281,996,0,3824,-0.783,0.152,0.601,14.06,-15.15,-16.21,R
,87291,66,0,4095,-0.777,0.164,0.604,1871,-13.1,-17.1,R
,87301,41,0,3825,-0.777,0.185,0.615,24.53,-11.09,-16.77,R
,87311,40,0,4081,-0.744,0.186,0.639,24.93,-10.71,-17.13,R
,87321,963,0,3824,-0.735,0.176,0.662,25.23,-11.49,-18.24,R
,87341,1023,0,3825,-0.746,0.223,0.659,31.89,-1329,-15.2,R
,87351,075,0,4093,-0.707,0.218,0.647,34.68,-13.98,-11.78,R
,87361,054,0,3826,-0.709,0.258,0.623,35.31,-10.60,-7.83,R
,87371,976,0,4095,-0.697,0.268,0.630,3288,-7.18,-5.19,R
,87381,69,0,3821,-0.721,0.273,0.631,25.57,-4.25,-0.84,R
,87391,989,0,4093,-0.76,0.302,0.607,2424,-1.0,5.20,R
,87401,959,0,3824,-0.746,0.306,0.608,15.75,-1.21,5.50,R
,87421,76,0,3821,-0.815,0.305,0.649,4.21,-3.79,4.86,R
,87441,023,0,329,-0.842,0.328,0.645,-.93,0.5,7.15,R
,87451,062,0,4095,-0.832,0.307,0.668,-0.81,-526,6.36,R
,87471,1035,0,4073,-0.796,0.289,0.605,-19.46,-9.82,11.27,R
,87481,008,0,327,-0.811,0.309,0.560,-19.14,-10.30,17.03,R
,87491,969,0,4091,-0.775,0.258,.551,-2.67,-1379,23.9,R
,87501,39,0,388,-0.712,0.247,0.593,-2.17,-1463,26.2,R
,87531,909,0,4095,-0.740,0.348,0.625,-32.74,-9.63,30.83,R
,87541,12,0,3821,-0.709,0.307,0.685,-34.26,-11.00,27.73,R
,87551,905,0,4095,-0.735,0.312,0.746,-38.52,-6.60,24.40,R
,87561,912,0,3824,-0.757,0.326,0.778,-3.28,-10.62,25.9,R
,87571,10,0,4095,-0.760,0.314,0.792,-2.10,-1208,30.1,R
,87581,906,0,3826,-0.735,0.321,0.799,-25.03,-10.10,34.45,R
,87591,38,0,405,-0.734,0.327,0.787,-2.23,-1134,35.4,R
,87601,12,0,3824,-0.728,0.313,0.805,-2.92,-1514,34.0,R
,87611,677,0,4095,-0.742,0.311,0.780,-3.68,-1727,34.89,R
,87621,767,0,3826,-0.736,0.291,0.760,-4.59,-1989,36.1,R
,87631,825,0,4095,-0.722,0.270,0.775,-47.94,-27.15,36.97,R
,87641,77,0,3824,-0.70,0.247,.761,-50.55,-28.74,39.75,R
,87651,43,0,4095,-0.683,0.218,0.786,-4.97,-2599,41.0,R
,87661,49,0,3824,-0.663,0.220,0.790,-43.91,-2108,39.20,R
,87671,671,0,4095,-0.660,0.212,0.800,-38.78,-17.72,35.29,R
,87681,673,0,3809,-0.644,0.201,0.797,-37.67,-20.59,29.13,R
,87691,672,0,4095,-0.654,0.227,0.789,-3.83,-2631,22.0,R
,87701,745,0,3824,-0.663,0.209,0.816,-37.78,-29.67,17.7,R
,87711,863,0,4084,-0.673,0.214,0.820,-36.59,-3437,12.5,R
,87721,871,0,3809,-0.683,0.205,0.823,-3.25,-37.03,9.56,R
,87751,93,0,4094,-0.676,0.172,0.811,-26.95,-45.01,8.77,R
,87761,94,0,3825,-0.694,0.197,0.773,-2.30,-3927,12.4,R
,87771,882,0,4094,-0.67,0.196,0.758,-2.83,-3480,16.0,R
,87781,907,0,3825,-0.656,0.173,0.771,-1.91,-3190,18.3,R
,87791,12,0,4087,-0.681,0.196,0.762,-10.54,-26.68,20.26,R
,87801,912,0,3824,-0.673,0.196,0.732,-3.78,-20.2,22.40,R
,87811,12,0,4080,-0.650,0.208,0.712,-1.01,-15.93,23.56,R
,87821,903,0,3824,-0.655,0.211,0.707,0.93,-15.00,21.26,R
,87831,08,0,4095,-0.673,0.224,0.695,1.2,-16.63,17.01,R
,87841,911,0,3824,-0.660,0.231,0.697,5.1,-13.9,14.43,
,87851,10,0,4075,-0.658,0.244,0.667,4.01,-15.27,11.67,R
,87861,12,0,3812,-0.657,0.243,0.676,2.8,-18.8,5.94,R
,87871,916,0,4075,-0.667,0.214,0.667,0.56,-26.13,0.62,R
,87881,912,0,3826,-0.673,0.225,0.679,5.05,-27.64,1.04,R
,87891,17,0,4062,-0.629,0.208,0.668,1013,-25.6,3.65,R
,87901,17,0,3824,-0.617,0.216,0.666,10.38,-25.29,2.95,R
,87911,912,0,4085,-0.623,0.221,0.665,13.95,-22.72,2.60,R
,87921,901,0,3823,-0.613,0.240,0.642,17.60,-18.02,3.64,R
,87931,07,0,4080,-0.605,0.256,0.631,1673,-17.05,1.70,R
,87951,87,0,4095,-0.620,0.275,0.656,11.16,-23.30,-8.71,R
,87961,883,0,3824,-0.618,0.277,0.650,1184,-25.4,-11.8,R
,87971,79,0,4087,-0.632,0.273,0.656,12.50,-25.15,-13.29,R
,87981,66,0,3824,-0.632,0.275,0.661,1268,-23.3,-13.9,R
,87991,850,0,4079,-0.637,0.280,0.662,11.55,-22.34,-14.68,R
,88001,861,0,3823,-0.638,0.288,0.678,1006,-21.9,-14.65,R
,88011,871,0,4082,-0.615,0.259,0.671,8.12,-20.62,-14.03,R
,88021,75,0,384,-0.610,0.260,0.673,1126,-16.01,-12.77,R
,88031,82,0,407,-0.604,0.256,0.678,1801,-8.6,-11.48,R
,88041,889,0,3824,-0.611,0.265,.680,21.64,-5.21,-12.56,R
,88061,97,0,3819,-0.612,0.271,0.674,2488,-8.6,-16.32,R
,88071,891,0,4064,-0.601,0.281,0.668,25.38,-10.71,-17.67,R
,88081,891,0,3815,-0.590,0.279,0.662,2729,-9.67,-17.19,R
,88101,07,0,381,-0.576,0.297,0.668,31.00,-1.58,-12.97,R
,88141,98,0,3809,-0.57,0.312,0.687,34.88,10.25,-9.00,R
,88171,06,0,4082,-0.566,0.308,0.709,32.01,11.66,-10.29,R
,88191,910,0,4063,-0.556,0.311,0.722,2803,15.3,-10.74,R
,88201,894,0,3826,-0.570,0.322,0.726,26.76,16.27,-10.56,R
,88211,891,0,4058,-0.583,0.331,.735,26.51,17.37,-10.16,R
,88221,889,0,3818,-0.586,0.329,0.745,2642,17.1,-10.07,R
,88231,874,0,4037,-0.594,0.331,0.745,2506,16.0,-9.90,
,88241,891,0,3811,-0.601,0.346,0.741,2435,16.1,-9.25,
,88251,99,0,409,-0.598,0.351,0.735,23.83,17.46,-8.85,R
,88261,901,0,3820,-0.613,0.368,0.728,20.51,18.24,-9.51,R
,88291,95,0,4035,-0.627,0.348,0.752,12.33,12.65,-10.94,R
,88301,914,0,3827,-0.636,0.356,0.747,15.49,13.61,-9.43,R
,88311,918,0,4032,-0.63,0.358,0.743,1557,14.99,-7.72,R
,88321,22,0,3820,-0.633,0.366,0.740,1444,14.54,-6.67,R
,88331,917,0,4048,-0.635,0.364,0.738,12.59,14.0,-6.85,R
,88341,917,0,3824,-0.638,0.373,0.755,10.64,11.11,-6.50,R
,88351,910,0,4062,-0.643,0.375,0.742,1302,11.7,-5.61,
,88361,896,0,3824,-0.653,0.379,0.745,13.00,11.87,-4.03,
,88371,96,0,4057,-0.654,0.395,0.731,12.74,11.98,-2.55,R
,88381,891,0,3827,-0.642,0.394,0.733,14.19,14.02,-2.04,R
,88391,900,0,4049,-0.649,0.402,0.719,11.98,15.92,-0.80,R
,88431,866,0,3973,-0.658,0.378,0.732,8.79,15.84,3.00,R
,88441,78,0,3830,-0.635,0.392,0.703,1190,17.7,6.31,R
,88451,63,0,4045,-0.653,0.394,0.708,1427,19.1,9.03,R
,88461,884,0,3824,-0.652,0.418,0.695,1511,19.3,10.75,
,88471,96,0,400,-0.654,0.419,0.709,14.13,19.35,10.51,R
,88481,77,0,3824,-0.662,0.421,0.685,1277,20.1,11.56,
,88491,880,0,4042,-0.686,0.447,0.672,1157,20.3,12.04,
,88501,883,0,3813,-0.692,0.441,0.677,8.85,19.00,13.03,R
,88521,882,0,3824,-0.707,0.433,0.682,7.6,18.04,14.95,R
,88541,885,0,3823,-0.717,0.423,0.666,7.54,19.31,19.49,R
,88561,89,0,3823,-0.694,0.421,0.667,7.5,20.79,24.57,R
,88581,885,0,3825,-0.675,0.401,0.659,5.55,21.34,24.71,R
,88621,867,0,3827,-0.676,0.379,.648,0.07,16.50,15.09,R
,88631,66,0,4003,-0.671,0.363,0.652,-1.58,14.39,13.01,R
,88641,66,0,3824,-0.689,0.356,0.649,-284,11.2,12.00,
,88651,65,0,4038,-0.680,0.345,0.662,-1.87,10.99,10.48,R
,88661,63,0,3824,-0.672,0.348,0.652,-2.05,11.55,8.81,R
,88671,64,0,4031,-0.682,0.337,0.666,-127,12.8,7.39,R
,88681,69,0,3830,-0.676,0.339,0.685,-059,12.8,5.65,R
,88691,868,0,4025,-0.667,0.326,0.667,-0.04,12.21,2.91,R
,88721,833,0,3825,-0.673,0.324,0.695,-349,-3.3,-6.93,
,88731,816,0,4016,-0.66,0.342,0.690,-2.68,-8.27,-10.35,R
,88761,05,0,3830,-0.693,0.365,0.683,-1.07,-4.18,-12.33,R
,88781,801,0,3829,-0.70,0.388,0.679,2.85,-0.05,-8.19,R
,88821,794,0,3835,-0.68,0.413,.720,11.35,-4.94,-6.13,R
,88831,87,0,4037,-0.679,0.409,0.715,1259,-6.7,-6.84,
,88841,88,0,3830,-0.662,0.402,0.694,12.35,-7.49,-6.68,
,88901,784,0,3827,-0.642,0.376,0.643,8.73,0.50,-5.78,R
,88911,787,0,408,-0.645,0.385,0.642,9.12,1.55,-5.05,R
,88921,82,0,3831,-0.651,0.393,.634,8.61,0.91,-4.99,R
,88931,67,0,4007,-0.657,0.394,0.647,7.7,0.83,4.71,R
,88941,783,0,3834,-0.65,0.394,.644,7.61,1.58,-4.35,R
,88951,91,0,4030,-0.666,0.392,0.647,8.0,3.11,4.29,R
,88961,800,0,3834,-0.692,0.397,0.656,8.1,2.51,-4.44,R
,88971,790,0,4016,-0.692,0.398,0.648,9.22,1.76,-3.58,R
,88981,784,0,3825,-0.690,0.408,0.644,9.99,1.44,2.03,R
,88991,13,0,4016,-0.689,0.412,0.642,10.07,1.78,-0.76,R
,89001,804,0,3836,-0.689,0.417,0.620,9.61,1.47,.58,R
,89011,784,0,4018,-0.67,0.408,0.627,9.70,1.89,1.12,R
,89021,00,0,3838,-0.679,0.415,0.626,8.90,2.65,1.24,R
,89031,16,0,3991,-0.677,0.414,0.626,8.5,3.15,.13,R
,89041,90,0,3809,-0.684,0.418,0.625,7.0,3.52,.91,R
,89051,819,0,3994,-0.706,0.433,0.614,5.0,3.78,.68,R
,89061,819,0,3825,-0.712,0.419,.620,2.45,3.52,.33,R
,89081,19,0,3838,-0.711,0.407,0.631,-1.64,0.79,-0.55,R
,89091,816,0,4016,-0.723,0.404,0.618,-2.28,-0.11,-0.62,R
,89131,782,0,4026,-0.720,0.399,.601,-2.13,-0.36,-0.09,
,89141,73,0,3839,-0.714,0.392,0.606,-3.96,-1.05,-1.66,R
,89151,759,0,4027,-0.721,0.392,.613,-4.34,-1.73,-2.21,R
,89161,68,0,3824,-0.723,0.388,0.623,-3.41,-0.82,-1.77,R
,89171,770,0,4020,-0.707,0.375,0.635,-278,-1.5,-2.50,
,89181,772,0,3831,-0.705,0.376,0.644,-301,-2.8,-4.04,
,89191,769,0,4011,-0.698,0.375,0.652,-1.76,-3.8,-4.88,R
,89201,768,0,3839,-0.703,0.377,0.651,0.96,-4.53,-5.09,R
,89211,85,0,4016,-0.697,0.383,0.651,3.26,-4.22,-4.61,R
,89221,778,0,3837,-0.694,0.383,0.661,4.3,-3.92,-4.93,R
,89231,82,0,4018,-0.688,0.384,0.651,7.23,-3.14,-5.08,R
,89241,889,0,3837,-0.68,0.396,0.641,9.17,-3.73,-5.80,R
,89261,873,0,3834,-0.67,0.406,0.635,10.70,-5.50,-7.55,R
,89271,881,0,4015,-0.685,0.422,0.623,1062,-7.0,-7.84,
,89281,880,0,3813,-0.676,0.412,0.624,10.86,-7.63,-7.57,R
,89291,880,0,4016,-0.666,0.406,0.610,10.01,-8.56,-7.90,R
,89311,91,0,4019,-0.637,0.396,0.614,1053,-7.9,-9.34,
,89331,839,0,4004,-0.644,0.401,0.616,1341,-2.2,-9.61,R
,89341,48,0,3831,-0.661,0.405,0.626,13.58,1.79,-9.11,R
,89361,850,0,3831,-0.650,0.403,.643,13.70,-1.2,-7.31,
,89371,14,0,4001,-0.649,0.414,0.650,14.22,-2.50,-6.77,R
,89381,13,0,3829,-0.653,0.428,0.643,1506,-1.3,-5.43,R
,89401,832,0,3835,-0.655,0.437,.639,12.42,1.26,-3.46,R
,89411,77,0,4006,-0.656,0.435,0.647,9.25,2.73,-3.69,R
,89421,880,0,382,-0.665,0.438,0.653,6.42,3.06,-4.27,R
,89431,878,0,3969,-0.667,0.428,.649,4.61,3.21,-4.55,R
,89441,879,0,3831,-0.675,0.437,0.635,3.32,4.18,-3.42,R
,89451,80,0,4009,-0.692,0.442,0.627,1.5,4.99,1.80,R
,89461,81,0,3826,-0.698,0.447,0.638,0.61,4.74,-0.76,R
,89471,880,0,4007,-0.69,0.443,.630,-1.97,2.83,-0.70,R
,89481,880,0,3831,-0.69,0.449,0.620,-4.92,1.12,-1.16,R
,89491,883,0,4006,-0.700,0.446,0.601,-782,1.03,-0.68,R
,89511,81,0,4007,-0.69,0.433,0.608,-9.41,2.56,-1.20,R
,89521,877,0,3826,-0.688,0.429,0.609,-10.36,2.8,-2.19,
,89531,880,0,4018,-0.695,0.423,0.615,-1.03,3.2,-2.10,
,89541,879,0,389,-0.69,0.415,0.615,-12.39,2.5,-1.43,
,89551,879,0,4017,-0.682,0.402,0.601,-1.01,1.3,-1.37,
,89581,80,0,3830,-0.694,0.399,0.613,-13.47,-2.36,-4.96,R
,89611,877,0,3985,-0.692,0.387,0.637,-15.96,-1.87,-5.40,R
,89651,97,0,4003,-0.698,0.374,0.646,-14.80,-5.78,-8.27,R
,89671,907,0,3991,-0.703,0.391,0.649,-1.53,-1173,-7.7,R
,89681,756,0,3831,-0.710,0.417,0.618,-17.44,-13.21,-11.22,R
,89691,688,0,403,-0.710,0.416,0.614,-11.50,-10.24,-13.13,R
,89701,41,0,3837,-0.710,0.397,.620,-1.80,-1100,-15.02,R
,89711,61,0,4005,-0.719,0.403,0.617,-14.55,-13.17,-15.64,R
,89721,534,0,3834,-0.723,0.409,0.609,-15.03,-14.24,-15.28,R
,89731,530,0,3979,-0.715,0.397,0.621,-1.43,-1450,-16.6,R
,89741,524,0,3827,-0.698,0.378,0.657,-22.78,-14.48,-16.62,R
,89751,530,0,3999,-0.737,0.403,0.638,-2.40,-14.79,-17.55,R
,89761,527,0,3835,-0.76,0.396,0.644,-29.50,-13.82,-15.77,R
,89771,528,0,400,-0.756,0.385,0.647,-2.39,-1167,-14.4,R
,89781,41,0,3824,-0.698,0.352,0.713,-2.42,-11.18,-11.72,R
,89791,535,0,3999,-0.698,0.328,0.688,-2.40,-1127,-10.7,R
,89801,51,0,3824,-0.682,0.315,0.688,-25.36,-10.86,-11.2,R
,89811,45,0,3995,-0.671,0.303,0.683,-27.52,-11.72,-12.82,R
,89821,44,0,3834,-0.660,0.285,0.696,-25.47,-11.43,-11.89,R
,89841,571,0,3830,-0.664,0.281,0.646,-20.94,-1.01,-3.42,R
,89851,547,0,4001,-0.669,0.293,0.693,-18.52,0.86,-5.77,R
,89861,49,0,3831,-0.706,0.320,0.707,-1.42,7.9,-4.85,
,89871,39,0,3984,-0.733,0.325,0.694,-959,11.1,-1.75,R
,89881,09,0,3838,-0.729,0.338,.664,-1.43,11.2,-0.35,R
,89891,18,0,4006,-0.713,0.301,0.582,-16.97,9.82,-2.27,R
,89901,624,0,381,-0.71,0.311,0.655,-39.30,-3.59,-12.73,R
,89911,66,0,4029,-0.739,0.263,0.672,-4.48,-7.2,-14.0,R
,89921,623,0,3827,-0.749,0.251,0.700,-34.92,-1025,-10.0,R
,89931,76,0,3999,-0.722,0.245,0.707,-22.13,-5.87,-6.29,R
,89941,608,0,3829,-0.686,0.233,0.683,-10.80,-0.31,-4.47,R
,89951,770,0,4022,-0.69,0.258,0.672,-1.04,5.0,-6.32,
,89961,93,0,3824,-0.645,0.219,0.681,-9.47,6.22,-10.70,R
,89971,628,0,4023,-0.646,0.194,0.680,-12.80,3.29,-15.83,R
,89991,673,0,4012,-0.656,0.147,0.735,-16.04,3.52,-20.39,R
,90001,682,0,3823,-0.644,0.119,0.761,-478,6.91,-16.82,R
,90041,03,0,3837,-0.684,0.211,0.734,11.55,13.89,-6.29,R
,90051,710,0,4015,-0.678,0.242,0.722,13.67,21.8,-5.54,R
,90061,07,0,3837,-0.735,0.317,0.675,8.65,29.73,-4.55,R
,90071,33,0,4003,-0.725,0.286,0.705,-2.48,24.83,-4.32,R
,90081,26,0,3829,-0.718,0.261,0.704,-2.25,12.39,-2.06,R
,90111,61,0,3995,-0.629,0.243,0.571,-1.49,0.33,4.48,R
,90121,929,0,3825,-0.618,0.249,0.540,-2.57,-1.6,7.04,R
,90131,956,0,4011,-0.598,0.208,0.542,-2.72,-0.2,9.12,
,90141,865,0,3826,-0.597,0.209,0.602,-27.18,9.20,12.02,R
,90151,953,0,3984,-0.641,0.212,0.639,-29.41,22.51,16.57,R
,90171,738,0,4023,-0.715,0.242,0.753,-27.06,27.63,20.07,R
,90191,52,0,397,-0.780,0.251,0.829,-37.38,20.83,20.45,R
,90231,11,0,3959,-0.693,0.256,0.717,-12.66,15.64,22.63,R
,90241,825,0,3839,-0.673,0.260,0.652,-10.49,14.05,19.82,R
,90251,848,0,3986,-0.678,0.257,0.619,-732,12.51,15.94,R
,90261,851,0,3830,-0.708,0.304,.589,-401,15.5,14.07,R
,90271,61,0,3978,-0.710,0.298,0.581,-634,17.8,12.23,
,90281,862,0,3824,-0.734,0.296,0.591,-1.74,15.26,9.42,R
,90291,65,0,3974,-0.750,0.267,0.615,-1.88,13.37,7.30,R
,90301,873,0,3831,-0.76,0.244,.656,-1.55,14.5,7.38,R
,90311,68,0,3955,-0.764,0.221,0.667,-6.89,18.65,9.75,R
,90321,69,0,3831,-0.782,0.216,0.696,-3.97,21.37,14.23,R
,90331,67,0,3971,-0.773,0.217,0.689,-2.80,20.10,17.29,R
,90341,54,0,3827,-0.766,0.228,0.686,-3.88,18.07,16.81,R
,90351,47,0,4001,-0.773,0.253,0.682,-4.14,15.9,14.08,
,90361,845,0,3819,-0.786,0.273,0.677,-301,14.0,11.04,
,90371,16,0,4016,-0.806,0.296,0.660,-338,11.5,8.86,R
,90381,30,0,3824,-0.805,0.293,0.638,-4.60,10.54,8.86,R
,90401,767,0,3823,-0.783,0.271,0.640,-1.38,0.3,2.54,R
,90421,47,0,3827,-0.772,0.255,0.639,-848,-5.14,-2.94,R
,90431,723,0,4015,-0.778,0.246,0.629,-4.59,-1.58,-1.22,R
,90451,12,0,4002,-0.752,0.241,0.616,-1.47,1.34,-0.76,R
,90461,67,0,3831,-0.751,0.252,0.632,-109,0.04,-2.58,R
,90471,772,0,3990,-0.741,0.238,0.632,-1.68,0.82,-3.77,R
,90481,14,0,389,-0.77,0.276,0.658,-572,-0.2,-3.92,
,90491,839,0,3998,-0.748,0.243,0.636,-739,-3.8,-3.95,
,90501,94,0,3829,-0.733,0.240,0.623,-643,-9.3,-5.72,
,90511,71,0,4000,-0.71,0.237,0.628,-437,-9.8,-8.67,
,90521,83,0,3836,-0.693,0.233,0.656,-155,-9.1,-12.87,R
,90541,21,0,3842,-0.703,0.224,0.675,5.52,-7.11,-15.98,R
,90561,47,0,3827,-0.732,0.221,0.681,9.35,-2.51,-14.06,R
,90571,720,0,3984,-0.719,0.207,0.705,11.11,-0.56,-13.16,R
,90591,686,0,3990,-0.783,0.244,0.689,9.6,5.08,12.96,R
,90601,705,0,3825,-0.785,0.250,0.687,5.2,3.93,13.16,R
,90611,75,0,3968,-0.801,0.275,0.697,6.5,3.57,14.29,R
,90621,652,0,3826,-0.823,0.290,0.658,0.44,1.95,-17.00,R
,90631,713,0,3956,-0.809,0.271,0.648,-1.39,-4.6,-19.3,R
,90641,14,0,389,-0.797,0.244,0.625,-12.57,-9.56,-18.33,R
,90651,72,0,3951,-0.758,0.229,0.619,-8.62,-8.39,-15.63,R
,90671,611,0,3959,-0.699,0.194,0.635,-5.49,3.53,-9.20,R
,90681,618,0,3830,-0.676,0.181,0.656,3.5,9.50,5.25,R
,90691,17,0,3971,-0.695,0.201,0.651,6.85,14.42,-3.09,R
,90701,592,0,3827,-0.726,0.221,0.622,6.19,18.16,-4.71,R
,90711,39,0,3943,-0.742,0.227,0.644,1.19,13.46,-7.13,R
,90721,674,0,3827,-0.757,0.203,0.621,-373,6.92,-6.47,R
,90731,665,0,3998,-0.756,0.206,0.620,6.8,3.93,5.08,R
,90741,688,0,3819,-0.754,0.230,0.639,13.69,5.46,-3.92,R
,90751,59,0,3989,-0.765,0.263,0.617,17.40,10.05,-6.61,R
,90771,67,0,3990,-0.851,0.350,0.604,6.88,7.86,-10.67,R
,90781,663,0,3829,-0.839,0.296,0.561,-8.57,-4.25,-11.93,R
,90791,704,0,3998,-0.771,0.258,0.609,-480,-17.5,-13.7,R
,90801,38,0,3829,-0.772,0.278,0.598,-426,-17.2,-13.8,R
,90811,762,0,3984,-0.705,0.257,0.597,-8.30,-17.93,-14.00,R
,90821,38,0,3829,-0.756,0.248,0.613,3.66,-15.21,-14.62,R
,90841,880,0,3833,-0.708,0.268,0.580,-1.23,-24.31,-21.00,R
,90851,885,0,3984,-0.729,0.277,0.594,-8.43,-33.30,-29.83,R
,90871,915,0,3984,-0.795,0.211,0.633,-1.26,-4714,-31.7,R
,90881,700,0,3836,-0.774,0.171,0.672,-21.44,-50.21,-25.54,R
,90891,949,0,3990,-0.765,0.122,0.699,-21.00,-45.53,-16.3,R
,90901,541,0,3836,-0.729,0.074,0.750,-21.24,-40.68,-6.6,R
,90911,743,0,3989,-0.684,0.041,0.778,-20.84,-40.98,-3.32,R
,90921,92,0,384,-0.658,0.054,0.775,-13.84,-42.25,-2.79,R
,90931,490,0,3999,-0.645,0.045,0.760,-16.39,-4935,-8.7,R
,90941,82,0,3834,-0.707,0.118,0.772,-15.47,-58.33,-13.09,R
,90951,88,0,4005,-0.754,0.160,0.735,-2.71,-54.50,-7.74,R
,90961,35,0,3824,-0.759,0.176,0.716,-1.07,-38.4,5.87,R
,90971,99,0,4000,-0.701,0.189,0.713,-10.63,-1987,20.2,R
,91001,944,0,3830,-0.646,0.045,0.921,-43.96,-1.35,49.35,R
,91011,943,0,3951,-0.72,0.047,0.973,-3.32,6.5,61.09,
,91021,44,0,3826,-0.67,0.056,.983,-35.14,1.73,59.27,R
,91031,956,0,3952,-0.657,0.054,0.957,-2.92,-2.92,58.92,R
,91071,83,0,3991,-0.639,0.190,1.079,-56.68,-16.21,46.16,R
,91081,867,0,3826,-0.655,0.209,1.096,-71.90,-25.81,41.01,R
,91091,51,0,4001,-0.652,0.160,1.122,-86.54,-3247,36.0,R
,91101,12,0,3823,-0.626,0.093,1.229,-88.84,-41.95,34.04,R
,91111,912,0,3990,-0.607,0.066,1.251,-7.50,-4914,31.3,R
,91121,34,0,3824,-0.602,0.073,1.241,-80.22,-55.72,26.68,R
,91131,927,0,4017,-0.642,0.109,1.222,-7.64,-6265,24.9,R
,91141,937,0,3824,-0.646,0.102,1.201,-86.14,-69.95,26.37,R
,91161,29,0,3821,-0.508,0.004,1.153,-18.46,-9.80,17.5,R
,91171,938,0,3993,-0.577,-0.004,1.192,-149.26,-112.68,13.06,R
,91181,946,0,3825,-0.521,-0.096,1.231,-144.36,-110.59,13.79,R
,91201,32,0,3823,-0.521,-0.085,1.200,-132.23,-93.23,17.20,R
,91211,842,0,3982,-0.569,0.002,1.191,-15.14,-9.91,13.38,R
,91221,743,0,3824,-0.531,-0.019,1.194,-25.00,-01.73,382,R
,91231,35,0,3984,-0.570,0.035,1.183,-130.57,-116.13,-13.20,R
,91241,703,0,3841,-0.570,0.013,1.112,-19.35,-12.59,-3.00,R
,91251,741,0,3957,-0.572,0.019,1.157,-147.24,-150.04,-48.50,R
,91261,825,0,3824,-0.558,-0.042,1.162,-153.33,-159.55,-58.21,R
,91271,889,0,3981,-0.648,-0.056,1.145,-155.23,-156.53,-54.13,R
,91281,903,0,3824,-0.619,-0.066,1.150,-151.50,-153.06,-42.30,R
,91291,894,0,3970,-0.564,-0.128,1.121,-39.18,-50.33,-7.61,R
,91311,41,0,3981,-0.497,-0.089,1.116,-24.34,-33.43,-3.03,R
,91321,839,0,3831,-0.450,-0.074,1.067,-15.81,-133.06,-14.96,R
,91331,778,0,3975,-0.413,-0.087,1.043,-15.03,-34.45,-20.51,R
,91341,751,0,3824,-0.416,-0.063,0.988,-12.43,-32.48,-4.88,R
,91351,24,0,3955,-0.38,-0.077,0.969,-10.75,-33.66,-29.29,R
,91361,45,0,3815,-0.407,-0.074,0.958,-115.50,-140.33,-3.28,R
,91371,710,0,3984,-0.393,-0.129,0.935,-111.93,-143.00,-33.83,R
,91381,07,0,3829,-0.342,-0.137,0.959,-112.01,-145.09,-34.21,R
,91391,02,0,3978,-0.345,-0.124,0.935,-107.65,-40.37,-8.48,R
,91401,694,0,3831,-0.271,-0.206,0.902,-04.74,-140.39,-24.97,R
,91411,680,0,3965,-0.273,-0.205,0.914,-97.64,-134.39,-24.70,R
,91421,16,0,3831,-0.245,-0.231,0.857,-93.76,-131.18,-24.06,R
,91441,912,0,3839,-0.174,-0.250,0.792,-9.21,-17.98,-2.16,R
,91451,49,0,3952,-0.116,-0.307,0.784,-5.24,-13.52,-2.55,R
,91461,62,0,3825,-0.093,-0.353,0.720,-81.61,-122.95,-21.58,R
,91471,71,0,393,-0.094,-0.345,0.709,-7.44,-17.70,-2.73,R
,91481,76,0,3825,-0.047,-0.318,0.703,-78.83,-112.98,-21.90,R
,91491,983,0,3942,-0.100,-0.377,0.684,-71.50,-106.97,-14.15,R
,91501,88,0,3827,-0.033,-0.376,0.674,-6.45,-100.54,-14.44,R
,91511,1006,0,3962,-0.031,-0.399,0.664,-63.44,-96.77,-12.80,R
,91521,1001,0,3824,-0.020,-0.383,0.673,-61.93,-90.33,-13.14,R
,91531,1008,0,3975,0.008,-0.408,0.654,-60.88,-83.67,-11.29,R
,91541,1010,0,3824,0.008,-0.426,0.668,-60.25,-78.91,-9.69,R
,91551,997,0,3985,0.008,-0.427,0.677,-58.57,-70.37,-5.28,R
,91561,005,0,334,0.014,-0.449,0.673,-59.44,-61.87,-3.35,R
,91571,011,0,3962,0.030,-0.463,0.695,-1.09,-5.82,0.1,R
,91581,008,0,3829,-0.023,-0.464,0.682,-64.78,-1.09,3.3,R
,91591,1014,0,3962,0.003,-0.500,0.708,-3.73,-5.27,4.7,R
,91601,008,0,322,0.013,-0.510,0.715,-1.81,-5.36,6.6,R
,91611,022,0,3959,0.030,-0.516,0.685,-7.29,-5.72,9.5,R
,91621,1013,0,326,0.059,-0.536,0.685,-5.39,-5.01,10.6,R
,91631,023,0,3945,0.092,-0.544,0.666,-2.08,-5.95,11.8,R
,91641,015,0,3840,0.110,-0.544,0.648,-48.63,-50.45,11.24,R
,91651,1018,0,3937,0.12,-0.541,0.626,-7.99,-50.19,10.2,R
,91661,1012,0,3829,0.164,-0.566,0.615,-6.36,-49.96,7.97,R
,91671,008,0,3954,0.159,-0.567,0.600,-6.04,-50.25,6.8,R
,91681,008,0,331,0.174,-0.592,0.606,-45.85,-50.11,5.82,R
,91691,008,0,3952,0.197,-0.603,0.609,-42.86,-50.51,3.03,R
,91701,013,0,3824,0.188,-0.607,0.609,-42.74,-51.46,2.91,R
,91711,1013,0,3942,0.227,-0.655,0.597,-1.41,-53.93,2.7,R
,91721,010,0,3824,0.226,-0.651,0.598,-30.84,-5.41,3.36,R
,91741,015,0,3826,0.157,-0.686,0.582,-6.16,-5.92,10.3,R
,91751,1009,0,3950,0.221,-0.675,0.608,-4.81,-3.23,7.4,R
,91761,015,0,3830,0.258,-0.667,0.601,-15.41,-32.97,6.87,R
,91771,1008,0,3961,0.256,-0.665,0.586,-13.27,-2.52,8.4,R
,91781,011,0,329,0.288,-0.672,0.603,-4.97,-24.27,7.93,R
,91791,1008,0,3944,0.232,-0.691,0.582,-4.46,-2.79,9.6,R
,91801,009,0,3827,0.245,-0.707,0.592,-2.75,-19.98,11.5,R
,91811,1015,0,3940,0.262,-0.709,0.608,-9.26,-18.22,12.31,R
,91821,008,0,3828,0.25,-0.693,0.579,-7.29,-13.11,12.51,R
,91851,98,0,3921,0.276,-0.707,0.595,-10.10,-3.69,9.85,R
,91861,1018,0,3839,0.270,-0.705,0.607,-14.36,-5.12,9.33,R
,91891,994,0,3931,0.279,-0.733,0.622,-11.24,-10.79,6.05,R
,91901,87,0,3842,0.298,-0.734,0.627,-11.06,-10.77,4.13,R
,91911,989,0,3930,0.286,-0.727,0.612,-1.19,-9.55,1.30,R
,91921,991,0,3831,0.276,-0.728,0.618,-804,-9.0,-0.58,R
,91931,993,0,3949,0.282,-0.724,0.607,-5.70,-7.64,-0.84,R
,91941,94,0,3830,0.287,-0.731,0.614,-312,-5.5,0.33,R
,91951,990,0,3947,0.282,-0.727,0.626,-1.90,-2.76,1.30,R
,91971,981,0,3949,0.283,-0.730,0.637,2.41,0.41,3.41,R
,91981,991,0,3839,0.291,-0.733,0.655,4.6,-1.73,2.29,R
,92001,979,0,3833,0.272,-0.709,0.656,1018,-1.2,1.79,R
,92051,982,0,3913,0.257,-0.671,0.656,6.19,2.97,.38,R
,92071,77,0,3920,0.246,-0.689,0.680,-1.61,-0.57,1.35,R
,92081,981,0,3836,0.219,-0.693,.661,-0.86,-2.31,1.20,R
,92091,977,0,3923,0.232,-0.698,0.660,-023,-5.29,2.42,R
,92101,976,0,382,0.237,-0.668,0.657,-025,-5.4,2.62,R
,92111,80,0,3915,0.255,-0.689,0.640,-3.55,-6.85,2.28,R
,92121,977,0,3829,0.268,-0.688,0.635,-7.64,-8.79,1.16,R
,92131,975,0,3936,0.287,-0.722,0.628,-12.23,-1149,-0.9,R
,92151,974,0,396,0.334,-0.782,0.599,-1.59,-9.82,-5.81,R
,92171,66,0,3939,0.345,-0.802,0.595,-5.21,-1.08,-5.87,R
,92181,961,0,381,0.317,-0.790,0.596,1.11,3.52,-3.80,R
,92191,954,0,392,0.314,-0.789,0.596,6.90,7.08,-1.06,R
,92201,961,0,3826,0.291,-0.749,0.596,11.26,11.52,-0.32,R
,92231,967,0,3931,0.253,-0.681,0.602,17.14,17.47,2.42,R
,92241,967,0,3837,0.266,-0.666,0.624,1531,18.25,1.55,R
,92301,70,0,3849,0.258,-0.700,0.679,7.57,9.37,2.28,R
,92311,93,0,3920,0.288,-0.715,0.675,4.50,7.26,-0.12,R
,92331,66,0,3926,0.291,-0.748,0.684,1.0,1.64,3.75,R
,92341,67,0,3846,0.287,-0.742,0.673,3.5,3.20,3.35,R
,92351,65,0,3919,0.257,-0.746,0.668,4.42,4.47,-2.77,R
,92361,967,0,3844,0.283,-0.769,0.657,6.59,6.25,-2.09,R
,92371,63,0,3920,0.262,-0.748,0.643,9.66,11.47,-0.06,R
,92381,76,0,3839,0.261,-0.757,0.643,1296,15.8,2.05,R
,92391,970,0,3919,0.275,-0.753,0.651,14.80,19.73,2.48,R
,92401,71,0,3851,0.235,-0.725,0.646,1370,24.0,3.26,R
,92411,76,0,3916,0.235,-0.732,0.619,1274,26.0,2.97,R
,92421,74,0,3849,0.197,-0.685,0.584,6.77,26.73,1.68,R
,92451,976,0,3903,0.224,-0.749,0.581,-0.54,19.70,-7.80,R
,92471,79,0,3917,0.239,-0.758,0.594,-225,18.56,-8.87,R
,92481,76,0,3851,0.252,-0.786,0.597,-2.33,18.18,-9.20,R
,92501,76,0,3849,0.247,-0.778,0.600,4.41,20.60,-7.43,R
,92551,983,0,3919,0.235,-0.709,0.617,1093,45.1,-3.40,R
,92561,978,0,3844,0.223,-0.717,0.614,13.74,50.85,-1.71,R
,92581,69,0,3845,0.217,-0.702,0.632,21.72,63.0,4.74,R
,92591,957,0,3921,0.201,-0.694,0.638,3106,67.4,9.41,R
,92601,955,0,3856,0.192,-0.666,.632,42.88,74.74,16.36,R
,92611,951,0,3920,0.183,-0.639,0.671,6145,86.3,27.30,R
,92621,947,0,3854,0.177,-0.572,0.647,8444,98.0,38.62,R
,92641,947,0,3849,0.173,-0.455,0.670,104.76,110.42,39.03,R
,92651,935,0,3907,0.172,-0.427,0.689,103.08,10825,29.9,R
,92661,35,0,3852,0.117,-0.439,0.715,93.31,100.37,21.13,R
,92671,37,0,3905,0.128,-0.485,0.765,90.99,91.67,13.78,R
,92691,34,0,3907,0.119,-0.562,0.880,9236,69.52,5.70,R
,92701,942,0,3855,0.047,-0.516,0.889,100.88,68.10,9.39,R
,92721,44,0,3856,0.027,-0.474,0.939,12.90,83.3,31.49,R
,92741,54,0,3847,0.030,-0.456,0.973,127.95,94.47,27.16,R
,92751,44,0,3918,-0.015,-0.432,0.967,127.93,92.80,24.46,R
,92761,944,0,3842,-0.032,-0.428,0.980,130.01,9114,25.0,R
,92771,947,0,3908,-0.054,-0.399,0.983,19.86,88.11,25.79,R
,92781,951,0,3848,-0.026,-0.432,1.002,17.48,83.64,23.6,R
,92801,49,0,3850,-0.102,-0.372,1.016,120.48,7398,24.4,R
,92811,50,0,3916,-0.091,-0.358,1.014,117.46,67.93,22.37,R
,92821,46,0,3840,-0.133,-0.305,1.003,112.44,65.18,18.83,R
,92831,48,0,3903,-0.126,-0.324,1.017,104.36,60.79,15.97,R
,92851,958,0,3901,-0.181,-0.270,1.045,92.25,51.64,9.96,R
,92861,954,0,3857,-0.158,-0.300,1.074,9.53,47.8,8.34,R
,92891,946,0,3904,-0.232,-0.237,1.079,78.93,46.76,14.54,R
,92921,41,0,3870,-0.239,-0.193,1.076,67.51,30.86,7.33,R
,92931,44,0,3920,-0.258,-0.161,1.061,62.41,26.94,5.88,R
,92941,950,0,386,-0.268,-0.166,1.073,5.97,26.2,6.63,
,92961,44,0,3856,-0.281,-0.128,1.058,52.12,26.42,9.32,R
,92971,46,0,3907,-0.282,-0.124,1.082,4.46,25.73,8.71,R
,92991,950,0,3914,-0.309,-0.128,1.077,3.12,22.5,9.26,R
,93021,44,0,3867,-0.296,-0.094,1.039,42.10,17.99,13.23,R
,93031,946,0,3906,-0.287,-0.074,1.014,40.67,16.85,13.30,R
,93061,944,0,3842,-0.296,-0.066,1.016,1.66,12.1,6.62,
,93071,944,0,3893,-0.321,-0.058,1.024,1.35,9.8,5.42,R
,93101,44,0,3871,-0.28,-0.069,1.025,14.35,4.37,9.04,R
,93121,44,0,3875,-0.282,-0.074,1.023,1.38,2.4,5.61,R
,93131,945,0,3910,-0.284,-0.073,0.997,1.16,3.5,8.00,R
,93141,944,0,3872,-0.261,-0.067,0.990,1.59,6.9,10.60,R
,93151,46,0,3911,-0.282,-0.022,0.949,14.65,10.5,11.88,R
,93171,44,0,3909,-0.272,-0.014,0.929,5.12,10.34,8.91,R
,93181,944,0,3856,-0.282,-0.024,0.938,-.81,7.3,5.99,R
,93191,945,0,3904,-0.255,-0.066,0.947,-.26,2.1,2.34,R
,93201,45,0,3856,-0.261,-0.079,0.945,-1.97,0.94,1.76,R
,93221,44,0,3854,-0.240,-0.079,0.928,1.80,4.8,1.03,R
,93231,41,0,3902,-0.339,-0.194,0.914,1.26,1.6,2.10,R
,93241,944,0,3867,-0.231,-0.040,0.855,1.35,6.4,-7.13,R
,93251,951,0,3902,-0.359,0.049,0.926,2.2,7.61,13.72,R
,93271,951,0,3901,-0.305,-0.011,0.792,1.29,8.0,-10.61,R
,93281,966,0,3873,-0.311,0.017,0.741,2482,12.1,-3.14,R
,93291,55,0,3901,-0.319,0.076,.659,4286,23.61,5.15,R
,93301,53,0,3867,-0.519,0.055,0.678,68.42,30.04,16.62,
,93311,27,0,392,-0.39,0.217,.551,74.57,41.34,19.64,R
,93321,44,0,3875,-0.406,0.246,0.499,9094,49.9,24.22,R
,93331,944,0,3901,-0.403,0.316,0.455,10.91,56.5,28.02,R
,93341,982,0,3888,-0.444,0.392,0.452,110.76,60.08,29.71,R
,93351,991,0,3887,-0.387,0.333,.391,112.51,59.17,30.20,R
,93361,92,0,3870,-0.391,0.386,0.389,113.86,66.70,32.65,R
,93371,91,0,3889,-0.418,0.369,0.372,110.85,77.41,42.37,R
,93381,990,0,3870,-0.42,0.344,0.397,111.45,87.87,51.01,R
,93391,996,0,3901,-0.398,0.317,0.462,115.26,98.42,57.96,R
,93401,998,0,3883,-0.414,0.297,0.513,122.50,109.29,65.18,R
,93411,94,0,3903,-0.40,0.283,0.575,136.79,113.55,71.49,R
,93421,986,0,3877,-0.399,0.285,0.611,150.39,11541,72.9,R
,93431,988,0,3899,-0.420,0.318,0.642,164.53,118.07,72.54,R
,93441,91,0,3866,-0.441,0.348,0.658,173.61,120.74,70.07,R
,93451,996,0,3901,-0.460,0.352,.667,172.04,123.69,65.09,R
,93461,995,0,385,-0.47,0.383,.748,15.51,12821,59.59,R
,93471,993,0,3892,-0.500,0.340,0.838,143.40,12839,52.84,R
,93481,997,0,3872,-0.560,0.375,0.858,13.19,12511,46.69,R
,93491,97,0,3893,-0.623,0.355,0.936,128.93,117.52,41.01,R
,93501,986,0,3873,-0.647,0.336,0.963,137.95,109.69,37.75,R
,93511,992,0,3897,-0.680,0.420,0.949,145.90,107.24,36.25,R
,93521,994,0,388,-0.70,0.452,.938,15.84,107.66,35.7,R
,93531,97,0,3899,-0.739,0.501,0.883,15.12,10396,35.21,R
,93541,1008,0,3885,-0.745,0.551,0.855,19.75,10.11,35.03,R
,93551,1010,0,3906,-0.716,0.634,0.806,144.07,94.41,26.26,R
,93571,007,0,3905,-0.835,0.658,0.854,107.00,75.66,5.62,R
,93581,1008,0,3903,-0.797,0.611,0.875,9.23,60.1,-2.73,R
,93601,1019,0,3903,-0.839,0.547,0.922,81.02,45.29,-8.85,R
,93611,018,0,3901,-0.837,0.541,0.904,86.62,45.2,-4.51,R
,93621,015,0,399,-0.828,0.556,0.876,92.06,49.81,3.24,R
,93631,1015,0,3870,-0.774,0.555,0.851,9.17,57.64,9.49,R
,93641,015,0,307,-0.782,0.625,0.803,101.14,63.49,12.07,R
,93661,015,0,3888,-0.74,0.723,0.740,11.31,56.74,11.26,R
,93671,1011,0,3897,-0.778,0.760,0.701,8.14,46.5,5.62,R
,93681,1008,0,3888,-0.778,0.783,0.660,74.04,34.13,-3.67,R
,93701,012,0,386,-0.793,0.769,0.652,43.09,10.50,-14.15,R
,93711,014,0,3892,-0.795,0.756,0.678,3.86,3.6,-15.31,R
,93731,1021,0,3894,-0.768,0.719,0.746,39.08,2.1,-7.83,R
,93751,1020,0,3903,-0.739,0.730,0.739,46.41,1.76,0.91,R
,93761,1034,0,3905,-0.701,0.750,0.690,4.32,-0.3,2.83,R
,93771,1034,0,3898,-0.715,0.758,0.619,37.05,-1.64,3.50,R
,93781,042,0,302,-0.706,0.791,0.553,30.03,-1.34,5.10,R
,93791,037,0,3891,-0.716,0.818,0.515,21.77,-2.16,4.22,R
,93801,023,0,3891,-0.714,0.821,0.484,13.43,-6.22,1.81,R
,93811,033,0,3888,-0.706,0.811,0.436,2.74,-10.33,-0.68,R
,93851,008,0,3895,-0.691,0.718,0.314,-18.83,-1.68,7.5,R
,93861,006,0,312,-0.695,0.731,0.285,-20.33,-11.47,11.39,R
,93871,008,0,3893,-0.675,0.707,0.301,-24.80,-6.68,14.42,R
,93881,1006,0,3914,-0.692,0.709,0.313,-32.91,-6.05,18.07,R
,93891,1003,0,3893,-0.673,0.678,0.371,-36.95,-11.01,21.67,R
,93901,1009,0,3927,-0.672,0.682,0.389,-41.47,-16.63,24.87,R
,93911,1013,0,3874,-0.723,0.689,0.435,-41.91,-2.15,31.96,R
,93931,1023,0,3898,-0.803,0.740,0.470,-29.09,-54.39,52.00,R
,93941,1023,0,3906,-0.745,0.735,0.463,-27.17,-61.98,63.42,R
,93971,008,0,3882,-0.534,0.803,0.443,-26.55,-31.49,70.84,R
,93991,006,0,3910,-0.446,0.713,0.469,-8.59,-2.34,40.23,R
,94001,90,0,3950,-0.483,0.764,.463,-5.33,-2624,30.62,R
,94011,87,0,3904,-0.462,0.704,0.458,-62.22,-19.67,24.86,R
,94021,79,0,3975,-0.456,0.670,0.486,-66.72,-21.78,14.7,R
,94031,959,0,3920,-0.462,0.643,0.494,-7.40,-2198,3.55,R
,94041,880,0,3981,-0.451,0.620,.545,-7.55,-23.30,-6.87,R
,94051,77,0,391,-0.500,0.621,.555,-7.34,-2753,-13.02,R
,94061,874,0,3953,-0.459,0.578,0.576,-7.89,-3694,-16.50,R
,94071,74,0,3907,-0.57,0.600,.604,-6.51,-4419,-17.11,R
,94081,881,0,3929,-0.559,0.575,0.666,-5.88,-53.29,-14.94,R
,94091,73,0,3899,-0.505,0.538,0.670,-42.01,-52.66,-11.48,R
,94101,976,0,3943,-0.468,0.525,.682,-2.68,-4770,-7.83,R
,94111,89,0,3905,-0.452,0.540,.656,-16.40,-36.85,-5.45,R
,94121,976,0,3917,-0.439,0.542,0.641,-10.63,-26.77,-3.34,R
,94131,44,0,3909,-0.403,0.531,0.612,-5.44,-19.9,-2.51,R
,94141,941,0,3907,-0.402,0.568,0.596,-5.76,-14.24,-5.03,R
,94151,944,0,3909,-0.378,0.557,0.617,-7.33,-9.6,-9.48,R
,94161,944,0,3908,-0.479,0.602,0.624,-11.65,-11.43,-12.70,R
,94171,951,0,3907,-0.510,0.565,0.643,-1.75,-1640,-10.04,R
,94181,47,0,3903,-0.494,0.556,0.648,0.06,-17.2,-2.44,R
,94191,44,0,3905,-0.504,0.602,.615,1003,-9.0,4.84,R
,94211,57,0,3906,-0.509,0.619,0.590,15.41,0.16,11.47,R
,94221,948,0,388,-0.50,0.646,.567,1138,-0.7,9.65,R
,94241,49,0,395,-0.518,0.650,.575,-208,-4.7,3.15,R
,94261,946,0,3907,-0.524,0.643,.581,-460,-9.2,0.05,R
,94271,945,0,3903,-0.547,0.640,0.574,-704,-10.7,0.78,R
,94281,942,0,3904,-0.522,0.629,0.574,-417,-9.1,3.27,R
,94291,47,0,391,-0.520,0.651,.564,-2.39,-6.24,5.47,R
,94301,68,0,3910,-0.544,0.664,0.557,-3.62,-3.38,7.44,R
,94311,943,0,3898,-0.496,0.640,0.573,-3.88,-3.4,8.29,R
,94321,951,0,3910,-0.504,0.673,.575,-584,-4.1,7.03,R
,94331,944,0,3899,-0.479,0.646,0.574,-744,-5.09,5.12,R
,94341,40,0,3907,-0.469,0.656,.574,-6.05,-4.6,3.67,R
,94351,929,0,3900,-0.474,0.646,.585,-819,-4.6,3.44,R
,94361,918,0,3923,-0.49,0.646,.606,-1.02,-7.7,3.71,R
,94371,931,0,3893,-0.516,0.661,0.587,-11.91,-8.80,4.98,R
,94391,927,0,3891,-0.709,0.576,.139,3377,-62.7,28.07,R
,94401,31,0,390,-0.590,0.657,.131,42.32,-9.15,40.07,
,94411,927,0,3877,-0.343,0.704,.501,1.0,0.71,0.49,R
,94421,919,0,3913,-0.446,0.684,.637,-2.25,-1247,4.58,R
,94431,929,0,3888,-0.399,0.635,.599,-3.43,-2018,-7.03,R
,94441,922,0,3922,-0.45,0.618,.571,-3.65,-2018,-7.31,R
,94451,944,0,3888,-0.427,0.584,0.572,-13.29,-9.14,0.49,R
,94481,19,0,3901,-0.394,0.620,0.605,12.27,10.85,10.92,R
,94501,918,0,3927,-0.500,0.600,0.622,3.78,-16.7,12.84,R
,94511,24,0,3889,-0.574,0.444,0.619,25.03,-38.3,26.23,R
,94521,41,0,396,-0.52,0.649,.732,31.96,-36.59,40.43,R
,94531,945,0,3888,-0.317,0.692,0.542,3561,-31.5,20.51,R
,94541,944,0,3924,-0.395,0.695,0.602,2399,-31.6,13.96,R
,94551,35,0,386,-0.42,0.694,0.636,21.45,-23.26,8.20,R
,94561,41,0,396,-0.50,0.562,0.608,28.82,-21.32,10.83,R
,94591,43,0,386,-0.59,0.922,0.923,3.4,-41.4,-13.13,!5
,94601,944,0,3922,-0.309,0.687,.614,-31.15,-21.29,-3.7,R
,94611,44,0,389,-0.31,0.635,0.505,-48.71,-3.2,-6.61,!5
,94621,44,0,395,-0.40,0.616,0.599,-34.08,-5.59,-12.8,R
,94641,929,0,391,-0.396,0.637,.634,2.94,18.48-9.54,R94651,&	²bjbrbrjrbrbjbR
,94741,45,0,3918,-0.46,0.640,.657,-16.63,-7.20,-17.78,R
,94791,44,0,3885,-0.43,0.591,0.705,0.36,4.99,-19.45,R
,94801,44,0,3920,-0.45,0.585,.694,3.12,5.38,-18.03,R
,94861,42,0,397,-0.498,0.624,0.636,26.83,1.81,-4.77,R
,94941,22,0,396,-0.487,0.633,0.583,5.09,7.95,-6.01,R
,94951,893,0,381,-0.48,0.650,.589,4.47,7.37,-8.10,R
,94981,58,0,396,-0.487,0.644,0.597,3.61,5.90,-14.48,R
,95011,841,0,381,-0.50,0.587,.688,8.30,10.62,-13.78,
,95151,86,0,386,-0.66,0.660,0.552,10.64,68.68,-4.50,
,95161,549,0,3901,-0.880,0.641,0.563,37.34,30.57,7.29,R
,95171,528,0,3858,-0.726,1.057,0.559,3888,-11.9,3.55,R
,95181,454,0,3867,-0.379,0.870,0.519,-11.68,-38.82,-18.07,R
,95191,01,0,3866,-0.438,0.797,.277,-37.33,-37.34,-32.04,R
,95201,437,0,3902,-0.480,0.693,0.355,-41.49,-24.82,-36.53,R
,95221,274,0,398,-0.451,0.653,0.375,-8.69,-3.9,-27.54,R
,95231,307,0,3863,-0.463,0.626,.454,-211,11.3,-24.68,R
,95261,385,0,3941,-0.587,0.645,0.493,16.21,20.45,-20.18,R
,95291,407,0,3866,-0.574,0.669,.506,11.46,-7.23,-13.05,R
,95311,465,0,3863,-0.558,0.647,0.558,-0.13,-21.9,-16.50,R
,95331,92,0,380,-0.56,0.641,0.582,-1.52,-14.2,-14.79,R
,95351,64,0,386,-0.59,0.612,0.643,6.28,-0.10,-5.19,R
,95361,450,0,391,-0.583,0.618,0.648,11.98,1.63,-2.96,R
,95371,429,0,3870,-0.594,0.637,0.645,11.17,0.05,-2.94,R
,95381,07,0,392,-0.58,0.625,0.622,12.06,-5.29,-4.39,R
,95391,425,0,3872,-0.598,0.647,0.499,2.61,-7.99,-0.85,R
,95401,426,0,3970,-0.543,0.658,.518,1563,-5.11,-6.56,R
,95411,67,0,381,-0.54,0.619,0.542,12.06,-3.1,-5.52,R
,95431,509,0,3866,-0.530,0.692,.449,3.2,0.89,-7.46,R
,95451,500,0,3870,-0.47,0.688,0.458,-868,-3.4,-17.67,R
,95461,499,0,3975,-0.466,0.639,.498,-13.70,-4.92,-20.77,R
,95471,478,0,3875,-0.504,0.651,0.502,-17.97,-1.40,-20.36,R
,95491,496,0,3871,-0.526,0.619,0.541,-13.56,10.62,-14.50,R
,95501,508,0,3986,-0.530,0.602,0.556,-9.78,12.74,-13.95,R
,95511,511,0,3857,-0.558,0.603,0.547,-7.68,15.57,-13.51,R
,95521,533,0,4000,-0.606,0.608,.576,-865,15.4,-11.58,R
,95531,555,0,3866,-0.623,0.616,0.579,-7.88,11.12,-8.85,R
,95561,455,0,3929,-0.594,0.625,0.576,-7.47,11.20,-2.22,R
,95571,445,0,3870,-0.594,0.605,.625,-724,11.5,-2.55,R
,95581,614,0,3914,-0.610,0.622,0.601,-10.66,10.18,0.00,R
,95591,654,0,3856,-0.62,0.577,0.591,-13.18,6.8,4.05,R
,95601,78,0,391,-0.59,0.579,0.558,-12.43,5.2,7.00,R
,95611,681,0,3861,-0.574,0.573,0.545,-13.75,7.05,7.94,R
,95621,694,0,3922,-0.578,0.563,0.523,-13.56,9.11,8.22,R
,95631,692,0,3870,-0.576,0.562,0.520,-10.94,11.76,7.94,R
,95641,691,0,3936,-0.595,0.579,.513,-8.75,14.44,8.22,R
,95661,709,0,3949,-0.628,0.618,.557,-933,14.2,6.11,R
,95671,719,0,3867,-0.664,0.638,0.537,-9.26,9.95,4.97,R
,95681,20,0,3949,-0.698,0.684,.543,-14.39,2.95,4.77,R
,95691,704,0,3862,-0.657,0.608,.554,-1.84,-6.6,0.28,R
,95701,93,0,393,-0.64,0.611,0.550,-27.30,-11.89,-3.05,R
,95711,56,0,381,-0.63,0.594,0.593,-30.10,-1472,-4.36,R
,95721,89,0,3935,-0.604,0.578,.623,-2.66,-1561,-4.07,R
,95731,88,0,381,-0.57,0.549,0.601,-2.28,-1222,-3.78,R
,95741,688,0,3939,-0.567,0.550,.611,-18.36,-8.65,-2.12,R
,95751,688,0,380,-0.546,0.494,.619,-1.33,-6.0,-1.26,R
,95761,676,0,3952,-0.516,0.492,0.558,-9.06,-1.5,-2.82,
,95781,720,0,3952,-0.580,0.511,0.577,-3.91,12.31,-1.37,R
,95791,751,0,3867,-0.583,0.519,0.547,-3.39,15.43,1.39,R
,95801,706,0,3937,-0.585,0.543,.545,-274,17.47,1.41,R
,95811,730,0,3866,-0.569,0.524,0.579,-1.70,16.5,-0.91,R
,95821,52,0,396,-0.57,0.569,0.562,-1.96,15.6,-2.67,R
,95831,752,0,3868,-0.557,0.530,.590,0.7,12.45,-4.24,R
,95841,742,0,3943,-0.557,0.561,0.576,5.23,10.97,-4.96,R
,95851,763,0,3859,-0.569,0.554,0.551,11.14,13.08,-3.75,R
,95861,732,0,3952,-0.565,0.573,0.518,15.63,16.65,-2.35,R
,95871,753,0,3857,-0.570,0.583,0.525,17.37,20.68,-1.83,
,95881,765,0,3938,-0.551,0.573,0.536,15.16,21.1,-5.96,
,95891,773,0,3867,-0.532,0.556,.560,8.4,18.76,-11.19,R
,95911,786,0,3866,-0.620,0.556,.566,12.53,25.73,-14.97,R
,95921,877,0,3987,-0.605,0.499,.619,1935,26.6,-14.35,R
,95931,907,0,3855,-0.607,0.541,.562,27.37,33.21,-11.26,!5
,95941,925,0,3953,-0.643,0.565,.563,3369,37.0,-9.32,
,95951,931,0,3859,-0.692,0.654,0.501,41.12,46.05,-3.48,R
,95961,960,0,3953,-0.68,0.707,0.424,31.64,41.20,1.21,R
,95971,966,0,386,-0.702,0.608,0.477,39.95,41.0,3.18,R
,95981,977,0,3974,-0.669,0.637,0.479,34.96,35.7,-0.10,R
,95991,975,0,3883,-0.635,0.612,0.532,2664,31.3,-1.25,
,96001,1050,0,4032,-0.641,0.630,0.504,26.71,29.35,-4.18,R
,96021,1088,0,3997,-0.643,0.552,0.543,2.98,30.25,-6.39,R
,96041,1232,33,3965,-0.762,0.617,0.414,8.73,3973,5.85,R
,96051,1251,48,3861,-0.768,0.61,0.388,5.80,49.00,14.77,R
,96061,1296,62,3995,-0.792,0.704,0.327,42.86,63.78,18.98,R
,96071,1339,63,3871,-0.808,0.795,0.329,5.63,5170,17.4,R
,96081,1360,66,984,-0.789,0.757,0.392,11.43,22.53,8.84,R
,96091,1363,61,3868,-0.725,0.76,0.336,-8.98,-118,-0.96,R
,96101,1347,58,3987,-0.751,0.761,0.348,-25.21,-17.63,-6.99,R
,96111,230,68,864,-0.52,0.751,0.353,-30.19,-24.72,-8.65,R
,96121,1145,80,3965,-0.711,0.679,0.400,-29.43,-28.72,-9.77,R
,96131,1090,72,3870,-0.647,0.64,0.440,-24.19,-30.66,-12.59,R
,96141,1103,71,3983,-0.686,0.64,0.447,19.20,-3.12,-15.13,R
,96171,1057,63,3863,-0.534,0.45,0.569,3.84,-6.48,-33.74,R
,96181,1120,65,3959,-0.559,0.444,0.508,7.29,-61.06,-40.94,R
,96191,1275,62,3867,-0.538,0.39,0.564,1.23,-5.11,-44.97,R
,96201,1379,0,410,-0.561,0.404,0.543,33.70,-4065,-43.32,R
,96231,1477,0,3863,-0.629,0.489,0.537,47.81,1.44,-26.59,R
,96241,1523,0,3981,-0.665,0.554,0.490,43.23,9.24,-16.73,R
,96261,1558,0,3980,-0.683,0.636,0.409,34.59,22.16,-2.12,R
,96281,1591,16,3984,-0.689,0.64,0.431,4.38,2534,1.41,R
,96291,1631,13,3875,-0.708,0.66,0.443,20.01,24.30,0.71,R
,96301,1625,18,3984,-0.34,0.68,0.449,7.16,24.51,1.93,R
,96321,1622,0,3987,-0.695,0.698,0.402,7.98,22.99,1.84,R
,96341,1618,0,4014,-0.732,0.750,0.408,-1.73,23.00,5.52,R
,96361,1614,5,3989,-0.731,0.717,0.394,-17.64,8.54,8.22,R
,96371,606,0,3863,-0.728,0.653,0.386,-23.36,1.6,8.87,R
,96381,1600,0,4005,-0.702,0.721,0.346,-24.08,-3.29,9.04,R
,96431,535,0,3865,-0.630,0.538,0.434,-3.79,-572,1.33,R
,96441,1566,0,3984,-0.594,0.546,0.415,-21.20,9.00,5.62,R
,96461,1601,0,4034,-0.663,0.588,0.471,-14.13,28.70,11.44,R
,96471,1610,0,3869,-0.695,0.644,0.400,-14.65,3521,14.05,R
,96481,1600,0,4035,-0.747,0.667,0.413,-3.09,34.24,17.32,R
,96491,1610,0,3858,-0.746,0.647,0.454,-29.26,24.13,18.16,R
,96511,1660,0,3856,-0.756,0.720,0.380,-37.81,9.49,18.19,R
,96531,1691,0,3861,-0.702,0.651,0.414,-56.01,-10.74,17.41,R
,96541,1681,0,4095,-0.695,0.734,0.374,-45.62,-13.17,16.89,R
,96551,1649,0,3867,-0.691,0.632,0.469,-52.14,-2.91,21.04,R
,96601,1399,0,4095,-0.757,0.779,0.589,-4.92,8.4,21.13,R
,96621,1403,0,4058,-0.652,0.552,0.804,-69.21,-2.01,16.16,R
,96631,1394,0,3867,-0.700,0.547,0.807,-84.63,-15.70,11.35,R
,96641,1382,0,4047,-0.667,0.547,0.811,-99.00,-30.94,6.31,R
,96651,1353,0,3858,-0.698,0.522,0.844,-118.14,-39.72,4.07,R
,96661,1232,0,4032,-0.60,0.432,0.893,-124.84,-46.68,2.66,R
,96671,1168,0,3873,-0.676,0.425,0.873,-129.00,-53.89,2.92,R
,96681,1169,0,4048,-0.760,0.262,1.017,-20.57,-2.54,11.12,R
,96691,906,0,3870,-0.677,0.436,0.923,-132.55,-54.51,6.97,R
,96701,746,0,3984,-0.659,0.396,.920,-12.81,-5.89,8.77,R
,96711,741,0,3878,-0.573,0.345,.014,-14.05,-5.69,2.52,R
,96721,662,0,4031,-0.67,0.431,.014,-141.56,-5.56,-0.65,R
,96731,633,0,3866,-0.623,0.416,1.013,-139.39,-48.66,-4.56,R
,96741,714,0,3997,-0.58,0.378,1.024,-144.26,-55.92,-11.02,R
,96751,647,0,3859,-0.560,0.370,.060,-11.36,-69.30,-24.90,R
,96761,24,0,4001,-0.602,0.353,1.072,-166.17,-84.04,-39.80,R
,96771,633,0,3856,-0.635,0.336,.115,-11.93,-9.91,-49.37,R
,96781,673,0,4009,-0.664,0.312,1.144,-171.82,-103.35,-49.81,R
,96791,777,0,387,-0.627,0.298,1.163,-183.38,-112.07,-50.77,R
,96801,851,0,4051,-0.664,0.302,1.133,-180.84,-118.77,-50.00,R
,96811,879,0,3866,-0.675,0.282,.139,-11.78,-11.79,-4.95,R
,96821,858,0,4055,-0.560,0.268,1.097,-16.66,-13.53,-51.34,R
,96831,53,0,3856,-0.662,0.310,1.122,-179.59,-115.03,-44.87,R
,96841,844,0,4070,-0.596,0.237,.220,-15.09,-17.56,-43.71,R
,96851,818,0,3856,-0.64,0.292,.199,-153.50,-16.01,-48.93,R
,96861,737,0,4066,-0.663,0.261,.143,-154.30,-109.17,-54.58,R
,96871,741,0,3856,-0.65,0.252,.128,-15.49,-10.50,-61.60,R
,96881,764,0,4067,-0.665,0.245,1.103,-160.52,-11.95,-68.65,R
,96891,758,0,3856,-0.635,0.211,1.091,-159.35,-137.64,-69.89,R
,96901,752,0,4095,-0.599,0.197,1.061,-154.19,-140.83,-67.06,R
,96911,776,0,3851,-0.562,0.168,1.027,-18.75,-19.17,-63.00,R
,96921,791,0,4090,-0.550,0.171,.978,-16.36,-16.82,-57.28,R
,96931,769,0,3856,-0.535,0.170,.953,-12.40,-18.77,-49.13,R
,96941,762,0,4095,-0.503,0.136,.922,-19.91,-14.63,-4.00,R
,96951,765,0,3856,-0.448,0.100,0.900,-130.95,-120.39,-35.69,R
,96961,770,0,4095,-0.416,0.096,0.886,-120.84,-117.30,-33.74,R
,96971,751,0,3857,-0.395,0.093,.866,-13.62,-14.51,-34.73,R
,96981,772,0,4095,-0.356,0.043,0.833,-107.79,-111.21,-33.67,R
,96991,75,0,386,-0.33,0.027,.798,-14.74,-10.88,-32.73,R
,97011,777,0,3845,-0.267,-0.040,0.791,-97.56,-100.54,-26.30,R
,97031,770,0,3850,-0.252,-0.104,0.766,-79.85,-79.20,-7.81,R
,97061,771,0,4095,-0.210,-0.104,0.741,-67.75,-57.92,7.62,R
,97071,771,0,3855,-0.176,-0.139,0.735,-68.94,-5.85,9.20,R
,97081,774,0,4095,-0.174,-0.165,0.716,-72.66,-49.58,9.75,R
,97091,783,0,3859,-0.157,-0.196,0.725,-73.84,-4.98,9.70,R
,97121,775,0,4095,-0.138,-0.257,0.672,-62.10,-36.43,20.58,R
,97131,75,0,3855,-0.104,-0.258,0.668,-8.11,-3.10,21.30,R
,97141,779,0,4095,-0.076,-0.269,0.658,-54.62,-35.58,18.98,R
,97171,784,0,3845,-0.040,-0.293,0.659,-55.94,-35.92,14.26,R
,97181,778,0,4095,-0.027,-0.335,0.650,-57.39,-38.33,13.50,R
,97241,773,0,4095,-0.032,-0.454,0.779,-2.26,-3.17,14.63,R
,97251,775,0,3866,0.018,-0.496,0.797,-49.10,-3732,8.94,R
,97261,775,0,4095,0.003,-0.525,0.790,-54.88,-39.73,2.16,R
,97271,787,0,3846,0.014,-0.527,0.745,-64.74,-4595,-7.71,R
,97281,767,0,405,0.030,-0.498,.815,-6.39,-4908,-13.75,R
,97291,768,0,3839,0.045,-0.575,.767,-7.09,-5016,-18.39,R
,97321,781,0,4095,0.042,-0.659,0.777,-56.05,-29.99,-19.03,R
,97331,781,0,3846,0.037,-0.645,.735,-5.37,-21.43,-13.86,R
,97341,782,0,4095,0.050,-0.673,0.755,-52.49,-16.89,-11.40,R
,97351,782,0,3845,0.069,-0.643,.746,-5.28,-1410,-12.24,R
,97361,784,0,4095,0.054,-0.655,.746,-4.26,-8.0,-10.94,R
,97371,786,0,3843,0.064,-0.660,.729,-4.52,-2.97,-10.8,R
,97401,775,0,4095,0.057,-0.606,0.737,-2.10,5.3,-10.99,R
,97411,74,0,3852,0.050,-0.576,0.747,-21.04,13.52,-12.79,R
,97421,775,0,4095,0.035,-0.577,.748,-21.12,8.05,-13.19,R
,97431,781,0,3845,0.046,-0.578,.749,-2.78,9.0,-13.52,R
,97441,778,0,4095,0.026,-0.586,.768,-2.65,5.4,-14.73,R
,97451,784,0,3853,0.026,-0.608,0.771,-21.55,4.19,-13.81,R
,97461,777,0,4095,0.043,-0.616,.768,-1.56,2.51,-11.77,R
,97471,84,0,3854,0.063,-0.624,0.769,-1.33,3.20,-10.36,R
,97481,782,0,4095,0.064,-0.612,0.755,-9.52,5.38,-9.11,R
,97491,784,0,3844,0.058,-0.597,0.751,-8.68,6.27,-9.64,R
,97501,780,0,4095,0.069,-0.602,.759,-8.74,6.31,-10.62,R
,97511,774,0,3845,0.048,-0.597,.753,-1.40,4.7,-12.22,R
,97521,775,0,4095,0.066,-0.607,0.753,-10.07,3.55,-13.57,R
,97561,774,0,4095,0.078,-0.656,.809,-584,1.21,-12.82,R
,97571,770,0,3865,0.089,-0.656,.808,-7.38,-4.33,-16.61,R
,97581,770,0,4095,0.098,-0.659,.814,-968,-8.2,-20.03,R
,97591,767,0,3843,0.065,-0.634,.792,-12.43,-8.51,-20.94,R
,97601,73,0,405,0.074,-0.653,0.799,-17.36,-11.11,-21.0,R
,97611,69,0,3844,0.084,-0.654,0.787,-21.38,-14.16,-23.66,R
,97621,771,0,4095,0.067,-0.632,.790,-23.99,-15.41,-24.53,R
,97631,756,0,3853,0.096,-0.652,0.770,-25.49,-15.73,-25.4,R
,97641,752,0,4095,0.131,-0.662,.766,-2.23,-1697,-28.22,R
,97651,52,0,3843,0.143,-0.687,0.759,-30.22,-19.72,-32.7,R
,97661,752,0,4095,0.178,-0.718,0.745,-29.23,-20.28,-33.87,R
,97671,752,0,3845,0.173,-0.723,.736,-2.36,-1772,-32.71,R
,97691,753,0,388,0.159,-0.736,.696,-1.20,-6.7,-24.51,R
,97701,755,0,4095,0.148,-0.751,.682,-7.91,-0.0,-18.53,R
,97711,766,0,381,0.140,-0.751,.689,0.2,4.50,14.15,R
,97721,775,0,4095,0.135,-0.730,.689,7.9,7.47,12.04,R
,97741,773,0,4095,0.119,-0.678,.660,1783,11.67,-13.87,R
,97751,762,0,3848,0.125,-0.643,0.627,14.82,10.77,-19.54,R
,97761,753,0,4095,0.129,-0.657,0.628,7.54,10.45,-25.72,
,97771,753,0,3851,0.115,-0.661,.600,-075,10.4,-27.64,R
,97781,55,0,4095,0.110,-0.659,.594,-1.40,9.0,-26.06,R
,97791,52,0,387,0.100,-0.687,0.620,-13.88,8.18,-23.60,R
,97801,743,0,4095,0.116,-0.703,.623,-14.26,7.21,-21.84,R
,97811,745,0,3856,0.126,-0.707,0.644,-16.19,4.6,-21.43,R
,97831,48,0,389,0.169,-0.729,.627,-12.77,3.2,-28.01,R
,97841,747,0,4095,0.164,-0.732,.644,-1.24,0.6,-35.00,R
,97851,39,0,3850,0.152,-0.735,.630,-749,-0.1,-38.13,R
,97871,737,0,3853,0.175,-0.709,0.614,1.52,4.70,37.06,R
,97881,738,0,4095,0.171,-0.672,0.599,4.53,16.22,-31.90,R
,97901,747,0,405,0.177,-0.645,.606,-2.43,34.30,-21.08,R
,97911,747,0,3845,0.158,-0.646,0.629,-7.09,38.41,-19.52,R
,97921,743,0,4095,0.129,-0.637,.652,-1.35,36.5,-21.16,R
,97931,737,0,3845,0.154,-0.670,0.680,-11.58,32.11,-25.0,R
,97941,740,0,4095,0.175,-0.681,0.684,-12.75,25.20,-30.88,R
,97961,737,0,4095,0.201,-0.702,0.700,-11.88,14.41,-37.58,R
,97971,733,0,3849,0.198,-0.706,0.686,-11.07,13.93,-34.79,R
,97981,38,0,4095,0.197,-0.699,.698,-1.58,15.4,-32.93,R
,97991,737,0,381,0.194,-0.692,.714,-1.06,18.2,-31.71,R
,98001,737,0,4095,0.180,-0.667,.691,-1.84,24.0,-30.76,R
,98031,745,0,3842,0.193,-0.703,0.692,-14.16,26.97,-34.71,R
,98041,755,0,4095,0.198,-0.687,.699,-1.16,25.0,-34.16,R
,98051,770,0,3845,0.219,-0.703,.685,-1.38,21.2,-36.61,R
,98061,775,0,4095,0.205,-0.693,.670,-2.63,18.9,-38.56,R
,98071,771,0,3851,0.248,-0.724,.673,-2.67,16.02,-38.77,R
,98081,779,0,4095,0.248,-0.724,0.699,-31.96,16.08,-37.80,R
,98091,784,0,3840,0.269,-0.764,.715,-30.63,18.73,-36.45,R
,98101,787,0,4095,0.229,-0.762,0.720,-2.75,19.9,-36.22,R
,98111,789,0,3853,0.150,-1.061,.494,-1.47,16.85,-38.61,R
,98121,774,0,4095,0.182,-0.759,0.647,-14.25,20.99,-45.05,R
,98141,767,0,4095,0.265,-0.704,0.611,-1.88,19.0,-40.00,R
,98151,798,0,3842,0.283,-0.711,0.583,-13.96,19.46,-36.51,R
,98161,807,0,4095,0.282,-0.689,0.531,-24.88,9.12,-33.86,R
,98171,807,0,3842,0.305,-0.664,.584,-3.49,1.5,-38.10,R
,98181,801,0,4095,0.362,-0.698,.579,-4.54,-1.3,-46.58,R
,98191,784,0,3845,0.338,-0.708,0.595,-52.45,-4.48,-52.51,R
,98201,772,0,4095,0.337,-0.743,.613,-49.35,-3.3,-56.79,R
,98211,774,0,3841,0.273,-0.750,0.635,-47.50,-9.01,-53.49,R
,98221,786,0,4095,0.270,-0.780,.649,-4.91,-1927,-53.96,R
,98231,816,0,3845,0.371,-0.785,0.699,-3.96,-2859,-56.24,R
,98241,816,0,405,0.268,-0.711,.706,-30.59,-26.30,-51.84,R
,98251,816,0,3843,0.313,-0.719,.730,-3.03,-19.09,-48.48,R
,98261,817,0,4095,0.335,-0.766,0.798,-36.37,-12.33,-46.7,R
,98271,830,0,3842,0.392,-0.775,0.884,-34.40,-3.5,-42.91,R
,98281,825,0,4095,0.359,-0.717,0.961,-30.66,7.26,-38.88,R
,98291,816,0,3839,0.314,-0.720,1.064,-32.08,24.82,-27.20,R
,98311,813,0,3841,0.236,-0.762,1.242,-2.26,31.0,-10.50,R
,98321,784,0,4095,0.234,-0.773,1.341,-26.94,26.37,-8.68,R
,98331,806,0,3840,0.203,-0.758,.416,-2.13,18.1,-7.46,R
,98341,812,0,4095,0.261,-0.799,1.501,-8.55,5.61,-10.22,R
,98351,816,0,3839,0.291,-0.782,.503,1051,-1.1,-11.08,R
,98361,26,0,4095,0.301,-0.785,.501,2760,-3.5,-10.44,R
,98391,898,0,3839,0.317,-0.645,1.024,13.99,-4.10,1.64,R
,98401,880,0,4095,0.285,-0.645,.911,4.25,-10.40,1.62,R
,98421,944,0,4095,0.365,-0.682,.863,4.8,-28.2,2.26,R
,98431,22,0,3840,0.346,-0.703,0.827,7.19,-29.63,-1.00,R
,98441,927,0,4095,0.328,-0.694,.813,1523,-25.6,1.93,R
,98451,939,0,3831,0.298,-0.669,.754,21.11,-18.2,12.48,R
,98461,919,0,4095,0.312,-0.637,.752,2152,-12.7,20.86,R
,98471,915,0,3844,0.258,-0.607,.717,14.01,-13.55,25.12,R
,98481,923,0,4095,0.344,-0.651,.733,5.1,-19.17,24.98,R
,98491,923,0,3834,0.315,-0.632,.703,-159,-28.5,22.07,R
,98501,926,0,4095,0.311,-0.684,.710,-1.26,-3657,18.77,R
,98521,39,0,4095,0.355,-0.735,.689,-407,-42.56,16.95,R
,98531,943,0,3839,0.358,-0.758,0.674,1.37,-37.06,20.05,R
,98541,926,0,4095,0.376,-0.755,0.673,11.67,-29.01,23.79,R
,98551,935,0,3841,0.367,-0.727,.672,19.20,-17.52,26.49,R
,98561,931,0,4095,0.319,-0.702,.659,2247,-8.0,29.21,R
,98581,935,0,4095,0.301,-0.650,.683,1470,-2.3,32.08,R
,98591,935,0,3838,0.294,-0.663,0.678,5.66,-13.63,26.60,R
,98611,904,0,3840,0.278,-0.676,.702,-923,-38.3,19.36,R
,98621,921,0,4095,0.261,-0.699,0.708,-13.93,-43.11,19.97,R
,98631,933,0,3844,0.295,-0.732,0.722,-921,-41.6,23.64,R
,98651,935,0,3831,0.274,-0.729,0.737,7.3,-27.9,28.94,
,98671,936,0,3837,0.250,-0.681,0.739,16.56,-18.16,30.20,R
,98681,940,0,4095,0.238,-0.686,.730,1161,-23.5,28.57,R
,98701,944,0,4095,0.246,-0.680,0.722,1.90,-34.62,26.40,R
,98711,950,0,3839,0.186,-0.713,0.728,-1.00,-39.75,25.52,R
,98731,945,0,3831,0.137,-0.765,0.736,2.25,-46.79,25.36,R
,98741,47,0,4095,0.203,-0.714,0.693,6.65,-46.11,24.37,R
,98751,953,0,3837,0.182,-0.750,0.719,12.90,-45.40,24.33,R
,98761,947,0,4095,0.200,-0.764,0.656,22.36,-46.27,24.68,R
,98771,943,0,3843,0.225,-0.739,0.612,24.01,-45.7,22.16,R
,98781,944,0,4095,0.198,-0.737,.583,2485,-43.1,24.57,R
,98801,911,0,4095,0.230,-0.725,0.472,32.24,-41.59,25.97,R
,98811,906,0,3840,0.187,-0.736,.419,2688,-38.2,25.99,R
,98821,884,0,4095,0.235,-0.746,0.394,30.83,-38.65,23.42,R
,98831,910,0,3845,0.231,-0.728,.305,2799,-36.9,22.31,R
,98841,909,0,4095,0.032,-1.104,.354,5351,-45.72,18.04,R
,98851,912,0,3829,0.290,-0.742,.215,2158,-43.9,7.62,R
,98861,901,0,4095,0.309,-0.805,.198,1080,-46.2,-3.57,R
,98871,894,0,3839,0.310,-0.794,.122,5.4,-45.20,-5.61,R
,98881,882,0,4095,0.378,-0.732,.053,-901,-29.12,-7.46,R
,98891,879,0,3845,0.304,-0.803,.064,3.49,-24.31,-0.19,R
,98911,869,0,3831,0.355,-0.815,0.100,-846,0.21,-5.71,R
,98921,854,0,4095,0.308,-0.862,.028,-5.88,7.08,-3.89,R
,98931,862,0,3824,0.300,-0.870,0.210,-9.14,10.59,-14.97,R
,98941,881,0,4095,0.264,-0.885,.356,-710,6.83,-23.80,R
,98961,879,0,4095,0.252,-0.802,.286,-3.55,15.99,-14.64,R
,98981,881,0,4095,0.233,-0.843,0.342,-22.46,27.79,-20.10,R
,99001,869,0,4095,0.200,-0.839,.399,-1.93,35.28,-16.48,R
,99011,896,0,3833,0.244,-0.849,0.454,-12.72,37.9,-20.3,R
,99021,891,0,4095,0.239,-0.845,.477,-1.96,38.4,-26.35,R
,99031,902,0,3830,0.213,-0.837,.474,-13.35,38.66,-28.22,R
,99051,895,0,3825,0.241,-0.868,0.492,-23.01,42.01,-27.87,R
,99061,919,0,4095,0.242,-0.860,.528,-2.20,42.0,-30.5,R
,99071,913,0,3828,0.248,-0.895,0.543,-2.06,44.6,-32.1,R
,99081,913,0,4095,0.252,-0.882,.526,-19.52,48.8,-31.40,R
,99091,910,0,3828,0.233,-0.849,0.534,-15.61,52.59,-33.19,R
,99101,930,0,4095,0.227,-0.844,.544,-1.96,54.4,-36.68,R
,99111,927,0,3831,0.253,-0.811,.543,-1.85,53.5,-42.68,R
,99121,945,0,4095,0.216,-0.803,.531,-26.04,51.5,-46.48,R
,99131,945,0,389,0.228,-0.812,0.539,-32.11,43.34,-51.05,R
,99141,960,0,4095,0.244,-0.825,.523,-3.26,36.3,-54.5,R
,99151,975,0,3829,0.261,-0.814,0.531,-37.53,28.62,-56.73,R
,99161,959,0,4095,0.290,-0.814,.515,-3.25,27.11,-59.28,R
,99171,894,0,3830,0.316,-0.805,.517,-3.16,28.66,-62.18,R
,99181,899,0,4095,0.311,-0.778,.496,-2.56,35.2,-62.73,R
,99191,886,0,3826,0.275,-0.738,0.485,-26.55,44.51,-61.98,R
,99211,912,0,3820,0.236,-0.651,.454,-25.17,60.4,-58.36,R
,99221,903,0,4095,0.233,-0.648,0.463,-23.88,63.15,-56.18,R
,99231,902,0,3836,0.229,-0.624,0.475,-20.98,60.59,-58.53,R
,99241,897,0,4095,0.221,-0.576,.497,-1.79,56.5,-66.41,R
,99251,901,0,3835,0.208,-0.615,0.489,-1.91,38.6,-71.00,R
,99261,857,0,4095,0.204,-0.525,0.505,-2.63,26.8,-73.16,R
,99281,797,0,4095,0.194,-0.404,0.466,6.80,35.18,-63.95,R
,99291,795,0,3839,0.162,-0.326,.487,4.74,55.14,-48.97,R
,99301,799,0,4095,0.140,-0.238,0.538,3.72,72.76,-33.61,R
,99311,00,0,3834,0.097,-0.239,0.607,2.59,86.34,-21.26,R
,99331,11,0,3841,0.070,-0.202,0.809,11.23,88.60,-10.15,R
,99341,99,0,4095,0.096,-0.253,0.893,22.25,81.81,-3.26,R
,99351,800,0,3828,0.081,-0.238,.944,2937,76.5,0.57,R
,99361,786,0,4095,0.158,-0.120,1.042,31.22,79.76,6.94,R
,99371,802,0,3829,0.037,-0.323,1.140,3247,82.1,23.88,R
,99381,795,0,4095,0.168,-0.257,.227,3094,89.78,30.60,R
,99391,805,0,3828,0.166,-0.417,.308,3519,90.3,46.57,R
,99401,807,0,4095,0.248,-0.408,.382,3958,89.03,52.46,R
,99411,802,0,3831,0.279,-0.499,1.440,4560,76.1,56.36,
,99421,811,0,4095,0.358,-0.562,1.474,46.09,63.63,53.10,R
,99431,810,0,3839,0.405,-0.611,.485,4587,52.9,49.78,
,99441,810,0,4095,0.423,-0.690,.480,4703,46.19,47.09,R
,99451,803,0,3829,0.468,-0.774,.484,5126,43.84,46.69,R
,99461,810,0,4095,0.480,-0.768,1.408,56.82,48.92,52.66,
,99471,806,0,3826,0.483,-0.807,1.256,57.28,49.49,57.97,R
,99481,785,0,405,0.492,-0.835,1.320,52.01,39.23,49.88,R
,99491,807,0,3831,0.449,-0.856,1.244,51.63,29.40,43.64,R
,99501,802,0,4095,0.407,-0.857,1.235,53.16,18.02,38.16,R
,99511,99,0,3835,0.400,-0.858,1.175,5290,6.86,35.06,R
,99521,798,0,4095,0.406,-0.843,.153,5181,-1.6,31.10,
,99531,802,0,3827,0.414,-0.826,1.102,52.88,-4.04,30.33,R
,99541,00,0,4095,0.373,-0.810,1.074,51.14,-2.92,30.36,R
,99551,801,0,3830,0.341,-0.784,.035,4813,-0.8,32.63,R
,99571,79,0,3837,0.266,-0.717,1.012,39.86,-3.17,35.81,R
,99581,778,0,4095,0.270,-0.715,.011,35.81,-9.7,35.33,
,99591,781,0,3824,0.247,-0.694,1.000,30.47,-17.24,32.45,R
,99601,752,0,4095,0.218,-0.698,.986,2302,-24.8,29.04,R
,99611,752,0,3831,0.233,-0.711,0.985,20.86,-30.40,28.04,R
,99621,753,0,4095,0.198,-0.687,0.985,21.40,-33.92,29.38,R
,99631,754,0,3831,0.202,-0.685,.984,2172,-33.15,31.58,R
,99641,752,0,4095,0.199,-0.664,0.992,22.47,-32.21,32.13,R
,99651,753,0,3831,0.177,-0.624,.972,2192,-31.0,31.70,R
,99661,55,0,4095,0.171,-0.614,0.964,20.74,-31.99,32.22,R
,99671,747,0,3833,0.174,-0.589,0.953,17.92,-33.49,31.78,R
,99681,752,0,4095,0.170,-0.589,0.956,14.10,-35.20,31.59,R
,99691,747,0,3839,0.172,-0.580,0.943,11.89,-36.9,31.01,R
,99701,741,0,4095,0.143,-0.566,.954,8.3,-37.3,30.29,
,99711,797,0,387,0.107,-0.572,.964,5.6,-37.5,30.62,
,99721,835,0,4095,0.110,-0.585,.954,6.1,-38.0,32.19,R
,99741,843,0,4095,0.085,-0.550,0.983,13.35,-37.4,33.81,R
,99751,839,0,3833,0.081,-0.541,0.985,1433,-38.25,31.55,R
,99761,837,0,4095,0.163,-0.460,1.008,16.41,-38.05,28.78,R
,99771,839,0,3813,0.058,-0.548,.987,15.81,-44.8,27.53,R
,99791,838,0,3825,0.067,-0.547,0.966,1593,-50.3,27.87,R
,99801,837,0,4095,-0.025,-0.543,0.980,15.89,-47.11,29.93,R
,99821,868,0,4095,0.002,-0.558,0.870,20.06,-43.87,33.15,R
,99841,36,0,4095,0.035,-0.582,0.773,3016,-52.5,32.07,R
,99851,834,0,3829,0.071,-0.575,.703,3352,-53.9,27.67,R
,99861,827,0,4095,0.048,-0.588,0.691,36.65,-55.38,24.68,R
,99871,30,0,3827,0.049,-0.617,0.633,4393,-57.8,23.81,R
,99891,842,0,3835,0.089,-0.594,0.491,4830,-51.9,18.86,R
,99921,871,0,4095,0.176,-0.534,0.348,34.27,-41.20,6.62,R
,99931,859,0,3839,0.169,-0.555,.303,24.24,-32.9,6.94,R
,99941,823,0,4095,0.187,-0.530,.287,14.21,-26.68,7.42,R
,99971,829,0,3835,0.173,-0.544,0.329,-12.33,-12.25,-6.8,R
,99981,781,0,405,0.158,-0.565,0.355,-14.01,-11.98,-8.42,R
,99991,716,0,3840,0.167,-0.597,.483,-1.86,-1418,-13.57,R
,100021,752,0,4095,0.117,-0.572,0.521,-0.98,0.76,-10.70,R
,100041,841,0,4095,0.115,-0.635,0.586,-0.07,16.53,-3.87,R
,100051,841,0,3835,0.142,-0.609,0.634,2.80,25.31,1.09,R
,100191,989,0,3837,0.159,-0.616,0.836,-.10,61.52,-19.5,R
,100201,997,0,4095,0.139,-0.598,0.839,-6.91,61.98,-22.18,R
,100211,1006,0,833,0.144,-0.576,0.834,-11.87,60.24,-23.09,R
,100221,1006,0,4095,0.099,-0.545,0.819,19.84,5.58,-24.42,R
,100231,1008,0,3829,0.120,-0.566,0.824,-30.94,43.73,-29.02,R
,100241,1008,0,4095,0.158,-0.584,0.842,-37.01,26.71,-37.06,R
,100251,1008,0,3837,0.192,-0.605,0.830,-37.29,14.27,-43.72,R
,100261,1008,0,4095,0.198,-0.615,0.806,-35.78,9.23,-44.88,R
,100271,1040,0,3826,0.228,-0.62,0.792,30.30,1.69,-41.28,R
,100281,1047,0,4095,0.227,-0.601,0.792,26.28,3.95,-36.74,R
,100291,1044,0,3824,0.193,-0.575,0.773,-23.68,4.48,-29.96,R
,100301,1053,0,4095,0.163,-0.565,0.774,-26.14,5.40,-26.45,R
,100311,1062,0,841,0.19,-0.53,0.775,-31.76,51.72,-2548,R
,100321,1086,0,4095,0.201,-0.587,0.826,-32.39,4.74,-29.55,R
,100331,1098,0,3824,0.225,-0.53,0.772,-37.87,27.98,-39.40,R
,100361,1104,0,4095,0.229,-0.58,0.757,33.97,7.41,-48.03,R
,100371,1081,0,3808,0.251,-0.508,0.746,-32.25,13.15,-42.25,R
,100381,891,0,4095,0.217,-0.515,0.735,-31.94,22.28,-35.77,R
,100401,881,0,4095,0.196,-0.575,0.717,-34.07,27.47,-24.24,R
,100411,873,0,3824,0.249,-0.598,0.770,-38.83,2468,-30.19,R
,100421,864,0,4095,0.276,-0.589,0.880,-35.47,17.12,-35.23,R
,100451,897,0,3831,0.146,-0.524,1.228,-38.14,30.22,-25.93,R
,100461,881,0,4095,0.108,-0.576,1.358,-2.52,4071,-14.01,R
,100471,871,0,3830,0.126,-0.596,1.534,-8.07,4213,-8.03,R
,100491,906,0,3811,0.159,-0.610,1.653,-0.17,2451,-6.16,R
,100521,944,0,4095,0.173,-0.550,1.637,1.05,5.03,-1.02,R
,100551,912,0,3830,0.266,-0.564,1.270,183,-6.9,-2.03,R
,100561,905,0,4095,0.235,-0.595,1.167,4.45,-8.60,-0.35,R
,100581,911,0,4095,0.267,-0.579,1.071,12.56,-17.59,7.10,R
,100591,897,0,3814,0.259,-0.550,1.012,13.96,-2282,3.93,R
,100601,901,0,4095,0.239,-0.540,0.959,11.41,-27.76,3.10,R
,100611,902,0,3827,0.271,-0.547,0.940,10.30,-29.12,3.96,R
,100621,895,0,4095,0.238,-0.532,0.947,8.80,-28.57,6.08,R
,100631,871,0,3837,0.206,-0.534,0.929,6.80,-26.89,10.60,R
,100661,858,0,4095,0.190,-0.554,0.904,4.35,-26.0,20.51,R
,100711,877,0,3821,0.224,-0.556,0.911,10.67,-28.54,27.41,R
,100731,879,0,3830,0.227,-0.561,0.917,1.45,-32.6,25.27,R
,100741,869,0,4095,0.196,-0.556,0.909,-1.61,-35.81,23.78,R
,100751,867,0,3835,0.194,-0.587,0.907,-5.18,-37.05,22.0,R
,100791,858,0,3842,0.187,-0.628,0.921,6.96,-52.08,13.84,R
,100811,863,0,3834,0.172,-0.598,0.919,7.32,-53.38,9.47,R
,100821,866,0,4095,0.178,-0.599,0.911,9.78,-54.25,6.91,R
,100831,854,0,3839,0.154,-0.579,0.899,11.66,-52.47,5.85,R
,100851,871,0,3837,0.084,-0.525,0.864,1.12,-43.81,4.83,R
,100891,866,0,3831,-0.005,-0.50,0.755,4.88,-5.52,9.44,R
,100901,850,0,4095,-0.011,-0.50,0.690,5.63,-52.22,15.9,R
,100951,800,0,3833,0.026,-0.392,0.416,59.09,-9.78,38.97,R
,100961,784,0,4095,0.017,-0.374,0.410,6.64,-4.6,43.90,R
,101021,758,0,4095,0.035,-0.593,0.350,4.18,-0.8,27.09,R
,101051,743,0,3831,0.214,-0.614,0.347,42.86,35.29,26.20,R
,101061,746,0,4095,0.199,-0.660,0.472,45.64,45.6,19.88,R
,101071,763,0,3834,0.141,-0.669,0.630,5.28,46.0,13.44,R
,101091,767,0,3837,0.138,-0.566,0.560,81.95,58.88,17.49,R
,101121,774,0,4095,0.092,-0.595,0.714,26.59,58.5,4.87,R
,101141,775,0,4095,0.094,-0.603,0.797,23.31,52.1,-3.17,R
,101151,778,0,3837,0.102,-0.607,0.840,29.41,51.70,-9.51,R
,101161,752,0,4095,0.097,-0.613,0.865,30.47,49.5,-17.08,R
,101191,767,0,3826,0.040,-0.577,0.892,2.21,53.1,-20.44,R
,101211,780,0,331,0.094,-0.513,0.908,25.96,75.5,-20.18,R
,101221,769,0,4095,-0.012,-0.56,0.936,9.61,79.76,-20.32,R
,101241,767,0,4095,0.045,-0.531,0.940,2.45,75.8,-24.36,R
,101251,737,0,3830,0.018,-0.520,0.971,1.38,65.6,-32.29,R
,101261,737,0,4095,-0.09,-0.537,0.983,2.77,53.86,-38.18,R
,101271,725,0,3831,-0.008,-0.55,1.006,0.33,44.13,-40.07,R
,101281,720,0,4095,-0.017,-0.556,1.005,2.85,40.94,-38.76,R
,101291,741,0,3824,-0.008,-0.537,1.002,6.16,39.0,-36.22,R
,101301,747,0,4095,0.021,-0.515,0.988,1.58,41.99,-35.28,R
,101311,759,0,335,0.028,-0.482,0.949,12.22,48.7,-34.04,R
,101331,764,0,3812,0.027,-0.480,0.929,6.76,56.0,-40.85,R
,101351,752,0,3829,0.024,-0.465,0.925,-0.43,47.2,-48.80,R
,101361,752,0,4095,0.010,-0.443,0.906,-.86,39.9,-51.61,R
,101371,755,0,3829,-0.000,-0.43,0.897,9.68,3441,-54.10,R
,101441,779,0,4095,0.026,-0.458,0.881,-7.53,3179,-55.00,R
,101481,861,0,4095,0.091,-0.405,0.806,-25.49,20.51,-49.75,R
,101501,847,0,495,0.152,-0.460,0.759,-21.32,5.0,-55.25,R
,101511,848,0,3825,0.164,-0.435,0.772,-7.58,-208,-56.36,R
,101521,846,0,495,0.15,-0.422,0.858,-16.49,-002,-54.25,R
,101531,848,0,3824,0.038,-0.542,0.968,-6.57,6.1,-46.01,R
,101551,849,0,3827,0.052,-0.402,1.253,-36.69,3508,-34.59,R
,101571,853,0,3833,-0.013,-0.42,1.572,30.49,5.63,-12.41,R
,101581,850,0,4095,-0.051,-0.434,1.686,-16.26,54.54,-7.6,R
,101591,837,0,3833,-0.065,-0.39,1.745,0.78,44.59,-7.4,R
,101601,836,0,4095,-0.104,-0.325,1.774,9.26,31.9,-5.87,R
,101611,825,0,3825,-0.086,-0.31,1.782,11.70,18.59,-6.3,R
,101621,768,0,4095,-0.075,-0.30,1.718,.57,5.5,-5.93,R
,101641,762,0,4095,0.024,-0.363,1.434,5.03,-6.62,4.07,R
,101691,736,0,3819,0.061,-0.347,1.140,21.26,-15.63,14.36,R
,101701,752,0,4095,0.037,-0.343,1.080,15.19,-17.08,17.42,R
,101721,745,0,4095,0.008,-0.350,1.025,5.45,-23.1,22.80,R
,101731,749,0,3807,0.047,-0.397,1.017,6.24,-25.3,24.33,R
,101751,752,0,3824,0.030,-0.397,0.993,8.50,-27.66,29.64,R
,101761,752,0,4095,0.043,-0.398,0.995,11.51,-23.47,33.99,R
,101771,747,0,3831,0.047,-0.396,0.997,12.59,-19.92,36.57,R
,101781,743,0,4095,0.042,-0.411,1.001,1.25,-1595,39.38,R
,101791,746,0,3822,0.029,-0.385,0.994,14.65,-11.87,43.45,R
,101801,743,0,4095,0.035,-0.386,1.003,1.09,-8.0,45.73,R
,101811,745,0,3827,0.022,-0.384,1.017,13.40,-9.6,45.96,R
,101871,755,0,3824,-0.023,-0.39,1.041,.62,-21.15,39.93,R
,101891,783,0,319,-0.011,-0.366,1.043,7.80,-19.92,39.15,R
,101901,784,0,4095,-0.058,-0.40,1.083,.39,-2608,39.53,R
,101911,784,0,3823,-0.023,-0.37,1.033,9.08,-32.80,36.51,R
,101921,784,0,4095,-0.047,-0.38,1.050,.93,-3692,33.78,R
,101931,786,0,3824,-0.078,-0.405,1.042,11.70,-3.92,29.85,R
,101941,791,0,4095,-0.085,-0.407,1.022,13.09,-43.06,26.66,R
,101961,790,0,4095,-0.110,-0.40,0.987,7.69,-43.24,27.65,R
,101971,786,0,3820,-0.132,-0.413,0.999,19.25,-43.20,29.58,R
,101981,777,0,4095,-0.135,-0.412,0.907,4.68,-45.21,29.4,R
,101991,746,0,3817,-0.079,-0.395,0.836,5.20,-4.15,25.47,R
,102001,741,0,4095,-0.097,-0.402,0.796,8.35,-4.81,24.34,R
,102011,725,0,3823,-0.131,-0.42,0.713,3.89,-5.14,23.79,R
,102021,720,0,4095,-0.050,-0.40,0.619,6.96,-5.95,20.62,R
,102031,703,0,3824,-0.048,-0.38,0.599,5.77,-5.06,18.63,R
,102041,687,0,4095,0.030,-0.351,0.487,23.66,-49.87,17.70,R
,102051,765,0,3824,-0.007,-0.38,0.440,0.39,-4.92,14.57,R
,102061,742,0,4095,0.111,-0.359,0.377,4.48,-34.94,9.41,
,102071,714,0,3821,0.059,-0.424,0.374,1.25,-35.79,5.97,R
,102081,730,0,4095,0.046,-0.454,0.416,-.91,-3321,0.92,R
,102101,766,0,4095,0.064,-0.515,0.435,-7.82,-28.47,-4.5,R
,102121,754,0,4095,0.036,-0.536,0.415,-2.10,-7.95,-2.65,R
,102171,795,0,3824,-0.016,-0.446,0.648,-1.90,34.91,-3.02,R
,102191,829,0,3819,-0.066,-0.46,0.745,15.87,3.28,-11.46,R
,102201,827,0,4095,-0.060,-0.47,0.800,16.31,2.05,-16.41,R
,102211,774,0,3824,-0.047,-0.490,0.830,-12.42,16.62,-19.32,R
,102221,769,0,4095,-0.039,-0.45,0.860,8.49,2645,-25.23,R
,102231,753,0,3824,-0.077,-0.49,0.875,1.65,2676,-24.13,R
,102241,742,0,4095,-0.028,-0.45,0.873,4.16,2944,-22.87,R
,102251,765,0,3821,-0.027,-0.46,0.898,-6.30,3135,-21.84,R
,102261,803,0,4095,-0.035,-0.470,0.910,-8.60,34.41,-19.83,R
,102271,721,0,3823,-0.026,-0.48,0.902,8.37,3656,-19.09,R
,102281,752,0,4095,-0.020,-0.47,0.897,-9.41,39.84,-18.84,R
,102291,790,0,3821,-0.023,-0.472,0.900,-9.75,41.61,-19.26,R
,102301,794,0,4095,-0.013,-0.49,0.890,12.52,4.86,-22.97,R
,102321,803,0,495,-0.004,-0.488,0.895,-20.17,30.73,-34.70,R
,102341,817,0,4095,-0.020,-0.470,0.882,-25.87,29.26,-37.90,R
,102351,816,0,3819,-0.04,-0.502,0.901,-29.27,32.21,-36.61,R
,102361,821,0,4095,-0.022,-0.508,0.937,-30.51,32.13,-36.24,R
,102371,825,0,3819,-0.016,-0.49,0.936,29.76,3.40,-36.58,R
,102381,819,0,4095,-0.007,-0.50,0.955,27.03,32.54,-37.69,R
,102401,827,0,4095,0.001,-0.482,0.927,-4.04,3083,-36.01,R
,102411,843,0,3821,0.040,-0.502,0.916,-3.44,2963,-35.87,R
,102421,835,0,4095,0.038,-0.476,0.878,-23.72,30.28,-35.77,R
,102441,833,0,4095,0.084,-0.472,0.799,-17.47,30.97,-32.35,R
,102451,848,0,3824,0.11,-0.470,0.750,-14.52,28.07,-34.21,R
,102481,855,0,4095,0.152,-0.446,0.721,-23.61,3.02,-44.96,R
,102491,870,0,3811,0.07,-0.487,0.828,-0.98,8.99,-45.16,R
,102511,895,0,3819,0.067,-0.510,0.963,-42.52,2557,-40.35,R
,102541,868,0,4095,0.033,-0.472,1.275,-22.86,38.36,-24.65,R
,102551,854,0,3824,-0.007,-0.471,1.418,25.65,3.09,-2453,R
,102571,813,0,3814,-0.055,-0.406,1.691,-30.43,22.48,-25.89,R
,102581,823,0,4095,-0.065,-0.45,1.783,27.35,16.04,-22.07,R
,102591,815,0,3819,-0.055,-0.41,1.844,15.68,1.22,-18.56,R
,102601,800,0,4095,-0.02,-0.39,1.852,2.65,7.3,-16.21,R
,102611,796,0,3818,-0.036,-0.37,1.819,5.12,1.23,-16.76,R
,102631,763,0,3824,0.060,-0.391,1.523,4.51,-18.6,-14.59,R
,102641,731,0,4095,0.062,-0.373,1.409,228,-22.9,-13.83,R
,102651,730,0,3819,0.111,-0.411,1.338,893,-24.2,-9.35,R
,102731,757,0,3811,0.089,-0.460,1.051,1.17,-40.86,7.65,
,102771,737,0,3817,0.150,-0.333,1.030,10.54,-31.69,15.35,R
,102781,757,0,4095,0.111,-0.410,0.977,10.13,-37.46,13.87,R
,102811,765,0,3818,0.028,-0.409,0.974,7.66,-44.25,10.40,R
,102821,755,0,4095,-0.007,-0.396,0.974,.60,-4161,14.52,R
,102831,723,0,3813,-0.008,-0.410,1.005,3.66,-3.40,16.26,R
,102841,730,0,4095,-0.059,-0.39,1.001,15.54,-40.57,16.04,R
,102851,763,0,3814,-0.056,-0.394,0.996,17.81,-42.04,14.78,R
,102861,781,0,4095,-0.083,-0.39,1.002,24.64,-47.50,12.00,R
,102871,789,0,3821,-0.093,-0.37,0.962,0.57,-5.01,11.8,R
,102881,783,0,4095,-0.090,-0.348,0.936,34.88,-51.98,12.62,R
,102891,795,0,3813,-0.130,-0.32,0.895,33.77,-5.23,15.76,R
,102901,772,0,4095,-0.156,-0.327,0.879,0.30,-5.12,18.58,R
,102911,766,0,3814,-0.136,-0.353,0.841,28.33,-51.64,20.34,R
,102921,752,0,4095,-0.152,-0.345,0.829,6.45,-4.99,25.67,R
,102931,750,0,3823,-0.154,-0.37,0.803,5.20,-4.44,31.29,R
,102941,758,0,4095,-0.113,-0.363,0.734,42.73,-41.70,34.66,R
,102951,757,0,3823,-0.112,-0.36,0.674,0.41,-33.81,36.60,R
,102961,722,0,495,-0.095,-0.321,0.608,55.63,-26.40,40.20,R
,102971,697,0,3823,-0.150,-0.304,0.562,62.86,-17.70,44.16,R
,102981,692,0,4095,-0.070,-0.265,0.453,61.02,-15.20,45.88,R
,102991,720,0,3823,-0.038,-0.287,0.410,54.53,-14.47,45.00,R
,103001,724,0,4095,0.016,-0.328,0.398,5.96,-19.30,42.98,R
,103011,714,0,320,-0.087,-0.43,0.421,6.38,-20.85,42.62,R
,103051,710,0,3820,0.118,-0.504,0.472,32.59,-1.35,27.29,R
,103061,753,0,4095,0.190,-0.530,0.457,33.81,11.17,25.68,R
,103081,784,0,4095,0.204,-0.562,0.520,41.77,39.95,22.29,R
,103121,805,0,4095,0.077,-0.486,0.694,43.09,70.02,1.53,R
,103161,860,0,4095,0.016,-0.491,0.861,4.94,39.78,-32.90,R
,103181,846,0,4095,0.030,-0.515,0.924,2.33,39.60,-36.55,R
,103221,907,0,4095,-0.003,-0.443,0.920,17.77,60.30,-31.51,R
,103231,869,0,3823,-0.007,-0.41,0.923,14.38,60.21,-35.58,R
,103241,866,0,4095,-0.012,-0.419,0.906,8.56,54.77,-41.89,R
,103261,864,0,495,-0.021,-0.420,0.897,-10.19,50.94,-55.69,R
,103271,823,0,3823,-0.042,-0.417,0.891,-15.36,46.16,-56.64,R
,103281,759,0,4095,-0.016,-0.417,0.911,-18.65,41.61,-59.83,R
,103291,778,0,3824,-0.017,-0.423,0.925,-20.62,36.66,-63.48,R
,103301,800,0,4095,-0.050,-0.405,0.916,-17.75,37.52,-63.28,R
,103311,818,0,3818,-0.056,-0.415,0.937,-12.68,39.23,-61.02,R
,103321,821,0,4095,-0.068,-0.39,0.920,10.01,41.86,-57.81,R
,103331,830,0,3818,-0.038,-0.388,0.918,-13.07,41.87,-55.58,R
,103341,815,0,4095,-0.048,-0.38,0.934,17.30,45.86,-54.51,R
,103351,832,0,3818,-0.006,-0.40,0.928,25.29,44.13,-53.90,R
,103361,834,0,4095,-0.010,-0.40,0.925,29.36,40.42,-53.11,R
,103371,841,0,3797,-0.011,-0.380,0.962,-34.57,41.29,-55.83,R
,103381,838,0,4095,-0.021,-0.394,0.962,-37.10,41.31,-55.02,R
,103391,816,0,3818,-0.026,-0.349,0.978,-37.55,34.37,-50.50,R
,103411,714,0,319,0.049,-0.432,0.948,-5.21,19.32,-46.41,R
,103431,599,0,3822,0.032,-0.420,0.949,-4.25,17.63,-47.17,R
,103441,604,0,4095,0.087,-0.426,0.881,-3.85,26.68,-35.95,R
,103471,624,0,3812,0.138,-0.342,0.807,-22.57,38.51,-36.06,R
,103501,602,0,4095,-0.054,-0.374,1.229,56.83,2.71,-53.95,R
,103511,576,0,3818,-0.135,-0.49,1.360,-53.65,26.07,-42.58,R
,103521,555,0,4095,-0.274,-0.47,1.525,-37.75,31.93,-28.36,R
,103531,561,0,3815,-0.155,-0.278,1.729,-25.56,36.34,-20.94,R
,103541,555,0,4095,-0.200,-0.23,1.780,11.01,35.02,-9.38,R
,103551,551,0,3823,-0.214,-0.278,1.806,.26,27.7,-1.54,R
,103561,550,0,4095,-0.191,-0.259,1.827,.99,14.1,-2.44,R
,103571,547,0,3823,-0.180,-0.23,1.809,8.18,-2.27,-7.29,R
,103601,525,0,4095,-0.052,-0.212,1.432,.54,-15.67,4.51,R
,103611,511,0,3806,0.006,-0.263,1.323,1.56,-15.20,10.16,R
,103621,487,0,4095,0.042,-0.271,1.250,15.35,-12.19,13.20,R
,103631,486,0,3818,0.007,-0.258,1.183,1.46,-8.7,16.71,R
,103641,466,0,4095,-0.017,-0.26,1.111,6.44,-6.57,20.8,R
,103651,469,0,3819,-0.08,-0.27,1.098,4.10,-9.50,25.15,R
,103661,480,0,4095,-0.036,-0.29,1.061,1.25,-15.44,28.49,R
,103671,471,0,3814,-0.014,-0.310,1.051,.77,-23.40,30.36,R
,103681,478,0,4095,0.010,-0.332,1.046,8.42,-26.89,29.27,R
,103691,483,0,3821,0.018,-0.339,1.033,11.48,-27.44,32.17,R
,103701,484,0,4095,0.009,-0.323,1.018,13.84,-22.51,35.97,R
,103711,464,0,3814,0.008,-0.322,1.001,15.80,-14.22,42.60,R
,103751,465,0,3811,-0.027,-0.338,1.026,13.74,-9.03,52.02,R
,103761,451,0,4095,-0.050,-0.31,1.018,4.70,-16.48,50.23,R
,103771,434,0,3821,-0.048,-0.328,1.041,4.39,-24.82,47.52,R
,103781,448,0,4095,-0.038,-0.31,1.030,3.64,-31.50,45.04,R
,103791,436,0,3811,-0.046,-0.325,1.037,0.01,-3.65,44.42,R
,103801,419,0,4095,-0.065,-0.344,1.024,6.88,-35.18,46.07,R
,103811,443,0,319,-0.057,-0.354,1.035,.77,-33.35,49.8,R
,103831,464,0,3822,-0.054,-0.345,1.031,1.66,-23.08,58.94,R
,103861,472,0,4095,-0.139,-0.308,1.062,4.54,-2.83,56.26,R
,103871,470,0,3824,-0.165,-0.304,1.072,0.21,-31.44,51.2,R
,103881,457,0,4095,-0.153,-0.34,1.091,1.70,-42.69,44.08,R
,103901,468,0,4095,-0.183,-0.382,1.062,7.55,-52.80,40.22,R
,103911,455,0,3819,-0.290,-0.36,1.180,.45,-51.96,40.51,R
,103921,478,0,4095,-0.28,-0.401,1.127,16.19,-50.63,45.39,R
,103951,495,0,3822,-0.244,-0.39,0.914,5.20,-46.31,46.72,R
,103961,501,0,4095,-0.179,-0.405,0.807,8.33,-53.08,43.56,R
,103971,511,0,321,-0.175,-0.414,0.735,43.34,-61.29,38.58,R
,103981,536,0,4095,-0.113,-0.399,0.617,37.40,-65.40,33.93,R
,103991,540,0,3820,-0.191,-0.38,0.701,2.41,-67.26,29.0,R
,104011,538,0,3824,-0.06,-0.42,0.381,26.01,-58.01,21.71,R
,104021,469,0,4095,-0.014,-0.42,0.399,0.06,-45.76,19.8,R
,104031,466,0,3824,-0.104,-0.56,0.531,.35,-41.61,18.19,R
,104041,462,0,4095,-0.020,-0.417,0.336,-12.66,-29.55,19.00,R
,104061,467,0,495,0.074,-0.503,0.396,-.53,-14.50,-1.26,R
,104071,475,0,3815,0.060,-0.500,0.396,-6.63,-4.89,-5.75,R
,104091,525,0,3823,-0.004,-0.47,0.505,.52,6.70,-14.30,R
,104101,543,0,4095,-0.002,-0.475,0.503,12.85,18.44,-11.11,R
,104111,541,0,3808,-0.01,-0.40,0.509,3.87,30.28,-11.22,R
,104121,543,0,4087,-0.048,-0.400,0.571,12.01,41.86,-12.21,R
,104131,528,0,3831,-0.079,-0.37,0.636,17.18,47.82,-13.38,R
,104141,541,0,4053,-0.093,-0.371,0.716,22.23,50.88,-17.11,R
,104151,546,0,3825,-0.136,-0.36,0.774,28.17,4.11,-23.90,R
,104161,528,0,471,-0.12,-0.39,0.864,-31.35,39.72,-30.94,R
,104181,535,0,4067,-0.174,-0.40,0.927,-19.82,22.53,-37.37,R
,104191,511,0,3823,-0.13,-0.41,0.939,-15.64,2.58,-3629,R
,104201,539,0,4095,-0.132,-0.40,0.947,9.88,2135,-33.66,R
,104211,528,0,3828,-0.094,-0.373,0.986,6.45,33.03,-34.82,R
,104221,535,0,4086,-0.083,-0.390,0.942,0.82,41.66,-30.27,R
,104231,539,0,3823,-0.16,-0.33,0.936,.51,48.80,-22.48,R
,104241,528,0,4063,-0.092,-0.344,0.940,-0.39,52.76,-22.45,R
,104251,529,0,323,-0.07,-0.370,0.979,-9.20,45.44,-29.38,R
,104261,525,0,4066,-0.064,-0.369,0.969,14.13,38.73,-37.83,R
,104271,524,0,3823,-0.058,-0.38,0.962,18.07,32.44,-44.24,R
,104281,509,0,4069,-0.067,-0.398,0.953,-23.65,28.02,-48.99,R
,104291,527,0,3824,-0.064,-0.435,0.945,25.96,25.12,-51.02,R
,104301,529,0,4048,-0.083,-0.42,0.957,-25.82,26.48,-50.09,R
,104311,528,0,325,-0.106,-0.397,0.964,-26.40,32.56,-46.61,R
,104321,541,0,4054,-0.097,-0.41,0.980,-27.14,40.19,-42.79,R
,104331,545,0,3821,-0.07,-0.418,0.989,-26.91,44.73,-41.92,R
,104341,551,0,4046,-0.097,-0.434,0.978,28.84,42.88,-41.26,R
,104351,553,0,3821,-0.056,-0.459,0.966,25.79,36.60,-4056,R
,104361,551,0,4067,-0.047,-0.42,0.953,21.41,31.86,-40.85,R
,104371,546,0,3815,-0.030,-0.42,0.914,18.88,29.00,-40.79,R
,104381,543,0,4095,-0.012,-0.400,0.858,-16.69,27.73,-40.51,R
,104391,546,0,3803,-0.001,-0.373,0.836,-18.91,26.25,-41.75,R
,104421,546,0,4079,0.028,-0.383,0.854,-38.36,27.08,-47.06,R
,104441,550,0,4048,-0.027,-0.429,0.914,31.30,30.28,-44.96,R
,104451,549,0,3822,-0.08,-0.38,0.918,-26.39,29.89,-42.00,R
,104461,535,0,4045,-0.05,-0.39,0.972,-20.66,2.18,-3767,R
,104471,538,0,3822,-0.05,-0.375,1.013,-25.10,26.30,-35.03,R
,104481,549,0,4048,-0.00,-0.32,1.070,31.17,30.89,-35.89,R
,104491,557,0,3822,-0.074,-0.30,1.185,35.65,32.42,-34.96,R
,104501,542,0,439,-0.06,-0.303,1.283,-35.17,35.46,-33.06,R
,104511,528,0,3824,-0.16,-0.26,1.365,31.00,37.76,-29.20,R
,104521,528,0,4029,-0.195,-0.26,1.450,21.43,37.32,-22.21,R
,104531,528,0,3821,-0.246,-0.355,1.504,10.59,27.00,-17.46,R
,104541,533,0,4036,-0.197,-0.39,1.528,0.42,13.76,-19.45,R
,104551,537,0,3819,-0.183,-0.36,1.517,.51,0.65,-22.36,R
,104561,528,0,4051,-0.159,-0.355,1.464,17.64,-2.83,-20.01,R
,104571,527,0,3819,-0.110,-0.34,1.439,0.53,-114,-16.79,R
,104581,511,0,3990,-0.09,-0.297,1.379,19.03,3.41,-12.53,R
,104601,528,0,417,-0.036,-0.309,1.355,19.32,-0.48,-13.89,R
,104611,525,0,3810,-0.026,-0.32,1.344,9.74,-031,-12.76,R
,104621,525,0,4029,-0.07,-0.31,1.361,15.51,-2.88,-13.77,R
,104631,528,0,3831,-0.049,-0.35,1.364,0.24,-7.14,-15.49,R
,104641,527,0,4023,-0.08,-0.38,1.349,11.93,-9.79,-12.30,R
,104651,523,0,3825,-0.16,-0.39,1.309,15.49,-10.91,-4.35,R
,104661,509,0,4017,-0.04,-0.396,1.306,23.08,-12.57,3.18,R
,104671,511,0,3824,-0.16,-0.373,1.273,23.02,-14.45,6.69,R
,104681,511,0,4010,-0.098,-0.40,1.217,1.02,-18.76,7.10,R
,104691,501,0,3818,-0.072,-0.42,1.194,0.01,-21.89,8.83,R
,104711,509,0,3824,-0.09,-0.43,1.126,6.85,-19.64,12.19,R
,104721,498,0,423,-0.18,-0.420,1.117,15.20,-14.56,13.36,R
,104731,499,0,3821,-0.04,-0.46,1.098,1.54,-15.73,11.33,R
,104741,465,0,4017,-0.18,-0.48,1.060,15.90,-2.98,10.48,R
,104751,496,0,3819,-0.16,-0.46,1.023,24.93,-26.72,12.42,R
,104761,490,0,4048,-0.088,-0.45,0.994,6.42,-28.54,15.7,R
,104771,493,0,3821,-0.07,-0.419,0.984,43.48,-27.34,16.86,R
,104781,495,0,4034,-0.076,-0.387,0.975,5.90,-24.74,14.31,R
,104801,496,0,416,-0.02,-0.353,0.939,41.41,-23.23,14.45,R
,104811,498,0,3824,-0.07,-0.354,0.939,39.40,-24.39,17.23,R
,104821,496,0,4021,-0.181,-0.345,0.968,9.67,-21.85,18.34,R
,104831,497,0,3824,0.000,-0.273,0.902,26.21,-19.85,15.47,R
,104841,496,0,4010,-0.00,-0.32,0.995,16.97,-21.76,17.21,R
,104851,502,0,3824,-0.111,-0.32,1.011,0.36,-26.27,14.55,R
,104861,498,0,4017,-0.072,-0.316,0.973,9.38,-32.88,13.81,R
,104871,505,0,3824,-0.094,-0.36,0.960,0.07,-37.29,16.23,R
,104881,502,0,3998,-0.29,-0.39,1.040,1.92,-41.06,17.35,R
,104891,511,0,3824,-0.04,-0.31,0.919,4.65,-39.34,12.25,R
,104901,511,0,4023,-0.091,-0.350,0.895,7.98,-44.14,11.73,R
,104911,485,0,3824,-0.073,-0.342,0.876,4.64,-46.94,10.02,R
,104921,511,0,4026,-0.077,-0.346,0.847,39.16,-49.03,11.87,R
,104931,499,0,3827,-0.129,-0.36,0.834,41.45,-45.15,16.78,R
,104951,479,0,3829,-0.116,-0.314,0.878,34.83,-26.39,14.89,R
,104961,478,0,4015,-0.04,-0.29,0.699,0.35,-26.42,17.76,R
,104971,467,0,3838,-0.03,-0.14,0.588,5.77,-5.79,18.69,R
,104981,449,0,4003,-0.002,-0.28,0.569,7.70,-20.22,15.27,R
,105011,423,0,3811,0.02,-0.270,0.529,26.51,-29.30,3.65,R
,105021,419,0,4016,0.062,-0.257,0.515,18.73,-31.87,-0.96,R
,105031,430,0,3820,0.09,-0.318,0.532,8.44,-33.15,-5.89,R
,105051,438,0,324,0.093,-0.323,0.507,-.26,-14.95,-9.83,R
,105071,452,0,3827,0.06,-0.332,0.594,-.30,12.66,-2.77,R
,105111,475,0,3837,-0.01,-0.309,0.770,-5.44,28.74,-15.14,R
,105121,488,0,385,-0.004,-0.299,0.811,-11.82,23.11,-21.25,R
,105131,490,0,3830,-0.05,-0.278,0.839,-23.06,2.47,-25.25,R
,105141,496,0,3990,-0.02,-0.29,0.908,-26.77,17.37,-27.45,R
,105151,505,0,3829,-0.047,-0.29,0.928,27.99,16.71,-26.70,R
,105161,499,0,3957,-0.056,-0.29,0.970,22.86,19.82,-24.38,R
,105171,497,0,3824,-0.056,-0.287,0.974,-17.47,26.07,-21.87,R
,105181,506,0,3971,-0.02,-0.30,0.981,11.70,29.41,-21.55,R
,105201,511,0,3955,-0.08,-0.311,1.010,-7.43,25.93,-22.85,R
,105211,503,0,330,0.002,-0.302,0.988,-.20,19.84,-25.78,R
,105231,511,0,3825,-0.04,-0.28,0.942,-2.52,20.25,-28.21,R
,105241,510,0,3963,-0.003,-0.275,0.935,3.81,22.60,-27.81,R
,105271,531,0,3835,0.002,-0.268,0.950,-5.79,28.18,-31.90,R
,105281,527,0,3957,0.004,-0.306,0.965,-18.46,23.52,-36.39,R
,105291,527,0,3830,0.00,-0.321,0.973,-18.62,20.02,-37.71,R
,105301,527,0,3984,0.02,-0.344,1.001,-16.08,18.63,-37.93,R
,105311,527,0,3832,-0.06,-0.313,0.979,-14.33,20.48,-37.75,R
,105331,544,0,3830,-0.08,-0.308,1.002,-10.30,28.33,-32.00,R
,105351,501,0,3841,-0.07,-0.29,1.003,16.14,23.11,-30.77,R
,105361,501,0,3967,-0.001,-0.31,0.985,-20.69,18.86,-33.78,R
,105371,498,0,3839,0.01,-0.383,0.982,-33.27,10.82,-37.92,R
,105381,488,0,4019,0.03,-0.386,0.934,-0.62,7.38,-41.51,R
,105391,489,0,3815,0.00,-0.340,0.937,-29.20,8.3,-41.4,R
,105401,496,0,3989,0.01,-0.354,0.940,-26.63,14.37,-36.65,R
,105411,474,0,3827,0.00,-0.345,0.926,-23.85,21.15,-32.25,R
,105421,501,0,3984,0.00,-0.338,0.930,-24.98,2615,-31.61,R
,105431,498,0,3829,0.008,-0.343,0.925,-26.62,22.86,-33.89,R
,105441,646,0,3955,0.010,-0.338,0.933,-6.75,16.02,-36.53,R
,105451,679,0,3831,0.04,-0.369,0.931,-25.91,11.60,-38.03,R
,105481,688,0,3977,0.094,-0.340,0.861,-19.97,14.63,-27.23,R
,105531,656,0,3823,0.000,-0.345,1.220,-8.78,23.32,-30.7,R
,105541,486,0,3964,-0.04,-0.35,1.324,31.58,29.11,-22.42,R
,105551,498,0,3835,-0.105,-0.306,1.417,-27.52,33.64,-1516,R
,105571,496,0,3824,-0.13,-0.284,1.542,-7.33,31.60,-0.5,R
,105581,493,0,3942,-0.11,-0.28,1.517,-3.35,20.02,2.91,R
,105591,481,0,324,-0.152,-0.247,1.507,2.07,12.41,0.52,R
,105601,484,0,4002,-0.111,-0.25,1.498,.78,-0.50,-3.38,R
,105611,487,0,3833,-0.15,-0.24,1.418,.38,-7.46,-2.12,R
,105621,483,0,3989,-0.03,-0.28,1.320,5.77,-10.10,4.52,R
,105631,493,0,3824,-0.020,-0.25,1.275,2.09,-7.35,8.92,R
,105641,466,0,4001,0.006,-0.269,1.179,16.90,-2.08,13.93,R
,105681,486,0,3999,-0.07,-0.290,1.052,8.74,-7.85,15.53,R
,105691,527,0,3829,-0.026,-0.314,1.042,6.01,-11.27,17.81,R
,105701,529,0,3984,-0.06,-0.31,1.031,.57,-13.24,20.63,R
,105711,528,0,3824,0.000,-0.321,1.036,2.86,-14.66,20.81,R
,105721,541,0,3998,0.002,-0.359,1.047,3.63,-16.42,19.20,R
,105731,537,0,3826,0.00,-0.365,1.054,8.99,-14.27,20.51,R
,105741,550,0,3998,-0.021,-0.360,1.061,15.19,-10.53,25.56,R
,105751,551,0,3838,-0.021,-0.357,1.054,22.21,-4.45,32.39,R
,105761,549,0,3990,-0.00,-0.32,1.037,7.63,1.17,38.16,R
,105771,547,0,3836,-0.07,-0.27,1.030,6.88,4.42,39.50,R
,105781,506,0,4034,-0.05,-0.28,1.029,20.15,1.32,35.39,R
,105791,494,0,3824,-0.05,-0.28,1.035,4.51,-8.68,28.94,R
,105801,493,0,3982,-0.00,-0.27,1.058,5.92,-20.14,24.02,R
,105811,507,0,3822,-0.09,-0.29,1.041,-0.31,-27.78,23.07,R
,105821,511,0,3987,-0.048,-0.31,1.055,0.48,-31.35,24.62,R
,105831,523,0,3827,-0.09,-0.31,1.067,.46,-27.47,28.11,R
,105841,546,0,4005,-0.069,-0.339,1.088,10.19,-19.69,31.47,R
,105851,547,0,3828,-0.08,-0.32,1.058,5.23,-15.85,34.89,R
,105861,559,0,3998,-0.19,-0.314,1.070,18.36,-12.24,38.10,R
,105871,560,0,3827,-0.122,-0.312,1.069,17.66,-13.40,38.52,R
,105881,554,0,4005,-0.115,-0.312,1.062,11.93,-17.75,35.93,R
,105891,547,0,327,-0.115,-0.32,1.059,.90,-24.98,32.68,R
,105901,535,0,4011,-0.112,-0.33,1.044,.84,-31.23,28.22,R
,105911,559,0,3828,-0.201,-0.47,1.117,5.99,-32.62,31.82,R
,105921,555,0,4012,-0.098,-0.374,1.031,9.87,-32.77,27.85,R
,105931,554,0,3826,-0.12,-0.37,1.002,.48,-28.16,30.17,R
,105941,553,0,4000,-0.043,-0.398,0.890,17.03,-21.03,31.96,R
,105951,539,0,3829,-0.081,-0.424,0.832,0.91,-1.03,38.02,R
,105981,368,0,3963,-0.098,-0.355,0.682,49.45,7.18,51.38,R
,105991,330,0,3831,-0.084,-0.319,0.618,46.90,6.34,47.13,R
,106001,249,0,383,-0.01,-0.30,0.579,37.57,-0.10,38.25,R
,106011,150,0,3810,-0.00,-0.30,0.565,22.83,-12.30,25.30,R
,106021,80,0,3967,-0.061,-0.323,0.549,4.45,-27.1,11.06,R
,106051,178,0,3823,0.017,-0.455,0.606,-25.81,-40.50,-11.31,R
,106061,304,0,3984,-0.16,-0.46,0.583,21.97,-30.62,-7.08,R
,106071,327,0,3799,-0.079,-0.446,0.615,-17.01,-.81,2.8,R
,106091,403,0,321,-0.05,-0.42,0.640,-4.63,28.60,14.40,R
,106101,402,0,3975,-0.052,-0.427,0.714,6.14,3579,11.67,R
,106121,426,0,3999,-0.01,-0.42,0.766,11.33,29.52,-9.23,R
,106131,434,0,3817,-0.06,-0.43,0.804,17.09,21.06,-18.62,R
,106141,437,0,3990,-0.15,-0.41,0.791,-20.45,15.73,-24.41,R
,106151,419,0,3811,-0.17,-0.39,0.809,-25.21,18.44,-24.42,R
,106161,451,0,3930,-0.17,-0.391,0.822,-31.14,21.95,-23.20,R
,106171,461,0,3830,-0.13,-0.41,0.863,34.07,22.24,-24.74,R
,106191,443,0,3821,-0.09,-0.459,0.904,-32.66,15.60,-29.25,R
,106201,444,0,3963,-0.025,-0.51,0.927,26.52,12.05,-34.00,R
,106221,631,0,3978,-0.01,-0.50,0.873,9.39,19.84,-37.89,R
,106231,636,0,3824,-0.010,-0.441,0.797,-5.15,25.98,-36.22,R
,106241,713,0,3965,-0.002,-0.416,0.779,5.33,35.66,-36.12,R
,106251,818,0,3824,-0.043,-0.37,0.766,15.52,44.53,-37.84,R
,106261,802,0,3964,-0.00,-0.40,0.811,32.89,44.15,-43.77,R
,106271,767,0,3824,-0.035,-0.44,0.869,45.27,3.50,-5196,R
,106281,669,0,3968,-0.013,-0.439,0.947,49.20,31.09,-61.64,R
,106291,573,0,3822,-0.060,-0.52,0.977,45.26,29.15,-61.69,R
,106311,533,0,3817,-0.134,-0.458,0.985,18.86,64.11,-3755,R
,106321,432,0,3947,-0.153,-0.425,1.045,8.46,8129,-25.11,R
,106331,419,0,330,-0.099,-0.42,1.041,.54,94.83,-16.94,R
,106351,236,0,3829,-0.189,-0.29,1.069,5.87,102.34,-13.61,R
,106361,78,0,3952,-0.23,-0.235,1.079,42.12,99.93,-16.53,R
,106381,73,0,3930,-0.29,-0.191,1.108,2.25,78.8,-32.82,R
,106401,81,0,3942,-0.264,-0.240,1.168,2.51,53.40,-42.22,R
,106411,75,0,3824,-0.280,-0.238,1.163,30.68,57.89,-38.07,R
,106431,294,0,3858,-0.38,-0.223,1.175,62.41,86.22,-20.97,R
,106441,429,0,338,-0.25,-0.22,1.164,74.28,95.31,-15.31,R
,106451,431,0,3829,-0.35,-0.190,1.154,84.22,98.07,-10.5,R
,106471,637,0,3829,-0.351,-0.120,1.112,94.24,95.69,-5.92,R
,106481,615,0,3984,-0.337,-0.11,1.110,95.98,90.27,-4.77,R
,106491,735,0,3835,-0.39,-0.094,1.121,00.51,8.36,-3.71,R
,106501,775,0,377,-0.31,-0.08,1.128,104.64,86.66,-2.06,R
,106511,784,0,3825,-0.35,-0.08,1.141,109.95,87.32,2.13,R
,106531,849,0,3831,-0.440,-0.04,1.135,19.63,91.43,15.29,R
,106541,859,0,3962,-0.465,-0.02,1.131,23.40,91.73,22.72,R
,106551,907,0,3834,-0.48,-0.02,1.127,126.80,88.30,27.87,R
,106561,914,0,3955,-0.50,0.026,1.103,19.29,8266,30.72,R
,106601,965,0,3967,-0.508,0.142,1.078,13.80,4592,36.94,R
,106621,973,0,3954,-0.58,0.156,0.998,114.33,32.51,40.92,R
,106641,967,0,3945,-0.59,0.205,0.963,110.74,22.88,45.70,R
,106691,959,0,3830,-0.42,0.245,0.813,106.18,26.45,63.7,R
,106721,927,0,3957,-0.418,0.191,0.786,9.59,32.9,57.70,R
,106771,853,0,3838,-0.325,0.199,0.667,7.48,41.50,80.19,R
,106821,779,0,3935,-0.354,0.149,0.775,3.39,22.45,28.52,R
,106841,670,0,3927,-0.31,0.143,0.812,17.37,28.59,26.54,R
,106871,615,0,3835,-0.366,0.202,0.843,4.45,27.49,11.87,R
,106901,535,0,3943,-0.468,0.304,0.812,-.62,7.55,-9.37,
,106921,528,0,3935,-0.51,0.321,0.786,-15.07,-0.51,-11.98,R
,106931,531,0,3840,-0.499,0.335,0.789,-5.97,5.4,-7.06,R
,106941,529,0,3903,-0.516,0.350,0.782,-15.67,13.28,-2.94,R
,106951,611,0,3847,-0.52,0.332,0.781,-13.49,19.96,1.88,R
,106981,643,0,3926,-0.588,0.368,0.769,-8.69,31.12,11.23,R
,107011,719,0,341,-0.64,0.389,0.772,-3.26,42.31,15.13,R
,107021,706,0,3920,-0.669,0.381,0.781,-.20,49.95,14.51,R
,107051,710,0,3841,-0.682,0.351,0.823,-.30,47.96,15.03,R
,107061,717,0,3919,-0.62,0.352,0.818,-3.61,47.57,14.68,R
,107081,715,0,3927,-0.608,0.396,0.762,-.04,47.61,14.87,R
,107091,771,0,356,-0.67,0.354,0.754,-1.41,43.50,19.82,R
,107101,804,0,3934,-0.589,0.363,0.724,-3.65,45.70,18.60,R
,107141,805,0,3908,-0.54,0.355,0.759,-17.55,46.70,17.59,R
,107161,891,0,3915,-0.606,0.342,0.784,-18.19,43.49,12.20,R
,107171,859,0,3857,-0.60,0.349,0.809,-17.64,44.51,8.11,R
,107181,789,0,3913,-0.643,0.344,0.824,-12.75,41.40,9.44,R
,107231,797,0,3856,-0.668,0.433,0.773,-6.88,30.07,23.62,R
,107251,787,0,3847,-0.632,0.435,0.718,-16.20,24.79,22.57,R
,107261,787,0,3906,-0.627,0.425,0.685,-7.50,23.31,22.20,R
,107271,786,0,3856,-0.634,0.419,0.666,-18.51,22.07,22.25,R
,107291,783,0,3855,-0.660,0.430,0.648,-19.10,20.62,21.21,R
,107311,777,0,3856,-0.676,0.421,0.643,-1.78,19.99,18.78,R
,107321,767,0,3913,-0.60,0.396,0.627,-21.58,18.02,18.29,R
,107361,723,0,3904,-0.678,0.386,0.600,-16.07,17.38,11.59,R
,107371,720,0,3856,-0.685,0.391,0.616,-21.43,13.70,5.59,R
,107381,740,0,3907,-0.717,0.387,0.635,-6.88,4.73,-0.39,R
,107391,750,0,3857,-0.732,0.388,0.670,-29.87,-5.52,-4.07,R
,107441,710,0,3902,-0.707,0.368,0.747,-0.62,-5.24,1.84,R
,107461,591,0,3904,-0.711,0.376,0.710,-17.94,-8.85,2.14,R
,107481,599,0,3909,-0.700,0.375,0.714,-24.77,-21.53,-4.50,R
,107501,592,0,3903,-0.687,0.360,0.679,-28.81,-36.98,-1279,R
,107511,639,0,3830,-0.635,0.314,0.705,-28.91,-42.76,-16.21,R
,107521,626,0,3906,-0.631,0.310,0.675,-27.35,-43.73,-18.65,R
,107551,624,0,3853,-0.621,0.292,0.708,-12.77,-29.37,-12.85,R
,107601,763,0,3891,-0.60,0.311,0.777,-16.71,-28.04,-8.19,R
,107611,743,0,350,-0.56,0.301,0.773,-16.89,-27.95,-8.21,R
,107631,688,0,3889,-0.555,0.276,0.788,-5.96,-26.51,-6.01,R
,107671,380,0,3853,-0.51,0.236,0.807,-.98,-23.53,-4.45,R
,107701,499,0,3888,-0.552,0.242,0.813,-9.62,-8.50,1.24,R
,107711,357,0,3841,-0.54,0.260,0.829,-1.01,-7.03,3.09,R
,107721,397,0,3899,-0.546,0.257,0.831,-8.68,-6.24,3.84,
,107731,381,0,3866,-0.557,0.264,0.835,-8.14,-6.63,2.62,R
,107741,306,0,3905,-0.54,0.281,0.842,-9.56,-7.70,1.21,R
,107751,432,0,3858,-0.543,0.269,0.836,-.65,-10.19,0.74,R
,107801,508,0,3885,-0.54,0.279,0.786,-7.70,2.04,3.45,R
,107891,375,0,375,-0.54,0.273,0.787,-5.47,6.5,-0.15,
,107911,352,0,3859,-0.576,0.286,0.819,-2.95,2.30,1.36,R
,107951,592,0,3846,-0.56,0.247,0.827,6.73,8.30,2.80,R
,107971,629,0,3892,-0.504,0.220,0.780,1.67,12.25,2.46,R
,107991,780,0,3888,-0.57,0.226,0.765,21.84,21.75,-2.10,R
,108001,808,0,3898,-0.50,0.246,0.738,24.57,26.54,-0.88,R
,108071,974,0,3868,-0.699,0.357,0.879,2.43,17.58,-5.45,R
,108081,999,0,3910,-0.722,0.359,0.812,2.99,15.67,-2.01,R
,108091,1007,0,3884,-0.705,0.356,0.763,5.06,11.32,3.53,R
,108101,1040,0,3903,-0.656,0.34,0.733,2.88,5.67,3.99,R
,108111,1050,0,3886,-0.615,0.343,0.697,5.25,2.95,0.45,R
,108121,1078,0,3895,-0.596,0.29,0.683,.49,-1.58,-3.32,R
,108131,1093,0,3847,-0.10,0.31,0.660,13.11,-3.06,-3.49,R
,108141,1183,0,907,-0.621,0.321,0.667,12.73,-0.72,-4.10,R
,108151,1293,0,3888,-0.658,0.34,0.680,.69,2.85,-6.06,R
,108161,1297,0,3895,-0.692,0.33,0.721,.70,-0.04,-6.21,R
,108171,1296,0,3882,-0.642,0.28,0.761,.98,-5.17,-8.22,R
,108181,1359,0,3898,-0.644,0.276,0.781,.61,-2.08,-6.71,R
,108191,1369,0,3888,-0.639,0.273,0.780,8.15,6.70,-4.21,R
,108201,1381,0,3894,-0.19,0.234,0.822,13.98,12.51,-3.19,R
,108211,1415,0,3888,-0.636,0.26,0.802,18.51,16.36,-1.69,R
,108221,1423,0,3904,-0.640,0.31,0.743,0.45,16.65,-2.55,R
,108231,1418,0,3897,-0.664,0.329,0.714,16.56,12.60,-3.03,R
,108241,1440,0,3898,-0.620,0.30,0.739,4.41,4.53,-6.39,R
,108251,1439,0,3898,-0.02,0.30,0.728,13.81,-3.23,-10.82,R
,108261,1426,0,3917,-0.597,0.285,0.728,14.06,-5.24,-12.0,R
,108271,1414,0,3898,-0.593,0.287,0.728,9.60,-2.07,-11.58,R
,108281,1413,0,3894,-0.95,0.28,0.723,3.49,3.00,-8.74,R
,108291,1441,0,3895,-0.587,0.282,0.715,5.12,5.93,-6.71,R
,108301,1441,0,3891,-0.586,0.301,0.717,26.70,7.37,-6.29,R
,108341,1425,0,3888,-0.14,0.319,0.745,21.77,13.18,-4.65,R
,108351,1463,0,3925,-0.22,0.31,0.754,0.10,14.05,-3.98,R
,108361,1465,0,3893,-0.24,0.306,0.763,19.31,15.24,-3.23,R
,108371,1469,0,3925,-0.665,0.365,0.704,2.24,19.08,0.51,R
,108381,1476,0,3888,-0.50,0.323,0.729,24.04,2056,4.66,R
,108391,1469,0,3938,-0.659,0.353,0.710,9.63,17.75,4.98,R
,108401,1488,0,3873,-0.73,0.35,0.694,7.70,12.33,3.81,R
,108411,1535,0,3933,-0.646,0.355,0.688,15.99,5.17,1.59,R
,108421,1535,0,3886,-0.52,0.37,0.662,6.10,3.11,0.95,R
,108431,1535,0,3957,-0.37,0.38,0.690,8.06,4.07,1.38,R
,108441,1558,0,3881,-0.636,0.414,0.677,18.64,8.31,0.29,R
,108451,1559,0,3959,-0.50,0.40,0.697,17.78,9.82,-2.51,R
,108461,1565,0,3877,-0.93,0.41,0.681,7.80,10.07,-3.22,R
,108481,1535,0,3885,-0.08,0.46,0.734,4.12,9.12,-1.77,R
,108501,1559,0,3886,-0.687,0.406,0.695,.92,0.89,-4.62,R
,108511,1535,0,3950,-0.686,0.40,0.663,.42,-4.14,-5.25,R
,108521,1563,0,3885,-0.657,0.369,0.703,.61,-9.09,-5.89,R
,108531,1565,0,3949,-0.640,0.389,0.668,6.97,-6.89,-5.37,R
,108541,1603,0,878,-0.615,0.341,0.696,.64,-6.77,-4.35,R
,108551,1571,0,3968,-0.39,0.36,0.687,.84,-3.81,-2.47,R
,108561,1563,0,3870,-0.624,0.345,0.706,.83,-2.21,0.26,R
,108571,1598,0,3953,-0.41,0.381,0.698,7.29,0.05,2.77,R
,108591,1571,0,3983,-0.89,0.43,0.687,3.81,1.29,6.86,R
,108601,1594,0,3873,-0.682,0.425,0.683,.06,-2.10,5.30,R
,108611,1558,0,3991,-0.685,0.416,0.678,-1.61,-6.71,2.20,R
,108621,1535,0,3873,-0.72,0.39,0.675,-3.33,-10.14,-0.97,R
,108631,1567,0,4006,-0.665,0.37,0.677,-3.56,-10.79,-2.2,R
,108641,1535,0,3866,-0.56,0.36,0.671,-3.38,-816,-1.8,R
,108651,1561,0,4013,-0.645,0.339,0.672,2.74,-7.40,-1.58,R
,108671,1535,0,4004,-0.622,0.326,0.680,2.31,-2.43,0.62,R
,108681,1535,0,3856,-0.29,0.352,0.688,-1.87,-083,2.92,R
,108691,1522,0,4023,-0.23,0.349,0.707,-2.08,-0.97,3.01,R
,108721,1430,0,3867,-0.22,0.358,0.710,1.19,-3.79,3.07,R
,108731,1456,0,4011,-0.627,0.38,0.703,.39,-2.24,2.11,R
,108741,1455,0,3864,-0.31,0.37,0.700,3.86,-0.14,0.46,R
,108751,1444,0,4018,-0.645,0.37,0.707,.09,-0.43,-0.10,R
,108761,1453,0,3861,-0.32,0.34,0.700,2.76,-1.14,-1.37,R
,108771,1472,0,4026,-0.37,0.35,0.695,2.16,0.82,0.13,R
,108781,1415,0,3870,-0.37,0.36,0.690,3.55,4.74,3.68,R
,108801,1535,0,3869,-0.628,0.37,0.674,3.38,8.24,4.60,R
,108811,1565,0,4035,-0.48,0.38,0.669,1.16,5.63,4.46,R
,108821,1578,0,3866,-0.644,0.381,0.666,.74,3.12,3.71,R
,108831,1581,0,4051,-0.38,0.39,0.674,0.42,2.31,2.87,R
,108841,1591,0,3856,-0.44,0.39,0.681,1.58,3.05,0.71,R
,108851,1570,0,049,-0.645,0.37,0.688,.75,2.60,-0.56,R
,108861,1595,0,865,-0.666,0.37,0.684,1.46,0.99,-0.94,R
,108871,1590,0,4041,-0.56,0.35,0.682,3.99,1.1,-0.62,R
,108881,1577,0,3857,-0.44,0.354,0.676,4.57,3.23,0.80,R
,108891,1558,0,4043,-0.659,0.364,0.664,.34,6.13,2.83,R
,108901,1561,0,3865,-0.54,0.36,0.657,10.21,6.97,3.23,R
,108911,1559,0,034,-0.662,0.37,0.641,9.55,5.5,1.73,R
,108921,1578,0,3862,-0.670,0.393,0.614,.62,3.00,0.20,R
,108941,1526,0,3852,-0.77,0.396,0.661,2.06,-0.2,-0.87,R
,108961,1535,0,3866,-0.659,0.38,0.692,0.59,0.37,-2.07,R
,108971,1535,0,4045,-0.64,0.375,0.705,1.48,2.34,-0.84,
,108981,1535,0,3857,-0.663,0.377,0.708,.57,3.17,-0.04,
,108991,1584,0,4066,-0.666,0.400,0.694,.81,3.61,0.65,R
,109001,1642,0,3867,-0.662,0.39,0.676,.59,2.59,0.97,R
,109011,1650,0,4067,-0.658,0.41,0.667,-0.30,-1.14,-0.13,R
,109021,1653,0,861,-0.658,0.40,0.669,2.94,-3.69,-1.77,R
,109041,1706,0,3865,-0.652,0.39,0.672,4.31,-5.06,-1.13,R
,109061,1739,0,3864,-0.42,0.387,0.680,-2.46,-2.80,-0.73,R
,109071,1746,0,4074,-0.641,0.39,0.678,-1.41,-2.37,-1.72,R
,109091,1725,0,4054,-0.50,0.389,0.687,-0.34,-1.64,-2.06,R
,109101,1755,0,3859,-0.41,0.381,0.691,0.22,-0.91,-0.41,R
,109111,1762,0,4033,-0.637,0.38,0.684,0.42,1.34,0.84,R
,109121,1791,0,3863,-0.35,0.383,0.687,-0.04,2.62,1.32,R
,109131,1793,0,4069,-0.634,0.38,0.678,0.33,0.85,-0.56,R
,109141,1799,0,3869,-0.638,0.380,0.685,-0.36,-0.57,-1.84,R
,109151,1805,0,4034,-0.648,0.390,0.676,.18,-2.16,-1.81,R
,109171,1822,0,4075,-0.641,0.385,0.672,-1.29,-3.37,-2.41,R
,109181,1839,0,859,-0.663,0.404,0.700,.79,-2.9,-3.00,R
,109191,1834,0,4080,-0.28,0.386,0.701,4.86,0.08,-1.46,R
,109201,1838,0,3847,-0.621,0.37,0.704,.04,1.17,-1.69,R
,109211,1810,0,4087,-0.648,0.387,0.681,.53,3.79,-1.43,R
,109221,1801,0,867,-0.653,0.39,0.689,2.88,2.82,-1.35,R
,109251,1821,0,4080,-0.647,0.376,0.691,.25,4.80,-0.87,R
,109271,1819,0,4087,-0.56,0.380,0.674,-1.58,4.2,0.33,R
,109291,1836,0,4095,-0.654,0.38,0.668,2.40,1.86,-1.23,R
,109301,1822,0,3858,-0.63,0.38,0.664,3.15,1.24,-0.67,R
,109311,1834,0,4081,-0.656,0.386,0.659,-1.85,1.38,-0.13,R
,109321,1842,0,3854,-0.657,0.385,0.667,1.12,3.12,0.00,R
,109331,1839,0,4095,-0.69,0.386,0.663,-0.97,3.57,-0.56,R
,109351,1858,0,4086,-0.682,0.385,0.667,-1.10,1.75,-2.45,R
,109361,1847,0,3862,-0.680,0.38,0.676,2.37,-0.24,-3.71,R
,109371,1835,0,4095,-0.77,0.373,0.681,-2.94,-077,-3.46,R
,109381,1818,0,3858,-0.660,0.355,0.700,1.36,-0.11,-3.93,R
,109391,1828,0,4095,-0.652,0.35,0.682,1.35,0.54,-2.97,R
,109401,1834,0,3857,-0.58,0.359,0.678,0.47,1.00,-1.09,R
,109411,1787,0,4095,-0.642,0.36,0.672,.23,1.29,-0.35,R
,109421,1819,0,869,-0.43,0.37,0.662,-0.16,0.36,-1.46,R
,109431,1791,0,095,-0.649,0.370,0.665,1.27,-150,-2.9,R
,109441,1749,0,3864,-0.649,0.374,0.683,1.56,-2.47,-3.29,R
,109451,1775,0,4095,-0.656,0.374,0.675,-1.85,-0.65,-2.5,R
,109461,1776,0,3856,-0.46,0.36,0.687,-0.39,1.12,-0.70,R
,109471,1769,0,4083,-0.630,0.360,0.706,.22,3.28,-1.26,R
,109481,1776,0,3858,-0.639,0.372,0.685,.67,5.17,-1.83,R
,109491,1774,0,4095,-0.661,0.383,0.671,.95,7.05,-1.49,R
,109511,1781,0,4095,-0.54,0.374,0.670,6.16,6.2,-3.31,R
,109521,1785,0,3856,-0.666,0.374,0.669,.02,4.59,-4.25,R
,109531,1783,0,4095,-0.671,0.385,0.659,.67,4.8,-3.52,
,109541,1798,0,3850,-0.63,0.38,0.682,2.48,5.06,-2.51,R
,109551,1812,0,4095,-0.671,0.393,0.681,.82,5.60,-1.49,R
,109561,1819,0,3853,-0.88,0.39,0.673,-0.48,4.33,-1.08,R
,109571,1841,0,095,-0.89,0.38,0.666,-3.10,1.82,0.22,R
,109591,1840,0,4095,-0.663,0.36,0.657,3.72,-2.40,0.45,R
,109601,1863,0,3858,-0.661,0.360,0.659,-2.52,-227,-0.67,R
,109611,1847,0,4095,-0.68,0.361,0.649,1.26,-0.57,0.00,R
,109621,1879,0,3856,-0.679,0.36,0.656,1.23,-0.16,0.74,R
,109631,1877,0,095,-0.97,0.382,0.654,2.07,-095,1.36,R
,109641,1888,0,3858,-0.685,0.378,0.648,3.01,-247,2.43,R
,109651,1886,0,4095,-0.686,0.39,0.667,5.39,-3.41,1.91,R
,109661,1904,0,3857,-0.77,0.387,0.674,7.67,-5.00,0.60,R
,109671,1904,0,4095,-0.671,0.385,0.690,7.90,-6.53,-0.35,R
,109681,1901,0,3830,-0.666,0.37,0.690,-7.38,-5.56,-0.32,R
,109691,1899,0,4095,-0.44,0.36,0.690,-5.81,-4.63,0.26,R
,109701,1902,0,3856,-0.631,0.362,0.685,3.35,-2.71,-0.90,R
,109711,1904,0,4095,-0.631,0.36,0.677,-2.89,-1.95,-1.8,R
,109721,1895,0,3863,-0.625,0.34,0.679,-1.43,-2.68,-3.17,R
,109731,1895,0,4095,-0.625,0.34,0.668,-0.77,-3.73,-4.45,R
,109741,1883,0,845,-0.22,0.330,0.673,.99,-2.53,-6.18,R
,109751,1867,0,4095,-0.619,0.32,0.677,.31,2.63,-4.13,R
,109761,1856,0,3858,-0.617,0.32,0.686,.76,6.45,-2.82,R
,109771,1847,0,4095,-0.637,0.334,0.687,1.72,8.10,-3.74,R
,109781,1841,0,849,-0.61,0.35,0.684,13.98,6.97,-4.65,R
,109791,1840,0,4095,-0.55,0.35,0.681,14.86,6.91,-4.76,R
,109811,1837,0,4095,-0.57,0.35,0.695,2.73,9.9,-3.43,R
,109841,1810,0,3856,-0.691,0.37,0.643,9.31,8.83,-3.81,R
,109851,1803,0,4095,-0.672,0.380,0.633,9.54,12.79,-0.44,R
,109861,1793,0,3849,-0.665,0.39,0.640,4.74,13.70,0.45,R
,109871,1787,0,4095,-0.84,0.39,0.646,11.84,10.76,-1.0,R
,109881,1794,0,3851,-0.700,0.387,0.647,0.28,5.50,-2.56,R
,109891,1781,0,4095,-0.00,0.40,0.631,1.67,2.27,-3.48,R
,109901,1776,0,3855,-0.93,0.39,0.628,12.19,3.49,-2.62,R
,109911,1776,0,4095,-0.678,0.410,0.631,2.09,9.92,-0.61,R
,109921,1780,0,3853,-0.676,0.39,0.656,.79,11.73,0.91,R
,109931,1776,0,4095,-0.705,0.397,0.662,.48,10.19,1.64,R
,109941,1781,0,3858,-0.709,0.419,0.655,.66,7.72,1.30,R
,109951,1793,0,095,-0.00,0.42,0.645,9.75,9.23,1.35,R
,109961,1792,0,3846,-0.688,0.39,0.642,6.94,9.78,0.65,R
,109971,1761,0,095,-0.13,0.40,0.642,4.12,8.22,1.76,R
,109981,1789,0,3856,-0.14,0.397,0.635,.22,4.7,2.33,R
,109991,1774,0,095,-0.09,0.412,0.629,3.92,2.63,2.60,R
,110001,1791,0,3863,-0.04,0.405,0.619,.09,-0.39,1.49,R
,110011,1779,0,4095,-0.725,0.445,0.605,.02,-0.74,1.58,R
,110021,1787,0,3856,-0.05,0.427,0.607,-4.14,0.65,3.81,R
,110041,1792,0,3856,-0.678,0.40,0.657,-8.25,-2.01,3.52,R
,110051,1792,0,4095,-0.70,0.39,0.656,8.91,-2.59,2.19,R
,110061,1794,0,3853,-0.683,0.385,0.648,-6.51,-0.18,3.03,R
,110071,1791,0,4095,-0.681,0.399,0.637,4.77,1.63,5.75,R
,110081,1794,0,3847,-0.67,0.389,0.638,-4.14,0.77,4.36,R
,110091,1789,0,4095,-0.668,0.38,0.640,5.68,-2.13,2.16,R
,110111,1783,0,4095,-0.650,0.36,0.641,3.73,-3.75,0.39,R
,110121,1789,0,3855,-0.53,0.36,0.643,-1.75,-0.89,0.29,R
,110131,1759,0,4095,-0.649,0.352,0.644,0.76,2.02,0.02,R
,110141,1776,0,3851,-0.654,0.351,0.643,.48,4.25,0.33,R
,110171,1747,0,4095,-0.678,0.37,0.650,.22,4.9,-1.17,
,110181,1760,0,3849,-0.685,0.38,0.652,6.76,3.82,-2.19,
,110191,1751,0,4095,-0.691,0.38,0.641,7.57,3.23,-2.12,R
,110201,1751,0,3851,-0.96,0.381,0.649,9.75,3.86,-1.14,R
,110211,1750,0,4095,-0.687,0.39,0.630,0.86,7.1,-0.29,R
,110221,1745,0,855,-0.83,0.395,0.641,10.19,8.85,0.42,
,110231,1757,0,095,-0.92,0.409,0.633,10.90,8.80,0.26,R
,110241,1707,0,858,-0.05,0.416,0.615,1.35,6.34,-0.79,R
,110251,1680,0,4095,-0.714,0.42,0.608,.66,5.64,-1.09,R
,110261,1712,0,3854,-0.98,0.428,0.611,5.48,5.37,-0.64,R
,110271,1746,0,4095,-0.695,0.417,0.631,.26,3.3,-0.64,R
,110281,1697,0,3853,-0.04,0.412,0.621,4.10,1.17,-0.38,R
,110291,1695,0,4095,-0.709,0.42,0.606,5.25,0.25,-0.29,R
,110301,1681,0,831,-0.09,0.433,0.607,6.61,-0.66,-0.68,R
,110331,1681,0,4095,-0.695,0.42,0.644,-3.82,-2.04,0.84,R
,110341,1682,0,3857,-0.695,0.413,0.634,3.82,-3.52,0.17,R
,110351,1678,0,4095,-0.683,0.40,0.623,2.55,-2.68,0.04,R
,110361,1670,0,3845,-0.690,0.40,0.611,.03,-0.66,1.78,R
,110371,1665,0,4095,-0.681,0.385,0.622,.81,1.05,3.36,R
,110381,1680,0,856,-0.76,0.401,0.612,-0.81,1.11,3.96,
,110411,1617,0,095,-0.85,0.389,0.624,0.07,-3.26,1.04,R
,110471,1648,0,4095,-0.689,0.401,0.611,.06,0.79,-1.11,R
,110491,1648,0,4095,-0.706,0.41,0.620,4.01,-0.39,-0.90,R
,110501,1647,0,3855,-0.687,0.407,0.645,.66,0.05,0.02,R
,110521,1647,0,842,-0.85,0.399,0.638,.21,1.02,-0.99,R
,110531,1643,0,4095,-0.87,0.40,0.624,.57,2.11,-0.22,R
,110541,1650,0,3843,-0.85,0.403,0.611,.28,2.8,0.37,R
,110551,1643,0,4095,-0.82,0.41,0.597,6.19,2.53,0.54,R
,110561,1665,0,3843,-0.89,0.41,0.602,5.43,2.28,0.68,R
,110571,1633,0,4095,-0.94,0.428,0.595,.64,1.49,0.16,R
,110581,1648,0,846,-0.97,0.437,0.605,.62,0.51,-1.11,R
,110591,1648,0,4095,-0.705,0.43,0.605,2.76,-0.01,-1.29,R
,110611,1648,0,095,-0.694,0.43,0.622,2.25,-1.56,-0.27,R
,110621,1651,0,3833,-0.87,0.425,0.625,.35,-1.87,-0.29,R
,110631,1659,0,4095,-0.685,0.42,0.624,.72,-1.15,0.16,R
,110651,1646,0,095,-0.684,0.420,0.628,.30,-0.18,1.29,R
,110661,1637,0,3842,-0.83,0.416,0.632,0.13,0.2,1.85,R
,110671,1641,0,4095,-0.75,0.415,0.626,0.16,1.95,2.34,R
,110681,1625,0,3856,-0.83,0.417,0.623,0.10,1.92,2.25,R
,110691,1628,0,4095,-0.94,0.417,0.618,.10,0.56,1.82,R
,110701,1627,0,3842,-0.89,0.415,0.613,-0.28,-0.53,1.27,R
,110711,1619,0,4095,-0.679,0.40,0.625,0.89,-111,0.80,R
,110731,1616,0,4095,-0.686,0.40,0.606,1.74,-1.34,0.22,R
,110741,1623,0,3847,-0.685,0.40,0.611,.12,0.21,0.57,R
,110761,1629,0,3842,-0.81,0.399,0.622,1.78,1.21,-0.36,R
,110771,1623,0,4095,-0.92,0.409,0.612,1.77,0.36,-1.54,R
,110781,1621,0,3845,-0.699,0.40,0.615,2.65,0.48,-0.82,R
,110801,1629,0,3846,-0.688,0.39,0.617,3.32,1.60,-0.48,R
,110811,1598,0,4095,-0.94,0.401,0.608,.14,1.93,-0.76,R
,110821,1626,0,3839,-0.97,0.417,0.607,.54,1.53,0.19,R
,110831,1590,0,4095,-0.705,0.437,0.607,.44,0.99,-0.48,R
,110841,1639,0,3841,-0.93,0.435,0.616,.60,0.76,0.04,R
,110851,1621,0,4095,-0.687,0.44,0.625,1.93,0.77,-0.12,R
,110871,1620,0,4095,-0.684,0.43,0.626,2.07,-1.14,-1.75,R
,110881,1629,0,3841,-0.80,0.431,0.622,2.86,-0.51,-1.54,R
,110901,1616,0,3839,-0.69,0.429,0.616,.28,2.6,1.76,R
,110921,1616,0,3846,-0.88,0.427,0.619,0.34,2.62,0.46,R
,110931,1613,0,4095,-0.93,0.431,0.601,0.73,1.52,0.29,R
,110941,1611,0,843,-0.699,0.439,0.598,0.07,0.68,-0.12,R
,110951,1612,0,4095,-0.96,0.437,0.600,2.01,-0.56,-0.82,R
,110961,1605,0,834,-0.701,0.42,0.612,3.73,-2.11,-1.19,R
,110971,1605,0,4095,-0.90,0.420,0.607,-2.72,-2.21,-1.42,R
,110981,1634,0,3838,-0.85,0.410,0.607,-0.69,-1.46,-0.96,R
,110991,1603,0,4095,-0.96,0.41,0.609,.25,0.18,0.57,R
,111001,1600,0,3838,-0.92,0.407,0.606,1.63,2.47,2.40,R
,111011,1597,0,4095,-0.92,0.424,0.613,1.35,2.89,2.51,R
,111021,1600,0,3837,-0.697,0.422,0.611,0.19,0.99,0.65,R
,111031,1605,0,4095,-0.01,0.42,0.616,-1.39,-1.15,-0.19,R
,111041,1605,0,3841,-0.698,0.417,0.612,2.19,-2.54,0.13,R
,111051,1605,0,4095,-0.87,0.413,0.622,-1.49,-2.30,0.37,R
,111081,1605,0,3837,-0.687,0.403,0.621,1.18,0.45,0.20,R
,111091,1606,0,095,-0.697,0.410,0.621,-1.73,-0.08,0.00,R
,111111,1609,0,095,-0.691,0.396,0.620,1.91,-0.80,-1.16,R
,111121,1611,0,3838,-0.94,0.39,0.613,-1.62,-0.86,-1.28,R
,111151,1609,0,4095,-0.92,0.40,0.609,.06,-0.63,-1.09,R
,111161,1616,0,3823,-0.698,0.408,0.612,.30,-0.62,-0.90,R
,111171,1615,0,4095,-0.691,0.41,0.606,1.31,-1.01,-0.85,R
,111201,1602,0,3837,-0.79,0.433,0.612,.83,0.42,-0.41,R
,111231,1617,0,4095,-0.73,0.426,0.625,.62,0.15,-2.36,R
,111241,1616,0,3839,-0.680,0.42,0.627,.08,1.55,-1.51,
,111251,1611,0,4095,-0.683,0.433,0.624,.62,2.31,-1.25,R
,111271,1615,0,4095,-0.91,0.436,0.626,-1.67,1.63,-1.32,R
,111281,1623,0,3839,-0.683,0.43,0.635,2.23,0.9,-1.31,R
,111291,1623,0,4095,-0.88,0.431,0.625,-1.87,0.76,-0.82,R
,111301,1633,0,837,-0.676,0.416,0.617,1.33,1.57,0.68,R
,111321,1631,0,3841,-0.71,0.424,0.616,0.75,2.80,2.91,R
,111331,1631,0,4095,-0.71,0.434,0.602,-1.61,2.51,2.07,R
,111341,1637,0,3837,-0.78,0.426,0.618,-1.44,1.26,1.64,R
,111351,1631,0,4095,-0.87,0.428,0.602,-0.81,1.35,1.82,R
,111361,1642,0,3839,-0.682,0.42,0.605,0.14,1.9,1.76,R
,111371,1642,0,4095,-0.694,0.43,0.601,.22,1.73,1.39,R
,111381,1642,0,3841,-0.93,0.429,0.596,0.39,0.80,0.75,R
,111391,1642,0,4095,-0.695,0.42,0.612,1.01,-057,0.26,R
,111411,1643,0,4095,-0.94,0.41,0.617,0.32,0.92,2.22,R
,111421,1643,0,3831,-0.689,0.41,0.616,1.29,2.85,2.89,R
,111441,1665,0,837,-0.689,0.42,0.625,.04,2.04,1.85,R
,111451,1666,0,4095,-0.699,0.418,0.615,1.24,0.21,1.09,R
,111461,1670,0,3835,-0.690,0.400,0.627,-1.49,-2.16,0.49,R
,111471,1674,0,4095,-0.93,0.401,0.618,-0.89,-1.81,0.10,R
,111481,1671,0,832,-0.691,0.399,0.610,.19,0.21,1.21,R
,111491,1677,0,4095,-0.94,0.405,0.607,.68,1.96,2.58,R
,111501,1680,0,3836,-0.10,0.425,0.611,.59,2.04,2.65,R
,111511,1682,0,4095,-0.13,0.427,0.620,1.49,1.75,0.92,R
,111521,1690,0,3824,-0.701,0.41,0.607,0.33,-0.63,-0.10,R
,111531,1687,0,4095,-0.708,0.405,0.599,0.57,-1.53,-0.35,R
,111541,1690,0,3828,-0.08,0.409,0.606,.06,-0.72,-0.01,R
,111551,1691,0,4095,-0.711,0.414,0.613,0.08,0.31,0.78,R
,111561,1698,0,3835,-0.705,0.412,0.615,0.19,0.45,0.91,R
,111571,1695,0,095,-0.699,0.41,0.629,0.71,-0.25,-0.33,R
,111581,1705,0,3837,-0.698,0.404,0.622,2.16,-2.34,-0.96,R
,111591,1725,0,4095,-0.88,0.404,0.614,0.49,-2.60,-1.38,R
,111601,1693,0,825,-0.684,0.40,0.612,0.97,-1.1,-1.08,R
,111611,1714,0,4095,-0.93,0.41,0.606,.43,0.42,-0.41,R
,111621,1719,0,3837,-0.88,0.413,0.602,1.23,0.73,-0.18,R
,111631,1734,0,4095,-0.684,0.422,0.603,0.14,0.70,0.04,R
,111641,1727,0,3837,-0.683,0.41,0.605,1.65,0.36,-0.62,R
,111651,1733,0,4095,-0.689,0.420,0.611,1.73,0.30,-0.68,R
,111671,1797,0,4095,-0.05,0.438,0.609,-2.26,0.60,2.28,R
,111681,1842,0,3835,-0.692,0.44,0.620,3.96,0.77,2.87,R
,111691,1792,0,4095,-0.90,0.434,0.621,-5.96,-0.63,1.73,R
,111701,1802,0,3833,-0.85,0.42,0.633,-6.74,-2.59,0.65,R
,111711,1793,0,4095,-0.82,0.426,0.623,4.84,-3.78,-0.5,R
,111721,1817,0,3829,-0.676,0.420,0.607,2.83,-2.59,-1.35,R
,111731,1794,0,4095,-0.675,0.41,0.605,1.47,-1.17,-0.47,R
,111741,1793,0,3831,-0.674,0.410,0.619,1.10,-0.80,-0.41,R
,111751,1801,0,095,-0.675,0.41,0.602,1.93,-0.28,-0.88,R
,111761,1797,0,3839,-0.687,0.420,0.610,2.60,-0.45,-0.65,R
,111781,1859,0,3833,-0.675,0.406,0.621,1.33,1.11,-0.21,R
,111791,1844,0,4095,-0.89,0.417,0.616,.12,2.66,1.09,R
,111801,1847,0,3818,-0.97,0.42,0.624,0.03,3.03,2.31,R
,111811,1839,0,4095,-0.95,0.438,0.628,-1.41,2.08,1.73,R
,111821,1840,0,837,-0.698,0.43,0.626,-4.25,-0.76,1.15,R
,111831,1853,0,4095,-0.693,0.424,0.619,5.17,-3.29,0.48,R
,111841,1857,0,3831,-0.672,0.410,0.612,5.84,-4.42,-0.38,R
,111851,1857,0,4095,-0.678,0.406,0.608,5.21,-3.11,-0.68,R
,111871,1826,0,4095,-0.684,0.402,0.610,2.04,0.65,0.81,R
,111881,1872,0,3839,-0.91,0.40,0.608,-1.26,2.05,0.58,R
,111901,1858,0,3842,-0.91,0.40,0.630,-2.78,1.21,0.26,
,111921,1878,0,3835,-0.81,0.393,0.638,0.37,1.84,1.35,R
,111931,1845,0,4095,-0.94,0.411,0.624,0.30,2.01,1.47,R
,111941,1846,0,833,-0.701,0.41,0.618,1.14,1.11,0.28,R
,111951,1850,0,4095,-0.694,0.412,0.615,0.13,-0.71,-0.76,R
,111961,1837,0,3830,-0.697,0.40,0.605,-1.20,-2.82,-1.98,R
,111971,1840,0,4095,-0.93,0.40,0.613,-0.89,-3.52,-2.65,R
,111981,1845,0,3833,-0.697,0.40,0.615,.00,-1.66,-1.64,R
,111991,1859,0,4095,-0.686,0.39,0.613,1.95,1.20,-0.18,
,112001,1872,0,3838,-0.82,0.397,0.620,2.16,2.25,-0.21,
,112011,1872,0,4095,-0.91,0.405,0.619,3.11,1.75,-1.06,R
,112021,1850,0,3833,-0.695,0.40,0.613,.98,0.86,-0.94,R
,112031,1855,0,4095,-0.685,0.408,0.613,.03,0.44,-1.37,R
,112051,1856,0,4095,-0.688,0.406,0.610,.58,0.31,-1.92,R
,112071,1853,0,4095,-0.681,0.41,0.613,.72,2.04,-1.52,R
,112081,1853,0,3817,-0.92,0.417,0.625,1.96,2.88,-1.31,R
,112091,1854,0,095,-0.96,0.41,0.631,2.24,1.4,-1.90,R
,112101,1875,0,3835,-0.96,0.413,0.620,2.22,-0.24,-2.71,R
,112111,1897,0,4095,-0.697,0.41,0.622,2.35,-0.6,-2.55,R
,112121,1877,0,3831,-0.684,0.407,0.605,.88,3.34,0.02,R
,112131,1879,0,4095,-0.92,0.415,0.625,1.83,3.2,1.26,R
,112141,1878,0,3833,-0.96,0.421,0.618,2.25,2.59,0.05,R
,112151,1888,0,095,-0.93,0.42,0.609,1.98,0.44,-0.93,R
,112161,1872,0,3833,-0.92,0.43,0.610,2.96,-0.4,-0.42,R
,112171,1887,0,4095,-0.681,0.429,0.603,.51,1.24,0.80,R
,112181,1885,0,3835,-0.677,0.42,0.607,0.74,1.11,0.80,R
,112191,1886,0,4095,-0.677,0.413,0.615,0.07,0.37,-0.58,R
,112211,1878,0,4095,-0.677,0.40,0.610,0.24,2.86,0.25,R
,112221,1877,0,834,-0.73,0.40,0.613,0.16,5.05,1.82,R
,112231,1884,0,4095,-0.681,0.40,0.630,.99,5.47,0.98,R
,112241,1886,0,834,-0.90,0.40,0.618,1.16,3.50,-0.55,R
,112251,1870,0,4095,-0.93,0.406,0.616,.66,1.75,-2.15,R
,112261,1858,0,3836,-0.91,0.402,0.616,.70,2.04,-1.75,R
,112281,1861,0,3835,-0.695,0.41,0.619,4.18,3.93,-0.59,R
,112291,1839,0,4095,-0.703,0.418,0.607,.82,3.69,-1.72,R
,112311,1841,0,4095,-0.16,0.422,0.615,.01,1.44,-3.58,R
,112321,1827,0,3829,-0.711,0.406,0.596,.71,3.32,-1.32,R
,112331,1837,0,4095,-0.05,0.40,0.605,5.28,3.3,-0.32,R
,112341,1826,0,3840,-0.713,0.41,0.596,5.57,2.65,-0.76,R
,112361,1792,0,839,-0.15,0.421,0.573,6.07,-1.1,-2.44,R
,112381,1769,0,3831,-0.16,0.427,0.576,3.51,-0.02,0.14,R
,112391,1773,0,4095,-0.07,0.427,0.593,.68,-0.27,0.71,R
,112401,1775,0,3828,-0.711,0.436,0.597,.21,-0.25,0.55,R
,112411,1778,0,4095,-0.08,0.438,0.593,.72,0.68,0.83,R
,112421,1801,0,3838,-0.03,0.443,0.596,4.74,1.00,1.84,R
,112431,1806,0,4095,-0.708,0.45,0.596,.63,-0.34,1.35,R
,112441,1808,0,831,-0.10,0.448,0.597,.25,-3.50,0.00,R
,112451,1808,0,095,-0.98,0.430,0.599,0.88,-5.95,-0.97,R
,112471,1809,0,4095,-0.686,0.399,0.609,1.35,-3.61,0.28,R
,112481,1809,0,3827,-0.693,0.41,0.595,1.36,-1.12,1.53,R
,112491,1814,0,4095,-0.691,0.410,0.606,.10,-0.34,2.10,R
,112511,1823,0,4095,-0.96,0.420,0.611,-1.00,-337,0.42,R
,112521,1809,0,3839,-0.703,0.42,0.598,-0.08,-3.99,-0.45,R
,112541,1815,0,3830,-0.93,0.420,0.614,.23,-3.01,-0.36,R
,112551,1819,0,4095,-0.96,0.415,0.630,.96,-1.93,-0.94,R
,112561,1815,0,3830,-0.95,0.413,0.615,.21,-1.47,-1.19,R
,112581,1825,0,3852,-0.98,0.415,0.610,.48,0.44,-0.80,
,112601,1839,0,3833,-0.698,0.43,0.603,2.97,-1.9,-2.62,R
,112611,1835,0,4095,-0.697,0.43,0.597,.39,-3.12,-3.71,R
,112621,1840,0,3830,-0.701,0.43,0.593,2.21,-3.44,-3.23,R
,112641,1840,0,3824,-0.688,0.43,0.596,1.43,-2.34,-1.98,R
,112661,1840,0,3824,-0.681,0.43,0.613,1.92,1.50,0.55,R
,112681,1840,0,829,-0.88,0.443,0.620,0.57,0.45,-0.47,R
,112691,1841,0,4095,-0.701,0.44,0.628,-2.31,-1.99,-0.91,R
,112701,1840,0,3824,-0.93,0.430,0.622,2.59,-2.47,0.25,R
,112721,1837,0,3826,-0.84,0.41,0.620,-4.01,0.7,1.85,R
,112731,1851,0,4095,-0.693,0.41,0.612,3.44,-0.18,1.32,R
,112741,1820,0,834,-0.04,0.423,0.596,-3.75,-1.20,0.72,R
,112751,1833,0,4095,-0.02,0.411,0.600,3.79,-1.21,0.77,R
,112761,1827,0,833,-0.92,0.400,0.607,-4.77,-095,1.07,R
,112771,1820,0,4095,-0.692,0.39,0.597,-2.86,-1.11,0.48,R
,112781,1836,0,3834,-0.09,0.405,0.597,-1.49,-0.56,0.46,R
,112791,1827,0,4095,-0.95,0.399,0.586,-0.20,0.97,1.26,R
,112801,1821,0,3831,-0.692,0.40,0.596,-0.81,0.99,1.16,R
,112821,1807,0,3827,-0.704,0.39,0.606,1.20,-1.75,-1.51,R
,112831,1809,0,4095,-0.709,0.40,0.598,.00,-1.09,-1.57,R
,112841,1806,0,3824,-0.05,0.41,0.592,4.79,0.71,-0.39,
,112851,1808,0,4095,-0.698,0.411,0.606,.33,1.00,-0.32,R
,112861,1810,0,825,-0.00,0.419,0.610,3.66,0.0,-1.78,R
,112871,1814,0,095,-0.99,0.421,0.614,2.97,-1.8,-2.77,R
,112881,1809,0,3838,-0.698,0.415,0.619,.98,-0.65,-2.04,R
,112891,1808,0,4095,-0.83,0.41,0.634,2.79,0.05,-0.16,
,112901,1822,0,3830,-0.86,0.432,0.637,.69,1.57,0.39,R
,112921,1811,0,3824,-0.701,0.44,0.608,2.56,-0.57,0.08,R
,112931,1821,0,4095,-0.99,0.442,0.603,0.33,-0.2,0.52,R
,112941,1825,0,3833,-0.91,0.43,0.604,-1.58,-1.44,1.07,R
,112951,1814,0,4095,-0.685,0.42,0.601,-1.84,-1.18,0.51,R
,112961,1783,0,3829,-0.694,0.426,0.580,1.27,-0.89,0.40,R
,112981,1792,0,3828,-0.693,0.43,0.581,-0.43,0.73,0.57,R
,112991,1806,0,4095,-0.89,0.419,0.588,2.54,-0.69,0.05,R
,113021,1809,0,3835,-0.80,0.41,0.611,-1.64,1.14,0.36,R
,113031,1808,0,4095,-0.673,0.417,0.633,1.43,3.73,2.43,R
,113041,1815,0,3837,-0.74,0.426,0.634,1.49,5.00,2.54,R
,113051,1818,0,4095,-0.82,0.431,0.642,-1.78,4.8,1.21,R
,113061,1823,0,3830,-0.85,0.424,0.644,-1.47,3.92,0.89,R
,113071,1822,0,4095,-0.96,0.429,0.626,-1.58,4.70,1.47,R
,113081,1825,0,3835,-0.690,0.42,0.626,-1.97,3.98,1.29,R
,113091,1808,0,4095,-0.698,0.43,0.609,-1.97,3.63,0.23,R
,113101,1814,0,3829,-0.04,0.431,0.595,-2.66,2.60,-1.09,R
,113141,1805,0,3824,-0.718,0.41,0.601,-1.50,5.34,0.07,R
,113151,1801,0,4095,-0.14,0.41,0.593,-1.09,4.79,-0.09,R
,113161,1806,0,3837,-0.23,0.413,0.603,2.17,2.48,-0.62,R
,113181,1792,0,3835,-0.721,0.40,0.601,-1.62,-1.29,-1.1,R
,113191,1795,0,4095,-0.13,0.402,0.604,0.14,-0.69,0.00,R
,113211,1795,0,4095,-0.11,0.41,0.587,1.52,-0.0,-0.24,R
,113221,1793,0,3838,-0.06,0.404,0.592,1.32,-1.53,-0.50,R
,113241,1792,0,3839,-0.00,0.407,0.595,2.86,-3.14,-2.35,R
,113251,1790,0,4095,-0.702,0.41,0.591,3.64,-4.04,-2.70,R
,113291,1786,0,4095,-0.12,0.40,0.625,2.59,-6.72,-6.82,R
,113301,1789,0,3837,-0.13,0.39,0.617,4.33,-6.57,-6.70,R
,113311,1786,0,4095,-0.06,0.388,0.611,5.57,-5.69,-5.28,R
,113321,1777,0,3831,-0.04,0.397,0.599,7.46,-4.9,-4.25,R
,113331,1745,0,095,-0.693,0.40,0.592,.05,-5.34,-3.92,R
,113341,1782,0,3830,-0.696,0.423,0.581,6.51,-6.43,-4.00,R
,113351,1791,0,4095,-0.688,0.419,0.592,5.34,-7.5,-3.45,R
,113361,1793,0,3831,-0.684,0.41,0.598,4.99,-7.78,-2.36,R
,113371,1786,0,4095,-0.677,0.43,0.590,5.96,-6.47,-1.09,R
,113381,1791,0,3824,-0.62,0.428,0.599,7.83,-4.18,-0.04,R
,113401,1797,0,3826,-0.667,0.44,0.595,.52,-2.18,0.95,R
,113411,1796,0,4095,-0.663,0.45,0.605,.71,-1.78,0.63,R
,113421,1795,0,830,-0.59,0.453,0.614,4.59,-1.82,0.14,
,113441,1795,0,3824,-0.65,0.454,0.626,4.19,0.41,0.46,R
,113451,1795,0,095,-0.70,0.458,0.640,3.60,1.00,0.71,R
,113461,1783,0,835,-0.72,0.455,0.629,2.36,0.94,0.23,R
,113471,1783,0,4095,-0.685,0.45,0.627,1.41,0.50,1.23,R
,113481,1786,0,3815,-0.77,0.444,0.622,.48,0.57,1.76,R
,113501,1786,0,829,-0.692,0.436,0.610,-0.81,1.49,2.62,R
,113511,1783,0,4095,-0.98,0.429,0.617,-1.94,1.37,3.30,R
,113521,1783,0,3830,-0.98,0.417,0.608,-2.94,0.88,3.71,R
,113531,1785,0,4095,-0.03,0.412,0.609,-3.61,0.66,4.00,
,113561,1783,0,3827,-0.03,0.406,0.590,0.21,3.0,5.97,R
,113571,1795,0,4095,-0.15,0.412,0.587,1.61,3.29,5.52,R
,113581,1791,0,825,-0.14,0.435,0.581,1.16,1.76,4.11,R
,113601,1790,0,3824,-0.690,0.43,0.586,-1.88,-2.83,0.36,R
,113611,1773,0,4095,-0.82,0.424,0.595,-1.72,-2.59,-0.0,R
,113621,1763,0,3827,-0.67,0.425,0.607,-0.80,-0.86,0.45,R
,113631,1792,0,4095,-0.666,0.42,0.618,.28,1.99,1.38,R
,113641,1790,0,3823,-0.666,0.422,0.621,2.18,4.18,2.19,R
,113651,1774,0,095,-0.675,0.43,0.628,.08,4.77,2.51,R
,113661,1777,0,3820,-0.671,0.43,0.638,0.42,4.86,2.52,R
,113681,1788,0,3827,-0.684,0.436,0.623,0.65,4.92,3.09,R
,113701,1787,0,3824,-0.88,0.44,0.603,-0.36,4.94,2.92,R
,113711,1790,0,4095,-0.93,0.44,0.608,-1.17,3.66,1.53,R
,113731,1793,0,4095,-0.06,0.430,0.590,-3.27,1.06,-0.45,R
,113741,1787,0,3827,-0.707,0.42,0.588,-2.51,1.11,-0.39,R
,113761,1790,0,3819,-0.707,0.42,0.574,0.65,5.17,1.76,R
,113781,1793,0,3806,-0.710,0.43,0.579,-1.43,3.41,0.98,R
,113801,1793,0,3819,-0.702,0.429,0.601,-3.33,1.06,1.06,R
,113811,1790,0,4095,-0.98,0.433,0.604,-2.69,1.55,1.53,R
,113821,1796,0,3824,-0.98,0.433,0.612,-2.33,1.17,1.32,R
,113841,1792,0,3828,-0.01,0.43,0.612,-2.95,0.59,2.00,R
,113851,1793,0,4095,-0.698,0.42,0.610,-2.13,0.59,1.93,R
,113871,1790,0,095,-0.699,0.42,0.600,-0.13,0.13,1.32,R
,113881,1778,0,827,-0.703,0.43,0.591,0.47,-0.95,0.57,R
,113891,1782,0,4095,-0.97,0.426,0.589,0.03,-1.98,-0.38,R
,113901,1786,0,3824,-0.01,0.421,0.591,0.04,-2.5,-0.94,R
,113911,1783,0,095,-0.705,0.41,0.594,0.83,-2.05,-0.97,R
,113921,1790,0,3823,-0.08,0.417,0.584,1.55,-2.08,-0.67,R
,113931,1795,0,4095,-0.709,0.41,0.593,2.48,-2.18,-0.74,R
,113941,1792,0,3825,-0.99,0.41,0.596,2.33,-2.94,-1.20,R
,113951,1782,0,4095,-0.703,0.42,0.599,2.42,-4.22,-1.74,R
,113961,1790,0,3821,-0.697,0.41,0.588,3.70,-4.51,-1.29,R
,113971,1789,0,4095,-0.90,0.42,0.608,4.21,-3.50,-0.38,R
,113981,1773,0,3827,-0.695,0.42,0.596,4.91,-2.3,0.11,R
,113991,1791,0,095,-0.700,0.437,0.599,4.18,-2.7,-0.33,R
,114021,1786,0,824,-0.696,0.43,0.609,0.96,-5.37,-1.96,R
,114041,1787,0,827,-0.688,0.43,0.608,2.99,-2.79,0.05,R
,114051,1786,0,4095,-0.87,0.444,0.626,2.86,-2.4,0.74,R
,114061,1789,0,3823,-0.83,0.443,0.607,2.50,-2.1,0.89,R
,114081,1785,0,824,-0.691,0.44,0.593,0.50,-4.54,0.08,
,114091,1791,0,4095,-0.679,0.437,0.605,0.41,-5.03,0.00,R
,114131,1780,0,4095,-0.684,0.43,0.606,-1.06,-2.48,0.71,R
,114141,1796,0,834,-0.88,0.434,0.611,-1.04,-2.21,0.46,R
,114151,1801,0,095,-0.692,0.43,0.606,-1.75,-3.26,0.69,R
,114161,1801,0,824,-0.691,0.43,0.601,1.70,-3.53,0.43,R
,114171,1795,0,095,-0.684,0.43,0.606,-1.43,-3.47,0.37,R
,114181,1808,0,3826,-0.82,0.428,0.596,-1.33,-2.85,0.80,R
,114201,1799,0,3835,-0.677,0.43,0.587,-1.41,-2.36,0.63,R
,114211,1808,0,095,-0.680,0.43,0.612,3.76,-3.17,0.33,R
,114221,1797,0,824,-0.681,0.43,0.612,4.94,-3.75,0.14,R
,114231,1791,0,4095,-0.85,0.437,0.622,-4.30,-3.12,-0.09,R
,114241,1807,0,3821,-0.673,0.428,0.630,-3.58,-285,-0.19,R
,114251,1802,0,095,-0.75,0.433,0.643,-3.59,-2.21,0.34,R
,114281,1809,0,823,-0.671,0.44,0.620,2.31,0.47,1.47,R
,114291,1808,0,095,-0.666,0.43,0.618,-2.60,1.9,1.20,R
,114301,1813,0,3822,-0.72,0.447,0.615,-3.73,0.71,0.48,R
,114311,1810,0,4095,-0.77,0.44,0.605,-4.42,0.36,1.03,R
,114321,1822,0,3806,-0.672,0.42,0.600,-3.44,0.83,1.23,R
,114331,1813,0,095,-0.75,0.423,0.597,-2.91,2.44,2.28,R
,114341,1814,0,3824,-0.66,0.433,0.599,-2.31,3.61,3.03,R
,114351,1789,0,095,-0.60,0.435,0.599,-2.33,3.00,2.25,R
,114361,1799,0,820,-0.669,0.437,0.612,-2.78,1.15,0.84,R
,114371,1793,0,4095,-0.668,0.43,0.625,-2.78,1.20,0.83,R
,114381,1814,0,3817,-0.78,0.431,0.628,-2.02,1.46,0.81,R
,114391,1810,0,4095,-0.71,0.427,0.635,-1.03,1.98,0.14,R
,114401,1811,0,821,-0.672,0.43,0.632,0.63,3.61,0.36,R
,114411,1818,0,095,-0.682,0.42,0.636,0.41,4.04,0.52,R
,114431,1808,0,4095,-0.82,0.422,0.604,0.67,3.49,-0.87,R
,114441,1836,0,824,-0.682,0.42,0.603,.57,3.50,-0.64,R
,114451,1837,0,4095,-0.87,0.42,0.605,2.73,4.19,-1.00,R
,114461,1840,0,823,-0.689,0.43,0.588,2.24,3.79,-1.46,R
,114471,1808,0,095,-0.684,0.43,0.595,1.77,3.0,-1.93,R
,114491,1809,0,4095,-0.698,0.42,0.589,1.14,1.35,-3.00,R
,114501,1807,0,3823,-0.88,0.423,0.605,1.55,2.45,-1.23,
,114521,1808,0,818,-0.91,0.430,0.609,2.85,3.38,-0.67,R
,114531,1808,0,095,-0.705,0.44,0.601,2.48,2.02,-1.43,R
,114541,1792,0,3821,-0.92,0.43,0.586,2.25,1.50,-1.58,R
,114551,1771,0,4095,-0.87,0.441,0.597,-0.57,0.77,-1.08,R
,114561,1804,0,3806,-0.85,0.429,0.604,-0.34,0.10,-2.03,R
,114571,1791,0,4095,-0.97,0.439,0.594,0.32,0.41,-1.96,R
,114581,1787,0,823,-0.692,0.43,0.601,1.19,1.57,-1.72,R
,114591,1781,0,4095,-0.92,0.436,0.603,0.39,2.15,-1.46,R
,114601,1775,0,3818,-0.692,0.43,0.599,0.13,1.35,-2.04,R
,114611,1766,0,095,-0.97,0.420,0.613,-0.13,0.30,-2.79,R
,114621,1767,0,3819,-0.96,0.42,0.615,-0.14,0.53,-2.24,R
,114631,1765,0,095,-0.89,0.416,0.618,1.22,1.73,-1.05,R
,114651,1760,0,095,-0.698,0.41,0.602,.26,1.64,-2.30,R
,114661,1776,0,817,-0.712,0.42,0.601,0.99,-0.3,-3.38,R
,114681,1743,0,3822,-0.95,0.410,0.607,-0.48,-0.62,-1.92,R
,114691,1761,0,095,-0.693,0.415,0.603,1.00,0.91,-1.80,R
,114711,1756,0,095,-0.695,0.423,0.597,3.32,1.50,-1.64,R
,114741,1749,0,824,-0.696,0.427,0.607,0.15,-1.92,-2.88,R
,114751,1770,0,095,-0.697,0.422,0.604,1.31,-1.53,-2.84,R
,114771,1773,0,095,-0.695,0.432,0.608,1.08,0.22,-0.94,R
,114791,1776,0,095,-0.87,0.433,0.601,-0.84,-2.74,-3.00,R
,114811,1762,0,095,-0.675,0.41,0.605,-0.60,-0.10,-1.31,R
,114841,1754,0,818,-0.686,0.429,0.610,-0.11,0.65,-1.60,R
,114851,1755,0,095,-0.691,0.43,0.602,-1.14,0.4,-1.26,R
,114861,1745,0,823,-0.85,0.420,0.614,-1.15,0.39,-0.39,R
,114871,1743,0,4095,-0.87,0.423,0.614,-0.23,0.13,-0.71,R
,114881,1723,0,3824,-0.01,0.418,0.617,0.65,0.21,-1.35,
,114891,1712,0,095,-0.698,0.42,0.603,.75,1.43,-0.50,R
,114901,1715,0,818,-0.697,0.420,0.607,1.20,1.31,-0.25,
,114911,1716,0,4095,-0.96,0.418,0.601,-0.20,0.27,-1.42,R
,114921,1719,0,3809,-0.02,0.412,0.595,-0.28,-1.20,-2.42,R
,114931,1723,0,4095,-0.709,0.40,0.591,1.19,-0.88,-1.96,R
,114941,1725,0,818,-0.701,0.401,0.591,1.26,0.30,-0.73,R
,114951,1723,0,095,-0.697,0.402,0.587,2.53,0.91,0.43,R
,114981,1725,0,815,-0.708,0.43,0.598,2.36,-1.3,-0.42,R
,114991,1729,0,4095,-0.706,0.42,0.604,1.29,-2.63,-1.17,R
,115001,1730,0,822,-0.705,0.42,0.614,1.26,-3.44,-1.84,R
,115011,1728,0,4095,-0.99,0.424,0.614,2.93,-2.43,-1.29,R
,115021,1723,0,3802,-0.689,0.42,0.610,3.84,-0.31,-0.97,R
,115031,1703,0,095,-0.92,0.425,0.612,3.81,0.5,-0.73,R
,115041,1725,0,819,-0.94,0.433,0.607,.16,0.0,-1.26,
,115051,1725,0,095,-0.92,0.427,0.609,.39,-1.32,-2.25,R
,115061,1733,0,824,-0.694,0.43,0.601,0.51,-2.08,-2.59,R
,115071,1729,0,4095,-0.89,0.42,0.604,0.24,-1.2,-1.84,R
,115081,1712,0,3824,-0.682,0.42,0.613,0.67,-1.41,-1.64,R
,115091,1727,0,4095,-0.687,0.424,0.610,1.29,-0.28,-0.82,R
,115101,1724,0,3821,-0.683,0.42,0.612,2.07,1.21,-0.12,R
,115111,1699,0,095,-0.684,0.429,0.620,1.96,1.55,0.02,R
,115131,1728,0,095,-0.698,0.42,0.609,0.76,0.34,-0.71,
,115141,1728,0,821,-0.695,0.42,0.608,-0.05,0.08,-0.48,R
,115151,1722,0,095,-0.696,0.428,0.607,-0.05,0.45,-0.56,R
,115161,1726,0,834,-0.692,0.42,0.598,0.65,0.37,-0.39,R
,115171,1731,0,095,-0.702,0.42,0.603,0.27,0.5,-0.39,R
,115181,1732,0,821,-0.700,0.42,0.598,.24,0.80,-0.18,R
,115191,1733,0,4095,-0.698,0.41,0.595,0.24,1.06,0.80,R
,115231,1741,0,095,-0.694,0.43,0.580,1.09,0.3,0.22,R
,115241,1732,0,3815,-0.694,0.42,0.587,-0.04,-0.31,-0.33,R
,115271,1703,0,4095,-0.99,0.414,0.617,.07,0.63,-0.76,R
,115291,1711,0,4095,-0.89,0.41,0.614,4.77,1.64,-0.85,
,115301,1711,0,818,-0.696,0.422,0.605,5.58,1.60,-0.73,R
,115311,1682,0,4095,-0.97,0.430,0.604,.61,1.37,-1.13,R
,115321,1687,0,813,-0.696,0.44,0.606,5.84,1.6,-1.48,R
,115331,1685,0,095,-0.684,0.44,0.615,4.64,1.4,-1.61,R
,115341,1691,0,3810,-0.89,0.447,0.625,3.80,1.31,-1.77,
,115351,1680,0,095,-0.687,0.448,0.616,2.90,1.95,-1.75,R
,115361,1690,0,3814,-0.696,0.43,0.610,3.17,3.43,-1.03,R
,115371,1725,0,4095,-0.701,0.43,0.609,2.35,3.52,0.31,R
,115381,1698,0,3809,-0.704,0.44,0.597,1.31,3.38,0.71,R
,115391,1743,0,4095,-0.711,0.43,0.595,-0.33,2.24,0.08,
,115411,1737,0,4095,-0.708,0.44,0.565,-2.94,-0.74,0.08,R
,115431,1717,0,095,-0.691,0.419,0.577,-3.61,-1.50,1.49,R
,115441,1719,0,813,-0.694,0.423,0.574,-2.97,-0.43,1.75,R
,115451,1715,0,095,-0.696,0.412,0.571,-2.34,0.24,1.90,R
,115491,1783,0,095,-0.702,0.402,0.602,0.74,1.09,2.16,R
,115501,1791,0,3814,-0.701,0.40,0.606,0.36,1.20,1.49,R
,115511,1771,0,4095,-0.09,0.414,0.585,1.96,1.55,0.77,R
,115521,1789,0,818,-0.04,0.415,0.594,.92,0.65,-0.33,R
,115541,1776,0,824,-0.713,0.428,0.582,3.35,-2.02,-3.13,R
,115561,1743,0,3815,-0.97,0.427,0.612,.47,-1.14,-2.64,R
,115571,1735,0,095,-0.694,0.41,0.620,5.57,0.57,-2.64,R
,115581,1712,0,3815,-0.96,0.42,0.622,6.79,1.81,-1.93,R
,115591,1726,0,095,-0.04,0.440,0.616,.91,3.35,-1.38,R
,115611,1759,0,4095,-0.13,0.448,0.606,4.48,0.4,-0.91,R
,115641,1773,0,822,-0.703,0.45,0.581,0.21,-0.71,0.62,R
,115671,1703,0,4095,-0.98,0.442,0.566,-3.78,-372,1.09,R
,115681,1738,0,3824,-0.92,0.432,0.572,-4.63,-3.67,1.21,R
,115701,1747,0,815,-0.686,0.422,0.586,-3.27,-1.73,1.65,R
,115711,1757,0,095,-0.90,0.413,0.596,1.97,-0.71,2.00,R
,115721,1749,0,821,-0.698,0.41,0.593,-0.54,0.47,2.05,R
,115731,1744,0,4095,-0.699,0.42,0.589,-0.34,-0.16,1.39,R
,115741,1744,0,3819,-0.98,0.416,0.592,-0.11,-2.19,-0.16,R
,115751,1747,0,095,-0.697,0.41,0.600,0.06,-3.14,-0.97,R
,115761,1751,0,799,-0.696,0.405,0.609,1.45,-2.72,-1.71,R
,115771,1751,0,095,-0.697,0.39,0.613,3.12,-0.69,-1.08,R
,115781,1761,0,815,-0.692,0.40,0.612,5.81,1.79,-0.29,R
,115791,1744,0,095,-0.696,0.41,0.609,7.55,3.23,0.04,R
,115801,1747,0,3821,-0.00,0.42,0.602,6.61,1.90,-0.85,
,115811,1753,0,4095,-0.706,0.44,0.600,5.49,0.22,-1.80,R
,115831,1762,0,4095,-0.03,0.457,0.593,3.77,-0.68,-1.19,R
,115841,1776,0,3821,-0.91,0.463,0.599,2.59,0.21,-0.84,R
,115861,1723,0,817,-0.692,0.45,0.604,-0.37,-0.36,-1.52,R
,115871,1744,0,080,-0.694,0.45,0.591,-0.89,-0.02,-1.25,R
,115881,1725,0,819,-0.697,0.44,0.588,-0.97,0.56,-0.32,R
,115891,1723,0,4080,-0.02,0.441,0.580,-1.73,1.23,1.00,R
,115911,1760,0,067,-0.700,0.43,0.567,-3.30,0.5,1.33,R
,115921,1740,0,3819,-0.701,0.444,0.566,-4.59,-043,1.47,R
,115931,1729,0,093,-0.695,0.43,0.576,-5.84,-111,0.31,R
,115941,1735,0,823,-0.700,0.43,0.575,-6.08,-2.11,0.29,R
,115951,1753,0,4078,-0.00,0.422,0.586,-4.20,-1.32,0.65,R
,115961,1747,0,3803,-0.87,0.416,0.598,-4.10,-1.43,0.58,R
,115971,1750,0,095,-0.695,0.403,0.604,-3.52,-0.57,0.60,R
,115981,1771,0,3824,-0.90,0.404,0.616,-1.90,0.07,1.30,R
,115991,1771,0,4095,-0.693,0.40,0.627,0.32,0.8,1.04,R
,116001,1767,0,814,-0.696,0.41,0.619,1.78,1.24,0.55,R
,116011,1774,0,095,-0.00,0.415,0.611,3.57,0.57,-0.01,R
,116031,1774,0,4095,-0.01,0.432,0.594,3.86,-0.86,-2.00,R
,116041,1765,0,3799,-0.04,0.43,0.591,3.08,-2.4,-2.80,R
,116051,1766,0,095,-0.696,0.42,0.590,2.99,-1.69,-2.58,R
,116061,1764,0,814,-0.95,0.427,0.601,.78,-1.12,-1.69,R
,116071,1769,0,4095,-0.84,0.431,0.590,4.59,0.97,-1.13,R
,116081,1765,0,3823,-0.94,0.435,0.598,4.57,2.54,-0.65,R
,116091,1765,0,4095,-0.00,0.445,0.601,.32,1.98,-0.48,R
,116101,1778,0,3818,-0.704,0.44,0.604,3.34,1.37,-0.84,R
,116111,1728,0,080,-0.712,0.455,0.598,.61,0.63,-1.42,R
,116121,1760,0,3823,-0.706,0.44,0.603,-0.66,-0.68,-1.11,R
,116131,1770,0,080,-0.01,0.442,0.596,-0.59,-0.85,-0.01,R
,116161,1768,0,822,-0.700,0.439,0.581,0.81,0.99,1.13,R
,116171,1771,0,4090,-0.697,0.43,0.573,-2.05,0.37,0.83,R
,116181,1776,0,3809,-0.98,0.432,0.576,-3.49,-114,0.43,R
,116191,1762,0,4080,-0.98,0.42,0.590,-4.19,-1.93,-0.15,R
,116201,1772,0,3822,-0.95,0.416,0.586,-3.44,-2.14,0.10,R
,116211,1772,0,4082,-0.93,0.41,0.605,-1.91,-1.09,0.42,R
,116221,1749,0,3818,-0.689,0.40,0.613,0.07,0.51,0.98,R
,116231,1754,0,4075,-0.95,0.414,0.591,1.80,1.4,1.30,R
,116241,1770,0,3819,-0.00,0.420,0.599,3.37,1.0,0.81,R
,116271,1776,0,4068,-0.00,0.432,0.597,3.12,-2.1,-1.87,R
,116281,1762,0,815,-0.694,0.43,0.603,3.54,-1.35,-1.26,R
,116291,1744,0,4052,-0.92,0.431,0.606,3.99,0.82,-1.17,R
,116301,1767,0,3824,-0.87,0.427,0.604,4.30,2.0,-0.82,R
,116311,1744,0,027,-0.693,0.43,0.605,4.54,3.06,-0.44,R
,116321,1745,0,800,-0.696,0.44,0.600,4.45,2.99,-0.41,R
,116331,1721,0,4054,-0.02,0.446,0.593,3.52,2.53,-1.22,R
,116341,1759,0,3821,-0.05,0.450,0.591,2.74,1.60,-1.38,R
,116351,1766,0,048,-0.715,0.44,0.587,1.37,0.25,-1.43,R
,116361,1765,0,818,-0.11,0.435,0.579,1.00,-0.4,-0.76,R
,116371,1775,0,4071,-0.13,0.435,0.599,-0.17,-1.63,-0.85,R
,116381,1761,0,3823,-0.99,0.405,0.586,2.73,0.89,-0.07,R
,116391,1758,0,4065,-0.03,0.407,0.582,1.75,1.32,1.24,R
,116411,1758,0,4070,-0.00,0.435,0.580,2.83,0.71,1.01,R
,116421,1763,0,3817,-0.08,0.442,0.578,0.74,-1.05,-0.01,R
,116451,1762,0,4049,-0.690,0.43,0.592,2.76,-0.91,0.62,R
,116461,1760,0,3821,-0.91,0.428,0.612,4.38,0.25,1.07,R
,116471,1749,0,059,-0.696,0.43,0.597,5.08,0.54,1.58,R
,116481,1749,0,3824,-0.93,0.448,0.601,4.82,-0.57,0.34,R
,116491,1710,0,043,-0.689,0.43,0.596,2.99,-1.85,-0.62,R
,116501,1707,0,824,-0.99,0.436,0.598,1.92,-3.9,-0.59,R
,116511,1713,0,012,-0.688,0.42,0.600,2.71,-2.34,-0.32,R
,116521,1710,0,3824,-0.87,0.428,0.607,3.20,-0.39,0.52,R
,116541,1702,0,3811,-0.95,0.428,0.603,5.37,2.54,1.45,R
,116551,1707,0,020,-0.704,0.42,0.591,5.26,2.92,1.00,R
,116561,1655,0,825,-0.704,0.42,0.607,4.76,0.73,0.80,R
,116571,1625,0,4016,-0.94,0.422,0.596,6.93,0.57,1.06,R
,116581,1626,0,3825,-0.688,0.418,0.590,8.90,1.3,0.51,R
,116591,1613,0,4037,-0.88,0.417,0.587,.83,3.12,1.24,R
,116601,1602,0,3833,-0.88,0.414,0.578,12.79,5.2,2.74,R
,116611,1584,0,4046,-0.80,0.418,0.569,16.13,9.53,5.15,R
,116621,1595,0,824,-0.89,0.458,0.547,18.93,13.58,7.18,R
,116641,1611,0,3828,-0.90,0.488,0.561,13.83,8.7,-1.95,R
,116651,1599,0,016,-0.705,0.47,0.575,8.04,1.84,-5.17,R
,116661,1613,0,825,-0.722,0.48,0.583,7.70,-1.30,-4.62,R
,116671,1607,0,4011,-0.13,0.47,0.589,8.91,-0.14,-2.53,R
,116681,1600,0,3825,-0.12,0.472,0.590,8.06,3.24,-1.78,R
,116701,1598,0,3824,-0.31,0.465,0.575,5.67,5.26,-1.40,R
,116711,1609,0,985,-0.40,0.475,0.564,3.61,4.63,-1.17,R
,116731,1616,0,3995,-0.46,0.48,0.537,-4.92,0.19,-5.67,R
,116741,1614,0,824,-0.70,0.485,0.517,-8.75,-356,-7.80,R
,116761,1622,0,821,-0.758,0.45,0.534,-9.35,-9.69,-5.31,R
,116771,1619,0,4016,-0.40,0.443,0.543,-8.02,-8.97,-2.94,R
,116781,1627,0,826,-0.727,0.44,0.541,7.55,-7.53,-1.20,R
,116791,1617,0,4027,-0.714,0.439,0.545,-6.34,-6.07,-0.1,R
,116801,1617,0,830,-0.704,0.442,0.540,6.74,-5.56,0.43,R
,116821,1633,0,810,-0.688,0.44,0.552,-9.58,-9.92,-1.08,R
,116831,1633,0,027,-0.74,0.429,0.554,-8.36,-1.11,-1.17,R
,116841,1630,0,833,-0.666,0.42,0.566,-5.70,-11.08,0.14,R
,116851,1631,0,000,-0.657,0.42,0.589,-2.25,-8.63,1.24,R
,116861,1618,0,3829,-0.646,0.41,0.596,0.70,-6.24,2.29,R
,116871,1633,0,013,-0.658,0.425,0.598,4.18,-4.40,2.33,R
,116881,1628,0,3827,-0.57,0.434,0.592,6.99,-3.30,1.93,
,116911,1616,0,010,-0.672,0.425,0.612,.57,-4.13,-0.77,R
,116921,1595,0,824,-0.676,0.42,0.615,11.03,-3.43,-1.26,R
,116931,1614,0,4011,-0.677,0.43,0.607,13.12,-1.38,-0.84,R
,116941,1616,0,3828,-0.87,0.43,0.612,14.33,1.37,0.02,R
,116961,1621,0,3825,-0.01,0.460,0.612,14.67,4.19,0.54,R
,116971,1621,0,032,-0.713,0.47,0.617,13.28,4.16,0.68,
,116981,1614,0,3825,-0.14,0.47,0.620,11.22,2.42,0.04,R
,116991,1611,0,021,-0.13,0.480,0.607,.54,0.19,-0.09,R
,117001,1584,0,3839,-0.19,0.489,0.593,8.19,0.24,0.83,R
,117011,1616,0,4031,-0.01,0.488,0.572,7.25,0.9,1.87,R
,117021,1624,0,3824,-0.87,0.49,0.568,4.13,1.49,1.52,R
,117031,1604,0,4017,-0.91,0.492,0.573,0.22,1.32,0.60,R
,117051,1618,0,3989,-0.96,0.47,0.575,-5.70,0.45,1.09,R
,117061,1606,0,3829,-0.84,0.459,0.581,-7.15,1.31,1.36,
,117071,1628,0,3987,-0.87,0.457,0.580,-6.54,3.50,2.72,R
,117091,1627,0,984,-0.682,0.46,0.569,-6.01,6.36,5.41,
,117111,1642,0,997,-0.677,0.45,0.558,8.37,4.76,2.75,R
,117121,1646,0,829,-0.696,0.45,0.555,-9.47,4.34,1.85,R
,117141,1619,0,825,-0.686,0.43,0.577,-5.87,6.47,1.97,R
,117151,1628,0,993,-0.690,0.42,0.576,-4.10,9.35,2.23,R
,117171,1619,0,4007,-0.01,0.42,0.589,1.63,13.08,2.80,R
,117181,1622,0,821,-0.705,0.44,0.588,.32,13.67,1.82,R
,117191,1609,0,4018,-0.18,0.44,0.590,.57,12.22,0.34,R
,117201,1610,0,3824,-0.01,0.425,0.594,1.78,9.52,-1.58,R
,117231,1639,0,003,-0.719,0.43,0.565,.75,10.62,-1.32,R
,117241,1618,0,824,-0.730,0.45,0.548,.97,10.74,0.08,R
,117251,1617,0,002,-0.736,0.470,0.548,9.77,9.2,0.28,R
,117261,1616,0,3834,-0.23,0.47,0.542,7.93,6.88,-0.10,R
,117271,1616,0,973,-0.25,0.480,0.541,7.00,5.21,-0.13,R
,117281,1616,0,3839,-0.23,0.474,0.543,6.94,3.87,-0.74,R
,117291,1596,0,957,-0.724,0.47,0.544,6.68,3.43,-0.79,
,117301,1618,0,3828,-0.18,0.475,0.533,6.70,2.95,-0.55,
,117311,1629,0,3984,-0.16,0.474,0.543,6.47,2.60,-0.19,R
,117321,1602,0,835,-0.712,0.47,0.542,5.74,2.33,0.28,R
,117341,1629,0,3831,-0.708,0.48,0.542,7.14,4.36,2.69,R
,117351,1585,0,969,-0.702,0.48,0.544,.90,4.65,1.97,R
,117361,1613,0,819,-0.720,0.50,0.536,5.55,4.4,0.75,R
,117381,1626,0,825,-0.736,0.52,0.470,1.58,-3.61,-1.48,R
,117391,1623,0,4011,-0.42,0.523,0.540,-2.08,-8.53,-0.71,R
,117411,1631,0,013,-0.701,0.487,0.538,-0.45,-408,2.20,R
,117431,1627,0,4012,-0.00,0.487,0.485,.82,0.53,4.04,R
,117441,1601,0,3820,-0.03,0.479,0.503,-0.75,0.6,5.06,R
,117451,1590,0,3969,-0.01,0.462,0.512,-2.16,0.86,5.15,R
,117461,1584,0,3829,-0.06,0.468,0.524,-1.43,0.27,4.25,R
,117481,1575,0,3824,-0.17,0.459,0.554,-1.44,-3.46,0.28,R
,117491,1575,0,3953,-0.716,0.44,0.572,-1.79,-6.34,-2.00,R
,117501,1598,0,833,-0.14,0.448,0.573,-0.08,-593,-2.03,R
,117511,1569,0,3955,-0.03,0.427,0.575,3.12,-4.42,-1.51,R
,117521,1571,0,829,-0.676,0.42,0.578,.58,-1.56,-0.97,R
,117531,1558,0,3984,-0.86,0.429,0.554,8.68,2.21,-0.58,R
,117541,1573,0,3827,-0.74,0.424,0.569,11.12,2.9,-1.16,R
,117561,1584,0,822,-0.06,0.447,0.553,11.80,2.24,-2.61,R
,117571,1595,0,997,-0.716,0.45,0.545,13.37,3.61,-1.06,R
,117581,1583,0,3820,-0.54,0.555,0.540,12.64,2.36,-1.84,R
,117591,1578,0,001,-0.732,0.51,0.556,11.35,3.99,-0.21,R
,117611,1579,0,4001,-0.40,0.521,0.545,2.74,-1.69,-0.01,R
,117621,1578,0,825,-0.735,0.52,0.545,-1.04,-4.48,-2.0,R
,117631,1578,0,3970,-0.39,0.510,0.533,-3.81,-6.08,-3.2,R
,117641,1575,0,3824,-0.28,0.500,0.526,-3.39,-6.42,-2.71,R
,117651,1584,0,985,-0.700,0.47,0.534,-4.30,-7.06,-2.44,R
,117671,1575,0,3963,-0.699,0.46,0.547,-6.75,-5.05,-2.65,R
,117681,1579,0,3846,-0.94,0.457,0.559,-6.51,-3.89,-0.24,R
,117691,1577,0,956,-0.84,0.460,0.555,-5.23,-178,0.89,R
,117701,1577,0,833,-0.691,0.46,0.557,-5.49,0.25,1.75,R
,117711,1580,0,995,-0.686,0.47,0.562,-5.01,0.44,2.17,R
,117731,1572,0,952,-0.697,0.49,0.551,-5.43,-176,1.55,R
,117741,1582,0,3833,-0.96,0.496,0.541,-7.35,-2.68,0.63,R
,117751,1567,0,952,-0.691,0.48,0.562,-7.79,-3.32,0.08,R
,117781,1591,0,819,-0.697,0.46,0.566,4.05,4.56,3.41,R
,117791,1592,0,981,-0.710,0.47,0.563,-2.65,5.73,3.49,R
,117801,1597,0,824,-0.712,0.47,0.555,3.52,2.82,2.00,R
,117811,1600,0,3982,-0.08,0.477,0.553,-6.57,-1.53,-1.48,R
,117821,1598,0,3824,-0.19,0.487,0.541,-9.49,-5.44,-4.01,R
,117831,1585,0,3949,-0.22,0.48,0.542,9.52,-6.51,-3.19,R
,117841,1600,0,824,-0.703,0.46,0.552,-7.72,-5.70,-1.43,R
,117871,1597,0,949,-0.709,0.46,0.541,-8.72,0.59,3.56,R
,117881,1594,0,830,-0.15,0.469,0.548,-9.73,1.03,4.26,
,117901,1619,0,829,-0.718,0.46,0.554,-12.23,-1.08,2.60,R
,117911,1631,0,3951,-0.15,0.462,0.546,-14.22,-3.47,1.81,R
,117931,1607,0,3952,-0.05,0.455,0.568,-13.79,-4.85,2.26,R
,117941,1678,0,831,-0.700,0.45,0.562,-13.72,-3.55,2.51,R
,117961,1680,0,824,-0.711,0.45,0.568,13.12,-3.75,1.59,R
,117971,1653,0,973,-0.715,0.45,0.581,-14.13,-6.21,-0.30,R
,117981,1598,0,3824,-0.10,0.45,0.565,-15.07,-6.65,-2.41,R
,118011,1250,0,3966,-0.698,0.43,0.585,-11.72,-9.44,-3.35,R
,118021,1195,0,3822,-0.87,0.41,0.589,9.06,-6.98,-1.43,R
,118031,1216,0,965,-0.702,0.44,0.586,-7.21,-413,0.40,R
,118041,1233,0,831,-0.681,0.42,0.602,-3.78,-3.20,0.31,R
,118061,1250,0,3837,-0.05,0.440,0.601,-7.09,-6.05,-2.3,R
,118071,1241,0,3931,-0.06,0.433,0.611,-7.06,-7.44,-2.33,R
,118091,1264,0,936,-0.709,0.42,0.613,-4.48,-669,-0.04,R
,118111,1264,0,3935,-0.94,0.415,0.595,-2.57,-4.79,1.29,R
,118121,1247,0,3835,-0.686,0.42,0.594,-1.49,-5.35,0.89,R
,118131,1282,0,952,-0.689,0.44,0.577,2.33,-6.63,-0.41,R
,118151,1279,0,936,-0.692,0.45,0.596,-4.05,-9.69,-2.94,R
,118161,1283,0,834,-0.693,0.45,0.587,-3.61,-10.53,-3.57,R
,118181,1287,0,823,-0.701,0.44,0.583,4.66,-11.20,-2.93,R
,118191,1283,0,946,-0.691,0.42,0.593,-3.47,-10.91,-2.9,R
,118201,1232,0,827,-0.671,0.42,0.601,-1.50,-7.95,-0.65,R
,118211,1229,0,3946,-0.69,0.425,0.616,-1.15,-5.26,0.17,R
,118231,1182,0,3916,-0.81,0.434,0.600,-0.62,-5.34,-0.0,R
,118241,1186,0,829,-0.682,0.44,0.610,0.41,-6.92,-0.88,R
,118261,1205,0,849,-0.704,0.47,0.592,1.61,-11.11,-4.84,R
,118271,1179,0,920,-0.19,0.469,0.597,-4.72,-12.89,-5.8,R
,118281,1162,0,3845,-0.27,0.487,0.600,-8.25,-13.46,-4.6,R
,118291,1158,0,920,-0.10,0.452,0.638,-10.86,-15.40,-4.29,R
,118301,1163,0,856,-0.04,0.450,0.626,-13.43,-15.50,-5.05,R
,118311,1163,0,921,-0.677,0.41,0.652,-12.83,-15.59,-5.20,R
,118321,1145,0,852,-0.675,0.41,0.629,-10.89,-2.89,-3.57,R
,118341,1168,0,3853,-0.67,0.430,0.630,-10.62,-.92,0.04,R
,118351,1165,0,3923,-0.62,0.424,0.621,-14.37,-10.77,0.11,R
,118361,1170,0,3835,-0.70,0.433,0.628,17.35,-12.45,0.75,R
,118371,1171,0,3917,-0.60,0.425,0.643,-17.59,-12.40,1.61,R
,118381,1168,0,840,-0.55,0.426,0.647,-19.06,-9.63,2.08,R
,118401,1168,0,3846,-0.71,0.408,0.652,-17.07,-8.72,1.85,R
,118421,1168,0,849,-0.672,0.40,0.654,-15.72,-.27,1.50,R
,118431,1172,0,3919,-0.671,0.40,0.661,-16.20,-9.30,0.83,R
,118441,1170,0,3833,-0.60,0.397,0.647,-14.69,-10.02,0.80,R
,118451,1168,0,911,-0.649,0.38,0.652,-14.60,-10.27,0.11,R
,118461,1163,0,3856,-0.639,0.37,0.654,-12.78,-8.40,-0.56,R
,118491,1167,0,919,-0.641,0.38,0.659,-4.74,-1.87,1.07,R
,118501,1167,0,867,-0.40,0.396,0.653,-4.46,-3.11,-0.94,R
,118531,1159,0,914,-0.667,0.39,0.675,-3.93,-6.48,-2.51,R
,118541,1164,0,862,-0.65,0.382,0.669,-2.28,-4.98,-1.71,R
,118551,1165,0,3917,-0.60,0.375,0.663,-2.45,-3.93,-1.45,R
,118561,1153,0,859,-0.71,0.393,0.658,-1.15,-1.81,-0.68,R
,118571,1152,0,919,-0.665,0.38,0.677,-1.78,-1.98,-0.51,R
,118611,1006,0,3920,-0.82,0.403,0.663,3.61,-5.03,-0.33,R
,118641,958,0,3877,-0.62,0.392,0.670,-6.57,-12.63,-4.8,R
,118681,848,0,3876,-0.69,0.379,0.677,-11.50,-15.81,-4.39,R
,118691,827,0,3898,-0.63,0.385,0.672,-3.50,-14.68,-3.13,R
,118751,688,0,3910,-0.60,0.385,0.696,-15.06,-12.85,-0.62,R
,118771,657,0,306,-0.610,0.344,0.738,-21.88,-17.01,-0.82,R
,118801,659,0,371,-0.610,0.371,0.709,-15.58,-9.24,2.42,R
,118851,645,0,3895,-0.51,0.360,0.730,-23.23,-12.79,0.74,R
,118921,511,0,387,-0.60,0.339,0.721,-9.52,3.92,3.09,R
,118951,68,0,3898,-0.60,0.331,.700,-7.21,2.41,3.15,R
,118961,21,0,3863,-0.624,0.342,.714,-10.81,-1.26,1.39,R
,118971,34,0,385,-0.61,0.304,.711,-14.20,-5.96,-0.36,R
,118991,36,0,383,-0.584,0.265,.759,-10.55,-7.55,-4.47,R
,119001,5,0,392,-0.579,0.260,0770,-5.82,-3.85,-3.11,R
,119011,0,0,3887,-0.591,0.252,0763,1.51,1.47,-1.35,R
,119021,0,0,3914,-0.595,0.279,0753,5.70,4.02,1.24,R
,119041,0,0,387,-0.613,0.326,0707,5.81,0.91,0.42,R
,119051,0,0,389,-0.623,0.347,0689,1.20,-3.37,-1.25,R
,119071,0,0,3895,-0.624,0.348,0703,-6.19,-6.91,-2.25,R
,119091,0,0,389,-0.603,0.316,0.749,-6.66,-4.28,-1.74,R
,119151,443,0,3894,-0.62,0.324,0.757,-.26,-7.27,-2.01,R
,119161,511,0,302,-0.607,0.329,0.752,-7.78,-3.96,-1.72,R
,119191,568,0,3899,-0.64,0.297,0.772,-2.80,2.68,1.24,R
,119241,684,0,3894,-0.65,0.329,0.733,-7.29,-8.74,-2.53,R
,119251,610,0,3893,-0.51,0.314,0.755,-7.99,-8.57,-4.48,R
,119281,419,0,3921,-0.54,0.260,0.769,0.18,-2.40,-3.81,R
,119401,642,0,3922,-0.63,0.318,0.750,11.72,13.3,2.42,R
,119421,610,0,329,-0.659,0.360,0.745,903,9.98,1.79,R
,119471,654,0,395,-0.60,0.341,0.758,0.16,-0.4,-0.44,R
,119481,660,0,343,-0.54,0.320,0.748,1.19,0.70,-0.07,R
,119641,743,0,3952,-0.62,0.292,0.739,3.41,3.70,1.47,R
,119661,756,0,3949,-0.61,0.302,0.740,6.67,4.47,1.41,R
,119671,751,0,3888,-0.63,0.336,0.722,5.52,3.79,0.84,R
,119681,720,0,3968,-0.66,0.329,0.724,396,2.57,0.49,R
,119691,735,0,3887,-0.67,0.344,0.729,4.09,2.45,2.10,R
,119721,743,0,3984,-0.63,0.335,0.736,5.98,6.30,1.94,R
,119771,784,0,385,-0.66,0.333,0.729,245,-1.26,0.91,R
,119791,801,0,3875,-0.62,0.322,0.745,4.04,0.73,1.13,R
,119811,813,0,3870,-0.69,0.303,0.742,10.80,4.7,2.98,R
,119861,865,0,4017,-0.69,0.387,0.704,3.16,-0.40,1.94,R
,119871,867,0,3875,-0.63,0.381,0.715,-0.01,-2.6,0.49,R
,119911,927,0,368,-0.626,0.357,0.741,0.09,0.68,1.67,R
,119921,931,0,4031,-0.67,0.347,0.737,0.06,-0.5,1.79,R
,120011,1018,0,3870,-0.630,0.33,0.697,-2.97,-1.56,2.07,R
,120031,1057,0,3863,-0.620,0.347,0.703,-2.54,-231,-0.12,R
,120041,1055,0,059,-0.18,0.328,0.712,-0.14,-1.81,-1.5,R
,120061,1091,0,4043,-0.09,0.32,0.715,4.28,4.88,1.29,R
,120071,1090,0,862,-0.606,0.320,0.719,6.07,4.39,1.81,R
,120081,1102,0,4053,-0.615,0.32,0.719,4.12,2.94,0.40,R
,120091,1107,0,3859,-0.25,0.34,0.708,5.49,1.72,-0.67,R
,120101,1109,0,064,-0.656,0.361,0.714,5.37,2.04,0.80,R
,120111,1115,0,854,-0.649,0.363,0.716,4.97,0.31,1.44,R
,120121,1119,0,4073,-0.638,0.35,0.716,3.80,-2.05,0.48,R
,120131,1129,0,3861,-0.29,0.34,0.715,3.00,-4.10,-0.50,R
,120141,1142,0,067,-0.613,0.33,0.731,5.02,-4.76,0.04,R
,120151,1143,0,3859,-0.05,0.33,0.725,8.28,-2.94,-0.55,R
,120171,1197,0,3865,-0.616,0.35,0.720,13.87,1.21,-0.19,R
,120181,1218,0,4078,-0.30,0.376,0.715,14.32,1.2,0.26,R
,120191,1232,0,3859,-0.28,0.389,0.726,2.57,1.75,0.31,R
,120201,1243,0,073,-0.639,0.39,0.744,7.34,-0.11,0.55,
,120221,1226,0,045,-0.637,0.39,0.757,2.61,-2.40,1.01,R
,120231,1264,0,3858,-0.29,0.383,0.759,-0.28,-3.12,0.26,R
,120241,1232,0,059,-0.629,0.376,0.755,-1.58,-3.99,1.07,R
,120251,1233,0,861,-0.625,0.38,0.743,-2.88,-3.56,2.55,R
,120281,1200,0,4092,-0.25,0.361,0.716,-7.88,0.4,7.27,R
,120301,1186,0,4075,-0.00,0.344,0.695,3.44,0.92,5.87,R
,120331,1198,0,857,-0.615,0.35,0.667,0.46,3.34,3.75,R
,120341,1198,0,081,-0.622,0.36,0.675,-1.55,3.86,2.98,R
,120351,1219,0,858,-0.614,0.35,0.707,-1.61,3.49,3.10,R
,120371,1182,0,3854,-0.00,0.341,0.718,-0.45,3.92,1.76,R
,120381,1191,0,4081,-0.04,0.345,0.724,1.80,5.20,3.13,R
,120391,1191,0,3866,-0.09,0.357,0.729,3.49,4.8,3.82,R
,120401,1162,0,075,-0.611,0.348,0.727,2.94,4.0,2.07,R
,120411,1199,0,856,-0.618,0.34,0.727,3.12,2.74,1.00,R
,120421,1200,0,4085,-0.23,0.344,0.715,4.21,1.75,1.71,R
,120431,1188,0,856,-0.616,0.34,0.708,.10,3.37,2.10,R
,120441,1165,0,4087,-0.617,0.34,0.709,7.23,6.53,2.71,R
,120451,1214,0,3850,-0.602,0.33,0.704,.84,7.93,3.12,R
,120461,1173,0,4093,-0.17,0.372,0.702,11.99,11.17,3.52,R
,120471,1171,0,3858,-0.35,0.37,0.691,13.58,13.78,4.57,R
,120481,1235,0,093,-0.636,0.39,0.696,2.59,12.31,2.98,R
,120501,1328,0,4095,-0.57,0.404,0.715,6.96,3.76,-0.35,
,120511,1330,0,3859,-0.53,0.404,0.714,3.87,1.60,-0.45,R
,120521,1334,0,087,-0.44,0.397,0.720,2.18,2.63,1.32,R
,120541,1425,0,095,-0.621,0.38,0.727,.02,7.81,4.48,R
,120551,1447,0,861,-0.633,0.39,0.713,5.11,10.6,4.87,R
,120561,1450,0,4095,-0.35,0.40,0.708,4.94,10.15,5.90,R
,120571,1456,0,856,-0.23,0.403,0.700,2.82,7.35,5.49,R
,120591,1450,0,3861,-0.31,0.424,0.674,0.88,3.9,3.70,R
,120601,1451,0,095,-0.635,0.41,0.662,0.42,4.18,3.03,R
,120621,1453,0,4095,-0.26,0.39,0.709,-2.33,4.13,4.20,R
,120631,1446,0,3867,-0.34,0.401,0.691,-3.94,4.77,4.19,
,120641,1414,0,095,-0.639,0.39,0.699,-3.12,5.49,5.15,R
,120651,1417,0,857,-0.642,0.40,0.703,-3.38,5.99,6.63,R
,120661,1423,0,4095,-0.33,0.396,0.694,-2.92,6.28,7.26,R
,120671,1451,0,859,-0.635,0.40,0.686,4.55,4.36,7.15,R
,120681,1443,0,4095,-0.24,0.404,0.708,-4.78,2.79,5.16,R
,120691,1434,0,857,-0.619,0.40,0.695,-6.01,0.94,3.18,R
,120701,1381,0,095,-0.16,0.383,0.702,-6.25,-0.40,2.40,R
,120711,1418,0,3856,-0.609,0.37,0.699,-4.74,-0.18,2.71,R
,120721,1435,0,071,-0.606,0.376,0.703,-2.86,0.95,2.28,R
,120741,1436,0,4095,-0.22,0.370,0.699,-0.95,6.02,4.83,
,120751,1443,0,842,-0.630,0.39,0.708,-0.80,8.08,6.86,R
,120771,1423,0,3863,-0.34,0.398,0.701,-0.55,9.5,6.57,R
,120781,1423,0,095,-0.644,0.40,0.704,2.83,6.60,5.41,R
,120791,1425,0,856,-0.652,0.40,0.727,-6.05,2.53,4.48,R
,120801,1417,0,095,-0.642,0.37,0.711,-7.72,-1.95,4.08,R
,120821,1455,0,4095,-0.645,0.390,0.714,-8.37,0.37,7.36,
,120831,1453,0,856,-0.614,0.373,0.702,-4.81,3.82,9.44,
,120841,1454,0,4095,-0.618,0.38,0.692,-5.97,6.04,10.10,R
,120851,1455,0,3856,-0.636,0.393,0.651,-6.59,5.35,9.24,
,120861,1473,0,4095,-0.33,0.406,0.670,-8.59,2.7,7.71,R
,120871,1467,0,856,-0.44,0.397,0.685,-7.47,1.2,6.49,R
,120881,1486,0,4095,-0.30,0.38,0.695,-6.07,0.48,5.61,R
,120891,1478,0,3856,-0.17,0.366,0.681,-3.94,0.24,5.04,R
,120911,1483,0,856,-0.621,0.36,0.679,1.38,2.57,6.89,R
,120921,1478,0,4095,-0.19,0.370,0.682,-2.49,4.16,6.81,R
,120931,1479,0,855,-0.635,0.375,0.680,-5.39,5.02,6.89,R
,120941,1475,0,095,-0.641,0.37,0.682,6.05,4.44,6.23,R
,120951,1479,0,839,-0.45,0.391,0.677,-7.17,3.6,5.35,R
,120961,1462,0,4095,-0.657,0.38,0.679,-8.63,1.2,4.39,R
,120971,1486,0,858,-0.660,0.38,0.676,-8.80,0.39,5.38,R
,120981,1484,0,4095,-0.50,0.365,0.692,-7.09,-0.89,5.61,R
,121001,1478,0,095,-0.650,0.363,0.698,-3.36,2.01,6.86,R
,121011,1417,0,857,-0.650,0.36,0.693,-2.26,3.34,7.84,R
,121031,1390,0,856,-0.658,0.38,0.691,0.75,3.73,8.65,R
,121041,1424,0,095,-0.666,0.40,0.664,-1.97,3.2,8.77,R
,121051,1398,0,878,-0.652,0.393,0.668,-2.42,0.59,8.52,
,121061,1392,0,095,-0.635,0.39,0.656,-3.36,-1.76,7.62,R
,121071,1362,0,858,-0.31,0.396,0.653,-3.73,-2.08,8.00,R
,121101,1319,0,4095,-0.18,0.376,0.665,-1.36,0.34,6.40,R
,121111,1317,0,3856,-0.610,0.36,0.685,.09,1.55,5.53,R
,121121,1311,0,095,-0.613,0.36,0.700,1.23,1.99,4.40,R
,121131,1311,0,3855,-0.18,0.370,0.693,3.43,3.6,3.81,R
,121141,1310,0,095,-0.635,0.37,0.710,5.09,4.66,3.70,R
,121151,1307,0,3854,-0.41,0.381,0.710,6.54,4.25,2.49,R
,121161,1296,0,4095,-0.48,0.389,0.705,5.66,1.31,1.00,R
,121171,1285,0,856,-0.57,0.395,0.709,6.59,-0.45,0.16,R
,121181,1282,0,4095,-0.56,0.379,0.705,7.14,-2.3,0.29,R
,121191,1232,0,3849,-0.54,0.387,0.679,8.65,-1.79,1.61,R
,121201,1227,0,095,-0.642,0.37,0.665,.90,-0.69,2.71,
,121211,1227,0,3856,-0.28,0.376,0.662,10.74,-0.27,3.87,R
,121231,1230,0,3861,-0.10,0.374,0.655,11.11,-237,3.38,R
,121241,1221,0,095,-0.618,0.37,0.654,11.78,-2.91,3.15,R
,121261,1223,0,095,-0.624,0.40,0.677,12.12,-3.06,4.04,R
,121271,1194,0,856,-0.630,0.42,0.682,11.45,-2.92,4.36,R
,121281,1226,0,4095,-0.36,0.43,0.698,10.68,-2.98,4.43,R
,121291,1229,0,857,-0.627,0.43,0.717,.48,-1.95,4.20,R
,121321,1211,0,4095,-0.619,0.42,0.725,.28,-1.00,4.26,R
,121331,1201,0,3838,-0.14,0.427,0.700,8.48,0.42,5.67,R
,121341,1222,0,082,-0.601,0.41,0.689,6.50,1.3,6.49,R
,121351,1223,0,856,-0.02,0.424,0.688,4.53,0.91,5.20,R
,121361,1220,0,077,-0.602,0.432,0.676,2.30,-0.62,3.35,R
,121381,1212,0,060,-0.625,0.43,0.694,.22,-1.99,1.87,R
,121391,1209,0,3833,-0.615,0.43,0.690,.47,-0.05,3.87,R
,121401,1213,0,059,-0.610,0.44,0.694,-1.61,2.04,5.18,R
,121411,1219,0,3856,-0.23,0.447,0.699,-1.32,4.86,5.21,R
,121421,1207,0,042,-0.637,0.44,0.715,2.04,4.74,3.27,R
,121431,1200,0,3855,-0.648,0.448,0.707,-4.45,2.07,1.81,
,121441,1199,0,032,-0.646,0.43,0.673,6.26,0.44,2.52,R
,121451,1206,0,3856,-0.37,0.434,0.663,-7.21,-0.91,3.84,R
,121461,1211,0,043,-0.14,0.422,0.680,-6.94,0.04,4.40,R
,121471,1215,0,3861,-0.02,0.43,0.670,-7.93,1.2,3.61,R
,121491,1178,0,3858,-0.83,0.418,0.677,-7.62,2.68,2.63,R
,121501,1173,0,4037,-0.78,0.413,0.677,-8.36,2.92,3.50,R
,121511,1183,0,857,-0.567,0.408,0.681,-6.66,5.7,4.11,R
,121521,1166,0,4027,-0.557,0.40,0.680,-6.68,8.54,6.02,R
,121531,1136,0,856,-0.557,0.41,0.689,-5.33,11.15,7.18,R
,121551,1136,0,3856,-0.26,0.467,0.725,-5.79,17.11,5.50,R
,121561,1232,0,041,-0.56,0.466,0.737,-8.04,14.30,2.87,R
,121581,1261,0,023,-0.643,0.45,0.732,-10.72,7.82,0.94,R
,121591,1263,0,3859,-0.43,0.441,0.711,8.36,6.85,2.57,R
,121601,1273,0,987,-0.620,0.43,0.676,5.76,5.12,3.21,R
,121631,1200,0,854,-0.597,0.43,0.626,-3.30,10.71,4.86,R
,121641,1198,0,4005,-0.06,0.443,0.622,-3.43,12.62,5.15,R
,121661,1201,0,4035,-0.24,0.459,0.639,-5.87,15.66,6.39,R
,121671,1211,0,873,-0.632,0.46,0.642,-8.28,14.16,5.26,R
,121681,1222,0,4028,-0.51,0.464,0.673,-10.19,11.40,3.47,R
,121691,1211,0,3859,-0.64,0.461,0.686,12.84,7.12,3.93,R
,121701,1198,0,031,-0.663,0.44,0.687,-11.91,398,5.30,R
,121711,1200,0,856,-0.649,0.45,0.686,-11.87,2.48,6.02,R
,121721,1191,0,4030,-0.659,0.45,0.681,-12.40,1.06,6.81,R
,121731,1199,0,855,-0.644,0.43,0.670,-12.72,0.22,7.09,R
,121741,1200,0,4044,-0.633,0.42,0.664,-13.41,1.06,7.23,R
,121761,1203,0,4045,-0.15,0.431,0.691,-9.73,6.25,6.08,R
,121771,1191,0,851,-0.631,0.46,0.686,-8.46,7.44,4.65,
,121781,1168,0,045,-0.702,0.41,0.707,9.90,5.11,3.94,
,121791,1186,0,3859,-0.681,0.413,0.742,-5.61,0.86,0.10,R
,121811,1184,0,849,-0.70,0.431,0.669,-17.21,-3.84,-5.63,R
,121821,1183,0,048,-0.659,0.39,0.687,-17.81,-.85,-5.00,R
,121841,1167,0,070,-0.653,0.36,0.676,-14.98,-0.51,-2.24,R
,121851,1200,0,3851,-0.84,0.372,0.668,-12.95,2.44,-1.02,R
,121861,1181,0,058,-0.85,0.38,0.683,13.50,2.85,-1.52,R
,121871,1181,0,3851,-0.700,0.40,0.686,-14.36,0.30,-2.80,R
,121881,1182,0,4071,-0.04,0.391,0.677,-13.26,-3.99,-5.57,R
,121891,1168,0,3862,-0.84,0.398,0.677,-14.37,-9.73,-7.49,R
,121921,1068,0,078,-0.651,0.37,0.687,-9.55,-15.67,-10.61,R
,121941,1021,0,4080,-0.49,0.358,0.656,-12.39,-11.99,-1.38,R
,121951,1005,0,856,-0.660,0.37,0.659,-12.71,-12.85,-1.78,R
,121961,1001,0,085,-0.665,0.36,0.665,-12.10,-14.42,-16.45,R
,121971,1002,0,3852,-0.66,0.359,0.656,-13.24,-17.03,-17.83,R
,121981,982,0,4086,-0.60,0.366,0.676,-10.39,-17.01,-18.29,R
,122001,902,0,4065,-0.65,0.339,0.708,-11.49,-20.07,-2122,R
,122091,826,0,359,-0.652,0.376,0.769,-4.83,-6.36,-18.7,R
,122111,827,0,3858,-0.65,0.397,0.775,-5.68,-7.56,-15.37,R
,122131,817,0,348,-0.60,0.352,0.750,-4.86,-10.63,-11.26,R
,122161,832,0,4095,-0.66,0.360,0.714,-8.28,-7.15,-10.8,R
,122171,832,0,3849,-0.60,0.376,0.719,-5.70,-11.41,-12.77,R
,122181,832,0,4095,-0.61,0.356,0.735,-22.04,-13.01,-14.58,R
,122201,930,0,4095,-0.56,0.333,0.774,-25.94,-13.50,-1021,R
,122221,931,0,4095,-0.56,0.306,0.751,-22.84,-2.94,-1.02,R
,122231,848,0,3854,-0.55,0.278,0.771,-20.36,-0.16,1.64,R
,122241,848,0,4095,-0.52,0.288,0.764,-15.38,5.17,2.91,R
,122291,827,0,3843,-0.66,0.294,0.766,-11.21,-3.41,-5.8,R
,122421,815,0,4095,-0.62,0.256,0.782,-17.47,2.33,-3.16,R
,122461,813,0,4095,-0.60,0.178,0.788,-8.75,3.20,7.03,R
,122511,953,0,3831,-0.65,0.294,0.687,8.04,19.99,22.14,R
,122551,1023,0,3842,-0.49,0.313,0.776,-17.26,-1.90,18.1,R
,122561,1014,0,095,-0.642,0.28,0.794,-16.04,-3.75,20.87,R
,122571,1040,0,840,-0.640,0.29,0.817,-22.65,-.70,23.85,R
,122581,1071,0,4095,-0.28,0.269,0.797,23.49,-7.61,26.1,R
,122601,1104,0,4095,-0.87,0.244,0.785,-23.52,-5.59,27.3,R
,122611,1062,0,829,-0.565,0.22,0.791,-22.51,-3.75,27.67,R
,122621,1087,0,4095,-0.77,0.233,0.791,25.15,0.92,28.3,R
,122631,1104,0,3846,-0.67,0.24,0.799,-24.78,2.51,29.53,R
,122641,1081,0,4095,-0.83,0.257,0.796,22.57,4.54,29.3,R
,122651,1096,0,3845,-0.21,0.28,0.783,-24.71,468,29.87,R
,122661,1094,0,4095,-0.19,0.271,0.772,-25.23,2.21,31.36,R
,122671,1114,0,845,-0.615,0.27,0.778,-26.77,-3.40,31.3,R
,122681,1105,0,095,-0.594,0.26,0.763,-31.50,-7.61,29.2,R
,122691,1216,0,843,-0.595,0.25,0.773,32.40,-9.53,27.3,R
,122711,1253,0,847,-0.589,0.248,0.744,-33.56,-4.33,30.5,R
,122721,1313,0,095,-0.590,0.27,0.778,-32.66,2.63,35.6,R
,122741,1330,0,4095,-0.592,0.29,0.831,-31.23,14.54,43.79,R
,122761,1338,0,095,-0.600,0.31,0.890,-40.81,16.07,49.5,R
,122771,1370,0,846,-0.573,0.300,0.901,40.68,17.00,51.62,R
,122791,1387,0,3848,-0.563,0.28,0.903,-50.05,19.79,53.88,R
,122821,1405,0,4095,-0.61,0.285,0.978,66.57,22.91,57.8,R
,122831,1387,0,3830,-0.66,0.273,0.980,-73.81,22.79,58.95,R
,122851,1366,0,3840,-0.576,0.244,1.020,-75.62,2.63,63.10,R
,122861,1377,0,095,-0.589,0.24,1.022,-75.41,23.73,64.91,R
,122871,1373,0,846,-0.556,0.24,1.049,-76.63,22.22,64.3,R
,122901,1369,0,4095,-0.58,0.220,1.099,-100.51,11.64,5271,R
,122911,1343,0,3845,-0.79,0.164,1.108,-108.77,5.24,50.84,R
,122921,1303,0,4095,-0.68,0.10,1.112,-107.14,0.27,49.0,R
,122931,1261,0,843,-0.527,0.05,1.124,-105.24,-5.99,4442,R
,122941,1278,0,095,-0.522,0.04,1.095,-108.05,10.42,37.61,R
,122971,1230,0,843,-0.532,0.01,1.116,-118.97,33.15,15.55,R
,122981,1214,0,095,-0.537,0.01,1.110,-119.67,38.07,9.56,R
,122991,1195,0,3842,-0.560,0.06,1.121,-119.82,-41.01,4.26,R
,123001,1152,0,4095,-0.03,0.082,1.121,127.15,-47.95,-0.93,R
,123021,1095,0,095,-0.95,0.091,1.148,-137.01,-70.74,-6.44,R
,123031,1093,0,3834,-0.92,0.087,1.139,-139.64,-82.05,-23.69,R
,123041,1079,0,095,-0.96,0.071,1.137,139.44,-87.26,-6.47,R
,123051,1040,0,3829,-0.73,0.059,1.127,-136.75,-90.57,-7.40,R
,123061,1040,0,095,-0.543,0.021,1.113,-133.68,-91.61,-7.48,R
,123071,1040,0,3842,-0.06,-0.014,1.104,-131.20,-92.98,-28.56,R
,123091,1040,0,834,-0.503,0.00,1.070,-124.77,-90.40,-9.87,R
,123101,1072,0,4095,-0.17,-0.008,1.056,-127.84,-92.45,-33.95,R
,123111,1088,0,3837,-0.10,-0.034,1.069,-131.56,-101.44,-39.75,
,123131,1134,0,3827,-0.487,-0.03,1.032,-130.08,-112.11,-49.02,
,123151,1168,0,828,-0.489,-0.03,0.981,-126.40,-109.69,-49.31,
,123201,1189,0,4095,-0.62,-0.185,0.943,-109.64,-113.64,-41.13,R
,123211,1187,0,3830,-0.441,-0.15,0.931,-99.23,-112.65,38.04,R
,123221,1201,0,095,-0.428,-0.19,0.901,-92.83,-109.61,34.96,R
,123231,1202,0,3833,-0.420,-0.185,0.869,-88.30,-106.25,31.35,R
,123241,1203,0,095,-0.400,-0.25,0.835,-85.01,-104.48,27.95,R
,123251,1223,0,3831,-0.73,-0.237,0.812,-84.04,-101.89,-24.45,R
,123261,1198,0,095,-0.351,-0.23,0.815,-83.56,97.70,-21.87,R
,123271,1203,0,840,-0.347,-0.21,0.768,-80.46,-94.53,-6.58,R
,123281,1200,0,4095,-0.24,-0.293,0.763,-77.55,91.30,-12.61,R
,123301,1232,0,095,-0.280,-0.31,0.758,-69.41,91.93,-0.91,R
,123311,1244,0,3831,-0.60,-0.341,0.726,-65.79,-89.87,-10.39,R
,123331,1222,0,825,-0.216,-0.49,0.702,-61.49,-88.36,-8.33,R
,123351,1179,0,3835,-0.204,-0.434,0.677,-54.75,-82.69,-.03,R
,123371,1193,0,834,-0.191,-0.437,0.719,-49.78,-72.72,-.12,R
,123391,1245,0,3833,-0.61,-0.466,0.688,-41.75,-74.86,-1.13,R
,123401,1279,0,095,-0.159,-0.47,0.681,-41.24,-71.93,199,R
,123421,1289,0,4095,-0.128,-0.515,0.685,-40.63,71.46,513,R
,123431,1306,0,827,-0.112,-0.50,0.686,-35.70,71.50,6.36,R
,123461,1389,0,4095,-0.54,-0.511,0.635,-37.68,-75.98,790,R
,123471,1395,0,826,-0.39,-0.547,0.637,-38.97,-79.12,735,R
,123481,1409,0,095,-0.003,-0.555,0.631,-41.24,-82.74,6.62,R
,123501,1450,0,4095,0.02,-0.600,0.626,-38.37,-84.05,7.5,R
,123511,1441,0,3829,-0.053,-0.50,0.795,-28.69,-70.74,742,R
,123521,1471,0,095,0.118,-0.587,0.629,-26.52,-70.13,6.9,R
,123531,1458,0,825,0.12,-0.619,0.612,26.39,-59.95,1.53,R
,123541,1477,0,4095,0.169,-0.626,0.584,-26.23,-46.53,-074,R
,123561,1475,0,095,0.163,-0.656,0.600,-23.10,-28.80,-0.12,R
,123581,1483,0,095,0.161,-0.667,0.619,-13.96,-18.13,2.9,R
,123601,1482,0,4095,0.11,-0.668,0.629,-12.95,-14.31,-022,R
,123611,1475,0,827,0.194,-0.677,0.628,-13.61,-14.59,-203,R
,123621,1477,0,095,0.19,-0.673,0.629,-15.82,-11.59,-3.28,R
,123651,1477,0,3827,0.14,-0.643,0.642,10.04,2.11,-2.76,R
,123671,1473,0,831,0.13,-0.679,0.673,-6.59,2.82,-9.19,R
,123681,1465,0,4095,0.204,-0.689,0.714,-2.69,3.69,-10.0,R
,123691,1466,0,824,0.202,-0.699,0.717,5.63,7.43,-9.28,R
,123701,1463,0,095,0.200,-0.71,0.710,9.60,7.0,-8.44,
,123721,1472,0,095,0.196,-0.680,0.734,9.31,6.04,-10.42,R
,123761,1460,0,095,0.137,-0.657,0.785,6.41,8.39,-8.88,
,123771,1467,0,830,0.13,-0.678,0.793,11.66,8.18,-8.79,R
,123781,1469,0,095,0.162,-0.656,0.779,15.90,10.13,-7.75,R
,123791,1478,0,3836,0.178,-0.64,0.770,18.12,1189,-5.5,R
,123801,1501,0,4095,0.21,-0.635,0.753,18.06,13.43,-4.8,R
,123831,1482,0,827,0.24,-0.646,0.772,1.64,0.27,-18.22,R
,123841,1472,0,095,0.242,-0.669,0.785,2.52,-6.77,-24.01,R
,123851,1460,0,3824,0.233,-0.675,0.779,-5.41,-12.04,-2769,R
,123861,1467,0,095,0.222,-0.684,0.779,-9.03,-13.98,-2838,R
,123871,1470,0,824,0.228,-0.677,0.781,-11.93,-15.17,-26.38,R
,123881,1441,0,095,0.205,-0.67,0.772,-13.10,-13.84,-2.84,R
,123891,1451,0,833,0.200,-0.67,0.779,-12.80,-2.30,-2.95,R
,123921,1442,0,095,0.209,-0.654,0.771,-3.21,1.90,-12.35,R
,123931,1428,0,830,0.201,-0.63,0.755,-2.10,6.7,-10.8,R
,123941,1424,0,095,0.200,-0.66,0.768,-3.20,7.6,-10.2,R
,123951,1410,0,3830,0.27,-0.671,0.780,4.04,5.24,-11.37,R
,123981,1392,0,4095,0.26,-0.669,0.765,-6.13,-3.24,-13.7,R
,124001,1381,0,4095,0.26,-0.671,0.744,-12.54,-10.47,-15.96,R
,124031,1375,0,3828,0.26,-0.678,0.748,-7.41,-8.92,-15.80,R
,124041,1373,0,095,0.23,-0.646,0.733,-3.61,-5.70,-16.45,R
,124061,1375,0,095,0.26,-0.628,0.744,-4.39,-3.15,-18.73,R
,124071,1363,0,3822,0.23,-0.604,0.741,-6.10,-2.69,-20.39,R
,124081,1387,0,095,0.228,-0.619,0.749,-7.81,-2.56,-19.2,R
,124111,1382,0,833,0.256,-0.641,0.755,-9.29,-7.30,-16.32,R
,124121,1301,0,095,0.261,-0.638,0.748,-7.50,-811,-15.2,R
,124131,1317,0,829,0.268,-0.65,0.728,-3.81,-714,-13.5,R
,124141,1311,0,095,0.289,-0.656,0.711,-0.63,-6.08,-13.6,R
,124151,1318,0,824,0.284,-0.631,0.672,0.60,-4.37,-14.91,R
,124171,1264,0,827,0.310,-0.646,0.662,-0.83,-6.22,-23.05,R
,124181,1240,0,4095,0.278,-0.653,0.664,-2.75,-6.72,-24.0,R
,124191,1238,0,827,0.277,-0.671,0.669,-2.40,-7.99,-22.8,R
,124221,1267,0,095,0.269,-0.664,0.681,4.93,1.47,-11.72,R
,124231,1263,0,3824,0.26,-0.629,0.672,7.14,5.63,-11.32,R
,124261,1226,0,095,0.24,-0.649,0.616,-5.73,10.53,-20.8,R
,124281,1211,0,095,0.277,-0.66,0.619,-5.62,6.0,-18.73,R
,124291,1169,0,824,0.22,-0.654,0.625,-5.33,2.88,-19.31,R
,124331,1168,0,824,0.289,-0.683,0.627,-7.03,6.82,-23.4,R
,124341,1179,0,095,0.292,-0.676,0.631,-5.76,11.49,-22.06,R
,124351,1183,0,822,0.301,-0.682,0.655,-5.41,12.39,-22.4,R
,124371,1154,0,820,0.290,-0.663,0.634,-3.46,18.31,-20.91,R
,124391,1148,0,822,0.288,-0.641,0.634,4.01,22.77,-20.53,R
,124401,1142,0,095,0.283,-0.649,0.661,-7.61,23.72,-21.09,R
,124411,1099,0,823,0.272,-0.654,0.646,12.26,23.15,-21.96,R
,124421,1039,0,095,0.263,-0.655,0.669,-17.58,19.17,-2381,R
,124431,847,0,324,0.264,-0.666,0.641,-21.27,15.20,-26.8,R
,124451,841,0,3825,0.26,-0.696,0.657,-0.37,8.89,-24.7,R
,124461,841,0,495,0.283,-0.700,0.661,-19.91,6.44,-23.1,R
,124481,842,0,495,0.334,-0.685,0.634,-22.98,10.54,-26.97,R
,124531,946,0,3822,0.30,-0.709,0.643,-22.28,32.74,-18.73,R
,124551,946,0,327,0.31,-0.685,0.644,-20.97,36.27,-17.0,R
,124561,939,0,4095,0.35,-0.685,0.629,-18.89,33.72,-18.7,R
,124581,1017,0,4095,0.353,-0.718,0.627,-20.80,2.71,-19.77,R
,124621,1039,0,095,0.30,-0.707,0.660,-27.61,40.34,-21.14,R
,124641,1072,0,4095,0.32,-0.683,0.672,28.81,21.03,-2542,R
,124661,1088,0,095,0.32,-0.65,0.635,-35.01,-7.03,-32.79,R
,124671,1073,0,827,0.446,-0.64,0.656,-40.10,-4.80,-33.83,R
,124691,1087,0,3830,0.441,-0.687,0.738,-32.57,4.47,-27.6,R
,124711,1090,0,3833,0.42,-0.682,0.828,-27.53,3.15,-16.38,R
,124721,1088,0,095,0.32,-0.680,0.897,-21.18,40.47,-14.01,R
,124731,1088,0,3830,0.35,-0.681,1.008,18.54,40.74,-1222,R
,124751,1110,0,3831,0.24,-0.689,1.221,-23.21,34.77,-6.8,R
,124771,1167,0,831,0.25,-0.696,1.369,-15.00,19.31,-2.59,R
,124801,1237,0,095,0.354,-0.680,1.319,16.57,10.56,1.24,R
,124831,1257,0,829,0.317,-0.648,0.985,8.93,3.98,6.55,R
,124841,1268,0,4095,0.37,-0.622,0.910,7.29,-1.21,10.13,R
,124871,1264,0,3842,0.34,-0.685,0.799,9.94,-28.85,-0.6,R
,124931,1269,0,825,0.37,-0.64,0.677,10.10,-14.14,15.5,R
,124951,1275,0,834,0.34,-0.638,0.655,5.61,-19.56,17.7,R
,124971,1267,0,825,0.34,-0.651,0.677,-0.59,-21.12,19.4,R
,124991,1265,0,3830,0.31,-0.681,0.702,0.34,-21.26,20.7,R
,125061,1279,0,4095,0.23,-0.704,0.788,4.99,-23.34,25.1,R
,125081,1290,0,4095,0.21,-0.714,0.810,.53,-29.01,23.4,R
,125101,1335,0,095,0.25,-0.72,0.800,1.99,-3077,24.72,R
,125131,1340,0,3827,0.20,-0.768,0.784,8.21,-31.79,20.71,R
,125151,1327,0,825,0.27,-0.759,0.712,20.67,-27.00,21.56,R
,125161,1290,0,4095,0.200,-0.733,0.716,22.09,-2.88,21.36,R
,125221,1054,0,095,0.21,-0.74,0.405,14.77,-49.09,0.84,R
,125261,1038,0,4095,0.364,-0.766,0.185,0.83,-26.10,-4.6,R
,125271,1022,0,3824,0.342,-0.779,0.158,0.24,-24.19,-6.1,R
,125301,1015,0,095,0.33,-0.772,0.142,-0.74,-5.44,-12.8,R
,125331,1015,0,824,0.235,-0.764,0.248,-4.45,4.48,-19.8,R
,125371,1037,0,3827,0.21,-0.78,0.385,-20.30,26.51,-2167,R
,125381,1062,0,095,0.22,-0.798,0.441,-15.85,28.31,-22.67,R
,125391,1058,0,823,0.27,-0.791,0.478,-15.50,28.34,-2509,R
,125401,1059,0,4095,0.28,-0.78,0.496,-13.21,27.26,-28.42,R
,125421,1062,0,095,0.21,-0.78,0.519,-14.40,19.09,-3288,R
,125441,1007,0,4095,0.28,-0.75,0.533,-20.49,1.68,-38.24,R
,125481,1039,0,095,0.26,-0.764,0.530,-33.15,3.58,-30.45,R
,125491,1023,0,823,0.30,-0.76,0.566,-31.20,47.69,-2966,R
,125521,971,0,495,0.27,-0.732,0.568,-24.30,39.73,-46.0,R
,125541,1009,0,095,0.286,-0.695,0.530,-28.45,19.79,-55.72,R
,125561,1022,0,4095,0.29,-0.63,0.465,-35.24,15.69,-5375,R
,125571,1059,0,824,0.315,-0.633,0.497,-35.23,20.89,-52.25,R
,125601,1040,0,4095,0.35,-0.549,0.472,-5.65,4508,-54.45,R
,125631,832,0,327,0.267,-0.367,0.435,16.85,46.45,-42.3,R
,125691,886,0,327,0.26,-0.370,0.916,21.19,82.18,1.12,R
,125761,904,0,495,0.31,-0.578,1.441,17.66,71.15,31.26,R
,125771,902,0,323,0.35,-0.693,1.477,28.86,60.3,32.68,R
,125851,934,0,319,0.41,-0.784,1.159,36.91,-0.36,26.07,R
,125861,930,0,495,0.41,-0.823,1.153,37.66,-2.16,25.58,R
,125921,930,0,495,0.30,-0.695,0.990,22.16,-31.18,23.3,R
,125941,921,0,495,0.277,-0.682,0.942,17.48,-32.50,25.13,R
,126001,931,0,4095,0.15,-0.593,0.939,17.92,-28.16,39.3,R
,126101,943,0,4095,0.08,-0.584,0.940,13.67,-3740,38.9,R
,126111,940,0,324,0.05,-0.559,0.928,12.96,-4445,35.7,R
,126131,944,0,318,-0.01,-0.615,0.903,13.84,-52.45,32.92,R
,126141,944,0,4095,0.13,-0.545,0.854,7.20,-48.82,30.54,R
,126181,933,0,495,0.07,-0.607,0.764,2.03,-37.93,37.3,R
,126211,909,0,3814,0.10,-0.593,0.560,32.59,-47.21,23.94,R
,126301,906,0,495,0.18,-0.617,0.296,4.65,-15.35,1.81,R
,126321,914,0,495,0.20,-0.658,0.343,355,-11.55,-7.29,R
,126361,947,0,495,0.161,-0.605,0.463,-.62,14.74,-4.73,R
,126381,944,0,4095,0.10,-0.630,0.592,0.83,24.9,-4.67,
,126461,906,0,4095,0.14,-0.635,0.728,-10.54,2992,-20.0,R
,126481,947,0,495,0.15,-0.642,0.762,-10.07,33.05,-23.2,R
,126491,949,0,324,0.198,-0.675,0.762,-8.80,32.25,-25.5,R
,126531,906,0,313,0.18,-0.639,0.749,-4.94,51.26,-28.22,R
,126541,889,0,495,0.187,-0.633,0.765,-3.20,52.94,-28.01,R
,126551,896,0,322,0.169,-0.661,0.754,-19.55,5172,-29.0,R
,126571,912,0,313,0.182,-0.651,0.790,-19.90,4215,-33.0,R
,126601,932,0,495,0.21,-0.643,0.742,-7.96,29.20,-40.70,R
,126641,973,0,495,0.30,-0.657,0.701,-20.66,23.87,-43.5,R
,126731,957,0,315,0.17,-0.589,1.403,-9.32,51.87,-33.25,R
,126741,966,0,495,0.174,-0.611,1.476,-4.04,54.77,-24.77,R
,126751,965,0,3823,0.15,-0.616,1.522,-13.76,54.16,-20.4,R
,126781,945,0,495,0.173,-0.565,1.565,-0.30,16.70,-30.64,R
,126821,914,0,4095,0.22,-0.485,1.192,6.94,8.04,-12.74,
,126841,902,0,4095,0.22,-0.500,1.126,1.78,-13.66,-17.52,R
,126891,910,0,3823,0.22,-0.471,0.940,4.94,-19.76,-2.33,R
,126911,907,0,3811,0.228,-0.476,0.917,2.04,-16.13,5.15,
,126931,906,0,314,0.226,-0.484,0.912,1.84,-21.52,8.84,
,126961,912,0,495,0.207,-0.499,0.910,1.77,-24.54,15.71,R
,127081,959,0,4095,0.203,-0.584,0.906,9.40,-38.69,22.89,R
,127101,942,0,495,0.19,-0.561,0.869,12.45,-39.44,22.20,R
,127111,942,0,319,0.105,-0.607,0.836,21.41,-34.21,24.9,R
,127121,929,0,495,0.21,-0.568,0.792,19.46,-29.11,23.8,R
,127131,897,0,315,0.180,-0.573,0.787,19.98,-24.76,26.91,R
,127151,900,0,315,0.134,-0.580,0.705,19.14,-3077,23.3,R
,127221,870,0,495,0.20,-0.641,0.375,15.70,-42.28,1.58,R
,127271,810,0,313,0.22,-0.721,0.298,-6.92,4.7,-0.79,
,127291,802,0,325,0.191,-0.791,0.444,-14.36,11.92,-14.7,R
,127331,836,0,3823,0.15,-0.689,0.489,-4.19,28.54,-22.04,R
,127391,870,0,3824,0.13,-0.749,0.676,-15.10,30.74,-43.9,R
,127411,879,0,321,0.193,-0.717,0.675,-16.36,35.61,-47.6,R
,127451,923,0,322,0.15,-0.668,0.713,-7.07,68.22,-48.3,R
,127521,929,0,495,0.17,-0.672,0.709,-1.91,38.92,-78.9,R
,127531,931,0,3812,0.16,-0.652,0.716,-36.77,4521,-78.68,R
,127571,859,0,321,0.16,-0.531,0.634,-26.16,43.09,-84.62,R
,127601,847,0,495,0.102,-0.338,0.556,-12.45,4610,-82.1,R
,127621,834,0,495,-0.00,-0.143,0.578,-4.19,7363,-62.1,R
,127631,835,0,3826,-0.02,-0.081,0.647,-1.93,82.62,-53.71,R
,127641,821,0,495,-0.05,-0.036,0.742,0.85,87.90,-45.6,R
,127661,800,0,4095,-0.12,0.088,0.947,11.43,91.1,-25.1,R
,127691,780,0,3824,-0.18,0.142,1.294,16.93,103.79,27.27,R
,127741,768,0,495,0.17,-0.364,1.663,23.41,66.51,67.26,R
,127861,774,0,495,0.241,-0.688,1.182,40.28,2.54,42.48,
,127891,773,0,322,0.179,-0.634,1.164,24.41,-15.67,41.8,R
,127941,760,0,495,0.09,-0.540,1.084,21.99,-1973,49.35,R
,127951,755,0,318,0.08,-0.519,1.067,18.22,-1654,50.0,R
,127981,765,0,495,-0.039,-0.47,1.094,2.83,-2616,50.52,R
,128001,794,0,4095,-0.05,-0.47,1.119,0.47,-42.57,50.1,R
,128041,801,0,4095,-0.03,-0.447,1.086,12.57,-46.97,46.22,R
,128051,803,0,315,-0.070,-0.448,1.076,4.39,-40.57,46.72,R
,128061,799,0,495,-0.096,-0.424,1.060,14.41,-37.72,45.9,R
,128081,784,0,495,-0.309,-0.542,1.023,15.51,-33.26,43.3,R
,128091,799,0,396,-0.180,-0.416,1.004,2.10,-41.82,39.18,R
,128111,785,0,310,-0.14,-0.481,0.985,6.54,-65.35,35.4,R
,128171,742,0,3823,-0.05,-0.401,0.508,40.97,-70.69,34.4,R
,128181,738,0,495,-0.09,-0.386,0.454,31.66,-68.69,30.2,R
,128201,741,0,495,0.083,-0.439,0.339,11.11,-60.08,20.29,R
,128261,713,0,4095,0.05,-0.586,0.506,-12.86,-12.72,7.5,R
,128271,719,0,3813,0.00,-0.537,0.473,-4.88,-6.56,8.94,R
,128281,711,0,4095,0.01,-0.555,0.538,0.27,-0.56,9.13,R
,128331,749,0,3815,-0.07,-0.52,0.759,-9.07,7.35,3.41,
,128351,784,0,3811,-0.02,-0.530,0.831,-10.65,5.70,-8.56,R
,128371,772,0,309,0.004,-0.568,0.865,-.91,20.16,-14.0,R
,128391,782,0,313,0.024,-0.539,0.876,-7.43,26.89,-12.64,R
,128421,783,0,495,-0.020,-0.497,0.872,10.92,32.73,-14.56,R
,128431,791,0,315,-0.004,-0.503,0.889,-14.72,2.30,-2053,R
,128441,784,0,495,0.036,-0.511,0.891,-20.88,11.75,-29.16,R
,128491,823,0,315,0.082,-0.552,0.860,-28.63,24.71,-24.53,R
,128511,873,0,334,0.062,-0.556,0.872,-19.99,43.99,-22.1,R
,128561,897,0,478,0.164,-0.545,0.792,-37.65,-5.12,-41.6,R
,128571,970,0,313,0.17,-0.554,0.754,-33.67,-3.41,-40.5,R
,128591,981,0,324,0.209,-0.517,0.659,-26.97,12.48,-29.54,R
,128601,983,0,494,0.252,-0.514,0.628,-28.42,17.78,-26.45,R
,128621,998,0,495,0.29,-0.518,0.640,-41.27,11.40,-37.63,R
,128631,1023,0,817,0.303,-0.520,0.672,-42.69,781,-40.68,R
,128651,1046,0,3821,0.15,-0.536,0.854,-54.30,25.15,-3151,R
,128661,1051,0,4080,0.18,-0.473,1.052,-54.94,30.56,-2865,R
,128731,1059,0,824,0.069,-0.543,1.782,-5.04,0.08,-4.22,R
,128821,976,0,470,0.179,-0.477,0.959,10.06,-24.76,0.57,R
,128831,979,0,3806,0.16,-0.474,0.932,5.67,-24.82,1.00,
,128841,971,0,451,0.188,-0.471,0.918,2.85,-24.92,2.42,R
,128931,944,0,322,0.13,-0.524,0.940,13.16,-20.11,21.4,R
,128981,930,0,425,0.119,-0.537,0.939,1.32,-31.38,19.8,R
,129091,812,0,3829,0.02,-0.576,0.721,28.56,-31.70,10.57,R
,129201,749,0,416,0.178,-0.696,0.340,-7.50,1.24,-15.84,R
,129211,752,0,324,0.172,-0.691,0.381,-3.78,17.24,-18.32,R
,129221,752,0,415,0.119,-0.683,0.468,0.28,29.95,-21.89,R
,129271,803,0,333,0.07,-0.666,0.600,-20.10,32.83,-37.6,R
,129281,800,0,410,0.068,-0.677,0.637,-23.12,28.89,-42.8,R
,129291,817,0,331,0.072,-0.680,0.674,-19.10,2851,-46.5,R
,129311,806,0,331,0.070,-0.704,0.754,-8.04,43.44,-54.47,R
,129321,807,0,418,0.086,-0.680,0.769,-5.73,46.65,-55.1,R
,129341,786,0,407,0.099,-0.667,0.788,-13.65,50.77,-63.45,R
,129361,789,0,407,0.058,-0.621,0.805,-21.43,55.15,-68.50,R
,129401,784,0,393,0.06,-0.607,0.847,-33.53,24.24,-98.3,R
,129411,759,0,325,0.04,-0.588,0.816,-31.04,17.70,-10029,R
,129421,771,0,3982,0.07,-0.575,0.810,-28.19,16.21,-99.96,R
,129471,697,0,338,0.005,-0.295,0.627,-1.17,47.53,-89.0,R
,129481,528,0,387,-0.024,-0.231,0.558,8.91,34.1,-93.1,R
,129491,527,0,3835,-0.01,-0.179,0.520,5.74,21.87,-96.4,R
,129511,527,0,326,-0.125,0.048,0.549,6.03,35.8,-69.19,R
,129531,528,0,328,-0.21,0.098,0.759,-7.76,80.59,-28.9,R
,129551,576,0,337,-0.24,0.003,1.068,-14.74,104.22,8.2,R
,129561,570,0,385,-0.210,-0.032,1.210,0.53,10030,24.28,R
,129571,511,0,330,-0.158,-0.019,1.294,8.12,98.37,32.77,R
,129611,571,0,334,0.043,-0.345,1.699,8.18,84.85,60.60,R
,129681,486,0,396,0.331,-0.643,1.455,39.45,39.63,36.94,R
,129791,447,0,336,-0.012,-0.459,1.098,28.28,12.56,47.0,R
,129831,423,0,330,-0.043,-0.431,1.077,15.84,-4.60,50.8,R
,129861,427,0,414,-0.050,-0.40,1.072,17.03,-12.94,51.73,R
,129891,454,0,331,-0.090,-0.34,1.049,14.12,-8.57,54.65,R
,130011,691,0,340,-0.032,-0.29,0.824,1.37,-43.12,32.87,R
,130041,673,0,431,-0.164,-0.380,0.699,20.65,-56.98,39.06,R
,130071,624,0,337,-0.098,-0.342,0.453,25.77,-31.61,32.16,R
,130081,653,0,419,-0.182,-0.38,0.494,15.89,-30.11,26.40,R
,130091,649,0,343,-0.101,-0.382,0.454,.99,-31.03,21.2,R
,130101,635,0,394,-0.092,-0.402,0.436,.77,-30.76,15.82,R
,130181,663,0,379,-0.186,-0.357,0.615,.49,40.42,0.13,
,130191,671,0,3824,-0.22,-0.367,0.691,0.30,41.21,-4.35,R
,130201,663,0,385,-0.231,-0.36,0.748,-6.63,35.03,-10.96,R
,130221,672,0,3982,-0.37,-0.366,0.869,-12.52,21.38,-2229,R
,130261,650,0,379,-0.222,-0.387,0.940,1.33,19.28,-20.7,R
,130271,647,0,3830,-0.18,-0.409,0.960,3.02,26.68,-20.5,R
,130291,511,0,335,-0.175,-0.35,0.902,8.48,41.3,-22.0,R
,130321,535,0,3952,-0.12,-0.344,0.884,-8.07,3320,-33.3,R
,130381,544,0,350,-0.193,-0.415,0.917,-23.68,31.96,-3902,R
,130391,533,0,335,-0.183,-0.408,0.885,-19.91,32.45,-39.23,R
,130411,539,0,345,-0.144,-0.409,0.882,-15.90,27.11,-45.95,R
,130421,539,0,372,-0.154,-0.384,0.850,-18.74,22.53,-4567,R
,130441,544,0,383,-0.101,-0.39,0.809,-35.09,1.33,-4149,R
,130461,538,0,388,-0.084,-0.38,0.771,-29.00,14.86,-3754,R
,130471,609,0,339,-0.12,-0.378,0.761,-19.06,10.39,-3424,R
,130481,612,0,399,-0.082,-0.382,0.744,-13.50,477,-42.1,R
,130521,626,0,318,-0.11,-0.379,1.084,-38.55,13.99,-27.31,R
,130551,628,0,331,-0.270,-0.360,1.572,-28.10,65.95,5.85,R
,130581,598,0,3963,-0.30,-0.30,1.802,3.48,31.9,1.29,
,130621,593,0,362,-0.228,-0.245,1.448,10.61,-17.24,1.04,R
,130641,588,0,369,-0.167,-0.267,1.263,9.84,-19.95,3.10,R
,130661,570,0,384,-0.105,-0.239,1.104,24.79,-13.67,8.86,R
,130681,539,0,387,-0.219,-0.20,1.036,11.78,-15.73,13.0,R
,130691,533,0,326,-0.178,-0.305,1.042,.50,-21.76,14.78,R
,130701,529,0,373,-0.16,-0.322,1.026,6.24,-2970,12.8,R
,130721,531,0,352,-0.147,-0.342,1.008,1.67,-36.69,15.15,R
,130761,502,0,393,-0.155,-0.316,0.998,15.43,-10.89,36.83,R
,130771,396,0,339,-0.17,-0.322,1.008,15.75,-1.10,39.8,R
,130781,391,0,392,-0.11,-0.304,0.996,11.41,-8.80,39.00,R
,130791,397,0,325,-0.115,-0.318,1.014,7.26,-12.11,35.12,R
,130801,393,0,373,-0.148,-0.310,1.002,8.03,-15.76,33.8,R
,130811,395,0,340,-0.153,-0.33,1.036,10.06,-19.69,33.7,R
,130821,401,0,3984,-0.10,-0.32,1.024,12.25,-21.01,34.0,R
,130861,418,0,410,-0.194,-0.333,1.043,13.84,-2.22,38.7,R
,130871,423,0,335,-0.210,-0.349,1.058,15.84,-23.44,37.18,R
,130901,543,0,414,-0.186,-0.330,1.029,17.09,-30.66,38.33,R
,130911,550,0,325,-0.254,-0.324,1.056,15.11,-2.69,36.2,R
,130941,562,0,412,-0.240,-0.333,1.014,8.64,-27.96,35.32,R
,131021,401,0,421,-0.133,-0.347,0.577,18.67,-47.92,14.8,R
,131061,371,0,4018,-0.09,-0.37,0.493,-0.54,-22.34,14.11,R
,131071,368,0,3824,-0.15,-0.38,0.500,3.64,-1101,14.7,R
,131081,379,0,405,-0.054,-0.405,0.536,.82,-3.15,8.04,R
,131151,435,0,327,-0.20,-0.40,0.865,-17.21,14.18,-1444,R
,131191,431,0,324,-0.146,-0.361,0.931,2.12,10.73,-28.2,R
,131201,446,0,395,-0.127,-0.344,0.929,-1.33,9.49,-32.90,R
,131221,443,0,399,-0.140,-0.332,0.930,-9.73,12.33,-33.58,R
,131351,395,0,309,-0.042,-0.403,0.927,23.88,25.69,-37.02,R
,131361,526,0,375,-0.064,-0.392,0.922,23.12,28.30,-37.98,R
,131381,534,0,371,-0.062,-0.392,0.900,-20.46,21.99,-3807,R
,131451,560,0,324,0.008,-0.387,0.988,-1.09,16.30,-40.16,R
,131471,561,0,322,-0.019,-0.342,1.049,-18.71,21.95,-33.16,R
,131501,537,0,394,-0.095,-0.335,1.270,-28.91,31.73,-2148,R
,131521,502,0,403,-0.17,-0.31,1.405,-22.51,3.00,-1117,R
,131551,510,0,323,-0.135,-0.275,1.432,-5.15,16.11,-3.0,R
,131561,481,0,413,-0.118,-0.252,1.398,-1.99,10.11,-0.7,R
,131571,480,0,321,-0.100,-0.254,1.342,-1.10,4.51,1.35,
,131601,465,0,396,-0.048,-0.286,1.177,0.65,0.24,10.37,R
,131641,439,0,401,-0.073,-0.333,1.080,-0.05,-515,23.4,R
,131651,445,0,323,-0.081,-0.353,1.062,-1.65,-6.63,25.23,R
,131731,506,0,325,-0.142,-0.353,1.043,1.98,-7.49,43.55,R
,131761,436,0,409,-0.17,-0.370,1.065,5.20,-10.08,48.5,R
,131781,445,0,411,-0.160,-0.357,1.048,12.59,-15.64,49.78,R
,131801,464,0,419,-0.180,-0.33,1.036,12.01,-14.22,51.20,R
,131821,474,0,406,-0.208,-0.332,1.040,13.55,-1.59,50.94,R
,131841,463,0,415,-0.226,-0.342,1.033,14.53,-1.79,52.08,R
,131851,489,0,317,-0.261,-0.332,1.042,10.13,-20.45,51.6,R
,131861,496,0,412,-0.266,-0.365,1.063,8.71,-25.81,49.09,R
,131891,543,0,3821,-0.30,-0.368,1.039,8.15,-37.56,46.2,R
,131911,578,0,329,-0.323,-0.367,0.986,22.16,-39.05,48.86,R
,131941,557,0,417,-0.23,-0.396,0.801,27.58,-39.96,49.8,R
,131971,597,0,324,-0.235,-0.408,0.603,33.87,-4.86,40.95,R
,131991,565,0,324,-0.151,-0.376,0.494,39.83,-34.39,32.3,R
,132011,434,0,321,-0.113,-0.396,0.442,28.03,-3.11,13.85,R
,132021,447,0,414,-0.117,-0.375,0.413,17.93,-29.14,6.19,R
,132051,509,0,318,-0.077,-0.462,0.449,5.68,-16.66,-7.6,R
,132071,539,0,319,-0.149,-0.447,0.517,-5.78,4.2,-4.33,R
,132091,502,0,3816,-0.11,-0.452,0.630,2.47,21.89,-6.87,R
,132101,452,0,3977,-0.16,-0.434,0.690,1.09,23.1,-12.88,R
,132121,496,0,401,-0.227,-0.412,0.772,0.39,19.29,-18.3,R
,132141,469,0,403,-0.212,-0.401,0.806,-6.80,18.60,-23.14,R
,132151,467,0,324,-0.241,-0.378,0.821,-6.51,2195,-25.05,R
,132181,466,0,399,-0.212,-0.387,0.911,2.12,29.3,-34.67,R
,132191,473,0,319,-0.196,-0.401,0.923,0.73,30.15,-37.7,R
,132201,479,0,387,-0.208,-0.392,0.938,-3.14,2860,-41.26,R
,132211,477,0,324,-0.213,-0.390,0.921,-7.55,26.30,-44.24,R
,132221,469,0,394,-0.209,-0.410,0.945,-9.59,25.26,-46.2,R
,132231,478,0,320,-0.229,-0.392,0.949,-10.60,24.77,-4569,R
,132241,466,0,381,-0.238,-0.380,0.936,-11.70,23.98,-45.05,R
,132261,486,0,383,-0.176,-0.404,0.934,-15.76,23.82,-46.96,R
,132321,589,0,373,-0.160,-0.414,0.906,-27.14,31.44,-48.19,R
,132391,561,0,3824,-0.03,-0.321,0.784,-30.05,1.62,-46.87,R
,132401,567,0,381,-0.033,-0.327,0.823,-33.09,1.79,-41.67,R
,132411,562,0,318,-0.072,-0.321,0.876,-33.44,2.46,-40.88,R
,132501,539,0,378,-0.262,-0.296,1.578,-8.84,26.16,-6.35,R
,132531,530,0,322,-0.220,-0.272,1.459,2.24,0.0,-2.00,R
,132541,528,0,387,-0.19,-0.296,1.365,6.57,-1.05,2.42,R
,132551,529,0,3814,-0.16,-0.293,1.306,.30,-1.05,5.49,
,132581,511,0,375,-0.127,-0.309,1.156,10.39,-211,12.34,R
,132621,554,0,383,-0.18,-0.321,1.070,8.22,-20.63,19.1,R
,132631,528,0,321,-0.111,-0.36,1.070,5.93,-2193,20.0,R
,132641,496,0,3984,-0.11,-0.373,1.058,10.13,-1.59,24.46,R
,132681,501,0,361,-0.148,-0.32,1.039,20.35,-2.86,43.8,R
,132701,464,0,349,-0.17,-0.332,1.049,11.37,-915,46.45,R
,132731,481,0,322,-0.184,-0.346,1.067,11.16,-2.80,48.08,R
,132741,477,0,368,-0.11,-0.355,1.061,12.56,-2.30,50.02,R
,132751,477,0,323,-0.193,-0.338,1.070,15.49,-1.73,53.23,R
,132761,479,0,361,-0.224,-0.32,1.073,16.27,-1.59,56.83,R
,132781,511,0,384,-0.233,-0.338,1.092,12.82,-1.52,51.70,R
,132801,496,0,361,-0.272,-0.359,1.069,12.24,-36.22,47.03,R
,132831,506,0,325,-0.338,-0.463,1.132,44.06,-36.28,58.6,R
,132851,508,0,321,-0.289,-0.35,1.023,27.48,-2.13,50.98,R
,132861,503,0,363,-0.323,-0.34,0.989,33.78,-2.04,55.91,R
,132871,511,0,325,-0.295,-0.383,0.917,26.04,-2.85,48.49,R
,132901,550,0,348,-0.341,-0.441,0.840,3.67,-53.59,33.4,R
,132921,543,0,389,-0.205,-0.421,0.598,49.64,-5.47,31.2,R
,132971,569,0,329,-0.148,-0.339,0.385,3.41,-23.73,9.9,R
,133001,562,0,352,-0.07,-0.420,0.407,-1.52,-2.43,-14.22,R
,133011,613,0,3820,-0.07,-0.435,0.444,-1.70,-2.37,-2068,R
,133021,623,0,3983,-0.07,-0.426,0.542,-3.72,-2.30,-28.84,R
,133051,630,0,320,-0.158,-0.406,0.616,-7.64,4.83,-29.9,R
,133081,642,0,3978,-0.29,-0.375,0.805,-10.62,22.79,-2723,R
,133091,636,0,334,-0.159,-0.349,0.846,-8.84,2947,-29.06,R
,133111,640,0,315,-0.222,-0.363,0.938,4.74,36.76,-32.4,R
,133121,623,0,359,-0.207,-0.351,0.954,3.17,35.2,-35.72,R
,133131,618,0,329,-0.227,-0.350,0.950,-0.48,32.68,-37.7,R
,133141,592,0,352,-0.21,-0.328,0.954,3.30,32.15,-37.2,R
,133151,591,0,319,-0.215,-0.314,0.965,-8.36,3236,-35.74,R
,133161,591,0,352,-0.195,-0.32,0.970,-12.52,3.19,-38.09,R
,133171,472,0,318,-0.179,-0.33,0.991,-17.65,2.15,-4282,R
,133181,478,0,354,-0.184,-0.33,0.988,-20.08,1.70,-47.19,R
,133201,481,0,354,-0.148,-0.367,0.986,-16.74,15.03,-52.93,R
,133211,480,0,325,-0.13,-0.346,0.977,-14.54,18.11,-5053,R
,133221,480,0,3954,-0.144,-0.342,0.943,-17.62,24.59,-4865,R
,133251,491,0,324,-0.151,-0.373,0.978,-25.91,34.21,-5045,R
,133271,482,0,325,-0.141,-0.37,0.998,-22.43,24.47,-5502,R
,133311,603,0,323,-0.053,-0.331,0.860,-18.10,1.02,-43.86,R
,133321,629,0,320,-0.017,-0.313,0.830,-19.10,1.65,-4299,R
,133331,629,0,324,0.026,-0.315,0.775,-19.78,1579,-44.84,R
,133361,637,0,3947,0.00,-0.341,0.807,-27.61,12.60,-52.5,R
,133381,655,0,335,-0.074,-0.342,0.947,30.68,19.35,-4222,R
,133411,614,0,322,-0.173,-0.37,1.289,-26.17,3.98,-22.04,R
,133471,586,0,327,-0.279,-0.224,1.700,-13.65,1.24,-5.81,R
,133491,605,0,345,-0.232,-0.251,1.589,2.38,0.1,2.65,R
,133501,615,0,343,-0.180,-0.257,1.471,10.03,-775,4.16,R
,133511,625,0,344,-0.148,-0.257,1.367,15.08,-1.60,3.82,R
,133561,610,0,340,-0.081,-0.261,1.076,12.79,-25.93,15.8,R
,133611,613,0,331,-0.081,-0.30,1.070,18.50,-1.30,31.71,R
,133671,592,0,3827,-0.15,-0.347,1.101,.40,-2608,36.0,R
,133691,602,0,3838,-0.149,-0.351,1.093,17.41,-27.53,41.0,R
,133701,601,0,334,-0.155,-0.34,1.086,20.41,-25.14,44.4,R
,133721,598,0,3933,-0.143,-0.301,1.071,26.82,-1.93,48.95,R
,133731,595,0,3839,-0.144,-0.281,1.055,26.19,-16.77,48.3,R
,133741,592,0,342,-0.177,-0.281,1.058,21.84,-1.21,47.09,R
,133781,581,0,341,-0.267,-0.346,1.066,16.68,-37.34,40.05,R
,133791,592,0,339,-0.264,-0.370,1.016,24.13,-3.78,41.42,R
,133801,591,0,3946,-0.03,-0.165,0.980,30.50,-3.17,38.57,R
,133811,598,0,3863,-0.206,-0.357,0.949,3.16,-3.82,44.68,R
,133821,595,0,338,-0.281,-0.33,0.929,34.13,-3.79,43.75,R
,133831,603,0,324,-0.223,-0.349,0.810,39.11,-3.19,43.8,R
,133841,595,0,350,-0.219,-0.351,0.753,42.12,-3.92,41.65,R
,133891,582,0,359,-0.091,-0.337,0.476,21.45,-3.55,16.63,R
,133901,525,0,320,-0.16,-0.404,0.552,13.43,-40.05,10.5,R
,133921,585,0,315,-0.134,-0.436,0.490,5.63,-2579,0.02,R
,133931,581,0,338,-0.101,-0.426,0.456,.64,-1636,-1.32,R
,133951,586,0,337,-0.116,-0.396,0.514,.60,5.1,-2.38,R
,133981,589,0,3901,-0.159,-0.386,0.688,-4.26,16.16,-14.09,R
,134011,586,0,342,-0.214,-0.356,0.831,-9.12,1996,-21.26,R
,134051,463,0,340,-0.202,-0.33,0.917,-4.45,14.19,-30.3,R
,134061,464,0,327,-0.193,-0.325,0.916,-6.05,1259,-32.48,R
,134071,467,0,335,-0.172,-0.320,0.934,7.84,1263,-34.59,R
,134091,469,0,345,-0.146,-0.33,0.931,-10.01,2.47,-3448,R
,134111,471,0,343,-0.175,-0.32,0.925,-16.80,29.60,-3427,R
,134121,474,0,305,-0.149,-0.35,0.943,-17.41,28.13,-3522,R
,134151,576,0,335,-0.108,-0.371,0.911,19.78,2.84,-41.45,R
,134181,622,0,307,-0.054,-0.407,0.917,-23.62,27.21,-4667,R
,134201,608,0,303,-0.088,-0.369,0.913,-23.93,36.57,-4622,R
,134211,594,0,329,-0.07,-0.373,0.927,-26.77,36.62,-47.63,R
,134221,608,0,3920,-0.078,-0.382,0.926,-28.84,34.79,-4983,R
,134231,605,0,345,-0.078,-0.382,0.930,-32.17,27.87,-5155,R
,134241,587,0,322,-0.093,-0.368,0.898,-32.33,2.41,-50.82,R
,134251,592,0,346,-0.081,-0.36,0.886,-30.95,24.97,-4807,R
,134261,606,0,320,-0.062,-0.360,0.871,-29.76,2.20,-4665,R
,134271,603,0,3830,-0.033,-0.35,0.848,-27.82,22.10,-4711,R
,134291,589,0,357,-0.109,-0.471,0.801,-24.11,13.05,-4235,R
,134301,576,0,318,-0.015,-0.366,0.749,-31.46,10.45,-53.45,R
,134321,629,0,307,-0.036,-0.34,0.838,-27.00,7.49,-47.0,R
,134331,653,0,353,-0.001,-0.267,0.889,-30.13,8.70,-53.2,R
,134361,658,0,315,-0.083,-0.280,1.206,-32.63,28.36,-3810,R
,134371,624,0,352,-0.124,-0.285,1.325,-29.27,3.71,-3064,R
,134391,626,0,356,-0.284,-0.327,1.641,-21.82,4.18,-13.40,R
,134431,624,0,353,-0.241,-0.257,1.792,-0.84,-101,-4.73,R
,134451,587,0,351,-0.158,-0.250,1.585,8.21,-1083,1.03,R
,134471,608,0,357,-0.097,-0.276,1.389,15.22,-20.07,5.7,R
,134481,591,0,3899,-0.073,-0.258,1.302,18.62,-2.72,10.28,R
,134491,576,0,355,-0.083,-0.256,1.225,15.89,-21.82,14.2,R
,134501,591,0,398,-0.056,-0.281,1.179,14.90,-22.94,16.08,R
,134511,582,0,350,-0.072,-0.286,1.140,11.37,-28.36,15.1,R
,134521,574,0,3907,-0.071,-0.322,1.112,9.51,-3268,17.06,R
,134561,527,0,3905,-0.027,-0.370,1.045,2.25,-3.88,24.22,R
,134571,527,0,3858,-0.085,-0.346,1.034,11.45,-30.30,27.0,R
,134601,525,0,3907,-0.088,-0.321,1.023,16.01,-1.70,41.12,R
,134611,528,0,370,-0.078,-0.330,1.029,14.47,-1.76,40.94,R
,134621,511,0,313,-0.081,-0.328,1.014,14.61,-2.39,40.45,R
,134631,523,0,358,-0.11,-0.287,1.020,11.45,-2.70,41.52,R
,134671,531,0,366,-0.112,-0.336,1.037,10.45,-28.65,46.2,R
,134701,534,0,304,-0.041,-0.176,1.060,0.45,-1.91,45.67,R
,134711,548,0,370,-0.134,-0.244,1.012,13.63,-1.14,47.56,R
,134731,575,0,375,-0.29,-0.303,1.090,1.03,-2279,43.91,R
,134751,587,0,379,-0.32,-0.348,1.096,9.70,-3.87,42.74,R
,134761,593,0,309,-0.22,-0.396,1.036,31.09,-3.55,43.71,R
,134781,592,0,386,-0.217,-0.357,0.915,38.62,-3.57,39.41,R
,134791,586,0,374,-0.222,-0.352,0.826,1.66,-3.86,40.7,R
,134821,576,0,3920,-0.150,-0.359,0.592,35.19,-40.39,36.8,R
,134831,576,0,374,-0.09,-0.316,0.469,24.68,-4.59,25.16,R
,134911,522,0,370,-0.031,-0.472,0.467,1.38,1.9,3.91,R
,134941,421,0,391,-0.109,-0.427,0.628,5.09,22.1,-1.74,R
,134951,421,0,3869,-0.127,-0.401,0.637,0.59,25.6,-2.06,R
,135011,560,0,370,-0.165,-0.399,0.896,-4.04,18.18,-27.19,R
,135021,562,0,304,-0.11,-0.389,0.894,-5.70,1773,-26.42,R
,135031,572,0,370,-0.121,-0.389,0.891,-10.16,2.25,-2517,R
,135041,576,0,309,-0.150,-0.377,0.894,-13.55,30.13,-2157,R
,135051,576,0,361,-0.11,-0.373,0.924,-14.43,3.48,-19.23,R
,135071,578,0,369,-0.127,-0.376,0.952,-18.33,3.33,-27.11,R
,135091,583,0,350,-0.118,-0.404,0.953,19.56,2.17,-38.44,R
,135151,583,0,366,-0.072,-0.406,0.956,-20.22,3.71,-37.49,R
,135171,607,0,367,-0.062,-0.40,0.921,-21.68,24.45,-4383,R
,135201,627,0,3903,-0.016,-0.399,0.909,-29.96,20.83,-3945,R
,135211,623,0,3873,-0.019,-0.410,0.909,-31.55,2.04,-40.79,R
,135221,650,0,395,0.01,-0.434,0.893,-28.97,2073,-42.87,R
,135241,685,0,3905,0.016,-0.385,0.824,-8.01,12.86,-42.1,R
,135281,623,0,399,0.09,-0.251,0.792,-20.80,0.1,-58.8,R
,135291,631,0,377,0.068,-0.300,0.905,-28.60,8.2,-53.7,R
,135311,589,0,366,0.005,-0.249,1.203,-33.62,31.49,-40.1,R
,135321,569,0,391,-0.025,-0.198,1.356,-28.72,4.68,-30.82,R
,135331,592,0,3870,-0.137,-0.228,1.469,-22.72,43.92,-18.03,R
,135341,589,0,3894,-0.160,-0.221,1.598,-22.13,4.11,-9.72,R
,135371,562,0,378,-0.196,-0.24,1.724,-7.32,13.66,-4.44,R
,135381,561,0,301,-0.162,-0.229,1.694,-1.43,4.6,-4.10,R
,135391,609,0,377,-0.113,-0.225,1.635,5.52,0.02,-2.35,
,135401,620,0,305,-0.00,-0.216,1.494,8.18,1.5,1.47,R
,135431,524,0,303,0.000,-0.256,1.247,15.08,-6.1,12.22,R
,135481,491,0,304,-0.031,-0.326,1.083,10.96,-2.55,20.77,R
,135491,492,0,311,-0.008,-0.347,1.092,9.00,-2509,18.87,R
,135511,491,0,378,-0.050,-0.344,1.065,13.89,-1.31,25.61,R
,135561,133,0,3893,-0.064,-0.327,1.035,14.91,-19.84,36.2,R
,135581,142,0,393,-0.04,-0.334,1.046,13.19,-2.01,38.40,R
,135611,181,0,3903,-0.082,-0.328,1.077,23.60,-27.52,39.5,R
,135661,272,0,394,-0.129,-0.317,1.069,16.76,-20.65,41.9,R
,135671,272,0,320,-0.271,-0.471,1.073,2.50,-22.97,43.35,R
,135721,240,0,3894,-0.124,-0.359,0.914,1.41,-43.90,30.6,R
,135751,237,0,390,-0.093,-0.35,0.713,29.49,-3.12,21.42,R
,135811,281,0,3910,-0.165,-0.478,0.538,4.56,-33.17,2.9,R
,135851,402,0,387,-0.051,-0.438,0.533,12.53,1437,4.86,R
,135881,434,0,395,-0.110,-0.469,0.722,6.99,13.60,-4.47,R
,135891,425,0,389,-0.096,-0.42,0.750,2.76,15.5,-6.91,R
,135901,442,0,301,-0.102,-0.451,0.809,-4.04,1747,-11.4,R
,135931,442,0,382,-0.156,-0.447,0.899,-9.33,30.39,-11.3,R
,135941,442,0,302,-0.144,-0.437,0.915,-9.41,3077,-12.0,R
,135951,433,0,395,-0.148,-0.43,0.937,-8.48,2938,-15.98,R
,135971,443,0,394,-0.134,-0.418,0.931,-7.27,22.82,-24.3,R
,135991,448,0,378,-0.159,-0.397,0.925,-11.09,2.45,-29.29,R
,136001,448,0,395,-0.151,-0.387,0.910,-13.26,24.04,-2592,R
,136031,454,0,383,-0.093,-0.406,0.914,-20.31,3.22,-28.42,R
,136041,457,0,3899,-0.063,-0.411,0.931,-18.22,2.71,-31.77,R
,136061,477,0,301,-0.091,-0.376,0.902,-15.68,31.38,-3662,R
,136111,464,0,388,-0.097,-0.36,0.940,-30.14,3.31,-36.50,R
,136151,483,0,3903,-0.032,-0.322,0.829,24.71,28.94,-31.42,R
,136171,464,0,301,0.034,-0.328,0.760,-28.78,2553,-32.33,R
,136181,476,0,395,0.059,-0.329,0.733,-29.41,2270,-34.67,R
,136231,369,0,331,-0.053,-0.322,0.953,-34.92,30.50,-2392,R
,136251,480,0,3913,-0.099,-0.333,1.175,-26.77,5.66,-8.74,R
,136261,511,0,397,-0.156,-0.243,1.283,22.84,54.30,-8.1,R
,136271,549,0,389,-0.188,-0.213,1.382,-19.00,48.10,-7.0,R
,136351,619,0,399,-0.155,-0.283,1.372,0.83,0.0,12.43,R
,136441,695,0,393,-0.067,-0.353,1.074,7.22,-2497,22.37,R
,136451,678,0,3908,-0.084,-0.34,1.078,9.29,-2143,26.23,R
,136481,705,0,385,-0.102,-0.319,1.090,12.10,-2.98,32.25,R
,136491,691,0,333,-0.104,-0.318,1.090,12.97,-27.99,32.5,R
,136511,695,0,3945,-0.115,-0.334,1.084,10.99,-3.94,32.91,R
,136531,690,0,317,-0.128,-0.352,1.077,4.88,-30.74,38.2,R
,136601,784,0,390,-0.161,-0.369,1.012,30.33,-30.43,33.5,R
,136611,783,0,352,-0.199,-0.348,1.033,26.90,-29.06,30.3,R
,136621,795,0,394,-0.186,-0.386,1.032,23.69,-3.21,28.9,R
,136641,789,0,3891,-0.224,-0.403,0.977,21.98,-3.95,28.13,R
,136681,792,0,391,-0.150,-0.404,0.750,33.12,-2.75,28.51,R
,136691,790,0,352,-0.115,-0.40,0.696,33.22,-2.78,25.45,R
,136701,796,0,391,-0.120,-0.41,0.598,31.78,-2.37,21.97,R
,136721,784,0,385,-0.135,-0.416,0.518,15.81,-2.24,12.11,R
,136761,751,0,387,-0.102,-0.443,0.448,10.53,-898,5.09,R
,136841,756,0,388,-0.146,-0.426,0.734,-7.55,6.8,-13.38,R
,136891,769,0,315,-0.147,-0.358,0.826,-12.88,3.22,-14.09,R
,136921,747,0,373,-0.145,-0.433,0.939,-25.76,2.89,-2448,R
,136931,743,0,310,-0.131,-0.462,0.948,-25.04,1.11,-27.49,R
,136951,782,0,331,-0.115,-0.476,0.949,-17.58,15.18,-3067,R
,136961,784,0,377,-0.087,-0.473,0.954,-14.37,1.15,-32.21,R
,136971,779,0,342,-0.088,-0.459,0.930,14.40,20.21,-32.48,R
,136981,801,0,387,-0.097,-0.439,0.895,-17.59,2.81,-31.22,R
,136991,784,0,351,-0.066,-0.444,0.939,-20.46,31.15,-3093,R
,137001,784,0,373,-0.037,-0.442,0.917,22.60,29.35,-3198,R
,137021,789,0,371,-0.025,-0.467,0.889,29.70,1.98,-42.93,R
,137031,786,0,357,-0.047,-0.439,0.873,27.21,1.14,-45.32,R
,137061,795,0,375,0.02,-0.438,0.759,-24.60,-242,-50.68,R
,137081,831,0,375,0.073,-0.427,0.700,-5.39,-595,-54.53,R
,137091,831,0,348,0.077,-0.388,0.740,-27.03,4.9,-51.42,R
,137121,818,0,370,-0.117,-0.388,1.017,35.43,5.19,-27.55,R
,137161,803,0,375,-0.187,-0.274,1.377,-15.93,3.05,-27.87,R
,137171,801,0,361,-0.228,-0.309,1.417,-16.04,32.59,-2386,R
,137191,794,0,358,-0.204,-0.233,1.498,-22.31,3.90,-14.07,R
,137201,799,0,3856,-0.179,-0.250,1.513,18.46,2.09,-9.4,R
,137221,782,0,3865,-0.203,-0.257,1.470,-7.81,1877,-4.27,R
,137261,784,0,370,-0.099,-0.26,1.178,5.11,1.81,6.84,R
,137301,779,0,362,-0.070,-0.333,1.065,6.68,-14.28,9.44,R
,137311,770,0,364,-0.068,-0.32,1.044,9.26,-1527,10.69,R
,137321,773,0,3866,-0.10,-0.329,1.063,4.28,-1250,14.45,R
,137331,783,0,383,-0.094,-0.37,1.065,2.45,-11.82,17.84,R
,137351,770,0,3984,-0.101,-0.396,1.052,11.61,-1.36,19.45,R
,137381,752,0,359,-0.058,-0.386,1.017,17.69,-1.77,23.18,R
,137391,775,0,383,-0.041,-0.40,1.014,20.44,-14.80,26.0,R
,137411,782,0,382,-0.044,-0.37,1.004,16.83,-12.54,30.5,R
,137421,772,0,358,-0.045,-0.362,1.028,13.89,-13.87,29.0,R
,137431,775,0,384,-0.056,-0.371,1.040,1.32,-1.79,29.12,R
,137461,780,0,363,-0.083,-0.372,1.075,1.98,-1.61,34.42,R
,137521,763,0,356,-0.125,-0.380,1.075,18.18,-19.43,38.9,R
,137541,777,0,357,-0.147,-0.377,1.072,14.88,-26.94,33.6,R
,137551,767,0,400,-0.157,-0.383,1.087,13.41,-2.81,30.95,R
,137561,775,0,366,-0.189,-0.381,1.086,11.26,-29.29,30.5,R
,137591,765,0,4007,-0.255,-0.410,1.106,12.30,-27.38,28.54,R
,137611,762,0,437,-0.277,-0.440,1.087,20.32,-3.24,26.83,R
,137621,747,0,369,-0.259,-0.435,1.014,26.42,-4.95,25.94,R
,137631,689,0,470,-0.18,-0.422,0.944,31.86,-48.25,21.7,R
,137641,659,0,373,-0.200,-0.420,0.885,6.64,-5.43,22.20,R
,137671,618,0,4041,-0.134,-0.384,0.615,41.02,-4.76,17.49,R
,137681,595,0,366,-0.137,-0.346,0.586,6.54,-3.41,20.2,R
,137711,590,0,415,-0.087,-0.41,0.367,18.15,-16.40,11.9,R
,137721,575,0,367,-0.062,-0.357,0.364,-7.91,-12.68,0.6,R
,137731,561,0,389,-0.029,-0.437,0.419,-16.40,-18.33,-1.18,R
,137741,563,0,356,-0.059,-0.449,0.449,-17.20,-24.56,-1.32,R
,137761,542,0,352,-0.042,-0.471,0.431,0.36,-19.32,-12.5,R
,137771,560,0,397,-0.049,-0.485,0.472,-2.49,-4.27,-8.38,R
,137781,558,0,358,-0.103,-0.422,0.471,-5.38,14.11,-5.6,R
,137801,588,0,363,-0.120,-0.408,0.596,-3.64,47.64,1.59,R
,137831,585,0,416,-0.177,-0.442,0.783,-15.58,4.01,-10.61,R
,137851,580,0,384,-0.15,-0.497,0.868,-24.10,17.53,-1848,R
,137861,608,0,358,-0.191,-0.437,0.872,-20.68,14.28,-1841,R
,137901,606,0,357,-0.178,-0.411,0.959,-17.65,56.80,-1259,R
,137911,624,0,416,-0.175,-0.443,0.963,-21.38,53.26,-1545,R
,137921,626,0,361,-0.155,-0.457,0.974,-19.17,44.13,-1668,R
,137941,615,0,366,-0.086,-0.447,0.917,8.71,4437,-17.83,R
,137961,637,0,356,-0.142,-0.400,0.876,-23.68,67.11,-1691,R
,137991,598,0,418,-0.184,-0.426,0.953,-42.05,56.73,-2326,R
,138021,613,0,358,-0.159,-0.500,1.010,-33.79,10.80,-4004,R
,138031,624,0,443,-0.170,-0.45,0.984,-28.57,796,-38.85,R
,138071,742,0,421,-0.03,-0.437,0.851,29.29,3.21,-39.9,R
,138131,776,0,433,-0.140,-0.429,0.962,-33.85,2.08,-4516,R
,138161,809,0,3859,-0.337,-0.358,1.430,-16.65,2.92,-24.85,R
,138181,794,0,359,-0.303,-0.280,1.659,-13.53,625,-20.39,R
,138191,787,0,4016,-0.352,-0.296,1.673,-11.62,3.26,-13.75,R
,138201,798,0,3858,-0.315,-0.278,1.719,-7.03,-147,-9.3,R
,138221,787,0,3858,-0.231,-0.213,1.563,7.70,-4.4,1.67,
,138241,757,0,3855,-0.195,-0.289,1.404,6.44,-2471,2.71,R
,138281,738,0,356,-0.098,-0.330,1.158,22.47,-33.38,15.8,R
,138291,743,0,415,-0.086,-0.339,1.118,26.61,-33.78,19.9,R
,138301,717,0,356,-0.103,-0.315,1.139,21.35,-38.97,21.5,R
,138311,717,0,455,-0.090,-0.359,1.123,14.10,-4.70,20.07,R
,138321,738,0,3857,-0.086,-0.38,1.111,13.23,-4.72,20.84,R
,138351,723,0,453,-0.05,-0.399,1.101,6.88,-37.49,32.1,R
,138371,737,0,449,-0.058,-0.396,0.999,28.99,-29.49,38.5,R
,138411,720,0,437,-0.11,-0.421,1.019,18.18,-4.95,33.24,R
,138421,730,0,356,-0.12,-0.433,1.022,5.45,-55.59,33.8,R
,138441,677,0,363,-0.16,-0.418,1.045,35.09,-6.10,31.91,R
,138461,694,0,358,-0.154,-0.401,1.018,37.98,-5.30,33.99,R
,138491,653,0,447,-0.13,-0.422,0.993,0.35,-52.95,35.5,R
,138521,505,0,360,-0.101,-0.451,0.810,7.29,-64.63,32.7,R
,138551,511,0,441,-0.094,-0.408,0.610,40.48,-6.87,26.7,R
,138561,498,0,363,-0.078,-0.417,0.633,37.08,-5.68,24.84,R
,138581,495,0,367,0.01,-0.419,0.468,26.47,-4898,18.83,R
,138591,487,0,443,0.020,-0.413,0.536,1.81,-42.88,16.3,R
,138631,480,0,427,0.03,-0.491,0.427,1.89,-9.0,8.49,R
,138641,491,0,357,0.023,-0.501,0.425,196,-2.98,8.08,R
,138671,499,0,415,-0.017,-0.487,0.569,.48,10.54,4.20,
,138751,617,0,411,-0.022,-0.487,0.857,-12.26,2.89,-1125,R
,138761,623,0,3872,-0.013,-0.457,0.848,-5.88,37.73,-8.4,R
,138791,630,0,356,-0.036,-0.425,0.868,-21.20,44.02,-1851,R
,138801,619,0,360,-0.02,-0.432,0.875,-25.10,39.20,-2163,R
,138821,623,0,360,-0.003,-0.505,0.937,-33.52,3.08,-25.89,R
,138891,627,0,407,0.121,-0.499,0.944,-45.81,3294,-21.84,R
,138901,633,0,362,0.173,-0.592,0.972,-52.20,2158,-28.68,R
,138911,633,0,4023,0.211,-0.644,0.974,-57.06,1103,-34.7,R
,138921,646,0,355,0.254,-0.683,0.965,-58.89,6.68,-36.3,R
,138941,653,0,357,0.278,-0.733,1.014,-58.63,3.2,-45.31,R
,138971,534,0,416,0.375,-0.760,1.045,-49.03,-1.27,-71.93,R
,138981,541,0,360,0.328,-0.695,1.083,-54.19,-1.44,-75.09,R
,138991,538,0,391,0.26,-0.640,1.168,-64.01,-4.37,-74.2,R
,139021,465,0,365,0.10,-0.629,1.497,-60.48,-20.40,-8824,R
,139141,428,0,371,0.001,-0.175,1.057,-3.18,-52.71,-1609,R
,139171,434,0,475,0.040,-0.178,0.939,-8.75,-4489,10.3,R
,139191,430,0,477,0.105,-0.226,0.887,-10.04,-3.27,25.44,R
,139221,532,0,357,0.110,-0.318,0.906,-0.36,-27.64,46.7,R
,139251,443,0,375,0.165,-0.374,0.896,-5.38,-3144,47.55,R
,139341,464,0,3855,0.129,-0.509,0.938,11.20,-2714,55.12,R
,139361,470,0,356,0.131,-0.516,0.947,16.33,-25.30,52.3,R
,139371,471,0,425,0.097,-0.502,0.933,18.06,-25.66,48.7,R
,139381,467,0,356,0.072,-0.489,0.916,15.26,-25.72,46.9,R
,139441,472,0,373,0.029,-0.555,0.843,25.23,-23.78,51.4,R
,139471,462,0,4058,-0.022,-0.601,0.718,30.24,-25.76,45.4,R
,139481,463,0,3856,0.01,-0.589,0.680,30.38,-3269,40.13,R
,139501,439,0,3855,0.03,-0.627,0.589,35.54,-4874,31.79,R
,139511,430,0,480,0.108,-0.597,0.504,39.87,-50.57,30.9,R
,139541,426,0,3862,0.10,-0.590,0.403,3.55,-2946,32.02,R
,139651,443,0,4029,0.03,-0.648,0.574,3.86,43.75,-7.64,
,139681,441,0,347,0.001,-0.635,0.704,-8.26,39.49,-12.18,R
,139691,442,0,426,0.003,-0.644,0.755,-1.00,3798,-15.58,R
,139701,454,0,3855,0.003,-0.634,0.771,-11.93,34.28,-20.16,R
,139711,460,0,432,0.026,-0.654,0.819,-13.04,28.42,-23.8,R
,139771,477,0,4050,0.016,-0.574,0.834,-14.37,59.93,-19.23,R
,139831,475,0,490,0.068,-0.595,0.881,-21.32,26.04,-30.8,R
,139901,496,0,336,0.125,-0.596,0.811,-38.37,15.98,-37.0,R
,139961,534,0,351,0.184,-0.467,0.860,-23.04,1338,-37.31,R
,139971,498,0,473,0.150,-0.449,0.963,-38.46,3442,-31.3,R
,139981,498,0,350,0.090,-0.499,1.094,-45.20,46.73,-24.7,R
,139991,494,0,454,0.029,-0.496,1.283,-46.25,49.75,-18.1,R
,140021,496,0,352,-0.094,-0.49,1.605,-6.17,34.92,-8.0,R
,140061,649,0,350,0.061,-0.455,1.570,5.66,-1.69,2.83,R
,140081,641,0,351,0.141,-0.474,1.312,11.05,1.7,11.81,R
,140121,647,0,353,0.122,-0.488,1.076,19.05,-1869,18.43,R
,140141,679,0,347,0.151,-0.491,0.990,1.16,-3103,20.81,R
,140151,677,0,4051,0.158,-0.491,0.962,16.54,-32.71,21.07,R
,140201,789,0,361,0.076,-0.494,0.957,17.23,-18.36,38.7,R
,140231,893,0,495,0.112,-0.547,0.964,13.69,-38.45,34.3,R
,140261,918,0,356,0.060,-0.545,1.005,2.80,-2856,38.52,R
,140291,958,0,495,0.025,-0.534,1.037,22.38,-3367,35.64,R
,140301,958,0,356,0.012,-0.546,1.042,2.12,-3894,30.48,R
,140311,976,0,495,-0.002,-0.57,1.047,21.84,-44.14,27.6,R
,140341,971,0,354,-0.041,-0.571,0.995,36.01,-3.95,30.86,R
,140381,987,0,3854,-0.090,-0.564,0.764,42.68,-41.47,27.6,R
,140411,973,0,495,0.01,-0.540,0.535,35.72,-5053,20.72,R
,140501,887,0,353,0.087,-0.626,0.314,17.43,0.34,2.36,R
,140551,852,0,4074,0.061,-0.623,0.493,29.12,23.6,-1.09,R
,140581,804,0,351,-0.011,-0.58,0.608,-5.76,39.61,-6.7,R
,140601,799,0,355,0.032,-0.596,0.732,-12.11,37.52,-10.71,R
,140681,804,0,351,0.071,-0.621,0.899,-21.20,52.77,-11.5,R
,140721,812,0,354,0.044,-0.631,0.956,-30.13,34.94,-26.1,R
,140741,810,0,3853,0.080,-0.670,0.971,-33.21,1753,-35.2,R
,140761,839,0,334,0.094,-0.683,0.979,-38.60,21.21,-31.4,R
,140811,847,0,495,0.223,-0.738,0.878,-36.25,7.8,-38.73,R
,140831,847,0,4094,0.293,-0.755,0.865,-55.91,3.9,-45.25,R
,140841,837,0,3855,0.298,-0.796,0.853,-64.37,5.7,-45.6,R
,140871,834,0,4095,0.341,-0.815,0.989,-64.16,-909,-58.97,R
,140881,841,0,350,0.397,-0.882,1.036,-57.53,-16.24,-67.17,R
,140931,861,0,495,0.139,-0.698,1.461,-61.93,-137,-65.37,R
,140951,921,0,495,0.060,-0.590,1.525,-40.42,-2.58,-63.11,R
,141021,912,0,350,0.12,-0.394,1.089,-27.09,-4.47,-21.14,R
,141041,932,0,356,0.137,-0.379,0.983,-13.93,-48.16,-1229,R
,141101,918,0,341,0.199,-0.419,0.777,-3.93,-4801,17.61,R
,141121,921,0,344,0.218,-0.466,0.742,-0.10,-41.61,25.7,R
,141141,911,0,3856,0.225,-0.469,0.735,-2.10,-3969,31.3,R
,141201,903,0,357,0.240,-0.542,0.759,12.04,-3492,31.65,R
,141211,907,0,493,0.21,-0.542,0.779,955,-32.2,33.90,R
,141241,924,0,343,0.221,-0.581,0.820,1.28,-37.43,33.5,R
,141251,922,0,495,0.226,-0.607,0.819,11.96,-4019,30.34,R
,141281,921,0,3842,0.179,-0.622,0.855,18.21,-37.03,31.8,R
,141301,923,0,347,0.145,-0.622,0.875,15.98,-3668,30.91,R
,141311,863,0,480,0.14,-0.646,0.848,16.30,-3972,27.56,R
,141321,806,0,346,0.128,-0.641,0.807,19.55,-4199,25.09,R
,141331,831,0,495,0.104,-0.662,0.779,23.16,-44.10,24.00,R
,141381,767,0,345,0.082,-0.645,0.392,45.00,-22.45,30.9,R
,141411,713,0,495,0.184,-0.657,0.130,2.54,-18.19,24.1,R
,141471,749,0,495,0.184,-0.761,0.108,18.56,11.1,20.51,R
,141531,767,0,495,0.181,-0.779,0.494,8.54,38.15,2.81,R
,141561,759,0,341,0.143,-0.793,0.671,-4.16,44.0,-5.67,R
,141591,752,0,495,0.146,-0.829,0.728,-7.79,36.37,-13.8,R
,141601,754,0,334,0.172,-0.812,0.745,-.76,34.18,-13.7,R
,141631,771,0,495,0.190,-0.752,0.737,-10.49,5062,-15.45,R
,141701,784,0,344,0.236,-0.726,0.732,-12.97,22.99,-31.6,R
,141711,786,0,495,0.215,-0.695,0.696,-11.27,3233,-25.78,R
,141731,784,0,466,0.22,-0.678,0.641,-5.21,32.19,-24.7,R
,141771,801,0,477,0.234,-0.709,0.650,-7.50,-4.60,-43.0,R
,141781,799,0,342,0.282,-0.738,0.623,-37.84,4.51,-39.66,R
,141791,804,0,495,0.303,-0.695,0.639,-29.12,2088,-31.06,R
,141811,818,0,491,0.290,-0.664,0.689,-24.55,3589,-28.65,R
,141851,831,0,483,0.284,-0.596,0.902,-33.53,2459,-37.81,R
,141881,816,0,346,0.187,-0.642,1.225,-27.10,2876,-26.42,R
,141901,832,0,339,0.172,-0.608,1.358,-15.58,2105,-19.83,R
,141931,858,0,495,0.261,-0.573,1.397,664,7.18,-14.35,
,141961,913,0,3843,0.320,-0.500,1.031,14.28,9.0,3.16,R
,141981,889,0,345,0.27,-0.574,0.992,917,-5.32,7.64,R
,142031,808,0,495,0.29,-0.579,0.894,1.60,-22.10,16.49,R
,142051,807,0,495,0.32,-0.597,0.880,1.61,-24.71,22.1,R
,142061,809,0,345,0.300,-0.590,0.874,1.48,-2103,26.1,R
,142081,806,0,347,0.25,-0.605,0.883,17.31,-2253,32.77,R
,142091,802,0,495,0.27,-0.620,0.866,16.80,-27.50,33.6,R
,142101,805,0,340,0.27,-0.634,0.875,1.94,-31.05,32.3,R
,142121,801,0,345,0.27,-0.637,0.872,2.29,-31.00,32.4,R
,142131,812,0,495,0.271,-0.647,0.871,2.75,-28.65,34.0,R
,142141,807,0,343,0.262,-0.631,0.856,2.12,-28.72,35.3,R
,142171,800,0,495,0.212,-0.643,0.889,10.47,-41.59,27.6,R
,142201,811,0,343,0.234,-0.709,0.891,1.28,-49.00,19.41,R
,142211,810,0,495,0.226,-0.726,0.913,1.64,-45.67,17.9,R
,142261,782,0,351,0.071,-0.672,0.870,1.60,-32.82,18.9,R
,142291,785,0,4095,0.104,-0.728,0.684,27.58,-5889,8.86,R
,142321,784,0,349,0.176,-0.677,0.463,3.30,-49.14,10.9,R
,142351,783,0,495,0.19,-0.649,0.279,23.60,-1755,17.12,R
,142441,783,0,345,0.135,-0.770,0.471,941,10.07,-3.09,
,142471,802,0,495,0.199,-0.707,0.459,-9.68,21.2,0.74,R
,142531,807,0,4095,0.22,-0.792,0.659,-0.43,37.50,-8.59,R
,142591,806,0,4095,0.314,-0.840,0.719,-28.74,3663,-17.6,R
,142631,836,0,4095,0.288,-0.811,0.749,-0.08,3799,-20.32,R
,142661,848,0,3839,0.340,-0.848,0.814,-49.03,2027,-32.35,R
,142671,847,0,4095,0.355,-0.868,0.823,-6.48,19.37,-33.7,R
,142681,833,0,343,0.359,-0.837,0.781,-2.98,23.18,-31.9,R
,142691,844,0,4095,0.37,-0.832,0.765,-2.54,2535,-30.38,R
,142721,848,0,3841,0.44,-0.864,0.753,-55.07,7.7,-43.9,R
,142741,847,0,349,0.477,-0.860,0.726,-5.38,-085,-51.89,R
,142761,858,0,3843,0.45,-0.861,0.740,-54.88,-230,-52.74,R
,142771,930,0,495,0.47,-0.835,0.782,-8.10,-2.36,-56.67,R
,142791,969,0,495,0.430,-0.773,0.865,-58.13,-727,-68.9,R
,142801,973,0,338,0.390,-0.756,0.932,-5.52,-12.66,-70.30,R
,142821,959,0,339,0.414,-0.723,1.078,-9.67,-2.31,-68.10,R
,142831,930,0,4095,0.361,-0.689,1.103,-46.49,-19.17,-6389,R
,142881,918,0,341,0.312,-0.558,1.197,-30.43,-2.38,-32.79,R
,142891,916,0,495,0.310,-0.515,1.044,-7.99,-27.41,-25.83,R
,142901,912,0,331,0.32,-0.492,0.900,-8.05,-27.96,-19.08,R
,142911,923,0,4095,0.32,-0.498,0.934,-29.41,-3.34,-18.24,R
,142921,923,0,3837,0.337,-0.515,0.848,-3.61,-3.50,-11.72,R
,142991,925,0,495,0.378,-0.525,0.653,-.53,-41.29,13.8,R
,143001,915,0,3841,0.34,-0.527,0.612,-.80,-3920,17.58,R
,143021,909,0,333,0.367,-0.549,0.592,-.11,-39.81,24.23,R
,143041,912,0,336,0.400,-0.587,0.579,-.24,-37.40,25.4,R
,143081,906,0,3839,0.358,-0.620,0.604,396,-30.10,32.57,R
,143141,926,0,341,0.292,-0.728,0.664,1.23,-33.40,26.1,R
,143181,909,0,336,0.222,-0.727,0.549,17.96,-3839,25.12,R
,143201,886,0,3837,0.212,-0.750,0.470,19.25,-4637,22.69,R
,143231,667,0,4095,0.244,-0.732,0.285,2.09,-45.09,23.68,R
,143251,674,0,495,0.347,-0.764,0.140,21.77,-4440,18.20,R
,143301,675,0,343,0.367,-0.854,-0.065,6.19,-6.47,25.27,R
,143371,703,0,495,0.356,-0.884,0.201,1.16,17.78,7.61,R
,143381,705,0,3835,0.370,-0.878,0.245,6.28,28.3,5.82,R
,143431,720,0,4095,0.295,-0.912,0.445,-.02,35.0,-4.94,R
,143441,727,0,335,0.297,-0.871,0.449,-4.10,32.8,-10.21,R
,143451,766,0,495,0.294,-0.887,0.471,0.33,28.6,-10.45,R
,143551,895,0,4095,0.31,-0.761,0.455,-10.63,2834,-20.94,R
,143571,934,0,4095,0.323,-0.799,0.471,-.97,37.29,-14.6,R
,143631,983,0,495,0.446,-0.842,0.482,-3.50,7.61,-28.1,R
,143641,991,0,3839,0.469,-0.877,0.487,-6.72,10.33,-32.9,R
,143661,986,0,3827,0.505,-0.834,0.472,-6.45,15.76,-43.8,R
,143681,991,0,328,0.473,-0.843,0.440,-1.53,1630,-48.50,R
,143751,1100,0,095,0.334,-0.775,0.980,-20.19,4.74,-33.32,R
,143761,1088,0,3838,0.318,-0.748,1.052,14.55,35.53,-3291,R
,143771,1088,0,4095,0.38,-0.766,1.233,-15.52,3.78,-25.43,R
,143781,1092,0,823,0.280,-0.72,1.298,9.53,24.60,-24.1,R
,143851,1087,0,4095,0.386,-0.687,0.950,6.32,-2218,7.44,R
,143941,1098,0,3826,0.47,-0.687,0.554,11.75,-3.47,24.11,R
,143951,1089,0,4095,0.448,-0.707,0.566,1.61,-3.76,26.48,R
,143971,1088,0,095,0.452,-0.705,0.589,13.58,-2.35,29.70,R
,143991,1077,0,095,0.376,-0.685,0.635,13.89,-2.23,33.6,R
,144001,1082,0,831,0.407,-0.727,0.677,6.54,-2.13,34.81,R
,144051,1091,0,095,0.389,-0.740,0.700,19.40,-2.95,33.5,R
,144091,1071,0,4095,0.345,-0.712,0.753,3.60,-3.43,39.67,R
,144111,1063,0,095,0.348,-0.746,0.757,22.38,-4.89,31.38,R
,144121,1083,0,3838,0.335,-0.764,0.742,25.95,-4.76,28.4,R
,144131,1089,0,4095,0.358,-0.782,0.761,33.00,-44.33,27.7,R
,144151,1081,0,4095,0.348,-0.705,0.723,7.19,-30.34,30.95,R
,144161,1072,0,3837,0.296,-0.659,0.711,46.01,-26.02,35.4,R
,144171,1058,0,095,0.333,-0.652,0.699,8.01,-25.35,38.5,R
,144191,1055,0,4095,0.211,-0.694,0.783,21.55,-4.31,32.75,R
,144201,1047,0,831,0.241,-0.746,0.754,1.92,-49.52,30.55,R
,144211,1023,0,4095,0.254,-0.796,0.750,36.01,-5.57,31.91,R
,144221,1021,0,3834,0.248,-0.782,0.736,6.13,-52.74,36.9,R
,144251,1001,0,095,0.301,-0.723,0.625,3.69,-23.50,43.7,R
,144261,1007,0,3837,0.292,-0.771,0.560,4.77,-14.50,47.8,R
,144291,992,0,4095,0.30,-0.849,0.503,54.04,-1301,38.10,R
,144331,997,0,4095,0.270,-0.823,0.417,91.84,11.0,51.49,R
,144351,944,0,495,0.266,-0.778,0.385,127.26,4518,61.6,R
,144361,945,0,3829,0.253,-0.744,0.394,141.96,6018,63.3,R
,144391,881,0,4095,0.170,-0.602,0.392,18.06,76.82,52.14,R
,144411,871,0,4095,0.08,-0.594,0.441,135.02,60.21,46.9,R
,144461,789,0,3828,0.083,-0.588,0.666,161.83,6097,33.93,R
,144501,739,0,3829,0.00,-0.501,0.771,173.78,8691,35.15,R
,144511,747,0,4095,-0.020,-0.473,0.798,167.89,8.45,33.96,R
,144521,719,0,3835,-0.011,-0.468,0.824,163.99,8.00,32.29,R
,144541,737,0,3835,0.012,-0.411,0.841,160.24,7648,27.36,R
,144551,733,0,4095,0.033,-0.414,0.877,157.60,7248,20.0,R
,144571,745,0,495,-0.015,-0.314,0.877,50.71,71.53,7.3,R
,144581,742,0,3832,-0.07,-0.276,0.909,146.24,7.05,5.59,R
,144591,735,0,4095,-0.025,-0.243,0.934,138.36,7.23,4.45,R
,144621,705,0,329,-0.057,-0.192,1.038,12.62,65.86,-0.4,R
,144631,694,0,4095,-0.09,-0.164,1.064,105.87,6.53,-0.97,R
,144651,693,0,4095,-0.069,-0.144,1.075,93.51,55.24,-3.6,R
,144661,731,0,3828,-0.06,-0.126,1.109,88.67,5259,-7.3,R
,144681,735,0,3837,-0.107,-0.088,1.107,7.60,43.38,-15.40,R
,144711,678,0,4095,-0.198,-0.036,1.142,8.25,37.44,-29.2,R
,144721,696,0,3833,-0.217,0.005,1.130,6.94,36.05,-30.4,R
,144741,695,0,3829,-0.196,-0.012,1.157,61.29,2489,-16.55,R
,144761,678,0,3826,-0.227,0.007,1.122,6.61,33.21,0.22,
,144771,688,0,4095,-0.185,0.014,1.105,75.99,37.8,6.51,R
,144781,686,0,3837,-0.05,0.108,1.020,77.26,49.8,1.23,
,144811,695,0,4095,-0.11,0.112,1.059,78.90,37.3,-4.58,R
,144831,698,0,4095,-0.198,0.144,1.017,80.96,27.0,-11.34,R
,144861,714,0,3832,-0.25,0.247,0.990,78.24,25.0,-2.15,R
,144871,710,0,495,-0.237,0.274,0.986,8.73,28.37,1.03,
,144881,704,0,3828,-0.235,0.312,0.981,84.24,34.8,4.20,R
,145041,709,0,3831,-0.310,0.623,0.850,7.90,58.4,57.81,R
,145131,731,0,4095,-0.374,0.682,0.737,69.60,54.2,74.80,R
,145381,763,0,3839,-0.169,0.772,0.583,32.56,17.9,58.45,R
,145451,762,0,4095,-0.128,0.800,0.535,2.37,6.8,48.92,R
,145461,759,0,3835,-0.107,0.781,0.576,2.23,8.53,48.46,
,145481,763,0,3834,-0.121,0.792,0.565,2.06,8.15,50.63,
,145501,771,0,3840,-0.081,0.799,0.545,21.99,14.9,49.91,R
,145511,774,0,4095,-0.072,0.781,0.565,17.61,13.7,46.89,R
,145561,778,0,3832,-0.052,0.807,0.535,15.90,-4.4,30.07,R
,145691,763,0,4095,-0.067,0.762,0.569,-6.25,22.5,13.15,R
,145711,762,0,4095,0.029,0.736,0.565,-8.25,18.4,6.00,R
,145791,758,0,4095,-0.040,0.765,0.510,-32.48,-1.82,-24.67,R
,145851,734,0,4095,-0.053,0.838,0.577,-15.32,-4.50,-26.19,R
,145881,733,0,335,-0.205,0.847,0.574,16.83,-19.50,-12.0,R
,145891,732,0,4095,-0.046,0.821,0.552,1.44,-23.11,-12.5,R
,145901,747,0,3835,-0.088,0.784,0.618,1.89,-22.28,-13.3,R
,145911,745,0,4095,-0.111,0.821,0.601,26.76,-4.6,-9.89,R
,145931,733,0,4095,-0.059,0.833,0.576,71.29,11.9,11.62,R
,145981,755,0,331,-0.061,0.860,0.497,60.56,0.7,9.15,R
,146001,755,0,3828,-0.03,0.900,0.510,3.94,-9.49,-17.58,R
,146011,770,0,4095,-0.079,0.759,0.469,4.77,-2332,-10.85,R
,146071,771,0,495,0.007,0.909,0.361,2109,-29.41,-10.5,R
,146101,779,0,3827,-0.018,0.958,0.361,29.80,-41.69,-7.8,R
,146111,751,0,4095,-0.082,0.946,0.375,35.49,-31.87,-3.5,R
,146151,767,0,4095,0.018,0.973,0.340,19.43,-30.2,-3.20,R
,146161,766,0,3814,-0.022,0.960,0.322,2.54,-28.74,-2.8,R
,146251,734,0,4095,0.048,1.020,0.299,8.7,-27.90,12.54,
,146281,774,0,3831,-0.006,1.001,0.300,9.92,-18.6,20.23,R
,146361,772,0,3843,0.082,0.925,0.321,-2.97,-40.51,-1.2,R
,146391,774,0,4095,0.097,0.906,0.379,-17.01,-3479,-4.51,R
,146431,734,0,4095,0.001,0.916,0.460,8174,49.18,76.72,
,146441,754,0,339,0.134,0.950,0.265,82.15,23.03,54.28,
,146511,746,0,4095,0.034,0.942,0.247,3473,-58.56,5.53,
,146521,758,0,3838,0.217,1.001,.302,29.92,-44.76,2.34,
,146531,762,0,4095,0.151,0.915,0.319,24.22,-52.1,-6.48,R
,146541,763,0,3834,0.135,0.967,.279,24.77,-56.5,-9.34,R
,146571,738,0,4095,0.281,1.134,0.202,-5.33,-45.9,-26.00,R
,146581,743,0,3833,0.12,1.134,0.234,-18.43,-3880,-24.96,R
,146601,768,0,3817,0.108,0.981,.218,-14.28,-25.37,-14.9,R
,146621,763,0,3838,0.073,0.921,0.264,6.4,-23.5,3.13,R
,146641,757,0,3831,0.20,0.971,0.264,-7.23,-21.00,-3.29,R
,146651,773,0,4095,0.113,1.042,0.233,1.4,-23.2,-6.15,R
,146661,772,0,3831,0.157,0.983,0.208,-3.99,-20.65,-3.67,R
,146681,779,0,3829,-0.563,0.872,0.542,1.90,-51.49,0.66,R
,146691,775,0,4095,0.578,0.841,-0.384,-15.14,-14.65,-0.80,R
,146701,752,0,3833,-0.101,0.857,0.336,1.35,2.36,2.68,R
,146711,753,0,4095,0.106,0.989,0.117,2.5,-12.51,7.56,R
,146731,730,0,4095,0.231,1.026,0.304,-1.38,-3208,-4.13,R
,146761,731,0,3831,0.251,1.021,-0.018,-3.20,-1.05,3.7,R
,146771,763,0,4095,0.407,1.296,0.193,-65.30,-32.04,-0.73,R
,146851,755,0,4095,0.113,0.988,0.400,-2.75,-1556,-1.2,R
,146911,806,0,4095,0.097,0.935,0.365,7.6,30.30,2.81,R
,146951,816,0,4095,0.036,0.913,0.391,-252,-0.3,-8.51,R
,147021,807,0,3825,0.041,0.953,0.371,3.14,18.99,-11.22,
,147031,806,0,4095,-0.031,1.076,0.263,-36.19,-17.49,-25.64,R
,147051,803,0,4095,0.098,0.945,0.215,-3.62,-7.3,-40.35,R
,147071,805,0,4095,0.125,0.996,.398,-43.24,3.8,-51.63,R
,147091,807,0,4095,-0.011,1.101,0.524,-86.71,1749,-43.48,R
,147101,801,0,3824,-0.070,0.934,0.395,-36.20,2683,-27.00,R
,147111,794,0,4095,0.003,0.949,.430,-407,33.9,-5.57,R
,147121,804,0,3826,0.020,0.972,0.384,5.9,36.97,2.77,R
,147131,810,0,4095,0.06,1.017,0.371,0.4,30.57,5.52,R
,147141,819,0,3829,-0.039,0.999,0.343,274,40.73,4.37,R
,147211,816,0,4095,0.070,1.118,0.495,-568,24.6,-10.51,R
,147251,780,0,4095,-0.042,0.888,0.403,-34.80,-3.85,-15.8,R
,147311,783,0,4095,0.021,0.965,0.370,-109,-0.21,8.87,R
,147321,785,0,325,0.021,0.960,0.402,-1.94,3.18,4.19,R
,147331,782,0,495,0.003,0.909,0.459,-1.36,9.9,3.94,R
,147341,800,0,3828,0.033,0.889,0.402,-1.59,16.13,4.68,
,147371,807,0,495,0.009,0.841,.424,1183,39.31,14.92,
,147381,811,0,330,0.030,0.872,.421,1204,21.32,16.48,
,147441,804,0,3830,0.013,0.925,.380,-126,10.05,0.68,R
,147461,815,0,3834,-0.002,0.890,0.407,7.12,11.06,7.67,R
,147471,806,0,495,0.087,0.877,0.382,-226,11.7,6.94,R
,147481,816,0,3823,0.033,0.885,0.476,-3.29,16.1,5.24,R
,147491,800,0,4095,-0.043,0.887,0.401,833,7.41,6.60,R
,147511,793,0,495,0.026,0.868,0.424,1995,4.13,6.84,R
,147521,802,0,3836,0.026,0.853,0.357,2169,5.47,9.94,R
,147541,805,0,327,0.075,0.907,0.334,-18.81,-2.7,-14.12,R
,147551,794,0,4095,0.004,0.881,0.378,-21.39,-5.79,-13.6,R
,147561,797,0,3830,0.056,0.838,0.398,-12.23,-6.6,-12.22,R
,147611,815,0,4095,-0.03,0.874,0.476,-5.97,16.5,-5.96,R
,147621,812,0,3825,0.027,0.962,0.476,-193,15.63,-2.16,
,147641,816,0,3824,-0.04,1.000,0.376,-.96,7.50,-4.27,
,147661,799,0,3828,-0.05,0.970,0.430,19.08,13.7,9.76,R
,147671,807,0,4095,-0.030,0.975,0.399,22.53,17.8,12.71,R
,147741,811,0,3815,-0.062,0.886,0.455,-8.98,-7.93,-9.1,R
,147751,807,0,4095,-0.021,0.901,0.448,-5.36,-6.25,-3.9,R
,147761,807,0,3826,-0.046,0.836,0.298,-13.94,-063,-1.54,R
,147781,809,0,3837,0.014,0.944,0.401,-2.71,0.50,-4.01,
,147801,827,0,3834,-0.003,0.941,0.478,-4.57,-3.96,-11.11,R
,147811,784,0,4095,-0.114,0.854,0.543,-25.52,3.4,-4.90,R
,147831,790,0,4095,-0.012,0.899,0.405,-21.94,-1.08,-4.47,R
,147851,789,0,4095,0.037,0.874,0.425,-2.20,-1222,-10.45,R
,147991,809,0,4095,0.066,0.879,0.448,-35.79,-1514,-16.5,R
,148031,815,0,4095,-0.05,0.905,0.531,-0.62,-1.59,-1322,R
,148041,812,0,3835,0.009,0.939,0.521,-23.29,-3.34,-14.5,R
,148061,803,0,3835,-0.015,0.918,0.507,-7.29,-935,-9.71,R
,148071,807,0,4095,-0.006,0.866,0.497,-8.63,-862,-8.7,R
,148111,806,0,495,-0.09,0.857,0.573,-.86,-1155,3.78,R
,148161,816,0,3834,-0.015,0.817,0.583,1.58,8.27,0.02,R
,148191,813,0,4095,-0.026,0.862,0.549,10.93,12.2,4.83,
,148201,813,0,3834,-0.042,0.855,0.553,1.48,14.15,7.15,R
,148241,811,0,3835,0.064,0.947,0.439,32.12,17.1,8.43,R
,148251,790,0,4095,0.10,0.848,0.437,25.03,11.6,3.13,R
,148271,795,0,4095,0.00,0.835,0.627,10.94,14.7,-2.45,
,148291,775,0,4095,-0.038,0.876,0.611,1.08,37.6,9.68,R
,148361,720,0,3824,-0.007,0.883,0.517,-9.06,-36.45,-35.77,R
,148381,721,0,3833,-0.064,0.796,0.534,574,-24.8,-20.21,R
,148471,720,0,4095,-0.108,0.811,0.483,795,-16.8,-31.83,R
,148511,739,0,4095,-0.01,0.824,0.432,125,-13.4,-35.31,R
,148521,750,0,3825,-0.084,0.806,0.432,-.50,-1792,-38.38,R
,148531,754,0,4095,-0.094,0.821,0.421,-.66,-18.57,-38.55,R
,148571,742,0,4095,-0.086,0.815,0.429,12.51,-5.8,-34.3,R
,148601,733,0,3826,-0.071,0.791,0.414,4.27,-10.5,-41.2,R
,148621,732,0,3827,-0.03,0.740,0.419,-.92,-12.04,-44.9,R
,148641,742,0,3833,-0.074,0.721,0.396,-.98,-10.31,-47.05,R
,148691,736,0,4095,-0.04,0.753,0.273,265,-11.38,-54.58,R
,148721,724,0,3827,-0.14,0.771,0.256,549,-7.20,-58.76,R
,148751,671,0,4095,-0.10,0.805,0.296,1.35,14.77,-56.6,R
,148761,662,0,3812,-0.191,0.826,0.282,21.34,20.6,-54.94,R
,148771,670,0,4095,-0.223,0.840,0.302,21.00,23.23,-55.0,R
,148781,659,0,3824,-0.267,0.871,0.295,1.96,24.10,-55.4,R
,148801,649,0,3837,-0.275,0.879,0.290,22.06,22.9,-55.0,R
,148831,674,0,4095,-0.261,0.882,0.281,2.78,25.99,-54.7,R
,148841,670,0,3827,-0.285,0.908,0.304,28.13,32.24,-52.7,R
,148851,685,0,4095,-0.288,0.914,0.317,2.62,37.87,-50.3,R
,148871,705,0,4095,-0.336,0.937,0.352,25.11,46.5,-51.2,R
,148901,702,0,3838,-0.468,0.875,0.389,33.89,45.84,-47.9,R
,148911,706,0,4095,-0.380,0.894,0.369,2.09,40.97,-57.6,R
,148921,733,0,3839,-0.41,0.926,0.324,26.48,39.3,-55.8,R
,148991,752,0,4074,-0.531,0.877,0.283,23.55,53.8,-48.77,R
,149011,786,0,4074,-0.538,0.888,0.240,17.93,52.7,-48.0,R
,149021,784,0,3838,-0.552,0.898,0.240,1.85,55.7,-42.70,R
,149031,796,0,4073,-0.529,0.851,0.272,13.72,56.8,-38.96,R
,149061,787,0,3836,-0.58,0.827,0.332,1.22,61.72,-34.01,R
,149071,791,0,4095,-0.569,0.841,0.330,1.28,55.58,-37.83,R
,149091,785,0,4095,-0.60,0.871,0.315,10.44,48.1,-33.3,R
,149141,863,0,3835,-0.702,0.865,0.278,-0.28,24.24,-35.81,R
,149151,871,0,4079,-0.700,0.839,0.267,-10.23,22.07,-34.13,R
,149171,869,0,485,-0.703,0.831,0.280,-13.43,1972,-34.19,R
,149191,886,0,4083,-0.696,0.768,0.312,-5.93,15.82,-37.75,R
,149201,875,0,3830,-0.725,0.768,0.322,-5.12,17.66,-36.1,R
,149231,910,0,495,-0.715,0.713,0.560,6.44,9.53,-32.99,
,149251,881,0,4095,-0.723,0.747,0.662,2.82,8.62,-26.80,R
,149271,892,0,4095,-0.77,0.823,0.573,3.54,2.4,-19.20,R
,149291,795,0,4095,-0.695,0.838,0.441,23.37,-1537,-21.7,R
,149311,1006,0,095,-0.631,0.765,0.317,6.42,-16.83,-2812,R
,149321,1017,0,3823,-0.618,0.730,0.259,4.85,-9.89,-31.9,R
,149341,912,0,3824,-0.638,0.706,0.167,1.01,11.37,-26.1,R
,149351,911,0,4095,-0.60,0.683,0.122,622,17.7,-24.71,R
,149401,994,0,3824,-0.644,0.719,0.155,-7.91,16.82,-24.3,R
,149411,1008,0,4095,-0.637,0.740,0.225,26.34,19.98,-2505,R
,149521,1062,0,3827,-0.690,0.659,0.232,41.97,30.63,-2375,R
,149531,1063,0,4095,-0.718,0.65,0.198,47.26,29.08,-2308,R
,149541,1063,0,3837,-0.712,0.644,0.191,48.78,2.13,-21.22,R
,149551,1045,0,4095,-0.718,0.621,0.208,-54.34,24.80,-1909,R
,149561,1011,0,3830,-0.737,0.660,0.255,54.59,2.90,-15.96,R
,149631,987,31,093,-0.845,0.574,0.400,2.54,63.8,-14.8,R
,149701,1058,0,3827,-1.16,0.792,0.070,-43.06,5.67,-15.29,R
,149741,695,0,322,-0.758,0.516,0.170,-9.84,2386,-18.9,R
,149751,730,0,4038,-0.76,0.508,0.142,-53.50,21.58,-23.4,R
,149801,789,0,3823,-0.723,0.518,-0.010,-42.55,3.11,-8.55,R
,149841,829,0,3831,-0.699,0.594,-0.079,-42.54,1.45,-1135,R
,149891,964,0,4095,-0.63,0.500,-0.009,-24.31,4.83,-5.6,R
,149901,995,0,3824,-0.644,0.521,-0.028,18.72,511,-4.51,R
,149931,1040,0,4095,-0.88,0.528,-0.025,-32.62,-9.06,-355,R
,149941,1053,0,3824,-0.751,0.552,-0.065,-26.54,6.19,2.7,R
,149961,1078,0,3824,-0.684,0.535,0.044,5.75,5.0,12.11,R
,149991,1095,22,4095,-0.754,0.590,0.136,-30.25,2.25,1097,R
,150001,1099,61,3824,-0.790,0.598,0.136,-30.19,-17.38,12.05,R
,150101,1360,77,3841,-0.842,0.604,0.276,9.61,-55.27,25.6,R
,150141,1386,0,824,-0.777,0.56,0.263,3.08,-31.00,34.5,R
,150151,1381,0,4095,-0.828,0.684,0.262,.02,-25.72,35.7,R
,150181,1405,0,3839,-0.755,0.667,0.334,18.71,-0.91,33.09,R
,150191,1414,0,4095,-0.707,0.750,0.377,-20.84,-53.03,2918,R
,150251,1500,0,4095,-0.752,0.627,0.545,-23.50,-9.41,32.10,R
,150271,1505,0,4095,-0.768,0.679,0.532,-38.17,-5.81,27.91,R
,150281,1491,0,3824,-0.775,0.695,0.563,-47.62,-3.05,24.14,R
,150301,1609,0,829,-0.765,0.711,0.513,-51.00,-3.76,22.28,R
,150311,1603,0,4086,-0.725,0.690,0.540,-51.43,-6.13,1999,R
,150321,1679,0,3811,-0.703,0.67,0.465,49.62,-40.22,18.10,R
,150331,1691,0,4095,-0.673,0.671,0.492,-48.71,-5.26,11.36,R
,150341,1712,0,3830,-0.675,0.663,0.452,-52.60,-9.85,7.47,R
,150461,1686,0,3829,-0.698,0.582,0.701,53.14,1.15,14.10,R
,150481,1616,0,826,-0.714,0.60,0.792,72.13,9.44,20.81,R
,150491,1597,0,095,-0.734,0.617,0.818,77.14,889,25.47,R
,150531,1553,0,095,-0.675,0.50,0.954,117.76,-33.46,-11.19,R
,150541,1513,0,3824,-0.668,0.466,0.984,120.02,-46.36,-0.50,R
,150571,1523,0,095,-0.663,0.448,1.018,124.86,-64.53,-6.33,R
,150581,1535,0,3824,-0.677,0.466,1.000,-130.07,-66.77,-8.18,R
,150611,1599,0,4095,-0.718,0.502,1.008,156.55,-84.36,-6.56,R
,150671,1535,0,4095,-0.722,0.437,0.999,175.91,-133.53,65.13,R
,150681,1575,0,3823,-0.676,0.420,0.998,-171.65,131.72,59.81,R
,150721,1564,0,3813,-0.624,0.39,0.928,169.17,-140.68,-66.00,R
,150751,1557,0,4095,-0.578,0.323,0.887,152.48,-137.03,49.37,R
,150791,1525,0,4095,-0.458,0.240,0.871,-128.33,111.76,30.47,R
,150821,1523,0,817,-0.379,0.13,0.830,122.72,-111.15,24.97,R
,150851,1486,0,4095,-0.307,0.066,0.786,116.11,-109.14,19.42,R
,150911,1457,0,4095,-0.08,-0.131,0.730,-81.78,73.05,11.41,R
,150971,1479,0,4095,-0.180,-0.279,0.735,-85.82,65.38,565,R
,151031,1474,0,4095,-0.093,-0.396,0.701,-64.69,-53.52,1.59,R
,151081,1462,0,3815,-0.016,-0.557,0.721,-68.40,66.59,-0.96,R
,151101,1457,0,3815,0.022,-0.590,0.734,62.22,-4.40,-16.25,R
,151111,1456,0,4095,0.021,-0.608,0.740,61.26,-64.92,-19.25,R
,151141,1407,0,3811,0.069,-0.65,0.729,-53.35,-8.83,-2.48,R
,151161,1413,0,3811,0.086,-0.652,0.710,-52.17,-7.49,-28.42,R
,151191,1421,0,095,0.093,-0.678,0.725,44.92,-4.91,-23.89,R
,151201,1424,0,3814,0.079,-0.62,0.730,-40.17,-9.34,-20.77,R
,151271,1399,0,4095,0.169,-0.604,0.698,18.75,-6.63,-11.13,R
,151281,1398,0,3815,0.166,-0.581,0.694,18.01,-7.12,-11.61,R
,151301,1403,0,3814,0.21,-0.587,0.698,19.76,-18.77,-1.72,R
,151331,1398,0,095,0.242,-0.651,0.710,-15.07,-2.72,-13.37,R
,151341,1385,0,3810,0.210,-0.63,0.706,-11.94,-.48,-10.25,R
,151361,1392,0,3809,0.206,-0.631,0.697,2.51,-019,-5.32,R
,151391,1391,0,4095,0.244,-0.662,0.718,0.51,2.8,-11.19,R
,151421,1366,0,3805,0.235,-0.663,0.700,0.01,-0.6,-11.64,R
,151441,1326,0,3824,0.22,-0.657,0.689,1.32,2.92,-10.2,R
,151451,1314,0,4095,0.225,-0.674,0.688,.91,5.46,-8.71,
,151521,1311,0,3813,0.224,-0.722,0.582,16.59,815,-26.80,R
,151531,1311,0,4095,0.226,-0.72,0.566,-13.81,1.73,-22.71,R
,151541,1281,0,3814,0.181,-0.69,0.557,-13.62,1.64,-18.41,R
,151591,1262,0,4095,0.17,-0.671,0.560,14.49,2.27,-24.77,R
,151611,1280,0,4095,0.202,-0.67,0.586,-14.78,2.05,-24.97,R
,151621,1280,0,3810,0.200,-0.694,0.609,-14.77,2.69,-24.70,R
,151631,1279,0,4095,0.15,-0.688,0.588,13.61,32.47,-2361,R
,151641,1253,0,3818,0.176,-0.66,0.601,-17.18,35.78,-2285,R
,151691,1241,0,4095,0.175,-0.670,0.624,34.07,22.76,-2952,R
,151751,1281,0,4095,0.265,-0.751,0.597,-34.02,1.92,-32.85,R
,151781,1295,0,3817,0.316,-0.77,0.571,-19.24,33.15,-2500,R
,151801,1290,0,3818,0.334,-0.689,0.601,23.58,14.02,-34.36,R
,151831,1325,0,4095,0.360,-0.708,0.625,-28.31,2.19,-29.14,R
,151841,1340,0,3826,0.32,-0.714,0.740,29.03,3.30,-24.10,R
,151851,1342,0,4095,0.387,-0.680,0.842,-27.39,3.15,-23.75,R
,151861,1334,0,3821,0.351,-0.659,0.925,27.21,41.84,-22.45,R
,151891,1334,0,4095,0.197,-0.720,1.207,4.13,4103,-6.79,R
,151911,1335,0,4095,0.23,-0.624,1.352,2.52,26.59,-7.5,R
,151971,1296,0,4095,0.297,-0.553,1.278,5.45,7.52,15.09,R
,151991,1233,0,4095,0.341,-0.584,1.159,.39,-13.59,11.18,R
,152041,1201,0,3812,0.343,-0.663,0.891,5.20,-2.05,17.36,R
,152051,1184,0,4095,0.319,-0.645,0.872,7.70,-25.20,21.44,R
,152071,1194,0,4095,0.271,-0.646,0.837,7.95,-2782,24.87,R
,152121,1187,0,3815,0.230,-0.67,0.767,7.37,-3813,27.12,R
,152131,1188,0,4095,0.239,-0.67,0.798,7.96,-37.89,25.07,R
,152191,1221,0,4095,0.150,-0.683,0.747,.98,-2999,29.87,R
,152231,1230,0,4019,0.18,-0.737,0.725,.70,-4575,22.08,R
,152241,1205,0,3817,0.126,-0.735,0.708,.47,-41.03,22.16,R
,152261,1152,0,3809,0.156,-0.71,0.668,9.86,-33.03,21.4,R
,152271,1077,0,4095,0.123,-0.769,0.665,0.10,-3.40,22.17,R
,152281,1068,0,3813,0.105,-0.74,0.632,19.90,-31.03,24.8,R
,152291,1071,0,4095,0.062,-0.751,0.612,26.27,-2.03,27.45,R
,152341,772,0,3814,0.16,-0.697,0.310,6.79,-46.3,2.94,R
,152481,931,0,3811,0.105,-0.798,0.419,-18.37,4711,-14.56,R
,152521,1003,0,3813,0.108,-0.80,0.522,-14.92,49.34,-25.05,R
,152571,1047,0,4095,0.15,-0.812,0.548,-28.04,3.18,-43.05,R
,152621,1126,0,3813,0.11,-0.746,0.590,-17.14,5.76,-49.49,R
,152681,1163,0,3817,0.17,-0.66,0.471,-12.86,46.77,-61.28,R
,152711,1098,0,4095,0.01,-0.434,0.442,7.25,56.7,-61.31,R
,152721,929,0,3815,0.08,-0.410,0.449,5.25,46.16,-59.20,R
,152751,839,0,4095,0.093,-0.234,0.536,1.93,48.4,-48.51,R
,152771,887,0,4095,0.002,-0.223,0.712,19.23,76.0,-33.51,R
,152861,1040,0,3815,0.289,-0.52,1.644,53.38,64.57,40.51,R
,152891,1060,0,4065,0.325,-0.651,1.570,67.66,7144,64.95,R
,152911,1033,0,4074,0.338,-0.70,1.434,9.78,3709,50.98,R
,152951,1023,0,4082,0.36,-0.917,1.235,47.54,-7.27,28.19,R
,152981,1023,0,3821,0.290,-0.789,1.152,47.69,3.05,33.39,R
,153021,1059,0,3815,0.161,-0.69,1.093,7.95,-3.94,19.56,R
,153061,1049,0,807,0.095,-0.601,1.055,22.51,-2.69,29.91,R
,153071,1039,0,4095,0.04,-0.569,1.036,22.74,-23.38,34.23,R
,153081,1013,0,3810,0.024,-0.53,1.026,9.72,-25.44,36.78,R
,153091,1018,0,4076,0.026,-0.51,1.014,6.80,-29.18,38.43,R
,153111,1007,0,4079,0.019,-0.49,0.987,7.87,-41.11,35.84,R
,153121,1015,0,3813,0.04,-0.49,0.995,4.56,-43.43,34.92,R
,153141,1023,0,3811,0.022,-0.51,0.990,.20,-42.97,34.4,R
,153161,1009,0,3824,-0.09,-0.513,1.009,9.70,-3.98,37.76,R
,153201,1036,0,3813,-0.69,-0.512,0.981,3.32,-4.43,35.01,R
,153281,1008,0,3812,-0.043,-0.51,0.554,32.99,-13.06,38.17,R
,153291,922,0,4071,-0.039,-0.53,0.515,33.78,-1.56,33.58,R
,153321,656,0,3818,0.025,-0.512,0.384,1.42,-3474,13.9,R
,153351,629,0,480,0.070,-0.545,0.334,-3.75,-4978,-9.61,R
,153381,723,0,314,0.064,-0.591,0.383,-11.85,-1.43,-4.25,R
,153411,740,0,465,0.040,-0.568,0.521,17.03,22.5,3.03,R
,153431,757,0,4014,-0.006,-0.53,0.583,-6.13,24.48,-12.41,R
,153461,756,0,3813,-0.005,-0.602,0.684,-10.86,1.37,-18.79,R
,153481,757,0,3805,0.021,-0.595,0.738,-.91,28.9,-17.35,R
,153491,757,0,439,0.018,-0.592,0.756,-.80,38.5,-18.27,R
,153511,816,0,4045,0.024,-0.613,0.798,-.37,40.74,-20.71,R
,153591,880,0,443,0.066,-0.585,0.842,-5.70,43.50,-34.47,R
,153671,921,0,396,0.157,-0.604,0.771,-28.92,1615,-45.87,R
,153711,1072,0,4001,0.228,-0.62,0.753,-34.31,27.05,-42.73,R
,153721,1075,0,3813,0.242,-0.624,0.735,-30.92,3.22,-40.71,R
,153731,1091,0,3991,0.237,-0.58,0.785,-33.32,31.14,-43.78,R
,153751,1125,0,4014,0.120,-0.621,0.941,-34.83,2.97,-4639,R
,153771,1083,0,4014,0.163,-0.43,1.171,-41.10,37.53,-40.07,R
,153791,1046,0,3967,0.01,-0.52,1.353,-30.26,51.28,-23.19,R
,153801,1053,0,3824,0.02,-0.51,1.448,18.92,50.60,-18.76,R
,153811,1057,0,4013,0.025,-0.46,1.509,8.49,42.71,-10.29,R
,153841,1006,0,3819,0.12,-0.44,1.529,10.22,12.27,-8.0,R
,153861,1021,0,3824,0.149,-0.46,1.488,1.81,9.8,-0.41,R
,153871,1018,0,4016,0.130,-0.414,1.358,5.45,13.3,10.83,R
,153901,1002,0,3817,0.149,-0.49,1.184,-8.55,-22.66,7.16,R
,153911,999,0,421,0.165,-0.523,1.118,-.75,-3619,6.51,R
,153931,1006,0,4033,0.201,-0.53,1.062,5.00,-37.82,7.01,R
,153951,1012,0,4021,0.178,-0.523,0.992,15.72,-2.43,23.09,R
,153961,1011,0,3824,0.157,-0.50,0.958,12.59,-1.77,28.28,R
,153981,1014,0,3820,0.15,-0.51,0.972,.03,-24.31,27.56,R
,154021,982,0,324,0.132,-0.548,0.932,106,-33.9,28.94,R
,154041,982,0,321,0.121,-0.569,0.935,0.67,-30.3,31.53,R
,154071,1010,0,3999,0.054,-0.558,0.943,9.49,-26.47,37.38,R
,154081,1009,0,3824,0.051,-0.549,0.954,.66,-3051,34.89,R
,154091,1015,0,3998,0.03,-0.55,0.952,5.03,-36.40,32.26,R
,154101,1015,0,824,0.045,-0.56,0.921,1.60,-42.08,29.42,R
,154111,1033,0,3984,0.01,-0.58,0.928,.76,-45.41,28.78,R
,154121,1037,0,3823,0.053,-0.59,0.928,3.92,-46.95,29.10,R
,154131,1046,0,3997,0.043,-0.605,0.901,.45,-43.79,29.73,R
,154141,1050,0,3824,0.04,-0.61,0.887,11.35,-38.97,30.51,R
,154181,1000,0,3822,0.019,-0.584,0.752,19.92,-2.05,31.93,R
,154191,877,0,3991,-0.015,-0.61,0.719,14.82,-32.97,29.73,R
,154211,790,0,395,0.016,-0.638,0.635,1.76,-45.66,27.94,R
,154231,814,0,4003,-0.005,-0.63,0.513,23.81,-4.37,29.82,R
,154241,784,0,3824,0.073,-0.619,0.467,1.51,-3747,25.03,R
,154251,781,0,4005,0.021,-0.645,0.457,13.92,-3256,21.6,R
,154261,790,0,3824,0.07,-0.635,0.376,407,-28.4,18.83,R
,154291,723,0,4002,0.133,-0.728,0.382,-14.48,-2.34,3.76,R
,154301,731,0,3824,0.10,-0.742,0.376,-9.17,-2.11,-1.95,R
,154331,733,0,3989,0.146,-0.834,0.524,-7.97,-1.96,-15.77,R
,154351,749,0,4004,-0.008,-0.739,0.495,.03,8.3,-10.19,R
,154381,721,0,3827,-0.03,-0.724,0.569,15.79,3.03,-16.22,R
,154401,734,0,3824,-0.054,-0.730,0.625,22.14,24.30,-25.69,R
,154411,713,0,3993,-0.08,-0.73,0.638,26.88,15.63,-33.05,R
,154431,738,0,3985,-0.05,-0.763,0.667,32.98,251,-44.74,R
,154451,730,0,3974,0.021,-0.787,0.680,-33.52,1311,-48.94,R
,154461,733,0,325,0.022,-0.788,0.685,-1.93,22.92,-48.13,R
,154471,787,0,3954,0.018,-0.793,0.698,-7.21,3699,-46.39,R
,154481,816,0,3826,-0.013,-0.76,0.697,-25.18,47.20,-44.96,R
,154491,821,0,342,-0.010,-0.762,0.702,22.65,52.74,-45.74,R
,154511,805,0,3970,-0.017,-0.729,0.689,-30.11,4.63,-5978,R
,154541,823,0,3824,0.042,-0.786,0.665,-40.51,1607,-80.1,R
,154571,829,0,3981,0.076,-0.736,0.631,-39.44,3373,-77.93,R
,154581,816,0,327,0.042,-0.712,0.625,-36.88,4343,-77.06,R
,154601,909,0,3823,0.020,-0.654,0.574,-7.21,4670,-83.05,R
,154651,898,0,352,-0.032,-0.30,0.432,-17.06,18.65,-87.77,R
,154661,902,0,3830,-0.06,-0.24,0.451,12.69,31.00,-78.01,R
,154671,898,0,3979,-0.045,-0.13,0.476,-6.10,51.64,-66.96,R
,154681,907,0,326,-0.120,-0.028,0.507,-3.53,7494,-52.55,R
,154721,919,0,3826,-0.17,0.067,0.941,1.12,11010,4.81,R
,154731,919,0,374,-0.188,-0.02,1.035,3.26,109.38,22.39,R
,154751,883,0,3983,-0.022,-0.01,1.361,6.36,117.43,45.90,R
,154761,880,0,3826,-0.027,-0.14,1.452,7.26,122.53,59.26,R
,154811,886,0,3959,0.248,-0.581,1.694,4.53,63.0,63.23,R
,154821,899,0,320,0.313,-0.654,1.697,50.76,56.2,61.30,R
,154841,912,0,3824,0.374,-0.759,1.469,6.32,50.7,61.45,R
,154861,895,0,3817,0.323,-0.815,1.438,69.92,35.3,49.52,R
,154881,869,0,3819,0.225,-0.745,1.319,6.61,17.6,45.59,R
,154921,884,0,3826,0.223,-0.788,1.225,4.48,-13.43,35.21,R
,154931,886,0,3979,0.210,-0.762,1.205,4.12,-1019,37.84,R
,154951,887,0,3977,0.091,-0.691,1.165,48.90,-6.2,43.93,R
,155021,880,0,3823,-0.040,-0.542,1.129,26.32,-32.82,47.07,R
,155041,880,0,3829,-0.090,-0.49,1.099,21.05,-29.82,51.9,R
,155091,885,0,367,-0.126,-0.46,1.068,7.54,-5308,42.68,R
,155111,864,0,3968,-0.174,-0.452,1.055,5.60,-4.58,39.84,R
,155121,877,0,324,-0.232,-0.423,1.076,16.04,-4.85,40.89,R
,155131,874,0,3975,-0.18,-0.344,1.001,20.59,-4.25,41.44,R
,155141,855,0,3819,-0.211,-0.408,0.929,3.86,-4.79,45.09,R
,155151,847,0,4003,-0.244,-0.406,0.942,25.69,-49.30,42.97,R
,155161,851,0,3824,-0.233,-0.41,0.868,1.31,-55.61,41.6,R
,155171,849,0,3994,-0.176,-0.392,0.758,8.41,-5.82,39.10,R
,155181,831,0,3826,-0.166,-0.41,0.684,29.31,-58.36,37.44,R
,155191,796,0,372,-0.170,-0.40,0.635,29.12,-5.20,36.97,R
,155201,803,0,3824,-0.104,-0.37,0.507,29.75,-5.67,35.32,R
,155211,794,0,363,-0.101,-0.34,0.449,28.83,-44.53,32.29,R
,155221,802,0,3826,-0.142,-0.34,0.424,9.32,-4.47,28.84,R
,155241,726,0,3809,-0.056,-0.429,0.350,.10,-4488,18.57,R
,155291,731,0,3963,-0.017,-0.58,0.439,.24,-2.94,6.00,R
,155301,737,0,3818,-0.106,-0.51,0.559,.28,8.47,1.27,R
,155311,740,0,3989,-0.167,-0.50,0.534,14.44,18.70,4.45,R
,155321,751,0,3815,-0.149,-0.503,0.586,2.90,2138,3.62,R
,155331,752,0,372,-0.177,-0.48,0.610,.95,21.06,-1.43,R
,155341,743,0,3819,-0.206,-0.50,0.694,4.10,11.84,-5.2,R
,155351,746,0,3989,-0.27,-0.511,0.733,4.19,3.4,-6.38,R
,155371,737,0,3985,-0.12,-0.519,0.792,-3.24,6.0,-12.85,R
,155381,756,0,313,-0.111,-0.54,0.808,0.75,9.35,-15.72,R
,155391,767,0,3989,-0.067,-0.52,0.826,1.59,1702,-19.55,R
,155401,799,0,3815,-0.101,-0.53,0.841,1.36,2386,-23.87,R
,155411,793,0,357,-0.123,-0.53,0.849,.42,31.6,-22.71,R
,155421,801,0,3824,-0.106,-0.513,0.821,.83,39.3,-20.88,R
,155431,811,0,3973,-0.096,-0.494,0.847,-1.06,4149,-24.47,R
,155441,734,0,3821,-0.06,-0.498,0.859,-4.83,3805,-30.91,R
,155481,767,0,3823,-0.049,-0.54,0.918,-26.74,17.49,-46.36,R
,155491,779,0,361,-0.073,-0.54,0.910,-20.33,19.09,-44.84,R
,155511,820,0,3979,-0.11,-0.495,0.927,-6.17,2885,-42.65,R
,155531,801,0,370,-0.041,-0.49,0.899,21.96,2.97,-44.32,R
,155541,861,0,3828,-0.042,-0.487,0.881,-30.71,2.35,-46.87,R
,155561,841,0,3811,0.001,-0.556,0.869,-34.51,1833,-51.98,R
,155571,861,0,377,0.026,-0.549,0.869,-8.52,1691,-51.93,R
,155581,811,0,3824,0.067,-0.559,0.835,-21.26,18.99,-50.8,R
,155601,848,0,322,0.053,-0.471,0.777,-14.66,31.81,-45.0,R
,155621,900,0,3827,-0.011,-0.501,0.788,-23.12,2.14,-41.22,R
,155691,912,0,3953,-0.057,-0.41,1.386,30.43,48.97,-2592,R
,155701,880,0,322,-0.020,-0.40,1.504,23.97,50.42,-2447,R
,155711,891,0,3952,-0.05,-0.36,1.584,-14.86,43.69,-2134,R
,155721,788,0,3814,-0.062,-0.359,1.636,10.42,3.41,-18.18,R
,155731,818,0,3954,-0.099,-0.304,1.676,-9.17,2586,-13.83,R
,155741,780,0,3815,-0.083,-0.305,1.676,-10.16,1.44,-10.79,R
,155751,849,0,353,-0.046,-0.31,1.641,10.88,8.51,-8.8,R
,155801,772,0,3820,0.05,-0.362,1.216,13.09,-11.98,2.86,R
,155831,767,0,348,0.102,-0.375,1.051,792,-19.3,5.59,R
,155861,745,0,3825,0.078,-0.409,1.020,590,-21.3,13.32,R
,155971,720,0,3937,-0.010,-0.44,1.078,7.48,-26.42,33.6,R
,155981,723,0,331,-0.005,-0.467,1.065,10.47,-2.69,33.79,R
,156031,789,0,3932,-0.081,-0.42,1.090,5.16,-28.63,34.1,R
,156041,799,0,3830,-0.055,-0.427,1.055,4.45,-3.54,32.60,R
,156051,800,0,3921,-0.073,-0.457,1.042,2.99,-3.95,31.64,R
,156061,798,0,327,-0.152,-0.52,1.009,8.03,-37.89,34.43,R
,156071,802,0,3934,-0.029,-0.43,0.960,4.44,-36.66,30.55,R
,156091,726,0,3925,-0.094,-0.49,0.929,0.35,-34.30,36.7,R
,156101,738,0,3829,-0.18,-0.50,0.885,27.77,-33.76,37.29,R
,156111,714,0,3920,-0.118,-0.503,0.809,3.03,-3.30,38.51,R
,156121,727,0,3836,-0.123,-0.50,0.752,35.43,-36.89,38.23,R
,156131,775,0,3942,-0.104,-0.503,0.680,6.16,-3.52,37.0,R
,156141,758,0,3856,-0.082,-0.49,0.619,2.48,-41.47,35.06,R
,156171,660,0,3933,-0.030,-0.540,0.477,6.33,-4301,22.75,R
,156181,657,0,339,0.007,-0.571,0.429,088,-39.0,18.65,R
,156191,656,0,3906,-0.080,-0.624,0.445,7.11,-33.78,18.29,R
,156201,651,0,3837,-0.010,-0.58,0.386,4.82,-22.16,16.49,R
,156211,628,0,3920,-0.003,-0.597,0.394,6.24,-1008,12.39,R
,156251,684,0,3910,-0.062,-0.67,0.477,-15.64,10.79,-11.20,R
,156271,686,0,3913,-0.139,-0.67,0.573,17.12,22.73,-12.44,R
,156281,690,0,3835,-0.121,-0.663,0.616,-16.23,2.50,-14.00,R
,156291,688,0,3910,-0.134,-0.647,0.633,-18.11,3.10,-18.93,R
,156301,688,0,3839,-0.18,-0.64,0.681,-16.95,37.21,-23.69,R
,156311,688,0,3915,-0.161,-0.633,0.711,19.81,3.85,-30.33,R
,156321,694,0,3835,-0.131,-0.650,0.735,24.26,2.11,-4009,R
,156331,699,0,3907,-0.144,-0.657,0.737,-31.61,1.54,-48.58,R
,156361,774,0,3837,-0.106,-0.696,0.817,-24.71,26.33,-44.79,R
,156371,785,0,3926,-0.062,-0.70,0.836,-22.72,33.96,-47.84,R
,156381,753,0,3826,-0.02,-0.65,0.813,-18.60,44.76,-53.20,R
,156401,827,0,3830,-0.104,-0.653,0.815,11.87,5.32,-6044,R
,156411,843,0,3910,-0.087,-0.63,0.793,-16.78,52.19,-66.25,R
,156421,846,0,3837,-0.084,-0.60,0.792,24.25,45.20,-74.50,R
,156431,855,0,3926,-0.094,-0.594,0.787,-31.15,40.95,-82.84,R
,156441,858,0,3836,-0.097,-0.591,0.808,-40.51,3.80,-89.48,R
,156451,855,0,3926,-0.086,-0.601,0.809,-44.69,3.73,-93.34,R
,156461,854,0,3829,-0.077,-0.619,0.820,48.04,3.18,-97.69,R
,156481,883,0,3839,-0.099,-0.583,0.817,-38.36,3.69,-100.18,R
,156491,886,0,3903,-0.098,-0.53,0.791,-30.71,42.13,-101.03,R
,156511,889,0,3916,-0.108,-0.430,0.685,-23.90,3.59,-106.09,R
,156541,909,0,327,-0.079,-0.270,0.516,16.57,3.02,-96.21,R
,156551,909,0,3903,-0.151,-0.206,0.522,-8.83,3775,-90.64,R
,156561,881,0,3841,-0.13,-0.09,0.508,-2.14,44.18,-86.04,R
,156571,912,0,3891,-0.144,-0.02,0.511,.53,52.05,-80.42,R
,156601,833,0,3839,-0.22,0.112,0.809,-13.75,9558,-48.99,R
,156621,805,0,3850,-0.406,0.153,1.089,-3.43,10984,-12.74,R
,156661,802,0,3847,-0.213,-0.01,1.588,0.85,10.24,47.65,R
,156671,784,0,3913,-0.208,-0.18,1.713,28.30,9179,50.81,R
,156681,791,0,3842,-0.104,-0.17,1.788,34.38,81.41,43.68,R
,156691,795,0,3903,-0.049,-0.251,1.820,3.60,72.51,46.89,R
,156741,822,0,338,0.210,-0.530,1.590,5.09,37.0,44.36,R
,156761,821,0,3846,0.155,-0.555,1.377,61.11,29.9,47.71,R
,156791,871,0,3916,0.086,-0.565,1.288,4.99,1.0,41.68,R
,156821,912,0,3857,0.086,-0.583,1.260,3.46,-1346,43.97,R
,156831,912,0,310,0.089,-0.588,1.249,35.69,-1198,42.98,R
,156851,891,0,3903,-0.000,-0.534,1.217,2.22,-1.27,44.00,R
,156861,874,0,3861,-0.08,-0.51,1.200,1.77,-12.39,45.81,R
,156891,880,0,3894,-0.041,-0.433,1.139,25.23,-2.47,45.47,R
,156901,875,0,3874,-0.09,-0.41,1.146,22.99,-29.17,46.25,R
,156921,938,0,3871,-0.112,-0.38,1.156,5.64,-32.16,48.46,R
,156931,965,0,3910,-0.125,-0.35,1.155,14.18,-35.41,48.52,R
,156951,971,0,3915,-0.155,-0.32,1.146,18.82,-42.60,50.13,R
,156961,962,0,3882,-0.196,-0.296,1.158,16.56,-4.72,50.04,R
,156971,965,0,3917,-0.198,-0.30,1.154,4.09,-46.98,47.67,R
,156991,963,0,3898,-0.247,-0.295,1.133,.89,-4813,49.49,R
,157001,960,0,3930,-0.238,-0.31,1.136,10.22,-4.56,50.9,R
,157021,970,0,3914,-0.404,-0.469,1.079,6.77,-4.39,57.0,R
,157041,859,0,3899,-0.401,-0.240,1.170,2.65,-4.76,48.3,R
,157051,843,0,3907,-0.413,-0.42,1.060,4.36,-62.42,52.65,R
,157071,848,0,3905,-0.311,-0.31,0.919,-3.59,-7.11,42.45,R
,157091,871,0,3904,-0.283,-0.39,0.788,0.05,-75.43,49.39,R
,157111,865,0,3909,-0.062,-0.307,0.474,16.42,-4.73,52.5,R
,157121,855,0,3888,-0.12,-0.28,0.411,7.72,-39.58,57.10,R
,157131,771,0,3905,-0.226,-0.250,0.298,2.07,-1.21,69.64,R
,157151,755,0,3907,-0.146,-0.238,0.281,9.80,-10.57,43.64,R
,157161,753,0,387,-0.179,-0.25,0.470,-20.31,-6.91,31.76,R
,157171,752,0,3897,-0.173,-0.314,0.342,25.18,-7.95,24.19,R
,157191,739,0,3893,-0.195,-0.383,0.339,16.89,-8.62,22.13,R
,157201,738,0,3872,-0.204,-0.41,0.348,-15.06,-15.11,27.20,R
,157211,737,0,395,-0.184,-0.42,0.537,-20.28,-3.37,26.78,R
,157221,747,0,3895,-0.260,-0.385,0.509,13.50,1.17,32.87,R
,157231,745,0,384,-0.240,-0.385,0.538,-5.91,2350,34.60,R
,157241,749,0,3884,-0.208,-0.38,0.630,11.46,32.85,30.00,R
,157251,741,0,3888,-0.28,-0.38,0.656,12.77,36.11,23.38,R
,157261,745,0,374,-0.264,-0.395,0.692,15.04,31.92,17.06,R
,157271,742,0,3884,-0.271,-0.39,0.720,18.78,24.45,9.75,R
,157281,752,0,375,-0.218,-0.432,0.776,17.76,1.93,2.91,R
,157291,752,0,3888,-0.214,-0.42,0.791,-20.62,1.97,-4.4,R
,157301,753,0,3872,-0.218,-0.422,0.827,24.54,1.16,-1410,R
,157311,752,0,3889,-0.29,-0.48,0.867,18.25,18.41,-14.97,R
,157321,827,0,3856,-0.185,-0.461,0.858,12.60,2.64,-1267,R
,157351,839,0,3887,-0.202,-0.425,0.926,4.66,4160,-20.19,R
,157391,816,0,3888,-0.29,-0.39,0.916,14.81,23.58,-45.35,R
,157411,805,0,3883,-0.224,-0.419,0.956,27.06,29.11,-46.27,R
,157421,816,0,3869,-0.218,-0.44,0.937,26.57,30.19,-44.25,R
,157431,822,0,388,-0.202,-0.440,0.969,25.12,3.05,-43.20,R
,157441,818,0,3872,-0.221,-0.41,0.983,-21.84,3.87,-4387,R
,157451,816,0,3893,-0.202,-0.41,0.979,-20.07,29.58,-48.32,R
,157461,837,0,3853,-0.206,-0.412,0.968,-19.27,1.47,-5513,R
,157471,862,0,3890,-0.10,-0.41,0.940,-21.30,1.16,-5865,R
,157491,858,0,3891,-0.147,-0.42,0.902,-21.76,-0.68,-61.23,R
,157511,865,0,3893,-0.087,-0.41,0.860,-24.30,726,-54.5,R
,157531,866,0,3888,-0.022,-0.40,0.831,-25.76,18.59,-54.65,R
,157541,881,0,3888,-0.044,-0.402,0.792,27.15,18.56,-53.67,R
,157561,838,0,3937,-0.01,-0.50,0.702,-12.94,888,-53.42,R
,157571,832,0,3899,-0.031,-0.531,0.684,6.60,0.33,-56.55,R
,157601,666,0,3863,-0.017,-0.409,0.908,31.73,17.32,-56.55,R
,157621,656,0,4000,-0.098,-0.386,1.264,47.00,56.24,-42.90,R
,157641,594,0,3956,-0.207,-0.408,1.617,25.18,68.02,-15.71,R
,157651,589,0,3895,-0.252,-0.34,1.756,-13.03,59.11,-14.88,R
,157661,572,0,3902,-0.282,-0.32,1.806,-2.92,44.73,-12.70,R
,157671,628,0,3910,-0.282,-0.282,1.838,4.09,28.5,-13.9,R
,157681,678,0,3911,-0.258,-0.23,1.831,.25,13.79,-15.22,R
,157701,691,0,3891,-0.204,-0.224,1.682,7.54,-8.7,-13.6,R
,157711,737,0,3889,-0.148,-0.27,1.533,11.83,-12.80,-8.76,R
,157721,752,0,3905,-0.134,-0.254,1.441,.69,-1508,-7.22,R
,157731,754,0,3886,-0.128,-0.29,1.341,2.74,-17.59,-1.71,R
,157741,671,0,3877,-0.070,-0.30,1.247,18.51,-21.58,0.49,R
,157751,560,0,372,-0.077,-0.30,1.186,22.76,-24.60,2.05,R
,157771,560,0,3873,-0.103,-0.309,1.078,19.75,-2.83,13.56,R
,157791,735,0,3872,-0.00,-0.32,1.035,.69,-23.50,19.96,R
,157801,739,0,337,-0.097,-0.34,1.043,4.64,-25.32,21.55,R
,157811,748,0,3879,-0.091,-0.36,1.042,4.09,-25.70,24.86,R
,157831,757,0,3882,-0.08,-0.356,1.036,6.65,-2.73,36.71,R
,157841,758,0,350,-0.063,-0.357,1.035,19.11,-2.03,40.05,R
,157851,758,0,3874,-0.054,-0.312,0.999,17.99,-1.82,41.24,R
,157861,754,0,3954,-0.00,-0.32,1.021,13.81,-16.04,40.45,R
,157871,770,0,3873,-0.050,-0.332,1.024,0.24,-1.18,39.73,R
,157881,757,0,3965,-0.090,-0.332,1.043,8.80,-1329,41.79,R
,157891,757,0,3872,-0.137,-0.328,1.058,.42,-1143,44.51,R
,157901,742,0,3973,-0.157,-0.364,1.097,.35,-1332,44.33,R
,157911,746,0,3872,-0.176,-0.37,1.102,9.38,-18.85,43.71,R
,157921,747,0,3986,-0.18,-0.37,1.113,7.11,-24.83,44.25,R
,157931,751,0,3870,-0.202,-0.372,1.112,2.83,-2.56,45.06,R
,157951,762,0,367,-0.149,-0.338,1.030,27.48,-3.16,48.55,R
,157981,756,0,3994,-0.199,-0.338,0.954,3.78,-2.02,46.39,R
,157991,751,0,371,-0.265,-0.377,0.934,0.44,-2.98,42.58,R
,158001,754,0,4006,-0.265,-0.355,0.930,9.14,-3.17,35.16,R
,158021,755,0,4002,-0.273,-0.46,0.815,14.36,-4.05,36.28,R
,158031,737,0,359,-0.196,-0.45,0.771,12.03,-42.97,38.1,R
,158041,725,0,4001,-0.166,-0.44,0.695,1.31,-38.69,41.3,R
,158051,718,0,357,-0.170,-0.457,0.651,30.36,-3.26,41.70,R
,158071,511,0,3863,-0.118,-0.44,0.477,44.38,-21.73,35.85,R
,158081,511,0,4016,-0.123,-0.366,0.559,9.29,-1.46,29.00,R
,158091,527,0,3863,-0.165,-0.43,0.486,26.99,-20.88,26.4,R
,158101,522,0,4002,-0.106,-0.426,0.431,18.62,-2.51,17.79,R
,158121,423,0,4001,-0.091,-0.50,0.501,11.61,-20.98,5.70,R
,158131,423,0,3861,-0.086,-0.51,0.410,-15.27,-14.24,5.0,R
,158141,419,0,4003,-0.157,-0.534,0.488,-13.79,-.30,10.43,R
,158151,509,0,3856,-0.09,-0.573,0.513,.26,3.41,13.20,
,158161,528,0,3997,-0.092,-0.540,0.556,.52,13.9,9.67,R
,158171,535,0,3853,-0.149,-0.455,0.630,14.51,1772,4.33,R
,158181,545,0,382,-0.156,-0.449,0.630,27.87,1993,-0.09,R
,158191,550,0,3854,-0.159,-0.395,0.616,24.56,1816,-8.12,R
,158201,559,0,3967,-0.125,-0.405,0.621,1.64,13.46,-19.72,R
,158211,560,0,3860,-0.155,-0.39,0.643,-8.43,10.95,-26.01,R
,158221,560,0,3946,-0.210,-0.400,0.711,21.39,1.05,-24.87,R
,158231,560,0,3845,-0.156,-0.41,0.769,-27.43,13.50,-25.26,R
,158241,561,0,3983,-0.200,-0.452,0.823,18.83,21.50,-26.82,R
,158251,560,0,3854,-0.148,-0.460,0.857,-7.03,2682,-27.64,R
,158271,560,0,3857,-0.201,-0.41,0.885,2.25,34.41,-34.7,R
,158301,567,0,3985,-0.211,-0.37,0.881,3.93,18.71,-40.82,R
,158311,579,0,3855,-0.204,-0.36,0.873,-11.79,1.70,-39.43,R
,158331,576,0,3854,-0.137,-0.38,0.900,-24.20,2.84,-43.51,R
,158341,577,0,3987,-0.149,-0.43,0.938,-27.06,2.98,-46.39,R
,158371,578,0,3853,-0.193,-0.40,0.936,-10.98,4.52,-36.97,R
,158381,576,0,3981,-0.174,-0.38,0.910,11.44,42.10,-36.30,R
,158401,583,0,3988,-0.130,-0.394,0.916,-22.94,2.85,-47.52,R
,158411,590,0,3857,-0.093,-0.42,0.919,-27.23,12.48,-5435,R
,158421,610,0,3991,-0.099,-0.42,0.915,24.95,7.90,-57.31,R
,158431,607,0,3856,-0.136,-0.42,0.915,-19.87,967,-53.11,R
,158441,615,0,410,-0.114,-0.410,0.908,-18.55,1.40,-46.19,R
,158451,614,0,3858,-0.112,-0.38,0.899,-22.34,2.65,-38.61,R
,158461,609,0,3985,-0.071,-0.35,0.917,26.83,30.01,-38.53,R
,158471,626,0,359,-0.041,-0.39,0.912,30.02,27.35,-4074,R
,158481,629,0,410,-0.001,-0.44,0.877,-22.86,2.97,-44.93,R
,158491,634,0,361,-0.004,-0.43,0.825,-18.92,13.20,-47.14,R
,158511,627,0,3848,0.008,-0.306,0.821,-15.87,1126,-49.22,R
,158521,647,0,416,-0.008,-0.34,0.788,-19.49,9.12,-45.58,R
,158531,650,0,354,-0.026,-0.36,0.864,-19.55,958,-46.35,R
,158541,666,0,4029,-0.060,-0.427,0.902,-21.94,1.58,-43.19,R
,158571,631,0,353,-0.159,-0.39,1.215,23.58,41.14,-24.29,R
,158581,645,0,4032,-0.193,-0.39,1.379,22.51,4.18,-16.53,R
,158591,599,0,3856,-0.195,-0.399,1.482,-19.85,49.05,-1342,R
,158601,570,0,4029,-0.23,-0.362,1.590,-12.66,4.18,-12.42,R
,158621,547,0,400,-0.292,-0.265,1.717,-1.24,2059,-9.45,R
,158631,574,0,3856,-0.253,-0.28,1.698,-0.49,5.90,-7.95,R
,158641,565,0,4016,-0.228,-0.250,1.679,-1.07,-4.36,-6.77,R
,158651,575,0,3856,-0.16,-0.276,1.666,2.77,-1201,-5.35,R
,158661,561,0,3980,-0.139,-0.234,1.452,7.49,-7.32,2.39,
,158671,577,0,3850,-0.16,-0.262,1.484,6.30,-1521,0.45,R
,158691,593,0,3854,-0.12,-0.28,1.260,14.57,-22.74,10.45,R
,158711,592,0,3858,-0.057,-0.32,1.169,6.77,-32.13,9.58,R
,158721,588,0,4037,-0.110,-0.29,1.127,18.94,-32.85,14.3,R
,158731,590,0,3856,-0.108,-0.30,1.115,15.14,-33.20,20.5,R
,158751,591,0,3854,-0.06,-0.344,1.090,9.23,-3440,23.96,R
,158761,592,0,4019,-0.04,-0.358,1.075,11.80,-3.14,26.55,R
,158771,590,0,3851,-0.092,-0.35,1.072,7.70,-32.91,30.9,R
,158791,590,0,3855,-0.080,-0.341,1.052,24.04,-2.82,37.21,R
,158811,583,0,3849,-0.083,-0.33,1.040,8.99,-29.75,39.30,R
,158821,587,0,4048,-0.03,-0.327,1.031,17.83,-2.82,39.96,R
,158841,589,0,4077,-0.17,-0.321,1.049,6.50,-2.62,43.23,R
,158861,577,0,4065,-0.159,-0.334,1.067,10.47,-2.34,41.96,R
,158871,577,0,349,-0.179,-0.36,1.072,3.17,-29.72,40.7,R
,158881,579,0,4095,-0.192,-0.35,1.052,7.96,-34.11,41.00,R
,158891,579,0,3851,-0.214,-0.34,1.073,2.65,-35.96,42.28,R
,158901,578,0,4095,-0.212,-0.363,1.073,24.77,-3.44,41.76,R
,158911,570,0,3851,-0.19,-0.358,1.058,27.57,-3.47,39.16,R
,158921,575,0,4095,-0.220,-0.349,1.058,6.44,-3.27,39.38,R
,158931,575,0,356,-0.303,-0.41,1.003,6.73,-41.63,41.21,R
,158941,576,0,495,-0.252,-0.37,0.959,29.11,-40.72,39.76,R
,158951,611,0,3847,-0.309,-0.42,0.977,9.69,-40.74,40.66,R
,158971,614,0,3855,-0.257,-0.403,0.824,44.47,-3.08,38.54,R
,158981,606,0,4085,-0.20,-0.401,0.762,2.28,-3.99,35.82,R
,158991,597,0,351,-0.226,-0.38,0.710,2.56,-29.18,35.5,R
,159011,592,0,3854,-0.173,-0.34,0.585,5.93,-20.85,29.0,R
,159021,584,0,4095,-0.165,-0.37,0.506,7.11,-2.29,24.19,R
,159031,546,0,3855,-0.145,-0.42,0.478,8.94,-25.43,18.48,R
,159041,536,0,495,-0.115,-0.433,0.431,1.38,-2.83,12.77,R
,159051,526,0,3840,-0.078,-0.49,0.454,15.12,-31.20,9.16,R
,159071,533,0,3856,-0.025,-0.48,0.377,19.99,-24.43,-1.54,R
,159101,544,0,4090,-0.099,-0.47,0.468,12.76,9.08,0.17,R
,159131,547,0,3853,-0.093,-0.421,0.624,20.06,1960,-6.00,R
,159151,576,0,3845,-0.092,-0.38,0.684,.15,23.14,-17.8,R
,159161,576,0,486,-0.120,-0.382,0.723,.09,21.4,-22.96,R
,159201,577,0,485,-0.117,-0.39,0.916,1.14,24.57,-29.1,R
,159211,579,0,350,-0.117,-0.38,0.928,1.78,28.99,-31.55,R
,159241,592,0,4037,-0.153,-0.328,0.943,1.60,33.3,-31.64,R
,159261,582,0,4066,-0.116,-0.30,0.951,-1.94,3196,-38.30,R
,159271,581,0,3849,-0.109,-0.338,0.939,-10.07,2.36,-40.93,R
,159281,580,0,4066,-0.123,-0.32,0.927,-12.68,22.53,-39.51,R
,159291,573,0,347,-0.111,-0.34,0.967,-17.30,21.67,-39.83,R
,159301,578,0,4077,-0.12,-0.36,0.988,-20.34,23.57,-41.05,R
,159321,589,0,4089,-0.123,-0.35,0.994,16.10,32.48,-35.58,R
,159361,592,0,4095,-0.047,-0.357,0.953,13.96,976,-44.77,R
,159371,587,0,3850,-0.033,-0.347,0.928,14.80,248,-46.79,R
,159381,592,0,495,-0.030,-0.329,0.908,19.49,182,-45.8,R
,159391,592,0,3840,-0.007,-0.33,0.899,24.30,6.99,-41.06,R
,159401,595,0,4092,0.006,-0.328,0.902,-9.87,1781,-36.76,R
,159451,604,0,3853,-0.03,-0.399,0.940,-15.61,1.05,-28.99,R
,159481,607,0,4095,0.043,-0.303,0.927,-18.11,6.1,-35.93,R
,159501,597,0,4095,-0.116,-0.337,1.120,-25.72,2.55,-22.22,R
,159511,592,0,350,-0.089,-0.22,1.248,34.07,36.65,-25.48,R
,159521,598,0,4080,-0.070,-0.234,1.365,-31.84,4.89,-17.98,R
,159551,599,0,3849,-0.214,-0.250,1.571,10.77,3.11,-1.48,R
,159561,607,0,4095,-0.16,-0.21,1.575,-10.40,24.39,-2.56,R
,159581,596,0,495,-0.178,-0.210,1.598,7.90,9.3,-1.51,R
,159591,599,0,3845,-0.178,-0.22,1.573,5.81,5.31,1.12,R
,159611,561,0,3847,-0.155,-0.252,1.361,-0.04,-7.32,6.07,R
,159621,553,0,4095,-0.154,-0.24,1.310,-3.55,-16.76,2.33,R
,159651,557,0,3842,-0.081,-0.255,1.149,10.28,-2.76,5.97,R
,159671,545,0,3847,-0.072,-0.245,1.100,6.77,-2014,14.23,R
,159681,531,0,4095,-0.08,-0.28,1.100,.99,-21.18,14.58,R
,159691,530,0,347,-0.102,-0.280,1.106,3.60,-23.90,16.00,R
,159701,530,0,4095,-0.115,-0.28,1.091,.00,-24.27,19.7,R
,159711,532,0,3842,-0.117,-0.290,1.091,.32,-2592,23.96,R
,159721,542,0,4095,-0.094,-0.29,1.088,12.24,-2.40,27.90,R
,159741,533,0,4095,-0.087,-0.28,1.090,6.80,-22.82,31.20,R
,159751,539,0,3840,-0.094,-0.281,1.087,6.62,-20.98,34.08,R
,159761,540,0,4095,-0.120,-0.268,1.101,3.74,-20.71,37.27,R
,159771,535,0,3844,-0.13,-0.28,1.093,0.61,-20.30,38.98,R
,159781,537,0,4095,-0.118,-0.29,1.112,.81,-22.48,38.74,R
,159791,541,0,3855,-0.14,-0.314,1.109,9.87,-2494,37.24,R
,159811,550,0,3851,-0.19,-0.33,1.119,19.69,-31.01,36.43,R
,159821,551,0,495,-0.139,-0.309,1.125,24.44,-31.11,38.34,R
,159841,587,0,495,-0.161,-0.294,1.125,25.03,-2.14,37.64,R
,159851,590,0,3846,-0.19,-0.30,1.094,26.61,-28.45,37.33,R
,159861,592,0,4095,-0.160,-0.29,1.073,8.27,-27.50,37.04,R
,159871,594,0,3847,-0.117,-0.25,1.006,2.62,-21.29,26.98,R
,159881,591,0,4095,-0.15,-0.31,1.007,23.11,-25.96,34.34,R
,159891,580,0,3836,-0.257,-0.332,1.009,6.70,-27.59,32.02,R
,159901,574,0,4095,-0.159,-0.286,0.900,30.65,-3.43,32.72,R
,159911,586,0,3839,-0.181,-0.354,0.817,29.61,-2.53,34.54,R
,159931,560,0,3842,-0.142,-0.362,0.700,3.03,-3.31,34.9,R
,159941,545,0,4095,-0.147,-0.397,0.635,5.83,-3.12,34.33,R
,159951,537,0,3839,-0.16,-0.40,0.536,37.67,-35.43,31.50,R
,159961,529,0,4095,-0.011,-0.35,0.462,34.96,-30.43,28.77,R
,159971,525,0,338,0.017,-0.360,0.449,2.83,-20.89,25.23,R
,159991,506,0,3841,-0.083,-0.39,0.460,6.90,-3.44,12.04,R
,160001,485,0,4095,-0.127,-0.41,0.487,2.89,-3.27,5.33,R
,160011,496,0,3824,-0.107,-0.473,0.499,2.40,-6.14,1.75,R
,160021,496,0,4095,-0.121,-0.47,0.495,.65,-4.88,1.36,R
,160031,528,0,344,-0.115,-0.462,0.529,.05,0.0,1.61,R
,160041,529,0,4095,-0.135,-0.47,0.623,8.76,3.9,-2.53,R
,160051,531,0,3843,-0.183,-0.414,0.658,12.42,9.15,-2.61,R
,160071,530,0,3847,-0.121,-0.359,0.687,.34,20.74,-6.19,R
,160081,534,0,495,-0.144,-0.348,0.713,2.78,2179,-12.73,R
,160091,543,0,3841,-0.175,-0.35,0.763,9.41,1978,-16.39,R
,160101,507,0,495,-0.172,-0.371,0.792,12.02,15.02,-18.22,R
,160121,525,0,4095,-0.146,-0.36,0.856,6.77,12.63,-18.51,R
,160141,537,0,4095,-0.129,-0.332,0.895,-6.81,2222,-20.09,R
,160161,549,0,4095,-0.158,-0.32,0.931,-15.47,30.34,-22.07,R
,160171,560,0,3824,-0.145,-0.34,0.961,-17.97,30.44,-24.09,R
,160201,559,0,495,-0.127,-0.349,0.996,9.29,23.06,-28.18,R
,160211,555,0,337,-0.120,-0.354,0.975,12.25,1.92,-35.28,R
,160221,556,0,4095,-0.117,-0.34,0.967,14.16,14.94,-37.93,R
,160241,550,0,4095,-0.098,-0.35,0.943,18.54,17.52,-34.77,R
,160251,564,0,3840,-0.105,-0.34,0.958,-21.72,22.62,-34.41,R
,160261,571,0,4095,-0.04,-0.370,0.969,22.91,23.98,-33.75,R
,160281,583,0,4095,-0.10,-0.35,0.975,19.67,29.35,-32.45,R
,160291,576,0,3829,-0.101,-0.35,0.964,20.43,25.29,-34.71,R
,160341,601,0,495,0.001,-0.348,0.840,-7.39,8.89,-36.07,R
,160371,602,0,3847,0.007,-0.354,0.805,-20.63,1601,-33.20,R
,160381,606,0,495,0.056,-0.372,0.796,-16.42,1584,-33.32,R
,160401,606,0,4095,0.021,-0.309,0.894,-21.72,2121,-34.5,R
,160421,607,0,4095,-0.01,-0.25,1.038,-31.10,34.54,-31.09,R
,160431,605,0,3831,-0.105,-0.29,1.177,-25.65,4.08,-15.81,R
,160451,595,0,3828,-0.111,-0.25,1.378,-20.26,46.83,-11.22,R
,160461,591,0,495,-0.210,-0.310,1.444,-12.48,4.71,-3.14,R
,160471,588,0,339,-0.234,-0.221,1.478,11.14,38.36,-5.05,R
,160481,573,0,495,-0.221,-0.227,1.521,13.39,28.57,-5.93,R
,160491,573,0,3831,-0.213,-0.244,1.565,12.95,1.37,-5.83,R
,160501,574,0,4095,-0.20,-0.23,1.543,10.45,8.82,-6.68,R
,160511,567,0,326,-0.191,-0.23,1.541,2.92,5.87,-2.19,R
,160521,561,0,4095,-0.11,-0.21,1.499,0.01,5.8,1.50,R
,160531,563,0,3827,-0.160,-0.218,1.415,0.51,5.2,4.52,R
,160541,511,0,4095,-0.138,-0.26,1.382,0.74,-4.97,2.65,R
,160551,511,0,3830,-0.136,-0.27,1.314,.31,-12.86,4.39,R
,160561,511,0,4095,-0.134,-0.26,1.263,10.54,-17.92,5.62,R
,160571,511,0,3835,-0.120,-0.26,1.235,11.28,-2.11,7.0,R
,160581,511,0,495,-0.100,-0.261,1.190,10.70,-2.71,10.7,R
,160591,511,0,330,-0.086,-0.262,1.161,.29,-2326,13.62,R
,160611,505,0,3830,-0.088,-0.28,1.125,.65,-22.56,19.32,R
,160631,500,0,324,-0.088,-0.300,1.115,.60,-2370,26.71,R
,160641,511,0,495,-0.102,-0.291,1.092,8.91,-2210,30.02,R
,160651,502,0,333,-0.098,-0.298,1.098,.62,-21.21,33.03,R
,160661,500,0,4095,-0.095,-0.30,1.105,9.11,-19.44,36.05,R
,160671,524,0,325,-0.116,-0.300,1.084,.41,-2060,39.00,R
,160681,503,0,4095,-0.134,-0.30,1.094,6.54,-2034,42.1,R
,160691,495,0,3830,-0.102,-0.324,1.091,0.83,-2.42,42.87,R
,160701,503,0,4095,-0.112,-0.313,1.064,3.49,-2.35,44.11,R
,160711,503,0,3831,-0.098,-0.31,1.061,5.08,-19.99,45.73,R
,160721,504,0,4095,-0.17,-0.29,1.064,5.54,-1.11,47.91,R
,160731,506,0,337,-0.146,-0.300,1.059,2.06,-972,49.24,R
,160751,502,0,3828,-0.183,-0.329,1.096,11.14,-13.01,50.97,R
,160761,508,0,4095,-0.188,-0.32,1.095,14.99,-17.49,49.90,R
,160771,507,0,3830,-0.164,-0.34,1.084,15.00,-23.53,44.91,R
,160781,522,0,4095,-0.186,-0.35,1.083,6.61,-27.43,40.63,R
,160801,528,0,4095,-0.258,-0.344,1.053,19.99,-2.77,42.2,R
,160811,542,0,3829,-0.315,-0.34,1.053,20.76,-2.66,43.0,R
,160841,509,0,4095,-0.228,-0.380,0.915,29.78,-2.97,44.0,R
,160851,482,0,337,-0.261,-0.38,0.879,37.49,-25.52,39.99,R
,160871,444,0,329,-0.227,-0.41,0.647,7.43,-29.30,36.98,R
,160881,368,0,495,-0.199,-0.40,0.580,5.95,-2.24,37.1,R
,160901,317,0,4095,-0.096,-0.364,0.478,9.17,-2.09,27.65,R
,160921,83,0,4095,-0.102,-0.421,0.473,086,-29.3,8.04,R
,160941,54,0,4095,-0.091,-0.487,0.482,-.95,-27.98,-2.09,R
,160971,107,0,3825,-0.066,-0.45,0.514,1.70,8.68,0.62,R
,160981,229,0,4095,-0.088,-0.46,0.603,3.29,15.64,-10.3,R
,160991,279,0,3831,-0.191,-0.37,0.580,0.76,23.23,-10.29,R
,161001,354,0,4095,-0.162,-0.40,0.632,3.05,27.37,-10.07,R
,161011,417,0,3825,-0.19,-0.365,0.659,6.65,27.31,-16.18,R
,161021,418,0,4095,-0.201,-0.36,0.715,-19.27,22.24,-23.92,R
,161031,411,0,3825,-0.237,-0.385,0.787,-24.78,15.58,-28.41,R
,161041,382,0,4095,-0.245,-0.38,0.809,-22.28,11.87,-29.29,R
,161061,403,0,4095,-0.230,-0.37,0.883,-21.20,7.00,-35.35,R
,161071,402,0,3824,-0.234,-0.377,0.904,-19.29,6.71,-37.3,R
,161081,411,0,4095,-0.244,-0.36,0.889,-17.96,9.99,-34.77,R
,161091,407,0,3825,-0.227,-0.373,0.908,-14.36,1.00,-3050,R
,161101,421,0,4095,-0.209,-0.34,0.900,-12.57,19.23,-2861,R
,161111,407,0,3825,-0.181,-0.34,0.896,12.84,2.59,-31.48,R
,161121,433,0,4095,-0.151,-0.35,0.901,-13.94,22.16,-35.34,R
,161141,448,0,495,-0.193,-0.36,0.900,-20.80,2.49,-3380,R
,161151,441,0,324,-0.173,-0.34,0.894,25.75,20.80,-35.60,R
,161161,455,0,495,-0.153,-0.35,0.900,-27.64,17.69,-37.19,R
,161171,453,0,3826,-0.142,-0.37,0.939,28.84,1.05,-40.42,R
,161181,494,0,495,-0.124,-0.37,0.938,-28.02,1.98,-4372,R
,161191,528,0,3826,-0.099,-0.413,0.966,23.93,1.50,-45.37,R
,161201,511,0,4095,-0.113,-0.40,0.947,21.20,11.43,-43.55,R
,161211,539,0,3826,-0.093,-0.40,0.910,-17.82,1.54,-4019,R
,161221,566,0,4095,-0.092,-0.37,0.901,18.07,23.93,-36.06,R
,161231,563,0,3824,-0.099,-0.35,0.909,23.97,2.06,-35.42,R
,161241,544,0,495,-0.089,-0.385,0.942,-31.07,2.64,-38.58,R
,161261,559,0,4095,-0.01,-0.432,0.944,27.84,984,-48.09,R
,161271,562,0,3826,-0.034,-0.43,0.913,20.77,3.90,-50.30,R
,161281,577,0,4095,-0.004,-0.42,0.887,-15.15,372,-50.25,R
,161291,578,0,3826,-0.080,-0.376,0.860,-12.84,862,-40.36,R
,161311,577,0,3824,-0.023,-0.413,0.780,-25.03,2.73,-45.16,R
,161341,582,0,4095,-0.002,-0.34,0.874,13.96,24.21,-48.84,R
,161351,581,0,3834,-0.04,-0.292,0.928,11.88,2.34,-46.79,R
,161361,574,0,495,-0.055,-0.281,1.008,15.29,3.34,-46.48,R
,161371,572,0,3824,-0.106,-0.295,1.124,-21.62,34.08,-40.71,R
,161401,570,0,4095,-0.235,-0.29,1.436,-21.56,44.86,-2138,R
,161411,530,0,339,-0.223,-0.30,1.513,15.39,41.23,-14.65,R
,161421,528,0,4095,-0.261,-0.25,1.579,9.93,36.86,-8.82,R
,161441,511,0,4095,-0.254,-0.24,1.617,5.17,15.34,-7.37,R
,161451,507,0,3825,-0.235,-0.24,1.576,0.60,3.63,-6.88,R
,161461,506,0,4095,-0.211,-0.23,1.515,4.68,-1.87,-3.48,R
,161471,528,0,3824,-0.154,-0.257,1.420,5.22,-7.15,0.13,R
,161481,507,0,4095,-0.138,-0.24,1.356,.80,-9.9,2.91,R
,161501,509,0,495,-0.090,-0.26,1.210,0.51,-13.15,11.36,R
,161511,542,0,3824,-0.086,-0.27,1.161,1.37,-17.21,12.42,R
,161521,538,0,4095,-0.079,-0.29,1.129,1.17,-21.20,13.29,R
,161551,559,0,329,-0.084,-0.32,1.076,10.22,-27.17,24.91,R
,161561,560,0,4095,-0.066,-0.344,1.089,12.04,-2.94,26.55,R
,161571,566,0,3824,-0.05,-0.349,1.052,3.80,-2.65,27.52,R
,161591,566,0,3831,-0.00,-0.344,1.048,19.48,-2.07,34.74,R
,161601,566,0,495,-0.058,-0.33,1.034,6.83,-23.03,36.43,R
,161611,560,0,3831,-0.056,-0.323,1.035,14.04,-20.86,39.00,R
,161641,586,0,4095,-0.065,-0.353,1.077,1.75,-2.95,39.75,R
,161651,585,0,326,-0.100,-0.36,1.093,3.12,-23.23,40.92,R
,161661,588,0,495,-0.104,-0.37,1.098,4.24,-24.62,41.49,R
,161671,592,0,3824,-0.100,-0.38,1.113,17.54,-26.59,41.42,R
,161681,592,0,4095,-0.113,-0.392,1.089,20.94,-2.14,42.65,R
,161691,589,0,3825,-0.119,-0.382,1.104,2.38,-2.35,43.27,R
,161711,595,0,3835,-0.130,-0.38,1.049,22.30,-22.65,43.7,R
,161731,599,0,3824,-0.146,-0.34,1.047,8.88,-21.99,43.62,R
,161741,611,0,4095,-0.153,-0.34,1.036,3.12,-19.14,42.91,R
,161761,604,0,4095,-0.215,-0.335,1.025,22.93,-1.59,37.8,R
,161781,591,0,4095,-0.307,-0.33,1.016,20.41,-16.28,32.3,R
,161791,592,0,3826,-0.35,-0.361,0.993,6.18,-24.65,31.33,R
,161801,587,0,4095,-0.328,-0.38,0.966,9.00,-35.59,31.39,R
,161811,592,0,3824,-0.363,-0.46,0.896,3.66,-45.50,34.87,R
,161821,592,0,4095,-0.293,-0.42,0.794,39.32,-50.80,36.13,R
,161831,584,0,3835,-0.25,-0.386,0.723,7.54,-4.27,34.39,R
,161841,593,0,4095,-0.167,-0.384,0.673,34.74,-45.78,29.9,R
,161851,595,0,3827,-0.124,-0.408,0.611,1.77,-43.26,25.90,R
,161861,577,0,4095,-0.094,-0.436,0.523,35.29,-36.56,22.3,R
,161871,586,0,3822,-0.099,-0.43,0.466,3.20,-26.48,19.12,R
,161881,560,0,4095,-0.101,-0.412,0.441,7.61,-1.42,17.10,R
,161891,572,0,3825,-0.126,-0.44,0.429,23.43,-7.06,12.69,R
,161911,560,0,3823,-0.084,-0.48,0.391,.41,-1.70,-0.18,R
,161921,539,0,495,-0.109,-0.479,0.406,.19,-0.97,-1.09,R
,161931,530,0,3824,-0.092,-0.510,0.413,9.77,-2.9,-2.07,R
,161951,528,0,3819,-0.07,-0.49,0.500,0.61,5.26,-11.52,R
,161961,539,0,4095,-0.125,-0.41,0.487,7.16,19.49,-10.9,R
,161971,544,0,322,-0.112,-0.428,0.570,.25,32.16,-11.93,R
,161991,529,0,319,-0.204,-0.398,0.703,20.34,4.92,-21.89,R
,162001,545,0,4095,-0.236,-0.42,0.802,-22.30,42.63,-2465,R
,162041,558,0,495,-0.255,-0.382,0.928,-5.59,3083,-28.3,R
,162051,560,0,324,-0.220,-0.385,0.934,11.56,31.72,-28.80,R
,162081,560,0,4095,-0.188,-0.37,0.930,20.17,34.31,-29.80,R
,162091,561,0,3822,-0.193,-0.362,0.932,20.78,3.96,-33.71,R
,162101,560,0,495,-0.159,-0.402,0.966,-19.68,3.26,-42.35,R
,162111,566,0,3824,-0.14,-0.412,0.960,-15.88,2.42,-44.53,R
,162121,565,0,495,-0.166,-0.392,0.919,-14.04,2.64,-45.20,R
,162131,575,0,3826,-0.16,-0.377,0.927,-16.97,23.32,-44.68,R
,162141,581,0,4095,-0.178,-0.35,0.934,24.45,30.74,-42.39,R
,162161,574,0,4095,-0.156,-0.41,0.953,33.99,3.60,-39.87,R
,162171,583,0,329,-0.140,-0.425,0.971,-30.69,2.02,-4074,R
,162191,582,0,3824,-0.04,-0.412,0.913,-16.31,19.11,-4746,R
,162201,585,0,4095,-0.03,-0.409,0.863,-14.57,12.01,-5236,R
,162211,585,0,3821,-0.051,-0.38,0.834,16.68,9.12,-55.32,R
,162221,587,0,4095,-0.049,-0.346,0.793,-27.50,9.66,-53.6,R
,162241,592,0,495,-0.010,-0.411,0.852,-44.54,21.12,-49.03,R
,162251,597,0,3824,-0.108,-0.60,0.825,34.40,30.27,-43.60,R
,162261,601,0,4095,-0.00,-0.38,0.855,29.27,30.65,-44.27,R
,162281,599,0,4095,-0.09,-0.362,0.857,-14.39,24.24,-4729,R
,162291,641,0,3824,-0.013,-0.32,0.935,-14.25,19.17,-45.25,R
,162311,607,0,3823,-0.16,-0.230,1.119,-35.79,28.59,-45.49,R
,162321,606,0,495,-0.176,-0.265,1.264,-44.13,3.07,-32.97,R
,162341,594,0,495,-0.29,-0.331,1.534,-37.38,40.31,-1493,R
,162351,588,0,3827,-0.22,-0.301,1.604,-25.46,3.47,-6.91,R
,162361,587,0,4095,-0.20,-0.336,1.636,-18.36,30.66,-4.6,R
,162371,583,0,3825,-0.38,-0.276,1.641,-14.74,23.90,-4.7,R
,162391,625,0,331,-0.265,-0.270,1.579,-5.78,9.02,0.43,
,162401,625,0,4095,-0.239,-0.292,1.530,-1.04,3.52,1.38,
,162411,626,0,3835,-0.216,-0.306,1.459,5.48,-0.9,3.84,R
,162421,609,0,4095,-0.197,-0.29,1.375,1.02,-5.93,6.16,R
,162431,621,0,325,-0.17,-0.296,1.280,12.67,-11.21,9.42,R
,162441,592,0,4095,-0.165,-0.29,1.226,.64,-17.06,10.84,R
,162461,548,0,4095,-0.116,-0.34,1.140,0.28,-26.74,13.70,R
,162471,561,0,3828,-0.088,-0.35,1.118,3.70,-27.26,17.12,R
,162481,551,0,4095,-0.02,-0.34,1.092,14.54,-27.37,20.0,R
,162491,555,0,3826,-0.084,-0.36,1.075,7.60,-24.63,20.60,R
,162501,547,0,4095,-0.02,-0.36,1.071,9.46,-22.54,22.94,R
,162511,548,0,3825,-0.112,-0.366,1.047,22.10,-2.14,26.25,R
,162521,541,0,4095,-0.09,-0.34,1.038,4.38,-20.80,30.89,R
,162531,528,0,3824,-0.125,-0.318,1.029,1.41,-20.89,34.42,R
,162551,511,0,3829,-0.127,-0.335,1.035,5.17,-27.08,35.93,R
,162561,511,0,4095,-0.16,-0.35,1.031,3.35,-28.62,35.9,R
,162571,528,0,3825,-0.155,-0.377,1.041,5.83,-27.67,38.89,R
,162591,532,0,3824,-0.167,-0.368,1.068,12.39,-22.05,45.8,R
,162601,532,0,4095,-0.10,-0.34,1.075,3.78,-18.71,46.6,R
,162611,543,0,324,-0.215,-0.361,1.094,10.70,-2.24,46.33,R
,162621,510,0,495,-0.222,-0.377,1.083,10.35,-25.66,44.6,R
,162641,558,0,495,-0.261,-0.34,1.087,7.83,-33.14,45.20,R
,162651,567,0,3829,-0.28,-0.35,1.089,22.41,-3.81,42.71,R
,162661,581,0,4095,-0.304,-0.31,1.073,6.01,-38.77,43.10,R
,162671,596,0,3822,-0.345,-0.35,1.095,5.78,-37.93,40.81,R
,162681,624,0,4095,-0.268,-0.31,1.065,6.61,-40.65,39.06,R
,162691,637,0,3828,-0.268,-0.31,1.043,6.15,-36.01,37.68,R
,162701,645,0,495,-0.31,-0.330,1.024,27.20,-3.79,38.28,R
,162721,643,0,4095,-0.350,-0.33,0.969,29.57,-2.13,42.81,R
,162731,631,0,3819,-0.308,-0.353,0.883,9.98,-27.99,41.38,R
,162741,623,0,4095,-0.21,-0.35,0.827,1.86,-29.73,38.3,R
,162751,609,0,322,-0.20,-0.368,0.746,34.18,-32.47,38.26,R
,162761,591,0,4095,-0.291,-0.40,0.669,6.53,-36.59,37.09,R
,162771,576,0,3827,-0.234,-0.388,0.579,34.10,-3.97,33.41,R
,162781,576,0,4095,-0.18,-0.381,0.507,32.51,-38.16,30.36,R
,162801,474,0,4095,-0.14,-0.41,0.370,28.28,-33.55,23.01,R
,162811,452,0,324,-0.108,-0.427,0.425,0.86,-29.11,14.13,R
,162821,431,0,4095,-0.113,-0.450,0.349,4.44,-26.04,4.04,R
,162831,342,0,3824,-0.146,-0.46,0.342,.44,-2280,-4.53,R
,162841,432,0,4095,-0.139,-0.517,0.405,1.02,-19.64,-8.22,R
,162851,527,0,3823,-0.140,-0.51,0.382,.74,-13.21,-5.9,R
,162861,528,0,495,-0.145,-0.500,0.414,12.07,-4.42,-1.14,R
,162871,549,0,3824,-0.168,-0.523,0.518,14.48,1.90,-1.29,R
,162881,531,0,495,-0.12,-0.460,0.559,24.36,9.7,0.98,R
,162891,543,0,3824,-0.11,-0.42,0.581,27.48,2254,2.28,R
,162901,564,0,495,-0.123,-0.399,0.613,14.68,28.92,-4.47,R
,162911,565,0,3815,-0.10,-0.40,0.675,-2.37,29.05,-14.2,R
,162921,576,0,4095,-0.15,-0.422,0.739,-12.78,22.85,-21.16,R
,162931,581,0,318,-0.215,-0.430,0.798,14.62,22.79,-23.58,R
,162961,595,0,4095,-0.18,-0.42,0.915,7.44,21.11,-30.2,R
,162971,583,0,3824,-0.233,-0.40,0.927,7.88,26.57,-30.45,R
,162991,564,0,3797,-0.12,-0.37,0.943,-8.33,2989,-29.31,R
,163001,552,0,4095,-0.199,-0.36,0.963,13.14,28.73,-32.62,R
,163021,563,0,4095,-0.12,-0.394,0.997,-13.62,2.70,-44.01,R
,163031,546,0,3814,-0.152,-0.39,0.989,18.23,2.04,-49.14,R
,163051,567,0,3822,-0.166,-0.40,0.995,17.84,31.49,-43.67,R
,163061,561,0,4095,-0.150,-0.392,0.977,-19.67,33.64,-39.51,R
,163071,545,0,3823,-0.10,-0.39,0.974,21.41,35.49,-41.31,R
,163081,547,0,495,-0.15,-0.39,0.972,-23.03,30.91,-46.25,R
,163091,576,0,3823,-0.15,-0.38,0.948,-22.26,22.34,-5080,R
,163101,583,0,4095,-0.109,-0.40,0.955,23.17,11.29,-56.30,R
,163111,574,0,3823,-0.100,-0.40,0.947,23.24,3.41,-58.50,R
,163141,562,0,4095,-0.05,-0.38,0.905,28.20,1.11,-47.13,R
,163151,565,0,3803,-0.045,-0.38,0.900,28.54,19.95,-4601,R
,163161,561,0,4095,-0.00,-0.39,0.877,24.51,22.05,-45.00,R
,163171,585,0,3822,-0.05,-0.38,0.836,20.71,16.94,-46.88,R
,163211,352,0,3818,-0.02,-0.34,0.756,31.70,6.08,-54.41,R
,163231,478,0,361,-0.07,-0.44,0.868,33.44,2.12,-4459,R
,163241,313,0,495,-0.07,-0.303,1.008,-31.20,35.99,-41.61,R
,163251,375,0,322,-0.06,-0.370,1.091,-22.02,42.60,-29.25,R
,163271,407,0,3819,-0.164,-0.305,1.261,14.86,45.46,-24.79,R
,163281,439,0,4095,-0.28,-0.27,1.326,-14.69,41.99,-23.86,R
,163291,432,0,321,-0.26,-0.276,1.398,-13.72,3.25,-21.03,R
,163301,430,0,4095,-0.27,-0.23,1.473,-12.60,33.34,-18.01,R
,163311,434,0,3823,-0.29,-0.22,1.500,12.77,2.10,-15.93,R
,163321,432,0,4095,-0.258,-0.211,1.512,-11.21,22.99,-9.95,R
,163331,427,0,3818,-0.22,-0.21,1.505,9.04,18.97,-6.3,R
,163341,429,0,4095,-0.28,-0.23,1.481,8.88,11.70,-5.8,R
,163351,315,0,315,-0.22,-0.26,1.429,-4.14,2.88,-4.97,R
,163361,309,0,495,-0.12,-0.27,1.372,4.88,-4.8,-3.58,R
,163371,310,0,323,-0.13,-0.276,1.301,11.45,-9.99,-1.74,R
,163381,317,0,4095,-0.11,-0.26,1.218,4.64,-13.49,1.03,R
,163391,334,0,3814,-0.11,-0.273,1.159,3.61,-15.35,3.1,R
,163411,347,0,3822,-0.077,-0.30,1.098,2.22,-16.80,6.71,R
,163421,332,0,4095,-0.10,-0.303,1.082,12.35,-17.72,10.97,R
,163431,320,0,3818,-0.11,-0.327,1.076,12.54,-19.73,14.65,R
,163441,346,0,4095,-0.076,-0.33,1.051,3.72,-24.92,15.47,R
,163451,410,0,3813,-0.070,-0.345,1.038,13.06,-26.47,16.34,R
,163471,351,0,3820,-0.067,-0.371,1.065,10.71,-27.44,18.54,R
,163481,355,0,4095,-0.06,-0.37,1.056,12.74,-2.76,22.34,R
,163491,353,0,3815,-0.083,-0.375,1.055,6.59,-23.18,27.23,R
,163501,357,0,495,-0.00,-0.370,1.059,18.70,-19.38,30.22,R
,163521,368,0,4095,-0.094,-0.371,1.047,15.02,-20.47,30.10,R
,163531,365,0,318,-0.15,-0.36,1.068,3.83,-21.52,32.0,R
,163541,354,0,4095,-0.094,-0.362,1.059,3.49,-22.07,34.6,R
,163551,405,0,3818,-0.10,-0.35,1.075,13.41,-2.96,34.52,R
,163561,395,0,495,-0.10,-0.354,1.084,13.03,-21.79,34.20,R
,163571,398,0,3813,-0.115,-0.358,1.090,15.12,-21.69,35.00,R
,163581,394,0,4095,-0.154,-0.33,1.100,5.03,-20.88,37.90,R
,163591,407,0,3814,-0.10,-0.35,1.109,3.57,-20.34,39.3,R
,163611,474,0,3795,-0.215,-0.34,1.131,2.03,-24.04,40.7,R
,163621,482,0,4095,-0.18,-0.371,1.136,7.03,-26.57,41.75,R
,163631,496,0,3816,-0.20,-0.33,1.146,22.86,-25.75,43.38,R
,163661,540,0,495,-0.23,-0.32,1.139,1.90,-21.59,40.4,R
,163671,553,0,309,-0.39,-0.33,1.127,18.01,-2.08,39.30,R
,163681,509,0,4095,-0.310,-0.36,1.129,9.51,-25.87,38.72,R
,163701,511,0,4095,-0.270,-0.37,1.007,6.82,-37.35,38.23,R
,163711,511,0,3813,-0.20,-0.32,0.943,6.70,-39.21,37.35,R
,163731,384,0,3808,-0.29,-0.37,0.756,5.28,-41.37,39.06,R
,163741,367,0,4095,-0.232,-0.414,0.657,6.36,-39.78,36.17,R
,163751,334,0,3810,-0.165,-0.347,0.598,0.65,-40.74,31.50,R
,163761,333,0,4095,-0.105,-0.368,0.544,6.33,-41.69,27.6,R
,163771,308,0,313,-0.16,-0.34,0.575,0.09,-43.59,23.8,R
,163781,289,0,4095,-0.08,-0.38,0.409,6.09,-46.01,18.62,R
,163791,272,0,3815,-0.031,-0.40,0.397,6.85,-41.55,13.90,R
,163841,250,0,4095,0.014,-0.464,0.441,17.69,2.62,7.39,R
,163861,274,0,4095,-0.007,-0.481,0.578,6.86,5.20,-15.23,R
,163871,293,0,3813,-0.18,-0.43,0.539,3.86,11.47,-16.16,R
,163881,297,0,495,-0.09,-0.45,0.589,0.45,17.63,-12.70,R
,163901,287,0,4095,-0.103,-0.429,0.710,-15.00,27.84,-13.08,R
,163921,289,0,495,-0.19,-0.41,0.852,16.48,33.60,-1909,R
,163931,305,0,3797,-0.127,-0.450,0.913,15.90,29.57,-2477,R
,163961,304,0,4095,-0.157,-0.401,0.923,-7.50,25.40,-23.31,R
,163971,336,0,308,-0.10,-0.37,0.925,9.09,28.56,-23.40,R
,163981,304,0,495,-0.12,-0.36,0.935,17.93,27.47,-27.72,R
,163991,342,0,3815,-0.111,-0.358,0.974,-21.68,28.27,-34.85,R
,164001,329,0,4095,-0.156,-0.395,0.984,-21.17,2.38,-37.29,R
,164021,337,0,4095,-0.112,-0.405,0.992,-21.18,13.44,-45.49,R
,164031,337,0,3811,-0.15,-0.414,1.007,-17.84,13.70,-46.38,R
,164041,338,0,4095,-0.12,-0.39,0.986,18.08,14.54,-43.98,R
,164051,335,0,3814,-0.10,-0.384,0.966,-20.88,17.35,-4059,R
,164071,315,0,3822,-0.08,-0.36,0.970,27.67,2.74,-37.74,R
,164081,322,0,4095,-0.061,-0.392,0.953,-25.35,23.53,-38.01,R
,164101,321,0,4095,-0.056,-0.383,0.934,-25.90,17.86,-44.13,R
,164111,337,0,311,-0.04,-0.40,0.927,27.61,9.70,-47.5,R
,164141,351,0,4095,0.047,-0.394,0.831,-28.13,5.79,-41.26,R
,164151,343,0,3810,0.04,-0.387,0.811,-28.57,10.18,-40.15,R
,164191,400,0,312,-0.007,-0.304,1.073,-28.04,2.41,-37.87,R
,164201,418,0,4095,-0.062,-0.382,1.124,-21.04,28.89,-30.77,R
,164241,446,0,495,-0.19,-0.15,1.427,19.44,32.34,-1890,R
,164251,449,0,3809,-0.182,-0.23,1.476,18.84,31.08,-15.66,R
,164261,511,0,4095,-0.25,-0.22,1.502,14.57,2.78,-11.19,R
,164271,499,0,3815,-0.222,-0.200,1.484,10.40,20.30,-6.1,R
,164281,528,0,495,-0.12,-0.20,1.495,5.82,12.73,-4.50,R
,164291,528,0,3814,-0.192,-0.195,1.467,-5.84,5.57,-5.49,R
,164301,511,0,4095,-0.18,-0.231,1.429,-2.26,-1.73,-6.32,R
,164321,576,0,495,-0.139,-0.25,1.284,.39,-12.79,-2.5,R
,164331,579,0,313,-0.10,-0.24,1.220,9.02,-16.14,-2.27,R
,164341,577,0,495,-0.06,-0.26,1.171,0.61,-18.24,-0.65,R
,164351,581,0,3811,-0.01,-0.265,1.147,10.73,-22.11,-0.87,R
,164361,581,0,4095,-0.084,-0.282,1.119,0.16,-23.09,1.7,R
,164381,561,0,495,-0.08,-0.30,1.077,3.55,-22.16,8.84,R
,164391,575,0,3835,-0.02,-0.30,1.068,3.51,-21.35,10.95,R
,164401,579,0,4095,-0.067,-0.311,1.074,4.70,-2.06,14.98,R
,164411,571,0,3814,-0.063,-0.317,1.070,16.21,-20.83,19.3,R
,164421,576,0,4095,-0.065,-0.32,1.075,4.28,-2.80,21.81,R
,164431,567,0,3808,-0.07,-0.32,1.088,4.22,-2.56,24.39,R
,164451,576,0,3822,-0.06,-0.331,1.089,14.64,-19.78,30.04,R
,164461,577,0,4095,-0.08,-0.33,1.098,7.84,-19.09,32.77,R
,164481,579,0,495,-0.073,-0.35,1.101,5.86,-2.98,32.05,R
,164501,581,0,4095,-0.11,-0.36,1.107,4.86,-24.01,34.77,R
,164511,583,0,3819,-0.07,-0.33,1.108,6.19,-23.12,38.2,R
,164571,551,0,3808,-0.174,-0.310,1.147,15.43,-8.53,47.88,R
,164581,549,0,4095,-0.13,-0.34,1.150,4.53,-11.49,46.13,R
,164591,555,0,3814,-0.222,-0.337,1.135,17.11,-18.05,43.53,R
,164601,557,0,4095,-0.29,-0.344,1.114,18.42,-22.30,40.62,R
,164611,544,0,311,-0.277,-0.360,1.137,19.17,-27.58,38.10,R
,164621,549,0,4095,-0.349,-0.323,1.131,20.21,-34.85,35.32,R
,164631,540,0,3814,-0.44,-0.51,1.014,4.41,-45.63,42.42,R
,164641,560,0,4095,-0.202,-0.401,0.904,4.86,-50.22,38.40,R
,164651,576,0,317,-0.235,-0.49,0.803,0.57,-4.40,37.47,R
,164661,536,0,4095,-0.21,-0.406,0.749,38.19,-4.85,35.81,R
,164671,528,0,3816,-0.151,-0.389,0.655,34.36,-39.01,33.93,R
,164681,393,0,4095,-0.16,-0.39,0.553,9.25,-37.15,29.61,R
,164691,446,0,314,-0.113,-0.410,0.520,0.16,-3.05,25.5,R
,164701,419,0,4095,-0.131,-0.495,0.405,25.90,-37.52,23.03,R
,164711,445,0,3810,-0.017,-0.39,0.333,7.26,-33.56,11.20,R
,164731,375,0,3792,-0.01,-0.44,0.320,-0.55,-32.16,-4.45,R
,164741,374,0,4095,-0.03,-0.47,0.322,5.97,-3.16,-6.56,R
,164761,489,0,4095,-0.07,-0.54,0.370,5.11,-23.37,1.20,R
,164771,411,0,3810,0.00,-0.510,0.361,10.80,-9.55,4.34,
,164781,361,0,4095,-0.02,-0.48,0.393,0.30,9.8,0.87,R
,164811,547,0,3815,-0.02,-0.44,0.581,.03,32.1,-8.76,R
,164841,556,0,4082,-0.132,-0.438,0.753,-14.39,31.34,-20.35,R
,164851,558,0,3821,-0.18,-0.42,0.797,-12.07,32.57,-20.12,R
,164861,554,0,4095,-0.15,-0.41,0.827,-12.74,36.91,-20.91,R
,164871,560,0,3805,-0.19,-0.39,0.863,-13.56,45.03,-23.25,R
,164881,562,0,4095,-0.14,-0.37,0.889,-15.78,48.39,-22.88,R
,164891,567,0,3810,-0.13,-0.39,0.916,-18.02,46.33,-2499,R
,164901,567,0,4095,-0.13,-0.383,0.932,-17.53,43.26,-28.24,R
,164911,561,0,3807,-0.170,-0.390,0.964,18.07,36.94,-33.49,R
,164921,550,0,4095,-0.109,-0.368,1.001,-19.84,33.18,-39.89,R
,164931,558,0,3804,-0.157,-0.408,1.043,-19.47,32.99,-38.73,R
,164941,452,0,4095,-0.11,-0.41,0.999,19.04,3.92,-33.52,R
,164951,438,0,3807,-0.12,-0.39,1.010,18.57,3.85,-31.16,R
,164991,555,0,3814,-0.02,-0.44,1.037,13.90,34.21,-3906,R
,165001,556,0,495,-0.103,-0.420,1.017,13.18,32.76,-39.17,R
,165011,559,0,3819,-0.08,-0.41,0.983,14.52,29.67,-38.91,R
,165021,548,0,4095,-0.01,-0.39,0.945,17.52,2.24,-37.81,R
,165031,550,0,3806,-0.01,-0.39,0.914,19.36,24.89,-39.37,R
,165091,583,0,3804,0.025,-0.335,0.840,-17.32,1.89,-54.25,R
,165111,593,0,314,0.036,-0.324,1.008,-3.20,1831,-49.42,R
,165121,583,0,4095,-0.15,-0.38,1.103,26.65,34.99,-34.55,R
,165131,560,0,3812,-0.139,-0.365,1.172,28.28,50.80,-23.42,R
,165141,539,0,4095,-0.176,-0.274,1.288,-21.01,59.40,-1193,R
,165151,474,0,3813,-0.15,-0.23,1.403,11.64,58.21,-5.63,R
,165161,469,0,4095,-0.162,-0.12,1.481,4.19,52.97,-7.57,R
,165211,630,0,3810,-0.14,-0.15,1.493,-9.65,5.57,1.61,R
,165221,631,0,4093,-0.15,-0.17,1.437,6.20,5.1,5.21,R
,165231,682,0,3811,-0.16,-0.19,1.400,.59,2.28,8.84,R
,165241,672,0,4070,-0.19,-0.24,1.287,.21,-4.51,10.04,R
,165271,654,0,3809,-0.02,-0.25,1.147,1.14,-22.50,11.47,R
,165281,645,0,4077,-0.08,-0.25,1.104,.26,-22.82,13.23,R
,165301,609,0,4043,-0.06,-0.31,1.084,.92,-20.94,17.06,R
,165311,553,0,3809,-0.00,-0.34,1.082,.52,-19.43,16.05,R
,165321,551,0,4054,-0.09,-0.35,1.084,.45,-19.90,16.37,R
,165331,553,0,3815,-0.19,-0.34,1.086,8.04,-18.97,20.80,R
,165371,437,0,3799,-0.082,-0.30,1.046,3.41,-25.93,24.92,R
,165381,438,0,4063,-0.05,-0.29,1.042,3.67,-24.97,26.25,R
,165391,447,0,3811,-0.072,-0.281,1.057,21.11,-23.26,27.82,R
,165421,425,0,381,-0.112,-0.296,1.090,17.28,-15.12,33.32,R
,165441,448,0,4077,-0.164,-0.314,1.113,18.48,-18.86,36.80,R
,165451,449,0,3817,-0.142,-0.319,1.105,22.85,-21.27,38.4,R
,165461,461,0,4090,-0.18,-0.29,1.097,6.27,-2.92,41.5,R
,165471,469,0,3811,-0.11,-0.28,1.102,4.77,-22.72,40.81,R
,165481,454,0,4082,-0.151,-0.286,1.123,24.88,-21.90,38.63,R
,165491,469,0,3795,-0.171,-0.262,1.100,24.41,-21.64,38.04,R
,165501,451,0,485,-0.10,-0.26,1.122,2.28,-20.27,36.91,R
,165511,474,0,3808,-0.20,-0.28,1.144,8.51,-19.93,34.81,R
,165521,468,0,482,-0.282,-0.303,1.139,14.47,-23.38,32.89,R
,165531,462,0,3809,-0.24,-0.34,1.147,7.69,-28.62,34.89,R
,165541,465,0,4083,-0.302,-0.268,1.088,26.70,-31.90,39.64,R
,165551,471,0,3821,-0.24,-0.36,1.048,6.33,-31.61,41.62,R
,165571,511,0,3809,-0.365,-0.472,0.958,43.49,-45.98,38.37,R
,165581,539,0,4090,-0.201,-0.36,0.842,1.83,-40.63,32.54,R
,165591,554,0,3807,-0.20,-0.325,0.808,38.07,-34.83,33.26,R
,165601,580,0,4083,-0.13,-0.32,0.738,8.97,-32.54,33.15,R
,165611,611,0,3799,-0.202,-0.39,0.610,2.61,-28.04,35.49,R
,165621,576,0,4044,-0.17,-0.36,0.529,27.43,-25.59,29.88,R
,165641,457,0,462,-0.15,-0.43,0.476,0.83,-31.40,17.85,R
,165661,531,0,4080,-0.072,-0.448,0.451,6.19,-2911,15.41,R
,165691,511,0,3818,-0.006,-0.49,0.444,5.16,-1213,3.85,R
,165701,581,0,4048,-0.062,-0.464,0.450,2.99,0.05,3.30,R
,165721,624,0,460,-0.15,-0.442,0.537,-1.03,17.82,0.72,R
,165731,599,0,3820,-0.00,-0.45,0.618,2.51,24.82,1.47,R
,165741,587,0,453,-0.11,-0.42,0.631,6.55,31.03,-1.28,R
,165761,697,0,461,-0.19,-0.43,0.763,21.76,27.23,-12.67,R
,165771,695,0,3824,-0.178,-0.429,0.810,-19.93,26.34,-12.84,R
,165791,674,0,3803,-0.174,-0.423,0.886,-28.62,23.50,-18.64,R
,165811,628,0,3803,-0.166,-0.442,0.944,-26.83,2.54,-24.85,R
,165821,660,0,4051,-0.15,-0.42,0.969,20.98,27.02,-23.63,R
,165831,667,0,314,-0.12,-0.42,0.956,14.26,32.42,-20.79,R
,165851,733,0,3814,-0.137,-0.38,1.001,31.03,33.50,-28.58,R
,165861,791,0,431,-0.18,-0.38,0.990,42.74,31.47,-32.91,R
,165871,781,0,3818,-0.18,-0.42,1.036,46.43,30.10,-32.71,R
,165891,819,0,3810,-0.086,-0.442,1.076,-37.20,2.38,-31.14,R
,165911,855,0,318,-0.13,-0.41,1.065,31.23,31.29,-3558,R
,165921,893,0,4038,-0.12,-0.40,1.055,31.61,27.93,-37.45,R
,165931,912,0,3813,-0.119,-0.403,1.024,-28.91,26.45,-36.30,R
,165941,945,0,4045,-0.03,-0.40,1.003,29.55,2.97,-35.98,R
,165971,997,0,3817,-0.01,-0.36,0.860,29.72,11.98,-40.71,R
,165991,1038,0,3818,0.039,-0.372,0.770,-29.14,479,-43.46,R
,166011,1023,0,3810,0.18,-0.34,0.703,24.46,1.87,-46.47,R
,166021,1125,0,4023,0.03,-0.31,0.659,23.82,6.33,-46.21,R
,166031,1237,0,3824,0.073,-0.296,0.704,-26.57,10.68,-4348,R
,166061,1239,0,4028,-0.093,-0.256,1.166,-32.08,3.66,-3.40,R
,166071,1232,0,3815,-0.173,-0.180,1.328,-31.29,3.73,-2.11,R
,166101,1233,0,4027,-0.01,-0.12,1.768,-20.83,15.86,-4.03,R
,166111,1237,0,3815,-0.311,-0.159,1.816,-15.09,6.21,-1.60,R
,166241,1153,0,3997,-0.071,-0.328,1.079,11.02,-31.06,34.33,R
,166371,1159,0,3824,-0.85,-0.370,1.100,19.58,-31.64,5745,R
,166421,1095,0,3979,0.01,-0.50,1.107,0.54,-43.75,46.8,R
,166471,1077,0,3815,0.02,-0.637,1.021,-4.30,-43.27,34.4,R
,166481,1052,0,3981,0.008,-0.643,0.965,-5.85,-4.50,31.76,R
,166521,1048,0,3983,0.06,-0.66,0.645,-11.85,-3.21,7.2,R
,166541,1031,0,3979,0.02,-0.60,0.601,39.76,-43.95,-1.65,R
,166551,1023,0,826,0.09,-0.60,0.548,44.19,-50.27,-18.58,R
,166571,1042,0,824,0.06,-0.56,0.434,47.61,-54.83,-2.59,R
,166581,1057,0,984,0.01,-0.54,0.426,52.33,-5.32,-31.86,R
,166591,1056,0,829,0.01,-0.54,0.432,57.49,-55.05,-39.96,R
,166641,1023,0,3989,-0.75,-0.414,0.541,-51.75,-20.82,-36.07,R
,166701,992,0,3965,-0.00,-0.46,0.697,51.26,-15.63,-31.92,R
,166711,995,0,3827,-0.01,-0.45,0.674,46.66,-12.25,-30.74,R
,166721,1007,0,3967,0.00,-0.45,0.673,41.24,-8.07,-26.79,R
,166731,1009,0,3831,0.033,-0.421,0.654,-38.97,-0.48,-21.96,R
,166761,1003,0,3957,0.03,-0.45,0.732,54.14,360,-26.03,R
,166771,987,0,3835,0.079,-0.476,0.779,-55.90,-016,-29.35,R
,166781,1018,0,3939,0.10,-0.531,0.812,-46.84,-.27,-27.92,R
,166791,1023,0,3831,0.103,-0.512,0.808,-35.35,506,-20.4,R
,166811,1006,0,3824,0.16,-0.49,0.798,32.71,979,-15.5,R
,166821,979,0,3939,0.149,-0.489,0.808,-33.41,7.4,-19.63,R
,166871,879,0,3837,0.255,-0.503,0.728,-26.31,-4.36,-25.48,R
,166961,1007,0,3952,0.31,-0.49,0.831,35.26,26.21,-1993,R
,166971,1008,0,833,0.25,-0.50,0.973,34.81,44.33,-11.57,R
,166981,994,0,3920,0.157,-0.493,1.111,-8.81,53.69,-2.93,R
,167001,1104,0,957,0.02,-0.51,1.358,23.44,41.47,9.5,R
,167011,1104,0,3828,0.088,-0.531,1.475,-21.20,27.95,11.21,R
,167021,1136,0,3949,0.087,-0.519,1.543,-15.62,21.21,12.74,R
,167031,1141,0,3826,0.081,-0.529,1.566,-11.64,16.42,13.94,R
,167091,1125,0,3831,0.242,-0.583,1.132,22.44,-4.47,25.38,R
,167101,1127,0,3950,0.254,-0.578,1.064,18.04,-13.09,22.20,R
,167111,1124,0,3823,0.269,-0.619,1.023,15.63,-18.77,19.3,R
,167121,1123,0,3950,0.285,-0.59,1.002,7.41,-2.53,19.1,R
,167131,1135,0,3821,0.270,-0.609,0.970,18.25,-1.84,19.4,R
,167141,1137,0,3954,0.24,-0.59,0.969,8.56,-1.14,22.22,R
,167151,1139,0,3829,0.251,-0.592,0.953,19.81,-14.66,26.23,R
,167171,1149,0,3828,0.173,-0.573,0.954,13.92,-11.06,36.25,R
,167181,1161,0,3941,0.179,-0.585,0.963,12.53,-13.29,40.89,R
,167191,1169,0,3830,0.19,-0.56,0.946,2.86,-15.12,43.10,R
,167201,1170,0,3946,0.175,-0.585,0.951,12.97,-18.04,42.69,R
,167211,1166,0,3827,0.17,-0.58,0.946,4.10,-2.34,40.10,R
,167221,1170,0,3949,0.171,-0.589,0.936,15.00,-26.71,38.84,R
,167241,1165,0,3945,0.18,-0.562,0.926,18.96,-22.80,41.59,R
,167301,1103,0,3946,0.06,-0.61,0.974,3.43,-31.17,48.80,R
,167321,1100,0,3962,0.162,-0.461,0.911,18.24,-3.19,38.86,R
,167331,1104,0,3823,0.04,-0.59,0.896,5.60,-30.80,47.7,R
,167341,1099,0,3966,-0.11,-0.56,0.888,24.59,-28.31,46.07,R
,167361,1046,0,3966,0.026,-0.571,0.809,19.11,-26.01,39.61,R
,167371,1040,0,3826,-0.011,-0.620,0.797,16.90,-29.52,34.49,R
,167381,1019,0,941,-0.025,-0.674,0.738,23.69,-35.17,32.92,R
,167391,963,0,3825,-0.03,-0.66,0.670,9.26,-3.11,30.92,R
,167401,906,0,3941,-0.05,-0.64,0.612,4.50,-3.39,30.72,R
,167431,808,0,3824,0.016,-0.564,0.444,4.36,-14.33,32.1,R
,167481,595,0,3942,0.11,-0.649,0.273,4.09,-19.90,-0.16,R
,167531,671,0,3824,-0.03,-0.66,0.414,.98,25.61,-0.01,R
,167541,688,0,3930,-0.055,-0.616,0.515,7.32,39.31,4.45,R
,167551,737,0,3830,-0.085,-0.630,0.559,.19,44.70,8.16,
,167561,691,0,3927,-0.075,-0.601,0.600,8.44,44.08,5.71,R
,167571,718,0,3827,-0.05,-0.605,0.641,8.09,39.17,-0.87,R
,167581,766,0,3927,-0.01,-0.64,0.675,.34,30.63,-6.80,R
,167591,742,0,3821,-0.09,-0.60,0.688,.30,25.28,-11.1,R
,167601,765,0,3924,-0.01,-0.60,0.712,.24,28.62,-12.2,R
,167611,811,0,3830,-0.09,-0.58,0.742,0.30,28.71,-10.35,R
,167621,817,0,3939,-0.03,-0.59,0.799,1.62,31.46,-10.73,R
,167631,778,0,3834,-0.07,-0.59,0.836,7.07,33.87,-12.6,R
,167641,878,0,3925,-0.071,-0.59,0.821,11.30,36.94,-14.15,R
,167651,887,0,327,-0.041,-0.624,0.854,-11.30,36.07,-13.87,R
,167671,953,0,3827,-0.002,-0.66,0.829,6.66,28.42,-18.39,R
,167701,955,0,3925,0.03,-0.629,0.810,-12.10,30.79,-25.87,R
,167711,949,0,3825,0.006,-0.618,0.786,-20.78,33.06,-25.08,R
,167731,902,0,331,0.060,-0.675,0.831,-28.01,28.36,-29.98,R
,167741,945,0,326,0.074,-0.687,0.834,-25.09,28.04,-33.19,R
,167761,944,0,301,0.037,-0.659,0.822,-3.96,34.56,-34.76,R
,167811,1055,0,3835,0.139,-0.626,0.687,-30.10,20.19,-38.47,R
,167831,1122,0,3825,0.104,-0.618,0.671,-27.59,18.62,-39.40,R
,167841,1140,0,3927,0.152,-0.642,0.663,-24.33,18.82,-40.42,R
,167851,1142,0,3827,0.127,-0.594,0.661,-23.85,17.78,-41.69,R
,167861,1179,0,3925,0.16,-0.63,0.683,28.49,12.63,-41.90,R
,167871,1216,0,3829,0.09,-0.67,0.676,26.74,370,-49.6,R
,167881,1195,0,3904,0.120,-0.652,0.741,-16.55,-8.22,-57.13,R
,167891,1054,0,3829,0.13,-0.65,0.735,7.36,-21.37,-65.66,R
,167901,1083,0,3909,0.25,-0.61,0.864,5.12,-1.92,-70.96,R
,167911,1165,0,3830,0.171,-0.44,0.863,11.35,6.01,-71.29,R
,167921,1196,0,3917,0.10,-0.41,1.083,28.40,26.59,-5903,R
,167931,1163,0,827,0.079,-0.453,1.251,41.10,39.78,-46.97,R
,167961,1158,0,3917,-0.76,-0.584,1.742,-19.97,35.84,-9.61,R
,167971,1166,0,835,-0.004,-0.499,1.747,-11.59,17.58,-12.55,R
,167981,1164,0,898,0.051,-0.448,1.744,-5.78,6.79,-13.19,R
,167991,1165,0,3825,0.07,-0.42,1.702,1.97,4.27,-8.21,R
,168001,1162,0,3918,0.06,-0.42,1.625,.08,5.4,2.66,R
,168011,1165,0,3839,0.11,-0.38,1.521,.38,9.57,14.92,
,168021,1162,0,3920,0.163,-0.455,1.308,6.85,5.96,23.00,R
,168031,1142,0,827,0.143,-0.479,1.291,3.03,-3.52,22.05,R
,168041,1122,0,3919,0.03,-0.51,1.209,.76,-8.1,25.32,R
,168051,1119,0,3840,0.10,-0.54,1.168,3.80,-15.06,28.65,R
,168061,1121,0,3920,0.10,-0.51,1.135,8.03,-21.15,27.87,R
,168071,1117,0,833,0.148,-0.528,1.054,19.63,-26.71,28.10,R
,168081,1125,0,3917,0.16,-0.55,1.023,9.89,-3.87,27.38,R
,168091,1119,0,3823,0.15,-0.55,0.990,9.95,-28.21,28.5,R
,168101,1115,0,3915,0.13,-0.56,1.010,9.70,-23.03,32.86,R
,168111,1104,0,3838,0.16,-0.55,0.994,1.38,-1.93,40.26,R
,168121,1100,0,3910,0.113,-0.555,0.997,17.06,-16.69,46.9,R
,168131,1093,0,3834,0.093,-0.570,1.000,9.57,-20.45,48.46,R
,168141,1077,0,3921,0.08,-0.60,1.003,.32,-28.88,48.43,R
,168151,1074,0,3824,0.098,-0.635,0.999,7.11,-36.79,46.37,R
,168161,1059,0,3907,0.105,-0.666,1.006,9.80,-41.43,44.36,R
,168171,1071,0,3833,0.19,-0.67,1.013,5.72,-4.49,41.42,R
,168181,1061,0,897,0.10,-0.66,1.001,0.68,-4.94,39.0,R
,168191,1056,0,3840,0.12,-0.65,1.025,1.77,-35.20,39.82,R
,168201,1051,0,3909,0.18,-0.65,1.011,9.93,-29.70,40.39,R
,168211,1046,0,3839,0.085,-0.651,1.008,17.70,-26.85,41.36,R
,168221,1008,0,3903,0.02,-0.63,1.019,1.60,-27.56,44.83,R
,168301,993,0,3895,0.098,-0.807,0.767,9.69,-39.81,19.24,R
,168321,949,0,3911,0.132,-0.821,0.657,-10.55,-40.51,4.77,R
,168361,905,0,397,0.065,-0.839,0.494,-36.02,-65.58,-31.35,R
,168371,916,0,3853,0.088,-0.837,0.463,-30.37,-72.83,-3645,R
,168391,925,0,3851,0.112,-0.757,0.383,-17.70,-71.69,-3624,R
,168421,931,0,389,0.089,-0.625,0.308,-36.08,-41.14,-41.13,R
,168461,910,0,3897,-0.08,-0.57,0.440,40.57,-42.72,-52.45,R
,168471,935,0,3847,-0.023,-0.565,0.409,-35.27,-38.82,-43.34,R
,168561,941,0,3900,0.11,-0.557,0.528,-24.78,-5.73,-20.06,R
,168571,947,0,3854,0.113,-0.552,0.517,-6.81,-5.05,-17.31,R
,168591,956,0,3843,0.14,-0.561,0.552,-28.68,18.54,-2.7,R
,168601,955,0,3887,0.19,-0.601,0.583,-24.86,29.61,-1.02,R
,168611,912,0,3851,0.205,-0.593,0.582,-9.35,33.18,-1.89,R
,168621,931,0,3885,0.205,-0.615,0.575,-16.10,30.25,-3.71,R
,168631,946,0,3855,0.237,-0.609,0.572,-15.56,22.07,-7.8,R
,168641,960,0,3893,0.276,-0.628,0.580,-19.50,13.32,-14.41,R
,168661,1023,0,877,0.35,-0.63,0.543,25.46,8.36,-14.87,R
,168681,1066,0,3891,0.372,-0.714,0.573,-23.33,22.53,-1395,R
,168691,1059,0,3856,0.34,-0.72,0.579,18.22,29.60,-15.19,R
,168701,1068,0,3886,0.39,-0.71,0.581,15.88,31.02,-18.65,R
,168721,1070,0,3887,0.39,-0.736,0.592,-13.97,17.29,-3128,R
,168731,1071,0,3856,0.33,-0.71,0.593,-13.10,16.65,-3343,R
,168741,1070,0,3888,0.368,-0.70,0.595,13.65,19.81,-31.51,R
,168751,1072,0,3851,0.34,-0.68,0.569,14.37,29.53,-28.59,R
,168761,1066,0,3872,0.369,-0.646,0.604,21.07,39.92,-23.84,R
,168771,1020,0,851,0.39,-0.61,0.622,25.30,44.25,-25.00,R
,168781,1040,0,3886,0.34,-0.67,0.701,23.82,4.15,-2664,R
,168791,1051,0,3851,0.39,-0.68,0.742,18.72,3.58,-32.53,R
,168831,1070,0,3855,0.307,-0.574,0.931,-21.36,3.21,-3845,R
,168851,1059,0,3842,0.23,-0.63,1.198,29.99,4.14,-17.05,R
,168861,1058,0,3884,0.269,-0.660,1.299,-23.39,36.45,-12.50,R
,168881,1072,0,3878,0.272,-0.638,1.415,-8.46,19.92,-12.06,R
,168891,1105,0,3851,0.29,-0.63,1.424,3.87,1442,-10.1,R
,168911,1143,0,3867,0.20,-0.63,1.371,1.45,8.50,0.86,R
,168921,1128,0,3888,0.308,-0.629,1.309,5.05,4.68,5.27,R
,168931,1147,0,3876,0.32,-0.60,1.124,7.96,3.93,9.91,R
,168951,1157,0,876,0.37,-0.62,1.023,8.77,-9.52,7.91,R
,168971,1104,0,3865,0.37,-0.60,0.960,4.73,-13.63,11.36,R
,168981,1091,0,3886,0.345,-0.610,0.920,24.22,-15.18,14.83,R
,168991,1103,0,3869,0.337,-0.605,0.920,1.43,-21.69,17.93,R
,169001,1103,0,879,0.32,-0.62,0.905,2.15,-27.43,20.05,R
,169011,1107,0,3869,0.332,-0.603,0.881,22.39,-26.19,23.12,R
,169031,1108,0,3863,0.330,-0.606,0.872,1.90,-26.24,29.06,R
,169041,1116,0,3886,0.37,-0.61,0.855,1.80,-28.48,30.42,R
,169051,1104,0,3868,0.319,-0.629,0.843,21.49,-3.57,30.4,R
,169061,1063,0,884,0.33,-0.62,0.840,1.86,-36.21,31.79,R
,169081,1037,0,3890,0.327,-0.611,0.855,19.52,-3.20,33.38,R
,169091,1040,0,3867,0.310,-0.617,0.852,20.06,-38.14,33.10,R
,169101,1033,0,3881,0.335,-0.632,0.856,21.66,-37.05,35.30,R
,169121,1066,0,3885,0.258,-0.589,0.891,15.83,-2.47,40.62,R
,169131,1072,0,3871,0.22,-0.64,0.916,6.83,-2.35,41.97,R
,169141,1075,0,3887,0.17,-0.64,0.909,8.67,-32.16,42.65,R
,169151,1054,0,3871,0.206,-0.648,0.926,21.40,-37.47,41.18,R
,169161,1068,0,3888,0.193,-0.660,0.935,6.65,-45.15,36.74,R
,169211,1003,0,3856,0.173,-0.680,0.808,32.13,-4.36,36.80,R
,169241,925,0,3889,0.12,-0.679,0.664,35.25,-3024,35.42,R
,169251,960,0,3879,0.131,-0.682,0.619,35.48,-34.37,33.76,R
,169271,965,0,3865,0.16,-0.666,0.466,34.68,-4193,32.71,R
,169281,986,0,3880,0.227,-0.643,0.400,35.70,-45.98,30.10,R
,169351,887,0,3873,0.237,-0.778,0.212,8.76,-1.89,23.96,
,169421,975,0,3889,0.231,-0.823,0.435,11.12,19.24,3.26,R
,169431,998,0,3873,0.235,-0.784,0.432,120,30.77,-2.74,R
,169461,955,0,3888,0.165,-0.817,0.573,-18.17,23.20,-15.7,R
,169471,965,0,3878,0.199,-0.787,0.613,-19.15,18.27,-20.58,R
,169481,951,0,3888,0.192,-0.821,0.634,-14.48,23.37,-24.56,R
,169491,956,0,3889,0.204,-0.797,0.667,-4.37,23.66,-24.58,R
,169561,1009,0,875,0.220,-0.743,0.721,-18.43,3.56,-29.49,R
,169581,1022,0,3874,0.222,-0.718,0.729,-20.40,29.38,-31.42,R
,169591,1019,0,3892,0.241,-0.705,0.722,-23.49,26.02,-33.64,R
,169601,1023,0,879,0.25,-0.70,0.739,26.37,21.61,-33.75,R
,169641,995,0,3877,0.294,-0.706,0.747,-24.37,3002,-36.19,R
,169671,1019,0,3905,0.38,-0.67,0.698,24.37,13.98,-39.00,R
,169681,1023,0,3873,0.349,-0.66,0.686,25.35,4.82,-42.79,R
,169701,1005,0,3868,0.42,-0.64,0.631,-27.79,4.74,-47.2,R
,169711,1033,0,3919,0.35,-0.60,0.589,33.29,11.57,-43.28,R
,169721,1022,0,3872,0.49,-0.53,0.614,37.67,13.82,-41.13,R
,169731,1018,0,3920,0.377,-0.601,0.627,-35.50,14.70,-39.20,R
,169771,1019,0,3904,0.44,-0.50,0.769,26.75,21.87,-5256,R
,169781,1019,0,3866,0.304,-0.499,0.825,-33.53,36.53,-43.92,R
,169791,1015,0,3912,0.256,-0.515,0.977,-37.53,4.92,-33.57,R
,169801,1091,0,870,0.22,-0.52,1.150,-38.23,3.65,-1949,R
,169841,1221,0,861,0.29,-0.50,1.483,9.24,13.82,-3.51,R
,169861,1250,0,3859,0.28,-0.52,1.448,0.32,5.31,5.36,R
,169871,1229,0,3942,0.301,-0.471,1.267,14.01,10.53,15.3,R
,169881,1200,0,3863,0.38,-0.49,1.148,4.82,4.21,19.00,R
,169891,1211,0,3943,0.36,-0.51,1.102,.56,-4.92,19.79,R
,169901,1188,0,3858,0.409,-0.589,1.041,13.70,-1.47,22.37,R
,169911,1185,0,953,0.44,-0.55,1.059,20.64,-1.62,22.28,R
,169921,1168,0,3856,0.403,-0.577,0.948,26.80,-9.85,25.35,R
,169931,1146,0,941,0.30,-0.55,0.940,9.02,-11.23,26.65,R
,169941,1130,0,3865,0.395,-0.569,0.878,25.64,-14.04,30.00,R
,169951,1075,0,3952,0.33,-0.56,0.897,0.09,-19.50,30.5,R
,169961,1055,0,3853,0.382,-0.601,0.880,17.23,-23.55,32.02,R
,170021,950,0,3854,0.334,-0.637,0.867,24.57,-20.24,48.5,R
,170041,946,0,3859,0.366,-0.560,0.881,15.64,-2529,42.45,R
,170051,960,0,3933,0.315,-0.661,0.887,12.99,-3341,46.05,R
,170071,993,0,3930,0.293,-0.696,0.895,10.93,-4013,44.02,R
,170101,1030,0,3865,0.338,-0.783,0.905,19.40,-43.52,42.34,R
,170111,1023,0,3953,0.39,-0.80,0.897,20.53,-3.61,43.15,R
,170121,1007,0,3859,0.319,-0.824,0.870,18.68,-3.42,44.28,R
,170141,1009,0,3856,0.349,-0.896,0.826,12.35,-33.27,39.88,R
,170161,1019,0,3843,0.35,-0.95,0.761,.41,-40.51,27.99,R
,170171,1042,0,3967,0.341,-0.978,0.724,-0.88,-44.88,20.42,R
,170191,1021,0,961,0.327,-1.000,0.621,-8.16,-53.59,2.02,R
,170201,1039,0,3856,0.327,-0.984,0.568,11.93,-56.83,-4.80,R
,170211,1036,0,3970,0.291,-0.96,0.525,15.38,-58.80,-1.73,R
,170241,1069,0,3863,0.28,-0.91,0.366,26.78,-60.82,-29.02,R
,170251,1070,0,3983,0.272,-0.871,0.311,-28.98,-59.09,-31.64,R
,170261,1050,0,3856,0.246,-0.83,0.264,30.37,-54.89,-32.44,R
,170281,1040,0,3863,0.24,-0.75,0.245,34.59,-45.73,-36.61,R
,170291,1040,0,3985,0.198,-0.743,0.224,-39.00,-2.01,-3.06,R
,170301,1034,0,3855,0.12,-0.70,0.221,42.49,-39.41,-37.72,R
,170341,1035,0,3839,0.114,-0.581,0.350,-40.43,-2.54,-2.32,R
,170351,1045,0,3967,0.05,-0.58,0.282,37.96,-14.48,-21.63,R
,170371,1050,0,4015,0.14,-0.56,0.317,53.90,-16.16,-25.26,R
,170381,1041,0,3845,0.14,-0.59,0.343,59.94,-29.85,-26.35,R
,170391,1051,0,3997,0.17,-0.622,0.367,-59.79,-37.05,-25.13,R
,170401,1067,0,3845,0.203,-0.670,0.360,-53.14,-7.06,-1.25,R
,170421,1072,0,3853,0.282,-0.677,0.394,-30.52,-3.06,-8.64,R
,170431,1070,0,3989,0.25,-0.65,0.371,21.64,7.99,-2.82,R
,170441,1078,0,3852,0.254,-0.593,0.333,20.57,2.25,2.77,R
,170461,1035,0,3856,0.280,-0.669,0.378,-25.84,27.49,1.75,R
,170471,1040,0,3995,0.315,-0.63,0.380,36.25,1.40,-4.0,R
,170481,1040,0,3850,0.33,-0.699,0.439,-41.44,3.99,-10.99,R
,170491,1055,0,3997,0.396,-0.78,0.462,36.34,-4.25,-15.40,R
,170501,1047,0,3856,0.36,-0.73,0.426,32.95,474,-13.42,R
,170511,1057,0,3987,0.400,-0.746,0.510,-29.62,19.50,-10.94,R
,170521,1056,0,3851,0.31,-0.75,0.488,21.03,35.03,-4.2,R
,170531,1061,0,3999,0.37,-0.73,0.471,20.42,4.31,0.8,R
,170541,1058,0,3850,0.31,-0.75,0.499,21.01,4.17,-0.8,R
,170551,1056,0,3974,0.35,-0.74,0.490,23.82,4.96,-3.55,R
,170561,1058,0,3853,0.40,-0.767,0.500,-22.05,33.23,-10.90,R
,170571,1062,0,994,0.434,-0.776,0.501,-19.85,22.37,-17.23,R
,170581,1070,0,3855,0.448,-0.763,0.489,-20.20,18.16,-21.45,R
,170601,1068,0,3855,0.41,-0.73,0.461,-24.11,20.25,-21.49,R
,170611,1068,0,3998,0.500,-0.753,0.467,-22.81,20.45,-21.78,R
,170621,1069,0,3849,0.51,-0.78,0.484,26.48,2.84,-1960,R
,170631,1061,0,979,0.533,-0.761,0.459,-20.42,22.65,-23.93,R
,170641,1053,0,3856,0.55,-0.73,0.467,18.10,26.37,-27.16,R
,170651,1053,0,3987,0.522,-0.712,0.481,-17.93,28.47,-30.82,R
,170671,1057,0,3984,0.55,-0.685,0.531,-18.16,2.78,-34.04,R
,170701,1075,0,3856,0.50,-0.71,0.660,20.46,2.70,-3154,R
,170711,1073,0,3983,0.518,-0.687,0.745,-20.94,3.76,-27.48,R
,170741,1285,0,3858,0.49,-0.66,1.072,14.60,35.43,-15.77,R
,170751,1295,0,3998,0.37,-0.68,1.159,9.03,23.20,-15.3,R
,170761,1299,0,3853,0.434,-0.694,1.221,-9.75,15.28,-11.25,R
,170771,1299,0,3985,0.396,-0.695,1.208,-1.59,10.45,-6.90,R
,170781,1296,0,3855,0.49,-0.69,1.217,.61,3.75,-1.95,
,170801,1295,0,3856,0.56,-0.63,0.954,5.26,0.1,4.23,
,170821,1277,0,3856,0.460,-0.653,0.844,1.86,-912,6.92,R
,170831,1296,0,4011,0.478,-0.683,0.814,16.62,-12.54,13.18,R
,170841,1280,0,3855,0.52,-0.67,0.790,9.17,-17.93,11.52,R
,170861,1263,0,3846,0.58,-0.653,0.676,24.99,-20.27,13.88,R
,170871,1260,0,4036,0.50,-0.65,0.635,1.45,-20.53,16.87,R
,170881,1264,0,850,0.500,-0.651,0.650,19.67,-20.89,19.10,R
,170891,1271,0,4016,0.47,-0.65,0.635,1.32,-20.31,23.38,R
,170911,1254,0,4021,0.497,-0.656,0.652,14.24,-23.06,30.87,R
,170921,1266,0,3847,0.47,-0.67,0.639,0.83,-24.86,32.80,R
,170931,1274,0,4038,0.41,-0.69,0.672,1.29,-26.68,32.86,R
,170941,1265,0,3849,0.41,-0.69,0.664,6.79,-28.27,35.5,R
,170951,1251,0,4031,0.46,-0.70,0.699,0.44,-26.21,36.81,R
,170961,1279,0,3838,0.43,-0.68,0.677,4.06,-2.34,37.09,R
,170971,1277,0,007,0.498,-0.612,0.682,19.17,-21.20,32.60,R
,170981,1258,0,3847,0.44,-0.68,0.699,9.29,-25.66,38.9,R
,170991,1250,0,4028,0.46,-0.71,0.730,8.39,-29.93,38.4,R
,171031,1211,0,4032,0.386,-0.756,0.771,5.81,-4.02,37.5,R
,171041,1200,0,3846,0.34,-0.80,0.802,3.12,-41.89,35.07,R
,171051,1232,0,4048,0.362,-0.779,0.755,1.11,-3.56,34.78,R
,171071,1166,0,4031,0.307,-0.803,0.717,23.72,-28.91,39.53,R
,171101,1195,0,3852,0.20,-0.78,0.561,11.20,-27.30,36.23,R
,171111,1166,0,049,0.24,-0.80,0.527,.63,-31.32,33.5,R
,171121,1104,0,3839,0.21,-0.81,0.434,5.34,-35.99,28.91,R
,171141,1050,0,3843,0.27,-0.82,0.287,.70,-48.89,18.39,R
,171151,1008,0,4029,0.234,-0.858,0.233,9.51,-54.86,14.63,R
,171161,1021,0,3856,0.282,-0.860,0.177,17.19,-56.56,12.75,R
,171191,1013,0,4036,0.32,-0.846,0.003,29.78,-32.47,14.54,R
,171221,1011,0,3853,0.38,-0.802,-0.083,21.55,1.82,17.10,R
,171231,1010,0,4060,0.395,-0.817,-0.030,21.58,8.13,10.17,R
,171261,944,0,3843,0.349,-0.879,0.076,3.16,1.67,-10.07,R
,171291,935,0,4043,0.307,-0.768,0.144,16.94,25.09,3.97,R
,171301,1051,0,3850,0.382,-0.779,0.284,5.78,35.82,-3.25,R
,171311,1057,0,4047,0.319,-0.744,0.274,-6.16,41.73,-5.64,R
,171321,1040,0,3840,0.28,-0.795,0.356,-10.91,36.80,-6.53,R
,171421,1063,0,3844,0.30,-0.805,0.549,-16.51,2.96,-1574,R
,171431,1058,0,4047,0.38,-0.83,0.564,19.03,16.91,-19.55,R
,171441,1079,0,3847,0.33,-0.83,0.555,-23.49,12.56,-23.61,R
,171461,1194,0,3845,0.35,-0.83,0.568,22.36,24.85,-2109,R
,171471,1239,0,4079,0.335,-0.854,0.584,-18.40,30.51,-18.29,R
,171481,1244,0,3849,0.367,-0.861,0.589,-12.98,34.18,-17.51,R
,171491,1248,0,055,0.36,-0.81,0.552,14.28,33.73,-1734,R
,171501,1274,0,3856,0.39,-0.82,0.553,16.31,27.00,-2085,R
,171511,1271,0,4072,0.34,-0.84,0.542,-18.05,1.60,-2590,R
,171521,1281,0,842,0.46,-0.84,0.531,20.49,731,-30.3,R
,171531,1294,0,4087,0.42,-0.84,0.508,23.21,384,-33.6,R
,171541,1296,0,3853,0.413,-0.833,0.485,-25.32,6.48,-32.09,R
,171551,1302,0,4070,0.423,-0.844,0.498,-28.16,10.70,-32.82,R
,171561,1339,0,842,0.42,-0.85,0.482,28.89,1.99,-34.32,R
,171571,1329,0,4032,0.426,-0.862,0.476,-27.24,15.73,-36.13,R
,171591,1332,0,4064,0.48,-0.86,0.451,29.10,16.76,-3607,R
,171601,1361,0,854,0.44,-0.85,0.456,30.97,15.44,-39.08,R
,171611,1375,0,079,0.45,-0.84,0.445,32.40,1.76,-44.27,R
,171621,1379,0,3842,0.46,-0.86,0.438,34.45,11.96,-46.77,R
,171641,1385,0,846,0.43,-0.85,0.454,32.80,929,-50.6,R
,171661,1437,0,3856,0.58,-0.91,0.443,38.07,2.63,-46.96,R
,171671,1495,0,4095,0.519,-0.853,0.408,-43.36,35.50,-50.44,R
,171681,1525,0,3843,0.560,-0.85,0.465,-42.30,4.17,-49.03,R
,171691,1603,0,4065,0.497,-0.835,0.485,-38.20,54.53,-46.51,R
,171701,1637,0,3834,0.490,-0.81,0.549,34.86,56.73,-4766,R
,171711,1631,0,4070,0.454,-0.816,0.553,-30.84,53.84,-51.08,R
,171721,1627,0,3850,0.451,-0.805,0.594,-30.37,44.42,-54.36,R
,171731,1580,0,053,0.49,-0.75,0.634,-27.96,40.36,-53.11,R
,171741,1584,0,3847,0.495,-0.731,0.675,-25.20,39.06,-51.06,R
,171751,1571,0,4032,0.40,-0.64,0.704,22.28,46.66,-44.01,R
,171761,1526,0,842,0.44,-0.63,0.775,20.05,60.45,-33.49,R
,171771,1495,0,4060,0.423,-0.592,0.851,-10.86,71.15,-21.80,R
,171781,1468,0,3842,0.43,-0.52,0.958,.66,77.1,-18.45,R
,171791,1446,0,4090,0.33,-0.47,1.059,3.78,7534,-18.47,R
,171801,1392,0,3826,0.354,-0.408,1.157,25.64,70.45,-19.77,R
,171811,1313,0,4057,0.33,-0.33,1.239,4.80,5946,-18.5,R
,171821,1241,0,3837,0.25,-0.27,1.342,39.02,46.44,-11.95,R
,171841,1178,0,3839,0.22,-0.24,1.516,38.09,30.48,13.21,R
,171851,1146,0,4071,0.316,-0.298,1.594,5.57,2268,24.4,R
,171861,1111,0,838,0.29,-0.28,1.620,0.10,1470,32.04,R
,171871,1109,0,4071,0.31,-0.30,1.622,8.03,8.6,37.64,R
,171881,1074,0,3847,0.35,-0.30,1.575,5.89,1.6,40.77,R
,171891,1191,0,4095,0.385,-0.332,1.533,109.96,-0.01,45.30,R
,171901,1190,0,3847,0.334,-0.331,1.439,110.73,0.07,51.65,R
,171911,1119,0,4095,0.36,-0.50,1.353,12.79,001,59.3,R
,171931,1043,0,4095,0.344,-0.474,1.190,113.72,5.31,77.99,R
,171961,1015,0,3849,0.44,-0.633,0.956,98.94,15.00,92.89,R
,171971,1008,0,095,0.32,-0.70,0.854,1.28,1618,93.6,R
,172001,851,0,3855,0.296,-0.838,0.764,57.38,-5.06,108.05,R
,172051,1007,0,4095,0.35,-0.856,0.491,30.42,-43.35,89.78,R
,172091,1005,0,3945,0.309,-0.836,0.402,20.68,-55.01,75.62,R
,172101,1019,0,3837,0.240,-0.884,0.443,40.50,-56.10,80.51,R
,172121,1041,0,3840,0.28,-0.77,0.457,31.54,-33.82,69.00,R
,172131,1050,0,095,0.13,-0.78,0.458,2.51,-2.98,66.02,R
,172151,1055,0,4095,0.130,-0.792,0.501,-1.73,-28.56,58.26,R
,172161,1083,0,3836,0.119,-0.783,0.540,-5.67,-35.08,50.20,R
,172171,1154,0,4095,0.11,-0.794,0.569,-7.52,-41.46,44.74,R
,172201,1023,0,3838,0.131,-0.755,0.539,1.40,-51.53,43.70,R
,172211,1045,0,4095,0.15,-0.75,0.541,1.32,-4402,43.09,R
,172231,1054,0,4095,0.18,-0.70,0.536,-6.54,-27.64,43.82,R
,172241,1056,0,3835,0.102,-0.714,0.546,-8.75,-22.80,45.45,R
,172251,1044,0,4095,0.112,-0.726,0.565,-11.38,-21.90,44.05,R
,172261,1046,0,3838,0.18,-0.73,0.588,-8.19,-25.14,41.67,R
,172291,994,0,4095,0.169,-0.712,0.585,-10.10,-28.80,32.89,R
,172301,1054,0,3830,0.157,-0.705,0.586,-16.25,-26.19,31.70,R
,172311,1053,0,4095,0.13,-0.72,0.594,17.72,-23.29,33.75,R
,172331,1002,0,4095,0.187,-0.738,0.587,-11.49,-5.90,33.01,R
,172341,995,0,3835,0.189,-0.725,0.586,-11.88,-12.47,29.53,R
,172351,995,0,4095,0.193,-0.719,0.583,-12.05,-11.23,25.13,R
,172401,939,0,3840,0.207,-0.737,0.622,-20.92,-2.95,8.5,R
,172421,917,0,3825,0.214,-0.734,0.614,-1.38,-11.18,13.13,R
,172441,944,0,3826,0.198,-0.711,0.613,-0.36,-2.88,9.01,R
,172491,962,0,4095,0.156,-0.669,0.636,-18.08,-2.08,-6.90,R
,172551,927,0,4095,0.172,-0.714,0.531,-9.20,-4.86,2.46,R
,172581,857,0,3824,0.229,-0.820,0.519,-31.87,-19.26,-15.46,R
,172621,887,0,3831,0.305,-1.069,0.436,-5.59,-2.52,-3809,R
,172661,923,0,3833,0.20,-0.808,0.424,6.06,44.79,0.54,R
,172701,869,0,335,0.21,-0.765,0.425,-31.93,37.70,-29.26,R
,172711,878,0,4095,0.204,-0.822,0.459,-54.92,19.76,-38.76,R
,172831,944,0,4095,0.258,-0.768,0.487,-45.64,17.03,-29.84,R
,172841,947,0,3831,0.292,-0.788,0.498,-53.55,3.57,-35.95,R
,172851,944,0,4095,0.347,-0.838,0.514,-52.19,-9.40,-42.30,R
,172891,934,0,4095,0.361,-0.736,0.430,-20.45,39.76,-14.84,R
,172901,940,0,3834,0.339,-0.710,0.446,-19.88,55.06,-8.70,R
,172921,995,0,3829,0.388,-0.728,0.530,-5.64,57.31,-17.46,R
,172951,1006,0,4095,0.362,-0.81,0.766,-37.47,12.77,-28.85,R
,172971,1012,0,4095,0.31,-0.74,0.968,-13.82,37.37,-16.41,R
,172981,1072,0,3828,0.286,-0.73,1.078,-5.78,59.05,-3.92,R
,172991,1039,0,4095,0.22,-0.69,1.136,0.36,70.21,5.52,R
,173001,1040,0,831,0.24,-0.65,1.174,1.51,65.46,14.04,R
,173021,1041,0,3831,0.315,-0.65,1.299,-11.06,13.32,9.10,R
,173031,1008,0,4095,0.344,-0.69,1.342,-23.32,-14.28,-4.64,R
,173041,1040,0,3826,0.394,-0.765,1.336,-17.03,-3.09,-1.62,R
,173051,1035,0,4095,0.418,-0.70,1.334,-0.55,-29.44,-4.47,R
,173061,1050,0,834,0.43,-0.78,1.261,16.99,-19.32,-1.57,R
,173071,1061,0,4095,0.49,-0.69,1.024,18.96,0.79,11.99,R
,173081,1040,0,3829,0.430,-0.727,1.033,8.71,1.82,15.44,R
,173101,1021,0,3827,0.390,-0.73,0.927,17.49,-11.06,19.18,R
,173111,1023,0,095,0.32,-0.71,0.860,11.45,-25.12,16.57,R
,173121,1022,0,825,0.42,-0.73,0.877,9.60,-40.51,9.52,R
,173131,1001,0,4095,0.385,-0.74,0.811,10.28,-45.44,9.76,R
,173151,1015,0,095,0.33,-0.74,0.754,16.51,-38.24,19.07,R
,173161,1023,0,3834,0.378,-0.73,0.731,13.92,-31.06,23.18,R
,173171,1017,0,095,0.34,-0.72,0.720,13.72,-30.57,25.71,R
,173181,1022,0,814,0.35,-0.75,0.716,11.69,-32.69,26.7,R
,173191,1033,0,4095,0.353,-0.730,0.716,13.98,-36.54,26.1,R
,173201,1023,0,3827,0.306,-0.743,0.711,1.09,-38.66,28.04,R
,173221,1023,0,3827,0.257,-0.748,0.721,1.45,-43.78,28.55,R
,173241,1054,0,3824,0.238,-0.740,0.692,15.40,-4.21,31.3,R
,173261,1021,0,3823,0.26,-0.76,0.660,15.14,-47.23,28.80,R
,173281,1047,0,3827,0.200,-0.777,0.635,18.56,-49.78,29.96,R
,173291,1040,0,4095,0.219,-0.796,0.643,23.09,-51.50,28.26,R
,173391,937,0,4095,0.138,-0.841,0.385,22.73,-5289,24.1,R
,173461,853,0,3814,0.219,-0.893,0.103,7.16,-24.43,11.58,R
,173471,858,0,4095,0.212,-0.910,0.092,1.63,-5.37,16.17,R
,173561,748,0,331,0.19,-0.926,0.201,-22.43,31.40,-12.65,R
,173671,758,0,4095,0.112,-0.891,0.385,-38.55,70.56,-32.29,R
,173701,818,0,3825,0.121,-0.861,0.425,-24.08,71.53,-41.64,R
,173711,831,0,4095,0.124,-0.835,0.428,-4.63,6572,-47.7,R
,173731,823,0,495,0.131,-0.802,0.390,-35.35,4642,-57.3,R
,173741,845,0,3826,0.111,-0.775,0.375,-37.64,40.66,-59.67,R
,173751,861,0,4095,0.134,-0.768,0.388,-37.38,37.73,-60.44,R
,173771,882,0,4095,0.155,-0.733,0.407,-4.88,4068,-64.21,R
,173841,909,0,324,0.103,-0.418,0.510,5.06,85.69,-41.46,R
,173851,897,0,495,0.067,-0.376,0.605,702,87.20,-30.12,R
,173951,938,0,4095,0.324,-0.564,1.383,57.77,67.69,37.75,R
,173981,855,0,3823,0.459,-0.770,1.275,59.64,48.51,45.58,R
,174011,881,0,495,0.480,-0.933,1.184,50.64,29.78,42.77,R
,174031,843,0,4095,0.488,-0.997,1.127,5.76,15.3,36.49,R
,174141,843,0,328,0.22,-0.781,0.955,3.57,-2755,34.2,R
,174171,786,0,495,0.19,-0.697,0.913,21.57,-38.54,36.62,R
,174181,781,0,3824,0.180,-0.689,0.914,15.92,-46.51,34.60,R
,174191,846,0,4095,0.182,-0.688,0.922,1.02,-51.92,34.84,R
,174221,939,0,3828,0.111,-0.651,0.952,11.00,-44.42,39.29,R
,174271,929,0,4095,0.026,-0.638,0.922,1.64,-60.47,42.23,R
,174281,914,0,3822,-0.059,-0.696,0.922,27.75,-63.98,47.21,R
,174301,923,0,3824,-0.017,-0.657,0.865,11.86,-67.96,36.23,R
,174311,912,0,4095,-0.040,-0.677,0.823,17.80,-64.57,38.54,R
,174321,892,0,3826,-0.040,-0.654,0.766,18.28,-60.05,40.14,R
,174331,910,0,495,-0.08,-0.65,0.704,2.07,-5.17,41.4,R
,174341,903,0,3820,-0.070,-0.660,0.648,27.75,-52.37,42.4,R
,174361,854,0,314,-0.06,-0.65,0.500,5.29,-4.62,42.02,R
,174381,883,0,321,-0.030,-0.668,0.386,3.52,-53.85,32.69,R
,174391,848,0,495,-0.01,-0.67,0.355,33.69,-57.64,26.8,R
,174401,875,0,3819,0.022,-0.659,0.298,28.90,-56.16,23.82,R
,174411,862,0,495,-0.06,-0.67,0.232,22.94,-53.23,26.4,R
,174481,847,0,3819,0.084,-0.746,0.347,2.06,-8.89,8.65,R
,174491,819,0,4095,0.059,-0.737,0.449,5.90,-9.96,2.84,R
,174531,848,0,4095,0.035,-0.737,0.464,-2.34,18.11,0.02,R
,174561,843,0,321,-0.08,-0.71,0.570,-4.05,2415,-9.52,R
,174581,877,0,3824,0.079,-0.747,0.623,-10.25,9.21,-24.10,R
,174631,807,0,4095,0.145,-0.797,0.666,-12.69,30.70,-28.27,R
,174691,752,0,4095,0.147,-0.749,0.709,-11.88,39.66,-46.59,R
,174711,788,0,4095,0.154,-0.744,0.695,-33.93,28.48,-56.99,R
,174751,755,0,495,0.15,-0.751,0.761,-22.62,41.61,-52.99,R
,174781,803,0,3835,0.167,-0.729,0.733,-16.71,35.06,-56.16,R
,174821,756,0,3826,0.317,-0.680,0.617,-36.80,1.61,-67.78,R
,174871,881,0,4095,0.187,-0.695,1.031,-27.55,45.17,-22.93,R
,174911,912,0,4095,0.231,-0.554,1.420,-26.30,30.10,-14.41,R
,174941,890,0,3825,0.256,-0.515,1.490,-13.29,16.59,-2.70,R
,175051,871,0,495,0.335,-0.574,0.853,9.03,-21.49,23.42,R
,175111,887,0,4095,0.282,-0.608,0.830,11.70,-20.39,31.9,R
,175131,896,0,4095,0.242,-0.628,0.830,7.57,-28.08,31.18,R
,175141,898,0,3826,0.240,-0.640,0.846,11.16,-32.68,31.01,R
,175151,896,0,4095,0.22,-0.647,0.849,15.61,-34.83,30.33,R
,175181,890,0,3825,0.191,-0.638,0.846,27.66,-33.84,33.59,R
,175191,883,0,4095,0.168,-0.611,0.834,28.71,-31.84,34.89,R
,175241,926,0,324,0.097,-0.631,0.823,17.49,-42.88,35.49,R
,175281,882,0,327,0.100,-0.684,0.706,32.28,-37.85,37.44,R
,175311,833,0,495,0.039,-0.692,0.558,36.04,-30.16,39.06,R
,175351,885,0,495,0.072,-0.729,0.407,21.63,-42.07,20.25,R
,175391,821,0,4095,0.147,-0.831,0.255,9.74,-39.03,6.26,R
,175401,829,0,3823,0.113,-0.783,0.224,3.08,-21.50,6.84,R
,175431,833,0,4095,0.147,-0.865,0.426,1.99,12.25,0.40,R
,175471,842,0,4095,0.083,-0.748,0.406,-6.68,31.47,-12.03,R
,175481,843,0,3818,0.042,-0.746,0.433,-24.68,36.08,-16.56,R
,175551,880,0,4095,0.072,-0.832,0.643,-18.69,39.38,-44.87,R
,175571,767,0,495,0.05,-0.829,0.627,-31.01,43.92,-48.62,R
,175691,902,0,4095,0.071,-0.757,0.626,-38.60,5161,-93.84,R
,175711,907,0,495,0.053,-0.677,0.603,-8.11,5735,-96.97,R
,175721,831,0,3821,0.062,-0.646,0.615,-5.75,52.57,-101.80,R
,175731,866,0,4095,0.085,-0.604,0.570,-28.49,4790,-10453,R
,175751,858,0,4095,-0.03,-0.40,0.475,-10.17,45.02,-102.01,R
,175761,859,0,3820,-0.02,-0.28,0.442,2.50,51.9,-94.1,R
,175771,863,0,4095,-0.07,-0.13,0.439,2.73,66.59,-82.27,R
,175811,983,0,4095,-0.208,0.167,0.828,-8.31,93.35,-36.88,R
,175821,977,0,3826,-0.296,0.088,0.968,-7.26,99.73,-19.61,R
,175851,1006,0,4095,-0.256,-0.053,1.434,3.92,108.24,48.68,R
,175861,1000,0,3822,-0.100,-0.143,1.550,14.67,107.28,6242,R
,175871,1008,0,4095,0.046,-0.266,1.656,32.22,104.47,68.58,R
,175981,954,0,312,0.44,-0.847,1.353,71.63,24.19,35.18,R
,176001,952,0,3811,0.371,-0.785,1.240,69.06,11.38,29.76,R
,176011,848,0,495,0.331,-0.755,1.225,65.08,5.89,28.83,R
,176091,836,0,4095,0.100,-0.627,1.166,3.77,-34.66,29.04,R
,176111,834,0,4095,0.042,-0.566,1.120,35.34,-36.53,31.9,R
,176161,944,0,3823,-0.09,-0.49,1.093,7.54,-36.69,38.1,R
,176171,942,0,495,-0.09,-0.50,1.103,4.96,-37.11,36.13,R
,176181,940,0,3811,-0.07,-0.48,1.107,6.61,-38.28,37.45,R
,176191,830,0,495,-0.13,-0.48,1.094,5.58,-42.42,40.14,R
,176201,849,0,320,-0.167,-0.420,1.083,6.35,-44.63,43.90,R
,176211,859,0,495,-0.118,-0.516,1.054,5.02,-48.82,42.0,R
,176221,851,0,3819,-0.24,-0.56,1.096,14.03,-59.05,42.75,R
,176231,861,0,495,-0.15,-0.49,0.975,3.70,-64.36,36.9,R
,176241,855,0,3819,-0.198,-0.542,0.952,.35,-69.76,36.33,R
,176251,849,0,495,-0.23,-0.50,0.879,13.54,-70.48,37.35,R
,176271,855,0,4095,-0.104,-0.511,0.713,1.95,-62.98,35.39,R
,176291,861,0,4095,-0.101,-0.468,0.556,24.64,-49.14,33.2,R
,176301,849,0,314,-0.114,-0.503,0.494,23.89,-42.31,35.44,R
,176331,802,0,495,-0.04,-0.51,0.378,-1.49,-38.34,26.57,R
,176361,770,0,3819,-0.037,-0.546,0.347,-15.85,-43.59,10.00,R
,176391,798,0,495,-0.01,-0.58,0.445,-18.88,-18.04,0.14,R
,176411,829,0,4095,-0.024,-0.552,0.480,-9.78,0.79,0.86,R
,176421,829,0,3819,-0.044,-0.534,0.519,12.36,12.16,0.97,R
,176431,848,0,495,-0.07,-0.53,0.559,-17.03,18.48,-1.57,R
,176441,836,0,305,-0.037,-0.556,0.607,-20.34,18.76,-4.9,R
,176451,793,0,495,-0.02,-0.54,0.630,-22.72,20.18,-5.09,R
,176461,773,0,3813,-0.106,-0.51,0.669,-25.06,19.96,-3.26,R
,176481,827,0,3823,-0.04,-0.54,0.759,-21.65,11.67,-14.18,R
,176491,850,0,495,-0.06,-0.54,0.781,-18.68,9.17,-20.06,R
,176511,861,0,4095,-0.050,-0.540,0.766,-12.17,22.97,-1932,R
,176531,810,0,495,0.01,-0.557,0.843,-15.55,34.86,-14.67,R
,176541,804,0,314,0.01,-0.555,0.852,-14.54,36.51,-19.5,R
,176551,781,0,495,0.01,-0.573,0.859,-12.30,3784,-20.65,R
,176561,851,0,3815,0.014,-0.583,0.839,-10.80,40.13,-20.79,R
,176591,912,0,4095,0.001,-0.548,0.848,-8.65,3482,-29.16,R
,176601,912,0,3815,-0.018,-0.557,0.843,-25.58,26.51,-36.87,R
,176611,925,0,4095,0.010,-0.582,0.838,-32.39,15.53,-41.26,R
,176641,946,0,3822,0.116,-0.639,0.805,-33.50,5.24,-45.48,R
,176661,957,0,319,0.170,-0.615,0.745,-1.81,21.38,-42.25,R
,176681,957,0,3815,0.206,-0.598,0.677,-13.50,34.48,-43.43,R
,176701,976,0,3807,0.210,-0.576,0.619,-2.22,19.64,-50.45,R
,176711,978,0,4095,0.254,-0.559,0.608,-32.45,0.59,-57.83,R
,176761,1021,0,3808,0.24,-0.53,0.984,-42.66,8.54,-58.9,R
,176771,1013,0,095,0.17,-0.57,1.144,-46.05,26.71,-50.29,R
,176781,1020,0,3825,0.123,-0.550,1.351,-43.70,3.34,-4143,R
,176791,1019,0,095,0.11,-0.56,1.448,-41.24,44.31,-31.55,R
,176821,1040,0,3812,0.066,-0.531,1.758,24.59,3.56,-8.84,R
,176831,1047,0,4095,0.035,-0.479,1.801,18.01,22.59,-9.42,R
,176841,1040,0,3821,0.022,-0.46,1.769,-10.45,9.15,-9.05,R
,176851,1040,0,4095,0.086,-0.490,1.720,-0.95,-3.98,-7.60,R
,176871,1019,0,095,0.15,-0.49,1.456,11.14,-15.01,-5.72,R
,176881,1008,0,813,0.25,-0.46,1.291,18.71,-15.76,-0.44,R
,176901,1001,0,3807,0.243,-0.468,1.148,2.53,-17.29,7.91,R
,176921,1001,0,3801,0.233,-0.482,0.992,19.80,-2.91,7.13,R
,176931,987,0,4095,0.223,-0.466,0.969,2.73,-2477,12.14,R
,176951,982,0,4095,0.177,-0.472,0.943,934,-23.12,19.79,R
,176971,958,0,4095,0.169,-0.488,0.908,11.35,-31.08,24.46,R
,177021,977,0,3815,0.161,-0.529,0.915,1.51,-2527,42.69,R
,177031,986,0,4095,0.159,-0.521,0.913,15.80,-24.24,44.0,R
,177051,992,0,495,0.16,-0.537,0.910,14.91,-26.51,45.03,R
,177061,1005,0,3797,0.146,-0.520,0.931,16.67,-28.57,44.57,R
,177081,997,0,3809,0.102,-0.517,0.953,879,-30.77,43.24,R
,177091,991,0,4095,0.077,-0.520,0.967,5.35,-35.78,42.77,R
,177111,980,0,4095,0.082,-0.563,0.990,6.16,-44.89,43.45,R
,177171,951,0,495,-0.032,-0.567,0.924,17.81,-28.69,54.74,R
,177181,843,0,329,-0.03,-0.57,0.904,17.67,-34.24,53.33,R
,177191,848,0,495,-0.02,-0.59,0.836,17.89,-42.57,49.84,R
,177201,825,0,318,-0.01,-0.61,0.791,18.51,-52.53,46.39,R
,177211,822,0,4095,0.001,-0.623,0.708,22.56,-57.93,45.59,R
,177261,894,0,312,0.14,-0.653,0.385,29.95,-42.59,35.93,R
,177281,879,0,3814,-0.068,-0.716,0.472,32.36,-32.02,28.33,R
,177311,779,0,4095,0.126,-0.689,0.319,-7.49,-12.16,8.31,R
,177321,787,0,3810,0.114,-0.689,0.302,-14.31,-14.62,1.79,R
,177351,847,0,4095,0.125,-0.794,0.469,-14.37,-8.51,-2.04,R
,177401,935,0,3820,0.024,-0.667,0.550,-20.46,45.57,-10.00,R
,177411,945,0,4095,-0.009,-0.705,0.580,-28.89,42.80,-15.58,R
,177421,954,0,313,-0.07,-0.73,0.632,37.93,3.53,-2213,R
,177431,966,0,495,-0.07,-0.762,0.681,-39.38,25.40,-28.30,R
,177561,811,0,3829,0.058,-0.767,0.710,-43.76,13.37,-99.26,R
,177571,790,0,479,0.013,-0.732,0.681,-40.49,14.34,-99.51,R
,177591,877,0,411,0.01,-0.648,0.646,-30.84,33.47,-95.29,R
,177621,659,0,309,-0.07,-0.47,0.562,-11.14,45.70,-108.30,R
,177641,755,0,3818,-0.111,-0.28,0.479,6.94,4118,-11138,R
,177661,784,0,3813,-0.22,-0.01,0.474,20.15,52.57,-92.76,R
,177721,791,0,3808,-0.371,0.197,1.178,-0.02,135.06,39.82,R
,177761,834,0,3815,-0.04,-0.22,1.607,19.02,116.34,68.20,R
,177821,806,0,3805,0.323,-0.729,1.746,54.36,78.47,58.91,R
,177951,784,0,4095,0.029,-0.580,1.099,38.77,-4.68,13.16,R
,177961,773,0,317,-0.09,-0.54,1.091,30.12,-3.05,16.37,R
,177971,752,0,495,-0.07,-0.538,1.110,19.99,-5.89,17.90,R
,177981,753,0,3813,-0.103,-0.540,1.080,13.78,-15.12,19.58,R
,178011,726,0,495,-0.128,-0.484,1.100,24.22,-31.66,19.87,R
,178021,729,0,313,-0.19,-0.44,1.073,27.61,-30.68,21.53,R
,178041,725,0,313,-0.22,-0.368,1.036,27.83,-18.76,27.93,R
,178051,742,0,4095,-0.235,-0.359,1.035,20.62,-18.04,29.03,R
,178061,723,0,303,-0.26,-0.36,1.027,8.01,-23.63,28.63,R
,178081,743,0,311,-0.22,-0.38,0.987,17.95,-4.81,26.89,R
,178091,734,0,495,-0.26,-0.35,1.003,16.77,-4.29,26.6,R
,178101,730,0,3809,-0.349,-0.351,0.990,14.71,-46.28,26.3,R
,178111,634,0,495,-0.24,-0.32,0.894,19.75,-4.99,28.3,R
,178121,630,0,319,-0.26,-0.35,0.835,23.41,-41.23,30.74,R
,178131,593,0,486,-0.29,-0.36,0.801,27.64,-3.48,32.52,R
,178141,559,0,3810,-0.267,-0.352,0.736,28.16,-36.10,32.07,R
,178151,577,0,495,-0.23,-0.32,0.669,28.62,-36.43,27.91,R
,178181,577,0,303,-0.28,-0.33,0.550,12.76,-4.53,12.5,R
,178191,524,0,473,-0.26,-0.335,0.505,6.13,-48.02,10.89,R
,178221,329,0,306,-0.10,-0.41,0.502,-6.63,-36.30,9.59,R
,178231,370,0,495,-0.16,-0.44,0.504,-1.75,-2.11,9.0,R
,178241,476,0,3809,-0.140,-0.425,0.500,-3.79,-11.27,10.25,R
,178261,528,0,3793,-0.106,-0.478,0.510,0.33,5.15,8.91,R
,178271,563,0,4091,-0.088,-0.451,0.626,3.63,6.44,2.60,R
,178301,575,0,3813,-0.110,-0.412,0.619,-0.37,21.75,-3.09,R
,178311,574,0,4066,-0.139,-0.396,0.653,-13.12,26.07,-7.8,R
,178331,593,0,438,-0.11,-0.43,0.731,15.91,24.19,-11.89,R
,178341,626,0,3822,-0.179,-0.415,0.746,-17.29,26.70,-14.87,R
,178361,647,0,3814,-0.185,-0.477,0.867,-12.01,29.31,-26.10,R
,178381,658,0,314,-0.10,-0.470,0.901,-12.43,2.86,-3137,R
,178401,659,0,3813,-0.173,-0.47,0.928,9.93,2193,-36.8,R
,178411,681,0,4052,-0.167,-0.465,0.931,-7.85,23.64,-37.20,R
,178421,688,0,3826,-0.13,-0.46,0.932,-7.24,2726,-37.74,R
,178431,687,0,458,-0.14,-0.42,0.910,11.78,31.99,-3746,R
,178461,688,0,312,-0.14,-0.453,0.921,-24.71,26.41,-45.34,R
,178481,688,0,3811,-0.14,-0.44,0.921,33.46,23.87,-5233,R
,178491,683,0,435,-0.159,-0.454,0.921,-35.29,22.60,-49.72,R
,178501,690,0,3818,-0.11,-0.48,0.924,30.92,2.97,-4542,R
,178521,651,0,315,-0.10,-0.44,0.886,23.14,24.54,-41.31,R
,178531,655,0,451,-0.06,-0.448,0.839,-17.58,23.20,-42.16,R
,178561,678,0,309,-0.00,-0.39,0.686,-19.61,6.56,-52.32,R
,178591,717,0,444,0.006,-0.390,0.680,-34.95,5.09,-52.41,R
,178611,725,0,4057,0.010,-0.443,0.844,-32.39,11.44,-52.73,R
,178631,720,0,4047,-0.071,-0.441,1.071,-30.45,21.44,-43.67,R
,178641,721,0,305,-0.01,-0.28,1.222,34.77,25.02,-3555,R
,178651,737,0,453,-0.03,-0.35,1.355,-40.43,32.37,-25.60,R
,178661,695,0,317,-0.15,-0.40,1.456,35.81,35.96,-13.64,R
,178671,814,0,4057,-0.18,-0.33,1.585,-33.07,37.20,-7.89,R
,178681,809,0,3821,-0.201,-0.363,1.688,-26.25,36.44,-2.55,R
,178691,820,0,4042,-0.24,-0.33,1.743,16.84,2.82,-1.8,R
,178711,825,0,453,-0.24,-0.35,1.724,.04,4.5,-5.29,
,178721,831,0,3813,-0.198,-0.31,1.670,7.12,-2.69,-2.77,R
,178731,839,0,445,-0.11,-0.295,1.552,9.37,-5.6,1.96,
,178741,823,0,309,-0.08,-0.32,1.426,0.57,-1.51,1.50,R
,178801,795,0,3814,-0.066,-0.356,1.078,20.50,-24.25,14.97,R
,178811,790,0,4033,-0.039,-0.365,1.058,20.24,-25.75,17.3,R
,178821,722,0,399,-0.02,-0.37,1.044,9.69,-24.45,18.91,R
,178841,715,0,312,-0.04,-0.38,1.027,9.48,-20.33,26.92,R
,178861,683,0,3818,-0.02,-0.40,1.030,4.90,-17.37,35.0,R
,178901,696,0,3812,-0.087,-0.410,1.020,20.50,-20.95,42.43,R
,178911,690,0,4034,-0.089,-0.412,1.009,22.27,-21.69,42.91,R
,178921,688,0,3810,-0.089,-0.406,1.008,19.92,-23.23,40.37,R
,178931,690,0,4044,-0.11,-0.39,1.008,16.99,-2.69,38.48,R
,178961,686,0,3812,-0.164,-0.410,1.022,12.47,-29.08,35.56,R
,178971,690,0,3996,-0.156,-0.435,1.037,13.96,-29.64,35.73,R
,178981,684,0,3813,-0.13,-0.41,1.033,18.39,-28.11,38.29,R
,178991,655,0,4037,-0.210,-0.432,1.012,22.19,-27.66,41.47,R
,179001,567,0,3815,-0.182,-0.425,1.010,26.96,-28.83,41.12,R
,179011,619,0,437,-0.23,-0.41,0.979,30.42,-29.78,39.00,R
,179021,624,0,3810,-0.267,-0.42,0.979,29.90,-33.20,35.35,R
,179031,607,0,432,-0.17,-0.39,0.853,5.89,-36.72,28.0,R
,179061,547,0,310,-0.25,-0.45,0.761,21.60,-38.65,30.04,R
,179071,529,0,4029,-0.192,-0.452,0.699,21.34,-36.34,29.82,R
,179081,532,0,3829,-0.157,-0.480,0.641,21.46,-34.05,28.72,R
,179091,581,0,463,-0.121,-0.493,0.621,23.35,-32.83,25.73,R
,179101,583,0,315,-0.18,-0.48,0.590,4.57,-30.13,22.54,R
,179111,606,0,4041,-0.111,-0.493,0.550,24.59,-27.58,19.5,R
,179131,631,0,432,-0.10,-0.48,0.540,19.90,-19.56,10.13,R
,179161,615,0,3815,-0.076,-0.47,0.501,7.51,-5.69,6.80,R
,179191,639,0,405,-0.06,-0.451,0.652,.39,4.30,-0.73,
,179201,645,0,311,-0.09,-0.48,0.683,.65,6.9,-1.58,R
,179211,647,0,3991,-0.083,-0.45,0.702,5.19,7.46,-8.80,R
,179221,645,0,3821,-0.083,-0.457,0.729,-0.97,7.58,-15.55,R
,179231,653,0,414,-0.112,-0.473,0.748,-6.20,5.90,-18.10,R
,179241,647,0,312,-0.127,-0.458,0.770,-8.04,1337,-16.9,R
,179261,637,0,323,-0.14,-0.45,0.803,-12.60,27.03,-13.11,R
,179271,640,0,4001,-0.154,-0.439,0.833,-10.62,3.36,-13.95,R
,179281,613,0,313,-0.12,-0.45,0.871,5.21,32.25,-16.18,R
,179301,633,0,320,-0.18,-0.42,0.872,-2.80,26.73,-25.37,R
,179311,624,0,391,-0.17,-0.43,0.875,6.31,22.19,-28.97,R
,179321,675,0,3807,-0.116,-0.421,0.868,11.96,20.77,-29.98,R
,179331,675,0,3991,-0.118,-0.412,0.873,-18.33,20.13,-3003,R
,179341,638,0,3821,-0.125,-0.424,0.899,-25.00,2.72,-30.48,R
,179361,629,0,3818,-0.089,-0.457,0.941,-23.82,25.32,-3097,R
,179381,607,0,3809,-0.085,-0.473,0.970,-18.51,31.14,-35.54,R
,179391,608,0,375,-0.05,-0.45,0.932,-16.10,31.75,-36.62,R
,179401,619,0,318,-0.01,-0.44,0.915,-17.93,30.04,-37.78,R
,179421,638,0,3817,-0.063,-0.444,0.862,-23.75,21.41,-40.21,R
,179441,663,0,3822,-0.025,-0.454,0.843,26.23,1.56,-4143,R
,179461,793,0,3826,-0.026,-0.444,0.805,28.83,17.44,-4398,R
,179511,923,0,3994,0.034,-0.418,0.777,-36.65,12.27,-41.92,R
,179521,929,0,3824,0.018,-0.413,0.763,-36.71,9.32,-43.03,R
,179531,948,0,378,0.05,-0.442,0.746,-0.25,7.58,-40.25,R
,179541,965,0,324,0.124,-0.254,0.775,-4.57,13.98,-38.93,R
,179551,976,0,395,-0.03,-0.35,0.790,-20.95,20.53,-25.45,R
,179601,901,0,324,-0.12,-0.38,1.376,-41.99,39.76,-13.51,R
,179611,908,0,3985,-0.152,-0.34,1.491,-31.97,41.15,-6.29,R
,179631,896,0,3981,-0.159,-0.371,1.614,-13.55,32.80,0.71,R
,179641,891,0,324,-0.16,-0.36,1.647,-9.79,2491,-2.27,R
,179651,904,0,3955,-0.18,-0.32,1.649,8.75,1845,-1.7,R
,179661,906,0,3824,-0.192,-0.33,1.622,-5.90,10.80,3.09,R
,179671,895,0,370,-0.10,-0.34,1.590,-0.84,5.84,7.81,R
,179691,892,0,378,-0.18,-0.40,1.389,8.68,-6.65,6.94,R
,179701,902,0,3822,-0.108,-0.347,1.325,13.64,-12.43,6.37,R
,179711,893,0,3982,-0.058,-0.39,1.250,20.09,-17.15,9.67,R
,179721,891,0,322,-0.01,-0.368,1.180,1.00,-2.55,9.2,R
,179741,913,0,3824,-0.021,-0.37,1.107,17.78,-30.43,11.42,R
,179771,909,0,3955,-0.033,-0.41,1.080,18.54,-34.30,15.61,R
,179801,906,0,3831,-0.064,-0.419,1.073,18.21,-28.25,27.42,R
,179811,881,0,372,-0.09,-0.41,1.063,18.22,-27.09,31.58,R
,179831,869,0,374,-0.09,-0.39,1.050,17.16,-24.01,34.72,R
,179841,873,0,324,-0.07,-0.40,1.032,15.29,-24.40,35.27,R
,179851,860,0,3975,-0.101,-0.41,1.037,15.54,-28.72,36.17,R
,179861,871,0,3824,-0.11,-0.41,1.015,18.62,-31.64,37.85,R
,179871,895,0,368,-0.15,-0.405,1.021,9.64,-3.13,38.2,R
,179881,902,0,318,-0.16,-0.42,1.020,8.22,-3.26,39.0,R
,179891,913,0,3984,-0.074,-0.45,1.018,21.77,-40.79,38.39,R
,179901,912,0,333,-0.101,-0.425,1.003,25.11,-41.05,37.44,R
,179931,910,0,386,-0.141,-0.395,1.001,26.96,-29.03,37.82,R
,179941,913,0,3822,-0.18,-0.38,1.020,23.09,-27.05,38.31,R
,179951,912,0,3990,-0.201,-0.413,1.035,20.97,-28.36,38.78,R
,179961,943,0,3822,-0.29,-0.42,1.001,21.16,-33.76,38.94,R
,180001,1063,0,827,-0.69,-0.45,0.843,31.77,-48.79,31.81,R
,180041,1114,0,821,-0.32,-0.45,0.488,32.44,-7.95,39.10,R
,180091,1143,0,3975,-0.63,-0.52,0.469,-1.91,-17.72,12.11,R
,180111,1156,0,3966,-0.46,-0.52,0.505,-4.43,-9.47,5.09,R
,180131,1168,0,959,-0.29,-0.528,0.706,-5.65,3.00,-1.34,R
,180151,1155,0,952,-0.18,-0.50,0.704,-2.04,18.71,4.17,R
,180171,1169,0,965,-0.59,-0.493,0.786,-7.81,17.98,-6.88,R
,180201,1151,0,3824,-0.36,-0.44,0.828,-15.27,6.54,-18.64,R
,180221,1171,0,822,-0.110,-0.453,0.863,-19.12,11.17,-22.48,R
,180231,1178,0,950,-0.38,-0.47,0.861,-19.17,8.08,-20.67,R
,180241,1184,0,823,-0.25,-0.45,0.886,-21.41,21.92,-21.00,R
,180251,1180,0,950,-0.103,-0.453,0.901,-23.12,25.76,-20.13,R
,180271,1210,0,3953,-0.16,-0.48,0.899,-24.31,27.73,-19.81,R
,180281,1203,0,820,-0.10,-0.470,0.920,-21.06,24.77,-2.80,R
,180301,1159,0,817,-0.90,-0.486,0.922,-19.59,14.91,-3.64,R
,180311,1089,0,957,-0.77,-0.40,0.900,-21.41,8.47,-35.13,R
,180331,1132,0,3965,-0.32,-0.53,0.882,-26.69,0.66,-39.25,R
,180371,1210,0,934,0.05,-0.48,0.861,-23.46,20.65,-29.22,R
,180381,1207,0,3824,0.04,-0.49,0.843,-21.52,17.09,-33.75,R
,180391,1168,0,927,0.026,-0.486,0.815,17.78,7.75,-40.9,R
,180401,1152,0,3831,0.04,-0.50,0.775,-13.73,-3.40,-44.84,R
,180411,1207,0,3943,0.08,-0.45,0.698,-13.29,-.54,-4509,R
,180451,1211,0,3952,0.123,-0.417,0.690,-37.39,24.51,-33.74,R
,180461,1209,0,809,0.17,-0.41,0.758,-36.92,34.13,-32.65,R
,180471,1199,0,954,0.06,-0.39,0.856,-38.78,40.45,-29.74,R
,180481,1200,0,829,-0.71,-0.54,0.983,-34.19,39.38,-18.19,R
,180491,1197,0,977,-0.77,-0.44,1.123,-37.10,36.71,-25.22,R
,180501,1168,0,3819,-0.01,-0.40,1.287,-35.59,33.78,-24.67,R
,180521,1159,0,819,-0.93,-0.444,1.480,-30.63,34.19,-13.09,R
,180581,1154,0,822,-0.46,-0.33,1.455,4.67,-3.69,-0.80,R
,180591,1162,0,958,-0.16,-0.34,1.381,7.64,-8.97,1.00,R
,180601,1154,0,817,-0.63,-0.32,1.276,10.64,-11.29,3.78,R
,180621,1148,0,822,-0.28,-0.40,1.148,16.10,-19.14,4.31,R
,180641,1155,0,824,-0.23,-0.46,1.069,29.12,-20.14,11.76,R
,180651,1162,0,3965,-0.22,-0.39,1.046,29.12,-18.76,15.18,R
,180661,1158,0,821,-0.17,-0.392,1.013,25.00,-18.13,17.87,R
,180671,1148,0,3972,-0.33,-0.47,1.027,20.24,-17.59,20.04,R
,180681,1141,0,820,-0.27,-0.47,1.021,19.00,-18.02,22.94,R
,180691,1143,0,974,-0.34,-0.451,1.016,22.33,-18.42,25.97,R
,180701,1165,0,824,-0.37,-0.455,1.006,27.14,-18.77,2858,R
,180771,1198,0,897,-0.30,-0.40,1.006,19.69,-7.70,3672,R
,180821,1131,0,824,-0.133,-0.514,1.009,32.32,-39.27,38.04,R
,180831,1181,0,3973,-0.104,-0.457,1.009,35.05,-36.76,3332,R
,180851,1211,0,3966,-0.12,-0.46,0.969,33.86,-35.84,26.13,R
,180861,1229,0,3819,-0.114,-0.444,0.927,32.99,-35.27,2628,R
,180871,1215,0,3965,-0.132,-0.43,0.916,31.89,-31.46,27.26,R
,180881,1210,0,814,-0.13,-0.42,0.873,30.96,-9.03,2831,R
,180891,1200,0,971,-0.60,-0.42,0.885,21.78,-26.48,27.01,R
,180901,1162,0,811,-0.40,-0.40,0.792,21.55,-24.51,2804,R
,180951,1143,0,943,-0.033,-0.508,0.594,25.98,-31.34,1410,R
,180971,1134,0,926,-0.00,-0.48,0.502,26.01,-20.62,11.32,R
,180991,1229,0,3920,0.03,-0.47,0.474,14.59,-5.53,8.74,R
,181011,1227,0,960,0.02,-0.483,0.500,8.12,3.87,-0.80,
,181071,1207,0,3961,-0.061,-0.424,0.709,-1.01,21.09,-9.2,R
,181081,1223,0,812,-0.69,-0.414,0.750,-3.07,27.24,-1056,R
,181091,1206,0,3952,-0.90,-0.44,0.801,-4.22,31.34,-14.00,R
,181101,1182,0,3815,-0.12,-0.45,0.856,-2.02,29.41,-1700,R
,181111,1202,0,959,-0.12,-0.421,0.896,1.20,2567,-18.24,R
,181141,1211,0,831,-0.91,-0.46,0.926,-3.20,1.07,-23.13,R
,181151,1220,0,962,-0.98,-0.395,0.914,-5.81,19.78,-2198,R
,181161,1264,0,837,-0.87,-0.31,0.929,-7.65,2.58,-1960,R
,181171,1190,0,3911,-0.068,-0.401,0.937,-9.67,25.46,-1928,R
,181181,1189,0,3824,-0.61,-0.38,0.942,-9.97,2.08,-21.58,R
,181221,1237,0,3824,-0.024,-0.401,0.885,-0.97,6.73,-32.73,R
,181241,1274,0,823,-0.034,-0.396,0.878,-11.75,11.55,-3.29,R
,181281,1279,0,819,-0.55,-0.419,0.918,-11.84,15.05,-3.07,R
,181291,1290,0,941,-0.34,-0.428,0.923,-5.99,15.17,-3204,R
,181301,1301,0,3817,-0.048,-0.36,0.885,-4.65,13.70,-3390,R
,181311,1321,0,3955,-0.21,-0.40,0.863,-5.70,7.75,-36.5,R
,181321,1292,0,3811,-0.004,-0.41,0.835,-7.96,-0.71,-3909,R
,181371,1327,0,919,0.066,-0.413,0.739,-24.17,15.31,-3119,R
,181391,1279,0,952,0.00,-0.375,0.910,-29.75,17.92,-4022,R
,181401,1289,0,3823,0.065,-0.38,0.980,-22.84,15.41,-42.30,R
,181411,1292,0,939,-0.17,-0.47,1.053,-19.87,12.27,-35.43,R
,181431,1291,0,947,0.024,-0.338,1.149,20.66,2.90,-23.48,R
,181451,1330,0,947,-0.021,-0.384,1.327,-22.02,36.57,-1.11,R
,181461,1328,0,3824,-0.43,-0.39,1.419,-19.47,36.07,-14.64,R
,181481,1323,0,825,-0.18,-0.34,1.557,-14.69,5.99,-850,R
,181491,1333,0,3942,-0.113,-0.327,1.604,-12.22,17.69,-6.21,R
,181501,1327,0,821,-0.44,-0.317,1.620,-9.94,11.55,-5.2,R
,181541,1268,0,826,-0.49,-0.34,1.374,8.25,-15.01,1.3,R
,181561,1304,0,826,-0.16,-0.38,1.216,18.24,-21.17,6.95,R
,181571,1327,0,3923,-0.17,-0.25,1.162,17.00,-3.61,9.6,R
,181591,1360,0,929,0.00,-0.308,1.085,15.99,-27.32,15.7,R
,181601,1313,0,847,0.06,-0.32,1.061,14.42,-26.51,19.00,R
,181611,1310,0,3922,0.03,-0.33,1.045,0.30,-24.10,21.27,R
,181661,1303,0,3824,-0.12,-0.32,1.057,16.44,-13.47,43.23,R
,181671,1303,0,930,-0.21,-0.30,1.036,15.06,-15.67,44.26,R
,181681,1306,0,3831,-0.015,-0.348,1.023,14.03,-18.16,4446,R
,181721,1298,0,824,-0.46,-0.32,1.021,12.06,-14.28,49.39,R
,181731,1251,0,3925,-0.040,-0.382,1.064,11.34,-13.34,50.28,R
,181741,1274,0,3829,-0.033,-0.388,1.098,14.16,-14.11,4944,R
,181751,1271,0,926,-0.059,-0.382,1.112,16.53,-14.95,5034,R
,181761,1265,0,835,-0.85,-0.382,1.105,18.06,-16.04,5023,R
,181771,1264,0,919,-0.10,-0.394,1.102,18.30,-19.85,4668,R
,181791,1235,0,3927,-0.56,-0.34,1.101,24.54,-31.61,3820,R
,181801,1237,0,3837,-0.143,-0.409,1.072,26.42,-36.40,3735,R
,181841,1250,0,3831,-0.103,-0.422,0.832,27.35,-39.55,3776,R
,181861,1201,0,827,-0.42,-0.41,0.733,40.48,-33.81,3657,R
,181891,1040,0,920,-0.09,-0.440,0.506,27.66,-23.29,2320,R
,181901,967,0,320,-0.01,-0.44,0.505,0.83,-2.68,12.94,R
,181921,837,0,3833,-0.014,-0.494,0.428,3.67,-2605,-1.52,R
,181931,751,0,3920,-0.09,-0.479,0.424,-3.20,-2.64,-4.27,R
,181941,826,0,3837,-0.01,-0.534,0.476,5.43,-21.03,-3.32,R
,181991,1148,0,3897,-0.050,-0.488,0.622,12.82,1.54,-7.83,R
,182001,1149,0,3828,-0.101,-0.423,0.626,11.26,22.62,-1001,R
,182011,1165,0,920,-0.29,-0.47,0.693,3.58,26.21,-12.5,R
,182021,1166,0,830,-0.125,-0.427,0.717,-1.75,23.41,-1598,R
,182031,1168,0,3921,-0.93,-0.47,0.761,-11.26,17.67,-1.19,R
,182061,1126,0,3827,-0.090,-0.464,0.885,-11.43,11.34,-2.93,R
,182071,1118,0,3908,-0.82,-0.435,0.897,-8.66,16.02,-2407,R
,182081,1135,0,3831,-0.116,-0.427,0.908,-5.84,23.89,-2309,R
,182091,1140,0,3910,-0.077,-0.423,0.903,-3.47,28.94,-2264,R
,182131,1116,0,904,-0.92,-0.34,0.936,-20.52,25.24,-3.69,R
,182151,1132,0,901,-0.82,-0.425,0.949,-24.16,16.63,-4.23,R
,182161,1131,0,834,-0.086,-0.424,0.967,-26.46,12.37,-4.06,R
,182171,1135,0,897,-0.33,-0.453,0.981,-24.19,14.74,-3.55,R
,182181,1153,0,3839,-0.15,-0.49,0.966,-20.97,17.34,-3.06,R
,182191,1151,0,3895,0.012,-0.445,0.940,-17.49,23.26,-3696,R
,182201,1146,0,3843,0.04,-0.418,0.904,-13.33,31.79,-3496,R
,182211,1164,0,3901,0.03,-0.40,0.893,-15.68,3.65,-35.31,R
,182221,1168,0,3843,0.016,-0.426,0.875,-18.86,36.25,-36.79,R
,182231,1195,0,907,0.00,-0.396,0.873,21.30,33.21,-3871,R
,182251,1201,0,3903,-0.015,-0.432,0.928,-33.70,20.94,-45.43,R
,182291,1214,0,3891,-0.01,-0.538,0.970,-23.32,11.23,-36.62,R
,182301,1209,0,840,0.02,-0.417,0.911,-22.88,19.18,-4171,R
,182311,1219,0,895,0.02,-0.41,0.870,19.12,23.24,-3706,R
,182321,1248,0,3851,0.01,-0.299,0.857,-19.59,26.16,-38.53,R
,182331,1279,0,3910,0.016,-0.434,0.803,-17.96,2.22,-31.37,R
,182341,1280,0,3856,0.054,-0.404,0.765,-18.71,23.09,-3639,R
,182351,1282,0,3920,0.073,-0.337,0.824,-21.67,18.92,-39.29,R
,182391,1266,0,3897,-0.39,-0.244,1.206,-27.24,2.48,-30.27,R
,182421,1264,0,859,-0.137,-0.271,1.467,-18.34,39.95,-114,R
,182441,1296,0,3853,-0.38,-0.28,1.557,-11.27,27.95,5.64,R
,182481,1250,0,854,-0.058,-0.319,1.428,4.12,-4.25,9.04,R
,182491,1253,0,3893,-0.33,-0.332,1.375,10.76,-.11,10.9,R
,182511,1258,0,3889,0.00,-0.31,1.205,7.63,-12.04,14.87,R
,182541,1225,0,861,0.02,-0.35,1.083,4.22,-25.93,16.7,R
,182561,1189,0,3858,0.00,-0.383,1.076,13.72,-27.82,21.78,R
,182571,1135,0,887,0.02,-0.40,1.078,7.60,-28.27,24.0,R
,182581,1179,0,3861,-0.003,-0.395,1.075,21.89,-26.21,27.21,R
,182601,1213,0,859,0.02,-0.38,1.036,8.10,-26.21,29.0,R
,182631,1218,0,890,0.03,-0.34,1.039,7.06,-27.93,34.81,R
,182661,1295,0,856,-0.23,-0.342,1.054,20.74,-22.54,39.52,R
,182671,1230,0,3897,-0.043,-0.364,1.076,17.96,-22.34,3976,R
,182681,1305,0,856,-0.64,-0.371,1.085,19.26,-23.87,40.54,R
,182731,1157,0,3870,-0.43,-0.365,1.140,20.62,-28.66,3782,R
,182751,1169,0,3888,-0.79,-0.48,1.129,19.14,-34.14,3881,R
,182761,1156,0,3884,-0.173,-0.411,1.105,25.00,-36.21,40.48,R
,182771,1183,0,3887,-0.87,-0.410,1.075,31.93,-35.66,41.45,R
,182781,1200,0,3911,-0.98,-0.372,1.069,33.75,-5.18,4022,R
,182801,1204,0,3890,-0.40,-0.402,0.894,42.83,-30.53,3672,R
,182811,1232,0,3895,-0.74,-0.410,0.853,42.03,-27.18,35.88,R
,182821,1218,0,3863,-0.87,-0.48,0.747,44.57,-25.66,3481,R
,182841,1206,0,865,-0.26,-0.431,0.628,28.38,-26.14,25.71,R
,182851,1133,0,3889,-0.09,-0.434,0.574,21.67,-26.10,23.13,R
,182901,923,0,3871,-0.03,-0.527,0.465,6.44,-23.14,10.68,R
,182911,1015,0,3891,-0.029,-0.537,0.461,10.70,-18.43,1124,R
,182921,1035,0,3873,-0.11,-0.502,0.407,12.80,-.30,11.2,R
,182941,1055,0,874,0.02,-0.47,0.415,.31,17.5,7.70,
,182961,1077,0,3873,-0.78,-0.475,0.534,-7.75,20.97,-9.26,R
,183041,1248,0,867,-0.67,-0.455,0.879,-15.70,45.64,-26.18,R
,183051,1254,0,888,-0.86,-0.431,0.896,-16.78,44.76,-30.76,R
,183061,1257,0,3846,-0.176,-0.420,0.901,-20.28,43.09,-31.87,R
,183081,1264,0,3859,-0.56,-0.410,0.943,-20.13,3.02,-33.58,R
,183121,1264,0,871,-0.25,-0.412,0.984,-20.97,37.15,-39.16,R
,183151,1275,0,885,-0.71,-0.377,0.916,-23.82,29.99,-3.05,R
,183191,1334,0,3888,-0.32,-0.396,0.930,-39.46,2.62,-4.38,R
,183201,1329,0,3882,-0.023,-0.408,0.916,-37.81,12.08,-46.24,R
,183221,1358,0,3888,0.01,-0.410,0.901,-28.08,9.98,-45.58,R
,183261,1313,0,3892,0.07,-0.334,0.868,-29.84,16.56,-40.03,R
,183291,1328,0,880,0.04,-0.324,1.128,42.14,27.37,-3270,R
,183411,1319,0,3883,-0.072,-0.324,1.277,18.90,-19.59,2.4,R
,183521,1309,0,3901,-0.63,-0.345,1.053,27.26,-32.16,33.52,R
,183531,1307,0,883,-0.43,-0.332,1.064,25.60,-34.54,3350,R
,183561,1309,0,3902,-0.46,-0.346,1.057,24.76,-34.19,3959,R
,183611,1309,0,3882,-0.30,-0.357,1.088,20.53,-27.11,4927,R
,183671,1341,0,3885,-0.46,-0.389,1.002,28.83,-30.14,47.85,R
,183681,1315,0,938,-0.225,-0.377,0.994,30.90,-28.80,4463,R
,183721,1229,0,3932,-0.50,-0.445,0.820,29.40,-32.50,4094,R
,183751,1142,0,882,-0.12,-0.478,0.612,25.37,-40.25,30.89,R
,183761,1094,0,3950,-0.52,-0.472,0.616,21.90,-44.16,25.32,R
,183771,1013,0,3875,-0.75,-0.507,0.509,17.61,-45.21,2046,R
,183801,886,0,352,0.01,-0.517,0.410,6.67,-24.28,8.68,
,183811,924,0,373,-0.01,-0.527,0.458,-0.42,-15.34,7.90,R
,183851,1077,0,3876,-0.35,-0.545,0.631,4.42,10.50,-3.6,R
,183881,1104,0,3941,-0.079,-0.430,0.634,0.03,31.12,-13.55,R
,183931,1082,0,3869,-0.096,-0.41,0.882,-26.16,26.02,-2.21,R
,183951,1077,0,3870,-0.098,-0.456,0.899,-12.23,38.41,-2.61,R
,183981,1127,0,897,-0.17,-0.375,0.921,-19.82,48.51,-30.56,R
,183991,1094,0,3862,-0.06,-0.391,0.920,-24.16,43.79,-3.56,R
,184001,1093,0,3915,-0.34,-0.378,0.938,-24.97,7.50,-3.91,R
,184011,1087,0,3873,-0.49,-0.374,0.950,-28.81,32.45,-34.06,R
,184021,1101,0,3931,-0.082,-0.427,0.972,-28.04,24.83,-38.77,R
,184061,1125,0,3979,-0.14,-0.379,0.842,-14.34,34.83,-3.61,R
,184081,1126,0,3991,0.08,-0.363,0.825,-18.36,39.52,-3827,R
,184101,1194,0,4016,0.07,-0.359,0.870,-32.74,31.57,-4525,R
,184121,1186,0,3965,-0.65,-0.370,0.916,-39.26,17.72,-49.23,R
,184141,1207,0,968,-0.23,-0.417,0.953,-31.33,8.07,-46.19,R
,184171,1217,0,3858,0.17,-0.212,0.864,15.67,1.04,-4574,R
,184191,1296,0,3857,0.062,-0.229,0.843,-15.29,26.13,-38.30,R
,184201,1296,0,3990,0.04,-0.212,0.944,-18.80,23.67,-3537,R
,184211,1296,0,3860,0.04,-0.295,1.010,-21.09,29.72,-36.71,R
,184241,1189,0,966,-0.65,-0.256,1.393,-32.69,39.44,-13.95,R
,184251,1168,0,862,-0.57,-0.342,1.483,-30.39,39.43,-494,R
,184261,1216,0,979,-0.29,-0.258,1.582,-22.17,36.41,-148,R
,184331,1217,0,3857,-0.96,-0.296,1.336,16.86,-12.21,9.6,R
,184351,1169,0,3859,-0.62,-0.276,1.166,16.07,-20.72,12.42,R
,184411,1084,0,854,-0.17,-0.32,1.043,16.70,-1.75,23.42,R
,184431,1087,0,856,-0.70,-0.384,1.026,19.32,-21.53,27.81,R
,184561,1152,0,4019,-0.47,-0.391,1.104,16.48,-24.39,38.25,R
,184571,1165,0,3855,-0.71,-0.388,1.121,21.35,-22.62,3790,R
,184611,1147,0,854,-0.20,-0.385,1.037,30.53,-31.78,31.67,R
,184651,1132,0,3838,-0.94,-0.476,0.849,34.99,-37.49,2787,R
,184691,987,0,3845,-0.05,-0.369,0.497,32.24,-23.61,17.15,R
,184701,988,0,4032,-0.09,-0.451,0.514,4.96,-22.91,15.68,R
,184721,948,0,437,-0.08,-0.507,0.514,17.96,-27.89,6.5,R
,184751,986,0,3849,-0.00,-0.50,0.494,2.30,-13.37,1.49,R
,184761,1002,0,989,-0.44,-0.504,0.474,10.57,-3.98,2.2,R
,184771,995,0,345,-0.04,-0.491,0.499,9.08,6.88,1.78,R
,184871,1008,0,826,-0.04,-0.42,0.929,-15.99,28.25,-26.94,R
,184931,1082,0,3847,-0.14,-0.38,1.004,-18.16,33.20,-32.35,R
,184961,1085,0,049,-0.90,-0.353,0.988,-21.64,23.32,-37.90,R
,185021,1240,0,4035,-0.006,-0.341,0.888,-22.66,24.21,-32.87,R
,185041,1283,0,4049,0.03,-0.335,0.801,19.78,22.02,-30.00,R
,185121,1290,0,4031,-0.10,-0.39,1.384,-39.96,30.94,-978,R
,185161,1291,0,035,-0.37,-0.257,1.615,-7.97,19.37,0.2,R
,185241,1215,0,047,-0.03,-0.278,1.129,9.75,-24.48,3.9,R
,185271,1263,0,851,0.02,-0.29,1.067,14.13,-24.11,12.4,R
,185291,1249,0,855,-0.34,-0.312,1.077,15.03,-25.75,1417,R
,185341,1225,0,015,-0.06,-0.37,1.029,18.86,-29.01,2550,R
,185461,1249,0,4067,-0.98,-0.39,1.066,30.04,-33.87,37.59,R
,185531,1309,0,845,-0.25,-0.34,0.835,44.56,-37.95,3326,R
,185541,1329,0,094,-0.47,-0.45,0.798,48.56,-38.59,3069,R
,185551,1345,0,855,-0.34,-0.368,0.667,44.94,-36.24,2614,R
,185561,1328,0,4077,-0.45,-0.380,0.653,40.24,-4.19,26.37,R
,185581,1309,0,016,0.02,-0.37,0.523,3.98,-22.18,21.7,R
,185611,1296,0,846,-0.12,-0.467,0.492,7.00,-10.51,14.9,R
,185631,1296,0,854,-0.07,-0.471,0.523,9.86,-2.42,9.26,R
,185691,1359,0,835,-0.30,-0.39,0.791,-14.08,37.98,2.2,R
,185841,1407,0,095,-0.65,-0.359,0.937,-5.39,29.17,-24.55,R
,185901,1407,0,062,-0.069,-0.383,0.922,-23.49,27.52,-34.35,R
,185921,1410,0,4095,-0.52,-0.404,0.929,-30.13,8.42,-3.00,R
,185941,1415,0,082,-0.20,-0.43,0.912,-34.08,7.58,-4027,R
,185981,1424,0,071,0.04,-0.388,0.753,-25.01,-0.42,-4224,R
,186011,1446,0,844,0.141,-0.333,0.632,-28.34,-12.79,-50.59,R
,186071,1424,0,841,-0.85,-0.370,1.458,-42.30,34.42,-10.55,R
,186121,1424,0,091,-0.74,-0.237,1.726,-11.06,-3.20,1.55,R
,186191,1453,0,3847,0.05,-0.29,1.114,5.83,-22.68,10.8,R
,186271,1451,0,847,0.06,-0.342,1.056,8.79,-2.09,29.2,R
,186291,1455,0,840,-0.22,-0.33,1.071,19.38,-0.27,34.29,R
,186321,1451,0,4065,-0.23,-0.315,1.041,17.60,-3.30,38.87,R
,186331,1453,0,3838,-0.19,-0.333,1.072,15.78,-7.27,37.62,R
,186461,1347,0,4095,-0.53,-0.405,0.808,35.25,-32.65,3596,R
,186541,1345,0,095,-0.33,-0.490,0.494,5.69,-28.76,7.7,R
,186581,1348,0,4095,-0.02,-0.525,0.421,13.70,-2.59,7.97,R
,186591,1323,0,3842,0.010,-0.500,0.519,6.41,11.28,5.79,
,186601,1328,0,095,-0.05,-0.483,0.668,-1.58,1.61,-0.2,R
,186621,1343,0,083,-0.54,-0.444,0.662,3.54,30.02,-0.96,R
,186641,1331,0,4095,-0.84,-0.442,0.716,-20.36,22.85,-13.13,R
,186651,1348,0,3840,-0.12,-0.448,0.781,-19.91,18.01,-1.40,R
,186721,1318,0,095,-0.02,-0.400,0.942,-17.06,33.87,-22.27,R
,186771,1316,0,3838,-0.84,-0.439,1.004,-27.17,28.99,-26.39,R
,186781,1280,0,4093,-0.094,-0.425,0.994,-26.57,9.02,-2.88,R
,186811,1291,0,3837,0.009,-0.43,0.912,19.43,19.46,-2783,R
,186831,1296,0,841,0.06,-0.415,0.829,-24.91,9.70,-37.42,R
,186881,1235,0,4095,0.151,-0.410,0.677,-36.52,9.41,-34.0,R
,186901,1262,0,095,0.13,-0.408,0.639,-32.91,1.49,-45.3,R
,186931,1297,0,3824,0.042,-0.33,0.815,-43.99,6.99,-38.8,R
,186981,1114,0,4095,-0.19,-0.355,1.693,-27.64,44.31,1150,R
,187081,1219,0,095,0.06,-0.330,1.141,17.77,-2.90,7.0,R
,187101,1250,0,095,0.05,-0.345,1.057,16.67,-23.38,17.6,R
,187111,1248,0,3836,0.00,-0.354,1.045,15.63,-20.51,20.5,R
,187131,1237,0,830,0.07,-0.380,1.018,14.56,-17.59,23.1,R
,187161,1271,0,095,0.05,-0.418,1.063,14.57,-3.05,29.2,R
,187171,1263,0,831,0.05,-0.422,1.037,12.10,-33.73,30.3,R
,187211,1311,0,3824,0.05,-0.481,1.075,16.45,-29.12,37.56,R
,187241,1302,0,4095,0.05,-0.512,1.096,7.83,-2921,34.9,R
,187261,1313,0,4095,0.038,-0.570,1.090,-2.13,-43.85,25.81,R
,187291,1312,0,3830,0.057,-0.68,1.073,0.68,-51.11,20.57,R
,187301,1287,0,4095,0.07,-0.699,1.057,6.21,-48.82,18.87,R
,187341,1316,0,4095,0.083,-0.653,0.807,2.36,-46.11,0.0,R
,187351,1314,0,3824,0.116,-0.65,0.746,-11.68,-48.94,-7.49,R
,187381,1247,0,095,0.06,-0.645,0.602,-36.04,-56.82,-2.42,R
,187391,1265,0,3835,0.068,-0.66,0.590,-33.87,-8.22,-3.43,R
,187411,1267,0,828,0.08,-0.569,0.556,-22.42,-52.57,-3.13,R
,187451,1232,0,3829,-0.029,-0.47,0.517,-39.99,56.72,-5.71,R
,187501,1200,0,4095,-0.047,-0.390,0.583,-35.04,-19.21,-26.42,R
,187521,1132,0,095,-0.43,-0.409,0.617,-35.62,10.27,-0.64,R
,187611,1268,0,831,0.10,-0.535,0.722,-32.57,9.84,-6.97,R
,187621,1269,0,095,0.18,-0.525,0.725,-29.14,15.23,-5.46,R
,187691,1313,0,3825,0.149,-0.55,0.804,-35.41,18.34,-9.2,R
,187721,1328,0,4095,0.17,-0.58,0.822,23.64,10.60,-1509,R
,187741,1365,0,081,0.21,-0.562,0.753,-15.24,13.63,-11.92,R
,187771,1409,0,3824,0.271,-0.538,0.701,-23.61,11.89,-1655,R
,187781,1411,0,095,0.21,-0.543,0.676,-29.32,15.02,-15.32,R
,187811,1409,0,826,0.22,-0.540,0.707,-29.12,20.80,-1146,R
,187851,1427,0,3827,0.299,-0.549,0.718,-20.74,1.38,-17.1,R
,187891,1406,0,824,0.26,-0.61,1.012,-35.94,26.18,-10.30,R
,187911,1329,0,3826,0.170,-0.619,1.304,-33.15,36.07,3.9,R
,187931,1234,0,3831,0.099,-0.646,1.533,-22.78,28.77,12.7,R
,187961,1197,0,4095,0.177,-0.638,1.549,8.06,-0.16,8.97,
,187991,1200,0,826,0.21,-0.595,1.166,16.45,-8.51,10.4,R
,188021,1206,0,4095,0.28,-0.58,0.982,19.86,-12.65,15.53,R
,188031,1225,0,3824,0.20,-0.57,0.930,0.80,-14.30,15.87,R
,188041,1226,0,4095,0.198,-0.561,0.905,8.28,-1.99,17.93,R
,188091,1250,0,3824,0.222,-0.594,0.866,10.80,-34.28,27.91,R
,188101,1251,0,095,0.23,-0.589,0.858,12.38,-30.08,30.80,R
,188111,1249,0,829,0.22,-0.595,0.864,15.89,-22.63,33.70,R
,188161,1230,0,4095,0.18,-0.628,0.969,-1.03,-31.14,36.9,R
,188191,1221,0,822,0.06,-0.656,1.007,13.75,-35.44,33.0,R
,188201,1225,0,095,0.01,-0.636,1.003,20.15,-29.18,34.1,R
,188211,1219,0,3827,0.18,-0.49,1.002,1.67,-19.96,32.45,R
,188271,1251,0,3835,-0.00,-0.710,0.751,27.84,-54.95,2167,R
,188291,1343,0,3835,0.04,-0.65,0.611,1.14,-5.09,20.65,R
,188301,1363,0,4095,0.01,-0.64,0.538,45.08,-51.21,21.5,R
,188311,1373,0,834,0.03,-0.629,0.464,5.58,-42.07,24.58,R
,188321,1364,0,4095,0.065,-0.617,0.369,43.67,-30.69,24.55,R
,188351,1405,0,829,0.06,-0.632,0.259,26.88,-19.44,17.0,R
,188431,1413,0,831,0.03,-0.65,0.456,1.09,2633,1.79,R
,188441,1416,0,4095,0.08,-0.682,0.510,8.18,3450,4.91,R
,188451,1413,0,827,0.14,-0.63,0.532,3.96,3644,-1.42,R
,188521,1407,0,095,0.15,-0.67,0.799,-0.88,37.60,-11.4,R
,188531,1409,0,829,0.10,-0.676,0.806,2.90,40.91,-12.7,R
,188561,1419,0,095,0.04,-0.607,0.841,-4.60,45.29,-11.4,R
,188571,1424,0,833,0.14,-0.65,0.843,-7.93,36.48,-15.8,R
,188601,1427,0,4095,0.100,-0.652,0.837,-14.77,17.64,-2764,R
,188621,1392,0,4095,0.17,-0.660,0.822,19.14,2.04,-26.70,R
,188671,1403,0,827,0.11,-0.60,0.708,6.46,32.45,-29.8,R
,188681,1402,0,095,0.16,-0.56,0.667,-8.40,30.04,-29.3,R
,188711,1413,0,827,0.29,-0.53,0.597,-27.18,10.27,-3622,R
,188721,1408,0,095,0.28,-0.574,0.585,-30.91,1.49,-41.4,R
,188771,1361,0,829,0.20,-0.381,0.789,27.09,24.33,-38.91,R
,188781,1361,0,4095,0.21,-0.539,0.867,-30.60,2.76,-29.34,R
,188811,1272,0,830,0.08,-0.54,1.286,-35.50,31.63,-1119,R
,188831,1223,0,3827,0.08,-0.60,1.544,-26.52,32.42,3.5,R
,188841,1222,0,4095,0.01,-0.59,1.614,15.93,27.67,7.5,R
,188871,1195,0,3830,0.19,-0.55,1.580,12.22,3.32,9.99,
,188891,1217,0,829,0.29,-0.54,1.247,1.80,-269,14.07,R
,188911,1201,0,836,0.228,-0.564,1.141,23.16,-1.59,15.2,R
,188921,1200,0,095,0.225,-0.545,1.116,26.10,-1.33,16.94,R
,189091,1179,0,827,0.13,-0.608,0.996,14.18,-32.57,37.2,R
,189101,1178,0,095,0.11,-0.634,0.998,12.24,-35.89,36.7,R
,189131,1176,0,3824,0.165,-0.720,1.021,13.52,-51.84,32.0,R
,189151,1210,0,3825,0.199,-0.749,0.985,14.01,-52.47,28.2,R
,189171,1212,0,3823,0.25,-0.752,0.899,8.73,-47.53,24.5,R
,189191,1220,0,3815,0.17,-0.814,0.842,.11,-45.93,14.40,R
,189201,1211,0,4095,0.195,-0.820,0.784,-1.20,-48.45,7.6,R
,189211,1215,0,3824,0.19,-0.818,0.757,-6.19,-53.59,2.62,R
,189221,1211,0,4095,0.14,-0.843,0.687,-9.49,-59.32,-3.29,R
,189231,1232,0,3823,0.171,-0.859,0.625,-8.52,-62.31,-9.6,R
,189261,1189,0,095,0.12,-0.772,0.458,-21.50,-60.24,-2.23,R
,189371,1219,0,3833,0.093,-0.542,0.460,-25.46,-14.40,-3.90,R
,189421,1234,0,4059,0.154,-0.494,0.520,-30.97,-8.11,-2632,R
,189451,1269,0,3830,0.10,-0.527,0.571,-36.37,0.59,-15.77,R
,189481,1269,0,4010,0.23,-0.508,0.632,-21.78,23.81,-10.18,R
,189491,1269,0,3831,0.26,-0.525,0.636,-21.00,26.28,-9.60,R
,189511,1267,0,3835,0.255,-0.544,0.649,-28.91,15.58,-1157,R
,189531,1269,0,3826,0.323,-0.588,0.667,-29.52,3.72,-13.71,R
,189551,1300,0,830,0.37,-0.61,0.648,22.28,1.54,-1287,R
,189591,1296,0,3818,0.421,-0.615,0.578,-18.88,28.37,-1041,R
,189681,1270,0,3909,0.49,-0.682,0.642,17.68,1.39,-4131,R
,189691,1264,0,3829,0.47,-0.620,0.679,23.17,1.73,-3899,R
,189711,1284,0,840,0.44,-0.605,0.885,-34.14,35.92,-2680,R
,189721,1229,0,3973,0.386,-0.616,0.989,-37.44,3.74,-1790,R
,189761,1281,0,3974,0.332,-0.658,1.335,-12.45,16.88,-1273,R
,189791,1290,0,843,0.35,-0.604,1.307,8.91,8.2,-5.64,
,189821,1264,0,3957,0.49,-0.599,1.059,3.83,-1.66,2.51,JH189831b¢brbjrbrbrʪbjrbrb
,189841,1261,0,963,0.48,-0.644,0.949,10.85,-6.21,7.45,R
,189871,1266,0,850,0.46,-0.596,0.855,8.54,-1.89,10.5,R
,189901,1280,0,973,0.41,-0.602,0.799,6.28,-26.25,12.5,R
,189911,1293,0,3855,0.46,-0.609,0.788,7.17,-25.34,14.98,R
,189921,1297,0,3963,0.48,-0.603,0.785,8.21,-21.26,18.1,R
,189941,1281,0,961,0.45,-0.617,0.790,11.54,-13.66,23.53,R
,189951,1287,0,3850,0.48,-0.609,0.789,10.41,-12.53,26.3,R
,189981,1221,0,3961,0.369,-0.636,0.843,4.16,-23.23,26.91,R
,190011,1254,0,3840,0.35,-0.653,0.847,13.89,-31.85,26.5,R
,190041,1248,0,973,0.39,-0.651,0.854,11.26,-3.86,29.5,R
,190061,1246,0,982,0.27,-0.645,0.828,.14,-3395,27.4,R
,190101,1258,0,999,0.28,-0.698,0.702,26.96,-36.47,27.7,R
,190111,1248,0,840,0.23,-0.70,0.642,2.83,-35.72,28.04,R
,190121,1253,0,011,0.25,-0.690,0.565,37.16,-3.10,27.5,R
,190131,1277,0,833,0.27,-0.650,0.468,34.91,-32.89,26.74,R
,190161,1359,0,987,0.20,-0.656,0.293,4.82,-3.86,22.4,R
,190171,1369,0,3851,0.34,-0.697,0.234,19.80,-43.30,16.5,R
,190181,1385,0,003,0.32,-0.71,0.189,5.98,-46.24,11.68,R
,190191,1389,0,3839,0.39,-0.744,0.168,15.61,-47.03,6.6,R
,190281,1442,0,019,0.22,-0.720,0.346,.36,12.0,1.27,
,190301,1450,0,3982,0.25,-0.701,0.415,-18.49,16.54,-2.6,R
,190321,1456,0,986,0.26,-0.725,0.492,-19.67,27.43,-0.9,R
,190341,1449,0,014,0.25,-0.746,0.594,-11.46,36.73,-6.58,R
,190381,1360,0,009,0.26,-0.685,0.611,13.44,4.36,-1.6,R
,190391,1354,0,837,0.27,-0.714,0.646,-18.34,3.05,-5.6,R
,190401,1338,0,4009,0.26,-0.731,0.662,-21.52,3.95,-9.7,R
,190441,1343,0,4007,0.25,-0.736,0.646,-11.07,25.20,-12.85,R
,190451,1354,0,841,0.39,-0.716,0.621,-8.97,28.53,-13.9,R
,190481,1350,0,4022,0.36,-0.715,0.575,-15.73,28.65,-14.93,R
,190501,1339,0,016,0.30,-0.694,0.523,-17.39,21.11,-2019,R
,190511,1323,0,826,0.34,-0.702,0.543,-16.13,19.90,-2416,R
,190521,1340,0,3997,0.46,-0.706,0.536,-14.54,13.44,-2946,R
,190531,1358,0,835,0.49,-0.696,0.505,-14.40,9.96,-32.1,R
,190551,1359,0,839,0.47,-0.643,0.507,-14.37,13.57,-34.22,R
,190571,1363,0,837,0.38,-0.605,0.583,-22.71,2.88,-3293,R
,190661,1238,0,4011,0.26,-0.651,1.460,1.19,20.63,11.71,R
,190681,1237,0,005,0.24,-0.580,1.413,17.25,18.76,19.6,R
,190821,1350,0,003,0.47,-0.756,0.814,16.70,-29.58,29.6,R
,190831,1351,0,3847,0.30,-0.738,0.809,20.50,-23.34,31.6,R
,190871,1371,0,3830,0.28,-0.711,0.802,19.52,-17.53,36.2,R
,190881,1377,0,4016,0.31,-0.736,0.836,10.39,-25.17,34.7,R
,190951,1366,0,826,0.33,-0.938,0.768,15.28,-3.34,17.09,R
,191041,1254,0,015,0.31,-0.892,0.475,-17.14,-0.08,-2.14,R
,191131,1247,0,3831,0.29,-0.651,0.268,-40.40,-23.79,-4.20,R
,191141,1238,0,022,0.12,-0.619,0.280,-41.70,-18.95,-4.10,R
,191161,1264,0,4023,0.12,-0.581,0.294,-41.14,-14.69,-3.61,R
,191171,1264,0,830,0.10,-0.558,0.299,-42.37,-12.02,-32.33,R
,191191,1259,0,824,0.11,-0.548,0.322,-48.88,-.67,-2861,R
,191201,1270,0,4018,0.17,-0.578,0.349,-48.28,-10.50,-25.20,R
,191221,1325,0,4021,0.221,-0.565,0.354,-41.06,-.11,-1925,R
,191241,1296,0,4021,0.277,-0.585,0.349,-35.14,964,-13.3,R
,191261,1296,0,023,0.23,-0.581,0.373,-29.97,23.66,-6.33,R
,191281,1281,0,4027,0.294,-0.580,0.383,-32.30,3.06,2.22,R
,191341,1329,0,4050,0.46,-0.71,0.498,-29.15,29.40,-5.0,R
,191381,1381,0,009,0.45,-0.738,0.451,-19.10,3.15,-1090,R
,191391,1375,0,831,0.51,-0.73,0.507,-17.23,26.11,-17.26,R
,191401,1375,0,3991,0.59,-0.75,0.492,19.03,21.90,-22.70,R
,191411,1382,0,837,0.57,-0.739,0.455,-17.62,20.86,-25.69,R
,191441,1392,0,999,0.50,-0.817,0.421,18.57,25.23,-21.17,R
,191481,1402,0,4010,0.624,-0.71,0.616,-19.07,1.96,-46.32,R
,191491,1407,0,3827,0.571,-0.730,0.704,21.14,26.18,-4287,R
,191521,1429,0,3998,0.528,-0.69,1.098,16.39,37.03,-2618,R
,191581,1443,0,984,0.57,-0.632,1.200,16.96,-166,-2.45,R
,191691,1424,0,831,0.47,-0.659,0.651,8.67,-3889,32.2,R
,191711,1430,0,3838,0.494,-0.67,0.649,3.72,-33.58,39.5,R
,191731,1430,0,829,0.51,-0.699,0.673,13.63,-3.74,41.52,R
,191741,1422,0,999,0.48,-0.689,0.648,9.14,-3155,43.75,R
,191801,1392,0,011,0.34,-0.77,0.742,12.15,-56.92,35.4,R
,191861,1333,0,022,0.33,-0.80,0.675,23.14,-4.87,28.1,R
,191871,1336,0,831,0.32,-0.788,0.662,21.14,-5.07,29.3,R
,191901,1334,0,006,0.295,-0.800,0.522,24.42,-54.36,26.10,R
,191931,1353,0,827,0.35,-0.771,0.354,26.88,-3.79,28.57,R
,191941,1330,0,016,0.278,-0.797,0.334,4.44,-24.30,27.8,R
,191951,1323,0,3825,0.23,-0.746,0.224,32.68,-1.53,29.67,R
,192001,1295,0,001,0.264,-0.720,0.001,16.03,-35.58,22.57,R
,192031,1413,0,826,0.69,-0.593,-0.264,-19.32,57.64,-10.96,R
,192041,1423,0,027,0.41,-0.90,-0.176,-4.78,-3.76,4.2,R
,192061,1465,0,014,0.30,-0.81,-0.110,-2.71,-3.17,1466,R
,192101,1495,0,012,0.36,-0.83,0.186,22.06,1726,-2.2,R
,192121,1499,0,001,0.368,-0.778,0.184,9.96,14.37,-4.2,R
,192141,1503,0,4033,0.334,-0.838,0.311,-28.34,5.73,-12.32,R
,192151,1479,0,3827,0.344,-0.862,0.362,-25.36,984,-13.5,R
,192161,1482,0,026,0.347,-0.86,0.415,18.07,16.22,-13.81,R
,192171,1475,0,827,0.345,-0.88,0.439,9.14,26.07,-12.19,R
,192191,1459,0,829,0.33,-0.88,0.450,-0.17,3428,-13.2,R
,192201,1491,0,006,0.38,-0.838,0.425,-0.34,3621,-13.7,R
,192221,1439,0,3994,0.351,-0.803,0.426,-13.36,3.89,-1209,R
,192231,1434,0,826,0.345,-0.79,0.426,19.20,30.33,-1390,R
,192261,1381,0,006,0.375,-0.826,0.412,-23.26,23.66,-24.47,R
,192291,1309,0,835,0.35,-0.81,0.391,-21.44,35.31,-2567,R
,192361,1375,0,986,0.377,-0.898,0.462,-34.33,23.34,-4178,R
,192371,1371,0,828,0.32,-0.906,0.468,33.07,2.05,-4531,R
,192381,1370,0,993,0.402,-0.90,0.479,-32.59,2.11,-4790,R
,192411,1392,0,831,0.45,-0.890,0.509,-31.78,3.37,-50.24,R
,192461,1466,0,3998,0.427,-0.890,0.474,-33.61,31.99,-6538,R
,192471,1462,0,3833,0.452,-0.840,0.465,-33.96,34.41,-6920,R
,192481,1477,0,4010,0.355,-0.911,0.462,-31.39,3.94,-7134,R
,192491,1489,0,827,0.390,-0.850,0.443,-31.41,42.36,-7258,R
,192531,1459,0,823,0.350,-0.77,0.452,-30.04,5.36,-8401,R
,192581,1408,0,990,0.212,-0.477,0.499,26.62,100.63,-5.71,R
,192601,1360,0,987,0.186,-0.460,0.587,18.71,124.94,-4.19,R
,192641,1387,0,3984,0.004,-0.236,0.831,36.35,17.86,-1992,R
,192711,1377,0,825,0.081,-0.14,1.173,14.42,180.85,1297,R
,192721,1397,0,984,0.074,-0.140,1.157,130.96,14.89,17.30,R
,192731,1399,0,829,0.106,-0.11,1.152,143.80,207.00,27.03,R
,192771,1365,0,830,0.18,-0.208,1.202,68.19,211.60,4802,R
,192791,1403,0,3836,0.082,-0.238,1.239,174.45,199.31,52.07,R
,192801,1405,0,4006,0.066,-0.239,1.219,171.06,185.55,52.52,R
,192821,1408,0,030,0.084,-0.228,1.283,164.64,161.29,4913,R
,192831,1407,0,3830,0.095,-0.212,1.298,161.87,12.25,49.47,R
,192851,1441,0,827,0.075,-0.294,1.304,153.74,130.66,49.29,R
,192901,1427,0,4006,-0.055,-0.141,1.276,154.09,98.95,38.14,R
,192911,1421,0,824,-0.074,-0.155,1.277,150.54,89.47,3843,R
,192951,1396,0,3815,-0.104,-0.036,1.263,136.44,3.00,3854,R
,193111,1244,0,3809,-0.209,0.286,0.922,107.72,45.87,46.43,R
,193121,1264,0,003,-0.217,0.306,0.893,105.40,46.53,45.49,R
,193131,1263,0,3824,-0.215,0.333,0.869,102.96,4.73,43.9,R
,193141,1262,0,4003,-0.58,0.321,0.813,6.21,40.89,41.53,R
,193151,1270,0,3824,-0.262,0.371,0.817,91.32,4308,41.68,R
,193171,1290,0,3825,-0.78,0.35,0.810,76.13,50.63,39.07,R
,193181,1296,0,4018,-0.301,0.357,0.800,74.61,5720,43.35,R
,193191,1280,0,3815,-0.293,0.341,0.808,2.85,6048,46.4,R
,193241,1292,0,4002,-0.234,0.352,0.828,38.09,5305,21.00,R
,193251,1322,0,3824,-0.267,0.340,0.903,26.24,4686,16.6,R
,193261,1317,0,4021,-0.65,0.308,0.955,8.03,40.50,12.2,R
,193291,1310,0,834,-0.299,0.292,1.079,2.16,14.9,-13.7,R
,193321,1285,0,4013,-0.366,0.304,1.150,-4.52,-2.79,-19.16,R
,193371,1363,0,825,-0.411,0.460,0.982,23.43,8.0,-14.3,R
,193461,1306,0,042,-0.415,0.42,0.858,8.24,1573,-23.5,R
,193481,1310,0,058,-0.457,0.473,0.812,36.93,24.53,-17.25,R
,193511,1327,0,819,-0.503,0.498,0.793,3.20,7.7,-18.5,R
,193531,1313,0,815,-0.431,0.473,0.783,21.95,-9.78,-24.4,R
,193551,1339,0,3818,-0.414,0.485,0.737,13.11,-2.93,-2853,R
,193561,1389,0,063,-0.401,0.450,0.741,5.54,-1602,-27.89,R
,193631,1280,0,3814,-0.445,0.455,0.748,4.70,-28.95,-27.23,R
,193721,1313,0,4034,-0.513,0.479,0.721,-4.40,-32.76,-2514,R
,193731,1318,0,3821,-0.03,0.485,0.712,-5.41,-3.67,-2366,R
,193751,1329,0,813,-0.508,0.507,0.740,8.57,-3.27,-2577,R
,193761,1319,0,001,-0.509,0.525,0.765,-9.10,-33.20,-27.49,R
,193771,1314,0,3817,-0.553,0.52,0.798,-8.81,-3.65,-28.25,R
,193801,1244,0,021,-0.553,0.531,0.816,-9.43,-40.07,-1971,R
,193831,1267,0,810,-0.537,0.503,0.813,6.31,-3.85,-12.70,R
,193841,1270,0,018,-0.520,0.486,0.782,-3.94,-35.79,-1132,R
,193871,1264,0,3819,-0.475,0.476,0.767,0.04,-38.97,-9.8,R
,193971,1285,0,3811,-0.378,0.494,0.741,18.64,-26.66,0.48,R
,194031,1283,0,817,-0.368,0.539,0.748,4.06,-11.23,5.71,R
,194051,1287,0,810,-0.367,0.544,0.760,28.39,-805,8.13,R
,194081,1191,0,053,-0.335,0.537,0.750,33.81,-558,13.24,R
,194091,1199,0,3815,-0.309,0.537,0.745,33.99,-466,13.93,R
,194101,1189,0,029,-0.305,0.541,0.736,33.87,-3.84,13.35,R
,194161,1257,0,031,-0.306,0.525,0.774,24.27,3.1,16.22,R
,194201,1282,0,031,-0.284,0.514,0.778,0.56,3.4,17.85,R
,194231,1298,0,3809,-0.285,0.516,0.763,9.02,2.8,15.41,
,194291,1323,0,3823,-0.89,0.491,0.798,-4.13,0.01,8.16,R
,194321,1302,0,3970,-0.26,0.47,0.781,-1.97,-1.00,3.94,R
,194381,1269,0,991,-0.310,0.494,0.770,3.55,7.8,-13.22,R
,194391,1287,0,817,-0.330,0.503,0.777,5.35,10.6,-13.46,R
,194441,1276,0,002,-0.374,0.497,0.792,2.24,17.02,-12.5,R
,194451,1297,0,807,-0.352,0.489,0.776,2.96,15.3,-13.3,R
,194471,1290,0,3819,-0.46,0.50,0.748,2.70,14.74,-16.1,R
,194501,1293,0,3988,-0.335,0.538,0.696,8.21,22.80,-13.1,R
,194531,1291,0,3808,-0.36,0.574,0.666,0.21,3149,-10.0,R
,194561,1296,0,035,-0.371,0.603,0.670,8.85,28.5,-10.2,R
,194581,1296,0,4034,-0.78,0.612,0.679,13.34,27.43,-6.5,R
,194601,1269,0,037,-0.383,0.627,0.656,23.98,3395,-3.8,R
,194621,1299,0,4021,-0.90,0.66,0.634,1.26,4370,1.73,R
,194651,1315,0,823,-0.460,0.708,0.650,31.72,53.37,0.97,R
,194711,1295,0,821,-0.90,0.68,0.670,23.08,49.17,10.9,R
,194801,1299,0,016,-0.576,0.632,0.645,8.56,62.3,5.21,
,194841,1354,0,020,-0.606,0.63,0.611,0.49,47.90,5.58,R
,194851,1350,0,3821,-0.582,0.599,0.593,0.52,46.82,6.48,R
,194861,1360,0,4022,-0.589,0.595,0.637,0.70,42.7,0.26,
,194941,1059,0,991,-0.556,0.643,0.762,10.90,1491,-7.0,R
,194971,1071,0,813,-0.11,0.57,0.611,9.51,4.42,-10.42,R
,195021,950,0,4002,-0.616,0.629,0.454,974,24.8,-17.51,R
,195031,957,0,3819,-0.626,0.628,0.458,6.07,15.8,-20.42,R
,195121,943,0,389,-0.69,0.679,0.556,-3.14,-6.4,-2.04,R
,195131,976,0,3815,-0.613,0.692,0.555,-4.83,-1182,-2.9,R
,195161,976,0,400,-0.53,0.695,0.546,-11.67,-2.72,-8.15,R
,195231,991,0,3814,-0.560,0.646,0.514,-11.50,-12.45,-1010,R
,195251,1003,0,817,-0.582,0.627,0.527,-16.78,-8.82,-1.71,R
,195281,991,0,3998,-0.552,0.620,0.537,-9.41,-12.10,-2.19,R
,195291,987,0,318,-0.553,0.617,0.560,-5.96,-5.4,0.23,R
,195311,1010,0,3814,-0.573,0.628,0.564,-5.04,0.4,-1.51,R
,195321,1013,0,984,-0.599,0.63,0.569,6.95,-0.74,-2.3,R
,195371,1040,0,807,-0.573,0.58,0.573,11.35,-15.87,-1.00,R
,195381,1022,0,005,-0.580,0.591,0.560,-9.93,-1.62,1.13,R
,195401,1023,0,3992,-0.577,0.598,0.578,-10.04,2.60,1.50,R
,195471,1020,0,3803,-0.577,0.57,0.593,13.78,-14.71,-343,R
,195481,1023,0,3990,-0.564,0.561,0.583,-12.74,-13.78,-3.55,R
,195491,1041,0,3800,-0.566,0.550,0.575,-10.14,-.78,-2.4,R
,195501,1041,0,3923,-0.558,0.547,0.583,-6.26,-395,-0.3,R
,195521,1039,0,4007,-0.561,0.558,0.585,-0.80,4.2,1.49,
,195561,1045,0,3995,-0.592,0.582,0.610,-4.97,-8.24,-2.85,R
,195601,1049,0,013,-0.540,0.547,0.614,2.26,-4.18,1.88,R
,195661,1045,0,3997,-0.577,0.590,0.596,0.10,-1.1,-1.37,R
,195671,1044,0,810,-0.72,0.58,0.591,1.25,-1.4,-1.61,R
,195731,1046,0,807,-0.75,0.571,0.583,2.53,5.3,-1.08,R
,195751,1050,0,807,-0.79,0.57,0.600,.93,4.74,-0.59,
,195771,1053,0,3807,-0.94,0.58,0.597,-0.04,1.1,0.58,
,195851,1050,0,3803,-0.569,0.591,0.595,-3.62,0.9,2.54,R
,195921,1057,0,985,-0.603,0.57,0.613,10.57,-.19,0.7,R
,195981,1050,0,3984,-0.572,0.550,0.585,-7.88,-2.18,2.33,R
,196031,1047,0,819,-0.562,0.548,0.610,0.98,-5.18,-2.6,R
,196061,1046,0,974,-0.553,0.564,0.625,.14,4.5,-6.07,
,196071,1023,0,807,-0.572,0.586,0.619,.67,3.5,-7.52,
,196161,1003,0,979,-0.08,0.61,0.762,7.55,3.2,-11.05,R
,196181,1009,0,987,-0.525,0.551,0.602,.28,-8.79,-12.8,R
,196201,1008,0,3974,-0.571,0.560,0.589,0.96,-10.08,-9.2,R
,196241,1069,0,968,-0.72,0.582,0.608,4.82,6.6,-1.96,R
,196261,1084,0,991,-0.87,0.60,0.615,0.85,10.8,-3.63,R
,196311,1135,0,799,-0.587,0.562,0.647,2.97,4.5,-6.55,
,196351,1122,0,813,-0.603,0.587,0.609,-6.20,12.77,-2.4,R
,196381,998,0,361,-0.601,0.592,0.601,-15.46,-2.63,-6.3,R
,196431,1008,0,3815,-0.623,0.563,0.653,-17.47,1.19,0.84,R
,196531,978,0,311,-0.64,0.564,0.622,-14.88,23.20,11.1,R
,196541,912,0,352,-0.605,0.556,0.614,-6.36,2244,10.8,R
,196561,879,0,3921,-0.612,0.542,0.601,-17.27,14.70,11.03,R
,196621,990,0,337,-0.609,0.525,0.599,-2.17,1442,10.98,R
,196701,825,0,3938,-0.569,0.502,0.615,-5.35,-1.64,5.07,R
,196721,705,0,320,-0.574,0.484,0.635,-6.62,-103,4.02,R
,196731,771,0,330,-0.595,0.501,0.629,-16.31,0.5,3.61,R
,196811,789,0,3824,-0.544,0.490,0.637,-2.36,-7.23,2.72,
,196901,782,0,3930,-0.527,0.488,0.650,3.02,-10.4,3.78,
,196911,816,0,326,-0.530,0.489,0.655,3.12,-4.7,4.02,R
,197001,951,0,329,-0.537,0.474,0.701,-.11,-8.7,3.16,R
,197011,951,0,3829,-0.554,0.491,0.698,-0.08,-0.76,2.26,
,197041,955,0,305,-0.587,0.512,0.698,-1.70,3.4,-0.53,
,197071,953,0,3834,-0.575,0.503,0.694,-7.23,-1610,-1.5,R
,197111,951,0,345,-0.514,0.460,0.702,-.55,-9.18,0.91,
,197121,958,0,3911,-0.517,0.459,0.712,-6.80,-1.26,3.01,R
,197141,889,0,310,-0.535,0.485,0.713,-3.96,7.6,2.22,R
,197171,894,0,334,-0.564,0.499,0.695,-9.90,-6.0,-1.61,R
,197181,895,0,329,-0.571,0.501,0.683,-10.23,-13.21,-1.0,R
,197191,880,0,3836,-0.556,0.495,0.688,-9.35,-1611,-1.3,R
,197201,880,0,324,-0.540,0.480,0.692,-.57,-14.86,-0.70,R
,197211,878,0,324,-0.519,0.465,0.700,-.75,-1076,-0.41,R
,197241,884,0,322,-0.513,0.454,0.702,4.30,6.74,-1.22,R
,197301,883,0,306,-0.560,0.466,0.737,1.90,-16.62,-8.10,R
,197341,878,0,3910,-0.517,0.438,0.699,21.22,0.8,-8.27,
,197361,889,0,3911,-0.523,0.467,0.687,20.25,9.11,-13.71,R
,197421,956,0,3901,-0.850,0.640,1.055,-0.20,-5.23,-19.72,R
,197431,936,0,353,-0.453,0.528,0.608,4.53,-4.8,-19.54,R
,197501,912,0,3890,-0.519,0.511,0.652,12.74,2.2,-5.58,
,197521,958,0,3900,-0.504,0.538,0.668,15.25,7.96,-2.67,
,197591,949,0,361,-0.591,0.541,0.693,1.77,10.9,1.13,R
,197631,964,0,3846,-0.588,0.558,0.641,-9.73,6.4,4.26,R
,197681,1019,0,3903,-0.87,0.520,0.628,-11.38,9.64,12.4,R
,197711,1044,0,3877,-0.644,0.52,0.645,13.82,4.45,9.01,R
,197721,1014,0,3894,-0.650,0.51,0.652,13.49,1.11,9.67,R
,197731,1036,0,881,-0.47,0.515,0.645,12.52,-2.16,10.87,R
,197741,995,0,3902,-0.66,0.500,0.651,-10.94,-4.71,11.29,R
,197751,991,0,383,-0.68,0.496,0.664,-10.30,-5.99,10.8,R
,197851,983,0,3881,-0.571,0.516,0.689,-5.04,-7.00,3.38,R
,197871,986,0,381,-0.575,0.513,0.679,-5.07,-1465,-2.42,R
,197901,987,0,3888,-0.59,0.472,0.668,1.86,-14.14,2.81,
,197961,944,0,394,-0.59,0.507,0.679,464,3.18,1.18,R
,198051,899,0,393,-0.55,0.507,0.670,4.93,-1.67,-0.80,
,198071,913,0,391,-0.580,0.515,0.662,4.77,-2.6,-0.25,
,198091,939,0,398,-0.570,0.534,0.667,1.86,-2.4,0.97,R
,198201,931,0,3887,-0.521,0.521,0.659,-.14,-3.50,2.25,R
,198231,939,0,313,-0.525,0.531,0.677,119,-1.49,1.88,R
,198251,945,0,310,-0.516,0.527,0.705,0.70,-0.8,0.29,R
,198291,1008,0,917,-0.15,0.51,0.712,-0.13,-253,-3.8,R
,198341,963,0,388,-0.517,0.479,0.666,5.89,-4.7,-8.61,R
,198361,966,0,387,-0.529,0.473,0.681,10.54,2.37,-5.93,
,198471,893,0,326,-0.547,0.525,0.663,14.39,0.0,-3.89,R
,198481,882,0,378,-0.56,0.527,0.655,15.17,2.6,-3.37,R
,198661,1043,0,887,-0.52,0.56,0.670,-8.60,-1.18,12.5,R
,198681,1066,0,882,-0.462,0.492,0.669,-4.78,-1.30,14.20,R
,198721,1094,0,875,-0.521,0.56,0.650,-11.61,-0.13,1426,R
,198731,1098,0,3955,-0.554,0.539,0.685,-14.52,-13.09,14.87,R
,198741,1097,0,877,-0.478,0.52,0.667,16.68,-17.55,1196,R
,198781,1090,0,885,-0.489,0.528,0.679,5.04,-1.27,9.1,R
,198821,1088,0,879,-0.56,0.51,0.722,.07,2.83,10.77,
,198831,1079,0,939,-0.473,0.542,0.736,-2.89,4.10,10.78,R
,198841,1074,0,886,-0.82,0.539,0.739,-6.02,1.9,10.52,R
,198871,1012,0,920,-0.485,0.555,0.745,-10.65,-2.85,8.5,R
,198881,1011,0,882,-0.89,0.55,0.747,-9.24,-1.63,7.99,R
,198961,899,0,3882,-0.453,0.518,0.729,-12.65,-10.43,5.82,R
,199011,994,0,3895,-0.439,0.551,0.760,-9.23,-5.01,5.18,
,199051,1072,0,885,-0.467,0.55,0.709,8.19,0.79,4.81,
,199071,1070,0,3888,-0.485,0.563,0.686,-7.58,1.18,3.61,
,199111,1217,0,949,-0.478,0.54,0.724,-10.19,-.29,-1.3,R
,199121,1216,0,881,-0.480,0.55,0.723,9.39,-314,-3.3,R
,199131,1239,0,914,-0.482,0.551,0.750,8.84,-283,-3.9,R
,199141,1253,0,864,-0.85,0.54,0.753,-9.09,-300,-4.1,R
,199201,1261,0,882,-0.10,0.52,0.721,-15.56,041,-1.9,R
,199211,1259,0,914,-0.510,0.50,0.717,16.19,-0.79,-1.5,R
,199221,1214,0,877,-0.07,0.506,0.711,-16.07,-.69,-1.22,R
,199251,1173,0,3901,-0.466,0.45,0.733,15.62,-.37,-2.4,R
,199261,1172,0,3875,-0.461,0.437,0.733,-14.51,-0.22,-2.2,R
,199291,1279,0,3950,-0.432,0.440,0.741,-4.02,4.47,-1.87,R
,199381,1296,0,867,-0.449,0.41,0.759,.72,-10.13,-7.1,R
,199411,1014,0,931,-0.436,0.42,0.760,.29,0.2,-5.87,
,199431,976,0,339,-0.49,0.444,0.772,6.47,-4.0,-9.03,R
,199571,910,0,346,-0.482,0.506,0.761,7.52,1.14,-1.83,R
,199621,915,0,359,-0.463,0.468,0.737,11.05,14.54,4.52,
,199631,912,0,3952,-0.436,0.484,0.719,13.64,18.8,5.55,
,199641,914,0,3859,-0.457,0.516,0.698,9.64,23.9,8.05,R
,199701,918,0,359,-0.453,0.513,0.756,18.01,40.53,13.50,R
,199751,693,0,3957,-0.509,0.575,0.683,14.13,55.50,14.58,R
,199761,802,0,356,-0.487,0.573,0.653,938,42.0,6.91,R
,199781,814,0,357,-0.538,0.589,0.555,5.45,19.79,1.38,R
,199811,849,0,378,-0.469,0.528,0.566,1.21,9.1,2.46,R
,199831,877,0,349,-0.535,0.584,0.633,9.06,22.85,-0.18,R
,199851,882,0,3967,-0.571,0.615,0.699,-2.89,12.0,-6.44,R
,199891,944,0,370,-0.519,0.565,0.739,9.63,-0.13,-2.70,
,199901,946,0,357,-0.501,0.536,0.698,10.44,5.75,-1.63,
,199911,969,0,367,-0.502,0.540,0.693,937,13.7,0.78,R
,199931,971,0,381,-0.501,0.539,0.633,10.24,25.38,5.99,R
,199941,977,0,3854,-0.504,0.530,0.615,5.46,26.28,5.79,R
,199991,1045,0,973,-0.559,0.561,0.608,8.30,13.5,2.75,
,200161,1451,0,3850,-0.637,0.60,0.546,28.53,4946,-4.41,R
,200171,1483,0,975,-0.686,0.607,0.487,20.79,44.83,-9.28,R
,200191,1488,0,3966,-0.753,0.638,0.462,14.27,30.16,-14.73,R
,200211,1473,0,956,-0.877,0.469,0.509,29.25,15.50,-3.8,R
,200251,1488,0,970,-0.666,0.588,0.401,26.24,21.03,-0.6,R
,200271,1497,0,3969,-0.27,0.568,0.444,13.02,1437,-1.60,R
,200341,1487,0,856,-0.745,0.605,0.546,22.68,1546,-0.6,R
,200381,1475,0,863,-0.720,0.577,0.510,2.91,-1.76,-4.27,R
,200431,1490,0,952,-0.610,0.598,0.463,35.38,1.9,5.30,
,200551,1510,0,954,-0.634,0.751,0.494,-38.94,-51.69,2590,R
,200601,1451,0,3858,-0.670,0.872,0.662,-49.62,-7.89,1475,R
,200671,1327,0,4007,-0.59,0.959,0.508,49.52,695,61.67,R
,200691,1310,0,3971,-0.895,0.963,0.510,46.14,1.90,79.4,R
,200711,1315,0,3970,-0.66,0.91,0.459,40.59,15.26,84.83,R
,200751,1363,0,3984,-0.568,0.682,0.264,60.68,1.30,81.5,R
,200781,1379,0,3856,-1.55,0.24,0.545,-41.20,28.70,110.45,R
,200791,1383,0,3987,-0.354,0.46,0.271,-38.69,49.78,94.10,R
,200871,1402,0,000,-0.05,0.346,0.409,-71.26,67.82,57.3,R
,200921,1410,0,850,-0.480,0.447,0.389,-67.39,8.66,51.1,R
,200931,1399,0,004,-0.76,0.411,0.398,-64.23,87.63,51.4,R
,200961,1405,0,3837,-0.55,0.409,0.496,-40.57,16.88,4732,R
,200981,1408,0,858,-0.447,0.397,0.550,-32.45,19.98,2472,R
,200991,1418,0,981,-0.481,0.381,0.612,34.43,11.40,13.18,R
,201001,1419,0,857,-0.426,0.406,0.601,35.93,90.99,7.6,R
,201041,1475,0,3866,-0.03,0.382,0.690,-31.72,8.94,-0.4,R
,201081,1520,0,863,-0.08,0.408,0.744,-32.51,7.44,-1192,R
,201111,1589,0,920,-0.77,0.469,0.756,-14.33,7.50,-1974,R
,201121,1598,0,3857,-0.84,0.45,0.845,-6.89,69.41,-21.3,R
,201131,1615,0,904,-0.719,0.499,0.922,4.09,64.6,-25.9,R
,201141,1616,0,851,-0.755,0.520,0.977,12.96,5721,-28.6,R
,201161,1618,0,856,-0.22,0.627,1.070,21.23,3621,-29.1,R
,201171,1601,0,3922,-0.830,0.665,1.014,4.56,2477,-27.96,R
,201191,1596,0,3921,-0.824,0.694,0.990,1.70,1094,-20.2,R
,201291,1523,0,941,-0.662,0.558,0.476,-1.55,20.41,-15.87,R
,201301,1481,0,858,-0.646,0.547,0.499,1.35,1425,-16.12,R
,201311,1435,0,926,-0.636,0.559,0.499,0.70,13.9,-19.4,R
,201321,1341,0,3856,-0.64,0.56,0.526,1.67,13.93,-21.4,R
,201331,1338,0,3939,-0.85,0.568,0.543,1.64,9.9,-22.19,R
,201361,1190,0,3856,-0.696,0.558,0.512,1.04,-515,-24.59,R
,201431,1136,0,4046,-0.43,0.516,0.566,11.87,-7.63,-6.30,R
,201441,1122,0,861,-0.37,0.53,0.543,-18.77,-11.99,-432,R
,201491,1033,0,082,-0.734,0.452,0.635,.22,11.75,1.03,R
,201541,1111,0,847,-0.82,0.515,0.431,-16.68,2.42,-0.5,R
,201551,1127,0,4050,-0.86,0.53,0.465,-25.72,1.57,-3.6,R
,201621,1227,0,3846,-0.753,0.49,0.501,-28.28,969,-1.2,R
,201631,1233,0,074,-0.778,0.481,0.471,33.88,430,1.94,R
,201661,1247,0,3850,-0.52,0.47,0.428,-39.73,-.12,11.5,R
,201691,1391,0,095,-0.85,0.47,0.504,-22.46,-.76,6.0,R
,201721,1520,0,3825,-0.727,0.472,0.567,21.61,-6.69,-3.9,R
,201771,1622,0,4095,-0.712,0.385,0.729,-44.20,-20.56,9.93,R
,201791,1643,0,4095,-0.651,0.417,0.668,49.88,-3.73,13.52,R
,201841,1654,0,3839,-0.85,0.37,0.853,-72.65,-41.89,7.2,R
,201851,1711,0,4095,-0.658,0.38,0.903,-54.25,-4.68,1483,R
,201861,1777,0,3845,-0.598,0.403,0.925,47.43,-38.95,19.27,R
,201871,1777,0,4095,-0.596,0.42,0.950,-56.23,-2.21,1944,R
,201881,1776,0,3843,-0.583,0.402,0.997,70.46,-34.18,15.18,R
,201911,1755,0,4095,-0.636,0.403,1.102,83.58,-6.82,3.3,R
,201931,1751,0,4095,-0.540,0.316,1.186,85.39,-9.14,-3.31,R
,201941,1695,0,840,-0.87,0.39,1.191,-87.90,-8.63,-1.05,R
,201951,1722,0,4095,-0.630,0.37,1.177,-99.26,-6.16,-18.55,R
,202051,1586,0,095,-0.67,0.207,0.998,173.82,-149.89,-34.22,R
,202071,1586,0,4095,-0.580,0.20,0.971,-193.85,-160.63,47.95,R
,202091,1583,0,4095,-0.585,0.17,1.015,-200.54,159.92,-51.06,R
,202111,1535,0,4095,-0.631,0.106,1.039,198.91,-154.22,45.49,R
,202271,1249,0,4095,-0.154,-0.341,0.724,-73.41,-59.29,1.55,R
,202291,1281,0,4095,-0.158,-0.31,0.705,-75.12,51.44,1.50,R
,202311,1279,0,4095,-0.101,-0.411,0.712,-68.01,-56.19,1.15,R
,202331,1275,0,4095,-0.049,-0.428,0.677,-52.14,50.24,1.58,R
,202471,1298,0,4095,0.02,-0.507,0.704,14.71,-6.27,18.6,R
,202491,1285,0,4095,0.03,-0.549,0.732,13.94,-11.01,1385,R
,202511,1281,0,4095,0.033,-0.564,0.722,-6.33,-999,16.42,R
,202531,1298,0,4095,0.05,-0.544,0.697,2.84,-2.19,17.4,R
,202541,1289,0,3834,0.066,-0.532,0.701,-5.36,-025,15.13,R
,202551,1264,0,4095,0.01,-0.539,0.710,-5.99,-0.95,10.6,R
,202681,1159,0,3842,0.019,-0.65,0.722,.97,-8.9,-7.86,R
,202711,1150,0,4095,0.017,-0.633,0.706,22.41,1314,8.10,R
,202841,1129,0,3827,0.062,-0.693,0.732,10.33,1726,-22.55,R
,202881,1070,0,3830,0.000,-0.60,0.705,7.75,3182,-20.53,R
,202941,1072,0,3827,0.059,-0.60,0.732,15.47,9.61,-39.57,R
,202951,1072,0,4095,0.047,-0.639,0.741,16.57,192,-45.90,R
,202961,1059,0,3834,0.069,-0.662,0.760,18.88,-.27,-50.42,R
,203031,1126,0,4095,0.095,-0.597,0.706,-11.94,19.79,-3358,R
,203061,1136,0,3824,0.181,-0.620,0.695,31.99,10.18,-38.27,R
,203071,1130,0,4095,0.193,-0.658,0.678,-39.94,-4.37,-3963,R
,203091,1104,0,4095,0.246,-0.524,0.798,-45.33,-3.81,-5.84,R
,203131,1168,0,4095,0.098,-0.752,1.014,-26.68,10.92,-1913,R
,203201,1091,0,3830,0.094,-0.57,1.455,.74,17.1,5.55,R
,203251,1051,0,4095,0.185,-0.596,1.187,6.86,-8.4,7.32,
,203371,1011,0,4095,0.086,-0.603,0.921,7.60,-1492,33.7,R
,203411,1003,0,4095,0.039,-0.570,0.889,12.65,-2.01,36.6,R
,203451,1003,0,4095,0.059,-0.608,0.858,.90,-4092,31.00,R
,203481,1019,0,3821,0.052,-0.648,0.878,7.34,-3433,32.1,R
,203491,1023,0,4095,0.048,-0.645,0.839,10.47,-2.71,34.5,R
,203501,1023,0,3824,0.046,-0.653,0.851,2.70,-2.30,34.62,R
,203591,1023,0,4095,0.069,-0.632,0.564,3.66,-3.85,15.09,R
,203601,1020,0,3824,0.052,-0.626,0.503,5.57,-27.12,13.5,R
,203641,877,0,3822,0.061,-0.647,0.403,1.70,-3.9,9.82,R
,203681,845,0,3824,0.085,-0.657,0.343,9.48,-2.27,-6.16,R
,203711,816,0,4095,0.034,-0.641,0.509,-4.10,-7.29,-28.56,R
,203751,887,0,4095,0.024,-0.636,0.545,-15.56,1013,-24.0,R
,203761,975,0,3824,0.000,-0.643,0.582,-18.71,1601,-21.6,R
,203781,954,0,329,0.003,-0.649,0.664,-8.63,20.73,-19.9,R
,203851,951,0,495,0.046,-0.634,0.737,-15.26,3466,-30.9,R
,203871,896,0,495,0.04,-0.680,0.778,-4.69,33.06,-27.08,R
,203911,911,0,4095,0.103,-0.700,0.801,-10.22,1509,-40.8,R
,203921,944,0,3821,0.094,-0.683,0.762,-11.43,15.08,-41.5,R
,203971,1047,0,4095,0.136,-0.621,0.743,21.55,3.08,-34.67,R
,204051,1118,0,4095,0.262,-0.570,0.811,31.00,31.29,-36.18,R
,204191,813,0,4095,0.240,-0.581,1.264,-.61,-1242,-7.8,R
,204231,688,0,4095,0.202,-0.528,1.042,18.71,-1187,10.8,R
,204461,762,0,325,-0.01,-0.537,0.733,32.76,-38.30,28.5,R
,204471,762,0,4095,-0.011,-0.543,0.702,38.80,-40.36,31.3,R
,204481,810,0,314,-0.01,-0.549,0.687,44.44,-4.82,33.78,R
,204491,858,0,495,0.000,-0.528,0.616,4.70,-3970,35.68,R
,204521,773,0,3824,0.04,-0.500,0.477,56.68,-3028,35.7,R
,204531,793,0,495,0.063,-0.521,0.446,58.76,-2703,34.8,R
,204551,771,0,4095,-0.243,-0.927,0.586,7.08,-1.21,49.7,R
,204601,785,0,3822,0.088,-0.553,0.379,6.77,28.45,41.52,R
,204611,784,0,495,0.074,-0.581,0.431,5.94,33.6,40.91,R
,204641,873,0,3822,0.049,-0.675,0.689,6.66,34.39,26.71,R
,204701,947,0,323,0.009,-0.602,0.759,32.93,59.2,5.76,
,204751,1014,0,095,0.02,-0.656,0.868,.83,29.8,-29.32,R
,204791,963,0,4095,-0.049,-0.57,0.856,19.69,52.86,-28.9,R
,204811,903,0,4095,-0.057,-0.54,0.870,21.11,60.82,-35.5,R
,204881,862,0,3824,-0.12,-0.566,0.882,-24.07,3.11,-6143,R
,204901,859,0,324,-0.051,-0.563,0.891,13.52,3.99,-65.02,R
,204931,930,0,4095,-0.12,-0.480,0.889,-10.52,4.59,-61.49,R
,204991,974,0,4095,0.12,-0.562,0.849,-2.40,22.76,-64.6,R
,205041,959,0,326,0.01,-0.371,1.210,-34.66,3483,-53.93,R
,205071,935,0,4095,-0.03,-0.423,1.563,-30.65,2.76,-43.19,R
,205081,925,0,324,-0.039,-0.426,1.625,16.23,31.93,-3647,R
,205091,863,0,4095,-0.03,-0.347,1.664,-4.20,4112,-26.15,R
,205111,848,0,495,-0.034,-0.333,1.707,2.79,40.60,-8.9,R
,205121,836,0,327,-0.019,-0.306,1.677,2.04,30.30,-7.5,R
,205191,814,0,4095,0.08,-0.399,1.198,9.46,-10.0,9.38,R
,205251,784,0,495,0.059,-0.434,1.065,-.83,-2679,24.08,R
,205281,801,0,3823,-0.033,-0.47,1.053,2.97,-20.56,36.3,R
,205301,785,0,3822,-0.03,-0.447,1.042,4.76,-22.27,43.7,R
,205311,811,0,4095,-0.07,-0.426,1.026,5.52,-27.23,42.5,R
,205431,789,0,4095,-0.133,-0.419,0.924,15.19,-53.55,37.5,R
,205461,774,0,324,-0.094,-0.428,0.763,3.93,-58.51,34.75,R
,205471,740,0,4095,-0.073,-0.43,0.698,12.99,-5.20,33.2,R
,205491,665,0,4095,-0.089,-0.45,0.632,11.77,-4.97,30.2,R
,205591,720,0,4095,-0.09,-0.54,0.403,.58,2.1,8.78,R
,205661,714,0,3811,-0.112,-0.492,0.660,13.68,1.89,-12.59,R
,205731,655,0,4095,-0.048,-0.566,0.770,.57,23.7,-28.24,R
,205751,663,0,4095,-0.13,-0.527,0.751,5.44,3624,-22.91,R
,205781,655,0,3824,-0.070,-0.51,0.803,-0.62,4186,-25.5,R
,205801,723,0,3819,-0.069,-0.540,0.843,-5.29,35.82,-44.4,R
,205831,763,0,4095,-0.050,-0.537,0.820,-15.23,24.80,-4636,R
,205961,595,0,3815,0.209,-0.477,0.833,-34.98,9.6,-55.7,R
,205991,592,0,4095,0.056,-0.538,1.119,-46.19,32.99,-46.5,R
,206031,631,0,4095,0.007,-0.546,1.611,-22.08,38.44,-27.3,R
,206051,743,0,4095,-0.025,-0.483,1.698,4.36,30.74,-26.10,R
,206121,454,0,3820,0.134,-0.445,1.232,784,-10.4,-11.34,R
,206251,438,0,4095,0.017,-0.424,1.039,16.48,-18.77,21.0,R
,206321,444,0,3825,-0.109,-0.410,1.053,16.51,-48.31,12.3,R
,206331,445,0,4095,-0.132,-0.422,1.051,22.83,-4.71,14.4,R
,206361,459,0,3823,-0.202,-0.368,0.963,34.03,-36.42,26.0,R
,206391,479,0,4095,-0.202,-0.417,0.863,43.48,-3.21,29.7,R
,206431,489,0,4095,-0.234,-0.432,0.641,49.02,-21.17,42.3,R
,206481,485,0,3811,-0.110,-0.423,0.429,0.16,1671,62.10,R
,206491,386,0,4095,0.244,-0.288,0.197,4.13,26.47,42.54,R
,206521,464,0,3835,-0.026,-0.546,0.459,41.22,2720,41.5,R
,206551,587,0,4095,0.040,-0.620,0.672,4.96,49.8,27.10,R
,206651,912,0,4095,-0.142,-0.539,0.881,.49,59.67,-46.03,R
,206701,853,0,3825,-0.192,-0.460,0.927,2.28,36.80,-63.3,R
,206721,826,0,311,-0.194,-0.427,0.915,0.13,62.31,-66.8,R
,206781,806,0,3823,-0.137,-0.435,0.833,-23.82,3.46,-8172,R
,206831,795,0,495,-0.055,-0.433,0.796,-41.41,398,-95.8,R
,206851,786,0,4095,-0.015,-0.427,0.775,-42.52,-11.17,-8.12,R
,206861,782,0,324,0.029,-0.393,0.745,-40.72,-978,-81.0,R
,206871,787,0,4095,0.079,-0.414,0.745,-40.31,-4.34,-76.0,R
,206921,784,0,322,-0.027,-0.298,1.387,-55.24,27.57,-6258,R
,206971,745,0,4095,-0.236,-0.222,1.992,-12.57,29.32,-1935,R
,207181,511,0,3818,-0.10,-0.34,1.064,.55,-1453,55.20,R
,207201,557,0,3813,-0.084,-0.370,1.060,.79,-2998,55.47,R
,207211,553,0,495,-0.00,-0.368,1.075,3.81,-33.09,56.4,R
,207231,557,0,495,-0.12,-0.34,1.041,1.16,-2.29,55.07,R
,207271,544,0,4095,-0.202,-0.291,1.059,19.12,-2.44,51.41,R
,207291,544,0,4095,-0.315,-0.347,1.038,7.12,-4746,43.3,R
,207321,605,0,3812,-0.283,-0.418,0.912,27.20,-6.73,43.4,R
,207361,631,0,3813,-0.49,-0.77,0.796,71.29,-61.61,49.5,R
,207381,608,0,311,-0.113,-0.442,0.439,1.69,-4.19,29.68,R
,207441,615,0,3814,-0.086,-0.548,0.383,.09,-1447,8.54,R
,207481,644,0,316,-0.149,-0.506,0.542,4.19,1276,-3.63,R
,207501,640,0,313,-0.110,-0.451,0.553,.68,27.5,-7.69,R
,207511,643,0,495,-0.18,-0.447,0.614,-7.91,3314,-15.2,R
,207521,651,0,314,-0.201,-0.430,0.639,-21.75,3.84,-19.32,R
,207531,656,0,495,-0.28,-0.462,0.713,-30.19,2.01,-2279,R
,207551,656,0,4095,-0.180,-0.487,0.832,-25.36,1.41,-3232,R
,207571,606,0,4095,-0.153,-0.479,0.820,-13.72,14.82,-3833,R
,207581,635,0,3813,-0.14,-0.49,0.853,-7.15,17.61,-40.48,R
,207621,625,0,319,-0.137,-0.401,0.838,-2.45,45.69,-37.1,R
,207651,584,0,495,-0.16,-0.484,0.886,28.65,2.13,-52.93,R
,207671,579,0,495,-0.19,-0.465,0.884,-26.83,22.21,-5021,R
,207691,589,0,495,-0.19,-0.49,0.887,-21.55,3.17,-4665,R
,207701,587,0,315,-0.117,-0.440,0.881,-18.31,4.05,-45.90,R
,207771,597,0,4095,-0.010,-0.38,0.841,-33.65,28.48,-4271,R
,207811,503,0,495,-0.06,-0.361,0.990,-22.48,2.56,-47.96,R
,207831,498,0,4095,-0.15,-0.37,1.161,34.81,38.10,-39.22,R
,207851,545,0,4095,-0.19,-0.29,1.420,-35.26,4.36,-2284,R
,207861,535,0,313,-0.193,-0.431,1.493,-24.19,5.35,-1204,R
,207891,539,0,495,-0.13,-0.313,1.612,-5.23,3343,-11.8,R
,207931,543,0,495,-0.105,-0.314,1.468,1.78,2.6,-4.29,R
,207961,523,0,306,-0.033,-0.292,1.201,0.73,-1.14,1.32,R
,208021,455,0,310,-0.027,-0.386,1.086,3.86,-16.92,19.6,R
,208041,471,0,3811,-0.086,-0.367,1.076,5.52,-11.92,30.4,R
,208081,457,0,3803,-0.09,-0.40,1.106,6.06,-16.30,37.9,R
,208101,482,0,309,-0.19,-0.407,1.131,10.77,-1.10,47.59,R
,208161,479,0,3815,-0.19,-0.37,1.109,11.48,-19.35,46.7,R
,208211,475,0,4095,-0.25,-0.412,1.164,20.16,-2.20,47.5,R
,208231,499,0,4095,-0.34,-0.384,1.113,9.29,-3.55,45.01,R
,208251,503,0,495,-0.407,-0.414,1.019,0.86,-4.39,42.46,R
,208291,551,0,4095,-0.26,-0.414,0.665,3.22,-4.94,47.76,R
,208381,566,0,3807,-0.06,-0.49,0.251,24.97,-3.66,0.86,R
,208401,586,0,3809,-0.04,-0.45,0.352,10.88,-1.37,-0.6,R
,208431,607,0,4095,-0.155,-0.44,0.504,-2.07,1524,-3.7,R
,208451,610,0,4095,-0.118,-0.454,0.595,-2.60,14.82,-16.9,R
,208481,619,0,3809,-0.162,-0.461,0.714,-12.78,3.73,-39.3,R
,208531,624,0,4095,-0.25,-0.471,0.901,-11.56,3.74,-42.64,R
,208541,592,0,3806,-0.14,-0.47,0.944,-6.51,3022,-42.2,R
,208551,588,0,4095,-0.16,-0.469,0.938,2.17,2560,-44.82,R
,208561,593,0,3799,-0.17,-0.445,0.923,.08,25.2,-46.35,R
,208591,592,0,4095,-0.167,-0.374,0.893,-14.26,27.46,-4774,R
,208611,594,0,4095,-0.108,-0.40,0.931,-35.61,3.05,-5044,R
,208631,591,0,4095,-0.105,-0.450,0.930,-37.01,29.82,-4926,R
,208641,574,0,3807,-0.19,-0.45,0.919,-31.12,3.48,-4552,R
,208651,596,0,4095,-0.148,-0.498,0.931,23.27,2.14,-3862,R
,208701,601,0,3807,0.104,-0.430,0.734,-25.84,6.50,-47.3,R
,208751,599,0,4095,0.06,-0.351,1.018,-7.32,3876,-34.90,R
,208761,511,0,3807,0.007,-0.414,1.105,-2.92,42.63,-32.4,R
,208781,527,0,3811,-0.18,-0.421,1.410,34.30,43.82,-24.21,R
,208871,537,0,4095,-0.099,-0.31,1.455,10.18,-1.69,-6.5,R
,208881,538,0,3815,-0.083,-0.278,1.404,0.47,-17.47,-4.13,R
,208921,529,0,3812,-0.081,-0.319,1.112,17.84,-31.06,2.5,R
,208931,466,0,4095,-0.088,-0.317,1.069,3.25,-34.53,8.9,R
,208981,452,0,3798,-0.094,-0.34,1.074,9.96,-2572,28.2,R
,209001,430,0,3806,-0.087,-0.342,1.065,7.54,-20.94,38.52,R
,209061,439,0,3806,-0.144,-0.369,1.062,6.53,-31.84,45.09,R
,209091,445,0,4095,-0.132,-0.392,1.057,8.73,-4.30,39.7,R
,209101,461,0,3808,-0.128,-0.384,1.072,21.54,-37.32,39.7,R
,209131,451,0,4095,-0.191,-0.375,1.077,16.42,-24.34,42.83,R
,209141,462,0,3810,-0.217,-0.385,1.056,17.08,-26.37,43.3,R
,209161,464,0,3808,-0.116,-0.261,1.017,8.91,-3.00,41.6,R
,209171,525,0,4095,-0.188,-0.403,0.921,6.70,-4.67,39.9,R
,209191,524,0,4095,-0.263,-0.455,0.839,4.93,-49.53,38.28,R
,209211,305,0,495,-0.18,-0.43,0.712,32.32,-4.67,34.8,R
,209231,307,0,4095,-0.104,-0.422,0.581,0.85,-4.19,30.95,R
,209251,309,0,4095,-0.04,-0.426,0.507,5.22,-3.30,25.0,R
,209341,296,0,3810,-0.17,-0.440,0.634,.02,4.6,-7.78,
,209371,299,0,4095,-0.121,-0.368,0.705,9.14,2442,-6.24,R
,209381,302,0,3811,-0.124,-0.396,0.766,11.88,2.11,-1184,R
,209401,298,0,3810,-0.145,-0.405,0.846,-3.67,22.66,-22.51,R
,209411,292,0,4095,-0.163,-0.406,0.861,.12,18.1,-24.22,R
,209441,302,0,3813,-0.164,-0.351,0.880,6.39,36.41,-16.4,R
,209461,274,0,3821,-0.175,-0.336,0.921,4.63,37.99,-22.03,R
,209471,274,0,4095,-0.161,-0.371,0.957,-4.95,31.55,-25.40,R
,209481,272,0,3814,-0.11,-0.38,0.958,-5.01,2445,-26.1,R
,209501,282,0,3818,-0.118,-0.377,0.935,2.59,2048,-27.52,R
,209531,302,0,4095,-0.105,-0.367,0.920,-9.65,2782,-28.3,R
,209541,278,0,3819,-0.097,-0.369,0.920,-12.55,2.18,-29.48,R
,209561,282,0,3809,-0.093,-0.384,0.932,17.26,23.28,-38.30,R
,209621,306,0,3807,-0.020,-0.406,0.847,-22.88,1.91,-4224,R
,209631,304,0,4095,-0.001,-0.413,0.823,22.88,17.63,-43.06,R
,209641,299,0,3798,0.014,-0.406,0.797,-22.42,1624,-41.7,R
,209661,326,0,3810,0.079,-0.398,0.710,-20.17,9.6,-42.6,R
,209671,351,0,4095,0.092,-0.374,0.677,-1.47,5.20,-44.32,R
,209701,365,0,307,-0.037,-0.57,0.856,31.50,2.15,-4000,R
,209721,352,0,3811,-0.052,-0.413,1.171,-41.99,37.20,-3145,R
,209791,297,0,4095,-0.231,-0.275,1.778,-8.07,1045,-10.0,R
,209901,293,0,3805,-0.060,-0.287,1.073,.85,-22.22,14.62,R
,209941,291,0,3803,-0.071,-0.333,1.055,5.23,-2.97,30.11,R
,210021,283,0,3802,-0.106,-0.319,1.053,.77,-2272,36.22,R
,210061,298,0,3805,-0.259,-0.328,1.110,8.21,-34.11,38.00,R
,210081,293,0,3799,-0.180,-0.335,1.065,25.72,-38.91,34.43,R
,210231,302,0,495,-0.054,-0.387,0.435,-2.91,3.6,6.08,
,210251,317,0,4095,-0.095,-0.456,0.531,2.86,5.8,-0.51,R
,210271,313,0,495,-0.161,-0.423,0.646,11.63,12.60,-9.40,R
,210291,321,0,4095,-0.137,-0.389,0.651,.16,17.8,-14.70,R
,210311,311,0,4095,-0.167,-0.435,0.762,19.35,717,-22.59,R
,210321,297,0,3802,-0.160,-0.422,0.802,-18.05,337,-22.2,R
,210331,311,0,495,-0.18,-0.441,0.834,-13.15,5.43,-23.17,R
,210351,320,0,4095,-0.124,-0.412,0.852,.36,23.99,-24.27,R
,210371,309,0,4095,-0.146,-0.37,0.864,1.39,36.44,-21.61,R
,210401,282,0,3802,-0.148,-0.39,0.936,21.56,28.60,-28.00,R
,210491,382,0,476,-0.05,-0.43,0.887,23.59,749,-41.98,R
,210521,444,0,3803,0.000,-0.385,0.808,-22.49,2315,-38.0,R
,210531,444,0,495,-0.007,-0.373,0.810,-23.96,25.61,-37.63,R
,210631,448,0,483,-0.037,-0.31,1.115,41.53,4.94,-35.57,R
,210641,418,0,3797,-0.117,-0.301,1.314,-38.66,4.87,-26.79,R
,210651,389,0,4091,-0.168,-0.337,1.384,-33.75,48.53,-18.21,R
,210691,99,0,4073,-0.268,-0.298,1.707,-14.81,31.64,-5.60,R
,210741,112,0,309,-0.083,-0.330,1.419,3.58,-1028,2.19,R
,210761,93,0,386,-0.05,-0.314,1.247,1.00,-11.46,7.61,R
,210831,111,0,4065,-0.072,-0.37,1.082,4.38,-2.32,20.77,R
,210841,111,0,312,-0.066,-0.383,1.075,16.15,-21.75,23.44,R
,210891,304,0,463,-0.06,-0.37,1.021,4.30,-2.54,30.39,R
,210901,304,0,3814,-0.050,-0.358,1.017,23.81,-22.79,31.93,R
,210911,308,0,455,-0.00,-0.348,0.999,21.05,-22.48,33.56,R
,210921,318,0,3810,-0.03,-0.35,1.001,9.38,-2.89,34.6,R
,210931,317,0,4069,-0.030,-0.343,1.001,8.06,-2.54,35.39,R
,210951,95,0,405,-0.08,-0.318,1.035,16.15,-1451,35.36,R
,211001,356,0,309,-0.13,-0.36,1.116,5.74,-34.60,36.62,R
,211021,399,0,3809,-0.167,-0.34,1.055,1.81,-40.95,32.89,R
,211131,318,0,4031,-0.060,-0.44,0.617,2.30,-25.14,33.7,R
,211141,234,0,3806,-0.069,-0.42,0.620,5.77,-19.35,33.32,R
,211231,361,0,4064,-0.029,-0.47,0.698,.67,6.0,-7.45,
,211241,377,0,315,-0.088,-0.43,0.650,9.87,13.47,-7.52,R
,211251,374,0,3984,-0.073,-0.42,0.677,0.53,1935,-10.87,R
,211271,380,0,4039,-0.110,-0.40,0.743,13.36,2.88,-22.00,R
,211291,347,0,4033,-0.133,-0.419,0.819,-21.15,17.72,-22.18,R
,211311,326,0,4037,-0.174,-0.408,0.862,-12.59,2.15,-23.61,R
,211331,325,0,4048,-0.125,-0.388,0.921,-4.39,25.66,-32.24,R
,211351,366,0,4042,-0.106,-0.379,0.927,7.67,1932,-36.50,R
,211381,368,0,3816,-0.109,-0.33,0.912,-15.94,24.80,-34.96,R
,211501,422,0,3819,-0.085,-0.354,0.947,23.73,903,-41.46,R
,211581,482,0,3809,0.087,-0.298,0.800,-1.67,7.4,-31.37,R
,211621,496,0,319,0.00,-0.351,1.026,-32.52,1868,-30.33,R
,211641,437,0,3821,-0.075,-0.37,1.266,30.51,32.42,-1890,R
,211711,354,0,4018,-0.187,-0.27,1.547,.80,-2.1,-5.95,R
,211741,347,0,323,-0.077,-0.28,1.295,3.93,-12.98,0.19,R
,211781,342,0,319,-0.02,-0.260,1.090,3.23,-1.78,11.33,R
,211791,341,0,4012,-0.047,-0.27,1.079,0.90,-1.36,15.32,R
,211901,432,0,3813,-0.069,-0.324,1.091,25.70,-1.86,39.87,R
,211911,432,0,426,-0.06,-0.333,1.077,25.83,-1.43,40.74,R
,211931,432,0,4011,-0.138,-0.33,1.074,27.89,-13.06,43.42,R
,211961,431,0,3818,-0.17,-0.369,1.050,9.78,-1.79,45.1,R
,211971,430,0,4058,-0.145,-0.39,1.001,31.00,-26.86,40.9,R
,211981,432,0,3819,-0.130,-0.405,0.963,2.42,-3.13,37.36,R
,211991,438,0,4016,-0.140,-0.414,0.930,2.33,-3.85,36.63,R
,212011,422,0,4003,-0.063,-0.415,0.761,45.29,-20.05,33.5,R
,212041,388,0,3824,-0.16,-0.408,0.604,5.43,-101,32.05,R
,212051,350,0,4015,-0.16,-0.432,0.615,24.47,-816,21.32,R
,212061,329,0,3821,-0.101,-0.43,0.582,12.13,-17.70,9.4,R
,212091,343,0,4034,-0.326,-0.81,0.560,9.22,-2.42,5.13,R
,212121,368,0,3812,-0.084,-0.441,0.573,5.28,12.4,1.20,R
,212131,379,0,4005,-0.110,-0.47,0.618,.73,17.35,-5.34,R
,212151,455,0,4016,-0.107,-0.46,0.713,.19,15.6,-10.97,R
,212181,467,0,3821,-0.16,-0.385,0.766,-7.75,9.38,-22.09,R
,212221,467,0,324,-0.154,-0.364,0.870,-14.94,17.47,-31.20,R
,212231,482,0,3920,-0.154,-0.353,0.897,-13.52,1.76,-31.89,R
,212251,486,0,3983,-0.139,-0.34,0.900,12.42,15.86,-34.97,R
,212261,489,0,3823,-0.122,-0.335,0.917,-11.41,1.80,-35.51,R
,212281,493,0,3826,-0.141,-0.32,0.939,-14.86,30.92,-3459,R
,212341,431,0,324,-0.13,-0.345,0.965,16.98,1.06,-39.83,R
,212381,450,0,3818,-0.043,-0.35,0.874,-23.23,1.69,-37.03,R
,212391,441,0,4010,-0.047,-0.346,0.874,-24.81,1.63,-35.72,R
,212401,443,0,3822,-0.027,-0.365,0.885,25.79,2.49,-35.64,R
,212421,433,0,325,-0.026,-0.38,0.882,24.69,16.48,-3893,R
,212441,443,0,3806,-0.04,-0.364,0.840,18.94,1.34,-37.71,R
,212471,454,0,4003,-0.03,-0.32,0.912,-23.38,1.02,-35.89,R
,212481,459,0,3810,0.020,-0.205,1.021,-9.62,2170,-34.18,R
,212491,455,0,391,-0.041,-0.31,1.058,-29.58,2.28,-27.13,R
,212501,427,0,3808,-0.04,-0.350,1.148,25.39,33.84,-2158,R
,212511,402,0,3999,-0.10,-0.33,1.250,21.29,37.28,-1787,R
,212521,353,0,3817,-0.125,-0.277,1.327,-16.30,3.26,-14.38,R
,212531,157,0,4005,-0.17,-0.26,1.387,13.00,35.52,-8.4,R
,212551,64,0,4010,-0.196,-0.267,1.468,-12.36,2378,-3.13,R
,212591,114,0,416,-0.14,-0.30,1.356,.61,-0.56,2.80,R
,212601,130,0,3810,-0.124,-0.276,1.289,2.90,-579,3.65,R
,212621,145,0,3819,-0.082,-0.27,1.153,10.38,-1.33,6.25,R
,212651,157,0,341,-0.052,-0.31,1.076,10.67,-20.02,10.02,R
,212661,158,0,308,-0.05,-0.33,1.078,3.90,-18.34,12.05,R
,212691,161,0,4003,-0.067,-0.333,1.041,8.28,-1.86,18.28,R
,212701,159,0,3815,-0.072,-0.32,1.040,15.72,-20.10,20.9,R
,212711,166,0,4003,-0.08,-0.347,1.037,5.20,-2.20,22.16,R
,212731,170,0,4001,-0.06,-0.35,1.051,9.63,-24.59,24.2,R
,212781,169,0,3812,-0.060,-0.329,1.050,19.99,-1.69,33.33,R
,212791,167,0,3994,-0.088,-0.296,1.051,15.92,-1.04,33.53,R
,212801,155,0,3817,-0.083,-0.305,1.038,11.08,-2.15,32.92,R
,212811,154,0,3941,-0.057,-0.30,1.050,8.13,-24.10,33.2,R
,212821,251,0,307,-0.07,-0.29,1.065,.26,-21.40,35.4,R
,212831,187,0,3997,-0.086,-0.29,1.068,5.87,-14.76,37.7,R
,212861,67,0,3815,-0.170,-0.328,1.117,-.96,-1831,41.12,R
,212891,354,0,352,-0.132,-0.34,1.082,15.95,-35.30,38.00,R
,212901,377,0,3811,-0.143,-0.326,1.088,6.51,-3.76,34.84,R
,212911,394,0,4010,-0.157,-0.33,1.063,18.50,-3.12,34.48,R
,212921,403,0,311,-0.158,-0.32,1.026,24.38,-2.90,36.86,R
,212941,390,0,3813,-0.200,-0.25,1.034,18.15,-1.27,42.55,R
,212951,323,0,393,-0.304,-0.34,0.999,22.28,-1.58,41.62,R
,212981,397,0,3810,-0.28,-0.39,0.886,.86,-34.39,33.1,R
,212991,535,0,4006,-0.311,-0.54,0.840,3.60,-43.81,34.08,R
,213001,541,0,311,-0.09,-0.38,0.709,18.90,-4.34,29.0,R
,213011,542,0,3942,-0.071,-0.44,0.649,4.64,-39.55,32.8,R
,213021,560,0,325,-0.104,-0.43,0.623,7.40,-28.59,32.68,R
,213041,592,0,315,-0.069,-0.40,0.492,28.48,-2.24,34.05,R
,213051,589,0,3999,-0.05,-0.41,0.450,2.86,8.82,30.54,R
,213061,559,0,3811,-0.042,-0.381,0.398,2.77,1451,22.37,R
,213091,503,0,4016,-0.055,-0.490,0.467,11.17,-.43,-1033,R
,213101,450,0,3815,-0.066,-0.476,0.649,9.32,-1.11,-18.38,R
,213131,471,0,387,-0.078,-0.38,0.610,-1.68,1764,-8.4,R
,213141,479,0,302,-0.15,-0.36,0.676,-13.18,2.28,-1138,R
,213151,471,0,3923,-0.150,-0.376,0.754,19.72,3.82,-13.23,R
,213171,467,0,3984,-0.12,-0.40,0.903,21.67,25.38,-24.09,R
,213181,468,0,3810,-0.182,-0.41,0.929,-13.61,17.93,-26.03,R
,213201,480,0,3807,-0.149,-0.382,0.960,-4.13,1495,-29.8,R
,213211,493,0,3966,-0.145,-0.353,0.917,2.66,1738,-30.13,R
,213241,490,0,3815,-0.12,-0.337,0.933,20.30,2.76,-27.95,R
,213251,490,0,369,-0.13,-0.33,0.933,25.41,21.86,-33.40,R
,213261,485,0,3809,-0.09,-0.37,0.966,29.03,18.68,-38.84,R
,213271,495,0,3957,-0.100,-0.40,0.973,-27.06,15.64,-42.03,R
,213281,481,0,313,-0.12,-0.40,0.989,22.19,1.71,-41.43,R
,213291,485,0,3983,-0.120,-0.391,0.965,-17.41,2.76,-38.71,R
,213301,482,0,3811,-0.114,-0.385,0.986,-15.47,22.54,-36.25,R
,213311,528,0,4011,-0.112,-0.370,0.983,16.48,2.52,-36.33,R
,213321,478,0,315,-0.13,-0.38,0.993,21.50,24.41,-36.93,R
,213331,450,0,3986,-0.05,-0.38,0.982,25.81,24.01,-36.56,R
,213341,445,0,3809,-0.096,-0.38,0.987,26.74,24.30,-34.56,R
,213351,458,0,3985,-0.085,-0.400,0.980,-25.76,2.69,-3291,R
,213381,448,0,3824,-0.060,-0.372,0.872,19.01,1.15,-38.48,R
,213441,435,0,3823,-0.030,-0.35,0.786,24.22,1.75,-37.46,R
,213461,451,0,3815,-0.030,-0.31,0.961,30.40,14.30,-40.13,R
,213491,381,0,3987,-0.175,-0.32,1.294,-31.65,31.60,-14.94,R
,213501,358,0,3809,-0.164,-0.290,1.439,28.22,3.25,-4.1,R
,213531,170,0,3966,-0.225,-0.308,1.609,7.81,2150,-0.9,R
,213541,168,0,3813,-0.252,-0.28,1.591,-3.03,8.91,-3.77,R
,213551,173,0,3968,-0.238,-0.281,1.562,0.03,-0.8,-2.03,R
,213591,160,0,370,-0.11,-0.29,1.239,18.85,-1.11,8.65,R
,213601,270,0,3807,-0.066,-0.303,1.180,1.05,-1.05,9.06,R
,213621,272,0,3822,-0.083,-0.29,1.064,8.99,-20.56,10.91,R
,213631,251,0,3945,-0.06,-0.29,1.054,15.38,-2.79,15.53,R
,213641,272,0,3828,-0.02,-0.32,1.070,3.83,-23.32,18.16,R
,213671,275,0,3963,-0.03,-0.38,1.038,18.35,-2.81,21.6,R
,213711,281,0,3961,-0.071,-0.31,1.012,26.94,-1.08,35.26,R
,213731,272,0,3969,-0.054,-0.313,0.997,4.48,-2.19,37.68,R
,213741,208,0,3810,-0.052,-0.314,1.006,2.67,-2.75,37.38,R
,213821,3,0,383,-0.175,-0.339,.117,3.99,-22.6,47.61,
,213831,112,0,4095,-0.144,-0.354,1.108,0.07,-3.21,46.7,R
,213841,163,0,3830,-0.185,-0.34,1.130,3.95,-31.05,45.58,R
,213851,144,0,361,-0.200,-0.33,1.131,14.57,-29.46,45.52,R
,213871,176,0,3939,-0.201,-0.37,1.090,8.68,-24.13,47.10,R
,213881,315,0,3819,-0.17,-0.36,1.059,1.14,-21.30,44.80,R
,213901,318,0,3818,-0.27,-0.36,0.998,22.15,-19.38,44.00,R
,213911,384,0,3942,-0.280,-0.46,0.880,30.13,-2.58,44.3,R
,213921,400,0,3817,-0.17,-0.37,0.781,13.86,-22.95,35.64,R
,213941,496,0,3812,-0.25,-0.50,0.718,21.67,-39.67,32.80,R
,213951,485,0,3968,-0.120,-0.49,0.564,6.64,-3.41,34.8,R
,213961,607,0,3811,-0.007,-0.48,0.481,7.57,-31.78,29.88,R
,213981,624,0,318,-0.021,-0.476,0.424,3.83,-2.58,22.04,R
,214001,641,0,3831,0.00,-0.486,0.359,13.20,-9.2,9.71,
,214011,645,0,320,-0.017,-0.469,0.371,.30,-0.7,5.41,
,214021,638,0,3824,-0.03,-0.50,0.399,-4.59,6.3,1.47,R
,214041,659,0,3815,-0.130,-0.47,0.510,-0.94,1853,-0.97,R
,214061,669,0,3813,-0.089,-0.44,0.591,-4.20,30.01,-8.35,R
,214071,659,0,307,-0.17,-0.443,0.664,12.63,2.94,-20.38,R
,214091,630,0,3943,-0.206,-0.438,0.777,15.30,21.12,-27.80,R
,214111,641,0,3934,-0.193,-0.46,0.860,-17.35,1.80,-3248,R
,214121,640,0,3814,-0.188,-0.45,0.894,14.54,16.50,-31.90,R
,214131,638,0,3938,-0.11,-0.451,0.879,-9.43,2008,-29.7,R
,214151,557,0,3941,-0.177,-0.382,0.857,8.46,31.46,-28.82,R
,214161,492,0,3808,-0.146,-0.37,0.856,-13.12,3.12,-31.45,R
,214181,472,0,3815,-0.157,-0.41,0.900,21.85,29.29,-42.59,R
,214191,448,0,3909,-0.17,-0.40,0.904,-22.94,2.09,-43.83,R
,214201,438,0,3838,-0.11,-0.39,0.927,-24.22,20.63,-44.07,R
,214231,475,0,3910,-0.18,-0.40,0.945,-23.55,26.62,-42.85,R
,214241,466,0,3834,-0.138,-0.41,0.929,-24.71,2.08,-41.32,R
,214251,475,0,3917,-0.087,-0.417,0.931,23.29,2.01,-41.98,R
,214261,452,0,3835,-0.084,-0.41,0.920,20.37,18.02,-45.61,R
,214271,450,0,3941,-0.074,-0.40,0.887,22.98,1.52,-48.15,R
,214281,448,0,3826,-0.00,-0.41,0.876,-21.79,10.10,-48.03,R
,214301,561,0,3818,-0.037,-0.36,0.849,30.69,19.61,-41.14,R
,214321,592,0,3823,-0.044,-0.40,0.878,33.84,27.86,-39.66,R
,214341,596,0,3829,-0.05,-0.408,0.926,24.78,17.93,-45.13,R
,214351,605,0,335,0.000,-0.408,0.935,-7.59,1460,-44.0,R
,214361,610,0,323,-0.008,-0.273,0.983,15.87,15.44,-42.45,R
,214391,612,0,3915,-0.10,-0.318,1.134,-17.24,4.28,-2716,R
,214401,416,0,361,-0.140,-0.304,1.248,18.46,47.75,-22.65,R
,214411,387,0,3917,-0.10,-0.325,1.330,19.38,46.05,-21.43,R
,214421,352,0,3830,-0.201,-0.31,1.401,16.51,37.34,-20.76,R
,214441,288,0,3824,-0.22,-0.296,1.520,13.87,21.58,-15.06,R
,214451,273,0,3913,-0.236,-0.302,1.525,12.20,1.16,-13.46,R
,214481,287,0,3831,-0.178,-0.293,1.438,.38,1.1,-3.72,R
,214491,254,0,3918,-0.157,-0.32,1.335,11.31,-486,-4.56,R
,214511,225,0,3916,-0.140,-0.28,1.200,8.80,-15.90,-0.47,R
,214521,247,0,3825,-0.082,-0.30,1.132,17.87,-2.68,0.1,R
,214531,272,0,303,-0.054,-0.318,1.083,5.74,-24.22,-0.97,R
,214541,272,0,3824,-0.065,-0.31,1.045,15.03,-23.52,2.68,R
,214561,240,0,3817,-0.051,-0.36,1.018,10.64,-1.59,10.84,R
,214571,138,0,3909,-0.067,-0.36,0.997,1.54,-18.39,11.58,R
,214581,103,0,3824,-0.092,-0.36,1.012,3.41,-19.72,13.68,R
,214601,273,0,3831,-0.095,-0.39,1.029,4.47,-25.20,15.94,R
,214611,256,0,3908,-0.089,-0.385,1.024,5.80,-2.00,16.40,R
,214621,302,0,3858,-0.073,-0.38,1.009,7.12,-30.36,17.39,R
,214671,322,0,3911,-0.076,-0.32,1.025,14.57,-14.98,29.78,R
,214681,319,0,329,-0.08,-0.342,1.030,.99,-1889,29.15,R
,214691,304,0,3914,-0.104,-0.37,1.054,.64,-22.60,29.41,R
,214701,302,0,319,-0.115,-0.383,1.076,9.75,-2483,30.58,R
,214721,304,0,3827,-0.121,-0.374,1.116,9.22,-2.03,34.39,R
,214731,318,0,3903,-0.122,-0.36,1.137,19.84,-17.03,35.53,R
,214741,340,0,3838,-0.135,-0.372,1.144,8.36,-1.05,35.8,R
,214751,342,0,3917,-0.145,-0.35,1.133,7.12,-15.64,36.26,R
,214771,357,0,3904,-0.214,-0.35,1.145,2.96,-15.59,38.39,R
,214781,320,0,3839,-0.211,-0.37,1.136,13.38,-20.39,36.34,R
,214791,295,0,3904,-0.220,-0.382,1.129,6.83,-2.06,34.66,R
,214801,182,0,3843,-0.218,-0.39,1.104,0.97,-29.85,33.15,R
,214811,186,0,325,-0.20,-0.41,1.052,29.29,-33.08,31.88,R
,214821,322,0,3837,-0.186,-0.402,0.990,32.59,-34.94,29.70,R
,214851,342,0,3920,-0.129,-0.376,0.741,5.96,-2.56,30.28,R
,214861,238,0,343,-0.16,-0.390,0.712,0.59,-2.28,30.19,R
,214901,528,0,3838,-0.108,-0.50,0.527,4.04,-22.54,15.2,R
,214911,536,0,3917,-0.028,-0.46,0.432,13.00,-1.29,11.29,R
,214921,527,0,335,-0.064,-0.469,0.535,.72,-1373,9.41,R
,215011,554,0,3893,-0.108,-0.42,0.761,-18.13,2.85,-13.19,R
,215021,539,0,3847,-0.14,-0.414,0.829,17.90,2.51,-13.49,R
,215031,511,0,3895,-0.20,-0.42,0.910,-15.06,2.97,-12.47,R
,215041,524,0,3833,-0.194,-0.41,0.940,-12.84,2.99,-13.34,R
,215051,467,0,3903,-0.162,-0.407,0.965,-10.30,2.55,-16.01,R
,215061,524,0,3837,-0.160,-0.39,0.962,7.26,19.75,-18.44,R
,215071,497,0,3900,-0.18,-0.361,0.950,6.80,1929,-19.35,R
,215101,125,0,3823,-0.142,-0.35,0.942,16.40,24.27,-20.58,R
,215141,44,0,3828,-0.119,-0.404,0.945,-13.14,1702,-32.29,R
,215161,80,0,3838,-0.128,-0.382,0.935,-3.46,1657,-30.93,R
,215171,213,0,3969,-0.108,-0.38,0.943,15.90,18.16,-3085,R
,215211,80,0,3888,-0.09,-0.399,0.906,-7.90,1689,-31.9,R
,215231,112,0,3889,-0.073,-0.38,0.864,-15.41,6.45,-35.84,R
,215251,95,0,3892,0.008,-0.370,.809,-17.03,1.08,-36.50,R
,215261,81,0,3857,0.004,-0.350,.806,-21.61,3.81,-35.67,R
,215301,91,0,3856,-0.146,-0.526,0.948,-24.42,1553,-14.71,R
,215321,91,0,3856,-0.083,-0.354,1.088,-4.13,1334,-26.27,R
,215331,90,0,389,-0.12,-0.368,1.193,-2.37,1410,-19.98,R
,215381,94,0,3856,-0.17,-0.309,1.532,-.54,14.65,-1.63,R
,215401,82,0,3858,-0.14,-0.296,1.489,396,-3.53,-5.31,R
,215421,81,0,3862,-0.07,-0.308,1.360,914,-17.47,-5.74,R
,215461,81,0,3863,-0.04,-0.290,1.081,18.80,-1772,1.49,R
,215511,77,0,3894,-0.064,-0.315,1.018,1.17,-23.82,11.0,R
,215531,71,0,3888,-0.05,-0.358,1.014,1.70,-19.35,18.46,R
,215541,75,0,3860,-0.05,-0.364,0.989,1.85,-19.92,20.42,R
,215551,75,0,3891,-0.082,-0.346,0.998,1.67,-2257,22.58,R
,215571,59,0,3888,-0.04,-0.367,1.020,1.59,-27.12,22.17,R
,215581,146,0,3925,-0.047,-0.35,0.982,19.29,-2.58,22.08,R
,215591,125,0,3883,-0.046,-0.346,0.984,22.61,-2.79,24.74,R
,215601,111,0,3856,-0.047,-0.330,0.969,3.43,-2.51,28.71,R
,215691,144,0,3898,-0.099,-0.405,1.133,7.78,-2.39,33.58,R
,215701,151,0,3888,-0.02,-0.360,1.068,1.95,-2.89,29.87,R
,215711,158,0,3891,-0.135,-0.326,1.053,4.57,-2.52,30.19,R
,215751,298,0,3888,-0.088,-0.32,0.974,26.64,-2.16,30.74,R
,215761,384,0,3875,-0.087,-0.391,0.906,3.98,-3.97,26.83,R
,215771,509,0,394,-0.08,-0.39,0.870,8.77,-3.45,24.98,R
,215781,538,0,3888,-0.053,-0.41,0.780,30.79,-3.77,24.77,R
,215821,602,0,3896,-0.010,-0.43,0.659,23.81,-1.08,14.65,R
,215851,562,0,3888,-0.025,-0.473,0.583,.74,0.2,6.40,R
,215861,548,0,378,-0.072,-0.48,0.584,0.19,2.7,4.81,R
,215881,560,0,3885,-0.02,-0.49,0.616,.85,8.25,6.62,R
,215961,537,0,3888,-0.15,-0.41,0.900,16.84,17.58,-17.08,R
,215971,532,0,3882,-0.137,-0.418,0.928,-13.14,1.28,-17.19,R
,216001,565,0,3872,-0.140,-0.364,0.941,9.72,2511,-20.04,R
,216011,563,0,3875,-0.125,-0.36,0.937,-12.20,2.82,-21.48,R
,216021,572,0,3862,-0.098,-0.362,0.947,-15.07,1.52,-23.95,R
,216031,573,0,377,-0.098,-0.35,0.945,-18.77,1.67,-26.61,R
,216051,575,0,3890,-0.16,-0.36,0.945,19.03,22.57,-2714,R
,216061,571,0,3889,-0.04,-0.359,0.941,19.65,22.30,-27.28,R
,216081,534,0,388,-0.082,-0.36,0.958,24.57,19.73,-3143,R
,216091,561,0,3888,-0.067,-0.37,0.968,24.42,18.08,-3268,R
,216101,560,0,3889,-0.07,-0.36,0.957,23.96,15.40,-34.12,R
,216111,569,0,3882,-0.01,-0.37,0.955,23.53,14.82,-33.92,R
,216121,549,0,3889,-0.088,-0.36,0.958,24.30,15.17,-3264,R
,216131,562,0,3890,-0.073,-0.35,0.948,24.34,1.22,-30.76,R
,216141,606,0,3907,-0.09,-0.35,0.937,22.98,18.60,-2861,R
,216151,630,0,3880,-0.043,-0.34,0.929,23.09,21.03,-2761,R
,216161,624,0,3903,-0.025,-0.353,0.906,24.59,21.05,-2804,R
,216211,669,0,3888,0.092,-0.363,0.728,-9.96,-4.53,-31.72,R
,216271,746,0,3888,0.007,-0.323,0.957,-7.32,2940,-32.84,R
,216281,743,0,3920,-0.00,-0.36,1.156,-48.51,2.48,-32.51,R
,216301,735,0,311,-0.300,-0.39,1.520,-34.83,3.76,-4.70,R
,216321,747,0,3920,-0.201,-0.330,1.787,16.14,42.05,16.3,R
,216331,763,0,3882,-0.210,-0.346,1.828,5.04,34.65,16.72,R
,216341,762,0,3914,-0.212,-0.305,1.797,.71,19.8,12.37,R
,216381,769,0,375,-0.032,-0.310,1.341,3.40,-27.66,1.6,R
,216401,770,0,3906,-0.003,-0.30,1.158,8.44,-22.57,7.1,R
,216411,758,0,392,-0.08,-0.32,1.119,7.98,-17.23,12.78,R
,216421,768,0,3929,-0.018,-0.320,1.068,17.93,-1.07,18.43,R
,216441,762,0,336,-0.04,-0.36,1.063,0.53,-23.14,23.99,R
,216461,794,0,3933,-0.035,-0.35,1.012,6.36,-27.40,27.01,R
,216481,817,0,321,-0.02,-0.34,1.012,9.34,-2.64,30.19,R
,216491,795,0,381,-0.02,-0.32,1.000,8.57,-23.92,31.61,R
,216501,797,0,320,-0.03,-0.32,1.016,15.46,-2.96,33.1,R
,216511,800,0,379,-0.04,-0.31,1.040,11.23,-22.91,35.7,R
,216561,831,0,3926,-0.116,-0.30,1.105,15.37,-2.40,47.81,R
,216591,751,0,3877,-0.091,-0.28,1.042,13.43,-3.50,49.15,R
,216601,685,0,323,-0.164,-0.366,1.048,7.09,-3.41,48.78,R
,216611,806,0,375,-0.109,-0.306,1.019,2.35,-38.95,48.3,R
,216621,784,0,3959,-0.15,-0.33,1.080,8.86,-3779,50.60,R
,216641,793,0,3983,-0.145,-0.38,1.019,0.15,-38.77,49.6,R
,216671,897,0,3872,-0.295,-0.679,0.934,8.77,-41.09,51.67,R
,216701,901,0,3968,-0.065,-0.508,0.645,0.03,-18.28,41.30,R
,216751,842,0,3856,-0.17,-0.49,0.397,-18.66,1.03,6.3,R
,216771,866,0,3872,-0.180,-0.55,0.561,31.93,3.28,-5.08,R
,216811,870,0,3868,-0.194,-0.45,0.648,39.28,-863,10.6,R
,216841,883,0,394,-0.108,-0.372,0.639,20.05,2.34,2.71,R
,216851,886,0,3858,-0.116,-0.41,0.709,31.39,20.99,-4.64,R
,216861,896,0,3987,-0.15,-0.46,0.745,-25.96,1.05,-6.5,R
,216871,873,0,3875,-0.055,-0.497,0.787,15.10,9.82,-8.12,R
,216881,887,0,382,-0.055,-0.460,0.792,1.14,9.82,-14.41,R
,216901,867,0,3996,-0.092,-0.385,0.778,.74,16.56,-24.79,R
,216921,867,0,3977,-0.138,-0.39,0.839,-25.10,2.37,-28.13,R
,216941,826,0,3941,-0.077,-0.47,0.928,-27.76,2.12,-2937,R
,216951,810,0,3861,-0.083,-0.465,0.923,19.53,2.47,-31.63,R
,216971,841,0,355,-0.108,-0.431,0.932,5.06,26.80,-39.22,R
,216991,826,0,3861,-0.109,-0.40,0.882,2.11,22.16,-37.86,R
,217011,866,0,362,-0.069,-0.410,0.911,21.61,13.75,-4516,R
,217021,889,0,3973,-0.09,-0.42,0.931,-30.57,940,-49.67,R
,217031,894,0,3851,-0.083,-0.43,0.950,-31.36,876,-48.90,R
,217061,885,0,396,-0.090,-0.432,0.989,22.66,14.42,-40.53,R
,217071,889,0,3856,-0.059,-0.43,0.986,18.57,7.26,-45.13,R
,217111,803,0,3862,-0.001,-0.37,0.834,-17.58,692,-41.9,R
,217151,807,0,356,0.046,-0.471,0.980,-6.46,7.3,-43.31,R
,217161,700,0,3965,-0.05,-0.52,0.988,-13.79,338,-38.8,R
,217241,656,0,3984,-0.126,-0.36,1.339,16.01,29.53,-13.54,R
,217261,672,0,394,-0.134,-0.365,1.361,2.60,18.08,-12.65,R
,217291,671,0,3853,-0.075,-0.28,1.196,9.80,1.6,-7.98,
,217331,688,0,3856,-0.047,-0.32,1.037,9.12,-3.4,5.38,
,217341,688,0,4010,-0.00,-0.355,1.000,.09,-7.46,5.45,R
,217361,661,0,388,-0.061,-0.33,0.981,0.38,-9.05,9.52,R
,217371,670,0,3855,-0.01,-0.36,0.979,7.26,-1233,10.94,R
,217381,663,0,4027,-0.023,-0.384,0.962,.20,-15.03,12.40,R
,217421,679,0,4020,-0.03,-0.43,0.998,9.08,-8.1,20.11,R
,217491,671,0,3856,-0.05,-0.42,1.031,13.35,-2.59,21.5,R
,217511,681,0,3853,0.001,-0.425,1.055,1.64,-14.83,23.49,R
,217531,686,0,3841,-0.021,-0.40,1.055,17.41,-8.19,26.92,R
,217541,687,0,4016,-0.08,-0.395,1.062,7.51,-476,28.97,R
,217551,666,0,3856,-0.08,-0.38,1.082,15.03,-618,29.6,R
,217561,672,0,4031,-0.00,-0.39,1.089,11.98,-1.37,28.9,R
,217571,662,0,3846,-0.01,-0.384,1.086,2.30,-1.05,26.9,R
,217611,692,0,3856,-0.038,-0.38,1.063,24.21,-2.79,30.16,R
,217621,688,0,4040,-0.052,-0.378,1.052,5.69,-2.62,30.42,R
,217631,695,0,3853,-0.042,-0.381,1.022,5.23,-20.92,29.64,R
,217651,697,0,3854,-0.051,-0.375,0.998,1.57,-23.38,30.37,R
,217661,694,0,4078,-0.045,-0.39,1.019,17.99,-2.42,31.33,R
,217671,664,0,367,-0.031,-0.39,1.009,6.96,-22.80,32.69,R
,217681,650,0,463,-0.040,-0.39,1.008,6.50,-19.26,34.14,R
,217711,694,0,3851,-0.089,-0.38,1.034,.86,-3.49,43.99,R
,217721,703,0,448,-0.086,-0.412,1.060,.83,-4.9,46.49,R
,217731,709,0,3859,-0.105,-0.39,1.064,4.88,-8.14,47.97,R
,217741,694,0,4064,-0.11,-0.393,1.065,0.13,-14.43,47.35,R
,217751,694,0,3853,-0.098,-0.390,1.074,6.41,-20.18,44.45,R
,217771,755,0,3855,-0.075,-0.35,1.008,21.06,-3.24,39.2,R
,217801,784,0,4079,-0.099,-0.37,1.033,16.33,-4.54,35.5,R
,217851,836,0,3856,-0.093,-0.37,0.921,4.32,-23.72,41.76,R
,217861,873,0,491,-0.138,-0.37,0.886,40.13,-2.38,42.40,R
,217871,848,0,3853,-0.125,-0.36,0.831,42.36,-2.01,42.4,R
,217881,848,0,495,-0.115,-0.344,0.810,3.92,-27.82,44.07,R
,217921,783,0,4080,-0.03,-0.359,0.607,9.45,-42.68,24.78,R
,217931,729,0,3847,-0.002,-0.37,0.576,25.20,-3.38,21.06,R
,217941,754,0,4085,-0.140,-0.38,0.733,7.26,-40.16,19.16,R
,217991,768,0,3856,0.03,-0.405,0.529,700,-7.03,-1.98,R
,218011,786,0,343,-0.013,-0.40,0.581,-2.46,-224,-8.67,R
,218041,786,0,4067,-0.045,-0.37,0.722,-8.63,2309,-13.63,R
,218051,790,0,342,-0.081,-0.35,0.741,-10.97,3.23,-14.97,R
,218061,791,0,4080,-0.091,-0.35,0.802,-12.14,3.83,-17.43,R
,218081,799,0,463,-0.18,-0.358,0.872,-11.39,2.66,-23.46,R
,218091,848,0,3856,-0.15,-0.331,0.871,8.17,2398,-23.7,R
,218111,815,0,3851,-0.088,-0.32,0.914,11.56,28.57,-25.93,R
,218121,818,0,4065,-0.10,-0.305,0.944,14.69,3.95,-2688,R
,218131,834,0,3838,-0.111,-0.306,0.960,16.02,3.47,-2874,R
,218161,883,0,4087,-0.098,-0.36,0.997,-19.00,2.87,-32.84,R
,218171,891,0,3851,-0.098,-0.36,0.991,-15.53,3.16,-32.10,R
,218181,867,0,4080,-0.05,-0.379,0.973,11.64,3.02,-3039,R
,218191,855,0,3847,-0.067,-0.36,0.967,-10.80,3.30,-30.00,R
,218201,846,0,4080,-0.09,-0.357,0.956,11.56,3.54,-32.06,R
,218211,816,0,338,-0.069,-0.359,0.951,-14.22,3.37,-35.06,R
,218221,837,0,4087,-0.030,-0.39,0.957,-15.17,32.08,-37.64,R
,218241,825,0,467,-0.072,-0.36,0.957,18.62,32.91,-39.74,R
,218251,848,0,340,-0.059,-0.37,0.958,20.05,33.02,-39.34,R
,218261,851,0,4081,-0.00,-0.375,0.964,21.78,3.87,-40.25,R
,218271,880,0,340,-0.067,-0.35,0.963,-23.75,3.39,-4169,R
,218281,867,0,4080,-0.07,-0.361,0.987,26.63,31.32,-43.77,R
,218291,878,0,3841,-0.02,-0.380,0.990,31.09,28.79,-46.16,R
,218301,869,0,4077,-0.01,-0.395,1.015,32.49,26.86,-45.92,R
,218321,818,0,4048,-0.065,-0.400,1.003,-36.49,2.84,-46.79,R
,218331,787,0,3846,-0.073,-0.40,1.002,37.32,26.44,-4566,R
,218361,683,0,4073,-0.078,-0.40,0.950,24.89,30.76,-40.12,R
,218381,698,0,4095,-0.061,-0.38,0.932,18.55,29.43,-41.09,R
,218401,705,0,4095,-0.06,-0.309,0.938,28.36,25.20,-43.25,R
,218411,732,0,3839,-0.106,-0.41,0.929,-32.14,1.33,-38.39,R
,218421,706,0,4087,-0.07,-0.397,0.941,35.61,10.85,-40.67,R
,218441,651,0,4095,-0.028,-0.41,0.876,23.41,5.21,-36.06,R
,218531,810,0,3826,-0.048,-0.36,1.037,-48.63,3.84,-27.60,R
,218541,798,0,4092,-0.082,-0.39,1.169,-48.83,3.73,-22.01,R
,218551,724,0,3839,-0.18,-0.385,1.299,40.31,43.29,-1514,R
,218581,657,0,4095,-0.292,-0.41,1.564,-10.42,3.75,12.26,R
,218611,635,0,3846,-0.189,-0.33,1.550,-4.52,6.3,3.93,
,218621,637,0,4095,-0.13,-0.33,1.487,0.44,2.8,7.61,R
,218631,649,0,3844,-0.17,-0.348,1.403,.86,3.60,14.81,R
,218641,643,0,4095,-0.095,-0.343,1.319,10.44,1.8,17.87,R
,218651,651,0,3842,-0.090,-0.342,1.245,0.99,-4.16,19.30,R
,218661,656,0,495,-0.071,-0.35,1.198,9.52,-1034,18.60,R
,218671,655,0,3840,-0.054,-0.367,1.138,0.59,-17.08,17.67,R
,218691,645,0,3841,-0.079,-0.351,1.080,.72,-1756,26.02,R
,218701,650,0,4095,-0.039,-0.37,1.093,.33,-17.03,29.42,R
,218711,656,0,3845,-0.052,-0.397,1.064,0.48,-1850,31.65,R
,218731,650,0,3854,-0.06,-0.452,1.080,.74,-18.68,36.4,R
,218751,655,0,3850,-0.057,-0.432,1.049,7.72,-1.79,43.96,R
,218771,654,0,3842,-0.07,-0.394,1.023,0.48,-4.19,49.64,R
,218781,656,0,495,-0.073,-0.39,1.017,17.06,-549,49.04,R
,218811,630,0,3829,-0.131,-0.39,1.010,-0.77,-2.99,46.29,R
,218821,631,0,495,-0.131,-0.42,1.043,-0.04,-2.74,47.27,R
,218831,614,0,3836,-0.11,-0.42,1.062,.77,-30.51,49.18,R
,218841,615,0,4095,-0.118,-0.432,1.043,1.78,-30.54,48.2,R
,218871,622,0,3845,-0.177,-0.38,1.060,22.99,-2.09,48.26,R
,218881,628,0,4095,-0.18,-0.37,1.082,3.23,-28.13,47.10,R
,218891,634,0,332,-0.227,-0.37,1.074,19.72,-3.97,45.01,R
,218901,624,0,4095,-0.246,-0.38,1.067,15.77,-3.82,41.68,R
,218921,643,0,4095,-0.307,-0.414,1.063,8.79,-40.98,39.4,R
,218931,685,0,3839,-0.30,-0.45,1.045,3.32,-43.05,41.96,R
,219021,730,0,4095,-0.154,-0.44,0.454,31.78,-4.86,25.91,R
,219031,717,0,349,-0.142,-0.46,0.457,23.00,-3.69,18.31,R
,219041,720,0,4095,-0.113,-0.48,0.444,13.48,-3.38,10.66,R
,219051,720,0,3843,-0.17,-0.49,0.420,4.71,-3016,8.07,R
,219071,753,0,3838,-0.16,-0.51,0.468,8.70,-1666,10.33,R
,219121,919,0,4095,-0.167,-0.42,0.639,16.83,4.3,-5.84,R
,219161,916,0,4095,-0.110,-0.41,0.728,-16.68,1.71,-20.32,R
,219171,784,0,337,-0.105,-0.428,0.771,18.20,12.59,-24.29,R
,219211,802,0,3842,-0.145,-0.469,0.848,11.24,2.86,-25.86,R
,219221,839,0,4095,-0.080,-0.51,0.907,7.55,28.73,-21.3,R
,219231,853,0,346,-0.024,-0.485,0.864,-3.55,3798,-27.17,R
,219241,834,0,4087,-0.094,-0.431,0.917,7.35,42.37,-34.24,R
,219251,765,0,326,-0.150,-0.43,0.916,-8.22,3804,-37.31,R
,219271,763,0,3839,-0.02,-0.43,0.938,21.20,14.27,-4722,R
,219281,759,0,481,-0.094,-0.462,0.932,27.46,0.79,-50.94,R
,219291,769,0,3839,-0.070,-0.46,0.941,-23.53,-.92,-51.28,R
,219301,779,0,4077,-0.00,-0.44,0.933,-18.05,-.59,-49.86,R
,219341,783,0,495,-0.034,-0.384,0.948,20.01,24.27,-4216,R
,219361,778,0,4095,0.006,-0.384,0.941,-0.04,28.73,-42.91,R
,219421,836,0,4095,0.114,-0.343,0.697,-2.94,-22.16,-53.02,R
,219431,830,0,3838,0.149,-0.341,0.666,-7.49,-12.40,-48.64,R
,219441,814,0,4095,0.119,-0.300,0.723,-2.37,-1.34,-43.3,R
,219491,987,0,3838,-0.20,-0.32,1.354,-25.52,3.08,-10.42,R
,219511,1011,0,3847,-0.19,-0.15,1.670,-27.70,0.85,-3.75,R
,219521,1023,0,4081,-0.49,-0.28,1.729,-18.08,0.66,-3.81,R
,219541,967,0,4063,-0.16,-0.25,1.746,4.47,3.9,1.79,R
,219581,953,0,4095,0.072,-0.245,1.326,775,-12.91,9.24,R
,219631,926,0,3842,0.070,-0.330,1.117,874,-25.9,19.06,R
,219681,903,0,3984,0.053,-0.347,1.074,1.70,-15.03,34.6,R
,219691,912,0,3846,-0.05,-0.31,1.081,0.83,-1.85,37.20,R
,219701,889,0,4001,-0.000,-0.353,1.092,.08,-1724,39.33,R
,219711,891,0,3849,-0.018,-0.365,1.094,.36,-22.65,41.81,R
,219801,766,0,427,0.059,-0.557,1.090,244,-40.6,41.42,R
,219811,799,0,3849,0.07,-0.603,1.075,-.14,-46.53,36.51,R
,219851,769,0,356,0.114,-0.737,0.980,-.65,-44.25,13.2,R
,219871,761,0,342,0.090,-0.743,0.900,-.14,-3769,4.20,R
,219951,854,0,3854,-0.014,-0.50,0.499,31.53,-47.87,-3.48,R
,219961,865,0,4016,0.013,-0.482,0.472,-4.04,-45.24,-40.70,R
,219971,918,0,3835,-0.000,-0.46,0.465,-36.59,-43.38,-4.98,R
,220001,944,0,4004,-0.045,-0.40,0.520,-42.37,-34.45,-3.74,R
,220011,896,0,3862,-0.081,-0.37,0.522,44.91,-28.30,-30.47,R
,220031,916,0,3839,-0.080,-0.35,0.566,-43.53,-8.59,-21.48,R
,220041,925,0,4014,-0.071,-0.375,0.588,41.50,-13.53,-16.35,R
,220051,899,0,3841,-0.046,-0.382,0.590,40.04,-10.85,-1.76,R
,220061,897,0,4015,-0.09,-0.38,0.588,-39.56,-.61,-8.03,R
,220071,816,0,346,-0.021,-0.377,0.603,40.23,-2.22,-4.1,R
,220101,989,0,4011,0.021,-0.439,0.674,-2.98,1.23,-5.54,R
,220121,992,0,416,0.067,-0.487,0.687,-9.44,3.32,-3.55,R
,220151,1033,0,3847,0.142,-0.53,0.716,-32.10,12.63,0.05,R
,220171,1057,0,3850,0.15,-0.561,0.737,33.96,17.34,-7.28,R
,220211,1011,0,3850,0.167,-0.59,0.817,-37.35,2.44,-5.75,R
,220221,1040,0,3981,0.12,-0.606,0.822,34.49,25.57,-6.59,R
,220231,1086,0,3852,0.149,-0.598,0.837,28.57,23.46,-7.7,R
,220241,1107,0,984,0.166,-0.61,0.807,22.31,15.53,-1135,R
,220251,1111,0,3837,0.26,-0.45,0.803,-21.17,570,-16.76,R
,220301,1008,0,979,0.289,-0.62,0.731,28.68,-1.95,-2453,R
,220311,1074,0,3847,0.27,-0.63,0.703,27.91,-.69,-25.96,R
,220321,1133,0,013,0.278,-0.641,0.741,25.27,0.21,-29.3,R
,220351,1072,0,844,0.306,-0.638,0.755,21.12,-.28,-35.35,R
,220381,1093,0,3986,0.21,-0.63,0.979,-32.98,12.39,-3699,R
,220391,1101,0,3839,0.224,-0.623,1.126,31.17,20.21,-32.71,R
,220401,1105,0,3993,0.141,-0.603,1.256,21.39,25.05,-24.67,R
,220411,1118,0,3839,0.102,-0.61,1.424,-21.26,3.45,-15.02,R
,220431,1174,0,3844,0.052,-0.58,1.532,-8.49,25.17,-5.2,R
,220451,1168,0,840,0.108,-0.577,1.562,.74,8.8,-2.47,R
,220481,1175,0,4010,0.181,-0.58,1.232,16.57,-6.33,5.35,R
,220491,1173,0,839,0.193,-0.56,1.174,15.46,-10.14,7.39,R
,220521,1181,0,015,0.221,-0.56,1.047,25.29,-17.63,9.8,R
,220531,1168,0,3847,0.29,-0.54,0.977,4.56,-1.98,13.16,R
,220541,1165,0,4003,0.226,-0.55,0.969,24.42,-18.85,17.0,R
,220551,1153,0,3837,0.189,-0.54,0.957,3.02,-19.92,21.42,R
,220561,1152,0,4019,0.14,-0.564,0.942,9.29,-21.95,24.84,R
,220571,1130,0,3843,0.16,-0.559,0.934,6.99,-24.66,27.65,R
,220601,1137,0,4015,0.23,-0.594,0.947,7.61,-33.93,32.2,R
,220631,1146,0,3840,0.18,-0.584,0.955,2.62,-31.72,35.13,R
,220701,1143,0,043,0.109,-0.661,0.983,8.38,-3.31,39.10,R
,220721,1123,0,048,0.114,-0.61,0.960,12.27,-32.39,35.55,R
,220731,1126,0,3840,0.052,-0.635,0.978,0.32,-33.53,33.70,R
,220741,1057,0,038,0.031,-0.618,0.947,1.67,-35.79,30.8,R
,220771,963,0,3839,-0.009,-0.679,0.852,4.19,-5.62,21.10,R
,220801,740,0,4023,0.04,-0.629,0.609,3.68,-6970,19.94,R
,220861,586,0,4064,0.17,-0.623,0.229,2.78,-3836,10.16,R
,220921,629,0,4030,0.18,-0.667,0.230,1.54,9.87,9.03,R
,220981,751,0,3991,0.11,-0.621,0.542,-7.52,20.25,-8.6,R
,221001,639,0,3990,0.14,-0.660,0.657,-1.87,1708,-8.77,R
,221031,626,0,3851,0.166,-0.608,0.728,270,30.7,-11.69,R
,221121,781,0,3952,0.18,-0.619,0.841,-5.17,2993,-24.64,R
,221141,797,0,3984,0.20,-0.610,0.816,-3.58,37.70,-19.87,R
,221171,825,0,3840,0.24,-0.599,0.785,-9.30,3833,-22.30,R
,221181,816,0,366,0.23,-0.587,0.784,-0.60,3482,-25.3,R
,221191,827,0,3840,0.26,-0.595,0.768,-3.26,27.32,-25.87,R
,221221,881,0,3986,0.31,-0.592,0.713,-1.82,7.03,-30.4,R
,221301,955,0,4016,0.38,-0.286,0.949,-4.48,31.98,-43.28,R
,221311,1071,0,3842,0.25,-0.462,1.062,45.20,3.43,-32.39,R
,221321,1014,0,3984,0.16,-0.517,1.225,42.19,38.97,-21.45,R
,221361,1013,0,984,0.14,-0.527,1.647,0.01,25.31,-2.2,R
,221411,1003,0,3838,0.325,-0.53,1.266,14.19,-0.88,6.34,R
,221481,1003,0,3976,0.21,-0.524,0.960,.89,-1500,14.75,R
,221491,1008,0,3843,0.268,-0.54,0.958,5.41,-17.44,16.6,R
,221511,1003,0,3835,0.292,-0.58,0.987,10.85,-22.11,20.07,R
,221521,1008,0,3999,0.27,-0.573,0.961,4.35,-1.34,24.08,R
,221531,1040,0,843,0.259,-0.56,0.958,17.80,-15.49,29.16,R
,221551,1046,0,3824,0.29,-0.562,0.988,0.24,-14.77,32.07,R
,221561,1040,0,3999,0.24,-0.546,0.960,6.97,-18.22,33.01,R
,221571,1035,0,839,0.248,-0.55,0.988,10.19,-24.18,33.73,R
,221581,1035,0,4019,0.263,-0.57,0.993,4.99,-32.79,31.90,R
,221591,1008,0,825,0.262,-0.58,1.022,1.29,-38.74,29.76,R
,221601,1038,0,4021,0.259,-0.64,1.026,-1.41,-43.23,27.91,R
,221661,952,0,4029,0.31,-0.744,0.955,1.36,-2630,35.33,R
,221711,955,0,3837,0.27,-0.896,0.730,-0.75,-6.21,-9.55,R
,221731,944,0,3839,0.26,-0.866,0.595,-3.56,-52.74,-1731,R
,221741,972,0,4080,0.22,-0.862,0.564,-2.05,-46.54,-1697,R
,221801,960,0,4046,0.14,-0.625,0.289,-41.93,-41.67,-45.34,R
,221811,934,0,3834,0.14,-0.629,0.283,-8.08,-4.74,-50.70,R
,221881,910,0,4067,0.11,-0.509,0.373,-2.16,3.4,-22.91,R
,221931,781,0,327,0.14,-0.525,0.476,-9.27,-1.50,-13.74,R
,222001,803,0,465,0.23,-0.585,0.530,-8.95,22.10,-7.6,R
,222011,805,0,331,0.29,-0.609,0.545,-0.16,17.52,-11.4,R
,222021,787,0,463,0.29,-0.622,0.539,-0.81,18.56,-12.6,R
,222051,799,0,3835,0.303,-0.641,0.570,-1.26,3622,-5.25,R
,222171,854,0,3837,0.38,-0.646,0.565,-4.92,24.95,-16.33,R
,222251,1011,0,834,0.303,-0.70,1.192,-27.55,3.75,-6.16,R
,222261,1039,0,4043,0.27,-0.744,1.344,25.41,33.92,-0.19,R
,222291,1050,0,3837,0.270,-0.73,1.482,2.83,12.80,4.62,R
,222311,1023,0,838,0.351,-0.68,1.360,17.69,1.3,5.29,R
,222321,1041,0,4071,0.39,-0.634,1.108,8.99,3.61,13.00,R
,222421,1047,0,067,0.35,-0.667,0.758,9.37,-2.79,28.28,R
,222451,1091,0,3834,0.344,-0.66,0.766,14.09,-24.80,35.35,R
,222491,1134,0,824,0.30,-0.697,0.806,2.28,-31.99,32.17,R
,222501,1136,0,4095,0.32,-0.698,0.835,4.13,-29.84,37.13,R
,222511,1168,0,3836,0.308,-0.71,0.860,18.06,-25.61,37.67,R
,222521,1162,0,4095,0.290,-0.69,0.869,20.12,-24.36,38.87,R
,222531,1190,0,839,0.28,-0.699,0.896,9.80,-26.27,40.1,R
,222571,1206,0,3825,0.189,-0.71,0.870,6.19,-51.01,36.1,R
,222581,1202,0,4094,0.183,-0.72,0.858,18.86,-50.88,36.66,R
,222601,1200,0,095,0.17,-0.746,0.822,3.03,-44.27,35.7,R
,222631,1086,0,3835,0.16,-0.76,0.638,27.35,-4.91,35.00,R
,222641,1087,0,095,0.17,-0.752,0.544,7.66,-42.21,33.67,R
,222651,1008,0,3838,0.17,-0.791,0.428,8.93,-40.94,31.3,R
,222691,961,0,350,0.17,-0.794,0.112,899,-21.59,26.34,R
,222721,1011,0,4095,0.18,-0.84,0.067,0.94,-1259,9.67,R
,222751,989,0,337,0.18,-0.844,0.046,1.34,-9.29,5.58,
,222781,1007,0,4095,0.14,-0.83,0.298,3.95,6.27,-9.83,R
,222801,1012,0,095,0.13,-0.761,0.281,.53,24.82,-1.08,R
,222811,1022,0,831,0.26,-0.761,0.385,8.13,31.20,-7.08,R
,222831,1019,0,3827,0.12,-0.804,0.441,21.62,20.57,-9.6,R
,222861,1036,0,4095,0.197,-0.79,0.562,9.53,19.75,-12.56,R
,222881,1078,0,095,0.26,-0.759,0.550,9.26,36.63,-12.3,R
,222891,1021,0,3836,0.210,-0.76,0.572,-12.51,3.37,-9.74,R
,222901,1010,0,4095,0.21,-0.768,0.604,13.33,40.18,-1198,R
,222911,1018,0,823,0.23,-0.762,0.600,17.10,42.59,-14.74,R
,222921,1018,0,095,0.24,-0.801,0.610,19.87,38.33,-15.11,R
,222941,1023,0,4095,0.258,-0.79,0.625,25.21,28.41,-1674,R
,222951,1040,0,3831,0.23,-0.800,0.623,23.97,27.03,-1909,R
,222961,1033,0,4095,0.26,-0.81,0.620,-25.73,2.02,-20.56,R
,222991,1044,0,3815,0.330,-0.81,0.626,-22.45,1.84,-30.82,R
,223001,1060,0,4095,0.306,-0.77,0.574,-22.81,1.73,-32.91,R
,223011,1056,0,3830,0.341,-0.77,0.563,-23.78,7.60,-30.7,R
,223021,1101,0,095,0.34,-0.766,0.553,25.65,6.01,-30.35,R
,223041,1087,0,4095,0.43,-0.757,0.530,26.80,10.36,-30.03,R
,223051,1139,0,3824,0.33,-0.737,0.519,28.80,15.26,-29.43,R
,223071,1143,0,3824,0.32,-0.733,0.535,34.20,19.49,-28.74,R
,223081,1157,0,4091,0.409,-0.76,0.565,-31.79,19.53,-2899,R
,223091,1162,0,3824,0.39,-0.726,0.593,33.26,15.49,-32.47,R
,223101,1152,0,4085,0.49,-0.765,0.605,29.88,9.55,-36.61,R
,223111,1162,0,3821,0.42,-0.766,0.603,26.89,999,-36.77,R
,223121,1165,0,4080,0.46,-0.697,0.659,30.92,15.00,-3572,R
,223131,1168,0,822,0.33,-0.72,0.675,38.23,23.52,-2919,R
,223141,1165,0,4091,0.33,-0.731,0.781,40.16,27.23,-2545,R
,223221,1187,0,4089,0.376,-0.74,1.284,-2.80,-123,-19.5,R
,223231,1182,0,831,0.31,-0.712,1.271,.93,-6.02,-21.86,R
,223261,1189,0,4095,0.33,-0.571,1.058,2.21,-13.17,-6.88,R
,223271,1191,0,818,0.36,-0.632,1.030,.89,-23.69,-4.3,R
,223281,1190,0,095,0.25,-0.642,1.028,.58,-26.76,0.84,R
,223301,1183,0,4095,0.38,-0.64,1.059,0.96,-35.09,5.15,R
,223311,1182,0,839,0.36,-0.598,0.927,7.63,-35.81,9.96,R
,223321,1187,0,4095,0.33,-0.57,0.936,4.33,-42.21,11.67,R
,223351,1131,0,3825,0.386,-0.57,0.905,33.63,-57.09,19.79,R
,223361,1135,0,095,0.38,-0.594,0.895,6.10,-56.83,22.3,R
,223401,1145,0,4095,0.39,-0.588,0.864,4.83,-54.39,38.95,R
,223411,1152,0,829,0.36,-0.608,0.869,3.34,-56.07,42.52,R
,223421,1157,0,095,0.35,-0.61,0.922,4.32,-57.11,45.91,R
,223451,1123,0,830,0.36,-0.63,0.882,40.93,-58.30,49.94,R
,223471,1123,0,3831,0.268,-0.70,0.859,37.55,-61.05,48.3,R
,223511,1127,0,3824,0.22,-0.738,0.778,5.90,-60.48,52.9,R
,223551,1127,0,3824,0.12,-0.751,0.601,7.22,1.89,66.66,R
,223581,1079,0,4091,0.04,-0.751,0.475,113.38,4.15,96.68,R
,223591,1067,0,830,0.02,-0.738,0.406,41.78,54.02,104.95,R
,223611,1008,0,3830,0.00,-0.64,0.323,169.25,6.45,109.18,R
,223701,748,0,495,0.05,-0.547,0.304,20.33,70.85,72.60,R
,223751,626,0,3829,-0.04,-0.47,0.557,222.71,8.12,37.1,R
,223781,597,0,495,-0.02,-0.348,0.551,236.65,67.75,5.9,R
,223801,640,0,4095,-0.104,-0.239,0.708,41.72,72.47,-12.91,R
,223811,656,0,3827,-0.12,-0.13,0.721,236.07,83.09,-1859,R
,223821,669,0,4095,-0.17,-0.074,0.772,25.93,93.81,-20.53,R
,223851,813,0,334,-0.27,0.094,0.849,25.55,105.61,-28.06,R
,224021,779,0,474,-0.40,0.680,1.046,6.28,107.43,-19.80,R
,224031,784,0,325,-0.49,0.696,1.029,4.78,93.1,-25.71,R
,224041,858,0,4065,-0.45,0.670,1.004,2.79,86.3,-36.61,R
,224051,869,0,3824,-0.59,0.683,1.286,025,66.94,-42.85,R
,224061,848,0,4083,-0.75,0.772,1.533,-8.25,5305,-40.62,R
,224101,784,0,4077,-0.59,0.693,1.070,-9.65,6641,-12.56,R
,224131,881,0,330,-0.653,0.803,1.585,-.89,-1607,-33.9,R
,224141,937,0,491,-0.72,0.699,1.605,-34.19,-46.83,-32.07,R
,224161,960,0,495,-0.59,0.597,1.375,-1.90,-56.31,-11.90,R
,224361,851,0,4010,-0.59,0.372,0.896,3.58,3.0,-16.50,R
,224421,813,0,4047,-0.46,0.424,0.749,1.74,-0.10,-14.48,R
,224431,793,0,3829,-0.42,0.429,0.699,1.83,1.6,-11.43,R
,224491,548,0,3828,-0.57,0.507,0.723,3.22,14.19,-5.84,R
,224501,653,0,416,-0.542,0.523,0.719,3.25,13.34,-9.22,R
,224521,270,0,428,-0.59,0.532,0.742,2.11,9.06,-15.19,R
,224531,385,0,3837,-0.51,0.528,0.730,1.26,3.7,-17.14,R
,224611,541,0,3825,-0.56,0.415,0.718,1.93,9.5,-3.40,R
,224651,539,0,3829,-0.52,0.421,0.717,1.10,16.1,-4.82,R
,224761,724,0,4064,-0.52,0.519,0.631,1.74,25.7,-20.41,R
,224871,398,0,3839,-0.67,0.490,0.646,1.86,45.09,-5.86,R
,224881,603,0,4031,-0.68,0.490,0.615,2.32,45.5,-4.59,R
,224911,671,0,3829,-0.70,0.602,0.511,783,14.8,-9.72,R
,224921,697,0,4003,-0.73,0.547,0.511,-2.51,-204,-10.29,R
,224931,791,0,3834,-0.65,0.543,0.490,-7.43,-19.12,-1422,R
,224951,784,0,3829,-0.61,0.449,0.632,-1.50,-17.17,-1842,R
,224981,993,0,4042,-0.60,0.382,0.655,4.64,21.21,-6.77,R
,225041,1120,0,029,-0.734,0.40,0.584,10.67,23.52,0.68,R
,225051,1121,0,3830,-0.25,0.454,0.579,4.16,2886,3.30,R
,225071,1205,0,3838,-0.27,0.478,0.610,8.22,35.87,3.88,R
,225131,1355,0,3833,-0.668,0.48,0.493,7.96,5.46,-12.56,R
,225151,1387,0,3831,-0.708,0.45,0.511,12.38,6.7,-19.57,R
,225161,1328,0,4016,-0.27,0.470,0.499,16.19,9.61,-19.87,R
,225211,1597,0,3826,-0.35,0.420,0.580,3.78,4.41,-33.3,R
,225231,1584,0,827,-0.05,0.41,0.575,23.09,1070,-28.03,R
,225261,1606,0,4048,-0.681,0.39,0.538,27.92,23.35,-21.8,R
,225271,1600,0,3831,-0.28,0.394,0.566,8.01,28.45,-18.84,R
,225291,1586,0,839,-0.781,0.44,0.529,27.90,3369,-14.42,R
,225301,1594,0,4024,-0.801,0.452,0.553,4.90,28.10,-16.39,R
,225321,1535,0,4026,-0.868,0.51,0.404,0.68,20.16,-16.5,R
,225331,1508,0,840,-0.825,0.47,0.426,28.45,15.95,-16.70,R
,225381,1402,0,4016,-0.729,0.44,0.444,3.51,8.2,-17.78,R
,225391,1398,0,3835,-0.709,0.43,0.488,23.96,10.11,-19.58,R
,225401,1401,0,4027,-0.717,0.46,0.490,4.33,15.17,-17.8,R
,225471,1249,0,3824,-0.817,0.47,0.356,15.80,2431,-5.77,R
,225481,1296,0,4016,-0.830,0.47,0.323,14.93,1818,-7.37,R
,225501,1302,0,4021,-0.07,0.481,0.333,.56,3.03,-12.64,R
,225511,1302,0,3817,-0.787,0.490,0.340,.81,-1.58,-13.90,R
,225521,1266,0,4013,-0.782,0.46,0.342,7.96,-2.22,-14.39,R
,225531,1235,0,835,-0.03,0.420,0.370,.66,-1.44,-14.7,R
,225541,1167,0,4007,-0.88,0.428,0.355,.41,1.50,-15.14,R
,225561,1232,0,4018,-0.829,0.43,0.443,.43,5.79,-16.70,R
,225581,1249,0,017,-0.31,0.46,0.473,5.11,7.6,-18.39,R
,225621,1327,0,4047,-0.810,0.47,0.385,5.60,13.70,-8.79,R
,225651,1331,0,3840,-0.846,0.47,0.360,.63,21.40,-9.84,R
,225701,1349,0,4026,-0.863,0.44,0.361,-3.06,5.35,-14.73,R
,225721,1362,0,4037,-0.838,0.44,0.361,-7.81,6.5,-11.77,R
,225751,1374,0,3824,-0.818,0.42,0.377,15.78,2.83,-12.32,R
,225791,1466,0,803,-0.49,0.389,0.410,10.78,4.85,-12.3,R
,225801,1455,0,4088,-0.860,0.40,0.409,-8.10,4.24,-12.99,R
,225811,1459,0,812,-0.69,0.39,0.425,-7.81,0.8,-12.42,R
,225821,1477,0,4095,-0.45,0.39,0.407,-7.91,-5.98,-12.7,R
,225841,1477,0,4095,-0.08,0.354,0.404,10.42,-9.84,-16.82,R
,225851,1486,0,3805,-0.19,0.297,0.430,8.88,-8.08,-17.16,R
,225861,1485,0,4095,-0.34,0.322,0.418,4.66,-5.20,-14.38,R
,225891,1491,0,3819,-0.850,0.264,0.445,.14,4.47,-5.60,R
,225901,1487,0,4095,-0.835,0.26,0.440,.75,6.71,-2.80,R
,225911,1472,0,3819,-0.834,0.28,0.429,4.76,8.0,-2.04,R
,225951,1456,0,819,-0.13,0.329,0.390,5.87,1.40,-5.16,R
,225961,1428,0,4095,-0.899,0.31,0.380,17.74,-1.20,-6.3,R
,225991,1411,0,3819,-0.936,0.34,0.517,19.87,-708,2.16,R
,226001,1402,0,095,-0.44,0.32,0.533,19.26,-756,7.56,R
,226021,1423,0,4095,-0.945,0.32,0.597,2.36,-5.14,14.40,R
,226041,1392,0,4082,-0.901,0.40,0.535,7.37,12.28,11.8,R
,226061,1340,0,4095,-0.82,0.462,0.488,3.99,3.12,3.21,R
,226071,1327,0,793,-0.79,0.438,0.480,4.33,-12.57,-1.72,R
,226081,1326,0,4095,-0.84,0.46,0.440,36.03,-2.12,-5.72,R
,226091,1329,0,3820,-0.996,0.49,0.403,31.35,-3.52,-8.62,R
,226101,1344,0,4095,-1.10,0.46,0.408,30.36,-41.24,-8.15,R
,226111,1343,0,3809,-0.970,0.48,0.381,29.49,-44.18,-7.9,R
,226121,1342,0,4095,-0.919,0.52,0.408,42.32,-2.15,-12.73,R
,226131,1347,0,3794,-0.57,0.458,0.330,6.25,-22.51,-15.28,R
,226171,1414,0,813,-0.07,0.447,0.226,6.03,-35.46,17.8,R
,226181,1424,0,095,-0.12,0.416,0.231,2.85,-18.97,17.65,R
,226191,1402,0,3809,-0.36,0.42,0.236,26.47,-1.08,20.49,R
,226201,1394,0,095,-0.18,0.449,0.194,4.15,-2.91,26.86,R
,226221,1289,0,4095,-0.33,0.46,0.104,29.77,0.8,28.34,R
,226281,1231,0,095,-0.01,0.441,0.052,26.45,1.68,46.16,R
,226321,1239,0,095,-0.96,0.403,0.170,12.92,67.09,47.1,R
,226351,1232,0,3811,-0.768,0.42,0.144,-50.75,65.24,4.51,R
,226361,1237,0,095,-0.15,0.425,0.156,61.97,47.40,3.24,R
,226381,1264,0,095,-0.19,0.448,0.169,65.62,33.76,10.78,R
,226401,1254,0,4095,-0.18,0.478,0.171,66.69,50.66,16.80,R
,226411,1246,0,3803,-0.813,0.42,0.267,-67.24,50.54,12.77,R
,226441,1303,0,4095,-0.86,0.379,0.756,17.17,-15.47,-15.17,R
,226501,1553,0,4095,-0.26,0.51,0.535,15.32,19.05,15.09,R
,226521,1527,0,4095,-0.54,0.506,0.322,.15,8.77,3.42,R
,226551,1356,0,3812,-0.13,0.51,0.160,-8.25,-805,-4.7,R
,226561,1328,0,095,-0.22,0.518,0.114,11.35,-3.40,-1.29,R
,226601,1227,0,4095,-0.745,0.46,0.298,37.55,-17.81,-9.16,R
,226611,1171,0,807,-0.83,0.407,0.343,34.98,-15.18,-11.08,R
,226651,1194,0,817,-0.63,0.520,0.433,14.34,29.92,7.30,R
,226661,1203,0,4095,-0.98,0.556,0.429,23.12,2.72,9.00,R
,226681,1109,0,4095,-0.02,0.569,0.425,39.21,2.69,8.05,R
,226711,944,0,3814,-0.96,0.562,0.353,-0.81,0.99,4.48,R
,226721,941,0,4095,-0.87,0.529,0.327,-6.33,-12.77,2.02,R
,226731,923,0,3807,-0.82,0.504,0.302,-0.10,-18.27,2.10,R
,226761,893,0,4095,-0.75,0.404,0.360,-0.46,2.1,5.00,R
,226771,881,0,3807,-0.70,0.411,0.322,-9.94,11.15,7.68,R
,226801,971,0,4095,-0.81,0.460,0.371,-9.18,6.47,18.94,R
,226821,970,0,4095,-0.92,0.451,0.467,-1.00,-34.98,27.18,R
,226841,1023,0,4095,-0.71,0.461,0.486,57.36,-41.78,40.66,R
,226851,1023,0,3815,-0.818,0.48,0.525,-53.24,-34.54,4397,R
,226881,1066,0,4095,-0.20,0.525,0.481,70.54,-42.33,19.13,R
,226901,1155,0,095,-0.808,0.48,0.562,-80.26,-59.12,1680,R
,226921,1233,0,4095,-0.79,0.436,0.641,90.48,-3.44,26.81,R
,226951,1286,0,3814,-0.61,0.25,0.874,-175.64,-51.50,5.49,R
,226981,1200,0,4095,-0.664,0.10,1.191,-141.85,36.59,79.84,R
,226991,1206,0,3815,-0.66,0.153,1.188,136.94,28.51,64.86,R
,227001,1170,0,4095,-0.45,0.143,1.206,134.97,38.85,46.77,R
,227031,1169,0,3809,-0.69,0.207,1.240,151.59,-98.19,-30.47,R
,227041,1155,0,4095,-0.50,0.213,1.213,160.78,-123.63,-53.77,R
,227051,1147,0,3815,-0.61,0.15,1.290,-161.96,-143.90,73.23,R
,227061,1104,0,095,-0.774,0.17,1.296,-153.94,-158.34,-77.64,R
,227071,1104,0,806,-0.773,0.12,1.312,-133.62,-153.99,69.31,R
,227081,1162,0,4095,-0.63,0.146,1.324,-113.23,-147.05,-60.56,R
,227091,1168,0,3810,-0.784,0.19,1.283,-100.54,139.37,-57.64,R
,227101,1156,0,095,-0.721,0.22,1.307,86.95,-36.24,-63.78,R
,227111,1136,0,810,-0.756,0.25,1.205,-92.69,-141.12,-2.71,R
,227121,1133,0,4095,-0.45,0.22,1.158,-104.68,148.45,-80.80,R
,227141,1133,0,4095,-0.79,0.20,1.093,-119.01,-158.47,-77.67,R
,227151,1075,0,809,-0.745,0.175,1.081,116.52,-154.33,-70.39,R
,227171,1141,0,3806,-0.11,0.188,1.012,101.96,142.74,-58.70,R
,227181,1168,0,4095,-0.679,0.196,0.952,97.21,-137.85,-4.06,R
,227201,1173,0,4095,-0.614,0.22,0.874,-102.01,-133.47,-51.83,R
,227241,1165,0,4095,-0.31,0.161,0.750,115.68,-126.37,-40.06,R
,227251,1168,0,3810,-0.481,0.10,0.740,-116.77,120.51,-33.43,R
,227301,1150,0,4095,-0.15,-0.04,0.649,-113.61,-88.68,6.58,R
,227331,1149,0,3802,-0.229,-0.01,0.643,-108.16,-68.57,2.04,R
,227371,1151,0,3808,-0.35,-0.29,0.617,-94.31,-48.33,13.64,R
,227451,1161,0,3801,-0.79,-0.42,0.675,-37.55,-21.56,1.39,R
,227461,1164,0,095,-0.082,-0.49,0.682,-33.65,-17.87,1.23,R
,227471,1163,0,3808,-0.81,-0.43,0.691,-32.39,-15.75,14.60,R
,227491,1169,0,807,-0.066,-0.42,0.701,-30.51,-14.27,13.90,R
,227521,1151,0,095,-0.053,-0.59,0.736,-16.60,-3.96,1420,R
,227551,1145,0,798,-0.051,-0.53,0.750,-4.04,-1.30,3.73,R
,227661,1116,0,4095,-0.061,-0.58,0.734,-10.45,13.86,-13.46,R
,227771,1106,0,3805,-0.095,-0.57,0.679,-1.75,40.70,-19.00,R
,227781,1089,0,4085,-0.064,-0.59,0.722,-11.65,32.19,-2.53,R
,227861,1107,0,4067,0.014,-0.63,0.666,-13.97,29.12,-3890,R
,227871,1067,0,3807,0.020,-0.62,0.682,15.21,3.14,-40.09,R
,227901,1008,0,051,0.06,-0.672,0.714,42.71,2.41,-64.27,R
,227911,1009,0,805,0.048,-0.68,0.676,48.65,-11.20,-68.04,R
,227931,1093,0,3808,0.18,-0.73,0.733,45.88,-11.34,-52.38,R
,227941,1106,0,4050,0.151,-0.76,0.708,-36.62,3.20,-43.26,R
,227951,1115,0,811,0.170,-0.73,0.691,24.04,19.20,-3502,R
,227961,1104,0,4032,0.19,-0.672,0.687,20.34,3.97,-29.89,R
,227971,1040,0,804,0.140,-0.64,0.681,-17.56,43.63,-2856,R
,227991,1099,0,3819,0.18,-0.650,0.742,36.05,1.44,-41.37,R
,228001,1153,0,4032,0.02,-0.57,0.841,-57.01,3.28,-48.6,R
,228021,1223,0,4048,0.138,-0.61,1.057,-75.59,-18.91,-57.49,R
,228031,1242,0,3825,0.05,-0.70,1.209,-64.88,-19.66,-50.61,R
,228051,1231,0,3809,0.08,-0.686,1.426,16.22,572,-23.28,R
,228061,1163,0,4051,-0.01,-0.61,1.507,1.02,17.12,-15.6,R
,228101,1166,0,4047,0.09,-0.52,1.611,-1.20,9.55,4.34,
,228111,1167,0,3808,0.01,-0.496,1.566,3.58,-0.31,0.19,R
,228121,1127,0,040,0.14,-0.552,1.521,0.42,-3.63,-0.22,R
,228131,1067,0,3806,0.13,-0.557,1.344,.49,-6.0,5.79,R
,228161,1051,0,4057,0.11,-0.62,1.131,16.99,-14.82,15.06,R
,228191,1015,0,3817,0.151,-0.60,1.013,9.05,-33.12,13.16,R
,228201,996,0,453,0.14,-0.574,0.957,1.38,-35.69,14.48,R
,228351,992,0,3811,-0.056,-0.640,0.925,.77,-4582,35.45,R
,228371,996,0,3810,-0.07,-0.646,0.890,6.47,-49.85,35.4,R
,228381,981,0,4045,-0.068,-0.63,0.861,20.50,-46.74,38.6,R
,228481,857,0,4048,0.01,-0.639,0.370,2.81,-3392,18.33,R
,228541,889,0,431,0.11,-0.676,0.205,1.09,-2.1,6.69,R
,228591,880,0,316,-0.01,-0.662,0.453,2.21,11.20,-3.2,R
,228601,880,0,434,0.00,-0.608,0.432,891,15.6,-8.12,R
,228611,881,0,317,0.00,-0.620,0.495,-.99,20.01,-15.48,R
,228631,887,0,307,-0.08,-0.654,0.560,18.49,2.08,-17.75,R
,228651,858,0,307,0.00,-0.718,0.661,-4.26,18.37,-21.35,R
,228661,850,0,4039,0.02,-0.706,0.666,-.91,18.34,-25.35,R
,228671,855,0,3812,0.01,-0.698,0.689,-.09,22.0,-28.58,R
,228711,834,0,3808,-0.09,-0.70,0.742,17.85,36.83,-3181,R
,228791,826,0,307,0.10,-0.701,0.738,-8.36,29.28,-54.8,R
,228811,853,0,310,0.06,-0.664,0.683,-5.38,30.86,-44.3,R
,228861,862,0,414,0.15,-0.684,0.747,-2.26,26.57,-49.87,R
,228881,848,0,411,0.25,-0.576,0.727,-8.10,5.20,-59.58,R
,228891,863,0,3809,0.12,-0.659,0.729,-7.94,5.99,-46.79,R
,228901,866,0,416,0.11,-0.697,0.743,-4.43,14.18,-37.8,R
,228921,875,0,320,0.15,-0.607,1.023,-0.46,28.10,-46.4,R
,228931,875,0,3814,0.10,-0.652,1.147,-7.97,24.51,-41.16,R
,228941,876,0,409,0.09,-0.706,1.299,-8.13,25.60,-37.11,R
,228951,885,0,307,0.05,-0.667,1.417,-4.42,22.54,-32.55,R
,228971,917,0,3815,0.04,-0.606,1.537,-.62,31.2,-16.68,R
,229051,896,0,311,0.17,-0.546,1.201,1.11,-16.24,2.91,R
,229071,891,0,309,0.21,-0.544,1.062,970,-25.56,1.84,R
,229091,866,0,312,0.17,-0.545,0.989,1.08,-25.87,10.4,R
,229151,876,0,3812,0.13,-0.609,0.930,508,-39.70,21.47,R
,229191,851,0,310,0.07,-0.602,0.905,1.79,-37.40,30.6,R
,229251,819,0,3811,-0.032,-0.54,0.841,16.68,-5.98,18.63,R
,229271,830,0,3818,-0.071,-0.55,0.831,6.22,-53.37,15.35,R
,229331,624,0,3812,-0.06,-0.530,0.570,0.82,-32.72,36.6,R
,229341,625,0,418,-0.04,-0.528,0.549,0.94,-25.06,39.87,R
,229371,592,0,3808,-0.03,-0.512,0.405,9.20,-5.09,49.39,R
,229381,592,0,4012,-0.03,-0.518,0.380,8.65,-3.87,48.7,R
,229391,583,0,3811,-0.009,-0.51,0.347,70.38,-445,45.73,R
,229461,551,0,4005,0.06,-0.688,0.434,4.60,23.8,29.70,R
,229521,640,0,385,0.04,-0.624,0.691,3.27,58.15,6.25,
,229531,646,0,318,0.01,-0.656,0.731,23.22,49.08,0.10,R
,229541,643,0,3975,-0.08,-0.663,0.731,7.58,45.18,-2.45,R
,229551,640,0,3818,-0.06,-0.678,0.735,7.12,42.70,-5.2,R
,229571,638,0,3818,-0.010,-0.65,0.808,15.14,4847,-15.54,R
,229601,647,0,3978,-0.09,-0.662,0.860,1.52,50.91,-32.0,R
,229611,638,0,3819,-0.042,-0.66,0.880,0.64,49.89,-35.87,R
,229641,638,0,3984,-0.16,-0.569,0.837,.67,57.28,-33.7,R
,229651,639,0,3819,-0.02,-0.560,0.861,.43,74.04,-38.65,R
,229661,634,0,3978,-0.138,-0.57,0.881,.26,74.10,-37.4,R
,229671,637,0,3823,-0.108,-0.57,0.876,.90,69.87,-38.1,R
,229681,640,0,369,-0.05,-0.58,0.881,3.79,59.99,-45.4,R
,229691,645,0,3811,-0.081,-0.57,0.861,-13.84,4.93,-56.16,R
,229711,650,0,3824,-0.03,-0.59,0.850,-16.66,30.88,-65.16,R
,229721,654,0,3935,-0.07,-0.55,0.825,-16.22,3.57,-62.53,R
,229731,666,0,324,-0.06,-0.53,0.796,20.72,34.97,-59.83,R
,229741,665,0,3979,-0.05,-0.539,0.827,25.44,38.25,-5800,R
,229761,623,0,3953,-0.03,-0.552,0.816,-33.84,46.82,-60.38,R
,229801,695,0,369,0.11,-0.617,0.754,-6.48,22.83,-62.0,R
,229851,717,0,312,-0.07,-0.59,1.187,-56.22,33.93,-50.79,R
,229861,720,0,3973,-0.06,-0.634,1.298,-49.72,28.41,-50.64,R
,229881,720,0,375,-0.075,-0.49,1.536,-24.40,28.65,-44.33,R
,229891,711,0,3823,-0.180,-0.43,1.614,16.14,34.66,-3116,R
,229911,688,0,3824,-0.077,-0.398,1.728,10.31,31.31,-21.45,R
,229921,631,0,366,-0.01,-0.402,1.724,9.78,22.10,-22.0,R
,229931,638,0,321,-0.05,-0.39,1.712,5.76,14.85,-21.61,R
,229941,642,0,3981,-0.04,-0.386,1.704,.05,9.90,-19.16,R
,229951,633,0,317,-0.03,-0.380,1.557,7.02,8.8,-10.88,R
,229991,592,0,3805,0.09,-0.421,1.222,1.15,-21.85,-9.4,R
,230001,575,0,3978,0.07,-0.424,1.150,1.48,-22.01,-6.94,R
,230011,571,0,319,0.03,-0.370,1.117,2.97,-21.14,-0.1,R
,230021,565,0,3996,0.04,-0.339,1.084,20.44,-17.47,8.45,R
,230031,563,0,313,0.06,-0.337,1.034,1.83,-17.38,11.47,R
,230041,546,0,383,0.05,-0.349,0.987,241,-18.45,12.39,R
,230051,546,0,3822,0.04,-0.375,0.996,-.06,-22.85,14.16,R
,230071,560,0,3815,-0.012,-0.40,1.019,-5.04,-2.66,20.60,R
,230101,550,0,384,-0.00,-0.418,1.026,15.17,-18.25,41.99,R
,230111,551,0,3821,0.00,-0.421,1.010,1.77,-20.97,40.9,R
,230121,548,0,3975,0.02,-0.429,1.005,11.22,-2604,36.43,R
,230161,540,0,3968,-0.04,-0.44,1.031,2.54,-3066,46.05,R
,230171,565,0,3815,-0.062,-0.44,1.022,2.83,-2998,46.54,R
,230181,563,0,3977,-0.06,-0.453,1.029,4.36,-3201,45.55,R
,230201,571,0,3984,-0.10,-0.47,1.063,9.40,-4085,39.21,R
,230211,576,0,3817,-0.135,-0.47,1.060,13.46,-4.51,37.97,R
,230221,575,0,3984,-0.149,-0.46,1.057,7.72,-48.21,38.4,R
,230231,574,0,3818,-0.154,-0.47,1.026,8.01,-50.34,38.4,R
,230241,577,0,3979,-0.310,-0.64,0.964,0.57,-54.08,43.88,R
,230251,576,0,323,-0.103,-0.47,0.927,8.76,-53.32,36.5,R
,230261,592,0,3994,-0.05,-0.483,0.952,14.51,-5.27,35.94,R
,230271,578,0,318,-0.117,-0.50,0.898,9.69,-55.72,33.87,R
,230281,577,0,384,-0.13,-0.535,0.782,8.96,-52.10,34.26,R
,230291,559,0,3823,-0.14,-0.542,0.744,21.12,-4.49,33.27,R
,230301,560,0,3994,-0.18,-0.526,0.713,7.19,-45.90,33.13,R
,230311,560,0,3811,-0.134,-0.53,0.651,34.71,-42.89,33.81,R
,230321,545,0,3975,-0.334,-0.81,0.666,56.65,-47.90,41.2,R
,230331,506,0,322,-0.07,-0.508,0.497,35.40,-37.53,31.20,R
,230341,501,0,3973,-0.055,-0.52,0.439,26.76,-34.47,26.49,R
,230351,503,0,322,-0.029,-0.54,0.387,22.21,-36.24,26.42,R
,230391,525,0,321,0.087,-0.612,0.310,-4.42,-20.13,10.04,R
,230411,538,0,3817,0.05,-0.614,0.321,-3.00,-4.6,-3.29,R
,230451,523,0,3812,-0.06,-0.590,0.503,2.24,1.09,-12.33,R
,230461,501,0,385,-0.07,-0.589,0.546,2.74,9.52,-13.26,R
,230471,499,0,307,-0.02,-0.56,0.560,-16.71,14.83,-1694,R
,230511,449,0,3814,-0.09,-0.598,0.778,-14.22,18.83,-21.26,R
,230521,451,0,3919,-0.026,-0.590,0.805,-14.14,1.31,-27.83,R
,230551,442,0,3817,-0.053,-0.57,0.818,-10.68,15.06,-3255,R
,230561,450,0,382,-0.01,-0.574,0.800,-8.45,23.03,-30.71,R
,230571,450,0,311,-0.05,-0.531,0.784,-12.14,34.27,-27.60,R
,230581,441,0,3963,-0.06,-0.55,0.822,-14.86,45.37,-2479,R
,230591,441,0,3811,-0.09,-0.573,0.827,-10.45,5.73,-25.78,R
,230611,437,0,3822,-0.08,-0.56,0.858,9.88,50.94,-30.74,R
,230621,448,0,375,-0.069,-0.56,0.854,12.88,43.73,-36.84,R
,230631,445,0,312,-0.03,-0.564,0.846,-15.09,33.75,-43.43,R
,230641,445,0,3985,-0.055,-0.55,0.852,-18.11,24.57,-4746,R
,230651,451,0,321,-0.00,-0.566,0.816,-21.24,20.51,-4981,R
,230671,458,0,3823,-0.012,-0.58,0.784,23.68,27.24,-45.66,R
,230691,449,0,313,-0.01,-0.58,0.783,-19.67,44.34,-42.48,R
,230701,441,0,3972,-0.05,-0.569,0.772,-16.42,4.11,-43.29,R
,230711,459,0,3819,-0.01,-0.55,0.789,-11.59,49.61,-4567,R
,230721,455,0,3958,-0.03,-0.534,0.771,-10.55,45.47,-4995,R
,230751,496,0,3818,-0.056,-0.55,0.696,31.30,15.12,-57.02,R
,230761,470,0,359,0.03,-0.550,0.714,-32.25,0.1,-61.16,R
,230791,496,0,311,0.01,-0.494,0.636,-4.91,14.39,-58.4,R
,230801,498,0,3984,0.03,-0.355,0.695,-6.65,35.66,-57.1,R
,230811,535,0,3806,-0.065,-0.42,0.835,12.19,47.15,-4534,R
,230841,579,0,379,-0.20,-0.353,1.266,-29.01,66.88,-34.21,R
,230851,586,0,315,-0.345,-0.41,1.334,-20.95,58.88,-21.48,R
,230861,586,0,3966,-0.36,-0.285,1.442,5.52,51.89,-16.42,R
,230871,576,0,3825,-0.35,-0.32,1.467,11.80,47.12,-7.4,R
,230881,576,0,3974,-0.22,-0.30,1.459,22.53,40.73,-6.07,R
,230891,578,0,3813,-0.14,-0.270,1.437,25.77,40.68,-4.15,R
,230921,559,0,3959,-0.17,-0.27,1.362,17.95,65.93,25.26,R
,230941,551,0,3971,-0.174,-0.33,1.341,5.28,59.31,33.35,R
,230951,549,0,315,-0.16,-0.379,1.324,17.09,4173,31.26,R
,230961,549,0,384,-0.074,-0.39,1.279,25.54,28.56,32.23,R
,230991,528,0,3810,0.02,-0.468,1.205,21.84,20.31,32.26,R
,231051,511,0,318,0.04,-0.559,1.205,20.35,6.8,41.62,
,231061,511,0,3970,0.06,-0.585,1.218,17.29,0.5,38.14,R
,231071,523,0,309,0.065,-0.604,1.214,19.77,-4.24,35.85,R
,231081,499,0,3969,0.06,-0.598,1.228,25.80,-6.30,34.72,R
,231111,523,0,312,0.016,-0.523,1.141,34.80,5.38,35.33,
,231131,525,0,3811,-0.02,-0.49,1.090,6.38,-2.45,30.51,R
,231141,511,0,3974,-0.079,-0.49,1.078,0.97,-16.16,26.69,R
,231151,511,0,319,-0.08,-0.503,1.045,17.35,-2.49,24.6,R
,231201,528,0,378,-0.10,-0.461,1.023,25.16,-29.20,24.9,R
,231211,525,0,3815,-0.18,-0.465,1.028,30.27,-2.05,29.47,R
,231231,511,0,321,-0.244,-0.41,0.959,7.43,-1.20,41.91,R
,231241,511,0,362,-0.258,-0.40,0.949,8.79,-11.55,43.96,R
,231251,511,0,3802,-0.22,-0.446,0.945,21.06,-19.49,40.2,R
,231261,511,0,347,-0.27,-0.452,0.962,13.26,-2.92,37.38,R
,231271,537,0,317,-0.231,-0.50,0.907,.25,-41.59,36.14,R
,231281,544,0,363,-0.154,-0.57,0.919,.17,-54.31,31.79,R
,231291,547,0,315,-0.114,-0.61,0.929,7.11,-62.94,28.94,R
,231301,558,0,3979,-0.05,-0.652,0.928,10.79,-64.25,26.86,R
,231311,560,0,3827,-0.00,-0.680,0.895,15.41,-57.21,23.70,R
,231321,560,0,365,-0.002,-0.68,0.882,7.12,-4.75,22.37,R
,231341,560,0,3982,0.02,-0.677,0.894,21.67,-27.15,27.1,R
,231411,387,0,306,0.05,-0.491,0.853,-19.97,-6.10,-18.96,R
,231421,384,0,373,0.03,-0.447,0.849,-30.23,-6.69,-22.68,R
,231451,370,0,311,-0.018,-0.37,0.902,34.45,-53.20,-13.13,R
,231461,380,0,320,-0.042,-0.35,0.939,34.23,-44.56,-7.60,R
,231471,373,0,3812,-0.02,-0.331,0.953,-35.70,-39.14,-285,R
,231481,243,0,3946,-0.02,-0.323,0.980,-44.62,-35.53,-021,R
,231501,224,0,352,-0.02,-0.375,1.016,-65.33,-4.92,2.63,R
,231511,215,0,3811,-0.04,-0.39,1.005,65.84,-53.44,4.04,R
,231521,199,0,348,-0.02,-0.39,0.976,-61.52,-59.14,5.53,R
,231531,211,0,305,0.00,-0.408,0.926,-55.97,-6.63,4.87,R
,231591,211,0,3819,-0.09,-0.422,0.662,-76.62,-42.24,-480,R
,231611,211,0,311,-0.044,-0.45,0.650,69.90,-46.13,-5.34,R
,231621,208,0,3953,-0.03,-0.446,0.614,-64.07,-5.53,-2.87,R
,231631,209,0,308,-0.035,-0.45,0.579,-61.79,-2.94,-1.67,R
,231641,213,0,338,-0.011,-0.46,0.533,-63.03,-9.00,-1.64,R
,231671,219,0,319,-0.01,-0.531,0.491,-55.78,-28.88,-644,R
,231681,208,0,342,-0.008,-0.54,0.480,-46.01,-4.27,-4.41,R
,231711,235,0,3824,-0.016,-0.57,0.558,-27.27,-.13,-5.19,R
,231721,238,0,3941,-0.03,-0.565,0.481,-13.82,2.31,0.66,R
,231751,241,0,3824,-0.03,-0.538,0.502,-28.48,16.71,-6.0,R
,231811,432,0,3811,0.12,-0.685,0.594,-4.81,-1.30,-21.03,R
,231821,506,0,3956,0.11,-0.635,0.571,-1.21,9.7,-20.29,R
,231881,496,0,3930,0.11,-0.661,0.704,-24.20,16.80,-30.44,R
,231901,527,0,337,0.17,-0.715,0.704,-28.13,-1.17,-39.32,R
,231961,573,0,3938,0.18,-0.703,0.686,-22.08,47.18,-16.59,R
,232051,654,0,3824,0.25,-0.729,0.841,-43.84,17.99,-33.4,R
,232111,654,0,324,-0.011,-0.66,1.471,-26.62,40.63,-2.44,R
,232141,668,0,343,0.10,-0.656,1.574,-4.25,5.87,-3.57,R
,232191,777,0,3821,0.22,-0.641,1.128,039,-9.18,11.00,R
,232251,756,0,3835,0.18,-0.547,0.908,482,-37.84,22.40,R
,232261,750,0,314,0.19,-0.588,0.907,0.82,-43.96,20.86,R
,232311,673,0,328,0.16,-0.619,0.850,2.41,-21.26,43.79,R
,232341,678,0,3923,0.11,-0.660,0.883,635,-35.93,39.55,R
,232451,687,0,329,-0.019,-0.77,0.745,14.70,-49.69,31.8,R
,232461,687,0,309,-0.013,-0.78,0.679,21.41,-43.99,33.1,R
,232481,657,0,3908,-0.01,-0.789,0.560,36.83,-33.32,34.97,R
,232501,640,0,313,-0.028,-0.73,0.405,50.86,-18.43,37.32,R
,232511,592,0,3835,-0.04,-0.706,0.342,5.96,-15.09,33.41,R
,232561,626,0,3906,0.19,-0.829,0.092,538,-49.78,6.63,R
,232661,613,0,305,0.08,-0.743,0.462,-23.21,34.66,-12.7,R
,232671,612,0,3824,0.09,-0.763,0.513,-1.26,31.18,-14.1,R
,232681,619,0,3904,0.08,-0.735,0.551,-0.54,32.99,-15.78,R
,232691,624,0,3827,0.05,-0.740,0.580,-19.29,36.77,-18.0,R
,232741,656,0,3899,0.05,-0.739,0.684,-25.59,32.79,-20.6,R
,232761,658,0,3903,0.11,-0.769,0.725,-21.68,31.34,-24.8,R
,232781,656,0,3895,0.03,-0.726,0.693,-8.49,38.37,-23.11,R
,232791,658,0,3828,0.08,-0.747,0.685,-9.81,36.76,-22.80,R
,232801,659,0,3888,0.13,-0.747,0.694,-20.83,30.11,-26.61,R
,232861,805,0,3903,0.26,-0.793,0.650,-24.49,9.67,-38.9,R
,232921,855,0,3915,0.29,-0.735,0.588,-7.53,29.57,-34.67,R
,232931,888,0,3829,0.25,-0.798,0.615,-1.65,12.83,-42.1,R
,232961,917,0,3911,0.33,-0.751,0.879,-8.59,-6.51,-56.29,R
,233011,885,0,334,0.16,-0.750,1.388,-9.97,40.99,-9.60,R
,233121,624,0,3888,0.27,-0.605,0.978,20.01,-29.53,1.20,R
,233151,624,0,3843,0.27,-0.604,0.846,9.48,-43.20,8.02,R
,233231,608,0,3859,0.16,-0.615,0.819,1.41,-40.68,24.07,R
,233251,607,0,3863,0.14,-0.643,0.807,1.19,-55.37,18.23,R
,233261,621,0,3895,0.08,-0.607,0.780,2.50,-5811,19.44,R
,233331,687,0,3881,-0.04,-0.63,0.624,48.09,-51.30,31.9,R
,233371,525,0,3850,0.02,-0.625,0.467,6.45,-32.39,44.71,R
,233381,511,0,3894,0.02,-0.649,0.388,7.97,-24.98,47.7,R
,233391,533,0,3867,0.00,-0.632,0.345,81.99,-1428,52.52,R
,233401,542,0,3900,-0.03,-0.625,0.308,9.11,-3.76,60.25,R
,233411,475,0,3856,0.03,-0.612,0.260,86.85,5.9,65.67,R
,233461,379,0,3891,0.12,-0.738,0.278,5.19,23.05,56.00,R
,233471,414,0,3861,0.12,-0.762,0.307,59.26,28.79,53.64,R
,233501,547,0,3883,0.17,-0.867,0.446,59.72,40.21,31.93,R
,233521,547,0,3878,0.02,-0.805,0.567,6.94,42.95,30.98,R
,233571,577,0,3839,0.06,-0.766,0.635,24.41,49.5,6.07,R
,233581,577,0,3874,0.05,-0.763,0.688,2.34,45.86,-2.44,R
,233621,625,0,3889,0.02,-0.744,0.712,789,47.46,-22.85,R
,233631,701,0,350,-0.002,-0.73,0.762,4.96,54.1,-19.38,R
,233671,784,0,342,-0.035,-0.70,0.816,7.48,61.4,-28.65,R
,233691,816,0,356,-0.041,-0.67,0.827,-2.52,58.22,-48.2,R
,233701,807,0,378,-0.106,-0.69,0.841,-9.75,46.66,-48.7,R
,233741,801,0,388,-0.016,-0.63,0.781,-11.64,52.07,-4126,R
,233751,810,0,356,-0.011,-0.62,0.779,-10.45,5.93,-42.62,R
,233761,816,0,391,-0.06,-0.59,0.774,12.55,52.47,-45.90,R
,233821,906,0,3874,0.15,-0.638,0.703,-30.74,2689,-48.38,R
,233861,912,0,3888,0.04,-0.641,0.834,-25.24,4247,-54.99,R
,233891,849,0,3861,-0.02,-0.625,1.209,49.29,17.50,-60.47,R
,233911,825,0,3870,-0.077,-0.56,1.482,-36.63,34.66,-2561,R
,233921,825,0,3888,-0.09,-0.584,1.574,-25.32,4.84,-2080,R
,233931,816,0,3869,-0.06,-0.57,1.677,-16.20,38.45,-2351,R
,233941,804,0,388,-0.072,-0.55,1.690,-5.26,29.03,-23.8,R
,233961,810,0,385,-0.043,-0.47,1.671,7.74,16.7,-18.21,R
,233971,777,0,3861,-0.08,-0.45,1.597,0.77,12.76,-11.11,R
,233981,758,0,383,-0.006,-0.41,1.496,7.75,7.93,-2.91,R
,234001,733,0,3882,0.11,-0.479,1.301,-2.80,-13.69,-6.32,R
,234031,752,0,3878,0.10,-0.479,1.163,19.75,-19.76,5.99,R
,234051,736,0,3888,0.10,-0.450,1.061,16.86,-2126,16.39,R
,234081,707,0,3887,0.11,-0.498,1.024,3.74,-29.96,21.71,R
,234101,705,0,3883,0.10,-0.533,1.024,6.68,-28.4,30.63,R
,234131,699,0,303,0.05,-0.554,1.018,6.96,-30.4,34.95,R
,234211,704,0,3882,-0.06,-0.56,0.990,0.61,-46.63,31.23,R
,234241,733,0,390,-0.098,-0.54,1.009,3.25,-48.80,25.99,R
,234261,752,0,382,-0.190,-0.58,0.957,22.93,-57.11,26.69,R
,234271,741,0,304,-0.163,-0.60,0.857,2.07,-59.56,28.33,R
,234291,733,0,300,-0.125,-0.56,0.764,0.64,-62.91,24.54,R
,234301,699,0,374,-0.12,-0.566,0.692,26.96,-6.66,23.24,R
,234311,688,0,317,-0.105,-0.58,0.631,27.35,-64.57,22.8,R
,234321,688,0,382,-0.073,-0.57,0.531,29.38,-6.47,21.58,R
,234341,619,0,390,-0.062,-0.60,0.417,29.12,-6.33,18.22,R
,234361,591,0,388,-0.268,-0.91,0.448,2.90,-68.85,11.5,R
,234391,511,0,316,0.02,-0.644,0.267,11.17,-43.32,-3.1,R
,234411,387,0,3891,0.07,-0.647,0.203,18.01,-1782,-1.84,R
,234441,466,0,3874,0.05,-0.697,0.351,7.02,11.50,-10.53,R
,234451,501,0,3904,-0.02,-0.614,0.423,14.74,12.54,-11.6,R
,234461,544,0,370,-0.08,-0.65,0.430,20.30,14.92,-9.5,R
,234521,533,0,3869,0.00,-0.636,0.683,-9.04,15.2,-21.95,R
,234531,558,0,3904,0.01,-0.624,0.703,-4.25,19.90,-27.0,R
,234551,579,0,3888,0.01,-0.619,0.709,-0.25,32.45,-32.85,R
,234561,581,0,367,-0.015,-0.60,0.736,-3.53,3842,-29.51,R
,234581,599,0,374,-0.021,-0.59,0.774,-12.48,4.52,-2662,R
,234591,595,0,394,0.00,-0.575,0.792,-16.78,47.05,-28.7,R
,234601,604,0,366,-0.010,-0.62,0.822,-13.70,56.68,-29.84,R
,234631,652,0,3895,0.01,-0.614,0.833,-11.24,42.60,-36.0,R
,234651,641,0,393,0.03,-0.597,0.803,-8.98,37.92,-40.04,R
,234681,693,0,370,0.07,-0.554,0.773,-22.65,34.99,-40.88,R
,234741,770,0,382,0.200,-0.568,0.758,-12.83,44.16,-25.1,R
,234761,795,0,3872,0.28,-0.524,0.715,-23.97,3489,-32.32,R
,234851,866,0,3898,0.10,-0.674,1.656,-27.09,36.28,-29.6,R
,234891,807,0,3888,0.11,-0.549,1.785,1.55,2.89,-30.29,
,234911,767,0,307,0.16,-0.440,1.452,12.45,-5.85,-24.47,R
,234921,740,0,376,0.20,-0.475,1.468,8.86,-12.97,-25.64,R
,235041,599,0,3887,0.16,-0.482,0.980,18.85,-31.93,13.26,R
,235061,599,0,3886,0.13,-0.520,1.003,12.90,-31.35,10.5,R
,235111,570,0,337,-0.013,-0.50,0.986,36.50,-4.18,11.38,R
,235121,576,0,3883,-0.01,-0.468,0.964,33.93,-40.86,10.8,R
,235131,577,0,354,-0.067,-0.48,0.936,35.84,-4.89,11.82,R
,235141,526,0,373,-0.077,-0.469,0.885,36.76,-44.86,12.9,R
,235151,550,0,359,-0.058,-0.477,0.852,39.34,-46.83,13.81,R
,235171,576,0,363,-0.103,-0.47,0.780,48.22,-4.90,19.8,R
,235181,576,0,3872,-0.03,-0.48,0.710,9.83,-4.66,21.38,R
,235201,604,0,377,-0.067,-0.46,0.651,56.28,-3.98,26.72,R
,235211,610,0,384,-0.081,-0.47,0.562,63.02,-27.14,30.3,R
,235221,596,0,370,-0.054,-0.43,0.491,68.74,-18.53,34.7,R
,235231,614,0,386,-0.068,-0.40,0.427,73.00,-9.00,39.7,R
,235251,575,0,370,-0.152,-0.42,0.490,66.12,13.57,40.0,R
,235261,560,0,370,0.01,-0.347,0.267,64.12,17.32,45.61,R
,235291,577,0,3939,0.08,-0.545,0.374,45.77,14.92,36.36,R
,235321,620,0,3870,0.09,-0.609,0.397,69.29,54.57,43.20,R
,235451,662,0,3902,-0.02,-0.558,0.862,7.89,65.3,-50.06,R
,235481,663,0,359,-0.142,-0.48,0.910,17.49,85.08,-51.6,R
,235491,661,0,3934,-0.15,-0.46,0.937,21.29,8711,-51.00,R
,235521,638,0,362,-0.175,-0.42,0.958,-1.65,80.18,-60.58,R
,235531,640,0,349,-0.164,-0.43,0.957,-7.55,66.47,-64.38,R
,235551,645,0,326,-0.136,-0.40,0.929,-18.84,47.78,-67.93,R
,235561,643,0,3862,-0.19,-0.40,0.914,-19.12,4.28,-7000,R
,235571,654,0,335,-0.14,-0.40,0.924,-17.73,4.10,-7189,R
,235581,630,0,354,-0.064,-0.405,0.896,-12.83,43.60,-74.67,R
,235591,628,0,352,-0.011,-0.40,0.851,-12.20,4.28,-72.30,R
,235611,624,0,367,-0.048,-0.32,0.835,-21.43,48.37,-5642,R
,235621,627,0,356,-0.014,-0.33,0.850,-32.36,48.24,-5212,R
,235631,634,0,352,-0.006,-0.32,0.856,-37.68,4.35,-52.96,R
,235641,640,0,3856,-0.01,-0.33,0.881,36.68,43.82,-54.74,R
,235671,693,0,4020,0.02,-0.371,0.982,-26.81,13.50,-66.35,R
,235691,683,0,403,-0.060,-0.423,1.048,-38.23,22.33,-43.46,R
,235701,714,0,356,-0.031,-0.27,1.199,-48.77,38.10,-33.86,R
,235721,688,0,357,-0.111,-0.376,1.425,-36.97,62.13,-16.24,R
,235731,676,0,353,-0.189,-0.41,1.618,-22.51,54.33,-5.92,R
,235741,685,0,360,-0.183,-0.34,1.708,-14.42,43.24,-16.41,R
,235771,647,0,4004,-0.23,-0.22,1.802,-9.65,6.57,-6.64,R
,235781,614,0,357,-0.169,-0.24,1.772,-8.28,1.43,-2.84,R
,235791,607,0,373,-0.138,-0.252,1.703,-2.49,-1.27,0.65,R
,235801,591,0,356,-0.083,-0.23,1.517,1.77,1.78,6.34,R
,235821,586,0,356,-0.079,-0.30,1.369,5.83,-19.63,5.33,R
,235831,577,0,390,-0.07,-0.307,1.288,5.11,-2.70,9.96,R
,235841,575,0,3857,-0.040,-0.27,1.226,14.50,-2.66,13.61,R
,235851,580,0,395,-0.026,-0.279,1.176,.72,-28.19,14.72,R
,235871,573,0,378,-0.032,-0.32,1.118,-4.04,-31.95,20.20,R
,235881,574,0,352,-0.035,-0.35,1.094,-2.05,-31.96,25.42,R
,235911,576,0,385,-0.067,-0.36,1.086,12.12,-29.55,35.93,R
,235921,575,0,356,-0.083,-0.36,1.051,14.25,-28.88,38.9,R
,235941,560,0,3851,-0.04,-0.34,1.045,11.83,-2.67,43.70,R
,235961,528,0,3843,-0.108,-0.33,1.052,3.87,-29.30,46.7,R
,235971,464,0,387,-0.115,-0.334,1.049,.99,-30.10,48.52,R
,235981,450,0,347,-0.133,-0.33,1.059,-0.26,-31.38,48.8,R
,235991,432,0,3999,-0.15,-0.35,1.087,-3.90,-34.24,47.7,R
,236021,453,0,354,-0.203,-0.35,1.086,8.03,-44.39,51.76,R
,236031,463,0,435,-0.201,-0.347,1.083,2.16,-44.04,51.65,R
,236041,463,0,354,-0.20,-0.331,1.075,2.90,-4.85,48.86,R
,236051,465,0,409,-0.238,-0.33,1.074,13.41,-44.19,47.41,R
,236061,489,0,3856,-0.25,-0.34,1.054,10.73,-45.66,46.52,R
,236071,511,0,441,-0.278,-0.34,1.011,8.82,-48.25,46.95,R
,236091,533,0,4022,-0.24,-0.388,0.994,.35,-5254,48.86,R
,236151,502,0,4056,-0.047,-0.34,0.433,4.93,-46.36,32.84,R
,236191,524,0,4055,-0.07,-0.494,0.328,11.84,-4.49,31.41,R
,236201,532,0,3849,-0.24,-0.738,0.464,25.57,-4.34,31.38,R
,236211,543,0,434,-0.03,-0.511,0.342,2.05,-29.17,23.06,R
,236221,547,0,3853,-0.00,-0.510,0.343,-7.91,-18.53,15.5,R
,236271,546,0,426,-0.00,-0.525,0.553,8.40,25.46,6.94,R
,236281,546,0,3850,-0.05,-0.504,0.578,-16.86,3.58,0.68,R
,236301,545,0,3845,-0.13,-0.52,0.697,-23.43,27.00,-10.48,R
,236311,562,0,411,-0.095,-0.50,0.713,-21.94,22.56,-17.72,R
,236341,575,0,347,-0.090,-0.52,0.814,-16.37,23.08,-3088,R
,236351,571,0,428,-0.098,-0.50,0.830,-18.02,25.81,-31.54,R
,236371,565,0,4011,-0.18,-0.49,0.879,-3.70,49.00,-30.1,R
,236391,566,0,435,-0.11,-0.474,0.919,.90,55.63,-36.13,R
,236441,565,0,3846,-0.13,-0.503,0.854,-20.62,2.25,-54.93,R
,236451,563,0,386,-0.128,-0.51,0.851,-22.88,21.98,-56.27,R
,236461,562,0,322,-0.18,-0.509,0.851,-25.27,23.69,-56.74,R
,236471,543,0,380,-0.14,-0.53,0.850,-27.04,27.41,-5578,R
,236491,550,0,416,-0.09,-0.554,0.852,-20.22,4.21,-5311,R
,236501,557,0,353,-0.07,-0.551,0.848,-18.22,4.52,-5007,R
,236531,557,0,448,-0.041,-0.53,0.791,-22.10,41.14,-4723,R
,236541,558,0,3856,-0.09,-0.528,0.756,25.67,38.01,-48.07,R
,236551,561,0,4046,0.01,-0.534,0.708,-26.42,3266,-47.57,R
,236561,567,0,354,0.05,-0.513,0.709,-28.17,26.77,-50.3,R
,236591,598,0,4054,-0.04,-0.469,0.924,44.36,26.08,-58.29,R
,236611,594,0,4045,-0.02,-0.407,1.139,47.52,3.31,-50.25,R
,236691,553,0,4051,-0.18,-0.34,1.555,-12.10,7.75,-16.3,R
,236731,537,0,467,-0.00,-0.361,1.319,9.78,-3.89,-3.77,R
,236751,543,0,482,-0.03,-0.350,1.130,25.43,-15.12,4.1,R
,236761,542,0,350,-0.012,-0.34,1.091,0.83,-19.30,5.71,R
,236771,539,0,4063,0.02,-0.360,1.050,1.36,-23.47,6.51,R
,236791,538,0,461,0.02,-0.388,1.016,1.19,-21.41,14.23,R
,236801,537,0,3846,0.00,-0.394,1.009,932,-18.68,19.50,R
,236821,501,0,339,-0.044,-0.42,1.029,8.48,-13.84,27.73,R
,236831,501,0,4045,-0.03,-0.450,1.048,.17,-15.92,30.02,R
,236841,496,0,3845,-0.00,-0.453,1.051,13.03,-2.28,33.03,R
,236851,496,0,4060,-0.06,-0.456,1.077,17.31,-22.85,35.85,R
,236871,496,0,4047,-0.01,-0.449,1.040,21.16,-2.23,37.71,R
,236891,499,0,4048,-0.00,-0.443,1.042,20.99,-29.41,39.35,R
,236901,500,0,3850,-0.09,-0.436,1.038,17.58,-28.59,39.26,R
,236911,511,0,473,-0.08,-0.43,1.060,2.39,-28.98,37.81,R
,236931,533,0,493,-0.144,-0.47,1.080,.41,-35.76,36.55,R
,236951,530,0,4095,-0.15,-0.480,1.100,14.30,-3.59,39.33,R
,236971,535,0,493,-0.21,-0.478,1.079,3.81,-33.15,39.73,R
,237021,542,0,3845,-0.20,-0.497,0.909,28.42,-4.13,41.2,R
,237031,530,0,4095,-0.07,-0.397,0.800,27.99,-40.57,32.02,R
,237041,511,0,341,-0.182,-0.50,0.774,5.31,-51.53,35.91,R
,237051,551,0,4095,-0.24,-0.48,0.749,38.13,-50.30,33.12,R
,237071,511,0,4095,-0.182,-0.49,0.630,7.17,-44.77,25.56,R
,237081,491,0,3841,-0.17,-0.479,0.578,33.84,-41.12,24.0,R
,237101,456,0,3839,-0.17,-0.49,0.462,20.91,-33.90,24.31,R
,237111,457,0,495,-0.199,-0.47,0.512,.86,-2772,24.92,R
,237121,443,0,345,-0.104,-0.51,0.389,.83,-24.24,28.13,R
,237141,423,0,341,-0.050,-0.52,0.350,13.48,-9.21,24.17,R
,237151,386,0,495,-0.04,-0.493,0.444,11.74,-117,16.26,R
,237191,416,0,4095,-0.19,-0.549,0.423,-1.78,8.36,-0.59,R
,237201,418,0,342,-0.12,-0.548,0.486,-5.61,1411,-0.59,R
,237211,417,0,4091,-0.12,-0.529,0.533,-13.30,1.96,-4.61,R
,237221,426,0,345,-0.135,-0.551,0.602,-17.10,2.66,-8.91,R
,237231,450,0,457,-0.138,-0.55,0.667,-15.07,19.38,-13.28,R
,237241,469,0,328,-0.135,-0.569,0.701,-11.35,17.03,-16.30,R
,237261,475,0,342,-0.147,-0.54,0.743,-10.37,18.99,-2029,R
,237271,511,0,481,-0.147,-0.56,0.787,10.88,23.24,-21.67,R
,237281,528,0,3849,-0.08,-0.528,0.810,-17.09,27.75,-25.86,R
,237291,561,0,480,-0.174,-0.56,0.810,-9.81,40.91,-27.0,R
,237301,560,0,3849,-0.18,-0.564,0.841,-8.46,3853,-25.25,R
,237321,562,0,343,-0.116,-0.56,0.883,-9.96,35.96,-33.2,R
,237331,567,0,4091,-0.17,-0.567,0.897,-14.30,34.27,-38.93,R
,237371,592,0,453,-0.137,-0.54,0.910,-30.16,23.38,-43.37,R
,237381,595,0,343,-0.118,-0.55,0.931,-30.74,26.70,-4406,R
,237391,599,0,4051,-0.12,-0.561,0.933,-29.84,2.20,-44.27,R
,237401,602,0,337,-0.076,-0.57,0.914,27.10,23.17,-4497,R
,237411,609,0,486,-0.07,-0.560,0.896,-21.46,2.72,-46.18,R
,237481,464,0,338,0.115,-0.456,0.627,-25.72,-0.62,-63.0,R
,237501,491,0,3838,0.06,-0.489,0.793,-39.70,11.75,-53.45,R
,237531,673,0,447,-0.164,-0.45,1.305,50.30,64.85,-24.30,R
,237541,587,0,338,-0.29,-0.428,1.514,-39.43,70.24,-9.1,R
,237561,553,0,346,-0.287,-0.40,1.780,15.33,58.01,-3.7,R
,237581,543,0,3845,-0.35,-0.310,1.838,-2.19,2207,-13.31,R
,237601,548,0,343,-0.20,-0.301,1.714,2.68,-3.8,-11.96,R
,237621,543,0,3838,-0.08,-0.347,1.508,10.88,-14.94,-6.7,R
,237631,544,0,486,-0.060,-0.34,1.349,9.98,-15.50,-3.66,R
,237641,547,0,339,-0.041,-0.31,1.248,29.55,-14.42,-0.84,R
,237671,445,0,495,-0.03,-0.29,1.081,3.90,-28.65,5.23,R
,237681,432,0,3845,-0.06,-0.327,1.057,19.03,-32.72,7.04,R
,237691,410,0,4093,-0.01,-0.338,1.029,14.80,-32.07,10.14,R
,237701,393,0,339,-0.042,-0.35,1.025,14.28,-2.18,15.75,R
,237731,394,0,495,-0.061,-0.40,1.013,20.64,-18.33,35.79,R
,237751,430,0,495,-0.066,-0.420,1.007,22.54,-24.83,39.2,R
,237761,427,0,3838,-0.02,-0.422,1.000,22.42,-29.27,40.77,R
,237771,450,0,491,-0.01,-0.423,1.016,22.12,-30.45,41.99,R
,237781,449,0,340,-0.081,-0.41,1.007,9.54,-29.47,43.58,R
,237811,539,0,4095,-0.05,-0.436,1.032,25.54,-30.24,45.1,R
,237831,559,0,495,-0.116,-0.42,1.032,22.70,-24.45,41.9,R
,237841,557,0,338,-0.236,-0.38,1.038,15.70,-22.76,42.49,R
,237851,550,0,4095,-0.15,-0.468,1.060,15.66,-28.40,42.0,R
,237881,602,0,3837,-0.213,-0.52,1.006,35.11,-48.48,43.9,R
,237901,593,0,337,-0.155,-0.51,0.878,3.57,-48.91,39.53,R
,237951,579,0,495,-0.036,-0.51,0.535,4.68,-27.43,35.61,R
,237991,507,0,495,-0.036,-0.60,0.446,8.82,-21.52,12.0,R
,238011,464,0,4095,-0.09,-0.59,0.391,13.16,-1.03,8.68,R
,238031,467,0,479,-0.003,-0.55,0.423,16.74,5.89,3.84,R
,238041,467,0,343,-0.01,-0.54,0.478,14.30,16.45,-1.1,R
,238051,450,0,4095,-0.15,-0.490,0.588,10.01,21.82,-5.60,R
,238091,434,0,493,-0.185,-0.46,0.704,13.01,31.26,-1251,R
,238161,400,0,3839,-0.13,-0.432,0.940,-4.51,2680,-27.11,R
,238271,423,0,4095,-0.07,-0.44,0.856,-16.75,1.24,-45.42,R
,238291,449,0,4095,-0.08,-0.450,0.815,-19.27,14.62,-44.96,R
,238301,477,0,336,-0.037,-0.44,0.788,-17.53,18.83,-40.44,R
,238321,527,0,3833,0.04,-0.429,0.718,-12.98,25.37,-32.0,R
,238331,531,0,4095,0.05,-0.409,0.671,-13.82,2766,-32.70,R
,238361,577,0,342,0.08,-0.387,0.644,-24.51,1155,-43.78,R
,238371,577,0,4095,0.01,-0.375,0.776,-29.79,8.54,-46.19,R
,238401,659,0,3844,-0.04,-0.44,1.203,-53.56,2.18,-39.60,R
,238441,622,0,339,-0.246,-0.39,1.690,12.42,56.47,3.4,R
,238461,608,0,3839,-0.26,-0.355,1.756,-10.20,27.08,-3.8,R
,238491,606,0,495,-0.166,-0.34,1.603,0.65,-9.08,-5.1,R
,238511,609,0,495,-0.051,-0.33,1.404,.54,-14.56,-2.70,R
,238521,651,0,3830,-0.07,-0.345,1.317,14.57,-16.31,1.23,R
,238541,642,0,334,-0.033,-0.30,1.188,18.59,-18.79,5.93,R
,238551,543,0,495,-0.028,-0.32,1.142,3.77,-23.05,7.90,R
,238561,473,0,3837,-0.01,-0.333,1.093,10.94,-27.38,8.91,R
,238571,473,0,4095,-0.05,-0.35,1.080,10.07,-2.35,10.80,R
,238601,433,0,3839,-0.00,-0.360,1.068,13.99,-25.44,23.7,R
,238621,455,0,337,-0.029,-0.37,1.045,2.88,-22.72,29.55,R
,238631,464,0,4095,-0.00,-0.375,1.039,10.74,-2.42,31.35,R
,238641,463,0,339,-0.059,-0.36,1.037,0.21,-21.52,34.98,R
,238661,461,0,3841,-0.07,-0.386,1.048,13.74,-20.69,39.55,R
,238671,400,0,495,-0.084,-0.36,1.048,16.76,-2.79,39.79,R
,238681,560,0,338,-0.077,-0.38,1.039,17.77,-28.85,38.16,R
,238691,606,0,495,-0.080,-0.38,1.021,17.35,-34.83,36.0,R
,238701,621,0,337,-0.110,-0.34,1.030,5.61,-38.72,35.7,R
,238711,658,0,4095,-0.10,-0.385,1.043,11.17,-40.48,34.89,R
,238721,661,0,340,-0.123,-0.38,1.057,11.06,-41.93,34.25,R
,238731,625,0,495,-0.134,-0.40,1.055,10.94,-3.14,34.81,R
,238751,673,0,495,-0.178,-0.41,1.061,22.76,-34.80,39.1,R
,238771,691,0,4095,-0.13,-0.42,1.022,5.92,-33.14,37.47,R
,238781,719,0,341,-0.29,-0.411,0.983,39.29,-35.44,35.91,R
,238801,728,0,337,-0.18,-0.40,0.860,8.03,-41.98,34.26,R
,238811,700,0,495,-0.19,-0.40,0.873,6.99,-45.14,32.68,R
,238831,650,0,4095,-0.18,-0.447,0.697,35.52,-44.40,28.7,R
,238861,549,0,3835,-0.02,-0.456,0.515,9.69,-35.05,24.65,R
,238871,525,0,4095,-0.08,-0.461,0.477,7.49,-28.50,20.8,R
,238881,413,0,3844,0.16,-0.157,0.261,0.38,-3.05,18.58,
,238921,272,0,3856,-0.00,-0.501,0.409,0.74,0.21,-2.96,
,238971,256,0,495,-0.122,-0.44,0.573,1.64,22.7,-15.40,R
,239001,340,0,333,-0.18,-0.475,0.704,-24.22,17.98,-2224,R
,239021,315,0,3831,-0.18,-0.47,0.786,-11.43,2.28,-18.73,R
,239051,279,0,495,-0.157,-0.39,0.834,2.44,45.4,-22.82,R
,239061,299,0,3833,-0.16,-0.40,0.861,-4.14,4201,-26.01,R
,239071,320,0,4095,-0.19,-0.412,0.863,13.62,34.01,-30.15,R
,239081,291,0,331,-0.158,-0.43,0.903,-22.88,2.86,-33.37,R
,239091,303,0,4095,-0.17,-0.458,0.900,30.17,21.05,-34.61,R
,239121,333,0,3835,-0.00,-0.478,0.929,-24.05,31.55,-3106,R
,239141,384,0,339,-0.088,-0.47,0.896,-13.79,49.05,-2655,R
,239161,370,0,3838,-0.02,-0.445,0.875,-20.02,49.58,-2622,R
,239171,301,0,495,-0.069,-0.448,0.870,-26.59,44.48,-28.70,R
,239191,397,0,4095,-0.05,-0.46,0.861,-36.20,2.64,-35.13,R
,239231,510,0,4095,-0.01,-0.607,0.786,-26.98,1.12,-38.96,R
,239251,511,0,495,0.09,-0.408,0.779,-2.39,17.70,-44.71,R
,239261,544,0,337,-0.01,-0.499,0.769,23.50,19.92,-3838,R
,239271,551,0,4095,-0.02,-0.544,0.790,25.84,30.62,-3967,R
,239281,530,0,335,-0.080,-0.48,0.911,-35.30,2.08,-4262,R
,239321,526,0,3837,-0.14,-0.381,1.419,25.24,44.76,-25.09,R
,239331,560,0,4095,-0.24,-0.351,1.502,14.95,47.09,-1824,R
,239361,546,0,329,-0.233,-0.29,1.663,-10.01,2.86,-16.04,R
,239371,534,0,495,-0.255,-0.27,1.658,-11.00,842,-18.67,R
,239391,541,0,495,-0.202,-0.28,1.567,3.33,-2.08,-7.4,R
,239441,456,0,3834,-0.05,-0.29,1.179,21.99,-2.12,2.25,R
,239451,405,0,4095,-0.02,-0.316,1.149,6.42,-32.39,4.8,R
,239461,463,0,337,-0.013,-0.34,1.094,13.66,-33.52,6.5,R
,239471,434,0,495,-0.019,-0.33,1.058,12.83,-31.58,10.0,R
,239491,402,0,495,-0.042,-0.37,1.044,13.90,-24.21,19.0,R
,239501,403,0,3833,-0.03,-0.38,1.053,18.13,-2.40,21.61,R
,239511,402,0,4095,-0.08,-0.373,1.041,22.99,-2.29,25.20,R
,239521,396,0,337,-0.049,-0.36,1.033,24.82,-2.33,29.1,R
,239531,403,0,4095,-0.02,-0.355,1.050,21.99,-25.53,29.2,R
,239551,306,0,495,-0.070,-0.37,1.063,15.16,-2.38,31.42,R
,239561,330,0,331,-0.060,-0.38,1.064,15.99,-30.21,34.2,R
,239571,336,0,495,-0.059,-0.37,1.065,17.05,-2.50,37.61,R
,239581,330,0,327,-0.068,-0.36,1.070,16.38,-24.88,39.36,R
,239591,293,0,495,-0.11,-0.367,1.088,15.83,-20.50,40.0,R
,239601,325,0,3838,-0.19,-0.36,1.092,15.34,-1.67,41.84,R
,239611,348,0,495,-0.153,-0.38,1.094,15.11,-2.23,42.17,R
,239621,375,0,339,-0.184,-0.42,1.084,15.98,-2.98,41.6,R
,239631,402,0,495,-0.18,-0.424,1.080,16.73,-34.42,39.0,R
,239641,496,0,3834,-0.17,-0.444,1.067,9.83,-42.31,38.1,R
,239661,627,0,335,-0.21,-0.432,1.010,1.12,-44.66,40.5,R
,239691,588,0,495,-0.13,-0.456,0.865,36.54,-36.30,37.3,R
,239701,612,0,340,-0.19,-0.470,0.829,36.94,-34.24,37.1,R
,239711,592,0,4095,-0.17,-0.48,0.757,38.99,-33.46,37.82,R
,239721,476,0,331,-0.320,-0.66,0.685,3.63,-33.87,43.3,R
,239741,464,0,3834,-0.10,-0.498,0.630,33.69,-29.61,33.4,R
,239751,453,0,495,-0.096,-0.52,0.545,34.62,-31.21,30.7,R
,239791,445,0,4095,-0.08,-0.557,0.494,2.76,-21.69,9.1,R
,239801,407,0,3831,-0.07,-0.545,0.486,9.90,-1544,7.39,R
,239811,399,0,495,-0.00,-0.543,0.509,.85,-7.56,7.20,
,239831,393,0,4095,-0.02,-0.502,0.553,12.36,7.5,5.09,R
,239841,398,0,334,-0.02,-0.488,0.583,8.67,13.0,1.20,R
,239881,395,0,3829,-0.19,-0.47,0.714,-4.16,8.65,-13.43,R
,239891,408,0,495,-0.110,-0.45,0.750,-3.70,11.60,-14.09,R
,239901,403,0,3831,-0.18,-0.442,0.767,-4.20,1929,-13.13,R
,239911,401,0,495,-0.136,-0.44,0.800,5.12,25.81,-12.6,R
,239941,453,0,3825,-0.11,-0.440,0.925,-8.01,2786,-16.30,R
,239961,432,0,3822,-0.18,-0.43,0.946,-7.97,20.65,-25.9,R
,239971,429,0,495,-0.125,-0.41,0.928,-8.40,20.19,-27.09,R
,239981,429,0,3831,-0.10,-0.410,0.921,-12.05,2.75,-26.58,R
,239991,414,0,4095,-0.17,-0.40,0.934,-16.65,22.41,-2670,R
,240001,406,0,3824,-0.10,-0.411,0.940,-19.64,2.21,-27.96,R
,240011,349,0,4095,-0.02,-0.448,0.950,-17.62,2.76,-28.74,R
,240041,359,0,333,-0.063,-0.45,0.941,-15.59,17.82,-35.75,R
,240051,379,0,4095,-0.06,-0.447,0.912,-10.62,15.24,-3906,R
,240071,398,0,4095,-0.02,-0.395,0.890,-15.96,21.95,-3789,R
,240101,384,0,3824,-0.09,-0.419,0.892,30.92,20.73,-3885,R
,240111,390,0,495,-0.045,-0.42,0.896,-30.37,18.02,-40.56,R
,240131,415,0,495,-0.026,-0.42,0.876,-22.16,11.90,-42.67,R
,240151,482,0,495,-0.017,-0.392,0.834,-20.01,9.20,-41.6,R
,240161,496,0,3831,0.00,-0.393,0.806,-3.35,10.11,-39.6,R
,240201,543,0,3828,0.02,-0.374,0.775,-7.94,20.04,-34.09,R
,240231,528,0,4095,-0.18,-0.538,0.914,-25.85,2.14,-2381,R
,240251,559,0,4095,-0.15,-0.431,1.163,-28.49,29.73,-1877,R
,240261,567,0,3829,-0.12,-0.390,1.229,-24.62,3.28,-1758,R
,240271,576,0,4095,-0.17,-0.356,1.311,17.49,34.01,-1155,R
,240281,592,0,3824,-0.11,-0.33,1.399,-12.95,3.96,-5.32,R
,240301,595,0,327,-0.177,-0.29,1.484,-8.89,31.53,0.17,R
,240371,510,0,4095,-0.03,-0.352,1.217,8.21,-7.87,6.39,R
,240411,491,0,495,-0.030,-0.378,1.085,.67,-22.77,10.9,R
,240431,487,0,4095,-0.02,-0.40,1.080,9.81,-22.11,14.20,R
,240441,496,0,323,-0.05,-0.413,1.090,11.58,-20.47,17.45,R
,240451,484,0,4095,-0.08,-0.40,1.076,16.41,-1.96,20.9,R
,240471,496,0,495,-0.053,-0.38,1.072,22.27,-1.85,25.9,R
,240481,501,0,308,-0.05,-0.386,1.063,9.95,-17.87,25.65,R
,240491,501,0,4095,-0.00,-0.381,1.074,19.32,-21.93,25.8,R
,240521,506,0,342,-0.01,-0.378,1.111,7.92,-21.95,29.75,R
,240531,499,0,495,-0.086,-0.39,1.124,17.61,-20.16,31.5,R
,240541,501,0,320,-0.129,-0.39,1.133,18.35,-1.33,34.7,R
,240561,497,0,324,-0.171,-0.40,1.141,16.35,-18.04,37.00,R
,240601,510,0,327,-0.16,-0.439,1.016,28.53,-3.33,32.7,R
,240631,416,0,4095,-0.15,-0.447,0.824,34.77,-27.55,34.3,R
,240641,400,0,323,-0.116,-0.452,0.754,33.46,-22.04,34.91,R
,240651,337,0,495,-0.116,-0.46,0.699,29.43,-14.11,33.30,R
,240661,316,0,325,-0.050,-0.41,0.673,27.66,-7.52,29.24,R
,240671,279,0,495,-0.103,-0.48,0.624,22.94,-8.92,27.8,R
,240681,265,0,3824,-0.15,-0.495,0.608,18.03,-11.75,23.3,R
,240731,311,0,495,-0.032,-0.527,0.471,13.55,-15.73,7.44,R
,240781,304,0,319,-0.19,-0.50,0.607,-4.52,14.47,-6.0,R
,240791,311,0,495,-0.19,-0.50,0.638,-8.20,1486,-10.3,R
,240801,365,0,328,-0.134,-0.492,0.667,-13.47,13.41,-18.32,R
,240811,361,0,495,-0.11,-0.512,0.724,-13.14,827,-22.4,R
,240821,367,0,326,-0.168,-0.481,0.759,8.71,8.15,-22.96,R
,240841,314,0,323,-0.173,-0.465,0.800,-13.91,14.80,-26.97,R
,240871,307,0,495,-0.177,-0.45,0.854,-14.49,23.41,-2674,R
,240881,304,0,322,-0.161,-0.440,0.863,-12.63,23.26,-27.11,R
,240891,315,0,495,-0.156,-0.431,0.893,-13.29,24.44,-30.10,R
,240911,382,0,495,-0.178,-0.430,0.898,-13.36,31.57,-32.53,R
,240931,353,0,495,-0.19,-0.437,0.898,-16.40,2.99,-2871,R
,240951,355,0,495,-0.148,-0.42,0.933,-21.10,28.33,-3259,R
,240961,385,0,327,-0.14,-0.43,0.935,-22.97,27.24,-3389,R
,241001,430,0,3833,-0.17,-0.427,0.912,-18.59,24.56,-3288,R
,241031,446,0,495,-0.065,-0.417,0.849,-18.77,26.63,-3061,R
,241081,454,0,324,-0.044,-0.444,0.890,-26.48,21.11,-3117,R
,241101,474,0,324,-0.03,-0.414,0.911,-10.81,2.91,-2952,R
,241181,328,0,322,-0.228,-0.351,1.423,-13.70,26.79,-1006,R
,241191,333,0,4095,-0.20,-0.352,1.461,-5.43,1912,-9.2,R
,241211,336,0,495,-0.215,-0.31,1.435,3.57,5.2,-6.58,
,241341,352,0,3825,-0.09,-0.37,1.003,19.02,-1.92,22.8,R
,241361,355,0,324,-0.100,-0.371,1.026,5.20,-21.35,31.33,R
,241371,351,0,495,-0.109,-0.366,1.023,1.03,-22.08,33.04,R
,241391,342,0,4095,-0.04,-0.40,1.042,9.90,-23.84,37.3,R
,241431,365,0,4095,-0.18,-0.355,1.068,15.51,-1.02,49.1,R
,241441,354,0,324,-0.136,-0.363,1.088,1.67,-18.91,50.98,R
,241451,427,0,495,-0.133,-0.37,1.077,6.94,-2442,50.4,R
,241521,609,0,324,-0.231,-0.368,1.245,9.26,-25.11,51.1,R
,241531,577,0,4095,-0.27,-0.39,1.282,5.52,-2924,49.3,R
,241541,560,0,324,-0.306,-0.425,1.292,.22,-36.82,46.87,R
,241561,724,0,324,-0.362,-0.485,1.229,0.24,-51.70,42.05,R
,241641,695,0,322,0.014,-0.543,0.308,2.06,-26.82,18.2,R
,241751,644,0,495,-0.138,-0.418,0.601,10.19,16.65,-11.03,R
,241771,644,0,495,-0.201,-0.369,0.687,14.40,33.43,-11.57,R
,241871,624,0,495,-0.156,-0.391,0.920,26.62,22.13,-3187,R
,241911,639,0,495,-0.164,-0.478,0.971,16.52,23.38,-3862,R
,241931,615,0,495,-0.119,-0.453,0.938,13.12,19.99,-3619,R
,241951,630,0,495,-0.04,-0.43,0.870,-19.58,24.19,-3056,R
,241961,659,0,324,-0.042,-0.447,0.848,-23.32,23.84,-29.63,R
,242141,762,0,319,-0.160,-0.310,1.578,-6.51,1.28,1.33,R
,242261,641,0,319,-0.063,-0.392,1.068,8.93,-23.52,25.30,R
,242271,639,0,495,-0.054,-0.375,1.075,4.10,-23.99,29.0,R
,242301,657,0,315,-0.04,-0.359,1.056,4.30,-21.55,37.3,R
,242351,624,0,495,-0.119,-0.330,1.092,7.28,-2770,40.3,R
,242361,592,0,324,-0.164,-0.328,1.123,.45,-25.69,43.0,R
,242371,554,0,495,-0.27,-0.354,1.198,6.15,-22.50,45.3,R
,242391,583,0,495,-0.26,-0.378,1.287,13.67,-22.71,49.4,R
,242451,640,0,495,-0.232,-0.405,0.920,50.10,-6.82,43.26,R
,242481,753,0,315,-0.117,-0.43,0.645,37.75,-56.66,42.3,R
,242521,624,0,318,-0.044,-0.51,0.388,28.24,-22.98,31.1,R
,242561,433,0,324,-0.035,-0.522,0.362,13.57,-5.18,11.6,R
,242601,474,0,321,-0.031,-0.517,0.544,.77,0.27,-3.52,
,242621,458,0,333,-0.109,-0.44,0.488,4.03,26.48,-3.60,R
,242661,534,0,322,-0.245,-0.419,0.745,-28.16,27.90,-2461,R
,242681,617,0,324,-0.115,-0.458,0.871,-22.52,702,-38.0,R
,242691,694,0,495,-0.28,-0.468,0.864,-8.40,16.41,-37.3,R
,242751,624,0,495,-0.158,-0.377,0.880,-19.35,4.15,-37.63,R
,242781,673,0,311,-0.135,-0.446,0.993,-32.46,2.45,-53.25,R
,242851,707,0,495,-0.039,-0.390,0.865,-16.91,35.41,-4251,R
,242911,718,0,495,-0.01,-0.383,0.922,47.00,3.53,-56.1,R
,242921,669,0,317,-0.07,-0.37,0.942,-51.32,2.94,-49.2,R
,242931,752,0,495,-0.016,-0.432,1.079,-53.50,13.79,-4073,R
,242941,815,0,318,-0.086,-0.38,1.191,-45.43,23.57,-31.63,R
,242971,847,0,495,-0.150,-0.338,1.455,-30.57,5.82,-8.93,R
,242991,930,0,4095,-0.17,-0.36,1.482,-7.18,43.67,-5.2,R
,243001,859,0,315,-0.26,-0.311,1.499,2.45,34.50,-7.45,R
,243021,852,0,323,-0.191,-0.307,1.431,-3.55,1557,-3.22,R
,243051,835,0,495,-0.122,-0.337,1.304,3.40,4.48,-0.87,
,243071,736,0,495,-0.06,-0.359,1.206,0.38,-9.49,-1.9,R
,243201,801,0,319,-0.070,-0.354,1.033,18.44,-2.85,22.16,R
,243281,733,0,311,-0.173,-0.394,1.135,7.41,-19.09,39.2,R
,243311,743,0,495,-0.244,-0.410,1.163,13.45,-2.08,36.3,R
,243321,741,0,325,-0.23,-0.411,1.165,14.32,-32.51,34.2,R
,243331,795,0,495,-0.28,-0.440,1.149,18.67,-36.01,35.7,R
,243341,821,0,331,-0.261,-0.457,1.125,6.85,-38.80,35.9,R
,243471,752,0,495,-0.05,-0.49,0.408,13.99,-1.81,10.2,R
,243481,752,0,324,-0.029,-0.49,0.407,14.70,-7.37,10.49,R
,243541,757,0,321,-0.137,-0.426,0.646,12.25,35.61,-7.9,R
,243601,784,0,322,-0.181,-0.433,0.887,-12.36,27.11,-22.56,R
,243631,790,0,495,-0.166,-0.41,0.937,-20.65,38.08,-20.47,R
,243641,789,0,324,-0.148,-0.440,0.952,-18.83,30.80,-23.54,R
,243651,796,0,495,-0.117,-0.43,0.976,-17.00,2.21,-2796,R
,243701,797,0,319,-0.132,-0.44,0.992,-27.24,2.58,-2777,R
,243731,817,0,495,0.034,-0.557,0.933,-17.73,22.45,-36.33,R
,243741,822,0,317,-0.073,-0.40,0.961,-20.71,16.33,-36.61,R
,243781,830,0,324,0.04,-0.437,0.785,-20.39,3.6,-39.1,R
,243801,865,0,318,0.046,-0.395,0.702,-2.77,2.27,-41.71,R
,243881,870,0,318,-0.10,-0.38,1.470,-20.74,33.93,-9.75,R
,243931,843,0,495,-0.29,-0.352,1.634,4.28,-10.07,-11.78,R
,243951,823,0,495,-0.117,-0.38,1.394,7.96,-21.98,-10.8,R
,243981,826,0,322,-0.067,-0.313,1.149,23.46,-24.16,-0.93,R
,244051,794,0,495,-0.06,-0.387,1.008,1.19,-28.27,11.5,R
,244061,800,0,320,-0.050,-0.38,1.007,15.70,-2.20,15.5,R
,244161,816,0,319,-0.07,-0.38,1.011,27.29,-32.45,25.1,R
,244181,812,0,319,-0.088,-0.352,1.004,19.16,-27.64,28.28,R
,244191,800,0,495,-0.127,-0.367,1.003,13.19,-30.18,27.6,R
,244241,719,0,320,-0.103,-0.486,0.832,0.09,-40.24,20.68,R
,244321,673,0,3820,-0.02,-0.573,0.506,-15.85,-4.48,7.18,R
,244351,666,0,495,-0.016,-0.612,0.527,.49,-7.00,6.11,
,244361,682,0,309,-0.00,-0.58,0.671,10.88,-2.60,-1.75,R
,244371,701,0,4095,-0.08,-0.461,0.626,10.15,13.43,2.20,R
,244401,699,0,324,-0.070,-0.438,0.698,24.16,37.14,-1.67,R
,244481,739,0,308,-0.118,-0.428,0.939,-15.15,25.18,-17.06,R
,244531,779,0,495,-0.048,-0.441,0.917,5.30,28.94,-27.23,R
,244541,784,0,323,-0.055,-0.420,0.901,-4.20,27.24,-26.82,R
,244721,730,0,310,-0.19,-0.427,1.243,-46.36,37.84,-1207,R
,244731,701,0,495,-0.142,-0.35,1.438,-38.88,3.72,-2.64,R
,244841,721,0,317,-0.02,-0.33,1.148,15.49,-1.17,17.50,R
,244891,761,0,495,0.00,-0.369,1.044,17.46,-34.53,28.4,R
,244951,797,0,495,-0.02,-0.387,1.009,-3.70,-27.47,46.0,R
,244961,731,0,319,-0.08,-0.37,0.983,-4.88,-26.13,46.4,R
,244971,701,0,495,-0.07,-0.41,1.053,-2.39,-30.42,46.5,R
,244981,590,0,311,-0.039,-0.433,1.042,6.13,-33.70,47.0,R
,245001,548,0,313,-0.00,-0.42,1.062,15.29,-37.64,39.18,R
,245021,576,0,312,-0.114,-0.421,1.038,7.45,-39.84,41.1,R
,245031,579,0,495,-0.11,-0.421,1.047,0.47,-35.78,47.09,R
,245091,624,0,495,-0.26,-0.483,0.953,31.12,-35.99,44.4,R
,245111,655,0,495,-0.28,-0.505,0.898,23.61,-44.86,36.7,R
,245171,786,0,495,-0.045,-0.508,0.413,9.14,-12.43,30.6,R
,245231,817,0,495,-0.042,-0.649,0.371,-0.81,1.4,5.39,
,245301,871,0,311,-0.11,-0.543,0.725,15.62,32.85,-1613,R
,245361,880,0,311,-0.149,-0.46,0.897,-20.83,38.50,-2958,R
,245401,887,0,317,-0.093,-0.548,0.984,28.26,32.08,-4036,R
,245441,848,0,318,-0.079,-0.464,0.858,-18.75,3.18,-39.90,R
,245471,843,0,495,-0.047,-0.489,0.898,33.94,11.86,-5780,R
,245521,880,0,313,0.031,-0.474,0.903,-16.77,1.53,-55.5,R
,245531,959,0,495,0.084,-0.472,0.863,-3.00,1.43,-55.4,R
,245631,880,0,495,-0.12,-0.407,1.253,24.10,34.88,-2276,R
,245791,865,0,495,-0.014,-0.413,0.877,6.62,-6.25,11.06,R
,245801,855,0,322,-0.024,-0.42,0.911,5.11,-5.11,12.40,R
,245901,886,0,322,-0.03,-0.482,0.879,.54,-4.68,10.52,!5
,245971,910,0,495,-0.07,-0.490,0.871,1.12,-5.11,11.8,R
,246001,934,0,319,-0.088,-0.486,0.895,5.99,3.21,15.33,
,246091,943,0,495,-0.081,-0.481,0.915,.67,2.30,18.37,
,246131,917,0,495,-0.081,-0.48,0.885,-0.91,-1.50,8.91,R
,246181,931,0,321,-0.09,-0.487,0.935,2.54,-1.11,8.31,R
,246241,933,0,323,-0.18,-0.426,0.989,.77,-6.34,6.10,R
,246311,935,0,4095,-0.10,-0.38,1.006,10.45,-564,13.7,R
,246351,928,0,495,-0.078,-0.37,1.040,4.42,-1196,18.2,R
,246361,941,0,315,-0.072,-0.371,1.078,1.00,-11.44,19.5,R
,246381,926,0,324,-0.07,-0.401,1.046,2.35,-1312,24.1,R
,246451,926,0,495,-0.00,-0.434,1.023,0.22,-1085,34.63,R
,246491,908,0,495,-0.068,-0.43,1.058,1.77,-1079,33.5,R
,246591,928,0,495,-0.233,-0.40,1.113,6.99,-1654,23.3,R
,246601,843,0,319,-0.269,-0.420,1.102,7.43,-2039,23.5,R
,246631,843,0,495,-0.364,-0.58,0.942,43.83,-4.23,26.1,R
,246651,759,0,495,-0.17,-0.433,0.720,2.70,-47.84,22.29,R
,246691,841,0,495,-0.09,-0.406,0.434,2.94,-40.76,11.58,R
,246721,815,0,331,-0.043,-0.43,0.427,4.22,-25.81,-1.90,R
,246741,791,0,323,-0.019,-0.48,0.372,-7.01,-1.52,-9.2,R
,246821,812,0,324,-0.158,-0.44,0.665,-19.58,43.93,-1861,R
,246861,879,0,324,-0.168,-0.52,0.920,-17.64,21.93,-32.41,R
,246911,953,0,495,-0.161,-0.441,0.940,11.70,47.23,-2306,R
,246971,1008,0,095,-0.137,-0.42,0.952,-23.81,21.99,-3.02,R
,247021,1043,0,821,-0.027,-0.495,0.923,-19.87,25.09,-4.04,R
,247061,1003,0,831,0.056,-0.46,0.767,-24.78,702,-38.3,R
,247071,1071,0,095,0.081,-0.45,0.750,-25.21,437,-42.1,R
,247081,1083,0,805,0.10,-0.46,0.756,-25.72,479,-47.1,R
,247161,1102,0,822,-0.79,-0.399,1.614,-12.39,35.18,-945,R
,247211,1072,0,095,-0.62,-0.312,1.449,10.91,-12.85,-462,R
,247311,1044,0,095,-0.51,-0.365,1.044,14.41,-27.09,25.42,R
,247441,1123,0,823,-0.189,-0.41,1.115,30.27,-41.75,37.10,R
,247451,1115,0,095,-0.199,-0.465,1.052,31.93,-46.69,3550,R
,247541,1142,0,821,-0.054,-0.504,0.486,26.45,-42.28,2752,R
,247551,1082,0,095,-0.029,-0.538,0.464,23.49,-5.96,2078,R
,247591,973,0,495,-0.03,-0.535,0.368,13.25,-24.50,12.49,R
,247641,913,0,320,-0.056,-0.512,0.534,1.68,10.56,5.97,R
,247651,881,0,495,-0.038,-0.545,0.561,.44,10.68,7.68,R
,247671,848,0,495,0.013,-0.510,0.615,-0.71,12.77,-1.11,R
,247691,784,0,495,-0.03,-0.498,0.668,-15.39,15.26,-6.3,R
,247711,851,0,495,0.010,-0.507,0.736,-2.75,22.56,-6.58,R
,247731,819,0,495,0.013,-0.500,0.785,-4.04,31.26,-14.97,R
,247741,841,0,323,0.02,-0.536,0.840,-30.42,30.60,-18.8,R
,247831,1012,0,095,0.149,-0.657,0.981,-61.75,21.53,-3323,R
,247841,1010,0,823,0.166,-0.674,1.016,68.57,16.45,-3065,R
,247871,1107,0,095,0.292,-0.760,1.089,-61.21,4.86,-42.7,R
,247901,1164,0,821,0.319,-0.728,1.067,-55.75,-4.97,-57.13,R
,247921,1144,0,824,0.360,-0.727,1.210,55.32,-20.86,-76.77,R
,247971,1136,0,095,0.078,-0.48,1.556,-58.48,-3.79,-6.97,R
,248011,1076,0,095,-0.062,-0.317,1.524,-33.82,-48.25,-6.33,R
,248211,717,0,457,0.114,-0.437,0.897,1.63,-31.24,54.55,R
,248221,720,0,329,0.09,-0.452,0.890,1.46,-29.4,55.44,R
,248311,1045,0,095,0.024,-0.600,0.905,18.94,-3.40,47.5,R
,248321,1040,0,822,0.026,-0.587,0.843,18.65,-44.59,46.2,R
,248331,1061,0,083,0.00,-0.620,0.800,9.67,-49.87,47.8,R
,248361,1087,0,824,0.01,-0.641,0.681,35.16,-54.25,43.78,R
,248401,1066,0,826,0.15,-0.614,0.371,50.07,-3.63,32.74,R
,248411,1069,0,095,0.19,-0.611,0.347,4.24,-28.83,32.5,R
,248481,907,0,322,0.15,-0.693,0.262,1.13,1.31,22.04,
,248541,881,0,321,0.133,-0.685,0.483,361,36.27,11.07,
,248551,895,0,495,0.093,-0.698,0.527,-4.98,35.89,5.45,
,248731,1205,0,095,0.084,-0.691,0.764,-34.34,36.66,-1951,R
,248761,1211,0,826,0.112,-0.69,0.696,-29.50,1.56,-23.19,R
,248771,1213,0,095,0.142,-0.69,0.685,-24.83,22.04,-2084,R
,248811,1289,0,095,0.146,-0.706,0.652,-34.51,2.33,-25.43,R
,248831,1337,0,095,0.114,-0.615,0.653,38.91,22.62,-2622,R
,248871,1349,0,095,0.040,-0.659,1.041,-36.49,2.50,-2432,R
,248901,1392,0,821,-0.099,-0.609,1.501,-29.68,3.24,-2.50,R
,248941,1405,0,820,0.015,-0.647,1.666,4.35,7.0,3.42,R
,248991,1385,0,4095,0.10,-0.663,1.088,4.61,-19.03,6.8,R
,249011,1390,0,095,0.160,-0.635,0.965,30.73,-2.54,4.07,R
,249041,1384,0,818,0.14,-0.572,0.875,0.83,-28.08,7.7,R
,249061,1350,0,823,0.072,-0.606,0.891,15.74,-32.47,12.1,R
,249141,1313,0,819,-0.026,-0.65,0.936,5.80,-2.84,30.65,R
,249161,1313,0,812,-0.011,-0.64,0.994,13.78,-4.45,25.79,R
,249171,1306,0,095,-0.035,-0.707,0.930,19.64,-9.78,23.61,R
,249251,1229,0,095,-0.057,-0.60,0.564,37.70,-8.43,1660,R
,249271,1227,0,095,-0.071,-0.68,0.422,34.88,-9.52,13.53,R
,249281,1194,0,821,-0.050,-0.65,0.373,37.28,-9.56,12.94,R
,249331,1158,0,095,0.063,-0.67,0.160,26.86,-2.98,-2.1,R
,249431,1127,0,095,0.06,-0.791,0.644,-18.91,2.21,-8.00,R
,249471,1214,0,095,0.078,-0.84,0.806,-14.91,3.69,-1632,R
,249631,1200,0,095,0.345,-0.835,0.761,-55.18,1.72,-45.52,R
,249641,1183,0,812,0.404,-0.67,0.817,69.58,14.53,-4942,R
,249651,1190,0,095,0.358,-0.894,0.806,71.96,11.63,-4633,R
,249681,1219,0,817,0.32,-0.868,1.127,63.17,-15.73,-7.40,R
,249781,1193,0,821,0.15,-0.506,1.247,17.18,-32.69,-4.58,R
,249811,1201,0,095,0.181,-0.49,1.007,-13.46,-3.08,-28.84,R
,249921,1189,0,818,0.233,-0.51,0.754,-6.81,-4.82,23.68,R
,249961,1195,0,820,0.221,-0.58,0.780,-1.93,-3.34,28.62,R
,249971,1200,0,095,0.217,-0.603,0.798,0.39,-33.64,26.0,R
,250011,1177,0,095,0.13,-0.637,0.839,.62,-32.60,22.4,R
,250021,1166,0,820,0.060,-0.66,0.806,4.33,-35.20,23.9,R
,250141,981,0,309,0.174,-0.808,0.076,29.83,-5575,9.82,R
,250191,998,0,495,0.271,-0.796,0.065,25.75,29.8,27.84,R
,250241,971,0,319,0.21,-0.809,0.365,10.88,27.2,4.83,
,250371,1088,0,095,0.252,-0.82,0.727,-11.87,30.05,-2332,R
,250451,1103,0,095,0.20,-0.707,0.586,-13.81,14.85,-3088,R
,250531,1141,0,095,0.365,-0.709,0.688,-26.20,20.48,-34.62,R
,250551,1167,0,095,0.322,-0.686,0.814,27.87,1.95,-46.85,R
,250561,1168,0,815,0.230,-0.741,0.902,31.61,2.18,-39.55,R
,250581,1150,0,823,0.221,-0.691,1.208,-30.68,2.61,-21.43,R
,250591,1138,0,095,0.194,-0.698,1.346,-29.70,32.95,-1618,R
,250601,1138,0,819,0.200,-0.689,1.465,-24.54,28.82,-1375,R
,250711,1201,0,095,0.297,-0.587,0.854,19.41,-14.18,12.4,R
,250741,1199,0,814,0.269,-0.623,0.836,.52,-2439,23.29,R
,250821,1194,0,818,0.200,-0.72,0.810,15.95,-28.31,39.1,R
,250831,1200,0,095,0.288,-0.647,0.865,2.67,-3.07,38.14,R
,250841,1203,0,823,0.26,-0.621,0.904,13.77,-31.93,38.7,R
,250851,1203,0,095,0.247,-0.667,0.887,13.98,-3.97,38.5,R
,250861,1203,0,824,0.20,-0.66,0.908,14.47,-3.98,39.32,R
,250871,1200,0,095,0.28,-0.696,0.883,17.29,-38.04,39.5,R
,250901,1232,0,822,0.234,-0.701,0.884,26.56,-3.63,35.16,R
,250931,1220,0,095,0.123,-0.703,0.906,1.23,-3.37,36.25,R
,251011,1199,0,095,0.093,-0.766,0.499,42.22,-3.60,26.0,R
,251051,1166,0,095,0.17,-0.718,0.153,38.36,-3.63,25.84,R
,251061,1120,0,818,0.184,-0.73,0.082,31.40,-38.51,22.7,R
,251241,966,0,323,0.215,-0.803,0.648,-7.17,17.7,-22.7,R
,251251,969,0,495,0.14,-0.718,0.603,-1.96,28.4,-17.7,R
,251351,1091,0,095,0.23,-0.740,0.646,-19.20,1.56,-3178,R
,251471,1197,0,095,0.36,-0.754,0.585,31.73,1.34,-53.83,R
,251491,1214,0,095,0.44,-0.725,0.646,-29.09,28.10,-5793,R
,251501,1249,0,831,0.421,-0.721,0.596,-28.86,4.21,-5360,R
,251551,1331,0,095,0.25,-0.612,1.303,27.45,109.53,-3879,R
,251571,1291,0,095,-0.04,-0.309,1.668,36.39,9.97,-2406,R
,251661,1115,0,821,0.237,-0.20,1.635,108.79,-17.21,5507,R
,251701,1100,0,813,0.27,-0.454,1.174,0.15,-587,84.19,R
,251731,1130,0,095,0.13,-0.689,0.960,7.12,-3.05,96.4,R
,251811,1151,0,095,0.138,-0.73,0.573,-14.69,-5.96,8533,R
,251821,1148,0,803,0.09,-0.837,0.589,-10.30,-8.01,86.33,R
,251841,1143,0,817,0.134,-0.70,0.504,-8.88,-7.14,89.4,R
,251861,1137,0,823,0.065,-0.656,0.535,-4.19,-5.50,82.28,R
,251871,1119,0,095,-0.09,-0.639,0.544,-6.13,-6.56,78.17,R
,251881,1117,0,821,-0.016,-0.69,0.537,-12.89,-47.84,7.59,R
,251901,1123,0,814,-0.008,-0.725,0.551,-17.79,60.79,63.10,R
,251931,1131,0,095,0.130,-0.67,0.405,-8.54,-5.47,67.4,R
,251941,1122,0,816,0.01,-0.751,0.470,7.95,-5089,63.90,R
,251971,1097,0,095,0.021,-0.735,0.497,6.97,-3521,40.14,R
,251991,1086,0,095,-0.008,-0.740,0.529,2.65,-4.11,32.55,R
,252021,1109,0,814,0.038,-0.71,0.576,1.26,-31.67,35.0,R
,252051,1124,0,095,0.070,-0.650,0.577,7.90,-3.1,41.70,R
,252061,1117,0,825,0.044,-0.652,0.627,2.44,4.6,36.89,
,252091,1111,0,095,0.044,-0.66,0.679,-4.88,-1.76,21.75,R
,252111,1095,0,095,0.085,-0.662,0.657,-6.33,-2.76,9.82,R
,252131,1104,0,095,0.109,-0.643,0.641,-8.71,-1.40,6.3,R
,252171,1105,0,095,0.072,-0.640,0.666,-10.17,099,0.75,R
,252181,1111,0,818,0.075,-0.63,0.662,-5.96,-0.01,-1.0,R
,252191,1107,0,095,0.079,-0.63,0.659,-5.70,-019,-3.63,R
,252221,1090,0,820,0.06,-0.625,0.623,-16.63,410,-8.09,R
,252241,1088,0,825,0.042,-0.626,0.608,-17.27,1.18,-7.89,R
,252321,1095,0,809,0.00,-0.747,0.637,7.09,8.60,-26.79,R
,252341,1104,0,824,0.080,-0.71,0.586,0.45,28.22,-18.7,R
,252361,1106,0,823,0.067,-0.688,0.580,5.20,44.6,-18.07,R
,252371,1105,0,095,0.052,-0.64,0.577,0.13,44.2,-23.4,R
,252421,1087,0,824,0.122,-0.788,0.605,-50.63,7.87,-46.9,R
,252461,1103,0,819,0.154,-0.81,0.651,-15.76,4.75,-45.86,R
,252551,1086,0,095,0.272,-0.811,0.608,54.49,-17.18,-5.22,R
,252611,1137,0,095,0.172,-0.605,0.783,39.41,68.68,-3003,R
,252621,1151,0,3819,0.180,-0.646,0.853,57.59,4.37,-2650,R
,252631,1147,0,095,0.180,-0.808,0.971,61.15,26.18,-2287,R
,252641,1135,0,817,0.246,-0.681,1.147,59.96,9.31,-28.8,R
,252671,1106,0,095,0.182,-0.68,1.440,0.28,28.4,-7.83,R
,252701,1095,0,814,0.150,-0.592,1.447,12.19,40.92,15.0,R
,252731,1095,0,095,0.191,-0.585,1.328,3.55,-11.56,1.1,R
,252751,1119,0,095,0.258,-0.60,1.243,-4.49,-1.24,8.97,R
,252831,1103,0,095,0.237,-0.653,0.853,14.22,-34.13,30.2,R
,252871,1104,0,095,0.187,-0.72,0.834,7.66,-4476,28.9,R
,252881,1098,0,811,0.172,-0.73,0.834,11.96,-5.97,29.00,R
,252951,1089,0,095,0.061,-0.74,0.852,6.09,-4633,28.81,R
,252981,1023,0,807,0.013,-0.768,0.807,4.09,-55.67,27.0,R
,253091,1023,0,095,0.380,-0.417,0.108,14.11,-10.95,1.9,R
,253101,1059,0,811,0.064,-0.771,0.199,9.67,-3.98,18.39,R
,253111,1040,0,095,0.097,-0.696,0.209,4.71,-21.72,13.7,R
,253211,922,0,495,0.068,-0.734,0.340,-.34,18.1,-16.70,R
,253221,934,0,322,0.051,-0.735,0.355,-16.22,2002,-18.91,R
,253271,903,0,495,0.071,-0.765,0.543,-16.17,32.39,-24.3,R
,253371,897,0,495,0.155,-0.753,0.665,-1.33,3097,-44.38,R
,253421,921,0,322,0.252,-0.771,0.626,-7.67,25.20,-29.3,R
,253451,1062,0,095,0.36,-0.748,0.625,-9.65,58.16,-29.2,R
,253471,1087,0,095,0.319,-0.717,0.673,-19.94,4.28,-30.53,R
,253491,1099,0,095,0.285,-0.858,0.790,39.75,2.89,-2954,R
,253501,1083,0,818,0.297,-0.822,0.917,-45.49,775,-36.27,R
,253511,1067,0,095,0.374,-0.672,1.037,-50.42,889,-44.68,R
,253521,1072,0,824,0.332,-0.775,1.130,-40.63,15.12,-3342,R
,253651,1066,0,095,0.364,-0.672,1.068,4.10,-4.75,-4.04,R
,253771,1014,0,095,0.131,-0.655,0.773,25.17,-67.32,12.4,R
,253801,1006,0,823,0.091,-0.64,0.695,31.67,-61.30,16.1,R
,253901,960,0,325,0.084,-0.670,0.296,7.62,-3918,43.94,R
,253911,916,0,495,0.068,-0.673,0.268,8.73,-2689,47.79,R
,253941,969,0,319,0.128,-0.627,0.171,83.45,5.4,57.93,
,253981,975,0,321,0.100,-0.803,0.247,7.15,16.2,51.91,R
,254101,921,0,324,0.090,-0.713,0.631,3.30,45.7,-13.29,R
,254171,1008,0,095,0.061,-0.725,0.755,19.38,6050,-38.04,R
,254191,1023,0,095,0.00,-0.645,0.747,28.33,7546,-33.6,R
,254201,1057,0,827,0.040,-0.622,0.747,6.22,7905,-35.2,R
,254211,1070,0,071,0.00,-0.583,0.746,17.48,79.73,-39.3,R
,254271,1072,0,066,0.04,-0.615,0.810,10.75,4.99,-61.93,R
,254281,1079,0,815,0.034,-0.611,0.802,11.87,4.82,-57.84,R
,254401,1091,0,825,0.124,-0.590,1.232,-35.00,5.88,-4806,R
,254451,1094,0,023,0.17,-0.422,1.788,12.59,3.01,-22.13,R
,254491,1092,0,940,0.17,-0.410,1.739,4.24,2.6,-12.10,R
,254511,1088,0,958,0.232,-0.44,1.507,4.19,-10.27,-9.3,R
,254521,1094,0,835,0.20,-0.444,1.365,6.10,-13.63,-5.5,R
,254531,1087,0,011,0.24,-0.447,1.307,13.49,-1.11,-0.5,R
,254571,1134,0,016,0.189,-0.43,1.074,8.70,-3115,8.02,R
,254601,1096,0,838,0.18,-0.438,1.016,3.99,-38.11,12.6,R
,254631,1104,0,030,0.135,-0.443,0.980,11.70,-3.26,26.4,R
,254681,1088,0,835,0.068,-0.460,1.019,12.88,-36.10,31.0,R
,254731,1059,0,019,0.002,-0.50,1.029,15.86,-52.37,25.2,R
,254761,1015,0,841,-0.13,-0.512,0.933,19.83,-53.56,2242,R
,254801,989,0,338,-0.00,-0.55,0.646,40.01,-61.11,22.3,R
,254871,801,0,435,0.15,-0.594,0.224,6.62,-24.4,5.87,R
,254901811,0,3bbjrbrbrbrbrbJH254911783,0,4016,0.170,-0.662,0.273,11.31,18.91,-6.80R
,254991,905,0,417,0.04,-0.588,0.723,-12.02,2981,-15.63,R
,255061,1007,0,826,0.032,-0.553,0.813,-8.26,56.31,-24.4,R
,255091,1021,0,030,0.070,-0.59,0.881,-19.96,45.44,-3709,R
,255111,1040,0,060,0.06,-0.583,0.851,-21.03,4.88,-36.00,R
,255171,998,0,447,0.08,-0.556,0.832,-34.04,5086,-28.16,R
,255191,989,0,441,0.133,-0.563,0.826,-32.46,3418,-28.13,R
,255201,1018,0,835,0.141,-0.553,0.786,-27.93,29.47,-2795,R
,255221,1019,0,834,0.25,-0.570,0.751,-23.10,1.90,-31.87,R
,255241,1003,0,830,0.271,-0.540,0.787,-32.57,1.54,-3836,R
,255251,1008,0,054,0.267,-0.54,0.845,-46.92,14.04,-3725,R
,255291,1037,0,4037,0.226,-0.671,1.446,-52.45,3.72,-1613,R
,255311,1003,0,020,0.151,-0.61,1.664,-24.92,25.63,-1738,R
,255371,1070,0,041,0.10,-0.501,1.388,-2.71,-1.08,-1571,R
,255381,1072,0,823,0.26,-0.477,1.411,-4.83,-1.93,-19.35,R
,255391,1074,0,063,0.175,-0.501,1.316,4.93,-2396,-14.04,R
,255401,1071,0,838,0.207,-0.47,1.252,12.77,-24.04,-8.1,R
,255431,1067,0,075,0.146,-0.442,1.073,10.24,-3.11,-8.3,R
,255461,1066,0,829,0.101,-0.46,1.052,10.03,-42.16,0.3,R
,255481,1015,0,835,0.05,-0.475,1.029,13.93,-4.37,5.1,R
,255571,1051,0,086,-0.220,-0.68,0.856,46.21,-70.63,1730,R
,255591,1023,0,095,-0.066,-0.42,0.784,43.17,-8.97,1662,R
,255621,1019,0,831,-0.036,-0.451,0.689,45.75,-1.98,30.77,R
,255741,1008,0,3838,0.096,-0.511,0.310,68.18,2251,38.02,R
,255761,965,0,333,-0.053,-0.766,0.500,8.01,26.28,31.5,R
,255851,835,0,4085,0.086,-0.557,0.723,1.90,64.82,-13.3,R
,255891,759,0,464,0.014,-0.595,0.844,-2.02,47.99,-37.8,R
,255931,775,0,449,-0.050,-0.576,0.944,-3.00,7215,-41.6,R
,255971,816,0,4048,-0.06,-0.547,0.937,-1.58,66.04,-61.1,R
,256001,929,0,330,-0.011,-0.488,0.891,-19.90,6.29,-63.69,R
,256011,972,0,430,-0.031,-0.475,0.902,-23.94,6.02,-6421,R
,256041,987,0,335,-0.042,-0.459,0.914,21.72,59.35,-6598,R
,256051,981,0,416,-0.019,-0.44,0.907,-16.71,5.79,-69.54,R
,256151,1151,0,048,0.085,-0.399,1.009,-39.50,3.45,-42.32,R
,256171,1143,0,032,0.051,-0.356,1.286,-45.33,4.48,-29.86,R
,256181,1127,0,824,-0.018,-0.31,1.437,-48.33,48.80,-2.49,R
,256191,1116,0,4014,-0.83,-0.457,1.563,-38.52,7.43,-459,R
,256201,1115,0,831,-0.061,-0.433,1.657,-28.74,46.30,-595,R
,256311,1059,0,4046,0.02,-0.330,1.171,17.40,-2.75,13.00,R
,256321,1072,0,826,0.038,-0.288,1.122,6.12,-26.36,17.3,R
,256341,1072,0,827,0.042,-0.326,1.084,.61,-29.55,24.3,R
,256401,1034,0,3811,-0.019,-0.37,1.073,13.41,-32.77,3749,R
,256431,1062,0,016,-0.42,-0.397,1.095,18.48,-0.53,4617,R
,256491,1045,0,053,-0.149,-0.412,1.084,17.60,-8.05,33.50,R
,256501,1033,0,834,-0.200,-0.410,1.050,19.29,-9.52,33.00,R
,256511,1034,0,051,-0.198,-0.437,1.060,24.35,-3.59,34.42,R
,256531,1004,0,4066,-0.22,-0.563,1.043,48.86,-63.78,4211,R
,256551,988,0,487,-0.169,-0.469,0.832,39.54,-61.21,35.6,R
,256581,878,0,330,-0.088,-0.428,0.545,48.07,-46.71,36.8,R
,256621,861,0,3827,-0.038,-0.46,0.402,0.04,-4.66,16.9,R
,256691,816,0,439,0.021,-0.530,0.508,8.64,18.56,4.07,R
,256751,867,0,399,-0.089,-0.476,0.734,13.96,3.37,-8.6,R
,256761,822,0,331,-0.089,-0.439,0.746,-20.37,40.60,-8.56,R
,256781,843,0,328,-0.015,-0.491,0.849,-21.23,40.85,-1801,R
,256821,865,0,330,-0.139,-0.466,0.919,-13.24,58.73,-2503,R
,256851,918,0,445,-0.083,-0.476,0.937,-21.64,3.55,-32.45,R
,256871,1001,0,039,-0.026,-0.488,0.906,-13.78,27.21,-4.77,R
,256981,980,0,334,0.021,-0.402,0.813,-25.10,2932,-38.99,R
,257021,913,0,335,-0.010,-0.347,1.097,-33.36,61.93,-3468,R
,257051,912,0,426,-0.10,-0.25,1.432,-32.31,4.24,-2386,R
,257081,879,0,307,-0.13,-0.333,1.612,-22.75,34.36,-3.6,R
,257101,870,0,334,-0.18,-0.323,1.606,-8.51,2668,-2.84,R
,257131,872,0,466,-0.05,-0.285,1.386,-1.36,2.51,6.23,
,257201,870,0,325,0.046,-0.338,1.064,2.85,-6.13,15.62,
,257261,770,0,335,-0.037,-0.387,1.084,.01,-1598,30.87,R
,257281,769,0,3819,-0.062,-0.40,1.104,2.77,-1723,31.76,R
,257331,909,0,458,-0.15,-0.406,1.124,1.32,-1741,40.0,R
,257351,990,0,495,-0.236,-0.440,1.136,.73,-2219,44.25,R
,257381,960,0,331,-0.27,-0.469,1.140,16.67,-2.86,45.2,R
,257391,1003,0,4095,-0.302,-0.483,1.080,19.95,-1.79,42.71,R
,257541,901,0,324,-0.195,-0.42,0.468,-9.04,-26.42,-15.77,R
,257571,894,0,495,-0.117,-0.542,0.419,-10.63,8.80,-8.4,R
,257581,913,0,324,-0.120,-0.538,0.467,-5.23,2074,-9.13,R
,257591,933,0,495,-0.133,-0.53,0.514,-5.62,3086,-10.61,R
,257671,1006,0,4095,-0.170,-0.548,0.811,-27.35,27.00,-42.67,R
,257691,975,0,495,-0.166,-0.56,0.857,-16.42,3.08,-4587,R
,257701,986,0,330,-0.17,-0.566,0.865,-12.55,34.99,-4615,R
,257711,1008,0,4095,-0.180,-0.523,0.864,-11.58,1.63,-4.99,R
,257761,995,0,321,-0.146,-0.50,0.905,-43.43,38.42,-49.87,R
,257771,993,0,495,-0.120,-0.545,0.911,-40.62,3.24,-56.24,R
,257841,997,0,326,0.006,-0.459,0.768,-20.07,3358,-43.58,R
,257861,998,0,325,0.041,-0.371,0.676,-22.78,1776,-48.18,R
,257881,1007,0,831,0.081,-0.30,0.770,-40.75,610,-55.64,R
,257901,1008,0,822,0.003,-0.38,1.038,-57.04,2.24,-50.64,R
,257941,955,0,335,-0.166,-0.40,1.614,-19.84,4.46,-8.97,R
,257951,955,0,495,-0.241,-0.472,1.693,-8.22,39.84,-6.7,R
,257961,950,0,324,-0.233,-0.41,1.732,-4.23,2524,-12.88,R
,258011,923,0,495,-0.077,-0.412,1.446,.02,-1274,-4.7,R
,258061,919,0,326,-0.079,-0.381,1.075,19.70,-27.81,6.5,R
,258071,922,0,495,-0.065,-0.41,1.054,17.95,-30.72,10.80,R
,258161,919,0,320,-0.04,-0.433,0.986,18.42,-2.72,42.54,R
,258171,912,0,495,-0.055,-0.42,0.996,8.62,-2.49,43.07,R
,258181,913,0,324,-0.083,-0.423,0.996,17.52,-2.28,43.0,R
,258201,917,0,321,-0.121,-0.442,0.998,12.86,-2.05,42.83,R
,258221,912,0,322,-0.19,-0.476,1.056,12.85,-3.55,43.32,R
,258261,916,0,322,-0.200,-0.50,1.056,25.28,-31.53,47.2,R
,258271,935,0,495,-0.27,-0.505,1.000,30.13,-31.99,45.0,R
,258311,912,0,495,-0.29,-0.514,0.827,28.61,-4.57,40.13,R
,258321,922,0,318,-0.272,-0.56,0.731,41.34,-46.62,38.37,R
,258331,928,0,495,-0.189,-0.542,0.646,36.93,-44.54,37.6,R
,258361,944,0,324,-0.122,-0.54,0.452,31.52,-37.00,25.3,R
,258371,919,0,495,-0.100,-0.55,0.418,27.57,-32.10,21.2,R
,258381,928,0,321,-0.095,-0.58,0.394,23.52,-26.21,19.5,R
,258501,944,0,318,-0.224,-0.573,0.673,20.05,27.28,-1229,R
,258511,941,0,495,-0.169,-0.59,0.728,-19.07,2.93,-15.80,R
,258541,950,0,321,-0.182,-0.584,0.834,-9.46,2897,-29.45,R
,258551,960,0,495,-0.179,-0.55,0.829,11.78,27.00,-3320,R
,258561,950,0,311,-0.193,-0.53,0.837,-15.32,28.08,-3477,R
,258571,949,0,495,-0.18,-0.527,0.838,-18.34,3.92,-3422,R
,258591,937,0,4095,-0.184,-0.531,0.884,-24.39,3.99,-35.16,R
,258601,926,0,324,-0.158,-0.52,0.886,-23.58,32.76,-3664,R
,258611,865,0,495,-0.157,-0.532,0.917,-17.36,3.49,-3703,R
,258631,871,0,495,-0.110,-0.527,0.873,12.19,3.61,-40.35,R
,258661,909,0,322,-0.131,-0.46,0.813,-23.04,30.41,-4572,R
,258691,929,0,495,-0.057,-0.473,0.841,-27.27,21.47,-4914,R
,258711,934,0,495,-0.053,-0.520,0.778,25.55,22.39,-5448,R
,258721,955,0,3817,-0.100,-0.591,0.834,-14.63,2.82,-45.98,R
,258731,949,0,495,-0.042,-0.463,0.839,-15.75,2.44,-50.18,R
,258741,955,0,315,-0.034,-0.496,0.764,-19.09,2.56,-53.61,R
,258761,953,0,307,0.051,-0.364,0.862,-0.65,18.73,-45.6,R
,258791,913,0,495,-0.037,-0.420,1.077,31.09,33.00,-4546,R
,258801,882,0,323,-0.07,-0.476,1.134,-28.08,3.98,-37.89,R
,258811,838,0,495,-0.089,-0.481,1.191,20.77,35.70,-3476,R
,258831,779,0,495,-0.134,-0.42,1.310,-13.90,3.35,-32.44,R
,258851,582,0,495,-0.112,-0.42,1.383,8.05,27.81,-32.4,R
,258861,425,0,323,-0.171,-0.448,1.381,-4.05,2677,-30.77,R
,258881,421,0,324,-0.171,-0.42,1.322,.32,24.21,-21.4,R
,258931,414,0,495,-0.115,-0.394,1.015,7.11,10.50,-13.6,R
,259071,467,0,495,-0.062,-0.51,0.839,8.07,-0.2,6.60,
,259171,487,0,495,-0.123,-0.52,0.933,6.30,0.1,5.16,R
,259191,494,0,495,-0.18,-0.513,0.918,.28,4.2,7.90,R
,259361,549,0,317,-0.146,-0.469,0.977,-2.08,-972,8.95,R
,259371,557,0,495,-0.128,-0.468,0.983,2.16,-9.56,11.4,R
,259391,561,0,495,-0.146,-0.43,1.029,-4.66,-356,19.71,R
,259401,560,0,313,-0.153,-0.43,1.059,-6.78,-146,22.5,R
,259491,567,0,495,-0.129,-0.44,1.116,-1.09,-1.72,42.17,R
,259561,511,0,314,-0.146,-0.506,1.045,4.54,-23.87,46.2,R
,259631,375,0,495,-0.191,-0.51,1.014,-4.54,-2.60,43.85,R
,259651,371,0,495,-0.237,-0.501,1.077,2.80,-31.84,37.2,R
,259691,548,0,495,-0.194,-0.51,0.992,17.28,-3.88,35.06,R
,259721,833,0,3820,-0.222,-0.454,0.944,7.64,-3.01,28.31,R
,259741,869,0,343,-0.228,-0.464,0.953,3.25,-40.86,22.2,R
,259771,894,0,4095,-0.37,-0.465,0.882,1.60,-5.64,21.41,R
,259831,778,0,495,-0.164,-0.394,0.494,51.87,-5.70,17.30,R
,259871,455,0,495,-0.034,-0.406,0.368,24.01,-3.63,10.89,R
,259971,446,0,495,-0.134,-0.46,0.640,-8.16,2399,-17.92,R
,260001,506,0,322,-0.191,-0.463,0.798,-13.15,2.86,-24.38,R
,260011,399,0,495,-0.194,-0.506,0.851,-14.05,2.55,-30.68,R
,260021,713,0,343,-0.171,-0.519,0.879,-7.81,1153,-36.3,R
,260031,799,0,495,-0.158,-0.515,0.867,-2.07,6.6,-37.6,R
,260041,837,0,3823,-0.19,-0.488,0.853,4.66,7.78,-37.5,R
,260071,893,0,495,-0.15,-0.451,0.845,.40,37.50,-33.29,R
,260111,815,0,4095,-0.118,-0.460,0.867,20.91,39.08,-4360,R
,260201,957,0,3824,-0.020,-0.512,0.896,22.49,31.96,-2971,R
,260211,962,0,4095,0.03,-0.509,0.853,-1.46,19.46,-34.8,R
,260301,970,0,3819,-0.11,-0.532,1.349,42.08,4.74,-18.53,R
,260341,969,0,322,-0.152,-0.310,1.723,12.36,17.50,-1430,R
,260411,935,0,495,-0.056,-0.330,1.238,15.87,-1.53,-3.02,R
,260451,933,0,495,-0.060,-0.31,1.041,21.78,-2.50,6.19,R
,260461,908,0,3821,-0.08,-0.318,1.008,8.61,-26.76,8.9,R
,260521,889,0,324,-0.071,-0.367,0.993,21.77,-2.80,33.01,R
,260561,891,0,325,-0.083,-0.387,1.018,21.17,-2.35,34.23,R
,260581,881,0,320,-0.176,-0.343,1.082,22.64,-2.42,38.26,R
,260591,880,0,495,-0.172,-0.38,1.115,5.84,-2.12,37.7,R
,260601,898,0,3824,-0.183,-0.399,1.112,10.67,-2.10,35.99,R
,260621,908,0,3825,-0.194,-0.445,1.094,8.54,-45.85,36.3,R
,260641,890,0,3825,-0.190,-0.458,1.040,3.31,-48.40,33.0,R
,260741,847,0,3826,-0.00,-0.525,0.408,10.67,-1.31,15.76,R
,260781,842,0,3824,-0.04,-0.576,0.413,0.36,-3.3,2.69,R
,260811,891,0,4095,-0.10,-0.557,0.534,6.10,5.4,-7.69,R
,260821,911,0,3824,-0.02,-0.542,0.548,6.97,15.9,-6.35,R
,260831,914,0,4095,-0.113,-0.494,0.555,3.76,2787,-9.7,R
,260951,830,0,4095,-0.160,-0.501,0.928,-28.63,3.21,-3783,R
,260961,832,0,3827,-0.157,-0.510,0.948,25.12,3.68,-3740,R
,261021,889,0,3824,-0.07,-0.470,0.885,-21.84,2.08,-40.70,R
,261051,895,0,4095,-0.02,-0.460,0.858,24.86,27.98,-4593,R
,261081,896,0,3821,-0.00,-0.438,0.853,-25.43,2.64,-46.74,R
,261131,935,0,4095,0.07,-0.417,0.761,-15.27,2793,-42.6,R
,261301,421,0,3829,-0.036,-0.314,1.104,4.06,-18.71,-1.7,R
,261351,436,0,4095,-0.046,-0.374,1.001,7.19,-25.11,11.0,R
,261361,432,0,3834,-0.066,-0.391,1.012,17.40,-2.47,15.81,R
,261371,417,0,4095,-0.046,-0.410,1.002,8.53,-22.60,17.0,R
,261411,462,0,4095,-0.02,-0.383,1.029,20.93,-2.64,26.45,R
,261451,439,0,4095,-0.09,-0.386,1.016,20.06,-2.63,32.74,R
,261461,362,0,3851,-0.03,-0.408,1.009,21.52,-2.72,35.96,R
,261491,525,0,4095,-0.092,-0.39,1.025,4.18,-20.18,42.2,R
,261511,657,0,4095,-0.19,-0.382,1.041,18.70,-2.24,38.7,R
,261541,687,0,3824,-0.10,-0.400,1.029,15.46,-3.85,38.75,R
,261571,720,0,4095,-0.182,-0.438,1.042,3.57,-28.80,41.0,R
,261581,746,0,3824,-0.19,-0.458,1.038,28.61,-2.95,40.91,R
,261611,801,0,4095,-0.144,-0.460,0.910,0.99,-39.11,32.5,R
,261621,846,0,3835,-0.311,-0.662,0.839,1.61,-39.46,32.8,R
,261631,818,0,4095,-0.099,-0.46,0.799,0.96,-37.43,30.6,R
,261661,768,0,3836,-0.05,-0.443,0.638,1.49,-1.92,29.64,R
,261721,533,0,3834,-0.049,-0.497,0.554,10.73,-1.21,13.64,R
,261741,493,0,3833,-0.07,-0.509,0.547,-3.64,-221,10.36,R
,261761,496,0,3830,-0.062,-0.546,0.649,-8.22,1010,6.34,R
,261881,496,0,3837,-0.177,-0.43,0.902,-19.41,3.31,-22.58,R
,261901,495,0,3839,-0.12,-0.449,0.922,-17.50,2.31,-22.87,R
,261911,525,0,4095,-0.148,-0.438,0.929,-18.19,2.89,-26.10,R
,261931,492,0,4095,-0.133,-0.435,0.916,17.61,25.26,-3117,R
,261941,493,0,3834,-0.141,-0.41,0.908,-19.39,2.04,-30.48,R
,261981,493,0,3833,-0.077,-0.42,0.880,-21.65,2.99,-31.58,R
,262081,511,0,3833,-0.055,-0.330,0.973,33.97,36.28,-3219,R
,262121,470,0,3831,-0.150,-0.341,1.435,-24.89,2.34,-14.90,R
,262131,479,0,4095,-0.26,-0.477,1.466,15.79,2.86,-8.73,R
,262191,487,0,4095,-0.03,-0.312,1.366,1.46,-801,-3.51,R
,262211,496,0,4095,-0.037,-0.299,1.230,19.64,-1.18,-0.38,R
,262311,489,0,4095,-0.070,-0.35,1.067,22.91,-2.74,25.45,R
,262351,555,0,4095,-0.101,-0.36,1.074,16.07,-2.95,31.64,R
,262361,560,0,3836,-0.114,-0.37,1.085,14.77,-2.09,32.16,R
,262421,624,0,3838,-0.245,-0.404,1.128,6.85,-34.97,38.2,R
,262481,816,0,3838,-0.139,-0.426,0.820,0.59,-42.53,28.0,R
,262491,848,0,4095,-0.170,-0.432,0.840,6.64,-45.73,27.9,R
,262531,835,0,495,-0.046,-0.473,0.518,1.60,-34.74,31.7,R
,262561,997,0,335,-0.057,-0.503,0.419,1.32,-15.26,26.0,R
,262671,979,0,4095,-0.166,-0.51,0.767,19.76,3.48,-22.53,R
,262791,1101,0,095,-0.113,-0.49,0.850,-32.33,1.63,-40.19,R
,262811,1095,0,4095,-0.103,-0.436,0.806,-42.83,0.70,-43.06,R
,262881,1069,0,3836,0.066,-0.40,0.639,21.39,7.43,-39.7,R
,262901,1106,0,3835,-0.019,-0.49,0.911,-45.41,5.86,-2.67,R
,262911,1104,0,095,0.020,-0.385,1.051,-62.48,21.81,-4143,R
,262921,1104,0,3837,-0.037,-0.455,1.234,-60.08,2.60,-3.44,R
,262971,1103,0,095,-0.133,-0.49,1.788,-11.07,3.28,-1.13,R
,262991,1104,0,4095,-0.108,-0.39,1.730,0.33,1.5,-12.50,R
,263061,1035,0,842,0.024,-0.31,1.118,8.85,-23.61,-2.0,R
,263071,1023,0,4095,-0.007,-0.300,1.116,18.97,-5.30,-0.33,R
,263171,997,0,4095,-0.036,-0.389,1.036,7.40,-33.49,32.8,R
,263211,994,0,4095,-0.046,-0.424,1.042,32.22,-4.25,31.29,R
,263221,990,0,339,-0.066,-0.411,1.043,35.45,-3.64,30.94,R
,263271,980,0,495,-0.143,-0.472,1.037,27.17,-3.82,30.13,R
,263371,1040,0,095,-0.009,-0.502,0.478,20.61,-0.36,16.17,R
,263411,1043,0,095,0.027,-0.551,0.429,12.56,-737,11.49,R
,263511,1073,0,074,-0.063,-0.511,0.822,-16.91,5.35,-12.16,R
,263621,1043,0,828,-0.059,-0.418,0.837,-14.77,6.83,-32.16,R
,263661,1022,0,845,-0.032,-0.473,0.876,-39.84,2.54,-35.06,R
,263681,1006,0,3845,0.017,-0.478,0.885,30.45,28.99,-2916,R
,263691,1005,0,4078,0.03,-0.461,0.861,23.23,33.99,-28.29,R
,263811,853,0,443,-0.179,-0.358,1.489,-19.46,5.37,-6.00,R
,263881,896,0,3843,-0.115,-0.332,1.322,7.87,2.0,0.05,R
,263891,903,0,4074,-0.03,-0.332,1.260,0.83,-8.07,-1.2,R
,263901,896,0,342,-0.040,-0.338,1.191,2.97,-1.05,-2.56,R
,264031,991,0,450,-0.023,-0.406,1.055,15.14,-2.67,23.7,R
,264091,987,0,447,-0.075,-0.377,1.045,18.44,-2.72,29.35,R
,264141,1006,0,3847,-0.133,-0.388,1.095,12.74,-0.82,35.99,R
,264201,944,0,3836,-0.22,-0.461,0.907,34.76,-4.50,30.36,R
,264231,939,0,4077,-0.105,-0.427,0.602,47.57,-4.64,30.43,R
,264251,951,0,4050,-0.054,-0.440,0.563,9.67,-3.72,25.18,R
,264261,932,0,3845,-0.02,-0.461,0.437,20.44,-3.56,21.45,R
,264311,1014,0,4048,0.06,-0.542,0.394,5.00,-4.3,9.78,R
,264611,992,0,4036,0.07,-0.396,0.690,-22.04,4.7,-48.53,R
,264641,994,0,3843,-0.010,-0.373,0.978,34.13,25.75,-4374,R
,264661,956,0,3854,-0.086,-0.326,1.315,38.74,3.41,-3244,R
,264681,889,0,3847,-0.16,-0.318,1.546,-24.13,3.12,-7.95,R
,264831,942,0,3968,0.00,-0.383,1.058,1.51,-2498,19.78,R
,264871,946,0,3970,0.03,-0.404,1.005,14.04,-2358,29.2,R
,264911,946,0,3979,-0.038,-0.420,1.007,3.12,-20.56,35.0,R
,265001,959,0,3872,-0.113,-0.450,0.948,19.66,-3.17,24.65,R
,265081,939,0,3878,-0.061,-0.494,0.598,4.19,-15.44,16.6,R
,265191,993,0,3952,-0.02,-0.479,0.718,1.97,2167,-0.9,R
,265221,973,0,3879,-0.19,-0.480,0.777,14.54,23.55,-9.6,R
,265301,970,0,3879,-0.10,-0.441,0.908,15.15,3.90,-16.93,R
,265311,976,0,3915,-0.072,-0.44,0.905,-17.67,2.34,-1943,R
,265321,974,0,3883,-0.066,-0.44,0.899,-17.24,2.63,-21.55,R
,265391,944,0,318,-0.039,-0.451,0.903,-20.34,2.17,-23.05,R
,265511,991,0,3902,-0.074,-0.42,1.051,47.78,39.96,-2480,R
,265541,972,0,3888,-0.153,-0.445,1.466,30.55,36.51,-7.5,R
,265571,965,0,3902,-0.206,-0.352,1.634,10.81,22.95,0.42,R
,265621,933,0,3883,-0.032,-0.37,1.377,-0.88,-1.58,3.44,R
,265661,940,0,3879,-0.033,-0.36,1.115,.25,-25.50,12.0,R
,265711,939,0,3901,-0.048,-0.38,1.046,10.22,-1.86,33.52,R
,265721,939,0,3882,-0.048,-0.38,1.016,8.30,-1366,36.63,R
,265741,917,0,3881,-0.067,-0.400,1.026,.69,-20.54,39.5,R
,265771,949,0,3901,-0.058,-0.40,1.013,9.43,-2859,47.10,R
,265781,965,0,3889,-0.054,-0.423,1.006,2.48,-29.67,47.0,R
,265811,975,0,3899,-0.078,-0.450,1.025,2.48,-36.24,41.1,R
,265841,1013,0,3875,-0.145,-0.437,1.059,20.10,-5.49,38.11,R
,265901,1061,0,891,-0.232,-0.42,0.985,26.70,-4.95,30.62,R
,265941,1062,0,891,-0.165,-0.50,0.762,39.22,-1.12,20.43,R
,266001,1129,0,3887,-0.125,-0.56,0.330,3.25,5.5,4.43,R
,266011,1131,0,3874,-0.105,-0.542,0.309,-4.89,824,-3.14,R
,266031,1099,0,875,-0.166,-0.576,0.357,-11.12,.05,-11.00,R
,266101,1155,0,3893,-0.187,-0.46,0.641,-13.49,8.63,-4.74,R
,266321,1104,0,3889,0.050,-0.418,0.803,9.78,15.23,-42.5,R
,266341,1051,0,895,0.145,-0.40,0.722,-2.01,-213,-49.0,R
,266371,1045,0,3856,0.099,-0.28,0.850,37.41,1.36,-35.06,R
,266411,978,0,350,-0.124,-0.393,1.493,-24.07,5.46,6.62,R
,266431,971,0,356,-0.180,-0.304,1.729,5.75,3695,13.03,R
,266461,985,0,388,-0.115,-0.269,1.738,5.76,0.21,9.35,
,266471,978,0,347,-0.096,-0.269,1.673,1.96,-7.4,12.25,R
,266541,979,0,392,0.017,-0.301,1.123,13.23,-35.59,30.4,R
,266601,992,0,395,0.011,-0.373,1.098,4.88,-25.1,59.24,R
,266631,976,0,3846,-0.006,-0.449,1.152,10.47,-3.30,62.43,R
,266671,1004,0,835,-0.018,-0.499,1.171,9.66,-5.13,60.68,R
,266751,1117,0,3834,0.008,-0.807,0.951,-7.52,-6.76,27.15,R
,266821,1155,0,3894,-0.000,-0.715,0.449,-25.36,47.49,-0.15,R
,266861,1159,0,915,-0.036,-0.571,0.324,-35.87,59.43,-55.11,R
,266911,1121,0,3824,-0.155,-0.478,0.471,-53.84,35.72,-58.44,R
,267041,1104,0,903,0.038,-0.39,0.621,35.88,21.66,-1425,R
,267091,1107,0,3826,0.17,-0.531,0.669,26.25,8.94,-20.5,R
,267101,1109,0,3907,0.195,-0.546,0.662,-25.03,1.48,-14.19,R
,267181,1168,0,3916,0.21,-0.540,0.820,-14.40,3.08,-32.77,R
,267191,1163,0,3825,0.23,-0.514,0.959,21.88,48.11,-2781,R
,267261,1161,0,900,0.082,-0.470,1.678,-7.59,3543,6.40,R
,267321,1157,0,3915,0.185,-0.486,1.257,7.49,-5.01,17.8,R
,267391,1165,0,3831,0.220,-0.531,1.000,0.35,-16.91,35.9,R
,267431,1155,0,3831,0.243,-0.615,1.049,7.46,-3.08,33.9,R
,267461,1151,0,3911,0.183,-0.614,1.071,20.06,-2.08,34.25,R
,267651,1089,0,3815,0.01,-0.581,0.280,19.22,-4.21,16.34,R
,267671,1035,0,3822,0.126,-0.632,0.248,0.62,-5.01,2.84,R
,267701,1065,0,3927,0.18,-0.645,0.157,.28,-47.26,-5.6,R
,267731,1063,0,3824,0.16,-0.638,0.365,-11.97,1.95,1.38,R
,267741,1061,0,3926,0.09,-0.580,0.380,7.17,3155,4.51,R
,267781,1072,0,3936,0.06,-0.668,0.591,-12.19,1.99,-10.59,R
,267811,1082,0,3831,0.17,-0.663,0.673,23.78,2.32,-12.42,R
,267851,1077,0,3831,0.08,-0.643,0.804,-23.06,3.53,-18.24,R
,267871,1046,0,3824,0.109,-0.64,0.783,19.18,3.92,-1971,R
,267901,1040,0,3932,0.100,-0.639,0.819,-27.65,4.80,-19.46,R
,267931,1022,0,3825,0.129,-0.640,0.810,-25.84,3.78,-24.48,R
,268001,1135,0,3926,0.25,-0.587,0.613,-30.75,2.66,-36.03,R
,268051,1184,0,3825,0.176,-0.552,0.823,45.26,32.73,-3010,R
,268121,1347,0,3935,0.046,-0.496,1.693,23.76,30.42,11.2,R
,268141,1351,0,3927,0.077,-0.51,1.715,5.46,15.41,13.2,R
,268181,1361,0,3934,0.11,-0.543,1.298,19.22,-340,17.26,R
,268201,1365,0,3915,0.226,-0.53,1.164,6.79,-11.89,21.2,R
,268221,1365,0,3912,0.28,-0.583,1.073,21.90,-2.35,20.63,R
,268381,1160,0,3957,0.215,-0.891,0.941,.67,-44.27,19.4,R
,268411,1139,0,3818,0.250,-0.91,0.758,6.04,-4825,8.11,R
,268451,1168,0,3833,0.156,-0.824,0.507,20.74,-12.82,-484,R
,268461,1143,0,3966,0.138,-0.844,0.454,32.77,-6.83,-16.18,R
,268491,1123,0,3814,0.15,-0.810,0.272,39.30,-43.89,-35.58,R
,268501,1113,0,965,-0.000,-0.88,0.272,-29.64,44.21,-35.63,R
,268511,1119,0,3817,0.13,-0.721,0.155,32.14,-6.11,-3.65,R
,268591,1136,0,3819,-0.007,-0.59,0.298,-35.61,9.85,-29.69,R
,268691,1138,0,3823,0.032,-0.52,0.582,34.52,2.66,-0.51,R
,268771,1173,0,3823,0.242,-0.67,0.587,30.40,27.09,-0.77,R
,268831,1200,0,3818,0.269,-0.75,0.624,21.84,24.21,-20.53,R
,268861,1217,0,3942,0.359,-0.73,0.701,-36.13,3.24,-25.00,R
,268881,1232,0,3963,0.264,-0.709,0.812,35.18,40.62,-23.81,R
,268911,1221,0,3815,0.240,-0.73,1.158,-25.88,2.18,-33.25,R
,268921,1234,0,3956,0.160,-0.702,1.251,25.53,28.45,-22.09,R
,268931,1211,0,3810,0.142,-0.69,1.435,-26.34,2.52,-10.25,R
,268941,1214,0,3952,0.157,-0.735,1.591,-21.72,2.51,-5.32,R
,268991,1197,0,3824,0.248,-0.684,1.346,9.78,-15.63,3.8,R
,269001,1220,0,3959,0.195,-0.693,1.146,2.32,-17.78,13.96,R
,269071,1200,0,3822,0.193,-0.69,0.850,19.11,-3.14,42.9,R
,269081,1200,0,3970,0.226,-0.707,0.842,9.40,-32.36,47.90,R
,269111,1216,0,808,0.229,-0.72,0.813,20.13,-4.18,46.89,R
,269131,1225,0,3823,0.207,-0.725,0.821,5.84,-4.97,46.9,R
,269141,1223,0,3959,0.20,-0.757,0.842,4.09,-4.61,47.7,R
,269161,1229,0,3967,0.10,-0.754,0.906,7.86,-4363,46.49,R
,269311,1160,0,822,0.029,-0.760,0.271,1.09,-3.05,37.8,R
,269471,1054,0,3817,0.054,-0.813,0.412,26.69,31.35,-10.24,R
,269491,1050,0,3813,0.064,-0.866,0.576,28.37,7.55,-16.80,R
,269521,1111,0,3985,0.142,-0.88,0.652,-8.66,9.8,-18.8,R
,269541,1123,0,994,0.163,-0.82,0.600,2.65,35.50,-14.44,R
,269621,1157,0,985,0.230,-0.84,0.635,-21.68,940,-28.10,R
,269641,1157,0,985,0.263,-0.79,0.583,20.39,23.79,-25.74,R
,269671,1184,0,815,0.322,-0.797,0.565,28.63,1.78,-32.19,R
,269681,1195,0,994,0.337,-0.78,0.556,34.20,989,-36.00,R
,269721,1233,0,990,0.316,-0.771,0.620,31.32,2.13,-36.53,R
,269751,1240,0,3808,0.245,-0.714,0.803,29.04,14.65,-41.11,R
,269761,1237,0,002,0.261,-0.71,0.898,-28.60,1.86,-39.58,R
,269951,1231,0,799,0.266,-0.649,0.856,8.33,-3.66,28.0,R
,269961,1229,0,4022,0.235,-0.663,0.860,7.19,-3.11,34.58,R
,269981,1219,0,4017,0.260,-0.701,0.858,1.52,-39.27,39.24,R
,269991,1227,0,813,0.265,-0.72,0.880,32.12,-3.49,38.6,R
,270011,1214,0,809,0.153,-0.739,0.892,5.46,-47.29,34.71,R
,270061,1246,0,4030,0.186,-0.722,0.786,5.69,-53.49,34.45,R
,270101,1212,0,032,0.095,-0.752,0.802,9.98,-29.50,49.07,R
,270111,1211,0,3807,0.140,-0.784,0.816,9.43,-2.13,49.47,R
,270121,1209,0,4045,0.094,-0.78,0.824,59.29,-3.28,49.7,R
,270141,1170,0,045,0.049,-0.744,0.670,8.25,-2.12,50.72,R
,270161,1175,0,047,0.006,-0.735,0.536,4.18,-17.12,68.22,R
,270181,1143,0,4047,0.069,-0.757,0.482,03.17,-11.41,78.04,R
,270211,1062,0,3803,0.108,-0.79,0.333,110.15,622,71.84,R
,270221,1033,0,026,0.098,-0.819,0.311,14.50,13.15,66.60,R
,270291,985,0,321,0.095,-0.847,0.245,17.11,3189,30.25,R
,270321,1031,0,4054,0.104,-0.77,0.310,130.76,5.36,4.7,R
,270331,1008,0,807,0.092,-0.750,0.347,27.95,5.57,-10.87,R
,270341,1009,0,4063,0.07,-0.75,0.377,24.13,50.37,-24.91,R
,270391,1007,0,806,-0.014,-0.63,0.653,91.48,4.79,-6635,R
,270401,992,0,4068,-0.033,-0.609,0.696,3.81,5141,-74.50,R
,270411,999,0,3807,-0.041,-0.56,0.718,94.22,5236,-82.29,R
,270481,1009,0,048,-0.123,-0.29,0.960,63.11,7.79,-96.58,R
,270521,1008,0,4067,-0.13,-0.19,1.099,80.42,10.56,-100.42,R
,270571,1023,0,3803,-0.178,-0.07,1.134,46.82,4.08,-104.55,R
,270601,1037,0,063,-0.124,-0.05,1.101,32.82,3.42,-110.97,R
,270611,1033,0,3802,-0.37,-0.03,1.104,26.83,3.73,-110.03,R
,270631,1023,0,799,-0.162,-0.13,1.152,25.40,3.92,-108.04,R
,270641,1023,0,985,-0.184,-0.13,1.162,31.29,3.13,-104.29,R
,270671,1023,0,3810,-0.167,-0.04,1.159,41.77,3.30,-10.85,R
,270721,1042,0,4041,-0.128,0.00,1.130,19.19,1673,-98.50,R
,270731,1045,0,3810,-0.135,0.01,1.138,19.66,1706,-95.93,R
,270761,1040,0,032,-0.133,0.066,1.123,3.95,18.99,-87.49,R
,270771,1033,0,3809,-0.154,0.09,1.118,24.15,1955,-85.57,R
,270781,1034,0,4026,-0.66,0.112,1.127,3.41,17.86,-83.57,R
,270791,1040,0,813,-0.165,0.11,1.123,23.66,1360,-83.43,R
,270821,1034,0,4023,-0.209,0.17,1.136,16.86,2.9,-84.33,R
,270851,1033,0,815,-0.235,0.185,1.154,7.72,1.73,-71.19,R
,270871,1023,0,814,-0.248,0.199,1.140,6.82,8.42,-58.59,R
,270881,1023,0,046,-0.244,0.20,1.136,31.38,9.8,-53.6,R
,270911,1035,0,3813,-0.199,0.225,1.044,7.05,1.78,-46.2,R
,270921,1035,0,4037,-0.93,0.22,1.027,35.11,2.9,-43.55,R
,270931,1040,0,3810,-0.186,0.215,1.006,4.64,2.94,-39.52,R
,270941,1042,0,4032,-0.155,0.21,0.996,4.62,1.98,-37.3,R
,270981,1038,0,4016,-0.64,0.21,0.971,51.14,8.9,-30.03,R
,271001,1038,0,3982,-0.190,0.223,0.966,1.38,9.3,-27.45,R
,271011,1038,0,3813,-0.85,0.21,0.956,51.23,8.6,-27.66,R
,271021,1030,0,4018,-0.190,0.20,0.937,48.44,6.3,-28.56,R
,271061,1009,0,060,-0.151,0.156,0.872,9.81,2.77,-25.6,R
,271101,1020,0,4080,-0.153,0.20,0.796,68.71,2030,-30.22,R
,271111,1019,0,3814,-0.176,0.20,0.794,70.01,2285,-30.39,R
,271131,1021,0,3810,-0.222,0.22,0.794,70.36,2686,-32.32,R
,271141,1009,0,4095,-0.53,0.22,0.833,72.27,2703,-34.10,R
,271161,1004,0,4095,-0.290,0.220,0.846,8.48,28.74,-37.16,R
,271171,1002,0,3811,-0.306,0.23,0.849,0.59,28.47,-38.5,R
,271241,967,0,4095,-0.320,0.265,0.861,18.07,1830,-40.97,R
,271251,966,0,309,-0.375,0.294,0.872,12.21,9.1,-46.47,R
,271341,921,0,4095,-0.37,0.455,0.864,9.85,15.11,-73.2,R
,271351,886,0,311,-0.301,0.457,0.911,16.68,-219,-82.87,R
,271361,948,0,495,-0.264,0.465,0.904,19.17,-2.05,-95.81,R
,271371,962,0,3803,-0.29,0.537,0.872,11.90,-19.15,-100.82,R
,271411,1010,0,803,-0.310,0.65,0.924,65.80,3157,-73.17,R
,271421,1015,0,4095,-0.425,0.594,0.895,8.38,39.90,-65.7,R
,271441,1023,0,4095,-0.481,0.66,0.853,7.78,30.80,-51.69,R
,271451,1035,0,803,-0.414,0.70,0.814,69.74,2271,-52.12,R
,271461,1021,0,4095,-0.371,0.723,0.761,6.25,1280,-54.64,R
,271471,1037,0,3803,-0.327,0.78,0.766,36.76,6.0,-55.49,R
,271481,1045,0,095,-0.412,0.67,0.751,17.64,2.3,-51.67,R
,271521,1058,0,095,-0.479,0.65,0.825,-17.38,2.52,-22.58,R
,271531,1007,0,3801,-0.517,0.631,0.836,20.42,3.44,-15.54,R
,271541,1018,0,4095,-0.36,0.628,0.823,-23.91,2.34,-10.18,R
,271561,1023,0,4095,-0.489,0.58,0.785,31.32,12.51,-7.3,R
,271571,1023,0,3803,-0.84,0.58,0.754,35.01,10.37,-4.3,R
,271581,1023,0,095,-0.477,0.59,0.719,42.71,14.53,-0.1,R
,271591,1023,0,3810,-0.77,0.56,0.723,54.48,1.96,2.8,R
,271611,1014,0,3802,-0.514,0.50,0.706,68.57,2.41,6.55,R
,271631,1040,0,802,-0.559,0.43,0.719,-79.27,1.47,8.14,R
,271641,1067,0,095,-0.543,0.41,0.729,80.94,12.76,10.36,R
,271661,1062,0,4095,-0.57,0.395,0.779,79.87,659,7.36,R
,271671,1059,0,3799,-0.575,0.37,0.841,-81.15,411,2.86,R
,271681,1015,0,4095,-0.84,0.358,0.931,72.04,164,2.02,R
,271771,929,0,3797,-0.47,0.302,0.869,-1.03,-56.62,-1148,R
,271821,817,0,4095,-0.440,0.302,0.812,-5.67,-555,13.73,R
,271981,1058,0,4095,-0.390,0.18,0.935,-29.82,-0.48,6.63,R
,272001,1040,0,4095,-0.402,0.20,0.966,-15.88,263,4.37,R
,272011,1047,0,806,-0.420,0.23,0.960,-13.59,1.41,4.46,R
,272021,1040,0,4095,-0.466,0.268,1.004,13.20,1.31,3.0,R
,272061,1035,0,4095,-0.54,0.216,0.911,14.07,-0.05,-5.78,R
,272071,1033,0,804,-0.413,0.20,0.892,-10.33,-0.10,-7.05,R
,272081,1022,0,4095,-0.368,0.187,0.874,-6.04,-1.88,-8.50,R
,272131,1088,0,803,-0.437,0.23,0.878,-1.29,-126,-10.61,R
,272141,1093,0,095,-0.430,0.217,0.885,10.07,-3.03,-13.90,R
,272161,1098,0,095,-0.417,0.19,0.937,14.69,-26.98,-16.25,R
,272171,1088,0,3799,-0.384,0.17,0.935,-10.33,-2.72,-12.84,R
,272181,1087,0,4095,-0.62,0.169,0.951,4.49,-1.60,-10.58,R
,272191,1052,0,3797,-0.57,0.160,0.937,.37,-0.11,-8.91,R
,272201,1067,0,095,-0.372,0.18,0.921,4.24,9.4,-7.34,R
,272211,1058,0,3798,-0.97,0.194,0.901,.83,14.10,-6.10,R
,272231,1091,0,3789,-0.412,0.20,0.883,1.41,5.4,-7.11,R
,272261,1055,0,4095,-0.411,0.19,0.904,-6.74,-1.40,-9.58,R
,272271,1049,0,3804,-0.20,0.208,0.930,6.40,-1.95,-8.2,R
,272331,1003,0,3803,-0.399,0.15,0.943,-7.97,1.4,-4.29,R
,272341,990,0,4095,-0.48,0.152,0.953,-.76,0.7,-4.47,
,272351,987,0,3801,-0.414,0.150,0.938,-.81,0.0,-3.37,R
,272371,1015,0,3785,-0.24,0.167,0.935,13.70,-3.55,-0.51,R
,272381,1002,0,4095,-0.416,0.16,0.941,15.62,-7.27,-3.42,R
,272391,1015,0,799,-0.427,0.15,0.949,14.48,-7.30,-3.4,R
,272421,1093,0,095,-0.403,0.13,0.892,1.57,4.6,-3.75,R
,272451,1088,0,3800,-0.08,0.139,0.875,.09,10.42,-5.17,R
,272501,1070,0,4095,-0.447,0.169,0.943,.05,-1.75,-6.24,R
,272511,1073,0,806,-0.437,0.16,0.941,.54,-0.31,-5.89,R
,272531,1086,0,807,-0.423,0.14,0.917,.86,3.98,-6.12,R
,272541,1097,0,4095,-0.423,0.14,0.896,.60,6.04,-5.57,R
,272561,1094,0,095,-0.433,0.16,0.879,9.41,6.8,-4.76,R
,272571,1091,0,806,-0.428,0.17,0.888,7.19,5.5,-4.90,R
,272581,1097,0,4095,-0.28,0.175,0.913,.32,2.70,-7.14,R
,272641,1089,0,4095,-0.442,0.18,0.902,0.42,-1.55,-2.29,R
,272651,1089,0,807,-0.427,0.17,0.897,0.42,-0.86,-1.00,R
,272661,1076,0,4095,-0.415,0.16,0.877,0.11,0.6,0.07,
,272671,1079,0,3808,-0.422,0.168,0.870,.44,2.7,1.42,R
,272701,1094,0,095,-0.455,0.19,0.912,-5.27,0.9,4.43,R
,272711,1042,0,3808,-0.460,0.18,0.917,7.91,-2.80,4.23,R
,272721,1023,0,095,-0.458,0.18,0.932,8.95,-5.98,4.58,R
,272731,1021,0,3809,-0.53,0.179,0.926,8.59,-7.43,5.18,R
,272791,1022,0,3806,-0.427,0.17,0.876,1.44,2.60,6.55,R
,272811,1035,0,808,-0.434,0.18,0.923,-5.67,-361,4.22,R
,272831,1087,0,809,-0.446,0.18,0.941,6.16,-737,4.58,R
,272841,1090,0,4095,-0.436,0.18,0.947,6.51,-7.85,4.74,R
,272861,1098,0,4095,-0.02,0.162,0.930,4.46,-6.47,6.33,R
,272871,1098,0,3797,-0.94,0.15,0.926,3.88,-3.85,6.97,R
,272881,1099,0,4095,-0.388,0.15,0.909,3.27,0.01,7.67,R
,272901,1104,0,095,-0.415,0.15,0.914,3.76,3.44,8.86,R
,272951,1112,0,3810,-0.19,0.138,0.931,1.38,-3.09,1.16,R
,272991,1120,0,3796,-0.406,0.13,0.910,3.52,0.1,-2.47,R
,273011,1117,0,3803,-0.411,0.15,0.919,3.32,1.0,-3.89,R
,273041,1111,0,4095,-0.416,0.177,0.925,.09,-2.85,-5.78,R
,273051,1103,0,3806,-0.416,0.17,0.949,2.85,-2.4,-6.71,R
,273071,1103,0,3811,-0.418,0.16,0.943,5.66,3.0,-7.29,
,273091,1099,0,3809,-0.417,0.17,0.931,0.30,7.50,-6.44,R
,273101,1099,0,4095,-0.425,0.183,0.905,2.15,8.51,-6.39,R
,273111,1095,0,3807,-0.45,0.20,0.887,8.53,7.4,-5.87,
,273121,1094,0,4095,-0.445,0.210,0.897,.36,3.1,-6.27,
,273131,1087,0,809,-0.430,0.19,0.906,.67,-2.39,-7.61,R
,273151,1011,0,3804,-0.423,0.177,0.903,0.92,-4.97,-7.57,R
,273171,1020,0,807,-0.413,0.16,0.910,0.66,2.59,-6.06,R
,273191,1004,0,809,-0.422,0.154,0.917,.84,9.72,-2.53,R
,273341,1074,0,095,-0.443,0.15,0.947,1.99,-1.95,-2.87,R
,273351,1085,0,808,-0.440,0.146,0.928,2.04,-4.11,-2.27,R
,273361,1082,0,095,-0.426,0.146,0.921,1.97,-224,-1.02,R
,273371,1082,0,3809,-0.425,0.142,0.908,1.53,0.3,-0.48,R
,273381,1092,0,4095,-0.408,0.127,0.888,2.02,4.4,-0.10,R
,273391,1093,0,826,-0.426,0.153,0.855,3.26,7.9,0.36,R
,273401,1088,0,4095,-0.27,0.17,0.834,-2.25,1277,1.44,R
,273411,1104,0,810,-0.479,0.160,0.920,5.97,1221,1.23,R
,273421,1105,0,4095,-0.454,0.13,0.953,5.61,5.00,-0.07,R
,273471,1134,0,3814,-0.48,0.13,0.913,-11.93,-7.69,2.48,R
,273521,1136,0,095,-0.408,0.112,0.880,7.59,-341,4.36,R
,273531,1145,0,813,-0.429,0.12,0.870,7.26,-3.41,4.55,R
,273551,1136,0,813,-0.429,0.136,0.918,5.81,-233,6.02,R
,273571,1136,0,3809,-0.30,0.12,0.943,5.97,-2.50,4.19,R
,273611,1131,0,3819,-0.422,0.107,0.889,.16,-2.9,1.79,R
,273621,1118,0,095,-0.406,0.108,0.881,.77,0.71,-0.32,R
,273651,1108,0,819,-0.399,0.133,0.946,.24,7.9,-7.23,R
,273661,1119,0,095,-0.421,0.137,0.941,6.03,4.0,-5.35,
,273671,1133,0,3811,-0.442,0.14,0.928,2.96,3.0,-5.49,R
,273691,1136,0,3807,-0.448,0.149,0.992,3.26,-416,-6.32,R
,273731,1116,0,3823,-0.98,0.14,0.928,.34,-6.98,-5.29,R
,273751,1123,0,3814,-0.374,0.135,0.930,.03,6.4,-5.32,R
,273771,1126,0,3808,-0.26,0.15,0.940,0.26,10.83,-4.58,R
,273851,1146,0,809,-0.402,0.081,0.929,12.34,1.41,4.71,R
,273871,1147,0,3810,-0.421,0.091,0.892,10.04,570,5.18,R
,273901,1136,0,095,-0.459,0.119,0.893,-15.15,-2.48,4.5,R
,273931,1141,0,804,-0.448,0.10,0.929,-12.16,-6.42,0.46,R
,273941,1152,0,4095,-0.431,0.10,0.934,-9.32,-376,-0.2,R
,273961,1139,0,4095,-0.427,0.097,0.924,5.07,-007,-0.76,R
,273971,1150,0,3807,-0.24,0.08,0.896,1.94,1.05,-1.09,R
,274011,1162,0,3813,-0.28,0.08,0.917,1.46,3.61,-0.47,R
,274041,1161,0,095,-0.425,0.094,0.885,.94,-2.79,-3.46,R
,274071,1161,0,3811,-0.409,0.08,0.910,5.99,-4.71,-8.19,R
,274091,1165,0,808,-0.407,0.09,0.937,.37,-2.56,-8.39,R
,274111,1179,0,810,-0.402,0.093,0.946,0.65,-018,-8.65,R
,274151,1184,0,3806,-0.440,0.112,0.959,3.09,2.1,-7.35,R
,274161,1171,0,095,-0.439,0.111,0.958,3.26,1.1,-6.96,R
,274231,1178,0,3805,-0.430,0.09,0.893,13.92,4.4,-3.78,R
,274241,1168,0,4095,-0.437,0.107,0.902,4.41,3.4,-2.94,R
,274261,1167,0,4095,-0.451,0.12,0.907,11.35,-047,-4.80,R
,274301,1170,0,4095,-0.425,0.121,0.915,7.66,0.10,-5.52,R
,274321,1162,0,095,-0.418,0.13,0.898,0.97,6.85,-5.72,R
,274381,1178,0,095,-0.429,0.181,0.911,5.49,-3.69,-5.60,R
,274431,1202,0,810,-0.422,0.14,0.914,13.45,-0.13,-2.8,R
,274441,1183,0,4095,-0.432,0.15,0.905,3.89,2.30,-2.15,R
,274451,1174,0,3808,-0.434,0.14,0.881,15.02,3.3,-1.60,R
,274461,1185,0,095,-0.433,0.16,0.872,6.09,3.73,-1.20,R
,274531,1185,0,3810,-0.435,0.174,0.929,.45,0.80,-8.21,R
,274551,1206,0,3818,-0.403,0.22,0.919,14.47,6.8,-5.29,R
,274561,1213,0,4095,-0.402,0.21,0.918,12.91,9.9,-5.14,R
,274571,1203,0,806,-0.391,0.21,0.922,10.03,1013,-5.49,R
,274601,1193,0,4095,-0.476,0.254,1.005,3.14,5.2,0.97,R
,274611,1190,0,817,-0.460,0.24,0.998,7.30,-3.87,3.21,R
,274631,1196,0,3813,-0.438,0.20,1.012,-15.91,-2.19,6.6,R
,274641,1199,0,4095,-0.429,0.18,1.013,18.66,-9.70,10.84,R
,274671,1187,0,815,-0.431,0.15,0.926,-17.97,7.78,22.4,R
,274721,1168,0,095,-0.473,0.16,0.832,7.26,-0.27,11.78,R
,274741,1170,0,4095,-0.472,0.165,0.856,1.59,-399,6.28,R
,274751,1168,0,3816,-0.458,0.14,0.858,.33,-6.48,3.62,R
,274761,1151,0,4095,-0.452,0.14,0.858,4.04,-7.4,1.20,R
,274781,1168,0,095,-0.430,0.12,0.864,10.76,-4.40,-0.7,R
,274791,1166,0,3814,-0.11,0.127,0.875,3.06,-1.29,-0.8,R
,274801,1173,0,4095,-0.399,0.12,0.884,8.41,2.63,-1.19,R
,274831,1168,0,812,-0.485,0.23,0.892,22.18,7.31,1.49,
,274851,1169,0,811,-0.466,0.21,0.914,.63,-13.64,-1.93,R
,274871,1136,0,3819,-0.464,0.20,0.941,2.62,-2447,-4.88,R
,274921,1135,0,095,-0.400,0.19,0.940,.06,-1.26,1.10,R
,274931,1159,0,813,-0.388,0.19,0.952,5.77,-1.9,1.97,R
,274941,1139,0,4095,-0.395,0.20,0.933,.07,-3.87,2.57,R
,275031,1161,0,811,-0.354,0.19,0.937,33.70,-14.98,11.39,R
,275051,1157,0,3815,-0.341,0.16,0.913,32.98,-9.85,15.39,R
,275071,1152,0,806,-0.307,0.14,0.874,32.80,-6.14,16.83,R
,275081,1158,0,4095,-0.330,0.169,0.861,-34.75,-.67,16.13,R
,275091,1158,0,3814,-0.352,0.179,0.872,35.99,-.04,17.12,R
,275121,1168,0,095,-0.404,0.19,0.970,-36.05,-.28,11.84,R
,275131,1168,0,813,-0.439,0.19,0.997,35.32,-6.86,9.1,R
,275151,1174,0,3819,-0.431,0.16,0.958,-28.34,-3.40,6.95,R
,275181,1168,0,4095,-0.355,0.092,0.935,25.91,-12.31,6.2,R
,275191,1168,0,819,-0.339,0.06,0.912,-26.11,-.30,4.37,R
,275211,1185,0,3813,-0.11,0.044,0.903,20.57,-.04,3.56,R
,275221,1178,0,4095,-0.343,0.06,0.883,-17.70,225,4.29,R
,275241,1186,0,095,-0.363,0.08,0.913,-18.80,544,5.07,R
,275301,1299,0,095,-0.387,0.04,0.963,0.51,0.2,-11.14,R
,275351,1295,0,813,-0.373,0.04,0.906,13.58,2789,-9.90,R
,275361,1233,0,095,-0.425,0.06,0.890,13.92,2895,-6.68,R
,275371,1241,0,817,-0.447,0.08,0.892,.07,20.68,-6.07,R
,275401,1227,0,095,-0.448,0.097,0.932,-2.14,-1.42,-15.26,R
,275421,1222,0,095,-0.427,0.07,0.977,.79,-3.93,-13.4,R
,275451,1209,0,3815,-0.52,0.066,1.009,.15,5.0,-9.02,R
,275471,1210,0,3811,-0.34,0.052,0.971,.58,-2.5,-5.29,R
,275501,1182,0,4095,-0.400,0.04,0.884,2.28,3.28,-2.19,R
,275521,1168,0,4095,-0.32,0.073,0.861,.48,5.57,-1.74,
,275551,1174,0,824,-0.438,0.07,0.926,1.65,-8.47,-6.29,R
,275561,1179,0,4095,-0.22,0.080,0.950,0.08,-1.66,-6.0,R
,275581,1113,0,4095,-0.01,0.078,1.007,.22,-5.5,-3.17,R
,275641,1170,0,095,-0.366,0.06,0.914,.47,-1.12,-2.09,R
,275661,1177,0,4095,-0.384,0.08,0.914,3.86,3.4,-3.31,R
,275671,1162,0,3821,-0.393,0.09,0.905,5.90,3.57,-2.64,R
,275681,1150,0,4095,-0.92,0.097,0.902,15.93,1.8,-2.70,R
,275701,1146,0,4095,-0.00,0.11,0.915,2.86,-5.92,-3.4,R
,275721,1203,0,095,-0.365,0.10,0.929,.22,-12.69,-3.02,R
,275761,1218,0,095,-0.334,0.10,0.959,3.40,2.48,0.69,
,275811,1249,0,3815,-0.69,0.13,0.943,13.22,-2.91,-1.31,R
,275841,1253,0,4095,-0.334,0.11,0.954,7.96,0.4,-1.96,R
,275851,1245,0,818,-0.26,0.10,0.957,8.39,2.7,-2.38,R
,275861,1260,0,4095,-0.337,0.11,0.953,19.92,6.31,-1.60,R
,275871,1254,0,3820,-0.47,0.11,0.938,0.62,10.28,0.08,R
,275921,1248,0,095,-0.11,0.17,0.938,5.64,5.14,0.20,R
,275981,1242,0,4095,-0.396,0.17,0.935,4.79,1048,1.65,R
,276001,1238,0,4095,-0.95,0.181,0.919,14.12,1445,2.51,R
,276021,1242,0,095,-0.435,0.19,0.907,0.56,16.41,5.09,R
,276051,1232,0,3824,-0.453,0.206,0.902,.28,5.8,6.39,R
,276061,1226,0,4095,-0.456,0.212,0.905,2.50,4.3,6.29,R
,276091,1213,0,802,-0.448,0.200,0.892,.20,4.91,6.39,R
,276111,1213,0,3824,-0.38,0.19,0.894,.70,5.21,7.61,R
,276121,1216,0,4095,-0.434,0.179,0.906,1.23,4.1,7.70,R
,276141,1299,0,4095,-0.444,0.19,0.908,4.16,3.18,10.37,R
,276161,1296,0,4095,-0.50,0.209,0.922,9.35,-072,12.5,R
,276221,1310,0,4095,-0.97,0.17,0.923,12.54,-4.77,11.45,R
,276231,1311,0,824,-0.383,0.164,0.929,8.95,-175,11.9,R
,276241,1302,0,4095,-0.387,0.18,0.929,7.59,1.69,10.58,R
,276251,1296,0,821,-0.389,0.179,0.935,7.75,2.6,8.55,
,276261,1290,0,4095,-0.402,0.186,0.938,6.16,2.0,6.63,
,276271,1275,0,3824,-0.400,0.192,0.953,3.20,1.9,5.71,R
,276281,1293,0,4095,-0.403,0.198,0.940,1.27,1.8,4.84,
,276301,1312,0,095,-0.397,0.199,0.960,2.49,-088,1.29,R
,276311,1313,0,3819,-0.397,0.18,0.946,2.19,-1.89,-0.53,R
,276331,1293,0,3817,-0.99,0.18,0.955,2.80,-0.51,-0.30,R
,276361,1322,0,095,-0.367,0.169,0.894,0.23,-007,-1.9,R
,276371,1321,0,824,-0.368,0.160,0.929,0.15,1.82,-2.10,R
,276391,1319,0,824,-0.91,0.14,0.909,1.38,7.11,-3.32,R
,276441,1333,0,4095,-0.393,0.12,0.929,2.71,8.82,-1.23,R
,276461,1318,0,4095,-0.22,0.14,0.874,.82,9.63,-0.74,R
,276471,1322,0,3824,-0.34,0.16,0.880,.00,10.59,0.34,R
,276501,1310,0,4095,-0.45,0.16,0.897,0.25,5.79,-0.25,R
,276561,1322,0,4095,-0.459,0.16,0.912,.22,11.32,-0.53,R
,276591,1350,0,3823,-0.476,0.16,0.886,.47,9.24,-2.67,R
,276601,1351,0,095,-0.478,0.159,0.876,.70,7.92,-3.90,R
,276611,1367,0,827,-0.477,0.165,0.884,.63,5.44,-3.57,R
,276661,1360,0,095,-0.460,0.15,0.883,5.52,5.7,-7.90,
,276671,1360,0,3827,-0.459,0.15,0.873,7.57,6.70,-7.63,R
,276691,1350,0,3824,-0.59,0.16,0.885,5.93,5.1,-9.23,
,276731,1343,0,826,-0.452,0.174,0.911,.88,-2.62,-9.17,R
,276771,1341,0,3824,-0.436,0.16,0.925,.39,3.73,-9.89,R
,276791,1343,0,3830,-0.40,0.16,0.928,.45,7.26,-11.09,R
,276801,1343,0,4095,-0.84,0.18,0.911,.86,6.44,-9.77,R
,276851,1364,0,3824,-0.444,0.177,0.883,.80,3.3,-8.32,R
,276861,1366,0,4095,-0.43,0.17,0.880,.25,5.78,-6.19,R
,276871,1363,0,3827,-0.54,0.18,0.865,.51,7.12,-5.78,R
,276901,1361,0,4095,-0.480,0.20,0.890,0.68,2.27,-5.90,R
,276911,1374,0,817,-0.477,0.18,0.896,1.61,-0.80,-7.14,R
,276921,1365,0,095,-0.480,0.18,0.905,2.16,-2.86,-7.19,R
,276931,1363,0,3824,-0.75,0.18,0.912,1.04,-2.28,-6.03,R
,276961,1375,0,4095,-0.464,0.158,0.909,-1.85,5.1,-3.57,R
,277001,1377,0,4095,-0.450,0.145,0.879,2.25,6.3,-1.87,R
,277021,1366,0,095,-0.483,0.166,0.901,3.17,1028,-3.40,R
,277031,1360,0,826,-0.493,0.178,0.905,1.49,7.8,-3.29,R
,277041,1341,0,095,-0.497,0.18,0.896,-2.17,4.6,-4.91,R
,277071,1346,0,3824,-0.479,0.180,0.918,0.56,2.4,-8.19,
,277101,1360,0,095,-0.464,0.153,0.894,.39,7.0,-5.45,R
,277121,1367,0,095,-0.445,0.148,0.903,0.94,7.3,-4.88,R
,277151,1345,0,3825,-0.94,0.16,0.873,2.16,7.21,-0.97,R
,277161,1337,0,4095,-0.06,0.17,0.867,3.82,4.3,-0.84,R
,277181,1342,0,4095,-0.502,0.177,0.873,7.32,-230,-3.37,R
,277191,1330,0,825,-0.505,0.16,0.888,7.82,-3.17,-3.89,R
,277201,1327,0,095,-0.499,0.152,0.889,6.63,-2.24,-3.2,R
,277211,1331,0,3829,-0.484,0.143,0.886,4.63,0.63,-2.85,R
,277221,1328,0,4095,-0.484,0.150,0.890,2.81,3.70,-2.39,R
,277251,1328,0,3835,-0.522,0.15,0.889,1.99,10.05,1.06,R
,277271,1296,0,3835,-0.41,0.16,0.905,5.39,2.62,1.15,
,277301,1323,0,4095,-0.524,0.164,0.880,4.84,-016,-2.93,R
,277341,1327,0,4095,-0.10,0.13,0.871,1.20,4.13,-1.45,R
,277361,1271,0,4095,-0.487,0.124,0.873,5.35,2.53,0.22,R
,277421,1237,0,095,-0.460,0.174,0.934,.09,20.18,0.84,R
,277431,1207,0,831,-0.461,0.173,0.928,0.01,23.72,1.23,R
,277451,1219,0,3825,-0.505,0.14,1.004,-6.11,1476,-2.22,R
,277461,1274,0,4095,-0.550,0.10,1.006,-6.77,6.2,2.97,R
,277501,1384,0,4095,-0.366,0.12,0.776,17.48,6.1,44.62,R
,277511,1387,0,831,-0.346,0.23,0.808,7.69,28.1,44.39,R
,277521,1386,0,095,-0.408,0.25,0.801,-6.95,4053,37.8,R
,277531,1378,0,3825,-0.480,0.224,0.808,19.58,3.43,30.20,R
,277551,1392,0,3834,-0.38,0.21,0.894,-26.04,23.41,25.5,R
,277571,1350,0,830,-0.733,0.22,0.951,-27.88,331,30.6,R
,277581,1328,0,4095,-0.705,0.21,0.975,-27.96,-.16,36.20,R
,277591,1307,0,827,-0.658,0.19,0.981,-31.01,-5.05,38.13,R
,277601,1283,0,095,-0.603,0.17,1.005,28.23,-16.42,4042,R
,277611,1225,0,838,-0.607,0.215,1.005,26.28,-10.79,43.71,R
,277621,1218,0,095,-0.653,0.232,1.013,27.15,-3.93,49.24,R
,277631,1220,0,3828,-0.89,0.22,1.040,25.90,-.48,54.95,R
,277651,1214,0,836,-0.723,0.23,1.058,-20.04,-.85,66.04,R
,277661,1212,0,4095,-0.740,0.26,1.062,-14.95,-0.10,74.40,R
,277671,1205,0,3828,-0.729,0.292,1.066,13.49,-6.63,82.5,R
,277681,1209,0,4095,-0.714,0.305,1.058,13.99,-.44,87.55,R
,277701,1202,0,095,-0.726,0.302,1.052,19.41,-5.93,93.2,R
,277711,1201,0,3830,-0.713,0.29,1.066,20.86,-9.66,95.55,R
,277781,1171,0,095,-0.703,0.406,0.831,4.92,-7.27,122.66,R
,277791,1178,0,822,-0.719,0.43,0.790,-3.33,-189,126.55,R
,277801,1146,0,4095,-0.735,0.462,0.750,2.86,-0.57,131.5,R
,277811,1130,0,837,-0.742,0.443,0.715,4.98,-1.32,137.96,R
,277831,1135,0,3833,-0.674,0.44,0.649,.30,-2.79,148.40,R
,277871,1104,0,840,-0.556,0.405,0.488,1.65,6.66,157.62,R
,277881,1088,0,095,-0.515,0.37,0.478,-4.10,1276,161.62,R
,277891,1067,0,831,-0.528,0.342,0.469,.93,19.09,168.62,R
,277951,1069,0,3840,-0.320,0.211,0.511,5.68,44.77,156.43,R
,277961,1073,0,094,-0.302,0.193,0.511,12.26,46.37,155.41,R
,277971,1075,0,841,-0.249,0.181,0.565,17.90,50.01,153.79,R
,277991,1072,0,3841,-0.15,0.14,0.600,-20.55,4.63,141.04,R
,278001,1070,0,082,-0.199,0.129,0.650,15.64,4.37,129.56,R
,278011,1063,0,3825,-0.216,0.161,0.659,8.88,50.44,117.79,R
,278031,1063,0,850,-0.238,0.173,0.662,1.49,55.63,98.62,R
,278051,1067,0,3843,-0.91,0.20,0.709,-8.31,6857,94.65,R
,278081,1053,0,3914,-0.328,0.220,0.822,15.96,7.83,88.63,R
,278101,1062,0,917,-0.271,0.226,0.861,8.28,60.86,72.3,R
,278111,1055,0,3855,-0.72,0.24,0.860,-5.01,5428,61.38,R
,278121,1055,0,901,-0.257,0.237,0.847,3.68,50.77,52.4,R
,278151,1059,0,855,-0.267,0.283,0.849,2.63,69.96,39.8,R
,278171,1021,0,3858,-0.302,0.28,0.912,-11.52,7.37,31.18,R
,278221,1007,0,875,-0.333,0.361,0.977,1.56,27.28,3.50,R
,278231,1093,0,3856,-0.60,0.39,0.968,2.53,29.7,-0.18,R
,278271,1104,0,860,-0.458,0.448,0.919,4.94,40.68,-4.9,R
,278281,1105,0,3888,-0.60,0.44,0.921,4.65,4010,-5.16,R
,278291,1090,0,3857,-0.459,0.43,0.916,5.03,39.50,-5.2,R
,278311,1088,0,3856,-0.03,0.37,0.896,-8.23,3899,-7.51,R
,278321,1077,0,3869,-0.418,0.318,0.891,6.10,4170,-8.71,R
,278331,1069,0,3858,-0.452,0.30,0.866,11.32,4728,-3.08,R
,278341,1075,0,3884,-0.23,0.43,0.794,-1.01,4744,-11.84,R
,278371,1083,0,3861,-0.65,0.39,0.999,-8.23,3700,-18.74,R
,278391,1111,0,870,-0.531,0.484,1.156,8.23,23.05,-22.1,R
,278421,1121,0,3890,-0.571,0.47,0.929,8.62,-1.05,-21.93,R
,278431,1119,0,863,-0.385,0.548,0.826,6.19,0.80,-31.00,R
,278451,1133,0,3857,-0.603,0.511,0.824,3.74,3.90,-18.67,R
,278461,1138,0,3898,-0.388,0.717,0.422,35.35,55.92,8.84,R
,278471,1147,0,841,-0.379,0.46,0.600,45.25,1666,-20.65,R
,278531,822,0,3845,-0.550,0.450,0.764,111,17.18,-11.60,R
,278551,709,0,3856,-0.555,0.467,0.784,-.39,16.31,-5.46,R
,278631,666,0,357,-0.504,0.438,0.792,-.53,42.36,14.02,R
,278641,709,0,385,-0.515,0.454,0.771,-.38,48.50,15.87,R
,278661,787,0,3885,-0.57,0.479,0.751,-2.19,51.08,15.56,R
,278681,785,0,3899,-0.590,0.484,0.733,-6.05,39.14,10.68,R
,278731,784,0,3858,-0.573,0.422,0.770,-4.22,24.10,10.78,R
,278861,842,0,3958,-0.56,0.346,1.022,-3.30,-5.29,41.3,R
,278911,737,0,3854,-0.48,0.206,1.170,-24.04,-24.79,10.86,R
,278961,720,0,3954,-0.46,0.027,1.327,-23.65,-49.32,-18.06,R
,278981,779,0,3975,-0.530,-0.06,1.300,127.04,55.81,-28.33,R
,279001,795,0,402,-0.494,-0.00,1.302,124.97,69.41,-46.85,R
,279011,870,0,3853,-0.54,0.054,1.239,-27.75,-5.01,-54.29,R
,279021,880,0,3984,-0.50,0.043,1.232,-30.28,-9.03,-60.22,R
,279031,864,0,3851,-0.607,0.100,1.210,-31.61,-82.74,-65.80,R
,279061,1046,0,3994,-0.64,0.085,1.202,156.81,-96.25,-78.19,R
,279071,1055,0,3856,-0.68,0.06,1.196,-160.43,-103.89,80.27,R
,279081,1052,0,4018,-0.78,0.050,1.199,159.97,110.33,-78.30,R
,279091,1047,0,3853,-0.674,0.04,1.170,152.48,114.91,-75.55,R
,279121,1040,0,4016,-0.75,0.060,1.042,147.64,-118.79,-72.25,R
,279141,867,0,3974,-0.52,0.005,0.983,-58.31,-20.07,-77.28,R
,279161,812,0,4001,-0.58,-0.040,0.934,154.02,127.12,-74.00,R
,279191,800,0,356,-0.420,-0.09,0.891,-136.31,-127.69,64.61,R
,279201,771,0,390,-0.406,-0.09,0.851,133.96,-125.23,-60.97,R
,279221,767,0,3993,-0.356,-0.13,0.815,-125.62,-117.14,53.00,R
,279231,766,0,3853,-0.37,-0.161,0.790,122.55,-115.40,-50.10,R
,279251,755,0,3847,-0.298,-0.21,0.757,-113.14,-107.66,-37.06,R
,279291,759,0,3856,-0.156,-0.32,0.662,-77.27,-90.85,-2.61,R
,279301,756,0,379,-0.135,-0.36,0.624,68.45,-85.23,-18.73,R
,279311,784,0,3861,-0.115,-0.36,0.614,-59.49,-78.16,-1.58,R
,279331,751,0,356,-0.084,-0.37,0.582,-45.33,-65.09,-456,R
,279341,720,0,3995,-0.07,-0.404,0.576,38.45,-57.30,1.56,R
,279361,752,0,3978,-0.018,-0.43,0.562,-31.10,-47.40,6.43,R
,279491,770,0,357,0.10,-0.600,0.616,-5.76,-23.67,13.81,R
,279501,770,0,3978,0.10,-0.595,0.619,-3.70,-2.49,11.20,R
,279521,757,0,365,0.11,-0.610,0.615,-7.61,-2.60,7.59,R
,279561,768,0,3950,0.16,-0.611,0.613,-6.68,-7.00,8.78,
,279571,768,0,385,0.16,-0.622,0.636,-.56,-3.23,6.48,R
,279581,781,0,352,0.16,-0.637,0.645,-.84,-2.2,3.67,R
,279621,764,0,3937,0.14,-0.703,0.667,-.09,-7.44,-9.19,R
,279651,768,0,3859,0.10,-0.714,0.676,1.53,3.38,-1.06,R
,279751,778,0,3891,0.11,-0.769,0.643,-.94,-3.75,-25.14,R
,279781,816,0,3921,0.13,-0.763,0.632,-.93,9.35,-24.74,R
,279811,816,0,3871,0.12,-0.742,0.639,-.17,30.2,-17.64,R
,279841,773,0,316,0.13,-0.697,0.676,222,34.6,-16.76,R
,279851,766,0,3882,0.15,-0.694,0.675,-.98,30.1,-22.06,R
,279881,735,0,329,0.15,-0.714,0.699,-8.84,8.0,-39.02,R
,279901,705,0,321,0.13,-0.722,0.719,-7.43,4.8,-45.05,R
,279961,697,0,387,0.15,-0.711,0.752,-.26,18.48,-38.53,R
,280041,567,0,3879,0.24,-0.701,0.743,-5.76,12.22,-42.3,R
,280051,565,0,382,0.20,-0.664,0.753,-6.51,2086,-36.10,R
,280061,614,0,381,0.17,-0.637,0.734,-2.01,25.14,-33.8,R
,280081,817,0,3887,0.19,-0.663,0.766,-3.18,12.05,-38.1,R
,280181,851,0,3883,0.29,-0.691,0.777,-7.55,-21.38,-37.78,R
,280191,859,0,386,0.32,-0.709,0.764,-0.16,-3.90,-43.38,R
,280211,912,0,371,0.40,-0.766,0.740,-3.55,-30.16,-3641,R
,280221,918,0,3884,0.36,-0.720,0.743,-.84,-1324,-28.25,R
,280261,941,0,3873,0.32,-0.605,0.834,-.62,28.04,-5.19,R
,280301,893,0,372,0.24,-0.671,1.059,-3.18,-1.60,-6.6,R
,280371,659,0,3885,0.25,-0.639,0.957,-4.20,-5.78,28.04,R
,280431,731,0,392,0.29,-0.693,0.878,1.71,-13.46,34.42,R
,280511,749,0,380,0.22,-0.743,0.807,2.53,-10.92,41.6,R
,280571,770,0,379,0.20,-0.805,0.705,-.12,-49.03,33.8,R
,280711,617,0,388,0.07,-0.703,0.495,3.84,-13.96,15.56,R
,280721,576,0,3851,0.09,-0.714,0.484,3.97,-14.21,11.23,R
,280731,563,0,399,0.10,-0.682,0.475,3.25,-12.69,8.11,R
,280761,499,0,351,0.09,-0.669,0.380,2.14,-22.28,4.52,R
,280791,569,0,3909,0.13,-0.631,0.312,-.79,-20.36,-8.79,R
,280801,601,0,3858,0.12,-0.654,0.337,-4.66,-24.80,-18.22,R
,280841,631,0,3840,0.12,-0.748,0.370,-9.12,-27.99,-10.77,R
,280851,647,0,391,0.16,-0.815,0.413,-0.23,-16.08,-7.17,R
,280941,714,0,3843,0.12,-0.709,0.458,154,48.60,-4.44,R
,280971,715,0,3893,0.18,-0.775,0.560,-1.12,27.72,-19.87,R
,281061,931,0,334,0.21,-0.787,0.603,-0.57,25.92,-34.8,R
,281071,892,0,383,0.24,-0.840,0.605,-5.46,8.86,-42.3,R
,281081,898,0,3840,0.28,-0.869,0.638,-2.63,-6.05,-46.4,R
,281091,891,0,3891,0.29,-0.871,0.612,-4.17,-7.89,-45.6,R
,281111,925,0,303,0.31,-0.776,0.573,-.34,29.02,-34.21,R
,281161,970,0,329,0.33,-0.769,0.646,-41.97,3.8,-45.02,R
,281211,1017,0,3921,0.38,-0.655,0.643,35.04,30.22,-22.44,R
,281241,1003,0,831,0.37,-0.74,0.975,-41.70,2.15,-24.96,R
,281261,1050,0,829,0.23,-0.782,1.245,32.71,12.83,-1580,R
,281271,1113,0,3898,0.18,-0.715,1.367,32.65,21.32,-4.4,R
,281311,1120,0,3888,0.25,-0.738,1.464,4.97,2.15,3.96,
,281341,1055,0,3838,0.30,-0.671,1.110,0.19,-10.25,8.08,R
,281371,969,0,3921,0.38,-0.727,0.901,389,-17.24,16.74,R
,281431,955,0,3903,0.32,-0.704,0.709,419,-29.11,23.76,R
,281451,915,0,3914,0.29,-0.739,0.714,632,-29.6,22.94,R
,281471,912,0,305,0.26,-0.747,0.708,1.59,-30.80,26.04,R
,281571,721,0,3925,0.14,-0.770,0.738,1.79,-22.63,28.23,R
,281591,750,0,3915,0.13,-0.754,0.727,803,-38.98,22.83,R
,281691,771,0,3932,0.09,-0.862,0.342,2.14,-52.16,-10.24,R
,281721,785,0,3824,0.17,-0.842,0.083,1.54,-61.01,-26.44,R
,281731,781,0,3937,0.235,-0.890,0.027,645,-54.16,-25.7,R
,281751,830,0,3929,0.29,-0.844,-0.036,7.84,-25.90,-16.61,R
,281781,842,0,3820,0.14,-0.841,-0.001,29.79,31.12,-1323,R
,281871,750,0,352,0.21,-0.810,0.334,-3.85,36.37,-22.71,R
,281911,774,0,3930,0.23,-0.874,0.459,-4.84,45.53,-32.99,R
,281941,832,0,3809,0.23,-0.844,0.447,-5.67,48.18,-36.1,R
,282031,958,0,3942,0.23,-0.633,0.312,-.14,45.87,-62.39,R
,282111,757,0,3952,0.11,-0.022,0.657,2.82,100.53,-23.8,R
,282121,762,0,3819,-0.17,-0.116,0.656,2.28,121.47,-4.2,R
,282131,727,0,352,-0.121,-0.08,0.841,5.60,124.92,10.36,R
,282141,720,0,3798,-0.00,-0.10,1.009,6.62,127.37,26.4,R
,282161,682,0,309,-0.013,-0.33,1.350,6.51,107.00,34.86,R
,282211,891,0,3909,0.35,-0.646,1.679,5.76,92.51,71.49,R
,282221,869,0,3809,0.41,-0.724,1.648,5.34,86.27,72.78,R
,282301,823,0,3799,0.41,-0.978,1.206,5.48,14.5,36.16,R
,282371,786,0,3969,0.19,-0.854,1.019,2.41,-3277,23.18,R
,282421,816,0,3808,0.14,-0.726,0.977,1.81,-2956,28.37,R
,282441,806,0,3814,0.06,-0.673,0.958,564,-41.21,25.45,R
,282471,798,0,3956,0.01,-0.636,0.981,775,-43.53,26.81,R
,282491,805,0,3947,-0.00,-0.623,0.966,0.07,-4.01,27.13,R
,282551,784,0,385,0.01,-0.630,0.722,2.44,-6932,19.30,R
,282571,624,0,3993,-0.009,-0.59,0.552,32.22,-54.05,20.6,R
,282581,503,0,304,-0.030,-0.57,0.506,6.32,-45.41,22.23,R
,282591,496,0,3982,-0.023,-0.57,0.434,38.57,-40.71,22.8,R
,282621,506,0,3809,0.09,-0.567,0.292,2.43,-5036,4.39,R
,282681,478,0,3819,0.13,-0.626,0.187,-.10,7.73,8.33,R
,282751,509,0,355,0.04,-0.642,0.555,-3.23,2279,-4.91,R
,282761,509,0,307,0.04,-0.665,0.592,-7.90,1947,-6.44,R
,282831,662,0,398,-0.06,-0.76,0.774,-0.89,31.50,-10.2,R
,282901,615,0,392,0.12,-0.688,0.693,-1.55,50.45,-24.71,R
,282951,639,0,3969,0.12,-0.718,0.754,-0.28,1086,-46.12,R
,283021,749,0,3813,0.28,-0.631,0.751,-9.76,1776,-42.61,R
,283031,742,0,4004,0.23,-0.653,0.845,-6.57,30.60,-36.68,R
,283071,703,0,318,0.06,-0.694,1.454,-5.99,31.41,-16.35,R
,283111,695,0,3988,0.12,-0.571,1.595,-.01,12.3,-10.90,R
,283131,673,0,413,0.18,-0.527,1.455,668,7.40,-1.00,R
,283171,580,0,4000,0.27,-0.591,1.087,737,-12.2,3.47,R
,283191,576,0,3996,0.22,-0.565,1.002,1.69,-12.92,10.89,R
,283201,576,0,3808,0.22,-0.555,0.945,1.07,-1566,14.55,R
,283241,528,0,309,0.16,-0.593,0.915,264,-29.56,22.80,R
,283281,543,0,327,0.18,-0.616,0.891,1.45,-26.08,33.7,R
,283291,537,0,351,0.17,-0.619,0.878,1.96,-2624,33.45,R
,283331,538,0,3983,0.12,-0.623,0.887,520,-41.7,30.48,R
,283401,598,0,3814,-0.04,-0.63,0.868,0.39,-34.80,39.8,R
,283421,532,0,3808,-0.002,-0.67,0.830,16.59,-47.21,36.7,R
,283431,528,0,406,-0.01,-0.706,0.794,5.09,-53.53,32.0,R
,283441,546,0,309,0.00,-0.681,0.748,2.38,-5614,30.45,R
,283481,537,0,3808,0.01,-0.646,0.460,4.07,-53.24,30.39,R
,283551,634,0,3998,0.17,-0.764,0.237,598,-54.2,-4.42,R
,283571,641,0,4002,0.15,-0.725,0.150,-.46,-6.57,2.77,R
,283621,695,0,310,0.05,-0.823,0.411,827,22.70,4.68,R
,283651,698,0,390,0.06,-0.844,0.553,-8.34,2091,-18.73,R
,283751,748,0,4003,0.11,-0.785,0.570,-7.68,5404,-47.61,R
,283841,704,0,311,0.07,-0.650,0.508,-21.88,2714,-92.64,R
,283861,705,0,3814,0.03,-0.499,0.438,-1.04,38.65,-90.36,R
,283881,709,0,3818,-0.024,-0.30,0.404,0.35,53.61,-83.7,R
,283901,641,0,3813,-0.13,-0.099,0.470,8.70,6535,-71.57,R
,283951,647,0,396,-0.27,0.051,1.124,-.72,11241,15.90,R
,283981,662,0,3819,-0.17,-0.068,1.571,4.77,10.50,67.36,R
,283991,663,0,4016,-0.06,-0.16,1.689,13.63,86.85,64.4,R
,284071,685,0,407,0.48,-0.882,1.440,4.97,42.92,60.14,R
,284121,685,0,310,0.38,-0.963,1.283,6.76,3.12,29.81,R
,284131,679,0,430,0.32,-0.921,1.258,5.25,-2.19,25.64,R
,284221,623,0,3817,-0.03,-0.665,1.053,6.41,-31.15,24.80,R
,284231,590,0,4042,-0.011,-0.64,1.049,1.32,-37.69,26.2,R
,284271,590,0,426,-0.03,-0.525,1.012,6.59,-29.24,21.27,R
,284291,578,0,4047,-0.13,-0.498,0.994,0.74,-33.17,22.34,R
,284301,577,0,3811,-0.29,-0.49,0.985,.61,-39.17,21.33,R
,284311,602,0,4051,-0.183,-0.55,0.993,3.41,-5456,18.65,R
,284331,598,0,4073,-0.113,-0.47,0.860,25.63,-7.85,17.2,R
,284341,617,0,392,-0.09,-0.45,0.785,5.17,-77.98,14.0,R
,284391,602,0,4048,-0.04,-0.342,0.389,6.09,-74.04,-0.58,R
,284421,557,0,392,-0.00,-0.400,0.301,.65,-27.21,11.5,R
,284451,511,0,4004,0.01,-0.478,0.292,267,-4.80,7.42,R
,284461,505,0,3807,0.02,-0.502,0.315,638,-4.71,3.59,R
,284551,566,0,4037,-0.005,-0.61,0.776,1.43,33.3,-6.06,R
,284561,566,0,399,-0.06,-0.582,0.777,1.23,28.95,-10.00,R
,284571,570,0,4051,-0.03,-0.612,0.853,0.04,35.63,-18.13,R
,284631,555,0,4056,0.06,-0.563,0.832,-.09,41.43,-29.09,R
,284721,498,0,3802,0.10,-0.492,0.822,-.84,45.32,-21.28,R
,284731,503,0,453,0.11,-0.457,0.771,-1.56,55.21,-20.67,R
,284791,550,0,4057,0.24,-0.573,0.689,-0.46,-29.79,-5451,R
,284821,607,0,3799,0.21,-0.616,0.926,-1.41,38.42,-21.66,R
,284831,611,0,4080,0.12,-0.527,1.054,-2.33,49.98,-24.27,R
,284891,620,0,4069,-0.04,-0.49,1.805,-19.76,1.92,-4.27,R
,284921,645,0,3795,0.00,-0.403,1.673,1.47,-7.66,-0.35,R
,284941,621,0,313,0.14,-0.379,1.362,845,-15.32,8.39,
,284971,603,0,4048,0.18,-0.439,1.125,836,-16.07,14.92,R
,284991,598,0,4095,0.13,-0.451,1.032,1.22,-15.66,20.46,R
,285011,511,0,4067,0.10,-0.428,0.964,945,-16.53,27.23,R
,285021,511,0,305,0.10,-0.449,0.974,027,-20.83,27.59,R
,285121,531,0,3807,0.03,-0.497,0.959,816,-29.15,32.17,R
,285161,537,0,3811,-0.07,-0.52,1.006,4.13,-41.44,23.99,R
,285171,548,0,4063,-0.03,-0.53,1.012,.55,-42.33,23.8,R
,285191,546,0,476,-0.041,-0.56,0.989,18.35,-4.72,28.52,R
,285201,554,0,310,-0.069,-0.54,0.969,25.00,-4.65,28.72,R
,285211,542,0,4077,-0.09,-0.507,0.930,5.66,-4.96,27.45,R
,285221,531,0,3802,-0.04,-0.53,0.881,23.52,-44.28,24.8,R
,285231,532,0,494,-0.047,-0.54,0.835,1.57,-5.19,19.81,R
,285251,560,0,4081,0.03,-0.531,0.704,1.88,-57.30,10.94,R
,285331,564,0,4095,0.12,-0.572,0.360,557,-27.08,-3.19,R
,285391,544,0,4082,0.03,-0.569,0.567,1.09,21.57,2.26,R
,285401,510,0,3802,0.08,-0.546,0.599,1.95,19.20,-1.55,R
,285451,470,0,4083,0.00,-0.589,0.733,-1.81,16.71,-9.93,R
,285471,490,0,4084,0.04,-0.594,0.771,-.94,31.2,-12.53,R
,285591,540,0,4087,0.08,-0.554,0.781,-.38,23.92,-28.35,R
,285621,583,0,3799,0.12,-0.511,0.699,-2.51,22.07,-32.44,R
,285641,576,0,3802,0.16,-0.539,0.667,-2.55,19.58,-31.05,R
,285681,593,0,3806,0.19,-0.554,0.668,-8.91,3108,-26.77,R
,285691,605,0,4087,0.20,-0.549,0.662,-2.36,26.02,-29.84,R
,285721,688,0,3804,0.24,-0.616,0.850,-9.58,1324,-37.92,R
,285791,669,0,4095,0.02,-0.633,1.639,-2.68,16.08,-12.10,R
,285801,656,0,3808,0.05,-0.620,1.608,-4.28,5.9,-20.85,R
,285971,554,0,4095,0.11,-0.514,0.981,-.18,-30.89,22.65,R
,285991,546,0,495,0.12,-0.553,0.976,012,-27.1,26.75,R
,286091,542,0,4095,-0.006,-0.52,0.994,10.28,-39.87,23.3,R
,286131,606,0,4095,-0.097,-0.62,0.952,8.53,-60.19,4.81,R
,286151,614,0,495,-0.01,-0.600,0.786,2.91,-63.61,4.91,R
,286191,585,0,4095,-0.000,-0.54,0.492,48.33,-19.49,23.6,R
,286341,592,0,3807,0.06,-0.645,0.535,-.01,31.00,-13.13,R
,286401,575,0,3799,0.07,-0.693,0.790,-2.57,4022,-22.22,R
,286431,575,0,495,0.06,-0.627,0.805,-.01,54.7,-15.87,R
,286491,495,0,495,0.05,-0.611,0.850,-3.61,3083,-30.22,R
,286531,503,0,4095,0.11,-0.631,0.779,-1.97,42.11,-20.99,R
,286541,510,0,302,0.14,-0.602,0.763,-8.83,32.95,-25.34,R
,286651,631,0,495,0.08,-0.634,1.172,-7.97,29.98,-30.79,R
,286711,564,0,4095,0.07,-0.567,1.655,-.39,14.9,-15.89,R
,286741,528,0,306,0.14,-0.485,1.337,2.08,7.6,-4.62,R
,286801,228,0,3811,0.16,-0.509,1.021,2.94,-21.08,4.83,R
,286861,0,0,3809,0.163,0.559,0992,17.05,-24.63,22.11,R
,286871,0,0,4095,0.144,0.568,0.981,17.5,-21.44,24.65,R
,286881,0,0,3803,0.111,0.568,0.992,16.5,-21.38,24.72,R
,286951,144,0,4095,-0.021,-0.51,0.998,1.25,-44.02,16.0,R
,286971,197,0,495,-0.17,-0.51,0.970,6.71,-3.21,20.34,R
,287001,213,0,3809,-0.170,-0.47,0.806,54.54,-30.51,28.94,R
,287021,182,0,303,-0.12,-0.45,0.672,8.44,-2.36,31.04,R
,287111,0,0,409,0.264,0.172,0160,31.03,44.24,47.67,R
,287121,0,0,3808,-0.036,-0.498,.278,63.64,27.08,57.87,
,287211,624,0,495,0.12,-0.642,0.711,4.49,78.97,5.09,
,287231,675,0,4095,0.05,-0.665,0.797,2.84,60.95,-17.9,R
,287271,679,0,4095,0.03,-0.677,0.887,1.93,50.68,-42.8,R
,287281,639,0,311,0.02,-0.634,0.917,1.49,61.05,-45.45,R
,287331,624,0,495,-0.04,-0.577,1.009,.13,54.16,-70.82,R
,287341,619,0,3807,-0.16,-0.514,0.978,3.36,50.04,-75.9,R
,287361,610,0,3809,-0.095,-0.519,0.953,8.95,38.70,-83.4,R
,287371,609,0,4095,-0.100,-0.48,0.927,-16.04,3.83,-86.44,R
,287391,563,0,4095,-0.01,-0.46,0.870,19.97,26.68,-8673,R
,287401,576,0,3807,-0.045,-0.47,0.833,-22.14,2.75,-86.56,R
,287441,567,0,392,0.07,-0.394,0.658,-6.55,16.16,-75.52,R
,287451,534,0,4095,0.12,-0.387,0.614,-3.04,16.27,-74.6,R
,287521,578,0,303,-0.09,-0.343,1.217,66.74,41.28,-44.61,R
,287551,611,0,4095,-0.103,-0.32,1.728,-36.19,3.11,-11.02,R
,287561,610,0,305,-0.19,-0.413,1.754,21.12,40.21,-3.1,R
,287571,607,0,495,-0.14,-0.334,1.785,14.78,34.34,-2.8,R
,287581,604,0,3803,-0.10,-0.337,1.780,11.64,24.83,-4.8,R
,287591,598,0,4095,-0.14,-0.308,1.742,7.24,15.76,-5.54,R
,287621,553,0,3809,-0.07,-0.339,1.402,.29,-0.82,4.17,
,287691,528,0,4095,-0.09,-0.325,1.080,0.64,-22.72,20.11,R
,287701,511,0,3805,-0.08,-0.345,1.060,.20,-24.92,23.29,R
,287721,480,0,3807,-0.039,-0.34,1.042,7.52,-2198,31.06,R
,287741,459,0,303,-0.04,-0.37,1.042,.20,-19.37,38.4,R
,287761,449,0,3810,-0.03,-0.382,1.060,5.89,-26.53,43.79,R
,287781,466,0,3809,-0.06,-0.397,1.050,1.48,-26.22,48.8,R
,287801,467,0,3810,-0.15,-0.389,1.034,8.73,-30.72,44.43,R
,287811,458,0,495,-0.11,-0.389,1.030,9.08,-33.20,45.3,R
,287821,469,0,307,-0.13,-0.405,1.031,0.56,-34.45,45.0,R
,287831,443,0,495,-0.14,-0.400,1.026,8.10,-33.69,43.6,R
,287861,470,0,3807,-0.230,-0.42,1.006,27.80,-3.95,45.20,R
,287881,475,0,3805,-0.23,-0.41,0.952,30.38,-43.49,42.3,R
,287891,469,0,4095,-0.28,-0.444,0.913,8.70,-49.14,39.58,R
,287911,526,0,4095,-0.20,-0.482,0.836,32.97,-5.23,38.83,R
,287921,543,0,3814,-0.20,-0.466,0.789,0.19,-58.80,39.09,R
,287941,567,0,3799,-0.091,-0.48,0.583,46.01,-43.35,40.04,R
,287951,571,0,4095,-0.05,-0.45,0.536,40.28,-3.26,39.32,R
,287961,551,0,3811,-0.08,-0.453,0.506,4.35,-19.63,39.29,R
,287971,528,0,495,-0.032,-0.47,0.470,23.17,-12.13,34.2,R
,287991,536,0,495,-0.034,-0.55,0.473,6.93,-1272,21.00,R
,288001,511,0,308,-0.01,-0.560,0.465,.66,-12.65,14.42,R
,288031,526,0,495,-0.074,-0.58,0.465,11.02,0.56,7.00,R
,288061,522,0,3811,-0.10,-0.51,0.578,1.92,25.78,-0.0,R
,288081,466,0,309,-0.11,-0.455,0.637,9.33,30.82,-11.42,R
,288101,154,0,396,-0.191,-0.47,0.727,-23.15,1.93,-21.08,R
,288131,109,0,4095,-0.17,-0.516,0.851,15.27,13.78,-1951,R
,288141,208,0,3807,-0.17,-0.497,0.845,5.49,18.77,-22.9,R
,288161,237,0,397,-0.145,-0.45,0.829,5.98,35.34,-23.02,R
,288171,235,0,4095,-0.13,-0.429,0.836,.98,42.57,-20.24,R
,288241,209,0,3807,-0.11,-0.51,0.912,24.83,17.02,-3975,R
,288251,245,0,4095,-0.08,-0.501,0.910,-22.34,22.86,-35.54,R
,288261,263,0,310,-0.092,-0.50,0.885,-20.20,3.21,-30.80,R
,288271,276,0,495,-0.07,-0.495,0.887,-16.65,38.08,-27.72,R
,288291,293,0,495,-0.00,-0.485,0.894,17.17,34.99,-35.58,R
,288301,289,0,3813,-0.02,-0.504,0.894,21.27,27.46,-43.26,R
,288311,293,0,4095,-0.06,-0.498,0.897,24.91,20.60,-48.80,R
,288331,311,0,4095,-0.08,-0.50,0.910,31.78,15.63,-42.61,R
,288341,311,0,3795,-0.09,-0.50,0.907,29.84,16.25,-3896,R
,288381,348,0,3818,-0.02,-0.432,0.791,14.84,21.69,-39.40,R
,288401,362,0,309,0.05,-0.422,0.759,-1.97,6.15,-42.30,R
,288431,340,0,4095,0.04,-0.305,1.027,-0.40,27.93,-35.4,R
,288441,330,0,3807,-0.02,-0.37,1.127,-41.75,41.78,-25.52,R
,288451,304,0,4095,-0.113,-0.51,1.245,-38.19,4.59,-12.06,R
,288471,304,0,4095,-0.17,-0.42,1.518,17.91,37.38,-7.58,R
,288481,304,0,3815,-0.19,-0.347,1.618,12.25,28.37,-6.0,R
,288491,304,0,4095,-0.20,-0.37,1.681,-9.81,16.66,-7.4,R
,288521,304,0,3804,-0.16,-0.360,1.665,2.01,-6.28,-3.9,R
,288581,304,0,3814,-0.027,-0.36,1.127,16.77,-3.73,3.82,R
,288641,262,0,3809,-0.03,-0.410,1.017,15.17,-28.45,22.97,R
,288651,263,0,4095,-0.04,-0.430,1.023,4.39,-30.51,23.44,R
,288661,257,0,3805,-0.02,-0.428,1.002,17.34,-32.63,24.86,R
,288691,263,0,495,-0.037,-0.41,1.015,20.96,-25.84,33.21,R
,288711,259,0,495,-0.073,-0.40,1.018,16.41,-23.92,34.39,R
,288721,253,0,311,-0.083,-0.41,1.026,16.13,-2.75,34.54,R
,288731,253,0,4095,-0.16,-0.401,1.028,16.48,-2.27,34.60,R
,288741,255,0,3811,-0.12,-0.422,1.036,5.52,-31.49,33.7,R
,288761,256,0,3807,-0.15,-0.443,1.033,3.05,-40.25,32.3,R
,288771,298,0,495,-0.14,-0.44,1.019,7.78,-43.58,30.4,R
,288781,294,0,3813,-0.12,-0.43,0.999,29.93,-4.62,29.32,R
,288791,295,0,4095,-0.15,-0.448,0.979,29.19,-45.38,27.10,R
,288801,290,0,3811,-0.11,-0.458,0.929,29.20,-4.12,26.11,R
,288811,297,0,495,-0.18,-0.47,0.886,2.93,-43.92,26.9,R
,288821,294,0,306,-0.12,-0.470,0.815,37.08,-3.75,27.41,R
,288841,240,0,309,-0.13,-0.445,0.694,43.22,-28.71,27.44,R
,288851,105,0,4095,-0.16,-0.412,0.698,40.91,-26.92,22.92,R
,288901,0,0,381,-0.049,-0.535,.467,10.74,-29.8,9.27,R
,288961,214,0,311,-0.02,-0.555,0.560,1.16,7.3,-4.56,R
,289001,223,0,307,-0.090,-0.49,0.639,-1.17,27.23,-11.60,R
,289011,198,0,495,-0.108,-0.48,0.673,2.52,30.63,-12.41,R
,289041,214,0,3801,-0.15,-0.484,0.798,-14.97,2.70,-19.17,R
,289061,265,0,3813,-0.13,-0.513,0.884,-17.35,26.97,-22.53,R
,289091,297,0,495,-0.088,-0.51,0.926,-10.46,33.26,-26.45,R
,289171,256,0,495,-0.058,-0.48,0.904,-34.05,29.32,-3629,R
,289191,259,0,495,-0.03,-0.49,0.897,-35.15,24.70,-3442,R
,289211,294,0,495,-0.014,-0.49,0.860,27.81,24.10,-3033,R
,289221,288,0,315,-0.001,-0.47,0.830,23.10,22.62,-29.80,R
,289281,336,0,3818,0.10,-0.409,0.800,-33.68,19.26,-35.61,R
,289341,293,0,314,-0.171,-0.37,1.625,-28.13,42.59,1.3,R
,289391,304,0,4095,-0.05,-0.329,1.537,-3.17,-14.45,-4.24,R
,289421,262,0,309,-0.024,-0.38,1.274,.56,-18.98,2.37,R
,289431,266,0,4095,-0.00,-0.373,1.205,5.28,-22.04,3.94,R
,289461,295,0,312,-0.00,-0.398,1.047,11.19,-36.47,4.48,R
,289491,256,0,495,-0.05,-0.402,0.996,13.20,-30.71,11.91,R
,289501,250,0,3810,-0.00,-0.403,0.990,13.35,-2.63,16.69,R
,289511,228,0,495,-0.011,-0.39,0.990,15.19,-22.98,20.33,R
,289521,177,0,3810,-0.02,-0.367,0.975,14.15,-1.90,25.12,R
,289531,0,0,409,-0.073,-0.373,.004,7.5,-18.71,29.41,
,289561,166,0,311,-0.085,-0.45,1.051,8.77,-31.70,33.47,R
,289591,219,0,495,-0.096,-0.43,1.073,22.64,-26.74,35.56,R
,289611,215,0,4095,-0.19,-0.419,1.072,9.75,-23.69,38.25,R
,289621,223,0,3821,-0.15,-0.43,1.080,16.94,-25.06,38.60,R
,289631,214,0,495,-0.184,-0.43,1.062,3.41,-26.56,38.25,R
,289661,255,0,317,-0.210,-0.52,0.964,25.92,-41.05,33.42,R
,289691,313,0,4095,-0.11,-0.534,0.741,47.75,-38.83,30.54,R
,289721,291,0,311,-0.072,-0.53,0.501,1.31,-26.34,30.9,R
,289731,233,0,495,-0.01,-0.520,0.419,38.25,-25.46,22.91,R
,289771,0,0,409,-0.020,-0.575,.337,2.15,-17.50,2.00,R
,289831,0,0,409,-0.096,-0.548,.531,-397,32.08,-5.86,R
,289931,257,0,495,-0.064,-0.500,0.827,-8.69,2960,-25.16,R
,289941,244,0,3829,-0.01,-0.491,0.855,-14.89,30.71,-32.01,R
,289951,272,0,4095,-0.09,-0.50,0.845,19.27,31.90,-3777,R
,289971,275,0,495,-0.072,-0.52,0.863,26.22,26.71,-37.74,R
,289981,277,0,3824,-0.03,-0.52,0.873,27.24,27.47,-35.28,R
,290001,263,0,321,-0.08,-0.531,0.901,-22.97,35.11,-3448,R
,290011,263,0,495,-0.05,-0.506,0.895,-20.30,37.28,-36.53,R
,290021,226,0,3819,-0.059,-0.49,0.918,-20.25,36.91,-37.74,R
,290041,0,0,382,-0.098,-0.481,.916,-2.98,32.53,-38.16,R
,290081,291,0,315,-0.002,-0.49,0.868,-21.17,16.83,-4123,R
,290091,304,0,4095,0.01,-0.474,0.850,-16.84,2147,-39.55,R
,290101,303,0,3824,0.01,-0.444,0.827,-15.29,27.38,-35.90,R
,290191,283,0,495,-0.078,-0.33,1.253,-11.53,3.74,-12.44,R
,290231,173,0,495,-0.11,-0.35,1.350,-8.19,18.57,-1.54,R
,290251,0,0,409,-0.134,-0.363,.346,-819,10.99,2.26,R
,290321,215,0,324,-0.08,-0.421,1.088,11.86,-25.27,10.95,R
,290361,221,0,3821,-0.01,-0.43,1.060,4.42,-23.08,26.4,R
,290371,210,0,4095,-0.03,-0.467,1.092,3.49,-2559,28.40,R
,290381,258,0,318,-0.028,-0.47,1.113,.69,-29.89,28.42,R
,290401,285,0,3825,-0.00,-0.49,1.109,15.26,-3.05,28.98,R
,290411,289,0,495,-0.050,-0.47,1.111,0.24,-31.37,30.19,R
,290441,314,0,3824,-0.06,-0.447,1.088,23.99,-23.90,35.5,R
,290481,294,0,324,-0.174,-0.45,1.111,9.75,-33.98,35.8,R
,290491,313,0,495,-0.183,-0.46,1.113,2.10,-35.30,36.7,R
,290511,319,0,495,-0.232,-0.47,1.105,8.70,-33.30,36.8,R
,290531,319,0,495,-0.21,-0.463,1.059,28.03,-2.85,40.02,R
,290551,305,0,495,-0.20,-0.482,0.989,25.03,-3.38,36.81,R
,290581,330,0,314,-0.160,-0.45,0.764,7.11,-47.00,28.8,R
,290601,337,0,3817,-0.16,-0.50,0.615,50.36,-43.72,28.10,R
,290621,338,0,317,-0.160,-0.54,0.451,53.86,-36.25,26.45,R
,290631,338,0,495,-0.083,-0.54,0.376,9.12,-31.17,25.18,R
,290641,334,0,314,-0.010,-0.51,0.331,0.50,-24.76,20.6,R
,290651,423,0,495,-0.00,-0.49,0.317,3.99,-15.99,16.7,R
,290681,0,0,381,-0.034,-0.584,.325,-423,-5.35,0.10,R
,290701,0,0,3823,-0.024,-0.613,.384,-4.63,-6.47,-6.88,
,290711,0,0,409,-0.027,-0.634,0.502,-0.14,-3.0,-10.50,R
,290751,240,0,495,-0.135,-0.53,0.612,12.95,43.92,-1378,R
,290781,395,0,313,-0.19,-0.578,0.833,-17.79,2.98,-26.03,R
,290791,421,0,4095,-0.18,-0.54,0.865,-16.75,22.18,-3096,R
,290901,343,0,3822,-0.108,-0.48,0.953,28.22,28.92,-39.26,R
,290911,342,0,495,-0.074,-0.49,0.930,-27.49,30.24,-3629,R
,290921,337,0,316,-0.050,-0.48,0.896,-23.81,32.31,-3509,R
,290941,340,0,3819,-0.08,-0.46,0.831,-17.67,31.24,-3801,R
,290981,348,0,308,0.09,-0.448,0.665,-2.10,-1.17,-54.93,R
,291001,323,0,324,0.095,-0.412,0.680,-9.99,3.29,-55.93,R
,291021,346,0,318,-0.086,-0.45,0.975,-40.91,3.11,-33.61,R
,291151,194,0,4095,-0.04,-0.34,1.223,12.36,-2.52,-2.91,R
,291161,146,0,3818,-0.07,-0.341,1.145,14.27,-2.43,-0.24,R
,291181,103,0,311,-0.063,-0.32,1.059,15.09,-25.52,7.2,R
,291221,207,0,318,-0.063,-0.37,1.018,14.04,-31.06,18.0,R
,291251,244,0,495,-0.036,-0.389,0.992,8.88,-23.55,29.55,R
,291281,227,0,318,-0.01,-0.393,0.991,14.74,-2.24,39.85,R
,291301,301,0,318,-0.056,-0.400,1.004,12.12,-2.89,42.08,R
,291321,323,0,309,-0.09,-0.430,1.033,13.22,-29.44,42.72,R
,291361,310,0,3821,-0.18,-0.445,1.081,4.94,-25.70,50.43,R
,291371,331,0,4095,-0.13,-0.439,1.086,7.34,-27.99,49.04,R
,291411,353,0,4095,-0.189,-0.47,0.918,33.00,-4.69,35.10,R
,291421,352,0,318,-0.163,-0.49,0.829,34.56,-4.07,34.07,R
,291431,351,0,495,-0.153,-0.49,0.762,33.48,-46.95,33.45,R
,291451,465,0,4095,-0.19,-0.479,0.633,3.83,-41.30,34.6,R
,291471,0,0,394,-0.030,-0.522,.450,22.35,-22.65,32.45,R
,291481,0,0,382,-0.057,-0.534,.490,14.99,-15.89,27.47,R
,291491,0,0,4095,0.025,0.499,0.399,9.0,-5.98,18.74,R
,291551,0,0,409,-0.020,-0.610,.483,6.77,1.06,2.66,R
,291591,0,0,409,-0.067,-0.574,.677,-12.37,22.0,-7.16,R
,291661,368,0,315,-0.18,-0.53,0.853,-13.06,17.86,-20.07,R
,291701,420,0,320,-0.13,-0.513,0.869,-16.66,29.34,-30.58,R
,291711,401,0,495,-0.04,-0.504,0.851,-21.79,2.09,-30.76,R
,291721,258,0,308,-0.18,-0.496,0.873,26.57,28.42,-3195,R
,291731,281,0,495,-0.15,-0.508,0.849,25.96,27.37,-31.38,R
,291751,318,0,495,-0.047,-0.50,0.844,-16.92,20.24,-34.48,R
,291761,320,0,321,-0.04,-0.488,0.827,-18.23,19.28,-38.24,R
,291771,317,0,495,-0.036,-0.49,0.799,-18.43,1.15,-39.19,R
,291841,330,0,322,-0.010,-0.44,0.814,-17.07,19.00,-4058,R
,291851,336,0,4095,-0.01,-0.529,0.843,14.95,18.10,-3542,R
,291891,304,0,4095,-0.16,-0.38,1.232,-24.46,5.89,-13.00,R
,291901,104,0,325,-0.11,-0.370,1.317,22.69,63.92,-2.7,R
,291921,0,0,382,-0.255,-0.356,.468,-17.12,57.92,2.55,R
,291931,0,0,409,-0.229,-0.362,.496,-11.46,46.0,1.33,R
,291961,0,0,382,-0.212,-0.355,1.443,2.93,-0.47,-7.72,R
,291971,0,0,409,-0.160,-0.359,1.398,6.96,0.79,-5.43,R
,292041,0,0,381,-0.038,-0.420,.056,7.26,-21.89,2.94,R
,292181,286,0,323,-0.08,-0.407,1.031,20.21,-19.52,24.5,R
,292191,288,0,495,-0.08,-0.399,1.052,15.75,-16.37,26.22,R
,292221,205,0,323,-0.167,-0.42,1.114,7.80,-20.54,29.29,R
,292231,277,0,495,-0.10,-0.444,1.117,7.95,-24.40,29.56,R
,292241,286,0,324,-0.180,-0.46,1.130,13.74,-28.69,29.00,R
,292261,324,0,318,-0.207,-0.44,1.111,25.40,-31.44,26.71,R
,292271,335,0,495,-0.225,-0.43,1.097,26.56,-3.50,24.77,R
,292281,346,0,319,-0.142,-0.41,0.987,28.88,-36.80,21.91,R
,292291,363,0,4095,-0.19,-0.45,0.961,30.33,-37.40,26.07,R
,292301,368,0,314,-0.201,-0.45,0.919,33.96,-3.89,25.26,R
,292321,368,0,319,-0.133,-0.44,0.737,31.35,-38.77,22.8,R
,292351,459,0,495,-0.119,-0.48,0.624,24.61,-34.68,19.79,R
,292371,471,0,4095,-0.02,-0.52,0.496,22.18,-35.92,12.4,R
,292391,465,0,495,-0.021,-0.51,0.430,25.45,-2.20,13.00,R
,292401,481,0,317,-0.025,-0.48,0.458,21.00,-2.00,11.99,R
,292421,477,0,3816,0.00,-0.504,0.407,10.25,-6.74,5.42,R
,292441,496,0,324,-0.03,-0.552,0.450,-1.76,7.8,1.44,R
,292481,497,0,315,-0.077,-0.54,0.655,17.38,31.29,-3.2,R
,292521,550,0,322,-0.120,-0.58,0.875,4.37,18.94,-16.9,R
,292531,543,0,495,-0.121,-0.52,0.874,4.30,25.82,-14.16,R
,292541,540,0,3821,-0.10,-0.491,0.864,3.08,31.9,-14.19,R
,292551,535,0,495,-0.097,-0.47,0.909,-5.65,34.19,-19.4,R
,292571,560,0,4095,-0.08,-0.505,0.933,-17.26,29.73,-30.07,R
,292581,560,0,318,-0.130,-0.51,0.947,22.46,23.26,-3148,R
,292591,541,0,4095,-0.17,-0.537,0.976,-20.02,18.71,-32.80,R
,292601,529,0,325,-0.077,-0.52,0.995,17.44,18.02,-34.62,R
,292611,524,0,495,-0.069,-0.53,0.998,17.84,20.24,-36.74,R
,292631,511,0,495,-0.08,-0.526,1.001,-20.17,22.08,-39.83,R
,292651,459,0,495,-0.02,-0.49,0.999,-17.87,23.81,-37.05,R
,292681,368,0,3824,-0.01,-0.49,0.922,-19.59,20.15,-41.28,R
,292761,527,0,319,0.09,-0.333,0.714,-26.60,4.77,-45.81,R
,292771,528,0,495,0.08,-0.318,0.836,-30.46,10.86,-45.40,R
,292791,528,0,495,-0.150,-0.48,1.076,-30.40,2.98,-27.42,R
,292801,525,0,321,-0.13,-0.378,1.307,-30.81,2.56,-21.45,R
,292811,528,0,495,-0.210,-0.35,1.448,-30.86,28.86,-9.00,R
,292841,526,0,3823,-0.24,-0.284,1.679,-6.22,20.10,10.91,R
,292871,507,0,495,-0.14,-0.325,1.428,0.36,-2001,4.08,R
,292901,511,0,3824,-0.04,-0.325,1.199,17.29,-29.96,8.63,R
,292931,503,0,495,-0.002,-0.32,1.045,3.29,-25.95,22.23,R
,292941,489,0,308,0.00,-0.367,1.027,10.62,-2677,23.70,R
,292971,474,0,495,-0.008,-0.42,1.018,19.60,-27.81,31.42,R
,292981,485,0,3821,0.00,-0.417,1.007,22.96,-30.30,31.68,R
,292991,350,0,495,-0.001,-0.41,1.014,4.83,-32.50,31.91,R
,293021,361,0,312,0.03,-0.386,0.962,23.86,-2810,41.71,R
,293031,377,0,495,0.04,-0.394,0.949,20.38,-22.60,44.48,R
,293091,368,0,4095,-0.01,-0.445,1.014,27.12,-3.59,36.05,R
,293101,370,0,3824,-0.07,-0.442,1.007,27.05,-35.26,35.13,R
,293151,385,0,495,-0.095,-0.44,0.965,0.33,-30.71,32.23,R
,293161,389,0,318,-0.111,-0.46,0.948,5.00,-32.37,28.45,R
,293171,394,0,495,-0.19,-0.45,0.893,38.90,-35.03,25.94,R
,293221,482,0,318,0.02,-0.417,0.586,30.10,-29.69,19.33,R
,293241,506,0,3817,-0.04,-0.521,0.548,26.33,-1.84,17.78,R
,293251,509,0,4095,-0.00,-0.484,0.523,18.28,-1.04,13.45,R
,293281,496,0,3824,-0.01,-0.529,0.519,9.55,-3.9,5.00,R
,293291,511,0,4095,-0.06,-0.54,0.557,5.29,-1.01,3.78,R
,293321,505,0,321,-0.088,-0.49,0.647,.67,17.40,8.66,R
,293331,503,0,4095,-0.04,-0.498,0.687,4.97,25.5,7.35,R
,293361,395,0,3814,-0.12,-0.49,0.793,-15.03,2.40,-3.84,R
,293381,394,0,324,-0.101,-0.50,0.854,-19.32,23.63,-7.80,R
,293421,399,0,324,-0.19,-0.48,0.914,11.29,26.60,-17.40,R
,293461,387,0,3822,-0.03,-0.469,0.900,-14.17,32.01,-2051,R
,293481,385,0,3824,-0.01,-0.445,0.880,-11.99,40.88,-2216,R
,293491,385,0,4095,-0.04,-0.448,0.920,-14.19,36.25,-2658,R
,293521,403,0,324,-0.043,-0.43,0.939,20.05,22.57,-3384,R
,293531,412,0,4095,-0.08,-0.420,0.951,-23.39,25.70,-32.09,R
,293541,422,0,3823,-0.03,-0.414,0.969,-26.51,29.64,-3041,R
,293571,412,0,495,-0.027,-0.42,0.996,-21.35,2.73,-31.29,R
,293591,414,0,4095,-0.01,-0.438,0.933,-16.69,16.04,-3827,R
,293601,420,0,3824,-0.06,-0.428,0.886,14.63,14.28,-37.08,R
,293611,413,0,4095,-0.02,-0.40,0.860,-14.63,1.28,-3416,R
,293691,401,0,4095,-0.06,-0.48,1.010,-14.83,895,-32.88,R
,293721,407,0,327,-0.043,-0.40,0.885,9.47,14.54,-26.9,R
,293731,407,0,4095,-0.06,-0.40,0.844,-15.03,1.69,-24.56,R
,293761,459,0,3818,0.00,-0.424,0.883,-19.47,9.06,-28.3,R
,293791,482,0,495,-0.020,-0.45,0.916,-21.00,5.08,-24.25,R
,293801,485,0,3824,0.00,-0.482,0.952,-18.59,7.26,-22.27,R
,293861,528,0,3823,-0.06,-0.44,0.917,2.27,12.4,-21.92,R
,293881,530,0,324,-0.007,-0.48,0.841,0.83,10.34,-20.88,R
,293901,505,0,3816,-0.02,-0.46,0.932,-0.60,29.00,-14.6,R
,293921,410,0,324,-0.111,-0.42,1.043,-7.65,30.92,-15.74,R
,293941,297,0,3823,-0.20,-0.378,1.282,-3.62,20.68,-10.21,R
,293951,243,0,4095,-0.24,-0.43,1.321,-5.04,1085,-10.59,R
,293971,126,0,4095,-0.28,-0.35,1.462,6.36,-1127,-2.62,R
,293991,123,0,4095,-0.28,-0.294,1.408,13.26,-2.30,1.58,R
,294001,139,0,3823,-0.19,-0.29,1.366,13.75,-28.54,5.18,R
,294021,144,0,3818,-0.19,-0.311,1.252,16.67,-39.55,11.97,R
,294031,227,0,4095,-0.00,-0.316,1.193,18.48,-40.56,15.7,R
,294051,255,0,4095,-0.02,-0.339,1.089,8.07,-37.81,25.47,R
,294081,243,0,3824,-0.06,-0.389,1.023,12.47,-39.78,37.94,R
,294111,358,0,495,-0.019,-0.44,1.019,12.82,-37.09,45.41,R
,294121,417,0,3825,-0.05,-0.466,1.024,18.61,-34.45,49.04,R
,294131,455,0,4095,0.02,-0.460,1.010,2.59,-33.46,51.70,R
,294141,475,0,3822,0.01,-0.454,1.032,2.80,-28.69,51.39,R
,294171,483,0,4095,0.01,-0.453,1.006,22.04,-2427,54.89,R
,294181,482,0,3824,-0.03,-0.437,1.036,19.22,-19.90,51.96,R
,294191,494,0,495,-0.029,-0.47,1.034,15.00,-24.22,48.45,R
,294201,461,0,3825,-0.05,-0.497,1.039,5.43,-26.85,45.58,R
,294261,441,0,3820,-0.10,-0.458,1.015,23.70,-25.46,40.80,R
,294281,419,0,327,-0.11,-0.455,0.986,6.45,-21.43,40.49,R
,294301,432,0,3830,-0.15,-0.452,0.913,0.01,-22.72,39.00,R
,294311,432,0,495,-0.281,-0.56,0.899,39.55,-21.41,38.46,R
,294331,400,0,4095,-0.10,-0.464,0.824,6.44,-22.27,32.37,R
,294341,423,0,324,-0.223,-0.46,0.823,25.17,-25.70,28.91,R
,294351,412,0,495,-0.166,-0.49,0.726,25.60,-32.95,27.9,R
,294371,403,0,4095,-0.15,-0.476,0.646,4.67,-38.40,29.35,R
,294381,336,0,3834,-0.13,-0.50,0.635,37.63,-38.63,27.18,R
,294401,0,0,382,-0.063,-0.437,.539,25.80,-32.1,20.34,R
,294411,183,0,4095,-0.03,-0.476,0.494,0.36,-2.97,16.40,R
,294421,431,0,3813,0.20,-0.382,0.337,4.67,-11.73,10.33,R
,294451,571,0,4095,-0.06,-0.542,0.444,2.11,6.89,15.87,R
,294481,627,0,3825,-0.09,-0.54,0.590,.57,25.61,2.10,R
,294501,678,0,3824,-0.06,-0.513,0.648,-4.10,31.64,-6.06,R
,294521,698,0,3820,-0.06,-0.521,0.731,-14.25,31.29,-12.03,R
,294531,653,0,4095,-0.08,-0.488,0.754,16.31,34.88,-12.35,R
,294541,548,0,3829,-0.05,-0.491,0.812,18.46,37.53,-15.78,R
,294561,554,0,327,-0.093,-0.501,0.925,18.05,34.39,-26.85,R
,294591,640,0,4095,-0.18,-0.468,0.979,-19.84,30.91,-25.02,R
,294601,590,0,3831,-0.13,-0.481,1.001,-19.88,31.79,-23.72,R
,294621,593,0,3828,-0.09,-0.452,0.990,-13.50,34.10,-2392,R
,294631,528,0,495,-0.076,-0.44,0.984,-13.82,2.64,-27.83,R
,294651,502,0,4095,-0.08,-0.435,0.952,-15.91,2.57,-35.78,R
,294671,708,0,495,-0.062,-0.40,0.919,-25.27,17.63,-32.61,R
,294691,763,0,4095,-0.04,-0.412,0.944,-31.76,18.97,-31.75,R
,294711,771,0,495,-0.01,-0.435,0.958,-28.19,16.83,-34.10,R
,294721,779,0,331,-0.005,-0.43,0.938,24.75,14.36,-33.51,R
,294781,905,0,330,0.11,-0.336,0.652,-9.52,13.79,-32.6,R
,294831,880,0,495,-0.110,-0.35,1.146,-44.31,1.65,-20.87,R
,294851,937,0,495,-0.189,-0.33,1.450,-45.55,4.11,10.94,R
,294891,707,0,4095,-0.26,-0.397,1.619,-3.85,0.95,4.43,R
,294911,688,0,4095,-0.09,-0.326,1.449,3.77,-13.75,5.26,R
,294921,703,0,3835,-0.07,-0.342,1.330,1.78,-15.29,6.55,R
,294951,688,0,4095,0.01,-0.355,1.128,12.79,-3.92,18.19,R
,294961,705,0,3825,0.00,-0.359,1.073,8.44,-4.7,17.65,R
,295011,503,0,4095,-0.09,-0.432,1.068,11.31,-1.41,31.87,R
,295041,615,0,3831,-0.04,-0.430,1.072,9.38,-1839,43.35,R
,295081,489,0,3829,0.00,-0.526,1.101,-.51,-31.85,40.77,R
,295121,497,0,3834,0.04,-0.645,1.139,302,-47.12,30.55,R
,295151,539,0,4095,0.07,-0.726,1.080,-.65,-54.82,15.4,R
,295181,496,0,333,0.11,-0.771,0.910,-.58,-50.47,-1.6,R
,295231,0,0,388,0.061,-0.658,0570,-8.88,-44.53,-36.87,R
,295241,0,0,383,0.016,0.663,0.540,-14.08,-50.6,-42.65,R
,295281,0,0,382,-0.043,-0.509,.394,-21.67,-52.14,-46.0,R
,295311,0,0,409,-0.117,-0.495,.542,-43.73,-34.31,-47.95,R
,295321,0,0,383,-0.161,-0.446,.527,-40.46,-3218,-42.16,R
,295571,650,0,495,0.22,-0.580,0.681,-30.25,15.87,-13.80,R
,295761,751,0,328,0.13,-0.574,1.320,-0.69,-9.00,16.07,R
,295821,748,0,3839,0.19,-0.544,0.976,22.91,-3355,18.74,R
,295881,715,0,335,0.14,-0.591,0.961,16.16,-3613,39.24,R
,295931,707,0,495,0.12,-0.582,0.942,14.76,-34.05,40.95,R
,295941,704,0,3830,0.11,-0.569,0.959,8.74,-32.6,43.99,R
,295991,695,0,495,-0.044,-0.67,0.968,11.80,-36.16,37.20,R
,296011,592,0,495,-0.083,-0.67,0.934,4.77,-44.72,31.0,R
,296031,682,0,4095,-0.05,-0.662,0.759,36.94,-4.89,29.84,R
,296041,741,0,342,-0.019,-0.64,0.685,37.52,-48.22,29.68,R
,296061,717,0,3838,-0.07,-0.662,0.520,42.33,-39.67,28.69,R
,296081,705,0,3824,-0.01,-0.64,0.365,8.27,-26.60,27.6,R
,296091,675,0,495,-0.03,-0.626,0.329,24.39,-25.79,24.37,R
,296111,561,0,4095,0.04,-0.669,0.243,15.99,-37.08,12.8,R
,296141,559,0,3841,0.19,-0.722,0.162,25.66,-4683,1.35,R
,296151,581,0,4095,0.15,-0.681,0.151,21.86,-40.57,-2.21,R
,296201,583,0,3834,0.08,-0.665,0.359,-4.77,29.7,-0.06,R
,296231,603,0,4095,0.02,-0.696,0.545,-1.29,27.4,-16.50,R
,296261,607,0,331,-0.07,-0.691,0.642,-6.66,2.91,-28.6,R
,296271,557,0,455,0.03,-0.706,0.662,-10.23,9.5,-23.77,R
,296291,511,0,487,0.06,-0.679,0.687,-9.52,37.05,-18.44,R
,296321,545,0,3842,0.08,-0.687,0.800,0.50,50.8,-24.45,R
,296371,418,0,4095,0.10,-0.675,0.828,-21.94,1947,-34.06,R
,296381,420,0,3837,0.11,-0.702,0.846,-18.28,20.16,-33.7,R
,296401,428,0,3836,0.12,-0.651,0.795,-4.49,34.25,-27.5,R
,296421,463,0,3839,0.13,-0.583,0.720,-7.52,40.0,-29.78,R
,296511,595,0,491,0.16,-0.663,0.591,-22.42,-4.47,-33.3,R
,296531,719,0,4095,0.28,-0.475,0.833,-22.45,0.94,-44.06,R
,296581,784,0,3839,0.07,-0.532,1.680,-40.26,40.33,24.4,R
,296631,748,0,4095,0.27,-0.528,1.496,22.42,-1.47,32.66,R
,296651,722,0,480,0.28,-0.515,1.260,1.61,-8.89,29.93,R
,296671,694,0,4048,0.35,-0.577,1.117,19.89,-16.68,32.4,R
,296681,695,0,3840,0.34,-0.569,1.081,16.48,-20.74,29.6,R
,296711,692,0,4031,0.26,-0.586,0.979,1.35,-29.35,32.5,R
,296791,716,0,4043,0.22,-0.628,0.927,15.86,-46.88,40.5,R
,296831,736,0,4009,0.18,-0.732,0.980,668,-47.14,37.23,R
,296841,758,0,3847,0.17,-0.747,0.969,679,-47.12,37.64,R
,296951,610,0,3995,0.21,-0.823,0.556,-.88,-66.91,-18.07,R
,296961,528,0,3849,0.18,-0.816,0.537,-9.00,-69.90,-24.0,R
,297001,628,0,3844,0.14,-0.682,0.329,-6.14,-58.13,-3850,R
,297021,592,0,3850,0.14,-0.646,0.304,-26.11,-49.53,-3987,R
,297081,144,0,3856,0.09,-0.565,0.404,-9.99,-23.23,-3477,R
,297201,561,0,3856,0.28,-0.607,0.584,-9.56,14.24,-12.2,R
,297261,652,0,3853,0.33,-0.637,0.621,-19.26,30.77,-12.47,R
,297281,665,0,3856,0.33,-0.613,0.634,-2.54,43.87,-11.8,R
,297321,687,0,3850,0.39,-0.614,0.564,-20.48,17.24,-21.8,R
,297351,719,0,3904,0.48,-0.610,0.506,-6.88,15.58,-26.13,R
,297371,730,0,3903,0.51,-0.616,0.497,-4.94,14.71,-30.3,R
,297511,783,0,3871,0.41,-0.594,1.428,16.94,6.42,11.58,R
,297711,1015,0,874,0.380,-0.67,0.876,15.81,-4.13,42.45,R
,297731,1069,0,3874,0.30,-0.660,0.874,9.20,-32.79,46.5,R
,297751,1082,0,866,0.137,-0.812,0.885,22.03,-26.48,53.5,R
,297781,1089,0,874,0.250,-0.70,0.839,17.05,-46.30,46.7,R
,297791,1083,0,870,0.180,-0.71,0.784,14.86,-54.13,47.2,R
,297801,1074,0,867,0.150,-0.75,0.765,17.84,-58.51,47.30,R
,297821,1136,0,3856,0.26,-0.767,0.569,26.59,-5.66,52.4,R
,297831,1118,0,875,0.197,-0.72,0.533,24.12,-42.22,53.5,R
,297841,1072,0,3871,0.27,-0.718,0.449,23.75,-30.98,51.91,R
,297861,1023,0,871,0.181,-0.70,0.293,7.66,-18.04,49.36,R
,297881,963,0,3863,0.18,-0.731,0.182,-.75,-22.08,40.8,R
,297891,950,0,3863,0.17,-0.756,0.146,-.94,-28.34,37.1,R
,297921,933,0,371,0.27,-0.807,0.096,-4.05,-33.56,29.6,R
,297931,951,0,3869,0.19,-0.829,0.086,1.78,-21.93,27.93,R
,297941,949,0,3873,0.26,-0.804,0.102,-.25,-11.78,19.33,R
,298021,980,0,357,0.163,-0.775,0.381,-17.29,14.16,-3.29,R
,298071,1011,0,859,0.147,-0.78,0.545,-8.91,3634,-8.2,R
,298081,1018,0,867,0.148,-0.79,0.583,-3.43,3741,-4.1,R
,298111,1093,0,863,0.154,-0.76,0.635,-1.04,44.41,-4.58,R
,298121,1142,0,867,0.163,-0.77,0.610,-3.78,4225,-3.9,R
,298141,1141,0,870,0.21,-0.780,0.636,-10.46,3.78,-1306,R
,298151,1145,0,856,0.27,-0.797,0.629,-17.65,2.21,-2111,R
,298161,1164,0,3870,0.25,-0.801,0.608,21.18,19.17,-24.64,R
,298181,1157,0,862,0.245,-0.82,0.614,-23.41,1.02,-2451,R
,298191,1123,0,859,0.267,-0.83,0.607,-21.06,16.57,-27.11,R
,298211,1146,0,866,0.312,-0.817,0.559,-12.40,20.63,-29.90,R
,298231,1190,0,870,0.28,-0.776,0.534,-15.61,3.74,-2590,R
,298241,1184,0,877,0.301,-0.77,0.543,-19.33,3.15,-2517,R
,298271,1197,0,863,0.33,-0.799,0.593,-28.72,26.28,-36.35,R
,298281,1188,0,867,0.290,-0.793,0.613,-28.33,19.41,-3853,R
,298291,1200,0,3872,0.23,-0.775,0.624,-30.07,19.52,-35.74,R
,298321,1189,0,885,0.333,-0.78,0.700,-30.57,19.00,-36.18,R
,298331,1178,0,935,0.360,-0.77,0.710,-26.48,1.59,-3905,R
,298341,1177,0,875,0.372,-0.748,0.695,19.72,8.85,-43.90,R
,298351,1155,0,3889,0.36,-0.730,0.667,15.41,7.93,-43.3,R
,298381,1173,0,860,0.33,-0.71,0.811,-25.46,2.49,-4074,R
,298401,1177,0,856,0.281,-0.61,1.094,-27.00,27.49,-3206,R
,298411,1174,0,856,0.185,-0.67,1.276,-20.88,28.66,-18.51,R
,298421,1200,0,858,0.26,-0.614,1.436,17.04,27.34,-1108,R
,298481,1167,0,861,0.344,-0.659,1.145,14.73,-4.89,10.4,R
,298511,1153,0,873,0.337,-0.633,0.902,32.21,-337,21.7,R
,298521,1151,0,857,0.344,-0.62,0.886,28.77,-4.24,26.37,R
,298531,1141,0,873,0.325,-0.642,0.816,25.16,-10.42,30.04,R
,298571,1114,0,885,0.311,-0.729,0.803,20.10,-27.75,35.16,R
,298581,1136,0,867,0.330,-0.72,0.797,23.72,-28.65,38.2,R
,298641,1090,0,877,0.349,-0.81,0.793,16.12,-23.29,46.69,R
,298661,1098,0,856,0.404,-0.88,0.741,15.16,-32.19,42.2,R
,298671,1097,0,898,0.389,-0.882,0.734,14.61,-36.86,39.75,R
,298691,1091,0,899,0.435,-0.885,0.659,17.51,-38.25,34.02,R
,298711,1086,0,904,0.47,-0.88,0.601,11.89,-32.66,25.4,R
,298731,1072,0,919,0.35,-0.92,0.594,1.14,-3048,15.9,R
,298751,1078,0,923,0.299,-0.924,0.494,5.81,-31.34,7.4,R
,298791,1110,0,920,0.29,-0.92,0.341,-16.81,-9.32,-920,R
,298801,1107,0,856,0.22,-0.89,0.294,-24.95,-25.89,-1.66,R
,298841,1167,0,3874,0.18,-0.899,0.136,-33.82,-6.71,-2.56,R
,298851,1154,0,927,0.153,-0.864,0.113,-34.28,-23.41,-2.75,R
,298891,1150,0,933,0.064,-0.729,0.075,31.79,-2.11,-24.71,R
,298941,1190,0,3882,0.09,-0.66,0.226,-33.75,21.57,-9.63,R
,298951,1197,0,954,0.050,-0.663,0.251,40.51,18.82,-10.12,R
,298971,1180,0,936,0.091,-0.708,0.311,36.51,12.94,-1.87,R
,299011,1207,0,907,0.177,-0.750,0.407,-28.84,29.67,-4.6,R
,299021,1202,0,878,0.19,-0.77,0.402,-26.20,3.82,-4.7,R
,299031,1219,0,889,0.202,-0.767,0.376,-30.26,34.86,-4.4,R
,299081,1202,0,883,0.231,-0.833,0.492,-32.02,34.82,-1248,R
,299091,1194,0,888,0.254,-0.871,0.482,27.78,25.87,-15.67,R
,299101,1200,0,876,0.250,-0.829,0.461,-26.84,21.03,-1421,R
,299181,1218,0,879,0.413,-0.883,0.469,-24.22,766,-33.1,R
,299211,1207,0,876,0.40,-0.802,0.507,25.01,7.43,-39.8,R
,299241,1217,0,878,0.363,-0.821,0.764,-32.34,31.58,-3015,R
,299281,1207,0,882,0.28,-0.79,1.353,-26.01,3.16,-2.7,R
,299291,1199,0,863,0.241,-0.832,1.441,19.96,16.56,-0.15,R
,299331,1221,0,869,0.362,-0.721,0.946,9.99,7.7,18.02,
,299351,1233,0,877,0.383,-0.800,0.824,2.36,-15.84,14.3,R
,299381,1246,0,877,0.349,-0.750,0.698,14.96,-17.50,20.5,R
,299501,1210,0,884,0.256,-0.829,0.684,.16,-36.66,39.70,R
,299531,1178,0,887,0.256,-0.887,0.708,6.57,-49.98,38.6,R
,299621,1221,0,877,0.09,-0.958,0.729,15.66,-5.84,34.2,R
,299641,1233,0,885,0.091,-0.917,0.611,2.12,-56.27,34.11,R
,299671,1211,0,882,0.083,-0.838,0.370,33.55,-26.14,41.1,R
,299691,1110,0,886,0.065,-0.847,0.217,21.22,-13.15,44.7,R
,299901,955,0,377,0.135,-0.886,0.382,-11.47,1837,-1.71,R
,299991,944,0,346,0.211,-0.902,0.410,-16.23,41.09,-4.51,R
,300011,939,0,356,0.191,-0.892,0.453,-7.58,53.12,-12.9,R
,300151,1047,0,851,0.231,-0.923,0.396,22.26,25.58,-3166,R
,300211,1061,0,840,0.21,-0.900,0.436,26.04,11.60,-4603,R
,300221,1072,0,883,0.250,-0.936,0.448,25.99,0.25,-51.1,R
,300231,1072,0,849,0.24,-0.904,0.418,26.22,-2.02,-4900,R
,300251,1147,0,839,0.272,-0.928,0.467,24.33,15.14,-4000,R
,300261,1179,0,888,0.273,-0.876,0.470,-20.42,1.80,-43.37,R
,300301,1049,0,885,0.20,-0.673,0.333,5.03,16.7,-63.84,R
,300311,1099,0,843,0.25,-0.475,0.378,12.43,29.79,-56.87,R
,300321,1089,0,3875,0.25,-0.628,0.407,-21.14,3.00,-44.97,R
,300381,1313,0,872,0.237,-0.535,0.724,4.76,101.78,6.0,R
,300391,1274,0,831,0.294,-0.573,0.791,0.48,118.24,11.5,R
,300401,1235,0,889,0.278,-0.550,0.868,48.19,13.10,15.58,R
,300421,1200,0,875,0.08,-0.458,1.005,5.38,144.42,21.3,R
,300431,1131,0,825,0.026,-0.421,1.130,78.13,133.29,28.2,R
,300441,1083,0,877,0.000,-0.400,1.288,79.61,112.89,34.8,R
,300501,1146,0,888,0.082,-0.634,1.661,02.10,41.64,73.7,R
,300521,1141,0,891,0.168,-0.696,1.566,09.83,24.71,75.2,R
,300531,1122,0,834,0.163,-0.739,1.484,113.20,16.07,77.8,R
,300541,1136,0,895,0.188,-0.763,1.392,109.52,987,82.25,R
,300571,1174,0,846,0.192,-0.894,1.153,78.19,1590,101.2,R
,300591,975,0,340,0.125,-0.998,1.091,56.27,11.5,101.7,R
,300621,861,0,390,0.06,-0.987,0.951,5.93,-32.05,94.0,R
,300631,944,0,349,0.06,-0.963,0.843,49.11,-38.72,93.75,R
,300661,944,0,302,0.06,-0.961,0.712,2.15,-28.72,82.49,R
,300711,875,0,345,-0.11,-0.862,0.694,17.92,-57.40,74.63,R
,300741,900,0,313,-0.22,-0.752,0.603,-9.90,-70.36,62.92,R
,300781,911,0,302,-0.148,-0.834,0.604,-1.84,-74.77,45.1,R
,300831,923,0,350,-0.13,-0.731,0.504,14.52,-87.58,2529,R
,300921,859,0,315,0.05,-0.689,0.460,-16.63,-70.69,3.9,R
,301091,915,0,327,0.118,-0.768,0.371,-.12,21.20,-8.42,R
,301211,880,0,322,0.20,-0.918,0.486,-34.98,4331,-27.3,R
,301291,934,0,311,0.20,-0.938,0.534,-54.28,2277,-42.4,R
,301321,1023,0,934,0.37,-0.886,0.508,-30.20,38.53,-36.91,R
,301381,1090,0,925,0.36,-0.812,0.480,42.63,17.14,-53.31,R
,301431,1075,0,824,0.24,-0.740,0.723,35.81,24.92,-4374,R
,301601,1072,0,3908,0.34,-0.751,0.763,24.64,-2.05,8.7,R
,301641,1067,0,942,0.37,-0.73,0.611,4.59,-3030,16.6,R
,301651,1065,0,814,0.24,-0.725,0.668,0.16,-42.25,15.04,R
,301661,1067,0,913,0.23,-0.755,0.607,6.07,-47.79,17.84,R
,301701,1058,0,937,0.261,-0.83,0.615,9.14,-42.14,28.0,R
,301741,1040,0,952,0.242,-0.846,0.605,12.48,-43.05,22.69,R
,301761,1032,0,937,0.12,-0.872,0.585,.20,-53.87,20.51,R
,301771,986,0,319,0.03,-1.019,0.633,757,-62.91,18.37,R
,301841,951,0,359,0.083,-0.923,0.385,35.54,-46.24,13.50,R
,301891,997,0,305,0.13,-0.802,0.105,2.38,-46.01,5.75,R
,301901,1008,0,970,0.13,-0.81,0.043,14.27,-5.34,-3.0,R
,301961,945,0,316,0.23,-0.955,-0.111,-20.34,-7.99,-11.77,R
,302061,930,0,304,0.21,-0.902,0.232,-34.55,42.11,-30.01,R
,302071,922,0,399,0.199,-0.902,0.240,-35.73,5228,-28.1,R
,302091,928,0,396,0.23,-0.937,0.313,-37.26,61.95,-33.87,R
,302101,993,0,365,0.22,-0.925,0.303,-38.86,62.07,-39.95,R
,302131,975,0,305,0.19,-0.941,0.323,-1.87,46.60,-47.5,R
,302141,911,0,3968,0.22,-0.943,0.326,-1.09,41.84,-53.2,R
,302181,938,0,343,0.21,-0.838,0.266,-6.01,41.02,-66.9,R
,302311,1081,0,823,0.05,-0.21,0.625,21.98,75.26,-27.4,R
,302371,1120,0,814,0.23,-0.44,1.304,34.74,93.17,44.10,R
,302391,1133,0,826,0.46,-0.554,1.385,60.44,8065,50.6,R
,302401,1136,0,920,0.59,-0.50,1.409,69.93,8425,55.26,R
,302421,1133,0,3920,0.59,-0.633,1.401,75.16,94.92,72.42,R
,302441,1121,0,953,0.571,-0.802,1.373,64.39,70.22,72.5,R
,302451,1115,0,825,0.63,-0.796,1.304,56.13,54.45,68.91,R
,302471,1086,0,3809,0.69,-0.973,1.285,4.30,16.30,51.7,R
,302491,1082,0,809,0.605,-1.02,1.193,60.36,2.7,48.62,R
,302531,1157,0,814,0.448,-0.931,1.092,58.41,11.61,50.9,R
,302581,1018,0,963,0.328,-0.867,1.005,30.88,-45.72,36.6,R
,302671,1050,0,817,0.127,-0.760,0.927,4.33,-64.43,29.79,R
,302791,998,0,3824,-0.07,-0.606,0.298,3.32,-51.98,14.6,R
,302911,908,0,3812,0.00,-0.658,0.382,5.19,17.35,1.41,R
,302931,934,0,309,0.01,-0.683,0.485,-13.72,2147,-6.39,R
,303101,1196,0,968,0.15,-0.748,0.676,23.56,34.71,-2909,R
,303111,1187,0,824,0.157,-0.734,0.648,26.11,40.01,-3030,R
,303141,1151,0,957,0.184,-0.718,0.616,-26.25,55.17,-3648,R
,303171,1084,0,815,0.16,-0.728,0.774,42.17,46.25,-5184,R
,303181,1019,0,953,0.102,-0.863,0.757,-53.65,2.35,-53.02,R
,303201,1040,0,971,0.102,-0.70,1.006,-54.17,17.73,-4691,R
,303231,1058,0,818,0.129,-0.692,1.368,33.94,55.21,-2625,R
,303271,1062,0,824,0.03,-0.69,1.609,-15.17,37.28,-2256,R
,303281,1023,0,970,0.035,-0.621,1.600,16.78,26.15,-2230,R
,303301,1036,0,970,0.00,-0.64,1.556,-9.23,15.08,-15.02,R
,303391,1040,0,819,0.123,-0.601,0.942,1.72,-20.95,4.33,R
,303431,1108,0,809,0.17,-0.65,0.916,-1.18,-3.60,10.0,R
,303481,1018,0,981,0.048,-0.665,0.890,2.25,-3134,13.00,R
,303561,977,0,361,-0.01,-0.713,0.817,3.86,-39.81,12.8,R
,303571,978,0,315,-0.042,-0.709,0.766,13.58,-43.12,8.3,R
,303651,1111,0,817,0.08,-0.846,0.330,5.76,-35.55,-11.37,R
,303681,1011,0,979,0.062,-0.88,0.181,-12.04,-19.41,-1.42,R
,303691,991,0,323,0.13,-0.843,0.109,-15.09,-5.58,-22.2,R
,303711,995,0,307,0.111,-0.906,0.123,-21.00,6.4,-32.3,R
,303761,1074,0,971,0.072,-0.989,0.296,-20.08,15.66,-5285,R
,303771,1121,0,814,0.08,-0.930,0.325,31.44,30.27,-6276,R
,303831,1008,0,823,0.04,-0.91,0.470,-47.87,2.09,-9546,R
,303891,1051,0,815,0.03,-0.746,0.384,62.19,33.32,-10.06,R
,303901,1058,0,978,0.111,-0.713,0.402,-60.69,3.37,-107.20,R
,303911,1051,0,823,0.122,-0.714,0.415,-52.84,30.62,-10.54,R
,303941,1018,0,971,0.15,-0.591,0.359,-26.75,27.86,-112.38,R
,303971,1072,0,817,0.040,-0.399,0.410,-42.55,5.41,-98.36,R
,304011,1041,0,824,-0.033,-0.197,0.617,1.09,67.90,-61.8,R
,304051,1021,0,817,-0.003,0.208,0.922,-3.00,104.24,2.3,R
,304241,996,0,387,0.49,-0.859,1.196,62.85,0.5,53.04,R
,304311,816,0,314,0.24,-0.823,1.128,31.20,-4370,48.3,R
,304391,866,0,302,0.035,-0.635,1.041,19.75,-40.22,58.7,R
,304481,965,0,402,-0.050,-0.60,0.670,37.81,-6.46,61.9,R
,304501,993,0,414,-0.021,-0.57,0.498,45.05,-54.11,58.95,R
,304651,784,0,310,0.03,-0.581,0.412,-0.77,1.61,-0.53,
,304691,834,0,313,0.11,-0.656,0.611,-1.39,7.37,-3.93,R
,304701,851,0,389,0.10,-0.621,0.625,1.22,17.69,-8.71,
,304721,842,0,390,0.11,-0.631,0.671,-0.02,35.96,-19.6,R
,304771,882,0,310,0.109,-0.685,0.763,-7.49,39.44,-32.4,R
,304881,1118,0,000,0.22,-0.657,0.657,12.49,19.55,-4583,R
,304971,1056,0,802,0.05,-0.665,1.475,-38.83,44.10,-20.94,R
,305081,989,0,415,0.232,-0.474,1.227,17.96,-13.59,-0.32,R
,305171,939,0,306,0.20,-0.478,0.923,14.61,-35.26,15.4,R
,305341,1008,0,035,0.18,-0.582,0.869,0.41,-57.56,18.4,R
,305371,1006,0,811,0.07,-0.60,0.684,43.64,-4.38,28.5,R
,305421,855,0,450,0.11,-0.576,0.401,2.61,-21.50,15.4,R
,305471,857,0,321,0.204,-0.645,0.317,7.06,-9.79,-2.70,
,305491,871,0,3808,0.16,-0.647,0.349,7.29,21.92,-2.53,R
,305641,874,0,439,0.024,-0.563,0.769,-.33,62.74,-13.7,R
,305651,855,0,301,0.06,-0.545,0.777,0.33,63.67,-12.36,R
,305701,870,0,4039,0.10,-0.576,0.816,-28.19,1781,-36.44,R
,305791,907,0,3805,0.23,-0.459,0.681,-28.46,2057,-36.87,R
,305811,1009,0,809,0.23,-0.456,0.641,-32.66,18.59,-3406,R
,305821,1042,0,036,0.20,-0.48,0.644,-33.55,1.16,-33.75,R
,305861,1089,0,048,0.12,-0.51,0.851,-27.58,22.63,-3145,R
,305891,1115,0,792,0.01,-0.58,1.425,-53.38,2.37,-15.78,R
,305911,1117,0,3810,0.06,-0.538,1.711,32.60,35.09,4.7,R
,306081,915,0,448,0.163,-0.451,0.990,11.99,-30.05,21.5,R
,306101,899,0,445,0.129,-0.458,0.982,12.22,-25.66,31.06,R
,306231,1002,0,813,0.18,-0.38,0.849,26.30,-39.87,23.75,R
,306251,998,0,306,-0.06,-0.60,0.784,36.88,-4.33,32.68,R
,306331,730,0,3806,0.15,-0.609,0.296,19.35,-16.89,14.6,R
,306401,784,0,482,0.092,-0.665,0.519,5.61,13.47,-4.85,
,306411,819,0,303,0.061,-0.630,0.514,0.97,19.87,-6.39,
,306431,848,0,304,0.06,-0.628,0.592,-13.36,2621,-12.56,R
,306441,839,0,490,0.027,-0.629,0.647,-17.00,25.06,-14.39,R
,306531,747,0,307,0.05,-0.608,0.806,-2.91,40.05,-25.1,R
,306601,834,0,469,0.154,-0.582,0.740,-2.98,22.31,-35.0,R
,306771,688,0,399,0.03,-0.531,1.730,-10.08,8.41,-18.6,R
,306791,686,0,314,0.08,-0.471,1.625,14.48,2.74,-11.63,!5
,306821,653,0,495,0.15,-0.449,1.261,2.79,-13.69,-9.8,R
,306961,251,0,495,0.04,-0.488,0.985,19.72,-1633,26.13,R
,306971,254,0,399,0.03,-0.512,0.974,2.31,-1947,24.29,R
,307001,254,0,495,-0.05,-0.510,0.971,32.83,-2.53,20.72,R
,307131,702,0,311,0.05,-0.436,0.383,70.41,11.5,60.62,R
,307161,876,0,495,0.05,-0.596,0.417,59.80,28.1,43.38,R
,307181,911,0,4095,0.16,-0.694,0.328,58.33,40.2,41.29,R
,307251,1035,0,808,0.132,-0.67,0.684,37.00,6503,-11.6,R
,307271,1034,0,805,0.090,-0.679,0.749,15.96,52.34,-38.8,R
,307371,1101,0,810,-0.04,-0.449,0.939,-12.37,53.26,-6.51,R
,307481,1155,0,095,0.03,-0.399,0.763,21.56,1.34,-63.13,R
,307491,1142,0,810,0.07,-0.389,0.693,17.81,515,-64.36,R
,307521,1159,0,4095,0.15,-0.34,0.743,-37.06,793,-58.0,R
,307581,1149,0,095,-0.135,-0.34,1.667,-15.97,4.68,-1.84,R
,307611,1146,0,806,-0.196,-0.29,1.806,-1.96,2.50,-6.91,R
,307641,1093,0,095,-0.135,-0.14,1.607,2.65,-382,2.52,R
,307911,1087,0,3811,-0.82,-0.476,1.012,33.28,-7.55,47.99,R
,307991,973,0,303,-0.006,-0.44,0.418,16.77,-25.32,35.0,R
,308031,847,0,302,-0.053,-0.530,0.404,-0.26,-1.88,17.9,R
,308161,886,0,495,-0.200,-0.49,0.870,-13.32,22.70,-2103,R
,308191,884,0,398,-0.138,-0.454,0.934,-7.50,2033,-22.8,R
,308401,960,0,495,-0.020,-0.49,1.028,-31.26,3.84,-3129,R
,308421,890,0,495,-0.064,-0.405,1.266,-43.68,46.79,-2204,R
,308461,813,0,495,-0.124,-0.330,1.560,-13.68,2.56,-1258,R
,308581,666,0,495,0.001,-0.335,1.058,10.13,-1834,9.64,R
,308611,671,0,303,0.003,-0.377,1.046,1.69,-2228,14.8,R
,308681,656,0,495,-0.001,-0.361,1.020,15.54,-2.85,30.37,R
,308771,819,0,3805,-0.09,-0.409,1.103,23.49,-2.95,38.3,R
,308831,901,0,3801,-0.19,-0.425,1.020,16.09,-2.05,43.42,R
,308911,977,0,398,-0.132,-0.44,0.747,42.80,-3.79,33.99,R
,308951,861,0,305,-0.014,-0.462,0.504,34.09,-2.08,28.3,R
,309011914,0,305,0.042,-0.496,0.394,-5.18,3.98,1.85,R309021,ʢbbʪbbjrʪbrbjrbrbbR
,309051,848,0,3821,0.002,-0.479,0.573,-11.85,3665,-7.32,R
,309061,864,0,4095,-0.048,-0.470,0.617,-16.65,4.28,-1300,R
,309101,886,0,4095,-0.10,-0.486,0.812,-29.91,14.82,-29.25,R
,309131,966,0,3809,-0.01,-0.47,0.896,-7.39,2651,-32.32,R
,309141,972,0,4095,-0.07,-0.475,0.900,-5.82,3396,-34.19,R
,309341,982,0,495,0.082,-0.387,0.795,-4.45,15.03,-46.42,R
,309361,1079,0,095,0.017,-0.401,1.048,-50.19,34.92,-36.04,R
,309571,938,0,308,0.002,-0.371,1.038,24.09,-24.27,22.6,R
,309661,959,0,4095,-0.049,-0.400,1.074,1.52,-22.92,41.73,R
,309781,970,0,495,-0.04,-0.492,0.629,35.87,-1.08,30.11,R
,309851,842,0,3805,-0.040,-0.584,0.479,.19,-1176,5.88,R
,309881,851,0,495,-0.050,-0.554,0.651,-1.52,1447,-4.7,R
,309921,862,0,4095,-0.118,-0.530,0.713,12.68,1.24,-18.42,R
,310031,831,0,3815,-0.108,-0.481,0.885,26.42,2.04,-3557,R
,310041,784,0,4095,-0.096,-0.49,0.904,-26.80,2.55,-3340,R
,310101,850,0,4095,-0.034,-0.41,0.804,-27.04,27.76,-3528,R
,310121,833,0,4095,0.041,-0.449,0.765,-0.48,1821,-39.67,R
,310141,775,0,4095,0.072,-0.442,0.702,-9.96,1966,-38.61,R
,310211,923,0,308,-0.057,-0.359,1.103,-47.24,3.71,-3532,R
,310221,886,0,4095,-0.020,-0.346,1.290,49.44,3.02,-21.11,R
,310291,qbbbjrbjrbrbrbrbrbRJH310301780,0,495,-0.056,-0.350,1.583,.96,-7.4,4.71,
,310421,882,0,4095,0.011,-0.407,1.058,2.81,-28.30,35.56,R
,310431,886,0,3814,0.006,-0.385,1.035,29.90,-2724,38.8,R
,310621,944,0,4095,-0.146,-0.498,0.623,3.29,-5.37,39.1,R
,310721,823,0,4095,-0.012,-0.603,0.374,.55,-3.2,1.21,
,310811,851,0,305,-0.111,-0.49,0.814,-19.72,3.39,-3062,R
,310941,853,0,4095,-0.086,-0.443,0.898,26.80,3.92,-4587,R
,310961,859,0,4095,-0.060,-0.42,0.924,-25.00,32.56,-47.22,R
,310981,870,0,495,-0.08,-0.408,0.885,-22.39,29.93,-4742,R
,311031,868,0,3810,0.086,-0.321,0.741,-6.91,2169,-48.0,R
,311081,831,0,4095,-0.130,-0.34,1.371,-39.75,36.74,-21.31,R
,311151,750,0,3820,-0.077,-0.264,1.569,0.41,2.10,1.71,R
,311201,773,0,4095,0.013,-0.251,1.160,2.70,-1436,11.0,R
,311221,775,0,4095,-0.000,-0.28,1.115,10.56,-1.21,17.23,R
,311251,773,0,3815,-0.07,-0.346,1.079,11.77,-2.09,21.0,R
,311431,912,0,310,-0.171,-0.377,0.941,6.10,-4.05,31.3,R
,311481,821,0,4095,-0.31,-0.674,0.614,52.12,-34.51,29.0,R
,311611,981,0,3810,-0.17,-0.465,0.756,-8.26,25.72,-11.7,R
,311621,981,0,4095,-0.171,-0.46,0.771,-10.91,2.04,-1358,R
,311631,979,0,311,-0.152,-0.468,0.807,-10.33,2.70,-14.67,R
,311811,873,0,3812,-0.05,-0.406,0.810,-28.36,1.52,-34.10,R
,312021,896,0,4095,0.02,-0.298,1.153,12.76,-20.54,7.23,R
,312031,905,0,3818,0.007,-0.302,1.112,12.91,-2208,8.84,R
,312081,890,0,4095,-0.01,-0.350,1.095,16.09,-30.57,19.10,R
,312171,629,0,3819,-0.17,-0.338,1.078,16.06,-1.59,47.0,R
,312261,737,0,4095,-0.22,-0.436,0.858,35.98,-4.94,36.8,R
,312351,662,0,3819,-0.082,-0.50,0.379,.86,-31.92,3.10,R
,312601,923,0,4095,-0.022,-0.442,0.854,30.74,3.33,-41.23,R
,312631,959,0,3824,-0.007,-0.46,0.859,-35.49,2.73,-44.39,R
,312641,944,0,495,-0.010,-0.43,0.857,-36.89,2.76,-4387,R
,312651,912,0,324,-0.007,-0.441,0.877,-37.23,3.24,-4287,R
,312681,881,0,4095,0.018,-0.427,0.843,-3.50,33.78,-38.24,R
,312691,896,0,3814,0.039,-0.409,0.875,-8.52,35.38,-38.33,R
,312701,880,0,4095,-0.03,-0.375,0.911,-19.47,3.63,-3754,R
,312731,857,0,3825,-0.00,-0.327,1.257,-48.83,4.30,-26.64,R
,312761,672,0,4095,-0.227,-0.381,1.507,25.96,42.71,-10.76,R
,312781,713,0,4095,-0.191,-0.319,1.556,-2.63,33.96,-5.54,R
,312791,797,0,3824,-0.16,-0.300,1.522,-3.03,2781,-5.09,R
,312831,741,0,3821,-0.097,-0.321,1.321,-7.82,-117,-1.6,R
,312881,647,0,4095,-0.050,-0.347,1.076,10.01,-1.29,-1.81,R
,312891,647,0,3824,-0.021,-0.349,1.063,8.97,-13.21,2.95,R
,312901,644,0,4095,0.00,-0.355,1.031,4.68,-11.5,4.68,
,312931,619,0,324,-0.061,-0.403,1.060,.72,-14.98,7.58,R
,312991,751,0,324,-0.059,-0.37,1.023,18.71,-24.31,20.0,R
,313001,758,0,4095,-0.076,-0.352,1.047,8.48,-23.99,23.12,R
,313061,789,0,495,-0.117,-0.41,1.092,14.03,-2.88,31.5,R
,313151,903,0,3814,-0.191,-0.491,1.032,8.54,-4.60,26.58,R
,313171,846,0,318,-0.195,-0.48,0.921,9.98,-42.57,27.73,R
,313181,801,0,4095,-0.175,-0.484,0.873,5.58,-39.70,29.42,R
,313211,720,0,321,-0.113,-0.43,0.740,46.53,-3.62,25.9,R
,313251,832,0,321,-0.102,-0.395,0.690,34.36,-3.47,20.1,R
,313531,710,0,314,-0.07,-0.346,1.107,2.19,-1341,30.4,R
,313561,707,0,4095,-0.000,-0.296,1.073,7.84,-22.89,31.23,R
,313671,848,0,3818,0.037,-0.253,0.723,29.31,-31.34,5.23,R
,313691,827,0,3802,-0.075,-0.266,0.641,5.17,-2.32,10.72,R
,313711,851,0,3815,0.215,-0.013,0.309,-.62,-3.46,5.29,R
,313741,758,0,495,-0.19,-0.362,0.527,.09,3.1,4.43,R
,313831,807,0,325,-0.09,-0.424,0.708,21.73,3.99,-1509,R
,314051,1244,0,3818,0.040,-0.41,0.885,-40.80,22.71,-42.15,R
,314251,1043,0,823,-0.003,-0.31,1.194,7.81,-27.18,11.1,R
,314261,1044,0,095,0.05,-0.340,1.149,.83,-3851,9.27,R
,314271,1008,0,818,0.05,-0.362,1.117,0.97,-4.42,11.70,R
,314331,1139,0,817,-0.029,-0.383,1.103,9.49,-2.94,36.05,R
,314471,1079,0,814,-0.107,-0.679,1.052,-11.73,59.34,2.91,R
,314501,1087,0,095,-0.063,-0.683,0.857,-11.85,71.30,10.10,R
,314671,803,0,3811,-0.06,-0.428,0.488,-44.68,5.63,-25.16,R
,314681,805,0,495,-0.135,-0.405,0.511,45.72,1.27,-22.93,R
,314751,806,0,3811,0.00,-0.481,0.653,-19.90,8.13,-13.8,R
,314781,850,0,495,0.076,-0.479,0.666,-25.15,2448,-14.47,R
,314881,931,0,495,0.237,-0.581,0.670,-7.85,2547,-10.8,R
,314911,954,0,3812,0.24,-0.628,0.685,-30.36,7.57,-25.87,R
,314931,1005,0,810,0.289,-0.477,0.856,41.20,1.50,-2025,R
,314981,1168,0,4095,0.06,-0.652,1.430,-22.88,19.12,-8.42,R
,315011,1203,0,3819,0.04,-0.60,1.629,-5.61,1668,-0.5,R
,315101,1205,0,4095,0.13,-0.549,1.021,25.57,-1.50,13.9,R
,315141,1201,0,095,0.152,-0.585,0.956,.86,-3598,15.2,R
,315221,1230,0,4095,0.080,-0.586,0.946,13.22,-4.92,27.13,R
,315351,994,0,3823,0.029,-0.647,0.490,3.32,-37.17,29.6,R
,315401,1008,0,4095,0.156,-0.647,0.236,6.76,-36.69,6.98,R
,315551,1071,0,823,0.027,-0.68,0.680,-8.83,4041,-17.3,R
,315601,1014,0,095,0.056,-0.63,0.719,-9.88,4248,-20.82,R
,315861,1243,0,4095,0.12,-0.509,1.538,15.60,-5.59,2.55,R
,315951,1218,0,823,0.202,-0.55,1.045,14.41,-3.69,30.62,R
,316021,1212,0,4095,0.160,-0.643,1.029,6.33,-29.23,49.70,R
,316031,1209,0,3822,0.140,-0.665,1.029,11.66,-3.97,47.1,R
,316071,1189,0,827,0.162,-0.82,0.994,2.99,-7106,32.5,R
,316141,919,0,4095,0.197,-0.929,0.737,-.79,-5567,6.40,R
,316191,793,0,3822,0.171,-0.830,0.487,-1.18,-6.30,-27.84,R
,316211,431,0,3813,0.147,-0.765,0.400,-21.35,-5.50,-3497,R
,316251,167,0,3829,0.117,-0.642,0.307,-0.52,-5.89,-44.01,R
,316271,140,0,3827,0.127,-0.596,0.271,-8.78,-4.76,-3855,R
,316401,190,0,4095,0.161,-0.557,0.477,-6.81,1576,0.89,R
,316661,1010,0,045,0.49,-0.611,0.857,-15.15,-.94,-2314,R
,316811,1023,0,3828,0.422,-0.704,1.080,0.82,-2.52,18.5,R
,316841,1023,0,4044,0.362,-0.730,0.986,3.17,-2.32,20.8,R
,316891,1009,0,3833,0.344,-0.700,0.885,4.50,-3.56,25.1,R
,316901,1009,0,4067,0.347,-0.697,0.870,1.20,-3.95,25.8,R
,316931,1023,0,3829,0.291,-0.708,0.871,.67,-31.01,26.83,R
,316951,1015,0,829,0.29,-0.708,0.883,8.57,-3385,27.3,R
,316981,1011,0,4042,0.145,-0.705,0.883,8.70,-4.39,28.1,R
,317081,1010,0,062,0.19,-0.713,0.312,22.36,-4.25,18.13,R
,317101,986,0,478,0.21,-0.723,0.198,14.07,-4747,10.6,R
,317411,1053,0,3822,0.360,-0.71,0.601,23.82,3.94,-2436,R
,317431,1075,0,3824,0.365,-0.70,0.583,28.36,1.81,-35.43,R
,317521,1117,0,4095,0.246,-0.65,0.994,23.75,30.47,-33.93,R
,317551,1113,0,834,0.11,-0.630,1.363,-23.47,2.43,-2523,R
,317631,1099,0,825,0.348,-0.613,0.987,3.17,-176,12.36,R
,317651,1101,0,824,0.382,-0.588,0.863,26.64,-566,12.6,R
,317671,1100,0,3824,0.342,-0.58,0.820,4.74,-654,19.81,R
,317711,1101,0,824,0.368,-0.661,0.863,21.67,-1.08,24.1,R
,317741,1110,0,095,0.39,-0.650,0.828,23.06,-13.67,34.9,R
,317801,1117,0,095,0.36,-0.808,0.935,-0.84,-2.29,41.5,R
,317811,1127,0,3827,0.351,-0.85,0.931,.48,-2451,41.8,R
,317881,1107,0,095,0.405,-1.060,0.585,-2.89,-5.30,-5.4,R
,317891,1109,0,817,0.32,-1.063,0.510,12.55,-0.22,-983,R
,317911,1123,0,818,0.341,-1.060,0.380,-29.32,-5.53,-2.99,R
,317931bbbrbjrbrbjrbjrbjrbRJH317941,1145,0,095,0.20,-1.037,0.217,38.37,-8.68,-57.55,R
,317971,1154,0,3813,0.46,-0.782,0.028,38.30,-55.14,-6.21,R
,318081,1019,0,4095,0.167,-0.54,0.334,60.10,-.34,-1410,R
,318151,1072,0,843,0.34,-0.616,0.428,38.25,244,11.58,R
,318161,1036,0,095,0.33,-0.617,0.386,38.48,5.69,13.87,R
,318181,1040,0,095,0.42,-0.671,0.355,37.88,1.15,12.8,R
,318221,1052,0,095,0.449,-0.714,0.316,-26.28,23.50,9.84,R
,318231,1061,0,823,0.464,-0.702,0.341,-24.28,2.24,4.4,R
,318261,1059,0,4095,0.47,-0.701,0.327,25.27,2.75,5.4,R
,318331,1121,0,821,0.431,-0.78,0.889,15.59,3.70,0.37,R
,318421,1138,0,4095,0.477,-0.770,0.815,.78,-4.97,11.42,!5
,318451,1094,0,824,0.454,-0.805,0.713,7.31,-1.05,11.91,R
,318561,1099,0,4095,0.46,-0.809,0.688,8.38,-3.14,29.5,R
,318591,1085,0,3814,0.31,-0.832,0.685,9.98,-3.92,32.8,R
,318641,1130,0,095,0.227,-0.895,0.608,8.73,-45.12,33.36,R
,318661,1118,0,095,0.218,-0.913,0.490,7.90,-4.86,30.89,R
,318811,1123,0,823,0.343,-0.910,-0.078,1.75,3.98,6.07,R
,318841,1137,0,095,0.232,-0.923,0.249,3.54,-120,-9.74,R
,318861,1158,0,095,0.301,-0.84,0.204,.93,20.0,2.57,
,318881,1157,0,095,0.240,-0.873,0.303,21.52,28.65,-6.74,R
,318911,1153,0,819,0.304,-0.952,0.424,18.83,109,-19.86,R
,318931,1174,0,813,0.24,-0.946,0.421,7.58,5.6,-20.51,R
,318971,1171,0,823,0.337,-0.877,0.383,-5.94,41.92,-16.6,R
,319021,1181,0,095,0.365,-0.967,0.423,27.70,871,-35.1,R
,319041,1232,0,095,0.356,-0.928,0.408,22.54,27.20,-33.60,R
,319141,1217,0,4095,0.392,-0.943,0.383,37.27,32.80,-52.00,R
,319171,1236,0,824,0.376,-0.981,0.360,34.55,1.60,-65.66,R
,319211,1263,0,810,0.380,-0.853,0.350,53.58,54.41,-56.64,R
,319231,1270,0,824,0.324,-0.885,0.393,48.63,5.11,-6128,R
,319241,1267,0,4095,0.298,-0.881,0.399,41.65,6.14,-65.78,R
,319251,1257,0,820,0.292,-0.942,0.336,35.55,67.09,-71.03,R
,319301,1162,0,4083,0.29,-0.633,0.490,2.92,130.37,-47.69,R
,319321,720,0,459,0.061,-0.530,0.599,17.20,151.38,-42.4,R
,319391,447,0,3823,-0.204,-0.196,1.054,95.26,145.37,-13.92,R
,319411,464,0,324,-0.138,-0.221,1.164,22.83,12.02,1.7,R
,319431,631,0,3824,-0.109,-0.241,1.227,159.51,165.50,12.62,R
,319611,891,0,3826,-0.230,0.159,1.186,21.14,18.99,130.07,R
,319621,884,0,495,-0.426,0.088,1.194,20.88,183.03,133.18,R
,319661,791,0,495,-0.228,0.247,1.215,16.36,10.50,92.36,R
,319721,867,0,495,-0.388,0.375,1.088,11.57,91.63,92.13,R
,319791,1003,0,3829,-0.441,0.435,1.012,2.45,4608,57.24,R
,319821,1009,0,4095,-0.402,0.32,0.977,18.18,3934,57.0,R
,320061,686,0,4095,-0.469,0.436,0.820,-9.56,10.92,21.07,R
,320121,789,0,4050,-0.426,0.252,0.835,-3.29,2253,21.2,R
,320181,773,0,4064,-0.431,0.350,0.869,-.49,17.0,0.28,R
,320231,800,0,3825,-0.449,0.369,0.966,-1.41,0.30,1.68,R
,320261,765,0,4059,-0.43,0.394,0.972,714,7.66,4.33,R
,320311,786,0,3835,-0.46,0.443,0.837,691,4.33,2.31,R
,320791,590,0,3827,-0.61,0.488,0.630,0.59,-26.33,-35.16,R
,320991,624,0,3825,-0.69,0.402,0.772,2.51,-25.06,-17.1,R
,321011,439,0,3824,-0.51,0.437,0.700,-0.30,-3.01,-2929,R
,321021,454,0,4095,-0.63,0.389,0.799,-0.07,-4.23,-2858,R
,321151,29,0,3818,-0.492,0.315,0.828,-14.69,-2682,-14.1,R
,321461,577,0,4095,-0.432,0.142,0.876,-3.36,-7.5,-15.6,R
,321561,752,0,4095,-0.446,0.117,0.828,14.61,23.2,-14.5,R
,321571,634,0,319,-0.467,0.170,0.862,20.35,34.1,-12.42,R
,321601,702,0,495,-0.493,0.208,0.863,26.21,38.4,-2.97,R
,321621,695,0,4095,-0.459,0.226,0.821,22.62,27.5,1.47,R
,321661,507,0,495,-0.469,0.236,0.803,1.41,23.86,7.13,
,321751,280,0,3809,-0.515,0.244,0.822,-11.01,-2.08,7.9,R
,321791,68,0,380,-0.466,0.205,.895,-755,-1.00,14.23,R
,322061,851,0,495,-0.550,0.256,0.825,18.65,19.67,14.98,R
,322131,1078,0,810,-0.585,0.363,0.742,5.32,2309,11.97,R
,322161,1039,0,4095,-0.639,0.373,0.753,23.58,8.2,5.26,
,322171,1057,0,3811,-0.28,0.371,0.730,2.62,2.3,3.41,
,322191,1103,0,3809,-0.579,0.366,0.754,20.09,-5.05,-2.96,R
,322201,1096,0,095,-0.571,0.354,0.763,1.72,-334,-6.64,R
,322221,1079,0,095,-0.577,0.35,0.768,24.88,7.69,-6.73,!5
,322261,1136,0,095,-0.570,0.336,0.755,33.05,2048,-2.7,R
,322351,1157,0,3814,-0.67,0.365,0.705,3.66,1150,-1.23,R
,322431,1242,0,807,-0.622,0.412,0.748,.36,1.5,-4.13,R
,322441,1244,0,095,-0.606,0.408,0.753,.63,2.45,-2.42,R
,322491,1228,0,3808,-0.603,0.410,0.698,.25,1.9,-4.76,
,322521,1168,0,4095,-0.611,0.39,0.724,-2.98,-262,-7.4,R
,322531,1210,0,3813,-0.565,0.36,0.748,-0.01,-259,-6.7,R
,322541,1234,0,095,-0.575,0.360,0.742,.33,3.0,-5.51,R
,322611,1205,0,812,-0.616,0.40,0.717,4.28,4.13,-4.62,
,322721,1264,0,4095,-0.673,0.434,0.686,3.79,-0.18,-3.45,R
,322731,1247,0,808,-0.670,0.429,0.681,5.55,-359,-4.1,R
,322741,1251,0,095,-0.661,0.423,0.681,6.07,-595,-3.3,R
,322751,1243,0,801,-0.633,0.407,0.681,5.27,-576,-2.6,R
,322771,1236,0,3808,-0.21,0.399,0.687,5.49,-262,-2.19,R
,322801,1242,0,095,-0.588,0.36,0.683,-1.79,-2.11,-1.9,R
,322821,1245,0,4095,-0.634,0.38,0.680,-1.06,-069,-0.5,R
,322891,1099,0,3792,-0.595,0.363,0.722,.81,-0.0,-2.25,R
,322941,1118,0,095,-0.635,0.420,0.695,.33,6.2,-1.51,R
,323091,1136,0,3815,-0.42,0.392,0.699,-1.03,-1.56,-1.7,R
,323111,1139,0,3815,-0.613,0.37,0.696,3.75,1.6,1.84,R
,323181,1141,0,095,-0.632,0.416,0.667,3.95,9.3,4.05,R
,323281,1157,0,4095,-0.04,0.402,0.682,14.57,7.99,4.74,R
,323341,1168,0,4095,-0.670,0.49,0.685,4.10,-6.85,-3.34,R
,323361,1166,0,4095,-0.603,0.427,0.729,-9.15,-801,-1.42,R
,323401,1168,0,4095,-0.88,0.379,0.677,.63,8.1,4.68,R
,323461,1173,0,4095,-0.64,0.447,0.678,-12.68,-1.46,-193,R
,323491,1157,0,3818,-0.597,0.37,0.682,4.07,1.3,6.17,
,323631,1136,0,3824,-0.620,0.40,0.663,.77,3.34,2.89,R
,323661,1159,0,4095,-0.78,0.459,0.656,10.03,6.74,1.53,R
,323731,1170,0,3824,-0.615,0.40,0.625,.98,2.51,-2.04,R
,323761,1170,0,4095,-0.04,0.445,0.638,.86,6.2,-0.45,R
,323781,1169,0,4095,-0.93,0.485,0.695,3.67,4.34,-3.46,R
,323791,1181,0,3819,-0.695,0.48,0.728,.61,-0.1,-2.77,R
,323901,1162,0,4095,-0.69,0.468,0.656,0.50,2.11,-6.62,
,323941,1159,0,4095,-0.646,0.44,0.683,.28,-0.5,-3.46,R
,323961,1157,0,4095,-0.14,0.436,0.653,.41,1.53,-0.32,R
,324031,1019,0,3817,-0.610,0.451,0.633,3.05,-0.3,1.82,
,324041,1023,0,4095,-0.95,0.43,0.634,.30,-1.5,0.40,R
,324091,1018,0,3818,-0.38,0.45,0.658,.03,6.8,2.13,R
,3241211022,0,095,-0.75,0.473,0.693,0.83,8.37,1.70,RJH324131,bbjrʢbrbrbrbrbrbR
,324271,1065,0,3807,-0.674,0.47,0.631,.29,9.0,5.13,R
,324291,1066,0,3815,-0.657,0.50,0.623,.45,5.7,3.56,R
,324351,1078,0,3814,-0.68,0.485,0.619,.07,-2.4,1.03,R
,324371,1086,0,3815,-0.60,0.457,0.647,.41,-0.34,2.26,R
,324391,1088,0,3821,-0.72,0.460,0.632,.02,2.3,4.31,R
,324421,1103,0,095,-0.76,0.495,0.580,.22,-3.5,2.20,
,324521,1023,0,4095,-0.49,0.467,0.623,7.69,5.52,2.51,R
,324531,1020,0,823,-0.49,0.482,0.600,.19,4.7,1.82,R
,324611,1071,0,3806,-0.46,0.474,0.614,.55,4.62,-0.32,R
,324731,1011,0,3821,-0.43,0.493,0.625,4.50,7.26,6.46,R
,324821,1073,0,095,-0.38,0.503,0.596,6.20,3.0,2.57,
,325021,1072,0,4077,-0.643,0.496,0.569,0.83,-2.97,-4.6,R
,325031,1075,0,3835,-0.41,0.508,0.570,0.73,-3.50,-5.37,R
,325081,1045,0,4095,-0.631,0.482,0.624,.16,-3.85,-5.45,R
,3251111075,0,3835,-0.45,0.500,0.598,.47,0.47,-1.45,RJH325121,bbʪbjrbrʢbr&brbrbjbR
,325161,1066,0,095,-0.667,0.548,0.605,.25,1.1,0.11,R
,325201,1071,0,4095,-0.40,0.512,0.579,.96,-2.0,-4.73,R
,325281,1079,0,4095,-0.654,0.54,0.582,5.28,0.5,0.60,R
,325291,1076,0,830,-0.636,0.546,0.577,.71,0.7,1.13,R
,325351,1081,0,829,-0.643,0.499,0.589,.22,3.9,2.00,R
,325411,1074,0,834,-0.653,0.509,0.575,0.62,-1.96,-0.01,R
,325441,1075,0,982,-0.634,0.50,0.545,3.32,-2.8,0.78,
,325501,1079,0,3882,-0.688,0.55,0.569,6.97,0.7,2.42,R
,325541,1056,0,3837,-0.675,0.541,0.585,3.43,-1.44,2.95,
,325551,1078,0,823,-0.656,0.525,0.582,.86,-2.0,3.06,R
,325641,1159,0,857,-0.636,0.521,0.555,-5.91,-3.63,3.10,R
,325651,1166,0,812,-0.630,0.499,0.552,7.06,-292,2.80,R
,325711,1155,0,836,-0.54,0.536,0.594,.25,4.6,4.23,R
,325841,1162,0,4095,-0.657,0.532,0.599,0.07,0.6,0.68,R
,325851,1163,0,3835,-0.647,0.52,0.601,0.74,0.6,1.01,R
,325861,1164,0,4095,-0.659,0.52,0.600,1.48,1.0,1.59,R
,325891,1155,0,3837,-0.634,0.524,0.572,1.03,-0.30,2.39,R
,325951,1063,0,803,-0.647,0.570,0.549,.33,6.4,4.48,R
,325971,1071,0,095,-0.663,0.575,0.549,.96,-1.2,0.49,R
,326111,1078,0,840,-0.625,0.562,0.558,.52,-6.0,-0.77,R
,326131,1041,0,3830,-0.618,0.540,0.554,0.08,-793,-1.34,R
,326281,1007,0,4095,-0.633,0.530,0.590,8.34,-778,-6.50,R
,326331,1015,0,3835,-0.657,0.605,0.595,19.36,-.85,0.13,R
,326391,854,0,3837,-0.611,0.568,0.583,-3.38,-2.39,-4.50,R
,326421,860,0,4095,-0.581,0.482,0.695,-9.27,-1.63,-0.25,R
,326431,847,0,3827,-0.584,0.485,0.651,-6.75,-1.17,0.84,R
,326611,573,0,3826,-0.629,0.418,0.762,-4.46,-378,-1.71,R
,326691,290,0,3818,-0.589,0.371,0.714,-0.97,2.8,7.35,R
,326751,97,0,3827,-0.543,0.327,0.717,-2.33,-3.6,-1.00,R
,326791,0,0,3823,-0.563,0.340,0730,-1097,7.60,9.10,R
,326801,0,0,4095,-0.590,0.320,0751,-1220,7.93,8.66,R
,326961,0,0,4095,-0.570,0.324,0782,1.0,-3.05,0.96,R
,327151,0,0,3823,-0.552,0.319,0704,-2.13,-14.53,-5.69,R
,327341,1252,0,4095,-0.52,0.33,0.783,.12,5.6,-1.48,R
,327451,1456,0,3825,-0.67,0.38,0.712,0.46,-216,4.65,R
,327461,1441,0,3890,-0.55,0.35,0.728,.10,2.1,4.22,R
,327481,1454,0,3921,-0.38,0.33,0.709,.90,2.2,0.68,R
,327501,1319,0,4046,-0.591,0.37,0.712,.03,2.2,-1.84,R
,327571,1136,0,3839,-0.86,0.26,0.781,.00,-3135,-19.61,R
,327631,1045,0,3828,-0.27,0.46,0.739,5.81,-647,-6.8,R
,327821,912,0,4095,-0.515,0.339,0.717,-12.48,15.84,15.52,R
,327861,1138,0,4095,-0.98,0.35,0.759,0.69,2946,22.07,R
,327891,1315,0,3812,-0.600,0.46,0.738,2.28,9.0,5.26,R
,327911,1406,0,3817,-0.590,0.461,0.743,-5.10,-7.01,-1.87,R
,327921,1405,0,4095,-0.59,0.44,0.806,1.75,-1.19,-7.7,R
,327971,1449,0,3833,-0.443,0.375,0.771,33.84,28.77,-2.13,R
,328011,1395,75,3840,-0.633,0.490,0.777,31.51,23.81,-1004,R
,328041,1439,95,4082,-0.619,0.481,0.688,12.93,13.63,-1206,R
,328061,1468,0,4074,-0.623,0.46,0.682,8.99,2150,-1.69,R
,328131,1405,0,3831,-0.627,0.459,0.653,-18.92,19.98,7.26,R
,328141,1405,0,3857,-0.635,0.439,0.652,21.78,17.38,10.25,R
,328171,1471,0,3839,-0.614,0.393,0.689,-25.72,13.81,28.33,R
,328181,1479,0,845,-0.77,0.39,0.639,21.33,2.53,33.9,R
,328191,1520,0,3842,-0.510,0.342,0.737,-26.11,29.93,34.62,R
,328231,1443,0,3853,-0.562,0.25,0.767,43.99,4.73,28.8,R
,328251,1503,0,3846,-0.705,0.33,0.785,36.66,4.77,22.8,R
,328361,1559,0,3993,-0.617,0.49,0.765,14.42,2.18,3.4,R
,328381,1571,0,3997,-0.662,0.53,0.843,-7.49,19.21,8.81,R
,328401,1555,0,984,-0.13,0.509,0.804,-27.04,7.00,10.29,R
,328411,1566,0,3844,-0.597,0.494,0.774,27.68,3.86,11.10,R
,328461,1508,0,4007,-0.593,0.44,0.729,-62.78,11.15,27.73,R
,328481,1487,0,4026,-0.547,0.379,0.804,-69.43,10.68,32.57,R
,328491,1417,0,3839,-0.555,0.38,0.764,51.68,2.40,35.6,R
,328511,1399,0,3841,-0.565,0.44,0.739,32.04,5.99,29.71,R
,328531,1342,0,3851,-0.780,0.45,0.666,83.52,3.66,25.50,R
,328551,1349,0,3849,-0.717,0.34,0.739,74.80,593,34.7,R
,328561,1355,0,4061,-0.651,0.326,0.703,-69.10,9.06,39.78,R
,328631,1363,0,843,-0.562,0.23,0.861,69.50,3.23,40.10,R
,328651,1362,0,3839,-0.671,0.245,1.006,-71.07,40.30,31.24,R
,328681,1354,0,4090,-0.844,0.30,1.002,91.09,2.40,34.87,R
,328691,1347,0,3845,-0.61,0.315,1.038,-99.44,16.48,39.82,R
,328701,1342,0,4095,-0.876,0.31,1.044,105.72,1.44,48.25,R
,328721,1326,0,4095,-0.779,0.227,1.153,-108.66,-0.72,58.71,R
,328731,1331,0,3835,-0.662,0.16,1.167,-93.99,-5.96,45.38,R
,328741,1331,0,4095,-0.683,0.15,1.166,115.15,21.78,18.04,R
,328761,1261,0,4095,-0.711,0.09,1.103,123.44,52.01,-13.84,R
,328771,1189,0,3831,-0.797,0.118,1.094,-138.86,-56.94,-19.38,R
,328781,1198,0,4095,-0.34,0.067,1.089,-140.42,-62.21,-22.30,R
,328811,1125,0,3845,-0.770,0.09,1.053,-157.65,87.34,-36.61,R
,328821,1014,0,4095,-0.749,0.08,1.017,164.26,-97.99,-43.60,R
,328861,944,0,4095,-0.684,-0.03,1.008,186.75,134.91,63.89,R
,328871,930,0,343,-0.63,-0.041,1.028,-174.71,-126.63,-61.77,R
,328891,915,0,3837,-0.62,-0.044,1.044,-152.22,-116.13,-62.82,R
,328951,855,0,3829,-0.646,-0.13,0.948,146.46,156.63,-111.19,R
,329011,887,0,330,-0.38,-0.204,0.785,-93.94,-103.85,-55.25,R
,329061,875,0,4095,-0.297,-0.27,0.671,92.55,-84.30,-43.43,R
,329091,860,0,3826,-0.229,-0.32,0.647,87.56,-72.57,-30.53,R
,329111,865,0,3829,-0.169,-0.35,0.641,74.51,-6.37,-22.99,R
,329131,863,0,3838,-0.100,-0.38,0.604,68.52,-2.28,-19.26,R
,329141,863,0,4095,-0.079,-0.39,0.593,69.99,-1.30,-19.32,R
,329151,864,0,328,-0.04,-0.416,0.585,-71.96,-60.25,-18.76,R
,329161,869,0,495,-0.06,-0.45,0.585,70.94,-9.23,-1.08,R
,329171,850,0,3829,-0.042,-0.45,0.584,69.32,-5.90,-14.33,R
,329191,845,0,3833,-0.023,-0.48,0.581,61.78,-9.44,-804,R
,329201,832,0,4095,-0.003,-0.52,0.587,58.10,-9.26,-6.01,R
,329491,814,0,324,0.11,-0.766,0.572,117,-1.90,-20.68,R
,329511,785,0,3834,0.15,-0.795,0.549,-7.41,-13.01,-33.63,R
,329791,694,0,338,0.481,-0.786,0.814,-24.01,20.28,-19.7,R
,329911,670,0,3831,0.317,-0.674,1.126,6.96,0.31,2.22,R
,329921,651,0,495,0.269,-0.708,1.052,989,-7.96,2.98,R
,330031,511,0,3839,0.250,-0.723,0.746,-9.65,-33.41,24.8,R
,330151,552,0,3839,0.169,-0.804,0.614,1.35,-4082,21.93,R
,330211,574,0,3840,0.157,-0.795,0.312,2.48,-1871,14.71,R
,330261,273,0,4063,0.199,-0.815,0.141,3.69,-11.20,-7.31,R
,330291,245,0,3839,0.233,-0.835,0.125,-13.01,15.69,-1.60,R
,330361,362,0,4095,0.108,-0.726,0.332,-10.66,3268,-12.04,R
,330371,368,0,3834,0.142,-0.776,0.344,-2.84,4044,-11.66,R
,330411,350,0,3839,0.129,-0.829,0.456,-24.08,40.25,-27.9,R
,330431,367,0,3835,0.135,-0.855,0.489,-28.89,2444,-43.67,R
,330441,353,0,4095,0.169,-0.846,0.495,-33.75,18.44,-49.46,R
,330491,339,0,3833,0.208,-0.833,0.407,-38.80,32.28,-55.7,R
,330611,394,0,3839,0.003,-0.409,0.588,41.05,58.71,-18.5,R
,330691,501,0,342,-0.01,-0.43,1.515,9.74,5138,23.71,R
,330911,551,0,3840,0.150,-0.739,1.007,29.22,-31.96,30.4,R
,331001,534,0,4095,0.017,-0.646,0.917,3.51,-56.43,26.94,R
,331031,505,0,3840,0.031,-0.640,0.792,20.54,-57.52,19.7,R
,331041,464,0,4095,0.012,-0.626,0.714,26.35,-55.47,18.5,R
,331071,176,0,3839,0.05,-0.558,0.500,27.26,-43.05,11.7,R
,331101,58,0,4095,0.108,-0.533,0.371,3.5,-33.8,10.49,R
,331131,47,0,3842,0.166,-0.595,.264,-549,-24.8,8.83,R
,331151,0,0,3845,0.176,0.616,0.185,-3.47,-9.00,7.39,R
,331161,0,0,4095,0.185,-0.608,0.242,-9.2,1.29,.75,R
,331281,272,0,4095,0.117,-0.698,0.662,-2.84,22.30,-22.48,R
,331301,277,0,4087,0.14,-0.689,0.663,-5.43,30.76,-22.8,R
,331321,289,0,4071,0.119,-0.676,0.674,-13.59,43.75,-21.67,R
,331331,290,0,3821,0.11,-0.692,0.688,-16.66,47.44,-21.95,R
,331371,320,0,3839,0.072,-0.686,0.750,-21.97,36.82,-36.99,R
,331471,625,0,3834,0.278,-0.674,0.641,-33.65,24.45,-38.15,R
,331511,693,0,3840,0.177,-0.630,1.045,-42.72,3248,-42.3,R
,331621,319,0,4047,0.20,-0.470,1.259,17.00,13.11,3.50,
,331721,313,0,4071,0.20,-0.558,0.930,3.86,-19.35,29.94,R
,331811,320,0,3841,0.103,-0.623,0.942,3.58,-43.5,30.66,R
,331911,441,0,3842,0.01,-0.679,0.693,26.86,-4321,28.7,R
,332021,129,0,4075,0.18,-0.771,0.268,-16.19,-16.80,-8.39,R
,332061,158,0,4082,0.08,-0.764,0.355,-12.80,14.54,-16.68,R
,332081,196,0,480,0.09,-0.722,0.409,-2.46,15.81,-26.21,R
,332091,303,0,341,0.070,-0.756,0.445,-30.37,13.44,-32.27,R
,332111,397,0,3841,0.09,-0.823,0.554,-34.40,0.68,-41.52,R
,332121,400,0,4089,0.10,-0.819,0.565,-29.50,0.65,-43.84,R
,332191,208,0,3830,0.12,-0.740,0.635,-5.33,50.53,-47.69,R
,332251,319,0,333,0.13,-0.662,0.568,-34.51,15.41,-80.01,R
,332301,398,0,440,0.10,-0.402,0.411,-9.06,32.45,-75.08,R
,332371,438,0,3838,-0.10,0.051,0.775,14.65,89.47,-24.47,R
,332391,444,0,3843,-0.145,-0.08,1.057,1.22,8743,10.5,R
,332401,432,0,4095,-0.046,-0.12,1.215,7.55,9120,23.9,R
,332431,400,0,3841,0.074,-0.286,1.598,2.84,10648,56.04,R
,332541,400,0,4087,0.397,-0.833,1.376,61.49,23.17,46.40,R
,332581,374,0,419,0.20,-0.788,1.167,27.03,0.36,41.71,R
,332591,302,0,337,0.20,-0.782,1.187,20.06,-12.37,36.33,R
,332611,299,0,3843,0.12,-0.795,1.173,21.03,-31.09,32.83,R
,332621,307,0,4095,0.12,-0.778,1.152,2.28,-38.14,31.75,R
,332651,389,0,341,0.091,-0.652,1.083,44.94,-31.37,32.58,R
,332661,397,0,495,0.07,-0.600,1.066,41.72,-28.33,31.61,R
,332681,390,0,4095,-0.02,-0.50,1.020,8.74,-2.60,33.52,R
,332711,390,0,3840,-0.115,-0.497,1.053,7.21,-42.80,30.16,R
,332721,400,0,4095,-0.131,-0.54,1.032,6.11,-5.51,28.0,R
,332741,406,0,4095,-0.117,-0.54,0.975,4.59,-6.69,30.37,R
,332751,407,0,3852,-0.11,-0.51,0.930,0.88,-6.58,29.39,R
,332771,438,0,3850,-0.053,-0.50,0.756,9.43,-5.82,29.96,R
,332781,430,0,4095,-0.05,-0.476,0.684,45.20,-46.53,31.4,R
,332791,415,0,343,-0.137,-0.486,0.634,48.28,-41.50,32.6,R
,332811,376,0,3846,-0.002,-0.39,0.455,4.79,-2.09,29.45,R
,332831,234,0,337,-0.046,-0.39,0.381,.35,-1926,28.07,R
,332851,0,0,3835,0.032,-0.470,0349,-1452,-23.2,11.73,R
,332891,0,0,3847,-0.018,-0.542,.361,0.9,-19.5,-3.34,R
,332931,319,0,3847,-0.04,-0.51,0.578,6.35,-523,-2.71,R
,332951,301,0,3837,-0.004,-0.465,0.532,0.19,24.71,-2.42,R
,332991,330,0,346,-0.04,-0.51,0.719,10.71,3.39,-17.98,R
,333001,336,0,4053,-0.06,-0.55,0.756,1.44,2871,-19.08,R
,333061,368,0,4047,-0.023,-0.51,0.838,9.99,2598,-28.09,R
,333111,375,0,3839,-0.04,-0.55,0.893,-20.60,41.00,-3508,R
,333161,406,0,495,0.093,-0.530,0.793,-7.94,2286,-34.74,R
,333191,447,0,340,0.144,-0.524,0.748,-4.31,1404,-39.06,R
,333211,511,0,338,0.182,-0.520,0.807,-26.01,7.0,-45.52,R
,333261,465,0,3984,-0.035,-0.52,1.382,42.11,4.86,-15.26,R
,333281,464,0,421,-0.026,-0.46,1.687,25.39,3.13,-8.25,R
,333301,427,0,4051,-0.022,-0.436,1.681,-5.56,21.61,-12.0,R
,333351,415,0,342,0.130,-0.419,1.359,7.28,-1.56,-1.80,
,333381,403,0,448,0.14,-0.417,1.184,1.28,-7.7,7.00,R
,333451,396,0,339,0.09,-0.410,0.996,16.86,-2978,20.77,R
,333551,401,0,3851,-0.05,-0.44,1.009,1.96,-39.43,23.55,R
,333561,416,0,4093,-0.07,-0.44,0.985,20.62,-41.11,22.7,R
,333571,411,0,3841,-0.033,-0.461,0.963,19.25,-44.65,21.8,R
,333581,415,0,467,-0.032,-0.472,0.950,9.23,-47.98,20.6,R
,333591,418,0,3846,-0.018,-0.49,0.906,0.47,-5.51,20.40,R
,333601,480,0,4073,-0.02,-0.48,0.858,20.45,-49.44,18.8,R
,333631,475,0,342,-0.010,-0.51,0.718,1.67,-30.72,18.8,R
,333661,445,0,4077,-0.018,-0.54,0.580,3.61,-1.50,20.07,R
,333671,439,0,341,0.076,-0.528,0.533,21.32,-12.71,16.0,R
,333681,448,0,463,0.048,-0.541,0.496,17.78,-13.55,13.7,R
,333841,471,0,427,-0.07,-0.53,0.782,13.07,3.21,-8.48,R
,333871,481,0,3846,-0.06,-0.54,0.835,7.61,2025,-24.41,R
,333881,484,0,438,-0.04,-0.54,0.825,8.31,1441,-26.74,R
,333941,481,0,4021,0.002,-0.526,0.792,-12.55,47.12,-17.8,R
,334121,543,0,4013,-0.19,-0.49,1.683,32.42,4.42,-4.6,R
,334131,547,0,3847,-0.19,-0.50,1.758,23.43,3.31,0.23,R
,334141,551,0,433,-0.107,-0.548,1.789,14.48,2.68,-0.88,R
,334211,523,0,3853,0.169,-0.389,1.133,15.22,-8.08,11.93,R
,334401,528,0,4077,-0.05,-0.49,0.994,5.54,-2.72,24.52,R
,334411,496,0,345,-0.01,-0.48,1.000,3.40,-2.53,24.5,R
,334501,511,0,4082,-0.001,-0.52,0.671,34.91,-3.28,22.5,R
,334541,436,0,4074,0.014,-0.552,0.506,11.32,-25.03,11.56,R
,334581,240,0,418,0.05,-0.621,0.413,-3.39,-3.9,4.49,
,334601,262,0,4043,0.073,-0.658,0.460,-3.70,3.00,-5.26,R
,334611,277,0,3847,0.053,-0.687,0.531,-5.81,4.30,-12.00,R
,334661,400,0,4031,-0.048,-0.64,0.669,23.97,2.25,-2158,R
,334671,399,0,3851,-0.06,-0.663,0.725,-23.79,18.74,-26.25,R
,334681,408,0,4021,-0.09,-0.66,0.743,23.91,1.47,-31.67,R
,334691,416,0,3846,-0.01,-0.666,0.781,-21.30,1.49,-36.58,R
,334701,429,0,4017,-0.03,-0.66,0.796,18.20,1.13,-3960,R
,334711,434,0,3845,-0.06,-0.635,0.798,16.19,2.13,-3888,R
,334721,411,0,4015,-0.08,-0.61,0.771,15.85,2.81,-35.31,R
,334741,404,0,4010,-0.054,-0.57,0.787,-10.59,52.41,-28.61,R
,334771,318,0,346,-0.07,-0.53,0.796,7.56,4450,-37.90,R
,334931,478,0,3845,0.204,-0.516,0.918,-46.59,-9.05,-54.61,R
,334941,527,0,4043,0.298,-0.413,1.043,-43.68,-0.24,-58.94,R
,335021,529,0,4052,0.036,-0.474,1.645,3.38,-1.15,-21.52,R
,335051,511,0,3844,0.176,-0.461,1.388,15.55,0.4,-3.80,
,335181,0,0,396,0.119,-0.498,1000,10.7,-23.0,23.44,R
,335201,0,0,3968,0.044,0.495,0.995,6.10,-30.85,18.89,R
,335221,0,0,399,0.015,-0.481,1011,11.6,-40.91,20.84,R
,335241,0,0,3981,-0.038,-0.452,1.013,22.79,-37.46,21.96,R
,335281,275,0,4058,-0.164,-0.41,0.957,36.15,-40.02,19.23,R
,335291,313,0,350,-0.164,-0.41,0.932,7.12,-4.01,22.6,R
,335301,338,0,455,-0.261,-0.49,0.871,1.38,-3.73,25.9,R
,335311,335,0,3845,-0.135,-0.364,0.778,56.27,-33.59,25.91,R
,335361,0,0,4074,-0.255,-0.313,0.505,6743,17.69,53.44,R
,335411,0,0,3871,-0.018,-0.498,.396,6351,-9.9,48.07,
,335421,343,0,431,0.109,-0.549,0.369,68.30,-5.21,40.11,R
,335441,485,0,4014,0.13,-0.568,0.425,62.25,23.75,29.47,R
,335451,522,0,349,0.13,-0.572,0.439,56.88,40.56,29.90,R
,335531,563,0,351,0.09,-0.566,0.783,24.41,46.34,-12.18,R
,335601,578,0,372,-0.050,-0.53,0.980,.91,46.42,-45.31,R
,335611,587,0,353,-0.030,-0.52,0.980,.17,45.12,-46.8,R
,335621,583,0,365,-0.054,-0.49,0.978,.86,46.24,-51.46,R
,335641,565,0,391,-0.01,-0.428,0.951,6.36,56.21,-49.11,R
,335651,561,0,3855,-0.107,-0.38,0.916,.70,54.4,-49.96,R
,335671,545,0,3855,-0.081,-0.33,0.881,13.27,3.18,-56.51,R
,335771,661,0,3859,0.06,-0.271,0.954,-47.90,4381,-36.97,R
,335781,643,0,3981,0.01,-0.337,1.154,-63.88,46.50,-36.91,R
,335791,646,0,3856,-0.09,-0.293,1.349,-70.59,3.73,-35.08,R
,335841,657,0,3998,-0.172,-0.32,1.877,.89,24.80,2.00,R
,335851,656,0,3855,-0.185,-0.28,1.850,1.72,18.39,4.86,R
,335921,699,0,384,0.01,-0.251,1.182,12.79,-19.44,14.31,R
,335961,723,0,3983,-0.08,-0.280,1.053,3.95,-3018,23.9,R
,335981,719,0,3967,-0.06,-0.321,1.058,-0.17,-34.91,25.81,R
,336001,737,0,3963,-0.03,-0.35,1.058,.87,-27.06,38.81,R
,336011,723,0,355,-0.00,-0.339,1.075,2.62,-2.54,43.62,R
,336031,693,0,3858,-0.05,-0.337,1.033,1.06,-1.83,45.88,R
,336041,656,0,3969,-0.00,-0.346,1.042,6.39,-2309,44.39,R
,336051,608,0,3863,-0.088,-0.35,1.062,.63,-3243,40.97,R
,336061,589,0,3990,-0.095,-0.38,1.076,.33,-43.70,35.71,R
,336071,602,0,3869,-0.090,-0.39,1.079,2.73,-50.69,32.1,R
,336081,658,0,3991,-0.16,-0.392,1.089,7.63,-54.27,30.81,R
,336121,647,0,3999,-0.117,-0.35,0.970,5.81,-46.28,28.07,R
,336131,644,0,3855,-0.117,-0.35,0.930,25.37,-40.57,29.5,R
,336151,611,0,3855,-0.287,-0.48,0.844,31.78,-28.28,34.83,R
,336171,596,0,356,-0.187,-0.36,0.755,0.07,-22.33,31.58,R
,336191,673,0,3856,-0.17,-0.41,0.657,13.92,-33.34,19.4,R
,336211,688,0,3860,-0.104,-0.45,0.574,.15,-4280,9.12,R
,336231,635,0,3858,-0.054,-0.45,0.528,0.50,-38.47,9.84,R
,336271,691,0,3861,-0.046,-0.44,0.526,2.22,1193,5.33,R
,336321,624,0,3972,-0.07,-0.41,0.731,7.36,8.57,-13.66,R
,336341,621,0,3952,-0.124,-0.41,0.768,10.16,16.50,-10.74,R
,336351,617,0,361,-0.117,-0.396,0.793,-12.07,2.72,-9.17,R
,336361,611,0,3952,-0.104,-0.41,0.831,11.56,27.09,-10.93,R
,336371,609,0,362,-0.07,-0.416,0.847,-9.18,26.50,-14.7,R
,336381,614,0,3974,-0.07,-0.41,0.878,-5.75,2553,-19.3,R
,336391,622,0,3859,-0.09,-0.41,0.875,4.30,21.81,-23.13,R
,336421,604,0,3961,-0.06,-0.37,0.873,-4.13,24.71,-22.6,R
,336451,635,0,3842,-0.073,-0.40,0.910,16.25,25.38,-2535,R
,336481,643,0,305,-0.02,-0.438,0.912,-15.62,1.15,-33.34,R
,336491,643,0,3856,-0.04,-0.42,0.901,-14.45,1.14,-36.22,R
,336511,659,0,3858,-0.037,-0.42,0.885,14.57,15.52,-36.32,R
,336521,667,0,3968,-0.039,-0.40,0.877,17.75,15.09,-33.96,R
,336531,670,0,3858,-0.07,-0.40,0.870,23.76,15.86,-32.80,R
,336571,629,0,369,0.05,-0.440,0.807,-20.28,12.60,-31.6,R
,336611,685,0,371,0.18,-0.405,0.621,-11.36,7.0,-36.10,R
,336621,658,0,389,0.16,-0.364,0.684,-16.95,8.7,-42.79,R
,336681,703,0,3972,-0.09,-0.431,1.569,-33.06,4.25,-10.38,R
,336691,686,0,357,-0.157,-0.407,1.677,-23.68,47.21,-5.7,R
,336701,592,0,3952,-0.18,-0.40,1.739,-13.30,37.46,-3.3,R
,336711,592,0,3866,-0.16,-0.372,1.757,-4.04,2366,-8.38,R
,336731,576,0,3861,-0.146,-0.32,1.710,.01,-0.86,-12.97,R
,336751,583,0,3872,-0.06,-0.30,1.462,10.07,-4.50,-2.07,R
,336781,575,0,361,0.040,-0.316,1.227,1.86,-14.77,3.53,R
,336831,439,0,3856,-0.00,-0.30,1.064,5.99,-2482,13.42,R
,336851,475,0,3857,0.02,-0.349,1.033,10.80,-2926,18.94,R
,336861,455,0,357,-0.04,-0.340,1.048,14.18,-2.91,22.81,R
,336901,494,0,3957,0.01,-0.363,1.026,1.25,-23.00,31.61,R
,336911,480,0,3867,0.00,-0.365,1.019,9.20,-24.7,31.84,R
,336921,492,0,3955,-0.00,-0.38,1.023,.37,-25.82,31.85,R
,336941,511,0,377,-0.05,-0.388,1.056,13.28,-26.08,32.5,R
,336961,528,0,405,-0.04,-0.39,1.034,2.54,-34.77,28.9,R
,336981,506,0,3997,-0.05,-0.39,0.958,9.37,-38.31,24.1,R
,336991,541,0,3868,-0.03,-0.39,0.919,0.90,-35.44,24.00,R
,337011,533,0,3862,-0.09,-0.392,0.837,5.12,-27.55,25.0,R
,337021,538,0,3982,-0.073,-0.382,0.800,35.99,-23.75,25.5,R
,337031,528,0,363,-0.00,-0.40,0.759,3.35,-23.09,23.33,R
,337051,528,0,3862,-0.059,-0.413,0.666,26.90,-2.22,16.10,R
,337061,527,0,3983,-0.05,-0.42,0.652,3.96,-28.89,12.94,R
,337091,528,0,365,-0.01,-0.506,0.592,16.82,-2.17,7.2,R
,337101,533,0,3956,-0.04,-0.46,0.559,.03,-15.23,3.81,R
,337121,526,0,363,-0.05,-0.50,0.589,7.32,-8.6,-2.06,R
,337171,535,0,365,-0.07,-0.47,0.673,.77,16.01,-4.13,R
,337221,545,0,3943,-0.054,-0.443,0.799,-8.39,2300,-17.3,R
,337231,544,0,3869,-0.040,-0.44,0.827,11.47,20.86,-21.28,R
,337261,537,0,3938,-0.054,-0.43,0.875,-18.02,23.09,-21.17,R
,337281,609,0,3901,-0.055,-0.41,0.918,21.53,28.33,-20.59,R
,337321,602,0,3961,-0.03,-0.42,0.927,18.34,22.73,-23.90,R
,337341,585,0,3969,0.005,-0.429,0.863,-17.65,1079,-29.1,R
,337361,557,0,3974,0.025,-0.413,0.775,-20.52,8.0,-28.70,R
,337381,656,0,3941,0.089,-0.400,0.710,-23.65,1656,-23.90,R
,337401,733,0,3932,0.144,-0.396,0.638,-20.66,20.85,-26.62,R
,337471,653,0,354,-0.07,-0.45,1.035,28.25,45.35,-24.65,R
,337531,659,0,3872,-0.183,-0.382,1.834,-17.21,30.48,-2.50,R
,337561,676,0,3943,-0.06,-0.36,1.707,.54,-0.34,-1.84,R
,337651,470,0,3863,0.04,-0.327,1.073,1.03,-28.76,13.9,R
,337671,450,0,3869,-0.003,-0.34,1.053,10.79,-2.79,19.93,R
,337681,448,0,3921,-0.07,-0.34,1.055,0.74,-18.42,26.8,R
,337701,432,0,3936,-0.06,-0.35,1.078,2.42,-20.05,32.69,R
,337741,348,0,334,-0.04,-0.33,1.057,5.31,-31.89,33.91,R
,337751,363,0,3875,-0.047,-0.345,1.076,15.17,-3.08,35.5,R
,337771,338,0,3875,-0.083,-0.350,1.084,13.92,-27.53,35.35,R
,337811,302,0,3881,-0.18,-0.41,1.064,6.24,-3.56,36.0,R
,337821,433,0,4000,-0.169,-0.400,1.035,31.63,-40.91,35.10,R
,337901,496,0,3941,-0.02,-0.45,0.543,0.74,-14.22,28.0,R
,337911,0,0,3899,-0.042,-0.453,0.512,25.93,-9.92,23.07,R
,337931,0,0,3882,-0.038,-0.491,0.459,8.57,-8.63,11.64,R
,338031,393,0,3875,-0.09,-0.48,0.658,5.27,3628,-14.97,R
,338041,408,0,3945,-0.070,-0.490,0.717,-5.88,30.94,-19.54,R
,338061,476,0,3929,-0.00,-0.48,0.780,12.23,2.15,-2789,R
,338131,528,0,378,-0.02,-0.45,0.930,21.73,3.48,-36.74,R
,338151,531,0,3888,-0.04,-0.46,0.941,15.23,2.73,-3633,R
,338171,555,0,3873,-0.08,-0.41,0.914,19.68,3.70,-3998,R
,338181,549,0,3942,-0.09,-0.41,0.883,23.55,32.39,-39.81,R
,338191,535,0,3883,-0.04,-0.41,0.894,27.32,30.45,-38.39,R
,338201,537,0,3951,-0.07,-0.42,0.885,30.05,27.87,-38.25,R
,338211,511,0,3883,-0.004,-0.425,0.891,-30.43,25.24,-40.59,R
,338221,533,0,3922,0.00,-0.431,0.871,-28.98,21.99,-42.80,R
,338251,535,0,379,0.064,-0.421,0.800,-21.35,17.28,-42.32,R
,338311,595,0,3873,-0.05,-0.455,0.982,23.07,4.66,-2971,R
,338321,511,0,3945,-0.039,-0.407,1.050,-15.84,41.66,-25.25,R
,338371,373,0,3875,-0.160,-0.365,1.369,-22.28,38.18,-16.85,R
,338381,368,0,3934,-0.176,-0.348,1.388,-17.20,34.70,-12.87,R
,338391,368,0,3885,-0.14,-0.35,1.423,8.80,28.63,-9.71,R
,338401,355,0,3933,-0.14,-0.34,1.405,.21,21.98,-10.36,R
,338441,323,0,3942,-0.088,-0.30,1.306,-0.66,7.9,-2.01,R
,338481,59,0,392,-0.089,-0.406,1.189,9.40,-4.88,2.46,R
,338491,13,0,3877,-0.076,-0.397,1.157,16.86,-1214,2.11,R
,338541,213,0,3911,-0.02,-0.36,1.013,4.04,-18.54,8.26,R
,338591,177,0,3879,-0.02,-0.37,1.043,1.81,-17.15,21.04,R
,338601,273,0,3921,-0.054,-0.363,1.040,21.98,-22.10,23.59,R
,338611,449,0,3888,-0.06,-0.362,1.061,0.83,-2.88,23.44,R
,338621,540,0,3943,-0.09,-0.36,1.071,9.35,-27.41,21.8,R
,338641,534,0,3925,-0.07,-0.37,1.077,9.08,-2.11,24.9,R
,338651,534,0,3877,-0.02,-0.37,1.081,19.31,-24.89,28.45,R
,338661,534,0,3930,-0.00,-0.37,1.100,9.57,-19.64,31.3,R
,338671,643,0,3886,-0.072,-0.366,1.117,18.73,-15.59,33.70,R
,338681,655,0,3932,-0.05,-0.36,1.144,7.63,-1.96,36.8,R
,338691,655,0,3877,-0.15,-0.36,1.173,14.13,-14.97,38.31,R
,338701,633,0,345,-0.137,-0.395,1.183,3.77,-1.91,38.9,R
,338721,661,0,3955,-0.19,-0.40,1.179,3.51,-2.51,36.75,R
,338741,668,0,3943,-0.14,-0.40,1.145,3.92,-3.70,33.1,R
,338761,674,0,3974,-0.10,-0.409,1.012,38.27,-33.99,32.92,R
,338771,661,0,3888,-0.19,-0.425,0.924,39.48,-36.34,33.50,R
,338781,707,0,359,-0.146,-0.434,0.839,37.90,-38.16,30.28,R
,338791,747,0,3882,-0.26,-0.47,0.771,2.85,-3.30,27.10,R
,338811,752,0,3880,-0.09,-0.47,0.562,0.48,-3.53,24.3,R
,338821,736,0,343,-0.08,-0.48,0.552,8.64,-3.84,23.23,R
,338831,754,0,382,-0.096,-0.569,0.441,35.99,-32.07,24.10,R
,338861,624,0,3947,-0.02,-0.53,0.443,7.67,-13.79,5.82,R
,338901,673,0,3913,0.004,-0.532,0.498,0.47,4.24,-6.64,R
,338911,675,0,372,-0.022,-0.498,0.627,-3.18,6.50,-11.35,R
,338931,681,0,381,-0.073,-0.474,0.673,-7.17,19.86,-11.95,R
,338941,619,0,320,-0.00,-0.45,0.710,10.48,2.26,-14.16,R
,338961,620,0,3920,-0.19,-0.44,0.813,15.43,22.57,-1516,R
,338971,624,0,3854,-0.16,-0.43,0.843,15.65,1.78,-1899,R
,338991,626,0,3861,-0.14,-0.42,0.920,15.21,8.85,-28.82,R
,339001,624,0,3860,-0.18,-0.399,0.930,-13.35,7.92,-30.29,R
,339021,651,0,3920,-0.13,-0.38,0.943,13.49,1.34,-25.78,R
,339031,685,0,3874,-0.06,-0.37,0.950,12.25,21.57,-22.67,R
,339041,757,0,3924,-0.08,-0.34,0.965,13.09,2.17,-23.34,R
,339051,765,0,3876,-0.03,-0.349,0.944,-16.02,25.43,-25.52,R
,339071,769,0,387,-0.051,-0.346,0.914,-11.50,18.16,-29.25,R
,339151,705,0,3869,0.069,-0.355,0.723,-17.68,17.05,-32.76,R
,339191,699,0,375,0.014,-0.354,0.957,-25.24,21.72,-34.12,R
,339211,854,0,377,-0.18,-0.44,1.137,22.94,23.66,-1482,R
,339271,831,0,3887,-0.17,-0.27,1.561,7.65,1549,-7.3,R
,339281,831,0,3923,-0.156,-0.249,1.574,-9.33,6.13,-7.03,R
,339291,827,0,382,-0.15,-0.26,1.591,7.35,4.18,-1.22,R
,339301,883,0,3901,-0.11,-0.28,1.552,3.46,3.38,3.88,R
,339311,800,0,3875,-0.05,-0.28,1.514,.89,0.9,7.15,R
,339321,675,0,3919,-0.05,-0.31,1.384,0.27,-3.03,9.09,R
,339331,688,0,378,-0.09,-0.28,1.363,3.20,-11.63,5.94,R
,339341,690,0,320,-0.00,-0.278,1.265,18.36,-17.46,7.81,R
,339431,730,0,375,-0.07,-0.36,1.100,0.42,-1.65,34.6,R
,339491,865,0,371,-0.06,-0.34,1.091,.32,-2505,36.1,R
,339521,837,0,3902,-0.11,-0.37,1.131,.21,-2025,41.70,R
,339531,863,0,3873,-0.14,-0.37,1.138,3.48,-24.92,40.0,R
,339541,912,0,3930,-0.12,-0.36,1.130,6.85,-28.50,38.31,R
,339551,930,0,3885,-0.16,-0.38,1.115,1.55,-34.42,35.94,R
,339571,935,0,3888,-0.156,-0.362,1.031,7.16,-39.55,34.74,R
,339591,880,0,388,-0.12,-0.36,0.925,7.89,-3.39,33.0,R
,339611,795,0,3877,-0.088,-0.365,0.770,1.34,-35.27,32.63,R
,339651,847,0,3879,-0.05,-0.41,0.562,2.67,-28.02,20.91,R
,339681,848,0,320,-0.03,-0.46,0.491,.84,-2750,10.17,R
,339711,752,0,3879,-0.00,-0.50,0.485,.05,-12.37,6.14,R
,339721,765,0,3917,0.008,-0.490,0.479,784,-4.21,5.07,R
,339731,759,0,3871,-0.02,-0.45,0.509,.22,7.3,5.04,R
,339821,770,0,3905,-0.068,-0.437,0.867,-14.75,31.67,-18.35,R
,339841,762,0,3888,-0.15,-0.43,0.923,20.05,28.97,-23.92,R
,339881,761,0,331,-0.12,-0.43,0.936,15.50,25.93,-27.42,R
,339891,800,0,368,-0.09,-0.45,0.927,-10.46,2.34,-26.58,R
,339901,790,0,3930,-0.016,-0.408,0.892,-12.17,2.68,-2653,R
,339941,803,0,3915,0.012,-0.382,0.828,-21.82,3257,-29.3,R
,339961,799,0,3920,-0.014,-0.402,0.853,-32.11,28.21,-38.07,R
,339981,803,0,3920,0.009,-0.424,0.866,-29.01,15.60,-42.9,R
,340071,365,0,3878,-0.135,-0.352,1.333,-32.74,45.29,-2261,R
,340081,367,0,3902,-0.181,-0.334,1.408,-27.06,41.81,-18.12,R
,340111,474,0,3879,-0.201,-0.302,1.478,-2.51,26.76,-8.0,R
,340131,477,0,3878,-0.159,-0.266,1.388,.19,11.86,-9.77,R
,340141,459,0,3920,-0.13,-0.27,1.314,.13,6.01,-8.87,R
,340161,358,0,330,-0.05,-0.28,1.207,.08,5.87,-1.38,R
,340191,361,0,3867,-0.071,-0.307,1.128,.50,-7.90,-0.84,R
,340221,461,0,3907,-0.09,-0.34,1.088,.80,-1985,4.43,R
,340231,438,0,3863,-0.038,-0.350,1.076,11.22,-1.34,8.3,R
,340261,434,0,3895,-0.05,-0.32,1.064,5.03,-10.89,18.34,R
,340271,444,0,3872,-0.02,-0.31,1.067,4.54,-1.02,19.1,R
,340291,463,0,3872,-0.09,-0.33,1.089,0.48,-2.92,21.2,R
,340301,464,0,3910,-0.052,-0.33,1.086,0.82,-29.05,21.85,R
,340311,589,0,3871,-0.01,-0.33,1.098,0.48,-2.64,23.18,R
,340341,889,0,3926,-0.10,-0.34,1.134,2.94,-20.94,29.78,R
,340351,913,0,3872,-0.11,-0.33,1.147,3.52,-19.70,31.01,R
,340361,923,0,3930,-0.15,-0.32,1.129,1.86,-21.69,31.75,R
,340381,949,0,3917,-0.11,-0.35,1.136,6.61,-32.45,32.28,R
,340391,944,0,382,-0.17,-0.34,1.132,6.16,-32.57,32.4,R
,340401,942,0,315,-0.206,-0.348,1.123,15.06,-2.53,34.8,R
,340411,944,0,3872,-0.29,-0.37,1.120,6.30,-28.88,36.71,R
,340421,957,0,3932,-0.22,-0.38,1.103,0.30,-32.01,36.2,R
,340431,960,0,3888,-0.23,-0.40,1.087,7.03,-36.16,36.31,R
,340441,948,0,346,-0.27,-0.40,1.033,3.83,-41.23,35.3,R
,340461,914,0,3939,-0.216,-0.392,0.942,32.73,-4.53,29.88,R
,340471,903,0,384,-0.17,-0.41,0.871,9.80,-49.34,27.8,R
,340511,909,0,375,-0.03,-0.47,0.609,1.19,-3.79,20.4,R
,340551,816,0,3878,0.068,-0.452,0.390,11.22,-8.3,-7.37,R
,340611,635,0,3874,-0.424,-0.881,0.790,29.64,19.75,16.13,R
,340631,625,0,3883,0.012,-0.460,0.604,0.67,28.8,-13.48,R
,340641,628,0,3900,-0.059,-0.419,0.631,-4.84,2950,-17.37,R
,340651,623,0,3855,-0.103,-0.419,0.680,-13.01,2.63,-17.58,R
,340661,623,0,3892,-0.05,-0.418,0.762,26.23,2.70,-1847,R
,340671,630,0,3859,-0.08,-0.44,0.823,31.64,22.82,-21.96,R
,340731,576,0,3877,-0.11,-0.39,0.882,4.78,36.50,-21.1,R
,340741,606,0,378,-0.13,-0.38,0.900,11.41,34.42,-19.32,R
,340751,684,0,3871,-0.113,-0.367,0.928,-20.40,3.03,-2198,R
,340761,689,0,3897,-0.135,-0.380,0.946,-29.81,3.02,-2662,R
,340791,731,0,3875,-0.096,-0.419,0.995,-31.59,957,-29.58,R
,340811,734,0,3879,-0.02,-0.39,0.982,25.41,15.50,-29.83,R
,340831,740,0,3877,-0.031,-0.398,0.922,-23.41,2.37,-24.97,R
,340951,1037,0,3871,-0.186,-0.335,1.595,-19.65,9.92,-361,R
,341021,981,0,3895,-0.09,-0.26,1.312,.22,-16.72,4.07,R
,341051,958,0,3875,-0.02,-0.29,1.166,4.80,-1.80,9.9,R
,341081,993,0,3889,-0.020,-0.333,1.061,9.69,-2491,18.1,R
,341091,987,0,3871,-0.06,-0.32,1.054,0.13,-30.16,18.43,R
,341121,907,0,3890,-0.06,-0.35,1.020,6.80,-29.66,24.1,R
,341131,871,0,3877,-0.02,-0.35,1.011,9.23,-29.73,27.79,R
,341151,880,0,374,-0.05,-0.34,1.016,0.86,-26.11,34.10,R
,341171,896,0,3879,-0.02,-0.33,1.036,8.99,-25.29,35.3,R
,341191,909,0,3882,-0.057,-0.350,1.040,17.70,-2.56,33.8,R
,341211,912,0,3876,-0.071,-0.365,1.053,18.97,-3.69,29.20,R
,341221,917,0,3902,-0.123,-0.36,1.060,19.17,-3.65,27.24,R
,341231,890,0,3883,-0.14,-0.41,1.038,1.46,-36.83,26.10,R
,341241,899,0,3905,-0.16,-0.41,1.007,6.62,-41.53,25.1,R
,341251,911,0,375,-0.15,-0.41,0.961,2.39,-42.37,26.66,R
,341261,896,0,3910,-0.18,-0.43,0.918,8.32,-41.75,27.93,R
,341271,901,0,3885,-0.108,-0.407,0.848,39.93,-4.17,24.7,R
,341281,873,0,3890,-0.081,-0.41,0.792,6.01,-4.34,21.2,R
,341291,880,0,3886,-0.081,-0.418,0.752,2.18,-3.95,19.6,R
,341301,837,0,3920,-0.046,-0.43,0.699,6.79,-35.69,17.8,R
,341311,836,0,3878,-0.03,-0.45,0.664,3.83,-2.11,16.63,R
,341321,799,0,3895,-0.026,-0.46,0.614,8.53,-2.18,16.8,R
,341341,912,0,393,-0.072,-0.483,0.586,7.90,-4.77,13.42,R
,341361,832,0,3887,-0.041,-0.53,0.585,.70,-6.5,5.38,
,341381,815,0,3889,-0.05,-0.51,0.604,.70,-4.42,1.56,R
,341391,802,0,3878,-0.02,-0.52,0.631,.12,-3.23,-2.90,R
,341401,819,0,3889,-0.01,-0.48,0.736,.77,-3.27,-7.14,R
,341411,928,0,3875,-0.11,-0.44,0.663,.84,7.49,0.86,R
,341421,922,0,3887,-0.08,-0.43,0.687,.70,17.44,2.74,R
,341431,941,0,3873,-0.01,-0.41,0.698,3.85,25.15,-2.24,R
,341441,944,0,3891,-0.06,-0.43,0.717,8.20,2625,-5.6,R
,341451,927,0,3875,-0.13,-0.41,0.766,8.51,26.31,-5.63,R
,341471,942,0,3872,-0.04,-0.43,0.828,19.00,1.70,-1287,R
,341481,944,0,3867,-0.14,-0.43,0.859,19.96,1.16,-1610,R
,341531,887,0,3881,-0.118,-0.379,0.907,7.03,3608,-15.2,R
,341551,878,0,3872,-0.055,-0.392,0.886,-9.64,3050,-17.2,R
,341561,919,0,3885,-0.050,-0.384,0.893,-13.18,23.64,-21.90,R
,341581,986,0,3898,-0.04,-0.38,0.905,19.39,22.65,-27.31,R
,341651,1040,0,3885,0.05,-0.39,0.837,15.14,17.18,-25.84,R
,341711,1057,0,3882,0.09,-0.34,0.798,27.03,16.07,-32.38,R
,341771,1069,0,878,-0.129,-0.346,1.471,-18.69,24.16,-14.21,R
,341861,983,0,3890,-0.00,-0.27,1.224,4.41,-11.41,3.07,R
,341871,838,0,3874,-0.02,-0.27,1.157,3.37,-1.56,3.3,R
,341881,942,0,3888,-0.04,-0.28,1.124,.48,-22.04,2.74,R
,341901,1023,0,891,-0.016,-0.308,1.074,9.06,-27.49,5.56,R
,342001,1082,0,3879,0.09,-0.33,1.023,7.31,-31.18,25.82,R
,342081,900,0,393,-0.143,-0.333,1.062,21.75,-36.86,28.95,R
,342091,863,0,3879,-0.115,-0.361,1.076,23.77,-38.14,28.68,R
,342111,932,0,3886,-0.19,-0.35,1.025,5.22,-3.36,29.6,R
,342121,912,0,305,-0.151,-0.369,1.017,26.10,-29.38,33.06,R
,342131,923,0,3888,-0.12,-0.37,0.980,9.95,-28.40,35.6,R
,342151,914,0,3882,-0.11,-0.40,0.912,4.65,-3.35,31.3,R
,342161,906,0,3915,-0.16,-0.414,0.847,33.96,-38.88,26.48,R
,342171,913,0,3877,-0.08,-0.430,0.823,34.28,-43.41,22.5,R
,342191,933,0,3885,-0.12,-0.40,0.757,5.95,-45.37,20.05,R
,342201,947,0,3908,0.021,-0.408,0.611,27.51,-38.66,19.0,R
,342231,944,0,372,0.009,-0.464,0.579,16.24,-17.67,19.0,R
,342271,941,0,371,0.01,-0.497,0.581,5.70,5.11,10.17,R
,342301,960,0,3886,-0.002,-0.466,0.667,3.46,17.28,-0.19,R
,342331,923,0,3874,-0.02,-0.43,0.751,9.09,33.03,-8.13,R
,342341,914,0,3881,-0.03,-0.42,0.785,11.84,32.57,-9.20,R
,342351,930,0,3887,-0.07,-0.40,0.819,15.62,2.52,-1106,R
,342361,925,0,3884,-0.03,-0.41,0.858,19.04,25.12,-16.00,R
,342371,940,0,3877,-0.01,-0.42,0.883,21.85,2.71,-2103,R
,342401,959,0,3856,-0.09,-0.42,0.925,16.46,23.20,-23.05,R
,342411,961,0,3875,-0.02,-0.40,0.923,15.49,2.15,-22.91,R
,342461,1079,0,876,-0.034,-0.36,0.927,-23.62,32.99,-27.20,R
,342521,1057,0,3894,0.03,-0.45,0.912,33.20,1.43,-25.89,R
,342561,1114,0,3889,0.18,-0.62,0.953,56.05,924,-18.84,R
,342581,1133,0,888,0.39,-0.774,0.987,-59.20,-14.54,-31.87,R
,342591,1135,0,3879,0.459,-0.855,1.006,-55.15,-23.59,-43.87,R
,342601,1120,0,3903,0.512,-0.852,0.985,49.56,-28.31,-53.66,R
,342631,1168,0,871,0.37,-0.73,1.156,-62.34,-9.20,-6858,R
,342651,1177,0,3878,0.28,-0.73,1.431,72.72,-29.30,-91.43,R
,342661,1188,0,3880,0.18,-0.67,1.516,-74.25,-40.59,-97.64,R
,342741,859,0,3965,-0.12,-0.17,1.380,38.14,-54.39,-39.71,R
,342771,704,0,388,-0.079,-0.134,1.121,-23.65,-3.87,-728,R
,342791,592,0,300,-0.04,-0.08,0.957,20.46,-53.26,11.94,R
,342811,602,0,3886,-0.07,-0.12,0.892,30.57,-54.54,30.75,R
,342821,595,0,302,-0.08,-0.17,0.882,34.01,-51.24,40.58,R
,342851,700,0,3930,-0.06,-0.22,0.950,30.89,-36.27,61.68,R
,342871,1002,0,889,0.02,-0.35,0.939,18.95,-39.85,67.94,R
,342891,1072,0,3879,0.02,-0.43,0.949,3.38,-4.11,69.5,R
,342911,1072,0,3888,0.099,-0.470,0.950,.44,-37.29,67.62,R
,342921,1070,0,3890,0.096,-0.490,0.952,-0.86,-36.65,65.99,R
,342931,1072,0,881,0.08,-0.52,0.979,3.24,-3.44,63.24,R
,342981,1081,0,902,0.07,-0.66,0.931,2.07,-55.66,39.96,R
,342991,1075,0,3888,0.002,-0.646,0.866,33.52,-50.54,39.0,R
,343041,1077,0,3886,0.092,-0.521,0.394,41.66,-27.41,40.6,R
,343061,1039,0,3886,0.027,-0.569,0.287,20.68,-33.56,33.1,R
,343081,1015,0,3899,0.148,-0.564,0.171,0.53,-3034,29.8,R
,343201,986,0,3872,0.098,-0.679,0.560,-8.80,20.2,11.55,R
,343241,992,0,3857,0.079,-0.747,0.720,-15.26,23.14,4.00,R
,343281,980,0,3867,0.137,-0.695,0.762,-8.71,16.1,-13.0,R
,343301,1023,0,3853,0.13,-0.66,0.710,10.55,14.45,-1250,R
,343311,1072,0,3872,0.182,-0.668,0.719,-15.58,1.23,-13.46,R
,343331,1100,0,3883,0.179,-0.652,0.672,-23.91,2.73,-13.26,R
,343351,1125,0,3885,0.23,-0.69,0.678,20.89,22.57,-11.38,R
,343391,1058,0,3886,0.11,-0.80,0.645,17.29,-25.08,-38.91,R
,343401,1137,0,3871,0.208,-0.703,0.634,26.89,-13.87,-39.90,R
,343421,1200,0,3873,0.244,-0.659,0.771,-40.30,2.86,-3012,R
,343431,1195,0,3889,0.15,-0.64,0.843,40.02,32.95,-27.40,R
,343441,1189,0,3861,0.16,-0.67,0.950,-36.13,3.24,-3088,R
,343461,1193,0,3861,0.086,-0.713,1.119,-18.14,1.02,-4073,R
,343471,1185,0,3879,0.081,-0.665,1.182,-12.59,841,-36.1,R
,343501,1179,0,3867,0.055,-0.592,1.418,-19.23,3.03,-1.3,R
,343541,1136,0,3883,0.14,-0.57,1.458,.41,4.88,-0.65,R
,343551,1135,0,3877,0.126,-0.571,1.325,13.63,3.9,5.27,
,343571,1133,0,3867,0.10,-0.54,1.168,1.77,-5.47,8.81,R
,343581,1119,0,888,0.14,-0.57,1.141,4.12,-10.28,11.59,R
,343591,1136,0,3882,0.183,-0.587,1.102,14.86,-1.43,13.1,R
,343611,1138,0,883,0.23,-0.62,1.006,4.99,-26.30,14.57,R
,343621,1145,0,888,0.21,-0.60,1.008,7.09,-27.35,15.9,R
,343631,1142,0,3887,0.22,-0.61,1.000,8.91,-28.91,15.65,R
,343641,1139,0,3888,0.220,-0.621,0.992,20.61,-3.63,16.2,R
,343691,1146,0,3888,0.180,-0.604,0.939,23.55,-2.90,27.6,R
,343741,1136,0,918,0.07,-0.64,0.964,.40,-41.59,21.85,R
,343761,1136,0,3902,0.051,-0.678,0.965,19.51,-4.29,23.4,R
,343771,1138,0,3883,0.064,-0.663,0.950,26.28,-4.38,19.8,R
,343801,1158,0,3897,0.049,-0.677,0.806,33.63,-44.63,18.92,R
,343811,1174,0,3888,0.068,-0.643,0.722,35.29,-3.35,21.5,R
,343821,1175,0,3903,0.099,-0.64,0.654,5.17,-29.82,24.6,R
,343831,1177,0,3879,0.110,-0.641,0.605,33.08,-2.79,24.51,R
,343841,1170,0,3891,0.18,-0.62,0.537,6.91,-11.08,22.34,R
,343851,1168,0,3883,0.094,-0.637,0.479,0.47,-2.21,20.02,R
,343861,1154,0,3893,0.05,-0.64,0.462,.31,2.37,15.53,R
,343901,1023,0,3886,0.06,-0.71,0.313,11.36,-12.40,-2.29,R
,343971,1006,0,868,0.15,-0.63,0.283,.19,30.65,-0.96,R
,344011,1015,0,3881,0.11,-0.635,0.490,-8.39,1804,1.64,R
,344111,1038,0,872,0.16,-0.77,0.751,22.16,41.84,-1222,R
,344131,1041,0,3872,0.11,-0.830,0.767,20.34,3.44,-1786,R
,344141,1041,0,3838,0.189,-0.822,0.775,-20.52,34.89,-16.21,R
,344161,1020,0,3868,0.209,-0.845,0.813,-29.91,45.32,-18.21,R
,344171,1023,0,3875,0.216,-0.864,0.817,-29.33,41.18,-18.90,R
,344181,1022,0,3875,0.284,-0.919,0.835,-31.73,33.02,-25.34,R
,344191,1019,0,3883,0.305,-0.935,0.845,-36.54,23.69,-36.58,R
,344201,1081,0,3885,0.286,-0.940,0.837,-45.18,12.41,-44.84,R
,344221,1151,0,3878,0.34,-1.02,0.835,56.43,-4.08,-51.19,R
,344241,1137,0,3869,0.42,-1.078,0.899,-58.20,-.59,-63.28,R
,344271,1137,0,3878,0.42,-0.97,1.045,61.06,6.34,-75.0,R
,344281,1155,0,3878,0.38,-0.91,1.136,67.72,1.00,-84.58,R
,344301,1151,0,3883,0.33,-0.93,1.334,64.88,-23.81,-97.26,R
,344321,1137,0,3894,0.27,-0.769,1.452,55.70,-5.95,-11.26,R
,344341,1090,0,3907,0.181,-0.662,1.476,40.62,-30.04,-86.13,R
,344361,1073,0,3923,0.135,-0.54,1.376,21.76,-29.76,-7.93,R
,344401,1070,0,3901,0.11,-0.38,1.021,24.40,-46.48,-4.47,R
,344411,1088,0,3890,0.151,-0.37,0.993,-17.39,-47.15,-35.92,R
,344421,1081,0,3888,0.19,-0.34,0.933,10.84,-43.56,-25.55,R
,344471,1071,0,3875,0.206,-0.33,0.743,5.36,-48.69,9.65,R
,344481,1054,0,3878,0.18,-0.34,0.747,5.91,-45.14,16.19,R
,344491,1072,0,3890,0.21,-0.38,0.729,3.01,-43.87,21.42,R
,344501,1077,0,3877,0.26,-0.39,0.729,2.66,-41.89,26.89,R
,344551,1106,0,3887,0.241,-0.53,0.788,.03,-3552,42.4,R
,344561,1108,0,3872,0.217,-0.58,0.817,0.59,-3.39,42.3,R
,344571,1074,0,888,0.242,-0.622,0.807,0.41,-43.06,40.17,R
,344631,1003,0,3882,0.25,-0.69,0.645,2.16,-43.76,32.87,R
,344661,1040,0,3894,0.12,-0.67,0.448,4.70,-47.30,27.44,R
,344921,987,0,3874,0.308,-0.770,0.588,2.16,46.33,-4.47,R
,344941,1056,0,3867,0.30,-0.75,0.549,5.61,4108,-14.8,R
,344951,1099,0,3873,0.37,-0.75,0.572,10.54,32.70,-21.05,R
,344981,1146,0,877,0.375,-0.807,0.544,-16.88,10.18,-29.69,R
,345001,1122,0,3862,0.38,-0.73,0.505,13.70,2.89,-2575,R
,345011,1173,0,888,0.418,-0.73,0.517,17.12,3.70,-22.56,R
,345021,1170,0,3857,0.38,-0.72,0.533,18.08,37.66,-21.66,R
,345051,1171,0,3872,0.30,-0.78,0.589,20.36,16.99,-2748,R
,345061,1174,0,3856,0.45,-0.72,0.624,23.24,671,-31.3,R
,345071,1179,0,3888,0.48,-0.67,0.651,23.61,6.27,-34.2,R
,345091,1189,0,3875,0.44,-0.66,0.820,36.83,1.73,-26.18,R
,345131,1081,0,3883,0.36,-0.70,1.264,36.97,13.40,-9.42,R
,345191,1104,0,885,0.358,-0.634,1.341,21.28,-8.74,-5.80,R
,345201,1110,0,3888,0.35,-0.55,1.054,0.04,-943,1.68,R
,345221,1099,0,3885,0.35,-0.59,0.948,1.87,-2.42,-1.6,R
,345231,1113,0,3879,0.41,-0.62,0.932,8.33,-27.58,4.89,R
,345241,1105,0,871,0.421,-0.593,0.910,23.81,-23.21,10.66,R
,345251,1103,0,3885,0.49,-0.61,0.875,5.75,-2.39,14.6,R
,345271,1113,0,3875,0.35,-0.58,0.829,3.02,-2.96,22.0,R
,345281,1123,0,3877,0.32,-0.60,0.827,8.57,-33.20,22.75,R
,345301,1123,0,878,0.30,-0.61,0.813,8.19,-41.63,29.27,R
,345321,1113,0,868,0.30,-0.65,0.805,7.05,-4.96,32.5,R
,345341,1122,0,3883,0.35,-0.67,0.818,2.10,-4.53,33.39,R
,345381,1115,0,3865,0.36,-0.62,0.905,5.77,-46.65,35.87,R
,345421,1083,0,3868,0.12,-0.75,0.895,4.33,-54.63,33.07,R
,345491,1064,0,3882,0.21,-0.76,0.475,3.74,-6.37,27.1,R
,345501,1040,0,882,0.22,-0.757,0.378,57.48,-60.82,25.03,R
,345511,1056,0,3883,0.297,-0.723,0.266,58.96,-55.53,25.38,R
,345601,926,0,3837,0.323,-0.772,0.035,-15.35,2.85,15.58,R
,345691,1021,0,879,0.24,-0.75,0.354,25.87,2.40,0.66,R
,345731,1038,0,3878,0.37,-0.82,0.519,3.55,31.58,-1.11,R
,345741,1040,0,3855,0.31,-0.83,0.529,.77,36.6,-3.60,R
,345751,1156,0,3883,0.47,-0.83,0.536,.41,40.51,-5.96,R
,345781,1225,0,833,0.47,-0.84,0.563,34.65,3.86,-14.56,R
,345791,1227,0,3887,0.457,-0.861,0.578,-47.23,27.20,-19.14,R
,345811,1196,0,3879,0.51,-0.98,0.665,57.12,1.83,-2633,R
,345821,1184,0,842,0.58,-1.01,0.720,55.82,1.51,-3042,R
,345861,1232,0,839,0.61,-1.14,0.738,55.27,358,-55.2,R
,345881,1225,0,3830,0.62,-1.07,0.772,60.91,-.85,-65.58,R
,345941,1200,0,3827,0.52,-0.93,1.002,64.05,-26.18,-96.64,R
,345971,1219,0,3899,0.45,-0.70,1.128,53.99,-5.93,-95.84,R
,345981,1193,0,3831,0.449,-0.640,1.158,-51.32,-31.66,-89.06,R
,346031,1197,0,3888,0.32,-0.37,0.907,-32.16,-22.11,-34.51,R
,346041,1195,0,3841,0.34,-0.37,0.942,30.54,-6.01,-3.79,R
,346071,1205,0,3887,0.39,-0.30,0.700,10.43,-0.45,-992,R
,346091,1195,0,3887,0.424,-0.302,0.604,-8.07,-38.62,4.57,R
,346111,1202,0,894,0.48,-0.35,0.532,-10.60,-38.57,17.52,R
,346121,1203,0,3838,0.41,-0.35,0.510,12.36,-2.48,2529,R
,346131,1200,0,3888,0.433,-0.383,0.536,-13.70,-31.03,29.73,R
,346181,1159,0,3834,0.526,-0.565,0.535,0.57,-33.44,37.21,R
,346191,1162,0,3886,0.514,-0.589,0.509,5.34,-26.01,39.85,R
,346201,1168,0,3827,0.502,-0.577,0.509,8.90,-18.08,43.85,R
,346221,1186,0,3840,0.487,-0.63,0.498,4.97,-14.48,45.27,R
,346261,1149,0,3839,0.446,-0.762,0.479,7.41,-39.24,28.48,R
,346291,1143,0,3883,0.45,-0.78,0.344,9.83,-19.47,25.6,R
,346311,1113,0,3886,0.350,-0.753,0.207,53.38,-4.63,30.28,R
,346321,1082,0,3846,0.353,-0.730,0.155,56.24,-141,31.8,R
,346331,1058,0,3888,0.347,-0.708,0.052,50.77,-2.62,32.45,R
,346421,1072,0,846,0.52,-0.87,-0.191,-11.94,22.16,12.52,R
,346431,1071,0,890,0.59,-0.92,-0.089,-3.49,32.71,11.56,R
,346461,1021,0,847,0.49,-0.84,0.087,19.80,44.59,8.31,R
,346471,1065,0,3885,0.49,-0.83,0.081,7.32,45.73,5.56,R
,346491,1189,0,3877,0.49,-0.83,0.183,-22.22,3.51,-0.3,R
,346501,1216,0,3843,0.45,-0.88,0.238,-30.17,32.31,-3.05,R
,346541,1264,0,3839,0.470,-0.878,0.396,-4.91,51.23,-4.91,R
,346551,1280,0,3879,0.429,-0.83,0.398,-3.88,61.43,-2.09,R
,346561,1268,0,843,0.47,-0.83,0.419,5.39,64.05,-1.5,R
,346581,1264,0,839,0.40,-0.81,0.425,-16.37,54.60,-4.04,R
,346591,1283,0,3893,0.44,-0.81,0.446,-19.99,4.76,-7.1,R
,346631,1296,0,3886,0.55,-0.78,0.390,-19.79,30.28,-12.30,R
,346651,1292,0,3888,0.521,-0.742,0.328,-18.37,38.50,-1016,R
,346661,1293,0,3854,0.526,-0.692,0.292,-24.63,40.42,-8.62,R
,346671,1296,0,885,0.52,-0.75,0.310,27.85,3.19,-1464,R
,346681,1313,0,3851,0.538,-0.74,0.295,-27.36,26.66,-17.95,R
,346691,1328,0,3888,0.55,-0.73,0.252,26.37,1.58,-2125,R
,346701,1341,0,857,0.61,-0.72,0.269,23.30,1.30,-2351,R
,346721,1349,0,3855,0.624,-0.700,0.260,-26.10,18.89,-2491,R
,346741,1366,0,3856,0.557,-0.693,0.384,-41.38,38.50,-10.56,R
,346751,1392,0,3888,0.565,-0.734,0.460,45.97,3.37,-6.6,R
,346761,1353,0,3846,0.600,-0.822,0.567,-40.83,30.47,-4.9,R
,346831,1322,0,3883,0.514,-0.807,1.212,-8.54,30.21,1.38,R
,346841,1306,0,3856,0.532,-0.79,1.216,-4.81,18.31,1.30,R
,346861,1323,0,3859,0.527,-0.792,1.182,10.44,0.74,-4.88,R
,346871,1317,0,888,0.55,-0.73,0.988,5.80,2.2,1.09,
,346911,1305,0,3878,0.503,-0.731,0.701,14.18,-19.43,8.28,R
,346921,1309,0,3863,0.489,-0.761,0.635,22.94,-18.13,10.40,R
,346941,1306,0,3869,0.47,-0.69,0.556,29.80,-11.20,17.10,R
,346981,1328,0,3856,0.41,-0.68,0.449,12.04,-27.52,28.4,R
,346991,1311,0,3887,0.459,-0.676,0.457,.96,-2460,33.2,R
,347001,1328,0,863,0.49,-0.69,0.442,5.58,-18.57,38.0,R
,347011,1298,0,3884,0.42,-0.71,0.471,3.31,-11.75,41.79,R
,347021,1299,0,3857,0.407,-0.720,0.493,.76,-8.62,44.40,R
,347051,1322,0,3875,0.32,-0.80,0.540,11.87,-18.48,46.54,R
,347071,1331,0,3871,0.34,-0.73,0.597,17.11,-30.21,42.68,R
,347101,1335,0,887,0.385,-0.773,0.540,.48,-2689,41.5,R
,347141,1325,0,3885,0.332,-0.873,0.544,12.77,-2.09,46.4,R
,347161,1333,0,3879,0.337,-0.860,0.547,18.73,-33.78,40.5,R
,347181,1344,0,3888,0.321,-0.875,0.553,6.76,-4.58,31.93,R
,347221,1344,0,878,0.33,-0.86,0.525,24.10,-26.02,43.6,R
,347231,1344,0,877,0.28,-0.84,0.526,26.28,-17.35,46.40,R
,347241,1350,0,3885,0.257,-0.855,0.539,0.79,-1.00,49.4,R
,347251,1358,0,3888,0.278,-0.836,0.534,3.22,-1.89,49.6,R
,347261,1360,0,895,0.268,-0.82,0.529,31.45,-1.09,46.57,R
,347291,1360,0,877,0.25,-0.85,0.482,20.76,-45.41,37.03,R
,347311,1371,0,3879,0.219,-0.859,0.485,6.41,-4.51,42.4,R
,347321,1354,0,886,0.20,-0.81,0.490,25.54,-31.06,44.74,R
,347331,1357,0,3879,0.219,-0.81,0.493,22.19,-22.05,49.06,R
,347381,1366,0,862,0.29,-0.90,0.519,6.27,-47.84,30.58,R
,347401,1350,0,3868,0.178,-0.934,0.547,0.01,-3.08,31.3,R
,347441,1344,0,3891,0.070,-0.935,0.487,8.77,-2.26,34.75,R
,347451,1296,0,874,0.03,-0.91,0.417,61.16,-23.93,32.60,R
,347461,1262,0,885,0.02,-0.86,0.348,69.95,-28.83,29.0,R
,347471,1251,0,3873,0.080,-0.848,0.298,71.89,-32.54,24.28,R
,347491,1180,0,880,0.082,-0.798,0.181,2.12,-4.64,15.7,R
,347501,1072,0,3893,0.098,-0.795,0.133,9.11,-44.85,13.59,R
,347521,816,0,3888,0.081,-0.781,0.046,6.36,-40.76,13.91,R
,347591,816,0,3882,0.222,-1.092,0.099,-42.20,-66.68,-32.24,R
,347651,960,0,3883,0.231,-0.985,0.166,-15.73,59.12,-7.93,R
,347661,976,0,3856,0.175,-0.978,0.209,-2.49,69.21,-1.95,R
,347871,944,0,3879,0.429,-0.735,0.551,-1.47,53.96,-35.90,R
,347901,921,0,3847,0.419,-0.872,0.752,-36.75,36.34,-29.89,R
,347931,887,0,388,0.306,-0.819,0.985,-23.94,47.28,-29.52,R
,347971,1125,0,3889,0.242,-0.78,1.293,-13.75,3.21,-22.91,R
,347981,1133,0,3865,0.259,-0.795,1.324,-9.76,-15.49,-26.71,R
,347991,1134,0,3885,0.260,-0.769,1.282,1.06,-22.19,-25.13,R
,348001,1136,0,888,0.29,-0.66,1.151,2.42,-17.27,-15.32,R
,348021,1065,0,877,0.46,-0.73,0.944,4.28,-1.20,-8.22,R
,348031,1065,0,887,0.41,-0.72,0.888,.62,-2466,-7.55,R
,348061,1067,0,888,0.31,-0.69,0.742,0.27,-2.08,2.9,R
,348101,1109,0,888,0.35,-0.74,0.558,0.84,-59.76,3.00,R
,348111,1114,0,885,0.40,-0.75,0.584,7.64,-60.95,4.87,R
,348171,1170,0,883,0.23,-0.77,0.529,11.90,-2.66,26.9,R
,348221,1147,0,885,0.25,-0.83,0.504,21.77,-58.91,21.76,R
,348271,1175,0,887,0.26,-0.87,0.246,34.15,-32.54,22.31,R
,348281,1154,0,890,0.24,-0.91,0.241,30.61,-38.48,15.87,R
,348371,1055,0,886,0.20,-0.98,-0.117,5.37,-6.97,-2.51,R
,348381,1013,0,854,0.33,-1.01,-0.084,1.35,-1.75,-7.60,R
,348551,963,0,3875,0.202,-0.898,0.214,-32.55,49.86,-79.43,R
,348601,1023,0,868,0.16,-0.74,0.260,-34.05,4.92,-8259,R
,348651,1123,0,877,0.19,-0.38,0.282,.50,73.8,-72.7,R
,348691,1136,0,877,0.07,-0.19,0.581,8.74,10001,-30.1,R
,348711,1184,0,881,0.02,-0.08,0.766,4.06,11.44,-0.6,R
,348731,1175,0,3878,0.02,-0.08,1.010,.70,11735,31.38,R
,348761,1152,0,853,0.26,-0.26,1.295,30.85,95.40,48.60,R
,348791,1141,0,888,0.41,-0.40,1.355,8.18,76.42,60.78,R
,348831,1159,0,877,0.65,-0.65,1.324,61.09,6787,74.1,R
,348841,1102,0,858,0.67,-0.67,1.214,8.67,71.08,77.81,R
,348871,1135,0,875,0.63,-0.89,1.199,55.96,28.92,61.09,R
,348911,1218,0,874,0.56,-0.94,1.156,5.60,1529,48.3,R
,348961,1297,0,3879,0.463,-0.925,1.111,58.71,-17.17,35.10,R
,349021,1242,0,929,0.29,-0.83,1.053,4.76,-40.85,32.26,R
,349081,1136,0,891,0.06,-0.75,0.979,28.10,-39.44,28.16,R
,349091,1126,0,887,0.00,-0.73,0.939,7.11,-3.64,30.4,R
,349101,1126,0,3889,0.022,-0.72,0.883,26.79,-37.23,31.53,R
,349111,1121,0,888,0.04,-0.71,0.834,5.64,-39.06,30.05,R
,349141,1123,0,909,0.00,-0.69,0.565,53.81,-5.64,22.0,R
,349171,1043,0,888,0.07,-0.62,0.354,8.91,-6.08,11.13,R
,349321,989,0,3872,0.105,-0.675,0.596,-16.20,22.01,-6.29,R
,349371,1072,0,3879,0.127,-0.64,0.701,4.20,3086,-26.7,R
,349381,1079,0,871,0.19,-0.66,0.729,9.93,26.24,-29.52,R
,349391,1090,0,3872,0.184,-0.67,0.724,-17.68,22.73,-2943,R
,349401,1093,0,856,0.19,-0.64,0.717,-23.70,28.08,-27.38,R
,349411,1095,0,3865,0.154,-0.66,0.724,-24.17,38.42,-23.26,R
,349491,1152,0,3862,0.229,-0.654,0.697,-34.08,17.26,-37.16,R
,349511,1157,0,873,0.35,-0.65,0.673,-32.72,18.48,-37.26,R
,349541,1200,0,3859,0.360,-0.621,0.688,-26.52,30.53,-41.98,R
,349551,1217,0,885,0.34,-0.62,0.784,29.82,3.33,-4445,R
,349641,1271,0,853,0.11,-0.50,1.634,-4.83,21.09,-13.66,R
,349651,1276,0,3882,0.225,-0.489,1.609,-2.23,6.97,-12.67,R
,349671,1230,0,885,0.34,-0.45,1.304,0.56,-1.66,-2.91,R
,349701,1232,0,3875,0.318,-0.47,1.125,6.13,-9.63,5.24,R
,349721,1234,0,874,0.26,-0.47,1.034,.77,-15.23,7.85,R
,349731,1232,0,3885,0.260,-0.479,1.009,4.67,-24.01,8.20,R
,349741,1210,0,879,0.24,-0.49,0.960,1.63,-32.36,9.73,R
,349771,1205,0,877,0.30,-0.51,0.912,1.53,-35.01,18.72,R
,349811,1149,0,881,0.29,-0.49,0.857,10.36,-7.59,38.77,R
,349861,1163,0,867,0.18,-0.60,0.940,-6.98,-49.26,27.9,R
,349901,1185,0,861,0.12,-0.64,0.947,15.98,-31.38,33.64,R
,349951,1172,0,889,0.01,-0.68,0.675,27.75,-33.67,35.52,R
,349961,1141,0,3881,0.052,-0.72,0.628,28.18,-39.61,30.94,R
,349971,1066,0,3899,0.121,-0.69,0.536,25.38,-42.47,23.96,R
,349981,1023,0,3871,0.092,-0.717,0.467,25.54,-49.00,21.76,R
,349991,1001,0,3899,0.11,-0.71,0.400,23.99,-48.28,18.54,R
,350041,825,0,3857,0.174,-0.747,0.168,-15.52,-18.39,10.46,R
,350061,649,0,3856,0.196,-0.786,0.221,-6.97,-1.37,-5.3,R
,350111,759,0,375,0.13,-0.931,0.406,-38.62,1515,-16.2,R
,350131,769,0,3873,0.129,-0.960,0.513,-44.36,4535,-8.7,R
,350191,913,0,3877,0.122,-0.948,0.586,-50.80,9.98,-64.2,R
,350201,1008,0,872,0.16,-0.92,0.563,-51.93,14.10,-6132,R
,350211,1099,0,3878,0.196,-0.911,0.567,-55.35,22.65,-61.92,R
,350221,1114,0,3869,0.195,-0.88,0.564,-53.27,36.42,-67.72,R
,350231,1117,0,881,0.18,-0.85,0.549,47.93,4.57,-7184,R
,350251,1117,0,884,0.12,-0.78,0.497,-41.24,48.18,-79.58,R
,350281,1230,0,3856,0.17,-0.69,0.413,-55.47,25.09,-9471,R
,350321,1295,0,3849,0.01,-0.39,0.304,-18.42,39.66,-95.98,R
,350331,1287,0,3889,0.032,-0.279,0.304,8.89,5598,-89.3,R
,350341,1306,0,3844,-0.045,-0.16,0.320,-6.22,75.38,-78.55,R
,350351,1309,0,3888,-0.087,-0.079,0.369,-2.63,87.82,-66.61,R
,350361,1311,0,3849,-0.130,-0.07,0.436,-0.78,95.44,-52.13,R
,350371,1328,0,901,-0.38,0.02,0.542,-1.39,94.77,-37.95,R
,350381,1313,0,3840,-0.178,0.086,0.666,-3.90,96.80,-23.78,R
,350411,1273,0,3883,-0.238,0.101,1.163,15.72,14.08,3471,R
,350441,1251,0,3829,0.02,-0.20,1.625,4.22,89.66,64.94,R
,350451,1243,0,3885,0.158,-0.32,1.689,18.28,82.57,70.60,R
,350461,1237,0,3841,0.249,-0.41,1.717,33.37,76.41,74.72,R
,350491,1243,0,897,0.59,-0.67,1.700,57.60,52.74,76.65,R
,350511,1200,0,888,0.53,-0.78,1.495,49.29,41.11,70.78,R
,350531,1204,0,3886,0.533,-0.869,1.363,3.63,2557,63.5,R
,350551,1232,0,885,0.45,-0.91,1.287,72.25,10.18,53.35,R
,350561,1237,0,3873,0.458,-0.901,1.236,6.80,8.2,50.17,R
,350611,1254,0,3888,0.369,-0.877,1.091,8.62,-2.92,43.32,R
,350631,1235,0,3874,0.26,-0.84,1.080,37.16,-27.35,41.94,R
,350651,1241,0,3888,0.213,-0.812,1.071,9.28,-2.81,44.2,R
,350661,1247,0,933,0.16,-0.80,1.080,26.96,-3.30,43.5,R
,350671,1235,0,890,0.19,-0.77,1.081,22.06,-33.61,42.6,R
,350681,1207,0,939,0.08,-0.77,1.084,16.39,-3.62,38.2,R
,350721,1145,0,904,-0.42,-0.68,1.082,14.42,-50.45,3330,R
,350741,1015,0,879,-0.73,-0.69,1.018,8.82,-53.41,32.8,R
,350751,1002,0,899,0.02,-0.52,0.941,3.84,-4979,25.0,R
,350761,1021,0,891,-0.01,-0.61,0.862,3.67,-6.09,24.8,R
,350791,993,0,303,-0.134,-0.664,0.652,1.64,-69.09,9.24,R
,350821,987,0,322,-0.04,-0.62,0.438,27.17,-55.82,9.24,R
,350841,1057,0,906,-0.17,-0.69,0.322,45.16,-44.68,1229,R
,350871,809,0,3886,0.023,-0.554,0.179,20.59,-11.47,31.62,R
,350911,871,0,3884,0.087,-0.673,0.205,-7.72,4.70,16.31,R
,350981,911,0,363,-0.05,-0.61,0.527,-32.71,27.64,3.45,R
,351061,889,0,3860,0.052,-0.684,0.726,-7.33,49.66,-8.01,R
,351141,1023,0,823,0.12,-0.66,0.704,-40.42,-.04,-2942,R
,351151,1041,0,3886,0.235,-0.650,0.690,-35.21,-2.72,-28.12,R
,351171,1085,0,891,0.22,-0.62,0.661,-26.69,2.89,-1393,R
,351181,1089,0,854,0.22,-0.51,0.780,-32.48,3.79,-1925,R
,351191,1090,0,3887,0.255,-0.515,0.916,-42.80,38.74,-24.10,R
,351221,1110,0,854,0.12,-0.70,1.270,70.19,877,-20.73,R
,351261,1063,0,3856,0.058,-0.603,1.719,22.78,2.31,-3.60,R
,351271,1152,0,3878,0.041,-0.61,1.729,-9.91,2172,-1.4,R
,351281,1195,0,3856,0.019,-0.623,1.690,-0.11,12.77,-2.53,R
,351341,1179,0,883,0.16,-0.57,1.132,0.18,-3.94,2.80,R
,351351,1199,0,888,0.16,-0.58,1.072,3.81,-3.81,4.25,R
,351361,1193,0,898,0.15,-0.55,1.008,26.94,-33.87,4.9,R
,351381,1199,0,3894,0.099,-0.553,0.930,20.47,-35.99,11.67,R
,351411,1189,0,3887,0.080,-0.590,0.887,4.51,-51.75,16.11,R
,351421,1185,0,3889,0.103,-0.610,0.904,6.99,-51.01,18.40,R
,351451,1191,0,888,0.01,-0.64,0.884,0.93,-3.69,26.94,R
,351461,1206,0,862,0.03,-0.62,0.870,2.03,-3.16,30.84,R
,351471,1208,0,882,0.04,-0.63,0.885,1.34,-3.59,30.5,R
,351481,1195,0,870,0.06,-0.628,0.885,7.64,-32.62,29.42,R
,351521,1217,0,877,-0.13,-0.65,0.867,8.47,-55.96,25.39,R
,351571,1042,0,892,0.035,-0.684,0.658,28.65,-48.98,21.93,R
,351601,944,0,377,0.03,-0.664,0.474,40.07,-41.75,16.97,R
,351701,822,0,350,0.06,-0.715,0.330,11.86,21.38,1.41,R
,351741,867,0,354,0.040,-0.628,0.519,6.53,27.50,-3.35,
,351801,839,0,3857,0.077,-0.689,0.694,-16.68,30.16,-18.79,R
,351821,862,0,3855,0.05,-0.680,0.730,-9.61,34.74,-20.9,R
,351831,878,0,388,0.05,-0.679,0.731,-6.98,36.27,-23.03,R
,351911,857,0,3881,0.062,-0.591,0.674,-10.63,35.24,-30.85,R
,351961,976,0,327,0.203,-0.625,0.615,-22.75,11.58,-38.6,R
,351981,1067,0,835,0.23,-0.631,0.587,-17.03,837,-41.8,R
,351991,1107,0,878,0.23,-0.63,0.586,-15.79,21.31,-3819,R
,352011,1121,0,895,0.21,-0.64,0.687,-17.81,43.09,-24.22,R
,352041,1123,0,839,0.13,-0.68,1.042,-39.88,35.70,-2624,R
,352061,1133,0,844,0.23,-0.70,1.284,49.96,21.58,-22.10,R
,352081,1090,0,847,0.06,-0.655,1.546,-37.72,29.98,-11.23,R
,352111,954,0,390,0.06,-0.650,1.709,-4.91,19.3,-11.89,R
,352131,1023,0,894,0.07,-0.57,1.572,12.80,2.05,-7.31,R
,352181,1044,0,878,0.11,-0.54,1.118,34.45,-19.76,-5.00,R
,352201,1045,0,860,0.17,-0.51,0.992,2.90,-2.78,0.17,R
,352231,1059,0,888,0.18,-0.500,0.924,15.74,-34.65,8.7,R
,352241,1054,0,866,0.17,-0.50,0.909,12.86,-34.76,13.4,R
,352291,1071,0,892,0.15,-0.547,0.916,16.59,-2.81,27.5,R
,352311,1075,0,885,0.01,-0.56,0.926,17.14,-29.73,34.37,R
,352321,1072,0,856,0.04,-0.57,0.925,17.06,-33.63,34.13,R
,352331,1072,0,888,0.02,-0.59,0.908,16.94,-41.35,31.7,R
,352341,1078,0,859,0.07,-0.61,0.905,19.35,-47.84,27.38,R
,352351,1082,0,913,0.05,-0.62,0.893,2.01,-51.76,23.26,R
,352381,1063,0,863,0.05,-0.60,0.816,26.64,-51.46,20.5,R
,352391,1013,0,888,0.04,-0.60,0.736,33.84,-43.93,21.2,R
,352551,551,0,3929,0.069,-0.676,0.460,6.12,15.4,-4.15,
,352701,85,0,3839,0.075,-0.615,0.783,-24.43,44.7,-26.64,R
,352771,587,0,399,0.284,-0.625,0.712,-12.40,3470,-28.51,R
,352921,358,0,3854,0.11,-0.439,1.494,0.85,-9.90,-26.71,R
,353021,418,0,3837,0.097,-0.444,1.016,16.24,-4428,-3.26,R
,353041,417,0,3834,0.041,-0.490,1.012,1.33,-49.84,3.67,R
,353081,543,0,3831,0.003,-0.463,0.960,39.46,-32.36,16.8,R
,353091,531,0,300,-0.08,-0.46,0.942,42.13,-30.25,19.30,R
,353101,543,0,3843,-0.058,-0.470,0.902,41.67,-29.92,22.31,R
,353111,546,0,305,-0.072,-0.465,0.864,1.35,-2.44,26.81,R
,353121,550,0,338,-0.08,-0.46,0.824,42.57,-28.60,30.86,R
,353151,665,0,3920,-0.091,-0.440,0.714,5.66,-13.72,39.88,R
,353161,688,0,341,-0.11,-0.42,0.620,59.93,-6.48,43.56,R
,353181,688,0,3831,-0.086,-0.445,0.506,3.98,3.6,51.18,R
,353201,637,0,325,-0.03,-0.45,0.455,74.38,7.5,57.49,R
,353241,704,0,3842,0.105,-0.590,0.417,48.01,12.4,48.86,R
,353261,878,0,3830,0.220,-0.655,0.456,4.27,31.7,43.27,R
,353291,1067,0,891,0.13,-0.72,0.615,38.99,6321,28.95,R
,353351,1090,0,891,0.12,-0.67,0.739,32.99,70.53,-4.85,R
,353361,1101,0,841,0.16,-0.66,0.749,24.51,67.81,-12.67,R
,353411,1109,0,3906,0.027,-0.624,0.880,1.22,56.6,-51.3,R
,353441,1159,0,3827,-0.022,-0.553,0.900,6.21,7346,-50.4,R
,353511,1100,0,905,-0.10,-0.44,0.851,-17.36,4.18,-6.67,R
,353521,1102,0,837,0.07,-0.467,0.822,14.49,4.50,-67.78,R
,353531,1110,0,905,0.06,-0.43,0.771,-11.88,37.14,-6577,R
,353551,1097,0,930,0.06,-0.41,0.689,-13.06,28.31,-60.39,R
,353561,1074,0,937,0.114,-0.41,0.628,-16.16,22.13,-57.75,R
,353591,1074,0,907,0.117,-0.36,0.760,-38.75,34.45,-58.30,R
,353641,971,0,3831,-0.082,-0.425,1.485,42.14,4.24,-2609,R
,353741,1079,0,821,-0.02,-0.33,1.332,14.85,-0.65,-3.02,R
,353811,1101,0,892,0.06,-0.36,1.017,11.64,-3.65,19.96,R
,353871,1090,0,903,-0.56,-0.42,1.019,14.57,-32.95,35.93,R
,353891,1102,0,913,-0.072,-0.398,1.033,18.38,-35.46,36.81,R
,353941,999,0,3839,-0.122,-0.411,0.955,30.24,-37.75,31.10,R
,353971,1023,0,910,-0.22,-0.442,0.850,28.35,-34.89,26.91,R
,354011,997,0,313,0.073,-0.410,0.497,13.17,-26.22,17.06,R
,354051,974,0,3914,-0.061,-0.462,0.515,5.08,-16.33,19.39,R
,354061,960,0,326,-0.056,-0.510,0.479,5.75,-13.14,18.72,R
,354081,947,0,327,-0.06,-0.52,0.496,1.84,-280,7.38,R
,354111,800,0,316,-0.10,-0.47,0.608,0.25,6.82,1.07,R
,354181,705,0,321,-0.18,-0.49,0.837,12.75,14.31,-14.62,R
,354191,766,0,3904,-0.087,-0.507,0.861,-8.97,12.31,-17.14,R
,354211,782,0,301,-0.01,-0.48,0.875,-6.42,2328,-17.4,R
,354221,779,0,310,-0.17,-0.47,0.890,6.89,2744,-17.00,R
,354231,795,0,320,-0.10,-0.47,0.896,-8.75,2900,-16.7,R
,354241,826,0,319,-0.01,-0.46,0.895,9.94,3045,-15.7,R
,354251,943,0,303,-0.070,-0.479,0.914,-11.23,29.99,-17.61,R
,354271,974,0,311,-0.00,-0.461,0.891,-11.99,28.77,-23.32,R
,354281,944,0,3819,-0.03,-0.460,0.868,13.93,25.14,-25.80,R
,354291,969,0,323,-0.04,-0.48,0.877,-14.51,19.17,-29.46,R
,354331,1038,0,920,0.07,-0.47,0.732,21.29,821,-32.6,R
,354341,1052,0,3819,0.110,-0.490,0.688,21.67,6.80,-33.35,R
,354441,1043,0,818,-0.069,-0.486,1.227,-44.66,45.38,-2.32,R
,354481,476,0,324,-0.12,-0.35,1.745,-26.08,3.84,-1427,R
,354491,511,0,304,-0.24,-0.40,1.800,-14.54,3.67,-1140,R
,354521,557,0,323,-0.11,-0.34,1.667,.07,4.7,-10.93,R
,354551,545,0,380,-0.09,-0.295,1.292,16.82,-17.05,-8.51,R
,354591,528,0,3920,-0.016,-0.297,1.051,4.91,-29.17,0.80,R
,354601,511,0,322,-0.06,-0.338,1.030,9.35,-28.34,5.10,R
,354631,523,0,312,-0.09,-0.375,0.998,13.25,-24.83,15.79,R
,354661,675,0,3821,-0.029,-0.393,1.011,25.19,-21.47,23.18,R
,354671,791,0,3917,-0.038,-0.380,1.002,23.98,-22.01,24.97,R
,354701,979,0,314,-0.06,-0.37,0.994,8.85,-35.17,23.99,R
,354731,1074,0,3920,-0.011,-0.425,0.997,17.99,-30.56,2468,R
,354741,1086,0,3824,-0.042,-0.421,0.969,18.09,-27.72,26.81,R
,354751,1079,0,921,-0.58,-0.44,0.962,19.17,-3.03,2729,R
,354811,994,0,323,-0.08,-0.47,0.824,1.29,-2.94,22.5,R
,354821,1009,0,824,-0.079,-0.476,0.777,32.21,-28.91,21.03,R
,354831,995,0,321,-0.06,-0.47,0.731,1.09,-2.98,19.3,R
,354841,895,0,324,-0.03,-0.47,0.684,9.41,-2.35,18.72,R
,354871,673,0,345,-0.03,-0.44,0.619,9.49,-12.47,11.20,R
,354911,464,0,319,-0.038,-0.548,0.534,-4.54,3.3,3.59,
,354921,486,0,317,-0.00,-0.552,0.574,-5.41,6.74,2.11,
,354971,487,0,307,-0.037,-0.511,0.660,-2.97,21.11,-10.2,R
,354991,496,0,388,-0.05,-0.49,0.712,14.30,28.99,-10.32,R
,355001,501,0,307,-0.09,-0.49,0.750,21.81,3.68,-10.48,R
,355011,510,0,302,-0.06,-0.50,0.800,-25.55,30.91,-12.53,R
,355021,511,0,322,-0.06,-0.53,0.848,-23.30,31.17,-13.87,R
,355041,647,0,315,-0.08,-0.53,0.911,-16.42,24.48,-19.57,R
,355061,820,0,394,-0.092,-0.492,0.894,-11.53,3.15,-1929,R
,355091,871,0,332,-0.057,-0.468,0.887,-22.69,2.70,-2445,R
,355101,870,0,311,-0.07,-0.466,0.872,-27.82,23.29,-2616,R
,355111,966,0,337,-0.06,-0.473,0.867,-30.46,17.93,-2757,R
,355121,1014,0,811,-0.10,-0.41,0.863,-30.54,12.71,-29.37,R
,355141,1072,0,818,0.05,-0.49,0.813,28.75,610,-34.2,R
,355151,1147,0,934,0.09,-0.49,0.786,23.73,5.12,-35.2,R
,355181,1138,0,819,0.12,-0.45,0.653,-16.37,15.64,-35.17,R
,355201,1152,0,831,0.16,-0.40,0.616,27.68,21.38,-3100,R
,355211,1199,0,923,0.11,-0.427,0.674,-32.25,21.93,-3288,R
,355241,1157,0,813,-0.47,-0.56,1.041,-49.93,34.95,-30.70,R
,355271,1076,0,911,-0.142,-0.456,1.611,-36.19,44.76,-6.15,R
,355281,1055,0,3818,-0.281,-0.377,1.757,-27.12,41.63,-027,R
,355291,1060,0,3914,-0.85,-0.422,1.777,-8.48,36.91,1.39,R
,355301,1072,0,822,-0.81,-0.38,1.797,0.19,22.85,-1.89,R
,355351,1006,0,3916,-0.019,-0.311,1.323,10.71,-30.86,-549,R
,355361,1003,0,813,0.00,-0.296,1.217,12.56,-27.47,-0.38,R
,355431,903,0,326,-0.08,-0.42,1.066,.74,-36.79,21.67,R
,355451,1003,0,3920,0.004,-0.425,1.061,21.52,-30.04,30.2,R
,355471,1071,0,919,-0.06,-0.44,1.049,23.03,-27.08,3310,R
,355541,1051,0,814,-0.79,-0.55,1.060,20.85,-38.30,39.00,R
,355561,1081,0,824,-0.13,-0.48,1.010,38.25,-37.23,37.44,R
,355601,1102,0,823,-0.13,-0.40,0.760,44.27,-34.34,28.45,R
,355641,707,0,322,-0.18,-0.523,0.573,25.43,-24.79,24.71,R
,355751,823,0,319,-0.03,-0.56,0.564,1.05,33.53,-6.25,R
,355761,815,0,306,-0.034,-0.546,0.594,3.81,36.30,-12.3,R
,355811,816,0,397,-0.04,-0.525,0.800,-23.01,20.24,-3012,R
,355831,832,0,320,-0.02,-0.513,0.851,-20.43,29.72,-30.58,R
,355841,896,0,323,-0.01,-0.52,0.869,17.27,36.19,-2887,R
,355861,842,0,311,-0.03,-0.49,0.855,13.26,38.56,-2975,R
,355871,825,0,322,-0.03,-0.47,0.855,14.68,4.41,-3392,R
,355901,869,0,308,-0.02,-0.46,0.811,-24.34,29.40,-3960,R
,355951,909,0,3897,0.025,-0.465,0.774,-25.72,35.11,-37.3,R
,355991,906,0,3920,0.057,-0.433,0.781,-20.25,38.77,-33.83,R
,356001,913,0,323,0.07,-0.404,0.844,-21.01,36.50,-35.1,R
,356071,640,0,352,-0.12,-0.41,1.535,-19.90,48.56,1.9,R
,356091,598,0,330,-0.12,-0.35,1.598,2.88,31.79,0.19,
,356101,622,0,318,-0.18,-0.33,1.620,4.22,21.05,-2.00,R
,356121,627,0,311,-0.10,-0.323,1.503,-0.72,0.77,-0.61,R
,356171,621,0,3917,0.010,-0.383,1.159,17.98,-1857,6.75,!5
,356231,723,0,339,0.02,-0.435,1.085,11.26,-2407,28.0,R
,356261,720,0,307,0.011,-0.410,1.073,1.69,-13.99,38.6,R
,356281,674,0,392,-0.08,-0.401,1.060,15.11,-15.03,41.24,R
,356291,599,0,338,-0.05,-0.411,1.096,11.93,-19.78,41.13,R
,356331,856,0,331,-0.16,-0.454,1.168,11.25,-32.97,40.65,R
,356341,837,0,320,-0.18,-0.45,1.149,8.90,-30.94,42.5,R
,356381,1097,0,813,-0.60,-0.40,1.049,32.61,-28.72,47.06,R
,356491,1135,0,3942,-0.009,-0.52,0.233,20.27,-3.99,30.22,R
,356531,1095,0,3923,0.019,-0.71,0.286,-5.43,-5.72,-12.2,R
,356561,1152,0,802,-0.16,-0.622,0.405,0.65,1586,-19.9,R
,356591,1122,0,916,-0.52,-0.51,0.687,-30.59,34.01,-3.00,R
,356611,1058,0,3919,-0.63,-0.589,0.848,-28.46,8.33,-37.34,R
,356661,1073,0,807,-0.74,-0.458,0.931,-5.32,37.41,-3816,R
,356711,1011,0,947,-0.28,-0.431,0.917,-31.35,36.33,-39.58,R
,356731,939,0,324,-0.13,-0.450,0.896,-32.51,23.32,-3865,R
,356781,999,0,395,0.06,-0.400,0.648,-8.31,5.1,-45.05,!5
,356821,1017,0,3803,-0.084,-0.400,0.968,-45.26,2.21,-26.47,R
,356831,984,0,3943,-0.056,-0.36,1.098,-54.22,34.97,-2622,R
,356841,880,0,3811,-0.111,-0.445,1.333,-53.72,33.53,-13.13,R
,356871,795,0,3949,-0.231,-0.450,1.718,19.72,2.24,5.75,R
,356921,901,0,3807,-0.083,-0.37,1.473,1.40,-19.11,2.9,R
,356941,916,0,3808,-0.00,-0.376,1.269,17.00,-24.42,8.65,R
,356951,919,0,3920,-0.08,-0.354,1.183,19.49,-24.01,9.8,R
,356961,932,0,3802,0.004,-0.364,1.142,18.12,-2141,12.5,R
,356991,928,0,326,-0.09,-0.402,1.053,9.63,-22.83,21.2,R
,357061,944,0,3810,-0.054,-0.433,1.046,4.79,-2.41,36.78,R
,357101,945,0,305,-0.18,-0.426,1.042,15.54,-2.03,40.25,R
,357111,1007,0,954,-0.65,-0.450,1.058,13.38,-29.59,4002,R
,357121,1044,0,3810,-0.187,-0.42,1.098,17.70,-36.72,3924,R
,357131,1040,0,3920,-0.211,-0.47,1.093,25.87,-42.11,3868,R
,357211,945,0,347,0.00,-0.383,0.578,5.36,-43.34,26.4,R
,357251,458,0,3953,-0.051,-0.57,0.366,19.37,-31.37,13.0,R
,357281,622,0,3793,-0.015,-0.61,0.360,7.66,-21.76,-0.04,R
,357441,625,0,302,-0.09,-0.44,0.857,-10.63,29.37,-3149,R
,357541,805,0,3811,0.120,-0.416,0.818,-11.32,11.11,-42.0,R
,357651,493,0,3934,-0.141,-0.345,1.463,-13.38,43.55,-9.0,R
,357691,624,0,3952,-0.175,-0.299,1.523,5.80,7.24,-5.74,
,357781,704,0,3805,0.001,-0.348,1.056,10.06,-24.80,11.3,R
,357911,688,0,3975,-0.045,-0.41,1.172,7.25,-26.18,34.2,R
,357951,673,0,3949,-0.117,-0.429,1.160,21.14,-27.75,36.9,R
,358041,871,0,3811,0.024,-0.489,0.583,39.54,-47.63,29.3,R
,358171,458,0,3940,-0.067,-0.458,0.688,-19.46,33.81,-1667,R
,358191,400,0,346,-0.07,-0.439,0.832,28.02,33.64,-16.42,R
,358371,616,0,3927,0.090,-0.380,0.799,-6.80,29.1,-28.6,R
,358381,619,0,3807,0.094,-0.348,0.753,-11.33,26.91,-28.9,R
,358401,559,0,3802,0.132,-0.353,0.738,-26.75,15.02,-33.9,R
,358461,687,0,3809,-0.106,-0.380,1.332,-39.99,2.24,-1432,R
,358531,467,0,3945,-0.046,-0.27,1.479,8.18,-6.71,10.46,R
,358711,567,0,3963,-0.097,-0.441,1.082,8.62,-3013,31.9,R
,358751,472,0,3952,-0.15,-0.497,1.002,34.15,-41.18,28.23,R
,358761,721,0,3813,-0.04,-0.506,0.947,40.18,-42.79,25.3,R
,359041,571,0,3809,-0.019,-0.458,0.883,-12.02,2.67,-2363,R
,359181,589,0,3808,0.038,-0.411,0.819,-21.35,2442,-24.12,R
,359271,511,0,363,-0.084,-0.420,1.404,-44.74,2.86,0.5,R
,359281,511,0,3797,-0.049,-0.466,1.510,40.60,1.43,8.8,R
,359291,511,0,3967,-0.136,-0.426,1.600,31.58,20.31,12.4,R
,359421,731,0,3813,-0.06,-0.44,1.038,0.24,-22.68,29.45,R
,359471,899,0,3978,-0.051,-0.416,1.035,9.89,-2.72,34.7,R
,359731,1123,0,3920,0.052,-0.62,0.548,2.53,-0.04,-14.5,R
,359761,1082,0,3824,-0.52,-0.454,0.470,6.93,3615,9.12,!5
,359931,1219,0,3959,-0.038,-0.41,0.865,-16.84,8.31,-3299,R
,360231,1239,0,3954,0.017,-0.44,1.129,3.43,-34.83,39.5,R
,360291,1154,0,3971,0.03,-0.616,1.140,1.19,-38.83,40.22,R
,360301,1131,0,818,0.01,-0.666,1.137,1.63,-37.05,37.07,R
,360471,451,0,340,-0.06,-0.527,0.373,43.53,-52.45,-5.37,R
,360841,1168,0,3814,0.09,-0.576,1.544,-28.51,2.17,4.75,R
,361031,1202,0,953,0.12,-0.562,0.959,3.95,-42.57,27.0,R
,361401,1060,0,3812,0.18,-0.68,0.748,-8.71,48.59,-10.3,R
,361451,1136,0,3927,0.096,-0.644,0.750,24.42,23.28,-29.75,R
,361561,1229,0,3807,0.292,-0.555,0.616,23.17,11.61,-39.20,R
,361571,1229,0,3938,0.37,-0.549,0.602,24.16,12.73,-4059,R
,361711,1210,0,3922,0.23,-0.519,1.333,1.54,-2.30,18.11,R
,361751,1196,0,3946,0.321,-0.533,1.155,22.93,-2.82,19.3,R
,361801,1174,0,3822,0.261,-0.579,1.027,11.75,-3.40,27.2,R
,361891,1216,0,966,0.24,-0.801,0.989,5.72,-5656,32.2,R
,362341,1056,0,3807,0.43,-0.615,0.472,-22.48,17.21,-1487,R
,362361,1083,0,811,0.40,-0.599,0.573,-13.21,38.33,-17.08,R
,362511,1035,0,960,0.46,-0.589,1.133,1.41,-9.24,21.67,R
,362551,1163,0,952,0.49,-0.626,0.918,33.34,-2.69,25.6,R
,362561,1168,0,3812,0.46,-0.635,0.899,33.00,-2.57,27.1,R
,362601,1200,0,3819,0.43,-0.668,0.852,18.15,-2.89,33.4,R
,362761,1216,0,3810,0.22,-0.677,0.552,41.90,-64.34,10.66,R
,362781,1181,0,817,0.23,-0.672,0.356,40.88,-67.43,6.2,R
,362881,1008,0,3808,0.374,-0.80,0.083,-8.60,9.69,-12.3,R
,362911,1052,0,947,0.33,-0.758,0.247,-6.04,26.42,-5.61,R
,362941,1087,0,809,0.20,-0.78,0.478,-22.39,45.84,-9.09,R
,362971,1088,0,961,0.26,-0.791,0.609,-12.23,45.28,-11.35,R
,362991,1097,0,952,0.23,-0.748,0.658,-14.39,43.29,-19.28,R
,363041,1157,0,3802,0.21,-0.732,0.749,30.57,43.73,-2554,R
,363131,1232,0,3959,0.459,-0.62,0.548,-23.52,20.97,-3280,R
,363181,1234,0,3819,0.412,-0.53,0.557,34.84,21.47,-4236,R
,363341,1247,0,3820,0.456,-0.610,1.080,28.18,-16.48,25.93,R
,363351,1254,0,4017,0.453,-0.60,1.025,39.05,-13.06,26.71,R
,363411,1239,0,3993,0.396,-0.695,0.904,10.09,-46.01,40.39,R
,363551,1169,0,4019,0.480,-1.098,0.595,2.93,-4358,-3.31,R
,363611,1191,0,4007,0.343,-0.986,0.245,-40.20,-54.69,-5.30,R
,363891,1207,0,4005,0.571,-0.735,0.420,-33.96,35.50,-7.8,R
,364241,1262,0,3797,0.471,-0.718,0.730,14.71,-49.44,39.6,R
,364301,1313,0,799,0.31,-0.75,0.663,27.25,-40.69,39.7,R
,364331,1334,0,4023,0.273,-0.837,0.553,23.84,-47.09,38.3,R
,364361,1296,0,3803,0.242,-0.801,0.283,35.98,-7.68,26.3,R
,364401,1141,0,3797,0.485,-0.897,-0.201,26.83,-8.31,2.8,R
,364441,1168,0,3801,0.556,-0.779,-0.418,24.96,1.94,8.4,R
,364511,1223,0,4011,0.449,-0.780,0.070,-19.82,2.75,-7.9,R
,364581,1174,0,3804,0.362,-0.819,0.496,-15.97,4.25,-8.8,R
,364601,1168,0,3805,0.457,-0.819,0.522,-18.16,28.28,-6.93,R
,364741,1152,0,798,0.57,-0.73,0.478,-19.99,31.90,-25.75,R
,364851,1166,0,4038,0.600,-0.761,0.608,-11.84,14.99,-4203,R
,364871,1147,0,4033,0.516,-0.804,0.557,7.78,1170,-49.6,R
,364941,1143,0,798,0.52,-0.70,0.486,-5.07,20.36,-56.8,R
,364961,1195,0,3797,0.502,-0.665,0.457,12.69,1.17,-51.46,R
,365061,1171,0,3791,0.461,-0.550,0.394,-20.01,64.80,-22.03,R
,365291,871,0,4041,0.252,-0.363,0.980,148.97,11.12,80.3,R
,365321,820,0,3793,0.075,-0.424,1.074,16.21,13.79,83.4,R
,365371,971,0,4069,0.104,-0.339,1.043,165.46,12.96,96.1,R
,365421,859,0,3792,-0.127,-0.142,1.040,65.31,10.13,104.65,R
,365581,907,0,3803,-0.14,-0.16,1.037,60.27,78.80,108.95,R
,365671,891,0,4069,-0.250,-0.100,0.969,5.94,5615,17.8,R
,365771,1057,0,3984,-0.90,0.27,1.207,20.79,2570,-6.2,R
,365951,410,0,3993,0.088,0.969,0.162,-35.44,71.17,-56.65,R
,366121,671,0,3797,-0.485,0.422,0.813,1.27,-3.1,0.02,
,366151,673,0,4035,-0.43,0.379,0.733,14.44,6.39,2.69,R
,366161,661,0,301,-0.412,0.383,0.725,1.07,11.0,4.00,
,366201,560,0,3797,-0.55,0.474,0.757,16.03,29.82,3.76,R
,366221,"Qbb²bjrbrbrbrbrbrbR366231",557,0,4036,-0.637,0.4740.767,6.45,17.4,2.45,R
,366301,544,0,383,-0.562,0.420,0.653,1.58,19.7,5.04,R
,366411,675,0,4031,-0.53,0.451,0.687,13.66,18.1,5.24,R
,366481,675,0,3803,-0.609,0.484,0.672,-0.98,-3.78,-8.13,R
,366701,661,0,3801,-0.652,0.443,0.754,-31.72,-22.69,4.6,R
,366721,661,0,3793,-0.59,0.423,0.707,-28.34,-2.89,5.8,R
,366881,623,0,3793,-0.57,0.347,0.781,-22.02,-2.74,-1371,R
,366901,635,0,3798,-0.491,0.324,0.830,-15.91,-2.70,-1783,R
,366961,541,0,302,-0.498,0.349,0.771,-4.04,-2578,-19.2,R
,367021,145,0,3778,-0.45,0.283,0.878,-16.80,-3.82,-1914,R
,367281,0,0,3795,-0.500,0.294,0.840,-8.2,7.58,1.29,R
,367301,0,0,3783,-0.495,0.286,0.849,-9.65,-0.28,-0.30,R
,367481,29,0,3794,-0.530,0.312,0.830,-187,13.79,3.96,R
,367651,18,0,4095,-0.50,0.245,0.818,4.03,5.57,.18,R
,367761,0,0,3792,-0.483,0.264,0.820,7.16,-8.82,3.16,R
,367841,691,0,3798,-0.584,0.376,0.801,15.60,16.0,6.74,
,367911,944,0,4095,-0.477,0.274,0.739,1.97,8.28,1.65,R
,367931,1037,0,4095,-0.500,0.292,0.728,4.38,9.49,1.56,R
,367981,1248,0,3795,-0.620,0.417,0.875,11.08,2928,-0.5,R
,368091,1469,0,095,-0.521,0.32,0.728,17.14,3.3,-10.7,R
,368201,1443,0,3793,-0.619,0.387,0.693,0.07,-614,-1.0,R
,368271,1585,0,4095,-0.624,0.40,0.741,7.05,10.57,0.16,R
,368341,1715,0,3792,-0.555,0.283,0.748,20.46,-9.95,-1.36,R
,368481,1875,0,3792,-0.550,0.361,0.786,6.36,1005,-3.0,R
,368651,1661,0,4095,-0.593,0.34,0.752,26.21,14.47,-0.04,R
,368691,1633,0,4095,-0.606,0.37,0.729,5.57,-517,-7.8,R
,368701,1589,0,3795,-0.605,0.38,0.701,16.57,-924,-7.2,R
,368831,1273,0,4087,-0.622,0.45,0.697,26.09,11.92,2.39,R
,368881,1197,0,3799,-0.586,0.451,0.705,14.90,7.24,0.51,
,369211,882,0,4095,-0.644,0.454,0.706,-4.69,3.0,4.86,R
,369261,1163,0,3794,-0.17,0.435,0.711,3.35,5.1,10.37,
,369271,1296,0,4095,-0.610,0.46,0.730,.58,9.4,11.27,
,369321,1301,0,3793,-0.641,0.520,0.618,0.55,2.0,8.36,
,369471,1323,0,4095,-0.617,0.41,0.680,0.33,2.0,2.91,R
,369701,1173,0,3795,-0.595,0.435,0.687,1.77,-1.1,-1.67,R
,369711,1185,0,4095,-0.16,0.454,0.682,-0.37,0.0,-0.67,R
,369741,1189,0,3791,-0.94,0.432,0.702,2.16,5.60,3.75,R
,369751,1187,0,4095,-0.95,0.427,0.693,3.06,5.0,2.19,R
,369881,1162,0,3792,-0.594,0.446,0.689,0.79,-1.76,0.39,R
,370021,1127,0,794,-0.630,0.463,0.640,13.57,3.9,4.20,
,370131,ʢbbʪbjrbrbrbrbrbrbR3701411093,0,791,-0.602,0.48,0.652,.51,1.46,4.60,R
,370191,1073,0,095,-0.584,0.471,0.678,.96,4.3,3.65,R
,370241,1071,0,3798,-0.23,0.48,0.643,5.01,1.86,2.16,R
,370251,1070,0,095,-0.613,0.47,0.655,4.55,0.94,1.52,
,370341,1040,0,3791,-0.22,0.512,0.653,1.34,3.02,2.05,R
,370351,1072,0,4095,-0.605,0.492,0.667,.40,3.95,3.26,R
,370381,1055,0,3799,-0.23,0.503,0.626,2.01,2.2,2.81,R
,370611,1044,0,4095,-0.87,0.50,0.687,4.30,6.13,-2.10,
,370621,1040,0,3795,-0.95,0.519,0.677,3.46,5.34,-2.25,R
,370631,1023,0,095,-0.604,0.52,0.656,.04,4.1,-2.32,
,370711,1056,0,095,-0.642,0.45,0.616,0.26,5.55,-0.73,R
,3707211056,0,794,-0.43,0.46,0.623,1.43,5.87,0.13,"R370731",bʪbjrbrbrbrbrbjrbR
,370771,1070,0,095,-0.56,0.45,0.622,0.74,-1.08,-1.28,R
,370801,1061,0,797,-0.645,0.47,0.624,.89,-1.69,0.08,R
,370821,1066,0,3795,-0.34,0.478,0.621,-1.64,-172,-0.5,R
,370881,1013,0,3788,-0.22,0.511,0.628,-4.52,-0.43,-0.8,R
,370941,1019,0,801,-0.86,0.489,0.652,-0.14,0.89,-2.82,!5
,371131,1047,0,4095,-0.623,0.442,0.629,2.83,-0.3,-1.08,R
,371141,1040,0,3803,-0.624,0.451,0.630,.03,1.3,-0.51,R
,371251,1037,0,4095,-0.635,0.472,0.626,.19,0.68,-2.07,
,371401,1051,0,3786,-0.650,0.458,0.617,.14,-2.9,1.68,R
,371881,1090,0,3813,-0.641,0.466,0.614,1.28,-0.76,1.35,R
,371971,1086,0,4095,-0.631,0.476,0.646,.62,-0.0,0.77,R
,372001,1087,0,3799,-0.640,0.46,0.668,-0.89,-361,-1.28,R
,372021,1090,0,3807,-0.636,0.466,0.633,.36,-0.8,0.08,R
,372161,1085,0,3805,-0.635,0.48,0.603,3.70,4.2,1.27,R
,372191,1088,0,095,-0.639,0.503,0.613,-1.65,-092,-0.6,R
,372211,1088,0,095,-0.642,0.479,0.638,-2.46,-3.56,-1.77,R
,372391,1088,0,095,-0.27,0.457,0.619,0.50,-1.23,0.31,
,372501,1089,0,3799,-0.633,0.48,0.618,2.36,-0.4,-1.78,R
,372571,1063,0,4095,-0.623,0.48,0.648,-3.49,-184,-0.6,R
,372601,1088,0,3799,-0.631,0.47,0.632,0.74,1.9,1.47,R
,372641,1087,0,3801,-0.46,0.487,0.617,-4.30,-639,-1.9,R
,372651,1088,0,4095,-0.639,0.470,0.638,-3.73,-6.53,-2.36,R
,372851,1123,0,095,-0.609,0.456,0.647,0.10,2.3,1.06,R
,372931,1117,0,095,-0.619,0.483,0.620,2.45,5.5,1.75,R
,373011,1098,0,095,-0.629,0.48,0.637,3.81,3.9,1.87,R
,373061,1088,0,797,-0.633,0.481,0.621,.50,-1.2,0.00,R
,373091,1077,0,4095,-0.33,0.474,0.640,3.43,-0.6,0.45,R
,373101,1086,0,3793,-0.33,0.47,0.638,2.88,-0.4,0.48,R
,373301,1087,0,3795,-0.06,0.480,0.653,2.33,0.7,-0.24,R
,373311,1095,0,4095,-0.22,0.483,0.651,1.60,1.78,0.19,R
,373341,1085,0,3795,-0.22,0.500,0.631,0.12,1.4,0.83,R
,373481,1079,0,3785,-0.630,0.496,0.622,1.34,-1.01,-0.12,R
,373541,1068,0,3799,-0.569,0.450,0.598,2.21,1.5,-3.06,R
,373661,1079,0,3798,-0.656,0.490,0.604,.56,2.83,-11.86,R
,373921,1050,0,3808,-0.21,0.456,0.586,3.92,5.4,0.42,R
,373971,1101,0,4095,-0.690,0.510,0.629,.85,7.9,-3.40,R
,374031,1103,0,4095,-0.643,0.458,0.576,.37,2.94,-3.00,R
,374091,1106,0,4095,-0.691,0.518,0.610,.41,3.6,1.76,R
,374121,1105,0,3803,-0.620,0.447,0.614,-8.14,-1.01,-4.6,R
,374321,1079,0,807,-0.52,0.54,0.583,2.59,0.3,3.42,
,374391,1078,0,3962,-0.646,0.528,0.599,12.42,066,6.68,R
,374431,1052,0,3908,-0.661,0.537,0.595,-16.86,-.89,11.6,R
,374501,1023,0,3811,-0.658,0.529,0.631,27.75,-.47,0.92,R
,374541,826,0,4095,-0.646,0.457,0.632,-0.30,-1.72,-3.58,R
,374601,829,0,3799,-0.589,0.472,0.658,-3.90,-385,-7.1,R
,374651,772,0,4095,-0.702,0.447,0.697,-2.48,-647,-13.0,R
,374661,767,0,3802,-0.628,0.378,0.720,-9.79,-614,-11.60,R
,374711,836,0,4095,-0.582,0.311,0.539,-3.03,-1.43,-7.9,R
,374821,891,0,3809,-0.707,0.393,0.752,-7.65,7.0,0.39,
,374951,839,0,4095,-0.644,0.314,0.764,-7.73,-114,10.8,R
,375161,1107,0,806,-0.53,0.179,0.906,81.09,9.20,80.13,R
,375181,1135,0,3789,-0.638,0.25,0.765,45.65,421,93.15,R
,375281,1281,0,3804,-0.465,0.159,1.043,77.00,-5.14,7831,R
,375401,1451,0,3806,-0.420,0.051,1.268,102.23,33.32,1.51,R
,375411,1447,0,4095,-0.384,0.015,1.294,-112.49,-38.07,2.68,R
,375501,1270,0,809,-0.87,0.003,1.178,-173.96,-106.88,-57.92,R
,375601,990,0,3807,-0.454,-0.16,0.894,127.36,125.30,63.71,R
,375671,751,0,4095,-0.222,-0.31,0.679,88.62,-1.85,-3.93,R
,375711,765,0,495,-0.15,-0.42,0.622,69.90,-9.26,-1.25,R
,375721,762,0,3809,-0.08,-0.455,0.626,64.30,-4.50,-12.18,R
,375731,763,0,4095,-0.13,-0.43,0.612,59.43,-6.31,-815,R
,375751,763,0,495,-0.06,-0.467,0.620,54.17,-4.37,0.8,R
,375791,765,0,4095,-0.013,-0.479,0.610,52.71,-5.84,9.5,R
,375801,763,0,3798,-0.00,-0.49,0.601,53.09,-2.54,9.9,R
,375901,771,0,3803,0.080,-0.602,0.622,-38.65,-25.44,-1.58,R
,375931,785,0,4095,0.115,-0.682,0.623,-1.18,-1.74,-8.9,R
,375951,778,0,4095,0.110,-0.720,0.662,-27.56,-12.16,-5.95,R
,375981,777,0,3801,0.075,-0.679,0.623,-3.58,-1.95,-3.93,R
,376081,760,0,302,0.093,-0.740,0.540,-7.68,-447,-24.01,R
,376141,793,0,3811,0.11,-0.775,0.497,-5.14,1912,-24.19,R
,376171,763,0,4095,0.099,-0.740,0.485,-12.89,2929,-22.6,R
,376231,766,0,4095,0.12,-0.759,0.542,-5.06,6.5,-41.0,R
,376321,479,0,3804,0.199,-0.804,0.510,-7.33,-1.43,-3064,R
,376351,528,0,4095,0.40,-0.803,0.538,-4.95,-2.92,-4074,R
,376401,528,0,3803,0.34,-0.825,0.757,-2.33,3360,-28.3,R
,376471,626,0,4095,0.16,-0.806,1.355,-.17,20.2,-23.1,R
,376561,592,0,306,0.30,-0.664,0.845,1.54,-1773,11.8,R
,376921,640,0,311,0.20,-0.915,0.305,-7.64,16.28,-27.20,R
,377021,596,0,309,0.204,-0.880,0.424,-8.81,2540,-46.0,R
,377031,609,0,495,0.215,-0.911,0.406,-7.82,2205,-48.9,R
,377121,563,0,311,0.152,-0.670,0.347,-6.01,3288,-61.5,R
,377371,576,0,4095,0.469,-1.051,1.293,5.47,7.5,36.11,
,377541,571,0,304,0.03,-0.687,0.946,22.09,-5582,19.2,R
,377791,471,0,4095,0.060,-0.651,0.531,-5.94,2608,-3.4,R
,377821,505,0,3803,0.091,-0.710,0.658,0.27,31.35,-3.96,R
,377891,624,0,4095,0.103,-0.698,0.782,-0.98,4839,-19.3,R
,377951,603,0,495,0.117,-0.679,0.780,-17.85,3700,-29.0,R
,377961,611,0,308,0.14,-0.665,0.770,-3.97,28.21,-35.14,R
,378001,638,0,305,0.255,-0.662,0.700,-38.45,1737,-38.8,R
,378271,663,0,4095,0.16,-0.603,0.920,9.25,-20.82,22.13,R
,378281,668,0,3803,0.140,-0.602,0.918,1.04,-1639,26.8,R
,378421,690,0,3802,0.023,-0.684,0.749,3.37,-3631,26.0,R
,378501,678,0,3804,0.14,-0.693,0.268,-.12,-4749,-6.22,R
,378561,736,0,3807,0.14,-0.805,0.358,-0.11,18.10,-8.82,R
,378591,816,0,4095,0.078,-0.730,0.426,-.56,15.3,-17.2,R
,378681,799,0,3792,0.11,-0.808,0.655,-2.10,3494,-44.58,R
,378901,586,0,3803,-0.21,0.050,1.191,-.52,90.54,54.48,R
,379041,807,0,3814,0.36,-0.885,1.334,63.37,7.60,23.52,
,379181,689,0,3810,-0.03,-0.592,1.092,0.65,-4.20,19.29,R
,379191,714,0,4095,-0.00,-0.583,1.086,9.70,-47.78,18.91,R
,379211,710,0,4095,-0.099,-0.567,1.093,17.60,-4.30,19.9,R
,379251,782,0,4095,-0.05,-0.521,0.837,6.30,-5.69,21.42,R
,379301,722,0,3809,-0.036,-0.45,0.423,4.67,-4.63,18.2,R
,379321,637,0,309,0.037,-0.430,0.239,3.82,-5434,5.78,R
,379351,603,0,4095,-0.05,-0.42,0.231,1.23,-35.69,2.74,R
,379411,554,0,4095,0.04,-0.515,0.440,-.23,30.57,9.16,R
,379461,624,0,317,-0.012,-0.542,0.759,10.43,3.19,-1.8,R
,379471,634,0,4095,0.11,-0.516,0.799,-4.75,2404,-13.7,R
,379541,714,0,311,0.008,-0.532,0.914,-0.51,4601,-18.7,R
,379621,586,0,321,0.136,-0.550,0.792,-8.45,20.91,-34.62,R
,379631,646,0,4095,0.17,-0.537,0.755,-4.25,2150,-34.4,R
,379651,640,0,4095,0.15,-0.496,0.715,-6.07,2805,-32.58,R
,379661,656,0,321,0.21,-0.483,0.783,-7.99,2789,-32.4,R
,379701,672,0,317,0.119,-0.535,0.988,-3.35,1943,-44.29,R
,379731,746,0,4095,0.01,-0.353,1.402,-1.90,3015,-28.4,R
,379751,836,0,4095,0.03,-0.365,1.632,-8.83,3083,-17.2,R
,379861,768,0,309,0.145,-0.420,1.142,2.21,-11.87,8.87,R
,380041,816,0,320,-0.010,-0.51,0.891,21.78,-4.56,17.2,R
,380121,627,0,313,0.11,-0.557,0.454,2.90,-3633,3.15,R
,380151,620,0,495,0.086,-0.562,0.402,1.38,-1614,5.03,R
,380211,592,0,495,0.027,-0.540,0.566,-14.92,10.54,-5.95,R
,380231,606,0,4095,-0.010,-0.528,0.676,11.52,9.52,-2.97,R
,380271,618,0,495,-0.005,-0.521,0.760,4.31,31.41,-4.65,R
,380281,617,0,314,-0.016,-0.511,0.763,2.49,3308,-4.09,R
,380321,531,0,310,0.019,-0.527,0.825,-20.34,29.92,-12.0,R
,380331,539,0,495,0.02,-0.539,0.848,-3.24,2500,-14.07,R
,380451,639,0,4095,0.151,-0.547,0.745,-9.90,0.8,-26.0,R
,380741,671,0,3820,0.132,-0.467,0.980,-.49,-2584,18.97,R
,380771,669,0,4095,0.08,-0.500,1.017,-.83,-2494,27.50,R
,380841,685,0,308,0.022,-0.488,1.028,1.15,-3428,26.57,R
,380851,668,0,4095,0.011,-0.485,0.999,1.27,-33.61,26.8,R
,380911,636,0,4095,-0.03,-0.540,0.780,5.25,-5.29,19.18,R
,380981,538,0,3815,0.146,-0.575,0.339,716,-30.68,7.97,R
,381081,570,0,3814,0.02,-0.578,0.557,-18.81,2068,-0.3,R
,381221,646,0,3813,0.09,-0.587,0.803,-20.33,43.58,-20.35,R
,381271,641,0,4095,0.170,-0.596,0.796,-25.32,2080,-28.0,R
,381301,724,0,3808,0.23,-0.613,0.760,-5.67,1561,-27.80,R
,381331,677,0,4095,0.27,-0.650,0.843,-33.12,2332,-33.8,R
,381361,657,0,3809,0.21,-0.541,1.129,-46.81,2651,-41.5,R
,381411,701,0,4095,0.06,-0.562,1.572,-1.61,1960,-29.64,R
,381561,4,0,3809,0.082,-0.471,1.004,10.39,-28.5,14.17,
,381601,208,0,3793,0.001,-0.474,1.027,1.40,-2604,19.5,R
,381881,604,0,3814,0.090,-0.633,0.702,37.49,64.4,2.07,
,381901,609,0,3810,0.07,-0.636,0.817,27.16,60.9,-10.2,R
,381921,607,0,3815,0.04,-0.635,0.854,23.69,57.2,-29.6,R
,381941,595,0,322,-0.043,-0.608,0.883,3.09,5387,-45.7,R
,381991,621,0,4095,-0.096,-0.484,0.989,.77,68.2,-51.0,R
,382031,639,0,4095,-0.03,-0.462,0.972,-6.57,2598,-72.4,R
,382091,569,0,4095,0.01,-0.451,0.872,-4.45,12.31,-68.50,R
,382161,571,0,3805,-0.033,-0.27,1.098,51.38,2.57,-64.22,R
,382211,608,0,495,-0.197,-0.282,1.832,1.62,3378,-4.30,R
,382371,631,0,495,-0.049,-0.298,1.037,15.83,-2.89,36.8,R
,382391,624,0,4095,-0.00,-0.286,1.033,15.64,-23.49,43.6,R
,382401,626,0,3811,-0.03,-0.306,1.034,11.26,-22.43,45.9,R
,382471,573,0,4095,-0.10,-0.380,1.093,4.27,-2.25,44.33,R
,382521,639,0,3802,-0.077,-0.389,0.838,25.22,-39.56,26.4,R
,382531,544,0,495,-0.181,-0.415,0.826,1.03,-5.74,36.75,R
,382571,585,0,495,-0.064,-0.410,0.501,32.45,-4.38,25.6,R
,382581,547,0,311,-0.044,-0.439,0.459,25.90,-43.98,22.49,R
,382651,358,0,4095,-0.031,-0.49,0.583,11.87,526,-8.61,R
,382691,539,0,495,-0.092,-0.433,0.643,-11.93,2.24,-7.1,R
,382741,502,0,317,-0.147,-0.45,0.884,18.19,3.61,-20.59,R
,382851,645,0,495,-0.066,-0.381,0.861,-35.88,26.47,-3928,R
,382881,645,0,310,0.003,-0.437,0.807,-17.52,3.11,-41.0,R
,383141,690,0,313,-0.010,-0.351,1.057,5.19,-2370,12.9,R
,383221,641,0,3821,-0.16,-0.336,1.129,0.12,-2.22,27.7,R
,383241,677,0,3819,-0.19,-0.355,1.156,.28,-2868,28.1,R
,383271,660,0,495,-0.154,-0.399,1.104,23.20,-38.68,29.24,R
,383291,739,0,495,-0.153,-0.392,1.004,9.60,-39.93,27.06,R
,383321,694,0,311,-0.129,-0.398,0.792,9.84,-40.89,25.12,R
,383431,552,0,495,-0.005,-0.497,0.472,6.66,1.9,-3.61,R
,383471,544,0,4095,-0.047,-0.43,0.633,1.72,34.80,-6.9,R
,383481,560,0,318,-0.075,-0.405,0.676,7.09,36.95,-10.65,R
,383531,559,0,495,-0.107,-0.439,0.886,27.14,1.83,-25.32,R
,383591,580,0,495,-0.073,-0.400,0.925,15.61,43.75,-16.70,R
,383691,769,0,4095,0.103,-0.419,0.667,-6.20,1573,-37.63,R
,383731,849,0,495,0.089,-0.311,0.827,-0.05,2607,-42.5,R
,383751,931,0,495,-0.062,-0.432,1.084,52.71,3.79,-3679,R
,383761,983,0,317,-0.139,-0.489,1.224,43.43,4.37,-23.16,R
,383851,880,0,495,-0.171,-0.288,1.499,.54,-1285,-5.7,R
,383871,870,0,495,-0.083,-0.316,1.348,6.82,-2.77,-7.51,R
,383941,862,0,313,-0.033,-0.347,1.036,2.96,-2.85,18.8,R
,383951,869,0,495,-0.032,-0.367,1.033,4.01,-2.51,20.75,R
,383971,880,0,4095,-0.046,-0.379,1.046,8.79,-2.04,25.70,R
,384021,869,0,3821,-0.038,-0.338,1.085,5.11,-2.17,37.35,R
,384061,855,0,320,-0.109,-0.403,1.084,.96,-3132,35.00,R
,384081,841,0,3809,-0.107,-0.42,1.056,1.99,-34.62,33.2,R
,384101,830,0,3818,-0.133,-0.43,0.998,33.41,-3.27,29.65,R
,384111,851,0,495,-0.12,-0.46,0.932,37.25,-3.41,26.54,R
,384121,789,0,3807,-0.126,-0.474,0.862,3.38,-3.02,24.7,R
,384241,357,0,3790,-0.036,-0.547,0.536,3.59,8.1,-7.77,R
,384361,564,0,3811,-0.105,-0.438,0.929,12.65,25.20,-2653,R
,384381,633,0,3824,-0.075,-0.414,0.945,14.65,3.08,-22.15,R
,384411,801,0,4024,-0.060,-0.42,0.918,21.72,26.76,-28.85,R
,384451,816,0,4095,0.016,-0.419,0.787,-3.46,1856,-33.81,R
,384521,976,0,3813,0.03,-0.370,0.811,-48.59,3728,-31.84,R
,384541,895,0,3807,-0.020,-0.376,1.070,47.90,3.83,-32.27,R
,384581,736,0,3822,-0.137,-0.29,1.586,28.92,3.11,-1.74,R
,384601,742,0,3809,-0.10,-0.329,1.724,-13.55,3.97,4.23,R
,384631,768,0,4095,-0.160,-0.31,1.649,2.71,2.65,1.42,R
,384641,847,0,3830,-0.110,-0.31,1.536,.63,-6.10,2.80,R
,384661,895,0,3815,-0.035,-0.31,1.354,6.83,-20.57,-1.1,R
,384711,821,0,4095,0.02,-0.336,1.082,1.22,-3146,13.7,R
,384721,875,0,3813,0.014,-0.346,1.072,1.77,-3156,17.12,R
,384881,909,0,3819,-0.167,-0.38,1.073,28.99,-33.85,40.5,R
,384931,732,0,4095,-0.057,-0.323,0.839,1.96,-4.05,23.97,R
,385051,586,0,4095,-0.014,-0.53,0.510,4.25,8.2,-6.71,R
,385121,646,0,3805,-0.053,-0.44,0.800,20.42,3.24,-10.59,R
,385141,656,0,3814,-0.091,-0.44,0.891,15.14,4.07,-12.73,R
,385151,661,0,4095,-0.05,-0.45,0.946,7.29,3970,-18.25,R
,385171,717,0,4095,-0.124,-0.38,0.954,9.70,35.32,-28.8,R
,385201,672,0,3819,-0.047,-0.40,0.976,20.62,2.56,-3206,R
,385331,1071,0,4095,0.17,-0.33,0.726,23.85,3.70,-31.05,R
,385381,959,0,3809,-0.119,-0.328,1.349,-48.75,24.31,-2490,R
,385411,757,0,4095,-0.115,-0.32,1.725,26.51,3.83,2.77,R
,385461,774,0,3818,-0.17,-0.23,1.440,.49,-16.33,-2.4,R
,385471,780,0,4095,-0.05,-0.25,1.392,0.74,-2.34,-1.5,R
,385551,759,0,4095,-0.04,-0.30,1.022,3.60,-18.97,20.86,R
,385581,724,0,3813,-0.09,-0.35,1.063,1.61,-2.77,25.58,R
,385661,735,0,3803,-0.01,-0.33,1.081,0.09,-26.88,27.39,R
,385701,721,0,3818,-0.101,-0.42,1.010,2.67,-47.27,23.78,R
,385781,701,0,3824,0.015,-0.452,0.525,26.99,-21.43,11.67,R
,385811,817,0,4095,-0.00,-0.45,0.539,.09,10.51,10.02,R
,385831,821,0,4095,-0.02,-0.49,0.593,2.02,8.7,2.78,R
,385871,822,0,495,-0.064,-0.42,0.701,.19,15.32,-3.03,R
,385881,821,0,3820,-0.03,-0.42,0.742,10.14,2.53,-2.0,R
,385891,821,0,495,-0.094,-0.424,0.777,-13.99,2.19,-0.29,R
,385901,816,0,3818,-0.04,-0.42,0.821,17.47,31.61,0.10,R
,385991,917,0,4095,-0.05,-0.38,0.951,14.83,25.14,-15.61,R
,386031,962,0,4095,-0.025,-0.39,0.927,21.59,2.51,-2113,R
,386111,1036,0,095,0.16,-0.33,0.592,15.85,1.20,-30.12,R
,386141,1040,0,813,0.049,-0.27,0.944,-47.58,40.63,-23.26,R
,386321,934,0,3821,0.009,-0.297,1.052,4.21,-25.30,23.52,R
,386381,895,0,3813,-0.02,-0.33,1.082,.61,-1529,41.49,R
,386411,893,0,4095,-0.059,-0.385,1.078,2.42,-2.12,42.8,R
,386431,943,0,495,-0.073,-0.36,1.102,25.72,-30.79,36.68,R
,386501,972,0,3813,-0.146,-0.461,0.973,20.30,-40.97,34.51,R
,386511,971,0,495,-0.144,-0.49,0.900,1.41,-4.62,32.0,R
,386521,974,0,3819,-0.158,-0.49,0.852,37.92,-41.70,29.47,R
,386561,962,0,3821,-0.11,-0.496,0.520,7.80,-2.79,18.20,R
,386621,907,0,3813,-0.00,-0.522,0.387,6.83,-182,-14.59,R
,386661,831,0,3814,-0.035,-0.47,0.593,8.93,1834,-11.26,R
,386671,816,0,4095,-0.041,-0.40,0.637,1.78,3030,-13.57,R
,386701,805,0,311,-0.090,-0.36,0.799,22.81,4.84,-2274,R
,386711,819,0,495,-0.099,-0.36,0.858,-32.25,35.12,-28.04,R
,386731,923,0,495,-0.126,-0.40,0.970,29.94,2.76,-3450,R
,386741,844,0,333,-0.134,-0.42,1.025,24.52,1.39,-34.38,R
,386751,840,0,495,-0.111,-0.41,1.035,15.30,1.78,-33.60,R
,386801,950,0,324,-0.026,-0.33,0.937,7.17,3622,-25.03,R
,386811,985,0,4095,-0.012,-0.342,0.924,-11.75,36.65,-29.51,R
,386821,979,0,3819,-0.011,-0.340,0.875,-18.31,33.79,-35.06,R
,386831,949,0,4095,-0.020,-0.35,0.848,26.88,2.70,-37.17,R
,386941,993,0,3825,-0.004,-0.454,1.188,-61.17,52.89,-18.45,R
,386961,976,0,3821,-0.088,-0.45,1.459,-46.25,43.44,-9.16,R
,386981,967,0,324,-0.177,-0.38,1.629,20.92,4.84,-11.38,R
,387001,971,0,3821,-0.182,-0.295,1.610,-0.86,28.28,-9.86,R
,387011,973,0,4095,-0.168,-0.263,1.575,-1.01,19.05,-11.63,R
,387031,999,0,4095,-0.15,-0.25,1.431,-3.15,5.79,-6.61,R
,387071,921,0,495,-0.034,-0.29,1.226,.80,-15.92,-6.13,R
,387081,925,0,318,-0.045,-0.30,1.145,.77,-1776,-2.12,R
,387091,929,0,4095,-0.033,-0.29,1.109,9.22,-15.66,3.03,R
,387121,897,0,3823,-0.011,-0.31,1.041,6.35,-13.44,13.0,R
,387131,854,0,4095,-0.06,-0.339,1.056,6.82,-10.94,17.27,R
,387141,861,0,3830,-0.015,-0.344,1.043,.74,-1204,20.22,R
,387151,867,0,495,-0.026,-0.36,1.034,.47,-13.92,21.93,R
,387161,897,0,3823,-0.05,-0.37,1.048,.51,-1695,23.55,R
,387191,960,0,4095,-0.00,-0.375,1.052,4.48,-2.02,27.87,R
,387241,934,0,322,-0.111,-0.35,1.112,4.82,-8.82,33.94,R
,387311,999,0,495,-0.219,-0.44,1.046,0.25,-3.66,29.07,R
,387321,979,0,3824,-0.234,-0.40,0.984,8.42,-3.37,31.82,R
,387521,897,0,329,-0.085,-0.41,0.748,10.01,3.55,-16.70,R
,387531,912,0,4095,-0.086,-0.41,0.788,21.56,29.52,-21.54,R
,387541,919,0,3827,-0.070,-0.43,0.838,-28.02,25.24,-2691,R
,387561,919,0,3820,-0.05,-0.481,0.906,-35.46,22.66,-3320,R
,387571,915,0,469,-0.02,-0.500,0.968,-31.52,25.66,-31.46,R
,387591,911,0,495,-0.116,-0.47,0.988,19.79,42.22,-26.70,R
,387601,983,0,3823,-0.119,-0.467,0.995,10.81,4.67,-24.93,R
,387671,1086,0,4095,-0.58,-0.371,0.919,-37.43,23.86,-34.96,R
,387691,1101,0,095,0.011,-0.39,0.883,39.44,1.34,-36.44,R
,387701,1109,0,3826,0.00,-0.42,0.862,-35.14,4.08,-39.8,R
,387711,1114,0,4095,0.095,-0.42,0.808,26.40,-2.24,-4248,R
,387731,1165,0,4095,0.17,-0.345,0.676,9.68,1.1,-39.40,R
,387741,1197,0,3826,0.120,-0.29,0.660,7.68,11.57,-33.86,R
,387781,1088,0,827,-0.34,-0.343,1.283,-70.55,43.08,-1.04,R
,387811,1040,0,095,-0.28,-0.34,1.745,-26.48,0.59,4.10,R
,387861,1008,0,824,-0.68,-0.26,1.482,5.49,-2.78,1.26,R
,387901,1069,0,834,0.015,-0.280,1.154,15.95,-28.65,7.5,R
,387941,989,0,3813,-0.10,-0.34,1.083,.99,-24.31,19.01,R
,387961,976,0,325,-0.18,-0.36,1.105,10.03,-33.35,29.97,R
,387981,962,0,3827,-0.057,-0.37,1.103,3.70,-3.98,32.04,R
,388021,942,0,3827,-0.106,-0.40,1.087,0.67,-2.26,33.56,R
,388041,1037,0,824,-0.116,-0.434,1.116,13.05,-39.85,29.29,R
,388061,989,0,3831,-0.179,-0.45,1.109,2.65,-5.67,21.58,R
,388081,986,0,3826,-0.164,-0.43,1.041,9.70,-5.03,24.89,R
,388121,944,0,3829,-0.02,-0.40,0.746,5.69,-4.95,24.69,R
,388131,976,0,495,-0.112,-0.42,0.710,36.73,-45.75,21.1,R
,388231,453,0,4052,-0.031,-0.53,0.407,3.44,7.4,2.77,R
,388251,435,0,4095,-0.02,-0.53,0.578,.84,5.8,-4.94,R
,388271,656,0,4095,-0.04,-0.45,0.526,.99,23.61,2.02,
,388321,688,0,325,-0.04,-0.47,0.750,23.62,39.08,-1.0,R
,388331,671,0,4095,-0.050,-0.48,0.798,21.88,4.34,-10.35,R
,388361,803,0,3812,-0.117,-0.500,0.823,-27.64,37.95,-1384,R
,388371,779,0,4095,-0.09,-0.48,0.814,27.58,4.87,-7.2,R
,388381,763,0,3828,-0.05,-0.52,0.842,28.17,4.66,-1.3,R
,388391,749,0,4095,-0.00,-0.52,0.866,33.41,4.13,-4.38,R
,388421,733,0,3824,-0.008,-0.64,0.946,56.17,2.86,-16.65,R
,388461,742,0,3828,0.307,-0.888,1.060,-65.33,4.08,-26.8,R
,388511,930,0,4095,0.351,-1.014,1.287,-8.88,-189,-70.47,R
,388551,958,0,4095,0.212,-0.845,1.510,-77.94,-49.50,-11.89,R
,388591,959,0,4095,-0.05,-0.54,1.594,50.13,-63.03,-18.01,R
,388611,832,0,4095,-0.177,-0.31,1.507,33.90,-2.04,-98.45,R
,388631,793,0,4095,-0.28,-0.12,1.289,25.70,-8.88,-68.80,R
,388641,784,0,3829,-0.14,-0.14,1.303,30.26,-54.08,-6.56,R
,388661,857,0,3833,-0.235,-0.11,1.169,26.37,-6.85,-42.47,R
,388671,833,0,4095,-0.203,-0.089,1.107,-19.76,-67.78,-3.27,R
,388681,815,0,3823,-0.17,-0.08,1.070,13.70,-7.50,-20.53,R
,388691,816,0,495,-0.10,-0.06,0.986,11.58,-6.53,-10.64,R
,388701,800,0,3822,-0.16,-0.08,0.938,9.94,-6.12,0.71,R
,388711,813,0,495,-0.107,-0.08,0.886,8.81,-62.39,11.3,R
,388721,865,0,3827,-0.02,-0.10,0.864,8.26,-6.24,19.62,R
,388741,882,0,3831,-0.036,-0.170,0.845,-5.91,-55.43,35.3,R
,388911,924,0,4095,0.346,-0.634,0.408,38.33,-49.41,19.39,R
,388941,781,0,3839,0.251,-0.635,0.255,4.42,-28.98,26.7,R
,389051,637,0,4095,0.237,-0.698,0.454,18.85,33.03,23.18,R
,389081,779,0,3831,0.201,-0.676,0.548,-3.91,45.87,17.91,R
,389091,784,0,4051,0.236,-0.671,0.592,-13.04,43.92,12.58,R
,389321,976,0,3837,0.104,-0.638,1.088,-45.79,25.37,-21.11,R
,389391,1017,0,4095,0.109,-0.57,1.533,.93,12.47,4.75,
,389581,983,0,331,0.155,-0.592,0.948,12.22,-3005,32.8,R
,389691,1015,0,4095,0.042,-0.61,0.636,4.13,-6.92,12.49,R
,389731,957,0,495,0.16,-0.614,0.278,34.28,-46.97,12.48,R
,389741,1008,0,3842,0.16,-0.648,0.276,34.16,-40.56,11.09,R
,389851,720,0,479,0.22,-0.645,0.454,5.26,44.42,5.67,R
,389911,799,0,4049,0.177,-0.754,0.742,-33.91,40.25,-8.32,R
,389951,917,0,495,0.31,-0.786,0.789,-10.94,41.75,-7.43,R
,390071,813,0,4078,0.58,-1.071,1.027,-48.45,-20.95,-86.80,R
,390101,1088,0,841,0.453,-0.84,1.144,61.55,-14.76,-100.38,R
,390151,1002,0,4095,0.091,-0.54,1.484,42.52,-9.73,-8.70,R
,390161,1021,0,3840,0.082,-0.470,1.475,-27.30,-30.97,-77.16,R
,390171,1040,0,4095,0.057,-0.37,1.447,-15.53,-34.28,-67.20,R
,390221,1061,0,3834,0.12,-0.211,0.988,13.52,-2.77,-1.31,R
,390231,1067,0,095,0.195,-0.24,0.883,10.55,-9.12,-11.43,R
,390271,1104,0,4049,0.205,-0.27,0.718,2.19,-38.79,21.84,R
,390291,1085,0,4065,0.194,-0.31,0.678,0.71,-41.81,33.93,R
,390331,1127,0,050,0.26,-0.484,0.719,3.51,-41.90,44.07,R
,390341,1121,0,3826,0.29,-0.489,0.724,7.32,-32.11,50.89,R
,390351,1118,0,058,0.22,-0.542,0.742,10.73,-22.25,55.85,R
,390361,1129,0,3843,0.23,-0.552,0.735,10.64,-1.09,57.52,R
,390381,1114,0,840,0.23,-0.63,0.690,0.33,-2.02,50.05,R
,390401,1135,0,841,0.26,-0.68,0.643,8.85,-3.98,38.4,R
,390411,1168,0,081,0.22,-0.705,0.625,24.64,-4.52,33.13,R
,390421,1136,0,841,0.25,-0.70,0.594,0.85,-4.53,28.94,R
,390431,1109,0,094,0.24,-0.691,0.524,33.70,-40.60,23.07,R
,390441,1095,0,3833,0.26,-0.68,0.485,7.26,-4.50,29.23,R
,390451,978,0,455,0.264,-0.703,0.427,45.40,-42.27,29.1,R
,390591,551,0,4080,0.382,-0.800,0.235,8.96,29.86,12.10,R
,390681,819,0,343,0.35,-0.831,0.631,7.23,45.82,-11.61,R
,390761,1107,0,840,0.367,-0.673,0.564,-22.48,30.19,-26.13,R
,390771,1136,0,4031,0.392,-0.67,0.571,20.57,2.15,-2505,R
,390781,1110,0,824,0.32,-0.641,0.559,-17.94,29.20,-2377,R
,390801,1186,0,3826,0.48,-0.61,0.520,11.49,3.41,-2151,R
,390821,1163,0,3840,0.447,-0.60,0.521,19.62,2.57,-25.23,R
,390831,1141,0,4027,0.437,-0.57,0.515,24.65,1.28,-26.32,R
,390851,1138,0,4006,0.35,-0.57,0.678,33.73,808,-32.51,R
,390871,1136,0,3984,0.34,-0.624,0.859,33.73,7.86,-32.45,R
,390891,1104,0,3939,0.301,-0.622,1.136,-32.86,23.26,-10.10,R
,390901,1086,0,844,0.23,-0.67,1.249,31.64,29.21,6.20,R
,390921,1022,0,3845,0.301,-0.70,1.424,20.01,2.97,18.40,R
,390931,1038,0,3988,0.36,-0.69,1.450,8.51,1463,15.50,R
,390941,1063,0,3839,0.312,-0.697,1.452,-0.65,4.91,12.62,R
,390951,1054,0,4022,0.381,-0.65,1.416,.53,-0.8,11.75,R
,390961,1023,0,3841,0.32,-0.67,1.300,1.66,-149,14.1,R
,390971,1015,0,4015,0.449,-0.71,1.110,4.28,-419,16.29,R
,390981,1041,0,3843,0.433,-0.67,1.089,1.92,-804,14.5,R
,391011,1041,0,4064,0.414,-0.67,0.992,8.86,-1.24,15.26,R
,391071,1103,0,4037,0.34,-0.68,0.825,4.27,-4.97,22.48,R
,391081,1105,0,3843,0.380,-0.67,0.799,3.08,-4.48,23.61,R
,391091,1087,0,4029,0.386,-0.69,0.800,3.63,-3.50,24.80,R
,391111,1094,0,4016,0.354,-0.70,0.803,1.83,-2.86,29.04,R
,391131,1089,0,4019,0.253,-0.708,0.820,7.93,-26.85,28.95,R
,391141,1023,0,3844,0.22,-0.74,0.830,.00,-3334,26.43,R
,391151,1021,0,4027,0.20,-0.75,0.826,4.99,-3.79,23.96,R
,391171,1041,0,4036,0.210,-0.743,0.778,3.92,-45.20,19.94,R
,391181,1067,0,3845,0.252,-0.64,0.767,1.26,-4.62,26.45,R
,391191,1088,0,4037,0.21,-0.70,0.679,5.67,-40.79,21.7,R
,391221,1040,0,3846,0.192,-0.718,0.537,25.08,-3.79,24.48,R
,391241,1118,0,3839,0.178,-0.74,0.456,2.73,-4.49,17.78,R
,391251,1121,0,4048,0.188,-0.73,0.388,8.12,-4.89,14.11,R
,391271,1064,0,049,0.23,-0.70,0.257,6.90,-5.49,8.00,R
,391331,976,0,4030,0.354,-0.684,0.034,-0.60,0.99,18.16,
,391451,882,0,3974,0.405,-0.916,0.552,-35.41,41.72,-1.5,R
,391461,917,0,3845,0.428,-0.957,0.616,-29.36,4602,-7.61,R
,391491,929,0,3982,0.476,-0.986,0.621,-21.73,35.26,-15.4,R
,391551,884,0,3955,0.603,-1.106,0.708,-65.18,19.55,-55.5,R
,391561,993,0,3850,0.616,-1.124,0.757,-69.00,11.21,-62.91,R
,391581,1019,0,852,0.619,-1.11,0.832,69.55,-.15,-80.06,R
,391621,1058,0,3851,0.596,-0.92,0.917,59.79,-3.93,-97.86,R
,391641,1104,0,3846,0.532,-0.812,0.919,-55.72,-13.64,-9.04,R
,391681,1153,0,856,0.37,-0.48,1.096,43.65,-2.63,-91.86,R
,391701,1141,0,3856,0.277,-0.36,1.112,31.64,-8.18,-73.64,R
,391711,1111,0,3959,0.21,-0.31,1.099,24.48,-7.76,-62.29,R
,391721,1083,0,3858,0.264,-0.247,1.080,-19.61,-35.37,-49.96,R
,391731,1086,0,3965,0.26,-0.18,0.926,19.00,-9.96,-33.34,R
,391751,1129,0,3953,0.284,-0.20,0.843,28.20,-0.13,-17.37,R
,391771,1143,0,3957,0.371,-0.28,0.779,11.35,-8.28,-1.61,R
,391791,1156,0,3984,0.370,-0.314,0.689,1.20,-43.01,15.1,R
,391801,1162,0,3858,0.389,-0.30,0.661,.42,-3816,24.23,R
,391811,1180,0,984,0.38,-0.36,0.627,1.10,-3.74,28.36,R
,391821,1175,0,3854,0.435,-0.38,0.640,3.12,-4.19,30.19,R
,391891,1118,0,3951,0.424,-0.669,0.528,9.14,-38.57,47.7,R
,391911,1158,0,3952,0.47,-0.730,0.451,13.31,-35.61,47.6,R
,391941,1241,0,3859,0.334,-0.786,0.357,23.19,-3.01,39.91,R
,391961,1285,0,3865,0.42,-0.83,0.229,5.29,-2.56,34.43,R
,391971,1232,0,3982,0.421,-0.823,0.195,45.84,-26.76,32.8,R
,391981,1081,0,3858,0.383,-0.794,0.116,53.03,-21.85,33.04,R
,392021,592,0,3865,0.453,-0.731,-0.047,45.35,-1.53,30.7,R
,392031,466,0,3960,0.47,-0.774,-0.082,27.09,-2.90,24.48,R
,392101,817,0,3859,0.50,-0.943,0.059,-7.53,11.0,9.76,
,392131,855,0,3925,0.482,-0.828,0.105,338,57.6,12.00,R
,392161,939,0,3876,0.481,-0.894,0.244,-27.97,24.50,-5.81,R
,392261,1085,0,3875,0.477,-0.74,0.341,16.14,3.18,-17.25,R
,392271,1090,0,3895,0.457,-0.74,0.345,22.48,3.69,-2009,R
,392281,1082,0,3887,0.470,-0.731,0.339,26.77,2.55,-2174,R
,392321,1091,0,3892,0.506,-0.726,0.335,-16.66,17.64,-2357,R
,392351,1149,0,3889,0.538,-0.675,0.299,-12.04,33.08,-26.04,R
,392431,1219,0,3870,0.570,-0.68,0.615,25.58,512,-35.67,R
,392441,1283,0,3872,0.608,-0.70,0.695,-27.29,494,-36.6,R
,392471,1296,0,3856,0.507,-0.72,1.033,24.45,3.17,-5.02,R
,392481,1354,0,873,0.43,-0.749,1.206,-22.48,41.06,4.0,R
,392531,1315,0,3904,0.481,-0.68,1.003,20.86,-170,10.9,R
,392561,1246,0,3870,0.616,-0.73,0.680,1.20,-2.95,8.05,R
,392611,1377,0,3904,0.555,-0.65,0.475,7.52,-1.03,25.0,R
,392631,1383,0,3888,0.528,-0.68,0.504,.46,-3153,26.65,R
,392661,1373,0,3885,0.52,-0.719,0.511,19.51,-22.48,35.91,R
,392701,1393,0,3878,0.496,-0.68,0.499,6.86,-1.80,44.5,R
,392721,1392,0,3873,0.530,-0.729,0.525,10.94,-26.57,38.80,R
,392741,1414,0,877,0.452,-0.74,0.542,1.09,-3.69,31.33,R
,392751,1411,0,3887,0.486,-0.70,0.562,6.90,-33.40,32.63,R
,392821,1409,0,3881,0.458,-0.79,0.494,12.74,-3.22,45.00,R
,392831,1401,0,3879,0.460,-0.82,0.477,8.19,-4.57,41.65,R
,392841,1391,0,3875,0.463,-0.83,0.486,2.94,-4.78,39.50,R
,392881,1377,0,3867,0.432,-0.76,0.430,0.70,-1.00,44.9,R
,392891,1376,0,3862,0.463,-0.78,0.420,3.09,-1.90,42.9,R
,392901,1379,0,3870,0.414,-0.800,0.443,7.46,-23.17,41.68,R
,392911,1362,0,857,0.48,-0.845,0.453,3.05,-27.92,41.82,R
,392931,1305,0,3866,0.318,-0.84,0.526,0.31,-3.58,40.8,R
,392941,1296,0,3887,0.365,-0.87,0.448,1.26,-2.59,42.8,R
,392951,1294,0,3873,0.318,-0.94,0.490,5.03,-2.76,41.73,R
,392961,1339,0,3877,0.49,-0.836,0.477,18.65,-18.36,34.49,R
,392981,1283,0,3879,0.348,-0.85,0.442,.18,-2404,26.69,R
,393011,1206,0,3866,0.303,-0.95,0.414,5.29,-3.62,24.36,R
,393071,1126,0,3895,0.262,-0.81,0.229,1.98,-3.43,-4.1,R
,393131,629,0,3886,0.14,-0.908,0.038,3.76,-26.37,14.51,R
,393211,801,0,3882,0.351,-0.880,0.105,10.27,17.92,8.46,
,393221,813,0,388,0.34,-0.875,0.101,-.65,33.6,7.15,
,393231,827,0,3862,0.31,-0.874,0.130,-.22,44.6,4.26,
,393281,977,0,388,0.31,-0.958,0.309,-15.12,30.08,-12.12,R
,393311,1009,0,3872,0.367,-0.96,0.346,4.81,3706,-12.64,R
,393321,1014,0,3885,0.351,-0.93,0.346,2.88,4387,-10.8,R
,393361,1111,0,3907,0.386,-0.86,0.371,5.76,4839,-24.77,R
,393391,1200,0,3824,0.404,-0.86,0.355,20.45,3.09,-2833,R
,393401,1195,0,3897,0.404,-0.86,0.386,21.87,35.41,-28.97,R
,393411,1175,0,3835,0.37,-0.857,0.398,22.17,38.65,-30.13,R
,393431,1204,0,851,0.47,-0.854,0.427,-19.18,41.06,-37.52,R
,393441,1216,0,3881,0.42,-0.863,0.429,-16.66,44.24,-40.77,R
,393451,1199,0,3851,0.49,-0.81,0.446,16.33,44.08,-37.74,R
,393481,1227,0,3888,0.487,-0.76,0.562,-38.68,35.64,-35.58,R
,393511,1200,0,3826,0.502,-0.86,0.792,40.91,1.43,-47.75,R
,393521,1283,0,888,0.43,-0.784,0.884,-38.34,25.14,-38.16,R
,393531,1287,0,3835,0.41,-0.85,0.997,36.75,3.09,-2497,R
,393561,1306,0,3911,0.413,-0.79,1.320,16.49,3.61,-1456,R
,393571,1287,0,826,0.33,-0.765,1.381,4.63,1662,-19.1,R
,393591,1313,0,3842,0.345,-0.74,1.367,.84,-9.8,-19.8,R
,393611,1299,0,3855,0.441,-0.613,0.985,2.56,-1433,-6.5,R
,393621,1317,0,3887,0.58,-0.72,1.020,.36,-24.98,-10.22,R
,393641,1313,0,3892,0.530,-0.71,0.867,2.74,-2.37,-0.1,R
,393651,1297,0,3857,0.507,-0.63,0.791,5.32,-1.95,1.0,R
,393671,1306,0,3849,0.40,-0.60,0.709,4.61,-2.02,8.52,R
,393731,1323,0,3824,0.429,-0.70,0.599,0.13,-3.14,28.1,R
,393751,1328,0,3820,0.370,-0.71,0.618,2.59,-2.24,37.29,R
,393771,1332,0,831,0.40,-0.76,0.605,8.10,-34.63,36.17,R
,393781,1335,0,3898,0.47,-0.77,0.603,0.77,-4.76,33.97,R
,393791,1331,0,3825,0.459,-0.650,0.596,24.47,-44.53,36.51,R
,393821,1362,0,3888,0.38,-0.85,0.565,4.62,-4.47,30.6,R
,393831,1373,0,3842,0.321,-0.83,0.530,5.83,-40.50,32.22,R
,393851,1392,0,3831,0.30,-0.87,0.439,9.35,-32.71,36.14,R
,393891,1360,0,829,0.227,-0.885,0.263,64.36,-27.23,34.36,R
,393911,1332,0,3827,0.278,-0.79,0.058,9.20,-2.77,28.7,R
,393971,1037,0,3812,0.428,-1.033,-0.049,-9.99,-36.21,-8.18,R
,394071,983,0,321,0.28,-0.909,0.167,-8.48,32.68,-29.46,R
,394151,970,0,3805,0.315,-0.863,0.235,-27.81,49.44,-60.00,R
,394181,966,0,3921,0.225,-0.731,0.210,-27.26,47.64,-60.99,R
,394191,949,0,3813,0.265,-0.717,0.236,-6.11,4266,-67.9,R
,394211,830,0,3801,0.198,-0.633,0.265,-4.19,34.83,-72.03,R
,394251,1109,0,3822,0.157,-0.29,0.299,.01,65.2,-48.85,R
,394281,1090,0,3919,0.045,-0.16,0.551,6.45,11.57,0.1,R
,394301,1127,0,3921,0.019,-0.13,0.846,9.38,11.86,21.81,R
,394331,1147,0,3819,0.09,-0.25,1.210,1.89,8346,54.5,R
,394341,1167,0,943,0.21,-0.29,1.284,9.61,75.34,54.91,R
,394351,1152,0,3803,0.310,-0.40,1.376,7.40,69.46,56.51,R
,394401,1108,0,3911,0.627,-0.742,1.372,59.03,62.27,68.26,R
,394461,1039,0,3921,0.60,-0.96,1.141,6.28,15.38,30.77,R
,394471,1046,0,3813,0.63,-0.94,1.137,7.17,21.18,30.84,R
,394491,1113,0,3815,0.568,-0.89,1.065,7.08,19.52,36.22,R
,394501,1103,0,923,0.51,-0.89,1.032,9.11,1378,35.8,R
,394521,1051,0,3958,0.471,-0.893,1.022,48.41,-6.18,27.8,R
,394531,1040,0,801,0.44,-0.87,1.006,4.30,-13.92,24.60,R
,394541,1063,0,3970,0.386,-0.853,1.017,2.10,-17.81,22.69,R
,394551,1051,0,3802,0.371,-0.845,0.998,40.56,-21.15,21.70,R
,394561,1054,0,3969,0.352,-0.844,1.001,1.06,-23.98,21.99,R
,394591,1063,0,3808,0.259,-0.775,0.985,40.97,-34.79,14.7,R
,394601,1067,0,3952,0.21,-0.75,0.969,0.38,-3.54,13.3,R
,394661,726,0,3981,0.092,-0.690,0.756,38.91,-46.22,17.58,R
,394741,543,0,3972,0.373,-0.566,0.123,970,-26.33,-1.63,R
,394781,257,0,3911,0.223,-0.698,0.148,-12.45,-8.14,-3.83,R
,394791,254,0,3806,0.222,-0.727,0.289,-18.26,-430,-14.8,R
,394931,930,0,3799,0.195,-0.665,0.735,-13.10,2964,-30.4,R
,394941,908,0,3976,0.224,-0.656,0.711,-15.82,3053,-31.2,R
,395021,880,0,3963,0.302,-0.587,0.636,-31.23,3317,-36.5,R
,395031,754,0,395,0.31,-0.624,0.668,-44.57,22.33,-42.8,R
,395061,693,0,3969,0.377,-0.668,0.767,-4.34,-3.82,-52.76,R
,395151,917,0,3791,0.208,-0.535,1.646,-42.05,1955,-9.1,R
,395311,878,0,3802,0.270,-0.544,0.914,1.91,-30.68,28.04,R
,395411,999,0,3798,0.141,-0.637,0.870,2.08,-34.57,34.26,R
,395431,1040,0,3794,0.161,-0.67,0.801,26.74,-5.63,27.2,R
,395451,1063,0,3802,0.21,-0.70,0.676,5.05,-57.43,24.80,R
,395471,969,0,3799,0.205,-0.723,0.573,41.49,-45.47,24.45,R
,395481,1039,0,3999,0.12,-0.71,0.498,6.68,-38.97,26.69,R
,395491,1009,0,3811,0.165,-0.736,0.453,8.57,-31.35,27.10,R
,395501,1008,0,3991,0.188,-0.73,0.385,0.30,-24.14,25.67,R
,395541,703,0,4018,-0.113,-1.07,0.364,1.52,-27.06,17.09,R
,395571,225,0,3799,0.241,-0.828,0.204,-9.68,-735,-6.0,R
,395601,444,0,3969,0.225,-0.929,0.375,-30.45,6.4,-27.8,R
,395621,528,0,384,0.173,-0.885,0.343,230,28.53,-16.22,R
,395681,656,0,3986,0.163,-0.811,0.531,-53.41,39.64,-58.96,R
,395791,1003,0,812,0.137,-0.551,0.549,-34.30,2.45,-11.14,R
,395801,1010,0,3986,0.18,-0.48,0.529,32.23,13.90,-115.00,R
,395841,1205,0,3984,0.04,-0.07,0.484,2.31,63.23,-81.05,R
,395861,1231,0,3971,-0.42,0.06,0.679,10.59,110.11,-53.08,R
,395901,1191,0,3973,-0.49,0.35,1.218,6.51,107.37,18.43,R
,395941,1069,0,3993,0.126,-0.00,1.606,1.50,80.85,67.8,R
,395961,1051,0,3971,0.24,-0.32,1.667,1.22,71.53,78.77,R
,395971,1067,0,3813,0.33,-0.39,1.684,9.28,72.45,82.5,R
,395981,1004,0,3974,0.391,-0.492,1.690,34.80,6845,87.15,R
,396011,895,0,3819,0.575,-0.727,1.489,48.16,50.92,76.94,R
,396041,885,0,4000,0.502,-0.837,1.403,5.43,21.18,52.40,R
,396071,931,0,3815,0.456,-0.833,1.332,58.56,4.73,42.33,R
,396091,959,0,3815,0.398,-0.791,1.242,48.88,-7.8,39.99,R
,396101,962,0,3997,0.390,-0.792,1.238,42.56,-12.86,37.45,R
,396121,958,0,4028,0.31,-0.760,1.210,30.64,-22.18,34.57,R
,396211,1008,0,3806,-0.005,-0.581,1.116,15.61,-46.97,25.73,R
,396251,1040,0,810,-0.093,-0.588,0.981,13.26,-8.25,19.23,R
,396291,1131,0,3825,-0.75,-0.506,0.642,59.61,-61.11,22.60,R
,396331,679,0,3807,0.003,-0.444,0.346,39.60,-55.03,21.38,R
,396381,261,0,3959,0.12,-0.444,0.267,-9.59,-18.59,13.23,R
,396481,459,0,450,0.038,-0.513,0.744,-28.69,40.59,8.00,R
,396491,576,0,303,0.041,-0.542,0.791,-26.84,39.41,6.84,R
,396581,795,0,4033,0.07,-0.538,0.853,-28.08,38.83,-8.91,R
,396671,1041,0,3791,0.32,-0.54,0.587,13.79,-.92,-13.90,R
,396681,1079,0,4071,0.403,-0.491,0.668,-11.18,18.94,-1482,R
,396691,1087,0,3794,0.32,-0.485,0.766,-18.14,37.98,-19.22,R
,396701,1023,0,4048,0.34,-0.438,0.893,34.66,4.69,-20.50,R
,396751,897,0,3789,0.094,-0.547,1.700,-38.84,6.76,5.82,R
,396801,1050,0,4073,0.15,-0.53,1.528,2.91,-7.58,17.23,R
,396881,1106,0,4095,0.16,-0.52,0.925,.66,-38.08,17.70,R
,396921,1023,0,4095,0.19,-0.55,0.934,.09,-34.56,28.02,R
,396951,1051,0,3795,0.06,-0.57,0.913,4.97,-23.03,33.55,R
,396961,1053,0,4095,0.00,-0.60,0.906,4.03,-2.17,34.8,R
,396971,1041,0,3803,0.04,-0.60,0.899,5.46,-3.10,34.16,R
,396981,1034,0,4095,0.09,-0.59,0.874,7.74,-34.40,32.63,R
,397001,1086,0,4095,0.01,-0.59,0.797,2.28,-42.08,27.67,R
,397021,1105,0,4095,0.05,-0.62,0.720,7.96,-50.48,20.89,R
,397041,1093,0,4095,0.05,-0.58,0.560,9.61,-5.47,16.5,R
,397061,1075,0,4095,-0.236,-0.970,0.574,53.92,-56.25,20.43,R
,397081,1002,0,4095,0.19,-0.60,0.356,8.48,-2.78,6.8,R
,397091,1050,0,3792,0.11,-0.62,0.354,2.06,-2.34,9.0,R
,397101,1023,0,095,0.111,-0.616,0.345,18.13,-21.26,7.87,R
,397141,1093,0,048,0.11,-0.674,0.413,.54,12.85,1.79,R
,397151,1090,0,3797,0.07,-0.62,0.536,.51,13.8,-2.77,R
,397171,1076,0,3795,0.08,-0.58,0.531,.19,22.50,-1.00,R
,397221,1072,0,095,0.18,-0.68,0.693,18.62,12.57,-8.84,R
,397231,1099,0,3796,0.10,-0.68,0.702,13.50,19.20,-10.10,R
,397241,1035,0,4095,0.14,-0.68,0.721,7.03,32.68,-13.08,R
,397261,1008,0,4095,0.16,-0.63,0.727,.06,51.99,-13.52,R
,397271,1039,0,3792,0.17,-0.62,0.726,.38,54.86,-15.83,R
,397361,1015,0,4095,0.18,-0.65,0.711,19.41,24.74,-34.36,R
,397381,1044,0,095,0.26,-0.58,0.603,23.32,22.57,-32.18,R
,397411,1071,0,3798,0.33,-0.59,0.545,39.62,5.92,-43.19,R
,397421,1108,0,083,0.30,-0.58,0.534,43.68,-.13,-48.74,R
,397431,1163,0,3795,0.353,-0.612,0.550,-44.16,-5.84,-49.16,R
,397461,1203,0,4095,0.277,-0.553,0.766,-45.70,20.25,-37.75,R
,397471,1174,0,3793,0.271,-0.521,0.886,-53.32,36.59,-2871,R
,397481,1040,0,4095,0.17,-0.56,1.094,61.26,50.80,-17.54,R
,397491,1040,0,3792,0.137,-0.590,1.322,64.04,55.34,-12.80,R
,397541,1216,0,4095,0.02,-0.66,1.855,11.44,3.57,-11.32,R
,397551,1228,0,3794,0.01,-0.64,1.829,.46,0.31,-11.11,R
,397571,1236,0,793,0.20,-0.53,1.413,4.03,1.4,-2.80,R
,397611,1185,0,798,0.24,-0.47,1.039,9.48,-19.78,-4.15,R
,397631,1201,0,799,0.29,-0.47,0.932,9.64,-21.46,4.00,R
,397641,1152,0,4095,0.23,-0.48,0.914,3.48,-25.79,7.15,R
,397651,1136,0,3792,0.22,-0.50,0.897,.40,-32.47,9.55,R
,397661,1136,0,095,0.20,-0.508,0.893,5.89,-3836,12.45,R
,397691,1175,0,781,0.16,-0.53,0.895,.49,-32.08,25.39,R
,397711,1149,0,798,0.14,-0.52,0.925,.82,-23.52,31.9,R
,397721,1139,0,095,0.15,-0.56,0.949,4.19,-23.46,34.4,R
,397731,1147,0,3795,0.15,-0.56,0.956,3.34,-26.19,34.13,R
,397741,1124,0,4095,0.07,-0.58,0.990,2.59,-3108,32.95,R
,397751,1063,0,793,0.02,-0.60,0.993,.54,-41.76,30.42,R
,397761,1133,0,4095,0.03,-0.59,0.972,.93,-53.20,26.81,R
,397821,1120,0,4095,0.119,-0.664,0.684,52.25,-46.28,16.52,R
,397831,1149,0,3800,0.09,-0.64,0.609,0.83,-4.72,15.96,R
,397841,1061,0,4095,0.042,-0.637,0.544,66.64,-36.71,14.0,R
,397871,863,0,3808,0.119,-0.597,0.338,60.54,-36.24,12.29,R
,397881,826,0,4095,0.166,-0.623,0.284,4.52,-34.79,10.9,R
,397911,720,0,3798,0.187,-0.626,0.211,2.99,-23.70,9.41,R
,397941,635,0,4095,0.197,-0.622,0.214,-.03,5.64,2.52,R
,398001,592,0,4095,0.143,-0.612,0.474,-.63,47.75,4.48,R
,398031,591,0,3793,0.110,-0.588,0.592,-5.73,51.12,-0.35,R
,398041,574,0,4095,0.121,-0.605,0.657,-35.35,43.58,-5.03,R
,398161,637,0,4095,0.190,-0.602,0.776,-39.61,5534,-9.5,R
,398181,656,0,4095,0.226,-0.683,0.836,-58.86,16.60,-28.67,R
,398191,656,0,3795,0.284,-0.755,0.840,-59.18,2.28,-31.11,R
,398231,914,0,3799,0.26,-0.733,0.947,-17.36,4027,-18.5,R
,398261,939,0,4095,0.163,-0.701,1.262,-48.63,23.78,-30.9,R
,398351,1049,0,792,0.15,-0.48,1.330,5.09,-14.65,-12.84,R
,398421,880,0,4095,0.08,-0.499,1.017,20.59,-3872,5.90,R
,398451,964,0,3800,0.061,-0.537,0.958,24.09,-46.43,15.5,R
,398471,1085,0,795,0.02,-0.51,0.907,4.96,-39.55,20.66,R
,398481,1079,0,4095,0.048,-0.51,0.887,35.92,-3.17,21.1,R
,398541,866,0,4095,-0.04,-0.550,0.842,6.77,-5.43,22.1,R
,398581,789,0,4095,-0.083,-0.468,0.605,78.12,-1.33,36.34,R
,398641,355,0,4095,-0.033,-0.425,0.357,66.04,5.66,61.53,R
,398651,240,0,3802,-0.08,-0.502,0.417,70.35,3.87,58.46,R
,398771,649,0,3807,0.149,-0.665,0.782,5.92,86.80,2.91,R
,398791,508,0,3795,0.09,-0.686,0.847,31.77,65.1,-24.6,R
,398821,594,0,4095,0.061,-0.694,0.912,12.94,39.06,-47.60,R
,398861,671,0,4095,0.017,-0.593,0.927,5.81,61.44,-63.49,R
,398871,673,0,397,-0.04,-0.61,0.928,6.86,65.40,-64.33,R
,398921,807,0,4095,-0.08,-0.61,0.910,33.21,2.69,-7757,R
,398961,748,0,4095,0.136,-0.520,0.694,-6.14,19.9,-78.1,R
,399041,703,0,4095,-0.09,-0.55,1.164,62.63,31.69,-4013,R
,399051,786,0,3794,0.010,-0.473,1.318,-57.29,2573,-36.44,R
,399061,939,0,4095,0.030,-0.410,1.476,-44.77,2761,-25.7,R
,399131,1254,0,3798,-0.058,-0.230,1.813,5.55,-10.71,-4.64,R
,399171,1269,0,3807,0.00,-0.25,1.318,6.10,-34.07,6.78,R
,399181,1303,0,4095,0.05,-0.23,1.255,1.22,-3.24,7.9,R
,399231,1296,0,807,0.070,-0.298,1.051,18.45,-4.21,25.9,R
,399241,1296,0,4095,0.02,-0.30,1.038,0.10,-42.89,30.23,R
,399251,1287,0,3811,0.04,-0.30,1.040,2.77,-37.69,35.56,R
,399271,1302,0,3813,0.03,-0.36,1.074,1.34,-36.60,39.44,R
,399411,1077,0,3817,0.036,-0.544,0.507,4.82,-4.58,16.0,R
,399441,1119,0,4095,0.06,-0.55,0.395,3.54,-36.28,9.32,R
,399461,1126,0,4095,0.01,-0.55,0.313,.74,-16.72,5.78,R
,399491,1133,0,3814,0.02,-0.62,0.444,5.55,5.12,-15.6,R
,399681,1023,0,4095,0.03,-0.41,0.809,14.60,33.41,-41.26,R
,399691,1162,0,3809,0.03,-0.41,0.790,17.00,3.48,-36.24,R
,399701,1142,0,4095,0.00,-0.40,0.803,22.22,40.82,-32.51,R
,399741,1180,0,4095,0.18,-0.39,0.872,32.63,42.80,-3361,R
,399751,1223,0,3813,0.07,-0.39,0.927,35.10,4.73,-3021,R
,399761,1219,0,4095,0.02,-0.42,1.006,33.07,4.43,-2108,R
,399801,1225,0,4095,-0.036,-0.369,1.308,-23.84,47.75,-12.33,R
,399891,1281,0,807,0.027,-0.327,1.281,14.09,1.78,2.91,R
,399911,1328,0,3802,0.05,-0.34,1.167,2.47,-12.60,2.97,R
,399931,1323,0,3811,0.07,-0.36,1.106,8.99,-16.42,6.60,R
,399971,1329,0,3817,0.07,-0.39,1.076,5.61,-1.45,10.4,R
,400001,1341,0,4095,0.03,-0.37,1.116,9.60,-2.16,17.2,R
,400011,1328,0,3812,0.05,-0.38,1.124,9.40,-2.84,19.59,R
,400031,1337,0,3815,0.032,-0.384,1.151,20.09,-25.99,20.86,R
,400181,1018,0,4095,0.02,-0.40,0.553,2.06,-4.69,18.9,R
,400331,768,0,3811,-0.03,-0.498,0.633,-14.31,45.37,-1051,R
,400341,798,0,4095,-0.06,-0.51,0.702,18.75,4.83,-12.18,R
,400361,901,0,4095,-0.00,-0.48,0.810,20.78,4.05,-1703,R
,400431,997,0,3812,-0.06,-0.43,0.897,20.83,40.05,-28.24,R
,400441,997,0,495,-0.07,-0.46,0.900,-26.07,39.57,-28.58,R
,400481,1159,0,4095,0.00,-0.45,0.864,27.49,3.73,-2841,R
,400491,1163,0,3809,0.01,-0.44,0.843,27.29,2.76,-3151,R
,400501,1170,0,4095,0.06,-0.44,0.820,28.17,23.50,-35.23,R
,400561,1234,0,095,0.161,-0.28,0.959,-32.33,35.12,-3658,R
,400571,1259,0,3814,0.02,-0.348,1.025,-36.17,40.60,-2966,R
,400581,1242,0,4095,0.01,-0.33,1.219,39.78,48.99,-23.49,R
,400691,1148,0,805,-0.014,-0.296,1.340,19.72,-37.32,-196,R
,400711,1159,0,3815,0.043,-0.267,1.155,9.16,-38.74,2.75,R
,400721,1163,0,4095,0.06,-0.29,1.123,5.37,-37.17,5.99,R
,400731,1149,0,3821,0.04,-0.29,1.079,5.72,-3.57,10.45,R
,400741,1114,0,4095,0.019,-0.326,1.058,14.70,-35.12,12.4,R
,400761,1115,0,4095,0.02,-0.36,1.079,4.70,-3.47,23.16,R
,400771,1104,0,3813,0.07,-0.36,1.096,9.38,-3.61,26.51,R
,400891,1103,0,820,-0.123,-0.464,0.972,32.07,-58.65,3245,R
,400971,1094,0,3813,0.090,-0.520,0.342,31.57,-11.81,28.81,R
,400981,1093,0,4095,0.070,-0.521,0.365,16.45,-816,20.9,R
,401101,1095,0,4095,-0.118,-0.441,0.727,-25.47,9.21,-1.30,R
,401201,1167,0,4095,-0.029,-0.440,0.860,-25.55,30.62,-3.42,R
,401221,1149,0,4095,0.036,-0.436,0.845,-26.77,16.36,-4088,R
,401261,1186,0,4095,0.11,-0.42,0.751,27.65,30.51,-35.67,R
,401311,1200,0,3824,0.011,-0.517,0.827,-14.28,2.97,-3148,R
,401321,1198,0,4095,0.062,-0.34,0.916,26.52,33.24,-37.83,R
,401331,1169,0,3822,0.080,-0.24,1.090,45.03,41.95,-40.07,R
,401461,1207,0,4095,0.09,-0.27,1.268,9.14,-36.59,7.09,R
,401471,1216,0,825,0.05,-0.31,1.218,9.45,-33.27,13.12,R
,401501,1219,0,4095,0.009,-0.346,1.117,17.81,-4.70,22.6,R
,401511,1241,0,3827,0.018,-0.362,1.100,19.31,-44.51,25.82,R
,401521,1232,0,4095,0.020,-0.375,1.089,20.82,-4.72,29.3,R
,401551,1243,0,3837,0.014,-0.40,1.057,4.24,-43.55,37.67,R
,401561,1249,0,4095,0.019,-0.38,1.044,9.23,-42.92,40.20,R
,401581,1264,0,4095,0.02,-0.34,1.047,9.45,-35.82,43.39,R
,401621,1262,0,4095,-0.106,-0.403,1.104,16.28,-9.69,40.02,R
,401671,1216,0,3835,-0.148,-0.436,0.994,46.91,-48.91,38.86,R
,401721,1129,0,4095,-0.124,-0.427,0.644,35.98,-0.14,3828,R
,401731,1125,0,3827,0.217,-0.320,0.412,-2.65,-9.09,7.47,R
,401751,1129,0,3829,-0.126,-0.495,0.501,13.46,-6.63,1527,R
,401771,1130,0,3835,-0.020,-0.526,0.374,9.55,-26.77,14.22,R
,401801,1136,0,4095,0.115,-0.578,0.332,13.54,-398,12.1,R
,401851,848,0,3835,0.026,-0.543,0.510,13.02,15.1,-23.9,R
,401881,864,0,4095,-0.054,-0.50,0.672,-25.68,2.19,-32.97,R
,401891,944,0,3826,-0.07,-0.53,0.748,-28.25,3.83,-29.32,R
,401921,1054,0,4095,-0.053,-0.503,0.913,-7.50,44.89,-30.79,R
,401931,1049,0,3823,-0.53,-0.495,0.958,-2.19,4.75,-3897,R
,401991,1232,0,3839,0.025,-0.453,0.986,-24.59,1.18,-43.03,R
,402001,1233,0,4095,0.073,-0.449,0.975,-24.46,1.39,-4567,R
,402021,1217,0,095,0.03,-0.42,0.936,17.44,27.40,-52.51,R
,402031,1232,0,837,0.03,-0.41,0.875,15.55,26.47,-5291,R
,402081,1248,0,4095,0.183,-0.301,0.688,-25.65,15.12,-49.17,R
,402091,1251,0,3839,0.144,-0.293,0.719,-30.11,2.27,-4827,R
,402111,1209,0,3838,0.085,-0.21,0.958,43.72,34.42,-4455,R
,402171,1130,0,3831,-0.24,-0.254,1.839,-24.36,2.34,7.53,R
,402241,1157,0,4091,0.07,-0.19,1.242,2.97,-21.75,12.81,R
,402251,1147,0,840,0.086,-0.200,1.164,22.04,-2.53,15.8,R
,402261,1153,0,4065,0.120,-0.225,1.107,20.83,-22.18,17.47,R
,402271,1131,0,3827,0.05,-0.21,1.062,8.57,-23.20,18.13,R
,402291,1130,0,3839,0.095,-0.295,1.049,14.59,-24.71,24.65,R
,402301,1133,0,4063,0.084,-0.304,1.051,4.21,-22.11,29.27,R
,402321,1138,0,055,0.022,-0.338,1.098,17.95,-2.10,37.84,R
,402331,1135,0,3839,0.055,-0.33,1.083,2.50,-24.77,39.30,R
,402361,1047,0,4065,0.042,-0.382,1.117,25.55,-3.37,36.19,R
,402371,1043,0,3845,0.047,-0.38,1.105,3.92,-3.02,35.79,R
,402391,1004,0,3831,0.04,-0.41,1.100,1.17,-37.89,36.42,R
,402411,806,0,335,-0.03,-0.43,1.099,8.25,-32.66,34.94,R
,402471,606,0,339,-0.02,-0.49,0.748,5.09,-4.92,18.13,R
,402721,1145,0,4004,-0.28,-0.406,0.863,-30.77,41.05,-19.06,R
,402751,1146,0,3852,0.034,-0.408,0.842,-32.13,32.10,-19.38,R
,402761,1152,0,3987,0.04,-0.41,0.830,31.21,23.87,-24.79,R
,402781,1175,0,4013,0.11,-0.42,0.752,24.08,11.69,-30.55,R
,402791,1184,0,3857,0.12,-0.42,0.752,18.94,11.82,-30.80,R
,402801,1207,0,4021,0.14,-0.39,0.670,17.24,16.70,-2777,R
,402821,1270,0,3991,0.19,-0.36,0.666,32.02,3.07,-20.91,R
,402831,1275,0,3856,0.25,-0.39,0.655,36.37,36.39,-2084,R
,402841,1264,0,3987,0.15,-0.371,0.761,-41.36,34.51,-23.14,R
,402861,1266,0,3962,0.06,-0.34,1.013,61.12,3.70,-2152,R
,402891,1179,0,3858,-0.83,-0.44,1.571,-52.19,30.45,-0.24,R
,402951,1136,0,3873,-0.106,-0.248,1.702,-3.64,-12.89,4.25,R
,403001,1083,0,3949,0.00,-0.27,1.199,8.88,-2.20,9.90,R
,403011,1099,0,3874,0.051,-0.288,1.132,17.70,-27.53,16.78,R
,403021,1104,0,3920,0.08,-0.30,1.105,4.99,-2.23,21.97,R
,403051,1136,0,863,0.044,-0.340,1.081,16.32,-39.55,28.40,R
,403131,1037,0,3886,0.04,-0.44,1.099,9.23,-37.56,43.12,R
,403161,962,0,311,-0.05,-0.43,1.093,7.31,-4.81,31.81,R
,403171,965,0,3871,-0.03,-0.42,1.037,9.48,-49.55,28.65,R
,403181,963,0,3926,-0.07,-0.46,1.071,9.22,-51.73,28.6,R
,403211,941,0,3880,-0.20,-0.48,0.996,2.01,-5.82,25.59,R
,403231,944,0,3883,-0.05,-0.51,0.766,7.84,-45.92,26.5,R
,403251,942,0,3885,-0.00,-0.51,0.606,7.32,-3.59,22.5,R
,403381,1072,0,855,0.07,-0.50,0.566,10.30,57.99,-0.55,R
,403401,1153,0,866,-0.32,-0.521,0.711,-15.50,44.27,-8.30,R
,403471,1206,0,3863,-0.22,-0.46,0.936,-14.94,35.72,-27.78,R
,403501,1165,0,3846,0.00,-0.42,0.933,8.52,46.11,-28.12,R
,403511,1169,0,3892,-0.11,-0.40,0.935,-16.07,45.11,-31.29,R
,403551,1186,0,3890,0.03,-0.43,0.849,31.03,2.00,-34.79,R
,403561,1172,0,838,0.03,-0.43,0.825,-30.17,26.68,-35.66,R
,403571,1189,0,3903,0.08,-0.436,0.795,-27.15,22.47,-37.40,R
,403581,1215,0,831,0.140,-0.440,0.762,-21.96,18.60,-41.26,R
,403601,1239,0,3826,0.19,-0.40,0.715,-19.65,21.05,-45.32,R
,403611,1226,0,3906,0.10,-0.37,0.772,30.55,32.44,-42.77,R
,403651,916,0,3923,-0.08,-0.42,1.273,-53.78,56.68,-20.36,R
,403661,879,0,329,-0.045,-0.336,1.381,-45.07,57.49,-23.40,R
,403671,907,0,388,-0.116,-0.41,1.481,-35.26,51.90,-17.90,R
,403681,944,0,3838,-0.18,-0.40,1.535,-23.33,40.65,-16.22,R
,403711,874,0,3899,-0.14,-0.26,1.567,-3.47,22.80,-13.81,R
,403741,866,0,321,-0.080,-0.27,1.458,-0.13,-4.48,-13.61,R
,403751,870,0,3901,-0.07,-0.28,1.349,3.45,-8.89,-10.03,R
,403911,1008,0,915,0.041,-0.349,1.045,10.45,-24.40,26.5,R
,403941,965,0,3811,-0.09,-0.34,1.097,4.10,-14.13,32.9,R
,403951,964,0,3925,-0.05,-0.36,1.123,2.30,-12.42,33.18,R
,403961,979,0,3810,-0.04,-0.40,1.138,.29,-17.66,32.98,R
,403971,1059,0,3947,-0.094,-0.419,1.161,9.55,-25.29,33.3,R
,404001,1055,0,809,-0.28,-0.409,1.179,24.90,-36.50,2755,R
,404011,1110,0,3951,-0.52,-0.422,1.151,27.98,-5.08,28.51,R
,404021,1103,0,3807,-0.61,-0.41,1.107,30.45,-34.47,29.97,R
,404031,1071,0,3953,-0.53,-0.40,1.080,29.22,-33.47,31.79,R
,404051,1102,0,951,-0.131,-0.482,0.964,37.23,-6.13,28.83,R
,404071,1175,0,3969,-0.129,-0.498,0.812,51.11,-9.90,24.86,R
,404081,1159,0,3799,-0.11,-0.59,0.723,58.67,-41.01,2301,R
,404261,971,0,3799,-0.024,-0.472,0.913,-24.84,3.99,-1674,R
,404271,991,0,3910,-0.023,-0.488,0.958,-23.17,3.81,-2235,R
,404341,1227,0,3802,-0.032,-0.414,1.039,-23.87,27.00,-34.12,R
,404351,1235,0,3984,-0.019,-0.429,1.023,-25.41,3.47,-3.55,R
,404371,1249,0,968,0.04,-0.40,0.972,27.21,27.52,-3001,R
,404381,1246,0,3797,0.02,-0.40,0.945,-29.30,29.82,-29.35,R
,404391,1233,0,3967,0.037,-0.415,0.934,-27.62,29.41,-29.96,R
,404401,1233,0,3798,0.03,-0.41,0.904,-25.52,25.24,-32.99,R
,404411,1242,0,975,0.05,-0.411,0.878,-22.48,18.08,-3793,R
,404421,1233,0,3797,0.126,-0.407,0.827,-17.61,9.89,-42.9,R
,404441,1315,0,3801,0.144,-0.335,0.687,-9.46,1.37,-46.21,R
,404461,1290,0,3802,0.11,-0.24,0.609,-14.13,14.59,-3954,R
,404471,1232,0,991,0.15,-0.21,0.685,-28.94,23.95,-36.82,R
,404481,1202,0,3794,0.17,-0.21,0.821,-40.62,33.00,-33.42,R
,404511,1072,0,974,-0.91,-0.34,1.394,-62.51,37.76,-1.22,R
,404531,1078,0,3965,-0.67,-0.25,1.758,-43.67,29.66,5.13,R
,404561,1104,0,3808,-0.77,-0.20,1.767,2.71,5.93,9.82,R
,404571,1077,0,989,-0.60,-0.29,1.703,6.90,-11.05,6.5,R
,404581,1114,0,802,-0.17,-0.25,1.477,10.79,-2.71,1007,R
,404591,1112,0,982,0.04,-0.250,1.465,9.14,-3207,7.18,R
,404601,1134,0,3793,0.06,-0.24,1.349,13.40,-31.61,13.0,R
,404611,1126,0,4003,0.08,-0.24,1.234,16.67,-23.75,20.9,R
,404621,1122,0,3805,0.112,-0.273,1.150,12.62,-2.51,20.0,R
,404631,1134,0,984,0.18,-0.29,1.119,8.61,-2327,18.6,R
,404651,1091,0,3969,0.042,-0.339,1.093,.09,-22.63,23.62,R
,404691,1062,0,3995,0.07,-0.34,1.109,21.41,-24.77,34.36,R
,404721,1074,0,3806,0.02,-0.35,1.086,20.44,-3.27,34.4,R
,404741,1050,0,803,0.01,-0.39,1.135,19.08,-46.27,28.63,R
,404771,1088,0,3999,-0.042,-0.47,1.162,29.12,-45.08,2503,R
,404801,1094,0,793,-0.81,-0.49,1.080,42.88,-46.59,26.71,R
,404861,1040,0,793,-0.48,-0.65,0.618,40.45,-39.69,24.86,R
,404881,813,0,3810,0.122,-0.518,0.346,1.25,-2320,10.3,R
,404941,782,0,306,0.05,-0.524,0.253,819,19.35,3.96,R
,404951,752,0,3984,-0.062,-0.545,0.368,-5.23,2401,-1.0,R
,404971,838,0,416,-0.072,-0.513,0.492,.60,14.5,0.13,R
,405001,961,0,304,-0.06,-0.49,0.643,-32.19,20.08,-1.38,R
,405011,972,0,3986,-0.047,-0.535,0.742,31.62,22.77,-4.30,R
,405021,975,0,3803,-0.069,-0.510,0.771,25.85,2.77,-4.59,R
,405041,959,0,3798,-0.02,-0.51,0.835,-16.98,36.51,-9.92,R
,405061,1032,0,3809,-0.014,-0.534,0.850,-24.81,39.43,-9.17,R
,405081,1056,0,3785,0.017,-0.560,0.874,34.62,42.62,-2.00,R
,405181,1168,0,3792,0.302,-0.905,1.127,63.73,-.86,-51.38,R
,405191,1151,0,030,0.30,-0.90,1.169,-59.10,-.89,-5569,R
,405211,1104,0,4045,0.356,-0.852,1.195,61.56,-5.38,-7.23,R
,405221,1023,0,793,0.33,-0.65,1.187,-67.39,-23.06,-9.33,R
,405231,909,0,4031,0.281,-0.724,1.211,-7.53,-2.68,-93.54,R
,405321,933,0,397,-0.17,-0.18,1.491,-34.52,-51.52,-41.08,R
,405471,982,0,4095,0.12,-0.492,0.942,314,-59.01,31.52,R
,405501,951,0,3797,0.156,-0.531,0.984,1.64,-5808,28.5,R
,405561,921,0,3792,0.086,-0.589,0.784,29.14,-46.18,19.65,R
,405571,917,0,4095,0.083,-0.607,0.708,35.00,-50.54,19.65,R
,405601,831,0,391,-0.01,-0.61,0.439,42.50,-4.82,22.75,R
,405621,758,0,3794,0.212,-0.598,0.267,1.53,-37.05,20.04,R
,405651,783,0,4095,0.203,-0.566,0.137,-6.75,-17.92,19.35,R
,405671,832,0,4095,0.200,-0.681,0.009,-5.99,13.12,30.77,R
,405731,848,0,4095,0.227,-0.676,0.385,-.95,17.86,9.75,R
,405771,903,0,4095,0.176,-0.734,0.666,-19.49,34.79,6.98,R
,405851,1014,0,095,0.21,-0.66,0.686,-30.28,30.59,-1998,R
,405861,1014,0,791,0.23,-0.68,0.736,-23.70,27.17,-23.28,R
,405981,1019,0,3796,0.244,-0.610,0.977,-28.88,33.52,-27.00,R
,406001,1003,0,795,0.29,-0.56,1.240,26.72,2.66,-2192,R
,406011,1013,0,095,0.15,-0.55,1.365,25.84,2.93,-16.99,R
,406021,1106,0,790,0.10,-0.53,1.453,-20.81,26.36,-10.45,R
,406061,1156,0,802,0.25,-0.514,1.530,6.83,2.30,3.68,R
,406071,1159,0,095,0.218,-0.496,1.445,.93,2.2,11.58,R
,406081,1161,0,797,0.27,-0.55,1.296,7.52,-5.12,14.54,R
,406101,1156,0,794,0.26,-0.59,1.262,7.72,-2.11,16.3,R
,406111,1157,0,095,0.20,-0.57,1.181,7.31,-2.37,14.63,R
,406121,1145,0,798,0.28,-0.551,1.115,1.34,-22.89,16.10,R
,406141,1039,0,802,0.281,-0.532,1.019,7.28,-35.87,21.13,R
,406151,1035,0,095,0.268,-0.547,1.006,22.09,-39.35,23.49,R
,406221,1040,0,795,0.21,-0.62,0.993,8.12,-4.94,36.7,R
,406301,1114,0,3798,0.115,-0.675,0.803,25.45,-46.71,32.33,R
,406331,1106,0,095,0.129,-0.646,0.589,31.49,-54.56,21.93,R
,406381,1001,0,796,0.21,-0.64,0.208,11.31,-35.53,11.38,R
,406391,986,0,495,0.22,-0.676,0.171,4.51,-25.84,8.42,R
,406401,1021,0,794,0.24,-0.70,0.198,2.74,-1.45,8.42,R
,406421,1063,0,793,0.40,-0.62,0.036,37.75,1.52,-16.80,R
,406431,1072,0,095,0.28,-0.75,0.162,5.94,3.44,3.65,R
,406471,1184,0,095,0.19,-0.74,0.429,5.98,20.83,4.37,R
,406511,1220,0,095,0.16,-0.71,0.443,28.95,33.29,1.00,R
,406531,1238,0,095,0.23,-0.82,0.557,40.60,2.82,-0.99,R
,406541,1170,0,785,0.20,-0.84,0.598,-37.01,22.04,-3.16,R
,406571,1185,0,095,0.35,-0.87,0.637,22.98,3.65,-3.11,R
,406581,1190,0,799,0.35,-0.85,0.667,-31.94,43.09,-1.81,R
,406601,1209,0,802,0.32,-0.94,0.715,49.56,41.35,-3.67,R
,406721,1066,0,795,0.501,-0.855,1.064,-69.73,-6.92,-9016,R
,406741,1064,0,810,0.30,-0.85,1.169,64.05,-16.33,-95.92,R
,407071,937,0,4095,0.226,-0.707,0.404,35.51,-45.30,24.60,R
,407081,843,0,3796,0.269,-0.715,0.317,38.03,-47.63,20.36,R
,407091,749,0,4095,0.269,-0.724,0.264,37.17,-46.60,21.55,R
,407211,1134,0,095,0.35,-0.84,0.206,10.32,33.24,18.60,R
,407231,1142,0,095,0.36,-0.84,0.301,6.64,41.79,11.78,R
,407261,1159,0,813,0.33,-0.90,0.435,-8.69,29.55,0.58,R
,407271,1163,0,095,0.377,-0.886,0.438,-7.06,3431,-1.40,R
,407311,1175,0,4095,0.413,-0.899,0.576,-6.62,40.63,-6.8,R
,407331,1159,0,095,0.40,-0.87,0.549,4.01,35.96,-14.44,R
,407341,1168,0,803,0.49,-0.84,0.519,-3.30,38.31,-16.45,R
,407361,1093,0,808,0.426,-0.79,0.477,-9.12,48.51,-17.06,R
,407381,1087,0,3814,0.433,-0.758,0.484,-18.05,47.75,-24.90,R
,407411,1083,0,095,0.31,-0.72,0.520,-24.68,25.87,-3522,R
,407431,1075,0,095,0.41,-0.72,0.552,-21.62,15.99,-40.70,R
,407461,1170,0,819,0.44,-0.66,0.607,-20.52,27.02,-38.44,R
,407471,1125,0,095,0.45,-0.631,0.657,-24.39,3.21,-34.84,R
,407481,1070,0,812,0.34,-0.670,0.738,-27.94,3.84,-31.26,R
,407501,1077,0,810,0.33,-0.57,0.932,-29.17,37.89,-19.93,R
,407511,1040,0,4095,0.315,-0.558,1.069,-31.14,3.73,-19.60,R
,407581,1017,0,812,0.35,-0.50,1.214,16.54,6.47,15.91,R
,407591,1003,0,095,0.44,-0.58,1.140,15.61,-4.69,16.39,R
,407621,993,0,3809,0.471,-0.667,1.026,23.12,-24.07,20.2,R
,407641,1005,0,811,0.46,-0.67,0.940,9.78,-20.71,23.36,R
,407741,950,0,3798,0.299,-0.834,0.795,28.67,-4862,28.6,R
,407841,1133,0,802,0.15,-0.75,0.318,3.66,-6.80,4.52,R
,407851,1088,0,4095,0.18,-0.73,0.253,44.85,-67.47,0.14,R
,407861,1216,0,817,0.15,-0.75,0.194,5.22,-6.63,3.6,R
,407901,1296,0,3816,0.34,-0.86,0.039,8.28,-32.30,23.42,R
,407921,1296,0,813,0.43,-0.83,-0.017,4.01,8.73,23.53,R
,407931,1313,0,4095,0.43,-0.88,0.016,-4.60,21.86,15.97,R
,407951,1296,0,4095,0.360,-0.97,0.298,-10.95,21.18,-1.98,R
,407971,1297,0,4095,0.32,-0.92,0.243,3.66,37.43,8.60,R
,407981,1296,0,802,0.45,-0.86,0.235,-10.14,48.44,0.55,R
,407991,1305,0,095,0.31,-0.92,0.339,-21.24,49.00,-7.71,R
,408011,1323,0,095,0.34,-0.88,0.446,-37.94,4.34,-1526,R
,408021,1296,0,3818,0.311,-0.921,0.492,46.49,4.35,-19.84,R
,408031,1294,0,095,0.31,-0.93,0.559,-52.33,35.21,-25.54,R
,408061,1286,0,817,0.37,-0.96,0.608,-34.23,4.87,-2375,R
,408081,1283,0,812,0.31,-0.90,0.608,-24.33,68.41,-23.49,R
,408101,1247,0,811,0.36,-0.89,0.583,-33.76,70.71,-30.71,R
,408111,1269,0,095,0.422,-0.898,0.575,-42.94,5.20,-3858,R
,408131,1248,0,4095,0.47,-0.92,0.572,-61.23,25.70,-57.38,R
,408141,1300,0,808,0.45,-0.93,0.604,-64.42,16.50,-6360,R
,408151,1297,0,4095,0.471,-0.945,0.618,65.62,1.57,-66.44,R
,408171,1264,0,095,0.46,-0.93,0.635,-69.62,29.34,-6456,R
,408191,1299,0,4095,0.444,-0.95,0.704,-71.59,32.92,-7198,R
,408201,1315,0,810,0.526,-0.826,0.782,72.59,1.81,-81.81,R
,408241,1260,0,3819,0.377,-0.796,0.849,52.98,1.33,-85.19,R
,408251,1276,0,4095,0.455,-0.654,0.887,50.04,16.54,-89.83,R
,408271,1281,0,095,0.32,-0.65,0.896,-47.78,14.54,-86.90,R
,408311,1322,0,095,0.35,-0.51,1.137,-39.18,-6.30,-75.81,R
,408321,1311,0,3815,0.324,-0.476,1.177,-32.55,-.56,-6781,R
,408331,1305,0,095,0.35,-0.40,1.079,-28.01,3.66,-50.3,R
,408351,1254,0,095,0.29,-0.429,1.137,-33.04,-.37,-3299,R
,408381,1278,0,3818,0.408,-0.395,0.947,.90,-2384,-20.5,R
,408401,1276,0,3821,0.46,-0.35,0.790,11.16,-21.87,-4.76,R
,408431,1229,0,4095,0.46,-0.396,0.715,5.55,-2213,13.9,R
,408441,1223,0,3823,0.457,-0.411,0.687,.36,-2147,21.03,R
,408451,1283,0,4095,0.466,-0.435,0.705,1.81,-22.07,24.7,R
,408481,1182,0,823,0.60,-0.37,0.615,7.40,-18.02,28.2,R
,408491,1228,0,095,0.57,-0.52,0.601,14.73,-23.18,35.5,R
,408501,1218,0,839,0.49,-0.51,0.570,9.35,-2159,37.0,R
,408511,1233,0,095,0.41,-0.58,0.560,10.83,-24.13,37.61,R
,408531,1247,0,4095,0.42,-0.61,0.507,11.87,-22.48,39.82,R
,408551,1307,0,095,0.41,-0.65,0.465,15.34,-17.32,36.4,R
,408581,1297,0,812,0.40,-0.71,0.300,18.25,-5.76,38.5,R
,408601,1251,0,813,0.38,-0.75,0.196,33.25,-1.53,39.16,R
,408621,1134,0,822,0.41,-0.70,0.055,44.10,-4.80,34.39,R
,408641,1046,0,3820,0.463,-0.703,-0.025,39.61,-14.53,27.79,R
,408651,1003,0,4095,0.473,-0.757,-0.043,32.27,-19.37,21.73,R
,408691,1104,0,4095,0.572,-0.836,-0.106,7.20,-14.95,8.14,R
,408721,1217,0,815,0.58,-0.88,0.042,3.70,34.30,8.51,R
,408741,1170,0,3824,0.432,-0.827,0.067,6.82,46.86,9.26,R
,408761,1217,0,819,0.51,-0.82,0.185,14.68,58.27,2.45,R
,408781,1235,0,824,0.469,-0.84,0.256,11.21,5.13,-3.31,R
,408791,1245,0,095,0.48,-0.83,0.298,20.49,4.23,-4.80,R
,408801,1254,0,821,0.48,-0.84,0.372,22.51,3.32,-8.51,R
,408821,1232,0,820,0.41,-0.86,0.449,-15.15,36.79,-1731,R
,408831,1259,0,095,0.42,-0.84,0.470,-11.56,3.84,-17.93,R
,408841,1307,0,821,0.47,-0.85,0.503,-8.16,4021,-14.7,R
,408861,1297,0,821,0.46,-0.78,0.514,-5.68,44.71,-10.0,R
,408871,1305,0,4095,0.469,-0.762,0.488,-9.00,48.31,-10.01,R
,408881,1297,0,814,0.41,-0.74,0.513,-10.88,47.00,-13.54,R
,408901,1303,0,3824,0.485,-0.738,0.477,21.06,3.21,-1780,R
,408911,1314,0,095,0.45,-0.74,0.445,22.39,2.21,-19.28,R
,408931,1323,0,095,0.51,-0.70,0.415,-24.54,541,-21.4,R
,408951,1316,0,095,0.59,-0.68,0.427,26.30,152,-28.58,R
,408961,1312,0,829,0.581,-0.67,0.438,27.07,-.07,-30.64,R
,408991,1294,0,095,0.581,-0.675,0.555,-37.44,14.22,-20.39,R
,409001,1328,0,3822,0.546,-0.757,0.633,-36.02,22.31,-1655,R
,409071,1269,0,4095,0.459,-0.764,1.481,-25.33,2.13,0.48,R
,409121,1336,0,3833,0.50,-0.66,0.918,18.93,-518,12.89,R
,409131,1333,0,095,0.44,-0.67,0.937,1.69,-21.05,8.04,R
,409141,1317,0,3834,0.458,-0.724,0.833,4.13,-28.77,10.95,R
,409151,1335,0,095,0.57,-0.73,0.781,25.16,-32.83,13.36,R
,409161,1328,0,831,0.42,-0.715,0.748,33.52,-29.85,8.57,R
,409201,1295,0,829,0.44,-0.64,0.560,8.48,-2.27,25.1,R
,409221,1295,0,3825,0.437,-0.679,0.555,18.97,-46.18,24.23,R
,409271,1307,0,095,0.40,-0.70,0.518,15.23,-12.92,42.42,R
,409281,1303,0,840,0.37,-0.70,0.542,4.38,-14.56,45.16,R
,409291,1327,0,095,0.39,-0.726,0.560,11.81,-19.56,45.88,R
,409341,1287,0,3824,0.262,-0.885,0.658,5.26,-34.01,47.41,R
,409351,1291,0,4095,0.364,-0.816,0.637,13.08,-25.21,47.41,R
,409361,1296,0,831,0.38,-0.75,0.669,17.43,-21.73,45.21,R
,409371,1307,0,095,0.21,-0.77,0.657,0.54,-20.50,50.51,R
,409381,1305,0,824,0.35,-0.77,0.677,25.77,-2.96,49.5,R
,409391,1322,0,095,0.38,-0.76,0.686,23.96,-29.78,46.65,R
,409411,1360,0,095,0.34,-0.78,0.677,4.32,-44.80,42.34,R
,409421,1373,0,3830,0.39,-0.80,0.692,2.83,-4.87,43.3,R
,409441,1383,0,829,0.39,-0.81,0.735,4.27,-4.57,46.04,R
,409451,1389,0,4095,0.346,-0.781,0.728,28.64,-37.38,45.30,R
,409471,1375,0,095,0.33,-0.77,0.720,9.25,-38.80,44.94,R
,409481,1383,0,829,0.34,-0.76,0.713,7.26,-48.92,43.84,R
,409501,1375,0,839,0.34,-0.81,0.719,3.89,-64.11,42.89,R
,409521,1392,0,3833,0.354,-0.791,0.695,26.65,-59.12,42.14,R
,409531,1392,0,095,0.35,-0.76,0.679,2.07,-50.11,45.30,R
,409541,1393,0,837,0.321,-0.75,0.667,33.37,-39.89,51.26,R
,409551,1445,0,095,0.292,-0.731,0.667,34.06,-31.75,55.49,R
,409581,1431,0,834,0.30,-0.81,0.597,38.01,-46.42,58.97,R
,409601,1442,0,835,0.206,-0.764,0.518,47.70,-48.65,60.3,R
,409611,1431,0,095,0.23,-0.80,0.481,54.86,-52.76,59.04,R
,409621,1419,0,838,0.26,-0.845,0.485,62.50,-54.27,58.2,R
,409671,1243,0,095,0.29,-0.80,0.378,2.59,-55.52,44.52,R
,409681,1185,0,3827,0.253,-0.825,0.383,56.30,-60.05,38.8,R
,409691,1165,0,095,0.30,-0.80,0.329,2.07,-61.75,27.70,R
,409701,1164,0,833,0.314,-0.889,0.338,39.75,-67.43,27.1,R
,409721,1134,0,838,0.219,-0.924,0.424,27.02,-58.69,27.8,R
,409751,1107,0,095,0.21,-0.90,0.393,40.99,-33.70,43.00,R
,409761,1095,0,830,0.12,-0.87,0.476,34.45,-28.33,42.20,R
,409771,1136,0,095,0.14,-0.84,0.475,2.04,-28.89,42.46,R
,409801,1114,0,829,0.08,-0.79,0.518,14.09,-2.07,52.39,R
,409851,1066,0,4095,0.172,-0.765,0.413,5.80,-27.17,28.1,R
,409861,1077,0,831,0.39,-0.72,0.326,-10.59,-21.18,10.39,R
,409901,1091,0,841,0.16,-0.74,0.345,.64,-2737,18.89,R
,409911,1098,0,095,0.15,-0.72,0.346,.05,-20.33,19.20,R
,409921,1102,0,839,0.17,-0.72,0.319,.11,-15.47,17.71,R
,409931,1104,0,4048,0.171,-0.720,0.312,0.21,-1170,15.6,R
,409981,1151,0,841,0.16,-0.83,0.319,0.25,15.21,7.78,R
,410001,1082,0,839,0.17,-0.82,0.277,-7.78,29.79,3.84,R
,410011,1110,0,057,0.19,-0.84,0.286,-16.57,29.81,-1.96,R
,410021,1121,0,838,0.17,-0.864,0.289,-23.82,2.38,-1041,R
,410051,1161,0,083,0.10,-0.956,0.329,-28.37,20.44,-17.02,R
,410081,1219,0,837,0.23,-1.11,0.418,19.67,3.51,-1311,R
,410091,1217,0,064,0.30,-0.98,0.361,-29.82,45.66,-13.26,R
,410101,1224,0,831,0.20,-0.897,0.321,-33.18,60.73,-12.00,R
,410111,1072,0,051,0.16,-0.93,0.338,-27.85,69.52,-10.90,R
,410141,1149,0,3837,0.191,-0.930,0.385,-44.04,6.17,-2812,R
,410151,1166,0,048,0.18,-0.93,0.423,49.21,57.09,-29.51,R
,410171,1175,0,047,0.26,-0.946,0.422,47.78,4.86,-22.96,R
,410181,1186,0,847,0.27,-0.92,0.431,-44.95,41.05,-16.42,R
,410241,1200,0,846,0.38,-0.84,0.614,-31.52,42.28,-50.97,R
,410251,1187,0,965,0.38,-0.80,0.687,-46.80,39.73,-4855,R
,410311,1328,0,985,0.26,-0.88,1.355,-25.04,24.45,-2259,R
,410321,1328,0,850,0.21,-0.79,1.427,-6.23,25.24,-12.4,R
,410341,1328,0,856,0.326,-0.723,1.409,20.86,2245,-5.89,R
,410351,1328,0,048,0.37,-0.70,1.412,27.25,11.96,-11.8,R
,410361,1299,0,871,0.37,-0.58,1.151,4.38,4.92,-5.26,R
,410381,1278,0,862,0.45,-0.66,1.025,-3.94,-20.91,-8.33,R
,410391,1285,0,988,0.33,-0.64,0.917,-9.88,-30.10,-3.8,R
,410431,1290,0,007,0.30,-0.71,0.795,25.34,-37.14,5.73,R
,410461,1339,0,3877,0.349,-0.70,0.636,21.67,-42.27,14.81,R
,410501,1343,0,3872,0.273,-0.76,0.604,2.35,-41.87,24.98,R
,410541,1321,0,877,0.28,-0.86,0.516,1.32,-54.94,25.76,R
,410561,1313,0,3878,0.31,-0.84,0.334,7.40,-46.68,13.45,R
,410601,1299,0,879,0.19,-0.91,0.269,0.57,-4.98,21.1,R
,410651,1197,0,3925,0.27,-0.93,0.124,26.25,-23.93,10.31,R
,410691,1150,0,3904,-0.104,-1.200,0.099,21.09,-8.24,15.27,R
,410711,1072,0,3887,0.216,-1.045,0.087,-16.45,20.31,0.7,R
,410721,1007,0,3871,0.182,-1.071,0.197,-12.57,21.06,-9.84,R
,410741,1088,0,3881,0.160,-1.021,0.158,8.03,22.25,-13.3,R
,410791,1117,0,899,0.14,-0.94,0.123,-28.52,45.37,-36.64,R
,410821,1157,0,883,0.03,-0.93,0.193,-37.41,70.82,-44.74,R
,410831,1123,0,3868,0.15,-0.88,0.203,-27.68,7.76,-47.03,R
,410881,850,0,3873,0.061,-0.662,0.227,-18.91,66.34,-81.2,R
,410901,1109,0,3891,-0.018,-0.56,0.233,-24.16,59.28,-7.49,R
,410911,1173,0,856,-0.02,-0.52,0.285,-21.20,50.44,-77.25,R
,410931,1158,0,3856,0.099,-0.499,0.365,-8.31,3312,-76.7,R
,410941,1167,0,895,0.09,-0.43,0.434,7.32,34.0,-74.84,R
,410951,1254,0,3849,0.19,-0.36,0.436,16.94,47.29,-65.09,R
,410961,1227,0,856,0.01,-0.34,0.531,1.11,65.99,-56.29,R
,411011,1115,0,3832,0.044,-0.252,1.177,25.28,150.79,23.96,R
,411031,1063,0,3836,0.148,-0.45,1.480,25.58,90.28,18.86,R
,411081,1077,0,3903,0.493,-0.679,1.586,63.03,59.24,37.59,R
,411111,941,0,3824,0.660,-0.933,1.404,3.22,32.48,34.69,R
,411141,1055,0,888,0.58,-1.03,1.331,46.99,-9.08,25.30,R
,411171,1087,0,3855,0.509,-0.953,1.141,2.47,6.8,24.19,R
,411231,1047,0,3824,0.287,-0.809,1.023,7.17,-3.10,17.3,R
,411251,1051,0,809,0.21,-0.81,1.031,23.22,-37.24,17.30,R
,411291,1109,0,3824,0.142,-0.719,0.901,5.05,-46.63,15.81,R
,411351,1105,0,824,0.14,-0.59,0.615,33.74,-57.87,17.96,R
,411361,1153,0,3910,0.055,-0.653,0.593,32.16,-6.20,12.3,R
,411481,318,0,3919,0.085,-0.633,0.313,-4.31,1628,-3.4,R
,411561,901,0,3923,0.127,-0.628,0.502,1.67,63.0,1.33,R
,411571,918,0,3824,0.128,-0.621,0.528,1.77,70.2,-3.55,R
,411631,832,0,3795,0.159,-0.764,0.745,-9.75,1876,-40.2,R
,411661,827,0,3949,0.196,-0.725,0.712,320,60.4,-24.29,R
,411711,1015,0,803,0.11,-0.56,0.726,-4.33,59.99,-38.51,R
,411721,1045,0,947,0.24,-0.61,0.703,-17.04,41.14,-42.38,R
,411731,1156,0,805,0.38,-0.60,0.686,-22.95,26.70,-47.11,R
,411761,1283,0,3934,0.432,-0.57,0.767,-17.58,41.75,-46.29,R
,411781,1283,0,938,0.34,-0.52,0.930,-15.81,71.11,-42.27,R
,411801,1350,0,3899,0.188,-0.560,1.222,22.91,7.46,-2743,R
,411821,1163,0,934,0.20,-0.36,1.559,-45.87,48.15,-30.04,R
,411831,1212,0,3802,0.25,-0.458,1.706,-44.62,3.77,-2474,R
,411861,1168,0,3954,0.118,-0.417,1.848,20.48,1.45,-8.88,R
,411871,1179,0,3804,0.168,-0.427,1.823,14.20,7.49,-1.19,R
,411881,1179,0,951,0.22,-0.45,1.811,-8.20,-6.28,-0.87,R
,411911,1068,0,3797,0.337,-0.54,1.407,1.44,-3.60,-5.4,R
,411921,1068,0,3979,0.32,-0.54,1.330,13.12,-43.93,-1.90,R
,411931,1136,0,801,0.28,-0.50,1.273,29.31,-38.30,5.23,R
,411941,1162,0,001,0.28,-0.48,1.189,36.67,-27.11,11.76,R
,411951,1165,0,805,0.20,-0.48,1.109,36.73,-2.50,15.6,R
,411971,1155,0,808,0.20,-0.47,1.003,22.83,-33.18,19.53,R
,411991,1061,0,803,0.20,-0.48,0.981,3.77,-47.44,21.21,R
,412011,1075,0,3817,0.175,-0.539,0.961,4.65,-5.57,27.23,R
,412021,1067,0,3978,0.152,-0.567,0.974,-9.91,-52.86,30.00,R
,412071,1003,0,3806,0.18,-0.65,0.885,28.39,-56.72,29.32,R
,412081,1066,0,018,0.12,-0.66,0.869,36.82,-55.92,29.45,R
,412101,1106,0,4006,0.163,-0.665,0.772,3.66,-6.91,22.7,R
,412111,1053,0,794,0.11,-0.68,0.726,1.03,-6.05,19.6,R
,412121,1087,0,011,0.18,-0.67,0.650,37.67,-60.71,16.98,R
,412151,1120,0,3806,0.14,-0.67,0.450,41.96,-43.52,16.14,R
,412191,1083,0,819,0.14,-0.67,0.242,33.46,-26.27,8.80,R
,412221,1103,0,967,0.18,-0.71,0.170,1.73,-831,-4.4,R
,412231,1063,0,814,0.28,-0.74,0.123,-18.69,-4.30,-8.80,R
,412241,1120,0,006,0.22,-0.77,0.162,-28.88,2.74,-14.68,R
,412271,823,0,323,0.157,-0.821,0.302,-15.96,21.37,-17.00,R
,412311,880,0,3810,0.117,-0.755,0.440,-6.43,6608,-36.70,R
,412351,949,0,3804,0.139,-0.838,0.556,-3.35,32.50,-70.03,R
,412441,1082,0,998,0.09,-0.45,0.512,-15.85,68.91,-88.88,R
,412481,1347,0,3998,0.014,-0.082,0.477,2.07,47.05,-87.6,R
,412501,1347,0,978,-0.08,0.19,0.665,-6.22,87.53,-53.8,R
,412521,1296,0,984,-0.94,0.20,1.014,-12.62,120.07,-17.89,R
,412541,1195,0,984,-0.22,0.11,1.382,-13.58,17.52,3113,R
,412551,1104,0,807,-0.79,0.08,1.540,1.06,102.08,53.71,R
,412561,1087,0,987,-0.66,0.02,1.643,1.49,96.89,62.23,R
,412581,1054,0,983,0.18,-0.13,1.811,21.87,8441,75.0,R
,412651,1059,0,809,0.56,-0.68,1.544,6.50,2900,56.9,R
,412661,1084,0,4001,0.516,-0.735,1.459,8.07,25.81,54.00,R
,412671,1046,0,811,0.47,-0.76,1.371,4.18,1992,47.94,R
,412691,1141,0,3793,0.438,-0.806,1.323,50.88,-4.30,38.54,R
,412701,1119,0,4029,0.46,-0.823,1.334,55.26,-14.50,35.27,R
,412721,1155,0,034,0.399,-0.766,1.333,56.71,-21.99,29.85,R
,412731,1220,0,808,0.34,-0.78,1.261,1.48,-21.00,28.58,R
,412751,1296,0,3795,0.239,-0.699,1.224,42.41,-20.45,30.37,R
,412771,1309,0,807,0.29,-0.68,1.221,41.31,-26.48,29.4,R
,412871,1255,0,793,-0.09,-0.52,0.852,50.67,-4.77,2529,R
,412921,1036,0,095,0.06,-0.45,0.396,0.10,-6.54,18.4,R
,413001,851,0,3983,0.11,-0.590,0.501,-31.64,-7.99,9.24,R
,413021,886,0,4095,0.110,-0.571,0.490,-5.07,2.50,12.55,
,413111,1071,0,799,0.18,-0.61,0.783,-37.43,19.03,-11.54,R
,413141,1067,0,095,0.07,-0.556,0.722,-26.25,23.73,-23.03,R
,413191,1216,0,808,0.11,-0.55,0.776,54.19,2.52,-1622,R
,413221,1170,0,086,0.20,-0.63,0.756,53.33,-0.57,-3027,R
,413251,1200,0,803,0.27,-0.57,0.599,36.17,-7.72,-24.42,R
,413321,1223,0,095,0.04,-0.528,1.224,-69.14,33.78,-5.57,R
,413351,1152,0,806,0.09,-0.56,1.740,-36.20,25.05,8.4,R
,413381,1098,0,018,0.01,-0.58,1.807,0.25,-921,-3.1,R
,413441,1072,0,095,0.22,-0.51,1.167,6.80,-2.50,7.2,R
,413461,1143,0,095,0.14,-0.50,1.062,4.39,-30.68,6.5,R
,413481,1146,0,095,0.17,-0.50,0.965,30.53,-35.08,12.66,R
,413491,1150,0,803,0.17,-0.48,0.943,23.80,-38.02,15.79,R
,413541,1245,0,095,0.00,-0.57,0.951,10.19,-45.67,27.5,R
,413551,1263,0,797,0.02,-0.60,0.957,14.76,-46.36,29.8,R
,413571,1290,0,806,0.00,-0.61,0.965,26.01,-48.51,30.3,R
,413591,1292,0,792,0.03,-0.638,0.880,34.32,-51.18,29.61,R
,413621,1349,0,4095,0.046,-0.640,0.776,37.74,-52.28,30.04,R
,413631,1350,0,3799,0.052,-0.641,0.743,36.77,-55.21,26.7,R
,413661,1263,0,4095,0.015,-0.814,0.602,54.59,-67.75,19.65,R
,413681,1249,0,095,0.15,-0.69,0.411,1.14,-5.52,13.7,R
,413741,1043,0,4095,0.220,-0.802,0.185,-14.77,2.37,6.9,R
,413781,751,0,495,0.12,-0.887,0.367,-29.15,33.86,-18.74,R
,413821,791,0,4095,0.025,-0.778,0.448,-39.52,3926,-49.2,R
,413911,1021,0,800,-0.51,-0.570,0.520,-43.79,55.06,-9.16,R
,413921,1022,0,095,-0.02,-0.538,0.482,-38.14,46.60,-9.36,R
,413961,1057,0,095,-0.73,-0.266,0.525,6.25,51.78,-82.00,R
,414001,1056,0,4095,-0.281,0.048,0.694,-1.44,108.02,-37.96,R
,414041,927,0,4095,-0.268,0.084,1.359,-10.14,10.52,44.68,R
,414111,1076,0,802,0.48,-0.558,1.772,47.09,71.02,65.0,R
,414121,1136,0,4095,0.472,-0.61,1.753,48.18,63.57,62.6,R
,414161,1141,0,095,0.56,-0.864,1.521,46.36,12.33,28.71,R
,414171,1179,0,3803,0.502,-0.85,1.505,56.67,-0.08,23.03,R
,414181,1193,0,095,0.46,-0.82,1.466,67.81,-0.34,19.3,R
,414191,1200,0,3803,0.410,-0.780,1.381,69.66,3.3,17.29,!5
,414221,1200,0,4095,0.33,-0.730,1.277,50.79,-761,12.2,R
,414261,1177,0,4095,0.138,-0.646,1.181,31.35,-3.85,-1.67,R
,414271,1136,0,807,0.072,-0.608,1.166,9.08,-4.49,-4.74,R
,414281,1118,0,095,0.04,-0.57,1.181,31.60,-48.24,-3.5,R
,414291,1049,0,809,-0.12,-0.50,1.165,33.25,-48.86,-160,R
,414321,1129,0,095,-0.75,-0.520,1.068,34.80,-46.24,3.33,R
,414341,1017,0,095,-0.38,-0.495,0.967,27.31,-49.41,1.01,R
,414381,954,0,4095,-0.164,-0.529,0.761,5.32,-6.79,2.22,R
,414391,977,0,3808,-0.026,-0.341,0.629,8.67,-59.50,9.2,R
,414451,942,0,301,0.01,-0.439,0.300,10.39,-2593,-6.35,R
,414461,931,0,4095,-0.015,-0.463,0.327,.93,-2137,-8.41,R
,414471,951,0,3809,-0.001,-0.494,0.283,16.23,-5.59,-6.48,R
,414481,941,0,4095,0.056,-0.500,0.354,-15.97,-1.61,-16.59,R
,414491,871,0,3809,0.038,-0.529,0.358,-22.60,-411,-21.03,R
,414581,753,0,495,0.071,-0.437,0.680,-1.58,2027,-33.86,R
,414591,784,0,306,0.02,-0.466,0.736,-24.55,2083,-38.77,R
,414631,907,0,309,0.06,-0.497,0.859,-44.98,3254,-19.98,R
,414671,1168,0,3814,0.031,-0.478,0.926,11.14,5.33,-16.44,R
,414681,1127,0,4095,0.057,-0.465,0.930,-10.40,35.05,-2204,R
,414731,1109,0,3813,0.151,-0.49,0.898,-28.19,-8.25,-3196,R
,414781,1139,0,4095,0.303,-0.45,0.781,16.95,37.14,-2051,R
,414811,1219,0,819,0.21,-0.397,0.891,-25.72,4.25,-38.4,R
,414881,1202,0,095,-0.30,-0.398,1.695,-2.95,2.08,2.0,R
,414891,1200,0,3809,0.014,-0.337,1.751,.90,7.1,-7.06,R
,414941,1217,0,081,0.05,-0.312,1.409,3.78,-12.30,11.2,R
,414951,1221,0,817,0.05,-0.346,1.322,11.43,-22.16,9.9,R
,414971,1214,0,3811,0.00,-0.322,1.168,27.86,-25.47,16.2,R
,414981,1216,0,4095,0.112,-0.34,1.143,7.72,-2.11,17.61,R
,414991,1205,0,805,0.01,-0.336,1.094,23.96,-24.51,19.1,R
,415001,1209,0,095,0.16,-0.356,1.078,20.07,-25.64,21.6,R
,415011,1209,0,3813,0.108,-0.367,1.071,7.60,-2.73,24.13,R
,415021,1232,0,4095,0.103,-0.392,1.088,5.26,-2.39,27.30,R
,415031,1235,0,3809,0.067,-0.390,1.079,5.58,-22.18,30.46,R
,415141,1209,0,4095,0.041,-0.434,0.969,20.56,-21.40,32.9,R
,415171,1246,0,3813,0.042,-0.487,0.979,0.64,-2.94,32.3,R
,415291,1243,0,3810,0.027,-0.44,0.989,7.40,-34.45,28.60,R
,415351,1200,0,3820,0.085,-0.37,0.893,4.06,-36.39,32.60,R
,415371,1170,0,3819,0.101,-0.34,0.883,6.09,-37.53,30.71,R
,415601,543,0,4095,0.146,-0.404,0.730,-16.39,9.28,-19.5,R
,415841,1059,0,4095,0.117,-0.34,0.884,27.97,5.90,-2464,R
,415871,1114,0,3816,0.087,-0.383,0.898,-45.10,41.21,-33.58,R
,415911,1010,0,3821,0.131,-0.38,0.844,-31.12,23.95,-3836,R
,415941,1040,0,4082,0.224,-0.37,0.825,32.14,27.79,-23.52,R
,415961,1078,0,095,0.24,-0.33,0.781,17.29,3.92,-2479,R
,416001,1127,0,4095,0.084,-0.34,1.014,-45.14,49.47,-18.30,R
,416051,1116,0,3822,-0.025,-0.49,1.687,-25.26,41.31,4.40,R
,416071,1093,0,3819,-0.042,-0.376,1.759,-13.49,37.31,6.33,R
,416081,1057,0,4095,-0.035,-0.393,1.765,-6.02,22.73,8.62,R
,416181,1041,0,095,0.08,-0.344,1.155,14.16,-3.13,20.4,R
,416211,1035,0,824,0.06,-0.36,1.087,3.92,-3.25,25.9,R
,416331,979,0,3827,-0.031,-0.44,1.020,7.43,-49.90,18.8,R
,416401,1159,0,4095,-0.036,-0.436,0.444,62.74,-40.97,2604,R
,416441,1217,0,4095,0.101,-0.44,0.249,20.25,-5.40,23.3,R
,416471,1168,0,3827,0.07,-0.54,0.386,18.05,1.56,-6.4,R
,416501,1095,0,4095,-0.003,-0.507,0.520,-11.67,16.86,-812,R
,416531,1133,0,831,-0.13,-0.497,0.685,-30.49,38.04,-7.22,R
,416551,1216,0,3826,0.006,-0.494,0.786,-28.33,42.57,-7.0,R
,416561,1206,0,071,0.01,-0.496,0.824,-23.46,42.27,-14.09,R
,416571,1233,0,824,0.08,-0.46,0.818,24.46,44.18,-2525,R
,416651,1242,0,830,0.02,-0.472,0.905,-19.27,32.02,-3094,R
,416661,1269,0,4035,0.072,-0.487,0.900,-12.55,36.70,-3444,R
,416731,1328,0,833,-0.002,-0.465,0.856,-30.28,24.37,-2.32,R
,416761,1391,0,4054,0.16,-0.40,0.815,9.09,29.82,-34.4,R
,416781,1369,0,4087,0.156,-0.306,0.917,-29.39,28.91,-52.99,R
,416911,1209,0,3828,0.06,-0.29,1.361,6.36,-2.46,-6.8,R
,416921,1200,0,4078,0.05,-0.31,1.304,15.90,-30.11,-4.4,R
,416951,1181,0,3831,0.09,-0.328,1.117,22.39,-19.38,13.0,R
,416971,1190,0,3853,0.073,-0.349,1.074,6.62,-2.55,18.9,R
,417021,1277,0,080,0.060,-0.373,1.072,17.87,-27.43,34.51,R
,417081,1221,0,4080,-0.047,-0.389,1.093,16.86,-37.24,34.95,R
,417121,1305,0,095,-0.93,-0.441,1.078,29.05,-52.42,3011,R
,417131,1315,0,3843,-0.106,-0.445,1.055,34.65,-50.83,3106,R
,417191,1213,0,840,-0.79,-0.437,0.622,50.96,-51.11,2069,R
,417221,1205,0,4079,0.034,-0.437,0.385,38.68,-45.82,18.63,R
,417321,1156,0,4012,0.04,-0.497,0.633,-6.33,29.37,1.52,R
,417351,1237,0,3839,-0.032,-0.487,0.789,-9.09,34.24,-9.2,R
,417361,1265,0,018,-0.23,-0.479,0.795,-11.14,32.41,-13.60,R
,417451,1330,0,3839,0.031,-0.476,0.928,23.67,3.89,-31.93,R
,417501,1296,0,3975,0.094,-0.469,0.888,-35.32,33.90,-2276,R
,417551,1392,0,3855,0.187,-0.361,0.729,-25.03,9.78,-34.64,R
,417561,1392,0,3966,0.196,-0.316,0.819,-38.14,1.69,-32.32,R
,417681,1215,0,3913,0.107,-0.323,1.471,.64,-2967,-0.38,R
,418031,694,0,3870,0.049,-0.619,0.450,4.64,-0.8,10.42,R
,418171,871,0,3885,0.047,-0.574,0.893,-30.60,40.07,-23.5,R
,418191,863,0,3861,0.028,-0.494,0.862,-37.52,29.26,-28.5,R
,418231,1011,0,3875,0.094,-0.50,0.918,33.06,29.52,-26.41,R
,418241,1084,0,3847,0.102,-0.47,0.941,28.43,2.63,-31.95,R
,418251,1095,0,3877,0.071,-0.44,0.968,-22.68,23.53,-3705,R
,418421,971,0,3824,-0.064,-0.59,1.227,4.36,53.05,-21.4,R
,418481,927,0,333,-0.35,-0.223,1.755,1.67,3850,-0.25,R
,418501,990,0,342,-0.34,-0.100,1.758,5.28,3.76,1.06,
,418511,1041,0,3890,-0.30,-0.073,1.738,109.52,2.59,7.8,R
,418711,1054,0,3905,-0.012,-0.10,0.532,119.38,88.66,10.18,R
,418811,873,0,310,-0.49,0.245,0.783,3.74,82.48,-16.0,R
,419001,565,0,3806,-0.697,0.540,0.649,26.74,44.5,-21.3,R
,419131,0,0,3946,-0.580,0.480,0.609,-3.78,17.06,4.83,R
,419281,915,0,3808,-0.709,0.552,0.608,-15.73,-3.79,-2505,R
,419311,1200,0,3945,-0.596,0.476,0.719,-17.50,-8.11,-2.25,R
,419421,1333,0,3806,-0.640,0.40,0.677,29.61,28.39,-5.55,R
,419631,1360,0,3971,-0.59,0.56,0.489,12.91,3.53,-24.68,R
,419671,1303,0,3973,-0.677,0.396,0.650,1.31,-1.27,-4082,R
,419771,1525,0,001,-0.04,0.547,0.486,5.87,42.65,4.11,R
,419821,1535,0,806,-0.77,0.483,0.416,-25.14,-17.37,4.62,R
,419841,1602,0,3817,-0.22,0.34,0.493,-15.76,-10.89,5.1,R
,419861,1623,0,3809,-0.02,0.39,0.619,-1.94,23.58,13.42,R
,420041,1734,0,3806,-0.519,0.467,0.897,125.23,-67.63,79.04,R
,420181,1279,0,3801,-0.333,0.113,1.168,-162.80,82.21,-.82,R
,420321,1456,0,3795,-0.406,0.039,0.897,82.02,-5.26,-1.00,R
,420531,1369,0,4095,-0.167,-0.25,0.842,-14.02,4.21,31.38,R
,420771,943,0,4095,-0.139,-0.206,0.962,36.25,8.7,2.77,R
,420961,911,0,3797,-0.177,-0.229,0.852,11.81,-.47,-36.71,R
,420991,911,0,4095,-0.178,-0.27,0.805,-3.53,10.95,-34.9,R
,421061,886,0,3799,-0.183,-0.26,0.852,-10.55,16.24,-4366,R
,421071,877,0,4031,-0.186,-0.272,0.868,15.50,11.40,-4705,R
,421081,882,0,3796,-0.198,-0.292,0.867,18.17,8.68,-49.2,R
,421431,702,0,4095,-0.038,-0.33,1.383,3.46,-2.46,19.94,R
,421461,586,0,3803,-0.043,-0.27,1.192,4.61,-26.45,23.06,R
,421501,688,0,3798,-0.077,-0.263,1.096,-2.83,-42.76,22.8,R
,421671,694,0,495,-0.16,-0.38,0.577,26.09,-58.16,27.7,R
,421681,672,0,3800,-0.055,-0.41,0.510,23.93,-45.59,26.7,R
,421701,677,0,3812,-0.035,-0.43,0.402,7.19,-18.91,23.97,R
,421801,832,0,307,-0.15,-0.318,0.500,-12.08,2.63,-8.59,R
,421841,859,0,3810,-0.112,-0.405,0.732,-28.65,39.72,-1969,R
,421901,816,0,302,-0.04,-0.396,0.874,24.37,33.58,-4416,R
,421951,705,0,4095,-0.05,-0.455,0.955,21.27,21.64,-55.03,R
,422061,432,0,3811,-0.160,-0.338,1.503,-34.88,49.12,-1453,R
,422231,602,0,4095,-0.05,-0.316,1.198,19.00,-40.65,25.0,R
,422241,592,0,321,-0.04,-0.323,1.232,0.86,-43.18,26.6,R
,422311,686,0,4095,-0.095,-0.345,0.992,33.72,-6.31,20.14,R
,422361,765,0,397,-0.15,-0.465,0.742,0.56,-76.48,7.73,R
,422531,659,0,495,-0.05,-0.34,0.658,-17.84,58.88,-4.8,R
,422551,666,0,4095,-0.084,-0.357,0.760,-17.75,4.12,-13.03,R
,422591,605,0,4095,-0.062,-0.385,0.845,7.23,2697,-25.54,R
,422771,791,0,4095,0.044,-0.316,1.174,-40.04,28.11,-30.47,R
,422881,703,0,3812,0.110,-0.370,1.466,-12.80,-23.96,10.0,R
,422921,713,0,398,0.19,-0.492,1.370,-8.69,-3.63,0.05,R
,422991,672,0,4095,-0.024,-0.348,1.253,-2.28,-68.68,17.71,R
,423021,669,0,3814,0.060,-0.389,1.166,-22.75,-85.29,21.23,R
,423141,754,0,3814,-0.026,-0.352,0.407,.45,-5582,10.7,R
,423191,679,0,4095,0.111,-0.410,0.093,-3.91,-5.91,-1151,R
,423201,624,0,3807,0.231,-0.379,0.080,-42.98,-44.28,-17.69,R
,423211,636,0,4095,0.055,-0.465,0.153,-32.17,-3.32,-1401,R
,423231,670,0,4095,0.139,-0.470,0.107,-28.95,-15.44,-16.94,R
,423441,684,0,3818,0.231,-0.697,0.776,-28.62,12.15,-18.79,R
,423501,624,0,3822,0.295,-0.585,0.929,-2.59,2199,-19.8,R
,423601,495,0,3819,0.231,-0.425,1.523,18.93,7.58,8.39,R
,423751,477,0,4095,0.196,-0.573,1.004,18.70,-2335,41.32,R
,423761,477,0,317,0.179,-0.589,1.004,15.34,-24.42,40.55,R
,423771,479,0,4095,0.166,-0.611,0.991,1.90,-29.05,37.79,R
,423781,475,0,3823,0.141,-0.613,0.962,9.90,-33.43,38.54,R
,423831,589,0,4095,0.051,-0.632,0.851,17.75,-37.89,31.09,R
,423911,630,0,4095,0.189,-0.571,0.244,4.07,-38.89,16.23,R
,423921,711,0,3824,0.155,-0.571,0.166,34.06,-3224,19.8,R
,423991,729,0,4095,0.229,-0.799,0.415,-28.26,-9.84,-26.0,R
,424021,689,0,328,0.210,-0.758,0.402,-2.55,2.30,-9.71,R
,424131,784,0,4095,0.162,-0.628,0.702,-6.20,24.85,-40.85,R
,424141,785,0,3826,0.222,-0.658,0.723,-16.23,2921,-38.1,R
,424151,666,0,4095,0.196,-0.595,0.692,-17.53,3821,-34.5,R
,424211,640,0,4075,0.183,-0.617,0.809,-31.41,3427,-31.1,R
,424311,617,0,490,0.307,-0.464,1.034,-27.96,2097,-42.4,R
,424361,634,0,339,0.133,-0.496,1.698,-12.23,13.34,-7.35,R
,424481,628,0,334,0.249,-0.547,1.009,23.60,-3480,16.0,R
,424571,651,0,4095,0.275,-0.808,1.005,1.48,-4463,25.5,R
,424621,642,0,341,0.295,-0.820,0.751,882,-52.02,9.78,R
,424631,635,0,475,0.345,-0.790,0.657,2.44,-46.85,5.44,
,424651,621,0,467,0.276,-0.790,0.576,-.86,-41.23,-2.35,R
,424911,577,0,4010,0.26,-0.577,0.581,-21.43,2708,-2.9,R
,424991,605,0,3985,0.485,-0.618,0.489,-8.07,2.7,-20.7,R
,425241,655,0,3856,0.488,-0.587,0.845,26.22,-2202,19.7,R
,425291,661,0,3939,0.44,-0.628,0.816,23.08,-17.47,31.27,R
,425461,683,0,3911,0.29,-0.720,0.347,33.48,-52.02,11.81,R
,425471,627,0,3914,0.338,-0.709,0.279,31.81,-5150,10.4,R
,425581703,0,3brbjrbrbrbrbrªbR425591705,0,355,0.313,-0.6640.406,-.19,41.31,2.10,R
,425631,730,0,3861,0.294,-0.773,0.593,-32.78,2419,-6.2,R
,425681,795,0,3888,0.399,-0.723,0.606,-5.49,35.4,-17.4,R
,425761,926,0,3878,0.355,-0.706,0.699,-24.60,6.2,-27.6,R
,425791,930,0,3831,0.486,-0.642,0.608,-20.94,1111,-31.00,R
,425861,918,0,3886,0.532,-0.477,0.699,-29.26,-17.63,-56.13,R
,425891,976,0,3839,0.44,-0.574,0.891,-26.23,1.29,-39.81,R
,425921,928,0,3886,0.354,-0.550,1.279,-29.23,27.72,-5.05,R
,426241,880,0,3908,0.377,-0.595,0.731,28.39,-15.67,46.5,R
,426291,881,0,313,0.437,-0.706,0.706,17.31,-35.29,35.07,R
,426401,912,0,3897,0.325,-0.758,0.732,6.07,-36.42,39.73,R
,426421,893,0,3943,0.363,-0.806,0.713,10.25,-2840,42.0,R
,426521,853,0,3958,0.396,-0.849,0.449,-34.59,-4.01,-3.5,R
,426561,807,0,3952,0.363,-0.859,0.334,-54.33,-48.56,-26.59,R
,426581,800,0,361,0.413,-0.794,0.258,-66.05,-3.87,-3021,R
,426621,738,0,3971,0.305,-0.801,0.393,-56.95,-28.92,-43.87,R
,426671,656,0,397,0.265,-0.676,0.349,-61.09,6.2,-25.4,R
,426691,674,0,3799,0.278,-0.686,0.360,-53.62,4.25,-23.42,R
,426721,757,0,3985,0.336,-0.665,0.367,-39.38,1.40,-24.1,R
,426821,917,0,3991,0.410,-0.688,0.407,-19.15,24.80,-15.5,R
,426861,932,0,3984,0.439,-0.718,0.395,-21.55,2268,-13.3,R
,426871,919,0,3808,0.437,-0.734,0.399,-17.76,2589,-13.38,R
,426891,924,0,3795,0.469,-0.729,0.416,-8.92,29.44,-15.51,R
,426941,925,0,3989,0.466,-0.737,0.405,-28.25,2244,-17.3,R
,426951,922,0,3803,0.509,-0.767,0.419,-25.90,20.21,-18.84,R
,426961,917,0,3985,0.497,-0.755,0.444,-21.97,18.63,-19.84,R
,426991,871,0,3786,0.532,-0.740,0.437,-13.21,1515,-27.1,R
,427041,933,0,3994,0.583,-0.747,0.481,-35.00,-0.88,-28.70,R
,427101,969,0,4002,0.579,-0.684,0.842,-7.47,31.3,-12.5,R
,427341,898,0,4001,0.548,-0.696,0.554,26.33,-1471,18.6,R
,427371,900,0,3811,0.494,-0.688,0.564,16.64,-26.11,20.2,R
,427401,896,0,4011,0.492,-0.708,0.608,1.97,-28.33,23.5,R
,427421,897,0,3997,0.457,-0.713,0.623,21.09,-2532,28.2,R
,427471,964,0,309,0.450,-0.716,0.575,25.32,-25.01,33.44,R
,427611,976,0,3806,0.318,-0.841,0.347,33.92,-24.68,22.77,R
,427651,975,0,301,0.376,-0.828,0.191,36.68,-3598,14.2,R
,427671,908,0,3800,0.376,-0.782,0.099,22.42,-3153,12.3,R
,427711,863,0,302,0.430,-0.810,0.100,-0.57,-2479,4.92,!5
,427761,861,0,449,0.378,-0.843,0.272,-1.49,-0.62,-9.7,R
,427811,1018,0,3789,0.375,-0.822,0.313,-16.20,34.34,-2.8,R
,427831,1018,0,3798,0.388,-0.823,0.367,18.17,2.58,-1279,R
,427881,1039,0,063,0.445,-0.850,0.401,-20.95,26.21,-10.99,R
,427941,1035,0,4077,0.404,-0.779,0.465,-20.97,3.22,-1586,R
,427961,987,0,4065,0.409,-0.813,0.490,-28.89,2857,-19.5,R
,428091,1034,0,792,0.514,-0.862,0.414,-37.76,-0.19,-44.01,R
,428101,1014,0,095,0.521,-0.870,0.405,-39.64,-3.69,-4700,R
,428191,995,0,392,0.548,-0.853,0.365,-46.52,-1.96,-5954,R
,428281,976,0,495,0.545,-0.631,0.669,-5.58,73.26,-42.4,R
,428751,669,0,3795,0.241,-0.815,0.320,0.18,-17.03,22.42,R
,428771,699,0,398,0.246,-0.836,0.360,-10.37,-22.82,15.5,R
,428801,759,0,4095,0.271,-0.857,0.330,-10.13,-28.07,5.1,R
,429001,967,0,4095,0.36,-0.884,0.367,-42.33,3141,-28.0,R
,429041,989,0,4095,0.37,-0.769,0.348,-29.59,48.16,-15.0,R
,429051,1008,0,799,0.39,-0.791,0.398,-31.17,42.21,-20.25,R
,429091,1086,0,3798,0.53,-0.887,0.445,-52.91,-2.42,-39.14,R
,429141,1079,0,4095,0.48,-0.732,0.710,-16.13,4.87,-2841,R
,429171,1039,0,3796,0.480,-0.547,1.066,-36.04,4.58,-5.1,R
,429291,1040,0,3799,0.412,-0.705,0.939,-1.88,-6.85,-1.4,R
,429321,1050,0,4095,0.407,-0.724,0.784,24.04,-5.52,7.7,R
,429331,1013,0,807,0.37,-0.70,0.745,9.00,-4.17,16.5,R
,429471,1020,0,798,0.22,-0.871,0.417,33.37,-4.73,34.4,R
,429491,960,0,3809,0.291,-0.882,0.349,36.94,-5282,25.4,R
,429511,1002,0,811,0.314,-0.865,0.223,33.28,-6.30,15.1,R
,429521,1015,0,095,0.263,-0.91,0.179,8.85,-6.13,12.9,R
,429621,863,0,4095,0.325,-0.990,0.110,-27.62,1254,-18.2,R
,429691,1039,0,807,0.288,-0.918,0.182,-36.94,5.18,-2632,R
,429751,943,0,3794,0.266,-0.862,0.202,-54.17,3802,-60.6,R
,429791,929,0,307,0.195,-0.797,0.205,-46.69,4906,-76.1,R
,430181,982,0,4095,0.274,-0.816,0.921,49.05,-18.88,19.7,R
,430291,914,0,301,0.155,-0.629,0.421,32.30,-5633,17.1,R
,430381,862,0,4095,0.193,-0.726,0.202,-20.80,1.0,7.91,
,430431,960,0,315,0.177,-0.697,0.353,-9.38,34.0,6.63,
,430451,1040,0,811,0.168,-0.703,0.429,-19.44,4.53,10.7,R
,430471,1008,0,808,0.164,-0.732,0.513,-25.94,4.82,2.3,R
,430501,1040,0,095,0.139,-0.725,0.609,-13.04,35.92,-1164,R
,430531,1118,0,811,0.160,-0.707,0.669,26.86,47.06,-16.38,R
,430561,1129,0,4095,0.211,-0.784,0.716,-29.90,4.42,-1465,R
,430581,1061,0,095,0.143,-0.798,0.712,-15.29,4.47,-1251,R
,430591,1061,0,3815,0.197,-0.74,0.698,10.45,50.95,-14.41,R
,430601,1056,0,4095,0.242,-0.73,0.670,7.61,47.89,-18.59,R
,430721,1109,0,4095,0.198,-0.631,1.433,-12.74,2.78,-1783,R
,430801,1040,0,4095,0.334,-0.544,1.099,-0.77,-17.72,8.66,R
,430851,993,0,3819,0.302,-0.598,0.903,2.22,-2818,18.7,R
,430861,998,0,4095,0.302,-0.576,0.875,17.14,-3072,22.1,R
,431041,970,0,4095,0.135,-0.755,0.419,25.72,-3544,18.4,R
,431051,969,0,3824,0.135,-0.767,0.373,18.09,-3734,16.4,R
,431181,1083,0,095,0.145,-0.839,0.327,-29.01,38.19,-2946,R
,431201,1106,0,095,0.111,-0.840,0.385,-51.00,2.02,-3783,R
,431311,1125,0,3824,0.098,-0.534,0.373,-5.67,60.13,-61.32,R
,431321,1123,0,095,0.121,-0.465,0.373,4.53,63.2,-62.0,R
,431331,1107,0,3810,0.13,-0.37,0.364,7.22,64.37,-64.38,R
,431341,1107,0,4095,0.108,-0.309,0.377,9.54,64.5,-65.2,R
,431361,1109,0,095,0.005,-0.191,0.469,7.67,71.2,-52.3,R
,431381,1104,0,4095,-0.042,-0.052,0.596,1.51,8886,-25.0,R
,431711,937,0,3826,-0.09,-0.65,1.062,22.01,-64.83,12.83,R
,431731,954,0,3824,-0.09,-0.62,0.961,1.28,-6.38,21.6,R
,431891,985,0,3838,0.13,-0.602,0.282,-8.30,6.2,-1.00,
,431931,1078,0,3831,0.10,-0.53,0.427,10.83,3.69,-3.4,R
,431991,1095,0,3827,-0.13,-0.537,0.755,-25.64,56.76,-12.45,R
,432001,1123,0,4095,0.09,-0.609,0.814,-17.75,48.70,-1361,R
,432121,1101,0,049,0.212,-0.633,0.774,-28.30,17.29,-35.13,R
,432361,1104,0,055,0.23,-0.48,1.068,7.58,-3.89,-2.6,R
,432371,1117,0,3843,0.12,-0.45,1.054,4.38,-3.66,2.2,R
,432391,1136,0,3827,0.15,-0.44,0.987,3.02,-2.97,11.2,R
,432481,993,0,4067,0.093,-0.499,0.967,21.69,-36.60,21.27,R
,432521,950,0,425,0.03,-0.519,0.946,23.03,-58.83,14.0,R
,432581,873,0,4033,0.137,-0.562,0.609,39.20,-4689,15.1,R
,432591,773,0,3840,0.140,-0.555,0.549,3.54,-4036,17.7,R
,432661,739,0,3970,0.164,-0.619,0.419,1.79,9.8,6.02,R
,432801,850,0,3915,0.115,-0.542,0.769,-8.31,40.3,-11.0,R
,432821,869,0,3915,0.118,-0.562,0.805,-6.46,2259,-19.5,R
,432881,914,0,3861,0.164,-0.521,0.771,-6.68,4567,-11.8,R
,432901,976,0,368,0.167,-0.518,0.769,-8.10,4004,-13.0,R
,432921,1021,0,3869,0.250,-0.533,0.722,28.75,1.76,-2445,R
,432981,1051,0,856,0.362,-0.521,0.763,-29.55,42.73,-2499,R
,433001,1047,0,3871,0.270,-0.535,0.963,39.35,5.87,-2635,R
,433051,1008,0,871,0.03,-0.501,1.571,-27.72,1.65,-1361,R
,433121,1053,0,847,0.208,-0.409,1.280,11.70,-2.16,-0.7,R
,433321,995,0,3845,0.089,-0.553,0.960,2.72,-3830,28.0,R
,433351,898,0,3882,0.070,-0.568,0.828,4.94,-4810,21.1,R
,433391,834,0,3891,0.130,-0.574,0.571,3.67,-4592,19.7,R
,433411,722,0,3901,0.215,-0.599,0.464,2.93,-3356,19.7,R
,433581,871,0,3809,0.101,-0.581,0.757,-2.20,3341,-19.3,R
,433631,969,0,3926,0.104,-0.553,0.803,-9.78,4126,-13.78,R
,433701,949,0,3809,0.226,-0.579,0.788,-9.84,3427,-24.5,R
,433711,973,0,3909,0.251,-0.575,0.767,-2.39,3286,-24.2,R
,434011,1058,0,3990,0.061,-0.458,1.025,4.73,-4.35,18.1,R
,434181,755,0,3798,0.102,-0.531,0.431,5.43,18.5,38.36,!5
,434401,1138,0,805,0.03,-0.507,0.923,-28.51,57.99,-5537,R
,434541,1169,0,3805,0.037,-0.365,1.568,41.30,5.25,-8.6,R
,434581,931,0,3806,-0.102,-0.294,1.849,9.76,22.19,-4.90,R
,434781,984,0,3805,-0.069,-0.369,1.091,18.48,-3.24,39.1,R
,434931,786,0,4065,0.015,-0.475,0.413,1.76,-2818,18.6,R
,435021,829,0,394,-0.05,-0.469,0.601,17.97,3.84,-2.1,R
,435051,817,0,430,-0.06,-0.48,0.722,31.27,3.18,-1665,R
,435121,806,0,396,-0.00,-0.41,0.862,-25.81,42.91,-30.22,R
,435141,806,0,398,-0.06,-0.47,0.879,25.38,4.91,-3265,R
,435161,816,0,3797,-0.020,-0.453,0.871,-33.24,3.71,-4039,R
,435281,1173,0,3789,0.059,-0.299,0.961,-37.20,4.58,-4099,R
,436071,1215,0,095,0.09,-0.296,1.085,-36.62,3.81,-4638,R
,436181,1007,0,3799,0.002,-0.317,1.429,3.19,-3.94,-1013,R
,436231,1053,0,4095,0.055,-0.294,1.051,9.45,-3.13,6.8,R
,436271,1055,0,4095,0.019,-0.367,1.057,1.90,-3.07,21.0,R
,436311,933,0,4095,0.002,-0.360,1.060,2.14,-3254,33.9,R
,436331,899,0,4095,-0.015,-0.363,1.085,1.99,-2.18,39.4,R
,436421,984,0,304,-0.06,-0.47,0.743,43.19,-4.45,29.4,R
,436641,943,0,3808,-0.061,-0.524,0.854,15.93,2.11,-2717,R
,437001,880,0,303,0.03,-0.411,1.093,1.35,-4443,24.25,R
,437041,974,0,303,0.05,-0.387,1.056,2.70,-3271,38.02,R
,437101,951,0,3806,-0.06,-0.42,1.124,16.32,-35.96,40.3,R
,437271,889,0,4095,0.063,-0.550,0.354,14.32,-26.31,7.84,R
,437311,966,0,4095,0.054,-0.582,0.545,-.01,13.2,-4.13,!5
,437461,848,0,3813,0.042,-0.436,0.895,-2.25,4057,-32.6,R
,437521,735,0,3810,0.104,-0.392,0.778,-6.98,3147,-32.4,R
,438001,527,0,3819,0.007,-0.547,0.507,-0.26,-2.9,6.36,
,438101,727,0,3821,-0.034,-0.480,0.707,-15.44,4.65,-9.8,R
,438161,914,0,3826,-0.026,-0.46,0.812,10.01,29.26,-2277,R
,438201,949,0,3825,0.009,-0.432,0.830,-25.09,4411,-22.1,R
,438231,1015,0,4095,0.026,-0.436,0.801,22.16,2.49,-34.00,R
,438261,1092,0,3824,0.104,-0.409,0.786,20.51,1.94,-40.90,R
,438451,881,0,4095,0.048,-0.330,1.346,1.69,-3520,-5.13,R
,438461,898,0,3824,0.059,-0.312,1.267,1.88,-2792,1.81,R
,438521,851,0,3838,0.044,-0.350,1.064,900,-32.1,21.45,R
,438551,931,0,4095,0.017,-0.377,1.066,1.33,-3459,26.08,R
,438671,908,0,4095,-0.137,-0.474,1.016,44.13,-4.53,25.9,R
,438721,960,0,3835,-0.041,-0.494,0.621,42.62,-3.27,19.5,R
,438911,866,0,418,0.017,-0.491,0.801,-1.55,2416,-29.58,R
,438931,877,0,406,-0.017,-0.450,0.819,31.14,3.60,-3578,R
,438951,854,0,416,-0.073,-0.500,0.925,-37.18,4.35,-2480,R
,438961,845,0,339,-0.042,-0.497,0.959,-31.47,4.26,-2019,R
,439041,929,0,334,0.195,-0.381,0.607,-31.64,-492,-43.9,R
,439211,929,0,4027,-0.006,-0.303,1.281,13.90,-2.05,-5.2,R
,439381,930,0,349,-0.002,-0.420,1.082,22.59,-3.06,19.2,R
,439391,967,0,355,-0.011,-0.399,1.071,24.91,-2.73,19.2,R
,439691,1098,0,856,0.01,-0.58,0.853,-29.99,3.52,-2071,R
,439971,1005,0,856,-0.17,-0.20,1.569,6.16,-321,10.3,R
,440211,734,0,3862,-0.128,-0.471,0.863,9.40,-6.44,35.3,R
,440511,1037,0,3803,0.206,-0.69,0.955,58.23,2.94,-3166,R
,440591,1050,0,3802,0.276,-0.69,1.028,34.62,-0.72,-8.68,R
,440721,808,0,3961,-0.045,-0.14,1.260,-12.51,-3.14,-3.12,R
,440811,1049,0,3806,0.15,-0.39,0.993,2.91,-1.35,17.2,R
,440831,1042,0,3804,0.135,-0.42,1.016,15.29,-337,22.1,R
,440851,1009,0,3818,0.122,-0.508,1.023,8.36,-9.24,23.12,R
,440871,1009,0,3810,0.133,-0.586,1.004,6.06,-2.24,23.8,R
,440921,931,0,3969,0.162,-0.605,0.823,38.73,-1903,10.8,R
,440961,1018,0,3970,0.170,-0.594,0.479,49.93,-3.18,7.6,R
,441031,611,0,3813,0.346,-0.615,0.077,1.87,1.0,1.62,R
,441321,1111,0,3953,0.248,-0.452,0.587,25.79,1.34,-16.42,R
,441351,1162,0,3819,0.135,-0.445,0.847,-42.77,4.45,-2084,R
,441381,1179,0,3955,0.022,-0.464,1.498,-38.88,6.01,4.9,R
,441401,1170,0,3951,-0.052,-0.436,1.822,-32.45,2.36,1350,R
,441491,1085,0,3819,0.088,-0.506,1.331,1.26,-2.43,26.00,R
,441511,1098,0,824,0.09,-0.51,1.200,3.86,-2.59,30.4,R
,441611,1119,0,3819,-0.116,-0.675,1.084,19.75,-40.72,53.68,R
,442011,1227,0,3808,0.406,-1.057,0.890,77.70,292,-21.57,R
,442231,842,0,303,-0.04,-0.22,1.064,12.97,-2.34,4.2,R
,442371,1199,0,3809,0.120,-0.799,0.846,2.61,-6.64,68.71,R
,442391,1191,0,801,0.09,-0.83,0.784,4.51,-6.37,61.6,R
,442681,1285,0,4095,0.296,-0.84,0.423,15.12,2.88,1.0,R
,442721,1306,0,095,0.30,-0.895,0.500,26.14,3.84,-1099,R
,442911,1203,0,803,0.26,-0.67,1.394,-19.27,9.15,-2.56,R
,443081,1200,0,4095,0.134,-0.94,0.704,27.92,-40.97,40.87,R
,443121,1200,0,4095,0.193,-0.897,0.654,8.12,-5.12,33.61,R
,443131,1191,0,3806,0.190,-0.93,0.606,3.67,-5.32,32.10,R
,443191,1182,0,809,0.16,-0.888,0.271,36.67,-2.79,17.18,R
,443331,822,0,3814,0.09,-0.911,0.245,22.39,40.2,-14.51,R
,443621,1122,0,095,0.68,-0.964,0.953,-77.55,-8.57,-141.60,R
,443641,1133,0,4095,0.53,-0.774,0.907,-85.33,-6.42,-137.43,R
,443651,1136,0,3820,0.51,-0.735,0.915,82.54,-1.21,-131.96,R
,443721,1136,0,4095,0.327,-0.23,0.666,-71.32,-4.79,-77.90,R
,443731,1120,0,3824,0.308,-0.22,0.649,-68.37,-7.59,-68.07,R
,443761,1140,0,095,0.32,-0.100,0.611,41.27,-8.97,-27.13,R
,443781,1137,0,4095,0.35,-0.118,0.528,40.02,-4.80,-11.63,R
,443801,1134,0,4095,0.40,-0.151,0.500,36.94,-3.55,-0.33,R
,443811,1134,0,3819,0.414,-0.18,0.482,34.36,-42.14,7.1,R
,443901,1042,0,4095,0.57,-0.480,0.270,.92,-1845,44.34,R
,443911,1044,0,3813,0.51,-0.534,0.224,7.89,-2021,45.1,R
,443941,1066,0,4095,0.63,-0.629,0.149,8.38,-1.79,43.15,R
,444121,1189,0,070,0.569,-0.83,-0.215,21.02,3.76,4.20,R
,444161,1245,0,4059,0.53,-0.79,0.005,25.53,41.14,-1.78,R
,444201,1244,0,4001,0.66,-0.812,0.164,5.07,2396,-13.34,R
,444221,1218,0,3981,0.609,-0.726,0.137,1.29,2665,-1.78,R
,444251,1292,0,3823,0.666,-0.675,0.140,5.64,3320,6.16,R
,444341,1249,0,3984,0.738,-0.657,0.179,12.20,-.84,-5.75,R
,444401,1240,0,3999,0.621,-0.576,0.562,-0.13,6.8,4.16,
,444411,1232,0,3829,0.698,-0.57,0.600,.61,8.3,8.29,R
,444461,1197,0,4021,0.700,-0.75,0.970,5.57,-1.48,23.53,R
,444491,1168,0,3825,0.721,-0.751,0.646,19.31,-1.62,35.9,R
,444511,1168,0,3824,0.60,-0.774,0.585,28.41,-31.82,35.6,R
,444531,1175,0,825,0.60,-0.75,0.516,6.28,-2.92,33.03,R
,444551,1175,0,3831,0.52,-0.752,0.409,1.43,-2.47,37.6,R
,444581,1168,0,3994,0.533,-0.784,0.370,5.25,-2.07,44.57,R
,444621,1166,0,4011,0.475,-0.854,0.353,2.56,-2.82,44.7,R
,444631,1150,0,815,0.437,-0.86,0.348,6.09,-2.96,44.26,R
,444701,1167,0,4026,0.39,-0.90,0.268,1.38,-3.24,30.34,R
,444711,1174,0,3826,0.325,-0.92,0.223,2.50,-3.33,30.86,R
,444721,1153,0,4045,0.186,-1.018,0.196,63.22,-3.78,34.20,R
,444761,1091,0,4023,0.39,-0.860,0.028,3.02,-879,32.5,R
,444801,1106,0,4042,0.288,-0.812,-0.030,88.06,-3.73,13.93,R
,444921,1111,0,3984,0.366,-0.920,0.287,3.28,3653,12.1,R
,444981,1138,0,3966,0.350,-0.95,0.519,3.19,2705,-12.61,R
,445001,1232,0,005,0.390,-0.941,0.557,3.37,1984,-11.75,R
,445011,1264,0,830,0.39,-0.90,0.528,22.71,3001,-8.6,R
,445031,1295,0,826,0.35,-0.84,0.521,22.04,5836,-1.3,R
,445051,1238,0,3826,0.331,-0.800,0.538,0.54,6599,-0.1,R
,445101,1274,0,4062,0.36,-0.85,0.630,8.92,2227,-12.97,R
,445121,1282,0,4079,0.363,-0.84,0.611,0.52,37.64,-4.93,R
,445181,1265,0,049,0.34,-0.82,0.637,-18.71,1.97,-18.04,R
,445201,1278,0,4051,0.35,-0.85,0.659,22.91,1.63,-18.45,R
,445211,1282,0,3831,0.390,-0.834,0.678,16.57,824,-15.6,R
,445221,1286,0,4050,0.382,-0.821,0.701,-9.14,2037,-12.1,R
,445261,1283,0,4042,0.347,-0.78,0.665,0.49,2894,-6.1,R
,445301,1264,0,4034,0.405,-0.813,0.619,12.71,721,-16.3,R
,445311,1227,0,3835,0.412,-0.819,0.624,-9.94,1178,-16.5,R
,445331,1253,0,3820,0.352,-0.773,0.632,-11.96,2.70,-1087,R
,445371,1259,0,3828,0.381,-0.79,0.655,19.10,-.66,-1920,R
,445381,1266,0,4017,0.397,-0.808,0.632,17.35,-4.22,-20.19,R
,445391,1265,0,3843,0.401,-0.798,0.612,12.63,-5.37,-2.33,R
,445411,1281,0,3838,0.47,-0.79,0.559,-8.23,-1.48,-1963,R
,445471,1296,0,3836,0.44,-0.71,0.558,-17.00,-.50,-23.20,R
,445521,1296,0,4004,0.433,-0.623,0.669,-22.68,-6.89,-2.48,R
,445561,1333,0,3967,0.295,-0.67,1.033,37.58,-.13,12.6,R
,445591,1410,0,3834,0.336,-0.695,1.057,-4.91,-4.23,7.3,R
,445621,1347,0,4036,0.47,-0.74,0.864,12.62,-3.59,20.9,R
,445641,1317,0,4019,0.31,-0.706,0.778,4.09,-3.01,27.7,R
,445661,1353,0,4016,0.36,-0.73,0.743,11.41,-4.07,27.96,R
,445721,1254,0,4038,0.34,-0.84,0.564,20.48,-5.98,30.8,R
,445741,1251,0,4016,0.297,-0.85,0.500,8.90,-43.41,32.94,R
,445761,1253,0,4037,0.274,-0.887,0.453,6.47,-4.49,33.04,R
,445801,1200,0,4071,0.250,-0.913,0.348,9.08,-6.79,16.65,R
,445811,1234,0,3843,0.26,-0.90,0.306,33.60,-6.72,13.53,R
,445821,1244,0,4074,0.268,-0.88,0.267,39.77,-7.34,10.52,R
,445891,1003,0,3836,0.273,-0.750,0.013,43.64,-2.56,26.17,R
,445971,1151,0,3841,0.386,-0.93,0.078,22.62,-9.46,6.02,R
,445981,1205,0,027,0.44,-0.954,0.024,8.11,1538,21.1,R
,446031,1218,0,3842,0.356,-0.96,0.260,22.07,3.05,-0.9,R
,446051,1265,0,3841,0.365,-0.98,0.310,29.07,5.35,-13.43,R
,446071,1280,0,3841,0.423,-0.97,0.331,22.33,8.68,-14.41,R
,446091,1326,0,3847,0.448,-0.90,0.341,-9.46,3943,-11.34,R
,446101,1344,0,3991,0.431,-0.90,0.361,2.54,5289,-9.22,R
,446131,1335,0,3835,0.389,-0.84,0.373,-16.43,4.15,-15.38,R
,446141,1339,0,3971,0.37,-0.823,0.368,23.59,2.43,-22.84,R
,446151,1311,0,3838,0.413,-0.84,0.369,26.49,7.12,-26.94,R
,446171,1313,0,3841,0.478,-0.84,0.376,23.84,-4.57,-29.49,R
,446211,1310,0,3847,0.481,-0.78,0.494,-8.92,2294,-26.61,R
,446231,1328,0,3843,0.58,-0.77,0.531,-10.86,1.23,-35.58,R
,446261,1326,0,3962,0.482,-0.71,0.613,23.39,8.41,-21.77,R
,446291,1326,0,841,0.55,-0.786,0.833,16.05,728,-15.81,R
,446321,1331,0,963,0.49,-0.695,0.996,5.99,-381,-10.53,R
,446371,1168,0,844,0.45,-0.780,1.015,.51,-2735,8.08,R
,446381,1186,0,3971,0.385,-0.76,0.982,.58,-3631,8.04,R
,446421,1218,0,987,0.421,-0.74,0.711,5.19,-4.31,13.9,R
,446451,1239,0,856,0.424,-0.77,0.601,7.58,-54.04,24.36,R
,446511,1163,0,853,0.36,-0.801,0.450,4.18,-4.63,32.6,R
,446521,1150,0,935,0.38,-0.832,0.445,5.52,-4.03,34.6,R
,446531,1146,0,857,0.22,-0.840,0.417,5.58,-4.23,35.84,R
,446581,1184,0,3921,0.298,-0.87,0.284,2.73,-55.59,31.2,R
,446791,1198,0,3871,0.276,-0.993,0.005,34.17,5.36,-47.40,R
,446861,1200,0,3866,0.20,-0.790,0.083,22.17,5.15,-82.03,R
,446881,1243,0,860,0.19,-0.67,0.129,17.91,59.46,-7789,R
,446911,1254,0,3871,0.10,-0.487,0.210,5.81,63.82,-74.1,R
,446951,1266,0,3876,0.06,-0.147,0.316,2.50,9572,-39.83,R
,447011,1299,0,3888,0.03,-0.252,1.003,.41,98.3,42.19,R
,447041,1339,0,3829,0.39,-0.439,1.307,7.11,7187,59.9,R
,447111,1229,0,3880,0.85,-0.883,1.148,9.70,4509,68.20,R
,447151,1157,0,3901,0.82,-1.062,1.134,9.67,9.7,37.93,R
,447161,1166,0,3824,0.754,-1.05,1.125,6.10,8.4,34.46,R
,447191,1214,0,3914,0.66,-0.97,1.019,0.44,-0.24,30.5,R
,447211,1221,0,3925,0.57,-0.932,0.949,2.39,-1.37,29.16,R
,447231,1219,0,3921,0.526,-0.886,0.916,43.86,-2.65,23.5,R
,447251,1219,0,3892,0.420,-0.86,0.905,3.75,-24.94,24.29,R
,447271,1186,0,3909,0.338,-0.85,0.917,4.62,-2.66,27.61,R
,447341,1168,0,3819,0.15,-0.816,0.765,4.41,-5.61,24.46,R
,447351,1185,0,3923,0.065,-0.830,0.729,6.10,-5.59,23.20,R
,447361,1237,0,3824,0.092,-0.78,0.658,4.24,-5.50,24.52,R
,447381,1229,0,818,0.14,-0.75,0.492,7.98,-41.21,25.2,R
,447481,1023,0,3824,0.282,-0.725,0.109,7.78,-1.11,0.86,R
,447491,1040,0,3931,0.21,-0.79,0.174,7.78,-3.84,-2.35,R
,447541,1088,0,3807,0.238,-0.691,0.410,.38,38.2,-7.64,R
,447551,1115,0,3939,0.10,-0.700,0.450,14.74,3.31,-13.19,R
,447601,1154,0,3798,0.20,-0.74,0.601,5.17,29.23,-18.1,R
,447611,1155,0,951,0.23,-0.71,0.639,6.42,43.37,-25.5,R
,447691,1326,0,3949,0.27,-0.71,0.722,25.55,1.04,-3529,R
,447711,1298,0,3953,0.339,-0.68,0.639,25.23,8.80,-33.4,R
,447751,1363,0,3938,0.426,-0.64,0.614,20.77,28.04,-32.71,R
,447841,1293,0,3818,0.21,-0.57,1.524,2.75,2346,-15.80,R
,447861,1238,0,3806,0.263,-0.505,1.547,.83,13.0,-5.83,R
,447931,1253,0,3978,0.341,-0.566,1.119,8.22,-30.63,4.9,R
,447941,1252,0,3801,0.36,-0.56,1.082,33.08,-2.97,6.8,R
,447951,1261,0,3999,0.39,-0.55,1.026,33.08,-3.14,9.39,R
,447991,1261,0,984,0.21,-0.57,0.930,24.16,-4.97,18.2,R
,448041,1217,0,3810,0.23,-0.66,0.837,32.27,-4.74,25.56,R
,448071,1231,0,978,0.239,-0.72,0.764,1.43,-45.15,22.9,R
,448101,1191,0,3807,0.12,-0.72,0.565,8.94,-35.29,20.05,R
,448121,1150,0,3811,0.191,-0.761,0.415,9.57,-2.89,21.03,R
,448141,1002,0,3795,0.228,-0.788,0.298,7.52,-2.49,15.8,R
,448291,1002,0,3981,0.14,-0.84,0.352,-49.84,4.02,-55.66,R
,448321,1134,0,810,0.12,-0.80,0.459,-61.99,2.98,-7714,R
,448361,1162,0,3813,0.08,-0.65,0.432,34.36,38.42,-90.21,R
,448371,1200,0,3982,0.055,-0.59,0.424,29.21,44.18,-89.34,R
,448421,1354,0,799,-0.18,-0.12,0.431,6.94,8401,-70.7,R
,448471,1300,0,3933,-0.288,0.04,0.953,5.55,97.41,0.13,R
,448571,1309,0,3990,0.597,-0.524,1.716,3.61,5076,70.4,R
,448601,1265,0,814,0.74,-0.74,1.530,8.28,4179,62.58,R
,448611,1282,0,3983,0.61,-0.82,1.469,8.61,35.61,58.33,R
,448701,1239,0,3807,0.352,-0.75,1.239,53.72,-3.46,20.1,R
,448721,1233,0,3806,0.27,-0.70,1.176,49.25,-2.90,18.0,R
,448751,1221,0,4045,0.103,-0.65,1.124,9.67,-29.75,22.91,R
,448871,1095,0,4061,-0.60,-0.53,0.523,60.70,-0.04,2663,R
,448911,1015,0,046,0.04,-0.47,0.271,6.21,-48.04,11.97,R
,449131,1226,0,4027,0.046,-0.47,0.881,31.29,53.15,-28.59,R
,449141,1221,0,3802,0.075,-0.50,0.896,30.62,50.13,-28.18,R
,449161,1239,0,3812,0.119,-0.493,0.861,-30.83,4.84,-33.26,R
,449171,1247,0,4053,0.118,-0.501,0.858,30.45,3.63,-36.58,R
,449221,1351,0,3795,0.255,-0.439,0.798,30.05,2.23,-3688,R
,449281,1298,0,3806,0.030,-0.473,1.514,37.50,3.44,-13.26,R
,449301,1240,0,3803,0.041,-0.39,1.718,16.78,27.44,-5.64,R
,449341,1266,0,795,0.06,-0.300,1.575,.07,-4.85,0.11,R
,449361,1168,0,3792,0.17,-0.32,1.395,-4.17,-1.86,2.54,R
,449391,1196,0,4095,0.168,-0.353,1.197,.83,-3043,5.33,R
,449421,1269,0,3799,0.164,-0.38,1.079,8.12,-3.78,13.4,R
,449471,1275,0,4095,0.11,-0.43,1.046,19.34,-4.81,27.03,R
,449501,1277,0,3780,0.111,-0.45,1.012,15.93,-3.49,33.47,R
,449531,1229,0,095,0.05,-0.507,1.042,4.51,-4.34,31.3,R
,449591,1278,0,4095,0.002,-0.56,0.831,30.61,-5.85,20.40,R
,449641,1200,0,807,0.065,-0.54,0.453,24.56,-4.34,23.2,R
,449671,1216,0,4095,0.069,-0.59,0.371,5.93,-3019,18.49,R
,449681,1210,0,3803,0.071,-0.58,0.324,3.31,-2262,20.04,R
,449691,1211,0,4095,0.03,-0.594,0.339,.10,-1601,20.4,R
,449711,1191,0,095,0.140,-0.58,0.374,.59,-4.51,12.69,R
,449741,1216,0,802,0.03,-0.571,0.545,15.76,1.44,8.26,R
,449761,1234,0,797,0.01,-0.573,0.601,23.91,31.41,13.71,R
,449781,1229,0,3802,0.09,-0.638,0.707,25.76,28.77,9.12,R
,449851,1310,0,4095,0.100,-0.53,0.712,-24.25,3.60,-3.29,R
,449901,1264,0,3799,0.163,-0.64,0.847,25.41,17.55,-1676,R
,449941,1333,0,798,0.20,-0.53,0.683,18.34,22.97,-14.44,R
,449951,1341,0,4095,0.29,-0.522,0.664,25.78,2.41,-1161,R
,450001,1360,0,797,0.26,-0.578,0.702,28.52,6.76,-37.37,R
,450031,1433,0,095,0.256,-0.51,1.074,51.88,26.77,-35.46,R
,450051,1360,0,4095,0.04,-0.585,1.392,51.39,2.90,-25.60,R
,450101,1284,0,805,0.026,-0.53,1.806,0.42,-1.2,-15.35,R
,450151,1186,0,095,0.202,-0.40,1.199,19.02,-2.57,3.81,R
,450181,1217,0,3802,0.14,-0.413,1.055,0.19,-3.53,11.04,R
,450211,1190,0,095,0.17,-0.47,0.966,2.35,-35.29,19.3,R
,450221,1202,0,3803,0.15,-0.50,0.969,1.06,-41.53,20.3,R
,450251,1245,0,4095,0.127,-0.512,0.956,8.57,-3.71,35.75,R
,450341,1264,0,795,0.095,-0.61,0.798,28.80,-4.78,25.76,R
,450371,1175,0,4095,0.052,-0.606,0.605,6.15,-39.24,22.7,R
,450381,1155,0,801,0.12,-0.58,0.533,5.35,-36.68,20.89,R
,450391,1181,0,4095,0.02,-0.628,0.467,5.95,-3.51,19.67,R
,450411,1163,0,4095,0.128,-0.60,0.359,23.81,-3.35,13.88,R
,450451,1143,0,4095,0.14,-0.63,0.225,1.94,-338,12.55,R
,450481,1139,0,809,0.153,-0.69,0.451,-6.80,1813,0.48,R
,450531,1155,0,4095,0.055,-0.629,0.572,21.88,3.46,-4.25,R
,450541,1156,0,3806,0.037,-0.622,0.589,25.46,3.17,-2.84,R
,450581,1182,0,3811,0.07,-0.656,0.742,12.13,4.15,-9.81,R
,450711,1288,0,4095,0.24,-0.632,0.760,18.52,2.08,-23.90,R
,450721,1291,0,3808,0.20,-0.62,0.746,17.07,23.92,-2737,R
,450731,1265,0,4095,0.38,-0.61,0.773,19.75,2.32,-31.80,R
,450741,1283,0,3820,0.318,-0.594,0.817,23.32,2.10,-35.92,R
,450751,1321,0,095,0.21,-0.562,0.879,34.10,2.99,-40.38,R
,450761,1314,0,3815,0.333,-0.374,1.037,48.75,3.86,-44.51,R
,450771,1287,0,095,0.20,-0.51,1.149,54.36,2.13,-36.74,R
,450851,846,0,495,0.10,-0.461,1.560,531,-0.8,-22.29,R
,450881,658,0,3814,0.101,-0.444,1.304,1.81,-1935,-14.47,R
,450901,699,0,3817,0.100,-0.430,1.202,25.95,-2550,-11.95,R
,450911,677,0,4095,0.081,-0.426,1.168,2.77,-2871,-11.34,R
,450981,989,0,3824,-0.04,-0.43,1.016,3.00,-3.24,22.97,R
,451061,1198,0,807,-0.31,-0.48,0.691,59.60,-2.25,4571,R
,451121,1253,0,3805,0.033,-0.57,0.483,1.25,-1.47,51.21,R
,451141,1187,0,3813,0.120,-0.653,0.480,2.27,-069,49.44,R
,451181,1076,0,814,0.235,-0.73,0.495,51.69,4531,28.0,R
,451211,934,0,4095,0.221,-0.805,0.701,4.45,58.6,7.32,
,451261,874,0,3821,0.137,-0.690,0.704,1.61,66.8,-23.19,R
,451431,1183,0,4095,0.049,-0.39,0.722,11.14,3.15,-6506,R
,451451,1233,0,4095,0.14,-0.33,0.687,18.08,2.05,-73.74,R
,451461,1238,0,3817,0.119,-0.30,0.733,-24.37,25.32,-77.42,R
,451521,1184,0,3813,0.042,-0.249,1.574,33.97,4.39,-24.30,R
,451641,1223,0,809,0.07,-0.28,1.238,0.42,-4.98,12.40,R
,451651,1244,0,4095,0.06,-0.27,1.185,4.71,-4.14,16.28,R
,451691,1245,0,4095,0.00,-0.32,1.066,1.31,-42.13,28.54,R
,451731,1218,0,4095,-0.049,-0.363,1.081,20.64,-2.68,4637,R
,451801,1183,0,3823,-0.93,-0.42,0.989,31.66,-48.97,4491,R
,451841,1170,0,3821,0.003,-0.35,0.733,2.96,-32.50,44.31,R
,451901,1066,0,3823,0.010,-0.541,0.417,9.16,-4.01,19.8,R
,451921,1127,0,3818,0.015,-0.573,0.362,.71,-2756,18.5,R
,452181,1255,0,821,0.03,-0.490,0.798,17.76,2.53,-47.06,R
,452271,820,0,495,-0.142,-0.365,1.401,48.95,38.01,-21.72,R
,452281,822,0,310,-0.130,-0.384,1.528,37.53,3.45,-18.25,R
,452351,885,0,4095,-0.038,-0.26,1.488,2.71,-489,-1.40,R
,452361,880,0,3824,0.00,-0.308,1.415,-.78,-1088,-0.79,R
,452391,982,0,4095,0.03,-0.328,1.216,1.10,-1876,3.16,R
,452431,981,0,495,0.02,-0.336,1.097,2.12,-25.20,11.0,R
,452451,971,0,495,0.00,-0.360,1.089,1.15,-2683,14.9,R
,452461,976,0,3825,-0.02,-0.38,1.110,14.79,-27.93,17.2,R
,452481,982,0,328,-0.054,-0.391,1.124,8.35,-2.44,24.37,R
,452601,1200,0,3826,-0.14,-0.44,1.004,23.43,-37.99,41.32,R
,452631,1115,0,095,-0.064,-0.53,0.797,44.21,-42.31,37.23,R
,452691,836,0,495,-0.013,-0.493,0.462,1.57,-4.77,12.4,R
,452801,659,0,331,-0.141,-0.50,0.755,28.59,3.05,-24.99,R
,452841,1061,0,3835,-0.83,-0.42,0.834,-14.14,24.53,-23.69,R
,452941,1188,0,833,0.016,-0.44,0.842,27.64,3.14,-3022,R
,452951,1217,0,053,0.08,-0.460,0.842,24.62,3.97,-3004,R
,452961,1229,0,829,0.104,-0.394,0.818,21.23,3.97,-3149,R
,452971,1220,0,4095,0.07,-0.450,0.816,17.09,29.32,-2900,R
,452981,1206,0,3837,0.19,-0.410,0.820,14.51,29.55,-2992,R
,452991,1170,0,4080,0.12,-0.368,0.819,22.59,31.98,-3096,R
,453001,1206,0,3824,0.12,-0.350,0.863,30.20,37.64,-3076,R
,453041,789,0,3829,-0.05,-0.387,1.472,49.64,4.38,-1684,R
,453051,822,0,453,-0.18,-0.365,1.609,44.42,42.50,-9.6,R
,453071,858,0,4073,-0.16,-0.392,1.791,27.85,30.33,-1.9,R
,453081,847,0,331,-0.181,-0.37,1.808,-15.68,22.05,0.13,R
,453131,848,0,479,-0.002,-0.27,1.348,19.95,-26.86,-4.1,R
,453141,861,0,3841,0.02,-0.275,1.284,1.56,-2625,-0.33,R
,453251,1005,0,063,-0.019,-0.31,1.063,25.12,-29.90,32.23,R
,453331,1205,0,4082,-0.21,-0.48,1.068,35.40,-50.31,34.55,R
,453421,919,0,3842,0.02,-0.535,0.457,2.87,-30.94,30.68,R
,453451,720,0,4038,0.14,-0.554,0.321,1.30,-6.27,15.93,R
,453821,837,0,3842,-0.07,-0.35,1.675,-46.42,4.43,3.61,R
,453911,976,0,3952,0.10,-0.293,1.305,2.20,-30.89,16.87,R
,453931,1155,0,3939,0.03,-0.298,1.187,0.57,-20.83,25.87,R
,453991,1100,0,936,0.08,-0.37,1.118,22.97,-3.98,39.18,R
,454051,1043,0,888,-0.73,-0.32,1.083,24.86,-8.54,50.87,R
,454231,897,0,362,-0.023,-0.63,0.219,0.28,8.04,4.74,R
,454391,1072,0,3824,-0.05,-0.40,0.831,-41.44,2.45,-3.80,R
,454401,1078,0,3869,0.06,-0.49,0.837,-38.94,3.11,-2771,R
,454441,1104,0,3888,0.01,-0.43,0.815,21.04,27.67,-34.50,R
,454521,1185,0,3876,0.11,-0.341,1.217,-62.30,3.59,-3682,R
,454601,1108,0,879,-0.52,-0.22,1.720,11.70,-.54,-10.70,R
,454651,1088,0,3838,0.115,-0.25,1.191,4.56,-27.82,-1.06,R
,454681,1070,0,883,0.02,-0.29,1.102,20.42,-26.97,10.5,R
,454731,1021,0,3833,0.048,-0.335,1.081,5.52,-3.77,22.5,R
,454741,1051,0,3894,0.041,-0.33,1.062,5.54,-38.54,23.64,R
,454871,1150,0,3830,0.073,-0.51,0.555,8.07,-2.79,15.58,R
,454931,1168,0,3827,0.08,-0.61,0.459,.79,14.85,13.20,R
,455031,1182,0,3824,0.000,-0.50,0.815,9.14,1854,-12.35,R
,455111,1201,0,824,-0.39,-0.40,0.940,-32.11,26.36,-2.55,R
,455131,1204,0,3807,0.08,-0.43,0.951,-16.83,25.12,-2048,R
,455181,1275,0,914,0.26,-0.37,0.739,-25.17,2.19,-2192,R
,455201,1289,0,3924,0.25,-0.35,0.659,24.77,14.45,-27.87,R
,455231,1266,0,810,0.19,-0.336,0.897,33.84,2.93,-2693,R
,455241,1264,0,3919,0.02,-0.32,1.082,37.68,40.77,-21.48,R
,455291,1261,0,3812,-0.04,-0.26,1.856,-7.35,25.96,8.84,R
,455371,1163,0,3826,0.00,-0.254,1.242,1.51,-3.15,12.23,R
,455471,1088,0,3824,0.05,-0.36,1.096,21.51,-36.80,40.04,R
,455551,1012,0,3810,-0.29,-0.43,0.982,32.56,-53.87,28.39,R
,455601,967,0,3955,-0.059,-0.47,0.490,1.32,-5.07,23.5,R
,455651,880,0,3805,0.051,-0.507,0.289,474,-16.24,21.88,R
,455681,859,0,3959,0.060,-0.612,0.365,-1.72,5.63,2.17,R
,455721,1012,0,3947,0.01,-0.53,0.616,19.23,4.37,-0.5,R
,455891,1095,0,3805,0.08,-0.49,0.821,-15.04,36.48,-39.37,R
,455911,1157,0,3802,0.02,-0.42,0.770,-19.68,31.98,-4070,R
,455961,1157,0,3987,0.08,-0.492,0.900,39.99,29.14,-4879,R
,455971,1158,0,3805,0.07,-0.51,0.953,-40.68,27.70,-47.93,R
,455991,1164,0,3797,0.06,-0.51,1.015,-36.36,25.00,-42.18,R
,456001,1171,0,4010,0.05,-0.523,1.020,31.21,29.18,-3913,R
,456021,1159,0,013,0.08,-0.439,1.155,21.61,3.16,-4142,R
,456041,1151,0,3992,-0.12,-0.34,1.309,-30.92,30.10,-42.00,R
,456051,1155,0,806,-0.77,-0.341,1.354,-32.37,28.68,-36.01,R
,456071,1001,0,3799,-0.92,-0.38,1.480,-28.77,24.34,-20.59,R
,456091,961,0,302,-0.10,-0.32,1.480,-9.03,17.96,-16.10,R
,456101,942,0,3978,-0.18,-0.32,1.462,1.29,11.11,-13.92,R
,456131,927,0,3810,-0.00,-0.281,1.209,.19,-10.56,-3.2,R
,456141,919,0,394,-0.038,-0.28,1.186,0.66,-1.09,-3.08,R
,456151,930,0,3805,-0.09,-0.31,1.158,.15,-2069,0.72,R
,456161,941,0,395,0.01,-0.326,1.097,696,-19.67,5.73,
,456201,1034,0,011,0.09,-0.354,1.017,5.48,-13.27,19.10,R
,456211,1040,0,3801,0.03,-0.37,1.015,15.60,-13.18,24.00,R
,456251,1075,0,3802,0.029,-0.409,1.019,9.51,-28.05,30.49,R
,456341,1056,0,4014,-0.89,-0.41,1.102,18.33,-22.57,41.10,R
,456671,997,0,306,-0.03,-0.58,0.854,-18.98,42.62,-24.85,R
,456781,1122,0,4090,0.01,-0.385,0.739,6.30,25.18,-31.95,R
,456791,1122,0,3792,0.01,-0.344,0.706,7.90,23.32,-32.4,R
,457071,866,0,3805,-0.05,-0.485,0.985,8.24,-53.15,20.75,R
,457151,805,0,394,-0.095,-0.66,0.598,0.42,-28.01,21.53,R
,457171,774,0,3792,-0.025,-0.59,0.475,2.10,-18.04,10.2,R
,457261,634,0,495,-0.005,-0.60,0.544,11.99,21.81,3.1,R
,457291,754,0,387,-0.010,-0.67,0.638,42.20,25.92,3.39,R
,457401,1054,0,4095,0.287,-0.86,1.013,67.67,15.38,-56.85,R
,457461,1047,0,095,0.158,-0.63,1.141,35.73,-27.06,-107.06,R
,457471,1076,0,3789,0.100,-0.54,1.162,-33.58,-5.55,-108.10,R
,457521,1009,0,4095,-0.36,-0.250,1.483,-48.19,21.03,-71.03,R
,457531,978,0,3789,-0.24,-0.160,1.542,43.09,-35.26,-64.10,R
,457551,993,0,392,-0.26,-0.167,1.472,18.88,-58.76,-4.77,R
,457611,1167,0,3778,0.000,-0.19,1.028,9.26,-52.98,22.62,R
,457651,1039,0,795,0.19,-0.35,0.918,-3.73,-5.23,42.1,R
,457671,1033,0,797,0.09,-0.42,0.956,0.97,-4874,50.0,R
,457721,1070,0,4095,0.115,-0.56,0.997,1.35,-52.02,50.46,R
,457731,1072,0,3792,0.113,-0.59,1.000,6.39,-51.21,48.86,R
,457771,1070,0,792,0.07,-0.64,0.945,27.35,-5.18,40.9,R
,457791,1081,0,3793,0.04,-0.655,0.851,6.74,-6.46,39.49,R
,457851,1018,0,791,0.05,-0.66,0.356,9.96,-45.76,34.37,R
,457861,1008,0,095,0.14,-0.65,0.283,35.06,-4.55,32.2,R
,457871,902,0,392,-0.19,-1.00,0.349,3.92,-46.85,40.52,R
,458141,1040,0,4095,0.226,-0.61,0.718,11.91,41.00,-20.06,R
,458201,1075,0,4095,0.307,-0.52,0.666,28.59,1.76,-36.35,R
,458261,1241,0,095,0.13,-0.553,1.291,27.12,3.49,-8.97,R
,458271,1259,0,3797,0.156,-0.47,1.432,27.17,28.11,-10.82,R
,458321,1197,0,4095,0.155,-0.52,1.580,.77,-7.9,7.00,R
,458351,1152,0,805,0.28,-0.540,1.281,4.27,-1.76,10.55,R
,458451,1059,0,3807,0.25,-0.58,0.973,24.42,-37.21,36.80,R
,458461,1059,0,095,0.29,-0.590,0.989,3.32,-33.99,39.3,R
,458481,1046,0,4095,0.173,-0.60,0.990,5.28,-34.14,41.32,R
,458501,1071,0,4095,0.124,-0.63,0.983,0.27,-41.21,37.3,R
,458511,1058,0,3797,0.112,-0.67,1.012,.37,-42.57,35.64,R
,458551,981,0,3807,-0.02,-0.68,0.928,29.95,-50.05,30.97,R
,458591,1080,0,3801,0.052,-0.683,0.672,5.95,-66.51,19.44,R
,458601,1056,0,4095,0.016,-0.647,0.600,8.13,-68.80,17.3,R
,458701,937,0,4095,0.248,-0.636,0.165,1.27,-23.11,14.57,R
,458741,1050,0,095,0.11,-0.660,0.374,9.20,2076,28.7,R
,458901,1049,0,4095,0.55,-1.07,0.944,-78.39,-4.56,-44.70,R
,458921,1043,0,4095,0.64,-1.09,0.965,71.07,-2.37,-6.02,R
,458941,1199,0,4095,0.608,-0.99,0.980,58.66,-6.65,-8.55,R
,458991,1227,0,3814,0.31,-0.68,1.089,42.05,-36.45,-112.16,R
,459021,1264,0,4095,0.285,-0.398,1.183,43.35,-43.40,-99.42,R
,459031,1266,0,3819,0.229,-0.33,1.215,44.10,-40.27,-90.73,R
,459051,1280,0,3809,0.165,-0.27,1.317,40.36,-51.43,-75.63,R
,459061,1282,0,050,0.13,-0.22,1.314,-34.48,-58.18,-66.77,R
,459071,1214,0,3820,0.129,-0.163,1.132,33.93,-56.30,-5.74,R
,459091,1110,0,3826,0.171,-0.20,1.106,22.77,-63.50,-3.88,R
,459101,1150,0,4087,0.190,-0.228,1.048,1.55,-57.43,-17.26,R
,459161,1168,0,041,0.28,-0.325,0.716,-9.61,-60.02,25.03,R
,459181,1191,0,4066,0.277,-0.44,0.705,8.23,-58.24,38.00,R
,459191,1216,0,3826,0.310,-0.526,0.708,0.05,-51.37,44.91,R
,459201,1222,0,4080,0.34,-0.57,0.670,9.29,-4230,49.30,R
,459221,1200,0,4050,0.38,-0.65,0.617,14.62,-28.53,52.89,R
,459271,1245,0,3835,0.389,-0.82,0.467,.11,-32.66,41.81,R
,459281,1223,0,3998,0.48,-0.84,0.418,.04,-3669,33.6,R
,459291,1198,0,3831,0.448,-0.84,0.368,1.32,-39.27,27.03,R
,459391,749,0,322,0.44,-0.666,-0.014,37.92,2.01,14.23,R
,459441,633,0,3947,0.523,-0.866,0.109,-8.11,-12.80,-15.64,R
,459481,1058,0,3920,0.57,-0.79,0.242,10.36,51.00,1.4,R
,459501,1088,0,3923,0.41,-0.74,0.285,17.73,76.79,-3.16,R
,459551,1158,0,3831,0.457,-0.85,0.536,36.92,25.72,-29.13,R
,459611,1173,0,3829,0.460,-0.70,0.594,21.91,75.23,-18.55,R
,459641,1214,0,3965,0.44,-0.725,0.668,35.39,36.48,-32.04,R
,459651,1232,0,3819,0.52,-0.70,0.654,32.78,23.38,-3328,R
,459731,1296,0,831,0.543,-0.60,0.678,29.76,18.56,-37.42,R
,459751,1264,0,827,0.530,-0.49,0.845,39.00,2.86,-30.70,R
,459791,1198,0,3838,0.32,-0.51,1.300,25.36,10.70,-2.50,R
,459821,1184,0,3936,0.45,-0.54,1.345,.95,-10.02,7.99,R
,459861,1103,0,3954,0.50,-0.558,0.941,5.16,-22.66,22.1,R
,459901,1114,0,3963,0.58,-0.599,0.760,6.04,-22.51,26.29,R
,460011,1087,0,3839,0.38,-0.751,0.689,5.90,-2.85,37.82,R
,460041,1075,0,957,0.267,-0.75,0.654,5.54,-26.98,32.71,R
,460051,1067,0,3837,0.25,-0.760,0.643,3.63,-29.56,33.2,R
,460071,1179,0,3833,0.194,-0.70,0.522,2.09,-33.63,35.3,R
,460101,1169,0,978,0.236,-0.69,0.341,5.43,-46.80,30.13,R
,460121,1189,0,965,0.391,-0.69,0.143,6.18,-39.35,27.53,R
,460261,1051,0,3923,0.378,-0.97,0.408,30.20,39.95,18.00,R
,460271,1009,0,3826,0.411,-1.017,0.487,36.40,35.26,9.68,R
,460351,1082,0,3835,0.603,-1.122,0.663,46.75,42.41,-26.87,R
,460361,1072,0,3927,0.60,-1.159,0.661,54.97,3.22,-34.97,R
,460381,1069,0,3930,0.696,-1.21,0.676,66.07,22.31,-54.71,R
,460411,1093,0,837,0.736,-1.21,0.735,61.72,7.40,-87.87,R
,460421,1126,0,3935,0.722,-1.16,0.765,60.65,486,-98.12,R
,460481,1155,0,3938,0.517,-0.72,0.946,61.01,-16.86,-118.55,R
,460501,1138,0,3937,0.44,-0.58,0.928,50.26,-14.16,-107.92,R
,460671,1299,0,3837,0.460,-0.48,0.489,10.54,-46.22,32.31,R
,460681,1296,0,3937,0.492,-0.51,0.486,4.37,-44.72,35.41,R
,460721,1279,0,936,0.52,-0.66,0.405,.54,-38.40,33.15,R
,460731,1282,0,3837,0.527,-0.67,0.390,1.17,-44.21,30.68,R
,460771,1181,0,3831,0.42,-0.714,0.291,2.01,-43.44,29.79,R
,460831,983,0,3834,0.477,-0.708,0.093,3.51,-4361,26.5,R
,461001,1261,0,3913,0.598,-0.86,0.149,18.28,4.44,7.71,R
,461041,1294,0,3903,0.552,-0.80,0.285,11.55,6.23,2.07,R
,461051,1295,0,845,0.54,-0.78,0.312,14.46,54.11,-3.17,R
,461061,1329,0,3920,0.505,-0.793,0.317,18.39,4.78,-6.7,R
,461071,1353,0,3834,0.534,-0.77,0.321,22.26,32.95,-8.79,R
,461081,1350,0,3922,0.551,-0.79,0.350,17.85,2.49,-9.74,R
,461091,1390,0,3837,0.535,-0.78,0.335,17.00,3.95,-7.7,R
,461111,1397,0,3828,0.62,-0.80,0.273,9.14,46.16,-10.18,R
,461121,1407,0,3903,0.453,-0.63,0.345,15.46,4.83,-1041,R
,461171,1455,0,837,0.614,-0.66,0.270,15.52,16.83,-25.89,R
,461201,1453,0,3903,0.46,-0.666,0.369,-15.52,2.53,-2416,R
,461211,1446,0,839,0.55,-0.64,0.476,23.91,33.64,-26.36,R
,461281,1466,0,3895,0.41,-0.75,1.224,4.31,16.21,3.81,R
,461301,1472,0,3902,0.508,-0.88,1.293,7.35,-6.01,-6.67,R
,461311,1472,0,3840,0.54,-0.68,1.029,4.59,-2.25,0.04,R
,461331,1472,0,3839,0.563,-0.58,0.622,2.16,1.84,18.23,R
,461341,1471,0,3899,0.649,-0.63,0.691,0.54,-7.73,13.79,R
,461381,1466,0,918,0.50,-0.73,0.571,5.81,-17.29,13.03,R
,461401,1464,0,3916,0.577,-0.66,0.457,1.70,-23.29,21.21,R
,461411,1468,0,3846,0.608,-0.67,0.527,14.90,-2.66,17.5,R
,461421,1454,0,3914,0.59,-0.69,0.504,3.40,-3.71,16.8,R
,461431,1465,0,847,0.590,-0.72,0.537,7.55,-3.72,19.4,R
,461451,1507,0,3843,0.657,-0.78,0.552,7.55,-2.32,23.1,R
,461531,1491,0,3852,0.607,-0.75,0.560,31.29,-5.24,19.9,R
,461551,1418,0,3841,0.607,-0.693,0.574,37.80,-39.59,21.68,R
,461561,1393,0,3889,0.55,-0.67,0.616,3.58,-29.35,21.75,R
,461611,1296,0,3843,0.571,-0.751,0.650,20.59,-58.08,39.07,R
,461621,1331,0,3889,0.497,-0.74,0.616,1.12,-6.47,39.9,R
,461631,1303,0,3843,0.495,-0.77,0.569,26.24,-57.44,39.6,R
,461651,1301,0,858,0.51,-0.86,0.507,39.29,-48.56,39.30,R
,461681,1328,0,3907,0.533,-0.971,0.380,38.94,-36.76,43.93,R
,461741,1315,0,887,0.48,-0.85,0.113,3.22,-2.80,52.4,R
,461771,1303,0,3856,0.411,-0.868,0.140,40.80,-24.80,41.70,R
,461781,1326,0,3916,0.31,-0.83,0.156,39.25,-31.70,34.77,R
,461811,1232,0,3845,0.340,-0.807,0.122,31.57,-44.97,21.71,R
,461831,1201,0,3845,0.30,-0.764,0.132,35.40,-32.54,28.16,R
,461841,1216,0,3903,0.247,-0.69,0.208,38.22,-17.43,37.76,R
,461861,1100,0,3888,0.287,-0.74,0.130,25.86,-11.92,24.37,R
,461871,1127,0,3852,0.20,-0.74,0.126,3.52,-989,23.5,R
,461881,1107,0,3882,0.250,-0.733,0.124,20.07,-10.79,24.07,R
,461901,1151,0,3918,0.260,-0.75,0.122,5.70,-12.18,21.87,R
,461911,1154,0,3851,0.264,-0.77,0.125,-2.16,-12.89,19.78,R
,461931,1168,0,3855,0.289,-0.83,0.107,-8.89,-7.72,20.16,R
,461941,1085,0,931,0.20,-0.86,0.122,0.68,2.3,20.69,R
,461971,1185,0,3842,0.398,-0.919,0.242,7.14,26.62,12.51,R
,462001,1265,0,3973,0.39,-0.86,0.162,16.49,4.76,2.86,R
,462051,1323,0,3847,0.330,-0.92,0.209,-12.71,49.47,1.58,R
,462071,1387,0,844,0.39,-0.906,0.221,-25.18,48.53,-8.9,R
,462081,1407,0,920,0.45,-0.91,0.282,34.81,4.50,-15.09,R
,462091,1417,0,3849,0.450,-0.96,0.316,-41.00,4.26,-1931,R
,462111,1362,0,845,0.30,-0.99,0.343,45.09,50.62,-15.46,R
,462121,1360,0,3869,0.342,-0.95,0.332,-38.57,61.64,-7.69,R
,462131,1360,0,839,0.30,-0.93,0.382,-32.52,7.43,-2.9,R
,462151,1353,0,3843,0.38,-0.86,0.411,-27.97,75.06,-4.96,R
,462161,1351,0,3867,0.43,-0.91,0.459,35.64,6.21,-1535,R
,462171,1343,0,3845,0.436,-0.94,0.446,-44.63,4.92,-2453,R
,462181,1349,0,3882,0.527,-0.997,0.468,-49.46,21.60,-3050,R
,462221,1344,0,3856,0.45,-0.82,0.598,22.68,5.02,-2103,R
,462231,1334,0,842,0.46,-0.874,0.740,-26.51,70.48,-24.45,R
,462241,1314,0,890,0.44,-0.78,0.895,29.52,7.89,-3206,R
,462251,1307,0,3843,0.490,-0.68,1.053,-34.77,68.02,-39.78,R
,462261,1278,0,899,0.34,-0.82,1.116,-39.58,43.69,-34.30,R
,462271,1243,0,3843,0.291,-0.902,1.235,-44.20,16.25,-29.87,R
,462281,1201,0,3901,0.37,-0.89,1.281,37.99,013,-31.8,R
,462291,1197,0,3847,0.39,-0.81,1.391,27.38,-11.56,-31.16,R
,462351,1058,0,3855,0.48,-0.66,0.985,-1.04,-15.11,-7.74,R
,462361,1019,0,3885,0.37,-0.67,0.863,0.77,-36.83,-10.6,R
,462371,1035,0,3854,0.34,-0.70,0.833,7.57,-50.24,-10.12,R
,462381,1086,0,3925,0.349,-0.650,0.769,15.43,-46.54,-5.81,R
,462391,1169,0,857,0.30,-0.67,0.725,3.14,-3.42,-0.22,R
,462401,1183,0,3952,0.31,-0.65,0.653,26.71,-25.21,8.92,R
,462411,1216,0,3856,0.31,-0.66,0.618,7.37,-1.01,14.8,R
,462431,1229,0,3851,0.44,-0.71,0.556,3.19,-2.82,17.6,R
,462461,1223,0,887,0.35,-0.81,0.564,.21,-5317,16.1,R
,462511,1249,0,3854,0.38,-0.87,0.515,9.43,-2.40,22.7,R
,462531,1246,0,3856,0.24,-0.83,0.409,16.21,-35.24,20.11,R
,462571,1218,0,3858,0.140,-1.057,0.261,14.39,-72.89,0.17,R
,462591,1249,0,3867,0.33,-0.95,0.104,1.99,-5.82,4.4,R
,462601,1318,0,3895,0.321,-0.93,0.027,26.32,-48.92,5.6,R
,462661,1343,0,869,0.39,-1.046,-0.227,-17.27,18.39,2.17,R
,462671,1301,0,854,0.33,-1.041,-0.119,-26.52,27.67,-4.33,R
,462731,1375,0,3870,0.324,-0.98,-0.050,-36.57,36.53,-47.17,R
,462851,1343,0,879,0.038,-0.55,0.166,-9.52,69.17,-56.61,R
,462861,1423,0,845,0.00,-0.54,0.178,5.06,7363,-48.90,R
,462911,1555,0,3874,0.07,-0.26,0.317,20.04,8494,-32.9,R
,462921,1575,0,837,0.04,-0.21,0.417,3.80,9250,-28.2,R
,462931,1525,0,872,0.06,-0.13,0.476,2.21,10.04,-1415,R
,462941,1515,0,3825,-0.007,-0.10,0.573,15.43,112.68,7.90,R
,462961,1425,0,824,0.03,-0.29,0.860,8.30,119.44,34.43,R
,462981,1394,0,3835,0.138,-0.281,1.098,17.20,99.31,40.10,R
,462991,1393,0,3870,0.201,-0.37,1.249,18.38,88.94,42.28,R
,463031,1380,0,3869,0.55,-0.68,1.473,34.59,4095,55.9,R
,463061,1378,0,842,0.61,-0.81,1.427,70.93,55.60,65.42,R
,463071,1329,0,3885,0.73,-0.93,1.317,71.20,55.24,70.45,R
,463091,1274,0,3874,0.791,-1.10,1.193,51.80,27.96,61.76,R
,463111,1298,0,3870,0.78,-1.16,1.164,54.68,-10.56,44.25,R
,463121,1285,0,840,0.77,-1.17,1.126,60.79,-16.28,36.81,R
,463151,1320,0,879,0.60,-1.08,1.050,7.90,-040,33.3,R
,463161,1340,0,3828,0.56,-1.03,0.996,74.27,5.69,37.27,R
,463171,1345,0,902,0.53,-1.03,0.984,66.82,3.92,36.07,R
,463191,1351,0,3894,0.414,-0.995,0.954,6.24,-14.27,30.72,R
,463211,1341,0,891,0.315,-0.92,0.925,5.29,-3.77,29.3,R
,463221,1359,0,823,0.26,-0.89,0.904,33.54,-35.76,28.92,R
,463231,1355,0,3891,0.23,-0.86,0.891,34.51,-3.50,27.1,R
,463251,1357,0,888,0.13,-0.83,0.866,34.71,-3.75,26.8,R
,463261,1361,0,833,0.16,-0.79,0.814,33.43,-36.50,28.10,R
,463311,1360,0,3888,0.05,-0.68,0.620,45.78,-45.92,29.18,R
,463321,1354,0,829,0.05,-0.69,0.551,45.31,-50.34,28.4,R
,463331,1350,0,888,0.08,-0.68,0.489,47.02,-52.69,25.78,R
,463341,1342,0,3831,0.09,-0.65,0.444,49.81,-53.37,26.04,R
,463371,1328,0,889,0.14,-0.59,0.276,41.57,-45.11,29.35,R
,463411,1186,0,911,0.11,-0.65,0.090,-0.33,-28.05,24.65,R
,463431,1129,0,911,0.215,-0.788,0.095,10.62,-17.82,12.16,R
,463501,1117,0,826,0.13,-0.812,0.390,-11.90,15.03,-10.68,R
,463521,1152,0,809,0.13,-0.817,0.434,15.33,1.05,-9.06,R
,463551,1168,0,915,0.12,-0.773,0.496,5.10,39.32,-20.77,R
,463631,1200,0,924,0.29,-0.748,0.581,11.47,50.83,-23.46,R
,463641,1200,0,3815,0.27,-0.73,0.579,-7.55,5045,-28.7,R
,463711,1322,0,3920,0.441,-0.64,0.767,-42.33,34.16,-39.63,R
,463761,1287,0,809,0.32,-0.557,1.397,19.84,5.40,-16.32,R
,463771,1332,0,927,0.37,-0.578,1.491,17.88,3.26,-14.47,R
,463791,1310,0,903,0.314,-0.59,1.572,-25.00,13.79,-14.29,R
,463911,1293,0,920,0.35,-0.57,0.966,26.30,-37.70,13.47,R
,464021,1395,0,807,0.25,-0.76,0.631,31.08,-57.95,12.92,R
,464071,1366,0,3967,0.19,-0.76,0.338,20.36,-37.47,11.90,R
,464101,1107,0,797,0.234,-0.82,0.210,.40,-39.70,0.63,R
,464111,1120,0,3958,0.213,-0.84,0.223,1.75,-35.05,-4.51,R
,464151,1137,0,3959,0.18,-0.90,0.169,-12.68,-0.63,-8.2,R
,464181,1139,0,3803,0.218,-0.966,0.317,21.65,2.98,-2477,R
,464191,1168,0,3968,0.17,-0.87,0.324,-15.79,29.03,-31.13,R
,464221,1261,0,3805,0.20,-0.85,0.266,-31.85,40.05,-43.42,R
,464261,1267,0,817,0.15,-0.808,0.333,57.09,4.44,-67.40,R
,464391,1442,0,965,-0.55,-0.04,0.547,8.45,100.99,-52.82,R
,464401,1424,0,811,-0.15,0.03,0.594,.87,11198,-39.9,R
,464451,1350,0,953,-0.066,-0.00,1.277,-11.90,99.26,25.99,R
,464531,1407,0,978,0.60,-0.58,1.743,57.89,59.03,65.04,R
,464611,1360,0,980,0.545,-0.83,1.423,7.43,3.08,32.49,R
,464621,1359,0,823,0.471,-0.81,1.371,2.44,-514,30.3,R
,464691,1298,0,4005,0.22,-0.69,1.138,34.33,-35.95,18.58,R
,464701,1271,0,3824,0.17,-0.69,1.131,31.80,-37.29,16.58,R
,464711,1248,0,015,0.092,-0.671,1.109,30.42,-3.14,14.4,R
,464741,1170,0,817,-0.18,-0.65,1.036,42.38,-53.76,17.32,R
,464781,1261,0,815,0.045,-0.56,0.705,66.83,-6.38,8.8,R
,464831,1105,0,3948,0.20,-0.33,0.262,1.96,-5.43,-7.1,R
,464871,1006,0,991,-0.30,-0.40,0.210,5.02,-16.79,16.94,R
,464911,1006,0,3981,0.089,-0.53,0.319,25.90,14.27,8.25,R
,464941,1045,0,807,0.16,-0.50,0.409,8.30,33.72,12.13,R
,465011,1087,0,3989,0.15,-0.57,0.772,-47.17,47.96,-7.89,R
,465021,1095,0,3801,0.05,-0.58,0.814,45.39,4.87,-8.4,R
,465031,1093,0,3998,0.075,-0.60,0.839,39.43,4.08,-6.9,R
,465051,1182,0,979,0.13,-0.57,0.846,31.88,5.37,-5.35,R
,465061,1189,0,3795,0.17,-0.58,0.866,29.67,5.87,-8.0,R
,465091,1222,0,975,0.17,-0.55,0.873,25.91,4.36,-2096,R
,465131,1315,0,4009,0.26,-0.56,0.828,26.22,7.72,-31.61,R
,465161,1319,0,3804,0.29,-0.44,0.949,36.63,4.40,-2725,R
,465181,1303,0,789,0.20,-0.495,1.195,-50.36,49.02,-20.96,R
,465231,1281,0,4002,0.08,-0.45,1.723,15.36,660,-6.4,R
,465281,1335,0,3802,0.18,-0.32,1.451,-4.34,-7.87,15.23,R
,465301,1310,0,811,0.15,-0.39,1.402,-7.12,-26.95,14.66,R
,465331,1355,0,4051,0.20,-0.45,1.223,1.92,-4.34,13.64,R
,465341,1376,0,3807,0.16,-0.45,1.187,26.50,-42.89,15.47,R
,465401,1408,0,3813,0.13,-0.51,1.081,4.01,-52.83,30.25,R
,465461,1391,0,3802,0.030,-0.61,0.916,26.45,-64.02,27.23,R
,465491,1440,0,4095,0.06,-0.59,0.707,24.77,-63.35,22.07,R
,465511,1421,0,4080,0.06,-0.57,0.536,17.19,-46.42,23.0,R
,465521,1386,0,797,-0.19,-0.65,0.495,15.09,-39.21,23.94,R
,465561,1370,0,794,0.02,-0.650,0.347,4.25,-38.04,7.29,R
,465581,1314,0,3801,0.093,-0.70,0.291,5.99,-31.17,7.15,R
,465631,1159,0,4080,0.18,-0.71,0.432,6.26,24.85,-0.93,R
,465661,1077,0,792,0.11,-0.62,0.480,.12,11.7,2.31,
,465671,1013,0,4095,0.17,-0.60,0.528,8.11,1405,-2.94,R
,465701,1003,0,3795,0.10,-0.62,0.595,-29.78,1.87,-1584,R
,465761,907,0,303,0.22,-0.640,0.669,-18.98,39.99,-17.16,R
,465821,791,0,396,0.23,-0.590,0.687,-35.82,31.21,-21.49,R
,465931,1087,0,4090,0.219,-0.64,1.234,-45.33,3.77,-1977,R
,465941,1181,0,805,0.16,-0.70,1.346,45.07,3.30,-21.52,R
,466021,1303,0,813,0.29,-0.50,1.480,6.06,-20.19,-3.95,R
,466041,1327,0,3801,0.20,-0.48,1.286,22.56,-2.75,-2.6,R
,466061,1351,0,3799,0.24,-0.45,1.158,3.92,-2.69,3.3,R
,466081,1375,0,3801,0.11,-0.43,1.051,5.38,-30.51,7.65,R
,466111,1351,0,095,0.10,-0.46,1.018,22.41,-47.15,16.9,R
,466121,1405,0,3798,0.183,-0.48,0.989,19.87,-52.43,20.1,R
,466141,1423,0,799,0.167,-0.53,0.955,23.86,-4.72,27.58,R
,466171,1382,0,095,0.168,-0.54,0.909,37.72,-3.26,35.0,R
,466241,1114,0,3802,0.11,-0.59,0.516,43.48,-5.78,19.4,R
,466251,1051,0,4095,0.17,-0.66,0.464,51.17,-58.98,18.36,R
,466261,1065,0,806,0.294,-0.57,0.339,45.63,-50.82,10.04,R
,466281,1088,0,3801,0.05,-0.73,0.372,54.73,-3.81,21.9,R
,466291,1071,0,095,0.219,-0.60,0.304,36.53,-23.21,14.10,R
,466441,1202,0,805,0.212,-0.73,0.679,-32.39,44.41,-1625,R
,466461,1227,0,797,0.29,-0.766,0.790,-22.31,44.28,-27.48,R
,466511,1276,0,095,0.18,-0.653,0.818,15.76,5.89,-26.93,R
,466581,1261,0,823,0.38,-0.55,0.739,-28.49,3.37,-3934,R
,466631,1319,0,4095,0.25,-0.55,1.030,-40.68,24.34,-40.80,R
,466681,1234,0,804,0.23,-0.434,1.464,24.28,1.43,-3146,R
,466701,1170,0,807,0.11,-0.41,1.552,-22.52,10.08,-24.30,R
,466711,1164,0,4095,0.12,-0.39,1.585,-20.33,5.87,-18.62,R
,466761,1136,0,818,0.13,-0.41,1.323,22.10,-28.71,-8.65,R
,466791,1137,0,4095,0.10,-0.35,1.128,32.51,-36.37,-8.10,R
,466801,1175,0,793,0.135,-0.353,1.105,28.77,-36.89,-5.20,R
,466811,1165,0,095,0.10,-0.35,1.100,6.24,-3.95,-0.8,R
,466901,1198,0,809,-0.41,-0.40,0.832,70.79,-33.79,32.51,R
,466931,1118,0,4095,-0.13,-0.47,0.658,67.99,-16.98,42.31,R
,466961,1111,0,817,-0.08,-0.43,0.457,88.99,-4.10,58.9,R
,467091,655,0,495,0.255,-0.762,0.583,5.39,86.7,2.97,
,467181,1072,0,811,0.150,-0.64,0.796,-37.23,48.27,-79.98,R
,467221,1187,0,3822,0.09,-0.47,0.848,-23.93,89.69,-70.47,R
,467231,1191,0,048,0.018,-0.44,0.873,21.01,89.67,-74.06,R
,467291,1249,0,4095,0.19,-0.31,0.655,-8.78,3605,-70.6,R
,467311,1327,0,095,0.28,-0.263,0.718,23.18,30.48,-74.01,R
,467321,1321,0,818,0.203,-0.23,0.814,-36.77,34.41,-78.64,R
,467331,1329,0,095,0.122,-0.23,0.932,-56.42,38.21,-72.87,R
,467371,1321,0,067,0.040,-0.30,1.529,-53.35,45.35,-6.58,R
,467481,1245,0,3817,0.14,-0.32,1.458,8.85,-30.88,13.03,R
,467491,1233,0,095,0.17,-0.30,1.393,15.23,-36.36,13.21,R
,467521,1247,0,811,0.080,-0.34,1.240,4.04,-45.70,22.45,R
,467561,1150,0,811,0.057,-0.37,1.151,0.45,-48.60,33.94,R
,467571,1152,0,095,0.07,-0.354,1.128,0.93,-4.23,35.4,R
,467611,1095,0,095,-0.50,-0.415,1.089,25.09,-44.63,42.13,R
,467631,1131,0,095,-0.043,-0.480,1.020,33.89,-53.32,42.39,R
,467841,1157,0,3822,-0.06,-0.50,0.574,-19.01,28.01,-8.87,R
,467861,1196,0,3807,-0.64,-0.56,0.640,-33.70,22.85,-12.27,R
,467931,1198,0,4095,-0.27,-0.53,0.780,-32.57,38.54,-37.52,R
,467951,1198,0,3995,0.008,-0.52,0.764,39.30,28.34,-40.38,R
,467971,1232,0,4095,0.052,-0.52,0.733,29.43,3.28,-3232,R
,467991,1233,0,4095,0.15,-0.43,0.700,-18.78,50.21,-25.09,R
,468011,1275,0,4095,0.142,-0.42,0.794,27.35,5.07,-3728,R
,468021,1293,0,3815,0.01,-0.44,0.850,33.72,54.27,-43.17,R
,468071,1242,0,095,0.025,-0.35,1.422,39.99,4.45,-1839,R
,468131,1214,0,4095,0.09,-0.27,1.686,3.20,1386,-3.5,R
,468191,1237,0,095,0.10,-0.33,1.251,0.07,-2.94,0.16,R
,468201,1251,0,805,0.17,-0.32,1.192,24.04,-24.65,0.72,R
,468211,1249,0,095,0.02,-0.32,1.153,4.06,-2.12,4.89,R
,468221,1271,0,824,0.16,-0.323,1.121,21.95,-25.50,9.62,R
,468261,1254,0,819,0.01,-0.37,1.115,15.90,-23.93,23.35,R
,468271,1255,0,4095,0.04,-0.38,1.148,7.90,-2.14,27.59,R
,468331,1207,0,4095,-0.069,-0.435,1.146,25.14,-32.01,32.71,R
,468421,1196,0,3819,-0.51,-0.58,0.698,48.94,-8.40,2362,R
,468471,1178,0,4095,0.06,-0.50,0.315,1.55,-2.11,29.1,R
,468501,1101,0,3813,-0.07,-0.48,0.297,-21.79,13.69,19.81,R
,468531,1006,0,095,0.07,-0.72,0.489,-11.43,3.15,-6.76,R
,468671,1180,0,4079,-0.12,-0.50,0.804,-29.12,8.16,-3.22,R
,468761,1268,0,825,0.19,-0.37,0.792,-31.58,23.86,-49.63,R
,468801,1292,0,3821,0.07,-0.35,1.119,34.28,55.49,-34.09,R
,468961,1200,0,823,0.00,-0.31,1.157,0.09,-3.60,12.68,R
,468971,1200,0,4095,0.01,-0.35,1.149,19.84,-3.12,14.3,R
,468981,1209,0,838,0.06,-0.377,1.136,20.33,-44.60,16.6,R
,469001,1212,0,3831,0.04,-0.40,1.134,7.45,-4.36,25.81,R
,469141,1181,0,835,-0.29,-0.58,0.806,48.32,-45.20,3639,R
,469171,1155,0,4095,-0.68,-0.51,0.544,42.86,-52.97,25.64,R
,469181,1145,0,834,0.01,-0.51,0.436,5.66,-5.43,21.30,R
,469191,1123,0,4095,0.08,-0.53,0.396,32.94,-51.99,20.71,R
,469221,1097,0,3831,0.114,-0.56,0.177,18.33,-15.08,17.15,R
,469261,917,0,331,0.03,-0.621,0.440,-2.77,21.31,-12.21,R
,469411,1207,0,4095,-0.013,-0.444,0.865,-12.14,38.74,-36.80,R
,469421,1198,0,840,-0.23,-0.45,0.831,-19.03,0.80,-3.09,R
,469481,1263,0,834,0.04,-0.44,0.713,-27.52,23.92,-50.82,R
,469501,1270,0,837,0.14,-0.40,0.683,-19.58,31.05,-56.99,R
,469511,1279,0,077,0.09,-0.45,0.728,-14.69,3.39,-5053,R
,469521,1277,0,842,0.13,-0.23,0.959,-35.93,41.03,-58.64,R
,469551,1203,0,030,-0.60,-0.302,1.592,-53.81,53.95,-28.04,R
,469581,1232,0,3843,-0.36,-0.31,2.000,-13.82,36.74,-7.14,R
,469611,1167,0,4014,-0.096,-0.27,1.776,6.82,-1.32,-8.06,R
,469621,1162,0,3839,0.07,-0.33,1.762,.45,-2025,-12.19,R
,469661,1211,0,840,0.10,-0.32,1.302,25.14,-23.29,0.13,R
,469671,1203,0,3980,0.13,-0.34,1.230,22.93,-23.29,5.13,R
,469681,1203,0,841,0.03,-0.32,1.193,17.08,-2.25,7.3,R
,469731,1087,0,968,-0.023,-0.45,1.223,23.20,-30.59,22.80,R
,469751,1091,0,001,-0.43,-0.43,1.208,26.18,-23.23,27.32,R
,469771,958,0,354,-0.12,-0.49,1.143,20.88,-2.60,26.8,R
,469781,1007,0,3846,-0.15,-0.58,1.183,22.50,-29.79,27.39,R
,469791,976,0,4053,-0.16,-0.52,1.143,29.35,-34.13,25.27,R
,469851,962,0,427,-0.20,-0.49,0.819,56.80,-54.91,11.38,R
,469891,983,0,3994,-0.047,-0.514,0.445,4.13,-6.32,5.6,R
,469911,971,0,413,0.05,-0.354,0.254,3.21,-52.08,-3.66,R
,469921,1058,0,3861,0.14,-0.51,0.227,53.23,-64.63,-7.71,R
,469951,1174,0,959,0.05,-0.49,0.143,18.51,-25.81,-13.61,R
,470161,1234,0,3868,0.09,-0.39,0.991,-25.56,43.64,-3222,R
,470171,1245,0,854,0.02,-0.38,0.960,-30.04,39.44,-30.27,R
,470191,1232,0,846,0.17,-0.39,0.896,-32.63,25.75,-26.99,R
,470201,1232,0,859,0.17,-0.38,0.865,-26.83,19.78,-27.74,R
,470241,1241,0,870,0.36,-0.24,0.650,-4.39,11.73,-37.5,R
,470251,1258,0,873,0.231,-0.22,0.753,-16.48,21.31,-34.38,R
,470281,1214,0,876,0.00,-0.360,1.155,57.07,2.98,-8.7,R
,470291,1172,0,3843,0.17,-0.17,1.450,-71.99,30.10,-7.48,R
,470401,1249,0,3874,0.14,-0.31,1.309,27.60,-36.89,24.72,R
,470411,1259,0,861,0.16,-0.327,1.223,7.45,-32.86,26.81,R
,470481,1230,0,874,0.02,-0.41,1.092,31.31,-35.26,44.19,R
,470521,1230,0,3881,-0.37,-0.40,1.061,29.81,-33.09,4869,R
,470561,1164,0,899,-0.36,-0.44,0.997,25.58,-38.63,43.93,R
,470571,1074,0,900,-0.20,-0.57,0.969,29.87,-49.11,41.59,R
,470581,1122,0,898,-0.04,-0.58,0.888,39.69,-57.17,3901,R
,470601,1133,0,887,-0.80,-0.519,0.721,54.32,-60.65,3320,R
,470621,1211,0,3893,0.00,-0.52,0.524,3.29,-48.45,21.96,R
,470641,1229,0,3899,0.18,-0.46,0.322,48.51,-30.13,21.9,R
,470731,1214,0,821,-0.38,-0.64,0.578,7.14,11.96,-0.91,R
,470761,1216,0,3888,-0.146,-0.531,0.603,-12.13,28.44,-1.49,R
,470851,1187,0,809,-0.38,-0.520,0.797,-24.36,37.64,-3.61,R
,470861,1216,0,3926,-0.014,-0.486,0.792,-28.51,0.83,-3.06,R
,470911,1329,0,3815,0.16,-0.48,0.692,33.82,4.15,-34.01,R
,470921,1334,0,3968,0.13,-0.46,0.668,-32.52,40.08,-4077,R
,470951,1388,0,817,0.124,-0.33,0.801,-37.61,27.92,-5651,R
,470981,1339,0,923,-0.37,-0.47)rbjrbrbjrbRJH470991,1248,0,803,0.04,-0.329)rbjrbrbjrbR
,471111,1221,0,3806,0.07,-0.32,1.337,9.45,-14.86,12.9,R
,471131,1249,0,802,0.067,-0.34,1.257,4.47,-2.16,16.65,R
,471161,1308,0,3974,0.038,-0.36,1.164,8.88,-4.56,18.3,R
,471191,1297,0,3801,0.036,-0.373,1.094,31.72,-40.56,28.8,R
,471391,1183,0,3805,0.274,-0.425,0.155,2.80,-27.41,10.4,R
,471451,1166,0,790,0.04,-0.57,0.534,.01,8.8,5.23,R
,471521,1203,0,3984,-0.23,-0.58,0.773,-27.35,37.58,-551,R
,471531,1201,0,801,-0.24,-0.504,0.814,-22.97,39.11,-842,R
,471551,1206,0,3806,-0.15,-0.493,0.870,-15.55,2.45,-18.76,R
,471561,1206,0,967,-0.013,-0.482,0.877,-17.73,42.31,-2.36,R
,471601,1231,0,3958,0.02,-0.44,0.896,26.17,3.72,-2604,R
,471611,1247,0,808,0.06,-0.44,0.880,24.14,3.85,-27.54,R
,471631,1232,0,3802,0.02,-0.410,0.815,-15.76,34.22,-3201,R
,471641,1245,0,3973,0.13,-0.39,0.772,12.63,32.99,-3091,R
,471691,1243,0,3806,0.146,-0.276,0.704,-27.88,11.34,-4949,R
,471721,1223,0,993,0.025,-0.243,0.992,-44.42,26.42,-3439,R
,471831,582,0,3797,-0.06,-0.29,1.448,6.61,-1.45,20.72,R
,471911,577,0,306,0.09,-0.396,1.095,12.09,-20.82,37.0,R
,471941,538,0,4015,0.034,-0.428,1.065,21.81,-32.21,41.3,R
,472011,880,0,395,-0.03,-0.44,1.152,1.69,-4.72,48.5,R
,472051,1003,0,789,0.01,-0.57,1.117,4.51,-52.68,23.7,R
,472081,1088,0,4095,0.12,-0.69,1.026,.24,-50.10,24.8,R
,472131,1115,0,3795,0.23,-0.788,0.882,16.88,-6.84,-8.97,R
,472151,1136,0,3795,0.25,-0.730,0.709,.70,-7462,-21.16,R
,472161,1121,0,095,0.16,-0.87,0.784,6.04,-77.40,-28.2,R
,472171,1127,0,3792,0.20,-0.69,0.617,6.94,-7.11,-3473,R
,472231,682,0,3799,0.062,-0.467,0.385,-60.77,-32.39,-6384,R
,472241,486,0,4080,-0.014,-0.466,0.393,-71.01,-28.98,-6.28,R
,472301,496,0,483,-0.13,-0.31,0.552,49.81,-3.53,-29.55,R
,472401,1023,0,095,0.17,-0.396,0.622,30.20,-.47,9.06,R
,472481,1343,0,4095,0.35,-0.535,0.674,-46.39,1.06,6.16,R
,472491,1327,0,792,0.34,-0.52,0.726,52.31,2.42,5.9,R
,472501,1329,0,4095,0.39,-0.585,0.787,-48.49,2.34,7.04,R
,472541,1243,0,095,0.38,-0.66,1.221,41.65,654,-10.06,R
,472581,1264,0,4095,0.257,-0.495,1.667,-24.02,16.02,8.52,R
,472621,1136,0,4095,0.23,-0.516,1.628,12.73,-4.42,11.68,R
,472631,1168,0,3797,0.20,-0.393,1.424,11.20,-3.15,18.23,R
,472641,1145,0,4095,0.29,-0.493,1.414,.27,-1595,14.9,R
,472661,1123,0,095,0.320,-0.522,1.251,9.77,-29.46,16.6,R
,472681,1109,0,4095,0.299,-0.523,1.178,21.20,-31.03,18.8,R
,472721,1149,0,095,0.24,-0.512,1.051,19.90,-4.06,25.85,R
,472731,1135,0,799,0.21,-0.52,1.048,8.33,-4.75,28.14,R
,472741,1133,0,4095,0.29,-0.546,1.067,8.21,-4.85,29.1,R
,472751,1043,0,3792,0.22,-0.559,1.083,15.90,-46.01,30.6,R
,472781,890,0,4095,0.069,-0.613,1.090,19.89,-51.99,30.68,R
,472801,911,0,4095,0.03,-0.647,1.035,35.67,-68.18,27.4,R
,472831,1040,0,795,0.12,-0.58,0.752,9.92,-73.00,22.3,R
,472841,1073,0,4095,0.044,-0.618,0.688,40.48,-72.10,21.6,R
,472851,1087,0,3797,0.03,-0.609,0.653,36.62,-69.43,19.9,R
,472881,1237,0,095,0.10,-0.642,0.397,26.39,-50.60,20.05,R
,472901,1232,0,095,0.19,-0.635,0.228,16.18,-40.92,17.94,R
,472911,1173,0,792,0.12,-0.634,0.222,1.60,-3.01,17.8,R
,472971,928,0,3788,0.166,-0.748,0.193,-9.85,-13.92,11.50,R
,472981,1007,0,095,0.11,-0.789,0.229,-8.80,-6.71,12.2,R
,472991,1014,0,792,0.24,-0.780,0.332,9.47,-092,10.7,R
,473091,932,0,393,0.29,-0.716,0.527,-21.62,36.56,-11.1,R
,473211,1059,0,3798,0.39,-0.638,0.733,-16.52,21.67,-3996,R
,473221,1045,0,4095,0.34,-0.573,0.666,-18.42,12.59,-4348,R
,473281,1071,0,4095,0.13,-0.404,1.229,-28.81,34.53,-26.18,R
,473311,1053,0,793,0.11,-0.303,1.572,-16.78,36.89,-0.65,R
,473371,1120,0,3806,0.362,-0.500,1.497,.45,-26.66,31.6,R
,473381,1127,0,095,0.31,-0.528,1.377,21.00,-29.69,36.57,R
,473491,1095,0,801,0.38,-0.840,1.064,19.19,-43.09,53.96,R
,473581,1151,0,4095,0.275,-0.95,0.581,14.95,-0.65,6.7,R
,473661,1106,0,095,0.10,-0.82,0.216,45.68,-3.92,-4.37,R
,473811,1159,0,803,0.18,-0.597,0.386,-41.47,5.93,-24.4,R
,473831,1191,0,3810,0.192,-0.575,0.380,-38.08,6.48,-18.6,R
,473861,1327,0,4095,0.290,-0.55,0.397,44.34,22.74,-17.51,R
,473911,1386,0,813,0.44,-0.57,0.354,-30.36,29.20,-1181,R
,473941,1399,0,4095,0.48,-0.61,0.453,38.16,36.33,-1256,R
,473971,1391,0,3809,0.498,-0.620,0.630,-45.00,32.57,-1513,R
,473981,1383,0,4095,0.491,-0.681,0.696,-47.14,36.59,-1360,R
,474031,1351,0,805,0.36,-0.73,1.427,26.98,3.61,15.7,R
,474041,1341,0,4095,0.419,-0.73,1.514,18.23,2.68,16.7,R
,474071,1323,0,3810,0.466,-0.75,1.489,.95,8.41,17.59,
,474121,1338,0,4095,0.522,-0.764,1.104,38.44,-18.69,16.1,R
,474141,1379,0,4095,0.48,-0.69,0.978,6.90,-2.27,22.0,R
,474151,1375,0,3798,0.477,-0.72,0.968,2.45,-3.78,25.39,R
,474171,1370,0,3807,0.45,-0.76,0.950,6.33,-4.76,22.13,R
,474181,1375,0,095,0.45,-0.80,0.933,9.70,-5.12,23.7,R
,474221,1393,0,095,0.343,-0.791,0.817,37.49,-48.10,30.6,R
,474291,1371,0,3808,0.208,-0.848,0.475,39.93,-41.41,20.2,R
,474401,1133,0,4095,0.271,-0.852,-0.049,3.00,-13.47,-1696,R
,474441,1156,0,4095,0.223,-0.858,-0.011,-2.94,39.12,-9.2,R
,474461,1167,0,095,0.17,-0.823,0.118,6.33,43.78,-11.7,R
,474501,1243,0,095,0.23,-0.86,0.290,19.15,4.77,-28.30,R
,474511,1245,0,820,0.29,-0.84,0.306,24.59,4.82,-26.47,R
,474521,1265,0,095,0.26,-0.81,0.332,26.80,5.35,-23.08,R
,474541,1290,0,4095,0.25,-0.833,0.438,23.67,75.70,-2192,R
,474551,1299,0,3811,0.232,-0.819,0.478,-20.43,75.40,-23.23,R
,474671,1325,0,3810,0.40,-0.746,0.522,-44.46,28.99,-5534,R
,474711,1312,0,3815,0.363,-0.616,0.993,-49.81,53.05,-3468,R
,474721,1328,0,4095,0.380,-0.620,1.139,-46.49,53.78,-3313,R
,474771,1339,0,3815,0.411,-0.621,1.634,-22.30,30.56,-1.8,R
,474841,1343,0,095,0.46,-0.651,1.116,23.57,-19.92,13.7,R
,474881,1315,0,4095,0.489,-0.621,0.905,27.16,-4.60,19.53,R
,474941,1281,0,095,0.42,-0.74,0.875,9.70,-4.17,35.38,R
,475061,1152,0,095,0.47,-1.13,0.337,24.63,-7.56,-16.18,R
,475071,1183,0,3817,0.408,-1.120,0.291,-30.52,-50.28,-2.85,R
,475081,1168,0,4095,0.37,-1.094,0.236,-37.06,-52.91,-3.30,R
,475101,1149,0,095,0.30,-1.01,0.112,44.77,-49.98,-4.53,R
,475131,1075,0,826,0.29,-0.896,0.026,-53.46,-43.09,-5.99,R
,475181,1057,0,095,0.27,-0.73,-0.044,-52.94,-31.58,-6.67,R
,475281,1079,0,074,0.27,-0.51,0.146,49.38,181,-14.0,R
,475311,1066,0,829,0.34,-0.554,0.207,-43.44,28.89,9.9,R
,475321,1063,0,095,0.32,-0.56,0.212,44.60,3.56,4.31,R
,475421,1196,0,021,0.66,-0.672,0.354,-26.02,29.00,-4.96,R
,475431,1213,0,834,0.55,-0.638,0.393,28.25,3.25,-5.4,R
,475571,1297,0,826,0.63,-0.78,0.788,5.58,-1.02,13.3,R
,475581,1280,0,069,0.63,-0.79,0.710,3.03,-1.89,17.6,R
,475651,1361,0,831,0.50,-0.730,0.569,26.27,-3.88,25.6,R
,475681,1363,0,4051,0.59,-0.752,0.542,28.16,-31.11,36.75,R
,475721,1371,0,032,0.46,-0.842,0.612,20.71,-47.44,30.48,R
,475801,1402,0,4046,0.288,-0.906,0.292,43.31,-39.21,24.2,R
,475871,1206,0,834,0.30,-0.750,-0.318,47.67,-2.05,-407,R
,475891,1169,0,3835,0.35,-0.747,-0.407,19.43,-4.30,1022,R
,475941,1306,0,003,0.37,-0.886,-0.087,13.60,1.72,-21.14,R
,475951,1335,0,3841,0.391,-0.948,-0.128,23.45,8.56,-6.7,R
,476031,1414,0,3836,0.42,-0.936,0.273,10.14,4.11,-3.6,R
,476091,1435,0,839,0.49,-0.887,0.325,-24.72,36.11,-11.13,R
,476101,1439,0,986,0.43,-0.888,0.316,-22.84,35.57,-13.51,R
,476131,1435,0,3838,0.439,-0.806,0.338,-19.44,31.61,-1752,R
,476161,1441,0,983,0.50,-0.824,0.302,-26.16,26.02,-1847,R
,476241,1357,0,938,0.64,-0.774,0.355,-35.41,21.58,-40.21,R
,476451,1381,0,884,0.56,-0.694,0.363,27.05,-27.89,23.0,R
,476501,1374,0,877,0.50,-0.74,0.336,1.90,-31.20,32.98,R
,476531,1367,0,867,0.46,-0.751,0.385,15.48,-22.01,41.3,R
,476591,1338,0,3867,0.42,-0.842,0.422,16.50,-34.94,37.35,R
,476601,1328,0,3882,0.46,-0.836,0.413,19.38,-35.75,33.4,R
,476611,1329,0,3866,0.47,-0.838,0.431,22.73,-32.60,33.52,R
,476621,1328,0,859,0.46,-0.824,0.430,24.35,-27.32,35.3,R
,476651,1321,0,885,0.46,-0.802,0.457,20.73,-17.38,42.6,R
,476661,1354,0,850,0.34,-0.812,0.476,13.61,-21.06,45.04,R
,476701,1383,0,3856,0.43,-0.873,0.534,21.16,-52.28,39.07,R
,476841,1367,0,839,0.32,-0.820,0.556,25.20,-39.21,36.68,R
,476881,1365,0,837,0.32,-0.812,0.577,19.17,-47.84,32.3,R
,476921,1392,0,815,0.20,-0.836,0.625,19.83,-44.43,43.0,R
,476931,1378,0,920,0.28,-0.888,0.613,25.48,-43.00,45.3,R
,476961,1391,0,824,0.20,-0.937,0.556,44.33,-56.76,40.3,R
,477121,624,0,301,0.10,-1.103,0.102,117.93,-40.63,19.23,R
,477171,311,0,354,-0.06,-1.149,0.039,124.41,-28.30,-4.46,R
,477241,396,0,3799,-0.02,-0.98,0.092,58.50,7.19,-8113,R
,477331,320,0,368,-0.16,-0.569,0.398,146.15,52.59,-18.78,R
,477361,330,0,3790,-0.227,-0.425,0.472,134.07,86.95,-21.73,R
,477401,381,0,395,-0.32,-0.307,0.699,138.76,18.68,-21.13,R
,477441,341,0,3808,-0.33,-0.07,0.739,45.09,19.35,-23.90,R
,477461,202,0,399,-0.42,-0.026,0.841,121.99,118.18,-21.87,R
,477481,729,0,394,-0.47,0.012,0.939,102.82,104.99,-251.63,R
,477631,1203,0,3975,-0.571,0.679,1.365,14.82,14.51,-20218,R
,477651,1191,0,982,-0.49,0.70,1.403,.47,-2.0,-189.7,R
,477671,1124,0,3985,-0.506,0.724,1.393,5.32,-12.60,-17508,R
,477751,1049,0,965,-0.42,0.699,1.209,17.46,-50.37,-117.09,R
,477841,273,0,315,-0.18,0.624,0.887,62.53,-58.16,-77.66,R
,477901,299,0,3825,-0.228,0.662,0.838,87.37,-31.46,-23.5,R
,477991,308,0,3937,-0.142,0.646,0.810,68.09,-30.89,-4.1,R
,478161,304,0,334,0.01,0.582,.708,2928,-2.0,21.27,R
,478281,246,0,3824,0.053,0.547,0.669,30.44,-3.08,9.88,R
,478291,258,0,3978,0.130,0.522,0.639,23.54,-6.21,6.43,R
,478321,!bbb¢brbrbrʒbjrbjrbJ478331,271,0,353,0.16,0.513,.648,9.6,-3.37-15.45,R
,478591,239,0,311,-0.38,0.585,0.731,40.47,56.53,-1.19,R
,478641,26,0,385,-0.49,0.688,.820,58.19,34.66,-0.77,R
,478691,624,0,340,-0.44,0.724,0.710,54.19,36.60,14.29,R
,479111,586,0,398,-0.21,0.860,0.537,-0.01,-6.95,3.04,R
,479161446,0,38bjrbrbrbjrbrbrʪbRJ479171430,0,341,-0.238,0.8230.534,-.27,-5.18,4.11,
,479241,438,0,320,-0.20,0.832,0.500,7.83,-9.66,1.20,R
,479251,434,0,397,-0.26,0.841,0.496,541,-5.0,1.09,R
,479271,475,0,394,-0.10,0.837,0.496,3.58,-1.1,-1.60,
,479301,586,0,3822,-0.22,0.830,0.504,-10.66,-5.96,-7.71,R
,479411,601,0,302,-0.27,0.834,0.545,-1.10,-686,-10.0,R
,479431,592,0,392,-0.25,0.812,0.553,-9.72,-11.11,-5.7,R
,479501,592,0,392,-0.20,0.799,0.574,-2.54,-1175,-10.1,R
,479581,575,0,3779,-0.23,0.833,0.572,-0.77,-2.14,1.35,R
,479721,590,0,382,-0.21,0.812,0.582,-7.03,-0.2,2.16,
,479801,605,0,381,-0.24,0.786,0.572,-2.97,2.31,3.29,R
,479841606,0,37#bjrbrʚbrʢbjrbjrbrbRJ479851598,0,341,-0.219,0.8040.604,-4.55,-4.18,0.39,R
,479981,597,0,324,-0.28,0.791,0.585,-1.68,-3.8,0.19,
,480001,599,0,317,-0.27,0.803,0.580,0.99,-0.5,1.47,R
,480031,591,0,307,-0.20,0.808,0.582,-0.65,-0.6,1.71,
,480151,601,0,383,-0.21,0.817,0.575,0.32,2.24,2.13,R
,480171,599,0,3886,-0.27,0.812,0.579,-1.18,0.99,0.11,R
,480181,601,0,3823,-0.21,0.805,0.583,-1.87,-0.54,-0.96,R
,480191,610,0,387,-0.23,0.790,0.594,0.12,-1.27,-1.34,
,480211,605,0,3888,-0.25,0.787,0.584,0.38,-2.60,-0.65,
,480481,595,0,323,-0.219,0.807,0.589,111,0.24,0.26,R
,480541,592,0,324,-0.26,0.809,0.581,1.28,-1.64,-0.77,
,480631,594,0,387,-0.16,0.805,0.567,3.63,0.37,-0.41,R
,480641,abbbjrʪbrbrbrbjrbjrbRJ480651597,0,388,-0.24,0.804,0.575,0.77,-3.66,-1.64,
,481031,603,0,3870,-0.199,0.794,0.556,-1.56,0.3,-0.13,
,481391,576,0,3865,-0.213,0.798,0.585,-2.17,2.4,0.43,R
,481431,577,0,358,-0.23,0.808,0.591,-0.92,-0.8,0.14,
,481541587,0,393,-0.14,0.798,0.579,-0.80,0.1,0.16,"R481551",Qbbʒbjrbrʪbrbjrbrbjrb
