wallclock_iso,t_ms,fsr1,fsr2,emg,ax,ay,az,gx,gy,gz,mode
,142541,0,0,1899,-0.255,0.309,0.913,14.20,6.46,-6.35,F
,1425421,0,0,1805,-0.27,0.321,.905,14.33,8.78,-7.51,F
,1425441,0,0,1863,-0.297,0.337,0.926,12.64,10.5,-4.62,
,1425461,0,0,1951,-0.293,0.368,.964,12.81,11.5,-2.01,
,142548,0,0,1888,-0.291,0.369,0.971,17.69,5.45,-2.44,F
,142549,0,0,1819,-0.284,0.382,0.951,23.34,2.23,-2.25,F
,1425521,0,0,1808,-0.762,0.436,0.770,-19.70,-12.24,-14.99,F
,1425541,0,0,1792,-0.187,0.448,0.831,-128.96,-133.71,-51.81,F
,142555,0,0,1854,-0.239,0.419,0.792,-15.29,-7.03,-1432,F
,1425601,0,0,1647,-0.235,0.060,1.074,118.04,143.38,65.8,F
,142561,0,0,1877,-0.283,0.088,.055,143.78,15629,74.9,F
,142563,0,0,1963,-0.275,0.237,0.811,106.59,11507,59.9,F
,1425641,0,0,1822,-0.244,0.367,0.916,53.60,90.78,27.04,
,142565,0,0,191,-0.35,0.350,.854,16.35,64.08,8.33,F
,1425681,0,0,1869,-0.333,0.253,0.874,-4.56,-2748,-1.9,F
,142569,0,0,1584,-0.255,0.181,0.915,-55.39,-42.96,-6.74,F
,142572,0,0,1907,-0.144,0.171,0.965,-35.70,-11.03,-25.81,F
,142573,0,0,1894,-0.187,0.165,0.982,-21.50,10.16,-22.7,F
,142575,0,0,176,-0.281,0.204,1.038,2.94,41.42,-9.51,F
,142579,0,0,1744,-0.344,0.269,.024,-848,13.7,-16.83,a5
,1425821,0,0,1930,-0.371,0.267,0.987,-5.09,-13.5,-25.5,F
,1425881,0,0,1830,-0.394,0.257,0.962,-8.00,0.43,-15.98,
,142591,0,0,1663,-0.405,0.213,0.931,-5.00,-1.72,-9.57,F
,142595,0,0,169,-0.37,0.283,.979,-15.35,-1.8,3.58,
,142602,0,0,1779,-0.289,0.165,1.020,-29.35,-9.31,24.46,F
,142603,0,0,1958,-0.271,0.134,1.012,-30.72,-12.24,25.33,F
,1426061,0,0,2097,-0.154,0.066,.947,-2.64,-2229,24.9,F
,1426081,0,0,2146,-0.124,0.108,0.928,-23.50,-14.82,29.8,F
,1426151,0,0,215,-0.126,0.017,.048,-3.79,-5.8,20.16,F
,142616,0,0,2075,-0.143,0.007,1.034,-3.20,-8.7,20.95,a5
,1426181,0,0,1956,-0.134,0.052,1.019,-23.00,-7.81,21.73,F
,142619,0,0,1977,-0.153,0.049,.001,-2.35,-8.6,19.76,F
,142621,0,0,1893,-0.162,0.029,0.938,-18.03,-11.97,15.8,F
,1426221,0,0,219,-0.164,0.021,0.947,-1.96,-9.48,15.90,F
,142628,0,0,1796,-0.188,-0.041,1.016,-12.48,13.30,19.5,F
,142631,0,0,1749,-0.187,-0.045,1.025,-.80,8.5,6.66,F
,142632,0,0,1732,-0.207,-0.056,1.039,-.19,9.1,4.13,"F142633	b¢bjrʚbjrbrbrbrbrb25"
,142635,0,0,1883,-0.194,-0.007,1.046,871,15.3,6.51,F
,142638,0,0,1858,-0.19,0.024,.059,-057,11.5,8.10,F
,142640,0,0,1623,-0.185,0.018,1.063,-7.82,4.39,10.48,F
,142641,0,0,1924,-0.169,0.003,1.064,-1.26,1.3,10.77,F
,1426461,0,0,1967,-0.073,-0.031,1.036,-2.78,2.28,13.13,F
,142647,0,0,1855,-0.066,-0.040,1.012,-.71,1.8,12.52,
,1426481,0,0,1802,-0.043,-0.051,0.992,-9.30,-0.74,7.96,F
,142650,0,0,2015,-0.068,-0.085,0.968,-.30,-3.8,3.44,
,1426551,0,0,1936,-0.115,-0.109,0.952,-.87,3.5,-3.54,F
,1426561,0,0,1914,-0.135,-0.118,0.966,-2.31,5.91,-4.54,F
,1426571,0,0,1989,-0.150,-0.145,0.976,-1.39,7.2,-5.00,F
,1426621,0,0,1875,-0.129,-0.123,1.014,-1.09,18.4,-4.41,F
,1426641,0,0,191,-0.135,-0.106,1.017,227,20.1,-2.24,F
,142667,0,0,1776,-0.140,-0.090,0.992,-5.88,15.74,1.36,F
,142670,0,0,1947,-0.11,-0.062,0.970,-16.40,8.9,6.74,FH142671	bbjʪbjrbrʺbjrbrbrb25
,1426761,0,0,1891,-0.106,-0.133,0.975,-9.84,21.29,21.4,F
,1426771,0,0,190,-0.100,-0.135,0.972,-7.61,1993,22.29,F
,1426791,0,0,2028,-0.079,-0.135,0.985,-27.10,2086,22.2,F
,142688,0,0,1893,-0.23,-0.144,0.956,-74.43,1046,43.6,F
,142693,0,0,1773,-0.165,-0.347,0.979,-9.45,23.36,53.71,F
,1426941,0,0,1746,-0.179,-0.356,0.964,-6.71,2321,55.35,F
,1426991,0,0,1872,-0.07,-0.524,1.014,-47.04,10.03,47.4,F
,1427011,0,0,1684,-0.073,-0.642,1.049,-5.09,1625,38.20,F
,1427041,0,0,183,-0.09,-0.647,1.052,9.13,30.9,19.41,
,1427101,0,0,185,-0.17,-0.601,1.083,4.92,20.4,-22.50,F
,1427131,0,0,167,-0.230,-0.586,1.127,6.38,22.55,-37.3,F
,1427141,0,0,189,-0.23,-0.560,1.142,77.28,22.3,-41.2,F
,142715,0,0,1708,-0.252,-0.549,1.135,92.44,21.9,-45.2,F
,1427161,0,0,1747,-0.261,-0.518,1.139,98.45,15.00,-50.7,F
,142718,0,0,1711,-0.262,-0.492,1.108,93.13,-7.0,-62.4,F
,1427191,0,0,173,-0.305,-0.482,1.125,92.29,-16.87,-66.7,F
,142723,0,0,1842,-0.228,-0.457,1.077,11.52,-3.89,-81.05,F
,1427261,0,0,2222,-0.250,-0.461,1.081,18.91,-43.08,-102.51,F
,1427271,0,0,1636,-0.255,-0.437,1.087,19.45,-47.72,-10.20,F
,1427281,0,0,1940,-0.273,-0.438,1.104,10.59,-56.96,-11.76,F
,142729,0,0,1889,-0.28,-0.433,1.132,123.62,-6.77,-11.25,F
,1427321,0,0,2019,-0.185,-0.394,1.151,10.50,-83.84,-11.44,F
,1427331,0,0,169,-0.144,-0.373,1.127,17.46,-78.76,-12.16,F
,1427381,0,0,198,-0.135,-0.156,1.026,126.42,-78.15,-12.54,F
,1427391,0,0,2537,-0.086,-0.146,0.969,14.68,-85.23,-13.23,F
,1427421,0,0,210,-0.016,-0.157,0.868,9.97,-83.49,-14477,F
,142743,0,0,1963,-0.013,-0.151,0.840,10.39,-77.84,-149.05,F
,1427481,0,0,2260,-0.033,0.014,0.679,8033,-35.63,-148.6,F
,1427491,0,0,239,-0.004,0.039,0.648,7026,-30.87,-145.2,F
,142753,0,0,1941,0.065,0.162,0566,21.04,-20.6,-140.68,F
,1427551,0,0,164,0.097,0.123,0.532,-9.3,-15.69,-138.0,F
,1427581,0,0,536,0.113,0.066,0.68,-42.05,-15.81,-137.5,F
,1427601,0,0,876,0.090,0.064,0.593,-35.84,-17.7,-134.0,F
,142763,0,0,1665,-0.019,0.201,.767,-48.66,25.7,-129.86,F
,1427641,0,0,1443,-0.102,0.232,.848,-59.10,41.5,-128.32,F
,142765,0,0,190,-0.157,0.223,0.912,-7.13,48.97,-127.4,F
,142769,0,0,1771,-0.246,0.088,.089,-68.17,16.3,-123.13,F
,142771,0,0,2069,-0.247,0.119,1.161,-60.28,11.5,-117.08,F
,142773,0,0,1698,-0.273,0.198,.299,-70.17,29.9,-109.7,F
,1427751,0,0,2083,-0.330,0.144,1.515,-76.63,43.2,-97.37,F
,142778,0,0,1937,-0.389,0.075,.696,-3.20,60.7,-64.70,F
,1427831,0,0,1786,-0.25,0.059,1.787,2433,1.49,-58.38,
,142785,0,0,182,-0.141,0.061,1.562,46.59,3.50,-60.21,
,142789,0,0,1842,-0.237,0.176,1.309,78.68,-13.54,-46.3,F
,142793,0,0,174,-0.072,0.140,.038,124.23,1.5,-50.32,F
,142795,0,0,1748,-0.261,0.272,0.866,142.97,-4679,-53.66,F
,1427971,0,0,158,-0.129,0.354,0.549,132.93,-6705,-54.62,F
,142800,0,0,1785,-0.262,0.476,0.503,8658,-59.49,-41.7,F
,1428011,0,0,1662,-0.17,0.455,0.449,6939,-65.08,-36.8,F
,1428041,0,0,1850,-0.170,0.313,0.594,47.84,-85.3,-37.75,F
,1428051,0,0,166,-0.157,0.282,0.615,55.78,-92.8,-40.88,F
,142808,0,0,1701,-0.206,0.462,.466,6311,-60.16,-30.5,F
,142815,0,0,1839,-0.133,0.592,0.127,1794,24.42,11.26,F
,142818,0,0,1881,-0.006,0.592,0.391,1.6,88.14,43.41,F
,142821,0,0,1891,0.012,0.447,0537,-4437,91.15,41.42,
,142822,0,0,194,-0.010,0.448,0.618,-48.83,81.7,40.81,a5
,142823,0,0,181,0.002,0.420,0.704,-51.16,71.7,37.01,F
,142827,0,0,1871,0.052,0.333,0929,-4390,56.08,20.91,
,142829,0,0,1792,0.062,0.271,0.991,-4171,69.93,16.11,H1428301	bbʂbrbrbrbjrbrbrb25
,1428371,0,0,1872,-0.00,0.265,1.052,-4.69,93.99,5.30,
,1428401,0,0,1895,0.008,0.176,1.097,-4336,54.57,-0.96,
,142846,0,0,1840,-0.033,0.190,1.100,-6.54,80.10,-6.50,F
,142855,0,0,1660,-0.171,0.087,1.171,-10.81,77.32,-58.3,F
,142857,0,0,174,-0.260,0.088,1.132,-4.20,77.16,-51.78,F
,142858,0,0,160,-0.290,0.037,1.157,-57.65,69.9,-51.2,F
,142859,0,0,129,-0.34,-0.015,1.207,-0.43,58.45,-52.4,F
,1428601,0,0,1515,-0.37,-0.060,1.252,-6.32,47.47,-50.83,F
,1428621,0,0,1728,-0.316,-0.129,1.252,158,29.8,-43.54,F
,142864,0,0,196,-0.198,-0.075,1.147,22.94,50.6,-44.35,F
,142866,0,0,193,-0.211,-0.016,1.007,1.35,76.98,-55.5,F
,1428681,0,0,1644,-0.27,0.015,0.909,-2.77,106.57,-61.9,F
,142869,0,0,1936,-0.25,-0.008,1.044,-0.67,11.06,-59.64,F
,1428741,0,0,1759,-0.495,-0.165,0.873,-111.45,170.43,-5.83,F
,1428811,0,0,1759,-0.617,-0.400,1.137,23.05,114.13,-6.4,F
,142882,0,0,1817,-0.626,-0.391,0.972,42.10,10002,-9.1,F
,142885,0,0,2128,-0.62,-0.285,0.787,6.61,63.06,-13.86,F
,142886,0,0,187,-0.595,-0.261,0.703,58.75,57.9,-16.7,F
,142888,0,0,190,-0.57,-0.235,0.593,4.34,67.2,-23.31,F
,142889,0,0,183,-0.578,-0.195,0.516,27.98,75.9,-25.6,F
,1428921,0,0,2160,-0.648,-0.203,0.634,2.97,104.65,-22.3,F
,1428941,0,0,1902,-0.776,-0.272,0.702,2.62,11759,-15.05,F
,1428951,0,0,1770,-0.811,-0.250,0.727,34.01,10687,-13.5,F
,1428991,0,0,1866,-0.831,-0.157,0.559,35.17,52.31,-31.7,F
,1429011,0,0,1760,-0.883,-0.144,0.513,1.49,45.1,-23.57,F
,1429081,0,0,1581,-0.906,-0.245,0.546,-3.68,4866,-14.47,F
,142911,0,0,1977,-0.91,-0.280,0.546,-21.09,4303,-11.51,F
,142912,0,0,1932,-0.909,-0.291,0.595,-9.45,34.55,-11.95,F
,142913,0,0,1763,-0.91,-0.252,0.587,-17.16,2472,-11.3,F
,142915,0,0,1906,-0.89,-0.280,0.577,-13.84,2.5,-13.6,F
,142919,0,0,197,-0.789,-0.270,0.493,-2.03,-18.90,-1554,F
,142930,0,0,183,-0.762,-0.480,0.713,-.87,-15.95,-5.4,F
,1429311,65,0,1974,-0.717,-0.44,0.704,.62,-15.35,-0.9,F
,1429331,422,0,018,-0.671,-0.547,0.646,16.32,-10.84,3.0,F
,1429341,494,0,1872,-0.645,-0.518,0.569,24.47,042,4.17,F
,1429411,841,0,911,-0.668,-0.557,0.656,85.45,3.49,18.1,F
,1429521,468,0,995,-0.34,-0.273,0.504,121.40,143.74,8.32,F
,1429531,323,0,712,-0.858,-0.198,0.443,129.28,162.36,16.34,F
,1429551,245,0,917,-0.941,-0.053,0.325,143.08,10.29,11.73,F
,142959,0,0,177,-1.01,0.153,0.162,159.95,26013,210.22,F
,142960,0,0,1573,-1.03,0.184,.089,15.64,255.81,205.0,F
,1429631,0,0,1675,-1.108,0.357,0.029,10.86,18341,181.03,F
,142964,0,0,1559,-1.029,0.358,0.010,8.28,156.17,171.09,F
,1429671,0,0,2075,-0.912,0.500,-0.221,8.87,132.13,160.8,F
,142968,0,0,1743,-0.86,0.432,-0.096,104.65,11.91,14605,F
,142972,0,0,2089,-0.54,0.458,-0.019,122.29,12.89,129.87,F
,142977,13,0,1740,-0.70,0.638,-0.201,73.11,7321,109.1,F
,1429821,0,0,2128,-0.628,0.565,-0.251,8.26,49.3,57.17,F
,1429841,0,0,2047,-0.708,0.701,-0.272,8.65,69.5,61.00,F
,1429861,0,0,1661,-0.704,0.715,-0.243,57.29,46.6,57.18,F
,1429901,0,0,207,-0.646,0.674,-0.196,1.71,14.8,9.81,F
,142993,0,0,1638,-0.60,0.665,-0.217,12.58,-1532,-11.89,F
,142995,0,0,2065,-0.646,0.658,0.202,-0.08,-2509,-24.5,F
,1429981,0,0,1807,-0.71,0.637,-0.163,-9.48,-3154,-28.9,F
,142999,0,0,2061,-0.736,0.637,-0.143,-.28,-22.27,-27.95,F
,1430031,0,0,1990,-0.678,0.595,-0.158,24.13,6.4,-19.48,F
,143004,0,0,1727,-0.666,0.583,0.146,24.41,4.8,-21.63,a5
,1430071,0,0,1895,-0.658,0.570,0.210,11.81,8.1,-35.78,F
,143012,0,0,1920,-0.870,0.569,-0.227,1.61,-0.64,-54.9,F
,143014,0,0,1866,-0.899,0.577,-0.267,0.76,-3.4,-47.84,F
,143018,0,0,2083,-0.842,0.501,0.192,10.01,-1.0,-28.7,F
,1430211,0,0,193,-0.885,0.559,-0.261,2.49,23.85,-39.0,F
,1430221,0,0,207,-0.936,0.584,0.278,20.65,10.5,-47.06,F
,143024,0,0,2274,-0.976,0.584,-0.278,-8.90,-3068,-64.19,F
,143026,0,0,1695,-1.000,0.572,-0.285,-8.14,-9.93,-90.45,F
,143027,0,0,1866,-0.98,0.520,-0.223,-4.98,-123.54,-9.44,F
,1430291,0,0,176,-0.928,0.443,-0.166,-85.96,-11.34,-9.77,F
,1430301,0,0,1857,-0.888,0.400,-0.068,-7.91,-131.02,-9.31,F
,143031,0,0,1872,-0.875,0.410,-0.050,-0.95,-109.64,-8.42,F
,1430361,0,0,194,-0.993,0.441,0.029,0.16,7.45,31.38,F
,143039,0,0,1915,-1.033,0.508,-0.058,-7.15,-63.03,-3942,F
,143041,0,0,1978,-0.922,0.411,0.057,-78.20,-10.15,-48.71,F
,143042,0,0,1805,-0.874,0.413,-0.044,-8.52,-103.52,-5.41,F
,143044,0,0,1846,-0.842,0.266,.087,-80.08,-9784,-53.64,F
,1430461,0,0,171,-0.914,0.277,0.135,-6.13,-80.84,-43.5,F
,1430471,0,0,172,-0.931,0.282,0.142,-5.65,-74.04,-38.83,F
,1430511,0,0,1758,-0.998,0.222,0.274,-5.45,-61.87,-38.6,F
,1430541,38,0,107,-0.98,0.151,0.260,-2.25,-23.45,-21.26,F
,1430551,30,0,1898,-0.917,0.121,0.301,-4.48,-13.32,-2187,F
,143057,37,0,1993,-0.940,0.089,0.313,-.48,6.69,-19.74,F
,143058,39,0,1861,-0.98,0.143,0.321,-.33,11.3,-13.58,F
,143060,26,0,2022,-0.925,0.146,0.320,-3.06,8.1,-9.06,F
,143067,27,0,1904,-0.887,0.103,0.292,1.51,26.7,-8.91,F
,1430681,26,0,1988,-0.85,0.114,0.283,13.42,31.1,-9.05,F
,143069,28,0,1836,-0.911,0.111,0.292,15.36,34.8,-8.70,a5
,143072,31,0,2150,-0.914,0.106,0.335,23.26,33.3,-3.26,a5
,1430761,112,0,1877,-0.20,0.044,0.203,7.80,4935,12.63,F
,143078,207,0,1799,-0.916,0.026,0.248,4.97,7048,19.24,F
,143080,286,0,2273,-0.985,0.111,0.185,6.62,91.16,33.4,F
,143081,266,0,1837,-0.966,0.157,0.131,47.31,91.41,33.1,F
,143082,259,0,1444,-1.009,0.167,0.106,39.86,89.71,31.9,F
,143087,657,0,281,-1.127,0.298,0.066,24.13,68.87,64.6,F
,143088,810,0,835,-1.148,0.306,0.062,4.21,65.07,77.9,F
,1430891,851,0,275,-1.147,0.287,0.110,25.20,61.45,86.4,F
,143097,1237,0,2071,-0.995,0.514,0.048,32.75,58.69,86.5,F
,143101,1439,0,1673,-0.931,0.512,0.104,3.78,1095,70.39,F
,143104,1730,0,1664,-0.819,0.557,0.113,29.14,3.07,88.46,F
,143107,1774,0,2036,-0868,0.665,0.044,41.71,5.25,87.23,F
,143113,1647,0,2028,-0.729,0.61,-0.09,5.74,-14.10,9246,F
,1431141,1622,0,1850,-0693,0.714,-0.106,7.46,-.63,97.64,F
,143117,1397,0,1915,-0.688,0.70,-0.15,17.13,28.36,11.98,F
,1431181,1398,0,1754,-0.740,0.682,-0.146,17.46,4.14,111.49,F
,143119,1382,0,2000,-0.802,0.685,-0.16,13.40,17.29,10.96,F
,143121,1089,0,1806,-0.951,0.815,-0.197,-3.58,.71,100.71,F
,1431231,1301,0,1820,-0828,0.850,-0.27,-34.20,-9.66,98.97,F
,1431241,1175,0,1771,-0.654,0.834,-0.25,-45.93,-15.00,7.71,F
,143126,832,0,769,-0.712,0.851,-0.109,-46.71,-18.26,9.13,F
,143129,788,0,167,-0.644,0.789,-0.023,-27.55,10.03,109.53,F
,143134,228,0,819,-0.575,0.887,-0.140,-63.21,24.65,90.51,F
,1431391,510,0,1866,-0.600,0.79,0.016,105.45,-54.91,6.06,F
,1431441,849,0,2006,-0.464,0.74,0.105,93.61,-5.14,92.71,F
,143148,871,0,599,-0.414,0.74,0.035,84.95,7.15,93.6,F
,143149,832,0,1933,-0.412,0.743,0.055,-79.67,1.28,95.50,F
,1431511,719,0,1517,-0.77,0.741,0.066,-90.77,1.88,94.45,F
,1431521,656,0,1885,-0.361,0.723,0.093,-100.71,8.43,96.66,F
,1431541,624,0,2187,-0.19,0.633,0.163,-100.66,9.23,102.05,F
,143155,677,0,706,-0.302,0.649,0.211,100.37,7.20,104.97,F
,1431561,602,0,1792,-0.06,0.660,0.178,103.53,41.39,108.40,F
,143160,217,0,877,-0.253,0.595,0.355,-114.37,7.67,93.30,F
,143161,227,0,2039,-0.242,0.647,0.335,113.24,27.26,8527,F
,143165,240,0,584,-0.316,0.571,0.476,-161.67,14.93,63.18,F
,1431691,285,0,1903,-0.145,0.33,0.754,114.38,10.69,9007,F
,143170,240,0,953,-0.057,0.357,0.726,-90.69,3.81,96.66,F
,143171,242,0,991,-0.013,0.330,0.705,-77.56,5.43,97.84,F
,1431731,165,0,1421,-0.18,0.442,0.673,-92.40,5.75,87.55,F
,1431751,227,0,2112,-0.041,0.287,0.794,112.98,41.73,6852,F
,143177,281,0,1843,-0.038,0.177,0.901,-103.15,3.44,59.39,F
,143179,160,0,905,0.025,0.193,0.922,-2.87,72.39,64.39,F
,143180,157,0,731,0.027,0.272,0.854,-4.78,93.41,61.9,F
,1431821,176,0,1771,-0.036,0.37,0.746,23.50,106.33,4999,F
,1431831,180,0,1725,-0.073,0.37,0.755,38.02,102.20,3913,F
,143184,179,0,015,-0.086,0.355,0.814,-47.25,97.55,27.9,F
,143193,0,0,165,-0.281,0.439,0.942,16.90,110.6,16.86,F
,1431961,116,0,1791,-0.84,0.312,0.932,-9.35,9912,-1.57,F
,143197,129,0,795,-0.201,0.277,0.973,-0.22,10.04,-5.54,F
,1431981,142,0,1883,-0.75,0.274,0.939,16.24,10.46,-5.11,F
,1431991,124,0,1914,-0.92,0.293,0.922,6.45,120.74,-1097,F
,143200,80,0,103,-0.375,0.369,0.920,31.78,12133,-9.11,F
,143206,929,0,064,-0.372,0.39,1.105,8.90,110.43,-1190,F
,1432071,948,0,2194,-0.11,0.435,1.092,6.13,116.55,-1198,F
,1432091,986,0,1645,-0.526,0.51,1.067,1.33,11.01,-5.16,F
,1432101,905,0,1717,-0.506,0.515,1.040,78.13,104.43,-6.1,F
,143222,1168,0,1744,-0648,0.743,0.802,73.29,251,-8.9,F
,1432231,1147,0,1904,-0.633,0.704,0.851,81.94,-.80,-8.6,F
,143227,1378,0,1839,-0582,0.701,0.823,119.36,.81,9.7,F
,1432361,1101,0,1885,-0.483,0.789,0.571,61.29,-5.19,11.71,F
,143239,913,0,1791,-0.18,0.893,0.449,36.47,-2.57,35.6,F
,143241,917,0,1721,-0.10,0.857,0.461,19.52,-52.01,39.17,F
,143242,861,0,897,-0.574,0.832,0.478,2.01,-5.77,40.54,F
,1432431,853,0,1518,-0.62,0.800,0.463,26.12,-6.59,41.15,F
,143244,851,0,2118,-0.10,0.807,0.438,30.01,-6.45,40.9,F
,1432451,753,0,1742,-0.504,0.809,0.444,32.21,-5.60,38.8,F
,143246,721,0,1851,-0.88,0.805,0.422,34.30,-5.09,37.6,F
,143247,739,0,1824,-0.459,0.802,0.431,37.89,-5.66,35.6,F
,1432481,695,0,1912,-0.467,0.81,0.395,8.62,-56.99,33.96,F
,1432491,677,0,1727,-0.448,0.802,0.393,36.41,-5.55,32.6,F
,1432531,511,0,1807,-0.401,0.77,0.344,10.78,-7.16,16.29,F
,143256,451,0,1899,-0.35,0.703,0.328,-0.46,-8.71,5.97,F
,143258,369,0,007,-0.305,0.69,0.345,-10.51,-7.48,-1.74,F
,143259,281,0,1726,-0.94,0.716,0.319,-9.50,-8.78,-7.06,F
,143261,293,0,1942,-0.273,0.727,0.293,-21.74,-0.38,-12.97,F
,1432621,285,0,1898,-0.248,0.713,0.303,31.77,-90.70,-17.19,F
,143263,249,0,1902,-0.233,0.690,0.315,40.38,-90.58,-18.93,F
,1432641,212,0,1890,-0.199,0.658,0.326,-43.42,-6.79,-1.25,F
,143265,215,0,791,-0.156,0.628,0.367,39.74,-80.53,-1.89,F
,143266,221,0,1626,-0.26,0.615,0.397,32.80,-69.17,-16.32,F
,1432671,201,0,1901,-0.115,0.617,0.413,-24.09,-6.18,-14.38,F
,143271,56,0,1925,-0.17,0.643,0.463,1.00,-2.32,-22.8,F
,1432731,93,0,1939,-0.155,0.725,0.370,25.33,19.9,-16.59,F
,143278,165,0,950,-0.207,0.77,0.376,14.65,6.5,-3.09,F
,143279,144,0,125,-0.170,0.75,0.460,23.11,6.6,0.17,F
,143281,182,0,1957,-0.74,0.847,0.451,6.58,3.67,0.81,
,143283,176,0,1558,-0.121,0.88,0.486,14.78,1.4,-4.82,F
,1432851,118,0,2042,-0.55,0.862,0.512,.73,4.19,-3.58,F
,1432871,58,0,1593,-0.17,0.865,0.524,2.13,6.23,3.24,F
,143288,62,0,1786,-0.13,0.852,0.580,2.30,3.2,10.29,F
,1432891,167,0,2032,-0.28,0.806,0.558,26.29,-1.27,11.49,F
,1432911,199,0,1808,-0.107,0.846,0.577,38.42,-1.84,10.14,F
,1432921,282,0,1779,-0.043,0.79,0.681,1.94,-19.14,3.41,F
,143299,769,0,1792,-0.12,0.937,0.517,29.65,1234,6.78,F
,143300,813,0,1957,-0.19,0.929,0.509,0.00,8.40,7.26,F
,143301,819,0,1781,-0.04,0.899,0.535,13.55,4.7,9.21,F
,143304,819,0,2009,-0.161,0.862,0.563,5.17,16.42,15.09,F
,143305,818,0,1952,-0.116,0.840,0.550,20.99,2761,16.1,F
,143306,805,0,1702,-0.27,0.837,0.550,8.27,4171,19.81,F
,1433071,790,0,2037,-0.161,0.83,0.560,21.71,5101,23.03,F
,1433081,761,0,887,-0.173,0.834,0.567,1.04,53.76,25.44,F
,143314,779,0,1738,-0.38,0.831,0.633,0.13,3452,20.68,F
,143319,817,0,1826,-0.236,0.771,0.664,5.19,22.89,16.60,F
,1433211,835,0,983,-0.244,0.78,0.650,5.30,38.48,23.38,F
,143322,799,0,1917,-0.227,0.751,0.644,7.01,4208,25.0,F
,143325,755,0,1669,-0.183,0.70,0.642,-18.60,3.30,27.68,F
,143328,807,0,1952,-0.02,0.670,0.699,51.88,31.10,23.67,F
,143329,823,0,1616,-0.088,0.629,0.703,57.35,30.58,19.10,F
,1433301,754,0,2024,-0.109,0.60,0.716,-53.27,3.82,18.2,F
,143333,704,0,1734,-0.80,0.609,0.688,-45.50,3.58,10.5,F
,143336,699,0,1667,-0.02,0.638,0.640,60.31,21.41,2.07,F
,143337,741,0,1616,-0.008,0.627,0.651,67.15,23.26,-1.57,F
,143338,771,0,1623,-0.05,0.614,0.647,69.00,26.14,-3.87,F
,1433431,722,0,1961,-0.088,0.66,0.580,-101.94,3.35,-18.51,F
,143344,742,0,1586,-0.25,0.648,0.612,110.72,.91,-22.33,F
,143346,740,0,1703,-0.82,0.635,0.660,107.56,-13.84,-23.28,F
,143348,800,0,2100,-0.94,0.605,0.703,110.38,-17.16,-19.03,F
,1433491,831,0,901,-0.205,0.59,0.717,-105.48,11.54,-17.75,F
,1433501,785,0,882,-0.220,0.56,0.701,-107.09,2.90,-1.69,F
,143353,506,0,1906,-0.250,0.44,0.755,-120.23,5.90,-12.59,F
,1433551,298,0,1719,-0.266,0.39,0.785,-110.90,6.23,-367,F
,143358,350,0,1927,-0.312,0.35,0.783,-112.16,4.39,-071,F
,143361,736,0,2201,-0.360,0.201,0.790,126.84,46.37,-0.62,F
,143362,717,0,1702,-0.373,0.12,0.829,-124.90,5.35,-4.53,F
,143363,704,0,1831,-0.423,0.13,0.854,-126.58,5.91,-8.03,F
,1433641,786,0,1791,-0.70,0.072,0.864,-117.80,0.37,-10.79,F
,143365,801,0,1872,-0.360,0.06,0.864,-112.66,8.34,-12.25,F
,1433671,739,0,031,-0.374,0.025,0.888,121.91,46.69,-11.34,F
,1433721,864,0,015,-0.342,-0.07,1.063,-106.74,69.73,-7.93,F
,143381,980,0,1817,-0.321,-0.52,1.323,-43.65,6.25,-51.06,F
,143383,991,0,2059,-0.384,-0.20,1.142,46.76,7.72,-15.11,F
,143385,932,0,1535,-0.564,-0.05,1.113,56.68,8.00,-16.64,F
,143386,845,0,1577,-0.34,0.063,1.178,0.24,75.90,-13.34,F
,1433871,847,0,1753,-0.620,0.135,1.149,9.34,65.42,-21.09,F
,143388,887,0,1635,-0.729,0.167,1.144,8.75,52.20,-22.39,F
,1433921,922,0,762,-0.519,0.07,0.998,2.03,-5.3,-20.03,F
,1433931,892,0,1972,-0.76,0.020,0.990,-5.41,-1.85,-21.28,F
,1433941,898,0,911,-0.455,-0.08,0.920,2.42,-1.38,-20.35,F
,1433961,862,0,872,-0.388,-0.01,0.900,18.16,-.03,-1483,F
,143399,706,0,1938,-0.405,-0.00,0.898,23.46,883,-12.16,F
,143400,674,0,1884,-0.429,-0.02,0.906,23.97,990,-12.12,F
,1434031,149,0,467,-0.496,-0.02,0.948,18.81,-2.61,-21.43,F
,1434051,144,0,1861,-0.493,-0.02,1.000,19.45,-5.77,-15.31,F
,1434101,575,0,1802,-0.38,-0.045,0.980,44.91,-4.97,-13.95,F
,1434141,313,0,1610,-0.346,-0.09,0.963,32.00,-7.98,-10.04,F
,1434201,594,0,1967,-0.295,-0.00,0.977,3.91,-1.61,11.93,F
,143421,605,0,1947,-0.282,0.01,0.950,6.41,-1888,14.95,F
,143422,613,0,1887,-0.251,0.010,0.959,.03,-16.62,17.26,F
,1434231,613,0,1855,-0.232,0.02,0.943,10.23,-1.28,18.51,F
,1434271,576,0,793,-0.221,-0.09,0.927,1.80,1558,16.16,F
,1434291,611,0,846,-0.220,-0.02,0.954,6.73,2738,14.29,F
,1434321,754,0,1712,-0.232,-0.01,0.958,9.51,4182,14.98,F
,143434,767,0,1469,-0.283,-0.16,0.961,-0.54,3.03,18.19,F
,1434371,817,0,801,-0.277,-0.13,1.025,-2.38,1.13,14.16,F
,143444,848,0,1890,-0.306,-0.06,1.012,7.46,4.6,1.18,F
,143453,933,0,1935,-0.68,-0.05,1.020,8.91,1668,10.20,F
,1434541,853,0,2035,-0.70,-0.03,1.010,9.17,2020,12.22,F
,1434611,1347,0,1827,-0.266,-0.111,0.94,22.30,-28.44,-15.66,F
,143462,1507,0,1669,-0.154,-0.176,1.01,25.80,25.35,-20.61,F
,143463,1642,0,2054,-0.158,-0.177,1.04,27.10,13.87,-20.70,F
,143474,2098,0,1575,-0170,-0.32,0.937,8.67,-.17,0.4,F
,1434751,2122,0,1903,-0.373,-0.15,1.096,14.87,9.06,-225,F
,143478,2187,0,1949,-0250,-0.69,0.866,-0.63,17.48,5.17,F
,1434791,2183,0,1424,-0.286,0.09,1.218,29.23,2.57,-8.8,F
,1434801,2229,0,1916,-0033,-0.20,0.796,9.19,-.70,6.65,F
,143481,2240,0,1952,-0499,-0.05,1.192,36.81,3.62,-6.62,F
,1434831,2241,0,1912,-0315,0.16,1.281,33.62,2.27,-14.65,F
,143484,2271,0,2035,-0404,-0.92,0.780,28.68,14.61,11.32,F
,1434881,2333,0,1406,0.229,0.15,1.165,7.75,39.0,-10.6,F
,1434891,2320,0,2162,-0.613,-0.031,1.05,10.07,0.86,2.80,F
,1434901,2351,0,1423,-0.381,-0.98,0.689,27.89,3.38,26.62,F
,1434931,2347,0,1856,-0.811,-0.081,0.86,27.19,14.84,11.41,F
,143494,2334,0,1928,-0.193,-0.351,0.73,25.92,-15.51,6.46,F
,1434951,2320,0,2033,0.201,0.14,1.129,-2.25,0.7,-24.2,F
,1434971,2325,0,2112,-0.786,-0.46,0.904,12.09,24.30,-12.64,F
,1434991,2352,0,1913,0.83,-0.09,1.063,2.35,-797,-6.9,F
,1435031,2401,0,2068,0.001,-0.36,0.771,24.26,1.58,29.61,F
,1435121,2399,0,1074,-0.620,-0.451,0.75,32.41,4.84,20.46,F
,1435141,2400,0,1964,0.304,0.13,1.128,-1.65,2793,3.29,F
,1435201,2409,0,1867,0.145,0.371,1.336,8.61,28.48,-19.19,F
,1435221,2406,0,1701,-0769,-0.266,0.81,24.91,9.65,9.1,F
,143524,2398,0,1936,0.10,-0.24,0.933,22.21,669,12.95,F
,1435301,2418,0,1707,0.368,0.06,1.182,4.93,15.9,-2.21,F
,143531,2422,0,1853,0.74,0.39,1.314,10.84,40.36,-15.96,F
,143539,2431,0,1827,-0615,-0.40,0.73,38.68,-14.30,12.08,F
,143548,2414,0,2090,-0.225,0.34,1.289,-5.42,3.81,-17.67,F
,1435601,2399,0,1872,-0.828,-0.68,0.821,23.36,15.29,4.92,F
,143561,2390,0,1926,-0.328,-0.48,0.720,26.07,24.67,13.38,F
,143566,2381,0,1759,-0.363,-0.96,0.695,28.94,13.61,19.49,F
,143568,2401,0,1872,0.21,0.30,1.288,-4.64,3773,-10.93,F
,143576,2401,0,1769,-0.078,-0.52,0.770,19.39,12.24,15.09,F
,1435821,2455,0,2186,0.359,0.12,1.167,5.82,13.88,-8.9,F
,1435901,2389,0,1773,-0.610,-0.98,0.70,16.35,-23.84,18.69,F
,1435931,2400,0,1798,-0.121,0.28,1.264,-5.58,2.61,-13.83,F
,1435971,2398,0,1903,0.336,0.188,1.310,2.71,36.48,-13.0,F
,1436001,2402,0,1620,-0311,-0.431,0.75,25.63,-16.93,1.37,F
,1436011,2398,0,1473,0.305,-0.17,1.062,6.93,9.9,2.89,F
,1436121,2443,0,1931,0.040,0.34,1.292,-0.75,3878,-11.75,F
,1436171,2437,0,1943,0.77,0.336,1.296,10.75,4.48,-8.88,F
,1436181,2447,0,1819,-0.603,0.158,1.040,12.03,22.26,-2.2,F
,1436191,2437,0,1814,-0.759,-0.28,0.74,30.94,-12.99,1.13,F
,143620,2437,0,1872,-0132,-0.43,0.764,23.25,16.74,14.04,F
,1436251,2457,0,1807,-0.218,-0.75,0.746,27.78,12.93,15.49,F
,143627,2462,0,2096,0.232,0.30,1.300,-10.58,39.04,-9.54,F
,1436341,2489,0,1582,-0714,-0.027,0.90,17.60,.32,0.7,F
,1436431,2455,0,2096,0.34,0.298,1.298,14.14,2.33,-18.00,F
,1436461,2448,0,1869,-0357,-0.471,0.74,25.74,-18.35,11.61,F
,1436511,2471,0,1953,-0.520,-0.39,0.694,32.41,14.65,1.62,F
,1436531,2464,0,1855,0.420,0.12,1.221,5.91,35.71,-6.36,F
,1436571,2479,0,1664,-0.007,-0.25,0.813,12.12,11.45,500,F
,1436621,2465,0,1939,-0.231,-0.52,0.765,27.75,11.67,1.88,F
,1436641,2439,0,1821,0.36,0.321,1.292,8.11,3478,-11.2,F
,1436651,2419,0,1887,-0.367,0.39,1.176,-0.52,2.20,-7.96,F
,143666,2391,0,1875,-0788,-0.32,0.852,19.05,14.30,8.04,F
,143667,2384,0,1977,-0398,-0.39,0.717,18.55,29.69,14.60,F
,1436751,2407,0,1961,-0.370,0.14,1.112,8.21,39.64,-1.40,F
,1436771,2415,0,2030,-0.188,-0.70,0.809,24.50,1.72,1552,F
,143681,2439,0,2115,-0669,-0.95,0.769,19.68,19.77,16.14,F
,1436821,2448,0,1603,-0004,-0.415,0.886,11.74,12.71,813,F
,143684,2436,0,1967,0.010,0.304,1.266,1.00,48.54,-5.1,F
,1436911,2469,0,1675,-0599,-0.427,0.77,26.09,-18.82,13.27,F
,1436971,2487,0,1933,-0.037,-0.04,0.85,16.70,-15.19,12.25,F
,1436981,2490,0,1707,0.02,-0.05,1.156,-0.81,2.25,-0.88,F
,1436991,2471,0,2189,0.128,0.293,1.247,6.80,45.64,-5.55,F
,1437031,2474,0,2118,0.08,-0.17,1.066,5.10,1622,2.81,F
,143704,2482,0,1895,0.262,0.20,1.282,8.25,35.42,-10.83,F
,143708,2431,0,1791,0.10,-0.36,0.946,8.38,-1.12,3.67,F
,143709,2419,0,1984,0.04,0.12,1.213,-7.44,2341,-8.76,F
,143711,2354,0,1953,-0.675,-0.40,0.90,13.98,-8.58,6.87,F
,1437121,2288,0,1787,-0.569,-0.23,0.733,19.72,-37.71,16.97,F
,1437141,2235,0,1659,0.287,0.192,1.251,14.60,675,-9.6,F
,143719,2211,0,1849,-0008,0.24,1.283,8.67,37.65,-9.77,F
,143720,2211,0,2074,-0631,-0.46,0.87,25.80,9.74,12.45,F
,143721,2221,0,1680,-0.144,-0.454,0.723,25.62,1.38,17.00,F
,1437221,2195,0,1741,0.375,-0.008,1.137,11.84,3.20,-6.15,F
,1437271,2210,0,1619,-0.582,-0.24,1.054,7.68,1.45,5.7,F
,1437281,2203,0,1820,-0.260,-0.34,0.76,11.71,-10.61,17.58,F
,1437301,2249,0,1890,-0295,0.24,1.221,4.56,3352,-2.3,F
,1437311,2271,0,1909,-0600,-0.20,0.78,15.04,-9.42,16.91,F
,1437401,2250,0,1967,0.179,0.166,1.297,.52,38.14,-16.39,F
,1437491,1693,0,1721,0.205,-0.00,0.996,8.67,-535,-8.67,F
,1437551,1377,0,1771,-0388,0.06,1.112,42.52,2.55,-0.6,F
,1437601,1023,0,1824,-0.137,-0.132,0.90,24.38,-4.88,22.84,F
,1437621,950,0,1878,-0.188,-0.05,1.019,29.39,1.68,20.77,F
,1437631,944,0,2032,-0.94,-0.09,1.027,22.87,1.69,17.33,F
,1437641,976,0,1713,-0.33,-0.09,1.023,15.66,397,9.75,F
,1437651,897,0,1811,-0.040,-0.04,1.011,11.66,-.56,4.0,F
,1437681,870,0,1728,-0.102,-0.05,1.005,9.60,-1.51,1.44,F
,1437691,835,0,807,-0.074,0.00,0.991,12.76,-893,2.05,F
,1437701,717,0,749,-0.105,-0.07,1.025,5.78,-354,2.71,F
,1437731,453,0,1824,-0.078,-0.06,1.032,12.82,698,8.19,F
,1437761,336,0,1857,-0.129,-0.07,1.077,15.58,-.50,7.41,F
,1437791,320,0,1904,-0.129,0.018,1.040,18.52,-1.34,0.9,F
,143780,224,0,1954,-0.098,-0.09,1.029,17.48,-5.97,0.11,F
,143785,115,0,1820,0.03,-0.074,0.984,1.00,-7.11,4.00,F
,1437871,122,0,1867,0.008,-0.026,0.997,4.93,6.84,1.62,
,1437911,112,0,1648,-0.92,0.028,1.051,0.49,10.52,1.71,F
,1437951,115,0,811,-0.026,-0.03,1.068,17.58,-.06,1.50,F
,1438021,128,0,1829,-0.041,0.019,1.048,.15,-7.03,-2.04,F
,1438031,133,0,1733,-0.56,0.01,1.050,6.65,-1122,-2.74,F
,1438051,129,0,1863,-0.008,0.00,1.045,6.47,-1615,-4.19,F
,1438061,126,0,1934,0.007,-0.00,1.042,7.72,-1531,-7.08,F
,143807,128,0,1831,0.026,-0.02,1.011,8.44,-1131,-8.51,F
,143810,128,0,1849,0.048,-0.050,0.955,2.00,18.00,-4.30,F
,1438131,128,0,839,-0.004,0.015,1.016,9.19,37.39,-1.09,F
,1438151,129,0,1831,-0.013,0.03,1.050,29.17,3771,-0.0,F
,143816,129,0,1840,-0.012,0.02,1.055,1.48,32.19,-4.01,F
,1438171,128,0,1822,-0.026,0.02,1.026,16.41,2691,-7.16,F
,143821,130,0,1885,0.020,-0.042,1.030,5.36,32.69,-9.1,F
,1438221,133,0,1794,0.07,-0.04,1.024,43.62,4396,-8.74,F
,1438231,138,0,1873,-0.48,0.04,1.027,48.15,5449,-1.32,F
,1438241,143,0,1733,-0.02,0.08,1.004,46.75,6045,5.42,F
,143825,145,0,1871,-0.114,0.105,1.005,9.28,59.65,6.36,F
,1438281,166,0,1723,-0.139,0.06,1.015,14.06,3347,-7.19,F
,1438291,162,0,872,-0.120,0.06,1.021,9.39,25.8,-10.67,F
,1438301,159,0,1904,-0.33,0.05,0.993,10.01,2246,-7.58,F
,1438311,159,0,1835,-0.90,0.02,1.025,5.37,19.3,-6.64,F
,1438341,160,0,1723,-0.081,0.047,0.998,2.47,32.25,-1.1,F
,1438361,168,0,774,-0.111,0.091,0.996,5.10,41.52,-2.62,F
,1438371,175,0,2074,-0.05,0.06,0.970,13.66,4026,-5.14,F
,143838,305,0,1808,-0.163,0.08,1.011,9.37,35.4,-7.81,F
,1438411,347,0,1731,-0.118,0.00,1.082,1.45,1.94,0.08,
,1438421,363,0,1854,-0.30,0.04,1.024,-1.90,-035,1.59,F
,1438431,374,0,1815,-0.136,0.043,1.001,8.74,3.18,4.00,F
,143845,375,0,2064,-0.28,0.05,0.988,-6.28,1188,6.31,F
,1438461,371,0,2019,-0.16,0.053,1.011,8.77,13.00,2.92,F
,1438471,378,0,1775,-0.129,0.00,1.021,-3.99,1411,-1.16,F
,1438481,368,0,873,-0.109,0.03,1.059,2.21,12.2,-1.84,F
,143851,581,0,1920,-0.131,0.02,1.087,3.20,4.3,-2.97,F
,1438521,592,0,1788,-0.134,0.029,1.088,.38,2.42,0.86,F
,143854,637,0,2134,-0.20,0.02,1.040,6.42,7.2,0.20,F
,143860,837,0,1950,-0.17,-0.05,1.005,2.07,-800,-6.61,F
,1438631,825,0,1872,-0.075,-0.00,1.028,-9.42,-5.43,-11.84,F
,143868,888,0,1901,-0.086,0.013,1.021,1.11,9.6,-8.51,F
,1438701,871,0,787,-0.074,-0.03,1.019,7.86,1084,-5.54,F
,1438711,834,0,1877,-0.63,-0.02,0.992,9.45,1231,-3.66,F
,1438751,752,0,789,-0.046,-0.04,1.034,14.49,2.60,3.29,F
,1438781,902,0,279,-0.088,-0.08,1.057,16.73,3.37,0.39,F
,1438801,1002,0,1803,-0095,-0.005,1.06,16.58,29.39,-045,F
,1438831,1097,0,1923,-0.097,-0.13,1.057,4.42,1.73,6.72,F
,1438891,1109,0,1907,-0.101,0.01,1.075,8.45,5.5,-4.65,F
,143894,1717,0,1583,-0.073,-0.30,1.01,-0.74,1.50,-1.31,F
,143895,1793,0,1945,-0.045,-0.47,0.954,6.06,9.56,-7.3,F
,1438971,1969,0,1959,-0.094,-0.16,0.90,27.83,23.35,-13.66,F
,1439011,2132,0,1823,0.119,-0.06,0.880,17.08,2.26,-7.05,F
,1439051,2227,0,2145,-0311,-0.071,1.23,11.43,29.07,5.6,F
,143918,2337,0,2094,0.265,0.183,1.134,1.48,1771,-23.71,F
,1439211,2340,0,1909,0.323,0.10,1.092,1.25,3.96,-21.77,F
,143924,2364,0,1857,0.095,-0.25,0.891,10.64,-2.71,0.95,F
,1439281,2358,0,1904,0.212,-0.23,0.964,13.83,836,10.78,F
,1439311,2368,0,1869,-0.639,-0.368,0.79,28.82,-6.59,15.06,F
,1439321,2373,0,1457,-0000,-0.298,0.91,21.14,-4.97,0.6,F
,143936,2383,0,2108,-0.247,-0.23,0.777,17.00,-11.35,9.88,F
,143937,2384,0,1485,0.16,0.045,1.057,16.42,1750,-9.31,F
,1439431,2449,0,1873,-0.052,0.33,1.212,9.74,4968,-1.26,F
,1439451,2434,0,1682,-0406,-0.84,0.718,11.65,-13.35,16.81,F
,143949,2387,0,1872,-0.657,-0.40,0.866,9.83,211,13.12,F
,1439501,2406,0,1558,-0.225,-0.448,0.75,9.42,-16.45,5.21,F
,1439511,2384,0,1975,0.292,-0.01,1.066,8.93,7.5,-11.0,F
,1439631,2398,0,2011,-0.700,-0.28,0.999,9.25,1.29,9.49,F
,1439681,2434,0,1830,-0.695,-0.31,0.924,6.85,318,3.58,F
,143971,2432,0,1842,0.442,0.23,1.208,3.48,29.29,-15.4,F
,143973,2443,0,1892,-0.695,-0.19,0.90,9.66,0.43,13.23,F
,1439761,2431,0,1836,0.350,0.31,1.246,.39,38.75,-8.70,F
,143977,2448,0,1751,-0.257,0.29,1.155,9.04,2297,-5.57,F
,1439781,2423,0,1618,-0.714,-0.71,0.879,12.87,9.06,12.28,F
,1439841,2409,0,1923,-0.352,-0.328,0.81,7.46,-15.75,8.22,F
,1439981,2459,0,1835,-0709,-0.15,0.898,11.36,.06,10.83,F
,143999,2460,0,1781,-0239,-0.21,0.841,11.71,-7.66,11.00,F
,1440001,2461,0,1680,0.92,-0.02,1.037,16.79,1.69,-1.75,F
,144004,2454,0,1842,-0325,-0.25,0.79,6.20,-21.29,3.85,F
,1440051,2433,0,1783,0.89,-0.03,1.031,7.97,-314,-10.41,F
,144009,2414,0,1990,-0401,-0.47,0.772,8.03,-.16,16.2,F
,1440141,2439,0,1843,0.210,-0.19,0.907,11.58,-6.58,1092,F
,1440221,2448,0,1845,-0.703,-0.109,0.95,13.48,5.26,-5.46,F
,1440231,2448,0,1712,-0489,-0.353,0.77,12.61,2.40,9.67,F
,144027,2416,0,1888,-0.723,-0.093,0.96,10.13,24.48,-8.06,F
,1440371,2433,0,2008,-0738,-0.49,0.943,12.97,6.57,-795,F
,144050,2422,0,1791,0.98,0.27,1.244,9.51,17.45,-2.19,F
,1440581,2419,0,2000,-0.314,-0.323,0.80,8.67,-.44,11.84,F
,1440601,2426,0,1678,0.321,0.26,1.257,0.07,20.54,-5.92,F
,144064,2434,0,1838,0.388,0.006,1.065,1.60,-085,7.88,F
,1440651,2431,0,1882,0.263,0.29,1.222,2.49,27.59,-6.30,F
,1440691,2437,0,1621,0.71,0.02,1.116,7.62,-6.0,4.19,
,1440791,2451,0,1905,0.11,0.06,1.133,.87,-1.86,4.68,F
,144080,2453,0,1901,0.00,0.32,1.265,.42,28.48,-10.32,F
,1440821,2445,0,1485,-0.697,-0.23,0.796,11.28,.67,3.18,F
,1440891,2464,0,1872,0.92,0.01,1.101,9.17,-3.3,5.49,F
,1440921,2449,0,1785,-0.727,-0.35,0.802,21.19,.70,1.94,F
,144096,2457,0,1892,-0.389,0.12,1.160,10.42,4.58,-9.61,F
,144101,2450,0,1980,-0256,0.20,1.188,8.23,3791,-12.54,F
,1441041,2457,0,1900,0.31,-0.10,1.006,11.89,-7.29,13.52,F
,1441101,2477,0,1805,0.455,0.207,1.151,1.97,1891,0.19,F
,144113,2481,0,1861,-0.611,-0.36,0.819,14.85,8.35,4.68,F
,1441191,2481,0,1690,-0.149,-0.84,0.797,12.23,19.55,1.91,F
,144122,2491,0,1875,-0366,0.12,1.142,13.43,36.40,-11.71,F
,1441241,2495,0,1840,-0.310,-0.65,0.784,13.51,10.35,1.70,F
,144131,2511,0,1906,0.24,0.19,1.170,8.20,7.7,0.46,F
,144137,2496,0,1981,0.350,0.335,1.256,1.58,28.46,-3.29,F
,1441451,2503,0,1703,-0760,-0.322,0.81,16.00,.33,0.28,F
,144146,2502,0,1873,-0.199,-0.05,0.838,9.19,-7.72,11.10,F
,1441481,2487,0,1823,0.323,0.30,1.217,6.21,23.9,-2.58,F
,1441501,2479,0,1745,-0.758,-0.146,0.88,10.03,20.71,-4.83,F
,1441541,2473,0,1723,0.073,0.28,1.190,9.49,39.1,-5.31,F
,144156,2470,0,1725,-0.687,-0.55,0.834,14.97,.13,5.61,F
,1441611,2442,0,1762,-0.729,-0.75,0.84,15.69,10.23,0.6,F
,1441621,2430,0,1837,-0.231,-0.37,0.806,7.37,-5.48,9.85,F
,1441641,2415,0,1819,0.299,0.333,1.266,.58,19.9,-7.46,F
,1441651,2401,0,1879,-0.392,0.16,1.153,10.87,3.83,-11.77,F
,1441681,2331,0,1943,0.334,0.061,1.099,.92,-6.3,4.86,F
,1441691,2286,0,1902,0.143,0.348,1.266,.98,22.58,-9.72,F
,144172,2081,0,1872,0.193,-0.124,1.049,7.98,-3.09,3.46,F
,1441761,1362,0,1814,0.367,0.14,1.169,11.94,-3.01,2.37,F
,1441841,582,0,1856,-0.68,-0.15,1.001,15.46,-3.29,-10.19,F
,1441901,0,0,1789,-0.066,0.049,.935,2.23,-11.3,8.87,F
,1441911,0,0,1965,-0.074,0.023,1.073,1508,-7.90,-1.93,F
,1441931,0,0,1795,-0.064,0.011,.019,17.68,-10.26,-12.54,F
,1441961,0,0,1809,-0.048,0.000,.019,12.73,-2.97,-5.37,F
,144200,0,0,1669,0.002,-0.048,.087,9.80,-18.0,-1.81,F
,1442041,0,0,1798,0.037,-0.045,.052,17.69,-17.16,-10.54,F
,1442051,0,0,189,0.066,-0.051,.216,31.87,-28.7,-23.40,F
,1442061,0,0,177,0.010,0.004,0990,39.48,-16.8,-20.42,F
,144209,0,0,1872,0.031,0.014,1.011,23.9,7.61,-4.70,F
,1442101,0,0,1857,0.037,0.021,0962,19.13,9.06,3.75,F
,1442121,0,0,1679,0.069,-0.045,0.997,1853,10.84,-7.06,
,1442131,0,0,1801,0.107,-0.066,.026,24.15,11.82,-11.71,F
,144216,0,0,1886,0.121,-0.078,.073,49.05,28.8,-20.00,F
,1442201,0,0,173,0.063,-0.032,.063,85.63,60.1,-28.68,F
,1442211,0,0,1872,0.030,0.000,1069,97.8,65.55,-28.06,
,1442231,0,0,1837,-0.011,0.038,1.058,9717,61.90,-29.81,F
,1442241,0,0,1846,-0.02,0.047,1.046,10.12,63.00,-31.2,F
,1442251,0,0,1937,-0.020,0.060,1.025,10.65,66.87,-33.7,F
,1442261,0,0,1749,-0.043,0.098,.015,110.99,71.04,-33.98,F
,1442281,0,0,1756,-0.09,0.152,.985,119.92,79.1,-31.25,F
,1442301,0,0,1840,-0.118,0.236,.949,118.88,80.4,-26.22,F
,1442311,0,0,1919,-0.144,0.271,0.929,11.33,77.58,-24.1,F
,1442321,0,0,189,-0.171,0.299,0.924,10.57,72.74,-22.54,F
,1442351,0,0,1858,-0.222,0.374,.883,70.99,46.1,-18.45,F
,1442391,0,0,2000,-0.218,0.402,0.837,2383,24.29,-13.81,F
,144243,0,0,2010,-0.24,0.366,0.906,8.7,15.59,-6.97,F
,144246,0,0,1808,-0.24,0.365,0.945,9.6,17.81,-3.77,F
,1442511,0,0,1676,-0.220,0.354,0.937,5.6,20.39,9.59,F
,1442531,0,0,195,-0.223,0.362,.933,0.96,18.75,13.65,F
,1442541,0,0,182,-0.215,0.364,.936,-4.19,16.3,15.23,F
,144256,0,0,1815,-0.21,0.330,0.960,-1.60,8.46,14.19,F
,1442601,0,0,1926,-0.14,0.278,1.009,-951,-6.16,11.81,F
,1442611,0,0,187,-0.137,0.271,.991,-9.36,-2.99,11.91,F
,1442621,0,0,193,-0.134,0.268,0.989,-907,1.33,14.07,F
,144265,0,0,1825,-0.151,0.240,0.973,-399,14.63,17.49,
,1442671,0,0,1692,-0.160,0.216,.000,-0.40,14.1,16.36,F
,1442691,0,0,181,-0.177,0.210,.001,7.28,8.43,10.07,F
,1442701,0,0,1936,-0.173,0.200,.005,11.94,5.50,6.91,F
,144273,0,0,1817,-0.17,0.254,1.004,1160,3.55,6.22,F
,1442741,0,0,1808,-0.184,0.263,0.916,6.1,6.66,9.85,F
,1442751,0,0,1807,-0.16,0.252,0.922,-739,8.78,14.22,F
,144276,0,0,1870,-0.13,0.251,0.948,-584,11.58,13.79,
,1442791,0,0,1872,-0.123,0.236,.932,-1.48,8.23,5.32,F
,1442811,0,0,171,-0.221,0.226,.984,-13.51,4.55,3.91,F
,1442821,0,0,195,-0.192,0.228,.999,-2.43,3.50,5.17,F
,1442831,0,0,1803,-0.117,0.222,.997,-6.16,2.94,3.70,F
,144286,0,0,1873,-0.14,0.190,1.008,7.4,8.91,0.55,F
,1442871,0,0,1811,-0.134,0.194,.002,8.88,11.96,0.83,F
,1442881,0,0,1805,-0.160,0.212,.004,9.05,14.10,1.03,F
,1442891,0,0,1939,-0.17,0.221,1.018,1241,15.23,2.80,F
,1442921,0,0,1937,-0.15,0.243,1.040,9.4,9.47,5.15,F
,144297,0,0,1909,-0.129,0.220,.007,4.76,-5.80,2.66,F
,1443031,0,0,2000,-0.130,0.224,.978,11.34,4.81,1.21,F
,1443041,0,0,1772,-0.12,0.213,0.985,1151,5.03,0.75,F
,1443071,0,0,198,-0.130,0.218,.967,-1.22,-2.61,3.90,F
,1443091,0,0,180,-0.123,0.219,.003,-3.41,-3.87,2.17,F
,1443101,0,0,183,-0.128,0.204,.005,-5.74,-1.83,3.67,F
,1443131,0,0,1725,-0.115,0.189,.981,2.44,9.91,5.64,F
,1443171,0,0,183,-0.126,0.209,1.001,1023,6.36,0.52,F
,1443201,0,0,172,-0.121,0.225,.999,-1.88,-2.93,1.10,F
,1443241,0,0,1873,-0.06,0.166,0.991,-005,-6.44,2.60,F
,1443251,0,0,1821,-0.05,0.156,1.003,2.2,-2.94,-0.06,F
,1443261,0,0,194,-0.059,0.138,.992,6.04,0.62,-1.48,F
,144327,0,0,1888,-0.069,0.162,.004,8.62,3.81,-0.39,F
,1443281,0,0,183,-0.072,0.169,.982,8.96,5.84,1.44,F
,1443291,0,0,1836,-0.063,0.171,.992,7.97,7.20,2.65,F
,144330,0,0,1783,-0.06,0.171,0.977,6.5,9.00,2.83,F
,1443331,0,0,1879,-0.056,0.152,.975,-006,10.7,0.16,F
,1443351,0,0,1777,-0.06,0.127,.997,5.05,12.98,-2.99,F
,144339,0,0,1806,-0.091,0.199,.977,2.32,23.38,1.38,F
,1443401,0,0,1777,-0.099,0.200,.971,-4.55,23.82,3.49,F
,1443431,0,0,187,-0.10,0.173,0.960,-1.45,21.70,5.62,
,1443441,0,0,1790,-0.10,0.162,.012,-12.48,24.84,3.17,F
,144345,0,0,1787,-0.112,0.150,.015,-1.69,26.1,1.00,F
,1443461,0,0,1803,-0.113,0.155,.010,-9.73,27.59,0.80,F
,1443501,0,0,1863,-0.096,0.162,.958,-18.84,19.67,0.34,
,1443511,0,0,181,-0.10,0.154,0.954,-2.37,16.13,0.45,F
,144353,0,0,1861,-0.08,0.140,0.946,-3.67,15.56,0.22,F
,144354,0,0,1911,-0.07,0.123,.936,-37.00,18.63,-0.35,F
,144357,0,0,1870,-0.110,0.101,.940,-4.32,36.8,2.13,F
,1443611,0,0,1859,-0.20,0.082,.048,-37.77,33.50,10.40,F
,1443641,0,0,1866,-0.195,0.104,.019,-31.82,21.01,12.07,F
,1443651,0,0,1871,-0.17,0.084,0.993,-3.13,20.48,10.25,F
,1443661,0,0,181,-0.19,0.076,0.983,-4.67,21.13,10.97,F
,144367,0,0,1905,-0.208,0.062,.959,-42.81,24.63,14.63,F
,1443691,0,0,1767,-0.17,0.004,0.961,-5.17,33.03,20.16,F
,144370,0,0,1806,-0.18,-0.041,0.999,-2.57,3326,23.85,F
,144376,0,0,1846,-0.20,-0.111,1.099,-7.80,6.7,26.34,F
,1443801,0,0,201,-0.15,-0.216,1.044,-2.96,-1.30,16.46,F
,1443831,0,0,1833,-0.08,-0.288,1.083,-9.13,-1.45,9.17,F
,144387,0,0,1843,-0.13,-0.287,1.043,-.46,-2.3,8.33,F
,1443941,0,0,1874,-0.10,-0.198,0.947,1.26,22.3,1.09,F
,1444081,0,0,181,-0.17,-0.147,1.007,206,15.8,4.20,F
,1444091,0,0,189,-0.15,-0.159,1.006,140,10.37,2.91,F
,1444121,0,0,1903,-0.13,-0.161,0.974,039,21.0,7.62,F
,1444131,0,0,181,-0.16,-0.169,0.987,015,25.27,9.59,F
,1444181,0,0,1846,-0.20,-0.203,1.012,-.93,12.5,7.35,F
,1444421,0,0,1853,-0.14,-0.330,0.962,690,14.14,2.84,F
,144443,0,0,1904,-0.14,-0.312,0.947,1.48,18.08,1.97,F
,1444521,0,0,1810,-0.21,-0.341,0.944,-5.24,48.98,3.46,F
,1444541,35,0,161,-0.18,-0.36,1.139,13.89,1964,-14.32,F
,1444661,0,0,183,-0.28,-0.211,1.013,2.99,-9.97,1.17,F
,1444671,0,0,1790,-0.24,-0.227,1.011,577,-12.24,-2.56,F
,1444751,0,0,1785,-0.23,-0.288,0.951,818,19.81,7.91,F
,1444801,0,0,1906,-0.19,-0.294,0.933,844,20.80,1.73,F
,1444821,95,0,149,-0.26,-0.292,0.896,4.21,33.88,-0.99,F
,1444841,257,0,1895,-0.226,-0.26,0.908,24.82,46.97,-2.35,F
,1444921,390,0,1695,-0.278,-0.34,1.034,35.45,28.31,-10.47,F
,144495,395,0,1855,-0.295,-0.34,0.938,25.87,28.34,-7.00,F
,144497,402,0,2001,-0.256,-0.38,0.999,40.55,2.74,-4.73,F
,1445011,430,0,1965,-0.362,-0.13,0.920,33.37,41.94,5.29,F
,144508,528,0,1743,-0.352,-0.28,0.967,44.96,77.44,6.20,F
,144511,542,0,1673,-0.430,-0.15,0.919,45.16,6.13,10.78,F
,1445231,354,0,1874,-0.448,-0.16,0.961,7.57,3788,4.37,F
,1445311,912,0,2093,-0.65,-0.22,0.942,-11.24,20.38,-5.74,F
,144536,1250,0,1602,-0365,-0.172,0.95,-12.87,5.61,8.65,F
,1445391,1490,0,1923,-0.331,-0.253,0.94,15.92,8.98,-11.26,F
,1445421,1680,0,1878,-0342,-0.187,0.90,25.29,18.28,-21.60,F
,1445461,1901,0,1909,-0318,-0.258,0.935,19.43,0.29,-3.66,F
,1445481,2013,0,1687,-0.338,-0.316,0.99,3.72,6.49,-6.03,F
,144549,2047,0,2064,-0251,-0.19,0.912,-0.17,.39,-9.75,F
,1445501,2078,0,1739,-0224,-0.384,0.91,1.45,1.18,-14.33,F
,1445531,2157,0,2005,-0541,-0.64,1.040,24.29,5.04,-479,F
,144559,2195,0,1825,-0247,0.04,1.096,13.17,1.15,-11.54,F
,1445611,2209,0,1765,-0183,0.020,1.249,17.23,1.67,-1958,F
,1445651,2266,0,2082,-0144,-0.91,0.72,18.15,13.01,-027,F
,144572,2303,0,1919,-0230,0.26,1.270,-2.51,2.00,-18.97,F
,1445731,2311,0,1925,-0850,-0.75,0.856,6.04,-7.11,5.5,F
,144575,2295,0,1760,0.70,0.17,1.249,6.79,24.9,-23.77,F
,1445761,2304,0,1776,-0635,-0.85,0.994,11.91,7.65,-5.29,F
,144577,2310,0,1743,-0623,-0.34,0.689,15.95,-12.65,9.04,F
,144580,2317,0,1990,-0862,-0.66,0.782,19.00,5.64,13.88,F
,1445811,2319,0,1894,-0493,-0.661,0.650,16.45,-7.64,1341,F
,1445901,2352,0,1497,0.07,-0.07,1.056,11.34,38.55,-1233,F
,1445911,2349,0,1934,-0261,0.10,1.064,12.70,5.22,-11.93,F
,1445961,2352,0,1685,-0878,-0.47,0.856,11.25,.40,6.36,F
,1445971,2355,0,1987,-0604,-0.71,0.74,14.84,-20.55,1.68,F
,1446121,2373,0,1661,0.059,0.171,1.172,.33,39.65,-10.4,F
,144614,2375,0,1653,-0.835,-0.31,0.63,14.32,14.53,13.93,F
,1446151,2369,0,1873,-0160,-0.480,0.85,7.87,-10.12,2.87,F
,144616,2368,0,1984,0.201,0.04,1.178,.30,27.9,-15.25,F
,1446181,2382,0,2041,-0.888,-0.69,0.77,19.94,.17,6.52,F
,1446221,2381,0,1986,-0.729,-0.53,0.88,13.74,8.07,-1.13,F
,1446231,2380,0,1697,-0.902,-0.36,0.635,18.24,-14.26,14.20,F
,1446251,2384,0,2093,0.95,0.076,1.191,.88,21.58,-12.2,F
,1446341,2385,0,1845,0.67,0.02,1.182,7.29,34.2,-9.72,F
,1446411,2387,0,1798,-0893,-0.569,0.70,4.04,-8.77,6.57,F
,1446421,2387,0,1873,-0472,-0.30,0.805,5.17,-9.43,9.17,F
,1446431,2389,0,1891,0.56,-0.19,1.137,2.38,1710,-5.90,F
,1446531,2387,0,1933,0.27,0.16,1.187,-1.48,37.00,-8.6,F
,1446551,2384,0,1205,-0.904,-0.00,0.71,7.39,-.17,18.28,F
,1446581,2386,0,1893,-0033,0.19,1.105,-0.87,42.40,-8.13,F
,144667,2397,0,1779,0.126,0.19,1.181,7.86,38.33,-14.03,F
,1446691,2392,0,1729,-0.871,-0.32,0.68,7.71,-.96,15.47,F
,1446721,2397,0,1575,-0026,0.23,1.158,0.93,39.03,-17.0,F
,1446741,2398,0,1535,-0.774,-0.59,0.64,9.02,-0.91,12.00,F
,144679,2398,0,1874,-0764,-0.673,0.701,4.27,7.56,9.50,F
,1446841,2407,0,1209,-0.541,-0.02,0.79,-4.80,7.58,2.19,F
,1446881,2388,0,1927,-0.954,-0.26,0.84,-5.16,11.55,5.41,F
,144690,2402,0,1904,0.116,-0.221,1.000,26.23,31.94,-18.15,F
,144693,2398,0,1920,-0918,-0.60,0.84,-7.93,-4.97,-2.70,F
,1446981,2391,0,1745,-0739,-0.03,0.755,8.38,-0.45,6.2,F
,144711,2415,0,1937,-0765,-0.10,0.863,-9.24,19.23,-0.73,F
,1447181,2406,0,1902,-0173,-0.43,0.926,19.58,1.28,3.17,F
,1447201,2412,0,1742,-0354,-0.19,1.019,14.61,26.54,-1.16,F
,144724,2394,0,1818,0.50,0.03,0.990,21.86,34.40,-12.22,F
,144730,2443,0,1936,-0856,-0.304,0.868,-5.13,9.76,-2.3,F
,144731,2435,0,1515,-0966,-0.60,0.77,-8.11,20.24,8.28,F
,144732,2438,0,1945,-0229,-0.529,0.869,8.29,-13.13,4.5,F
,144733,2446,0,1638,0.05,-0.04,1.062,21.20,20.13,-9.61,F
,1447361,2461,0,2121,-0140,-0.90,0.86,3.23,-.94,19.23,F
,1447401,2482,0,1553,-0865,-0.626,0.710,1.25,-2.27,14.57,F
,1447431,2482,0,1835,-0270,-0.64,1.005,12.41,21.00,-10.51,F
,144746,2490,0,1710,-0130,-0.49,0.859,2.45,-15.17,1423,F
,1447481,2482,0,1794,-0183,-0.037,0.99,22.52,4.37,-7.54,F
,144752,2493,0,1657,0.39,-0.13,0.995,14.03,-6.50,1.4,F
,144756,2463,0,1778,-0358,-0.93,0.80,-0.93,-15.14,7.88,F
,144759,2448,0,1630,-0729,-0.224,0.89,11.74,31.55,-14.70,F
,144761,2436,0,1915,-0401,-0.45,0.802,-2.43,-13.17,958,F
,1447631,2423,0,1886,0.13,0.023,1.014,6.61,30.66,-9.2,F
,144765,2432,0,1927,-0993,-0.661,0.777,-1.25,15.42,-210,F
,1447661,2433,0,1856,-0357,-0.632,0.789,-2.37,-11.71,787,F
,144768,2445,0,1930,-0061,0.027,1.069,30.65,28.98,-8.7,F
,1447711,2459,0,1799,-0.239,-0.528,0.78,-1.01,-11.67,11.18,F
,144773,2451,0,1927,-0186,0.05,1.004,24.07,36.63,-7.84,F
,1447781,2455,0,1871,-0.259,-0.026,1.049,26.41,27.39,-1.04,F
,144781,2458,0,1245,-0031,-0.46,0.87,3.97,-7.77,12.23,F
,144785,2485,0,1984,-0820,-0.05,0.724,-0.42,4.46,9.96,F
,144789,2470,0,1963,-0974,-0.60,0.824,11.19,2.28,-1.93,F
,1447901,2465,0,1650,-0.821,-0.17,0.74,-3.61,-17.58,2.26,F
,144791,2462,0,1779,-0092,-0.04,0.874,-0.57,-28.39,897,F
,1448041,2433,0,1969,-0829,-0.46,0.86,15.69,6.05,-8.64,F
,1448051,2433,0,1740,-0943,-0.91,0.72,0.90,9.15,5.67,F
,1448061,2430,0,1911,-0249,-0.52,0.797,1.49,-13.45,1452,F
,1448081,2419,0,1826,-0138,0.00,1.028,23.95,28.11,-8.06,F
,1448101,2418,0,1787,-0896,-0.715,0.759,-0.75,7.84,5.68,F
,1448131,2401,0,1859,-0196,-0.45,1.033,29.68,38.65,-1.93,F
,1448151,2401,0,1989,-0835,-0.684,0.750,0.50,7.73,7.47,F
,1448231,2366,0,1783,-0750,-0.274,0.918,10.56,41.13,-942,F
,144824,2367,0,1842,-0917,-0.78,0.786,-1.64,10.98,5.1,F
,1448351,2288,0,1473,-0181,-0.72,1.007,25.52,36.98,-671,F
,1448361,2282,0,1872,-0951,-0.63,0.85,9.65,26.51,-0.47,F
,1448371,2279,0,1488,-0536,-0.93,0.69,1.89,-6.26,13.9,F
,144839,2263,0,1844,-0352,-0.52,1.020,23.48,8.52,-10.74,F
,144842,2257,0,1859,0.48,-0.09,0.987,19.22,648,-0.76,F
,1448441,2247,0,1888,-0891,-0.79,0.766,-2.43,7.13,6.2,F
,1448471,2233,0,1909,-0869,-0.23,0.909,15.26,31.15,-1.92,F
,1448491,2221,0,1659,0.44,-0.192,0.908,17.55,419,6.05,F
,144850,2211,0,1920,-0354,-0.93,1.04,24.75,30.29,-906,F
,1448511,2223,0,1865,-0983,-0.602,0.852,2.90,11.88,-0.9,F
,1448521,2209,0,1810,-0211,-0.24,0.771,3.10,-10.55,9.4,F
,1448621,2081,0,1839,-0.176,-0.35,0.74,6.99,-2.94,8.9,F
,1448651,2046,0,1934,-0248,-0.80,0.723,1.63,-.19,7.6,F
,1448661,2047,0,2112,-0125,-0.019,1.039,24.88,6.39,-6.36,F
,1448671,2032,0,1411,-0938,-0.494,0.920,8.00,10.58,-2.4,F
,144883,1961,0,1717,-0090,-0.28,1.000,16.99,4.63,-5.32,F
,1448861,1842,0,1861,-0325,-0.109,1.040,22.39,2.91,-10.83,F
,1448901,1535,0,1808,-0316,-0.06,0.762,9.05,-24.79,6.11,F
,1448931,1309,0,1945,-0188,-0.110,0.99,25.51,-19.20,-18.82,F
,1449001,351,0,623,-0.416,-0.49,0.909,5.05,-2.40,9.36,F
,1449071,0,0,1740,-0.29,-0.353,0.943,-.94,-24.50,-0.3,F
,1449131,0,0,1726,-0.20,-0.395,0.929,-7.88,-55.60,-3.6,F
,144919,0,0,1799,-0.17,-0.433,0.909,310,41.70,-0.42,F
,1449311,0,0,1770,-0.22,-0.348,0.932,5.37,39.33,-6.36,F
,1449321,0,0,1791,-0.23,-0.341,0.928,5.78,42.7,-5.60,F
,1449441,0,0,1825,-0.32,-0.259,0.887,38.52,40.46,-0.58,F
,1449481,0,0,1781,-0.36,-0.220,0.846,3.65,57.6,7.30,F
,1449551,0,0,183,-0.34,-0.227,1.129,2.24,56.10,2.19,
,1449581,0,0,1797,-0.43,-0.244,0.931,9.80,59.68,11.04,
,144962,0,0,1825,-0.46,-0.251,0.806,020,42.49,22.37,F
,1449701,0,0,183,-0.56,-0.281,0.887,-8.34,28.29,4.25,
,1449921,0,0,187,-0.50,-0.153,0.870,1.54,20.9,4.23,F
,1449941,0,0,1934,-0.45,-0.184,0.863,1.62,16.51,7.47,F
,1449961,0,0,184,-0.40,-0.190,0.859,2.72,20.1,11.82,F
,1449971,0,0,1866,-0.40,-0.185,0.850,2.44,24.2,12.45,F
,1450051,0,0,187,-0.50,-0.169,0.850,-.74,5.00,3.07,F
,1450341,0,0,182,-0.59,-0.196,0.905,-.61,40.2,3.70,F
,1450361,0,0,187,-0.61,-0.223,0.899,142,38.7,5.30,F
,145051,0,0,1855,-0.66,-0.171,0.791,2.23,21.03,-8.36,
,1450521,0,0,1823,-0.675,-0.184,0.802,-.89,19.1,-10.15,F
,145054,0,0,1681,-0.672,-0.190,0.822,-.93,15.78,-8.74,F
,145063,0,0,1850,-0.561,-0.238,0.857,3.54,-3309,-0.62,F
,1450701,0,0,1875,-0.420,-0.222,0.782,5.73,-1861,-0.29,F
,145086,0,0,1719,-0.58,-0.206,0.904,371,6.98,-4.99,F
,1450901,0,0,1834,-0.53,-0.222,0.868,1.09,3.7,-1.48,F
,145095,0,0,1895,-0.55,-0.237,0.858,13.62,10.13,-0.73,F
,145099,0,0,1712,-0.55,-0.227,0.874,8.45,10.46,-3.81,F
,145100,0,0,1855,-0.54,-0.228,0.885,907,9.24,-4.01,F
,1451031,0,0,1872,-0.53,-0.229,0.880,1.45,4.19,-2.58,F
,1451081,0,0,1801,-0.50,-0.215,0.834,2.81,2.5,-4.83,F
,1451111,0,0,1719,-0.498,-0.201,0.832,2.36,4.25,-6.42,F
,1451141,0,0,1824,-0.476,-0.198,0.845,1.76,10.8,-3.78,F
,1451201,0,0,1821,-0.51,-0.122,0.866,1.33,17.4,-6.97,F
,145121,0,0,1883,-0.52,-0.127,0.869,7.23,13.3,-8.97,F
,145123,0,0,1892,-0.54,-0.136,0.879,-.42,3.79,-10.93,F
,1451261,0,0,1844,-0.52,-0.160,0.916,-.72,0.62,-6.41,F
,1451311,0,0,187,-0.562,-0.148,0.908,820,10.86,3.04,F
,145133,0,0,1923,-0.56,-0.158,0.904,699,4.19,5.88,F
,1451361,0,0,1878,-0.521,-0.186,0.890,907,-3.67,9.36,F
,145137,0,0,1852,-0.50,-0.188,0.885,1.80,-2.67,10.57,F
,145138,0,0,1826,-0.48,-0.193,0.890,1.61,-0.8,11.09,F
,1451401,0,0,1907,-0.46,-0.196,0.871,11.71,5.2,10.43,F
,1451451,0,0,1857,-0.44,-0.226,0.858,925,-3.58,7.23,F
,145149,0,0,1982,-0.41,-0.227,0.830,13.86,-6.0,7.52,F
,145156,0,0,1897,-0.46,-0.190,0.917,969,22.03,-1.72,F
,1451571,0,0,1773,-0.49,-0.188,0.934,1.67,17.9,-0.79,F
,1451591,0,0,1970,-0.47,-0.170,0.923,20.09,11.0,0.71,F
,145161,0,0,1923,-0.47,-0.156,0.925,2.51,10.29,0.40,F
,145168,0,0,1856,-0.50,-0.117,1.007,3.00,4.37,6.04,F
,145172,0,0,1921,-0.55,-0.052,0.943,4.03,-38.48,21.01,F
,145175,0,0,1997,-0.47,-0.129,0.896,3.72,-17.89,20.78,F
,1451831,0,0,1963,-0.300,-0.178,0.921,1.80,-5435,-0.54,F
,1451841,0,0,1946,-0.27,-0.164,0.895,1.62,-41.92,-1.08,F
,1451861,0,0,206,-0.32,-0.125,0.906,079,-13.19,10.23,F
,1451931,0,0,1822,-0.36,-0.051,0.951,1.04,1.73,39.71,F
,1452011,0,0,206,-0.282,-0.072,0.923,-.48,-15.93,8.62,F
,145203,0,0,1904,-0.33,-0.086,0.964,-15.22,-2.09,10.77,F
,1452041,0,0,183,-0.318,-0.091,0.967,-5.85,-2.84,14.33,F
,1452071,0,0,1952,-0.27,-0.119,1.022,-1.90,-2.99,23.18,F
,145208,0,0,186,-0.24,-0.131,0.996,-.47,-2427,22.58,F
,1452111,0,0,1831,-0.19,-0.165,0.981,-3.65,-25.17,12.69,F
,1452141,0,0,197,-0.21,-0.144,0.966,-0.52,-19.42,15.49,F
,1452171,0,0,1717,-0.18,-0.196,0.973,-5.36,2.00,3.41,F
,1452231,0,0,1617,-0.19,-0.191,0.977,-3.32,18.65,10.8,F
,145224,0,0,1953,-0.17,-0.223,1.019,-14.90,16.26,6.05,F
,1452251,0,0,193,-0.22,-0.216,1.016,-2.90,19.93,1.96,
,1452261,0,0,2028,-0.229,-0.167,0.990,-.78,18.87,2.74,F
,1452271,0,0,1827,-0.23,-0.274,1.056,-5.12,11.99,3.35,F
,1452281,0,0,1775,-0.29,-0.265,1.052,546,12.91,1.09,F
,145231,0,0,1968,-0.20,-0.232,1.022,1.68,17.09,-2.13,F
,1452441,336,0,1776,-0.98,-0.262,1.041,10.78,35.47,0.5,F
,1452451,321,0,1926,-0.95,-0.250,1.041,19.36,27.81,1.13,F
,1452461,310,0,1582,-0.01,-0.232,1.035,24.42,24.20,1.90,F
,1452511,304,0,871,-0.300,-0.221,0.949,34.79,55.24,-4.7,F
,1452541,209,0,983,-0.351,-0.19,0.921,31.62,6.30,-1.90,F
,1452571,347,0,840,-0.435,-0.089,0.976,3.98,40.05,4.28,F
,1452611,693,0,1777,-0.47,-0.18,0.995,7.91,-255,6.25,F
,1452641,907,0,728,-0.305,-0.14,0.931,14.36,21.00,2.29,F
,1452671,1043,0,1998,-0481,-0.136,0.97,3.16,30.31,14.58,F
,1452721,1407,0,1737,-0362,-0.210,0.94,-9.50,-24.36,3.35,F
,1452791,1773,0,2027,-0385,-0.71,0.869,13.46,11.06,-2.19,F
,145283,1875,1,1867,-0.397,-0.194,0.94,16.26,3.04,-2.90,F
,1452841,1917,46,1863,-.432,-0.178,1.12,6.71,-1.58,-5.84,F
,1452851,1986,16,1992,0.399,-0.244,1.00,20.21,-4.10,-5.64,F
,145289,2097,13,1754,-0.345,-0.509,0.862,7.65,-34.55,-9.67,F
,1452921,2226,14,1822,0.410,-.375,0.915,17.6,-5.72,7.18,F
,1452931,2239,14,1778,-0.169,0.013,1.16,11.72,20.46,-.44,F
,145294,2247,10,1787,-0.364,-0.410,0.81,10.6,7.27,7.64,F
,145297,2261,13,1509,0.017,-0022,0.865,6.39,5.21,-13.66,F
,145304,2337,19,1842,0.712,-0.386,0.56,14.13,-12.00,13.62,F
,145306,2352,13,1958,.177,0.62,1.225,12.78,3.03,-1.50,F
,145307,2355,17,1893,0.495,-.095,1.119,24.0,19.10,-3.72,F
,145309,2363,10,1597,.095,-0227,0.927,8.93,.64,-1548,F
,1453121,2378,18,1966,0.446,-0.624,0.19,8.21,-26.71,2.65,F
,1453151,2386,113,2032,0.699,-.258,0.923,17.2,-2.18,6.11,F
,145316,2395,17,1929,0.522,-.642,0.81,11.17,-17.31,14.17,F
,1453191,2386,118,1725,-0.649,-0.145,0.986,23.42,8.95,0.81,F
,1453201,2383,12,1792,-0.687,-0.615,0.732,23.42,-16.94,12.87,F
,145323,2403,14,1305,0.439,0.115,1.10,14.45,21.85,-8.47,F
,145325,2397,13,1859,0.331,-.581,0.15,9.37,-14.33,9.33,F
,145326,2390,9,1616,0.219,-0.103,1.08,-3.42,18.77,-7.98,F
,1453281,2395,12,1810,-0.618,-0.215,0.942,24.97,1.78,1.24,F
,1453301,2402,88,1814,-0.023,-0.430,0.919,10.67,-3.81,-.20,F
,1453441,2429,0,1885,-0.140,-0.554,0.854,2.75,-7.19,6.65,F
,1453471,2455,0,1744,-0.687,-0.205,0.898,19.17,9.01,5.84,F
,1453531,2448,0,1945,-0.659,-0.640,0.698,19.19,-17.55,1.81,F
,1453571,2419,0,1820,-0.671,-0.187,0.891,24.81,11.85,8.72,F
,1453631,2425,0,1909,-0.711,-0.625,0.719,20.70,-19.78,16.63,F
,1453921,2439,0,1727,-0.263,0.119,1.065,17.28,29.81,-5.92,F
,145398,2447,0,2111,-0.722,-0.313,0.792,22.58,-4.55,7.50,F
,1454011,2454,0,1939,0.36,0.027,1.265,-4.11,2933,-13.06,F
,145406,2459,0,1971,0.300,-0.094,1.196,3.36,35.97,-5.60,F
,1454091,2465,0,1759,-0.771,-0.560,0.711,25.77,-17.38,12.63,F
,1454151,2473,0,1836,-0.579,-0.667,0.712,12.75,-18.48,14.22,F
,1454281,2470,0,1926,0.298,0.184,1.251,8.56,40.60,-14.1,F
,145439,2469,0,1867,0.217,0.226,1.225,7.13,43.73,-12.93,F
,145442,2470,0,1929,-0.485,-0.663,0.747,11.65,-20.07,1.53,F
,1454621,2452,0,1955,-0.437,-0.656,0.775,14.16,-19.97,13.41,F
,1454681,2453,0,1749,0.060,-0.403,0.995,7.23,-15.38,13.8,F
,1454761,2459,0,1925,-0.547,-0.136,0.921,13.57,9.47,-11.32,F
,145478,2458,0,1969,-0.265,-0.610,0.80,18.73,19.45,1.70,F
,145486,2449,0,1825,-0.189,0.19,1.083,9.94,42.13,-14.29,F
,145487,2434,0,1935,-0.719,-0.381,0.792,18.99,26.11,-6.91,F
,145491,2443,0,1836,-0.063,0.193,1.146,8.96,4416,-12.3,F
,145492,2441,0,1975,-0.682,-0.48,0.836,18.49,32.02,-8.80,F
,145509,2447,0,1872,-0.307,-0.610,0.82,11.11,20.51,1.26,F
,1455131,2448,0,1776,-0.809,-0.540,0.75,16.94,6.46,1.4,F
,1455291,2448,0,1636,-0627,-0.76,0.738,19.17,-12.04,1.48,F
,1455301,2436,0,1417,0.027,-0.438,1.007,11.20,-1.45,1304,F
,1455451,2453,0,1743,-0.371,-0.21,0.790,16.10,-17.57,13.44,F
,1455541,2454,0,1754,-0639,-0.289,0.836,21.29,27.06,-6.76,F
,145559,2453,0,1851,-0.502,-0.089,0.95,16.65,9.27,-10.12,F
,145561,2465,0,1960,-0.415,-0.602,0.836,13.02,-22.88,15.13,F
,1455681,2480,0,1676,0.367,0.084,1.196,.93,17.36,-3.78,F
,1455761,2480,0,1715,-0.837,-0.416,0.844,9.14,15.76,-3.00,F
,1455911,2485,0,1818,-0025,0.02,1.000,19.89,47.78,-13.52,F
,1455971,2483,0,1741,-0.416,-0.067,0.86,17.13,0.20,-9.89,F
,1456131,2407,0,1798,-0.304,-0.49,0.846,21.52,0.81,-1.06,F
,1456171,2399,0,1936,0.345,0.091,0.930,3.72,5542,-11.28,F
,1456241,2243,0,1813,-0.841,-0.567,0.935,-7.15,1.04,4.4,F
,1456261,2185,0,1842,0.303,0.065,1.023,3.92,2843,-3.9,F
,1456271,2157,0,1811,-0.219,-0.81,0.873,30.55,52.05,-16.99,F
,1456281,1981,0,1711,-0.852,-0.488,0.89,3.62,1.11,-2.2,F
,1456291,1856,0,1819,-0.277,-0.247,1.02,2.21,-14.96,11.00,F
,1456301,1796,0,1742,0.189,0.150,1.056,5.98,23.50,-6.94,F
,1456451,0,0,1802,-0.303,-0.139,1.111,-1.99,-10.16,-5.60,F
,145648,0,0,189,-0.110,-0.346,0.950,-5.68,0.77,4.37,F
,1456501,0,0,1793,-0.251,-0.268,1.055,13.54,13.53,1.49,F
,1456551,0,0,1885,-0.232,-0.277,1.032,1.25,8.13,-4.56,F
,145656,0,0,180,-0.23,-0.292,1.037,15.65,2.52,-7.51,
,145660,0,0,188,-0.22,-0.311,1.034,34.20,14.48,-10.9,F
,1456641,0,0,180,-0.233,-0.270,1.036,39.37,28.92,-6.00,F
,1456731,0,0,1714,-0.190,-0.258,1.032,6.87,25.04,-15.43,F
,145676,0,0,153,-0.27,-0.177,1.036,7.48,27.81,-15.77,F
,1456821,0,0,165,-0.274,-0.090,1.004,6.85,-19.26,-12.76,F
,1456841,0,0,1887,-0.261,-0.077,1.000,72.24,-16.06,-5.81,F
,1456921,0,0,187,-0.31,0.067,.021,14.90,21.4,36.78,F
,1456931,0,0,203,-0.132,0.140,0.969,159.54,16.63,37.33,F
,1456971,0,0,1891,-0.182,0.281,0.877,179.28,29.91,32.26,F
,1456981,0,0,189,-0.18,0.310,0.857,166.27,35.42,31.67,F
,145700,0,0,173,-0.23,0.317,.811,14.29,42.0,29.67,F
,1457011,0,0,171,-0.19,0.358,0.801,12.44,33.88,28.25,F
,1457021,0,0,186,-0.22,0.334,.824,10.88,28.62,26.25,F
,1457031,0,0,1776,-0.22,0.375,.823,99.20,24.58,25.26,F
,1457041,0,0,188,-0.23,0.388,.828,88.88,22.13,28.08,F
,1457051,0,0,176,-0.19,0.425,0.824,81.54,22.36,27.58,
,1457081,0,0,180,-0.12,0.395,0.792,62.53,31.49,20.58,F
,1457121,0,0,194,-0.24,0.430,0.802,47.68,41.16,22.72,
,1457131,0,0,191,-0.234,0.442,0.802,40.06,35.36,23.93,F
,1457141,0,0,172,-0.235,0.479,0.820,30.96,28.58,22.02,
,1457161,0,0,177,-0.24,0.490,.818,6.16,9.09,16.72,F
,1457221,0,0,182,-0.21,0.393,.905,-0.72,17.42,5.85,F
,1457291,0,0,186,-0.250,0.427,0.886,-23.04,-0.80,2.49,
,1457331,0,0,194,-0.21,0.343,0.929,-24.78,-4.26,-1.54,F
,1457341,0,0,178,-0.21,0.331,.933,-17.82,0.43,-0.25,F
,145739,0,0,187,-0.20,0.339,0.954,5.71,14.55,2.23,F
,1457451,0,0,185,-0.243,0.376,0.917,-9.10,8.20,2.34,F
,1457481,0,0,2063,-0.231,0.381,0.906,-27.80,-2.6,1.24,F
,1457521,0,0,1853,-0.17,0.301,.967,-14.16,5.82,-1.28,
,1457561,0,0,189,-0.22,0.317,0.948,7.49,21.41,6.33,F
,1457581,0,0,183,-0.23,0.338,0.928,-1.96,17.2,6.84,F
,1457651,0,0,184,-0.211,0.264,.982,-15.93,16.48,3.78,
,1457681,0,0,183,-0.20,0.262,.983,-1.19,19.01,6.52,F
,1457701,0,0,191,-0.22,0.280,.948,-4.48,16.75,4.34,F
,1457711,0,0,195,-0.23,0.284,0.947,-8.08,14.03,4.43,F
,1457721,0,0,1785,-0.239,0.291,0.943,-15.00,10.72,4.66,
,1457741,0,0,180,-0.23,0.273,.936,-31.03,4.28,5.12,F
,1457751,0,0,185,-0.216,0.256,0.943,-35.15,2.75,5.06,F
,145778,0,0,1883,-0.167,0.214,0.919,-43.42,12.37,2.45,
,1457811,0,0,173,-0.260,0.206,.953,-5.48,30.98,5.53,F
,1457821,0,0,180,-0.27,0.185,.962,-56.90,27.62,8.66,F
,1457861,0,0,173,-0.21,0.120,.012,-3.62,22.4,8.25,F
,1457871,0,0,180,-0.231,0.116,1.018,-36.55,23.4,5.78,
,1457881,0,0,189,-0.248,0.109,1.033,-30.23,26.52,5.78,
,1457901,0,0,174,-0.26,0.095,1.034,-24.71,26.3,8.83,
,1457921,0,0,1847,-0.261,0.081,1.061,-15.70,22.6,11.46,F
,1457931,0,0,195,-0.25,0.078,.063,-9.94,21.01,11.65,F
,1457961,0,0,189,-0.24,0.078,1.051,4.75,22.16,9.03,F
,145799,0,0,177,-0.23,0.082,0.994,8.68,24.28,7.26,F
,145801,0,0,1863,-0.223,0.082,0.977,8.29,28.34,6.72,F
,1458031,0,0,187,-0.27,0.058,.993,10.09,32.63,5.44,F
,145805,0,0,1822,-0.217,0.076,0.919,6.64,48.31,1.94,F
,1458071,0,0,182,-0.23,0.055,.869,3.42,60.71,-1.19,F
,1458101,0,0,174,-0.233,0.044,0.821,-608,84.9,-3.74,F
,1458121,0,0,182,-0.286,0.084,0.854,-1.84,94.19,0.57,F
,145816,0,0,1923,-0.408,0.138,0.991,-4.19,58.9,0.04,F
,1458201,0,0,190,-0.46,0.127,.995,-26.46,19.32,-6.01,F
,1458221,0,0,161,-0.51,0.128,1.012,-36.72,10.7,3.29,F
,1458231,0,0,173,-0.531,0.105,1.045,-39.09,0.65,11.88,F
,145833,0,0,192,-0.351,-0.086,0.999,28.68,-16.39,32.5,F
,145841,0,0,178,-0.27,-0.095,0.862,14.29,5.1,12.55,F
,1458421,0,0,186,-0.281,-0.078,0.855,11.14,8.0,8.23,F
,1458431,0,0,189,-0.29,-0.072,0.850,656,9.78,4.37,F
,145845,0,0,190,-0.338,-0.029,0.885,0.88,14.20,1.04,F
,1458461,0,0,176,-0.36,-0.005,0.912,-1.80,16.0,1.64,
,145847,0,0,185,-0.37,0.022,0.945,-2.54,19.91,2.80,F
,145849,0,0,165,-0.400,0.069,1.017,-788,26.6,2.60,F
,1458501,0,0,188,-0.42,0.081,.032,-12.32,26.31,0.92,F
,145851,0,0,1846,-0.448,0.070,1.051,-14.17,23.3,0.11,F
,145853,0,0,194,-0.45,0.004,1.030,-7.82,15.0,-0.56,F
,145855,0,0,188,-0.41,-0.051,0.990,890,15.2,2.42,F
,1458561,0,0,1791,-0.393,-0.069,0.971,1.58,19.1,5.93,F
,1458601,0,0,192,-0.32,-0.063,0.897,37.51,48.0,19.82,F
,145865,0,0,178,-0.363,-0.125,0.934,12.99,19.4,17.21,F
,145873,0,0,182,-0.29,-0.094,0.947,4.07,31.52,5.21,F
,145875,0,0,1798,-0.312,-0.022,0.931,5.29,33.4,3.47,F
,145877,0,0,180,-0.34,0.029,.930,46.55,29.12,1.09,F
,145879,0,0,189,-0.346,0.045,0.934,42.97,22.60,0.62,F
,1458801,0,0,181,-0.33,0.046,.932,40.62,21.4,1.88,F
,145883,0,0,194,-0.317,0.118,0.974,4273,33.7,7.32,F
,1458861,0,0,185,-0.35,0.153,0.986,4171,40.2,10.39,F
,1458871,0,0,180,-0.37,0.163,0.997,3954,36.3,9.94,F
,1458891,0,0,177,-0.38,0.133,0.997,3526,24.46,6.11,F
,1458911,0,0,187,-0.34,0.067,0.967,4213,12.55,3.90,F
,1458921,0,0,1961,-0.319,0.053,0.940,4933,11.97,4.22,F
,145894,0,0,193,-0.321,0.082,0.912,60.10,18.3,3.07,F
,1458951,0,0,186,-0.33,0.128,.898,59.40,20.57,-0.15,
,1458971,0,0,1846,-0.397,0.191,0.890,5284,21.4,-4.45,F
,1458991,0,0,1785,-0.436,0.213,0.919,3809,16.0,-7.31,
,145900,0,0,183,-0.44,0.228,0.921,34.41,14.8,-7.16,F
,1459031,0,0,171,-0.43,0.239,0.950,30.64,26.89,-5.77,
,145904,0,0,174,-0.47,0.249,.941,33.42,28.9,-0.90,
,145906,0,0,181,-0.50,0.272,0.964,26.49,35.6,3.75,F
,1459081,0,0,180,-0.511,0.258,0.962,2529,26.4,6.78,F
,145909,0,0,181,-0.494,0.230,0.955,2934,20.91,8.00,F
,145915,0,0,187,-0.43,0.237,0.818,6897,20.39,8.78,F
,145916,0,0,186,-0.45,0.262,0.796,6623,24.78,6.48,F
,1459171,0,0,1711,-0.479,0.282,0.794,6096,28.10,3.71,F
,1459181,0,0,195,-0.52,0.292,0.782,5255,29.01,1.91,F
,1459191,0,0,189,-0.551,0.290,0.780,44.97,28.77,1.00,F
,145920,0,0,173,-0.56,0.274,.786,40.12,26.5,0.80,F
,145921,0,0,198,-0.56,0.284,.797,3420,25.24,1.47,F
,1459221,0,0,1881,-0.562,0.292,0.802,28.70,24.63,1.73,F
,145926,0,0,176,-0.56,0.281,.818,18.82,25.0,-3.22,
,1459271,0,0,1784,-0.553,0.260,0.815,21.40,23.58,-2.35,F
,1459281,0,0,188,-0.53,0.287,0.823,2629,24.51,-0.15,F
,1459291,0,0,1646,-0.498,0.314,0.812,28.07,30.77,2.29,F
,145931,0,0,184,-0.517,0.375,0.830,3020,45.94,3.78,F
,1459321,0,0,180,-0.51,0.385,0.822,2922,54.5,3.47,F
,145933,0,0,173,-0.36,0.440,0.686,8.59,52.48,-3.58,F
,1459341,0,0,1759,0.088,0.693,0.447,-106.08,57.88,-54.99,F
,1459351,0,0,188,-0.72,0.732,0.715,-19.88,128.84,-59.19,F
,145936,0,0,179,-0.81,0.217,.810,-91.35,11310,-30.58,F
,1459371,0,0,1697,-0.530,0.393,0.702,-76.52,105.61,-25.16,F
,1459391,0,0,1810,-0.770,0.298,0.758,-9.54,118.97,-28.50,F
,145940,0,0,181,-0.63,0.319,.698,-17.42,119.15,-25.80,F
,145941,0,0,188,-0.76,0.227,0.662,-8.65,118.75,-15.34,F
,145942,0,0,179,-0.74,0.242,.676,-8.44,11436,-1.74,F
,1459431,0,0,182,-0.827,0.182,0.725,-6.74,99.45,17.96,F
,145945,0,0,179,-0.76,0.095,0.728,-35.80,65.68,33.30,F
,145946,0,0,175,-0.82,-0.083,0.772,-9.87,39.91,50.55,F
,145955,0,0,192,-0.47,0.301,.931,26.61,-20.6,-29.3,F
,1459561,0,0,188,-0.610,0.159,0.714,-6.61,-52.97,-27.13,F
,1459591,0,0,1875,-0.68,0.008,.991,-23.55,-3743,-13.26,F
,1459621,0,0,202,-0.81,0.095,.905,6107,10.31,-2.73,F
,1459641,0,0,1902,-0.83,0.205,0.808,57.78,-8.77,-8.82,F
,145965,0,0,183,-0.81,0.222,.797,4736,-19.22,-10.50,F
,1459671,0,0,1795,-0.749,0.242,0.741,28.35,-32.68,-9.57,F
,1459701,0,0,183,-0.558,0.137,0.751,1952,-36.65,-5.90,F
,1459741,0,0,150,-0.499,0.114,0.817,3.63,-11.74,5.88,F
,1459751,0,0,175,-0.514,0.124,0.849,2.12,-10.51,7.42,F
,1459761,0,0,198,-0.52,0.107,.958,5.55,-12.70,8.23,F
,1459781,0,0,193,-0.46,0.096,.972,3134,-27.97,-11.35,F
,1459791,0,0,193,-0.45,0.096,.968,3580,-36.74,-23.16,F
,1459801,0,0,1618,-0.454,0.087,0.963,33.00,-46.48,-34.62,F
,145981,0,0,193,-0.480,0.093,0.954,23.04,-53.84,-41.3,F
,145982,0,0,182,-0.50,0.061,1.000,15.94,-60.77,-42.7,F
,1459831,0,0,180,-0.49,0.059,.042,2398,-66.2,-40.5,F
,145985,0,0,198,-0.45,0.053,.016,5181,-68.65,-36.79,F
,1459861,0,0,161,-0.44,0.133,1.003,64.26,-66.32,-37.16,F
,145987,0,0,199,-0.47,0.168,0.948,7685,-63.29,-37.17,F
,1459881,0,0,170,-0.52,0.242,.945,8384,-65.8,-34.04,F
,1459891,0,0,1807,-0.578,0.326,.943,67.13,-72.8,-28.5,F
,1459901,0,0,183,-0.63,0.313,.007,6387,-87.64,-28.50,F
,1459911,0,0,131,-0.63,0.299,.966,7615,-110.73,-30.19,F
,1459921,0,0,204,-0.61,0.260,.947,9910,-127.40,-30.10,F
,1459931,0,0,188,-0.55,0.259,0.938,122.06,-145.25,-28.41,F
,145994,0,0,167,-0.45,0.303,0.927,134.59,-159.63,-2671,F
,1459971,0,0,165,-0.329,0.452,0.774,126.53,-145.54,-19.77,F
,1459991,0,0,229,-0.332,0.513,0.692,94.82,-105.69,-19.55,F
,1460011,0,0,177,-0.35,0.409,.790,8432,-85.35,-27.49,F
,1460021,0,0,247,-0.26,0.358,.769,78.16,-79.8,-35.8,F
,1460031,0,0,189,-0.198,0.322,.807,8549,-85.22,-36.59,F
,1460051,0,0,195,-0.067,0.266,0.974,72.47,-120.67,-54.50,F
,1460071,0,0,201,-0.09,0.326,.909,63.45,-11832,-49.8,F
,1460091,0,0,163,-0.17,0.302,0.855,5897,-79.40,-32.54,F
,1460101,0,0,176,-0.224,0.338,0.878,51.91,-61.46,-30.87,F
,146011,0,0,2010,-0.225,0.331,0.909,47.92,-53.83,-33.06,F
,1460131,0,0,179,-0.02,0.281,0.860,41.37,-74.36,-30.22,F
,1460141,0,0,189,0.038,0.347,0.810,29.34,-83.42,-32.90,F
,1460171,0,0,1883,0.165,0.354,0.793,11.63,-48.74,-23.19,F
,1460181,0,0,1949,0.143,0.354,0.855,5.94,-25.58,-23.32,
,146019,0,0,184,-0.00,0.328,0.913,4.68,-12.45,-25.35,F
,1460211,0,0,191,-0.153,0.457,1.008,9.78,-13.14,-23.26,F
,1460221,0,0,154,-0.06,0.520,1.041,13.31,-16.67,-15.74,F
,1460261,0,0,166,0.087,0.588,0.771,7.02,-22.76,-8.99,F
,146029,0,0,1661,-0.058,0.589,0.782,0.97,13.58,23.64,F
,1460371,0,0,1866,0.069,0.518,0.751,-7.39,58.84,48.95,F
,1460381,0,0,1847,0.063,0.539,0.767,-17.15,71.91,60.83,F
,1460401,0,0,1931,-0.119,0.417,0.929,-48.03,70.63,46.10,F
,146042,0,0,1829,-0.167,0.260,1.039,-34.26,42.83,39.53,F
,146043,0,0,1762,-0.089,0.241,1.086,-23.59,29.33,44.57,F
,146046,0,0,1721,0.136,0.307,1.000,-29.10,25.71,45.18,F
,146049,0,0,1799,0.117,0.298,0.832,-24.28,67.29,60.52,F
,1460501,0,0,170,0.091,0.312,0.820,-24.67,90.60,63.13,F
,1460511,0,0,1807,-0.013,0.327,0.882,-40.37,102.52,61.7,F
,146052,0,0,1772,-0.067,0.305,0.912,-50.11,103.61,55.39,F
,1460531,0,0,154,-0.15,0.278,.970,-48.34,96.20,51.15,a5
,146055,0,0,1771,-0.180,0.235,1.096,-35.07,58.16,41.07,F
,1460581,0,0,182,-0.07,0.207,.120,-1.63,3.81,24.63,
,1460591,0,0,197,-0.00,0.198,.121,-1.93,1.0,21.06,
,1460661,0,0,189,-0.06,0.224,.946,-190,57.32,24.60,
,1460671,0,0,180,-0.10,0.252,.975,-452,47.70,19.03,
,146070,0,0,183,-0.038,0.219,1.014,7.39,22.08,7.50,F
,1460711,0,0,189,-0.01,0.222,.025,1107,19.90,1.24,F
,1460721,0,0,193,-0.081,0.140,1.042,18.49,16.58,0.29,F
,1460731,0,0,165,0.001,0.234,1.016,20.16,24.17,-8.09,F
,1460751,0,0,194,-0.03,0.273,.005,22.62,41.26,-14.54,F
,146076,0,0,1671,-0.098,0.274,1.035,29.75,47.49,-11.32,F
,1460791,0,0,176,-0.17,0.290,.960,2093,39.1,-5.74,
,1460811,0,0,194,-0.191,0.309,0.989,17.31,26.1,-3.75,
,1460831,0,0,1961,-0.172,0.304,0.964,17.62,18.8,-5.98,
,1460851,0,0,185,-0.17,0.303,.983,1922,21.04,-5.26,
,1460891,0,0,183,-0.174,0.281,0.969,16.45,28.7,0.13,F
,1460901,0,0,182,-0.181,0.283,0.963,15.89,29.0,2.36,F
,1460941,0,0,178,-0.18,0.281,0.968,18.99,20.94,2.16,F
,1460991,0,0,163,-0.17,0.310,0.980,14.73,31.84,3.97,F
,146100,0,0,2028,-0.18,0.308,.963,1024,31.88,3.76,F
,146101,0,0,1887,-0.196,0.310,.978,6.52,29.50,4.37,F
,1461021,0,0,180,-0.21,0.326,0.982,8.82,25.90,6.45,F
,1461141,0,0,173,-0.18,0.294,.955,11.39,11.87,5.56,F
,146118,0,0,1802,-0.187,0.293,.944,9.7,16.65,5.26,F
,1461211,0,0,152,-0.19,0.291,0.955,9.71,15.99,4.14,F
,146122,0,0,199,-0.194,0.293,0.966,9.4,15.93,3.46,F
,146126,0,0,195,-0.199,0.279,0.962,9.69,15.36,4.36,F
,146127,0,0,174,-0.186,0.269,0.953,10.42,16.6,4.34,F
,1461321,0,0,196,-0.19,0.294,.986,7.5,9.67,1.61,F
,1461341,0,0,181,-0.18,0.280,0.984,9.37,8.45,0.27,F
,146143,0,0,1888,-0.212,0.296,.958,7.5,12.75,1.15,F
,1461491,0,0,194,-0.20,0.318,0.942,15.20,16.16,1.61,F
,146155,0,0,172,-0.19,0.269,0.966,7.04,12.78,3.82,F
,146156,0,0,179,-0.19,0.264,0.969,8.99,12.22,2.54,F
,1461581,0,0,175,-0.22,0.275,0.978,8.38,14.11,0.86,F
,1461611,0,0,187,-0.22,0.275,0.975,11.95,13.04,1.62,F
,146163,0,0,1835,-0.207,0.286,0.985,14.79,15.06,1.99,F
,146164,0,0,167,-0.20,0.282,0.961,15.57,15.01,2.04,F
,146172,0,0,194,-0.22,0.292,0.968,8.73,18.03,1.87,F
,1461791,0,0,191,-0.20,0.265,0.983,9.33,8.25,.71,F
,1461801,0,0,1818,-0.223,0.283,0.978,8.53,7.59,-0.09,F
,1461851,0,0,1861,-0.256,0.307,.947,1555,5.74,-2.70,F
,146188,0,0,2031,-0.207,0.298,0.934,9.89,7.13,.91,F
,146190,0,0,1897,-0.168,0.262,0.958,4.42,8.37,6.08,F
,1461911,0,0,166,-0.14,0.254,0.965,6.49,9.81,6.08,F
,146192,0,0,197,-0.14,0.252,0.962,7.63,9.87,.07,F
,1461961,0,0,194,-0.20,0.261,0.939,16.35,10.78,-5.34,F
,1461981,0,0,195,-0.24,0.306,0.938,1252,11.18,-1.69,
,1461991,0,0,187,-0.24,0.307,0.936,7.1,9.87,-1.93,F
,1462001,0,0,187,-0.23,0.280,0.938,6.0,5.68,-2.25,F
,1462031,0,0,196,-0.20,0.266,0.933,1447,5.33,-3.16,F
,146204,0,0,175,-0.190,0.267,0.917,1407,8.05,-3.17,F
,1462091,0,0,162,-0.18,0.276,0.975,1.7,19.94,1.53,F
,146210,0,0,179,-0.196,0.244,1.005,0.8,19.96,2.02,F
,146211,0,0,183,-0.186,0.236,.044,1.92,21.13,1.88,F
,1462131,0,0,1913,-0.235,0.269,1.073,6.49,20.20,0.37,F
,146214,0,0,198,-0.24,0.289,1.064,10.23,16.7,-3.84,F
,146215,0,0,191,-0.26,0.305,1.061,13.26,10.62,-7.40,
,146219,0,0,198,-0.23,0.295,0.987,25.87,-8.3,-13.23,F
,146223,0,0,197,-0.11,0.250,0.991,7.37,8.83,.20,F
,146230,0,0,207,-0.25,0.304,1.098,13.98,-13.4,-22.38,F
,146231,0,0,199,-0.303,0.294,.126,13.78,-21.89,-25.3,F
,146236,0,0,184,-0.22,0.279,1.005,36.09,-69.8,-26.9,F
,1462371,0,0,2127,-0.162,0.286,.965,3900,-74.0,-26.74,F
,146238,0,0,194,-0.11,0.303,0.931,3957,-73.51,-26.6,F
,146239,0,0,1857,-0.083,0.314,.912,35.80,-67.28,-25.5,F
,1462411,0,0,1969,-0.066,0.290,.946,2713,-47.05,-22.54,F
,1462441,0,0,1898,-0.028,0.281,.996,3352,-27.8,-9.96,F
,1462451,0,0,1898,-0.016,0.280,.991,3247,-26.4,-12.12,F
,146246,0,0,1730,-0.033,0.286,.987,34.85,-28.56,-14.3,F
,1462481,0,0,1888,-0.100,0.287,.051,4456,-35.84,-10.70,F
,146249,0,0,1882,-0.067,0.355,1.006,35.36,-39.93,-12.5,F
,146250,0,0,1808,-0.024,0.365,.994,36.00,-40.21,-13.1,F
,1462511,0,0,1842,-0.024,0.354,.983,33.55,-40.19,-15.0,F
,146253,0,0,167,-0.01,0.297,0.928,29.86,-39.48,-15.0,F
,1462571,0,0,1781,0.047,0.327,0892,29.6,-25.20,-15.37,a5
,146258,0,0,1806,0.002,0.378,0.881,25.0,-23.0,-15.29,F
,146260,0,0,204,0.006,0.391,0914,22.2,-25.5,-14.21,F
,146262,0,0,1862,-0.026,0.384,.944,1336,-27.5,-17.7,F
,1462641,0,0,1843,-0.034,0.382,0.957,14.56,-30.18,-10.7,F
,146271,0,0,170,-0.002,0.414,.083,1951,-23.80,-4.21,a5
,1462751,0,0,1873,-0.020,0.395,1.103,19.80,-56.91,-1.23,a5
,1462821,0,0,1861,0.118,0.366,0964,25.60,-45.16,16.08,F
,1462831,0,0,1953,0.152,0.350,0.942,28.87,-47.48,15.59,
,146284,0,0,1904,0.176,0.348,0924,30.10,-50.42,14.23,FH1462851	bʒbrʊbr%	rʒbrbjrbrb25
,146290,0,0,160,0.353,0.379,0769,34.2,-51.1,10.55,
,146296,0,0,1913,0.548,0.333,0.631,18.36,-31.2,-7.95,
,1463061,0,0,1826,0.383,0.471,0.663,10.96,27.38,-28.73,
,1463141,0,0,1821,0.252,0.442,0.830,-4.78,47.97,-23.83,
,1463171,0,0,1805,0.244,0.514,0.867,0.87,54.87,-20.94,F
,146320,0,0,185,0.194,0.528,0912,-3.44,50.92,-17.09,F
,146322,0,0,1840,0.192,0.553,0.938,-9.10,51.04,-13.45,
,146323,0,0,180,0.169,0.557,0.969,-11.18,48.8,-8.44,
,1463411,0,0,1920,0.124,0.467,1.000,8.06,70.10,4.60,F
,146357,0,0,1937,0.058,0.308,1.015,-7.24,29.91,23.59,F
,146361,0,0,193,0.101,0.260,0.995,-14.20,6.77,17.27,F
,146368,0,0,176,0.070,0.228,0.944,-11.13,40.2,25.44,
,146375,0,0,182,0.084,0.198,1.020,-1.71,24.49,18.95,"F146376	bb¢br¢brbrbrbrbr25"
,146391,0,0,1769,0.050,0.167,1.015,9.75,15.18,1.35,F
,1463961,0,0,1855,0.013,0.185,0.978,-0.89,29.39,17.46,F
,146397,0,0,189,-0.005,0.194,0.994,-4.28,23.5,18.81,
,146399,0,0,1963,0.033,0.178,1.011,-4.22,13.04,18.31,"F1464001	bbrbrbrbjrbrbrb25"
,1464101,0,0,1875,0.036,0.151,1.009,0.44,21.65,30.22,F
,1464131,0,0,1826,0.127,0.059,1.000,6.44,26.66,30.77,F
,146414,0,0,1835,0.151,0.055,0.989,22.10,36.08,26.13,F
,1464161,0,0,1903,0.149,0.087,0.977,55.0,64.20,19.07,F
,1464201,0,0,1808,-0.031,0.226,0.987,41.19,70.5,25.64,
,146421,0,0,172,-0.03,0.234,.988,29.81,58.07,24.46,F
,1464221,0,0,1842,-0.021,0.226,0.999,18.76,46.05,22.14,F
,146429,0,0,1751,0.010,0.157,0.998,1.6,22.43,1.39,F
,146434,0,0,186,-0.078,0.136,0.968,-3.59,34.1,-2.35,
,1464411,0,0,1858,-0.121,0.212,0.928,-1.71,9.71,-9.28,
,1464421,0,0,187,-0.12,0.202,0.934,-21.15,9.3,-6.73,
,146444,0,0,189,-0.10,0.183,0.956,-26.22,11.7,-1.61,F
,146448,0,0,186,-0.158,0.105,1.049,-18.34,27.5,8.28,
,146449,0,0,196,-0.142,0.102,1.077,-1.50,32.45,13.03,F
,146453,0,0,183,-0.15,0.168,.136,-5.15,24.49,25.17,
,146454,0,0,185,-0.169,0.178,1.139,-550,19.06,25.96,
,146458,0,0,189,-0.14,0.141,1.121,3.45,10.28,31.13,F
,146459,0,0,184,-0.134,0.122,1.095,4.94,9.55,2.75,F
,146461,0,0,183,-0.125,0.128,1.067,6.8,9.01,36.77,F
,146465,0,0,187,-0.05,0.123,1.002,13.69,17.91,38.83,F
,146470,0,0,1915,-0.121,0.168,.038,-4.43,27.62,43.49,F
,146472,0,0,179,-0.11,0.108,1.004,-11.76,18.03,40.49,F
,146473,0,0,176,-0.099,0.085,0.992,-11.36,12.0,39.04,F
,146474,0,0,184,-0.106,0.067,0.985,-637,10.03,38.28,
,146475,0,0,177,-0.10,0.066,0.966,-0.61,12.6,36.97,F
,146476,0,0,1680,-0.11,0.051,0.941,2.27,17.55,35.03,F
,146477,0,0,183,-0.12,0.060,0.935,2.99,22.33,34.34,"F146478	bbºbjbrbrʚbrbrbrb25"
,146479,0,0,179,-0.133,0.038,0.948,2.2,31.96,35.90,F
,146480,0,0,180,-0.127,0.013,.959,-3.18,34.39,37.12,F
,146483,0,0,184,-0.12,-0.024,1.010,-2.83,4219,39.9,F
,1464841,0,0,1831,-0.136,-0.013,1.011,-1.01,4513,38.13,F
,146486,0,0,176,-0.17,-0.014,1.009,-5.68,50.52,32.08,F
,1464871,0,0,163,-0.209,-0.039,1.001,-8.05,49.0,30.40,a5
,1464911,0,0,191,-0.125,-0.064,0.967,8.38,34.94,36.98,F
,146492,0,0,181,-0.057,-0.040,0.957,19.74,36.5,34.26,F
,146495,0,0,182,-0.061,0.105,.972,3682,59.99,17.06,
,146500,0,0,199,-0.188,0.086,1.076,-884,48.75,10.17,
,146502,0,0,1887,-0.162,0.009,.085,-8.20,29.82,14.57,F
,146505,0,0,1803,-0.099,0.009,.038,2275,24.26,10.08,
,146506,0,0,176,-0.125,0.023,1.016,29.45,27.1,5.58,F
,146512,0,0,1692,-0.245,0.063,.967,19.66,17.84,-1.34,
,146514,0,0,1836,-0.271,0.066,.965,13.45,21.53,-0.91,
,146516,0,0,1890,-0.306,0.059,.967,12.96,27.06,-2.25,F
,146517,0,0,151,-0.33,0.063,0.988,16.62,28.75,-1.58,F
,146518,0,0,185,-0.351,0.065,.979,18.64,27.79,-2.85,
,146520,0,0,185,-0.357,0.056,.979,20.58,25.00,-4.85,F
,146521,0,0,1779,-0.36,0.056,0.985,21.78,23.4,-5.49,
,146522,0,0,173,-0.351,0.026,.989,2362,23.12,-6.09,
,146527,0,0,174,-0.336,0.115,.004,34.96,33.09,-8.21,
,146543,0,0,1940,-0.257,0.175,.964,24.67,-1.38,5.06,F146544	bbbjrbrbrʢbrbbrd5
,146546,0,0,191,-0.242,0.156,.937,21.13,5.18,4.49,F
,1465501,0,0,177,-0.29,0.163,0.930,1133,7.88,0.94,F
,146553,0,0,193,-0.323,0.133,.955,6.93,9.74,0.98,F
,146554,0,0,1907,-0.311,0.121,.970,9.14,9.62,1.65,F
,146555,0,0,1872,-0.302,0.129,0.975,12.55,10.13,1.94,F
,1465561,0,0,1872,-0.29,0.126,0.974,14.96,11.90,2.49,F
,146567,0,0,181,-0.290,0.145,.011,5.89,4.74,-2.99,F
,146570,0,0,1874,-0.266,0.146,0.994,19.20,7.33,-0.38,F
,146572,0,0,182,-0.283,0.171,0.970,18.41,7.32,-0.36,F
,146573,0,0,1874,-0.284,0.155,.958,1827,5.61,-0.67,F
,146574,0,0,1907,-0.260,0.145,.955,13.51,4.13,-1.78,F
,146575,0,0,182,-0.26,0.136,0.945,9.5,3.21,-2.61,F
,146576,0,0,168,-0.24,0.113,0.958,8.15,3.74,2.93,F
,146577,0,0,2077,-0.243,0.103,.955,9.33,7.27,-3.23,F
,1465781,0,0,1885,-0.244,0.094,.958,10.03,11.24,-3.17,F
,146579,0,0,1827,-0.257,0.107,.973,1313,14.2,-1.64,F
,146582,0,0,195,-0.24,0.120,0.972,15.05,13.61,-3.17,
,146584,0,0,1913,-0.266,0.129,0.960,16.35,11.85,-5.66,H1465851	bbʒbjrbrbrʪbrbrbjrb25
,1465861,0,0,1825,-0.257,0.156,0.971,1531,15.4,-5.52,F
,146587,0,0,196,-0.272,0.173,.969,1426,16.5,-4.82,F
,146588,0,0,188,-0.27,0.185,0.974,12.27,17.2,-3.43,F
,1465901,0,0,1761,-0.279,0.187,.991,10.76,18.65,-0.65,F146591	bbʊbjrbrbrʊrbrbjrb25
,146593,0,0,1840,-0.270,0.166,.005,9.7,9.96,-0.25,F
,146594,0,0,182,-0.30,0.209,1.002,8.7,7.42,-0.58,F
,146598,0,0,193,-0.30,0.107,.973,13.45,6.69,-3.37,F
,146600,0,0,169,-0.30,0.091,.959,1636,9.36,-1.23,F
,146603,0,0,183,-0.30,0.099,0.943,1821,12.95,-3.40,F1466041	bbbjr4brbrʚbrbrbjrb25
,1466071,0,0,1862,-0.292,0.181,.958,1401,16.7,-3.45,
,146609,0,0,172,-0.272,0.177,.965,12.99,18.05,-3.23,
,146617,0,0,173,-0.26,0.162,.988,1184,19.36,-1.78,F
,1466231,0,0,1872,-0.33,0.165,0.983,8.5,7.04,-0.97,F
,146625,0,0,1881,-0.308,0.155,.971,15.31,5.33,-0.53,F
,146626,0,0,184,-0.30,0.151,.958,1684,6.87,-0.27,F
,146628,0,0,186,-0.299,0.157,0.958,15.94,12.54,0.94,F
,146630,0,0,176,-0.31,0.146,.949,10.35,16.94,2.54,F
,146631,0,0,187,-0.31,0.133,.965,7.98,17.45,2.62,F
,146633,0,0,193,-0.29,0.124,.977,8.35,14.77,1.70,F
,146635,0,0,189,-0.29,0.125,0.985,1137,11.8,-1.77,
,146636,0,0,183,-0.303,0.119,.982,14.30,10.71,-2.91,
,1466411,0,0,1872,-0.290,0.135,0.953,10.96,11.1,-2.30,
,146644,0,0,179,-0.28,0.117,0.950,15.33,18.08,0.48,F1466451	bbʲbjrºbrbrʢbrbrbrb25
,146648,0,0,1905,-0.269,0.138,0.935,18.55,18.2,1.06,F
,146649,0,0,1845,-0.264,0.142,0.943,15.94,18.2,-0.61,F
,1466511,0,0,1840,-0.26,0.158,.953,13.80,19.52,-1.46,
,146660,0,0,196,-0.24,0.069,.985,21.57,13.16,1.52,F
,146665,0,0,173,-0.36,0.217,0.996,7.28,19.45,-9.13,F
,146669,0,0,178,-0.403,0.107,1.003,9.49,2.52,-10.18,F1466701	bbbj4ʪbrbrʺbrbrbjrb25
,146681,0,0,164,-0.32,0.154,.028,5.55,16.69,-9.20,F
,1466821,0,0,1887,-0.329,0.169,1.042,10.00,13.5,-8.94,
,146683,0,0,179,-0.31,0.160,1.042,14.67,9.13,-9.86,F
,146700,0,0,1839,-0.253,-0.010,1.085,62.39,-7.1,-23.7,F
,146702,0,0,184,-0.249,0.054,1.004,68.82,-20.8,-34.4,F
,146705,0,0,190,-0.26,0.170,0.920,63.16,-36.94,-49.66,F
,146706,0,0,189,-0.270,0.175,0.899,5468,-41.74,-53.75,F
,1467071,0,0,1835,-0.274,0.207,0.894,5113,-44.82,-56.2,F
,146708,0,0,1895,-0.273,0.218,0.883,48.09,-45.6,-58.7,F
,146713,0,0,187,-0.41,0.357,.854,34.49,-20.07,-54.50,F
,146714,0,0,1827,-0.410,0.359,0.848,30.21,-17.4,-51.6,F
,146715,0,0,194,-0.393,0.354,0.841,28.59,-17.7,-48.3,F
,146718,0,0,1918,-0.351,0.395,0.819,2206,-8.97,-37.78,F
,146719,0,0,182,-0.352,0.397,0.811,18.73,-3.58,-34.39,F
,146741,0,0,193,-0.26,0.098,.044,3039,33.93,3.35,F
,146742,0,0,195,-0.261,0.105,1.022,39.28,36.1,5.04,F
,146745,0,0,190,-0.28,0.189,0.986,37.45,31.33,0.94,F
,1467471,0,0,191,-0.288,0.219,0.982,19.81,17.30,-6.19,F
,1467491,0,0,1858,-0.302,0.239,1.001,-4.14,2.77,-12.77,F
,146750,0,0,1831,-0.30,0.223,1.011,-17.77,-3.72,-15.5,F
,146751,0,0,191,-0.29,0.205,1.037,-26.31,-10.85,-16.82,F
,1467521,0,0,1911,-0.284,0.190,1.049,-2.68,-1633,-16.0,F
,146753,0,0,1742,-0.265,0.163,1.061,-29.48,-2032,-17.9,F
,146754,0,0,193,-0.244,0.137,1.070,-26.58,-22.47,-18.04,F
,146756,0,0,195,-0.20,0.107,.043,-13.91,-24.06,-17.1,F
,1467571,0,0,1785,-0.181,0.078,1.020,-4.38,-24.45,-16.65,F
,146758,0,0,181,-0.16,0.080,0.991,4.75,-21.61,-14.06,F
,146759,0,0,191,-0.15,0.083,.959,14.07,-16.27,-11.2,F
,146761,0,0,188,-0.14,0.104,.900,24.87,-2.90,-6.24,
,1467651,0,0,1744,-0.180,0.151,0.869,17.28,12.84,-2.80,F
,146766,0,0,1899,-0.193,0.160,0.875,1088,14.6,-2.79,
,146769,0,0,184,-0.22,0.144,0.899,-7.00,16.60,-5.48,F
,146771,0,0,198,-0.24,0.111,0.902,-11.41,16.4,-6.36,F
,146778,0,0,176,-0.39,0.115,0.998,-21.07,15.39,-1.31,F
,1467821,0,0,1915,-0.397,0.067,.020,-1.19,3.0,9.41,F
,1467831,0,0,1965,-0.370,0.065,.025,-10.61,2.58,13.29,F
,146787,0,0,191,-0.30,0.078,1.010,4.58,10.03,21.99,F
,146788,0,0,182,-0.31,0.094,1.018,3.78,12.23,23.73,F
,1467901,0,0,1949,-0.329,0.099,1.022,-1.30,12.29,26.14,F
,1467911,0,0,1888,-0.323,0.096,1.027,-455,8.89,27.46,F
,146792,0,0,180,-0.30,0.084,1.036,-7.12,4.69,27.81,F
,146795,0,0,177,-0.227,0.060,1.042,-490,-2.06,27.30,
,146796,0,0,196,-0.21,0.051,1.042,0.06,-0.53,27.90,F
,1467971,0,0,1904,-0.186,0.052,1.031,5.07,1.93,8.29,F
,146799,0,0,180,-0.18,0.059,1.000,11.52,6.78,27.70,F
,1468001,0,0,1908,-0.191,0.056,0.988,1158,7.42,27.49,F
,146801,0,0,198,-0.193,0.044,0.966,1131,7.10,27.09,F
,146804,0,0,197,-0.18,0.016,0.944,5.60,5.55,23.38,F
,146806,0,0,1871,-0.186,0.000,0.942,4.2,5.20,19.96,F
,146810,0,0,194,-0.188,0.014,0.938,1165,6.10,13.88,F
,146812,0,0,184,-0.18,0.051,0.953,1206,8.48,13.53,F
,1468171,0,0,1899,-0.177,0.087,.995,2.42,26.60,17.64,F
,146819,0,0,1854,-0.16,0.110,1.000,-3.99,31.0,19.78,F
,146822,0,0,171,-0.205,0.089,.006,-23.56,28.07,18.05,F
,146843,0,0,196,-0.229,-0.144,1.016,1.54,8.4,-7.60,F
,146844,0,0,181,-0.242,-0.123,1.011,1.87,7.38,-7.51,
,146845,0,0,1890,-0.245,-0.114,1.004,14.73,8.26,-7.00,
,1468571,0,0,1804,-0.314,-0.057,1.062,17.91,-4.29,-0.97,F
,146858,0,0,181,-0.30,-0.064,1.054,17.95,-9.4,-1.67,F
,1468651,0,0,181,-0.22,-0.123,0.931,50.76,-1331,-6.19,F
,146873,0,0,1849,-0.259,-0.060,0.855,5.62,-4.3,0.60,F
,146875,0,0,2002,-0.204,-0.048,0.899,41.75,3.24,1.55,F
,146876,0,0,171,-0.20,-0.032,0.912,34.78,8.97,1.56,F
,146882,0,0,193,-0.22,-0.023,0.995,15.25,12.0,-6.25,F
,1468881,0,0,171,-0.19,-0.013,1.006,1.65,8.71,-9.75,
,146895,0,0,188,-0.11,0.042,0.969,17.66,15.3,-18.76,F
,146903,0,0,1722,-0.175,0.083,1.068,1.43,29.04,-18.32,
,146914,0,0,186,-0.25,0.054,.116,12.75,9.16,-14.99,
,146923,0,0,183,-0.210,0.073,.969,31.00,1.47,-6.04,F
,146924,0,0,2010,-0.192,0.057,.945,3271,3.49,-4.59,F
,146926,0,0,188,-0.179,0.059,0.908,3545,6.54,-2.16,"F1469271	bb¢bjbrbrbrbbjrb25"
,146928,0,0,187,-0.173,0.089,.877,38.07,8.48,0.16,F
,1469301,0,0,1845,-0.15,0.109,0.857,2745,12.91,1.62,"F146931	bb¢bjbrbrºbrbrbr$25"
,146935,0,0,195,-0.197,0.048,0.951,1.14,32.13,7.68,F
,146944,0,0,1707,-0.312,0.059,1.127,-1.77,26.9,6.63,F
,146945,0,0,198,-0.324,0.047,1.130,-0.51,25.90,7.01,F
,1469481,0,0,1770,-0.33,0.013,1.115,1499,13.24,5.50,F
,146950,0,0,186,-0.30,0.035,1.086,21.58,5.36,4.95,F
,146956,0,0,184,-0.16,0.073,.991,19.57,3.81,4.84,F
,146957,0,0,187,-0.138,0.077,.987,19.14,5.27,5.36,F
,146958,0,0,188,-0.110,0.075,0.980,18.20,6.98,5.20,F
,146959,0,0,1834,-0.102,0.078,0.979,16.65,9.61,3.96,F
,1469631,0,0,187,-0.14,0.083,.992,7.63,8.75,-1.28,F
,146964,0,0,187,-0.146,0.074,0.994,8.24,5.61,-2.99,F
,1469701,0,0,182,-0.22,0.107,0.989,9.16,5.84,4.42,F
,146976,0,0,185,-0.231,0.037,0.988,0.4,5.24,2.74,F
,146977,0,0,186,-0.226,0.025,0.984,2.06,5.79,.07,F
,146978,0,0,188,-0.229,0.016,0.974,3.11,7.49,.31,F
,146982,0,0,186,-0.220,0.009,0.987,4.3,19.33,6.04,F
,1469861,0,0,197,-0.20,0.016,.980,9.08,18.02,4.31,F
,146990,0,0,184,-0.20,0.051,0.984,3.60,16.75,5.87,F
,146997,0,0,182,-0.226,-0.017,0.973,9.34,16.80,2.45,F
,146999,0,0,1734,-0.21,-0.002,0.978,5.72,19.5,2.34,F
,147002,0,0,1937,-0.199,-0.012,1.007,-.09,25.4,1.50,F
,1470071,0,0,184,-0.20,-0.024,1.073,-4.98,30.6,-1.55,F
,1470181,0,0,181,-0.27,-0.009,0.980,1.26,10.0,-7.03,a5
,147019,0,0,181,-0.277,-0.006,0.965,15.28,8.4,-6.90,
,147020,0,0,188,-0.276,-0.007,0.962,15.52,8.0,-6.38,
,147027,0,0,183,-0.24,-0.000,0.972,6.26,20.6,0.94,F
,147030,0,0,191,-0.235,-0.009,0.995,7.87,22.10,0.87,F
,147031,0,0,1790,-0.235,-0.010,0.998,8.73,22.28,-0.06,F
,147033,0,0,182,-0.247,-0.003,1.006,1.84,21.6,-1.75,F
,147035,0,0,182,-0.239,0.005,1.028,1496,18.7,-3.38,F
,147036,0,0,1830,-0.241,0.013,1.042,1433,16.5,-3.38,F
,147037,0,0,185,-0.241,0.014,1.040,1424,14.0,-3.48,F
,147045,0,0,1883,-0.269,0.007,0.973,1442,18.0,3.84,F
,1470461,0,0,1907,-0.27,0.007,.966,12.65,17.49,4.11,"F147047	bb¢bjbjrbrʲbrbrbrb25"
,147050,0,0,1888,-0.277,-0.024,0.962,723,18.3,4.60,F
,147056,0,0,191,-0.302,-0.028,0.989,6.44,24.8,3.29,F
,147057,0,0,188,-0.30,-0.027,0.996,6.88,25.01,3.82,F
,147058,0,0,180,-0.308,-0.028,1.004,7.78,24.7,3.75,F
,1470591,0,0,186,-0.30,-0.031,0.993,795,24.1,3.75,F
,147064,0,0,183,-0.31,-0.032,0.974,15.28,25.88,-1.11,a5
,147068,0,0,187,-0.314,-0.011,0.953,9.92,30.72,-3.34,
,147069,0,0,1835,-0.32,-0.008,0.965,7.58,28.83,-3.20,
,147070,0,0,1865,-0.32,-0.021,0.969,5.25,25.97,-2.82,FH147071	bbʂbjbjrbrbrbrbjrb25
,147076,0,0,184,-0.344,-0.010,1.023,12.85,18.02,0.23,F147077	bbbjr4bjrbrbrbrbrb25
,1470821,0,0,1855,-0.354,0.006,1.009,15.40,7.58,-0.87,F
,147088,0,0,1878,-0.337,-0.005,0.968,1.03,4.0,0.39,F
,1470891,0,0,1852,-0.33,0.000,0.977,16.52,5.24,1.00,F
,147094,0,0,185,-0.309,-0.006,0.947,1.74,7.6,2.05,F
,147097,0,0,185,-0.304,0.005,0.943,14.18,10.4,1.84,F
,147102,0,0,195,-0.305,0.007,0.951,1102,15.7,2.17,F
,147105,0,0,186,-0.328,0.003,.978,8.30,18.57,2.10,F
,1471101,0,0,1866,-0.338,-0.014,1.007,951,14.6,1.68,F
,147115,0,0,182,-0.342,-0.010,1.002,1.14,9.7,1.06,F
,1471201,0,0,1859,-0.30,0.000,0.967,16.33,8.19,1.81,F
,147122,0,0,199,-0.308,0.005,0.953,16.12,9.70,1.33,F
,1471231,0,0,1830,-0.31,0.013,.956,13.84,10.2,1.09,F
,147124,0,0,1852,-0.31,0.017,0.953,11.48,10.60,1.09,F
,147126,0,0,1849,-0.31,0.012,0.956,9.95,9.45,.94,F
,147130,0,0,183,-0.329,0.003,.972,9.52,11.62,0.45,F
,1471331,0,0,1845,-0.32,0.002,0.975,10.24,14.07,2.19,F
,1471351,0,0,1812,-0.31,-0.004,0.980,10.03,14.5,2.75,F
,147136,0,0,1889,-0.321,-0.002,0.982,9.75,14.2,2.95,F
,147147,0,0,1904,-0.32,-0.016,0.989,10.33,12.48,0.43,
,147148,0,0,1823,-0.32,-0.020,0.986,10.09,11.30,0.17,
,147152,0,0,1815,-0.32,-0.012,0.987,13.46,9.41,-0.99,F
,147161,0,0,1835,-0.30,0.006,0.960,13.74,11.00,0.08,F
,147163,0,0,1793,-0.31,0.006,0.965,12.96,12.3,0.16,F
,1471681,0,0,187,-0.308,0.005,.968,12.81,13.1,0.71,F
,147169,0,0,1856,-0.307,0.004,0.969,1299,13.8,0.10,F
,1471711,0,0,181,-0.313,0.013,.976,12.52,14.3,0.57,F
,1471721,0,0,187,-0.316,0.020,0.976,12.09,14.8,0.92,F
,147174,0,0,1914,-0.31,0.022,0.980,11.19,14.49,1.52,F
,147175,0,0,178,-0.321,0.023,.983,11.16,13.6,1.53,F
,147176,0,0,1857,-0.32,0.021,0.972,1107,12.8,2.07,F
,147177,0,0,1865,-0.32,0.021,0.978,11.07,12.6,1.91,F
,147178,0,0,182,-0.328,0.020,.971,11.02,12.2,2.11,F
,1471791,0,0,184,-0.333,0.022,.970,10.41,12.4,2.43,F
,1471831,0,0,180,-0.333,0.002,0.966,7.0,13.58,2.72,F
,147185,0,0,172,-0.336,0.005,0.961,7.3,14.16,2.77,F
,147189,0,0,1803,-0.34,-0.002,0.966,6.04,14.39,2.48,F
,1471911,0,0,1831,-0.34,-0.010,0.971,5.69,15.53,3.00,F147192	bbbjbjrbrʲbrʊbrbrb25
,147198,0,0,1833,-0.33,-0.028,0.983,7.52,12.4,2.46,F
,147201,0,0,187,-0.32,-0.021,0.984,7.81,14.0,1.55,F
,147209,0,0,1801,-0.350,-0.040,1.026,543,6.94,-0.45,F
,147210,0,0,1859,-0.356,-0.036,1.016,7.54,4.45,-1.54,F
,147223,0,0,1871,-0.29,-0.007,0.899,3.92,15.7,-1.96,F
,147230,0,0,1833,-0.35,-0.040,0.972,0.70,19.2,-2.71,F
,1472311,0,0,1902,-0.35,-0.043,0.972,1.05,18.6,-2.54,F
,147232,0,0,1887,-0.35,-0.046,0.975,1.51,17.8,-1.74,F
,147238,0,0,1839,-0.34,-0.075,1.009,673,18.16,2.74,F
,1472411,0,0,1836,-0.314,-0.083,1.015,7.75,17.3,5.07,F
,147243,0,0,1857,-0.29,-0.092,1.022,8.20,16.6,5.73,F
,147244,0,0,1856,-0.29,-0.086,1.018,8.45,15.1,4.94,F
,1472571,0,0,1903,-0.364,-0.033,0.943,17.16,10.6,4.80,
,147258,0,0,1824,-0.36,-0.027,0.941,16.90,11.0,6.20,
,147261,0,0,1861,-0.36,-0.023,0.944,13.10,13.1,9.55,
,147264,0,0,1849,-0.35,-0.026,0.937,11.65,13.71,11.29,F
,147274,0,0,189,-0.363,-0.020,0.959,519,16.94,12.37,F
,1472771,0,0,1898,-0.365,-0.026,0.980,1.74,14.3,12.10,
,147278,0,0,182,-0.36,-0.037,0.992,1.22,14.6,11.91,
,147279,0,0,1873,-0.363,-0.044,1.000,0.32,15.2,11.73,
,147289,0,0,189,-0.341,-0.085,0.977,10.67,4.9,3.09,F
,1473051,0,0,1874,-0.348,-0.072,0.977,1.72,6.4,-4.65,
,147308,0,0,186,-0.34,-0.040,0.971,15.00,7.5,-3.87,
,147310,0,0,187,-0.335,-0.042,0.961,1.31,3.2,-3.25,
,1473111,0,0,1855,-0.334,-0.039,0.968,1.68,2.5,-3.03,F
,147316,0,0,181,-0.308,-0.057,0.934,1.84,1.1,0.14,F
,147318,0,0,188,-0.301,-0.062,0.922,1.74,6.92,1.76,F
,147319,0,0,184,-0.30,-0.054,0.924,16.45,9.7,2.34,F
,147322,0,0,1882,-0.301,-0.049,0.956,10.75,12.8,3.07,
,147326,0,0,1931,-0.274,-0.060,0.947,1.84,6.3,2.08,F
,147328,0,0,195,-0.27,-0.077,0.931,14.38,7.00,1.55,F1473291	bbʂbjrbjrbrʒbrbrªbrb25
,147331,0,0,1862,-0.289,-0.085,0.940,1.19,17.8,2.36,F
,147332,0,0,174,-0.291,-0.084,0.946,1.43,20.3,2.22,F
,147336,0,0,1906,-0.300,-0.093,0.996,862,22.3,-0.39,
,1473611,0,0,1872,-0.371,0.014,0.967,2423,29.3,-2.97,F
,147362,0,0,182,-0.379,0.021,0.969,2184,27.9,-3.06,
,1473631,0,0,1936,-0.387,0.025,.981,1957,26.5,-2.73,F
,1473641,0,0,1872,-0.396,0.024,0.980,1968,24.7,-1.81,
,147365,0,0,1936,-0.391,0.015,0.970,2070,23.1,-0.53,
,1473721,0,0,1866,-0.371,0.048,.921,23.00,26.60,2.62,F
,147374,0,0,1847,-0.384,0.051,0.925,1917,27.3,2.77,F
,1473771,0,0,1882,-0.385,0.030,.927,1691,27.1,4.11,F
,147379,0,0,185,-0.391,0.033,0.928,16.68,25.9,3.49,F
,1473801,0,0,1895,-0.395,0.040,.928,16.96,25.1,3.21,F
,147381,0,0,1883,-0.402,0.037,.924,15.68,25.09,3.24,F
,147382,0,0,180,-0.407,0.047,0.925,1587,25.5,3.73,F
,147389,0,0,188,-0.445,0.008,0.896,16.76,25.53,5.10,F
,147396,0,0,184,-0.387,-0.018,0.879,15.14,42.3,4.65,F
,147402,0,0,1871,-0.488,-0.067,0.987,832,37.3,-5.05,
,1474051,0,0,182,-0.553,-0.090,0.962,25.22,22.9,-16.21,F
,147410,0,0,1866,-0.535,0.023,.899,33.17,27.71,-10.03,F
,147412,0,0,182,-0.524,0.027,.924,24.79,29.2,-8.65,F
,147413,0,0,1893,-0.518,0.032,.946,24.38,29.3,-7.95,F
,147422,0,0,1841,-0.54,0.144,1.008,2571,17.9,-6.71,
,147424,0,0,1869,-0.574,0.156,1.002,23.63,12.49,-4.38,
,147426,0,0,183,-0.593,0.075,.946,18.70,-6.1,-6.36,F
,147427,0,0,1870,-0.59,0.025,0.929,19.71,-17.17,-7.46,a5
,147433,0,0,1872,-0.53,0.198,0.856,41.80,-2.39,-1.42,
,147437,0,0,1885,-0.565,0.043,.843,9.75,-20.4,3.73,F
,147444,0,0,175,-0.478,0.157,.891,4.41,4.46,.70,F
,147446,0,0,1850,-0.474,0.051,.877,3.37,-10.0,8.75,F
,147447,0,0,1905,-0.45,0.027,.875,10.79,-12.8,9.32,
,147457,0,0,1869,-0.45,0.090,0.986,-11.01,-36.09,5.29,a5
,147458,0,0,1869,-0.419,0.069,.029,-2.93,-42.3,1.41,F
,147459,0,0,181,-0.424,0.078,.996,7.20,-42.8,-1.80,
,1474621,0,0,1872,-0.43,0.111,0.958,22.32,-23.5,1.97,
,1474631,0,0,1910,-0.44,0.094,.942,21.43,-15.9,5.30,
,147464,0,0,185,-0.441,0.070,.923,21.45,-11.7,8.55,
,147465,0,0,1895,-0.41,0.052,0.909,22.09,-6.9,11.00,F
,147466,0,0,188,-0.387,0.045,.900,24.78,-2.8,12.74,
,147471,0,0,1855,-0.324,0.095,.887,8.04,9.61,.52,F
,1474721,0,0,1851,-0.330,0.068,.878,3.31,9.07,.13,F
,147478,0,0,188,-0.305,0.042,.894,19.11,23.2,-2.54,
,147479,0,0,180,-0.310,0.077,.911,17.58,28.8,-3.09,
,1474801,0,0,1727,-0.32,0.110,0.919,14.65,32.1,-3.31,F
,147484,0,0,1777,-0.420,0.105,.964,-5.25,25.7,-5.31,
,147488,0,0,184,-0.377,0.088,0.976,15.89,16.6,-1.80,F
,147493,0,0,182,-0.385,0.175,0.949,13.84,27.03,-0.22,F
,147498,0,0,1798,-0.41,0.063,0.943,9.43,9.00,-2.93,F
,147499,0,0,183,-0.405,0.071,.942,13.83,11.2,-3.49,F
,147510,0,0,180,-0.43,0.077,0.924,14.01,10.9,-1.40,F
,1475131,0,0,1872,-0.436,0.082,0.907,12.94,14.3,-1.11,
,147515,0,0,181,-0.44,0.063,0.906,12.36,16.7,-0.41,F
,147516,0,0,177,-0.43,0.065,0.904,13.11,19.2,0.37,F
,1475181,0,0,1889,-0.41,0.087,0.919,14.56,21.8,0.40,F
,147519,0,0,171,-0.413,0.099,0.921,14.44,23.0,0.05,F
,1475211,0,0,186,-0.406,0.117,0.929,11.37,22.6,-0.83,FH1475221	bbbjbrbrʚbrʂbrbjr&25
,147527,0,0,174,-0.423,0.087,0.935,1018,11.35,-2.82,F
,147530,0,0,1836,-0.41,0.106,0.915,15.07,15.99,-3.25,F
,1475391,0,0,1789,-0.472,0.107,0.926,3.71,12.26,-5.11,F
,1475441,0,0,185,-0.446,0.081,0.934,9.4,12.84,-0.91,F
,147548,0,0,1936,-0.446,0.079,0.922,9.60,12.05,-2.24,F
,1475501,0,0,1883,-0.444,0.071,0.918,7.2,9.12,3.29,F
,147553,0,0,180,-0.45,0.055,.930,4.42,9.84,4.97,F
,147558,0,0,183,-0.415,0.050,.923,1016,11.18,-4.74,F
,147561,0,0,186,-0.43,0.073,0.924,9.19,9.93,6.29,F
,1475631,0,0,1889,-0.431,0.065,0.907,5.6,8.55,-7.84,F
,147571,0,0,1915,-0.488,0.042,0.944,-559,8.25,-10.90,FH1475721	bb¢bjʲbrbrʢbjrbrbjrb25
,147577,0,0,1840,-0.477,0.029,.963,-2.96,-1.81,-7.25,
,147578,0,0,181,-0.46,0.018,0.975,-1.50,-3.2,-6.42,
,147584,0,0,195,-0.43,0.011,.929,10.41,-0.01,-11.42,F
,1475921,0,0,1823,-0.405,-0.071,1.003,958,-8.16,-14.59,a5
,147593,0,0,1817,-0.401,-0.083,1.008,1.13,-4.1,-13.84,F
,147600,0,0,174,-0.378,-0.029,0.888,51.43,0.9,-6.82,F
,147601,0,0,195,-0.38,-0.002,0.908,46.35,3.2,-5.71,F
,147608,0,0,184,-0.33,0.129,0.946,0.35,0.11,.09,F
,147609,0,0,1829,-0.313,0.129,0.962,-4.40,-3.0,5.23,F
,147611,0,0,1845,-0.271,0.115,0.972,-619,-3.0,10.45,F
,147612,0,0,191,-0.27,0.110,0.992,-7.35,-2.0,11.93,F
,147613,0,0,1797,-0.270,0.105,0.985,-765,-0.8,13.53,F
,147626,0,0,179,-0.335,-0.001,0.927,-0.89,-1032,21.0,F
,147627,0,0,1858,-0.325,-0.013,0.923,-.84,-7.78,21.55,F
,147632,0,0,1915,-0.323,-0.012,0.960,145,11.6,19.67,F
,147636,0,0,189,-0.32,-0.006,0.973,0.29,13.5,15.56,F
,147646,0,0,185,-0.299,-0.050,0.956,899,10.28,9.00,F
,147653,0,0,195,-0.303,-0.042,1.001,442,16.2,1.52,F
,147655,0,0,185,-0.319,-0.038,1.023,3.05,13.6,-0.01,F
,1476621,0,0,1904,-0.310,-0.024,1.028,17.05,8.5,-3.61,
,147665,0,0,173,-0.318,-0.001,1.007,15.71,4.8,-4.65,
,147681,0,0,1919,-0.270,0.003,.970,13.31,5.61,0.74,F
,147688,0,0,197,-0.250,0.009,0.981,1520,10.6,1.30,F
,1476901,0,0,1835,-0.263,0.010,.980,1336,11.9,1.30,F
,147692,0,0,182,-0.274,0.009,0.985,1299,10.3,1.10,F
,147693,0,0,183,-0.275,0.017,0.987,12.00,9.59,0.78,F
,147710,0,0,164,-0.266,0.016,.982,11.80,9.32,3.93,F
,147713,0,0,1799,-0.271,0.013,.986,11.83,7.82,4.10,F
,147715,0,0,1830,-0.276,0.015,.995,12.67,7.16,3.73,F
,147717,0,0,1855,-0.26,0.031,0.994,12.47,7.03,4.94,F
,1477221,0,0,183,-0.26,0.002,1.009,8.91,5.65,5.65,F
,1477241,0,0,1847,-0.25,0.003,1.017,11.42,3.21,6.05,F
,147725,0,0,1914,-0.248,0.004,.025,11.66,1.47,5.73,F
,1477321,0,0,186,-0.253,0.043,1.003,4.21,-4.64,3.03,F
,147733,0,0,1872,-0.279,0.030,.996,-1.84,-9.7,2.78,F
,1477351,0,0,1728,-0.24,0.029,1.021,-3.36,-12.62,3.62,FH147736	bbʲbjbrbrbjrbjrbrb25
,1477371,0,0,181,-0.244,0.013,1.022,-225,-11.6,3.94,
,1477391,0,0,182,-0.240,0.007,.019,0.33,-12.21,5.99,"F147740	bʂbjbrbrrbjrbr25"
,147743,0,0,1906,-0.19,0.012,0.988,1.07,-17.09,5.78,F
,147747,0,0,1794,-0.18,-0.009,0.990,-17.51,-23.58,0.1,F
,147752,0,0,1839,-0.18,-0.012,1.023,-21.29,-2.33,5.46,F
,147755,0,0,183,-0.141,-0.083,1.033,-25.27,-3.86,-5.55,F
,147767,0,0,1856,-0.03,-0.137,1.006,-2.34,-20.90,-1.2,F
,147772,0,0,1855,-0.02,-0.139,1.017,8.70,-15.52,0.84,
,147776,0,0,1807,-0.03,-0.047,0.990,1.03,-6.2,1.76,F
,147777,0,0,1723,-0.031,-0.059,0.991,580,-8.0,0.83,F
,1477781,0,0,190,-0.032,-0.037,0.988,-0.38,-10.41,-1.2,F
,147779,0,0,199,-0.03,-0.056,0.988,-.66,-1360,-3.31,F
,1477831,0,0,181,0.049,-0.092,.983,-2.64,-9.2,2.34,F
,147786,0,0,1889,-0.00,-0.112,0.988,2.97,7.73,10.54,F
,147788,0,0,1743,-0.00,-0.122,1.000,4.20,8.87,10.97,F147789	bbºbjrbjrbrbjrbrʂbrʒb25
,147791,0,0,196,0.027,-0.135,.010,-6.81,-1.06,7.26,F
,147793,0,0,192,0.087,-0.195,.020,-11.16,-4.61,13.46,a5
,1477941,0,0,1744,0.001,-0.130,1.038,-0.08,4.55,12.17,F
,147795,0,0,187,0.045,-0.087,.156,20.03,30.74,17.65,F
,147807,0,0,1776,0.106,-0.250,1.000,18.24,17.0,12.87,F
,147809,0,0,188,0.013,-0.150,.018,24.85,20.7,13.07,F
,147814,0,0,186,0.001,-0.100,.031,25.62,25.9,11.39,F
,147820,0,0,1897,-0.06,-0.083,1.023,22.75,32.5,12.60,F
,1478251,0,0,186,0.028,-0.132,.012,34.62,29.5,14.20,
,147829,0,0,1775,-0.056,-0.115,1.025,18.38,17.52,17.07,a5
,1478351,0,0,193,-0.053,-0.114,1.023,15.51,18.07,20.19,a5
,147847,0,0,1744,-0.10,-0.081,1.047,9.23,23.4,11.00,F
,147851,0,0,1822,-0.082,-0.107,1.022,16.85,8.87,5.67,F
,147855,0,0,1805,-0.10,-0.114,0.983,21.04,24.0,2.60,F
,147858,0,0,183,-0.08,-0.090,1.033,7.71,13.9,0.94,F
,147859,0,0,199,-0.09,-0.127,1.006,6.29,14.1,-0.38,F
,147869,0,0,1790,-0.224,-0.147,0.920,3.76,22.55,-11.93,F
,147877,0,0,1861,-0.126,-0.020,1.006,14.52,9.12,-1.78,F
,1478901,0,0,181,-0.126,-0.052,1.056,18.41,35.9,10.60,F
,147891,0,0,1929,-0.158,-0.022,0.997,1.37,43.55,12.42,a5
,147897,0,0,1968,-0.194,-0.060,1.011,114,40.66,8.37,F
,1478981,0,0,181,-0.16,-0.080,0.993,4.75,40.92,7.90,"F147899	bbbjrbjrbrbrbrbrb25"
,147905,0,0,189,-0.248,0.015,.009,15.05,34.7,22.77,
,147908,0,0,1886,-0.252,0.092,.959,-7.00,27.9,6.87,F
,1479111,0,0,187,-0.25,0.052,1.168,-6.87,18.68,2.40,"F147912	bbʚbjrbjrbrbjr¢rbrb25"
,147913,0,0,1901,-0.135,-0.208,1.149,494,38.39,12.77,F
,147914,0,0,177,-0.15,-0.250,1.115,2.76,38.2,6.75,F
,147915,0,0,1942,-0.349,-0.167,1.033,-1.18,42.28,7.47,F
,1479181,0,0,190,-0.23,0.050,0.878,3108,25.79,-1.75,
,147926,0,0,1794,-0.333,0.028,.970,-0.95,17.10,-6.82,
,147927,0,0,1938,-0.300,-0.148,1.000,35.13,20.5,-8.56,F
,1479281,0,0,180,-0.371,0.145,.999,-14.58,20.7,-0.51,F
,147932,0,0,1779,-0.318,0.088,0.891,-1.35,15.88,1.87,
,147942,0,0,1850,-0.321,0.026,.928,61.45,19.1,-8.56,F
,147944,0,0,1855,-0.317,0.040,.916,59.29,17.9,-12.42,F
,1479511,0,0,189,-0.252,0.026,0.987,22.39,-3.6,-7.13,F
,147952,0,0,1827,-0.308,0.056,1.008,1873,-1.16,-9.90,
,1479531,0,0,1823,-0.312,0.003,0.927,13.77,-0.8,-6.53,
,147955,0,0,1850,-0.216,0.015,.985,1707,-1.37,-4.80,
,1479571,0,0,1834,-0.297,-0.333,1.053,-38.16,1509,12.95,F
,147960,0,0,1847,-0.29,-0.117,1.058,-8.57,-035,5.03,F
,1479651,0,0,183,-0.33,-0.097,0.954,-5.96,-329,14.04,F
,1479681,0,0,182,-0.31,-0.125,0.986,-2.42,-074,6.80,F
,1479721,0,0,196,-0.27,-0.076,1.022,29.97,11.65,-4.38,a5
,147973,0,0,1835,-0.287,-0.051,1.005,28.36,12.1,-3.84,F
,147974,0,0,1944,-0.28,-0.040,0.984,27.19,13.7,-3.25,F
,1479781,0,0,182,-0.263,-0.016,0.972,1.10,8.74,-4.59,
,147979,0,0,1825,-0.259,-0.016,0.966,15.71,7.2,-5.06,F
,147984,0,0,1889,-0.243,-0.015,0.964,1.52,13.73,-2.61,a5
,147987,0,0,185,-0.250,-0.008,0.958,1.69,18.54,-0.73,F
,1479881,0,0,189,-0.254,-0.010,0.956,1.22,19.78,-0.36,a5
,147994,0,0,1802,-0.248,-0.013,0.947,13.34,29.2,-0.90,F
,1479961,0,0,1882,-0.275,-0.014,0.956,9.05,33.56,-1.26,
,1480021,0,0,186,-0.358,-0.045,1.001,-.99,21.79,-3.03,a5
,148008,0,0,1917,-0.357,-0.066,0.989,1.17,21.29,1.04,
,148009,0,0,1904,-0.352,-0.070,0.979,13.66,23.0,2.55,
,148012,0,0,1878,-0.303,-0.069,0.977,15.87,27.90,4.58,
,148015,0,0,1858,-0.26,-0.073,0.973,20.47,30.3,5.29,F
,1480261,0,0,194,-0.353,-0.053,0.977,-.29,19.70,-8.87,a5
,1480271,0,0,189,-0.355,-0.064,0.974,-.11,19.99,-8.77,a5
,148039,0,0,1811,-0.42,-0.061,1.021,14.75,37.0,3.03,F
,1480421,0,0,183,-0.429,-0.047,1.006,1.10,20.4,0.83,F
,1480471,0,0,190,-0.42,0.003,0.962,13.71,4.66,-1.58,F
,148050,0,0,1904,-0.379,-0.037,0.977,1.95,12.07,4.48,H1480511	bbbjrbjrbrʺbrbrbrb25
,148055,0,0,1934,-0.384,-0.038,0.949,11.69,10.9,6.84,
,148071,0,0,1853,-0.38,-0.102,0.973,8.76,17.2,4.52,F
,148075,0,0,1795,-0.388,-0.084,0.975,9.71,16.2,0.83,F
,1480831,0,0,178,-0.372,-0.097,0.966,10.62,8.1,-1.58,
,148088,0,0,1840,-0.370,-0.077,0.940,1.81,12.8,-0.80,F
,1480971,0,0,173,-0.395,-0.048,0.944,11.34,11.56,-1.34,a5
,1480991,0,0,189,-0.40,-0.051,0.942,937,13.0,-0.45,F
,148106,0,0,1728,-0.38,-0.079,0.937,11.57,15.5,1.27,F
,1481081,0,0,186,-0.395,-0.074,0.936,9.33,14.6,0.92,F
,148109,0,0,1814,-0.39,-0.074,0.928,934,13.00,0.87,F148110	bbbjʂbjrbrʚbrbrbrb25
,148111,0,0,1777,-0.385,-0.068,0.940,8.75,12.8,0.86,F
,148114,0,0,1764,-0.39,-0.080,0.937,717,14.0,0.91,F
,1481151,0,0,180,-0.399,-0.086,0.946,7.20,15.2,1.52,F
,148119,0,0,1777,-0.39,-0.086,0.963,815,17.49,3.39,F
,1481221,0,0,189,-0.396,-0.074,0.965,8.36,12.9,2.74,F
,148124,0,0,1853,-0.39,-0.081,0.963,916,8.08,1.61,F
,1481411,0,0,1886,-0.380,-0.105,0.933,12.85,11.9,0.48,F
,1481421,0,0,1828,-0.377,-0.104,0.936,1.64,11.4,0.75,F
,148143,0,0,1673,-0.376,-0.102,0.940,16.38,13.0,1.26,F
,1481451,0,0,189,-0.394,-0.088,0.950,16.55,15.4,1.85,
,148148,0,0,1904,-0.414,-0.064,0.950,8.70,12.3,-1.19,F
,148151,0,0,1903,-0.40,-0.074,0.968,494,9.00,-1.43,F
,1481521,0,0,1841,-0.396,-0.085,0.971,598,8.43,-1.08,F
,148159,0,0,189,-0.383,-0.091,0.941,16.91,9.7,3.20,F
,1481611,0,0,1858,-0.380,-0.087,0.925,1.76,9.12,1.84,F
,148162,0,0,1766,-0.376,-0.083,0.925,12.91,9.9,0.81,F
,148165,0,0,1822,-0.38,-0.087,0.918,875,11.87,0.13,F
,148166,0,0,1875,-0.38,-0.097,0.931,899,11.7,0.33,F
,148173,0,0,186,-0.404,-0.077,0.948,1.11,14.29,1.59,
,148186,0,0,1891,-0.39,-0.092,0.946,1.25,12.4,0.25,F
,148199,0,0,1847,-0.401,-0.078,0.938,1.16,13.74,0.36,F
,1482061,0,0,181,-0.409,-0.086,0.945,1.23,11.38,0.52,F
,148227,0,0,183,-0.410,-0.086,0.947,1.15,12.80,0.11,
,148230,0,0,183,-0.399,-0.078,0.935,1.01,12.31,1.27,H1482311	bbbjrʲbjrbrʚbrbrbr²b25
,1482341,0,0,1776,-0.39,-0.083,0.941,1.23,13.01,1.46,
,148243,0,0,177,-0.412,-0.095,0.944,847,10.7,0.87,F
,1482541,0,0,1857,-0.39,-0.104,0.933,1.84,11.82,0.80,
,148255,0,0,182,-0.392,-0.099,0.935,12.12,13.0,0.34,
,1482571,0,0,1745,-0.39,-0.096,0.925,1.94,12.83,-0.42,a5
,148259,0,0,180,-0.397,-0.087,0.937,9.57,12.8,-0.18,
,1482601,0,0,1888,-0.39,-0.093,0.932,908,12.7,0.05,F
,148261,0,0,1872,-0.40,-0.095,0.939,954,12.66,0.07,F
,1482651,0,0,1883,-0.404,-0.092,0.944,1.81,12.28,1.52,
,148279,0,0,1807,-0.396,-0.095,0.937,10.12,11.3,1.97,F
,1482841,0,0,1702,-0.395,-0.103,0.941,10.93,10.3,2.25,
,148288,0,0,164,-0.396,-0.096,0.940,11.49,12.6,2.45,F
,148289,0,0,161,-0.402,-0.098,0.941,1.85,12.95,1.99,FH1482901	bbbjrbjrʺbrʢbrbrbrb25
,1482931,0,0,1535,-0.413,-0.104,0.941,928,11.88,1.24,F148294	bbjrbjrbrʪbrbrbrb25
,148295,0,0,1757,-0.412,-0.109,0.948,9.69,11.7,1.44,F
,1483001,0,0,2219,-0.40,-0.106,0.939,11.54,9.6,0.86,F
,1483011,0,0,2387,-0.40,-0.102,0.938,11.05,9.82,0.72,F
,1483031,0,0,2288,-0.403,-0.115,0.934,1.87,10.51,0.54,
,1483051,0,0,2270,-0.387,-0.131,0.944,1.03,12.3,1.64,F
,1483081,0,0,2137,-0.395,-0.111,0.941,18.75,16.5,1.36,F
,1483091,0,0,2211,-0.38,-0.102,0.930,16.78,16.7,0.34,
,1483111,0,0,2087,-0.396,-0.090,0.931,1.85,14.37,-0.82,a5
,1483171,0,0,2122,-0.402,-0.063,0.923,1.45,16.3,3.87,F
,1483191,0,0,2096,-0.40,-0.063,0.928,13.14,17.6,6.07,F
,148327,0,0,1938,-0.412,-0.087,0.940,4.00,10.5,4.60,F
,148328,0,0,2000,-0.41,-0.093,0.938,574,11.68,5.39,F
,1483291,0,0,1986,-0.403,-0.100,0.944,682,13.2,5.91,F
,148332,0,0,1950,-0.40,-0.105,0.935,812,15.5,6.80,F
,1483421,0,0,1855,-0.423,-0.130,0.936,720,15.9,3.01,F
,1483551,0,0,1845,-0.437,-0.120,0.935,723,15.55,0.43,F
,148356,0,0,1878,-0.43,-0.117,0.947,7.60,14.7,0.62,F
,148357,0,0,1842,-0.434,-0.118,0.932,842,14.94,0.94,F
,1483591,0,0,1843,-0.429,-0.124,0.946,1.33,15.30,0.94,
,1483651,0,0,187,-0.430,-0.114,0.931,10.44,11.6,0.80,F
,148368,0,0,1874,-0.42,-0.126,0.928,11.31,10.8,1.30,F
,1483711,0,0,1909,-0.43,-0.126,0.922,12.78,10.45,1.36,
,148372,0,0,1854,-0.43,-0.127,0.910,12.49,10.2,1.64,F
,148373,0,0,1830,-0.428,-0.132,0.915,1.78,10.84,1.88,
,148374,0,0,1870,-0.422,-0.126,0.923,1.20,12.22,2.20,
,148375,0,0,1840,-0.427,-0.130,0.913,13.33,12.1,2.10,
,148376,0,0,1832,-0.42,-0.130,0.922,13.81,13.2,2.08,F
,148377,0,0,1835,-0.42,-0.125,0.925,14.30,14.1,2.00,F
,148379,0,0,1798,-0.430,-0.123,0.929,14.62,15.8,1.91,F
,148385,0,0,1842,-0.436,-0.096,0.934,1.51,13.16,0.29,
,1483911,0,0,186,-0.452,-0.096,0.938,8.91,10.8,1.03,F
,148403,0,0,1869,-0.438,-0.115,0.905,975,14.43,3.55,F
,148405,0,0,1897,-0.434,-0.123,0.916,853,11.91,2.77,F
,148407,0,0,1860,-0.42,-0.134,0.927,940,11.35,2.43,F
,148408,0,0,1826,-0.427,-0.133,0.918,984,13.33,2.34,F
,148410,0,0,1866,-0.43,-0.142,0.920,11.62,15.5,2.63,F
,1484161,0,0,1919,-0.44,-0.127,0.943,11.52,14.5,0.34,F
,1484211,0,0,1900,-0.44,-0.124,0.937,10.50,10.2,-1.26,F
,1484231,0,0,2010,-0.43,-0.114,0.929,12.03,10.0,-0.88,F
,1484291,0,0,1894,-0.436,-0.102,0.907,12.39,10.2,-0.30,F
,148432,0,0,1942,-0.45,-0.107,0.923,937,10.29,-0.88,
,148433,0,0,1840,-0.452,-0.113,0.917,9.08,11.2,-0.50,F
,148434,0,0,1940,-0.448,-0.117,0.929,9.31,12.0,0.33,F
,1484371,0,0,1950,-0.448,-0.121,0.918,1.01,12.57,1.27,
,148438,0,0,1776,-0.44,-0.118,0.915,12.35,12.7,1.39,
,1484401,0,0,1906,-0.436,-0.112,0.909,1.48,11.82,1.52,
,1484411,0,0,1894,-0.43,-0.111,0.914,10.61,11.5,1.04,F
,148448,0,0,1855,-0.443,-0.123,0.918,11.68,14.7,1.18,
,148453,0,0,1936,-0.446,-0.133,0.929,11.63,13.7,0.19,F
,148460,0,0,1822,-0.44,-0.120,0.920,12.41,12.4,0.11,F
,148461,0,0,1911,-0.43,-0.119,0.914,1.00,13.56,0.65,
,1484721,0,0,185,-0.438,-0.139,0.917,1.41,12.11,3.04,
,1484731,0,0,1863,-0.437,-0.140,0.911,1.68,13.65,3.07,
,1484741,0,0,1590,-0.446,-0.138,0.904,1.75,13.41,2.57,
,148477,0,0,179,-0.457,-0.131,0.917,10.91,13.12,0.72,
,1484781,0,0,1813,-0.458,-0.134,0.912,919,12.86,0.16,F
,148483,0,0,181,-0.438,-0.121,0.923,12.45,10.3,-0.51,F
,148485,0,0,1840,-0.43,-0.113,0.920,1.46,10.17,-0.58,F
,148487,0,0,1838,-0.444,-0.111,0.911,1.03,11.85,0.31,
,148492,0,0,1890,-0.457,-0.118,0.924,10.65,12.8,0.94,
,1484961,0,0,1809,-0.45,-0.123,0.913,1.36,9.23,0.65,F
,148503,0,0,1859,-0.443,-0.132,0.898,1.42,13.00,1.71,
,148504,0,0,1839,-0.451,-0.132,0.915,10.76,13.3,1.70,F
,1485051,0,0,1801,-0.44,-0.138,0.914,1.37,14.51,2.11,
,148508,0,0,188,-0.456,-0.132,0.922,1.71,13.78,1.59,
,148509,0,0,1872,-0.457,-0.141,0.926,1.36,11.99,1.00,
,1485101,0,0,1888,-0.45,-0.137,0.921,1.20,11.09,1.09,
,1485121,0,0,1859,-0.448,-0.144,0.921,1.16,10.40,0.37,
,148513,0,0,186,-0.442,-0.142,0.927,1.47,10.92,-0.12,a5
,1485291,0,0,1825,-0.447,-0.113,0.908,10.12,13.5,0.62,
,1485381,0,0,1827,-0.44,-0.135,0.926,994,9.90,1.62,F
,1485431,0,0,1758,-0.43,-0.126,0.898,1.49,11.74,1.93,H1485441	bºbjrbjrbrʺbrbrbrb25
,148546,0,0,180,-0.445,-0.135,0.902,1.50,13.68,0.94,
,1485471,0,0,1823,-0.44,-0.136,0.908,1.41,14.86,1.29,
,148549,0,0,1850,-0.45,-0.137,0.927,981,15.9,1.68,F
,1485581,0,0,1856,-0.458,-0.132,0.914,1.36,11.53,0.28,
,1485601,0,0,1859,-0.44,-0.124,0.909,1.80,11.93,0.43,
,148565,0,0,1903,-0.457,-0.123,0.916,1.01,9.76,1.29,F
,1485661,0,0,1729,-0.45,-0.123,0.906,1.92,10.77,1.50,
,148567,0,0,1841,-0.449,-0.125,0.913,1.86,11.64,1.55,
,1485741,0,0,1871,-0.448,-0.121,0.924,1.10,11.06,1.09,
,1485761,0,0,1868,-0.45,-0.123,0.919,1.27,8.84,0.94,F
,148579,0,0,182,-0.451,-0.130,0.921,1.04,9.3,0.81,F
,1485821,0,0,1844,-0.44,-0.125,0.917,1.36,11.0,2.05,F
,1485911,0,0,1842,-0.44,-0.143,0.916,1.62,12.0,1.32,F
,148592,0,0,1843,-0.44,-0.142,0.926,1.58,12.14,1.55,
,1486021,0,0,1882,-0.451,-0.125,0.916,1.84,11.58,0.34,
,1486031,0,0,1854,-0.452,-0.126,0.919,1.57,11.78,0.63,
,148607,0,0,1799,-0.45,-0.128,0.916,1.05,12.16,1.58,
,1486081,0,0,1862,-0.446,-0.124,0.913,1.58,12.58,1.41,
,1486121,0,0,1907,-0.44,-0.125,0.914,9.52,12.1,0.33,F
,1486141,0,0,1909,-0.451,-0.133,0.924,1.18,12.13,0.66,
,1486201,0,0,1931,-0.452,-0.127,0.910,1.27,11.0,-0.22,F
,1486221,0,0,1787,-0.44,-0.114,0.906,1.38,11.2,-0.61,F
,148624,0,0,1849,-0.44,-0.116,0.921,1.85,11.27,-0.90,a5
,148626,0,0,1838,-0.45,-0.122,0.923,10.12,12.3,-0.30,F
,148628,0,0,1824,-0.454,-0.120,0.919,11.51,12.1,-0.01,F
,148632,0,0,1842,-0.45,-0.108,0.910,10.73,10.1,0.58,F
,148634,0,0,1808,-0.452,-0.121,0.906,9.45,10.9,0.84,F
,148637,0,0,1714,-0.45,-0.135,0.914,1.70,14.0,1.76,F
,148639,0,0,1865,-0.462,-0.143,0.933,10.88,14.0,1.81,F
,148646,0,0,1803,-0.44,-0.147,0.912,1.81,9.0,-1.52,F
,1486591,0,0,1852,-0.455,-0.123,0.914,11.72,13.7,1.17,F
,1486601,0,0,187,-0.458,-0.121,0.920,12.12,13.4,1.04,
,1486611,0,0,1867,-0.452,-0.120,0.913,1.92,13.09,0.94,
,148662,0,0,1786,-0.46,-0.116,0.910,11.49,11.7,0.69,F
,1486651,0,0,1925,-0.456,-0.131,0.917,951,10.4,0.54,F
,148671,0,0,1872,-0.44,-0.137,0.911,13.51,12.8,1.07,
,148672,0,0,1840,-0.450,-0.137,0.911,12.68,12.2,0.63,F
,148674,0,0,1706,-0.44,-0.136,0.909,12.29,12.6,0.22,F
,1486761,0,0,195,-0.452,-0.129,0.917,12.44,12.2,0.29,
,148677,0,0,1872,-0.45,-0.122,0.918,11.77,12.0,0.10,
,148684,0,0,1658,-0.458,-0.123,0.914,1.64,12.29,1.15,
,148688,0,0,1881,-0.454,-0.129,0.914,1.15,11.4,0.95,F
,148691,0,0,1863,-0.45,-0.137,0.913,10.56,11.5,0.02,F
,148692,0,0,1927,-0.460,-0.137,0.910,1.55,11.36,-0.16,a5
,1486931,0,0,183,-0.454,-0.134,0.920,1.29,11.10,0.07,
,148706,0,0,1869,-0.45,-0.124,0.905,10.67,10.3,-0.96,F
,148710,0,0,1917,-0.450,-0.121,0.909,11.69,11.6,0.14,
,148712,0,0,1937,-0.453,-0.123,0.907,12.15,12.1,0.77,
,1487151,0,0,1923,-0.458,-0.121,0.907,1.72,13.24,0.75,
,148721,0,0,1786,-0.44,-0.137,0.918,10.50,11.9,1.70,
,148722,0,0,1941,-0.43,-0.131,0.920,11.13,13.5,2.07,
,1487251,0,0,190,-0.449,-0.132,0.905,11.87,12.7,1.53,
,1487341,0,0,1881,-0.450,-0.140,0.916,1.90,9.62,0.29,F
,1487411,0,0,197,-0.453,-0.125,0.901,10.71,11.6,0.33,
,148749,0,0,1785,-0.462,-0.146,0.915,12.97,13.9,0.71,F
,148751,0,0,1775,-0.464,-0.126,0.918,10.24,11.4,-0.12,F
,1487591,0,0,1771,-0.448,-0.135,0.923,12.58,10.7,0.14,F
,1487761,0,0,1863,-0.458,-0.122,0.906,1.91,12.8,0.42,F
,1487771,0,0,1823,-0.46,-0.122,0.905,12.59,11.0,0.25,F
,148780,0,0,1855,-0.461,-0.128,0.912,11.16,11.6,0.37,F
,148781,0,0,1886,-0.46,-0.129,0.905,1.80,11.26,0.68,F
,1487821,0,0,187,-0.462,-0.135,0.918,12.39,12.2,1.20,F
,1487831,0,0,1904,-0.462,-0.133,0.911,1.91,12.1,1.27,
,148784,0,0,188,-0.460,-0.127,0.907,1.45,12.20,1.44,
,148786,0,0,1889,-0.454,-0.128,0.910,11.11,12.1,1.62,F
,148787,0,0,1875,-0.45,-0.129,0.920,1.24,11.53,0.77,
,148788,0,0,177,-0.454,-0.127,0.910,10.01,11.5,0.72,F
,148789,0,0,194,-0.452,-0.133,0.923,9.11,11.0,0.72,F
,148796,0,0,1895,-0.451,-0.135,0.918,11.77,11.1,0.20,F
,148797,0,0,186,-0.461,-0.139,0.902,10.58,10.3,0.10,F
,1488011,0,0,1840,-0.46,-0.142,0.915,11.00,11.7,0.68,F
,148802,0,0,190,-0.454,-0.146,0.912,11.26,10.9,0.34,F
,1488041,0,0,1861,-0.45,-0.141,0.917,1.29,10.87,0.23,
,148805,0,0,1851,-0.448,-0.135,0.905,1.97,11.13,0.04,
,1488071,0,0,1860,-0.45,-0.133,0.907,1.51,10.57,0.13,
,1488081,0,0,1794,-0.44,-0.138,0.911,1.33,10.84,0.54,
,148809,0,0,199,-0.445,-0.139,0.920,1.34,12.57,1.13,
,148811,0,0,1865,-0.446,-0.146,0.913,12.20,12.8,0.91,F
,148814,0,0,183,-0.451,-0.139,0.913,1.83,12.05,0.45,
,1488151,0,0,1876,-0.45,-0.141,0.915,1.91,10.97,0.14,
,1488211,0,0,1898,-0.45,-0.117,0.905,1.68,11.01,-0.13,F
,148823,0,0,1933,-0.456,-0.118,0.911,928,11.16,0.87,F
,1488241,0,0,1839,-0.459,-0.122,0.911,881,11.38,1.12,F
,1488281,0,0,1902,-0.45,-0.130,0.919,1.63,11.93,2.83,
,148832,0,0,1888,-0.45,-0.128,0.906,10.38,11.3,2.31,F
,1488331,0,0,1879,-0.461,-0.135,0.911,9.20,11.7,1.94,F
,1488361,0,0,1907,-0.44,-0.150,0.914,1.06,12.74,2.28,
,148837,0,0,184,-0.453,-0.147,0.915,11.65,13.6,2.51,F
,1488381,0,0,1885,-0.449,-0.144,0.910,1.85,12.39,2.45,
,1488391,0,0,1883,-0.443,-0.141,0.904,1.14,12.49,2.34,
,1488411,0,0,1833,-0.45,-0.133,0.923,1.29,12.00,2.25,
,1488421,0,0,1913,-0.44,-0.148,0.907,1.82,11.29,1.10,
,148844,0,0,189,-0.459,-0.142,0.910,1.81,14.03,1.88,
,1488461,0,0,1809,-0.45,-0.133,0.914,1.36,13.91,0.69,
,148851,0,0,1771,-0.447,-0.137,0.923,12.27,11.8,0.77,F
,148858,0,0,1792,-0.46,-0.130,0.908,838,10.8,1.97,F
,1488621,0,0,1782,-0.46,-0.139,0.910,1.20,15.74,3.75,
,148868,0,0,1808,-0.458,-0.130,0.901,922,9.04,0.57,F
,148872,0,0,1843,-0.46,-0.153,0.924,783,13.6,2.43,F
,148873,0,0,189,-0.460,-0.163,0.934,897,17.82,4.13,F
,148874,0,0,1856,-0.458,-0.166,0.926,1.42,20.62,5.04,
,148875,0,0,1822,-0.458,-0.162,0.920,1.68,19.04,4.37,F
,1488821,0,0,1814,-0.47,-0.144,0.914,876,9.49,-1.43,F
,1488851,0,0,1819,-0.45,-0.152,0.926,1.16,17.42,1.35,F
,148886,0,0,186,-0.459,-0.145,0.915,1.55,16.86,1.65,F
,1488901,0,0,1849,-0.467,-0.135,0.923,1.55,8.57,-0.90,F
,1489021,0,0,1893,-0.467,-0.139,0.899,1.04,10.0,0.39,
,1489041,0,0,1857,-0.45,-0.131,0.900,1.04,12.25,0.69,
,148905,0,0,1837,-0.45,-0.135,0.893,1.48,9.65,0.45,F
,148913,0,0,1840,-0.46,-0.141,0.918,11.45,16.7,2.11,F
,148923,0,0,1899,-0.44,-0.169,0.921,1.58,17.39,3.32,F
,148924,0,0,1889,-0.44,-0.163,0.919,1.07,20.54,3.88,F
,1489261,0,0,1950,-0.45,-0.141,0.918,1.84,19.36,2.51,F
,1489391,0,0,1850,-0.474,-0.119,0.913,1.10,12.8,1.44,F
,1489411,0,0,180,-0.477,-0.124,0.907,1.84,9.2,0.26,F
,1489441,0,0,1767,-0.45,-0.137,0.898,894,9.16,0.89,F
,1489531,0,0,192,-0.477,-0.126,0.905,1.04,11.71,-0.19,F
,1489541,0,0,1904,-0.480,-0.134,0.904,936,11.62,0.05,F
,1489571,0,0,181,-0.467,-0.135,0.910,1.07,13.52,2.20,F
,148961,0,0,1840,-0.47,-0.126,0.904,1.73,13.8,2.16,F
,1489721,0,0,1932,-0.447,-0.163,0.911,1.19,14.46,2.74,F
,1489771,0,0,1878,-0.458,-0.153,0.906,1.55,7.13,-2.96,F
,148978,0,0,2012,-0.45,-0.158,0.901,1.10,8.05,-2.83,F
,1489801,0,0,1954,-0.462,-0.143,0.907,1.72,10.92,-1.57,F
,1489831,0,0,1951,-0.470,-0.124,0.896,1.62,14.3,0.05,F
,1489921,0,0,194,-0.460,-0.117,0.899,1.30,14.7,1.67,F
,1490061,0,0,201,-0.462,-0.187,0.915,1.13,9.76,2.75,F
,149012,0,0,1846,-0.503,-0.127,0.892,1.16,8.1,-4.16,F
,1490161,0,0,190,-0.447,-0.171,0.910,1.26,11.61,-0.71,F
,149027,0,0,1865,-0.467,-0.130,0.903,1.10,11.2,-0.22,F
,1490321,0,0,1793,-0.473,-0.134,0.910,1.74,14.0,2.23,F
,1490331,0,0,1789,-0.472,-0.136,0.902,1.68,12.0,1.65,F
,149038,0,0,1808,-0.463,-0.155,0.891,1.23,9.2,-0.65,F
,149048,0,0,1727,-0.473,-0.151,0.913,1.57,14.03,2.13,F
,1490521,0,0,1808,-0.462,-0.144,0.901,1.92,11.65,0.17,F
,1490531,0,0,1825,-0.465,-0.137,0.897,1.31,10.3,-0.90,F
,1490601,0,0,188,-0.461,-0.125,0.898,1.89,11.10,0.37,
,1490611,0,0,182,-0.459,-0.127,0.894,1.84,12.52,1.32,F
,1490641,0,0,1847,-0.467,-0.123,0.890,1.45,15.6,2.91,F
,1490661,0,0,1808,-0.480,-0.117,0.887,1.53,14.68,1.87,F
,1490701,0,0,180,-0.494,-0.121,0.893,400,10.20,0.29,F
,1490731,0,0,1787,-0.483,-0.146,0.912,992,9.96,2.84,F
,1490751,0,0,1769,-0.469,-0.147,0.904,1.77,13.97,4.36,
,1490761,0,0,187,-0.472,-0.135,0.899,1.29,14.75,4.55,F
,1490841,0,0,1806,-0.480,-0.148,0.921,624,12.33,2.08,F
,1490971,0,0,1849,-0.480,-0.149,0.913,913,15.27,1.50,F
,1491081,0,0,1883,-0.470,-0.154,0.906,1.90,13.16,1.21,
,1491191,0,0,196,-0.468,-0.144,0.896,1.51,10.9,-0.45,F
,1491201,0,0,197,-0.467,-0.142,0.893,1.42,13.94,0.39,
,149122,0,0,1939,-0.473,-0.130,0.899,1.07,16.31,1.20,
,1491331,0,0,196,-0.486,-0.136,0.896,1.53,12.62,1.67,
,1491431,0,0,1946,-0.49,-0.138,0.903,868,10.74,0.19,F
,1491481,0,0,1959,-0.490,-0.142,0.912,1.04,10.69,2.04,
,1491531,0,0,1963,-0.475,-0.150,0.894,1.55,11.97,1.55,
,1491551,0,0,2000,-0.47,-0.149,0.892,1.75,14.37,2.25,
,1491671,0,0,2042,-0.47,-0.154,0.902,1.04,7.70,-0.16,F
,1491681,0,0,2018,-0.46,-0.150,0.893,1.58,8.33,-0.18,
,149172,0,0,2012,-0.47,-0.138,0.877,1.33,11.35,-0.74,F
,1491761,0,0,2033,-0.47,-0.125,0.891,1.78,11.6,-0.67,F
,1491771,0,0,2061,-0.47,-0.123,0.887,1.12,12.48,0.07,
,149183,0,0,2078,-0.50,-0.110,0.905,629,12.58,1.62,F
,1491881,0,0,2095,-0.47,-0.169,0.913,1.33,11.5,4.98,
,1491931,0,0,2031,-0.472,-0.136,0.876,1.64,9.56,0.66,F
,149204,0,0,2167,-0.47,-0.118,0.876,1.27,15.09,0.36,
,1492121,0,0,2177,-0.49,-0.172,0.905,1.98,17.7,3.55,
,1492171,0,0,212,-0.494,-0.152,0.883,1.31,13.94,0.86,F
,1492221,0,0,2194,-0.497,-0.153,0.894,471,9.41,-1.42,F
,149225,0,0,2163,-0.48,-0.150,0.900,1.24,11.44,1.53,
,1492271,0,0,2195,-0.497,-0.124,0.888,1.57,13.5,1.93,F
,149235,0,0,2195,-0.508,-0.154,0.910,539,9.73,1.71,F
,149236,0,0,2178,-0.509,-0.159,0.906,668,7.50,2.33,F
,1492531,0,0,2295,-0.477,-0.177,0.892,1.45,10.95,-1.61,F
,1492541,0,0,2320,-0.48,-0.177,0.897,1.06,11.65,-1.93,F
,1492601,0,0,2336,-0.494,-0.153,0.905,1.95,11.12,-2.64,F
,149267,0,0,2224,-0.46,-0.190,0.892,1.76,14.19,0.43,F
,1492691,0,0,2315,-0.480,-0.192,0.904,1.09,16.55,1.62,F
,149270,0,0,2316,-0.47,-0.190,0.905,1.87,17.1,2.71,F
,1492711,0,0,2307,-0.478,-0.177,0.894,1.39,16.91,2.75,F
,1492731,0,0,2320,-0.487,-0.131,0.878,1.49,10.16,-1.22,F
,1492841,0,0,2261,-0.497,-0.153,0.871,1.52,11.30,1.27,F
,149286,0,0,2261,-0.508,-0.175,0.879,705,2.58,-2.24,F
,1492921,0,0,2198,-0.44,-0.195,0.886,1.54,17.65,3.06,F
,149293,0,0,2215,-0.435,-0.178,0.859,1.86,21.06,4.10,F
,1492951,0,0,213,-0.478,-0.119,0.855,1.65,15.06,-1.42,F
,149304,0,0,2080,-0.479,-0.169,0.891,1.14,22.98,5.53,F
,149308,0,0,2017,-0.498,-0.158,0.877,836,8.55,-0.13,F
,1493141,0,0,2018,-0.488,-0.188,0.896,1.20,16.51,2.81,F
,1493181,0,0,195,-0.489,-0.170,0.872,1.58,11.91,2.25,F
,1493191,0,0,1950,-0.488,-0.175,0.875,1.64,11.44,1.32,F
,1493281,0,0,198,-0.496,-0.172,0.907,1.50,15.9,0.62,F
,1493301,0,0,1909,-0.502,-0.171,0.893,1.17,10.9,0.00,F
,1493311,0,0,197,-0.502,-0.172,0.887,1.14,9.21,-0.22,F
,1493321,0,0,198,-0.493,-0.163,0.885,12.12,9.2,-0.58,
,1493401,0,0,193,-0.496,-0.171,0.889,1.23,12.86,2.25,F
,1493411,0,0,196,-0.490,-0.171,0.877,1.70,12.66,2.65,F
,1493421,0,0,1902,-0.488,-0.164,0.865,1.55,11.93,2.08,
,1493501,0,0,1883,-0.483,-0.183,0.883,1.06,15.67,3.61,F
,1493591,0,0,1857,-0.486,-0.169,0.898,1.08,9.61,-0.48,F
,1493621,0,0,1884,-0.499,-0.159,0.889,1.25,12.20,0.51,F
,1493641,0,0,182,-0.499,-0.155,0.875,1.88,11.59,0.02,F
,1493651,0,0,181,-0.507,-0.156,0.885,1.32,11.5,0.10,F
,1493681,0,0,1871,-0.492,-0.169,0.878,1.17,10.13,1.23,F
,1493741,0,0,195,-0.500,-0.162,0.878,1.23,13.53,0.77,F
,1493751,0,0,1899,-0.498,-0.168,0.882,945,13.58,0.84,F
,1493791,0,0,184,-0.485,-0.175,0.897,1.92,13.38,1.17,
,1493811,0,0,194,-0.491,-0.185,0.897,1.56,13.29,0.98,F
,149389,0,0,1939,-0.49,-0.169,0.888,1.35,11.0,-1.63,F
,149390,0,0,1914,-0.49,-0.170,0.880,1.49,11.7,-0.99,F
,149392,0,0,1904,-0.49,-0.165,0.886,1.71,11.4,-1.35,F
,1494001,0,0,190,-0.497,-0.147,0.875,1.69,13.00,-1.26,F
,1494031,0,0,195,-0.509,-0.149,0.875,749,8.89,-1.89,F
,1494051,0,0,196,-0.489,-0.160,0.880,791,8.86,-0.53,F
,1494061,0,0,199,-0.484,-0.161,0.879,983,9.79,0.29,F
,1494101,0,0,185,-0.495,-0.156,0.873,1.97,13.20,2.39,
,1494121,0,0,1863,-0.495,-0.156,0.886,820,13.30,1.90,F
,1494171,0,0,185,-0.497,-0.191,0.887,981,14.14,1.70,F
,1494181,0,0,1863,-0.495,-0.192,0.884,1.59,13.38,1.36,
,1494241,0,0,1883,-0.497,-0.187,0.883,1.65,11.3,-0.87,F
,1494291,0,0,1872,-0.486,-0.176,0.890,1.10,12.69,0.05,
,1494301,0,0,1842,-0.489,-0.175,0.859,1.37,12.4,-0.85,F
,1494341,0,0,188,-0.501,-0.146,0.874,1.62,12.8,-1.06,F
,1494351,0,0,182,-0.501,-0.153,0.883,1.11,12.3,-0.38,F
,1494391,0,0,1871,-0.499,-0.159,0.881,1.06,14.23,2.26,
,1494421,0,0,1874,-0.495,-0.162,0.881,1.66,12.86,1.76,
,1494431,0,0,1840,-0.497,-0.169,0.880,1.11,12.20,1.21,
,149448,0,0,1840,-0.50,-0.182,0.888,975,11.87,1.01,F
,149452,0,0,1831,-0.49,-0.182,0.876,1.10,9.50,0.62,F
,149461,0,0,1782,-0.50,-0.171,0.886,1.62,13.70,1.75,
,1494631,0,0,1790,-0.502,-0.173,0.885,1.96,13.01,2.62,F
,1494671,0,0,175,-0.498,-0.176,0.882,1.69,12.00,0.65,F
,149469,0,0,1808,-0.49,-0.185,0.892,989,13.4,0.69,F
,1494741,0,0,1826,-0.501,-0.177,0.888,1.60,12.9,-0.70,F
,149485,0,0,1798,-0.50,-0.162,0.880,897,12.05,1.47,F
,1494861,0,0,1802,-0.50,-0.167,0.879,1.55,12.05,2.20,
,149489,0,0,1809,-0.50,-0.163,0.863,1.29,12.71,2.81,
,1494941,0,0,1778,-0.50,-0.177,0.886,690,13.01,1.46,F
,1494961,0,0,176,-0.500,-0.178,0.870,804,10.74,1.24,F
,1495051,0,0,1751,-0.498,-0.205,0.880,864,17.33,4.02,F
,1495101,0,0,1793,-0.51,-0.201,0.891,1.96,10.84,0.22,F
,1495131,0,0,1820,-0.51,-0.185,0.894,1.93,7.20,-3.57,F
,1495191,0,0,1829,-0.483,-0.180,0.873,1.69,12.29,1.32,
,149524,0,0,1850,-0.50,-0.170,0.857,1.49,8.91,-1.34,F
,1495271,0,0,1861,-0.50,-0.175,0.874,1.39,12.36,-1.06,F
,149537,0,0,1870,-0.50,-0.172,0.874,1.72,9.44,0.17,F
,1495391,0,0,1887,-0.50,-0.179,0.880,954,10.83,0.28,F
,1495421,0,0,1877,-0.49,-0.188,0.883,1.39,14.19,1.79,F
,149543,0,0,1869,-0.498,-0.185,0.877,1.01,13.94,1.50,F
,1495441,0,0,1840,-0.50,-0.183,0.881,1.64,12.63,1.13,
,1495571,0,0,1904,-0.50,-0.179,0.882,1.36,10.34,-0.07,F
,1495661,0,0,1918,-0.50,-0.172,0.869,1.20,11.35,-0.38,F
,149568,0,0,1943,-0.501,-0.175,0.881,1.88,10.92,-0.51,F
,1495691,0,0,1932,-0.507,-0.191,0.864,992,11.00,0.08,F
,1495701,0,0,1895,-0.499,-0.178,0.880,1.20,12.03,1.32,F
,1495741,0,0,1894,-0.50,-0.161,0.873,1.33,11.49,-0.03,F
,149575,0,0,1904,-0.510,-0.167,0.875,1.87,10.52,-0.19,F
,1495781,0,0,1902,-0.505,-0.185,0.886,1.18,12.77,1.18,F
,1495791,0,0,1909,-0.50,-0.182,0.884,1.85,13.5,1.81,
,149582,0,0,1918,-0.50,-0.187,0.876,1.65,13.59,1.84,F
,1495831,0,0,1903,-0.49,-0.186,0.881,1.33,12.89,1.55,F
,149585,0,0,1902,-0.50,-0.188,0.875,1.57,11.6,1.44,F
,1495921,0,0,1910,-0.50,-0.174,0.872,1.97,14.42,0.68,F
,1495931,0,0,1909,-0.505,-0.174,0.875,1.73,14.34,0.78,F
,149609,0,0,1879,-0.50,-0.193,0.876,1.20,11.13,0.80,F
,1496111,0,0,1886,-0.503,-0.191,0.871,1.77,10.2,0.13,F
,1496121,0,0,1887,-0.506,-0.186,0.884,1.75,11.21,0.42,F
,1496171,0,0,180,-0.505,-0.177,0.873,1.47,11.45,-0.44,F
,1496191,0,0,182,-0.503,-0.173,0.879,1.45,10.97,-0.33,F
,1496201,0,0,1851,-0.502,-0.172,0.871,1.79,11.68,-0.12,F
,1496291,0,0,181,-0.510,-0.171,0.883,1.73,12.2,0.52,F
,1496311,0,0,182,-0.506,-0.184,0.884,1.16,11.24,1.06,F
,1496351,0,0,1864,-0.506,-0.206,0.891,1.77,14.45,2.08,F
,1496371,0,0,1857,-0.511,-0.212,0.884,1.11,14.5,2.25,F
,1496381,0,0,180,-0.497,-0.208,0.874,1.98,13.6,1.76,F
,1496441,0,0,188,-0.536,-0.147,0.868,737,6.16,-5.86,F
,1496451,0,0,1827,-0.522,-0.158,0.874,591,7.27,-3.51,F
,1496501,0,0,1802,-0.495,-0.183,0.879,1.78,16.25,5.56,F
,1496531,0,0,180,-0.495,-0.167,0.852,1.47,12.40,2.78,F
,1496541,0,0,181,-0.492,-0.158,0.867,1.87,10.80,1.36,F
,149663,0,0,1841,-0.517,-0.194,0.889,1.18,21.35,2.36,F
,1496701,0,0,1768,-0.518,-0.176,0.884,987,6.86,-3.14,F
,1496731,0,0,1782,-0.514,-0.169,0.867,1.71,12.13,0.57,
,1496751,0,0,173,-0.521,-0.171,0.865,1.94,11.50,1.20,
,1496771,0,0,1734,-0.509,-0.166,0.864,1.84,9.94,1.76,F
,1496871,0,0,170,-0.513,-0.177,0.881,908,12.36,-0.51,F
,1496971,0,0,179,-0.507,-0.167,0.872,1.23,11.61,0.40,
,1496981,0,0,1719,-0.502,-0.171,0.867,1.42,11.58,0.34,F
,1497191,0,0,171,-0.511,-0.173,0.865,1.86,13.3,0.60,F
,1497211,0,0,1729,-0.517,-0.183,0.868,1.87,13.9,0.37,F
,149728,0,0,1723,-0.510,-0.178,0.871,1.33,12.0,-0.29,F
,1497311,0,0,1703,-0.51,-0.184,0.867,1.40,11.87,0.19,F
,1497361,0,0,1698,-0.522,-0.174,0.872,1.18,14.60,-0.29,F
,149738,0,0,1706,-0.517,-0.174,0.872,1.38,14.28,-0.56,F
,149744,0,0,1693,-0.52,-0.169,0.873,1.58,13.00,0.65,F
,1497471,0,0,161,-0.525,-0.161,0.870,1.01,12.58,1.15,
,1497511,0,0,1705,-0.52,-0.172,0.868,937,11.53,0.54,F
,149762,0,0,1696,-0.51,-0.182,0.859,1.11,13.56,1.24,
,1497691,0,0,1696,-0.517,-0.182,0.863,1.75,12.75,0.05,
,149781,0,0,1689,-0.52,-0.177,0.869,1.52,12.9,-0.32,F
,1497821,0,0,1697,-0.517,-0.174,0.865,1.88,11.70,-0.09,F
,1497951,0,0,1705,-0.536,-0.182,0.861,1.97,13.15,0.20,
,1497971,0,0,1680,-0.533,-0.183,0.862,1.72,13.20,0.02,
,1498071,0,0,1703,-0.52,-0.183,0.852,1.29,12.1,0.46,F
,149808,0,0,1687,-0.52,-0.180,0.872,1.53,11.91,0.62,F
,1498101,0,0,1680,-0.52,-0.172,0.865,1.70,11.94,0.69,
,149812,0,0,1682,-0.52,-0.170,0.857,1.74,11.79,0.28,
,1498181,0,0,1707,-0.524,-0.175,0.855,1.93,12.16,1.23,F
,149819,0,0,1710,-0.52,-0.179,0.858,1.78,12.65,1.13,
,1498211,0,0,1698,-0.535,-0.180,0.858,1.41,12.62,1.18,F
,1498251,0,0,1732,-0.544,-0.180,0.864,942,12.65,0.62,F
,149827,0,0,1702,-0.53,-0.184,0.871,1.01,12.75,1.07,
,1498321,0,0,1720,-0.52,-0.191,0.863,1.59,11.88,1.38,F
,1498441,0,0,1227,-0.53,-0.166,0.863,1.64,12.40,-1.09,F
,149845,0,0,1514,-0.53,-0.168,0.865,1.29,13.39,-0.94,F
,1498511,0,0,1905,-0.52,-0.173,0.872,1.99,10.48,1.13,F
,1498561,0,0,1924,-0.52,-0.170,0.845,1.42,9.81,2.22,F
,1498741,0,0,175,-0.54,-0.192,0.875,1.10,7.2,-2.88,F
,1498761,0,0,1779,-0.51,-0.182,0.860,1.59,5.94,-1.93,
,1498841,0,0,1734,-0.53,-0.165,0.865,1.06,12.25,0.94,
,1499081,0,0,167,-0.53,-0.210,0.879,777,12.5,1.91,F
,1499131,0,0,160,-0.51,-0.232,0.882,1.84,16.34,1.82,F
,1499141,0,0,1679,-0.51,-0.224,0.879,1.02,16.3,1.44,F
,1499181,0,0,1792,-0.52,-0.192,0.868,1.32,11.87,-3.48,F
,1499291,0,0,1791,-0.54,-0.162,0.827,1.52,12.62,0.80,
,1499371,0,0,1751,-0.52,-0.203,0.864,1.75,13.9,1.78,F
,1499381,0,0,1727,-0.51,-0.212,0.870,11.74,13.30,1.90,F
,1499591,0,0,176,-0.56,-0.133,0.866,839,11.39,0.13,F
,1499621,0,0,173,-0.56,-0.141,0.867,4.58,10.94,2.81,F
,1499651,0,0,1780,-0.55,-0.176,0.867,591,10.4,4.97,F
,1499681,0,0,1765,-0.54,-0.189,0.869,925,10.65,5.39,F
,1499801,0,0,181,-0.52,-0.199,0.860,1.37,9.5,-2.58,F
,1499841,0,0,1803,-0.52,-0.180,0.867,1.20,9.36,-2.47,F
,1499861,0,0,175,-0.52,-0.177,0.863,1.01,10.3,-1.35,F
,1499901,0,0,1792,-0.53,-0.167,0.856,1.42,10.4,-0.29,F
,1499911,0,0,176,-0.53,-0.168,0.851,1.54,11.24,0.08,
,149997,0,0,1807,-0.52,-0.168,0.862,1.72,11.04,1.39,
,150002,0,0,1797,-0.51,-0.178,0.865,978,10.14,1.15,F
,1500041,0,0,182,-0.51,-0.191,0.858,949,10.29,1.47,F
,1500071,0,0,1831,-0.52,-0.191,0.855,1.36,13.70,1.93,
,1500121,0,0,187,-0.52,-0.202,0.856,1.19,9.82,0.55,F
,1500221,0,0,1906,-0.52,-0.179,0.872,1.69,8.92,-0.25,F
,1500231,0,0,188,-0.51,-0.177,0.881,1.34,9.09,0.16,F
,1500281,0,0,1770,-0.50,-0.185,0.862,1.05,14.63,1.90,
,1500361,0,0,185,-0.51,-0.186,0.875,1.02,11.56,0.05,
,1500421,0,0,1837,-0.53,-0.177,0.853,1.17,8.95,-1.08,
,1500441,0,0,1823,-0.52,-0.181,0.853,1.04,12.02,0.60,F
,1500501,0,0,1795,-0.52,-0.184,0.864,1.50,10.60,0.71,
,1500521,0,0,176,-0.52,-0.192,0.859,1.98,9.53,-0.04,
,150055,0,0,1749,-0.52,-0.192,0.868,1.16,11.32,-0.15,F
,1500561,0,0,175,-0.53,-0.195,0.857,1.72,11.84,0.58,
,1500601,0,0,175,-0.52,-0.198,0.861,1.12,11.90,0.19,F
,1500611,0,0,1782,-0.52,-0.194,0.865,1.29,12.14,0.00,
,1500661,0,0,171,-0.51,-0.179,0.868,1.36,11.23,-0.15,F
,1500691,0,0,178,-0.51,-0.169,0.869,1.86,11.52,-0.39,F
,1500771,0,0,1782,-0.52,-0.173,0.877,1.07,12.39,1.67,F
,1500811,0,0,1781,-0.52,-0.169,0.854,1.53,11.90,1.36,
,150084,0,0,1777,-0.53,-0.175,0.863,1.15,10.34,-0.47,F
,1500861,0,0,176,-0.52,-0.181,0.867,986,10.86,-0.67,F
,150095,0,0,1785,-0.52,-0.167,0.857,986,10.37,-0.29,
,1500971,0,0,1801,-0.52,-0.174,0.850,1.45,10.97,-0.19,F
,150099,0,0,1818,-0.52,-0.173,0.852,1.37,13.00,0.78,F
,150100,0,0,1807,-0.52,-0.177,0.850,1.68,14.22,1.17,F
,1501081,0,0,1803,-0.51,-0.192,0.871,1.06,13.93,0.92,F
,1501181,0,0,1806,-0.52,-0.169,0.864,1.87,12.36,-0.73,F
,150123,0,0,1789,-0.54,-0.171,0.869,1.66,11.99,-0.39,F
,150130,0,0,1808,-0.54,-0.190,0.871,12.41,12.3,1.44,F
,1501321,0,0,1806,-0.52,-0.191,0.861,1.65,11.39,1.13,F
,1501441,0,0,1797,-0.53,-0.176,0.870,1.87,14.45,-0.21,F
,150149,0,0,1815,-0.52,-0.161,0.874,1.79,11.78,-0.68,F
,1501591,0,0,177,0.020,-0.819,.245,78.15,-9.84,8.63,F
,1501601,0,0,180,0.016,-0.250,.644,-860,48.5,-9.63,F
,150161,0,0,1849,-0.62,-0.239,1.132,-0.11,34.62,-25.66,F
,150164,0,0,1826,-0.45,-0.187,0.774,1.13,13.50,-8.33,F
,1501791,0,0,1907,-0.51,-0.191,0.859,992,20.4,-7.09,F
,1501851,0,0,1808,-0.57,-0.194,0.906,1.60,12.75,-4.01,F
,1501881,0,0,1949,-0.58,-0.185,0.881,1.79,10.5,-6.18,F
,1501901,0,0,187,-0.63,-0.169,0.845,667,2.86,-1.87,F
,1501941,0,0,183,-0.56,-0.244,0.962,2.12,-23.43,1.15,F
,1501971,0,0,1870,-0.52,-0.223,0.930,4.16,-27.74,-9.17,F
,150204,0,0,1655,-0.57,-0.159,0.960,1.19,-40.51,-2.42,F
,1502101,0,0,1946,-0.40,-0.125,0.953,7.94,-67.26,-6.41,F
,150213,0,0,1827,-0.41,-0.065,0.910,6.76,-50.55,-8.6,F
,150218,0,0,1800,-0.32,-0.105,0.895,3.78,-3964,-0.59,F
,1502191,0,0,178,-0.31,-0.111,0.884,3.64,-37.31,-0.96,F
,1502211,0,0,1840,-0.27,-0.123,0.873,3.47,-30.19,-2.16,F
,150225,0,0,1787,-0.27,-0.059,0.885,3.63,-5.9,-2.12,F
,150228,0,0,1951,-0.26,-0.028,0.905,2.07,6.6,-3.13,F
,150229,0,0,1741,-0.27,-0.018,0.931,1.60,8.9,-4.42,F
,150232,0,0,1807,-0.27,-0.026,0.972,1.01,6.28,-4.25,F
,1502341,0,0,1838,-0.27,-0.017,1.008,1.07,4.1,-3.67,F
,1502381,0,0,1791,-0.253,0.001,.045,22.55,1.10,-0.88,F
,1502411,0,0,188,-0.253,0.034,.032,23.65,7.90,0.51,F
,1502421,0,0,1856,-0.26,0.046,1.042,1974,7.41,0.81,F
,1502431,0,0,1836,-0.291,0.039,.046,16.61,3.59,2.13,F
,1502441,0,0,1701,-0.309,0.032,.051,10.71,-2.6,2.55,F
,1502511,0,0,216,-0.24,0.003,0.990,3186,-19.0,4.07,F
,1502521,0,0,1645,-0.27,0.001,.996,30.85,-20.36,7.70,
,1502531,0,0,1647,-0.25,-0.003,0.980,2.42,-22.82,7.71,F
,150256,0,0,1770,-0.23,-0.021,1.005,2.49,-33.11,7.81,F
,1502581,0,0,1766,-0.22,-0.003,1.037,3.42,-4129,3.55,F
,1502601,0,0,1788,-0.18,-0.002,1.019,3.66,-49.28,-0.04,F
,1502621,0,0,184,-0.13,0.021,1.005,3084,-45.7,-1.43,F
,150263,0,0,1889,-0.152,0.037,.016,26.44,-43.31,1.17,F
,1502641,0,0,1697,-0.14,0.027,1.005,2522,-36.48,3.04,
,1502651,0,0,184,-0.11,0.035,1.009,2136,-32.6,4.86,F
,1502671,0,0,1776,-0.093,0.020,.013,1769,-27.81,6.39,F
,1502681,0,0,1818,-0.087,0.024,.008,1881,-26.58,5.87,F
,1502691,0,0,1861,-0.068,0.013,.993,19.49,-24.80,5.49,F
,150271,0,0,1739,-0.055,0.024,.003,20.15,-20.65,4.42,
,1502751,0,0,184,-0.00,0.028,0.992,2184,-12.9,7.20,F
,1502811,0,0,1808,-0.02,0.049,.957,10.56,11.09,4.54,F
,1502871,0,0,194,-0.00,0.034,0.978,1296,18.3,4.17,F
,1502891,0,0,183,-0.00,0.042,0.981,1336,26.48,4.19,F
,1502951,0,0,1781,-0.07,0.036,.037,-1.96,29.94,1.64,F
,1502961,0,0,1829,-0.07,0.016,1.038,-162,26.7,1.65,F
,1503011,0,0,1808,-0.06,0.025,1.031,1620,31.99,-0.76,F
,1503021,0,0,1898,-0.078,0.033,.023,1610,34.11,-0.62,F
,150305,0,0,1840,-0.107,0.031,.010,7.83,35.13,-1.40,F
,150308,0,0,1840,-0.13,0.013,1.039,-071,23.16,-4.71,F
,1503101,0,0,185,-0.13,-0.010,1.042,481,15.7,-4.16,F
,150315,0,0,1879,-0.128,0.043,.024,22.29,30.98,-3.25,
,1503161,0,0,185,-0.13,0.055,1.028,2183,34.0,-2.21,F
,1503171,0,0,173,-0.14,0.059,1.013,1650,33.4,-2.80,F
,1503181,0,0,1853,-0.170,0.065,.029,11.26,31.0,-3.67,F
,150320,0,0,1835,-0.17,0.043,1.031,2.9,21.07,-4.32,F
,1503251,0,0,187,-0.14,0.035,1.022,1076,22.77,-1.51,F
,1503261,0,0,174,-0.15,0.044,.013,12.21,25.59,0.19,F
,1503281,0,0,1856,-0.168,0.041,.010,7.42,25.16,1.12,F
,1503311,0,0,1842,-0.167,0.029,.012,6.03,23.64,4.45,F
,1503321,0,0,1906,-0.164,0.033,.015,7.05,23.65,3.99,F
,1503341,0,0,173,-0.17,0.031,1.021,6.5,23.82,2.65,F
,150337,0,0,1921,-0.186,0.038,.020,5.26,23.81,2.26,F
,1503391,0,0,1967,-0.179,0.048,.011,3.87,23.68,2.77,F
,1503401,0,0,1893,-0.177,0.055,.026,3.52,23.88,3.50,F
,1503411,0,0,186,-0.18,0.049,1.015,2.3,23.53,3.64,F
,1503451,0,0,183,-0.18,0.021,1.022,-179,24.72,5.68,F
,1503461,0,0,186,-0.19,0.019,1.022,-103,24.66,6.92,F
,1503471,0,0,180,-0.19,0.013,1.024,1.6,24.29,8.19,F
,1503501,0,0,1840,-0.179,0.019,.003,5.6,23.16,7.12,F
,1503511,0,0,189,-0.17,0.016,0.995,4.6,24.11,5.78,F
,1503541,0,0,175,-0.21,-0.015,0.990,-.09,22.77,4.25,
,150363,0,0,1814,-0.20,-0.056,0.973,299,28.97,3.00,F
,1503751,0,0,179,-0.26,-0.048,1.031,720,30.68,-0.53,
,1503791,0,0,182,-0.27,-0.038,1.008,823,25.44,-2.44,F
,1503911,0,0,182,-0.29,-0.042,0.996,995,22.43,1.62,F
,1503921,0,0,1895,-0.29,-0.046,1.002,998,22.29,2.51,F
,1503961,0,0,1848,-0.30,-0.044,0.999,992,19.15,2.60,F
,1503991,0,0,187,-0.30,-0.051,0.987,841,17.32,1.87,F
,150404,0,0,1840,-0.30,-0.064,0.981,1.46,18.89,2.10,F
,1504061,0,0,1901,-0.30,-0.059,0.983,1.55,19.79,1.36,F
,1504081,0,0,1904,-0.31,-0.042,0.982,1.76,19.38,0.46,F
,1504091,0,0,1892,-0.31,-0.042,0.983,955,18.46,0.46,F
,1504111,0,0,194,-0.31,-0.042,0.982,800,16.05,-0.04,F
,1504131,0,0,181,-0.31,-0.049,0.989,862,15.06,0.37,F
,1504151,0,0,1866,-0.31,-0.051,0.979,1.02,15.78,1.33,F
,1504211,0,0,1851,-0.33,-0.034,0.972,804,17.03,2.25,F
,1504251,0,0,199,-0.33,-0.048,0.973,777,13.70,1.78,F
,1504331,0,0,1924,-0.345,-0.052,0.972,700,14.77,4.17,F
,1504361,0,0,1821,-0.34,-0.065,0.970,456,13.97,4.68,F
,150445,0,0,1825,-0.324,-0.081,0.977,845,15.91,2.11,F
,1504531,0,0,183,-0.32,-0.077,0.980,957,13.38,0.89,F
,1504541,0,0,1923,-0.325,-0.071,0.982,1.05,12.6,0.78,F
,1504581,0,0,1863,-0.33,-0.072,0.972,1.59,10.87,-0.91,F
,150461,0,0,1865,-0.348,-0.070,0.968,1.98,10.86,-1.46,F
,150465,0,0,1746,-0.34,-0.071,0.970,1.51,12.65,-0.76,F
,1504661,0,0,1885,-0.34,-0.071,0.963,1.75,13.36,-0.25,F
,1504691,0,0,1824,-0.34,-0.064,0.955,1.94,13.0,0.62,F
,1504711,0,0,1840,-0.33,-0.067,0.959,1.63,12.84,0.29,F
,1504741,0,0,1847,-0.34,-0.062,0.952,1.05,13.70,-0.01,F
,1504781,0,0,1712,-0.34,-0.065,0.960,965,14.80,0.87,F
,1504821,0,0,1872,-0.35,-0.079,0.970,984,15.18,1.65,F
,150484,0,0,1867,-0.35,-0.075,0.970,1.64,13.78,0.75,F
,1504851,0,0,1882,-0.36,-0.074,0.972,1.60,13.20,0.65,F
,150486,0,0,1850,-0.35,-0.075,0.967,1.20,12.91,0.71,F
,1504911,0,0,1812,-0.34,-0.073,0.950,962,14.6,0.95,F
,1504971,0,0,1851,-0.35,-0.069,0.961,9.80,16.84,1.39,F
,1505001,0,0,187,-0.35,-0.074,0.969,933,15.44,1.00,F
,1505121,0,0,1851,-0.36,-0.082,0.957,977,15.64,1.12,F
,150518,0,0,1818,-0.37,-0.078,0.956,910,17.76,-0.04,F
,150519,0,0,1914,-0.37,-0.085,0.955,923,17.5,0.33,F
,150521,0,0,1838,-0.37,-0.084,0.953,989,17.4,0.87,F
,150524,0,0,1838,-0.37,-0.079,0.955,1.45,16.33,0.62,F
,1505251,0,0,1813,-0.37,-0.079,0.952,1.38,16.22,0.77,
,150526,0,0,1882,-0.37,-0.078,0.955,968,16.11,0.68,F
,1505271,0,0,1818,-0.37,-0.078,0.946,875,15.97,0.62,F
,150528,0,0,1925,-0.38,-0.085,0.952,847,15.2,0.05,F
,150536,0,0,1936,-0.38,-0.083,0.961,1.44,14.7,0.89,F
,1505371,0,0,1872,-0.39,-0.083,0.955,1.04,14.8,0.89,F
,1505451,0,0,1855,-0.38,-0.085,0.945,1.20,14.0,0.60,F
,150546,0,0,1850,-0.38,-0.084,0.941,1.68,13.87,0.72,F
,1505491,0,0,1878,-0.38,-0.091,0.945,939,14.1,0.54,F
,150555,0,0,1865,-0.39,-0.094,0.945,1.27,14.6,0.65,F
,1505561,0,0,1885,-0.39,-0.092,0.942,1.68,14.6,0.94,F
,1505571,0,0,1867,-0.39,-0.090,0.944,1.82,15.0,0.97,F
,150562,0,0,1789,-0.38,-0.091,0.945,870,16.3,0.68,F
,1505661,0,0,186,-0.39,-0.101,0.947,977,13.3,0.60,F
,150567,0,0,1840,-0.39,-0.099,0.947,1.62,13.7,0.19,F
,1505701,0,0,1829,-0.40,-0.095,0.947,10.65,13.61,0.23,
,150571,0,0,1856,-0.40,-0.095,0.946,1.96,12.97,0.51,F
,1505761,0,0,1882,-0.40,-0.098,0.941,1.66,11.90,0.20,F
,1505781,0,0,1827,-0.39,-0.099,0.937,1.51,12.6,0.29,F
,1505791,0,0,1850,-0.40,-0.096,0.947,1.19,13.27,0.42,
,1505831,0,0,1834,-0.40,-0.095,0.937,1.70,13.30,0.08,F
,150584,0,0,1872,-0.40,-0.095,0.939,1.52,12.5,0.16,F
,1505851,0,0,182,-0.40,-0.095,0.937,1.88,12.9,0.20,F
,1505871,0,0,1846,-0.40,-0.098,0.938,1.19,12.6,0.54,F
,150589,0,0,1867,-0.40,-0.094,0.941,1.49,13.06,0.97,
,1505951,0,0,1776,-0.41,-0.097,0.945,865,13.49,0.58,F
,150600,0,0,1893,-0.41,-0.108,0.946,1.91,12.46,0.29,F
,150602,0,0,1817,-0.40,-0.107,0.936,1.07,12.71,1.20,
,1506031,0,0,1846,-0.40,-0.104,0.943,12.13,12.78,1.41,
,1506081,0,0,182,-0.40,-0.097,0.940,1.49,14.89,0.26,F
,150610,0,0,1840,-0.41,-0.101,0.942,928,14.86,-0.62,
,1506131,0,0,1811,-0.41,-0.101,0.949,902,13.04,-0.99,F
,1506191,0,0,177,-0.41,-0.099,0.939,1.06,11.21,0.72,F
,1506201,0,0,1839,-0.40,-0.101,0.930,1.58,11.7,0.78,F
,1506221,0,0,175,-0.41,-0.102,0.926,1.29,11.81,0.68,F
,1506231,0,0,181,-0.40,-0.101,0.924,1.58,12.00,0.98,F
,1506261,0,0,1776,-0.40,-0.104,0.931,1.33,13.36,0.74,F
,1506271,0,0,1895,-0.407,-0.107,0.926,1.55,13.71,0.77,
,1506291,0,0,180,-0.41,-0.106,0.931,1.49,14.60,0.74,
,1506301,0,0,1837,-0.41,-0.104,0.934,1.47,14.91,0.94,F
,150631,0,0,1824,-0.41,-0.104,0.940,1.91,14.2,0.75,F
,1506331,0,0,187,-0.41,-0.103,0.945,1.07,14.55,0.68,F
,1506351,0,0,1921,-0.41,-0.103,0.938,989,14.29,0.74,F
,1506361,0,0,1843,-0.41,-0.101,0.932,867,13.97,0.62,F
,150638,0,0,1830,-0.42,-0.109,0.944,890,12.57,0.91,F
,1506391,0,0,177,-0.42,-0.113,0.948,910,11.94,0.86,F
,150641,0,0,1827,-0.41,-0.119,0.941,1.66,11.52,0.94,F
,1506461,0,0,183,-0.41,-0.113,0.935,1.13,12.05,-0.09,F
,1506471,0,0,182,-0.41,-0.113,0.929,1.91,12.03,0.00,F
,150649,0,0,1869,-0.41,-0.121,0.937,1.60,12.0,0.05,F
,1506551,0,0,184,-0.41,-0.112,0.929,1.59,13.96,0.13,F
,1506561,0,0,1809,-0.41,-0.113,0.938,1.91,13.82,0.07,F
,1506591,0,0,182,-0.42,-0.106,0.930,1.65,14.22,0.02,
,1506771,0,0,197,-0.42,-0.113,0.930,9.19,12.20,0.51,F
,1506851,0,0,170,-0.42,-0.116,0.935,1.66,11.99,0.89,F
,1506881,0,0,1860,-0.42,-0.116,0.919,1.17,11.93,0.92,
,1506951,0,0,181,-0.43,-0.112,0.927,1.00,13.30,0.65,F
,1507001,0,0,1856,-0.43,-0.118,0.933,1.34,12.25,0.78,F
,1507021,0,0,187,-0.42,-0.125,0.935,1.63,13.26,0.72,F
,1507031,0,0,1871,-0.42,-0.122,0.933,1.68,13.74,0.80,F
,150706,0,0,1824,-0.42,-0.118,0.932,1.36,13.03,0.46,F
,1507091,0,0,186,-0.43,-0.115,0.914,1.21,13.21,0.02,
,1507111,0,0,186,-0.42,-0.116,0.918,1.60,12.83,0.10,F
,1507121,0,0,1871,-0.42,-0.116,0.925,1.67,12.75,0.16,
,1507131,0,0,1820,-0.43,-0.115,0.922,1.28,12.83,0.11,F
,1507151,0,0,187,-0.42,-0.110,0.926,1.87,12.86,0.74,
,1507171,0,0,187,-0.43,-0.109,0.926,1.30,12.52,0.95,F
,1507211,0,0,1761,-0.43,-0.116,0.928,1.48,12.77,1.26,F
,1507251,0,0,185,-0.43,-0.117,0.925,1.46,12.72,1.73,F
,1507261,0,0,1846,-0.43,-0.117,0.924,11.25,12.66,1.91,F
,1507271,0,0,1850,-0.44,-0.115,0.926,1.23,12.14,1.81,
,1507311,0,0,1903,-0.43,-0.119,0.922,1.50,11.70,1.33,F
,1507381,0,0,189,-0.43,-0.108,0.924,1.54,12.34,1.68,F
,1507391,0,0,182,-0.43,-0.112,0.906,1.68,12.36,1.59,F
,1507401,0,0,180,-0.43,-0.115,0.925,1.74,12.48,1.29,
,1507451,0,0,1853,-0.44,-0.117,0.924,1.21,12.51,0.87,
,1507501,0,0,1810,-0.44,-0.123,0.923,1.47,11.79,0.80,F
,150758,0,0,1840,-0.43,-0.111,0.927,974,13.45,0.14,F
,150759,0,0,1800,-0.44,-0.112,0.929,942,13.44,-0.13,
,150761,0,0,1910,-0.45,-0.114,0.931,995,13.27,0.13,F
,1507621,0,0,1868,-0.45,-0.122,0.924,1.21,12.80,0.36,F
,1507651,0,0,181,-0.44,-0.116,0.920,11.80,11.7,0.52,F
,1507661,0,0,1840,-0.44,-0.111,0.923,11.95,11.1,0.29,F
,1507711,0,0,182,-0.44,-0.117,0.921,1.78,13.24,0.86,F
,1507751,0,0,1925,-0.43,-0.114,0.917,11.98,14.5,0.66,F
,1507791,0,0,180,-0.43,-0.114,0.912,11.31,13.0,0.92,F
,1507861,0,0,1870,-0.44,-0.114,0.923,10.71,12.19,1.07,
,150793,0,0,1872,-0.44,-0.125,0.920,1.83,10.91,1.12,F
,150794,0,0,1869,-0.44,-0.122,0.913,12.33,11.7,0.66,F
,1507961,0,0,1829,-0.44,-0.124,0.913,12.12,12.45,0.58,F
,150804,0,0,1861,-0.44,-0.122,0.918,1.45,12.75,0.17,
,1508061,0,0,1854,-0.44,-0.116,0.924,1.91,12.68,-0.10,F
,1508071,0,0,1872,-0.44,-0.110,0.921,12.36,11.4,-0.29,F
,1508101,0,0,1840,-0.44,-0.115,0.928,1.82,12.20,0.16,F
,150812,0,0,1801,-0.44,-0.116,0.922,1.29,12.14,0.26,
,1508141,0,0,1866,-0.44,-0.119,0.920,12.09,11.2,0.25,F
,1508261,0,0,1857,-0.44,-0.124,0.919,12.41,11.6,1.00,F
,1508291,0,0,1844,-0.44,-0.121,0.922,13.14,11.2,0.62,F
,1508321,0,0,1879,-0.44,-0.115,0.917,12.20,12.8,0.71,F
,1508331,0,0,1885,-0.44,-0.112,0.920,11.31,13.18,0.33,
,150834,0,0,1812,-0.44,-0.116,0.918,10.58,13.2,0.42,F
,1508351,0,0,1883,-0.44,-0.114,0.923,10.30,13.10,0.46,F
,150838,0,0,1865,-0.45,-0.121,0.930,10.35,11.2,0.07,F
,1508421,0,0,1795,-0.45,-0.122,0.918,12.73,9.36,-0.39,F
,1508461,0,0,1897,-0.45,-0.111,0.903,11.77,10.95,0.08,F
,1508491,0,0,1883,-0.43,-0.117,0.911,11.16,11.3,0.72,F
,1508501,0,0,1867,-0.43,-0.113,0.910,10.79,12.7,0.10,F
,1508551,0,0,182,-0.444,-0.112,0.912,10.64,12.02,0.45,F
,1508561,0,0,1849,-0.44,-0.109,0.917,9.94,12.46,0.43,F
,1508571,0,0,183,-0.44,-0.108,0.914,9.81,12.6,0.78,F
,1508611,0,0,1873,-0.44,-0.123,0.924,10.35,12.89,1.12,F
,150862,0,0,1792,-0.44,-0.126,0.914,10.87,12.55,1.44,F
,150863,0,0,1866,-0.45,-0.124,0.927,11.13,12.8,1.26,F
,150864,0,0,1903,-0.45,-0.124,0.911,10.84,11.59,1.01,F
,150866,0,0,1872,-0.44,-0.128,0.915,10.47,11.47,0.40,F
,1508801,0,0,1882,-0.44,-0.125,0.919,11.51,12.8,-0.29,F
,150882,0,0,1863,-0.45,-0.122,0.923,11.11,11.7,0.17,F
,150884,0,0,1755,-0.44,-0.119,0.911,11.92,11.82,0.28,F
,150885,0,0,1852,-0.44,-0.118,0.916,12.23,12.3,0.42,F
,1508861,0,0,1840,-0.45,-0.116,0.903,12.09,12.29,0.58,
,1508901,0,0,1845,-0.45,-0.116,0.913,9.25,12.81,0.52,F
,150892,0,0,1823,-0.46,-0.121,0.917,9.16,12.23,0.52,F
,150894,0,0,1822,-0.45,-0.126,0.923,10.76,12.75,1.13,F
,1509061,0,0,1764,-0.46,-0.135,0.919,10.78,11.84,0.46,F
,150908,0,0,1893,-0.46,-0.134,0.908,11.83,11.96,0.63,F
,1509091,0,0,182,-0.46,-0.136,0.910,12.36,11.97,1.07,
,1509121,0,0,182,-0.45,-0.127,0.925,13.34,12.62,1.41,
,1509131,0,0,189,-0.44,-0.124,0.913,13.31,12.74,1.23,F
,150934,0,0,1815,-0.44,-0.130,0.911,11.98,12.81,0.19,
,150939,0,0,188,-0.45,-0.126,0.908,1.98,11.85,-0.22,F
,1509401,0,0,180,-0.45,-0.122,0.918,1.49,11.0,-0.30,F
,1509441,0,0,183,-0.452,-0.128,0.921,11.45,10.66,0.13,F
,1509451,0,0,1803,-0.45,-0.129,0.909,11.91,10.66,0.39,F
,1509531,0,0,187,-0.450,-0.125,0.903,11.95,11.35,0.20,
,150954,0,0,1872,-0.44,-0.125,0.901,1.58,12.33,0.58,
,1509581,0,0,187,-0.456,-0.127,0.908,10.67,12.57,0.43,F
,1509621,0,0,183,-0.453,-0.127,0.910,11.71,12.68,1.44,F
,1509631,0,0,180,-0.45,-0.122,0.913,11.69,12.48,1.12,F
,150968,0,0,183,-0.45,-0.133,0.909,11.02,11.49,0.62,
,150975,0,0,1842,-0.45,-0.129,0.922,1.16,11.87,0.36,F
,1509791,0,0,1894,-0.46,-0.125,0.907,1.65,11.20,-0.38,F
,150982,0,0,1867,-0.45,-0.130,0.915,11.55,10.6,0.37,F
,1509841,0,0,173,-0.453,-0.127,0.910,12.68,10.89,0.78,
,1509891,0,0,1872,-0.45,-0.124,0.907,1.52,11.50,0.23,F
,1509931,0,0,188,-0.45,-0.130,0.908,1.24,11.73,0.10,F
,150994,0,0,180,-0.461,-0.128,0.926,10.36,11.24,0.49,
,150998,0,0,181,-0.457,-0.124,0.917,14.12,10.81,1.71,F
,1510011,0,0,1867,-0.44,-0.123,0.904,1.49,9.94,1.36,F
,151007,0,0,181,-0.45,-0.123,0.911,986,12.39,0.81,F
,1510081,0,0,1885,-0.45,-0.123,0.924,1.12,12.36,1.06,F
,1510111,0,0,1807,-0.45,-0.127,0.914,11.49,11.5,1.20,F
,1510131,0,0,1854,-0.46,-0.128,0.912,1.55,11.18,1.65,F
,1510151,0,0,1870,-0.45,-0.136,0.917,1.97,11.04,1.21,F
,151019,0,0,171,-0.44,-0.136,0.907,12.75,11.0,1.18,F
,151020,0,0,180,-0.44,-0.135,0.912,12.73,12.1,1.32,F
,1510231,0,0,185,-0.450,-0.125,0.919,12.09,12.22,0.37,F
,1510291,0,0,183,-0.448,-0.127,0.916,13.31,12.83,0.84,F
,151030,0,0,177,-0.45,-0.123,0.920,1.19,13.26,0.91,F
,1510311,0,0,1791,-0.45,-0.122,0.926,1.23,13.53,0.94,
,1510331,0,0,185,-0.45,-0.119,0.914,12.52,11.3,0.97,F
,1510421,0,0,1837,-0.45,-0.123,0.910,13.02,11.62,1.85,F
,1510441,0,0,1791,-0.45,-0.126,0.908,13.04,12.63,2.04,F
,1510451,0,0,1826,-0.45,-0.122,0.896,12.91,12.2,2.07,F
,1510481,0,0,181,-0.44,-0.123,0.907,11.86,14.2,1.70,F
,1510511,0,0,1823,-0.45,-0.122,0.919,10.23,15.09,0.89,F
,151052,0,0,188,-0.45,-0.124,0.925,9.91,14.8,0.62,F
,151056,0,0,180,-0.460,-0.132,0.927,1.26,12.29,-0.39,F
,151062,0,0,185,-0.469,-0.126,0.907,1.65,9.91,0.36,F
,1510631,0,0,171,-0.46,-0.126,0.916,12.68,10.22,0.11,
,1510651,0,0,187,-0.46,-0.124,0.901,12.47,10.02,0.00,F
,151073,0,0,173,-0.459,-0.118,0.906,10.55,12.4,0.51,F
,151075,0,0,187,-0.457,-0.122,0.905,10.20,12.9,0.74,F
,1510761,0,0,186,-0.45,-0.124,0.912,10.44,12.28,0.95,F
,1510771,0,0,183,-0.46,-0.122,0.910,10.03,12.08,1.01,F
,151080,0,0,181,-0.455,-0.123,0.910,10.50,11.4,0.92,F
,1510821,0,0,1816,-0.46,-0.123,0.916,11.07,11.85,1.47,F
,1510851,0,0,1775,-0.46,-0.123,0.929,10.24,12.4,2.37,F
,151087,0,0,176,-0.456,-0.125,0.925,9.45,11.9,2.92,F
,1510921,0,0,179,-0.44,-0.130,0.929,9.95,7.96,1.47,F
,1510941,0,0,1738,-0.45,-0.139,0.932,9.28,6.48,1.78,F
,1510981,0,0,1792,-0.45,-0.136,0.939,12.06,6.83,2.29,F
,1510991,0,0,1693,-0.45,-0.130,0.941,11.86,6.23,2.05,F
,1511001,0,0,1765,-0.46,-0.135,0.942,1.91,5.36,2.19,F
,1511021,0,0,1751,-0.46,-0.139,0.945,12.90,1.6,1.81,F
,1511111,0,0,1755,-0.43,-0.151,0.916,20.79,3.5,-2.76,F
,1511141,0,0,172,-0.42,-0.134,0.905,18.07,7.87,-4.27,
,151119,0,0,1808,-0.42,-0.072,0.921,16.20,9.09,-3.46,F
,1511261,0,0,177,-0.43,-0.036,0.916,12.90,2.74,6.71,F
,1511341,0,0,1825,-0.42,0.103,0.766,-7.10,-1.26,18.34,
,1511361,0,0,188,-0.430,0.080,.778,-2.84,0.58,23.50,F
,1511381,0,0,184,-0.425,0.004,.802,-31.45,14.54,32.26,F
,151139,0,0,1850,-0.43,-0.024,0.815,-33.06,21.97,36.65,F
,1511401,0,0,183,-0.43,-0.063,0.835,-32.19,29.23,40.29,F
,1511421,0,0,1858,-0.43,-0.122,0.880,-28.81,38.95,43.4,F
,151143,0,0,1850,-0.45,-0.155,0.888,-29.25,40.81,42.4,F
,1511451,0,0,1838,-0.47,-0.203,0.930,-31.22,39.03,38.58,F
,1511461,0,0,170,-0.47,-0.246,0.943,-30.22,3610,39.17,F
,1511481,0,0,185,-0.486,-0.241,0.961,-25.82,3419,40.83,F
,151150,0,0,1859,-0.47,-0.292,0.979,-18.57,34.14,37.76,F
,1511601,0,0,171,-0.44,-0.280,0.940,1.75,19.09,12.25,
,1511641,0,0,1840,-0.39,-0.305,0.941,19.98,17.38,6.37,
,151165,0,0,1856,-0.40,-0.290,0.923,27.04,16.77,3.58,F
,151172,0,0,1903,-0.51,-0.179,0.903,28.30,10.20,-8.38,F
,1511801,0,0,193,-0.50,-0.170,0.879,46.07,10.37,-3.03,F
,151187,0,0,182,-0.52,-0.112,0.871,39.94,5.96,-5.23,
,1511921,0,0,1792,-0.48,-0.058,0.879,50.99,17.21,-0.10,F
,1511931,0,0,1897,-0.50,-0.029,0.887,51.22,18.80,-0.44,F
,1511951,0,0,177,-0.513,0.002,.863,46.38,17.53,-0.48,F
,151196,0,0,1878,-0.51,0.034,0.864,42.30,15.74,-0.06,
,1511981,0,0,180,-0.499,0.046,.885,3116,10.54,-0.32,F
,1512021,0,0,1868,-0.46,0.039,0.934,4876,32.52,10.39,
,1512031,0,0,182,-0.48,0.047,0.931,55.83,34.54,12.45,
,1512051,0,0,180,-0.509,0.104,.888,46.59,27.2,11.64,F
,1512071,0,0,1875,-0.53,0.151,.857,2798,15.8,9.64,F
,1512101,0,0,194,-0.55,0.125,0.856,-002,3.84,5.03,F
,1512111,0,0,1862,-0.53,0.102,0.864,-4.51,0.23,5.06,F
,1512121,0,0,188,-0.53,0.073,0.845,-7.56,-2.97,4.54,F
,1512131,0,0,1863,-0.51,0.052,.844,-892,-3.11,5.38,F
,151214,0,0,197,-0.51,0.041,0.851,-8.23,-0.62,6.58,F
,1512161,0,0,187,-0.506,0.007,.866,-0.22,13.4,10.07,F
,1512181,0,0,195,-0.51,-0.012,0.883,8.45,25.71,15.10,
,1512211,0,0,1936,-0.52,-0.013,0.875,7.49,31.67,16.66,F
,1512221,0,0,182,-0.532,-0.016,0.900,3.43,29.50,15.41,
,1512301,0,0,195,-0.540,-0.013,0.923,13.83,10.98,1.97,
,1512351,0,0,183,-0.54,0.006,0.920,11.75,6.40,-0.48,F
,1512361,0,0,1808,-0.53,-0.000,0.925,1.95,5.67,-0.54,F
,1512411,0,0,1919,-0.48,0.004,0.880,2310,6.23,0.69,F
,1512421,0,0,1931,-0.48,0.021,0.875,23.33,5.67,-0.91,F
,1512431,0,0,187,-0.485,0.036,.854,20.91,4.77,-2.56,F
,1512461,0,0,1761,-0.481,0.018,.857,1467,5.29,-1.26,F
,1512481,0,0,194,-0.477,0.013,0.860,15.78,12.45,0.17,F
,1512491,0,0,181,-0.482,0.022,.855,17.25,15.5,0.22,F
,1512521,0,0,181,-0.524,0.046,.866,10.65,15.3,-2.74,F
,151255,0,0,194,-0.51,0.012,0.904,6.1,12.86,0.42,F
,1512601,0,0,1877,-0.497,0.016,.897,14.88,15.7,0.49,F
,1512631,0,0,182,-0.515,0.018,.893,11.86,9.67,-2.50,F
,1512641,0,0,1902,-0.52,0.021,.893,10.97,9.38,-3.13,F
,1512651,0,0,183,-0.533,0.020,.893,10.01,9.42,-3.49,F
,1512661,0,0,195,-0.537,0.013,.897,9.83,9.50,-2.99,F
,151269,0,0,1889,-0.52,0.013,.893,11.57,12.42,1.12,F
,1512701,0,0,181,-0.52,0.013,0.897,13.23,13.16,1.32,F
,151272,0,0,186,-0.52,0.013,0.899,1366,13.53,1.17,F
,1512731,0,0,194,-0.524,0.021,.885,13.17,12.25,0.78,F
,151274,0,0,1866,-0.51,0.020,.889,12.15,11.1,0.89,F
,151275,0,0,1899,-0.51,0.024,0.891,1195,8.40,0.71,F
,151276,0,0,1904,-0.50,0.030,0.879,12.18,6.75,0.68,F
,1512821,0,0,197,-0.49,-0.014,0.868,1.22,13.9,4.11,F
,1512831,0,0,183,-0.49,-0.012,0.860,16.18,16.5,3.94,F
,151285,0,0,195,-0.50,0.006,0.867,1432,19.09,2.11,F
,1512861,0,0,1794,-0.51,0.006,.884,12.24,18.1,0.87,F
,151288,0,0,187,-0.523,0.005,.896,7.94,15.35,-0.48,F
,151291,0,0,183,-0.522,0.004,.900,12.44,12.3,0.33,F
,1512931,0,0,1872,-0.53,0.010,0.906,1667,9.52,0.51,F
,151296,0,0,185,-0.525,0.026,.863,17.55,10.60,2.40,F
,1512981,0,0,1871,-0.519,0.026,.863,14.52,12.5,2.57,F
,151301,0,0,196,-0.523,0.027,.874,8.90,15.26,1.90,F
,151304,0,0,180,-0.529,0.017,.893,8.81,13.99,2.33,F
,1513051,0,0,1871,-0.53,0.011,.903,10.71,13.38,2.62,F
,1513061,0,0,1813,-0.52,0.011,0.903,1284,13.91,3.32,F
,1513091,0,0,1892,-0.52,0.032,0.892,1603,13.47,3.62,F
,1513111,0,0,186,-0.530,0.045,0.873,1314,9.96,2.10,F
,1513121,0,0,1856,-0.52,0.036,0.878,1045,9.15,1.53,F
,151313,0,0,181,-0.533,0.023,.889,8.73,9.38,1.03,F
,1513181,0,0,1883,-0.540,0.023,.889,9.26,11.06,2.72,F
,151320,0,0,187,-0.529,0.023,.903,11.58,9.96,3.56,F
,1513221,0,0,190,-0.506,0.011,.902,13.57,8.71,4.22,F
,1513231,0,0,182,-0.51,0.021,0.888,1468,9.53,4.46,F
,1513271,0,0,181,-0.50,0.023,0.866,1386,9.30,2.60,F
,1513381,0,0,1826,-0.52,0.013,0.900,12.41,11.9,1.97,F
,1513401,0,0,1904,-0.51,0.010,.901,14.27,12.29,1.87,F
,1513411,0,0,180,-0.51,0.011,0.895,1456,12.5,1.18,F
,1513431,0,0,1840,-0.50,0.021,0.887,1545,11.64,0.46,F
,1513441,0,0,188,-0.509,0.035,.878,14.70,11.15,-0.80,F
,151345,0,0,183,-0.511,0.042,.884,12.78,8.37,-2.32,F
,1513481,0,0,1886,-0.51,0.041,.879,10.01,7.53,-2.15,F
,1513491,0,0,1877,-0.51,0.035,.885,10.91,8.54,-1.26,F
,151350,0,0,180,-0.518,0.029,.889,11.91,10.31,0.36,F
,1513511,0,0,1809,-0.51,0.021,.887,13.37,12.43,1.10,F
,1513521,0,0,1843,-0.523,0.029,.886,15.66,14.14,2.42,F
,1513551,0,0,1749,-0.52,0.057,0.872,1215,10.69,0.26,F
,151357,0,0,187,-0.515,0.031,.883,7.7,6.84,0.36,F
,151358,0,0,180,-0.508,0.022,.866,8.62,8.05,0.77,F
,1513591,0,0,179,-0.500,0.020,.873,10.79,10.69,1.03,F
,151360,0,0,182,-0.49,0.020,.873,12.84,13.7,1.27,F
,151361,0,0,183,-0.511,0.016,.873,13.86,16.13,1.78,F
,151362,0,0,181,-0.523,0.025,.878,13.89,17.33,2.78,F
,1513631,0,0,1851,-0.51,0.025,0.881,1265,17.85,3.07,F
,151365,0,0,185,-0.513,0.018,0.886,10.24,15.13,1.67,F
,1513681,0,0,1851,-0.52,0.016,0.911,10.68,11.03,-1.23,F
,151370,0,0,181,-0.541,0.035,.908,9.33,9.78,-1.38,F
,1513711,0,0,185,-0.54,0.035,0.914,8.32,7.78,-1.34,F
,151373,0,0,185,-0.544,0.014,.919,8.33,5.97,0.33,F
,1513781,0,0,181,-0.48,0.013,0.861,21.29,8.02,3.50,F
,1513791,0,0,186,-0.481,0.028,0.847,2027,9.33,3.10,F
,1513801,0,0,185,-0.48,0.036,0.849,17.62,11.35,1.88,F
,1513811,0,0,188,-0.485,0.032,.854,14.13,11.64,0.72,F
,1513821,0,0,1777,-0.49,0.033,0.840,1079,12.51,-0.16,F
,1513841,0,0,1833,-0.51,0.027,.869,8.93,13.74,-0.27,F
,1513851,0,0,179,-0.504,0.026,0.880,9.78,13.97,-0.12,F
,1513861,0,0,1844,-0.50,0.028,0.881,11.49,14.6,1.00,F
,1513881,0,0,1887,-0.51,0.030,0.886,15.43,14.46,1.07,F
,151390,0,0,185,-0.524,0.043,.894,16.36,14.89,0.54,F
,1513921,0,0,188,-0.540,0.053,.896,1300,13.53,0.34,F
,1513951,0,0,189,-0.522,0.043,.905,9.72,10.42,0.97,F
,1513961,0,0,177,-0.516,0.028,0.902,10.64,9.39,0.80,F
,1513991,0,0,1861,-0.51,0.029,0.889,13.66,8.54,-0.06,F
,1514011,0,0,1831,-0.51,0.039,0.889,14.58,9.73,0.28,F
,1514021,0,0,1850,-0.51,0.038,.884,13.94,10.48,-0.12,F
,1514041,0,0,186,-0.521,0.043,.882,11.42,10.14,-0.41,F
,1514051,0,0,188,-0.519,0.039,.886,11.36,9.27,0.08,F
,1514071,0,0,1868,-0.50,0.027,0.876,1342,9.59,0.34,F
,1514081,0,0,1858,-0.49,0.024,0.872,14.35,9.21,0.54,F
,151412,0,0,188,-0.503,0.039,.855,15.39,14.62,0.22,F
,1514141,0,0,175,-0.525,0.041,.860,10.58,13.99,-0.39,
,1514171,0,0,1842,-0.48,0.023,0.862,12.20,11.87,2.36,F
,1514191,0,0,1817,-0.41,0.012,0.855,18.50,12.51,4.55,F
,1514211,0,0,182,-0.37,-0.023,0.838,26.91,20.3,6.87,F
,1514261,0,0,187,-0.552,0.034,.867,14.13,37.87,-7.38,
,1514271,0,0,1872,-0.585,0.045,.892,6.1,34.05,-10.39,F
,1514281,0,0,1775,-0.60,0.050,0.918,-0.52,26.8,-12.62,F
,1514361,0,0,1855,-0.57,0.004,0.886,38.84,15.74,-9.06,F
,1514421,0,0,177,-0.57,-0.184,1.063,14.38,21.7,-18.73,F
,151444,0,0,1861,-0.55,-0.171,1.086,29.29,31.5,-24.39,F
,1514451,0,0,1821,-0.58,-0.207,1.122,36.32,24.7,-30.54,F
,1514461,0,0,1865,-0.58,-0.174,1.088,43.37,17.29,-34.15,F
,1514501,0,0,1833,-0.52,-0.131,0.949,67.40,-25.43,-49.81,F
,1514521,0,0,188,-0.543,-0.081,0.903,78.50,-41.71,-59.58,F
,1514531,0,0,174,-0.57,-0.071,0.886,81.62,-47.46,-65.6,F
,151456,0,0,1872,-0.63,-0.057,0.872,73.42,-55.19,-79.34,F
,151462,0,0,1952,-0.76,-0.039,1.084,65.17,-72.01,-96.33,F
,1514671,0,0,2405,-0.75,-0.131,1.157,107.05,-111.84,-112.10,F
,151470,0,0,4095,-0.63,-0.192,1.072,143.07,-118.33,-124.25,F
,151473,0,0,1600,-0.52,-0.194,0.962,138.55,-122.07,-130.06,F
,1514751,0,0,405,-0.46,-0.162,0.900,126.96,-18.50,-132.70,F
,151478,0,0,1232,-0.39,-0.184,0.815,101.74,-108.85,-147.14,F
,1514801,0,0,1289,-0.35,-0.195,0.785,91.46,-11.50,-158.22,F
,1514811,0,0,134,-0.30,-0.213,0.706,88.16,-111.19,-164.58,F
,1514821,0,0,124,-0.33,-0.207,0.675,89.46,-112.91,-17.54,F
,1514871,0,0,134,-0.26,0.047,0.461,108.32,-92.35,-18047,F
,1514881,0,0,149,-0.326,0.175,.251,86.56,-90.6,-179.49,F
,1514891,0,0,165,-0.258,0.116,.428,9450,-86.55,-181.6,F
,1514911,0,0,133,-0.381,0.258,.441,7710,-119.77,-176.77,F
,1514921,0,0,154,-0.296,0.256,.497,110.24,-10.75,-182.22,F
,1514931,0,0,1642,-0.361,0.310,.216,9232,-126.73,-17073,F
,1514941,0,0,164,-0.251,0.517,.440,10.46,-89.22,-171.57,F
,1514961,0,0,186,-0.127,0.675,0.492,36.04,-69.87,-171.54,F
,151497,0,0,1632,-0.18,0.793,0.509,-9.21,-38.99,-169.67,F
,1515001,0,0,143,-0.414,0.735,.677,-12.89,20.03,-133.98,F
,151502,0,0,1596,-0.35,0.582,.745,-11.53,17.21,-121.19,F
,1515031,0,0,162,-0.45,0.615,0.924,-156.06,-0.58,-11809,F
,1515041,0,0,183,-0.365,0.509,.887,-153.47,-13.54,-119.23,F
,1515061,0,0,185,-0.269,0.488,.864,-10.90,-20.50,-117.13,F
,151508,0,0,1766,-0.26,0.563,.857,-129.82,6.0,-106.99,F
,151509,0,0,1855,-0.32,0.561,.829,-134.38,3164,-98.47,F
,1515101,0,0,1727,-0.39,0.549,0.887,-139.18,50.28,-86.88,F
,1515131,0,0,171,-0.404,0.402,.094,-133.29,7220,-44.12,F
,1515141,0,0,175,-0.42,0.355,1.142,-123.61,64.17,-35.42,F
,151515,0,0,1823,-0.431,0.316,.194,-107.48,48.65,-27.35,F
,1515161,0,0,1791,-0.410,0.298,.223,-98.51,37.87,-21.95,F
,1515211,0,0,173,-0.330,0.118,1.359,-112.38,11.20,-13.1,F
,151526,0,0,1872,-0.13,-0.100,1.292,-23.41,-6.00,-14.79,F
,1515271,0,0,185,-0.09,-0.069,1.202,-17.70,-4.59,-23.37,F
,151528,0,0,1899,-0.08,-0.065,1.117,-17.32,-468,-27.09,F
,151530,0,0,1891,-0.01,-0.075,1.006,-27.87,-516,-27.13,F
,1515321,0,0,1968,0.024,-0.072,.886,-5.03,17.67,-17.55,F
,1515361,0,0,1773,-0.14,-0.260,0.942,-92.16,80.69,-16.8,F
,151537,0,0,1723,-0.25,-0.315,1.002,-85.59,75.00,-14.5,F
,1515391,0,0,192,-0.28,-0.418,1.035,-47.55,54.28,-7.38,F
,151541,0,0,1855,-0.23,-0.387,0.942,-22.55,33.82,-4.5,F
,1515421,0,0,184,-0.20,-0.367,0.915,-26.52,28.62,-9.29,F
,151546,0,0,1827,-0.17,-0.480,0.845,-66.63,32.81,-23.57,F
,1515471,0,0,1872,-0.14,-0.500,0.856,-72.42,43.50,-30.3,F
,151549,0,0,1803,-0.06,-0.560,0.767,-8.80,71.49,-46.61,F
,151551,0,0,171,-0.08,-0.557,0.712,-59.79,104.25,-5499,F
,151556,0,0,1891,-0.36,-0.639,0.862,-3.04,114.58,-30.27,F
,1515671,0,0,1870,-0.33,-0.566,0.774,23.98,44.77,-22.7,F
,1515721,0,0,1936,-0.34,-0.673,0.970,2.13,31.61,-12.3,F
,1515761,38,0,133,-0.221,-0.62,0.779,20.62,4468,-4.64,F
,151577,464,0,970,-0.265,-0.67,0.863,9.84,3526,-6.77,F
,1515811,1072,0,1980,-0276,-0.567,0.720,6.85,13.85,0.9,F
,1515851,1229,0,1535,-0.297,-0.02,0.875,17.42,6.57,-0.35,F
,151592,1289,0,1893,-0399,-0.676,0.88,122.39,90.19,13.67,F
,1515951,1319,0,1647,-0463,-0.618,0.818,125.36,103.90,30.40,F
,1515961,975,0,1865,-0.42,-0.60,0.855,133.98,109.64,3.16,F
,151597,784,0,849,-0.408,-0.60,0.869,152.91,24.45,32.72,F
,1516001,368,0,818,-0.350,-0.57,0.709,197.46,88.33,43.96,F
,1516011,247,0,1830,-0.44,-0.448,0.665,208.10,210.51,5.65,F
,1516031,182,0,1890,-0.77,-0.395,0.652,231.26,255.35,76.72,F
,151604,144,0,899,-0.332,-0.36,0.657,243.42,77.39,74.14,F
,1516071,115,0,716,-0.561,-0.01,0.429,245.11,307.42,8.26,F
,1516121,0,0,1829,-0.81,0.169,0.372,117.25,212.69,114.10,F
,1516141,0,0,1990,-0.69,0.022,0.449,14.41,220.22,80.1,F
,1516151,5,0,1703,-0.67,0.125,0.274,15.94,24145,57.44,F
,151616,0,0,155,-0.791,0.334,.101,155.20,24625,41.73,F
,1516191,0,0,168,-1.141,0.480,.180,30.41,64.4,-1.38,F
,151631,0,0,186,-0.926,0.242,.345,8.24,-3.89,-15.43,
,151632,0,0,176,-0.935,0.215,.303,10.97,-2.8,-13.66,F
,1516341,0,0,1902,-0.96,0.260,0.236,1519,11.97,-8.70,
,151637,0,0,183,-0.964,0.281,.294,3.42,16.11,-10.10,F
,1516381,0,0,194,-0.993,0.272,.251,-2.05,17.0,-7.40,F
,1516411,0,0,190,-1.03,0.260,0.332,-842,-1.31,-3.35,
,151642,0,0,143,-1.02,0.233,0.356,-4.93,-7.1,-2.68,F
,151643,0,0,170,-1.013,0.217,.329,-2.67,-11.69,-1.92,F
,151644,0,0,180,-1.018,0.219,.355,0.47,-14.3,0.69,F
,1516451,0,0,1837,-1.00,0.182,0.325,3.80,-12.30,2.63,F
,151647,0,0,181,-0.997,0.212,.338,5.87,-1.69,7.42,F
,151649,0,0,189,-0.996,0.194,.356,9.84,5.67,15.00,F
,1516521,0,0,1560,-0.94,0.181,0.340,29.60,8.78,9.82,F
,1516561,0,0,151,-0.903,0.224,0.319,0.38,9.00,18.04,F
,151657,0,0,200,-0.865,0.164,.369,-5.01,9.09,15.61,F
,151664,0,0,185,-0.925,0.208,.293,11.54,14.17,7.32,F
,151665,0,0,179,-0.959,0.209,0.312,14.61,11.16,12.83,
,1516661,0,0,2005,-0.96,0.219,0.307,8.68,8.39,22.65,F
,1516711,0,0,171,-1.019,0.187,.252,12.18,64.60,84.31,F
,1516751,0,0,2027,-1.20,0.307,0.259,63.55,90.0,117.01,F
,1516811,0,0,198,-1.024,0.223,.293,76.24,39.03,126.07,F
,1516831,0,0,1402,-0.97,0.381,0.119,13.33,68.72,115.2,F
,1516841,0,0,151,-0.925,0.467,0.047,13.02,86.51,101.7,F
,151685,0,0,208,-0.919,0.505,.012,130.27,94.43,88.02,F
,1516861,0,0,1686,-0.94,0.513,-0.001,117.37,8880,86.0,F
,1516881,0,0,207,-0.874,0.522,0.046,93.05,64.71,105.49,F
,1516901,0,0,169,-0.785,0.580,-0.068,5.32,66.08,118.34,F
,1516911,0,0,1799,-0.79,0.580,0.025,50.20,75.67,122.22,F
,1516941,0,0,2070,-0.79,0.742,-0.094,36.71,89.6,112.9,F
,1516951,0,0,1821,-0.80,0.735,-0.093,27.11,94.60,107.9,F
,151696,0,0,163,-0.807,0.718,0.055,24.21,86.07,103.61,F
,1516981,0,0,1759,-0.87,0.718,-0.057,9.31,55.87,96.98,
,1517021,0,0,185,-0.467,0.723,.279,-21.07,52.83,89.32,F
,1517031,0,0,191,-0.591,0.750,-0.034,-4.03,34.00,79.03,F
,1517051,0,0,1776,-0.61,0.721,0.012,-37.70,1921,70.2,F
,1517061,0,0,150,-0.633,0.760,0.011,-29.04,1545,77.9,F
,1517071,0,0,1646,-0.59,0.781,-0.024,-20.77,1674,81.9,F
,1517081,0,0,184,-0.52,0.740,-0.008,-18.54,19.68,79.35,F
,1517141,0,0,196,-0.52,0.929,-0.137,-30.00,3095,72.2,F
,1517151,0,0,1918,-0.50,0.939,-0.130,-50.45,19.45,64.6,F
,1517191,0,0,2004,-0.40,0.844,0.012,-8.02,-25.13,35.68,F
,151721,0,0,181,-0.428,0.869,0.070,-8.39,-15.49,34.7,F
,1517221,0,0,1604,-0.45,0.900,0.148,-9.81,-17.92,36.07,F
,151723,0,0,1456,-0.43,0.924,0.166,-106.84,-3.53,33.5,F
,151724,0,0,165,-0.427,0.885,0.220,-118.51,-55.19,28.33,F
,151727,0,0,155,-0.123,0.640,.433,-139.76,-114.88,-13.86,F
,151728,0,0,208,-0.148,0.588,.454,-19.68,-116.55,-28.42,F
,1517341,0,0,1936,-0.23,0.589,0.524,-61.82,-7667,-7.1,F
,1517351,0,0,193,-0.174,0.567,.515,-51.16,-7303,-12.8,F
,151737,0,0,1968,-0.214,0.569,0.528,-33.85,-50.53,-29.02,F
,151740,0,0,1472,-0.49,0.741,.431,-56.98,-48.58,-23.63,F
,1517411,0,0,1757,-0.47,0.777,0.402,-76.83,-64.16,-22.70,F
,1517421,0,0,183,-0.37,0.685,.461,-95.35,-84.15,-28.00,F
,1517461,0,0,176,-0.370,0.561,0.621,-6.25,-66.03,-46.58,F
,151747,0,0,2098,-0.41,0.593,.634,-51.88,-37.66,-37.67,F
,151750,0,0,1401,-0.41,0.599,.607,-43.61,1.4,-9.63,
,151752,0,0,1910,-0.506,0.636,.563,-69.09,4.66,-21.49,F
,1517531,0,0,207,-0.516,0.584,0.546,-8.42,-2.64,-19.71,F
,1517551,0,0,2045,-0.36,0.472,0.577,-111.35,-3.42,-2441,F
,1517591,0,0,1951,-0.37,0.329,0.795,-124.72,-4.54,-4506,F
,1517601,0,0,1781,-0.40,0.275,.811,-102.60,-35.81,-46.99,F
,1517611,0,0,1696,-0.51,0.282,.847,-82.55,-18.35,-40.16,F
,1517621,0,0,1621,-0.51,0.249,.890,-64.87,0.08,-28.15,a5
,151763,0,0,2090,-0.57,0.324,.833,-49.90,17.32,-14.91,F
,1517641,0,0,1472,-0.57,0.383,0.860,-49.65,28.40,-6.53,F
,1517671,0,0,1993,-0.47,0.350,.851,-36.40,30.49,-18.22,F
,1517701,0,0,187,-0.457,0.345,0.820,-14.19,22.7,-21.60,F
,1517731,0,0,202,-0.46,0.422,0.781,-7.44,51.7,-9.51,
,1517751,0,0,189,-0.471,0.404,0.803,-2.80,55.82,-12.73,F
,1517761,0,0,1823,-0.51,0.386,.813,-36.02,48.14,-12.94,F
,1517771,0,0,191,-0.543,0.337,0.950,-3.46,31.53,-15.4,F
,1517791,0,0,1600,-0.72,0.340,1.182,5.8,6.13,-0.06,F
,1517801,0,0,1826,-0.66,0.529,.229,1360,0.74,8.58,F
,1517821,0,0,1871,-0.54,0.599,1.214,1974,-3.6,-2.24,
,1517841,0,0,2137,-0.55,0.549,.216,2239,-5.11,-8.19,
,151785,0,0,1465,-0.55,0.556,.208,29.46,-5.92,-4.65,F
,1517871,0,0,2012,-0.59,0.544,.052,44.20,1.00,-1.38,F
,151788,0,0,1588,-0.637,0.566,0.939,33.86,1.21,1.65,F
,1517911,0,0,173,-0.60,0.483,0.759,-15.79,-23.22,26.6,F
,151792,0,0,1708,-0.51,0.427,0.736,-2.58,-30.00,24.16,F
,151793,0,0,1951,-0.43,0.369,.746,-21.04,-35.06,18.10,F
,1517941,0,0,1888,-0.44,0.356,0.771,-1.05,-3868,19.2,F
,151795,0,0,162,-0.466,0.358,0.755,-14.43,-3764,25.8,F
,1517981,0,0,1818,-0.34,0.356,0.724,-6.55,-9.11,21.97,F
,151799,0,0,1635,-0.40,0.414,0.712,-25.79,-5.37,22.72,a5
,151807,0,0,2015,-0.37,0.298,.872,7.83,-5.32,25.24,F
,1518081,0,0,189,-0.308,0.280,0.900,26.96,3.00,28.02,F
,1518091,0,0,183,-0.244,0.319,0.906,32.23,10.1,23.93,
,1518101,0,0,197,-0.28,0.394,0.879,28.27,17.53,18.31,F
,1518181,0,0,199,-0.38,0.399,.960,-24.34,7.91,40.42,F
,151819,0,0,1600,-0.34,0.322,1.005,-15.19,8.77,44.63,F
,1518231,0,0,191,-0.27,0.355,.069,26.58,34.65,30.95,F
,151824,0,0,180,-0.374,0.431,1.011,25.11,36.65,29.53,F
,151825,0,0,1776,-0.36,0.437,1.044,1810,30.55,31.27,F
,1518261,0,0,178,-0.33,0.424,.079,10.96,20.05,26.19,F
,1518271,0,0,2034,-0.34,0.453,1.031,1.29,9.52,23.93,F
,1518321,0,0,175,-0.31,0.412,1.020,-3.79,-11.25,36.9,F
,151833,0,0,168,-0.281,0.375,1.037,-31.21,-7.49,34.72,F
,1518381,0,0,186,-0.253,0.347,0.880,4.41,2.84,0.94,F
,1518391,0,0,163,-0.22,0.362,.818,9.57,2.31,39.50,F
,151840,0,0,2223,-0.18,0.363,0.780,12.53,3.35,38.13,F
,1518411,0,0,183,-0.211,0.382,0.767,2.85,3.58,36.36,F
,151842,0,0,1490,-0.21,0.430,0.681,0.8,5.42,38.33,F
,1518481,0,0,189,-0.21,0.279,0.668,-3.29,-2.55,14.98,F
,1518511,0,0,1787,-0.34,0.271,0.805,-53.22,-0.12,6.20,F
,151855,0,0,1727,-0.38,0.261,0.900,-3.49,3.00,30.07,F
,1518641,0,0,1680,-0.22,0.046,1.154,-3.99,43.42,10.74,a5
,151867,0,0,1968,-0.23,-0.029,1.182,-25.39,39.84,-1.8,F
,1518691,0,0,197,-0.243,-0.057,1.226,-29.85,3634,-5.8,F
,151872,0,0,172,-0.283,-0.082,1.230,-11.58,40.84,-15.26,F
,1518761,0,0,2043,-0.29,-0.030,1.034,-3.32,44.62,-33.09,F
,151877,0,0,1997,-0.22,-0.041,1.010,-3.88,47.74,-40.35,F
,1518801,0,0,190,-0.21,-0.094,0.858,-4.51,39.93,-41.74,F
,151881,0,0,1907,-0.267,-0.130,0.671,-41.62,21.85,-32.3,F
,151886,0,0,165,-0.154,0.028,0.736,-13.10,91.10,-56.03,F
,151887,0,0,2070,-0.17,0.079,0.751,-46.54,87.71,-59.96,F
,151888,0,0,165,-0.095,-0.064,0.712,-54.38,87.70,-59.4,F
,1519011,0,0,194,-0.65,-0.067,0.833,-73.79,124.00,-5906,F
,1519031,0,0,167,-0.68,-0.091,0.791,-78.13,11.20,-4064,F
,1519041,0,0,182,-0.63,-0.099,0.884,-75.09,92.11,-33.3,F
,151905,0,0,179,-0.68,-0.164,0.890,-74.14,87.99,-24.5,F
,1519061,0,0,1755,-0.650,-0.184,0.747,-60.17,96.54,-19.08,F
,1519081,0,0,179,-0.66,-0.137,0.620,-8.11,107.07,-11.57,F
,1519121,0,0,173,-0.78,-0.243,0.691,-7.32,90.02,-34.15,F
,151915,0,0,1933,-0.966,-0.417,0.879,-58.23,66.54,-25.6,F
,1519161,0,0,181,-0.93,-0.443,0.874,-6.03,63.41,-18.45,F
,151919,49,0,1872,-0.97,-0.384,0.797,11.03,36.84,-8.6,F
,1519201,100,0,898,-0.974,-0.393,0.739,-4.58,24.72,-3.80,F
,151921,126,0,1904,-0.96,-0.396,0.704,-11.56,20.52,2.26,F
,151923,114,0,1919,-0.802,-0.538,0.644,-19.74,0.83,-1.25,F
,1519281,149,0,1777,-0.87,-0.434,0.377,13.86,1.87,12.11,F
,151930,178,0,1939,-0.09,-0.692,0.572,10.96,-24.07,-2.36,F
,151933,164,0,1903,-0.23,-0.456,0.522,13.65,-5.45,-14.94,F
,151940,175,0,2070,-0.11,-0.419,0.508,84.47,-0.47,-13.46,F
,151945,189,0,1811,-0.68,-0.280,0.434,72.87,-7.29,-34.67,F
,1519481,179,0,905,-0.591,-0.221,0.492,37.65,-1.46,-31.11,F
,151949,176,0,1951,-0.18,-0.214,0.535,24.70,-56.09,-20.54,F
,151951,181,0,391,-0.611,-0.24,0.615,26.42,-36.88,-1.93,F
,1519561,188,0,2112,-0.94,-0.286,0.876,-7.18,-48.32,-8.04,F
,151958,180,0,1669,-0.676,-0.35,0.819,-17.25,-94.53,-4.58,F
,1519651,180,0,926,-0.51,-0.388,0.839,-6.05,-66.16,-0.19,F
,151968,182,0,1818,-0.406,-0.484,0.786,-11.25,53.75,-2.77,F
,151971,180,0,1936,-0.92,-0.445,0.884,63.68,-0.42,-14.54,F
,151983,0,0,1877,-0.20,-0.528,1.062,-6.31,-8.7,-22.3,F
,151987,43,0,1910,-0.11,-0.459,0.934,0.16,-20.07,-1000,F
,1519891,34,0,1847,-0.17,-0.438,0.868,7.80,-5926,-14.5,F
,151999,60,0,1669,-0.01,-0.461,1.085,4.07,42.4,-8.61,F
,1520001,61,0,264,-0.060,-0.411,1.003,8.97,35.49,-7.34,F
,1520081,0,0,177,-0.14,-0.543,0.917,-41.48,10.78,-7.08,F
,152009,29,0,1868,0.00,-0.265,1.158,-54.86,92.42,4.83,a5
,1520151,48,0,119,-0.061,-0.617,0.795,34.78,87.84,4.9,F
,1520171,130,0,747,-0.182,-0.64,0.729,-48.05,117.91,3.21,F
,1520191,110,0,795,0.529,-0.11,2.000,-58.20,117.24,-2.04,F
,152020,112,0,1625,-0.27,-0.729,0.698,-41.36,30.52,-0.44,F
,152021,128,0,898,-0.338,-0.713,0.805,-28.42,15.53,2.00,F
,1520281,13,0,104,-0.361,-0.645,0.608,10.86,81.20,2.3,F
,152030,15,0,111,-0.343,-0.260,1.123,31.98,7361,4.00,F
,152031,16,0,1840,-0.50,-0.55,0.564,1.75,71.09,5.06,F
,1520321,14,0,177,-0.59,-0.511,0.575,-3.30,58.95,4.16,F
,152033,16,0,1569,-0.573,-0.518,0.596,22.22,41.36,2.7,F
,1520381,34,0,1721,-0.48,-0.59,0.412,82.32,45.61,11.0,F
,1520401,29,0,1729,-0.41,-0.67,0.451,-82.32,60.40,25.6,F
,1520481,163,0,037,-0.34,-0.62,0.363,-81.73,31.91,-551,F
,1520491,166,0,808,-0.37,-0.713,0.438,-84.00,36.23,-922,F
,1520511,188,0,1843,-0.04,-0.76,0.448,-78.63,35.96,-564,F
,152054,275,0,808,-0.607,-0.800,0.415,-49.96,4.11,1.5,F
,1520561,219,0,046,-0.83,-0.903,0.593,-49.18,-2.50,-1.12,F
,152059,511,0,790,-0.568,-0.909,0.525,-22.06,20.36,16.98,F
,1520601,528,0,776,-0.35,-0.846,0.800,-16.34,14.78,18.11,F
,152065,483,0,767,-0.08,-1.044,0.461,29.00,-2.55,2.1,F
,1520671,777,0,1803,-0.97,-1.121,0.467,62.09,2.77,10.63,F
,1520711,505,0,793,-0.36,-0.92,0.505,93.98,94.19,40.8,F
,1520721,497,0,972,-0.72,-0.924,0.503,90.06,95.27,41.6,F
,1520741,437,0,1901,-0.57,-0.85,0.474,96.24,101.59,50.42,F
,152078,384,0,869,-0.663,-0.625,0.411,150.07,59.32,10.55,F
,152081,467,0,1680,-0.60,-0.45,0.382,146.52,156.65,145.96,F
,152085,463,0,671,-0.820,-0.315,0.414,130.79,108.08,122.19,F
,1520921,834,0,602,-0.98,-0.228,0.386,42.85,29.35,72.33,F
,152093,931,0,713,-0.821,-0.260,0.292,38.18,2.13,78.3,F
,1520951,926,0,964,-0.40,-0.284,0.456,74.97,66.51,74.48,F
,1520981,899,0,894,-0.86,-0.12,0.381,68.26,80.20,82.2,F
,1521011,1039,0,1569,-0868,-0.168,0.44,50.58,45.68,6863,F
,1521061,956,0,2127,-0.16,-0.150,0.347,45.17,19.23,53.0,F
,1521081,996,0,2001,-0.965,-0.157,0.398,22.24,6.94,32.05,F
,152109,995,0,777,-1.11,-0.178,0.474,16.13,-10.26,19.93,F
,1521151,1073,0,1535,-1.054,-0.215,0.488,12.26,-83.13,-15.14,F
,1521171,1007,0,1897,-1092,-0.228,0.546,5.52,-113.51,-34.70,F
,152126,995,0,1733,-0.806,-0.344,0.760,-11.76,-222.76,101.61,
,1521271,1062,0,1855,-0752,-0.290,0.76,-2.77,231.25,99.22,F
,1521291,977,0,1909,-0.96,-0.322,0.775,-9.30,-48.00,-01.84,F
,152132,960,0,1394,-0.398,-0.353,0.860,17.40,-11.20,-74.93,F
,1521341,1039,0,1535,-0432,-0.310,0.835,56.61,-179.34,-39.78,F
,152137,981,0,314,-0.419,-0.158,0.942,98.56,-161.17,-20.97,F
,1521401,1008,0,1678,-0.323,-0.116,0.961,91.72,-161.54,0.63,F
,1521411,960,0,1938,-0.38,-0.088,0.954,94.01,-157.48,14.77,F
,1521431,823,0,1857,-0.01,0.002,0.969,1.28,-15.64,5855,F
,152147,844,0,111,-0.281,0.047,1.029,192.32,-82.19,77.76,F
,152149,845,0,819,-0.85,0.233,1.042,69.80,-5.58,8626,F
,152150,823,0,725,-0.62,0.205,1.016,148.35,-50.18,92.48,F
,1521511,831,0,692,-0.58,0.190,1.238,127.86,-67.48,102.65,F
,1521531,752,0,1841,-0.28,0.079,1.199,134.64,-0.58,13.88,F
,152154,752,0,1852,-0.137,0.028,1.232,140.18,-97.37,150.48,F
,1521561,693,0,2038,-0.069,0.144,1.023,197.23,-80.82,143.23,F
,152160,637,0,719,-0.86,0.29,1.050,24.58,-53.67,11.88,F
,1521621,679,0,1629,-0.147,0.240,1.046,133.65,-40.58,128.51,F
,1521641,624,0,1712,-0.52,0.339,0.995,122.00,-31.11,161.46,F
,152165,625,0,1984,-0.084,0.37,1.015,123.33,-12.41,178.57,F
,152167,641,0,1749,-0.085,0.434,1.014,118.82,23.21,190.91,F
,152173,769,0,488,-0.12,0.372,0.911,90.62,-2.08,17834,F
,152174,846,0,744,-0.73,0.342,0.878,82.00,-2.40,18703,F
,152175,893,0,1999,0.054,0.299,0.896,80.73,-7.75,189.35,F
,1521761,944,0,1808,0.00,0.337,0.825,87.97,17.1,191.1,F
,1521771,908,0,821,0.09,0.313,0.788,93.51,42.0,196.7,F
,1521781,898,0,2129,0.16,0.293,0.777,102.26,62.78,200.9,F
,1521801,882,0,2090,-0.009,0.340,0.691,93.80,81.35,203.24,F
,1521811,879,0,1991,-0.008,0.319,0.713,81.62,77.67,205.8,F
,1521831,939,0,744,0.01,0.276,0.745,80.10,84.7,203.4,F
,152185,899,0,1680,0.057,0.276,0.691,83.16,114.33,221.79,F
,152188,912,0,794,-0.77,0.250,0.694,84.00,181.29,245.82,F
,1521891,914,0,366,-0.03,0.218,0.690,96.29,196.46,25431,F
,152190,823,0,1776,-0.145,0.236,0.699,09.00,211.06,25.43,F
,152191,832,0,039,-0.95,0.208,0.672,122.68,222.07,256.39,F
,152193,816,0,095,-0.194,0.20,0.617,125.49,232.98,238.78,F
,152194,785,0,963,-0.07,0.193,0.605,122.76,22.98,22.33,F
,152196,832,0,1854,-0.188,0.203,0.581,112.44,220.58,19.85,F
,152199,807,0,503,-0.177,0.19,0.542,9.34,209.65,13165,F
,152201,736,0,488,-0.147,0.11,0.579,74.30,203.84,87.47,F
,1522021,754,0,1952,-0.150,0.16,0.612,58.23,20.14,68.0,F
,1522031,731,0,1535,-0.166,0.142,0.643,52.84,19.29,51.3,F
,1522071,645,0,623,-0.92,0.281,0.648,2.24,17.01,-2309,F
,152208,666,0,680,-0.60,0.411,0.638,61.60,171.13,-3538,F
,1522101,530,0,991,-0.90,0.571,0.704,37.72,145.03,-5761,F
,1522121,498,0,1998,-0.571,0.60,0.781,.59,10968,-71.5,F
,152213,378,0,1819,-0.502,0.61,0.859,.68,10408,-76.1,F
,152214,463,0,890,-0.01,0.578,0.861,17.95,98.80,-72.5,F
,152216,600,0,775,-0.703,0.652,0.901,31.51,112.48,-61.66,F
,1522181,665,0,1619,-0.01,0.638,1.099,38.23,115.85,-4433,F
,152219,663,0,1838,-0.76,0.663,1.072,40.70,116.95,-3436,F
,1522201,619,0,2059,-0.23,0.678,1.068,37.51,11.39,-3093,F
,152221,490,0,744,-0.519,0.676,1.063,35.95,110.95,-3119,F
,152224,511,0,876,-0.395,0.60,1.053,8.20,71.65,-41.81,F
,1522251,543,0,1840,-0.428,0.629,1.038,31.34,71.26,-42.41,F
,1522271,636,0,000,-0.23,0.582,1.011,31.17,70.78,-32.0,F
,152228,639,0,899,-0.39,0.592,0.994,28.29,70.25,-29.5,F
,1522311,693,0,032,-0.83,0.613,0.974,21.60,60.10,-22.2,F
,152232,596,0,811,-0.39,0.592,0.978,17.00,5115,-24.8,F
,152235,655,0,1899,-0.538,0.475,1.098,-33.91,-7.74,-54.64,F
,152238,890,0,735,-0.666,0.375,1.493,-13.47,-0.24,-6.14,F
,1522391,931,0,1568,-0.12,0.400,1.553,5.86,-43.14,-59.60,F
,152241,800,0,955,-0.28,0.456,1.282,39.69,-3.97,-5337,F
,1522451,715,0,616,-0.20,0.434,0.789,2.45,-16.35,-55.7,F
,1522461,645,0,1584,-0.00,0.438,0.728,-12.00,-16.87,-54.07,F
,1522471,617,0,577,-0.16,0.359,0.713,-17.84,-18.91,-49.03,F
,152252,404,0,1805,-0.523,0.23,0.743,.49,-5.37,-47.55,F
,1522541,350,0,1695,-0.19,0.289,0.715,16.68,-2.39,-59.75,F
,1522551,313,0,2011,-0.51,0.303,0.724,10.44,-3.34,-62.97,F
,152256,304,0,1633,-0.576,0.30,0.754,-1.68,-6.74,-61.5,F
,1522571,304,0,601,-0.85,0.288,0.784,-12.11,-7.87,-5593,F
,1522581,304,0,1702,-0.21,0.22,0.856,-11.29,-7.81,-50.53,F
,152260,299,0,866,-0.450,0.201,0.882,2.92,2.55,-44.70,F
,1522621,312,0,120,-0.94,0.205,0.898,24.45,5.99,-44.6,F
,1522641,325,0,1809,-0.407,0.31,0.811,28.52,22.83,-41.93,F
,1522661,226,0,889,-0.93,0.322,0.862,5.11,32.28,-31.20,F
,152267,222,0,790,-0.529,0.33,0.892,.50,30.11,-27.28,F
,1522681,223,0,1808,-0.19,0.300,0.901,3.95,27.49,-22.8,F
,152269,194,0,1630,-0.89,0.274,0.870,8.30,30.7,-18.18,F
,1522731,167,0,1890,-0.517,0.31,0.790,27.04,35.67,-19.63,F
,152274,165,0,1751,-0.491,0.35,0.792,24.49,26.05,-19.1,F
,152277,113,0,891,-0.32,0.347,0.746,5.20,16.51,-15.0,F
,1522811,107,0,2064,-0.54,0.27,0.768,-8.49,25.81,-7.20,F
,152284,106,0,173,-0.69,0.209,0.991,8.64,11.10,-6.01,F
,1522881,106,0,1511,-0.20,0.26,0.822,8.55,27.52,2.11,
,152290,99,0,104,-0.50,0.256,0.846,30.71,29.99,1.58,
,1522961,101,0,611,-0.99,0.37,0.741,-0.26,8.5,-1.28,F
,152306,57,0,184,-0.618,0.344,0.791,-1.04,12.8,9.26,F
,1523071,64,0,1891,-0.63,0.357,0.773,-2.09,11.3,7.65,F
,1523091,58,0,1885,-0.59,0.262,0.766,-5.24,-1.46,2.80,
,1523121,64,0,200,-0.55,0.314,0.753,-8.77,3.93,4.68,F
,1523141,61,0,1649,-0.68,0.325,0.742,-4.81,4.6,4.86,F
,152317,115,0,883,-0.593,0.228,0.830,-48.29,-9.95,-0.67,F
,1523181,560,0,731,-0.75,0.182,0.843,-38.23,-22.07,-300,F
,1523191,648,0,936,-0.59,0.208,0.852,-22.86,-18.91,-004,F
,1523261,834,0,684,-0.47,0.17,0.790,10.01,-1.17,-14.3,F
,1523271,958,0,1683,-0.65,0.151,0.836,12.59,-0.26,-12.8,F
,152329,923,0,797,-0.70,0.098,0.855,31.91,3.94,-14.3,F
,1523301,802,0,873,-0.49,0.132,0.859,37.94,16.83,-11.2,F
,1523311,791,0,914,-0.58,0.12,0.854,1.58,2790,-8.68,F
,1523331,789,0,1823,-0.89,0.14,0.863,2.49,3816,-9.86,F
,1523341,896,0,835,-0.17,0.199,0.837,55.68,41.70,-10.8,F
,1523361,994,0,1793,-0.636,0.250,0.797,4.32,3426,-11.52,F
,1523371,990,0,1851,-0.45,0.28,0.803,6.55,27.04,-12.5,F
,1523441,941,0,760,-0.15,0.30,0.746,5.13,2535,-10.90,F
,152346,967,0,805,-0.95,0.27,0.750,6.21,2176,-9.95,F
,1523531,1117,0,1719,-0.592,0.319,0.764,42.65,31.03,-1093,F
,1523561,914,0,953,-0.49,0.238,0.742,70.78,61.97,-18.2,F
,1523691,971,0,824,-0.33,0.304,0.588,50.75,26.19,-12.38,F
,152376,527,0,946,-0.832,0.480,0.667,22.64,2072,10.3,F
,1523781,297,0,1785,-0.79,0.517,0.600,8.55,3.1,4.04,
,1523791,256,0,1814,-0.57,0.47,0.582,12.30,-3.09,1.96,F
,152384,128,0,1843,-0.696,0.391,0.586,.42,0.05,7.62,F
,152387,157,0,826,-0.708,0.409,0.574,.88,-1.26,7.33,
,152389,110,0,950,-0.716,0.410,0.578,5.92,4.7,8.37,F
,1523901,109,0,1854,-0.15,0.406,0.595,.40,8.3,9.12,F
,152391,43,0,1881,-0.706,0.406,0.615,658,8.94,9.47,F
,152394,49,0,1811,-0.64,0.410,0.602,9.07,8.55,6.69,F
,152399,0,0,1729,-0.696,0.451,0.603,12.73,10.77,10.00,F
,1524001,0,0,1866,-0.68,0.445,0.613,1478,12.7,8.43,F
,1524031,0,0,182,-0.60,0.345,.572,12.96,10.23,3.87,F
,1524041,0,0,1937,-0.63,0.390,0.576,9.05,11.74,0.83,F
,152405,0,0,192,-0.666,0.409,0.587,10.82,13.2,-2.53,
,1524081,0,0,1842,-0.678,0.450,0.603,21.69,11.04,0.57,F
,1524111,0,0,172,-0.70,0.480,.608,13.77,12.26,8.02,F
,152412,0,0,181,-0.680,0.471,0.605,9.49,10.89,5.38,F
,152413,0,0,1854,-0.688,0.461,0.611,5.29,9.06,3.20,F
,1524161,0,0,1834,-0.64,0.403,0.583,8.44,6.10,.55,F
,152418,0,0,1897,-0.669,0.399,0.598,15.05,11.78,0.25,F
,152421,0,0,1774,-0.722,0.437,0.612,12.64,20.28,3.04,F
,1524261,0,0,183,-0.70,0.442,.588,14.84,8.37,1.12,F
,1524271,0,0,181,-0.68,0.431,.583,1595,8.45,0.98,F
,1524301,0,0,1799,-0.687,0.421,0.583,14.97,11.81,-0.22,F
,152432,0,0,1950,-0.70,0.436,0.605,1847,12.7,1.44,F
,1524381,0,0,184,-0.708,0.450,0.574,17.07,13.70,0.74,F
,1524391,0,0,184,-0.702,0.446,0.581,16.13,13.7,2.16,F
,1524401,0,0,183,-0.70,0.438,.570,15.13,14.68,3.29,F
,1524421,0,0,189,-0.688,0.430,0.581,16.81,12.03,1.68,F
,152444,0,0,185,-0.664,0.413,0.607,19.91,13.23,-1.43,
,1524471,0,0,1847,-0.68,0.459,0.608,2042,16.39,2.37,F
,152448,0,0,1858,-0.68,0.438,0.613,21.33,16.40,1.87,F
,1524491,0,0,182,-0.68,0.441,0.603,22.45,15.1,1.21,F
,152450,0,0,188,-0.688,0.440,0.606,25.95,14.51,1.35,F
,1524511,0,0,183,-0.692,0.449,0.575,27.20,16.2,1.52,F
,1524571,0,0,197,-0.70,0.481,0.533,28.78,22.5,-0.07,
,1524611,0,0,181,-0.70,0.456,0.547,1995,12.4,-3.13,
,152462,0,0,1861,-0.692,0.450,0.563,22.47,13.13,-3.75,
,1524631,0,0,187,-0.67,0.444,0.573,2426,15.74,-4.67,
,152464,0,0,1858,-0.671,0.450,0.562,26.81,20.55,-4.53,
,1524661,0,0,1803,-0.70,0.467,0.579,3442,29.3,-3.02,
,1524671,0,0,1835,-0.72,0.470,0.560,34.75,31.8,0.46,F
,1524681,0,0,188,-0.709,0.500,0.528,32.30,29.79,3.07,F
,1524751,0,0,180,-0.72,0.484,0.531,2172,21.12,1.09,"F152476	bºbjrbrʊbrbrbrʚbrb25"
,152477,0,0,1824,-0.724,0.489,0.513,22.39,22.31,1.33,F
,1524791,0,0,1840,-0.74,0.493,0.518,1667,19.2,2.16,F
,1524821,0,0,1839,-0.71,0.496,0.518,8.9,15.38,4.55,F
,152483,0,0,1835,-0.72,0.492,.507,9.34,13.26,2.52,F
,152491,0,0,195,-0.705,0.484,0.513,12.21,10.84,0.58,F
,152502,0,0,184,-0.695,0.467,0.544,3.51,6.20,-3.09,F
,1525031,0,0,1845,-0.70,0.452,0.526,6.2,8.40,-2.21,F
,152504,0,0,186,-0.707,0.451,0.557,9.55,8.58,0.89,F
,152507,0,0,187,-0.733,0.495,0.515,9.37,11.53,2.23,F
,152508,0,0,1840,-0.71,0.495,0.501,6.5,8.07,1.65,F
,152509,0,0,1829,-0.73,0.514,0.515,2.03,3.45,0.75,F
,1525121,0,0,194,-0.71,0.487,0.590,-4.89,-8.9,0.98,F
,152516,0,0,1740,-0.72,0.431,0.603,-6.75,-22.1,4.65,F
,1525171,0,0,173,-0.71,0.424,0.626,-927,-23.81,4.89,F
,1525181,0,0,1894,-0.71,0.406,0.598,-125,-24.9,3.90,F
,1525221,45,0,119,-0.72,0.555,0.504,-.49,-1920,3.33,a5
,152525,45,0,1749,-0.60,0.513,0.593,-26.00,-3.97,0.3,F
,152526,44,0,1877,-0.672,0.484,0.647,-32.81,-39.06,-2.90,F
,1525291,45,0,1709,-0.59,0.423,0.662,-9.70,-4.56,-1.17,F
,1525311,40,0,1923,-0.55,0.390,0.653,-12.14,-27.37,0.3,F
,1525331,48,0,189,-0.50,0.396,0.634,-.60,-10.90,-0.16,F
,1525361,48,0,167,-0.51,0.441,0.663,3.92,10.4,1.99,F
,1525391,46,0,196,-0.68,0.458,0.668,2.75,2.03,1.84,F
,1525401,36,0,1994,-0.64,0.452,0.677,-.87,-2.76,3.20,F
,1525411,36,0,193,-0.64,0.442,0.656,-.61,-5.26,4.08,F
,1525471,35,0,151,-0.59,0.377,0.699,12.79,13.06,4.55,F
,152548,37,0,1786,-0.52,0.377,0.665,1.84,20.00,4.19,F
,1525531,30,0,129,-0.61,0.415,0.693,15.08,24.9,7.35,H1525541ibbʺbjrbrʪbrʚbrªbrbrb25
,1525551,37,0,1717,-0.67,0.396,0.671,15.02,19.82,8.08,
,1525561,33,0,163,-0.60,0.377,0.677,1.52,20.43,10.81,F
,152557,38,0,1849,-0.50,0.361,0.681,25.87,22.1,9.56,F
,152560,26,0,2128,-0.65,0.393,0.654,42.71,44.5,3.70,
,1525641,0,0,1694,-0.70,0.465,0.616,41.54,30.9,11.85,
,152565,0,0,192,-0.685,0.492,.590,35.37,25.33,13.97,
,152567,0,0,183,-0.675,0.460,.616,13.25,24.58,13.44,
,1525681,0,0,178,-0.656,0.453,0.615,1517,23.35,13.64,F
,152569,0,0,170,-0.714,0.408,0.710,3316,19.9,15.59,F
,1525701,0,0,198,-0.60,0.418,0.637,26.49,26.5,4.55,F
,152574,0,0,1804,-0.656,0.538,.573,35.51,18.55,3.87,F
,152576,0,0,170,-0.658,0.534,0.573,14.79,15.1,2.71,F
,152581,0,0,187,-0.651,0.528,0.645,1433,9.24,-5.72,F
,152582,0,0,1963,-0.655,0.496,.662,13.62,4.20,-5.38,F
,1525921,18,0,136,-0.61,0.514,0.603,-8.14,-30.53,-1.48,F
,1525941,0,0,186,-0.626,0.509,.628,-2.93,-47.3,-5.19,F
,1525951,0,0,1856,-0.65,0.543,0.376,-16.98,-4079,-0.1,F
,152596,0,0,1908,-0.59,0.490,0.707,-3.42,-28.6,8.94,F
,152597,0,0,182,-0.565,0.486,0.584,8.58,-17.81,4.94,F
,1526001,0,0,1829,-0.66,0.510,0.618,2.38,9.59,4.04,F
,152601,0,0,1874,-0.69,0.498,0.635,-5.09,-0.6,-8.65,F
,152603,0,0,1926,-0.638,0.453,.672,-9.88,-31.9,-10.5,F
,1526041,0,0,185,-0.601,0.433,.686,-9.38,-37.2,-9.03,F
,1526161,0,0,183,-0.66,0.534,0.684,-7.62,-8.93,-6.61,F
,152617,0,0,1840,-0.53,0.455,0.808,-12.52,-2030,-8.48,F
,152620,0,0,1845,-0.53,0.426,0.726,-15.74,-1366,-10.48,F
,1526211,0,0,198,-0.518,0.396,0.751,-12.81,-13.05,-12.91,F
,152622,0,0,1690,-0.538,0.374,.752,-6.13,-11.90,-11.9,F
,1526271,0,0,196,-0.56,0.381,0.767,11.57,13.6,-8.29,F
,1526301,318,0,454,-0.562,0.380,0.828,8.36,0.00,-12.3,F
,1526311,563,0,032,-0.77,0.389,0.758,14.30,0.3,-9.40,F
,1526341,605,0,017,-0.504,0.37,0.781,20.21,2127,-8.76,F
,1526361,650,0,771,-0.46,0.394,0.838,23.36,35.24,-10.13,F
,152637,639,0,2046,-0.54,0.394,0.832,29.42,3828,-13.05,F
,1526391,656,0,1871,-0.606,0.41,0.769,5.17,40.48,-18.44,F
,152640,656,0,712,-0.624,0.435,0.763,27.23,4544,-17.31,F
,1526421,676,0,165,-0.53,0.430,0.771,28.64,5097,-21.93,F
,1526451,695,0,1358,-0.12,0.331,0.796,17.78,51.52,-14.1,F
,1526461,763,0,195,-0.72,0.297,0.767,21.87,5665,-13.02,F
,152648,804,0,677,-0.72,0.341,0.767,28.16,5199,-10.56,F
,1526491,802,0,921,-0.08,0.326,0.741,26.33,4733,-14.8,F
,1526531,464,0,1583,-0.602,0.384,0.721,2.67,37.4,-2.79,a5
,1526551,552,0,901,-0.24,0.273,0.695,16.32,3523,-12.4,F
,1526571,715,0,729,-0.87,0.339,0.682,30.13,2294,-13.09,F
,1526641,848,0,1829,-0.14,0.363,0.612,18.84,7.1,-2.10,F
,152666,919,0,782,-0.638,0.387,0.682,12.13,8.6,-0.07,F
,152667,771,0,1711,-0.628,0.38,0.673,7.78,1.0,-1.11,F
,152670,854,0,755,-0.592,0.295,0.714,6.45,-27.46,-0.6,F
,1526711,639,0,567,-0.99,0.332,0.677,9.74,-2656,1.93,F
,1526751,378,0,857,-0.625,0.350,0.664,1.22,-1.60,26.1,F
,1526761,527,0,824,-0.591,0.345,0.731,.23,6.34,29.15,
,152677,543,0,1683,-0.571,0.367,0.718,.08,17.97,29.39,F
,152681,433,0,1904,-0.562,0.435,0.707,1.55,2153,14.1,F
,1526831,472,0,273,-0.14,0.464,0.660,4.59,10.3,22.00,F
,152689,542,0,1824,-0.620,0.414,0.848,0.77,26.37,15.8,F
,152691,636,0,767,-0.735,0.505,0.756,-8.42,12.65,12.8,F
,152694,715,0,1970,-0.590,0.408,0.644,2.26,5.78,9.58,
,152695,703,0,805,-0.571,0.397,0.634,3.43,14.57,11.21,F
,1526981,762,0,2033,-0.619,0.408,0.684,1.05,42.54,16.8,F
,1527001,611,0,1859,-0.671,0.415,0.761,0.03,4150,20.9,F
,1527011,594,0,650,-0.51,0.400,0.802,-2.51,3462,20.04,F
,1527021,485,0,789,-0.71,0.399,0.785,-4.95,26.91,18.5,F
,1527041,569,0,1941,-0.630,0.396,0.750,-4.64,14.74,13.5,F
,1527051,623,0,1732,-0.643,0.428,0.691,-3.22,1602,14.87,F
,152706,634,0,1877,-0.624,0.426,0.697,-5.15,18.26,16.2,F
,1527071,624,0,710,-0.609,0.41,0.661,6.80,21.81,16.2,F
,1527081,621,0,723,-0.42,0.429,0.666,-10.96,23.30,14.3,F
,1527101,609,0,668,-0.55,0.39,0.684,-12.80,1.30,15.00,F
,1527121,617,0,2096,-0.625,0.35,0.694,-9.59,1649,17.13,F
,152718,511,0,975,-0.09,0.395,0.712,0.32,21.9,9.82,
,152720,528,0,836,-0.610,0.392,0.743,-3.38,7.09,8.87,F
,1527221,546,0,874,-0.84,0.421,0.714,-1.70,1332,13.15,F
,152725,545,0,080,-0.33,0.402,0.710,-2.78,2723,13.1,F
,152726,545,0,776,-0.77,0.40,0.713,5.53,2730,12.1,F
,1527271,545,0,1833,-0.609,0.389,0.724,-11.85,20.71,12.5,F
,152728,547,0,767,-0.56,0.403,0.727,-13.30,11.64,13.88,F
,1527291,547,0,1802,-0.617,0.384,0.690,-14.72,2.05,18.9,F
,1527301,555,0,853,-0.584,0.40,0.697,-10.80,298,19.06,F
,1527341,606,0,1738,-0.575,0.476,0.704,12.37,668,15.0,F
,1527351,640,0,830,-0.599,0.47,0.697,14.60,767,14.1,F
,1527361,683,0,1968,-0.603,0.458,0.718,-16.67,6.46,13.1,F
,152737,654,0,911,-0.20,0.442,0.730,-21.25,387,12.51,F
,1527391,791,0,032,-0.02,0.356,0.739,-18.84,-1.34,15.6,F
,1527401,804,0,574,-0.595,0.344,0.745,-15.90,-0.70,15.4,F
,1527411,848,0,835,-0.592,0.346,0.747,-13.59,037,13.76,F
,1527421,926,0,1854,-0.573,0.34,0.709,8.22,1.1,12.34,a5
,1527451,799,0,1798,-0.589,0.367,0.588,-3.94,2.74,3.21,
,1527491,511,0,713,-0.698,0.36,0.663,-30.28,3.10,1.44,F
,152750,617,0,521,-0.731,0.32,0.760,35.35,2.33,0.8,F
,152752,656,0,662,-0.679,0.27,0.866,-13.93,403,-2.9,F
,1527531,655,0,1910,-0.637,0.281,0.892,-0.14,-2.12,-6.88,F
,152754,657,0,865,-0.09,0.30,0.868,9.07,-2.2,-10.45,F
,152758,639,0,014,-0.04,0.493,0.672,2.97,24.48,-28.0,F
,1527591,634,0,785,-0.57,0.356,0.693,20.29,19.67,-29.6,F
,1527661,709,0,2131,-0.575,0.23,0.794,20.13,22.05,-27.5,F
,1527701,656,0,933,-0.676,0.29,0.704,-2.71,1854,-23.69,F
,1527721,735,0,077,-0.14,0.229,0.761,-2.13,-0.94,-21.5,F
,1527781,970,0,595,-0.77,0.185,0.747,2.61,7.59,0.22,F
,152784,1221,0,1745,-0.578,0.225,0.817,19.40,13.65,7.94,F
,152790,1334,0,1915,-0.547,0.328,0.740,24.36,-1.28,20.5,F
,152799,1207,0,1503,-0.451,0.352,1.172,-22.06,19.03,7449,F
,152801,1191,0,1744,-0.575,0.435,0.881,-53.36,6.25,7907,F
,152813,1188,0,1693,-0.387,0.341,1.103,-53.33,-41.57,3.81,F
,1528141,1187,0,1794,-0.367,0.317,1.084,-51.94,-41.32,31.71,F
,152815,1190,0,2161,-0.335,0.284,1.119,-50.23,37.81,3.62,F
,1528201,1168,0,1830,-0.373,0.241,1.120,-80.98,-47.97,3.29,F
,1528211,1189,0,2131,-0.344,0.221,1.121,-85.21,-52.32,3.59,F
,152826,1187,0,1522,-0.313,0.152,1.163,-100.02,-79.89,2.69,F
,152845,1751,0,1994,-0.247,-0.125,0.84,-51.85,-38.06,6.16,F
,152864,967,0,1924,-0.43,-0.249,0.955,-0.51,-13.08,1550,F
,1528671,866,0,833,0.050,-0.31,0.916,-11.25,-18.82,4.6,F
,152868,846,0,1994,0.08,-0.263,0.943,-11.84,-20.88,-122,F
,152869,835,0,1878,-0.051,-0.28,0.935,-29.93,-18.73,-.77,F
,152870,833,0,1981,0.019,-0.324,0.942,-49.21,-21.97,-425,F
,152873,763,0,1771,-0.56,-0.342,0.997,-50.09,9.86,4.0,F
,152874,791,0,1807,-0.030,-0.368,0.997,-49.35,15.35,6.83,F
,1528761,816,0,946,-0.005,-0.404,1.008,-46.31,-25.06,1.71,F
,1528771,805,0,1626,0.018,-0.418,0.982,-41.22,-9.02,1.50,F
,152878,790,0,2119,0.039,-0.409,0.960,-41.94,-7.22,2.40,F
,1528791,816,0,712,0.034,-0.40,0.936,-44.11,-22.38,4.5,F
,152880,820,0,527,0.020,-0.39,0.926,-50.05,-19.89,7.35,F
,1528831,839,0,512,0.035,-0.442,0.922,-56.29,-4.01,3.20,F
,1528871,852,0,011,0.206,-0.525,0.852,9.32,-7.89,-6.1,F
,152888,896,0,831,0.135,-0.47,1.072,-22.77,-17.93,-505,F
,1528931,915,0,957,0.050,-0.464,0.833,29.39,-11.11,5.9,F
,152894,919,0,1627,0.04,-0.501,0.838,-29.97,-1.23,6.51,F
,152896,923,0,2145,0.12,-0.515,0.851,-23.44,-.11,9.4,F
,152898,927,0,151,0.134,-0.552,0.840,-6.52,-430,11.5,F
,152900,943,0,835,0.111,-0.513,0.804,8.00,-5.42,14.46,F
,152904,982,0,053,0.189,-0.553,0.771,13.82,-8.65,11.84,F
,1529051,987,0,886,0.27,-0.579,0.781,-15.48,-8.73,10.6,F
,1529061,981,0,1915,0.203,-0.580,0.743,-16.14,-.86,10.6,F
,1529071,990,0,1380,0.26,-0.58,0.761,17.55,-4.82,10.48,F
,152916,1002,0,1646,0.190,-0.56,0.747,-5.58,-13.45,3.1,F
,1529251,1014,0,1482,0.57,-0.628,0.695,-1.85,-3.43,-934,F
,1529361,929,0,701,0.323,-0.674,0.650,.13,-30.77,-17.5,F
,152939,938,0,1823,0.366,-0.64,0.608,7.46,-27.89,-26.4,F
,1529441,929,0,1728,0.41,-0.64,0.630,11.29,0.72,-19.29,F
,1529461,928,0,999,0.410,-0.627,0.624,8.03,10.9,-14.4,F
,152948,935,0,2097,0.387,-0.59,0.619,11.36,1872,-19.5,F
,152949,933,0,001,0.371,-0.606,0.657,8.00,22.95,-17.16,F
,152950,926,0,1719,0.348,-0.591,0.646,25.34,2858,-13.43,F
,152951,925,0,741,0.348,-0.595,0.656,3.89,34.11,-7.3,F
,152956,918,0,835,0.308,-0.546,0.723,1.66,6123,7.71,a5
,1529581,909,0,1846,0.31,-0.60,0.756,63.87,6912,11.9,F
,1529621,880,0,847,0.324,-0.582,0.793,90.06,8039,24.22,F
,1529631,885,0,835,0.262,-0.535,0.782,93.11,83.52,25.94,F
,1529641,895,0,1975,0.297,-0.588,0.830,104.24,8.44,26.87,F
,1529651,939,0,744,0.20,-0.530,0.816,115.80,9.33,30.0,F
,1529691,929,0,1798,0.196,-0.41,0.861,20.29,103.01,35.76,F
,152970,923,0,857,0.191,-0.404,0.868,109.72,9.25,27.36,F
,1529721,944,0,888,0.195,-0.451,0.924,87.66,7555,10.3,F
,1529741,958,0,914,0.111,-0.442,0.976,2.04,63.78,7.99,F
,152978,961,0,850,0.125,-0.412,0.981,108.71,71.29,20.9,F
,152983,975,0,1891,0.049,-0.342,1.023,64.06,50.46,-0.93,F
,152985,994,0,006,0.051,-0.319,1.032,67.75,5214,5.64,F
,152986,992,0,955,0.094,-0.350,1.044,66.97,4883,3.33,F
,1529991,1008,0,1906,-0.051,-0.73,1.051,52.42,5.97,1.6,F
,1530001,1008,0,1813,-0.078,-0.148,1.019,57.14,2.36,7.6,F
,1530041,1007,0,1634,-0103,-0.62,0.993,59.97,5.97,1384,F
,153010,1013,0,1790,-0.114,-0.27,1.03,45.77,35.81,1194,F
,153012,1013,0,1883,-0.124,-0.070,1.03,62.97,47.09,2321,F
,1530221,1023,0,2037,-0145,-0.032,1.031,75.23,3.50,28.02,F
,153031,1034,0,2015,-0.249,0.037,1.026,81.14,52.29,27.99,F
,153033,1023,0,1786,-0.263,0.110,0.991,100.52,62.34,3794,F
,1530481,1066,0,1449,-0.287,0.308,0.929,52.81,2.30,17.9,F
,153054,1046,0,1572,-0.311,0.339,0.959,45.37,19.82,20.6,F
,153073,1018,0,1671,-0.267,0.429,0.909,26.81,6.62,25.65,F
,1530821,1039,0,1776,-0.243,0.475,0.874,15.10,439,25.42,F
,1530831,1023,0,1969,-0.229,0.448,0.891,17.02,4.60,25.6,F
,1530911,1009,0,2196,-0.194,0.427,0.873,21.45,10.29,30.26,F
,153092,994,0,695,-0.204,0.451,0.857,24.39,13.61,32.69,F
,1530941,999,0,2069,-0.176,0.474,0.854,20.97,7.53,26.89,F
,1531081,993,0,1823,-0.155,0.452,0.925,26.61,11.29,24.9,F
,1531101,998,0,879,-0.153,0.506,0.887,3.05,9.4,22.23,F
,153127,1113,0,1562,-0.108,0.533,0.851,9.97,-261,4.77,F
,153133,1088,0,1839,-0087,0.519,0.852,17.28,8.28,10.69,F
,153141,1136,0,1741,-0.029,0.457,0.868,6.26,-1.07,-18.59,F
,153143,1118,0,2065,-0.014,0.431,0.851,2.03,-717,-25.28,F
,153144,1111,0,1791,-0013,0.427,0.843,-2.28,-6.12,-2677,F
,1531481,1086,0,1889,-0.031,0.454,0.839,-17.68,-8.53,-39.51,F
,153167,1171,0,1881,-0076,0.179,1.080,-112.51,-6.29,-9.86,F
,153182,1081,0,2127,0.12,-0.209,1.034,-125.22,-44.26,38.24,F
,1531901,1077,0,2006,0.182,-0.508,1.029,-125.53,-46.48,39.14,F
,153199,1031,0,1591,0.192,-0.545,0.939,-81.67,-38.10,-31.23,F
,153202,1023,0,1629,0.43,-0.608,0.930,-24.95,24.79,-3.67,F
,1532061,1034,0,2032,0.96,-0.547,0.803,-9.48,-6.42,-12.33,F
,1532081,1015,0,1792,0.03,-0.572,0.805,-16.74,-20.59,-5.43,F
,153216,1136,0,1959,0.263,-0.529,0.839,3.10,1.6,3.78,F
,153222,1135,0,1982,0.06,-0.58,0.827,7.20,-7.45,13.7,F
,1532321,1035,0,2002,0.58,-0.568,0.749,21.74,-0.65,8.4,F
,153254,1124,0,1997,0.93,-0.576,0.829,-4.43,634,8.46,F
,153259,1129,0,1883,0.59,-0.564,0.806,-9.18,1.07,22.77,F
,153264,1133,0,1766,0.354,-0.573,0.734,-28.42,1.74,13.99,F
,153269,1155,0,2063,0.376,-0.61,0.669,-31.88,0.47,2355,F
,1532711,1168,0,1709,0.35,-0.646,0.657,-33.03,.81,24.8,F
,153275,1040,0,2071,0.341,-0.65,0.605,-26.19,.47,12.10,F
,1532891,1088,0,1807,0.277,-0.682,0.624,-3.36,1.33,1.07,F
,1533031,1082,0,1662,0.98,-0.62,0.628,16.32,1.45,-3.45,F
,153308,1076,0,2071,0.308,-0.765,0.589,13.72,14.17,-1473,F
,153309,1079,0,1681,0.301,-0.779,0.582,12.03,11.53,-19.61,F
,153311,1087,0,1885,0.78,-0.798,0.548,10.01,7.20,-20.0,F
,153315,1053,0,1435,0.296,-0.787,0.528,14.44,30.92,-9.3,F
,153317,1046,0,2011,0.278,-0.766,0.538,16.64,37.12,-1551,F
,1533321,996,0,886,0.286,-0.708,0.568,-16.66,3.19,-1734,F
,153334,992,0,1823,0.318,-0.726,0.603,-16.84,44.97,-12.50,F
,153335,988,0,1728,0.291,-0.71,0.598,12.75,5.28,-12.77,F
,1533371,994,0,834,0.311,-0.739,0.595,-14.11,39.15,-1876,F
,1533431,1061,0,1742,0.361,-0.755,0.549,-23.25,44.91,-876,F
,153344,1070,0,1936,0.357,-0.749,0.543,-22.84,2.72,-10.07,F
,153355,1190,0,1978,0.423,-0.793,0.717,-34.71,41.58,-1.83,F
,153369,1110,0,1917,0.454,-0.716,0.882,17.05,417,5.17,F
,153382,1115,0,1974,0.373,-0.739,0.668,28.03,-4.32,2098,F
,1533901,1107,0,1968,0.350,-0.72,0.649,20.96,-6.41,19.29,F
,153399,1117,0,1776,0.279,-0.778,0.639,32.32,-7.00,1608,F
,153404,1115,0,1990,0.191,-0.767,0.560,37.42,-3.52,17.33,F
,153428,995,0,938,0.228,-0.84,0.457,-10.38,49.21,-17.49,F
,1534291,994,0,773,0.218,-0.849,0.465,8.45,4788,-20.54,F
,153432,994,0,2030,0.221,-0.814,0.477,-5.88,4778,-25.81,F
,1534341,985,0,042,0.259,-0.810,0.481,-9.85,54.86,-27.9,F
,153437,1009,0,1917,0.54,-0.802,0.474,-21.91,54.11,-3.87,F
,153440,1051,0,1667,0.246,-0.801,0.460,-27.16,46.57,-42.38,F
,153444,1088,0,1920,0.00,-0.738,0.441,-24.31,42.83,-4.72,F
,1534481,1090,0,1802,0.315,-0.71,0.440,-12.52,60.22,-5.97,F
,153452,1155,0,1161,0.233,-0.476,0.483,13.29,71.87,-4451,F
,1534601,1157,0,1411,0.241,-0.346,0.868,48.16,12.98,2.9,F
,153461,1141,0,1691,0.195,-0.327,0.962,50.13,116.80,1390,F
,153479,1142,0,1379,0.84,-0.766,1.053,62.27,1.33,24.29,F
,153484,1156,0,1831,0.326,-0.761,1.002,46.52,-2.74,22.4,F
,1534901,1143,0,1683,0.235,-0.642,0.970,45.69,-.55,23.9,F
,153494,1117,0,1584,0.86,-0.598,0.969,27.52,-1.26,24.05,F
,153512,1072,0,1737,0.87,-0.510,0.656,52.47,-26.82,1419,F
,1535151,1104,0,1654,0.16,-0.58,0.488,50.45,-14.91,11.71,F
,1535161,1063,0,1747,0.25,-0.509,0.424,46.96,-7.80,12.4,F
,1535201,959,0,265,0.132,-0.539,0.406,4.15,8.2,-0.22,F
,1535231,917,0,1680,0.16,-0.59,0.459,18.16,10.86,-4.8,F
,1535261,926,0,694,0.087,-0.585,0.558,3.16,1797,-4.45,F
,153527,922,0,611,0.138,-0.572,0.607,3.07,2457,-6.76,F
,1535301,934,0,565,0.120,-0.585,0.688,6.50,37.10,-12.3,F
,1535341,925,0,818,0.062,-0.54,0.774,6.00,38.86,-16.9,F
,1535361,953,0,747,0.139,-0.576,0.826,9.48,36.48,-22.1,F
,153539,922,0,1838,0.10,-0.586,0.842,1.47,43.85,-33.8,F
,1535401,926,0,406,0.048,-0.597,0.896,15.48,56.80,-28.2,F
,1535431,950,0,730,0.081,-0.542,0.872,.97,58.07,-23.7,F
,153557,1078,0,1499,0.11,-0.478,0.764,-52.03,1.45,-61.51,F
,153565,1260,0,1814,0.348,-0.59,0.849,-38.25,41.23,-3.02,F
,153571,1207,0,1676,0.12,-0.644,1.761,-14.81,5.01,5.2,F
,153573,1213,0,2003,0.08,-0.576,1.721,-3.45,27.33,3.3,F
,1535951,1146,0,1998,0.274,-0.514,0.873,9.60,-2.32,23.7,F
,1536001,1147,0,1746,0.54,-0.578,0.941,8.06,-2.57,17.8,F
,153601,1147,0,1821,0.206,-0.588,0.939,8.29,-23.54,17.5,F
,1536161,990,0,2047,0.067,-0.27,0.252,84.53,3033,30.5,F
,1536171,944,0,2001,0.00,-0.27,0.254,83.20,3042,34.3,F
,1536181,944,0,911,0.035,-0.261,0.260,0.35,2855,37.50,F
,153619,925,0,2145,0.017,-0.269,0.267,78.27,2732,43.87,F
,1536221,854,0,2022,0.116,-0.41,0.310,72.42,28.77,54.4,F
,153624,855,0,016,0.127,-0.481,0.349,0.59,41.39,56.39,F
,1536251,891,0,1966,0.128,-0.543,0.412,68.88,4585,57.6,F
,153628,974,0,629,0.135,-0.621,0.674,80.01,4390,49.7,F
,1536361,1061,0,1949,0.114,-0.67,0.883,30.30,5.76,5.1,F
,1536391,1049,0,1890,0.070,-0.690,0.963,26.97,33.65,-5.0,F
,1536451,1088,0,1930,0.093,-0.59,0.887,28.97,6.56,-1103,F
,1536491,979,0,2058,0.051,-0.57,0.950,-11.07,3.36,-2242,F
,1536501,975,0,1583,0.065,-0.592,0.976,-13.32,2.74,-2560,F
,153651,976,0,1744,0.077,-0.606,1.003,-12.31,22.86,-2694,F
,153652,990,0,2130,0.086,-0.611,1.018,-7.38,25.30,-25.4,F
,1536551,982,0,2079,0.064,-0.516,0.978,.09,44.19,-15.3,F
,153656,976,0,032,0.048,-0.469,0.967,5.45,4466,-15.74,F
,1536731,1047,0,1642,0.218,-0.640,1.035,-24.05,4.74,-2.24,F
,153675,1039,0,1985,0.38,-0.65,1.150,-34.38,3.65,-1.70,F
,153677,987,0,243,0.260,-0.771,1.260,31.27,5.91,-20.41,F
,1536801,939,0,1685,0.27,-0.768,1.368,-18.09,1.76,-21.6,F
,153681,927,0,2065,0.260,-0.719,1.360,-16.03,-.24,-1992,F
,153683,929,0,2064,0.235,-0.655,1.408,24.77,-6.12,-18.47,F
,153688,940,0,955,0.212,-0.493,1.515,3.06,-3.64,-4.62,F
,1536931,938,0,1899,0.126,-0.397,1.378,.99,-4769,15.53,F
,1536941,937,0,1723,0.071,-0.38,1.302,0.21,-4.84,19.75,F
,153696,993,0,975,0.06,-0.387,1.166,3.19,-5.32,21.09,F
,1536971,993,0,1977,0.089,-0.375,1.200,0.41,-58.12,23.56,F
,153705,982,0,871,0.030,-0.526,0.617,7.77,-5331,42.71,F
,1537061,969,0,2112,0.086,-0.54,0.567,.77,-64.07,40.63,F
,153709,970,0,2099,0.120,-0.55,0.448,.74,-7288,36.17,F
,153710,987,0,857,0.120,-0.535,0.422,.72,-66.65,37.3,F
,1537111,996,0,1987,0.11,-0.542,0.438,.34,-60.44,38.10,F
,1537141,1020,0,1840,0.105,-0.548,0.415,-12.46,47.98,4.44,F
,1537191,1033,0,2007,0.163,-0.600,0.407,-6.06,-28.42,37.15,F
,153727,999,0,1899,0.170,-0.66,0.472,20.49,-8.59,2173,F
,153729,991,0,1990,0.194,-0.67,0.457,22.54,-4.82,18.80,F
,1537311,944,0,2018,0.231,-0.671,0.460,31.90,-1.67,11.52,F
,1537321,918,0,2098,0.227,-0.692,0.459,-32.98,-1.38,8.0,F
,1537341,916,0,1735,0.228,-0.707,0.485,28.96,-6.16,4.40,F
,153737,923,0,1995,0.247,-0.712,0.500,13.96,686,1.71,a5
,1537441,897,0,2041,0.200,-0.73,0.515,11.48,20.40,-4.64,F
,153747,880,0,1911,0.21,-0.775,0.530,-6.64,1320,-11.1,F
,1537481,875,0,1951,0.272,-0.80,0.554,3.77,6.34,-19.9,F
,1537491,895,0,841,0.255,-0.804,0.520,-6.60,1.68,-28.4,F
,153752,905,0,1982,0.299,-0.845,0.451,-10.08,-.19,-4651,F
,1537561,912,0,2099,0.242,-0.755,0.391,0.41,4440,-15.29,F
,153758,919,0,080,0.20,-0.701,0.429,17.52,7295,-6.1,F
,1537641,883,0,2145,0.273,-0.770,0.541,-25.03,4.50,-2829,F
,1537651,893,0,1782,0.274,-0.80,0.562,22.86,39.85,-2642,F
,1537661,913,0,1802,0.275,-0.80,0.533,18.78,38.19,-2421,F
,153767,926,0,893,0.280,-0.805,0.551,-6.28,4658,-22.53,F
,1537681,993,0,064,0.262,-0.772,0.561,2.81,49.47,-19.00,F
,153772,1101,0,1844,0.24,-0.725,0.528,-11.30,46.11,-1.20,F
,153775,1100,0,1905,0.93,-0.800,0.553,-28.46,32.00,-2.57,F
,153785,1136,0,1965,0.481,-0.785,0.790,-35.58,0.34,-27.46,F
,1537981,1088,0,1903,0.455,-0.703,0.959,22.73,833,0.83,a5
,153802,1073,0,1913,0.19,-0.629,0.827,31.29,-.34,15.0,F
,1538031,1073,0,1948,0.406,-0.648,0.774,25.80,-10.03,1410,F
,1538051,1070,0,1936,0.380,-0.668,0.746,16.39,-9.80,1442,F
,153821,1104,0,1829,0.266,-0.76,0.675,27.36,-38.19,2465,F
,153831,912,0,1920,0.19,-0.798,0.311,41.29,-4.06,18.8,F
,153832,789,0,1767,0.195,-0.808,0.288,0.55,-47.95,15.5,F
,1538331,788,0,1843,0.234,-0.809,0.228,6.03,-47.87,16.5,F
,153834,720,0,1725,0.27,-0.828,0.185,29.94,-4.30,16.29,F
,153836,702,0,1666,0.20,-0.850,0.114,3.89,-2.56,19.04,F
,1538381,688,0,1856,0.318,-0.866,0.073,19.28,-793,12.5,F
,153839,676,0,1609,0.34,-0.894,0.106,17.33,-164,7.42,a5
,153840,617,0,1836,0.290,-0.88,0.072,10.42,7.82,5.33,
,1538411,640,0,724,0.283,-0.905,0.105,.13,12.3,1.84,F
,153844,715,0,1840,0.222,-0.92,0.302,11.02,1573,-2.5,F
,1538451,716,0,558,0.245,-0.889,0.252,8.04,2481,-0.67,F
,1538461,671,0,872,0.286,-0.903,0.273,3.39,36.75,-4.21,F
,1538481,667,0,914,0.257,-0.909,0.344,1.93,50.58,-9.3,F
,1538491,671,0,945,0.231,-0.887,0.363,4.89,5660,-8.61,F
,153850,672,0,1766,0.22,-0.913,0.393,5.18,5912,-10.61,F
,1538531,766,0,1833,0.231,-0.907,0.429,-21.36,4.70,-2589,F
,1538541,793,0,858,0.226,-0.904,0.437,20.75,38.94,-2885,F
,153856,826,0,1877,0.258,-0.87,0.427,-24.78,3.97,-34.47,F
,1538591,805,0,1867,0.27,-0.872,0.403,-22.57,49.04,-4158,F
,1538601,848,0,713,0.272,-0.866,0.406,25.22,50.51,-4488,F
,153861,828,0,1600,0.243,-0.84,0.377,-28.72,5.55,-4742,F
,153877,1034,0,1782,0.18,-0.20,0.520,31.14,8.41,-3045,F
,1538781,1038,0,1843,0.101,-0.194,0.584,34.61,8.76,-20.93,F
,153880,1039,0,2090,0.143,-0.217,0.767,40.38,11.41,-287,F
,153883,1035,0,1923,0.170,-0.31,1.035,50.24,16.26,28.48,F
,153888,1072,0,2006,0.77,-0.582,1.388,80.81,9.00,52.10,F
,153889,1078,0,1813,0.432,-0.63,1.398,80.59,8.48,48.7,F
,153890,1070,0,1746,0.446,-0.703,1.366,82.70,74.51,52.1,F
,153900,1071,0,1650,0.406,-0.848,1.118,69.37,8.29,24.8,F
,1539201,1104,0,1491,0.55,-0.53,0.970,33.78,-5.87,3039,F
,153921,1136,0,1879,0.052,-0.588,0.928,37.95,-5.80,3069,F
,153927,1070,0,1812,0.067,-0.536,0.612,48.61,-2.97,21.06,F
,1539381,461,0,1947,0.113,-0.621,0.385,.46,13.32,3.42,
,153941,560,0,763,0.098,-0.636,0.548,17.54,2310,3.04,a5
,1539421,624,0,1936,0.15,-0.624,0.601,6.68,26.02,-1.3,F
,1539431,620,0,1791,0.00,-0.603,0.631,1.71,30.78,-2.65,F
,153944,621,0,1683,0.062,-0.58,0.666,1.54,3735,-2.70,F
,153946,624,0,1872,0.093,-0.595,0.709,7.43,43.5,-6.68,a5
,153947,642,0,1728,0.083,-0.59,0.733,4.65,44.1,-9.48,F
,1539481,673,0,1744,0.06,-0.601,0.768,.99,45.91,-11.0,F
,1539501,695,0,2000,0.06,-0.609,0.781,.52,48.16,-14.2,F
,153955,770,0,1963,0.118,-0.609,0.831,6.64,34.34,-28.3,F
,153956,795,0,1707,0.120,-0.61,0.837,-11.61,3.58,-31.89,F
,1539581,799,0,904,0.078,-0.637,0.849,-3.10,4680,-33.55,F
,153961,851,0,1831,0.080,-0.602,0.823,-7.01,4101,-31.58,F
,153963,896,0,1755,0.138,-0.60,0.819,12.69,30.29,-3560,F
,153969,964,0,840,0.208,-0.619,0.772,25.47,22.71,-45.57,F
,153970,969,0,903,0.215,-0.620,0.757,-26.72,23.47,-4740,F
,153978,1008,0,1970,0.227,-0.57,0.991,-37.32,1.61,-41.23,F
,153982,976,0,758,0.197,-0.506,1.336,-21.56,31.16,-3270,F
,153983,982,0,1840,0.199,-0.48,1.377,21.41,2.93,-28.50,F
,153985,955,0,1741,0.231,-0.474,1.453,6.55,29.94,-14.33,F
,1539871,1014,0,1711,0.277,-0.49,1.434,11.92,2.29,-7.02,F
,1539891,989,0,850,0.25,-0.463,1.296,3.68,28.16,-0.1,F
,1540011,919,0,1535,0.27,-0.50,0.896,3.02,-780,20.46,F
,154004,944,0,1934,0.251,-0.527,0.898,23.84,-880,24.89,F
,154007,944,0,063,0.219,-0.535,0.908,24.36,-13.37,27.4,F
,154008,949,0,1997,0.247,-0.536,0.925,25.39,-1.13,26.6,F
,1540101,974,0,1795,0.209,-0.526,0.926,29.25,-1.26,28.4,F
,1540131,992,0,2060,0.247,-0.530,0.907,30.59,-19.32,29.6,F
,1540141,987,0,1760,0.222,-0.511,0.921,7.39,-1.66,29.56,F
,1540151,974,0,1702,0.18,-0.53,0.953,5.36,-18.74,31.36,F
,1540161,1001,0,1819,0.194,-0.537,0.939,21.86,-19.95,3066,F
,154019,944,0,1947,0.16,-0.55,0.944,8.12,-2.29,31.46,F
,154020,930,0,878,0.159,-0.573,0.928,33.05,-20.12,31.5,F
,154024,950,0,833,0.116,-0.581,0.762,44.18,-14.80,31.6,F
,1540311,593,0,1853,0.160,-0.610,0.436,1.68,-13.19,23.9,F
,154044,660,0,166,0.093,-0.664,0.612,-4.00,4316,-7.74,F
,154045,654,0,1916,0.01,-0.683,0.635,13.70,42.78,-9.4,F
,1540461,646,0,1659,0.096,-0.693,0.662,19.55,4.20,-11.67,F
,154050,661,0,938,0.136,-0.757,0.768,-20.45,2.05,-3061,F
,154052,654,0,1888,0.12,-0.765,0.759,-16.55,3.75,-3432,F
,1540531,657,0,1954,0.149,-0.765,0.741,-14.34,3.56,-3438,F
,1540571,726,0,1863,0.134,-0.726,0.704,27.38,5.46,-40.76,F
,154058,771,0,1923,0.16,-0.702,0.697,32.92,50.58,-4642,F
,1540591,818,0,2028,0.131,-0.723,0.718,-37.58,41.47,-5230,F
,154061,882,0,725,0.168,-0.744,0.715,-40.92,2.25,-67.42,F
,1540621,896,0,1839,0.167,-0.744,0.694,43.03,2.23,-73.52,F
,154064,911,0,1837,0.12,-0.66,0.618,36.92,23.97,-73.35,F
,154066,917,0,1924,0.19,-0.592,0.518,-38.81,24.16,-7618,F
,1540671,950,0,879,0.176,-0.548,0.531,45.30,2.45,-82.24,F
,154073,926,0,1887,0.07,-0.215,0.573,.92,71.33,-60.8,F
,154074,961,0,1452,0.02,-0.11,0.602,0.93,105.21,-4265,F
,154075,961,0,1991,-0.050,-0.006,0.628,30.93,19.78,-2.43,F
,1540771,951,0,997,-0.105,0.141,0.789,30.58,130.34,-0.8,F
,1540791,944,0,1535,-0.179,0.114,1.075,3.26,114.84,23.4,F
,1540811,998,0,1956,-0.087,-0.057,1.337,1.98,9142,52.6,F
,154087,1054,0,2010,0.451,-0.723,1.620,79.43,8.06,68.7,F
,1540881,1053,0,1788,0.475,-0.821,1.617,81.89,80.28,68.0,F
,1540911,1037,0,1936,0.492,-0.888,1.384,71.97,4.57,27.1,F
,154094,995,0,872,0.31,-0.806,1.321,78.93,17.29,-0.5,F
,154095,977,0,1505,0.37,-0.79,1.260,5.74,9.0,2.00,F
,154097,979,0,1931,0.26,-0.761,1.170,75.14,-0.32,9.24,F
,1541001,960,0,2032,0.208,-0.657,1.123,68.94,-3.25,12.8,F
,1541031,965,0,1719,0.167,-0.52,1.095,4.67,-10.58,20.6,F
,1541051,946,0,1813,0.130,-0.473,1.077,4.33,-1.37,25.58,F
,1541061,919,0,1834,0.082,-0.478,1.040,5.74,-989,30.25,F
,1541071,895,0,842,0.052,-0.486,1.063,28.76,-760,34.2,F
,154111,967,0,1798,0.012,-0.450,1.109,5.23,-1.59,44.89,F
,1541131,990,0,2355,-0.05,-0.408,1.057,28.04,-5.90,47.52,F
,154116,992,0,1814,-0.136,-0.379,1.055,-4.95,-20.04,4153,F
,1541211,961,0,1801,-0.061,-0.62,0.901,23.04,-9.49,2075,F
,154126,855,0,1939,0.001,-0.471,0.486,94.13,-914,42.10,F
,1541271,791,0,855,0.146,-0.428,0.353,7.43,-937,30.42,F
,1541281,783,0,857,0.108,-0.373,0.309,5.97,-8.74,17.7,F
,1541321,625,0,1915,0.035,-0.466,0.363,3.67,-18.61,-2.2,F
,1541331,566,0,1799,0.079,-0.49,0.401,5.84,-22.44,-1.0,F
,154136,539,0,1673,0.00,-0.519,0.460,11.13,2.9,2.48,
,1541411,662,0,045,0.09,-0.428,0.642,12.00,4071,2.54,F
,154142,668,0,1862,-0.21,-0.432,0.696,-5.33,3.53,-1.66,F
,154144,647,0,1839,-0.49,-0.446,0.777,-14.81,31.10,-1.17,F
,154149,629,0,1954,0.094,-0.52,0.862,-0.19,39.00,-31.0,F
,1541501,679,0,1647,0.000,-0.524,0.906,0.09,37.90,-30.5,F
,154156,717,0,1894,0.05,-0.491,0.832,14.64,3.20,-36.07,F
,154158,727,0,1509,0.060,-0.515,0.859,19.21,20.77,-4665,F
,154160,832,0,1759,0.054,-0.537,0.864,-22.83,1.29,-52.09,F
,154161,866,0,1711,0.075,-0.531,0.854,19.88,10.40,-4726,F
,154167,909,0,1782,0.152,-0.46,0.784,-28.51,3.59,-4340,F
,1541691,912,0,007,0.194,-0.515,0.792,25.97,22.48,-4596,F
,1541761,915,0,991,0.200,-0.473,1.247,31.62,4.64,-32.90,F
,154177,917,0,1767,0.168,-0.47,1.369,-26.35,53.79,-2459,F
,154178,944,0,1493,0.153,-0.455,1.500,-18.95,6.52,-14.51,F
,154179,980,0,1987,0.117,-0.42,1.552,-11.21,6.65,-6.67,F
,154181,969,0,1729,0.115,-0.395,1.631,.55,43.8,-5.95,F
,154182,970,0,1653,0.15,-0.37,1.640,8.81,33.1,-9.57,a5
,154188,893,0,1882,0.235,-0.413,1.243,4.75,1132,1.67,F
,1541891,885,0,2175,0.225,-0.440,1.163,3.40,9.1,4.31,F
,1541921,890,0,893,0.220,-0.413,1.089,9.86,-255,5.33,F
,154199,889,0,2069,0.28,-0.426,1.053,31.42,-1.71,25.78,F
,1542001,854,0,888,0.173,-0.406,1.035,1.66,-851,30.57,F
,154202,885,0,1706,0.18,-0.425,1.036,31.33,-731,36.1,F
,154203,891,0,1690,0.15,-0.405,1.131,38.24,-717,32.57,F
,154207,925,0,1837,0.152,-0.404,1.065,5.29,-18.55,35.47,F
,1542081,922,0,1770,0.14,-0.406,1.048,23.13,-1.17,35.67,F
,1542091,903,0,730,0.104,-0.418,1.051,9.14,-13.34,38.02,F
,1542101,902,0,011,0.17,-0.417,1.098,17.37,-1.65,37.1,F
,154216,931,0,1584,0.039,-0.455,0.996,9.13,-17.87,40.78,F
,154219,865,0,1921,0.034,-0.528,0.856,7.97,-24.10,38.89,F
,1542201,834,0,766,0.034,-0.577,0.825,36.41,-2.85,37.9,F
,1542211,848,0,1945,0.048,-0.58,0.753,47.43,-31.09,35.24,F
,1542231,710,0,1920,0.02,-0.62,0.608,69.60,-32.50,28.4,F
,154225,654,0,833,0.069,-0.547,0.470,1.83,-28.88,21.82,F
,154227,570,0,1882,0.102,-0.497,0.427,5.65,-2.64,11.30,F
,154229,499,0,749,0.16,-0.50,0.376,23.25,-3.61,-0.7,F
,154230,499,0,039,0.120,-0.515,0.356,8.18,-3012,-4.5,F
,154232,465,0,1746,0.112,-0.55,0.381,-10.22,-4.76,-668,F
,154237,587,0,459,0.11,-0.666,0.518,-14.42,2.74,-1468,F
,1542381,629,0,1995,0.108,-0.62,0.616,-0.86,34.68,-13.5,F
,154239,638,0,1787,0.109,-0.612,0.623,3.21,4758,-13.8,F
,154240,701,0,952,0.102,-0.600,0.635,10.38,5.73,-1320,F
,1542431,725,0,1705,0.040,-0.584,0.739,-30.20,65.79,-2155,F
,1542461,766,0,1902,0.066,-0.674,0.861,-40.28,3.42,-4567,F
,1542471,783,0,1747,0.05,-0.68,0.862,-39.71,2.75,-5140,F
,154255,1076,0,1918,0.083,-0.617,0.865,-47.32,58.34,-6.96,F
,1542601,1101,0,1976,0.32,-0.64,0.834,-36.90,5.50,-8.71,F
,154262,1105,0,2146,0.143,-0.56,0.770,-22.45,7.04,-8.64,F
,1542691,1168,0,1950,-0078,-0.076,0.62,-8.23,44.23,-8.17,F
,154278,1229,0,2132,0.160,-0.161,1.496,29.37,91.39,20.3,F
,1542831,1186,0,1685,0.24,-0.41,1.506,80.75,7.42,20.2,F
,1542901,1124,0,1776,0.385,-0.55,1.285,82.33,4.20,25.2,F
,154295,1130,0,2047,0.303,-0.565,1.208,58.87,2.22,35.7,F
,1542971,1125,0,1616,0.284,-0.556,1.087,63.80,8.49,38.7,F
,154300,1129,0,1847,0.205,-0.443,1.119,54.27,9.32,42.4,F
,154303,1115,0,1761,0.079,-0.33,1.097,30.49,291,46.54,F
,1543081,1115,0,1794,0.060,-0.31,1.114,40.38,-.84,55.4,F
,154311,1111,0,1807,-0053,-0.62,1.105,28.30,10.21,5.20,F
,1543151,1115,0,1744,-0.083,-0.331,0.925,39.45,-38.64,5.05,F
,1543191,942,0,1955,-0.045,-0.34,0.648,66.81,-5.78,4538,F
,1543201,929,0,1923,-0.064,-0.35,0.577,68.35,-7.46,4568,F
,154322,896,0,724,0.04,-0.307,0.441,9.74,-3.14,44.5,F
,1543381,834,0,1695,-0.097,-0.346,0.937,-18.25,0.68,2.4,F
,154356,976,0,735,0.062,-0.428,0.894,-22.74,4.38,-8.22,F
,1543581,975,0,1680,0.06,-0.410,0.885,-26.93,4.75,-1256,F
,1543601,981,0,1761,0.07,-0.406,0.917,33.27,24.51,-23.51,F
,1543641,981,0,1856,0.075,-0.414,0.923,-38.14,1.75,-21.03,F
,1543671,991,0,1611,0.130,-0.41,0.896,16.67,11.24,-2470,F
,154368,994,0,1890,0.100,-0.347,0.941,-17.91,2.64,-1929,F
,154369,982,0,808,0.084,-0.337,1.041,-20.63,3.63,-1122,F
,154370,987,0,1833,0.00,-0.349,1.162,23.30,46.26,-5.60,F
,1543761,965,0,1808,-0.00,-0.277,1.664,12.35,2.28,20.4,F
,154377,966,0,695,-0.075,-0.262,1.643,13.31,1.31,20.13,F
,154381,1008,0,2055,0.23,-0.315,1.366,29.33,1.39,35.1,F
,154383,955,0,853,0.08,-0.329,1.179,31.22,-447,43.7,F
,154387,1008,0,1875,-0035,-0.379,1.11,30.58,-11.09,5.37,F
,1543901,1002,0,1908,-0.064,-0.379,1.096,39.89,10.59,5.19,F
,154392,994,0,1959,-0.96,-0.396,1.083,39.29,-11.26,6451,F
,1543941,992,0,2131,-0.36,-0.459,0.965,41.52,-7.22,72.66,F
,1544001,995,0,1947,-0.152,-0.336,1.044,38.71,-11.38,73.58,F
,1544011,993,0,1650,-0.171,-0.320,1.054,36.99,-12.55,7356,F
,1544021,995,0,1802,-0.198,-0.325,1.023,35.37,-13.98,7433,F
,1544031,939,0,1920,-0.200,-0.333,1.002,31.54,-14.88,75.35,F
,1544061,970,0,1683,-0.241,-0.349,1.017,19.58,-21.14,66.45,F
,1544071,916,0,1675,-0.198,-0.341,0.971,17.89,-24.19,61.07,F
,1544091,923,0,1673,-0.292,-0.367,0.939,30.93,-3.61,6439,F
,1544111,918,0,1799,-0.80,-0.388,0.867,35.31,-4.93,6350,F
,1544131,891,0,1930,-0.229,-0.429,0.760,38.82,-5.19,5787,F
,1544141,786,0,1825,-0.226,-0.431,0.712,43.05,-6.21,5681,F
,1544151,833,0,778,-0.69,-0.452,0.663,48.90,-24.30,55.00,F
,154418,845,0,1942,-0.48,-0.438,0.490,52.49,-.91,52.0,F
,154422,826,0,668,-0.18,-0.445,0.451,35.83,1.55,32.7,F
,154423,829,0,1776,-0.28,-0.445,0.479,28.94,15.52,25.70,F
,154425,831,0,1751,-0.61,-0.451,0.545,22.73,1.84,14.65,F
,1544261,831,0,999,-0.166,-0.430,0.628,18.58,781,10.17,F
,154431,862,0,906,-0.208,-0.396,0.798,2.99,3266,-8.38,F
,1544321,858,0,1939,-0.222,-0.397,0.820,-4.14,3.45,-1114,F
,1544341,850,0,1791,-0.236,-0.413,0.889,1.54,36.52,-15.1,F
,154435,851,0,786,-0.211,-0.401,0.888,3.36,3161,-18.83,F
,154437,858,0,2154,-0.34,-0.390,0.882,8.55,22.89,-28.47,F
,1544381,870,0,1669,-0.219,-0.366,0.871,10.71,1.32,-30.82,F
,154439,864,0,1774,-0.197,-0.376,0.874,7.48,1698,-32.99,F
,154441,873,0,1471,-0.153,-0.360,0.881,4.24,17.36,-37.7,F
,154448,889,0,1728,-0.03,-0.434,0.914,-12.58,.01,-56.01,F
,1544501,891,0,1910,-0.065,-0.410,0.899,-5.12,1.82,-51.71,F
,154452,911,0,2002,-0.61,-0.354,0.868,-6.89,2.95,-4509,F
,154454,919,0,1849,-0.19,-0.363,0.879,-16.71,9.18,-50.70,F
,154459,961,0,705,0.011,-0.300,0.900,12.78,16.51,-49.80,F
,1544601,938,0,1776,0.007,-0.295,0.964,22.35,1.26,-55.20,F
,1544611,926,0,1662,0.064,-0.31,1.014,26.92,7.38,-61.57,F
,154463,922,0,2099,-0.25,-0.356,1.223,-18.16,7.85,-5.33,F
,154465,891,0,1856,-0.26,-0.298,1.431,-3.42,4.40,-45.17,F
,154469,868,0,1874,-0.154,-0.205,1.671,8.91,3987,-26.9,F
,154475,825,0,1841,-0.53,-0.239,1.354,41.83,1.88,-3.3,F
,1544881,874,0,769,0.00,-0.295,1.141,4.67,-1.88,26.78,F
,154492,857,0,1857,0.04,-0.354,1.126,50.12,-332,33.1,F
,154498,914,0,1633,-0.02,-0.266,1.053,34.75,-7.57,2365,F
,1545031,821,0,1799,-0.114,-0.22,0.869,40.56,-0.73,30.95,F
,1545041,730,0,001,-0.216,-0.335,0.899,47.51,-.80,33.27,F
,154508,639,0,1711,-0.105,-0.328,0.670,55.86,3.53,24.71,F
,154516,592,0,1682,-0.071,-0.31,0.568,6.24,1600,-0.85,F
,1545191,656,0,1722,-0.61,-0.36,0.728,18.07,767,-5.71,F
,154521,712,0,1869,-0.37,-0.313,0.763,31.19,2.71,-7.90,F
,154522,702,0,1891,-0.019,-0.21,0.808,22.41,2.56,-11.02,F
,154523,713,0,1535,-0.48,-0.245,0.775,16.56,2.12,-13.81,F
,1545251,734,0,1861,-0.86,-0.28,0.777,-2.98,3.84,-19.66,F
,154526,739,0,1890,-0.70,-0.260,0.856,-5.51,3.97,-2241,F
,1545271,720,0,1535,-0.74,-0.268,0.873,-5.94,3.29,-2480,F
,154529,681,0,1959,-0.100,-0.26,0.883,-6.69,26.20,-28.94,F
,154534,715,0,1824,0.003,-0.30,0.945,.14,14.4,-43.3,F
,1545371,754,0,712,-0.097,-0.216,0.905,-0.34,4.17,-30.67,F
,1545491,797,0,1867,-0.20,-0.247,0.964,-30.81,8.91,-42.35,F
,154550,793,0,1991,0.002,-0.30,1.021,25.45,6.86,-45.17,F
,154551,848,0,822,0.034,-0.328,1.036,21.82,205,-46.4,F
,154553,907,0,906,-0.011,-0.291,0.945,-11.68,.61,-41.80,F
,1545541,909,0,840,0.039,-0.28,0.885,10.19,11.33,-34.38,F
,1545551,935,0,1882,0.07,-0.284,0.860,-10.16,1.61,-33.75,F
,154557,963,0,1943,0.128,-0.29,0.823,-4.20,1463,-42.22,F
,1545581,966,0,1789,0.13,-0.266,0.833,-10.98,1.30,-50.33,F
,154559,961,0,2021,0.073,-0.224,0.912,15.76,2.04,-48.77,F
,1545611,944,0,2101,0.029,-0.26,1.205,-38.84,2.68,-38.99,F
,1545681,931,0,949,-0.40,-0.244,1.679,8.12,9.8,-0.79,F
,1545721,902,0,156,-0.15,-0.217,1.320,32.99,6.29,14.89,F
,1545731,899,0,1904,-0.003,-0.226,1.270,31.37,3.53,18.26,F
,154575,893,0,1806,0.006,-0.28,1.204,0.09,-4.74,20.87,F
,1545761,898,0,031,0.006,-0.265,1.155,7.49,-448,23.39,F
,1545781,897,0,918,-0.026,-0.249,1.100,30.58,-.45,27.01,F
,154579,902,0,1750,0.007,-0.29,1.120,27.98,-14.41,25.49,F
,154580,903,0,2235,0.022,-0.29,1.114,1.33,-15.28,25.2,F
,154585,818,0,1986,0.004,-0.28,1.079,4.96,-15.00,37.5,F
,154591,851,0,1377,-0.060,-0.28,1.165,37.33,-7.37,49.68,F
,1545931,862,0,1883,-0.083,-0.278,1.118,41.17,-5.83,42.74,F
,1545961,857,0,1813,-0.029,-0.232,1.060,44.33,-4.07,43.36,F
,1545971,844,0,877,-0.58,-0.254,1.003,41.63,-3.83,42.65,F
,1546001,848,0,803,-0.66,-0.277,0.909,35.94,-.64,43.01,F
,1546031,711,0,1851,-0.90,-0.315,0.776,23.69,-.53,40.84,F
,154604,723,0,2032,-0.052,-0.38,0.723,29.81,2.25,37.76,F
,1546051,734,0,904,-0.43,-0.381,0.683,31.69,092,33.18,F
,154606,753,0,1830,-0.055,-0.393,0.660,32.76,-.16,29.35,F
,1546121,751,0,1996,-0.008,-0.394,0.557,28.45,1.45,14.19,F
,1546131,752,0,709,0.09,-0.39,0.575,4.79,15.59,10.78,F
,1546161,739,0,1879,-0.003,-0.412,0.700,11.40,965,-8.39,F
,1546181,742,0,1654,0.08,-0.364,0.709,1.28,9.20,-12.2,F
,154619,751,0,2058,0.024,-0.32,0.718,14.39,1643,-16.09,F
,154621,735,0,1803,-0.045,-0.27,0.780,-7.35,3.90,-17.74,F
,1546221,737,0,1735,-0.051,-0.26,0.845,-12.02,6.60,-20.06,F
,1546231,751,0,1895,-0.072,-0.312,0.887,-16.03,7.52,-22.53,F
,1546291,757,0,1895,-0.024,-0.318,0.913,0.27,1842,-34.91,F
,1546321,765,0,772,-0.008,-0.25,0.873,-6.28,2.37,-36.33,F
,1546331,763,0,1918,0.03,-0.29,0.861,12.08,27.35,-38.67,F
,1546361,738,0,009,0.07,-0.197,0.857,24.42,2.36,-46.21,F
,154639,846,0,2112,0.016,-0.35,0.916,-20.78,4.57,-48.64,F
,1546411,876,0,2071,0.059,-0.338,0.876,-15.59,413,-44.99,F
,154642,880,0,1696,0.075,-0.29,0.862,-20.26,970,-44.25,F
,154644,889,0,069,0.085,-0.285,0.853,28.71,1.59,-42.07,F
,154647,895,0,1935,0.125,-0.30,0.859,24.03,28.51,-3822,F
,1546491,902,0,2151,0.081,-0.272,0.868,-19.50,2.28,-37.96,F
,1546501,901,0,749,0.064,-0.28,0.984,18.52,23.68,-42.24,F
,1546511,912,0,1613,0.02,-0.276,1.032,17.84,2.04,-43.98,F
,1546561,926,0,1798,-0.050,-0.235,1.617,-20.02,0.95,-11.49,F
,1546571,921,0,1889,-0.066,-0.237,1.683,-13.10,7.93,-6.21,F
,1546601,905,0,1745,-0.051,-0.201,1.685,15.39,1.61,-6.10,F
,1546621,896,0,1995,0.031,-0.164,1.495,0.35,1370,2.28,F
,1546631,903,0,1808,0.016,-0.209,1.386,29.08,7.1,3.73,F
,1546671,890,0,2041,0.070,-0.206,1.140,4.12,-048,19.93,F
,1546691,797,0,1735,0.067,-0.22,1.110,27.31,-679,21.03,F
,154674,787,0,662,0.007,-0.23,1.116,4.56,-722,36.04,F
,1546751,848,0,1808,0.021,-0.24,1.113,3.95,-11.87,36.89,F
,154677,889,0,1906,0.033,-0.22,1.111,33.55,-15.40,40.5,F
,1546791,893,0,1850,0.05,-0.248,1.112,9.72,-847,44.13,F
,1546801,891,0,1716,-0.007,-0.153,1.289,59.33,713,42.0,F
,1546811,891,0,1917,0.026,-0.218,1.184,49.37,-342,45.18,F
,1546851,912,0,1831,-0.024,-0.225,1.121,40.71,-0.22,46.34,F
,1546881,915,0,1810,-0.042,-0.283,1.064,33.13,-.92,45.0,F
,1546891,917,0,1731,-0.052,-0.316,1.025,33.95,-1.86,46.0,F
,1546901,906,0,1831,-0.079,-0.324,0.974,43.55,394,47.5,F
,1546951,789,0,1855,-0.012,-0.350,0.643,57.95,701,37.24,F
,1546961,784,0,1914,-0.004,-0.344,0.590,54.82,698,33.09,F
,1546971,755,0,979,0.09,-0.33,0.510,8.73,6.97,28.69,F
,1546981,742,0,065,0.020,-0.348,0.496,42.20,1145,22.51,F
,1547041,737,0,1787,-0.019,-0.471,0.606,10.91,10.16,-2.30,F
,1547071,683,0,808,-0.59,-0.39,0.722,18.84,3.20,-2.8,F
,1547081,732,0,1593,-0.093,-0.316,0.747,2.76,4142,-5.6,F
,154709,746,0,1984,-0.081,-0.31,0.827,-8.84,37.96,-10.91,F
,1547101,707,0,1968,-0.085,-0.361,0.889,-16.96,4.14,-15.17,F
,1547161,745,0,1984,-0.107,-0.303,0.957,1.62,2297,-25.5,F
,1547211,719,0,1890,-0.007,-0.333,0.962,-8.90,22.00,-28.38,F
,154722,722,0,1971,-0.010,-0.34,0.972,-3.03,25.90,-30.88,F
,1547271,815,0,1813,-0.022,-0.314,0.918,-23.80,6.80,-3.16,F
,1547301,825,0,954,0.012,-0.354,0.960,-23.94,2.24,-38.13,F
,1547321,830,0,1792,0.034,-0.351,0.945,19.53,2.96,-35.87,F
,154733,842,0,1961,0.012,-0.353,0.922,16.64,2.42,-3540,F
,1547341,851,0,1730,0.07,-0.36,0.917,14.55,26.39,-36.47,F
,154735,863,0,1751,0.077,-0.325,0.878,15.73,3.10,-38.54,F
,1547371,853,0,104,0.027,-0.30,0.899,19.22,30.81,-41.06,F
,1547381,853,0,1680,0.00,-0.26,0.916,24.54,32.22,-41.26,F
,1547391,851,0,1680,0.015,-0.29,1.013,-28.90,34.71,-4163,F
,1547421,917,0,2185,-0.05,-0.32,1.147,-20.90,9.24,-3.31,F
,1547501,875,0,1887,-0.082,-0.204,1.348,1.45,2576,-13.1,F
,1547511,875,0,1936,-0.061,-0.213,1.324,5.34,2358,-10.2,F
,1547611,854,0,1985,0.06,-0.29,1.094,2.52,4.95,13.75,F
,1547651,794,0,1785,0.011,-0.287,1.071,31.91,3.0,24.60,F
,154771,825,0,1919,0.010,-0.310,1.121,9.26,-067,32.6,F
,1547721,832,0,1899,0.024,-0.340,1.160,30.65,1.1,30.43,F
,1547741,848,0,1911,-0.33,-0.36,1.168,31.10,-.42,34.23,F
,1547761,849,0,1949,-0.69,-0.22,1.166,41.94,-3.55,41.73,F
,1547811,887,0,1847,0.044,-0.155,1.300,29.77,-685,28.98,F
,1547831,897,0,503,-0.091,-0.287,1.196,42.61,567,46.25,F
,154793,867,0,1664,-0.127,-0.328,0.781,59.31,-0.30,3767,F
,1547961,721,0,1712,0.001,-0.35,0.541,1.11,-21.16,29.09,F
,1547981,704,0,1744,0.02,-0.390,0.431,6.23,-1.91,18.2,F
,1548051,726,0,2083,0.062,-0.465,0.517,.67,12.1,-15.23,F
,1548071,739,0,1780,-0.029,-0.363,0.585,1.57,3451,-15.80,F
,154809,733,0,1979,-0.061,-0.322,0.742,-21.84,0.81,-20.25,F
,1548121,694,0,1514,-0.098,-0.383,0.940,-27.79,3.32,-3.43,F
,154817,747,0,840,-0.081,-0.297,0.969,-12.06,17.18,-38.04,F
,154820,832,0,911,-0.025,-0.307,0.991,-23.44,5.70,-40.94,F
,154826,853,0,983,-0.005,-0.349,0.961,-20.69,8.77,-41.46,F
,1548271,855,0,2000,0.027,-0.346,0.929,-20.54,14.03,-43.60,F
,1548291,865,0,1886,0.068,-0.332,0.916,-23.04,924,-49.43,F
,1548311,890,0,2139,0.121,-0.362,0.894,-23.99,1.56,-47.35,F
,1548321,902,0,1769,0.114,-0.33,0.871,21.87,2.53,-4497,F
,1548341,901,0,1886,0.18,-0.350,0.801,-19.91,2.37,-46.88,F
,154836,899,0,1482,0.100,-0.304,0.855,17.48,1.22,-4935,F
,1548371,905,0,643,0.13,-0.27,0.957,-22.40,19.06,-50.74,F
,1548381,909,0,2013,0.111,-0.301,0.991,-26.51,1.79,-53.23,F
,1548391,909,0,1776,0.00,-0.305,1.122,-24.28,1.61,-48.12,F
,1548411,897,0,1889,0.062,-0.242,1.349,-21.12,33.32,-31.22,F
,154842,874,0,1906,0.026,-0.23,1.448,15.93,38.42,-21.63,F
,1548441,883,0,1575,-0.001,-0.21,1.586,-5.97,3.10,-11.80,F
,1548471,854,0,1727,-0.001,-0.27,1.597,11.75,1.97,-0.71,F
,154849,816,0,2006,0.034,-0.23,1.426,0.21,7.04,6.28,F
,1548501,833,0,1983,0.041,-0.25,1.385,4.73,1.41,10.02,F
,154851,838,0,2059,0.04,-0.246,1.313,31.63,-181,15.4,F
,1548521,837,0,799,0.094,-0.268,1.263,5.66,-619,16.6,F
,1548541,839,0,958,0.11,-0.279,1.173,7.48,-1.15,21.8,F
,1548551,843,0,910,0.11,-0.269,1.155,6.16,-1.61,25.3,F
,154858,855,0,1949,0.094,-0.30,1.097,35.63,-986,38.83,F
,1548621,848,0,1811,0.03,-0.336,1.130,6.24,-1.36,48.0,F
,1548681,897,0,1903,0.03,-0.349,0.906,49.25,-1.76,51.0,F
,1548701,896,0,878,0.045,-0.270,1.138,8.35,-995,51.5,F
,1548721,898,0,1671,-0.57,-0.340,1.153,23.39,-2.01,57.53,F
,1548781,889,0,1819,-0.23,-0.365,0.925,47.66,-0.30,46.25,F
,1548791,886,0,940,-0.46,-0.411,0.843,54.30,-0.56,49.47,F
,154881,878,0,1808,0.039,-0.40,0.674,56.73,-1.48,44.86,F
,1548821,869,0,1879,0.040,-0.411,0.600,7.25,-1.68,40.26,F
,1548841,739,0,1725,0.063,-0.404,0.527,2.09,1.78,35.76,F
,1548851,382,0,2091,0.029,-0.38,0.474,62.26,10.80,33.71,F
,1548861,206,0,1879,0.02,-0.388,0.473,5.48,13.50,28.11,F
,1548891,0,0,1867,0.049,-0.424,.461,3493,7.42,18.04,F
,1548911,64,0,104,0.09,-0.456,0.457,1.65,0.9,10.60,F
,1548921,174,0,1943,0.050,-0.44,0.454,10.07,2.3,5.79,F
,154893,430,0,1846,0.066,-0.46,0.466,3.43,9.76,4.00,F
,1548971,597,0,1917,0.051,-0.411,0.640,0.13,4648,-5.60,F
,154898,611,0,1759,0.014,-0.37,0.691,-2.80,4898,-11.61,F
,1549011,653,0,856,-0.025,-0.38,0.852,-24.71,1.64,-27.98,F
,1549031,695,0,2063,-0.037,-0.427,0.920,-25.07,3.64,-32.47,F
,1549051,709,0,1814,-0.018,-0.41,0.938,-18.60,5.87,-35.80,F
,1549091,839,0,1713,0.039,-0.408,0.889,0.58,3217,-36.9,F
,1549101,816,0,1902,0.010,-0.34,0.909,-1.97,30.65,-41.74,F
,154911,833,0,1791,0.011,-0.35,0.952,-14.08,26.83,-47.51,F
,1549121,833,0,1984,0.011,-0.34,0.937,-24.45,19.44,-53.34,F
,1549161,848,0,1715,0.101,-0.39,0.866,20.25,25.06,-48.13,F
,1549171,854,0,872,0.111,-0.39,0.813,14.23,35.78,-4537,F
,1549181,861,0,1847,0.150,-0.39,0.788,-10.89,3.65,-47.11,F
,154919,861,0,894,0.179,-0.40,0.740,-10.89,3.55,-53.25,F
,1549201,862,0,095,0.11,-0.342,0.748,14.31,3.92,-56.13,F
,1549231,838,0,1787,0.15,-0.313,0.923,37.18,3.84,-60.36,F
,1549241,844,0,814,0.15,-0.293,1.063,45.18,3.27,-58.47,F
,1549351,843,0,1831,-0.34,-0.26,1.558,12.78,2.47,-9.77,F
,1549361,848,0,929,-0.005,-0.29,1.493,23.55,26.13,-7.8,F
,1549371,847,0,1887,0.003,-0.20,1.403,0.81,23.06,-5.29,F
,1549381,845,0,1966,0.03,-0.19,1.312,29.63,1539,-4.22,F
,1549401,848,0,1678,0.01,-0.227,1.205,9.07,3.9,3.58,F
,154941,848,0,2089,0.086,-0.25,1.154,2.03,1.87,4.77,
,1549441,855,0,1886,0.056,-0.261,1.113,4.07,2.7,17.59,F
,1549451,853,0,1807,0.081,-0.281,1.105,3.78,-332,17.58,F
,1549461,837,0,2109,0.107,-0.306,1.057,36.82,-624,18.07,F
,1549481,834,0,694,0.055,-0.24,1.060,43.78,0.0,24.17,F
,154949,832,0,1856,0.064,-0.26,1.085,38.47,-062,28.68,F
,1549501,832,0,934,0.075,-0.31,1.057,36.68,-453,30.91,F
,154951,833,0,1882,0.071,-0.261,1.088,3.34,-7.45,32.33,F
,1549531,830,0,1875,0.08,-0.30,1.117,33.81,-844,36.10,F
,1549541,831,0,1846,0.03,-0.310,1.123,7.98,-505,38.07,F
,1549551,834,0,1776,0.043,-0.308,1.118,2.36,-306,40.22,F
,1549571,852,0,1978,0.163,-0.24,1.056,23.81,-9.11,19.32,F
,1549581,853,0,1868,0.101,-0.196,1.191,0.96,-520,36.77,F
,1549591,847,0,846,0.007,-0.26,1.182,23.34,-12.41,39.78,F
,154972,862,0,1797,-0.104,-0.368,0.866,58.91,-0.61,34.74,F
,1549741,862,0,770,-0.085,-0.35,0.723,64.65,-26.45,28.80,F
,1549771,785,0,1797,0.02,-0.35,0.519,7.33,-17.86,23.17,F
,1549781,749,0,1950,0.041,-0.35,0.479,62.41,-1.58,22.11,F
,1549791,669,0,1779,0.03,-0.35,0.457,1.57,-5.45,21.04,F
,1549801,624,0,1837,0.06,-0.35,0.434,38.01,1.3,17.52,F
,1549811,623,0,1781,0.087,-0.38,0.450,5.13,5.15,12.28,F
,1549821,727,0,1974,0.067,-0.390,0.470,17.80,9.5,9.15,F
,1549831,713,0,1762,0.09,-0.41,0.499,17.29,1599,7.81,F
,1549841,731,0,1713,0.087,-0.415,0.515,5.43,2155,7.71,F
,1549871,752,0,1861,0.028,-0.331,0.625,4.09,51.18,0.68,F
,1549881,700,0,1904,0.07,-0.31,0.675,.10,52.83,-4.61,F
,154997,841,0,1856,-0.082,-0.289,0.998,-3.91,4.22,-22.76,F
,1549991,848,0,126,-0.050,-0.38,1.011,-7.09,3.50,-24.30,F
,155002,874,0,1955,0.010,-0.31,0.989,1.41,25.78,-36.36,F
,1550051,867,0,097,-0.052,-0.25,0.988,-16.80,3.62,-33.90,F
,1550091,880,0,978,0.024,-0.375,1.021,-19.25,1.29,-40.41,F
,155012,891,0,1994,0.039,-0.300,0.863,-10.25,1.13,-36.16,F
,1550171,929,0,507,0.114,-0.35,0.838,-23.50,883,-45.67,F
,1550191,944,0,1968,0.104,-0.318,0.840,33.44,16.40,-39.78,F
,1550221,951,0,533,0.130,-0.30,1.038,-30.31,2.98,-39.75,F
,1550281,911,0,1794,-0.031,-0.24,1.645,-21.50,9.45,-14.36,F
,1550291,903,0,1870,-0.63,-0.26,1.659,-11.03,1.04,-8.47,F
,1550341,923,0,911,0.023,-0.24,1.348,31.00,-297,0.72,F
,1550371,865,0,1777,0.06,-0.20,1.109,37.68,-995,7.85,F
,1550381,863,0,1882,0.070,-0.23,1.074,33.08,-13.43,7.4,F
,1550401,857,0,2699,0.084,-0.256,0.981,7.60,-1.74,12.49,F
,1550411,862,0,1763,0.076,-0.217,0.973,0.36,-5.14,17.2,F
,1550431,858,0,1870,0.04,-0.24,1.006,26.84,-638,17.94,F
,1550461,851,0,1639,0.06,-0.24,1.054,3.78,-5.78,32.25,F
,1550471,853,0,1938,0.00,-0.24,1.052,31.84,-6.07,32.6,F
,1550491,855,0,1830,0.056,-0.25,1.060,0.65,-11.46,32.92,F
,1550541,861,0,1851,0.054,-0.20,1.117,34.01,-1.65,38.33,F
,1550551,863,0,1774,0.06,-0.24,1.118,24.71,-1.64,40.84,F
,1550631,869,0,1822,0.008,-0.31,0.944,7.95,-24.68,37.03,F
,1550671,875,0,775,0.08,-0.38,0.700,51.22,-9.19,33.23,F
,1550681,877,0,1833,0.01,-0.39,0.650,50.12,0.74,36.48,F
,1550691,882,0,810,0.042,-0.410,0.615,9.94,11.90,37.39,F
,1550701,877,0,1726,0.007,-0.40,0.590,2.59,21.74,40.42,F
,1550711,880,0,825,0.003,-0.372,0.575,9.98,27.20,42.74,F
,1550741,890,0,1840,0.043,-0.40,0.567,22.49,11.20,15.46,F
,1550761,893,0,1879,0.09,-0.45,0.589,17.86,1.1,5.91,
,1550771,896,0,1713,0.04,-0.44,0.637,13.25,4.3,5.09,
,155084,896,0,1879,-0.014,-0.42,0.867,-5.22,2.12,-1870,F
,1550881,901,0,1796,-0.025,-0.37,0.927,-11.48,0.33,-2.11,F
,155089,903,0,1878,-0.016,-0.32,0.941,-11.04,29.85,-25.06,F
,155090,901,0,1922,0.001,-0.37,0.955,-10.40,3.19,-2821,F
,155091,903,0,2011,0.016,-0.36,0.952,-8.00,2388,-28.0,F
,155092,901,0,1938,0.040,-0.355,0.942,12.32,20.10,-33.54,F
,1550931,902,0,2010,0.09,-0.35,0.925,-12.93,1.55,-37.35,F
,155097,914,0,1786,0.054,-0.34,0.930,-20.03,2.54,-4102,F
,1550981,914,0,083,0.093,-0.336,0.932,22.93,19.47,-43.37,F
,155099,913,0,1903,0.055,-0.34,0.938,20.67,20.34,-45.64,F
,1551001,913,0,837,0.075,-0.346,0.918,15.70,17.58,-45.11,F
,155101,915,0,1906,0.099,-0.337,0.905,-12.87,1.68,-4569,F
,155102,919,0,1694,0.091,-0.317,0.883,15.59,1.55,-45.64,F
,1551031,928,0,1981,0.05,-0.29,0.854,-16.84,1.62,-4470,F
,1551061,930,0,1875,0.157,-0.27,0.839,-19.65,23.21,-49.77,F
,1551081,925,0,927,0.118,-0.287,0.833,-20.90,2.24,-4600,F
,155109,927,0,1828,0.138,-0.238,0.950,25.96,33.39,-42.68,F
,1551101,926,0,2081,0.111,-0.218,1.036,36.92,3.03,-39.02,F
,1551121,918,0,1845,0.057,-0.22,1.283,-43.12,3.78,-28.35,F
,1551161,906,0,1783,-0.004,-0.24,1.615,-13.33,34.68,-5.54,F
,155122,889,0,1903,0.104,-0.22,1.340,23.02,1533,14.05,F
,1551231,886,0,2085,0.099,-0.20,1.278,9.00,15.23,20.63,F
,155124,887,0,1856,0.103,-0.208,1.249,1.74,1489,25.68,F
,1551251,887,0,087,0.122,-0.215,1.230,0.00,11.82,29.12,F
,1551261,885,0,859,0.122,-0.229,1.210,7.02,6.0,31.32,F
,1551301,898,0,1984,0.095,-0.27,1.195,30.87,-113,39.2,F
,1551311,899,0,1850,0.060,-0.26,1.225,8.52,1.96,38.69,F
,1551321,899,0,1879,0.085,-0.30,1.188,36.61,-1.48,42.48,F
,155133,896,0,1493,0.092,-0.294,1.165,38.24,-0.71,41.87,F
,1551341,905,0,1815,0.050,-0.29,1.166,36.42,0.29,42.28,F
,1551351,909,0,2002,-0.66,-0.489,1.144,57.48,-3.31,45.96,F
,1551361,907,0,1930,0.03,-0.345,1.085,6.87,-15.78,41.35,F
,1551381,904,0,1786,0.033,-0.27,1.119,48.32,-12.38,44.55,F
,155143,912,0,1861,0.006,-0.27,1.111,36.38,-1.80,43.81,F
,1551451,922,0,968,-0.70,-0.274,1.118,36.75,-2.01,4651,F
,1551471,942,0,1877,-0.23,-0.27,1.071,39.02,-.36,51.9,F
,1551481,935,0,876,-0.116,-0.244,1.071,39.45,-.10,51.6,F
,1551521,918,0,1923,-0.42,-0.286,0.950,40.29,-5.86,3547,F
,155154,907,0,1789,-0.155,-0.35,0.770,47.25,-8.04,2891,F
,1551551,896,0,1795,-0.057,-0.31,0.679,50.91,-45.80,24.77,F
,155160,848,0,1758,0.09,-0.369,0.417,1.80,-13.45,14.71,F
,155162,816,0,2059,0.021,-0.34,0.385,5.51,2.08,8.11,F
,155163,816,0,1813,0.009,-0.37,0.403,24.24,4.3,7.00,F
,1551661,826,0,2031,0.05,-0.443,0.490,8.13,-122,-2.1,F
,1551721,850,0,1888,-0.23,-0.267,0.750,-2.25,5.90,-1306,F
,1551791,864,0,853,0.033,-0.322,0.944,.58,19.41,-34.58,F
,1551801,870,0,670,0.019,-0.28,0.910,0.49,30.42,-31.83,F
,1551811,867,0,1831,0.022,-0.273,0.907,1.09,4029,-27.69,F
,155184,871,0,1858,0.057,-0.274,0.917,17.45,44.29,-27.90,F
,155185,903,0,839,0.076,-0.293,0.912,28.81,35.55,-33.45,F
,1551861,907,0,801,0.026,-0.34,0.907,26.71,26.87,-33.58,F
,1551871,910,0,737,0.077,-0.33,0.896,31.67,10.69,-38.41,F
,1551881,915,0,1759,0.082,-0.303,0.894,33.25,-3.55,-43.71,F
,155189,941,0,1968,0.204,-0.39,0.846,-26.09,-.38,-47.77,F
,155190,950,0,302,0.215,-0.407,0.811,13.65,-.30,-4709,F
,1551921,991,0,1920,0.220,-0.35,0.760,-15.91,10.36,-39.51,F
,1551951,1078,0,1763,0.239,-0.39,0.661,-22.14,24.58,-37.64,F
,1552001,1162,0,1399,0.158,-0.23,1.220,-49.36,10.25,-53.98,F
,155212,1007,0,1951,0.182,-0.20,1.520,8.96,-2.76,31.88,F
,1552181,1045,0,1357,0.206,-0.216,1.198,31.02,-6.03,42.60,F
,1552201,1066,0,1968,0.236,-0.272,1.178,17.57,-9.14,47.82,F
,155224,1047,0,1941,0.195,-0.33,1.195,28.07,-2.30,53.67,F
,1552301,1042,0,1929,0.134,-0.46,1.151,16.75,-4.35,58.95,F
,1552311,1138,0,1803,0.150,-0.40,1.176,13.23,-2.15,57.52,F
,1552321,1122,0,1535,0.147,-0.47,1.222,3.08,-3.49,56.40,F
,155233,1147,0,1851,0.168,-0.57,1.161,14.33,-8.03,53.93,F
,1552371,1136,0,1957,0.055,-0.44,1.000,29.16,-7.02,39.44,F
,1552381,1137,0,1760,0.020,-0.52,0.945,16.07,-2.42,31.70,F
,1552391,1137,0,2032,0.045,-0.52,0.874,1.29,-4.75,20.51,F
,1552481,1136,0,1920,0.095,-0.40,0.433,-27.15,39.83,-35.29,F
,1552521,943,0,872,0.054,-0.507,0.417,-45.13,-6.12,-42.12,F
,1552531,895,0,1744,0.12,-0.37,0.357,-25.38,-0.50,-31.60,F
,1552541,874,0,831,0.102,-0.40,0.473,-37.09,-0.15,-32.25,F
,1552571,814,0,900,0.047,-0.34,0.489,-50.89,144,-28.35,F
,1552591,852,0,1774,0.00,-0.35,0.612,50.93,-5.32,-24.19,F
,1552601,864,0,637,0.065,-0.36,0.644,-47.64,-.06,-22.13,F
,1552611,873,0,2115,0.05,-0.36,0.673,42.49,-2.62,-1987,F
,1552641,924,0,1666,0.159,-0.367,0.658,-31.15,1.54,-11.51,F
,1552661,941,0,096,0.109,-0.41,0.680,-22.20,29.67,-5.4,F
,1552671,948,0,005,0.139,-0.37,0.704,-32.14,2.83,-9.02,F
,1552691,935,0,772,0.182,-0.42,0.731,-42.74,1.03,-11.35,F
,1552711,944,0,1457,0.28,-0.479,0.772,-43.30,1.85,-10.65,F
,155272,940,0,1997,0.208,-0.475,0.758,35.16,1.00,-7.02,F
,1552731,944,0,1712,0.248,-0.492,0.769,26.64,2.46,-2.35,F
,1552761,976,0,2005,0.25,-0.49,0.687,25.64,38.03,1.2,F
,1552961,1056,0,1904,0.64,-0.53,1.508,24.88,19.87,7.50,F
,155299,1041,0,1919,0.298,-0.59,1.181,30.12,1.84,18.51,F
,1553011,1037,0,1799,0.37,-0.57,1.072,40.06,9.44,23.10,F
,1553031,986,0,1910,0.320,-0.522,1.017,9.42,2.7,26.54,F
,1553041,995,0,1793,0.329,-0.507,0.995,4.97,-3.20,24.1,F
,1553161,1117,0,1989,0.226,-0.56,1.021,34.41,-15.37,3439,F
,1553201,1138,0,1603,0.142,-0.596,0.952,16.36,-4.18,2202,F
,155321,1169,0,1936,0.147,-0.635,0.863,31.89,-1.26,28.19,F
,155325,1168,0,1733,0.083,-0.58,0.926,46.10,-24.90,24.40,F
,1553371,1143,0,1808,0.69,-0.56,0.214,38.36,7.84,20.00,F
,155344,1141,0,1702,0.05,-0.63,0.465,6.97,2000,4.54,F
,1553451,1161,0,1616,0.64,-0.67,0.543,15.05,2.88,4.04,F
,1553471,1162,0,1893,0.38,-0.69,0.578,3.28,35.94,-3.69,F
,1553531,1159,0,1852,0.43,-0.61,0.765,-16.72,32.33,-1.90,F
,1553541,1163,0,1510,0.158,-0.60,0.817,-12.96,6.05,-22.71,F
,1553551,1168,0,2092,0.58,-0.67,0.801,-9.15,2.81,-23.96,F
,1553561,1158,0,1936,0.83,-0.66,0.762,-6.75,3.62,-24.53,F
,1553571,1155,0,1574,0.178,-0.67,0.764,-4.98,37.85,-2508,F
,1553601,1152,0,2003,0.84,-0.54,0.773,-10.35,47.15,-2.70,F
,155362,1105,0,1616,0.179,-0.52,0.766,-19.70,42.07,-27.77,F
,1553691,1111,0,1829,0.287,-0.50,0.600,-18.51,26.78,-32.42,F
,155380,1103,0,1681,0.24,-0.46,1.450,-21.94,2.42,1.20,F
,1553841,1109,0,2047,0.243,-0.50,1.657,11.83,23.35,3.6,F
,1553881,1114,0,1600,0.42,-0.57,1.289,28.62,12.92,13.81,F
,1553981,1115,0,1906,0.333,-0.61,1.077,37.14,-5.14,23.65,F
,155400,1116,0,1712,0.291,-0.63,1.048,38.73,-12.47,32.29,F
,1554021,1117,0,1765,0.95,-0.69,1.017,29.89,-19.69,3272,F
,155408,1113,0,1633,0.268,-0.70,0.762,33.46,-37.06,1159,F
,1554101,1104,0,2016,0.223,-0.72,0.897,19.84,-21.97,1405,F
,1554141,1071,0,1872,0.226,-0.78,0.695,18.84,-37.17,-609,F
,155418,1125,0,1823,0.171,-0.66,0.526,-8.54,-20.76,-1.49,F
,155419,1063,0,1865,0.196,-0.62,0.492,-18.11,-19.49,-9.95,F
,1554201,1007,0,1762,0.61,-0.68,0.437,-27.22,-19.25,-24.65,F
,1554211,945,0,587,0.144,-0.667,0.411,33.03,-19.78,-28.53,F
,1554221,883,0,1919,0.18,-0.674,0.364,33.33,-22.51,-31.77,F
,1554231,855,0,1866,0.129,-0.674,0.338,30.13,-24.96,-33.09,F
,1554241,852,0,1750,0.140,-0.66,0.336,-24.71,-26.84,-35.90,F
,1554251,849,0,1833,0.136,-0.622,0.321,17.65,-27.48,-36.65,F
,1554261,859,0,712,0.126,-0.57,0.295,-11.97,-25.66,-3.51,F
,1554281,883,0,730,0.115,-0.486,0.251,15.42,-16.91,-39.61,F
,1554291,880,0,1934,0.111,-0.477,0.355,26.72,-14.09,-40.94,F
,1554301,886,0,1833,0.04,-0.428,0.346,30.20,-0.53,-37.13,F
,1554341,876,0,802,0.133,-0.478,0.456,35.61,1.31,-21.90,F
,155435,857,0,701,0.147,-0.472,0.449,25.12,1.15,-14.54,F
,1554361,880,0,2005,0.126,-0.45,0.461,-15.03,24.57,-8.39,F
,1554371,875,0,1802,0.12,-0.43,0.478,-7.67,29.38,-5.3,F
,1554381,941,0,1659,0.17,-0.441,0.492,6.98,3120,-6.00,F
,155439,942,0,1763,0.184,-0.42,0.502,-10.84,30.43,-8.65,F
,1554401,958,0,885,0.195,-0.46,0.519,-17.04,28.89,-9.8,F
,1554411,945,0,1858,0.21,-0.498,0.546,20.69,27.85,-8.54,F
,1554421,946,0,871,0.227,-0.535,0.570,21.38,2.17,-5.93,F
,155444,990,0,1946,0.305,-0.58,0.591,-9.42,34.72,-1.9,F
,1554451,1022,0,1971,0.02,-0.581,0.607,-3.41,39.23,-0.3,F
,1554461,1043,0,1662,0.29,-0.50,0.611,-1.67,41.59,-0.77,F
,155448,1051,0,1532,0.45,-0.60,0.631,-6.02,47.47,-1.9,F
,1554551,1059,0,1734,0.26,-0.75,0.661,-10.89,44.54,-1.54,F
,1554561,1059,0,1763,0.425,-0.76,0.679,-8.52,44.95,-18.41,F
,1554621,1077,0,1936,0.468,-0.69,0.725,-17.65,33.96,-3.78,F
,1554631,1079,0,1872,0.455,-0.60,0.784,-21.27,38.33,-3.71,F
,1554641,1079,0,1936,0.468,-0.60,0.910,-17.85,44.87,-2.15,F
,155472,1045,0,1845,0.430,-0.51,1.369,18.87,18.81,-2.91,F
,155473,1056,0,1827,0.42,-0.56,1.336,24.99,12.52,-2.4,F
,155485,1058,0,1648,0.34,-0.53,0.878,35.87,-15.80,1739,F
,1554881,1053,0,1907,0.392,-0.55,0.876,34.84,-12.36,2512,F
,1554901,1051,0,1760,0.377,-0.54,0.880,37.05,-13.78,31.04,F
,1554921,1040,0,1632,0.369,-0.53,0.902,34.32,-13.69,2955,F
,1555041,995,0,1867,0.26,-0.647,0.625,3.77,-1.79,14.52,F
,1555061,982,0,878,0.212,-0.61,0.448,57.75,-8.90,17.26,F
,155507,982,0,1914,0.23,-0.631,0.400,6.94,-841,22.28,F
,1555081,983,0,1859,0.246,-0.63,0.354,49.22,-7.78,22.54,F
,1555111,1015,0,1743,0.284,-0.60,0.196,23.48,-6.10,16.87,F
,1555171,1014,0,1999,0.352,-0.75,0.213,18.16,11.39,5.55,F
,1555301,1070,0,1712,0.301,-0.60,0.666,-12.71,26.03,-8.64,F
,1555311,1072,0,1847,0.344,-0.66,0.656,-17.33,26.65,-10.61,F
,1555341,1072,0,1605,0.349,-0.75,0.708,-24.67,24.43,-18.41,F
,1555381,1080,0,1868,0.358,-0.64,0.641,-17.56,31.21,-1.68,F
,155545,1104,0,1522,0.408,-0.69,0.536,-34.03,25.29,-2.52,F
,1555471,1111,0,1629,0.387,-0.62,0.582,-30.66,22.42,-25.35,F
,1555501,1127,0,2151,0.466,-0.69,0.644,-22.06,15.73,-34.12,F
,1555521,1179,0,1644,0.395,-0.55,0.744,-25.85,40.46,-24.39,F
,1555611,1158,0,1973,0.395,-0.57,1.519,21.77,15.18,10.94,F
,1555871,1136,0,1872,0.262,-0.81,0.838,35.08,-31.08,34.43,F
,1555881,1136,0,1949,0.290,-0.81,0.764,32.81,-6.61,30.14,F
,1555951,1103,0,1776,0.274,-0.82,0.436,-13.03,6.96,10.75,F
,1556001,1050,0,1923,0.327,-0.88,0.214,-44.42,-40.35,-23.54,F
,1556021,1047,0,2011,0.324,-0.84,0.163,-55.30,39.51,-35.34,F
,1556041,1040,0,1784,0.259,-0.71,0.138,-59.38,30.32,-37.34,F
,1556121,1061,0,1776,0.274,-0.62,0.246,-56.26,7.77,-2.75,F
,1556131,1058,0,1703,0.93,-0.62,0.250,-64.32,5.52,-25.26,F
,1556151,1051,0,1471,0.83,-0.66,0.305,-67.99,4.67,-23.29,F
,155627,1072,0,1937,0.435,-0.61,0.337,-34.61,26.91,-9.00,F
,1556301,1077,0,1902,0.451,-0.75,0.292,-23.56,6.98,-1.87,F
,1556491,1110,0,1941,0.15,-0.79,0.972,-4.60,3.30,-12.06,F
,1556501,1088,0,1837,0.597,-0.74,1.026,0.21,3622,-7.51,F
,1556521,1076,0,1979,0.603,-0.60,1.029,11.72,2.32,-2.83,F
,155661,1104,0,1947,0.590,-0.61,0.579,38.15,-18.22,23.26,F
,155665,1184,0,1936,0.589,-0.68,0.536,34.15,-25.45,2840,F
,155670,1180,0,1764,0.545,-0.76,0.547,41.49,-7.55,38.63,F
,1556761,1186,0,1712,0.389,-0.89,0.359,54.00,-0.94,20.89,F
,155683,1088,0,1888,0.296,-0.87,0.135,50.87,-22.48,20.66,F
,1556861,1081,0,1898,0.45,-0.854,-0.04,43.75,-30.30,1.75,F
,1556901,1073,0,2045,0.16,-0.857,-0.17,22.76,-10.33,7.52,F
,155691,1107,0,1787,0.401,-0.84,-0.163,20.62,0.22,8.97,F
,1556931,1095,0,1939,0.06,-0.881,-0.16,18.09,19.74,10.31,F
,1556961,1118,0,1761,0.332,-0.91,0.161,25.08,14.36,-5.4,F
,155699,1116,0,1847,0.02,-0.88,0.123,11.74,3.71,0.28,F
,1557001,1119,0,1798,0.397,-0.89,0.150,-0.72,36.36,0.5,F
,155703,1088,0,1997,0.427,-0.90,0.301,2.03,3791,-3.06,F
,155714,1106,0,1682,0.459,-0.80,0.384,-16.13,37.62,-1.12,F
,1557151,1111,0,1744,0.77,-0.88,0.377,-15.42,34.22,-19.42,F
,1557161,1108,0,1857,0.87,-0.81,0.364,-14.78,35.91,-2.06,F
,1557201,1159,0,1777,0.494,-0.82,0.349,-17.73,35.52,-27.67,F
,1557281,1222,0,1897,0.517,-0.76,0.444,-15.71,32.10,-2.23,F
,1557301,1237,0,1957,0.564,-0.79,0.526,-22.78,6.71,-24.32,F
,155737,1210,0,1429,0.492,-0.63,1.095,2.71,3558,8.57,F
,1557381,1207,0,1942,0.09,-0.62,1.157,3.13,25.24,8.63,F
,155742,1171,0,1616,0.617,-0.68,0.845,27.89,5.06,13.8,F
,155746,1219,0,2037,0.570,-0.68,0.718,44.42,-10.88,1785,F
,155748,1232,0,2011,0.599,-0.61,0.639,45.33,-22.68,18.08,F
,155752,1205,0,1680,0.550,-0.74,0.598,52.13,-11.83,33.27,F
,155756,1210,0,1837,0.544,-0.79,0.596,38.79,-24.26,37.99,F
,1557571,1248,0,1872,0.43,-0.73,0.597,42.03,-29.67,31.29,F
,1557601,1247,0,1987,0.80,-0.79,0.581,59.13,-25.75,2979,F
,1557621,1251,0,1757,0.480,-0.78,0.529,72.41,-32.06,19.44,F
,1557681,1131,0,1898,0.352,-0.73,0.516,92.58,27.71,37.5,F
,1557701,1103,0,1936,0.267,-0.63,0.423,132.71,73.67,61.58,F
,1557761,1019,0,2033,0.50,-0.43,0.227,181.80,106.80,8.00,F
,155779,959,0,1978,-0.068,-0.43,0.239,191.04,114.91,14.14,F
,1557801,932,0,776,-0.040,-0.41,0.239,198.75,115.52,109.62,F
,155782,927,0,669,-0.049,-0.40,0.281,230.38,132.49,17.64,F
,1557861,874,0,1863,-0.139,-0.25,0.450,267.40,162.87,18.62,F
,1557881,818,0,1722,-0.154,-0.17,0.544,260.47,157.06,13.55,F
,1557901,820,0,2041,-0.171,-0.14,0.660,253.42,134.83,107.04,F
,1557911,798,0,1617,-0.172,-0.15,0.708,252.10,124.23,9.50,F
,155800,878,0,2117,-0.283,-0.08,1.227,212.10,97.45,9.32,F
,1558011,902,0,1795,-0.263,0.03,1.256,211.02,98.87,3.12,F
,155802,925,0,1634,-0.10,0.09,1.307,206.99,102.69,-5.51,F
,1558061,964,0,2197,-0.37,0.244,1.399,43.02,82.05,-2425,F
,155807,971,0,747,-0.532,0.24,1.449,37.95,7.58,-24.48,F
,155810,1047,0,1810,-0476,0.29,1.406,104.94,58.87,-31.17,F
,155811,1050,0,1899,-0.470,0.25,1.346,92.12,57.90,-3371,F
,1558171,944,0,2082,-0.497,0.27,1.198,6.45,37.70,-69.52,F
,155821,894,0,035,-0.558,0.306,1.285,8.87,-11.34,-7058,F
,1558221,896,0,2239,-0.17,0.305,1.279,73.34,-17.34,-66.25,F
,1558231,950,0,2037,-0.97,0.338,1.188,6.79,-20.15,-6114,F
,155825,825,0,1833,-0.454,0.35,1.099,84.49,-25.74,-5261,F
,1558261,663,0,1883,-0.75,0.385,1.179,9.10,-28.30,-5503,F
,1558291,550,0,1740,-0.73,0.328,0.907,0.75,-18.99,-5621,F
,1558301,511,0,1486,-0.44,0.322,0.850,0.27,-15.02,-51.14,F
,155833,609,0,1661,-0.324,0.24,0.860,51.14,0.68,-46.45,F
,1558341,501,0,1794,-0.33,0.293,0.858,7.71,7.06,-41.26,F
,1558351,722,0,591,-0.305,0.29,0.872,44.15,12.00,-37.92,F
,1558361,768,0,1648,-0.310,0.33,0.858,9.46,1547,-36.16,F
,1558371,807,0,663,-0.360,0.363,0.870,3.11,2150,-28.67,F
,1558381,733,0,1687,-0.81,0.408,0.906,30.42,28.42,-20.70,F
,155839,579,0,1626,-0.446,0.42,0.913,7.78,33.62,-9.64,F
,1558421,646,0,1774,-0.39,0.51,0.905,1.31,1822,-6.0,F
,1558441,414,0,176,-0.406,0.47,0.855,.13,6.9,-6.51,F
,1558451,400,0,1820,-0.16,0.46,0.820,-4.66,7.82,-4.59,F
,1558461,416,0,570,-0.411,0.449,0.831,3.48,10.54,-2.03,F
,1558511,336,0,1878,-0.13,0.490,0.720,-9.24,48.75,-6.15,F
,1558521,380,0,932,-0.545,0.42,0.777,13.51,48.60,-5.67,F
,155853,443,0,838,-0.514,0.35,0.824,18.74,40.00,-6.21,F
,1558551,467,0,1729,-0.504,0.302,0.831,5.62,36.37,-2.12,F
,155856,470,0,1966,-0.00,0.25,0.817,.76,37.04,1.50,
,1558571,474,0,1459,-0.73,0.31,0.845,.58,39.94,4.51,
,1558601,483,0,2069,-0.20,0.365,0.795,0.30,41.79,6.54,F
,1558621,510,0,1989,-0.58,0.42,0.767,17.66,39.93,8.02,F
,155863,637,0,1871,-0.61,0.41,0.814,12.87,3138,4.86,F
,1558661,945,0,1535,-0.54,0.365,0.831,13.08,13.59,8.71,F
,155870,1121,0,1830,-0442,0.290,0.842,31.95,20.75,13.39,F
,155888,1524,0,1881,-0576,0.473,0.748,28.94,31.18,6.46,F
,1558901,1557,0,1843,-0.574,0.41,0.713,19.10,2.50,4.14,F
,1558981,1906,0,1873,-0.543,0.47,0.740,0.10,23.41,-2.4,F
,155899,1899,0,1712,-0.384,0.47,0.750,1.05,24.80,-3.84,F
,155905,2176,0,1894,-0.398,0.50,0.725,16.68,3.23,-8.12,F
,155913,2060,0,2029,-0.571,0.23,0.601,41.58,40.71,8.91,F
,1559191,1313,0,2128,-0.444,0.69,0.823,56.55,52.89,-11.95,F
,1559271,891,0,1758,-0.49,0.58,0.670,51.20,4320,8.97,F
,155929,985,0,2091,-0.90,0.538,0.568,2.21,36.16,4.62,F
,155932,886,0,1171,-0.50,0.500,0.640,2.78,15.71,-6.8,F
,1559331,878,0,405,-0.33,0.588,0.531,-1.09,12.16,-12.09,F
,1559381,876,0,1796,-0.738,0.62,0.713,17.02,4701,0.19,F
,1559391,881,0,1583,-0.788,0.69,0.766,10.29,48.26,-4.82,F
,1559401,905,0,1639,-0.870,0.623,0.827,.96,36.16,-7.06,F
,1559411,922,0,085,-0.53,0.678,0.841,3.13,30.5,-10.91,F
,1559421,970,0,1661,-0.841,0.659,0.833,2.03,21.67,-8.61,F
,1559491,1092,0,2017,-0804,0.53,0.734,1.40,1633,-8.56,F
,1559581,1238,0,1707,-0747,0.32,0.462,-42.17,-5.60,-2.51,F
,155959,1250,0,2183,-0.729,0.37,0.454,-41.29,-6.29,-15.67,F
,1559631,1314,0,2035,-0.659,0.34,0.479,-46.64,17.79,6.9,F
,1559651,1244,0,1669,-0.645,0.41,0.521,-48.40,16.08,1110,F
,155981,1232,0,1807,-0.510,0.14,0.697,-78.86,42.64,-7.49,F
,1559821,1215,0,1907,-0.560,0.16,0.680,-85.53,-40.58,-9.11,F
,1559991,1280,0,1653,-0681,0.294,1.064,-99.19,104.29,10.48,F
,1560041,1141,0,1762,-0.470,0.21,1.090,-110.74,-107.72,0.00,F
,1560141,1054,0,2000,-0.226,-0.64,1.09,-51.06,-89.89,-4.38,F
,1560151,1040,0,1788,-0195,-0.81,1.046,-48.45,-86.45,-3.84,F
,156018,1022,0,1762,-0.118,-0.52,0.960,-56.90,-83.05,2.88,F
,156019,994,0,1823,-0.131,-0.29,0.940,-58.00,-82.56,-0.19,F
,1560281,1205,0,1768,0.103,-0.32,0.694,-48.32,-54.26,2.36,F
,156029,1201,0,1805,0.134,-0.45,0.713,-53.88,-58.50,16.78,F
,1560341,1213,0,1947,0.138,-0.49,0.685,-68.06,-55.60,517,F
,156035,1211,0,1679,0.124,-0.48,0.706,-66.64,-54.73,539,F
,156038,1211,0,1887,0.184,-0.42,0.676,-50.37,-55.40,506,F
,1560411,1213,0,1677,0.66,-0.479,0.603,-43.73,-51.92,-0.99,F
,1560431,1197,0,1968,0.254,-0.47,0.606,-37.00,-41.72,1.97,F
,1560441,1210,0,1742,0.47,-0.457,0.612,-30.98,-37.64,292,F
,1560491,1197,0,1760,0.02,-0.508,0.608,-6.02,-17.13,8.80,F
,1560571,1203,0,1921,0.53,-0.65,0.705,-16.23,-32.19,-5.93,F
,1560591,1216,0,2096,0.34,-0.63,0.692,-20.77,-37.32,-1.98,F
,1560601,1197,0,1891,0.56,-0.69,0.704,-24.40,-37.54,-12.29,F
,1560631,1200,0,1680,0.12,-0.61,0.652,-25.39,-36.53,-13.90,F
,156065,1207,0,1856,0.58,-0.685,0.643,-18.42,-25.37,-12.07,F
,1560691,1200,0,1577,0.342,-0.76,0.629,-28.19,-12.91,-10.35,F
,156073,1184,0,2091,0.369,-0.61,0.647,-9.35,-3.16,-8.4,F
,1560741,1186,0,1807,0.62,-0.688,0.650,-8.48,-1.77,-9.46,F
,156086,1179,0,1745,0.357,-0.62,0.666,20.75,16.68,10.1,F
,1560881,1182,0,1712,0.375,-0.63,0.673,21.89,22.81,10.95,F
,156091,1184,0,1891,0.33,-0.67,0.713,17.66,22.07,9.5,F
,156094,1168,0,1663,0.334,-0.68,0.687,26.87,15.85,12.3,F
,156097,1178,0,1931,0.68,-0.67,0.629,30.29,23.56,16.36,F
,156102,1182,0,1815,0.33,-0.67,0.700,21.63,21.56,8.9,F
,156105,1179,0,1872,0.360,-0.61,0.702,26.90,17.12,6.87,F
,156110,1168,0,1766,0.10,-0.65,0.722,22.53,23.76,1.6,F
,156111,1170,0,1815,0.99,-0.63,0.711,23.40,24.46,1.75,F
,1561151,1167,0,1903,0.53,-0.57,0.711,19.29,19.58,0.3,F
,1561351,1057,0,1978,0.95,-0.642,0.579,23.60,66.49,-2138,F
,1561471,1086,0,1651,0.248,-0.77,0.658,-40.63,34.29,-4.31,F
,1561591,1269,0,1904,0.71,-0.714,1.095,-47.91,25.85,-31.13,F
,1561711,1110,0,1929,0.401,-0.63,0.981,10.30,-17.43,-4.80,F
,1561831,1165,0,1985,0.307,-0.65,0.741,2.65,-38.61,20.78,F
,1561841,1171,0,1853,0.331,-0.69,0.743,2.94,-37.63,20.28,F
,1561881,1123,0,1735,0.244,-0.70,0.729,18.79,-5.26,28.25,F
,1561921,1139,0,2000,0.178,-0.68,0.687,32.27,-2.33,34.33,F
,1561941,1143,0,1849,0.148,-0.68,0.643,22.75,-19.77,29.26,F
,156203,1078,0,1758,0.205,-0.74,0.296,2.75,-61.03,-3.0,F
,1562151,1133,0,1998,0.271,-0.86,0.283,-11.22,5.29,-15.77,F
,1562201,1020,0,1857,0.206,-0.88,0.420,-10.51,64.81,-24.73,F
,1562211,1012,0,1758,0.221,-0.82,0.430,-11.10,61.93,-33.58,F
,1562241,1013,0,1803,0.179,-0.73,0.401,-24.13,75.33,-39.51,F
,1562261,1082,0,1970,0.118,-0.75,0.363,-32.35,81.18,-42.22,F
,1562281,1114,0,1735,0.140,-0.69,0.409,-33.10,67.35,-52.83,F
,1562311,1168,0,1731,0.141,-0.66,0.415,-29.71,46.00,-62.48,F
,1562321,1198,0,1839,0.154,-0.54,0.415,-22.77,5.16,-59.52,F
,1562361,1296,0,1535,0.100,-0.31,0.411,31.63,8.22,-38.06,F
,1562431,1349,0,1789,0.098,-0.22,0.927,57.28,121.49,5.52,F
,156253,1365,0,1712,0.481,-0.63,1.553,96.12,68.03,35.97,F
,156261,1280,0,1839,0.349,-0.85,1.239,85.63,1.04,22.46,F
,1562631,1296,0,1776,0.74,-0.744,1.148,77.10,11.38,25.20,F
,1562711,1265,0,1982,0.171,-0.66,1.092,51.52,-.88,30.68,F
,156272,1271,0,1712,0.086,-0.55,1.152,53.29,-4.30,31.99,F
,1562791,1247,0,1898,0.046,-0.57,1.094,26.87,-16.74,34.48,F
,1562801,1255,0,1801,0.034,-0.55,1.091,29.34,-8.38,3426,F
,1562851,1207,0,1893,-0018,-0.72,0.850,39.36,29.69,27.06,F
,1562871,1199,0,1842,-0033,-0.486,0.74,39.48,-28.73,2.55,F
,1562881,1152,0,1838,0.023,-0.46,0.650,37.37,-26.13,27.59,F
,156290,1133,0,1965,0.010,-0.42,0.567,33.71,-23.54,24.25,F
,1562911,1058,0,1824,0.017,-0.41,0.539,32.68,-3.98,22.23,F
,1562921,997,0,1878,0.02,-0.486,0.541,31.92,-25.22,18.34,F
,1562941,983,0,112,0.07,-0.497,0.474,3.75,-23.81,10.45,F
,1562961,977,0,1917,0.080,-0.49,0.441,5.69,-17.57,4.51,F
,1562991,899,0,1787,0.054,-0.52,0.474,3.54,3.35,-1.49,F
,1563001,937,0,1967,0.067,-0.53,0.517,5.80,5.4,-2.41,F
,1563021,931,0,2043,0.072,-0.51,0.566,14.61,2081,-4.68,F
,1563031,912,0,847,0.07,-0.499,0.581,6.79,36.77,-5.26,F
,1563061,923,0,1954,0.09,-0.492,0.667,2.64,33.32,-13.66,F
,1563071,922,0,1530,0.04,-0.494,0.693,6.05,34.60,-15.31,F
,1563101,965,0,1855,0.052,-0.53,0.777,-5.82,40.43,-12.32,F
,1563111,965,0,1963,0.051,-0.54,0.802,-5.35,43.93,-13.1,F
,1563131,963,0,744,0.00,-0.529,0.839,-7.24,45.65,-16.25,F
,1563141,990,0,2031,0.17,-0.57,0.877,-10.06,4.00,-22.53,F
,156322,1038,0,1920,0.083,-0.56,0.835,-18.29,44.10,-4.87,F
,1563231,1040,0,1635,0.89,-0.553,0.830,-25.64,37.36,-44.21,F
,1563241,1041,0,1830,0.124,-0.53,0.843,-29.33,3.81,-49.16,F
,156325,1044,0,1988,0.21,-0.591,0.840,-28.17,31.47,-50.48,F
,1563271,1058,0,1786,0.124,-0.51,0.813,-26.55,26.29,-49.34,F
,156334,1251,0,1771,0.264,-0.55,0.809,-39.84,7.96,-5413,F
,1563361,1254,0,2096,0.238,-0.48,0.984,-31.99,39.52,-34.12,F
,156337,1249,0,2117,0.219,-0.49,1.088,-34.83,3.99,-29.11,F
,1563401,1200,0,1819,0.26,-0.43,1.461,-20.23,37.53,-1.23,F
,1563411,1190,0,1651,0.27,-0.410,1.542,-16.57,9.35,-12.71,F
,1563421,1173,0,1991,0.151,-0.39,1.587,-13.96,20.55,-1.80,F
,1563431,1190,0,1813,0.99,-0.437,1.612,-6.20,1.16,-8.00,F
,1563501,1072,0,1910,0.250,-0.47,1.135,34.16,846,18.81,F
,156352,1085,0,1850,0.258,-0.40,1.067,32.12,-6.07,18.2,F
,156354,1082,0,1767,0.281,-0.47,0.979,37.97,-8.39,24.66,F
,156355,1088,0,1987,0.271,-0.49,0.950,36.52,-2.74,27.65,F
,1563601,1079,0,1874,0.12,-0.54,1.008,24.85,-21.05,3130,F
,1563701,1091,0,1951,0.03,-0.499,1.006,19.92,-5.37,38.43,F
,1563711,1090,0,1840,0.91,-0.526,0.985,19.83,-8.22,37.46,F
,156374,1070,0,1857,0.063,-0.51,0.910,32.03,-28.55,3342,F
,1563841,912,0,2033,0.01,-0.614,0.415,19.34,-1.52,12.87,F
,156385,863,0,1744,0.04,-0.643,0.373,11.66,-13.80,8.11,F
,1563861,816,0,972,0.11,-0.682,0.384,7.07,-14.58,2.63,F
,156388,832,0,1712,0.099,-0.70,0.354,0.94,-10.16,-5.48,F
,1563891,851,0,920,0.02,-0.717,0.353,2.98,-7.77,-7.67,F
,1563901,848,0,843,0.15,-0.743,0.408,-7.51,-082,-11.09,F
,1563911,935,0,837,0.104,-0.75,0.556,-5.15,4.11,-15.9,F
,1563921,926,0,1616,0.09,-0.703,0.483,11.48,1974,-12.06,F
,1563941,935,0,825,0.115,-0.70,0.510,.05,44.46,-15.64,F
,156396,917,0,1691,0.00,-0.712,0.568,-21.24,5.31,-24.79,F
,1563971,926,0,737,0.058,-0.75,0.620,-27.16,50.07,-28.61,F
,1563981,963,0,012,0.089,-0.78,0.669,-29.07,47.58,-34.88,F
,156399,959,0,1787,0.052,-0.75,0.677,35.07,45.68,-40.45,F
,1564011,963,0,2016,0.068,-0.76,0.713,-37.91,35.30,-55.05,F
,156407,1042,0,1838,0.06,-0.67,0.676,-38.86,32.78,-82.30,F
,1564081,1095,0,2010,0.20,-0.634,0.666,-41.01,0.05,-87.86,F
,1564121,1102,0,1906,0.96,-0.537,0.625,-48.26,0.81,-110.39,F
,1564141,1084,0,1968,0.81,-0.454,0.553,-26.48,15.24,-107.11,F
,1564151,1104,0,1968,0.90,-0.363,0.538,-13.24,9.24,-104.68,F
,1564221,1090,0,1957,-0039,0.073,0.900,6.06,10.02,-25.02,F
,1564241,1079,0,1681,-0.020,0.01,1.149,21.81,120.55,9.5,F
,1564251,1069,0,1924,0.33,0.018,1.232,28.49,119.30,21.20,F
,156427,1074,0,1641,0.41,-0.113,1.453,32.26,16.94,39.06,F
,156431,1083,0,1975,0.03,-0.400,1.672,60.44,13.81,53.09,F
,1564321,1074,0,1911,0.87,-0.467,1.681,59.78,9.88,53.53,F
,156433,1075,0,1987,0.04,-0.573,1.681,58.62,8.25,52.49,F
,156436,1040,0,2054,0.91,-0.751,1.579,67.55,43.56,35.64,F
,156437,1040,0,1984,0.58,-0.757,1.521,71.68,3.34,27.59,F
,1564431,1072,0,1921,0.02,-0.689,1.285,58.33,-.45,23.42,F
,1564451,1075,0,1839,0.45,-0.630,1.229,58.53,-.40,25.71,F
,156453,1063,0,1879,0.69,-0.430,1.114,24.87,-29.22,31.84,F
,1564541,1079,0,1901,0.047,-0.42,1.088,25.62,-30.24,33.61,F
,1564551,1071,0,1956,0.27,-0.394,1.088,27.54,-7.25,35.87,F
,1564561,1075,0,1726,-0003,-0.366,1.076,28.75,22.80,39.42,F
,156458,1077,0,1630,-0030,-0.344,1.065,24.55,21.52,44.16,F
,1564631,1150,0,1763,-0044,-0.435,0.806,40.87,-37.81,42.75,F
,1564651,1127,0,1846,0.31,-0.419,0.644,53.07,-39.19,36.55,F
,1564661,1084,0,1776,0.66,-0.434,0.586,58.82,-36.06,31.75,F
,1564691,880,0,923,0.070,-0.34,0.442,59.80,-2.65,25.18,F
,156470,857,0,1725,0.07,-0.327,0.387,49.83,-12.85,22.7,F
,1564731,719,0,077,0.06,-0.380,0.349,15.16,-969,13.85,F
,1564751,453,0,744,0.121,-0.42,0.390,7.05,-8.58,7.01,F
,1564761,432,0,852,0.114,-0.434,0.390,5.57,-4.65,3.65,
,1564801,466,0,424,0.05,-0.463,0.575,9.36,31.26,6.39,F
,1564821,555,0,974,0.014,-0.45,0.683,4.09,49.12,10.14,F
,1564871,766,0,962,0.004,-0.43,0.820,-14.13,28.33,-13.84,F
,1564901,839,0,636,0.012,-0.48,0.845,-17.10,2.46,-24.18,F
,1564911,850,0,115,0.09,-0.510,0.856,-20.19,25.94,-2398,F
,1564931,861,0,772,0.032,-0.52,0.866,12.00,38.29,-20.41,F
,1564941,882,0,1791,0.09,-0.532,0.884,-4.23,4603,-18.03,F
,1564991,915,0,767,0.036,-0.46,0.852,-16.69,31.84,-36.64,F
,1565001,912,0,1649,0.02,-0.49,0.867,-22.19,2.60,-42.38,F
,156501,931,0,1616,0.06,-0.490,0.862,-26.37,22.08,-4415,F
,1565021,939,0,967,0.13,-0.502,0.836,-27.68,20.23,-43.66,F
,1565031,987,0,161,0.145,-0.54,0.835,-25.94,17.55,-4303,F
,1565051,1008,0,1481,0.01,-0.540,0.812,-14.93,9.65,-42.04,F
,156511,1013,0,1761,0.79,-0.415,1.176,-50.11,24.03,-46.03,F
,1565141,1069,0,1886,0.48,-0.412,1.496,-12.87,4.84,-35.98,F
,156520,1012,0,1795,0.87,-0.266,1.655,14.49,22.55,-1.06,F
,156521,991,0,1908,0.10,-0.273,1.603,18.27,14.46,0.81,F
,1565221,942,0,829,0.181,-0.32,1.397,24.87,1320,8.71,F
,1565231,901,0,1807,0.11,-0.313,1.380,24.20,12.02,11.00,F
,1565241,891,0,1903,0.12,-0.346,1.291,31.87,12.72,16.9,F
,156525,889,0,2016,0.16,-0.338,1.235,39.46,11.55,20.46,F
,156526,886,0,1917,0.15,-0.324,1.168,40.59,7.78,22.13,F
,156529,893,0,1659,0.18,-0.322,1.082,29.29,-10.99,23.46,F
,156531,898,0,2026,0.11,-0.365,1.056,21.17,-10.10,29.58,F
,1565321,906,0,1981,0.17,-0.395,1.059,21.16,-10.19,31.06,F
,1565331,903,0,782,0.131,-0.40,1.072,21.46,-1.00,31.90,F
,156535,907,0,1801,0.06,-0.39,1.086,33.77,-433,39.07,F
,156536,908,0,1717,0.19,-0.389,1.083,36.85,-0.51,40.0,F
,1565381,866,0,821,0.045,-0.36,1.101,25.26,4.25,42.31,F
,1565431,930,0,891,0.016,-0.39,1.078,23.43,-24.58,36.00,F
,1565471,994,0,1625,-0.29,-0.409,0.988,33.31,-18.71,3913,F
,1565501,1031,0,1871,-0048,-0.427,0.849,42.47,-9.20,43.97,F
,1565511,1020,0,1865,-0021,-0.429,0.79,49.84,-9.09,44.49,F
,1565531,922,0,823,-0.018,-0.43,0.691,55.51,-5.37,38.62,F
,1565591,570,0,810,0.051,-0.375,0.490,38.79,-9.80,23.52,F
,156560,466,0,146,0.054,-0.41,0.489,29.74,-400,21.21,F
,1565621,357,0,1858,0.03,-0.457,0.498,13.81,-2.13,18.3,F
,1565641,405,0,1895,0.03,-0.50,0.516,6.93,2.20,16.94,F
,1565671,736,0,1731,0.020,-0.51,0.693,1.43,18.92,9.99,F
,156568,735,0,953,0.013,-0.56,0.700,12.35,2735,10.62,F
,1565751,571,0,923,-0.64,-0.65,0.851,-29.61,36.31,-25.16,F
,1565801,796,0,647,-0.072,-0.69,0.873,-19.84,31.70,-50.21,F
,1565811,816,0,1733,-0.81,-0.621,0.856,-18.80,37.20,-5.68,F
,1565831,875,0,953,-0.067,-0.52,0.796,-24.71,41.30,-58.68,F
,1565871,916,0,1620,-0.073,-0.54,0.777,-47.91,.65,-97.23,F
,156589,945,0,071,-0.103,-0.52,0.725,-25.13,-14.01,-04.25,F
,156590,974,0,620,0.018,-0.30,0.667,-19.50,-4.59,-106.82,F
,1565911,1067,0,1951,-0091,-0.308,0.58,3.84,-13.25,-18.65,F
,1565971,1021,0,1511,-0.235,0.15,0.820,-13.19,66.25,-54.07,F
,1565981,1009,0,1702,-0252,0.122,0.957,-7.94,87.55,-29.28,F
,156599,944,0,087,-0.210,0.21,1.084,-3.94,109.04,-8.44,F
,156601,923,0,078,-0.254,0.15,1.382,7.74,130.20,34.0,F
,1566031,944,0,1922,-0.23,0.007,1.641,23.77,125.10,57.2,F
,1566061,1020,0,1759,0.35,-0.27,1.812,43.65,91.97,53.5,F
,1566101,1035,0,1873,0.422,-0.60,1.603,69.04,63.12,40.63,F
,1566251,912,0,926,0.046,-0.34,1.081,31.07,-4.96,9.94,F
,1566261,913,0,1678,0.09,-0.34,1.083,34.67,-2.42,17.1,F
,1566291,907,0,1933,-0.10,-0.249,1.038,42.97,-2.44,36.19,F
,156630,934,0,742,0.024,-0.21,1.056,37.98,-10.36,33.99,F
,1566341,1009,0,1667,-0079,-0.239,1.05,21.54,-19.69,30.20,F
,156637,959,0,646,-0.090,-0.273,1.016,40.62,-23.43,41.21,F
,156643,827,0,030,0.037,-0.27,0.626,56.18,-35.92,21.2,F
,156645,655,0,947,0.086,-0.27,0.449,54.81,-12.32,19.06,F
,156646,653,0,802,0.032,-0.27,0.450,40.58,-0.22,20.7,F
,1566491,560,0,1754,-0.49,-0.354,0.497,7.55,1152,12.91,F
,1566511,625,0,1776,-0.95,-0.398,0.568,10.64,1.31,9.55,F
,1566561,665,0,1942,-0.78,-0.347,0.743,16.52,4.37,-10.27,F
,1566591,657,0,1899,-0.197,-0.37,0.809,-7.59,44.28,-15.42,F
,1566611,627,0,790,-0.94,-0.335,0.817,-6.25,4.58,-22.01,F
,1566631,688,0,900,-0.158,-0.372,0.879,-3.48,4.07,-26.87,F
,156664,702,0,869,-0.121,-0.32,0.883,0.62,39.71,-33.3,F
,1566651,695,0,017,-0.133,-0.30,0.881,3.19,42.08,-38.50,F
,1566661,674,0,1232,-0.53,-0.38,0.915,8.44,48.52,-39.4,F
,156669,705,0,610,-0.198,-0.25,0.917,-14.86,58.55,-35.35,F
,1566701,714,0,1904,-0.163,-0.33,0.929,-24.93,50.49,-4.00,F
,156673,721,0,933,-0.43,-0.344,0.964,-10.77,31.13,-5.41,F
,1566741,743,0,1697,-0.07,-0.336,0.942,-7.87,28.71,-53.80,F
,1566751,774,0,2027,-0.98,-0.324,0.926,-6.93,28.03,-57.20,F
,1566761,784,0,926,-0.074,-0.39,0.918,-10.22,26.55,-6.54,F
,156679,784,0,959,-0.047,-0.27,0.856,-27.97,20.07,-6.15,F
,1566831,880,0,1907,0.08,-0.301,0.756,-27.82,-.61,-76.67,F
,1566851,929,0,1707,0.14,-0.29,0.723,-15.73,-2.48,-7644,F
,1566901,941,0,1758,-0.08,-0.177,1.362,-65.10,5.84,-40.21,F
,156694,828,0,729,-0.160,-0.21,1.911,7.43,31.18,-15.84,F
,1567001,922,0,782,0.07,-0.227,1.465,21.98,-3.43,-1.37,F
,1567031,883,0,1878,0.058,-0.25,1.274,41.89,4.69,14.37,F
,1567051,877,0,000,0.07,-0.244,1.183,40.58,1.21,21.59,F
,1567061,878,0,1601,-0.05,-0.236,1.158,31.58,-4.39,20.87,F
,1567071,875,0,862,0.03,-0.269,1.158,26.24,-12.16,20.8,F
,156709,886,0,014,0.024,-0.28,1.125,0.24,-19.66,24.31,F
,156711,897,0,904,0.108,-0.05,1.072,2.87,-30.19,18.74,F
,1567161,914,0,1837,-0.54,-0.24,1.128,22.68,-11.08,46.46,F
,1567181,941,0,913,-0.38,-0.324,1.110,30.07,-20.15,44.66,F
,1567191,945,0,871,-0.042,-0.325,1.102,33.97,-4.29,40.97,F
,1567201,947,0,1677,-0.83,-0.306,1.083,36.26,-6.21,39.07,F
,1567231,944,0,1764,-0.16,-0.284,1.006,38.13,-18.07,4405,F
,156726,941,0,1871,-0.80,-0.348,0.893,22.65,-7.74,34.07,F
,156727,937,0,1921,-0.087,-0.36,0.830,26.04,-32.62,3132,F
,1567281,902,0,1895,-0.95,-0.410,0.817,35.65,-8.16,32.11,F
,156729,850,0,1776,-0.22,-0.412,0.723,46.68,-38.00,30.66,F
,1567301,766,0,944,0.008,-0.39,0.657,5.89,-36.53,29.70,F
,1567311,752,0,799,-0.001,-0.34,0.611,58.20,-33.00,24.84,F
,156732,754,0,1827,0.03,-0.341,0.568,57.11,-31.37,19.00,F
,1567341,636,0,2010,0.02,-0.348,0.485,45.34,-2.30,6.65,F
,156735,605,0,1893,0.07,-0.343,0.427,36.52,-19.87,5.67,F
,1567381,486,0,1680,0.07,-0.389,0.474,13.46,7.4,2.51,F
,1567391,484,0,853,0.050,-0.405,0.489,13.58,1144,0.34,F
,1567411,496,0,1869,-0.33,-0.384,0.609,19.54,1.49,-2.56,F
,1567421,511,0,1535,-0.56,-0.357,0.627,19.84,2.47,-0.06,F
,1567451,577,0,1724,-0.26,-0.352,0.792,-11.53,9.26,-5.55,F
,156746,585,0,2159,-0.30,-0.375,0.874,-14.78,7.24,-5.38,F
,156749,656,0,2058,-0.114,-0.49,0.957,-4.77,17.70,-16.15,F
,1567521,740,0,1797,-0.65,-0.385,0.905,19.55,2.00,-18.56,F
,1567531,798,0,112,-0.075,-0.348,0.848,14.81,2.26,-16.90,F
,1567611,944,0,589,0.052,-0.39,0.865,11.77,13.23,-32.51,F
,156762,976,0,1895,0.05,-0.387,0.824,-10.43,16.75,-2980,F
,1567631,979,0,2145,0.06,-0.385,0.818,-13.27,1.46,-29.92,F
,156765,1002,0,1807,0.99,-0.378,0.812,-19.55,6.17,-33.63,F
,156772,1013,0,1626,0.83,-0.39,0.861,-37.21,5.10,-40.76,F
,1567731,1021,0,2000,0.73,-0.365,0.902,-33.65,9.82,-4131,F
,1567801,976,0,823,0.014,-0.24,1.720,26.14,28.95,-0.68,F
,1567821,976,0,936,0.036,-0.229,1.723,0.36,18.4,1.21,F
,1567861,969,0,860,0.096,-0.20,1.441,8.97,0.9,17.76,F
,1567871,973,0,839,0.149,-0.23,1.405,.90,-3.86,19.71,F
,1567901,981,0,889,0.163,-0.26,1.227,27.57,-6.36,26.89,F
,156792,991,0,1887,0.19,-0.235,1.172,31.52,-964,31.58,F
,1567931,989,0,775,0.128,-0.22,1.156,7.31,-13.89,33.35,F
,156795,985,0,1865,0.15,-0.267,1.167,23.62,-22.48,35.26,F
,1567961,980,0,1849,0.17,-0.278,1.160,25.25,-22.51,36.26,F
,1568001,1059,0,1648,0.51,-0.332,1.112,43.23,-13.48,49.76,F
,1568011,1060,0,1866,0.27,-0.39,1.120,42.67,-10.97,49.91,F
,156814,1039,0,1802,0.23,-0.402,0.773,54.04,-5.23,38.40,F
,156821,820,0,1902,0.08,-0.431,0.475,44.13,12.95,21.9,F
,1568241,831,0,063,0.046,-0.46,0.478,23.14,14.20,14.62,F
,156826,823,0,1753,0.04,-0.452,0.495,23.43,1886,4.10,F
,156829,821,0,2091,0.04,-0.44,0.693,2.20,26.89,-10.09,F
,156832,762,0,2032,-0.93,-0.382,0.696,3.11,57.26,-3.6,F
,156833,766,0,921,-0.063,-0.48,0.787,-1.79,5.90,-7.20,F
,156834,762,0,1854,-0.09,-0.376,0.813,-6.52,50.71,-10.94,F
,1568361,763,0,998,-0.089,-0.47,0.881,-5.51,3.26,-19.25,F
,1568401,833,0,093,-0.060,-0.46,0.876,0.52,42.68,-28.53,F
,1568421,832,0,895,-0.068,-0.33,0.881,-1.32,5.27,-27.66,F
,1568441,832,0,712,-0.065,-0.44,0.936,-7.77,4.88,-34.27,F
,1568461,829,0,1676,-0.57,-0.404,0.948,-17.18,31.87,-40.41,F
,1568481,819,0,1982,-0.44,-0.403,0.950,-21.87,32.89,-45.69,F
,1568491,835,0,1910,-0.67,-0.396,0.945,-17.71,7.70,-43.84,F
,156854,897,0,1791,0.01,-0.392,0.900,-20.87,30.20,-4410,F
,1568551,894,0,467,0.057,-0.39,0.871,-20.71,24.49,-45.83,F
,156857,961,0,2106,0.05,-0.351,0.844,-30.19,23.00,-4659,F
,1568601,981,0,975,0.070,-0.38,0.915,32.06,22.36,-43.80,F
,156861,979,0,1889,0.00,-0.361,0.948,-27.41,27.53,-4360,F
,1568621,986,0,1814,0.04,-0.353,0.991,-28.84,30.34,-4142,F
,156863,991,0,867,0.05,-0.289,1.065,-25.90,36.45,-33.54,F
,1568701,1008,0,1894,-0068,-0.72,1.624,6.30,3.80,-2.96,F
,156876,1007,0,1962,0.52,-0.265,1.271,29.89,4.45,13.0,F
,156881,1008,0,1817,0.35,-0.278,1.156,36.76,-4.36,24.10,F
,156884,1011,0,1869,0.31,-0.307,1.156,37.83,-12.21,29.67,F
,1568861,1006,0,1641,0.017,-0.26,1.169,38.01,-14.38,33.24,F
,1568931,1011,0,1847,-0064,-0.07,1.118,39.60,7.34,46.65,F
,1568971,985,0,881,-0.117,-0.34,0.968,36.49,-1.92,50.72,F
,1568991,973,0,1776,-0.51,-0.378,0.904,36.52,-17.46,4524,F
,1569001,972,0,703,-0.154,-0.42,0.864,47.04,-26.01,43.41,F
,1569051,971,0,845,-0.056,-0.32,0.574,65.23,-14.03,3894,F
,156911,821,0,653,-0.082,-0.40,0.556,19.94,17.56,19.41,F
,1569151,817,0,1862,-0.56,-0.415,0.616,28.00,20.52,2.62,F
,1569181,816,0,999,-0.110,-0.30,0.761,12.09,42.91,-3.66,F
,1569201,743,0,939,-0.160,-0.37,0.853,-2.31,5.17,-8.15,F
,1569211,741,0,1791,-0.81,-0.32,0.907,-4.48,48.54,-1222,F
,156922,741,0,792,-0.180,-0.34,0.953,-3.12,42.80,-16.91,F
,1569231,745,0,1846,-0.78,-0.385,0.970,0.84,34.89,-22.4,F
,1569251,767,0,757,-0.158,-0.356,0.977,21.02,34.49,-24.88,F
,156927,804,0,904,-0.156,-0.30,0.941,21.78,45.26,-2367,F
,1569291,816,0,413,-0.120,-0.31,0.926,1.51,47.58,-29.2,F
,1569311,821,0,968,-0.104,-0.31,0.940,-9.56,37.97,-3596,F
,1569331,802,0,2059,-0.78,-0.37,0.958,-13.29,31.62,-40.88,F
,156935,791,0,808,-0.079,-0.39,0.959,-11.03,1.47,-44.94,F
,156938,798,0,822,-0.073,-0.32,0.953,-11.80,8.40,-43.84,F
,1569391,811,0,717,-0.045,-0.34,0.948,-11.82,26.98,-44.27,F
,1569431,923,0,1888,0.12,-0.185,0.830,14.17,14.92,-59.46,F
,156945,923,0,698,0.062,-0.33,0.774,-11.62,207,-55.37,F
,156947,929,0,737,0.068,-0.27,0.812,-20.64,11.47,-5392,F
,1569481,930,0,910,0.026,-0.29,0.920,-22.95,19.09,-52.09,F
,1569491,934,0,2017,0.03,-0.261,0.976,29.38,23.50,-5148,F
,1569511,932,0,1586,-0.50,-0.23,1.221,-35.88,28.74,-3.88,F
,156955,936,0,893,-0.131,-0.22,1.569,-5.21,25.29,-20.61,F
,156956,935,0,854,-0.122,-0.17,1.579,3.62,22.69,-17.3,F
,1569601,935,0,2003,-0.52,-0.148,1.452,17.52,826,-4.96,F
,1569621,929,0,879,0.006,-0.20,1.297,24.10,-0.07,-0.06,F
,1569631,922,0,856,0.01,-0.210,1.242,29.33,-152,2.66,F
,1569651,930,0,1856,0.04,-0.241,1.143,8.00,-1.63,6.17,F
,1569661,924,0,2105,0.05,-0.237,1.110,3.04,0.20,9.36,F
,1569691,880,0,1798,0.04,-0.226,1.088,36.18,-1.77,18.20,F
,1569711,918,0,1923,0.07,-0.240,1.098,7.91,-9.87,18.34,F
,1569721,880,0,1802,0.00,-0.244,1.137,7.66,-10.76,18.0,F
,1569831,859,0,664,-0.097,-0.31,1.115,24.15,-7.25,40.91,F
,1569841,911,0,1815,-0.96,-0.20,1.061,27.05,-5.72,40.4,F
,1569871,976,0,1910,-0.135,-0.36,0.925,46.39,-12.36,42.57,F
,156988,973,0,776,-0.102,-0.32,0.830,52.96,-12.48,42.80,F
,1569911,918,0,1874,-0.32,-0.387,0.664,50.84,-21.31,29.91,F
,1569921,925,0,742,-0.013,-0.40,0.642,48.21,-19.00,24.58,F
,1569961,847,0,1773,-0.43,-0.421,0.543,24.94,9.18,9.97,F
,1569971,833,0,012,-0.044,-0.48,0.573,19.86,11.55,7.26,F
,1570001,771,0,744,-0.044,-0.44,0.608,16.97,657,-5.48,F
,1570021,827,0,725,-0.078,-0.33,0.668,14.12,11.74,-11.17,F
,1570031,832,0,931,-0.56,-0.373,0.697,10.65,19.20,-12.39,F
,1570051,795,0,042,-0.091,-0.30,0.762,-7.32,31.03,-14.07,F
,1570061,787,0,814,-0.099,-0.34,0.801,-9.99,32.37,-13.90,F
,1570101,787,0,889,-0.097,-0.30,0.943,-9.65,26.66,-22.88,F
,1570131,787,0,1861,-0.74,-0.333,0.959,-5.29,26.91,-25.13,F
,1570141,793,0,1874,-0.62,-0.335,0.940,-4.08,2.47,-24.15,F
,1570191,845,0,2036,0.09,-0.344,0.937,-9.99,23.64,-39.42,F
,1570221,841,0,875,0.002,-0.34,0.906,-20.23,29.44,-39.92,F
,1570231,837,0,1677,0.11,-0.267,0.893,17.48,34.78,-43.08,F
,1570241,834,0,823,0.016,-0.34,0.897,-16.71,33.33,-4082,F
,157026,827,0,783,0.018,-0.33,0.882,-10.42,28.45,-41.49,F
,1570281,821,0,1605,0.07,-0.33,0.865,-12.90,17.65,-4383,F
,1570301,830,0,1945,0.00,-0.303,0.878,-16.67,1.26,-47.57,F
,1570361,886,0,776,-0.069,-0.22,1.247,-16.75,24.80,-33.22,F
,1570371,906,0,1884,-0.90,-0.244,1.377,-12.31,5.94,-30.56,F
,157038,848,0,1921,-0.081,-0.26,1.442,-5.97,24.86,-28.15,F
,157039,816,0,1872,-0.113,-0.11,1.494,0.16,28.23,-20.67,F
,1570421,797,0,1823,-0.83,-0.158,1.552,13.34,23.93,-3.72,F
,157044,798,0,1871,-0.29,-0.162,1.434,19.07,1.23,-1.22,F
,1570451,802,0,637,-0.023,-0.19,1.352,22.71,6.55,1.46,F
,1570501,801,0,824,0.03,-0.194,1.143,37.87,0.4,21.42,F
,1570511,805,0,971,0.04,-0.195,1.122,36.96,-0.38,25.04,F
,1570521,802,0,2026,0.07,-0.193,1.129,35.16,-0.04,26.95,F
,157053,800,0,1869,0.010,-0.21,1.108,29.34,-2.94,27.8,F
,1570541,802,0,951,0.011,-0.25,1.107,9.07,-5.42,30.62,F
,1570561,807,0,925,-0.024,-0.26,1.137,40.55,-6.44,35.33,F
,1570601,813,0,1874,0.08,-0.251,1.053,46.06,-1.23,45.70,F
,1570621,823,0,950,0.014,-0.24,1.088,1.74,-8.82,48.7,F
,157063,874,0,1771,0.05,-0.249,1.100,28.44,-9.09,48.78,F
,1570641,880,0,907,0.01,-0.254,1.110,25.13,-10.10,48.83,F
,1570651,885,0,854,-0.029,-0.23,1.124,24.88,-.89,49.06,F
,1570661,890,0,931,-0.46,-0.257,1.127,27.02,-10.94,5170,F
,1570671,878,0,904,-0.56,-0.282,1.153,33.92,-11.14,53.30,F
,1570701,902,0,777,-0.095,-0.25,1.109,37.97,-1.67,51.58,F
,157074,912,0,1828,-0.63,-0.343,0.983,33.46,-24.12,48.02,F
,1570771,929,0,777,-0.103,-0.377,0.827,45.89,-26.61,44.11,F
,157078,947,0,1877,-0.86,-0.380,0.744,47.65,-3.43,40.33,F
,157080,892,0,2054,-0.40,-0.422,0.634,50.67,-6.73,33.39,F
,1570821,880,0,965,0.004,-0.43,0.536,5.95,-6.85,26.91,F
,157084,791,0,2021,0.03,-0.423,0.478,34.10,1.68,19.27,F
,157085,821,0,1911,0.06,-0.441,0.479,24.01,3.35,12.45,F
,1570871,823,0,037,0.024,-0.46,0.477,4.16,11.61,3.65,F
,1570881,865,0,712,0.027,-0.46,0.521,6.68,18.36,1.06,F
,157089,866,0,1930,0.02,-0.430,0.590,16.85,2611,-1.32,F
,1570911,848,0,1909,-0.11,-0.402,0.676,14.42,3.33,-7.87,F
,157096,846,0,1903,-0.00,-0.371,0.928,-11.29,43.91,-20.61,F
,1570971,887,0,680,-0.139,-0.39,0.948,-10.63,45.38,-2.81,F
,157101,922,0,1876,-0.86,-0.328,0.950,2.03,3920,-32.39,F
,157104,939,0,1882,-0.04,-0.253,0.925,-10.32,34.03,-30.22,F
,1571101,966,0,825,0.039,-0.35,0.891,6.49,25.36,-35.48,F
,1571111,973,0,900,0.050,-0.35,0.853,1.87,29.88,-34.8,F
,1571121,977,0,035,0.097,-0.32,0.782,-3.36,31.84,-34.21,F
,1571141,982,0,873,0.061,-0.23,0.753,-8.77,32.22,-38.9,F
,157116,976,0,1937,0.00,-0.276,0.909,-36.67,26.95,-5317,F
,157117,971,0,105,0.07,-0.309,0.963,-42.32,1.77,-60.44,F
,1571191,965,0,904,0.035,-0.34,1.048,30.03,4.62,-54.59,F
,1571201,965,0,857,0.117,-0.21,1.026,25.00,10.57,-54.45,F
,1571211,964,0,027,0.066,-0.27,1.025,16.72,20.33,-48.59,F
,1571231,969,0,2106,0.08,-0.14,1.095,8.38,33.29,-42.03,F
,1571241,976,0,1555,-0.41,-0.137,1.255,-15.47,3.82,-35.40,F
,157128,944,0,1803,-0.96,-0.168,1.691,-20.00,28.43,-1.87,F
,1571341,997,0,950,-0.034,-0.11,1.421,24.96,-8.94,5.62,F
,157136,944,0,2099,-0.01,-0.184,1.249,35.95,-8.96,19.18,F
,157137,954,0,1795,0.09,-0.209,1.217,33.98,-6.36,25.82,F
,1571381,953,0,1865,0.02,-0.215,1.179,33.81,-3.46,31.0,F
,1571401,958,0,032,0.000,-0.21,1.152,1.78,-3.31,36.81,F
,1571411,957,0,890,-0.032,-0.20,1.161,29.68,-5.40,37.00,F
,1571421,961,0,607,-0.037,-0.22,1.188,26.44,-0.67,37.41,F
,157147,945,0,1620,-0.43,-0.258,1.163,44.38,-5.25,50.42,F
,1571491,974,0,796,-0.152,-0.37,1.105,22.45,-35.26,55.49,F
,1571501,979,0,1747,-0.95,-0.308,1.037,25.98,-22.44,56.69,F
,157151,966,0,663,-0.086,-0.31,1.132,30.21,-18.93,50.17,F
,157156,1061,0,1696,-0098,-0.343,0.984,50.91,19.48,44.11,F
,157157,1070,0,1922,-0099,-0.315,0.942,51.54,-15.72,44.84,F
,157167,796,0,1616,0.01,-0.357,0.521,48.29,16.19,22.08,F
,157168,790,0,948,-0.032,-0.38,0.504,35.37,2.05,20.43,F
,1571751,871,0,208,0.04,-0.42,0.708,25.92,21.18,-7.55,F
,1571761,875,0,1488,0.01,-0.374,0.650,33.78,31.84,-7.26,F
,1571781,879,0,1940,-0.14,-0.39,0.682,16.47,51.04,-1262,F
,1571811,858,0,1775,-0.90,-0.338,0.849,-25.16,42.14,-24.33,F
,157182,903,0,424,-0.071,-0.38,0.897,-25.27,3.94,-30.13,F
,1571831,908,0,916,-0.00,-0.364,0.917,-23.35,7.67,-36.16,F
,1571841,912,0,840,-0.079,-0.30,0.939,-16.31,1.55,-40.70,F
,157186,936,0,1925,-0.62,-0.336,0.915,-11.25,26.03,-4.86,F
,1571931,960,0,087,0.010,-0.36,0.888,-17.33,22.19,-52.10,F
,1571941,976,0,472,-0.034,-0.30,0.900,-16.61,19.18,-54.00,F
,157199,995,0,904,0.023,-0.29,0.891,28.74,26.65,-5036,F
,1572001,990,0,772,0.048,-0.32,0.940,-29.16,16.65,-56.83,F
,1572021,997,0,1600,0.03,-0.262,0.924,-23.97,8.74,-59.20,F
,1572061,1063,0,1611,-0012,-0.295,1.098,-31.42,23.30,-0.74,F
,1572141,966,0,649,-0.061,-0.11,1.503,5.87,4228,-5.08,F
,1572161,971,0,840,-0.101,-0.18,1.450,2.91,3034,0.66,F
,157218,970,0,2069,-0.45,-0.184,1.363,18.41,12.02,2.68,F
,1572201,971,0,931,0.030,-0.20,1.244,19.75,1.6,1.33,F
,1572221,973,0,1968,0.03,-0.23,1.172,19.97,2.78,7.81,F
,1572241,991,0,1663,0.06,-0.263,1.144,4.12,9.55,16.45,F
,1572251,975,0,1967,-0.09,-0.21,1.132,23.43,10.23,21.55,F
,157229,971,0,994,-0.039,-0.39,1.137,24.06,-.44,23.46,F
,157231,976,0,840,0.070,-0.25,1.045,32.91,-007,27.58,F
,1572321,978,0,424,0.029,-0.28,1.092,33.95,3.7,33.56,F
,1572371,976,0,958,-0.062,-0.32,1.101,41.46,-2.88,32.78,F
,157238,977,0,851,-0.25,-0.293,1.079,36.01,-.92,33.93,F
,1572411,977,0,1477,-0.097,-0.28,1.119,27.55,-4.36,39.6,F
,157242,985,0,853,-0.178,-0.26,1.119,31.95,-4.90,44.8,F
,1572431,979,0,849,-0.060,-0.22,1.099,38.50,-9.03,42.95,F
,1572441,981,0,791,-0.084,-0.21,1.097,40.52,-12.70,37.01,F
,1572541,979,0,1702,-0.91,-0.312,0.770,49.74,-35.03,3185,F
,1572571,975,0,2043,0.09,-0.362,0.557,4.23,-32.03,25.4,F
,1572581,955,0,797,0.016,-0.343,0.502,52.18,-16.01,28.14,F
,1572591,925,0,2053,0.01,-0.335,0.479,6.85,-0.36,30.1,F
,1572661,976,0,2023,0.07,-0.45,0.642,2.76,18.9,-0.18,F
,1572671,978,0,1619,-0.14,-0.426,0.656,7.48,29.88,-0.6,F
,1572711,993,0,1759,-0.64,-0.30,0.849,-21.58,43.16,-14.22,F
,1572721,996,0,1942,-0.08,-0.367,0.856,-27.71,41.93,-15.37,F
,1572731,997,0,1885,-0.10,-0.381,0.912,-31.97,7.04,-18.13,F
,1572771,1008,0,1881,-0062,-0.380,0.95,-11.70,26.57,-9.83,F
,1572811,1023,0,2061,0.54,-0.253,0.950,-29.84,29.73,-3.16,F
,1572871,1126,0,1769,0.10,-0.316,0.904,-17.64,26.14,-3.52,F
,1572951,1205,0,2082,0.32,-0.21,1.037,-34.43,9.90,-3964,F
,1572991,1194,0,2169,-0030,-0.242,1.40,-25.79,23.81,-5.92,F
,1573011,1155,0,1907,-0054,-0.281,1.551,-15.85,23.81,-.44,F
,1573021,1136,0,1661,-0059,-0.278,1.62,-3.77,7.84,0.46,F
,157312,1033,0,1920,0.35,-0.284,1.100,26.09,-.03,22.5,F
,1573131,1023,0,2024,0.57,-0.31,1.117,25.98,-.06,23.9,F
,1573171,1023,0,1680,0.47,-0.311,1.082,32.78,-5.51,27.53,F
,1573181,1023,0,1882,0.73,-0.34,1.095,32.82,-15.81,3043,F
,1573261,1058,0,1936,-0002,-0.07,1.132,37.80,-28.93,36.02,F
,1573271,1077,0,1807,0.19,-0.35,1.144,39.39,-8.50,3396,F
,1573291,1076,0,1826,0.07,-0.321,1.126,38.27,-0.04,38.75,F
,1573301,1070,0,1531,-0009,-0.316,1.109,41.77,-14.24,4.00,F
,1573341,1009,0,1831,-0018,-0.335,0.930,30.42,17.54,3.87,F
,157338,1040,0,1841,-0007,-0.443,0.747,35.71,25.40,3.10,F
,1573391,1033,0,1962,-0042,-0.78,0.702,43.83,-17.06,3.10,F
,157342,1012,0,1856,0.19,-0.448,0.594,41.00,12.36,26.7,F
,1573451,1007,0,1805,-0024,-0.05,0.479,17.43,7.36,17.62,F
,157347,1023,0,1525,-0007,-0.460,0.516,11.92,.43,4.2,F
,1573481,1020,0,2010,-0015,-0.79,0.559,9.29,5.68,-0.04,F
,1573501,1021,0,1757,-0041,-0.23,0.645,11.28,0.52,-667,F
,157352,1013,0,1674,-0027,-0.00,0.680,1.04,20.91,-1042,F
,1573601,1036,0,1779,0.06,-0.370,0.836,-8.05,3.76,-2296,F
,1573671,1040,0,1706,0.74,-0.353,0.885,-10.19,0.11,-3.35,F
,1573681,1041,0,1971,0.95,-0.360,0.868,-11.65,17.36,-3.56,F
,1573781,1070,0,1773,0.31,-0.353,0.974,-27.19,.03,-5171,F
,157392,989,0,1892,0.05,-0.22,1.370,25.91,1139,17.0,F
,157395,1038,0,1971,0.51,-0.23,1.164,31.08,-.26,20.6,F
,157396,1036,0,1725,0.72,-0.301,1.137,34.85,-.17,22.8,F
,1573981,1043,0,1685,0.43,-0.296,1.087,38.41,3.30,30.2,F
,1573991,1044,0,1884,0.42,-0.22,1.102,36.15,2.68,32.3,F
,157400,1042,0,1653,0.29,-0.39,1.105,37.49,0.25,32.31,F
,157402,1051,0,1701,0.45,-0.33,1.112,28.75,-.22,31.9,F
,1574131,1073,0,1783,0.46,-0.35,1.121,39.29,-9.38,32.63,F
,1574171,1099,0,1793,-0106,-0.388,1.048,32.85,18.21,3.58,F
,157423,977,0,1883,-0.07,-0.46,0.663,74.56,-8.26,2446,F
,157425,905,0,1922,0.04,-0.43,0.519,81.63,-21.20,30.9,F
,1574261,795,0,781,0.07,-0.38,0.463,76.23,-8.03,31.5,F
,1574301,758,0,871,0.06,-0.43,0.421,19.46,5.36,0.37,F
,1574321,752,0,665,0.069,-0.476,0.451,7.28,9.1,-8.79,
,157434,781,0,1817,0.04,-0.50,0.547,10.24,20.25,-7.3,F
,1574361,794,0,819,-0.020,-0.413,0.649,29.34,35.23,1.2,F
,157438,816,0,1782,0.00,-0.32,0.649,22.10,4452,-6.6,F
,1574411,820,0,979,0.004,-0.319,0.752,-15.07,4.90,-2090,F
,157446,816,0,1760,-0.28,-0.375,0.978,-11.62,41.13,-26.67,F
,1574471,816,0,1798,-0.11,-0.354,0.973,-6.89,42.42,-26.47,F
,157448,829,0,1758,-0.08,-0.340,0.964,-10.75,7.13,-2.00,F
,1574511,847,0,947,0.025,-0.321,0.929,-20.98,5.49,-2642,F
,1574541,894,0,883,0.058,-0.338,0.948,-34.83,4.59,-3210,F
,1574561,917,0,626,0.042,-0.333,0.971,-35.35,3.82,-3332,F
,1574571,919,0,872,0.090,-0.375,0.974,29.82,33.35,-30.79,F
,1574591,930,0,937,0.093,-0.347,0.953,23.03,30.36,-29.23,F
,1574611,986,0,508,0.136,-0.348,0.915,-22.60,20.95,-3297,F
,157467,1057,0,1328,0.00,-0.29,0.922,-46.63,25.96,-3.01,F
,157471,1054,0,1805,0.39,-0.238,1.565,-38.58,33.93,-948,F
,157481,1061,0,2142,0.178,-0.311,1.357,35.72,-.79,27.24,F
,1574851,1098,0,1923,0.39,-0.303,1.177,38.85,-10.24,3750,F
,157488,1105,0,1920,0.06,-0.314,1.191,32.04,-10.07,4084,F
,1574941,1108,0,1919,0.47,-0.553,1.069,41.17,-22.87,5262,F
,157497,1107,0,1738,0.68,-0.55,1.112,40.99,-14.84,4929,F
,157500,1021,0,1919,0.072,-0.548,0.996,29.97,-8.01,45.88,F
,1575011,990,0,807,0.074,-0.56,0.971,25.80,-5.11,43.26,F
,1575021,976,0,1670,0.02,-0.552,0.919,23.57,-387,39.8,F
,157505,883,0,1870,0.00,-0.483,0.755,.94,-20.96,17.82,F
,1575061,871,0,886,0.06,-0.496,0.721,1.61,-2.51,6.92,F
,1575131,787,0,921,-0.029,-0.482,0.408,-41.44,30.09,-12.88,F
,157516,766,0,1632,-0.05,-0.476,0.411,-33.70,-25.69,-28.06,F
,157517,737,0,942,-0.005,-0.456,0.411,-28.06,22.16,-28.82,F
,1575181,737,0,010,-0.004,-0.49,0.487,-29.07,-16.10,-30.30,F
,1575201,715,0,1888,-0.91,-0.35,0.451,-30.22,4.63,-2218,F
,1575211,713,0,829,-0.049,-0.31,0.500,-40.80,10.84,-2.66,F
,157524,604,0,797,-0.047,-0.47,0.598,-54.23,13.04,-2.64,F
,1575261,629,0,629,-0.021,-0.458,0.611,-30.28,9.04,-22.59,F
,157529,687,0,1843,0.05,-0.39,0.614,-21.10,28.40,-1392,F
,1575301,727,0,329,0.014,-0.398,0.631,34.78,36.10,-1207,F
,157531,778,0,1926,0.02,-0.430,0.686,42.90,38.94,-1245,F
,1575331,793,0,493,0.032,-0.511,0.761,-35.47,3.51,-14.01,F
,157534,794,0,1744,0.08,-0.506,0.776,24.60,26.23,-1500,F
,157536,823,0,1763,0.05,-0.47,0.747,-9.48,2005,-15.31,F
,1575381,827,0,749,0.070,-0.483,0.731,-25.93,3.05,-12.35,F
,157539,830,0,1926,0.06,-0.505,0.748,37.38,32.34,-1241,F
,157540,848,0,1918,0.13,-0.535,0.771,43.96,27.70,-1566,F
,1575441,938,0,817,0.175,-0.60,0.738,-13.84,465,-30.77,F
,157545,938,0,1995,0.186,-0.557,0.715,-12.93,1.35,-30.45,F
,1575461,941,0,949,0.197,-0.52,0.732,-15.68,23.32,-2867,F
,1575481,955,0,732,0.208,-0.57,0.870,-23.65,3.45,-26.58,F
,1575501,973,0,849,0.170,-0.53,1.042,-11.65,41.76,-22.80,F
,1575531,986,0,003,0.117,-0.52,1.357,-9.15,38.52,-15.0,F
,1575541,976,0,857,0.11,-0.528,1.441,.00,37.36,-13.0,F
,1575551,973,0,990,0.143,-0.500,1.470,14.09,4281,-10.32,F
,157556,972,0,1855,0.06,-0.444,1.491,2.06,46.02,-2.5,F
,1575571,971,0,815,0.095,-0.43,1.510,23.91,43.50,4.31,a5
,1575581,972,0,705,0.131,-0.452,1.532,26.58,36.17,7.41,F
,1575601,965,0,922,0.176,-0.482,1.458,45.14,2868,10.83,F
,157567,967,0,1376,0.28,-0.540,1.060,42.56,-0.71,27.9,F
,1575701,967,0,109,0.231,-0.544,1.008,39.33,-316,34.10,F
,1575711,967,0,730,0.222,-0.54,1.013,36.73,-5.63,34.14,F
,1575761,970,0,018,0.153,-0.552,1.062,5.02,-7.34,40.5,F
,1575781,961,0,857,0.152,-0.53,1.082,34.44,-14.22,34.6,F
,1575801,960,0,969,0.111,-0.520,1.110,38.01,-1.22,31.85,F
,1575821,920,0,961,0.08,-0.501,1.083,0.93,-12.36,35.0,F
,1575851,915,0,739,0.09,-0.550,1.070,0.71,-1.38,36.94,F
,1575861,915,0,830,-0.002,-0.54,1.030,30.32,-4.01,35.10,F
,157607,1018,0,1763,-0000,-0.620,0.606,-5.06,7.81,7.3,F
,157608,1017,0,1917,0.28,-0.605,0.653,-4.26,25.85,9.0,F
,157610,996,0,1684,0.01,-0.615,0.707,-11.27,30.49,0.5,F
,157613,1062,0,1843,0.36,-0.618,0.769,-12.16,26.86,-1.30,F
,1576241,1050,0,1741,0.68,-0.587,0.786,-22.86,4.69,-2.12,F
,157628,1079,0,1886,0.24,-0.63,0.799,-25.90,23.20,-36.12,F
,157631,1166,0,1856,0.51,-0.58,0.710,-17.10,23.76,-36.68,F
,157632,1187,0,1779,0.14,-0.588,0.690,-17.65,1.59,-3.72,F
,157636,1379,0,1445,0.55,-0.480,0.820,-20.87,6.87,-32.22,F
,157641,1346,0,1866,0.63,-0.456,1.338,-11.79,43.56,-406,F
,157642,1347,0,1724,0.88,-0.442,1.439,-3.62,39.44,-0.74,F
,157647,1297,0,1835,0.201,-0.44,1.471,26.45,17.79,12.78,F
,157649,1251,0,1722,0.47,-0.510,1.304,33.31,1.45,18.3,F
,1576631,1174,0,1847,0.45,-0.62,1.063,49.13,-20.48,4489,F
,157669,1168,0,1503,0.55,-0.758,0.959,30.53,-23.63,38.34,F
,157671,1101,0,1893,0.49,-0.828,0.927,14.65,-3.61,3953,F
,157673,1101,0,1892,0.09,-0.859,0.848,25.05,-0.38,3607,F
,1576811,951,0,1925,0.19,-0.72,0.403,23.36,-20.44,-2.73,F
,157683,790,0,2025,0.05,-0.65,0.361,-29.10,2.72,-24.00,F
,157687,647,0,1935,-0.05,-0.69,0.303,-28.19,19.01,-22.07,F
,157688,652,0,1535,-0.47,-0.59,0.323,-30.72,18.28,-25.66,F
,157690,672,0,917,-0.081,-0.548,0.412,-11.44,1.20,-2929,F
,1576911,713,0,1789,-0.44,-0.45,0.403,1.49,-4.18,-29.77,F
,157692,722,0,1797,-0.25,-0.458,0.373,-0.23,-3.13,-31.13,F
,157695,719,0,1908,-0.29,-0.48,0.427,-43.18,11.15,-24.15,F
,157696,708,0,771,-0.014,-0.509,0.482,-45.65,14.29,-19.00,F
,1576971,718,0,799,-0.15,-0.54,0.517,-42.08,16.78,-16.19,F
,157700,884,0,1872,0.09,-0.55,0.567,-12.38,1.55,-1755,F
,157711,1168,0,1895,0.95,-0.69,0.751,-18.19,3.87,-30.16,F
,157716,1262,0,2064,0.30,-0.69,0.637,-18.37,14.54,-33.72,F
,157729,1263,0,1829,0.68,-0.65,1.350,-3.41,26.95,-15.06,F
,157734,1291,0,1841,0.28,-0.54,1.088,36.76,22.00,-0.07,F
,1577381,1185,0,1889,0.40,-0.56,0.949,38.93,8.17,7.75,F
,157744,1116,0,1926,0.24,-0.576,0.898,36.88,-.38,23.6,F
,157751,1168,0,1676,0.39,-0.619,0.924,43.17,-21.52,2736,F
,157755,1203,0,1745,0.20,-0.51,0.859,45.11,-23.67,3208,F
,157767,1209,0,1879,0.30,-0.63,0.358,47.46,-15.31,1759,F
,157773,1133,0,1594,0.25,-0.763,0.293,12.23,22.81,13.55,F
,157775,1118,0,1808,0.05,-0.70,0.300,13.80,1.20,8.14,F
,157785,1147,0,1841,0.67,-0.772,0.698,-13.44,24.20,-1.09,F
,1577861,1147,0,1806,0.83,-0.73,0.718,-8.93,20.42,-2245,F
,157787,1136,0,1737,0.07,-0.753,0.715,-6.25,21.62,-2386,F
,157789,1115,0,1904,0.11,-0.718,0.704,-7.91,29.67,-2221,F
,157801,1141,0,1309,0.28,-0.638,0.612,-23.67,4.65,-4143,F
,157802,1179,0,1998,0.45,-0.632,0.594,-23.74,4.20,-45.81,F
,157811,1168,0,2070,0.01,-0.469,1.013,-17.27,50.91,-1.06,F
,157813,1183,0,1727,0.04,-0.516,1.182,-12.34,42.33,-254,F
,157816,1167,0,1750,0.74,-0.53,1.343,10.41,3.23,5.21,F
,157817,1167,0,1776,0.09,-0.58,1.380,19.11,3.29,9.68,F
,157826,1170,0,1824,0.26,-0.606,1.102,42.94,-5.14,22.19,F
,157830,1173,0,1834,0.20,-0.62,1.054,45.46,-11.48,32.22,F
,157847,1136,0,1871,0.23,-0.96,0.600,-0.00,-38.41,1.30,F
,157849,1106,0,1901,0.04,-0.93,0.492,-16.22,34.76,-5.95,F
,157859,1084,0,1573,0.96,-0.685,0.199,-63.58,-54.42,-50.12,F
,157863,1093,0,1922,0.03,-0.629,0.272,-40.05,-13.29,-1.67,F
,157870,1084,0,2077,0.00,-0.540,0.358,-32.71,1.85,-21.02,F
,157876,1110,0,1942,0.23,-0.579,0.415,-18.29,4.29,-9.87,F
,157884,1141,0,1755,0.92,-0.659,0.463,-17.29,42.83,-5.63,F
,157891,1295,0,2099,0.49,-0.704,0.509,-8.96,34.48,-1444,F
,157899,1229,0,1813,0.10,-0.778,1.131,-3.48,3.39,8.66,F
,157901,1195,0,1825,0.72,-0.780,1.181,17.51,24.55,7.8,F
,157903,1199,0,1907,0.05,-0.713,1.033,36.61,2.44,10.51,F
,157909,1187,0,1744,0.47,-0.710,0.758,41.19,-.51,9.59,F
,157916,1197,0,1921,0.95,-0.682,0.672,22.91,-2.01,2527,F
,157917,1207,0,1504,0.02,-0.720,0.653,24.87,-0.47,28.13,F
,157921,1214,0,1798,0.47,-0.70,0.669,32.82,-17.72,29.17,F
,157926,1216,0,1817,0.65,-0.739,0.658,30.78,-32.39,2113,F
,157930,1200,0,1790,0.15,-0.794,0.481,37.11,-25.98,20.40,F
,157932,1191,0,1835,0.299,-0.77,0.375,52.06,-2.84,2602,F
,157933,1194,0,1747,0.89,-0.774,0.313,54.71,-.34,28.2,F
,157936,1170,0,1877,0.20,-0.781,0.168,38.78,-.00,20.9,F
,157941,1155,0,1726,0.65,-0.867,0.106,14.32,-15.80,1.39,F
,157951,1172,0,1763,0.49,-0.793,0.344,3.63,4642,-4.6,F
,157956,1134,0,1790,0.98,-0.71,0.482,-5.07,35.21,-11.31,F
,157963,1200,0,1763,0.11,-0.806,0.534,11.20,5.22,-1044,F
,157968,1122,0,1583,0.11,-0.797,0.568,-16.42,4.28,-2.16,F
,157971,1181,0,1755,0.36,-0.86,0.581,-15.07,4.37,-2.79,F
,157982,1431,0,1629,0.66,-0.882,0.428,-29.77,0.89,-5.13,F
,157989,1472,0,1955,0.41,-0.845,0.423,-23.62,53.20,-60.82,F
,157990,1453,0,1583,0.44,-0.755,0.437,-20.52,65.70,-56.36,F
,157994,1248,0,1629,0.02,-0.51,0.591,14.87,124.55,-5.04,F
,157995,1136,0,1904,0.38,-0.57,0.656,24.61,140.55,-49.02,F
,157996,880,0,1748,0.14,-0.393,0.741,27.45,14.41,-3951,F
,157997,740,0,1813,0.06,-0.308,0.871,7.45,143.88,-23.67,F
,158000,702,0,1701,-0.11,-0.26,1.194,23.65,19.24,-045,F
,1580011,702,0,803,-0.013,-0.208,1.245,39.81,97.81,1.39,F
,158003,728,0,1680,-0.26,-0.099,1.234,96.81,119.70,1468,F
,1580051,899,0,799,0.058,-0.082,1.181,146.06,132.71,3347,F
,158006,1106,0,1744,0.45,0.006,1.132,56.20,134.84,42.55,F
,158012,1147,0,1743,0.72,-0.155,1.153,198.93,134.43,54.11,F
,158019,955,0,1872,0.05,-0.156,1.104,244.18,18.37,11.80,F
,158020,881,0,845,-0.27,-0.14,1.083,243.31,159.04,117.27,F
,1580221,873,0,902,-0.041,-0.10,1.107,224.53,57.18,14.65,F
,158024,921,0,1739,-0.00,-0.146,1.173,205.60,50.87,17.50,F
,1580291,966,0,829,-0.162,-0.174,1.150,205.13,103.67,13.62,F
,158037,1083,0,1635,-0206,0.035,1.121,124.41,64.17,70.80,F
,158050,1069,0,2026,-0266,0.20,0.960,18.58,31.74,-2.8,F
,1580541,937,0,905,-0.413,0.312,1.037,1.68,40.60,1.50,F
,1580571,926,0,707,-0.408,0.354,1.032,1.14,38.66,14.04,F
,1580581,925,0,692,-0.401,0.375,1.018,8.67,39.99,15.10,F
,1580631,881,0,989,-0.401,0.379,0.964,4.59,48.55,22.31,F
,158065,877,0,2045,-0.03,0.364,0.956,4.68,51.12,25.71,F
,1580671,878,0,955,-0.397,0.333,0.965,.39,50.20,25.00,a5
,1580681,886,0,941,-0.394,0.301,0.950,.97,48.71,23.71,F
,1580691,887,0,925,-0.380,0.288,0.945,-2.03,48.42,22.40,F
,1580711,883,0,956,-0.393,0.254,0.920,-6.58,48.08,16.1,F
,1580731,881,0,967,-0.412,0.260,0.925,9.01,53.20,11.6,F
,1580741,816,0,143,-0.451,0.296,0.955,-8.31,55.33,10.68,F
,1580771,988,0,882,-0.528,0.338,0.928,6.11,45.18,6.11,F
,158078,1018,0,1847,-0535,0.38,0.911,-6.61,4.40,5.2,F
,1580871,950,0,875,-0.517,0.345,0.776,14.94,33.49,-3.46,F
,158091,949,0,1953,-0.32,0.324,0.766,9.49,21.65,-7.5,F
,158094,949,0,2023,-0.11,0.356,0.761,6.90,21.18,-9.5,F
,158098,897,0,840,-0.536,0.400,0.786,30.15,1985,-11.7,F
,1581021,781,0,850,-0.552,0.370,0.800,23.97,7.84,-13.1,F
,158103,782,0,1931,-0.47,0.344,0.797,21.25,6.37,-11.6,F
,1581041,834,0,1941,-0.26,0.343,0.807,22.27,5.35,-11.2,F
,1581051,832,0,921,-0.490,0.331,0.825,22.67,2.42,-12.70,F
,1581061,866,0,845,-0.492,0.336,0.826,27.16,5.26,-13.45,F
,158108,942,0,2197,-0.94,0.387,0.825,34.15,1136,-14.38,F
,1581091,887,0,765,-0.497,0.400,0.844,35.40,1341,-14.4,F
,158110,752,0,2118,-0.54,0.419,0.811,2.24,14.87,-12.6,F
,1581111,802,0,875,-0.538,0.433,0.847,0.52,9.30,-14.58,F
,158112,773,0,1939,-0.49,0.44,0.867,28.52,0.3,-16.67,F
,158113,761,0,1776,-0.76,0.45,0.797,27.72,-720,-15.89,F
,1581141,784,0,077,-0.547,0.462,0.805,29.40,-5.69,-16.54,F
,1581201,643,0,006,-0.468,0.432,0.838,.84,-13.86,-11.9,F
,1581241,630,0,936,-0.475,0.415,0.817,25.05,-18.85,-12.10,F
,1581251,631,0,602,-0.512,0.509,0.773,24.97,-13.87,-5.22,F
,1581271,677,0,649,-0.766,0.028,1.157,41.29,-4.30,-1.86,F
,158129,702,0,2041,-0.48,0.434,0.857,12.45,-31.69,-251,F
,1581321,764,0,003,-0.419,0.439,0.859,3.39,-24.06,-1.55,F
,1581331,731,0,929,-0.429,0.463,0.882,-14.22,-19.00,-3.86,F
,158134,681,0,1755,-0.80,0.48,0.883,-22.20,-6.88,-3.92,F
,158136,658,0,1978,-0.41,0.414,0.922,31.59,-20.18,-6.12,F
,158137,631,0,000,-0.432,0.365,0.923,-25.77,-25.54,-542,F
,158139,618,0,2032,-0.23,0.311,0.885,-21.61,-29.66,-439,F
,158142,625,0,2087,-0.03,0.332,0.831,-11.07,-7.13,9.1,F
,158144,641,0,1982,-0.60,0.33,0.835,-14.38,1.35,6.1,F
,158146,737,0,1744,-0.65,0.293,0.877,-22.23,15.96,3.3,F
,158148,752,0,1927,-0.85,0.277,0.892,-10.61,12.26,7.0,F
,158151,770,0,1869,-0.95,0.32,0.882,-0.02,2283,3.06,F
,158152,704,0,1973,-0.93,0.30,0.886,-3.68,1945,1.39,F
,1581531,689,0,872,-0.419,0.293,0.934,-2.90,12.46,2.87,F
,158155,679,0,1936,-0.356,0.240,0.897,-4.49,4.9,2.77,FH1581561bbʂbrbrbrʂbjrbrbrib25
,1581571,662,0,969,-0.346,0.22,0.894,-1.38,5.5,4.19,F
,158161,672,0,2032,-0.58,0.218,0.894,7.42,18.31,-3.1,F
,158168,765,0,1968,-0.75,0.328,0.936,0.97,5.78,3.32,F
,1581711,763,0,045,-0.386,0.315,0.939,20.55,-0.96,-0.8,F
,158172,784,0,1968,-0.371,0.308,0.908,22.35,-383,-0.42,F
,1581781,775,0,840,-0.425,0.251,0.941,20.49,2.0,-8.79,F
,1581791,769,0,314,-0.434,0.268,0.931,20.90,-0.70,-10.8,F
,158180,766,0,2160,-0.36,0.281,0.930,8.59,-4.59,-12.9,F
,1581811,756,0,863,-0.423,0.26,0.921,20.20,-816,-13.19,F
,158183,771,0,2016,-0.92,0.28,0.851,26.56,-329,-12.91,F
,158186,980,0,1710,-0.87,0.32,0.868,30.38,8.1,-10.88,F
,158193,1039,0,1715,-0404,0.37,0.853,38.20,1.61,-8.33,F
,158196,942,0,1849,-0.27,0.365,0.911,30.99,1788,-5.35,F
,1582021,784,0,138,-0.352,0.340,0.888,15.02,2.51,5.58,
,158209,654,0,1913,-0.27,0.310,0.812,5.19,-1035,17.4,F
,158213,721,0,1977,-0.63,0.307,0.925,10.67,1619,12.55,F
,1582141,765,0,019,-0.395,0.308,0.975,13.51,14.45,16.2,F
,158215,783,0,2064,-0.84,0.30,0.981,20.09,1130,20.68,F
,158216,783,0,1709,-0.355,0.308,0.996,23.10,9.85,22.17,a5
,158217,727,0,1999,-0.19,0.323,1.003,5.19,7.0,22.31,a5
,158220,880,0,1911,-0.85,0.378,0.931,24.94,5.4,23.30,F
,158222,950,0,927,-0.280,0.395,0.928,17.98,-465,14.94,F
,158225,1148,0,2037,-0317,0.31,0.951,14.87,-7.66,13.0,F
,158237,1020,0,2074,-0248,0.410,0.957,71.40,40.68,21.8,F
,158239,1056,0,1633,-0251,0.437,0.959,69.77,36.37,21.6,F
,158243,1017,0,2064,-0.266,0.511,0.892,81.42,35.76,21.6,F
,158248,1022,0,1695,-0.240,0.569,0.816,97.42,4.49,26.43,F
,158251,1021,0,1588,-0244,0.637,0.715,98.59,39.91,19.8,F
,158261,1014,0,1938,-0306,0.721,0.563,68.44,5.00,15.85,F
,158263,1023,0,1851,-0337,0.732,0.532,61.55,4.65,10.40,F
,158271,1135,0,1813,-0379,0.718,0.453,34.16,4.22,-2.2,F
,158273,1134,0,1873,-0404,0.732,0.472,26.03,33.16,-6.9,F
,158275,1139,0,1823,-0.429,0.767,0.476,21.94,26.97,-8.0,F
,158277,1152,0,2037,-0.431,0.757,0.497,13.57,2.22,-11.61,F
,158282,1154,0,1819,-0.389,0.702,0.488,28.12,22.28,-5.6,F
,158286,1081,0,1967,-0367,0.706,0.463,20.53,16.46,-1567,F
,158291,1065,0,1795,-0436,0.693,0.465,25.80,6.87,-30.7,F
,158294,1008,0,1932,-0.498,0.695,0.459,32.01,2.19,-23.72,F
,1582981,979,0,038,-0.487,0.717,0.442,8.61,3962,-16.54,F
,1582991,973,0,760,-0.97,0.719,0.447,35.17,4071,-19.71,F
,1583001,972,0,045,-0.488,0.715,0.451,30.35,3662,-23.58,F
,158305,1087,0,1566,-0.459,0.696,0.532,35.91,41.78,-1774,F
,158310,1146,0,1978,-0.673,0.852,0.596,-37.93,-4.35,-4.74,F
,158311,1136,0,1787,-0.618,0.861,0.585,-42.14,1.79,-3977,F
,158319,1257,0,1981,-0.595,0.660,0.521,-1.91,3.74,5.70,F
,158320,1258,0,1998,-0.594,0.667,0.517,-2.78,3.75,5.04,F
,158321,1280,0,1763,-0.590,0.656,0.506,-5.03,26.33,2.7,F
,158322,1289,0,1844,-0.583,0.640,0.499,-8.11,20.86,0.0,F
,158327,1217,0,1987,-0.526,0.637,0.474,-17.65,15.09,-685,F
,158334,1152,0,1814,-0.556,0.709,0.531,-24.64,-3.98,-1.15,F
,158338,1045,0,1791,-0.555,0.660,0.616,-22.89,.03,-4.42,F
,158340,1110,0,1791,-0.566,0.646,0.629,-14.80,1.04,1.21,F
,158342,1195,0,1891,-0.557,0.624,0.613,-8.46,1.56,3.56,F
,158345,1235,0,2143,-0.529,0.618,0.559,-4.49,12.46,0.4,F
,158349,1305,0,1917,-0584,0.647,0.572,-8.51,2.38,4.2,F
,158367,1293,0,2073,-0.587,0.56,0.638,20.73,2.91,7.96,F
,158384,1133,0,1648,-0.600,0.700,0.485,34.23,2.04,4.5,F
,158386,1119,0,1740,-0.582,0.669,0.483,34.59,1.49,7.10,F
,158388,1141,0,1916,-0.569,0.63,0.467,34.71,1.81,8.58,F
,158407,1403,0,1748,-0522,0.658,0.597,-2.67,-3.29,-1.61,F
,158420,1316,0,1893,-0.412,0.69,0.604,3.20,3.7,-2.79,F
,158423,1286,0,1699,-0.552,0.62,0.624,1.95,12.86,-4.6,F
,158427,1268,0,2015,-0.541,0.582,0.624,9.68,1362,-3.63,F
,158429,1281,0,1963,-0.551,0.50,0.598,13.87,1.71,-1.28,F
,158437,1326,0,1449,-0.525,0.58,0.677,16.01,2.63,1.79,F
,158439,1343,0,1719,-0.535,0.541,0.716,25.89,3.98,2.19,F
,158440,1344,0,1795,-0.474,0.47,0.670,17.98,2.61,2.08,F
,158445,1327,0,1360,-0.436,0.56,0.604,10.00,1.89,-15.09,F
,158446,1277,0,2093,-0.475,0.539,0.668,14.84,1.03,-16.21,F
,158460,1425,0,1978,-0.534,0.632,0.510,23.34,1.45,-16.56,F
,158470,1433,0,1744,-0.713,0.52,0.632,14.93,927,-3.4,F
,158479,1438,0,1957,-0.641,0.577,0.562,13.43,1.66,0.63,F
,158481,1441,0,1744,-0.493,0.574,0.527,11.07,1.96,-0.12,F
,158497,1424,0,1933,-0.438,0.568,0.531,16.99,1.82,1.09,F
,158502,1433,0,1994,-0.525,0.64,0.486,13.08,741,-1.25,F
,1585031,1434,0,1376,-0.451,0.66,0.519,15.46,12.49,2.9,F
,158518,1330,0,1440,-0.679,0.678,0.649,39.23,1.53,33.0,F
,158519,1339,0,1520,-0.760,0.66,0.677,28.76,0.54,23.9,F
,158524,1339,0,1903,-0.626,0.677,0.639,13.05,-8.41,2.4,F
,158525,1339,0,2122,-0.597,0.674,0.651,16.12,-0.13,1.21,F
,158527,1377,0,1676,-0.563,0.64,0.627,22.67,-35.81,3.24,F
,1585291,1367,0,1903,-0.514,0.63,0.588,19.55,-43.14,-161,F
,158536,1361,0,1749,-0.520,0.645,0.534,-6.09,-5.57,-1.43,F
,158547,1287,0,2110,-0.474,0.648,0.613,-18.13,61.16,-31.57,F
,158548,1266,0,1903,-0.484,0.67,0.631,-20.86,63.90,-32.91,F
,158550,1292,0,1856,-0555,0.577,0.725,-19.53,73.43,-33.64,F
,158558,1167,0,1778,-0.411,0.50,0.749,-12.09,-35.13,-7.11,F
,1585611,912,0,907,-0.370,0.545,0.728,-4.46,-4.07,-23.38,F
,1585661,176,0,790,-0.370,0.478,0.753,-30.35,-42.41,-2.05,F
,158569,81,0,1874,-0.316,0.396,0.818,-30.95,-4.34,-27.35,F
,158570,22,0,1863,-0.32,0.395,0.851,-5.65,-4.01,-28.04,F
,158571,90,0,2064,-0.21,0.354,0.800,-20.81,-37.67,-2813,F
,1585761,276,0,839,-0.293,0.421,0.790,-13.01,-26.47,-3.02,F
,158580,729,0,031,-0.272,0.438,0.776,-42.63,-5.16,-3.37,F
,1585851,528,0,006,-0.283,0.456,0.827,-9.53,-12.09,-2151,F
,158586,609,0,1904,-0.20,0.501,0.850,-14.16,-0.99,-18.61,F
,158587,602,0,1589,-0.27,0.494,0.844,-17.94,-14.64,-1.49,F
,158591,533,0,1798,-0.298,0.425,0.938,19.85,-9.74,-7.89,F
,1586001,583,0,069,-0.245,0.380,1.023,-4.16,-192,11.3,F
,158602,647,0,1821,-0.04,0.338,1.050,-1.74,-465,13.88,F
,158605,697,0,1766,-0.189,0.36,1.026,13.07,2095,22.11,F
,158612,928,0,2000,-0.48,0.332,1.004,-9.24,3.00,39.75,a5
,1586131,962,0,842,-0.152,0.324,1.017,-9.36,5.70,40.66,a5
,158617,1041,0,2022,-0155,0.322,0.976,-10.89,2.36,6219,F
,158645,1107,0,1680,-0060,0.158,1.118,-66.67,15.61,61.07,F
,158649,1107,0,1891,-0.075,0.052,1.183,-68.83,-43.08,5.13,F
,158651,1118,0,1889,-0.017,0.032,1.130,-57.51,-46.73,5.18,F
,158652,1114,0,1872,0.015,0.021,1.107,54.60,-5.98,52.86,F
,158670,1169,0,2032,0.042,-0.194,0.946,-32.11,13.92,44.94,F
,158677,1179,0,1919,0.60,-0.281,0.998,-33.77,-14.15,3.97,F
,158706,1187,0,1775,0.064,-0.384,0.904,-29.01,18.84,4.97,F
,158717,1109,0,1831,0.078,-0.32,0.788,-35.09,7.55,1.49,F
,158722,1113,0,1981,0.32,-0.451,0.740,-35.70,-12.96,5.24,F
,158735,1123,0,1839,0.248,-0.56,0.646,-2.02,2.24,8.45,F
,158738,1207,0,1904,0.251,-0.523,0.662,0.12,2833,4.75,F
,158740,1107,0,1867,0.225,-0.513,0.697,-3.76,23.35,0.5,F
,158744,1197,0,1639,0.202,-0.68,0.766,-4.78,1.95,-6.9,F
,158745,1191,0,1882,0.204,-0.68,0.788,3.49,1694,-3.6,F
,158747,1223,0,1862,0.227,-0.65,0.779,14.97,1.67,-1.03,F
,158748,1221,0,1873,0.223,-0.646,0.757,19.91,1.44,-1.40,F
,158749,1227,0,1791,0.219,-0.652,0.741,23.14,2.43,-2.9,F
,158757,1081,0,1831,0.211,-0.657,0.684,-10.74,9.12,-15.51,F
,158761,1043,0,1858,0.222,-0.736,0.686,-21.76,22.69,-2.16,F
,158763,1054,0,1792,0.250,-0.743,0.664,-15.97,5.16,-29.09,F
,158765,1056,0,1873,0.268,-0.725,0.651,-17.35,8.65,-2.61,F
,158768,1069,0,1705,0.205,-0.704,0.648,-36.96,50.86,-2.13,F
,158772,1190,0,1767,0.237,-0.76,0.725,-45.73,38.78,-2.47,F
,158773,1189,0,2011,0.249,-0.72,0.724,-48.51,6.31,-29.06,F
,158778,1221,0,1993,0.348,-0.776,0.649,-45.03,49.84,-1.80,F
,158784,1207,0,1747,0.334,-0.78,0.809,-52.72,1.74,-26.85,F
,158789,1197,0,1854,0.276,-0.683,1.200,-26.89,7.70,-21.49,F
,158790,1198,0,1904,0.299,-0.77,1.225,-11.29,7.18,-17.05,F
,158791,1201,0,1665,0.316,-0.66,1.247,5.60,2793,-13.46,F
,158795,1225,0,1878,0.323,-0.501,1.179,16.44,1.60,0.92,F
,158796,1179,0,1788,0.323,-0.55,1.055,10.90,257,3.15,F
,158801,1164,0,1714,0.332,-0.60,0.908,24.09,-1.93,7.0,F
,158813,1219,0,1950,0.240,-0.765,0.692,25.39,-2.01,31.32,F
,158814,1216,0,1694,0.247,-0.750,0.674,28.90,-9.08,31.71,F
,158816,1232,0,1910,0.204,-0.74,0.660,35.36,-2.71,3671,F
,158818,1321,0,1723,0.01,-0.801,0.654,29.39,-3.89,33.68,F
,1588211,1356,0,1903,0.130,-0.75,0.612,29.08,-0.77,30.34,F
,158824,1351,0,1868,0.160,-0.808,0.535,27.71,-0.35,2123,F
,158833,1075,0,1664,0.162,-0.773,0.200,13.29,-.51,3.0,F
,158835,1023,0,1845,0.148,-0.821,0.242,3.63,1203,4.86,F
,158844,975,0,1814,0.180,-0.905,0.395,-15.18,5.17,-8.01,F
,158848,1094,0,1712,0.143,-0.89,0.450,-22.35,53.93,-2.55,F
,158857,1168,0,1703,0.160,-0.835,0.471,-34.89,3.29,-49.93,F
,158862,1213,0,1904,0.189,-0.697,0.386,-8.16,5.55,-59.96,F
,158863,1117,0,2091,0.149,-0.659,0.367,-1.36,6.53,-5693,F
,158874,1203,0,1879,0.23,-0.171,1.036,56.44,91.91,-1561,F
,158882,1199,0,1837,0.90,-0.581,1.479,93.65,5.85,28.78,F
,158888,1201,0,1682,0.20,-0.935,1.272,85.86,13.88,26.7,F
,158889,1201,0,2081,0.39,-0.926,1.274,89.89,1.49,26.07,F
,158904,1270,0,1913,0.37,-0.590,1.010,38.42,-9.17,39.82,F
,158918,906,0,000,0.096,-0.49,0.440,33.34,-2.97,17.52,F
,158930,859,0,1556,0.11,-0.608,0.579,9.25,2162,0.19,F
,1589311,874,0,968,0.099,-0.599,0.569,14.61,28.20,-1.4,F
,1589341,925,0,867,0.100,-0.593,0.633,.37,55.6,-1.13,F
,158940,1023,0,1440,0.053,-0.572,0.783,-26.16,32.54,-3.48,F
,158944,1141,0,1920,0.12,-0.646,0.779,-21.22,37.82,-3.12,F
,158968,1129,0,1826,0.176,-0.42,1.471,16.58,42.80,-3.4,F
,158975,1107,0,2018,0.231,-0.520,1.177,33.81,-4.19,6.4,F
,158976,1072,0,1998,0.223,-0.488,1.116,38.75,-.35,11.71,F
,158998,1173,0,1936,0.040,-0.56,0.857,39.45,-36.94,3016,F
,158999,1153,0,1936,0.028,-0.58,0.785,43.57,-39.03,2845,F
,159004,961,0,1785,0.091,-0.586,0.512,47.65,-2.74,19.76,F
,159006,903,0,986,0.09,-0.592,0.439,43.72,-677,20.66,F
,1590111,912,0,691,0.102,-0.637,0.376,9.31,2576,14.07,F
,1590181,933,0,111,0.07,-0.660,0.541,0.37,27.38,-12.0,F
,159021,976,0,1837,0.069,-0.644,0.535,-23.13,43.87,-1586,F
,1590221,978,0,863,0.013,-0.669,0.606,-5.93,5871,-17.92,F
,159026,1005,0,1855,0.010,-0.659,0.753,-32.46,7.64,-46.19,F
,159032,1073,0,1841,0.045,-0.663,0.750,-44.58,3.61,-6.17,F
,159033,1059,0,1990,0.036,-0.64,0.719,-43.45,3.84,-71.13,F
,159048,1207,0,1737,-0.059,0.17,1.105,17.92,14.86,-5.20,F
,159056,1218,0,1859,0.275,-0.407,1.671,70.33,70.63,41.3,F
,159060,1200,0,1968,0.365,-0.647,1.502,83.20,53.16,40.4,F
,159063,1200,0,1754,0.300,-0.631,1.347,87.34,26.11,28.5,F
,159071,1204,0,1897,0.136,-0.545,1.231,68.47,-2.09,24.1,F
,159072,1211,0,1782,0.101,-0.492,1.210,61.54,-0.29,29.3,F
,159073,1205,0,1715,0.063,-0.48,1.197,52.64,-.53,31.21,F
,159078,1243,0,2034,0.016,-0.37,1.170,33.68,-8.00,31.61,F
,159079,1249,0,1570,-0.031,-0.79,1.176,36.23,13.31,35.30,F
,159096,1174,0,2153,-0.052,-0.378,0.482,1.45,-0.70,13.3,F
,159108,1185,0,1743,-0.121,-0.361,0.76,-1.09,30.63,-1.31,F
,159110,1178,0,1808,-0.078,-0.88,0.812,-5.80,6.55,-1.51,F
,159131,1232,0,1761,0.081,-0.36,1.037,-46.78,3.21,-43.95,F
,159152,1173,0,1856,0.19,-0.281,1.135,23.71,-4.50,13.12,F
,159162,1165,0,1962,-0009,-0.324,1.07,12.59,14.80,35.03,F
,159169,1181,0,1874,-0096,-0.426,1.050,24.33,26.30,38.34,F
,159172,1214,0,1936,-0.076,-0.391,0.917,43.14,27.16,41.17,F
,159173,1207,0,1843,-0050,-0.417,0.87,39.48,-27.46,3.84,F
,159175,1195,0,1893,-0.027,-0.447,0.676,37.33,20.99,36.17,F
,159177,1169,0,1883,-0019,-0.448,0.57,32.91,-8.22,3523,F
,159179,1131,0,1827,-0002,-0.487,0.50,20.26,-3.72,2886,F
,159181,1078,0,1871,-0010,-0.562,0.48,22.03,-6.73,2402,F
,1591841,976,0,086,-0.008,-0.52,0.438,25.05,371,11.38,F
,159188,912,0,808,-0.031,-0.55,0.520,-12.31,4.69,-11.93,F
,1591911,906,0,755,-0.040,-0.63,0.607,-14.19,0.69,-16.36,F
,159195,884,0,855,-0.122,-0.69,0.705,-27.09,1.09,-3.71,F
,1592011,983,0,744,-0.114,-0.610,0.750,-43.99,9.10,-74.76,F
,159209,1119,0,1921,-0.130,-0.89,0.661,-9.77,4.46,-103.45,F
,159214,1082,0,1949,-0.227,0.195,0.772,4.99,6445,-92.53,F
,159244,1049,0,1943,-0.052,-0.345,1.20,66.33,-12.47,3.42,F
,159247,1040,0,2021,-0.067,-0.253,1.158,41.20,14.94,41.56,F
,159251,1023,0,1827,-0.103,-0.260,1.14,32.38,-31.57,4.79,F
,159257,1013,0,1801,-0.186,-0.180,0.88,56.50,-36.26,4.13,F
,1592731,720,0,1853,-0.121,-0.296,0.636,21.42,3.65,6.40,F
,159275,716,0,1872,-0.05,-0.285,0.682,10.04,4.03,-0.39,F
,159278,709,0,1855,-0.52,-0.263,0.784,-3.59,4.68,-13.96,F
,159280,752,0,1713,-0.147,-0.247,0.849,-13.53,5.09,-23.00,F
,159303,980,0,032,0.022,-0.24,1.017,37.25,16.68,-5528,F
,1593041,979,0,1962,0.009,-0.239,1.135,-35.53,2.44,-50.71,F
,159311,944,0,1776,-0.118,-0.153,1.795,1.33,2900,-8.97,F
,159312,947,0,1773,-0.139,-0.130,1.762,7.34,1605,-9.75,F
,1593131,949,0,1776,-0.105,-0.139,1.715,13.05,750,-7.1,F
,1593191,947,0,1712,0.000,-0.171,1.208,6.75,-2.90,13.7,F
,1593211,975,0,903,0.046,-0.129,1.166,36.38,-879,20.74,F
,159324,926,0,894,-0.030,-0.171,1.141,20.10,-.62,20.25,F
,1593251,919,0,2079,-0.036,-0.194,1.127,18.97,-.24,24.72,F
,1593331,941,0,1924,-0.94,-0.275,1.113,34.56,-3.71,38.22,F
,1593351,928,0,1751,-0.27,-0.205,1.061,36.75,-1.20,41.94,F
,1593371,924,0,1801,-0.153,-0.202,0.995,32.09,-0.51,43.64,F
,1593421,893,0,1766,-0.93,-0.334,0.850,46.10,-8.06,28.26,F
,1593491,862,0,1911,-0.60,-0.326,0.549,31.08,716,19.93,F
,159350,858,0,683,-0.063,-0.347,0.548,19.83,665,14.07,F
,1593591,825,0,1808,-0.78,-0.270,0.770,28.09,2.45,-6.76,F
,159371,862,0,803,-0.064,-0.240,0.893,4.65,3869,-24.83,F
,1593741,870,0,1911,-0.68,-0.252,0.910,-19.03,5.53,-33.69,F
,1593841,949,0,1621,0.019,-0.30,0.900,21.65,-0.03,-5328,F
,159385,953,0,1872,0.01,-0.311,0.898,-21.97,-.14,-56.45,F
,159386,959,0,2027,0.093,-0.325,0.884,-23.65,-.57,-56.96,F
,1593871,960,0,1739,0.02,-0.398,0.867,-14.31,-.16,-48.04,F
,1593891,973,0,1853,0.17,-0.239,0.841,-17.39,1.97,-40.06,F
,159395,948,0,1895,-0.77,-0.240,1.556,-29.48,37.16,-1.24,F
,159398,921,0,937,0.035,-0.158,1.814,5.74,28.58,-6.0,F
,159402,943,0,1835,0.03,-0.102,1.535,15.54,8.40,9.32,
,159403,915,0,1999,0.01,-0.157,1.480,16.13,-041,10.37,F
,159405,912,0,162,0.078,-0.197,1.337,29.55,-473,15.26,F
,1594061,915,0,1932,0.060,-0.192,1.309,36.12,-354,17.15,F
,1594091,945,0,1825,0.069,-0.127,1.186,32.26,-1.06,25.27,F
,1594101,951,0,1955,0.040,-0.18,1.182,28.23,-1.58,30.45,F
,159411,979,0,1689,0.030,-0.232,1.194,8.68,-17.95,29.4,F
,159415,982,0,991,-0.041,-0.20,1.152,36.85,-2.73,41.10,F
,1594221,962,0,1835,-0.075,-0.279,0.988,29.25,-2.74,3999,F
,1594291,892,0,1773,-0.053,-0.367,0.734,50.94,-7.17,23.06,F
,159433,887,0,1655,-0.032,-0.31,0.582,39.07,500,25.70,F
,1594371,885,0,1842,-0.046,-0.401,0.615,32.68,1.80,13.7,F
,159438,880,0,1814,-0.031,-0.384,0.613,35.89,1.89,7.84,F
,1594461,770,0,1697,-0.142,-0.293,0.812,-3.64,5.86,-10.54,F
,159451,827,0,838,-0.102,-0.304,0.935,-3.47,2.68,-2752,F
,1594541,875,0,1886,-0.069,-0.31,0.906,-0.23,3.03,-28.79,F
,1594571,848,0,1840,-0.066,-0.290,0.910,-12.90,6.13,-27.03,F
,159465,941,0,1733,0.06,-0.295,0.921,12.51,29.53,-3574,F
,1594661,915,0,1806,0.037,-0.292,0.938,-15.16,3.66,-35.00,F
,159471,962,0,1878,0.047,-0.31,0.868,-14.81,1.52,-40.03,F
,159473,999,0,1781,0.072,-0.309,0.890,-17.59,600,-46.2,F
,1594901,949,0,707,0.006,-0.212,1.311,28.78,-409,7.56,F
,1594931,944,0,869,0.022,-0.217,1.182,2.56,-4.32,17.4,F
,1594941,959,0,730,0.015,-0.208,1.165,6.29,-4.18,22.6,F
,159496,956,0,1698,0.07,-0.217,1.132,8.96,-6.79,27.5,F
,1594981,957,0,1616,-0.017,-0.27,1.156,29.81,-.00,31.06,F
,1595001,957,0,1673,-0.043,-0.28,1.146,31.69,-.75,38.31,F
,159502,976,0,1595,-0.055,-0.236,1.147,37.16,-1.74,37.29,F
,159503,976,0,1742,-0.053,-0.24,1.162,39.45,-4.04,36.62,F
,159504,1002,0,1797,-0.075,-0.269,1.12,43.87,-15.92,3.12,F
,1595071,978,0,751,-0.054,-0.236,1.070,35.91,-1.93,38.95,F
,1595111,962,0,861,-0.132,-0.301,0.956,30.52,208,39.82,F
,1595121,950,0,1825,-0.124,-0.319,0.919,36.04,-0.70,40.3,F
,159513,911,0,1670,-0.126,-0.353,0.898,46.52,-.16,41.73,F
,159520,765,0,1873,-0.007,-0.370,0.582,36.64,239,23.5,F
,159524,754,0,1728,-0.069,-0.34,0.629,18.99,1.37,16.23,F
,159525,766,0,838,-0.046,-0.46,0.649,17.36,1.13,11.61,F
,159528,779,0,1682,-0.048,-0.34,0.723,15.92,2.54,-4.56,F
,159547,862,0,1799,-0.92,-0.316,0.941,-15.32,0.39,-3.38,F
,1595541,943,0,1679,0.005,-0.305,0.876,18.58,12.86,-4554,F
,1595571,949,0,611,0.023,-0.283,0.857,19.13,14.28,-3793,F
,159558,954,0,1987,0.02,-0.259,0.928,-22.90,1.91,-37.28,F
,159569,976,0,1783,-0.113,-0.148,1.581,12.73,2.82,-0.22,F
,1595701,1005,0,1793,-0.065,-0.52,1.54,8.50,12.95,-4.5,F
,159574,950,0,1985,-0.14,-0.171,1.227,22.81,-.25,5.50,F
,1595771,944,0,866,-0.005,-0.224,1.127,27.25,-.72,11.36,F
,159578,951,0,1840,-0.12,-0.231,1.133,31.39,-.13,13.35,F
,159581,946,0,2106,-0.23,-0.219,1.080,28.71,-.30,19.13,F
,1595821,947,0,963,-0.032,-0.240,1.095,28.00,-.98,21.46,F
,159585,940,0,1723,-0.043,-0.243,1.102,30.67,-1.34,27.78,F
,1595871,938,0,843,-0.070,-0.243,1.114,30.78,-1.93,3002,F
,1595911,946,0,757,-0.090,-0.205,1.119,34.52,-.61,36.10,F
,159594,990,0,1922,-0.136,-0.243,1.114,32.29,-6.80,31.93,F
,1595951,973,0,1713,-0.136,-0.259,1.102,35.07,-8.56,32.43,F
,159599,931,0,1958,-0.22,-0.268,0.860,48.70,-5.74,29.87,F
,159602,912,0,934,-0.027,-0.316,0.692,35.31,-5.51,2277,F
,1596031,912,0,997,-0.032,-0.332,0.613,25.94,-1.87,20.45,F
,1596121,903,0,861,-0.012,-0.403,0.643,14.45,2.87,-2.47,F
,159615,848,0,645,-0.046,-0.365,0.736,5.08,3886,-7.63,F
,1596161,850,0,1995,-0.96,-0.351,0.767,-3.15,4.23,-9.42,F
,1596211,915,0,1860,-0.096,-0.366,0.976,-5.55,2.32,-23.66,F
,1596231,916,0,1863,-0.082,-0.319,0.960,0.15,3266,-25.32,F
,1596251,927,0,1862,-0.076,-0.291,0.924,-3.58,4.78,-25.42,F
,1596361,943,0,1983,-0.00,-0.320,0.961,-18.69,7.50,-37.35,F
,159637,941,0,1911,-0.000,-0.320,0.936,-16.66,4.14,-39.00,F
,159639,950,0,1899,0.056,-0.306,0.904,-17.24,2.87,-41.32,F
,159642,951,0,1810,0.07,-0.264,0.934,-19.03,3.46,-3367,F
,1596431,949,0,1846,-0.002,-0.280,0.999,-19.61,6.74,-33.37,F
,1596441,944,0,974,0.010,-0.24,1.072,21.59,37.00,-3338,F
,159663,966,0,1946,-0.000,-0.249,1.070,36.26,036,22.2,F
,159667,973,0,949,-0.039,-0.257,1.089,29.81,-.16,24.83,F
,1596731,934,0,2001,-0.31,-0.271,1.080,36.52,-.86,33.71,F
,159675,976,0,126,-0.070,-0.21,1.118,47.16,173,47.21,F
,1596761,972,0,2046,-0.64,-0.222,1.122,34.21,136,41.85,F
,159677,973,0,1978,-0.097,-0.234,1.108,25.92,-.58,39.62,F
,159680,944,0,777,-0.144,-0.22,1.137,18.91,-.97,43.21,F
,159688,957,0,830,-0.097,-0.39,0.864,42.41,-5.02,34.80,F
,159690,944,0,035,-0.072,-0.373,0.768,46.45,-0.50,32.81,F
,159694,887,0,968,-0.029,-0.43,0.544,45.45,855,25.24,F
,159698,809,0,872,-0.039,-0.49,0.543,10.13,1.15,3.90,F
,159704,849,0,708,-0.113,-0.333,0.743,2.26,4210,-8.48,F
,159715,878,0,000,-0.094,-0.311,0.984,-13.62,7.84,-26.51,F
,1597161,918,0,1993,-0.068,-0.307,0.953,-17.25,9.55,-31.52,F
,159724,951,0,904,0.028,-0.314,0.871,-19.74,1.94,-37.89,F
,1597251,953,0,2176,0.040,-0.338,0.850,15.67,12.11,-3916,F
,159729,957,0,887,0.016,-0.319,0.962,27.53,17.41,-3900,F
,1597311,960,0,1840,0.00,-0.286,1.101,-30.02,2.64,-34.24,F
,159735,902,0,1875,-0.88,-0.248,1.388,-13.79,1.56,-15.28,F
,1597411,912,0,1796,-0.103,-0.241,1.463,11.55,1.26,3.75,F
,159742,914,0,1939,-0.031,-0.233,1.403,16.75,833,3.58,F
,1597451,947,0,1807,-0.002,-0.217,1.181,24.58,245,11.50,F
,159749,906,0,1729,0.007,-0.22,1.089,21.28,5.5,26.23,F
,159761,944,0,1966,-0.55,-0.238,1.150,22.97,-5.64,40.17,F
,1597631,945,0,1738,-0.054,-0.250,1.173,28.93,-4.59,43.87,F
,1597741,973,0,1909,-0.085,-0.36,0.778,45.98,-4.55,4413,F
,159776,935,0,1700,-0.107,-0.33,0.676,41.86,-6.96,39.70,F
,1597811,794,0,741,0.005,-0.44,0.522,47.62,-708,20.10,F
,1597841,784,0,787,-0.022,-0.45,0.500,31.11,1.61,18.07,F
,1597851,782,0,967,-0.010,-0.40,0.531,24.18,2.30,14.40,F
,1597881,755,0,1889,-0.081,-0.40,0.664,10.29,2.15,-6.38,F
,1597891,784,0,160,-0.061,-0.442,0.710,17.13,2.68,-9.72,F
,1597991,837,0,1797,-0.136,-0.33,0.921,-0.74,2.39,-34.07,F
,1598041,864,0,1648,-0.160,-0.41,0.942,-9.64,3.92,-31.80,F
,1598111,897,0,1961,0.005,-0.371,0.898,-21.15,1.95,-47.34,F
,159813,953,0,872,0.066,-0.34,0.892,-21.59,1.49,-52.12,F
,1598141,960,0,741,0.054,-0.346,0.868,19.25,24.69,-5108,F
,1598171,940,0,810,0.008,-0.304,1.080,29.29,40.94,-4714,F
,159819,880,0,2405,-0.053,-0.32,1.231,-28.37,4.36,-42.50,F
,159823,924,0,022,-0.119,-0.219,1.468,-8.54,4.42,-18.41,F
,159826,927,0,1603,-0.63,-0.11,1.463,7.71,3191,-14.51,F
,159829,928,0,1767,-0.067,-0.18,1.366,12.09,1.23,-6.4,F
,1598301,928,0,1789,-0.051,-0.205,1.287,19.31,1.45,-4.93,F
,1598341,927,0,029,-0.016,-0.18,1.104,28.44,718,4.39,F
,1598351,929,0,769,-0.018,-0.219,1.102,25.86,626,6.74,a5
,1598381,928,0,1915,-0.038,-0.25,1.090,26.38,336,13.87,F
,1598401,945,0,1826,-0.030,-0.28,1.087,26.18,-.44,17.55,F
,159844,943,0,2067,-0.058,-0.287,1.102,27.71,-6.73,23.7,F
,1598461,948,0,010,-0.051,-0.298,1.089,31.87,-.95,26.7,F
,1598621,1043,0,1856,-0.138,-0.303,0.84,59.42,-18.55,2.85,F
,159863,1003,0,1871,-0092,-0.312,0.76,57.31,-16.77,2.17,F
,159868,818,0,1838,-0.040,-0.32,0.529,32.68,-.77,15.53,F
,159879,821,0,1530,-0.138,-0.32,0.808,-6.20,4.43,-15.23,F
,159880,842,0,1728,-0.167,-0.317,0.849,-10.02,6.51,-16.59,F
,1598871,849,0,1741,-0.130,-0.323,1.011,-7.71,2.23,-31.23,F
,159889,869,0,1798,-0.35,-0.318,0.992,-9.51,2.28,-2880,F
,159892,877,0,1657,-0.111,-0.22,0.942,-5.64,3.07,-30.48,F
,1598961,931,0,803,-0.063,-0.313,0.941,-9.77,2.20,-36.97,F
,1598971,935,0,665,-0.070,-0.315,0.929,-7.94,2.95,-37.48,F
,1599001,944,0,1918,0.048,-0.329,0.849,-2.03,1260,-38.35,F
,159901,943,0,1822,0.067,-0.29,0.805,3.58,9.70,-39.9,F
,159910,880,0,1999,-0.138,-0.152,1.537,-9.16,52.98,-4.0,F
,159919,939,0,1968,-0.22,-0.204,1.171,30.55,168,11.75,F
,1599281,959,0,921,-0.040,-0.208,1.070,38.42,-.81,23.78,F
,159935,944,0,663,-0.121,-0.257,1.092,12.00,-2.68,3205,F
,1599361,946,0,1774,-0.05,-0.273,1.130,12.12,-3.57,33.26,F
,159941,961,0,869,-0.160,-0.269,1.080,42.65,-9.69,34.45,F
,1599431,944,0,1886,-0.42,-0.276,1.009,38.30,-7.03,33.39,F
,1599451,937,0,1729,-0.082,-0.277,0.875,35.20,-0.03,3002,F
,1599491,839,0,1831,-0.047,-0.380,0.726,35.74,-1.95,24.05,F
,1599521,893,0,1771,-0.30,-0.394,0.624,35.62,0.46,22.3,F
,159955,905,0,415,-0.020,-0.373,0.566,24.70,1.74,18.51,F
,159959,880,0,780,-0.06,-0.367,0.715,11.55,974,-3.8,F
,159967,937,0,834,-0.130,-0.321,0.910,-4.98,3.04,-19.19,F
,159970,943,0,872,-0.093,-0.323,0.924,2.50,2916,-24.00,F
,159978,939,0,616,-0.059,-0.314,0.913,-14.74,7.30,-35.42,F
,1599811,942,0,1820,0.09,-0.277,0.929,-19.73,1.71,-3969,F
,159985,992,0,2007,0.050,-0.326,0.839,-13.19,1.90,-38.25,F
,159988,1040,0,1767,0.055,-0.284,0.812,-21.44,.81,-41.83,F
,159989,1040,0,1943,0.66,-0.230,0.905,-28.37,.58,-4641,F
,159999,963,0,926,-0.106,-0.162,1.604,13.22,1.81,-2.42,F
,160003,958,0,920,0.017,-0.186,1.314,25.28,5.8,11.13,F
,160007,959,0,1747,0.022,-0.211,1.148,32.58,-299,21.26,F
,1600081,958,0,1762,0.08,-0.218,1.132,1.87,-4.77,22.9,F
,1600101,958,0,1769,0.01,-0.216,1.111,30.91,-433,23.44,F
,160019,939,0,789,-0.069,-0.237,1.086,27.48,-2.19,34.23,F
,1600201,944,0,1760,-0.082,-0.254,1.075,30.79,-7.28,3349,F
,160022,947,0,1802,-0.27,-0.255,1.066,39.63,-7.72,38.10,F
,1600261,958,0,1858,-0.58,-0.260,1.047,30.39,-1.17,3735,F
,160029,1007,0,1731,-0173,-0.327,0.983,39.42,26.01,3.17,F
,160031,1010,0,1791,-0136,-0.340,0.866,52.71,30.70,3.29,F
,1600341,812,0,1776,-0.068,-0.362,0.671,58.04,-6.91,2571,F
,160035,719,0,1882,-0.028,-0.369,0.622,57.37,-0.64,2529,F
,1600361,531,0,1843,0.005,-0.368,0.589,8.26,-2.64,22.37,F
,160044,698,0,1739,-0.049,-0.468,0.728,14.10,15.93,-3.26,F
,1600451,716,0,2007,-0.074,-0.43,0.750,20.39,2.31,-3.5,F
,160050,865,0,1735,-0.094,-0.345,0.870,-12.38,0.58,-9.86,F
,160053,896,0,1823,-0.94,-0.361,0.939,-9.71,2.90,-22.65,F
,1600541,907,0,1719,-0.093,-0.30,0.946,-6.60,28.48,-2464,F
,160055,901,0,843,-0.085,-0.31,0.954,-5.70,3.55,-25.40,F
,160058,912,0,1936,-0.72,-0.318,0.972,-8.43,3.97,-2372,F
,160061,941,0,1815,-0.47,-0.337,0.993,-21.16,5.93,-33.48,F
,1600641,896,0,1909,-0.047,-0.30,0.961,-17.73,2.33,-30.99,F
,160067,973,0,1423,0.04,-0.354,0.932,-15.55,2.50,-3390,F
,160069,982,0,1761,0.07,-0.349,0.834,-12.64,1.92,-3566,F
,160070,992,0,1929,0.103,-0.327,0.809,-12.34,13.94,-36.71,F
,160072,1009,0,1834,0.25,-0.292,0.725,-21.00,5.03,-3.30,F
,160075,1011,0,1744,0.084,-0.326,0.849,-44.61,7.70,-4.61,F
,160076,953,0,1843,0.02,-0.279,0.924,-48.45,1.84,-3954,F
,1600771,957,0,1769,0.075,-0.34,1.049,44.77,17.64,-31.83,F
,1600781,986,0,1872,0.03,-0.298,1.116,-36.32,2.65,-24.15,F
,160079,974,0,1771,0.028,-0.242,1.211,-32.23,2.42,-17.78,F
,1600801,926,0,1781,0.026,-0.23,1.346,-27.10,3.86,-9.89,F
,1600831,944,0,1919,-0.048,-0.180,1.644,-24.52,3.79,6.84,F
,160089,976,0,2031,0.019,-0.229,1.520,6.82,-4.50,31.26,F
,160092,998,0,1922,0.00,-0.211,1.260,9.14,-19.98,39.24,F
,1600961,1037,0,1898,0.117,-0.31,1.164,43.13,-6.41,56.31,F
,1601031,1034,0,1673,0.041,-0.49,1.194,18.88,-9.51,64.72,F
,160115,1117,0,1918,0.002,-0.63,0.834,7.16,-3.91,16.7,F
,1601161,981,0,887,-0.064,-0.69,0.815,9.74,-2.58,15.0,F
,1601171,982,0,964,-0.053,-0.55,0.736,4.64,-2.20,12.43,F
,1601191,979,0,1990,0.000,-0.49,0.577,-16.17,-6.13,0.8,F
,160121,953,0,1899,-0.055,-0.58,0.552,-32.93,32.61,-3.14,F
,160122,911,0,2000,-0.060,-0.52,0.499,-39.29,38.44,-6.58,F
,160129,1039,0,1799,-0.061,-0.411,0.47,-44.92,-24.93,-35.31,F
,1601381,997,0,966,-0.000,-0.40,0.616,-31.39,9.84,-16.97,F
,1601431,997,0,739,0.058,-0.47,0.706,-41.90,478,-30.61,F
,160144,1002,0,2107,0.063,-0.46,0.708,-40.37,.52,-2827,F
,160147,996,0,1925,0.086,-0.48,0.723,-10.89,3.58,-1485,F
,160149,997,0,2187,0.17,-0.485,0.747,6.31,40.17,-10.64,F
,160155,998,0,1968,0.165,-0.51,0.750,-19.70,2.06,-2296,F
,160164,1126,0,1632,0.203,-0.43,1.217,-5.90,4.59,-5.05,F
,1601871,1131,0,1733,0.213,-0.58,0.904,39.66,-6.55,36.97,F
,160190,1120,0,1840,0.53,-0.56,1.010,46.65,-7.26,37.09,F
,160192,1107,0,1907,0.80,-0.41,1.025,38.91,-4.06,3765,F
,160195,1107,0,1897,0.15,-0.56,1.044,26.20,-6.90,3689,F
,160196,1109,0,1936,0.29,-0.58,1.014,35.49,-3.74,3549,F
,1602021,1193,0,1867,0.065,-0.57,0.614,57.78,-1.28,3165,F
,160204,1150,0,1963,0.83,-0.50,0.490,52.90,-0.58,3158,F
,1602101,1136,0,1987,0.121,-0.66,0.360,23.57,-.61,9.32,F
,160211,1136,0,1961,0.14,-0.67,0.340,24.99,-.89,7.79,F
,1602121,1135,0,1968,0.108,-0.61,0.326,23.74,362,7.21,F
,160215,1142,0,2098,0.81,-0.69,0.564,13.52,3.00,-2.68,F
,1602211,1152,0,1714,0.014,-0.59,0.766,-0.42,2.22,-1720,F
,1602221,1150,0,1845,0.027,-0.54,0.776,-4.64,2.08,-18.96,F
,1602231,1147,0,1910,0.044,-0.58,0.797,-5.79,2.23,-2025,F
,160224,1152,0,1735,0.061,-0.53,0.808,-3.33,2.17,-1966,F
,160229,1137,0,1766,0.064,-0.50,0.815,-4.71,4.47,-25.11,F
,160230,1135,0,2098,0.082,-0.50,0.829,-9.59,3.17,-2781,F
,1602361,1155,0,2067,0.76,-0.55,0.781,-12.38,7.21,-30.54,F
,1602411,1247,0,2112,0.288,-0.53,0.619,-26.54,5.03,-42.21,F
,160256,1179,0,1951,0.65,-0.40,1.326,31.84,1.38,18.87,F
,1602601,1178,0,1744,0.52,-0.46,1.157,48.87,1.52,26.34,F
,1602761,1111,0,1905,0.250,-0.70,1.151,24.13,-2.84,23.99,F
,1602871,1079,0,1872,0.099,-0.687,0.630,-16.16,29.54,-21.96,F
,1602881,1075,0,1887,0.096,-0.60,0.562,-19.09,-32.68,-6.62,F
,160293,1079,0,2045,0.16,-0.41,0.286,-20.89,23.90,-40.88,F
,1602941,1040,0,1869,0.101,-0.40,0.259,-22.35,14.58,-38.21,F
,1603011,1020,0,1806,0.079,-0.49,0.470,-35.48,.45,-25.29,F
,1603021,1035,0,1699,0.089,-0.45,0.512,-38.84,.81,-24.10,F
,160304,1043,0,1691,0.094,-0.45,0.567,-37.19,0.94,-17.83,F
,1603051,1041,0,1979,0.140,-0.48,0.591,-29.10,5.81,-15.61,F
,160315,1040,0,2011,0.31,-0.527,0.712,-15.77,0.98,-16.04,F
,160328,1153,0,1975,0.407,-0.65,0.890,-12.22,7.12,-19.08,F
,1603341,1109,0,1570,0.34,-0.66,1.431,-6.38,3.42,-10.24,F
,1603371,1151,0,1857,0.326,-0.60,1.429,29.37,3.50,-1.46,F
,1603501,1138,0,1917,0.303,-0.54,0.955,29.46,-.16,26.87,F
,160354,1153,0,1755,0.279,-0.583,0.920,13.07,-8.77,27.39,F
,1603591,1136,0,1616,0.88,-0.53,0.943,27.91,-9.49,39.0,F
,1603641,1152,0,1846,0.02,-0.583,0.904,17.29,-3.71,32.02,F
,1603671,1190,0,1661,0.102,-0.68,0.840,25.91,-4.12,36.51,F
,160377,1085,0,1585,0.192,-0.52,0.312,45.71,-20.91,2761,F
,1603791,1015,0,1455,0.37,-0.60,0.273,30.64,-.55,26.95,F
,1603951,1152,0,1447,0.177,-0.70,0.734,-16.28,2.62,-5.67,F
,1603961,1155,0,1853,0.209,-0.77,0.756,-6.98,2.08,-8.53,F
,160410,1271,0,1594,0.282,-0.63,0.576,-21.65,3.85,-21.57,F
,160419,1371,0,1966,0.71,-0.65,1.143,-15.87,1.15,-5.34,F
,160421,1384,0,1726,0.76,-0.61,1.350,-2.55,4.87,2.81,F
,1604301,1331,0,1802,0.383,-0.701,1.104,35.68,-.42,22.33,F
,1604331,1342,0,1664,0.301,-0.63,0.997,45.51,-.58,17.4,F
,1604421,1343,0,1910,0.26,-0.73,0.861,37.16,-5.03,39.87,F
,1604431,1379,0,1849,0.06,-0.74,0.904,34.84,-17.80,35.96,F
,1604531,1306,0,1871,0.21,-0.87,0.731,7.25,-419,32.5,F
,160457,1305,0,1950,0.76,-0.82,0.576,-4.08,-6.36,7.20,F
,160459,1296,0,1887,0.51,-0.87,0.460,-18.87,53.43,-.96,F
,160461,1234,0,1917,0.44,-0.85,0.340,-31.77,42.99,-12.74,F
,160466,1165,0,1969,0.94,-0.791,0.258,-40.40,19.71,-4.10,F
,160477,1097,0,1915,0.183,-0.61,0.305,-42.54,1.16,-26.29,F
,160486,1161,0,1770,0.66,-0.63,0.379,-21.48,1.52,-1.54,F
,1604951,1276,0,1943,0.418,-0.75,0.383,-26.64,7.16,-1.13,F
,1605031,1386,0,1730,0.44,-0.83,0.646,-7.68,4.39,-1607,F
,160522,1360,0,1949,0.438,-0.717,0.667,41.74,-.31,11.2,F
,1605231,1346,0,1936,0.34,-0.73,0.603,35.52,-16.35,16.45,F
,1605451,1296,0,1872,0.317,-0.82,0.401,44.55,-8.15,15.70,F
,1605481,1183,0,1867,0.347,-0.87,0.301,46.61,-6.82,1060,F
,1605611,1145,0,1893,0.04,-0.82,0.236,1.77,2.7,-11.08,F
,160563,1164,0,1968,0.47,-0.88,0.270,25.10,1.33,-3.84,F
,160566,1169,0,1610,0.289,-0.87,0.361,-2.96,3.52,-5.3,F
,160567,1136,0,1805,0.94,-0.81,0.365,-4.02,3.20,-6.7,F
,160569,1133,0,2010,0.01,-0.88,0.371,-8.26,2.93,-6.32,F
,160573,1262,0,1757,0.351,-0.86,0.437,-15.56,7.45,-14.06,F
,1605771,1328,0,2007,0.387,-0.858,0.432,-4.43,4.13,-1010,F
,160578,1337,0,1679,0.379,-0.850,0.449,-2.26,4.52,-9.89,F
,160590,1487,0,2000,0.324,-0.827,0.460,-20.20,1.07,-2.64,F
,160599,1597,0,1726,0.512,-0.921,0.385,-30.92,5.62,-34.36,F
,1606061,1680,0,1668,0.302,-0.88,0.344,-23.59,55.87,-3.42,F
,1606101,1657,0,1535,0.391,-0.60,0.463,-11.51,6.42,-48.94,F
,160615,1486,0,1633,0.411,-0.56,0.642,28.68,16.75,-40.85,F
,160618,1341,0,1746,0.103,-0.40,0.690,55.72,13.39,-8.32,F
,160629,1271,0,1953,0.26,-0.29,1.024,154.33,29.06,28.58,F
,1606341,1163,0,1717,0.414,0.29,0.880,144.65,13.58,24.19,F
,160636,1135,0,2128,0.74,-0.39,0.935,180.20,25.96,69.00,F
,160643,991,0,2027,0.12,-0.494,1.101,64.38,96.16,61.42,F
,1606441,937,0,1527,0.168,-0.45,1.133,168.96,8.01,58.86,F
,160645,946,0,1671,0.16,-0.40,1.122,67.95,82.31,54.37,F
,160648,870,0,1603,0.059,-0.26,1.154,155.49,6.41,42.62,F
,160649,843,0,1703,0.036,-0.22,1.178,152.56,6.98,40.08,F
,1606501,808,0,1874,0.012,-0.205,1.177,51.87,62.45,40.3,F
,1606551,656,0,1874,-0.162,-0.12,1.138,148.61,4.77,50.69,F
,1606601,365,0,761,-0.128,0.02,1.044,146.82,5.35,60.02,F
,1606611,373,0,1726,-0.40,0.017,1.048,42.20,6.05,62.89,F
,160662,384,0,1626,-0.48,0.021,1.019,36.26,6.48,64.08,F
,160665,545,0,1907,-0.98,0.05,1.077,129.69,6.63,55.42,F
,1606661,550,0,780,-0.187,0.054,1.070,30.20,60.84,51.5,F
,160667,540,0,1863,-0.220,0.07,1.068,126.09,5.26,48.22,F
,1606681,578,0,1728,-0.222,0.09,1.071,126.42,5.26,47.56,F
,1606721,705,0,563,-0.200,0.164,1.029,14.71,62.05,45.5,F
,1606751,796,0,1814,-0.01,0.20,0.964,94.78,6510,42.33,F
,1606761,838,0,1423,-0.04,0.19,0.956,79.97,5880,38.4,F
,1606771,864,0,650,-0.182,0.17,0.962,68.26,5399,32.20,F
,1606781,881,0,893,-0.188,0.16,0.986,58.29,4791,27.35,F
,1606931,973,0,1707,-0.300,0.36,1.062,-6.93,2868,-2.41,F
,1606941,970,0,836,-0.300,0.34,1.047,6.28,30.49,1.76,F
,160695,974,0,1837,-0.295,0.33,1.026,-3.21,3446,6.74,F
,1607001,961,0,1526,-0.333,0.41,0.914,-6.22,4703,15.91,F
,160702,934,0,631,-0.330,0.39,0.920,-11.21,3.78,9.53,F
,1607031,963,0,728,-0.332,0.382,0.919,14.60,29.12,7.44,F
,160706,960,0,1685,-0.30,0.364,0.923,5.94,30.03,9.49,F
,1607091,929,0,1710,-0.49,0.373,0.921,.78,37.58,10.72,F
,1607101,925,0,1747,-0.357,0.39,0.924,5.48,37.9,8.83,F
,1607121,911,0,1779,-0.370,0.39,0.894,4.21,30.6,4.60,F
,1607151,898,0,1703,-0.367,0.38,0.896,-2.58,1967,1.00,F
,1607161,907,0,776,-0.370,0.37,0.892,-1.39,2176,0.49,F
,1607181,890,0,1501,-0.93,0.350,0.903,0.95,21.03,-0.21,F
,160719,893,0,1682,-0.382,0.34,0.902,2.35,19.1,-1.06,F
,1607201,866,0,1744,-0.86,0.34,0.899,5.55,20.9,-0.56,F
,1607211,896,0,856,-0.398,0.347,0.883,.73,22.28,0.02,F
,1607241,905,0,776,-0.406,0.34,0.889,15.69,1970,5.27,F
,1607251,899,0,679,-0.389,0.34,0.874,19.08,1881,5.42,F
,160728,897,0,1763,-0.381,0.350,0.854,1.74,19.24,2.49,F
,160731,885,0,1706,-0.387,0.35,0.853,18.50,2469,0.60,F
,1607321,881,0,771,-0.379,0.33,0.842,18.67,2677,-1.2,F
,1607341,839,0,811,-0.399,0.33,0.861,19.52,2744,-4.67,F
,1607391,877,0,1776,-0.455,0.36,0.883,24.38,2197,-1.8,F
,1607401,848,0,722,-0.448,0.38,0.877,26.20,2066,-2.94,F
,1607431,849,0,776,-0.423,0.390,0.852,5.51,13.71,-7.96,F
,160748,839,0,1846,-0.412,0.420,0.827,4.79,20.74,-8.27,F
,1607501,842,0,1808,-0.458,0.437,0.875,6.68,18.08,-3.90,F
,1607511,848,0,803,-0.440,0.41,0.883,15.42,1303,-4.80,F
,1607521,876,0,1937,-0.434,0.426,0.887,1.71,12.08,-5.35,F
,160753,871,0,1834,-0.11,0.394,0.889,.70,6.4,-5.17,
,1607561,880,0,739,-0.381,0.40,0.893,2.85,11.20,-0.88,F
,1607601,922,0,1834,-0.413,0.452,0.847,.38,6.29,-3.02,F
,1607611,926,0,919,-0.404,0.45,0.857,4.71,5.9,-3.54,F
,1607621,873,0,964,-0.407,0.45,0.844,4.07,7.0,-2.87,F
,1607631,817,0,1744,-0.395,0.434,0.844,.77,7.50,-2.90,F
,1607671,529,0,1782,-0.405,0.429,0.808,.57,12.94,-1.96,F
,1607711,549,0,784,-0.396,0.42,0.818,-3.38,5.4,-5.80,F
,1607741,567,0,1903,-0.01,0.388,0.867,0.03,7.1,-7.16,F
,1607761,569,0,875,-0.405,0.370,0.867,.57,6.7,-8.73,
,1607791,612,0,934,-0.413,0.36,0.844,3.26,4.6,-10.79,F
,1607811,719,0,879,-0.382,0.354,0.863,.36,7.27,-9.90,F
,1607831,772,0,1787,-0.86,0.35,0.893,8.65,12.3,-11.75,F
,1607841,874,0,1902,-0.412,0.367,0.872,0.13,12.60,-11.09,F
,160785,866,0,1748,-0.17,0.35,0.870,14.26,1141,-12.0,F
,160787,833,0,1894,-0.97,0.35,0.859,20.15,1147,-13.0,F
,1607911,823,0,2190,-0.424,0.374,0.851,5.89,1240,-15.4,F
,160792,876,0,1727,-0.46,0.37,0.867,14.01,9.0,-16.0,F
,1607931,879,0,1886,-0.448,0.39,0.868,13.55,8.5,-14.93,F
,1607991,807,0,1863,-0.414,0.299,0.875,.52,14.51,-12.07,F
,1608001,896,0,1927,-0.439,0.33,0.841,9.20,17.2,-9.08,F
,160801,904,0,1718,-0.427,0.329,0.876,.46,16.25,-9.49,F
,1608021,930,0,2065,-0.451,0.34,0.853,2.47,15.9,-9.90,F
,160804,977,0,1629,-0.78,0.377,0.885,6.95,12.17,-9.14,F
,1608051,1021,0,1726,-0.464,0.35,0.884,-8.52,759,-7.7,F
,1608071,983,0,931,-0.422,0.33,0.880,-6.95,5.3,-6.76,F
,160809,981,0,1793,-0.97,0.305,0.858,1.61,9.12,-1.84,F
,1608121,1008,0,1847,-0.385,0.268,0.856,18.21,2.09,10.2,F
,1608241,1190,0,1717,-0.455,0.38,0.924,55.75,3.99,13.9,F
,160830,848,0,2068,-0.473,0.432,0.852,1.42,52.13,17.68,F
,1608311,843,0,1872,-0.486,0.474,0.871,6.59,43.59,16.20,F
,1608331,870,0,2014,-0.480,0.441,0.808,9.34,31.99,14.75,F
,1608341,877,0,1812,-0.479,0.468,0.798,0.94,30.81,14.98,F
,1608361,916,0,2034,-0.68,0.48,0.781,76.45,3138,17.1,F
,1608371,924,0,012,-0.475,0.498,0.750,8.29,35.73,18.54,F
,160839,851,0,1961,-0.425,0.52,0.702,75.46,4327,21.0,F
,160840,897,0,1858,-0.51,0.50,0.688,6.50,37.73,20.34,F
,160841,909,0,1885,-0.26,0.49,0.672,75.33,3081,16.7,F
,1608441,902,0,1931,-0.408,0.501,0.609,8.39,17.21,7.75,F
,1608451,898,0,866,-0.376,0.477,0.594,8.65,1219,3.91,F
,1608481,874,0,1686,-0.406,0.54,0.510,3.49,15.26,0.20,F
,1608491,866,0,855,-0.441,0.542,0.513,8.49,1526,-1.37,F
,1608501,863,0,862,-0.450,0.555,0.509,1.40,12.83,-4.13,F
,160852,864,0,1851,-0.82,0.55,0.511,38.20,8.6,-14.12,F
,1608571,1010,0,1863,-0593,0.54,0.473,35.71,-0.65,-3.32,F
,1608591,977,0,1866,-0.600,0.571,0.487,5.71,4.86,-24.53,F
,1608681,1083,0,2042,-0697,0.63,0.562,10.23,848,-20.53,F
,160871,1073,0,1920,-0639,0.68,0.613,20.24,2.71,-4.51,F
,1608781,1079,0,1913,-0590,0.66,0.686,-11.79,9.34,-9.87,F
,160884,1116,0,1763,-0557,0.57,0.706,1.66,6.9,-0.99,F
,160887,1082,0,1875,-0567,0.52,0.688,7.45,1295,2.58,F
,1609001,915,0,858,-0.544,0.524,0.698,1.76,2.26,-1.11,F
,160907,870,0,2078,-0.543,0.50,0.715,6.15,9.5,0.46,F
,1609081,861,0,926,-0.535,0.500,0.702,.81,9.93,0.43,F
,1609091,874,0,1648,-0.43,0.51,0.693,1.14,9.38,-0.39,F
,1609111,873,0,2025,-0.540,0.52,0.676,.31,6.20,-2.07,F
,1609121,879,0,1911,-0.541,0.525,0.679,.69,5.30,-2.33,F
,1609131,880,0,1883,-0.36,0.51,0.681,5.58,3.0,-2.50,F
,1609181,917,0,1969,-0.540,0.52,0.702,15.08,9.9,0.84,F
,160920,912,0,1936,-0.27,0.52,0.695,12.94,1295,2.02,F
,1609211,927,0,1987,-0.530,0.532,0.696,1.58,1463,1.49,F
,160922,934,0,1709,-0.41,0.52,0.692,10.38,1323,1.29,F
,1609231,930,0,1777,-0.543,0.52,0.688,10.59,9.6,0.00,F
,160929,944,0,1874,-0.536,0.521,0.711,3.75,1181,2.42,F
,160931,945,0,1936,-0.19,0.52,0.685,13.43,1773,5.50,F
,1609341,951,0,1768,-0.533,0.512,0.706,.47,11.16,0.39,F
,1609361,951,0,953,-0.533,0.50,0.697,5.66,10.6,-2.03,F
,1609371,955,0,1821,-0.535,0.50,0.699,.89,9.00,-2.53,
,1609421,950,0,1871,-0.522,0.519,0.684,.78,14.14,3.41,
,1609431,925,0,1898,-0.524,0.503,0.688,.23,14.75,2.94,
,160946,925,0,1936,-0.39,0.52,0.682,1.94,8.8,-0.50,F
,1609481,918,0,1911,-0.525,0.493,0.693,.25,13.52,1.38,
,160949,914,0,1904,-0.533,0.48,0.723,.29,11.2,1.20,F
,160950,916,0,1964,-0.28,0.497,0.696,.06,8.20,-0.87,F
,1609531,918,0,038,-0.544,0.495,0.712,.62,4.26,-1.66,
,1609581,912,0,2033,-0.531,0.50,0.721,.31,5.85,-1.60,
,1609631,913,0,2171,-0.540,0.497,0.705,.97,8.40,-1.19,
,1609641,915,0,2001,-0.540,0.49,0.726,5.92,8.26,-0.64,F
,1609651,925,0,855,-0.532,0.49,0.719,8.49,8.39,0.66,F
,1609671,945,0,1814,-0.524,0.487,0.719,.56,10.03,0.77,
,1609681,945,0,213,-0.534,0.48,0.731,7.97,7.0,0.48,F
,1609691,946,0,903,-0.534,0.49,0.731,9.89,5.8,1.32,F
,1609731,941,0,1874,-0.532,0.47,0.729,9.75,8.86,2.42,F
,160974,943,0,1821,-0.529,0.47,0.729,10.97,6.8,1.15,F
,1609751,938,0,1590,-0.35,0.472,0.729,1.08,4.62,0.55,F
,1609761,937,0,2032,-0.532,0.475,0.724,1.28,4.03,0.92,
,1609771,940,0,2006,-0.522,0.483,0.716,2.15,7.1,3.47,F
,1609801,928,0,1440,-0.27,0.48,0.729,11.23,7.8,3.53,F
,160982,922,0,1889,-0.509,0.486,0.729,1.14,6.13,3.26,F
,1609851,917,0,1013,-0.525,0.480,0.739,1.31,6.20,3.55,
,1609861,918,0,2112,-0.26,0.490,0.743,1.81,5.13,3.70,
,1609881,944,0,813,-0.508,0.48,0.741,12.16,6.4,3.78,F
,160990,941,0,1342,-0.07,0.476,0.726,4.00,7.62,3.64,F
,160992,931,0,1957,-0.99,0.485,0.727,3.10,8.57,3.56,F
,160993,929,0,1865,-0.88,0.48,0.723,12.62,1083,3.90,F
,1609951,903,0,1740,-0.499,0.48,0.723,10.53,1255,2.66,F
,1609971,873,0,803,-0.501,0.50,0.730,10.75,9.0,1.58,F
,161000,855,0,1845,-0.05,0.491,0.740,.37,13.56,2.31,F
,1610031,855,0,1953,-0.14,0.50,0.729,12.24,1437,4.17,F
,1610071,864,0,1829,-0.531,0.502,0.717,1.43,13.32,3.44,F
,1610091,883,0,1931,-0.21,0.509,0.703,3.89,11.53,3.75,F
,1610101,905,0,1895,-0.513,0.50,0.697,2.15,12.68,2.65,F
,161011,887,0,1837,-0.527,0.51,0.706,1.46,1153,1.27,F
,1610121,880,0,1424,-0.526,0.506,0.714,1.58,9.06,0.65,
,1610141,925,0,2029,-0.508,0.49,0.723,12.58,8.0,1.30,F
,161015,917,0,1827,-0.02,0.500,0.723,1.68,9.10,0.51,
,161017,915,0,1845,-0.07,0.499,0.749,2.73,5.97,-0.39,F
,161018,916,0,1935,-0.503,0.50,0.750,3.23,4.0,-0.58,F
,161019,922,0,1811,-0.96,0.503,0.745,3.54,4.20,-0.59,F
,1610201,903,0,1798,-0.487,0.49,0.740,13.83,5.4,-0.30,F
,1610241,921,0,1792,-0.89,0.493,0.735,2.87,8.69,0.77,F
,161026,879,0,1840,-0.492,0.48,0.733,11.92,1074,0.49,F
,1610271,880,0,735,-0.491,0.48,0.731,12.96,8.84,-0.65,F
,1610291,845,0,1967,-0.500,0.49,0.716,10.71,9.2,-0.56,F
,1610321,857,0,796,-0.511,0.49,0.737,10.45,11.29,0.20,F
,161033,864,0,1893,-0.18,0.489,0.725,2.09,9.58,0.11,F
,161035,896,0,1850,-0.30,0.505,0.702,1.16,8.62,0.37,F
,1610371,902,0,849,-0.496,0.50,0.719,9.14,13.55,2.45,F
,161040,897,0,1875,-0.91,0.492,0.741,1.05,9.13,0.25,
,1610421,901,0,036,-0.493,0.50,0.740,10.56,7.64,0.13,F
,1610431,893,0,827,-0.491,0.50,0.737,10.41,1065,1.53,F
,1610441,894,0,860,-0.480,0.50,0.739,9.68,14.20,1.91,F
,161045,896,0,1861,-0.92,0.496,0.736,.73,14.74,1.58,
,1610481,908,0,1943,-0.98,0.485,0.743,1.29,10.68,0.17,F
,1610491,928,0,915,-0.488,0.48,0.736,11.17,12.31,0.71,F
,161050,919,0,1677,-0.496,0.48,0.731,10.82,13.82,0.69,F
,1610511,921,0,1962,-0.495,0.48,0.740,0.81,12.98,0.81,F
,161052,919,0,1891,-0.494,0.48,0.737,1.60,1155,0.42,F
,1610551,918,0,1785,-0.501,0.50,0.731,10.56,11.76,-0.1,F
,161056,922,0,2014,-0.05,0.499,0.744,.26,12.08,0.10,F
,1610581,920,0,825,-0.501,0.49,0.741,11.17,12.16,1.53,F
,1610631,923,0,815,-0.497,0.49,0.729,11.14,1213,0.75,F
,1610641,921,0,1649,-0.02,0.490,0.735,1.84,11.55,0.39,F
,161065,923,0,1911,-0.04,0.496,0.732,2.45,10.66,-0.42,F
,1610731,921,0,1838,-0.500,0.49,0.737,2.88,10.75,0.77,F
,1610741,929,0,1885,-0.98,0.488,0.737,2.64,10.78,0.92,F
,1610761,929,0,808,-0.502,0.49,0.739,1.84,11.85,1.01,F
,1610781,946,0,019,-0.500,0.49,0.738,10.85,1153,0.62,F
,161082,929,0,2010,-0.00,0.495,0.741,1.45,10.91,0.74,F
,1610831,926,0,2057,-0.95,0.497,0.745,1.42,1136,0.80,F
,1610851,931,0,1832,-0.495,0.49,0.745,9.97,11.8,0.28,F
,161088,932,0,1907,-0.88,0.486,0.746,1.89,1188,0.49,F
,1610891,929,0,936,-0.492,0.49,0.735,10.67,12.97,0.91,F
,1610901,934,0,1796,-0.495,0.48,0.735,8.55,13.23,0.71,
,1610911,935,0,805,-0.503,0.49,0.745,9.86,11.1,0.11,F
,161095,901,0,1935,-0.05,0.501,0.733,2.59,10.49,0.43,F
,1610971,917,0,1803,-0.92,0.495,0.729,0.41,1410,1.59,F
,1610991,918,0,859,-0.501,0.48,0.742,0.91,1208,0.77,F
,1611001,927,0,878,-0.497,0.48,0.741,11.74,1028,-0.30,F
,1611011,917,0,810,-0.500,0.49,0.735,11.74,8.92,-0.83,F
,1611031,925,0,1883,-0.93,0.490,0.747,2.27,1222,1.93,F
,1611041,928,0,1886,-0.488,0.48,0.739,11.58,1411,2.51,F
,1611081,966,0,1993,-0.497,0.49,0.734,12.07,8.58,-1.37,F
,1611091,912,0,2066,-0.501,0.49,0.737,11.25,10.71,0.28,F
,1611111,923,0,1839,-0.97,0.487,0.742,0.65,1573,1.94,F
,1611141,929,0,1990,-0.505,0.49,0.744,12.32,10.39,-0.36,F
,1611161,932,0,1877,-0.90,0.488,0.730,1.17,1281,1.55,F
,161117,941,0,1859,-0.496,0.49,0.734,10.70,13.93,1.59,F
,161123,935,0,1867,-0.503,0.48,0.730,11.45,12.98,1.46,F
,161126,929,0,1872,-0.505,0.48,0.737,0.99,9.8,-0.36,F
,1611271,931,0,2043,-0.09,0.496,0.736,0.41,11.42,1.64,F
,161129,930,0,1879,-0.499,0.49,0.740,2.00,1323,2.42,F
,1611311,937,0,1872,-0.96,0.489,0.741,2.71,9.09,0.11,F
,1611341,933,0,890,-0.95,0.501,0.734,2.15,1239,2.51,F
,1611371,912,0,871,-0.496,0.48,0.741,0.49,12.58,0.49,F
,1611411,917,0,1889,-0.95,0.492,0.743,.16,12.57,1.91,F
,1611461,953,0,872,-0.96,0.486,0.742,1.29,1310,2.08,F
,1611471,945,0,1710,-0.494,0.48,0.733,11.54,12.87,1.73,F
,1611481,957,0,808,-0.99,0.488,0.740,1.45,1211,0.51,F
,1611491,951,0,1917,-0.92,0.492,0.736,1.89,10.71,-0.22,F
,161150,955,0,1785,-0.501,0.48,0.743,11.55,10.28,-0.30,F
,1611511,944,0,1900,-0.95,0.495,0.731,2.09,10.00,-0.29,F
,1611551,923,0,830,-0.00,0.486,0.737,2.21,1095,0.80,F
,1611561,923,0,1671,-0.95,0.489,0.742,2.01,1092,0.55,F
,1611631,914,0,760,-0.10,0.500,0.737,2.68,9.0,0.19,F
,1611671,913,0,1795,-0.502,0.50,0.736,12.90,11.87,1.97,F
,1611711,914,0,953,-0.90,0.493,0.739,0.38,1164,1.27,F
,1611731,915,0,772,-0.00,0.500,0.744,.54,12.13,0.69,F
,1611881,906,0,1683,-0.487,0.49,0.739,3.55,10.57,1.38,F
,1611901,907,0,1934,-0.86,0.504,0.738,2.36,1028,0.98,F
,1611931,901,0,680,-0.89,0.494,0.745,.34,11.1,1.42,F
,1611971,912,0,1878,-0.492,0.49,0.739,2.26,13.73,2.52,F
,1611981,906,0,738,-0.85,0.50,0.738,12.84,13.47,2.22,F
,1611991,897,0,1847,-0.478,0.488,0.732,0.61,1466,3.36,F
,161200,898,0,1875,-0.485,0.50,0.709,8.18,14.42,1.75,
,161202,908,0,1754,-0.497,0.50,0.733,5.33,14.68,0.94,F
,161204,906,0,1813,-0.507,0.49,0.740,4.20,14.10,0.77,F
,1612071,903,0,935,-0.17,0.48,0.746,5.49,14.84,1.15,F
,1612081,910,0,1845,-0.15,0.477,0.744,.72,15.8,1.55,F
,161215,1023,0,2113,-0.484,0.42,0.755,10.16,10.98,0.8,F
,161216,1038,0,1839,-0.494,0.46,0.740,9.40,1019,0.75,F
,161233,1036,0,1806,-0.497,0.42,0.745,10.75,14.23,2.5,F
,1612341,1061,0,2046,-0.496,0.48,0.748,10.82,15.49,3.71,F
,1612361,1046,0,1793,-0501,0.49,0.751,10.30,15.91,4.14,F
,1612381,1049,0,2091,-0.497,0.44,0.756,10.26,15.10,3.1,F
,1612431,1078,0,1673,-0.499,0.48,0.725,12.39,13.85,2.36,F
,161252,1070,0,1781,-0.486,0.44,0.760,13.39,12.49,2.26,F
,1612611,1069,0,1778,-0.508,0.49,0.722,12.97,13.12,1.7,F
,1612631,1067,0,1822,-0.504,0.45,0.734,13.52,1.62,1.73,F
,1612841,1133,0,1955,-0.503,0.44,0.742,12.50,1.34,2.98,F
,161295,1170,0,1871,-0491,0.52,0.723,13.25,1.55,1.00,F
,1613101,1205,0,1778,-0509,0.46,0.721,4.24,1236,3.01,F
,161321,1207,0,1676,-0499,0.483,0.744,8.32,9.3,-0.13,F
,161325,1191,0,1841,-0490,0.40,0.755,8.73,9.6,-0.44,F
,1613281,1206,0,1553,-0.498,0.47,0.764,8.49,1379,1.24,F
,161330,1215,0,1808,-0494,0.47,0.748,8.36,14.51,1.59,F
,1613311,1213,0,1729,-0504,0.51,0.742,8.15,1410,1.79,F
,161337,1231,0,1810,-0519,0.43,0.749,-3.82,15.00,1.9,F
,1613501,1296,0,1920,-0500,0.49,0.753,5.04,1419,3.55,F
,1613591,1264,0,1970,-0519,0.451,0.760,10.12,1.04,3.50,F
,161364,1259,0,1825,-0501,0.44,0.738,9.17,9.9,2.39,F
,161371,1248,0,1742,-0508,0.49,0.771,12.15,454,-3.09,F
,1613861,1264,0,1871,-0.508,0.41,0.757,16.82,10.19,-1.49,F
,161388,1293,0,1804,-0482,0.48,0.756,16.62,8.43,-2.3,F
,1614141,1256,0,1827,-0532,0.485,0.760,11.60,12.92,-2.56,F
,1614191,1257,0,2019,-0.525,0.41,0.740,12.13,13.38,-1.81,F
,161420,1250,0,2007,-0522,0.40,0.752,12.20,14.55,-1.1,F
,1614231,1258,0,1915,-0539,0.47,0.753,8.91,12.97,-1.00,F
,1614341,1212,0,1978,-0.491,0.43,0.746,13.45,15.09,-1.72,F
,1614411,1213,0,1664,-0516,0.48,0.763,10.94,16.92,-1.11,F
,161448,1216,0,1889,-0.549,0.40,0.729,2.76,15.24,1.56,F
,1614731,1186,0,1776,-0527,0.46,0.778,6.07,15.18,-2.7,F
,161484,1254,0,1993,-0527,0.447,0.751,-3.67,17.97,6.69,F
,1614851,1232,0,1959,-0525,0.49,0.749,-1.03,19.50,10.8,F
,1614901,1235,0,1819,-0489,0.40,0.790,-1.94,18.81,20.63,F
,161498,865,0,906,-0.43,0.42,0.886,-6.83,4.2,30.16,F
,1615031,864,0,842,-0.97,0.507,0.990,-26.02,-0.10,32.0,F
,1615041,871,0,1777,-0.24,0.463,1.024,30.43,-.32,31.44,F
,161508,896,0,2118,-0.485,0.43,1.080,-26.71,-12.12,4094,F
,1615091,896,0,755,-0.73,0.424,1.066,29.27,-4.48,42.28,F
,1615101,920,0,719,-0.31,0.38,1.039,-30.93,-17.40,41.87,F
,1615121,983,0,2127,-0.400,0.34,1.023,40.35,-22.99,38.00,F
,161516,1037,0,1806,-0341,0.324,0.958,-66.71,-30.30,26.40,F
,161528,986,0,1441,-0.390,0.326,1.014,85.73,-6.93,4.68,F
,1615301,951,0,718,-0.15,0.29,1.047,-85.64,-61.64,1.5,F
,1615321,956,0,1744,-0.396,0.25,1.045,78.90,-66.24,3.30,F
,161535,955,0,1967,-0.40,0.230,1.021,65.10,-2.16,3.53,F
,1615371,944,0,1968,-0.323,0.19,0.990,61.50,-60.26,4.65,F
,1615411,963,0,659,-0.56,0.10,0.870,-45.62,-67.63,3.91,F
,161546,1105,0,1897,-0154,0.077,0.803,-25.33,-40.61,559,F
,161548,1087,0,1712,-0176,0.09,0.840,-24.90,-36.74,2.72,F
,1615551,985,0,1741,-0.131,0.00,0.949,7.55,-22.04,6.6,F
,1615561,980,0,795,-0.09,0.02,0.932,-3.50,-20.45,7.7,F
,1615591,976,0,616,-0.068,0.03,0.929,1.03,-14.96,9.52,F
,161562,982,0,1906,-0.48,0.021,0.949,.48,-10.51,12.69,F
,161565,988,0,1839,-0.027,0.00,0.948,0.20,-5.14,13.90,F
,1615701,983,0,695,0.01,-0.04,0.976,9.13,2.31,23.44,
,161572,985,0,1887,0.06,-0.014,0.879,.59,8.4,22.05,F
,1615731,987,0,1798,0.061,-0.043,0.947,2.76,2.6,25.21,F
,1615741,993,0,1798,0.01,-0.036,0.970,.04,0.4,22.91,F
,1615751,997,0,1685,0.064,-0.052,0.987,0.23,-253,21.68,F
,161578,1006,0,1469,0.79,-0.07,1.021,-11.96,-2.84,1900,F
,1615881,1086,0,1709,0.63,-0.143,1.021,-29.62,-29.14,9.10,F
,1615931,1122,0,1733,0.83,-0.19,0.985,-10.40,-28.06,7.10,F
,1615941,1149,0,1987,0.89,-0.16,0.988,-8.03,-24.51,6.40,F
,1615951,1150,0,1797,0.089,-0.14,0.962,-9.12,-20.44,7.04,F
,1615981,1145,0,1602,0.90,-0.181,0.969,-4.45,-13.02,8.7,F
,161600,1143,0,1875,0.91,-0.16,0.955,8.61,-5.89,10.29,F
,161606,1122,0,1675,0.18,-0.191,0.934,11.66,2.17,12.2,F
,161621,1138,0,1862,0.93,-0.28,0.971,9.26,1159,0.68,F
,161625,1137,0,1805,0.92,-0.201,1.010,0.10,1087,-1.43,F
,161626,1130,0,1723,0.95,-0.26,1.010,-1.82,11.78,-1.5,F
,1616451,1171,0,1903,0.84,-0.16,0.942,-3.67,-3.32,1.8,F
,1616461,1172,0,1737,0.92,-0.197,0.946,-3.71,-.29,2.86,F
,161648,1179,0,1835,0.06,-0.19,0.940,1.97,-100,4.34,F
,161651,1161,0,1785,0.23,-0.204,0.951,5.74,5.4,7.24,F
,1616541,1167,0,1701,0.22,-0.237,0.966,10.47,559,9.53,F
,161658,1168,0,1822,0.11,-0.20,0.943,12.58,436,8.92,F
,1616611,1200,0,1776,0.30,-0.266,0.922,11.57,759,9.41,F
,1616641,1195,0,1913,0.47,-0.261,0.914,16.62,1.11,11.17,F
,1616721,1171,0,1808,0.03,-0.28,0.943,9.40,1626,2.46,F
,161673,1168,0,1705,0.187,-0.267,0.960,10.16,16.81,3.0,F
,1616831,1169,0,1903,0.50,-0.25,0.957,14.99,1.60,2.23,F
,161698,1136,0,1831,0.00,-0.23,1.036,17.55,2.62,3.03,F
,161705,1146,0,1852,0.74,-0.25,1.092,1.00,2039,7.07,F
,1617061,1136,0,1826,0.65,-0.220,1.083,-0.51,1.16,8.46,F
,1617141,1156,0,1648,0.80,-0.29,0.954,-14.00,29.82,25.06,F
,1617271,1123,0,2070,0.27,-0.42,1.068,-43.64,-3.92,15.03,F
,161732,1162,0,1776,0.38,-0.528,1.025,-47.70,22.67,0.26,F
,1617471,1216,0,1877,0.63,-0.59,0.882,-9.03,-18.53,-4.19,F
,161765,1221,0,1647,0.74,-0.526,0.696,-16.55,0.37,9.84,F
,161808,1233,0,1735,0.265,-0.66,0.685,10.88,11.71,-9.3,F
,161811,1232,0,1883,0.48,-0.663,0.716,19.77,14.29,-9.00,F
,1618151,1230,0,1918,0.256,-0.641,0.609,4.64,10.42,-22.76,F
,161819,1218,0,1727,0.70,-0.726,0.582,-10.54,7.42,-19.13,F
,161820,1207,0,1889,0.97,-0.70,0.563,-8.37,10.62,-16.73,F
,161825,1178,0,1870,0.30,-0.746,0.554,-1.62,43.18,-19.57,F
,161840,1223,0,1869,0.09,-0.73,0.509,-33.88,30.07,-24.54,F
,161851,1221,0,1967,0.12,-0.78,0.885,-27.25,15.45,-22.58,F
,161856,1169,0,1849,0.70,-0.66,1.170,14.21,54.49,-1.58,F
,161857,1161,0,1735,0.51,-0.50,1.185,10.27,43.49,2.86,F
,161861,1170,0,1840,0.03,-0.65,1.225,-5.47,-14.90,-7.06,F
,1618631,1169,0,1817,0.77,-0.671,0.976,17.04,-2.85,8.2,F
,161866,1169,0,1755,0.18,-0.78,0.938,40.93,6.91,15.38,F
,161869,1171,0,1822,0.70,-0.66,0.846,43.83,-1.55,27.33,F
,161870,1161,0,1889,0.34,-0.624,0.789,35.72,-9.29,28.0,F
,1618711,1167,0,1875,0.32,-0.639,0.784,26.24,-18.80,27.76,F
,161872,1168,0,1838,0.39,-0.643,0.760,16.04,-29.20,26.37,F
,1618731,1170,0,1827,0.04,-0.794,0.728,10.41,-39.37,2808,F
,161878,1168,0,1850,0.02,-0.75,0.712,15.48,-25.95,29.47,F
,161880,1165,0,1872,0.01,-0.77,0.708,35.60,-16.19,36.31,F
,161884,1159,0,1826,0.49,-0.70,0.722,16.76,-4.33,29.04,F
,161885,1168,0,1778,0.05,-0.70,0.724,7.91,-30.59,26.63,F
,161886,1171,0,1858,0.95,-0.781,0.717,6.73,-35.02,25.33,F
,161887,1171,0,1869,0.02,-0.74,0.709,8.65,-38.97,24.5,F
,1618911,1167,0,1947,0.99,-0.844,0.479,40.27,-36.53,1555,F
,1618921,1168,0,1813,0.51,-0.814,0.474,47.31,-28.42,1142,F
,1618951,1138,0,1861,0.86,-0.74,0.263,51.02,-13.00,8.5,F
,161898,1037,0,1949,0.36,-0.70,0.191,38.07,8.55,9.62,F
,161899,1019,0,1751,0.61,-0.76,0.138,26.64,15.84,9.5,F
,1619011,991,0,1953,0.18,-0.82,0.163,8.90,21.04,5.06,F
,1619031,970,0,1671,0.14,-0.870,0.151,-3.79,20.43,-0.3,F
,161904,976,0,1968,0.13,-0.90,0.241,-12.74,15.29,-6.27,F
,1619051,977,0,1881,0.14,-0.94,0.357,-8.22,5.73,-13.7,F
,1619071,994,0,774,0.154,-0.922,0.330,20.53,11.82,-11.4,F
,161910,1034,0,1757,0.85,-0.88,0.304,-3.09,46.34,-15.72,F
,1619121,1032,0,1717,0.08,-0.878,0.362,-19.59,9.12,-16.27,F
,1619201,1058,0,1810,0.84,-0.82,0.428,-26.77,9.88,-51.61,F
,1619221,1084,0,2044,0.78,-0.747,0.378,-36.38,0.77,-54.01,F
,1619231,1066,0,1763,0.66,-0.77,0.404,-35.73,61.44,-5.21,F
,1619241,1081,0,1859,0.63,-0.694,0.395,-36.14,3.35,-58.47,F
,1619261,1136,0,1904,0.77,-0.54,0.429,-26.92,63.61,-6.16,F
,1619271,1140,0,1731,0.43,-0.57,0.412,-19.88,51.06,-70.76,F
,161932,1254,0,1477,0.91,-0.12,0.460,54.07,85.27,-4705,F
,1619341,1257,0,1842,0.12,-0.07,0.597,68.79,119.03,-24.03,F
,1619351,1231,0,2091,0.29,-0.00,0.694,67.17,132.26,-13.67,F
,1619361,1214,0,1712,0.56,-0.01,0.799,58.53,141.16,1.9,F
,1619371,1203,0,1936,0.93,-0.09,0.945,49.48,136.25,1539,F
,161938,1191,0,1781,0.43,-0.19,1.094,53.87,127.20,2582,F
,161945,1221,0,1807,0.06,-0.76,1.573,88.62,85.33,36.2,F
,1619511,1232,0,2014,0.80,-0.98,1.298,73.92,14.45,7.8,F
,1619531,1237,0,1939,0.14,-0.80,1.260,96.55,16.74,17.0,F
,1619551,1250,0,1987,0.53,-0.79,1.140,83.68,1.74,24.95,F
,161960,1242,0,1794,0.72,-0.71,1.046,33.11,-5.72,21.58,F
,1619621,1238,0,1968,0.23,-0.65,1.052,39.02,-21.22,24.10,F
,161964,1241,0,1862,0.92,-0.61,1.037,43.23,-2.68,31.70,F
,1619651,1254,0,1792,0.67,-0.50,1.030,40.97,-11.19,3547,F
,1619661,1262,0,1703,0.59,-0.561,1.032,36.32,-1.43,3814,F
,161968,1255,0,1907,0.155,-0.55,1.010,23.16,-15.84,3840,F
,1619701,1255,0,1853,0.32,-0.536,1.025,14.94,-3.20,30.74,F
,1619721,1234,0,1661,0.21,-0.55,1.028,22.09,-1.75,27.65,F
,1619731,1221,0,1741,0.57,-0.57,1.012,25.92,-1.43,29.39,F
,1619751,1218,0,1837,-0009,-0.24,0.964,41.81,21.19,36.55,F
,161977,1214,0,1842,0.12,-0.48,0.845,44.79,-0.45,36.95,F
,161978,1209,0,1867,0.23,-0.47,0.763,42.06,-1.14,35.87,F
,161984,945,0,1879,0.054,-0.52,0.414,36.56,-9.92,19.1,F
,1619851,919,0,1942,0.04,-0.51,0.405,28.73,-381,17.90,F
,1619861,912,0,1955,0.00,-0.52,0.390,24.65,0.1,16.69,F
,1619871,870,0,751,0.065,-0.523,0.374,3.87,1.47,15.07,F
,1619891,865,0,875,0.03,-0.552,0.356,6.71,3.50,9.36,F
,1619901,880,0,1927,0.00,-0.544,0.377,0.21,2.55,4.86,F
,1619951,1051,0,1949,0.64,-0.518,0.490,13.25,24.63,-5.74,F
,1620021,1117,0,1939,0.65,-0.55,0.759,6.78,42.42,-20.61,F
,162004,1100,0,1835,0.057,-0.585,0.781,-2.93,43.12,-26.32,F
,1620151,1115,0,1827,0.35,-0.613,0.800,-17.74,43.12,-35.45,F
,1620181,1169,0,1652,0.24,-0.53,0.758,-24.98,2.80,-46.42,F
,1620271,1225,0,1776,0.50,-0.57,1.353,-15.16,4.75,-22.30,F
,1620281,1213,0,1771,0.28,-0.40,1.393,-8.58,4.87,-23.69,F
,1620341,1156,0,1840,0.04,-0.42,1.403,16.99,24.25,0.87,F
,1620351,1154,0,1942,0.31,-0.42,1.242,25.74,25.74,7.59,F
,1620401,1157,0,1838,0.96,-0.59,1.032,26.55,065,8.16,F
,1620481,1164,0,1885,0.21,-0.51,0.988,16.97,-10.96,16.25,F
,1620501,1166,0,1584,0.90,-0.542,0.990,24.15,-11.86,1892,F
,1620511,1167,0,2021,0.77,-0.540,1.000,26.04,-0.79,21.32,F
,162056,1165,0,1929,0.44,-0.539,1.000,16.00,-0.21,22.36,F
,1620601,1190,0,1870,0.04,-0.57,0.951,23.81,-1.19,23.03,F
,1620661,1109,0,2057,0.100,-0.63,0.660,34.50,-7.98,10.84,F
,1620701,1106,0,1850,0.101,-0.68,0.443,29.62,-4.13,8.91,F
,162075,905,0,936,0.141,-0.66,0.343,-1.80,1474,-2.91,F
,162079,954,0,828,0.076,-0.747,0.475,-25.33,4.66,-21.7,F
,1620851,978,0,872,0.130,-0.740,0.600,-30.48,45.97,-3633,F
,1620871,976,0,1981,0.15,-0.74,0.666,30.90,47.49,-46.59,F
,1620901,991,0,1769,0.17,-0.69,0.628,50.55,37.23,-63.58,F
,1620921,991,0,027,0.10,-0.677,0.622,-60.23,3.86,-73.17,F
,1620931,997,0,1861,0.13,-0.68,0.621,57.96,33.27,-7525,F
,1621071,1186,0,1584,-0043,0.180,0.507,37.25,123.58,-3.99,F
,1621081,1183,0,1707,-0056,0.208,0.582,34.23,124.02,-21.16,F
,1621181,1245,0,1817,0.97,-0.67,1.812,54.76,96.62,55.55,F
,1621201,1200,0,1946,0.59,-0.846,1.844,62.45,72.14,46.28,F
,1621211,1190,0,1662,0.38,-0.830,1.739,70.94,64.34,45.9,F
,1621261,1185,0,1794,0.51,-0.830,1.386,70.45,24.55,30.49,F
,1621371,1175,0,1808,0.84,-0.570,1.126,36.38,-4.41,48.17,F
,1621421,1168,0,2033,-0028,-0.48,1.09,10.04,-17.46,51.85,F
,1621541,1153,0,1829,-0125,-0.21,0.654,29.78,-40.47,3.90,F
,1621701,1040,0,1841,-0063,-0.479,0.612,6.76,57.32,4.84,F
,1621761,1102,0,1585,-0100,-0.466,0.785,-22.74,53.65,-4.62,F
,1621821,1106,0,1751,-0080,-0.49,0.803,-20.58,33.67,-42.64,F
,1621831,1121,0,1674,-0088,-0.545,0.772,-27.47,39.79,-42.41,F
,1621871,1150,0,1873,-0017,-0.85,0.782,-34.40,41.35,-42.87,F
,1621881,1150,0,1882,-0001,-0.31,0.796,-31.85,29.35,-47.60,F
,1621891,1211,0,1884,0.48,-0.67,0.773,-21.58,24.49,-53.29,F
,1621921,1238,0,1965,0.46,-0.58,0.677,-9.38,19.29,-52.90,F
,1621951,1230,0,1733,0.082,-0.55,0.841,-53.73,38.22,-46.65,F
,1621981,1260,0,1959,0.09,-0.59,1.200,-69.93,3.04,-45.16,F
,1622051,1197,0,2042,-0054,-0.459,1.809,22.50,59.50,4.52,F
,1622121,1168,0,2055,0.00,-0.521,1.170,48.82,2.34,9.01,F
,1622151,1173,0,1908,0.32,-0.45,1.009,36.49,-.41,17.53,F
,1622211,1178,0,1622,0.078,-0.49,1.024,4.76,-9.13,26.0,F
,1622221,1168,0,1885,0.48,-0.45,1.055,9.63,-8.79,28.6,F
,162228,1137,0,1671,-0069,-0.55,1.071,18.67,-21.09,2.39,F
,1622351,1149,0,1790,-0.105,-0.59,0.991,33.51,-28.50,3.14,F
,1622481,651,0,792,-0.06,-0.50,0.311,37.54,051,16.94,F
,1622491,678,0,984,0.011,-0.586,0.323,1.97,1271,14.25,F
,1622521,752,0,2031,-0.40,-0.61,0.425,-14.13,7.00,-1.08,F
,1622551,882,0,785,-0.025,-0.78,0.535,7.31,11.91,-6.9,F
,162257,995,0,1941,0.01,-0.707,0.572,4.87,30.46,-14.3,F
,1622751,1216,0,1923,-0033,-0.29,0.498,18.56,43.62,-12.93,F
,162282,1168,0,1743,-0277,0.24,1.002,-1.00,12.28,-46.85,F
,1622851,1187,0,1588,-0239,0.15,1.482,7.34,11.10,13.27,F
,1622911,1183,0,1865,0.52,-0.36,1.644,60.87,73.01,39.79,F
,1623001,1135,0,1559,0.71,-0.53,1.323,65.05,2.65,28.55,F
,162312,1195,0,2032,0.35,-0.373,1.155,37.22,-20.74,53.46,F
,1623141,1209,0,1723,-0031,-0.354,1.149,32.62,-24.96,57.97,F
,1623171,1218,0,1829,-0044,-0.331,1.146,27.37,-38.21,56.72,F
,162318,1211,0,1772,-0051,-0.339,1.14,30.33,-40.74,57.39,F
,1623241,1185,0,2090,-0056,-0.343,0.907,44.39,-44.03,42.57,F
,162328,1056,0,1906,-0086,-0.344,0.730,45.16,-27.64,4.36,F
,1623291,1057,0,1931,-0005,-0.330,0.583,39.63,-22.77,47.38,F
,162335,1009,0,1872,-0071,-0.68,0.42,9.25,-7.61,47.1,F
,1623411,1053,0,1876,-0083,-0.57,0.63,13.74,-4.50,39.17,F
,162346,1131,0,1693,-0156,-0.30,0.77,-44.08,29.74,1.06,F
,162353,1023,0,1773,-0064,-0.32,0.88,-18.48,20.37,-9.48,F
,162357,1052,0,1811,-0060,-0.86,0.849,-28.71,58.13,-6.96,F
,1623601,1057,0,2006,-0066,-0.515,0.864,-41.47,34.42,-5.45,F
,162361,1058,0,1589,-0082,-0.16,0.86,-44.37,23.21,-9.38,F
,1623771,1223,0,1591,-0111,-0.446,1.75,-36.61,50.91,-5.42,F
,1623781,1225,0,1808,-0094,-0.414,1.85,-22.75,38.11,-6.07,F
,1623791,1200,0,1854,-0029,-0.397,1.90,-5.50,28.94,-2.09,F
,1623831,1210,0,1998,0.25,-0.33,1.542,26.03,5.90,-11.77,F
,1623931,1180,0,1751,0.20,-0.448,1.048,37.75,-1.74,14.7,F
,1624211,1021,0,1844,-0019,-0.50,0.506,19.46,15.26,-3.64,F
,1624241,1008,0,2079,-0037,-0.477,0.677,33.28,49.53,-163,F
,1624261,995,0,915,-0.17,-0.394,0.724,22.06,6.84,-1.45,F
,162428,1104,0,1910,-0047,-0.53,0.801,7.89,45.03,-9.6,F
,1624461,1171,0,1887,0.31,-0.431,0.914,-21.48,.58,-55.48,F
,1624751,1169,0,2302,0.153,-0.35,1.034,41.31,-.80,19.59,F
,1624761,1161,0,1872,0.85,-0.272,1.029,41.25,-8.99,18.0,F
,1624801,1104,0,1899,0.20,-0.27,1.109,4.58,-42.53,35.8,F
,1624981,1170,0,1978,0.34,-0.47,0.615,62.03,-16.77,16.00,F
,1625041,917,0,971,0.001,-0.46,0.477,15.49,6.74,-2.07,F
,1625081,955,0,1808,0.06,-0.468,0.644,26.06,1120,-11.02,F
,1625111,944,0,599,-0.030,-0.38,0.677,24.91,56.63,-1.1,F
,1625131,955,0,910,-0.39,-0.378,0.802,-0.92,5.20,-9.17,F
,1625161,985,0,830,-0.26,-0.413,0.928,-0.32,29.03,-1938,F
,1625231,1042,0,1927,0.82,-0.356,0.899,-2.25,34.57,-29.23,F
,162526,1023,0,1971,0.56,-0.375,0.913,-14.34,28.00,-40.88,F
,1625321,1071,0,2045,0.54,-0.370,0.845,-28.49,23.39,-42.65,F
,1625361,1082,0,1565,0.73,-0.302,0.911,-25.87,35.15,-41.58,F
,1625391,1067,0,1997,0.52,-0.303,1.140,-40.63,36.14,-3.64,F
,1625401,1074,0,1835,0.32,-0.23,1.260,-40.20,40.86,-33.89,F
,1625501,1076,0,1982,0.39,-0.20,1.359,17.87,5.59,6.55,F
,1625601,1088,0,1836,0.23,-0.303,1.178,30.79,-11.22,28.14,F
,162562,1072,0,1940,0.94,-0.27,1.182,36.96,-7.77,35.21,F
,162566,1066,0,2171,0.79,-0.29,1.151,29.74,-1.17,41.36,F
,1625721,1097,0,1747,-0065,-0.86,1.113,37.87,2.53,48.33,F
,162576,1091,0,1827,-0043,-0.322,0.891,55.00,27.72,38.91,F
,1625781,1067,0,1855,-0014,-0.356,0.73,61.86,-36.38,27.53,F
,1625841,976,0,925,0.047,-0.359,0.537,9.92,-3.80,20.16,F
,1625921,977,0,890,0.042,-0.39,0.641,7.74,28.0,-6.54,F
,162603,1046,0,1842,0.03,-0.39,0.976,0.15,2845,-31.61,F
,1626081,1014,0,1506,0.18,-0.35,0.981,-13.18,8.40,-37.81,F
,162616,1072,0,1935,0.91,-0.32,0.852,-7.06,13.78,-43.54,F
,1626211,1075,0,1906,0.128,-0.37,0.839,-41.91,2.23,-49.42,F
,1626311,1054,0,2235,0.45,-0.10,1.558,-21.76,33.16,-10.47,F
,1626321,1042,0,1711,0.042,-0.10,1.603,-14.77,33.90,-4.12,F
,162633,998,0,1747,0.01,-0.196,1.632,7.33,32.16,1.10,F
,162639,995,0,1777,0.13,-0.23,1.243,26.56,-9.90,5.75,F
,162643,1022,0,1853,0.07,-0.229,1.115,30.12,0.81,26.3,F
,162646,998,0,792,0.095,-0.24,1.116,22.44,-8.61,29.01,F
,1626501,998,0,1731,0.04,-0.19,1.098,16.20,-27.84,36.57,F
,162659,1023,0,1780,-0014,-0.08,1.065,34.50,8.73,43.20,F
,162660,1034,0,1810,-0034,-0.344,1.02,41.81,-6.71,4309,F
,162666,959,0,737,0.035,-0.43,0.690,51.26,-2.60,27.58,F
,1626671,959,0,014,0.08,-0.445,0.649,53.20,-22.41,25.9,F
,1626681,943,0,979,0.07,-0.425,0.585,52.42,-14.74,21.1,F
,1626691,957,0,697,0.01,-0.414,0.566,49.05,-5.71,17.62,F
,162671,858,0,802,0.024,-0.42,0.539,29.71,3.18,11.81,F
,1626751,871,0,2032,0.03,-0.490,0.589,17.07,8.36,3.87,
,162677,908,0,712,-0.000,-0.48,0.677,13.83,2.95,-7.08,F
,162679,871,0,759,0.007,-0.39,0.722,20.36,30.10,-6.99,F
,1626851,909,0,069,-0.041,-0.33,0.880,1.80,3684,-19.74,F
,1626861,915,0,2064,0.05,-0.37,0.938,3.23,27.59,-25.17,F
,1626891,912,0,006,-0.29,-0.318,0.897,-6.86,30.55,-28.87,F
,1627001,982,0,529,0.02,-0.350,0.948,21.18,24.46,-41.16,F
,162704,980,0,1818,0.086,-0.35,0.845,-22.37,30.10,-40.90,F
,162709,1045,0,1827,0.89,-0.287,0.975,-26.35,27.76,-45.52,F
,162721,1041,0,1904,0.95,-0.191,1.263,17.72,2.01,5.44,F
,1627441,1043,0,1985,0.066,-0.264,1.124,46.20,-14.56,41.26,F
,1627451,1046,0,1725,0.054,-0.27,1.143,40.26,-13.05,4197,F
,162753,993,0,740,-0.055,-0.352,0.958,50.65,-7.05,39.17,F
,162756,919,0,904,-0.23,-0.367,0.732,61.19,-23.29,32.83,F
,1627571,910,0,1907,-0.28,-0.36,0.682,58.13,-23.11,3245,F
,1627611,899,0,000,0.037,-0.438,0.544,26.76,-2.03,22.49,F
,162769,912,0,686,-0.28,-0.46,0.709,17.52,35.84,-2.6,F
,1627711,913,0,1803,-0.56,-0.41,0.784,-6.46,44.25,-7.2,F
,162772,901,0,813,-0.78,-0.411,0.834,-11.59,44.54,-777,F
,1627751,902,0,675,-0.081,-0.386,0.934,-4.57,38.05,-1720,F
,1627771,928,0,1758,-0.067,-0.36,0.943,-0.81,2.60,-29.34,F
,162786,929,0,926,0.00,-0.35,0.898,15.80,27.58,-38.54,F
,162787,965,0,789,0.08,-0.358,0.884,-17.04,20.11,-38.35,F
,1627901,991,0,1936,0.102,-0.35,0.815,-22.58,1.59,-43.51,F
,1627911,983,0,1968,0.12,-0.34,0.789,25.70,18.94,-41.67,F
,1627921,988,0,1899,0.19,-0.34,0.782,26.38,24.29,-3923,F
,1627971,996,0,994,0.00,-0.231,1.025,-40.02,31.90,-3574,F
,162799,993,0,712,0.07,-0.266,1.262,-52.03,25.58,-2984,F
,162800,993,0,513,0.07,-0.292,1.420,-46.09,31.62,-1897,F
,1628031,1053,0,1697,0.004,-0.247,1.667,-14.03,40.63,4.4,F
,1628041,1062,0,1792,-0018,-0.28,1.66,-4.34,7.16,7.0,F
,1628151,998,0,2400,0.104,-0.32,1.116,3.39,3.07,30.87,F
,1628161,997,0,1460,0.07,-0.31,1.107,1.05,-3.23,33.20,F
,162817,995,0,829,0.07,-0.331,1.113,21.25,-233,35.0,F
,162819,994,0,687,-0.39,-0.406,1.101,11.80,-24.76,3733,F
,1628391,1031,0,1851,-0.119,-0.93,0.713,87.92,-43.35,2.85,F
,1628421,912,0,822,-0.040,-0.355,0.532,78.56,-39.25,1921,F
,1628441,857,0,741,-0.06,-0.368,0.479,55.63,-1.17,1529,F
,1628451,790,0,032,0.06,-0.384,0.453,45.33,-24.06,12.7,F
,1628461,777,0,862,0.07,-0.39,0.443,38.00,-16.38,10.8,F
,1628511,765,0,942,0.05,-0.423,0.598,22.36,1823,-9.3,F
,1628531,779,0,799,0.02,-0.38,0.616,23.49,43.09,-6.6,F
,1628601,830,0,1930,-0.068,-0.31,0.917,-10.60,43.30,-3.42,F
,1628611,832,0,1719,-0.040,-0.38,0.944,-6.00,40.83,-3332,F
,162863,866,0,102,0.08,-0.382,0.949,-5.77,43.21,-41.6,F
,1628651,875,0,957,-0.54,-0.345,0.939,-5.85,5.40,-3882,F
,1628661,871,0,827,-0.048,-0.316,0.934,-7.09,5.76,-3664,F
,1628701,908,0,1681,-0.07,-0.39,0.919,-34.45,28.22,-5.38,F
,1628721,926,0,1842,0.00,-0.40,0.910,-23.87,2.23,-6000,F
,1628741,970,0,810,0.10,-0.399,0.863,-11.71,35.55,-5404,F
,162880,993,0,1649,0.01,-0.204,1.047,-46.60,51.61,-50.76,F
,162899,1101,0,1917,0.79,-0.229,1.116,30.85,-.27,12.6,F
,162903,1084,0,1745,0.84,-0.21,1.097,22.90,-.13,23.3,F
,162905,1085,0,1857,0.51,-0.252,1.094,30.16,159,31.0,F
,162907,1077,0,1765,0.65,-0.254,1.017,34.36,-.74,35.1,F
,1629131,1018,0,1997,-0023,-0.251,1.120,21.23,-9.81,38.52,F
,162915,1015,0,1874,0.15,-0.337,1.092,31.16,-.62,31.5,F
,162916,1018,0,1856,-0100,-0.178,1.202,29.63,-10.61,3.45,F
,1629311,879,0,968,0.027,-0.40,0.468,60.97,-6.80,22.81,F
,1629321,829,0,783,0.051,-0.40,0.454,49.58,3.35,19.62,F
,162935,826,0,1715,0.031,-0.43,0.505,11.02,11.82,8.68,F
,1629391,848,0,947,-0.026,-0.40,0.661,16.12,34.37,-4.80,F
,1629441,894,0,929,-0.12,-0.326,0.846,-12.72,4.95,-1.92,F
,162945,890,0,1570,-0.03,-0.337,0.904,-17.59,1.59,-1.38,F
,1629471,901,0,1816,-0.56,-0.383,0.979,-18.23,1.64,-2.70,F
,162951,913,0,1627,-0.075,-0.38,0.976,-5.93,49.12,-27.37,F
,1629601,982,0,1806,0.017,-0.37,0.887,-2.75,19.97,-41.86,F
,1629611,991,0,982,0.06,-0.352,0.842,-2.25,18.71,-42.50,F
,162963,1051,0,1923,0.80,-0.330,0.791,-17.01,20.05,-4.13,F
,1629661,1054,0,1841,0.034,-0.28,0.934,-38.22,22.75,-4.82,F
,1629891,993,0,776,0.11,-0.188,1.077,3.07,-11.29,5.1,F
,1629911,976,0,735,0.01,-0.250,1.146,6.64,-6.07,23.3,F
,162996,973,0,693,0.001,-0.271,1.133,5.00,-10.45,30.9,F
,1629971,973,0,941,-0.20,-0.272,1.110,34.94,-12.01,32.94,F
,1629981,971,0,823,-0.032,-0.23,1.105,34.96,-3.90,3375,F
,163000,973,0,1797,-0.020,-0.290,1.052,34.01,-17.02,3527,F
,163002,928,0,704,-0.006,-0.34,0.980,35.46,-7.90,3269,F
,163006,915,0,874,-0.040,-0.393,0.766,45.66,-14.15,31.15,F
,1630071,917,0,760,-0.056,-0.407,0.721,47.33,-11.51,3110,F
,163011,920,0,1840,-0.025,-0.457,0.599,37.62,242,21.75,F
,1630141,951,0,581,-0.059,-0.40,0.587,17.10,1.14,14.19,F
,1630181,969,0,840,-0.41,-0.487,0.701,8.18,12.58,-4.1,F
,163021,958,0,892,-0.088,-0.40,0.753,21.84,32.11,-3.7,F
,163023,976,0,839,-0.106,-0.39,0.796,3.13,3828,-6.77,F
,163025,973,0,985,-0.95,-0.42,0.829,-3.12,34.57,-9.7,F
,163026,966,0,920,-0.065,-0.410,0.851,-0.87,3.56,-12.45,F
,163032,953,0,1889,-0.35,-0.384,0.912,-13.64,33.55,-27.92,F
,1630361,972,0,764,-0.014,-0.34,0.907,-15.68,33.18,-34.42,F
,1630391,987,0,080,0.08,-0.246,0.868,21.18,26.17,-4451,F
,1630401,986,0,041,0.031,-0.386,0.870,-19.24,15.41,-4285,F
,163043,990,0,042,0.082,-0.351,0.823,-28.11,15.47,-41.03,F
,163044,992,0,1653,0.13,-0.35,0.826,-28.89,2.53,-4047,F
,163050,997,0,1892,0.08,-0.29,1.164,-32.00,36.69,-29.29,F
,163059,1008,0,1837,0.09,-0.25,1.495,17.78,8.02,8.98,F
,163062,1005,0,1936,0.77,-0.258,1.246,33.49,-3.05,15.6,F
,163065,1008,0,1845,0.100,-0.278,1.112,34.78,-2.44,27.17,F
,1630671,975,0,933,0.04,-0.28,1.100,30.44,-2.53,34.6,F
,1630681,976,0,032,0.063,-0.302,1.104,27.10,-6.24,35.2,F
,163072,1008,0,1821,0.034,-0.330,1.103,45.78,-16.22,3784,F
,163076,997,0,2000,0.00,-0.298,1.064,40.71,-1.54,41.82,F
,163084,1010,0,1936,-0.094,-0.322,1.122,37.33,18.07,43.01,F
,163087,1012,0,1842,-0116,-0.380,1.014,40.47,-29.25,4.43,F
,163089,1011,0,2009,-0.140,-0.424,0.873,54.59,31.43,39.09,F
,163097,919,0,881,-0.015,-0.446,0.462,36.45,-.62,15.56,F
,163101,914,0,862,0.009,-0.468,0.491,22.78,1431,4.49,F
,163103,913,0,083,-0.029,-0.442,0.675,14.16,24.03,-8.76,F
,163106,912,0,1946,-0.042,-0.405,0.730,1.28,3419,-13.03,F
,163111,923,0,192,-0.115,-0.377,0.938,-5.27,48.29,-2010,F
,1631121,922,0,919,-0.19,-0.375,0.963,-9.50,4.23,-2612,F
,163114,928,0,1938,-0.86,-0.383,0.960,-3.59,2.29,-33.60,F
,1631191,938,0,1939,-0.46,-0.39,0.950,-18.92,33.27,-36.77,F
,1631271,1056,0,1921,0.11,-0.39,0.813,-22.72,26.28,-37.74,F
,163130,1175,0,2079,0.132,-0.368,0.728,-22.66,4.94,-39.74,F
,163137,1275,0,1577,0.15,-0.289,1.284,-56.49,8.36,-18.47,F
,163140,1220,0,1643,-0.046,-0.247,1.64,-29.18,39.68,326,F
,163144,1257,0,1627,0.004,-0.222,1.667,14.70,20.31,18.77,F
,163145,1259,0,2057,0.56,-0.26,1.587,20.32,15.24,23.0,F
,163166,1288,0,1626,0.75,-0.594,1.146,20.90,-2.55,3942,F
,163171,1247,0,1968,-0.004,-0.639,0.923,24.36,-32.58,21.47,F
,1631731,1242,0,1867,0.21,-0.52,0.795,8.71,-42.21,7.2,F
,163175,1235,0,1825,0.05,-0.585,0.701,-7.77,-50.76,-6.36,F
,163201,1240,0,1642,0.23,-0.428,0.652,-16.08,.64,-3.0,F
,163229,1225,0,2013,0.33,-0.551,1.222,23.86,477,24.7,F
,163252,1211,0,1874,0.83,-0.538,1.043,19.97,-39.31,3280,F
,163254,1200,0,1929,0.92,-0.620,0.920,15.55,-3.61,3132,F
,163261,1266,0,2002,0.048,-0.51,0.409,69.34,-17.43,2054,F
,163270,1193,0,1947,0.099,-0.71,0.244,18.58,5.50,-1.52,F
,163271,1197,0,1920,0.52,-0.684,0.325,15.81,9.45,-3.9,F
,163278,1232,0,1771,0.71,-0.636,0.642,-3.48,45.13,-5.4,F
,163289,1232,0,1520,0.150,-0.66,0.798,-8.23,54.92,-2670,F
,1632971,1213,0,1925,0.47,-0.604,0.639,-31.18,23.68,-42.56,F
,163314,1285,0,1991,0.354,-0.44,1.399,27.65,22.37,13.56,F
,1633361,1311,0,1815,0.379,-0.884,0.943,42.26,-3.28,8.00,F
,163338,1360,0,1926,0.309,-0.861,0.794,40.68,-38.44,1307,F
,163343,1313,0,1825,0.92,-0.711,0.452,-10.29,-10.38,077,F
,163367,1232,0,2000,0.189,-0.593,0.426,-9.44,2.44,-1506,F
,163370,1237,0,1742,0.229,-0.564,0.466,-8.31,4.08,-7.75,F
,163381,1346,0,2166,0.382,-0.71,0.640,-14.08,45.32,-1.64,F
,163382,1379,0,2177,0.441,-0.729,0.671,-12.23,8.75,-19.93,F
,163409,1350,0,2066,0.59,-0.70,0.818,38.88,-25.40,2660,F
,163411,1344,0,1904,0.37,-0.694,0.818,38.50,-23.06,2959,F
,163425,1389,0,1838,0.199,-0.732,0.509,73.02,-8.44,1874,F
,163439,1237,0,1982,0.170,-0.797,0.319,27.66,2.55,2.1,F
,163480,1395,0,1799,0.91,-0.50,1.399,10.06,2.91,8.4,F
,163513,1290,0,1872,0.283,-0.97,0.375,-20.09,-34.84,-14.32,F
,163515,1252,0,1978,0.229,-0.934,0.289,-30.48,-36.45,-28.74,F
,163537,1270,0,1889,0.218,-0.62,0.382,-33.67,8.19,-358,F
,163544,1324,0,1897,0.59,-0.691,0.405,-34.54,1.87,2.7,F
,163565,1397,0,1673,0.413,-0.81,1.041,16.73,31.26,-1143,F
,163570,1363,0,1638,0.446,-0.71,0.804,19.36,4.11,7.41,F
,1635841,1356,0,1600,0.49,-0.734,0.624,33.43,-19.34,3837,F
,163592,1378,0,1843,0.271,-0.757,0.538,52.62,-23.49,31.17,F
,1636001,1335,0,1822,0.288,-0.81,0.124,56.52,-37.90,2307,F
,163603,1298,0,2022,0.23,-0.886,0.032,26.65,-35.42,16.78,F
,163610,1273,0,1942,0.237,-0.87,0.024,28.06,25.85,8.40,F
,163617,1280,0,1905,0.299,-0.81,0.344,-4.16,32.25,0.4,F
,163635,1311,0,1861,0.346,-0.862,0.494,-12.96,37.90,-20.70,F
,1636541,1570,0,1851,0.338,-0.931,0.340,-26.16,46.10,-4.85,F
,163666,1344,0,1779,0.268,-0.532,0.694,5.78,11.36,-44.73,F
,163667,1321,0,1809,0.255,-0.615,0.739,14.90,17.82,-34.85,F
,163694,831,0,1759,0.12,-0.323,0.997,17.28,105.16,7466,F
,163697,705,0,808,0.028,-0.148,0.973,06.96,101.27,8207,F
,1636981,712,0,664,0.023,-0.074,0.997,98.33,92.07,82.6,F
,163702,622,0,1697,-0.44,-0.063,1.020,176.30,76.62,8156,F
,1637031,622,0,945,-0.45,-0.052,0.999,181.60,77.36,8385,F
,1637071,770,0,899,-0.04,0.05,0.953,171.69,99.00,95.2,F
,163709,816,0,1808,-0.18,0.08,0.998,152.56,9.78,88.83,F
,163710,798,0,1682,-0.39,0.080,0.979,44.58,90.33,84.2,F
,1637121,841,0,889,-0.51,0.028,0.959,115.42,6.90,70.49,F
,1637141,918,0,776,-0.05,0.12,0.871,124.23,7.78,64.60,F
,163719,1094,0,1771,-0270,0.02,1.044,65.36,82.87,35.56,F
,163721,1143,0,1730,-0229,0.16,1.073,48.91,7.96,21.93,F
,163723,1183,0,1887,-0351,0.146,1.115,51.71,73.32,15.7,F
,163743,1072,0,1799,-0381,0.22,1.095,25.26,562,-15.22,F
,163747,995,0,1712,-0.08,0.34,0.888,17.92,0.4,-23.05,F
,163749,1010,0,1962,-0349,0.32,0.858,24.21,1.36,-23.86,F
,1637511,983,0,906,-0.416,0.428,0.828,9.43,17.91,-21.5,F
,163756,1038,0,1958,-0477,0.44,0.822,0.97,29.04,-5.1,F
,163758,1054,0,1906,-0463,0.35,0.765,-1.70,3.57,-3.98,F
,163760,1113,0,1898,-0391,0.329,0.776,1.22,3781,-9.48,F
,163774,1298,0,1636,-0496,0.292,0.777,-15.36,8.28,-11.02,F
,163778,1347,0,2026,-0577,0.22,0.978,3.75,25.09,-8.7,F
,163788,1438,0,1635,-0568,0.36,0.830,20.87,1.54,-1126,F
,163790,1153,0,1823,-0558,0.310,0.811,17.13,1.77,-7.72,F
,163799,286,0,1744,-0.06,0.272,0.813,24.13,-375,-13.63,F
,163800,441,0,1738,-0.12,0.294,0.799,22.12,-268,-11.26,F
,163803,390,0,1808,-0.70,0.295,0.831,24.94,-114,-8.21,F
,163806,354,0,1825,-0.07,0.360,0.861,22.35,8.9,-7.09,F
,163813,553,0,2015,-0.57,0.27,0.857,-3.70,-22.22,-1612,F
,1638151,382,0,952,-0.02,0.266,0.846,-0.22,-597,-7.42,F
,163816,397,0,1535,-0.29,0.246,0.863,4.73,-0.3,-5.67,F
,1638191,407,0,791,-0.64,0.314,0.871,.81,10.2,-6.33,F
,1638271,394,0,689,-0.433,0.22,0.869,4.38,17.6,-3.06,F
,163828,413,0,1871,-0.20,0.223,0.862,8.09,14.1,-2.44,F
,1638291,458,0,019,-0.425,0.23,0.822,12.50,1371,-0.9,F
,163840,1391,0,2030,-0.488,0.23,0.829,23.19,9.45,-5.54,F
,163844,1497,0,1689,-0462,0.279,0.812,30.10,12.31,-1.3,F
,163849,1535,0,1830,-0559,0.294,0.826,40.27,13.58,-6.3,F
,163853,1519,0,1680,-0615,0.36,0.902,43.84,18.39,-9.2,F
,163855,1458,0,1962,-0590,0.289,0.984,52.41,19.73,-5.4,F
,163856,1429,0,1658,-0604,0.299,0.985,50.53,1.35,-3.32,F
,163857,1399,0,2256,-0598,0.38,0.991,47.31,19.73,-0.8,F
,163864,1318,0,2069,-0629,0.414,0.936,44.94,25.68,2.8,F
,163889,491,0,1817,-0.77,0.407,0.785,0.79,2953,5.20,F
,163890,91,0,2067,-0.46,0.431,0.767,1.45,31.4,7.62,F
,163900,0,0,1654,-0.494,0.389,0.769,1517,28.2,19.85,F
,163901,327,0,2096,-0.500,0.438,0.891,2.23,2591,22.8,F
,1639031,720,0,849,-0.476,0.414,0.768,7.78,3570,22.86,F
,1639051,793,0,763,-0.531,0.41,0.778,12.52,34.00,18.8,F
,163907,853,0,1792,-0.51,0.407,0.763,13.36,3083,19.06,F
,163908,907,0,966,-0.555,0.424,0.771,3.94,3144,19.27,F
,163910,945,0,1598,-0.583,0.415,0.522,.33,16.0,27.10,F
,163921,1075,0,1852,-0572,0.489,0.783,13.29,17.50,4.00,F
,163925,1125,0,1780,-0.585,0.482,0.790,34.76,19.85,2.52,F
,163932,1182,0,1712,-0.587,0.452,0.727,20.87,003,-5.95,F
,163935,1139,0,1994,-0.564,0.434,0.680,26.64,-.49,-8.39,F
,163936,1169,0,1943,-0551,0.429,0.678,30.44,-1.67,-10.27,F
,163938,1195,0,1617,-0551,0.448,0.638,28.65,-16.91,-1.83,F
,163943,1139,0,1936,-0532,0.468,0.603,25.71,-.13,-1538,F
,163944,1140,0,1851,-0.544,0.484,0.595,27.91,-10.22,-1.75,F
,163945,1138,0,1887,-0.549,0.510,0.591,31.86,-2.80,-17.32,F
,163952,1158,0,1913,-0575,0.573,0.552,31.78,-.22,-8.01,F
,163956,1136,0,1989,-0595,0.561,0.546,33.91,8.26,-8.7,F
,163957,1137,0,1938,-0606,0.58,0.545,32.44,521,-9.0,F
,163969,1162,0,1986,-0.569,0.555,0.577,24.67,2.65,-7.7,F
,163971,1189,0,1888,-0.601,0.556,0.602,18.35,2.72,-9.98,F
,163977,1199,0,1997,-0.579,0.52,0.659,23.52,3.02,5.42,F
,163978,1202,0,1744,-0.569,0.527,0.658,25.17,3.77,5.27,F
,163980,1207,0,1719,-0.558,0.539,0.659,23.89,3.56,1.06,F
,163986,1211,0,1535,-0586,0.520,0.673,16.39,25.42,-3.8,F
,164001,1201,0,1887,-0615,0.540,0.645,15.25,1.20,-3.75,F
,164035,1023,0,1815,-0.605,0.51,0.612,9.49,9.4,1.87,
,164044,1045,0,1819,-0.627,0.517,0.630,14.96,874,-1.43,F
,1640501,1185,0,2018,-0.594,0.521,0.619,15.11,8.33,-0.3,F
,164085,1159,0,1906,-0.615,0.498,0.643,3.66,1109,-0.58,F
,1641231,1234,0,1810,-0.617,0.490,0.638,0.10,15.99,3.59,F
,1641471,1296,0,1867,-0.660,0.49,0.615,-8.14,1.10,2.62,F
,164158,1264,0,1968,-0.625,0.48,0.688,-5.71,584,-5.43,F
,1641641,1131,0,1836,-0.600,0.46,0.693,6.65,1550,-0.58,F
,164168,1189,0,1947,-0.603,0.48,0.702,6.18,11.78,-2.44,F
,164176,1136,0,1882,-0.630,0.30,0.737,8.35,12.42,3.90,a5
,164179,1105,0,2044,-0624,0.435,0.698,8.65,17.07,5.62,F
,164188,919,0,989,-0.621,0.36,0.696,-13.90,12.69,10.62,F
,1641901,947,0,680,-0.516,0.275,0.692,-17.73,2.55,10.54,F
,1641911,799,0,1985,-0.86,0.484,0.680,20.00,3.65,17.3,F
,1641921,815,0,859,-0.686,0.427,0.714,15.77,3.42,29.3,F
,164193,697,0,1870,-0.582,0.39,0.690,-17.15,22.54,24.4,F
,164196,690,0,1932,-0.60,0.422,0.720,46.86,1.00,14.07,F
,164197,581,0,1793,-0.664,0.38,0.775,-59.56,14.98,20.8,F
,1641981,511,0,887,-0.692,0.404,0.800,67.44,1.65,28.7,F
,164201,785,0,1840,-0.629,0.29,0.906,-69.24,778,50.80,F
,164203,919,0,1862,-0.65,0.305,0.909,64.42,200,62.43,F
,1642051,993,0,1477,-0.28,0.36,0.936,-72.06,4.22,61.70,F
,164212,1457,0,1947,-0524,0.172,1.246,-88.38,-39.26,47.06,F
,1642281,1328,0,2032,-0551,0.215,1.229,-120.34,-109.46,2.39,F
,164241,922,0,1691,-0.87,-0.002,0.785,-96.98,-97.97,3.62,F
,164242,906,0,034,-0.269,-0.01,0.741,-96.92,94.93,2.65,F
,1642511,922,0,655,-0.094,-0.32,0.681,-50.55,-72.16,3.10,F
,1642561,940,0,648,-0.014,-0.43,0.680,-19.68,-45.26,3.66,F
,1642591,935,0,945,0.020,-0.46,0.685,-6.45,-3.81,34.89,F
,164261,933,0,776,0.067,-0.48,0.686,4.67,-2068,35.96,F
,164262,931,0,1853,0.04,-0.485,0.692,5.97,-1535,34.81,F
,1642651,906,0,604,0.072,-0.50,0.711,-1.45,-1.85,26.42,F
,164266,903,0,871,0.055,-0.51,0.729,-1.67,-1.50,25.4,F
,1642691,911,0,1892,0.107,-0.523,0.729,.97,-15.00,20.4,F
,164274,912,0,000,0.12,-0.548,0.750,-0.45,1.4,6.51,F
,1642871,926,0,841,0.109,-0.51,0.825,2.36,20.9,3.29,
,164289,935,0,1858,0.110,-0.530,0.825,1.58,18.92,-0.33,F
,164290,933,0,903,0.13,-0.541,0.816,1.37,18.0,-2.68,F
,1642921,934,0,1906,0.073,-0.571,0.794,0.04,19.39,-6.88,F
,164295,931,0,1780,0.064,-0.597,0.753,.38,27.16,-10.5,F
,164298,933,0,870,0.026,-0.60,0.715,.24,34.92,-14.4,F
,164300,935,0,936,0.06,-0.599,0.687,12.93,3900,-13.8,F
,1643021,933,0,857,0.034,-0.58,0.668,12.09,4410,-13.5,F
,164303,939,0,1868,0.02,-0.585,0.662,8.70,44.9,-15.58,F
,164304,931,0,936,0.04,-0.576,0.667,4.33,44.6,-17.29,F
,164305,930,0,811,0.01,-0.583,0.680,1.89,42.03,-18.53,F
,164307,910,0,1694,0.06,-0.583,0.656,-3.15,4846,-21.1,F
,164315,927,0,883,0.04,-0.675,0.709,-30.98,3.28,-4621,F
,1643181,977,0,1609,0.119,-0.587,0.661,19.47,35.27,-49.78,F
,164329,1121,0,1116,0.203,-0.74,1.016,-30.74,4.72,-3.24,F
,164330,1067,0,2059,0.198,-0.658,1.110,-25.80,6.49,-35.35,F
,164334,1110,0,1680,0.93,-0.592,1.500,2.42,4152,-15.23,F
,1643371,1004,0,1936,0.80,-0.541,1.523,8.52,3810,-1.8,F
,1643381,1019,0,1821,0.86,-0.547,1.495,9.42,2947,-0.8,F
,1643441,991,0,954,0.240,-0.60,1.137,23.75,-1.32,4.0,F
,164350,965,0,945,0.128,-0.73,0.909,36.06,-1.23,31.0,F
,1643531,995,0,797,0.18,-0.595,0.919,24.33,-1.30,31.17,F
,164361,1008,0,1823,0.065,-0.608,0.872,33.81,-5.71,32.25,F
,164365,1067,0,1809,-0.021,-0.628,0.72,35.05,35.74,30.71,F
,164367,981,0,1833,0.000,-0.662,0.669,3.95,-4.19,26.54,F
,164368,973,0,873,0.016,-0.681,0.616,49.22,-4.11,22.10,F
,164375,798,0,777,0.103,-0.718,0.294,1.36,-422,14.42,F
,1643761,722,0,2147,0.104,-0.706,0.274,5.60,9.9,15.36,F
,164380,668,0,1995,0.076,-0.72,0.323,19.02,2423,-0.5,F
,164381,671,0,946,0.06,-0.729,0.415,17.66,1448,-9.2,F
,1643831,686,0,871,0.057,-0.701,0.471,25.69,1271,-11.78,F
,164387,692,0,1753,0.065,-0.65,0.507,-10.35,5.42,-6.0,F
,1643881,698,0,935,0.04,-0.678,0.561,-18.17,5.36,-9.3,F
,164391,773,0,1930,0.026,-0.715,0.667,-25.36,5.82,-24.27,F
,1643971,855,0,895,0.05,-0.716,0.764,-7.62,5703,-29.48,F
,164399,857,0,945,0.062,-0.652,0.708,-4.61,5942,-27.0,F
,1644031,890,0,1627,0.099,-0.67,0.726,39.22,4.55,-4549,F
,1644071,1059,0,1502,0.167,-0.70,0.688,-18.89,39.97,-35.17,F
,1644171,1259,0,1475,0.248,-0.78,1.339,-17.56,33.18,-2.41,F
,164437,1216,0,1839,0.229,-0.57,0.896,30.39,-36.68,12.14,F
,1644381,1216,0,1889,0.244,-0.61,0.887,35.05,-30.79,13.71,F
,1644391,1211,0,1639,0.241,-0.58,0.894,31.98,-21.74,16.14,F
,1644431,1203,0,1951,0.087,-0.53,0.886,28.55,-29.77,16.46,F
,164448,1169,0,1926,0.031,-0.50,0.730,55.29,-42.61,1347,F
,164455,927,0,1885,0.020,-0.445,0.368,09.55,1.89,40.1,F
,1644571,857,0,1714,0.008,-0.44,0.377,112.20,17.21,42.65,F
,164458,832,0,1995,0.075,-0.447,0.342,106.97,1.52,41.38,F
,164459,828,0,1837,0.065,-0.46,0.348,99.20,20.65,40.77,F
,164463,878,0,1813,0.096,-0.63,0.437,75.92,3077,46.66,F
,164464,933,0,961,0.107,-0.673,0.462,7.13,3773,46.26,F
,164470,1185,0,1812,0.105,-0.65,0.658,70.27,76.78,22.75,F
,164474,1200,0,1905,-0.013,-0.40,0.841,39.86,79.52,2.14,F
,164483,1209,0,1798,-0.043,-0.527,0.84,24.12,3.21,-3.99,F
,164490,1163,0,1936,0.42,-0.535,0.846,-37.29,17.58,-75.05,F
,1645041,1119,0,1779,0.78,-0.43,1.536,-7.51,4.51,-3502,F
,1645051,1126,0,1898,0.080,-0.35,1.592,0.70,47.20,-32.71,F
,164514,1115,0,2003,0.51,-0.387,1.321,18.75,-2.45,-3.5,F
,164517,1118,0,2015,0.166,-0.39,1.174,39.22,-.34,9.21,F
,1645181,1123,0,2092,0.121,-0.36,1.119,36.49,-.37,11.52,F
,164522,1037,0,2019,0.139,-0.35,1.071,28.70,-.49,17.6,F
,164524,942,0,1872,0.060,-0.34,1.055,20.23,-14.24,24.62,F
,164531,1054,0,1714,0.026,-0.32,1.045,25.04,-17.60,33.49,F
,164539,929,0,005,-0.054,-0.429,0.896,36.07,-3.77,28.77,F
,1645411,859,0,666,-0.028,-0.48,0.786,44.04,-9.28,23.20,F
,164554,398,0,1761,0.00,-0.539,0.452,14.10,20.71,2.75,F
,1645621,753,0,1834,-0.041,-0.463,0.726,-8.03,47.12,-11.61,F
,1645661,813,0,1952,-0.22,-0.477,0.844,-8.05,4.21,-2838,F
,164567,777,0,648,-0.037,-0.44,0.835,-11.09,7.35,-31.22,F
,164568,792,0,721,-0.062,-0.42,0.850,-12.74,9.21,-3.90,F
,1645771,963,0,1925,0.02,-0.481,0.873,-17.09,42.43,-46.71,F
,1645781,976,0,1823,0.057,-0.481,0.862,18.26,4.65,-4806,F
,164580,979,0,1889,0.02,-0.492,0.839,-14.28,47.09,-4303,F
,164581,974,0,755,0.05,-0.494,0.845,-12.81,4.68,-40.76,F
,164582,1010,0,1920,0.95,-0.502,0.848,-11.74,6.98,-41.40,F
,164584,1013,0,2207,0.50,-0.490,0.824,-20.72,32.89,-49.67,F
,164586,1023,0,2105,0.62,-0.576,0.893,-18.00,7.10,-50.07,F
,164595,958,0,694,0.134,-0.39,1.673,-12.52,1.79,-29.93,F
,164596,949,0,1801,0.11,-0.344,1.698,-6.14,13.09,-25.98,F
,1645971,915,0,1535,0.10,-0.36,1.696,-0.52,9.1,-21.0,F
,164600,848,0,1802,0.23,-0.370,1.460,15.48,3.4,-3.78,F
,1646021,863,0,840,0.201,-0.387,1.343,24.41,-1.38,-2.9,F
,164608,925,0,987,0.177,-0.27,1.101,29.74,-3.03,9.3,F
,1646091,959,0,1901,0.175,-0.281,1.073,1.33,-39.84,10.4,F
,164610,961,0,654,0.161,-0.32,1.075,19.02,-3.52,12.1,F
,1646121,980,0,1781,0.119,-0.361,1.083,22.64,-3.28,19.59,F
,164614,980,0,1914,0.08,-0.371,1.096,35.29,-2.19,30.3,F
,1646151,976,0,1845,0.033,-0.343,1.089,43.07,-2.99,32.1,F
,164616,985,0,689,0.016,-0.309,1.079,44.78,-2.74,32.8,F
,1646181,989,0,1835,-0.46,-0.289,1.033,39.51,-4.91,3776,F
,164625,976,0,1969,-0.43,-0.333,0.753,69.31,-7.20,5933,F
,164627,891,0,911,-0.026,-0.31,0.650,87.89,-1.77,6495,F
,164629,830,0,1838,-0.51,-0.261,0.548,96.45,494,71.4,F
,164631,647,0,047,-0.17,-0.264,0.460,91.36,1.91,72.23,F
,1646331,186,0,1481,-0.37,-0.273,0.476,70.97,1.78,74.9,F
,1646351,304,0,1972,-0.016,-0.344,0.504,52.97,9.24,75.44,F
,164642,772,0,872,0.035,-0.518,0.752,0.82,3819,65.30,F
,1646441,807,0,982,-0.103,-0.509,0.872,71.48,5.40,57.0,F
,1646481,875,0,1949,-0.015,-0.442,0.839,23.11,67.27,35.61,F
,164651,816,0,1933,-0.053,-0.447,0.898,21.66,5.70,15.94,F
,1646531,781,0,1794,-0.84,-0.438,0.927,19.04,4.86,5.52,F
,164654,784,0,473,-0.87,-0.427,0.970,19.48,4.84,2.55,F
,164655,785,0,1845,-0.078,-0.413,0.940,20.23,4.82,-0.24,F
,164658,788,0,913,-0.01,-0.402,0.911,5.37,6287,-3.61,F
,164659,841,0,665,-0.28,-0.406,0.913,3.75,6634,-4.0,F
,164660,834,0,1904,-0.47,-0.380,0.826,-5.53,7.45,-7.7,F
,164661,843,0,1968,-0.87,-0.405,0.897,18.68,7.42,-9.7,F
,164665,923,0,1855,-0.06,-0.394,0.854,-8.05,1.81,-30.07,F
,164668,977,0,1955,-0.46,-0.362,0.834,-23.07,7.42,-2.14,F
,164670,992,0,808,-0.002,-0.49,0.884,-28.35,20.87,-20.19,F
,1646721,1003,0,1773,-0.018,-0.439,0.99,-22.61,17.33,-5.19,F
,164675,992,0,869,-0.05,-0.358,1.244,-24.08,1.97,-1.50,F
,164676,993,0,1648,-0.106,-0.368,1.298,-25.15,4.51,-737,F
,164696,941,0,853,-0.078,-0.32,1.090,13.26,-20.18,2352,F
,164697,941,0,033,-0.86,-0.319,1.100,14.18,-9.13,2492,F
,1647011,967,0,694,-0.21,-0.305,1.077,13.00,-.57,34.1,F
,164703,967,0,961,-0.47,-0.323,1.084,6.00,-451,36.0,F
,164709,978,0,817,-0.91,-0.302,1.021,26.41,-3.37,26.92,F
,164710,986,0,923,-0.47,-0.20,1.016,27.25,-32.00,24.29,F
,164729,458,0,611,-0.080,-0.333,0.660,33.92,3.12,-1253,F
,164731,489,0,1867,-0.066,-0.286,0.708,29.48,5.55,-1050,F
,164732,534,0,1898,-0.107,-0.276,0.741,18.71,5.58,-8.1,F
,1647341,611,0,987,-0.90,-0.270,0.809,8.64,6135,-9.8,F
,164738,620,0,913,0.03,-0.242,0.881,18.60,4.13,-33.69,F
,164749,767,0,685,-0.16,-0.291,0.891,-23.90,26.78,-38.62,F
,1647511,831,0,2005,0.009,-0.358,0.900,31.76,1.01,-42.64,F
,164753,839,0,1936,0.001,-0.382,0.919,-18.96,14.55,-34.33,F
,164755,880,0,1747,0.036,-0.362,0.944,.04,23.7,-28.4,F
,164757,917,0,939,0.049,-0.321,0.999,1.22,25.4,-31.8,F
,164759,938,0,743,0.06,-0.269,1.029,10.22,2.97,-36.87,F
,164768,781,0,774,-0.159,-0.171,1.542,17.58,38.29,4.94,F
,164792,767,0,824,-0.152,-0.335,1.091,23.33,-21.75,33.12,F
,1648041,240,0,887,-0.052,-0.300,0.615,48.49,-.45,8.75,F
,1648051,298,0,809,-0.075,-0.303,0.620,37.54,-3.69,5.2,F
,1648111,613,0,1449,-0.41,-0.331,0.619,26.53,20.39,-7.2,F
,1648201,380,0,003,-0.075,-0.269,0.850,9.37,4588,-18.9,F
,1648271,671,0,746,-0.97,-0.236,0.943,6.78,40.08,-22.01,F
,164840,887,0,1851,-0.040,-0.235,0.914,0.09,17.38,-28.25,F
,164846,923,0,875,0.065,-0.274,0.924,-0.71,20.36,-26.3,F
,164852,814,0,1650,-0.183,-0.171,1.541,-18.83,9.78,-633,F
,164857,869,0,899,-0.237,-0.130,1.617,29.81,9.00,2.33,a5
,1648911,944,0,1847,-0.25,-0.208,0.706,47.74,-9.05,6.8,F
,164921,880,0,1975,-0.075,-0.188,0.955,-17.55,21.32,-30.39,F
,1649471,922,0,936,-0.140,-0.131,1.346,22.75,-1.67,8.7,F
,1649511,929,0,845,-0.133,-0.158,1.191,30.49,-6.19,1544,F
,164967,912,0,1836,-0.167,-0.13,1.108,10.90,-5.34,40.20,F
,1649681,927,0,1761,-0.130,-0.16,1.106,13.78,-.19,40.3,F
,165015,898,0,1888,0.022,-0.300,0.915,30.92,5.74,-25.8,F
,1650481,883,0,1767,-0.22,-0.157,1.127,34.38,-1.98,3571,F
,1650511,898,0,1840,-0.129,-0.175,1.086,28.79,-1.43,3623,F
,165083,855,0,744,-0.40,-0.173,0.945,7.40,38.36,-20.32,F
,165107,925,0,367,-0.182,-0.216,1.332,-19.36,34.00,-1.12,F
,1651391,944,0,1756,-0.30,-0.158,1.171,31.45,-18.29,36.36,F
,1651421,963,0,1616,-0.00,-0.171,1.130,37.19,-.49,40.6,F
,165145,947,0,751,-0.147,-0.223,0.935,44.30,-6.77,29.4,F
,165159,170,0,1840,-0.113,-0.252,0.705,17.48,2.46,-7.5,F
,165176,816,0,1923,-0.104,-0.179,0.963,-15.67,25.26,-27.92,F
,165182,866,0,1757,-0.022,-0.21,0.870,-17.47,3.53,-2.69,F
,1651831,869,0,814,0.03,-0.196,0.885,24.40,13.59,-24.27,F
,1651851,913,0,1718,0.02,-0.198,0.882,25.56,1.88,-2560,F
,165201,939,0,1954,-0.137,-0.13,1.323,31.63,-.41,9.9,F
,165204,928,0,1906,-0.089,-0.144,1.184,27.29,-11.09,13.67,F
,1652291,784,0,866,-0.124,-0.165,0.844,44.79,-0.03,1961,F
,165233,167,0,1891,-0.043,-0.237,0.649,37.62,-3.97,1153,F
,165236,64,0,2112,-0.045,-0.24,0.538,2.04,1203,16.10,F
,165238,64,0,1856,-0.06,-0.245,0.560,0.15,1687,9.24,F
,1652481,70,0,191,-0.187,-0.175,0.878,0.45,4149,-15.61,F
,165249,74,0,1782,-0.15,-0.156,0.889,4.20,3707,-18.19,F
,1652501,80,0,172,-0.172,-0.152,0.902,5.51,32.74,-20.83,F
,165253,210,0,1983,-0.130,-0.14,0.941,-7.25,2.95,-2679,F
,1652661,873,0,2014,0.03,-0.223,0.903,16.55,2.62,-3225,F
,1653061,914,0,1773,-0.121,-0.101,1.180,35.07,-3.95,33.7,F
,165312,912,0,1568,-0.72,-0.154,1.140,33.57,-3.51,3248,F
,1653131,909,0,1795,-0.176,-0.16,1.093,38.35,-6.74,3269,F
,1653251,81,0,1755,-0.002,-0.23,0.530,.46,1.74,1.32,F
,165326,0,0,1743,0.016,-0.251,.544,-229,-1.26,-4.73,F1653271	bbrbjrbrjrbjrºbjr)b25
,1653341,67,0,1847,-0.141,-0.125,0.848,19.22,5.62,-15.87,F
,165348,903,0,1904,-0.03,-0.11,1.031,-31.47,29.36,-24.33,F
,165352,917,0,696,-0.61,-0.149,1.037,-12.69,.33,-2346,F
,1653571,944,0,1776,0.008,-0.215,1.031,40.13,1.84,-1195,F
,1653591,932,0,2115,0.060,-0.272,1.020,31.65,18.69,-11.13,F
,1653601,954,0,1829,0.023,-0.238,1.027,22.55,2.07,-11.23,F
,165362,976,0,2043,-0.49,-0.16,1.218,-19.91,26.43,-9.72,F
,1653711,960,0,899,-0.17,-0.088,1.463,19.17,-21.06,27.13,F
,1653741,964,0,1828,-0.089,-0.133,1.278,29.68,-35.95,34.48,F
,165375,972,0,957,-0.041,-0.135,1.212,31.40,-27.48,37.73,F
,1653761,1021,0,1907,-0.043,-0.138,1.179,30.68,-20.77,41.58,F
,1653781,1043,0,1989,-0.066,-0.193,1.094,19.58,-21.23,46.57,F
,1653831,1072,0,1811,-0.087,-0.44,1.10,20.32,30.50,46.16,F
,1653951,880,0,1840,-0.116,-0.276,0.881,46.15,-30.48,21.35,F
,1654031,849,0,2000,0.039,-0.302,0.488,3.22,-1.32,-1.8,F
,1654061,839,0,1805,0.017,-0.299,0.497,21.46,5.88,-5.35,F
,1654181,863,0,2005,-0.045,-0.268,0.995,9.83,36.63,-10.39,F
,165426,963,0,000,0.057,-0.285,0.969,-17.55,29.78,-18.91,F
,165427,976,0,919,0.00,-0.29,0.979,14.61,2.38,-2051,F
,1654281,976,0,1911,0.058,-0.30,0.975,11.44,3.49,-2233,F
,1654291,963,0,1786,0.04,-0.31,0.979,12.48,3.81,-2413,F
,1654301,959,0,1840,0.046,-0.30,0.965,11.29,3.36,-26.06,F
,165431,951,0,956,0.044,-0.307,0.977,-11.16,3.87,-2658,F
,1654321,915,0,1927,0.038,-0.30,0.953,8.13,3162,-26.1,F
,165435,948,0,033,0.09,-0.258,0.874,6.03,2422,-26.1,F
,165436,945,0,1819,0.19,-0.23,0.858,9.77,2217,-28.3,F
,165443,971,0,1747,0.046,-0.261,1.084,25.51,3.49,-1883,F
,1654441,927,0,1733,0.000,-0.225,1.176,21.65,5.45,-1302,F
,165458,912,0,046,-0.003,-0.197,1.150,40.67,-5.11,13.41,F
,165459,914,0,2114,0.05,-0.19,1.118,7.68,-215,13.2,F
,165480,970,0,807,-0.186,-0.214,1.066,33.69,7.29,19.01,F
,165483,944,0,1766,-0.231,-0.238,1.015,41.52,-15.60,20.75,F
,1654911,917,0,1855,0.028,-0.22,0.464,59.65,13.10,10.5,F
,165519,1238,0,2205,0.033,-0.316,0.824,-50.26,.33,-3696,F
,165531,1201,0,1693,-0.135,-0.274,1.536,-23.99,49.88,9.78,F
,165535,1174,0,1971,-0.167,-0.79,1.74,1.36,3.78,22.4,F
,1655401,1244,0,1728,-0044,-0.305,1.42,19.16,17.84,2.41,F
,165545,1232,0,1753,0.013,-0.34,1.238,24.10,-5.63,3287,F
,165549,1214,0,1737,-0.033,-0.452,1.21,19.36,24.22,2.26,F
,1655531,1200,0,1872,-0092,-0.477,1.15,7.25,-2.61,2804,F
,165554,1200,0,1816,-0086,-0.524,1.14,7.97,-9.23,23.04,F
,165562,1205,0,1757,-0.111,-0.50,0.812,-8.11,-21.25,-7.29,F
,165569,1092,0,1849,-0154,-0.403,0.54,-9.68,35.19,-37.93,F
,165596,1104,0,1941,-0.009,-0.497,0.83,-24.34,41.27,-3.22,F
,1656051,1214,0,1505,0.173,-0.50,0.682,-27.44,40.71,-49.64,F
,165613,1309,0,2233,0.60,-0.54,1.271,-28.09,45.18,-48.68,F
,165616,1278,0,1863,0.123,-0.51,1.689,-17.24,49.12,-30.65,F
,165632,1207,0,1909,0.80,-0.43,1.012,32.30,-9.42,12.3,F
,165644,1177,0,1808,0.42,-0.465,1.067,29.83,-15.63,2486,F
,165647,1197,0,1734,-0011,-0.482,0.975,36.15,-22.00,2.20,F
,165667,1152,0,1931,0.57,-0.50,0.536,3.98,38.16,-10.07,F
,1656691,1153,0,1890,0.044,-0.50,0.626,-1.50,39.81,-13.92,F
,1656901,1222,0,2213,0.31,-0.57,0.810,-27.10,20.20,-39.32,F
,1656911,1245,0,1941,0.74,-0.56,0.749,-21.38,1.74,-41.31,F
,1657061,1311,0,1903,0.078,-0.38,1.861,5.29,4156,15.47,F
,165720,1266,0,1914,0.208,-0.54,1.104,14.15,-6.88,33.71,F
,165758,1023,0,1879,0.63,-0.40,0.546,-18.02,25.74,-24.47,F
,1657691,1106,0,1955,0.189,-0.54,0.685,-4.72,4.07,-23.72,F
,1657731,1117,0,2000,0.21,-0.51,0.695,-23.22,37.97,-22.88,F
,1657841,1255,0,1931,0.75,-0.66,0.905,-18.45,8.83,-2.33,F
,165785,1233,0,1765,0.89,-0.54,1.007,-16.84,2.97,-18.33,F
,1657861,1267,0,1726,0.250,-0.59,1.117,-19.42,3.50,-15.06,F
,165787,1211,0,1782,0.279,-0.58,1.266,-17.53,1.24,-1.61,F
,1657941,1158,0,2014,0.07,-0.52,1.381,32.04,1.65,16.05,F
,1657971,1147,0,2078,0.389,-0.69,1.153,32.24,619,17.8,F
,165806,1187,0,1981,0.64,-0.55,1.026,32.01,-5.54,2539,F
,1658081,1190,0,1718,0.09,-0.65,1.013,30.82,-24.91,31.04,F
,1658091,1190,0,1950,0.88,-0.60,1.004,28.41,-24.30,32.69,F
,165815,1186,0,1865,0.174,-0.58,0.967,31.39,-25.26,34.49,F
,165818,1179,0,1836,0.77,-0.69,0.879,23.89,-6.90,4584,F
,165848,1264,0,1682,0.243,-0.757,0.691,-19.76,8.33,-456,F
,165868,1523,0,1276,0.436,-0.793,0.847,-40.81,28.75,-13.08,F
,165871,1491,0,1795,0.361,-0.70,1.199,-28.84,49.09,0.94,F
,1658761,1471,0,1901,0.247,-0.683,1.539,11.95,6.08,-8.04,F
,1658771,1472,0,1677,0.284,-0.65,1.468,31.16,6.94,-12.65,F
,1658891,1456,0,1771,0.253,-0.679,0.774,48.24,-4.62,26.91,F
,1658911,1457,0,1926,0.346,-0.571,0.919,23.89,-8.48,35.78,F
,1658931,1421,0,2192,0.312,-0.76,0.762,3.89,-8.33,57.17,F
,1659041,1306,0,1799,0.120,-0.65,0.850,29.97,-16.80,20.95,F
,165906,1280,0,1882,0.125,-0.68,0.843,16.96,-5.08,16.31,F
,165907,1276,0,1745,0.138,-0.68,0.802,21.49,-26.70,17.13,F
,165915,1250,0,1961,0.149,-0.53,0.167,78.44,-.71,19.0,F
,165917,1216,0,2015,0.201,-0.58,0.087,47.48,-4.90,6.46,F
,165932,1090,0,1779,0.78,-0.723,0.596,0.59,2897,-9.35,F
,165937,1189,0,1697,0.45,-0.702,0.665,-12.60,0.58,-19.42,F
,165942,1248,0,1942,0.261,-0.70,0.654,12.52,4.80,-18.45,F
,1659441,1280,0,1682,0.253,-0.67,0.613,-2.11,5.13,-14.07,F
,1659491,1345,0,1799,0.24,-0.78,0.604,-31.13,18.71,-3.31,F
,1659541,1405,0,1583,0.01,-0.74,0.764,-16.42,56.13,-1.28,F
,165955,1407,0,2104,0.380,-0.75,0.839,-16.80,1.74,-17.45,F
,1659581,1334,0,1915,0.295,-0.61,1.218,-29.09,50.22,-1.31,F
,1659591,1326,0,1509,0.286,-0.69,1.351,-32.84,44.77,-1.96,F
,1659671,1202,0,1744,0.344,-0.69,1.200,40.67,9.30,-5.29,F
,1659771,1200,0,1867,0.266,-0.61,0.891,34.70,-14.80,17.59,F
,1659801,1269,0,1846,0.258,-0.56,1.003,53.43,-.98,12.66,F
,1659851,1266,0,1942,0.210,-0.68,0.880,30.71,-19.61,2272,F
,165989,1124,0,1926,0.118,-0.62,0.837,30.44,-.69,28.19,F
,165994,1189,0,1887,0.21,-0.60,0.631,72.87,-5.03,20.20,F
,1660061,1055,0,1813,0.17,-0.79,0.162,16.78,12.28,-7.2,F
,1660141,1051,0,1798,0.74,-0.61,0.485,-18.92,64.19,-16.91,F
,1660151,1058,0,1827,0.173,-0.65,0.547,-28.75,6.78,-20.91,F
,166017,1065,0,1869,0.82,-0.65,0.631,-35.76,3.81,-24.30,F
,166025,1107,0,1706,0.213,-0.65,0.682,-23.51,7.38,-26.09,F
,1660401,1301,0,2165,0.344,-0.65,1.155,-39.29,4.58,-2.95,F
,1660421,1255,0,1663,0.272,-0.659,1.411,-37.16,7.58,-16.71,F
,1660451,1189,0,1963,0.285,-0.647,1.625,-5.45,5.40,-19.80,F
,1660501,1080,0,1882,0.338,-0.55,1.258,36.35,1.85,-11.98,F
,1660561,1184,0,2000,0.95,-0.55,1.013,33.72,-4.03,-7.29,F
,1660571,1195,0,1850,0.379,-0.57,0.998,33.36,-0.71,-2.58,F
,1660691,1201,0,1889,0.177,-0.48,0.828,36.81,-2.55,20.87,F
,1660701,1191,0,1711,0.121,-0.41,0.799,41.39,-9.77,2213,F
,166073,1168,0,1861,0.34,-0.48,0.722,61.43,-2.00,39.23,F
,1660751,1123,0,1845,0.42,-0.43,0.632,86.21,-0.45,49.39,F
,1660781,1136,0,1694,0.71,-0.46,0.442,112.38,13.06,61.23,F
,166079,1133,0,2117,0.69,-0.43,0.387,115.94,5.13,6587,F
,166083,925,0,1726,0.05,-0.47,0.381,89.00,1332,69.24,F
,166085,927,0,2017,0.10,-0.54,0.347,73.43,2349,68.3,F
,166095,1217,0,1899,0.87,-0.71,0.636,68.04,8.20,41.91,F
,1661061,1136,0,1797,-0.019,-0.677,0.91,22.26,64.51,-19.96,F
,1661081,1135,0,1913,0.10,-0.62,0.856,8.39,57.59,-29.32,F
,1661091,1139,0,1762,-0024,-0.31,0.861,1.98,51.35,-34.97,F
,166114,1179,0,1907,0.68,-0.63,0.737,-1.45,3.13,-4879,F
,1661161,1172,0,1719,0.16,-0.57,0.704,-11.04,4.91,-49.03,F
,1661181,1168,0,1799,0.98,-0.60,0.738,-37.00,.65,-6703,F
,1661211,1255,0,1788,0.248,-0.62,0.772,-26.35,3.16,-69.40,F
,1661281,1139,0,1813,0.068,-0.43,1.507,-49.73,6.52,-4.13,F
,166132,1123,0,1673,0.84,-0.47,1.701,-1.91,2.38,-6.82,F
,1661431,1114,0,1885,0.147,-0.41,1.033,6.39,-1.44,27.9,F
,1661461,1107,0,1667,0.51,-0.56,1.081,13.84,-4.27,2538,F
,1661481,1119,0,1950,0.169,-0.53,1.009,21.10,-1.63,2996,F
,1661601,1088,0,1865,-0024,-0.35,0.766,45.33,-32.53,38.26,F
,166162,1067,0,1903,-0.042,-0.551,0.62,65.20,32.27,37.76,F
,1661711,886,0,1794,0.067,-0.61,0.251,41.36,2646,14.49,F
,1661731,896,0,984,0.043,-0.635,0.304,9.95,3593,11.27,F
,1661791,921,0,1932,0.072,-0.608,0.527,4.81,45.61,-14.29,F
,1661801,935,0,840,0.053,-0.611,0.571,7.07,4729,-16.73,F
,1661811,924,0,1812,0.031,-0.548,0.581,3.69,51.01,-17.9,F
,1661841,927,0,1754,-0.013,-0.51,0.717,-24.19,0.89,-2.34,F
,166188,959,0,1568,0.019,-0.63,0.813,-13.19,4.74,-38.39,F
,1661911,989,0,1829,0.013,-0.58,0.773,4.29,56.4,-42.18,F
,1661931,976,0,1819,0.024,-0.56,0.776,5.34,73.7,-38.29,F
,1661951,970,0,841,-0.029,-0.50,0.813,-1.96,7.94,-40.35,F
,1662051,1118,0,1645,0.222,-0.56,1.002,-68.22,1.42,-60.06,F
,166212,1043,0,1947,0.15,-0.53,1.635,-12.49,9.49,-38.68,F
,166235,1010,0,2128,0.079,-0.34,0.935,44.67,-4.35,33.96,F
,1662481,976,0,921,0.065,-0.33,0.548,95.13,-219,81.27,F
,1662491,944,0,745,0.098,-0.36,0.528,94.03,1.8,80.28,F
,166251,887,0,1942,0.087,-0.382,0.487,3.33,7.20,79.85,F
,1662531,849,0,1971,0.16,-0.443,0.487,8.59,-6.16,71.8,F
,1662551,814,0,1825,0.131,-0.484,0.525,4.32,-4.79,69.41,F
,166258,905,0,1905,0.161,-0.52,0.512,69.45,2791,67.44,F
,1662591,901,0,1872,0.129,-0.571,0.583,2.49,3834,71.52,F
,1662621,928,0,840,0.093,-0.46,0.660,70.38,6040,56.97,F
,166263,922,0,1751,0.067,-0.435,0.706,63.08,7176,56.89,F
,1662641,923,0,1827,0.083,-0.439,0.776,9.42,71.71,51.2,F
,1662701,957,0,806,0.010,-0.45,0.967,8.58,36.54,22.05,F
,1662711,955,0,733,0.107,-0.447,0.908,6.42,3887,18.66,F
,1662731,959,0,799,0.113,-0.413,0.888,5.72,5825,20.94,F
,1662741,967,0,1825,-0.005,-0.37,0.918,38.10,7.26,21.87,F
,1662761,976,0,1844,-0.027,-0.326,0.860,19.75,5.03,20.00,F
,1662771,967,0,975,0.012,-0.36,0.857,.89,48.89,14.07,F
,1662791,954,0,905,0.011,-0.38,0.831,15.03,31.20,-1.9,F
,1662801,944,0,2149,0.007,-0.39,0.812,15.85,22.23,-5.8,F
,1662871,1062,0,1833,0.101,-0.56,0.888,-45.29,.29,-7.38,F
,1663011,715,0,795,-0.099,-0.47,1.797,16.27,1.52,21.17,F
,1663031,624,0,843,-0.073,-0.39,1.528,27.71,-0.84,22.72,F
,1663041,629,0,535,-0.008,-0.38,1.544,23.40,-10.33,1886,F
,1663081,976,0,942,0.119,-0.26,1.147,8.33,-13.51,11.9,F
,166312,1019,0,1791,-0030,-0.404,1.14,22.88,-13.19,33.70,F
,1663131,1059,0,1602,-0.049,-0.422,1.12,19.33,-19.19,3.39,F
,166315,1051,0,1869,-0.018,-0.401,1.10,15.17,-19.77,34.04,F
,1663161,1063,0,1795,-0.007,-0.94,1.115,17.33,17.16,33.33,F
,1663221,1097,0,1709,-0.090,-0.98,1.053,3.22,-.90,32.39,F
,1663231,1089,0,1985,-0077,-0.420,1.04,4.03,-8.58,27.6,F
,1663271,1023,0,1778,-0188,-0.415,0.98,49.94,26.18,18.08,F
,1663351,967,0,821,-0.032,-0.39,0.474,65.52,106,5.04,F
,1663441,865,0,1811,0.09,-0.39,0.602,13.48,2329,-10.83,F
,166346,831,0,1990,0.03,-0.38,0.640,23.45,3568,-14.80,F
,1663471,831,0,1882,0.015,-0.38,0.625,26.24,53.99,-14.47,F
,1663521,832,0,1887,-0.05,-0.31,0.844,-17.13,3.07,-13.06,F
,166358,895,0,1955,-0.027,-0.34,0.938,7.62,5370,-40.91,F
,166360,898,0,1789,-0.099,-0.38,0.952,12.01,65.39,-34.41,F
,1663691,955,0,1881,-0.010,-0.31,0.810,-16.71,3.00,-44.29,F
,1663711,961,0,1646,0.09,-0.39,0.777,-17.29,2.73,-4129,F
,1663721,961,0,2026,0.035,-0.382,0.770,18.77,2.33,-3851,F
,1663751,974,0,782,0.078,-0.369,0.942,34.90,34.19,-37.02,F
,1663761,980,0,1808,0.030,-0.359,1.072,39.15,4.23,-3813,F
,1663811,1003,0,1483,-0.150,-0.340,1.61,-5.90,8.02,-309,F
,1663821,989,0,1953,-0.70,-0.39,1.666,3.22,6246,-0.73,F
,166383,991,0,1955,-0.181,-0.34,1.675,12.67,4.57,-0.36,F
,1663851,991,0,1683,-0.190,-0.29,1.690,17.20,1.33,-2.58,F
,1663891,985,0,1684,-0.37,-0.20,1.343,31.36,-.91,5.70,F
,166392,983,0,1839,0.012,-0.31,1.161,2.96,-10.67,8.46,F
,166394,960,0,1835,-0.059,-0.36,1.124,38.87,-0.88,10.78,F
,1663951,960,0,2033,-0.26,-0.35,1.088,32.06,-1.26,13.00,F
,166400,953,0,1631,-0.044,-0.33,1.125,41.17,-7.51,24.40,F
,1664041,982,0,1809,-0.054,-0.25,1.068,37.23,-6.71,30.11,F
,166405,979,0,1766,-0.070,-0.24,1.090,32.76,-6.39,3083,F
,1664141,978,0,866,-0.143,-0.38,0.940,53.58,-0.39,2616,F
,1664191,973,0,927,-0.108,-0.32,0.708,52.75,-6.10,1268,F
,166427,944,0,1947,-0.54,-0.32,0.639,35.91,2.03,3.3,F
,166432,896,0,1883,-0.79,-0.23,0.769,26.41,4.42,-6.7,F
,166433,882,0,1762,-0.87,-0.26,0.814,17.54,4.13,-7.28,F
,1664391,897,0,1904,-0.84,-0.22,0.883,18.47,4.50,-1401,F
,1664401,888,0,1757,-0.098,-0.25,0.940,9.89,4529,-19.1,F
,1664411,882,0,1945,-0.63,-0.28,0.937,10.62,3.25,-2131,F
,166442,919,0,1899,-0.50,-0.24,0.915,15.86,3.42,-21.67,F
,166443,921,0,1803,-0.114,-0.24,0.901,10.30,2.64,-2236,F
,1664481,908,0,130,-0.066,-0.32,0.885,-9.82,3.77,-22.93,F
,1664651,923,0,2017,-0.27,-0.24,1.371,-20.67,0.16,-21.60,F
,1664671,912,0,1883,-0.215,-0.25,1.573,-13.59,0.54,-1.53,F
,1664761,930,0,904,-0.078,-0.18,1.310,33.05,-8.80,3.73,F
,1664801,944,0,1679,-0.058,-0.29,1.176,32.20,-6.84,9.6,F
,1664871,951,0,877,-0.118,-0.23,1.137,36.73,-7.92,2454,F
,1664981,987,0,626,-0.106,-0.29,0.971,41.20,-8.68,29.32,F
,166501,961,0,1877,-0.092,-0.21,0.868,47.69,-1.43,2411,F
,1665111,891,0,857,-0.031,-0.32,0.545,19.37,640,3.33,F
,1665321,880,0,1904,-0.063,-0.26,0.896,-12.25,3.81,-23.23,F
,1665401,933,0,1783,0.03,-0.31,0.886,-26.93,1.13,-28.33,F
,166541,946,0,1728,0.050,-0.328,0.914,24.55,1.97,-28.94,F
,1665441,981,0,741,0.013,-0.33,0.985,-17.21,3.52,-2845,F
,166546,973,0,2093,-0.022,-0.329,1.057,-20.90,3.73,-2.86,F
,1665511,884,0,856,-0.189,-0.21,1.526,-21.30,9.35,-847,F
,1665521,887,0,602,-0.227,-0.26,1.579,-10.40,3.39,-5.51,F
,166553,885,0,1749,-0.40,-0.27,1.620,-1.21,2.02,-4.71,F
,1665551,897,0,1981,-0.228,-0.22,1.610,18.39,1.19,-4.04,F
,1665601,931,0,1909,-0.089,-0.26,1.272,32.03,-2.03,5.84,F
,1665621,928,0,914,-0.100,-0.23,1.199,33.49,-1.95,4.7,F
,1665631,921,0,904,-0.077,-0.25,1.160,34.13,-0.39,7.52,F
,1665661,959,0,1535,-0.076,-0.21,1.122,31.22,-8.87,16.31,F
,1665671,960,0,907,-0.085,-0.21,1.227,29.75,-5.83,15.82,F
,1665681,965,0,1999,-0.099,-0.21,1.206,28.81,-3.92,18.86,F
,1665711,961,0,735,-0.083,-0.22,1.203,41.39,-9.17,33.12,F
,1665751,976,0,904,-0.072,-0.21,1.108,30.79,-2.56,32.83,F
,1665771,993,0,618,-0.098,-0.27,1.092,31.43,-1.14,34.40,F
,1665781,962,0,1893,-0.086,-0.25,1.057,30.85,-8.58,34.81,F
,1665791,965,0,695,-0.098,-0.24,1.075,30.79,-4.27,34.60,F
,1665841,970,0,1637,-0.120,-0.27,0.957,49.43,-5.08,31.20,F
,1665861,962,0,968,-0.094,-0.36,0.844,64.96,-17.83,2600,F
,1665901,857,0,847,-0.049,-0.28,0.638,54.81,-1.43,17.41,F
,166592,807,0,1793,-0.010,-0.24,0.591,34.32,-4.35,9.17,F
,1665941,686,0,890,0.031,-0.29,0.563,23.74,-1.24,3.06,F
,1665951,589,0,1940,0.054,-0.31,0.539,21.31,-2.62,2.23,F
,1665961,622,0,775,0.054,-0.30,0.505,20.45,7.9,0.98,F
,1665971,651,0,863,0.045,-0.30,0.529,21.49,1687,0.00,F
,1665981,663,0,998,0.034,-0.297,0.546,4.18,22.49,-1.20,F
,1665991,630,0,2055,0.05,-0.296,0.583,26.62,2645,-4.77,F
,1666001,576,0,1905,0.033,-0.25,0.663,26.18,2410,-10.01,F
,1666011,599,0,691,0.002,-0.22,0.638,7.72,30.95,-11.4,F
,1666021,609,0,776,0.019,-0.20,0.639,0.85,37.91,-14.4,F
,1666031,394,0,886,-0.035,-0.13,0.730,12.55,4.58,-16.62,F
,1666041,405,0,727,0.009,-0.18,0.766,.47,41.94,-18.9,F
,1666061,256,0,1905,-0.063,-0.14,0.892,-9.64,4.10,-1945,F
,1666081,249,0,1946,-0.83,-0.22,0.914,-12.19,46.95,-1.93,F
,1666091,333,0,1789,-0.080,-0.22,0.947,-9.79,46.95,-1416,F
,166614,482,0,1805,-0.040,-0.21,0.984,-3.24,2.51,-2080,F
,1666161,769,0,1725,-0.043,-0.23,0.969,-12.45,30.97,-2.06,F
,166617,843,0,1808,-0.050,-0.20,0.944,-17.45,31.50,-18.80,F
,1666181,802,0,1792,-0.10,-0.266,0.962,-17.36,0.26,-19.55,F
,166620,862,0,1669,0.035,-0.26,0.927,-16.92,2.07,-23.45,F
,1666211,877,0,2134,0.038,-0.284,0.916,16.03,19.45,-26.03,F
,1666231,875,0,997,0.076,-0.28,0.842,11.19,9.73,-33.7,F
,1666241,885,0,1926,0.085,-0.28,0.815,-12.32,570,-33.90,F
,1666251,898,0,1744,0.04,-0.270,0.801,15.48,7.41,-33.3,F
,1666261,902,0,877,0.084,-0.24,0.849,25.35,11.91,-3400,F
,1666281,927,0,1984,0.054,-0.27,0.921,-37.79,1.30,-32.15,F
,1666291,927,0,2066,0.01,-0.303,0.961,-43.35,2.94,-30.59,F
,1666301,930,0,1813,0.057,-0.33,1.031,41.00,31.96,-29.34,F
,1666311,928,0,1328,0.057,-0.30,1.143,-37.70,37.67,-2722,F
,1666331,925,0,272,0.023,-0.340,1.186,19.50,47.35,-20.68,F
,166642,926,0,1749,-0.116,-0.18,1.613,16.94,1.48,5.36,F
,1666441,926,0,1751,-0.82,-0.11,1.430,27.04,-.72,10.75,F
,1666461,971,0,2064,-0.28,-0.162,1.316,27.97,-4.48,14.10,F
,1666531,975,0,1910,0.013,-0.20,1.179,3.20,-15.08,26.55,F
,1666541,983,0,2322,0.00,-0.20,1.144,29.62,-1.06,26.29,F
,1666551,990,0,1911,-0.31,-0.217,1.128,37.22,-13.19,31.94,F
,166663,941,0,1659,-0.056,-0.23,0.957,31.11,-0.82,44.36,F
,1666661,919,0,1936,0.037,-0.25,0.783,44.65,-8.56,40.48,F
,1666671,914,0,1851,-0.003,-0.29,0.762,47.77,-.54,38.40,F
,1666691,896,0,1749,0.000,-0.28,0.682,49.16,12.77,32.04,F
,166670,853,0,2073,-0.007,-0.28,0.640,44.55,19.24,29.71,F
,1666721,558,0,2014,-0.020,-0.20,0.617,32.55,1.58,25.32,F
,1666741,454,0,1866,-0.28,-0.33,0.594,11.42,22.84,15.99,F
,1666791,807,0,1840,-0.70,-0.32,0.572,25.37,4.00,8.92,F
,1666801,846,0,1825,-0.63,-0.39,0.588,26.96,51.10,4.25,F
,166682,848,0,1846,-0.127,-0.28,0.685,27.22,55.03,-1.95,F
,1666851,859,0,980,-0.49,-0.26,0.762,0.91,6741,-5.46,F
,1666861,859,0,1795,-0.67,-0.274,0.804,-5.62,6.55,-5.89,F
,1666871,859,0,777,-0.64,-0.287,0.855,-6.67,65.58,-7.02,F
,166689,877,0,1831,-0.171,-0.30,0.905,-0.03,6.05,-12.65,F
,1667001,950,0,686,-0.11,-0.20,1.043,-7.96,4.83,-22.12,F
,1667041,954,0,1979,-0.13,-0.39,1.077,-14.63,45.23,-24.47,F
,166711,1040,0,1950,-0178,-0.73,0.869,-1.19,23.20,-36.47,F
,166721,1001,0,1843,-0.354,-0.33,1.47,14.06,5.99,-4.27,F
,166729,1040,0,1826,-0236,-0.163,1.15,36.18,-11.64,16.07,F
,166730,1041,0,1998,-0.254,-0.64,1.11,38.33,12.71,15.04,F
,166732,1039,0,1828,-0.289,-0.54,1.07,38.06,16.07,17.88,F
,1667331,1043,0,1887,-0.295,-0.54,1.08,30.07,21.37,16.74,F
,1667351,1037,0,1616,-0273,-0.98,1.100,30.44,-23.11,14.87,F
,1667401,1037,0,1909,-0383,-0.57,1.129,55.77,-14.18,18.77,F
,166742,1040,0,1818,-0.324,-0.30,1.110,47.60,-20.13,1.87,F
,1667461,1045,0,1797,-0299,-0.17,1.069,51.43,-17.35,23.18,F
,1667521,1039,0,1911,-0291,-0.174,1.091,49.48,-15.26,2.74,F
,1667621,869,0,933,-0.90,-0.24,0.587,23.10,-0.29,7.90,F
,1667681,838,0,760,-0.94,-0.258,0.549,24.41,15.93,-1.1,F
,1667711,845,0,1856,-0.082,-0.25,0.625,18.73,21.99,-12.73,F
,166775,848,0,1971,-0.131,-0.10,0.772,-6.11,33.10,-2430,F
,1667791,815,0,767,-0.25,-0.20,0.979,-22.66,44.68,-2.70,F
,166781,820,0,1902,-0.166,-0.13,1.014,-17.07,41.38,-25.14,F
,1667841,577,0,1585,-0.57,-0.12,1.030,-7.30,20.11,-31.84,F
,1667871,847,0,716,-0.85,-0.12,1.007,-13.68,8.25,-29.23,F
,1667881,857,0,828,-0.76,-0.19,0.993,-17.50,5.99,-2958,F
,166792,939,0,1947,0.020,-0.16,0.839,-6.60,1.71,-29.9,F
,1667931,930,0,1840,0.028,-0.17,0.805,7.12,-1.06,-28.7,F
,166794,944,0,1950,0.052,-0.17,0.810,12.80,-5.13,-3299,F
,1667951,949,0,2023,0.05,-0.165,0.786,20.19,-.03,-34.16,F
,1667981,954,0,1936,0.03,-0.19,0.878,-40.90,3.07,-31.57,F
,1668081,893,0,232,-0.41,-0.16,1.752,-13.38,6.58,22.7,F
,1668191,945,0,1939,-0.037,-0.23,1.118,23.57,-36.48,3536,F
,166825,942,0,1966,-0.110,-0.29,1.158,20.73,-21.64,4529,F
,1668331,965,0,1616,-0.155,-0.27,1.062,23.89,-18.76,3758,F
,1668391,893,0,777,-0.78,-0.27,0.773,60.00,-41.38,2036,F
,1668441,196,0,2060,0.07,-0.195,0.466,4.53,-597,11.15,F
,1668461,67,0,102,-0.00,-0.18,0.479,20.04,9.68,5.23,F
,166849,59,0,1743,-0.08,-0.299,0.530,.52,11.09,-7.03,F
,166850,58,0,1821,-0.062,-0.34,0.587,9.02,15.53,-5.52,F
,1668511,58,0,120,-0.08,-0.357,0.595,1.05,21.15,-5.23,F
,1668561,165,0,1638,-0.152,-0.17,0.771,4.38,63.65,-7.3,F
,1668581,59,0,1965,-0.064,-0.27,0.872,-31.50,57.58,-15.13,F
,1668641,36,0,104,-0.11,-0.30,1.026,-9.67,46.23,-21.8,F
,166867,549,0,1825,-0.074,-0.31,0.978,-9.93,4.56,-24.35,F
,1668701,845,0,744,0.07,-0.31,0.904,-11.48,3.32,-36.13,F
,1668711,868,0,1728,0.012,-0.30,0.850,-15.84,26.81,-39.28,F
,1668891,912,0,1842,-0.45,-0.10,1.467,8.87,38.16,-7.7,F
,1668931,944,0,761,-0.177,-0.11,1.317,18.99,12.13,1.59,F
,1668991,957,0,1859,-0.091,-0.14,1.124,30.35,-.24,14.05,F
,166900,957,0,1701,-0.076,-0.22,1.118,28.93,-2.36,15.61,F
,1669051,961,0,1932,-0.94,-0.22,1.149,37.00,0.23,26.72,F
,1669091,959,0,2024,-0.070,-0.23,1.137,32.56,-6.01,28.07,F
,1669101,955,0,1884,-0.070,-0.23,1.112,34.71,-5.97,31.17,F
,1669151,967,0,1921,-0.135,-0.18,1.174,32.71,3.87,34.89,F
,1669181,935,0,860,-0.216,-0.21,1.205,19.97,-.97,32.87,F
,166922,1021,0,1717,-0251,-0.243,1.15,52.91,-16.91,2.29,F
,166928,963,0,1879,-0.95,-0.217,0.678,58.27,-5.55,19.67,F
,166930,933,0,1818,-0.96,-0.27,0.531,50.94,-16.10,12.20,F
,1669311,913,0,1890,-0.69,-0.28,0.514,42.18,-6.97,8.40,F
,166939,693,0,1919,-0.49,-0.21,0.581,11.78,35.64,-6.3,F
,1669401,691,0,1876,-0.78,-0.25,0.637,7.11,43.27,-6.8,F
,1669491,820,0,1877,-0.25,-0.22,1.032,-14.48,37.62,-26.51,F
,1669571,855,0,1920,-0.11,-0.273,0.943,-24.58,0.69,-36.00,F
,1669601,939,0,826,-0.123,-0.34,0.864,-1.51,2.44,-34.15,F
,1669611,947,0,093,-0.104,-0.29,0.855,-7.85,1.22,-34.25,F
,1669621,978,0,847,-0.037,-0.24,0.784,-8.98,14.00,-37.64,F
,166971,947,0,1822,-0.24,-0.17,1.355,-27.85,1.07,-13.46,F
,1669721,949,0,936,-0.254,-0.17,1.463,-18.74,9.58,-8.73,F
,1669751,941,0,789,-0.294,-0.12,1.588,-1.35,24.16,-4.36,F
,1669811,933,0,840,-0.132,-0.10,1.316,26.55,-4.85,10.91,F
,166983,958,0,1882,-0.99,-0.13,1.228,35.25,-12.21,14.43,F
,1669901,967,0,1723,-0.14,-0.235,1.146,23.31,-15.03,29.20,F
,1669961,1034,0,1906,-0084,-0.232,1.15,49.77,-23.22,28.04,F
,166999,1023,0,1783,-0074,-0.241,1.17,31.33,-16.33,28.51,F
,167000,1033,0,1781,-0146,-0.224,1.15,30.00,-12.87,29.06,F
,167001,1023,0,2018,-0130,-0.242,1.13,26.03,-14.82,28.31,F
,1670041,1017,0,1886,-0168,-0.253,1.03,38.04,-21.46,24.66,F
,1670051,1008,0,1815,-0122,-0.236,0.984,42.87,-25.38,2.71,F
,1670071,976,0,905,-0.094,-0.29,0.870,47.68,-34.19,1863,F
,1670151,913,0,1903,-0.056,-0.33,0.604,21.62,12.71,15.6,F
,1670231,689,0,939,-0.082,-0.22,0.768,5.16,32.03,-0.9,F
,1670241,669,0,609,-0.043,-0.22,0.669,-28.14,8.52,-1.55,F
,1670281,833,0,742,-0.137,-0.28,0.882,-4.77,34.80,-1302,F
,1670291,879,0,998,-0.118,-0.26,0.890,-5.42,34.16,-15.42,F
,1670301,878,0,1749,-0.115,-0.26,0.917,-5.85,33.30,-17.51,F
,1670331,880,0,854,-0.104,-0.21,0.937,-7.42,33.24,-1818,F
,1670421,851,0,786,-0.006,-0.24,0.848,-10.11,22.29,-33.46,F
,1670431,915,0,1840,-0.005,-0.20,0.825,-14.74,21.04,-3.37,F
,1670461,921,0,1796,0.015,-0.30,0.830,24.20,1.60,-35.60,F
,1670471,930,0,760,0.01,-0.285,0.844,23.32,1.68,-34.87,F
,1670481,982,0,1874,0.04,-0.28,0.839,-19.18,19.21,-3401,F
,1670501,981,0,1856,0.07,-0.220,0.851,20.96,26.60,-3679,F
,1670561,891,0,1740,-0.193,-0.29,1.431,-35.01,33.12,-7.72,F
,167061,912,0,1851,-0.229,-0.11,1.633,18.04,26.36,6.20,F
,1670651,914,0,2209,-0.07,-0.10,1.338,26.93,-2.91,17.33,F
,167066,912,0,1821,-0.107,-0.11,1.286,30.62,-8.85,19.64,F
,167069,917,0,1747,-0.056,-0.16,1.189,28.76,-8.68,29.38,F
,1670741,932,0,727,-0.64,-0.21,1.170,27.17,-5.89,41.47,F
,1670781,953,0,1965,-0.28,-0.22,1.116,24.30,-10.21,4058,F
,1670801,952,0,2229,-0.04,-0.21,1.130,28.61,-3.25,42.75,F
,167085,945,0,1813,-0.160,-0.24,1.125,25.97,-8.27,39.0,F
,167086,923,0,1925,-0.207,-0.21,1.133,26.56,-11.26,4028,F
,167089,941,0,1702,-0.238,-0.27,1.130,39.26,-18.80,4240,F
,1670921,944,0,1584,-0.272,-0.20,0.989,47.11,-17.69,36.72,F
,1671021,884,0,975,0.03,-0.282,0.462,7.43,-2.20,-4.64,F
,1671041,838,0,775,-0.02,-0.24,0.462,29.52,-11.32,-8.62,F
,167111,874,0,1718,-0.029,-0.23,0.645,6.30,32.43,-17.31,F
,167115,897,0,1888,-0.153,-0.13,0.852,-30.19,46.20,-1.24,F
,1671201,923,0,1731,-0.42,-0.25,1.026,-13.24,-3.26,-34.82,F
,1671231,979,0,1839,-0.16,-0.199,0.888,-5.99,11.29,-2687,F
,1671381,1221,0,1598,0.010,-0.14,1.040,-43.00,46.78,-19.49,F
,1671411,1151,0,1687,-0082,-0.243,1.58,-44.77,51.18,13.67,F
,167142,1104,0,2002,-0.052,-0.73,1.717,-31.00,45.76,19.99,F
,1671451,1018,0,1879,-0.088,-0.17,1.813,-2.16,33.91,28.95,F
,1671521,1040,0,1756,0.151,-0.41,1.395,23.08,-13.38,28.98,F
,1671571,1056,0,1811,0.082,-0.33,1.319,21.97,-26.82,15.55,F
,1671611,1063,0,1909,0.004,-0.42,1.292,11.34,-16.61,24.13,F
,167164,1051,0,1900,-0.104,-0.58,1.148,13.17,-12.82,2.46,F
,167165,1062,0,1981,-0104,-0.452,1.09,3.84,-2.56,19.26,F
,1671781,1023,0,2035,-0048,-0.353,0.44,12.41,-7.40,-31.71,F
,1671801,999,0,002,-0.019,-0.37,0.378,-8.69,330,-41.42,F
,1671841,988,0,1849,-0.084,-0.39,0.389,-30.37,2.29,-56.30,F
,1671861,976,0,1655,-0.155,-0.30,0.487,-27.45,0.28,-46.88,F
,167188,976,0,1915,-0.169,-0.36,0.527,-29.82,28.23,-37.03,F
,1671961,1037,0,1927,-0114,-0.438,0.72,-16.49,32.07,-3.00,F
,167198,1051,0,1839,-0063,-0.388,0.71,-4.46,39.55,-2.42,F
,1672091,1163,0,1806,0.120,-0.56,0.791,-9.88,4.55,-44.70,F
,167211,1216,0,1869,0.155,-0.51,0.744,-27.25,5.42,-55.11,F
,167212,1215,0,1862,0.146,-0.51,0.752,-39.79,27.71,-59.61,F
,167221,1256,0,1936,0.111,-0.40,1.482,-39.88,5.45,-40.24,F
,167222,1238,0,1734,0.067,-0.41,1.618,-35.51,1.70,-29.80,F
,167223,1237,0,1726,0.076,-0.47,1.750,-24.05,63.93,-2.03,F
,1672301,1129,0,1921,0.231,-0.47,1.391,28.26,1.49,-1.77,F
,1672361,1110,0,1731,0.191,-0.30,1.111,38.21,527,15.36,F
,1672401,1107,0,1904,0.195,-0.41,1.082,34.71,-1.67,21.85,F
,167248,1130,0,1969,0.167,-0.51,1.056,31.95,-2.35,22.95,F
,167254,1134,0,1808,0.072,-0.46,0.922,31.74,-9.11,25.00,F
,167255,1088,0,1891,0.046,-0.40,0.876,34.53,-10.90,23.07,F
,1672691,1193,0,1795,0.083,-0.40,0.347,18.58,-5.35,-5.83,F
,1672911,1211,0,1697,0.149,-0.55,0.781,-35.19,20.65,-2.27,F
,1672921,1237,0,1872,0.184,-0.52,0.788,-35.41,16.46,-3.58,F
,1672971,1293,0,1855,0.215,-0.45,0.663,-35.88,46.86,-2.25,F
,1673001,1344,0,2098,0.281,-0.40,0.769,-52.45,34.22,-3.39,F
,1673021,1360,0,1941,0.30,-0.45,0.996,-44.77,43.52,-2.99,F
,1673041,1267,0,2115,0.180,-0.40,1.326,-37.45,62.07,2.80,F
,167308,1248,0,1839,0.45,-0.42,1.894,-16.98,37.00,8.0,F
,1673151,1258,0,1813,0.348,-0.40,1.388,35.52,-6.00,32.71,F
,1673181,1263,0,1763,0.308,-0.58,1.248,44.85,-12.58,3448,F
,1673281,1223,0,1856,0.153,-0.66,1.129,35.33,-29.31,39.64,F
,1673331,1246,0,1808,0.152,-0.72,0.937,33.80,-92.77,-395,F
,1673371,1263,0,1904,0.170,-0.62,0.696,53.55,-38.15,6.68,F
,1673391,1235,0,1828,0.170,-0.64,0.575,26.03,-25.98,9.8,F
,1673421,1210,0,1744,0.121,-0.64,0.481,-25.39,-35.77,-.86,F
,167343,1170,0,1815,0.28,-0.67,0.439,-36.66,-42.65,-6.01,F
,1673581,925,0,1679,0.03,-0.520,0.535,39.53,2.00,-16.62,F
,1673591,880,0,1851,0.18,-0.534,0.575,33.50,2.36,-16.48,F
,1673611,925,0,911,0.104,-0.51,0.605,-25.91,19.30,-1833,F
,1673641,971,0,1766,0.147,-0.47,0.583,-27.67,25.06,-17.55,F
,1673711,1045,0,1760,0.270,-0.50,0.690,-30.58,32.80,-1.66,F
,1673781,1082,0,1908,0.328,-0.68,0.621,-19.55,47.26,-13.28,F
,1673881,1259,0,2082,0.419,-0.69,0.866,-33.42,46.31,-22.12,F
,1673921,1109,0,1535,0.296,-0.65,1.410,-33.33,48.54,5.26,F
,1673931,1128,0,1997,0.283,-0.72,1.468,-20.71,39.20,5.13,F
,167394,1136,0,1725,0.27,-0.62,1.482,-5.44,31.67,2.58,F
,1673961,1137,0,1909,0.380,-0.60,1.396,21.68,21.32,-1.71,F
,1673981,1130,0,1938,0.452,-0.65,1.110,31.94,19.85,5.09,F
,167399,1137,0,1751,0.485,-0.63,1.095,26.39,10.80,2.8,F
,1674011,1142,0,1965,0.491,-0.65,0.989,31.04,3.03,5.73,F
,1674051,1139,0,1936,0.434,-0.67,0.877,33.16,-1.03,11.1,F
,1674061,1122,0,1507,0.381,-0.55,0.876,30.12,-4.29,14.8,F
,1674071,1122,0,1802,0.368,-0.58,0.899,25.92,-8.26,18.92,F
,1674131,1139,0,1840,0.434,-0.59,0.856,38.65,-19.52,25.17,F
,1674181,1141,0,1895,0.277,-0.53,0.903,19.34,-23.46,37.33,F
,1674211,1148,0,1870,0.305,-0.54,1.085,20.38,-35.40,2825,F
,1674221,1145,0,1934,0.262,-0.68,1.022,29.55,-45.13,33.56,F
,167435,1147,0,1616,0.292,-0.70,0.126,50.06,-15.90,24.05,F
,167446,1214,0,1682,0.256,-0.66,0.390,-19.19,35.70,-4.48,F
,167452,1186,0,1699,0.200,-0.76,0.661,-15.10,31.26,1.50,F
,1674541,1186,0,1970,0.180,-0.72,0.651,3.89,37.93,1.56,F
,1674571,1206,0,2064,0.77,-0.77,0.596,-8.31,38.89,-3.14,F
,1674671,1343,0,1914,0.375,-0.74,0.536,-32.46,28.60,-16.09,F
,1674691,1421,0,1970,0.384,-0.74,0.586,-35.44,23.94,-23.92,F
,1674741,1460,0,1906,0.304,-0.77,1.252,-11.82,59.44,-187,F
,167481,1337,0,1773,0.425,-0.64,1.249,18.52,22.58,2.2,F
,1674821,1303,0,1878,0.354,-0.70,1.059,20.78,32.25,9.4,F
,167483,1297,0,1202,0.431,-0.77,1.029,14.53,1.59,1.96,F
,167485,1263,0,2026,0.347,-0.71,0.942,30.30,1.77,-2.62,F
,1674881,1280,0,1983,0.383,-0.63,0.838,38.70,6.63,-0.58,F
,167491,1270,0,1776,0.282,-0.63,0.762,31.75,8.83,11.29,F
,1674921,1265,0,1710,0.250,-0.66,0.780,28.29,619,19.01,F
,1674941,1211,0,2027,0.79,-0.62,0.767,13.08,-7.89,22.8,F
,1674971,1199,0,1834,0.332,-0.61,0.790,15.92,-4.94,15.93,F
,1675031,1185,0,1821,0.236,-0.67,0.820,21.71,-12.76,28.07,F
,167508,1182,0,1761,0.213,-0.64,0.796,13.04,-17.69,18.80,F
,1675101,1168,0,1865,0.39,-0.689,0.800,21.48,-3.72,21.65,F
,167515,1104,0,1814,0.055,-0.79,0.592,60.88,065,31.50,F
,167516,1062,0,1968,-0.029,-0.28,0.542,74.84,-4.10,3268,F
,1675211,912,0,1904,0.135,-0.62,0.131,98.24,-4.36,31.91,F
,1675221,878,0,1987,0.20,-0.610,0.060,7.57,-6.80,24.28,F
,1675281,855,0,756,0.224,-0.79,0.164,-2.52,-731,-2.38,F
,1675321,933,0,957,0.209,-0.71,0.317,31.13,3063,-1.66,F
,1675371,898,0,1925,0.17,-0.759,0.631,-14.42,38.58,-12.65,F
,1675381,902,0,1645,0.12,-0.800,0.664,17.39,30.77,-15.28,F
,1675391,944,0,1920,0.19,-0.786,0.689,12.55,23.73,-1642,F
,1675401,985,0,1765,0.174,-0.78,0.719,-3.36,18.51,-17.57,F
,167543,1010,0,1829,0.49,-0.779,0.683,14.55,20.51,-26.91,F
,1675501,1097,0,2288,0.339,-0.70,0.539,-24.05,2.54,-32.83,F
,1675541,1138,0,1875,0.308,-0.76,0.521,-30.08,13.21,-49.16,F
,1675561,1142,0,1897,0.09,-0.794,0.654,-38.08,28.05,-40.04,F
,167564,1100,0,1989,0.283,-0.70,1.396,-28.71,26.94,-7.31,F
,1675691,1106,0,2081,0.432,-0.72,1.302,17.78,20.80,-5.16,F
,1675721,1106,0,1808,0.87,-0.692,1.088,24.36,13.42,0.75,F
,1675731,1100,0,1825,0.49,-0.677,1.046,26.91,5.35,1.27,F
,1675741,1102,0,1836,0.331,-0.63,1.020,30.67,-0.84,5.1,F
,167575,1104,0,1838,0.21,-0.636,0.978,33.34,-6.10,5.59,F
,1675761,1104,0,1904,0.65,-0.622,0.951,32.59,-9.52,7.53,F
,167579,1104,0,2118,0.59,-0.638,0.890,26.42,-0.58,19.47,F
,1675821,1091,0,1669,0.77,-0.635,0.904,18.39,-2.35,34.37,F
,1675861,1123,0,2017,0.317,-0.77,0.893,26.76,-38.74,2358,F
,167587,1122,0,1986,0.23,-0.711,0.879,32.90,-37.37,22.72,F
,1675891,1127,0,1765,0.72,-0.678,0.874,36.75,-3.60,26.49,F
,1675911,1127,0,1629,0.99,-0.789,0.937,56.94,-.86,27.21,F
,167597,1087,0,1839,0.38,-0.745,0.623,59.84,-31.13,20.43,F
,1675981,1076,0,1885,0.45,-0.741,0.546,68.24,-5.19,18.20,F
,167599,1066,0,1929,0.16,-0.718,0.478,74.18,-8.21,20.26,F
,167604,1018,0,1772,0.15,-0.628,0.142,55.83,025,23.32,F
,1676071,931,0,1796,0.12,-0.677,0.021,21.98,15.81,19.46,F
,1676121,924,0,676,0.188,-0.77,0.273,0.87,22.60,1.94,F
,167614,918,0,1935,0.16,-0.775,0.290,12.04,25.93,-0.10,F
,1676151,917,0,958,0.171,-0.74,0.347,.36,32.65,-1.29,F
,167616,931,0,1723,0.15,-0.747,0.395,-3.65,39.32,-0.10,F
,167619,994,0,1990,0.13,-0.788,0.554,-19.27,4.63,-0.70,F
,167622,999,0,1589,0.16,-0.83,0.645,20.28,37.44,-13.22,F
,167624,1049,0,1863,0.69,-0.824,0.642,-13.53,33.32,-19.13,F
,1676301,1073,0,1682,0.55,-0.87,0.596,-29.32,39.24,-30.91,F
,167636,1098,0,1760,0.07,-0.788,0.651,-41.84,24.91,-36.29,F
,1676401,1133,0,1532,0.02,-0.743,0.908,-41.36,9.06,-34.27,F
,167648,1136,0,1801,0.86,-0.717,1.411,3.17,17.39,-25.38,F
,167649,1121,0,2010,0.02,-0.703,1.381,14.53,1.81,-24.77,F
,167651,1098,0,1790,0.90,-0.632,1.105,26.32,-.50,-18.82,F
,167659,1133,0,1709,0.96,-0.519,0.841,34.58,-32.62,0.25,F
,167669,1093,0,1872,0.50,-0.515,0.783,64.84,-9.43,22.57,F
,167671,1084,0,1775,0.40,-0.478,0.677,76.18,-44.90,29.36,F
,167675,1058,0,1867,0.49,-0.441,0.529,90.53,031,54.80,F
,1676761,1054,0,1839,0.94,-0.486,0.483,98.47,1.81,64.62,F
,1676771,1036,0,1793,0.16,-0.44,0.407,94.49,27.39,70.46,F
,1676791,980,0,1716,0.05,-0.519,0.316,95.39,43.64,86.3,F
,1676801,969,0,1911,0.02,-0.56,0.306,97.20,45.82,93.01,F
,1676811,963,0,1815,0.06,-0.615,0.294,102.93,43.67,98.54,F
,167682,961,0,785,0.077,-0.63,0.263,112.24,42.39,101.93,F
,167684,927,0,1798,0.19,-0.678,0.229,125.60,46.03,103.26,F
,1676851,863,0,906,0.158,-0.68,0.202,124.82,52.80,99.10,F
,167686,847,0,1793,0.13,-0.65,0.238,15.48,58.75,98.08,F
,1676871,799,0,850,0.150,-0.69,0.259,08.75,61.55,95.26,F
,1676881,794,0,1795,0.17,-0.70,0.271,6.20,62.23,89.3,F
,167689,804,0,1907,0.15,-0.717,0.296,75.86,64.37,85.33,F
,1676901,844,0,904,0.130,-0.77,0.357,9.77,58.52,78.13,F
,1676921,962,0,1744,0.19,-0.863,0.505,38.35,42.37,60.9,F
,1676931,982,0,771,0.114,-0.89,0.545,38.62,38.39,55.58,F
,167700,983,0,1968,0.02,-0.845,0.781,43.43,8465,6.81,F
,167701,995,0,1850,0.09,-0.816,0.800,38.96,74.62,4.86,F
,1677021,993,0,943,0.030,-0.80,0.813,7.22,62.20,-1.51,F
,167703,1008,0,1894,0.31,-0.81,0.840,11.43,4.49,-11.19,F
,167705,1010,0,1631,0.34,-0.83,0.885,-1.06,23.55,-27.67,F
,1677071,1023,0,1806,0.68,-0.803,0.856,-5.88,20.78,-3461,F
,1677101,1045,0,1558,0.58,-0.883,0.791,6.61,40.58,-35.67,F
,1677161,1072,0,1969,0.05,-0.699,0.616,-31.97,4.01,-69.57,F
,1677201,1085,0,2098,0.01,-0.730,0.641,-34.43,18.87,-68.42,F
,1677211,1084,0,1807,0.99,-0.634,0.709,-34.81,2.42,-60.74,F
,167722,1088,0,1766,0.21,-0.617,0.811,-31.53,40.33,-5.65,F
,1677271,1071,0,1808,0.74,-0.542,1.521,-45.59,13.12,-34.16,F
,1677311,1023,0,1802,0.85,-0.538,1.854,5.63,39.01,10.65,F
,1677361,1110,0,1921,0.98,-0.563,1.336,30.76,-2.41,20.68,F
,167740,1080,0,1744,0.22,-0.585,1.042,43.29,-13.78,2981,F
,1677411,1077,0,1903,0.16,-0.557,1.009,37.87,-13.48,32.00,F
,1677431,1082,0,1744,0.62,-0.55,0.988,30.62,-4.00,35.73,F
,1677451,1042,0,1958,0.73,-0.604,0.981,33.62,-0.76,37.07,F
,1677461,1055,0,1718,0.65,-0.587,0.956,37.16,-35.29,36.23,F
,167751,1058,0,1775,0.43,-0.524,1.045,29.89,-23.71,4323,F
,1677541,1023,0,1601,0.55,-0.561,1.019,17.91,-15.87,47.67,F
,1677561,1023,0,1846,0.07,-0.595,0.985,23.62,-22.59,41.88,F
,1677621,1063,0,1838,-0019,-0.575,0.66,60.06,-44.21,27.06,F
,1677681,960,0,963,0.061,-0.59,0.274,75.91,-18.90,15.81,F
,1677691,905,0,781,0.061,-0.581,0.239,77.81,-8.21,17.85,F
,1677711,829,0,1929,0.16,-0.565,0.177,66.00,5.56,12.86,F
,1677741,782,0,1683,0.10,-0.60,0.227,20.44,1303,0.28,F
,1677791,775,0,748,0.021,-0.60,0.452,13.00,4671,4.31,F
,167780,781,0,702,0.043,-0.61,0.542,14.94,4829,2.54,F
,1677821,802,0,744,0.028,-0.57,0.615,10.42,5556,-5.37,F
,167784,847,0,636,0.048,-0.57,0.697,1.49,68.39,-9.75,F
,1677851,848,0,2039,0.06,-0.57,0.705,-3.58,6675,-11.46,F
,1677861,871,0,1968,0.106,-0.53,0.751,3.53,74.33,-16.6,F
,167787,885,0,837,-0.059,-0.56,0.858,-3.99,6.61,-14.79,F
,1677881,905,0,931,0.01,-0.600,0.794,-11.24,62.03,-19.23,F
,1677891,912,0,777,0.072,-0.60,0.838,-13.84,58.28,-2749,F
,1677931,927,0,1844,0.01,-0.61,0.739,6.13,41.3,-23.28,F
,1677961,961,0,1312,0.12,-0.54,0.655,-18.98,3.75,-29.05,F
,167798,976,0,041,0.253,-0.597,0.660,-50.25,25.32,-52.67,F
,1678001,994,0,830,0.212,-0.70,0.667,43.21,31.71,-43.05,F
,1678011,1005,0,1655,0.01,-0.62,0.729,-39.04,39.55,-2.17,F
,1678031,1062,0,2002,0.33,-0.61,1.024,-41.07,6.60,-19.40,F
,1678041,1066,0,2069,0.55,-0.62,1.124,-43.87,4.33,-17.42,F
,1678061,1074,0,1922,0.57,-0.658,1.420,-40.77,53.88,-14.04,F
,1678071,1077,0,1978,0.69,-0.628,1.552,-39.56,6.39,-12.94,F
,1678131,1070,0,1903,0.51,-0.623,1.762,17.23,21.13,-1665,F
,1678141,1088,0,1867,0.78,-0.57,1.647,35.02,12.83,-1290,F
,1678161,1100,0,1799,0.43,-0.58,1.360,31.72,185,-15.86,F
,1678221,1038,0,1474,0.03,-0.431,1.138,31.10,-29.54,-6.80,F
,1678311,1090,0,1803,-0027,-0.403,1.01,48.30,-34.38,17.30,F
,1678331,1072,0,1717,-0072,-0.412,0.976,43.08,-28.45,25.87,F
,1678401,1101,0,1984,-0083,-0.366,0.60,85.17,-18.71,3.08,F
,1678421,974,0,1879,-0.71,-0.337,0.561,92.10,-.32,37.13,F
,167843,961,0,740,-0.028,-0.39,0.463,85.31,0.52,39.2,F
,1678461,861,0,1938,-0.22,-0.46,0.334,77.57,30.10,54.9,F
,1678481,843,0,1983,0.02,-0.513,0.335,90.76,38.58,57.65,F
,1678491,837,0,1799,0.069,-0.49,0.352,100.65,45.73,58.8,F
,1678501,822,0,684,0.056,-0.47,0.367,103.45,60.10,60.2,F
,1678511,860,0,1602,0.09,-0.496,0.402,01.91,67.96,59.38,F
,1678521,879,0,1926,0.05,-0.480,0.386,5.57,75.76,54.9,F
,1678541,923,0,1939,0.15,-0.551,0.539,6.91,69.45,41.5,F
,1678561,937,0,851,0.062,-0.52,0.607,3.58,64.36,32.34,F
,167858,913,0,1712,0.12,-0.533,0.693,5.34,79.07,17.61,F
,1678621,944,0,751,-0.067,-0.52,0.955,36.78,73.53,-10.50,F
,1678651,944,0,064,-0.068,-0.52,0.950,32.29,6.79,-29.71,F
,167867,955,0,936,-0.106,-0.40,0.950,33.66,5.62,-39.51,F
,1678681,956,0,1792,-0.72,-0.439,0.927,29.97,54.92,-42.93,F
,1678701,949,0,1739,-0.57,-0.422,0.915,15.48,47.23,-49.83,F
,1678711,940,0,1981,-0.45,-0.422,0.888,6.56,41.00,-52.01,F
,1678721,942,0,493,-0.038,-0.40,0.877,1.74,34.66,-51.95,F
,167873,935,0,921,-0.048,-0.34,0.865,-4.60,30.66,-50.61,F
,1678741,933,0,644,0.008,-0.41,0.850,-10.16,27.94,-50.76,F
,1678761,922,0,1963,0.03,-0.452,0.862,15.30,19.99,-5406,F
,1678781,933,0,1578,0.03,-0.436,0.942,8.75,23.21,-58.7,F
,1678791,935,0,1945,0.07,-0.41,0.947,-5.19,28.83,-57.29,F
,167880,939,0,749,0.003,-0.40,0.926,-6.51,33.00,-55.05,F
,167881,976,0,1889,-0.07,-0.462,0.971,-14.92,36.10,-45.43,F
,1678831,976,0,1831,0.04,-0.365,0.949,-11.38,43.64,-38.70,F
,1678881,720,0,1841,-0.39,-0.337,1.356,-27.94,65.88,-40.30,F
,1678951,313,0,1802,-0.46,-0.212,1.643,18.27,1.02,-3.57,F
,1678961,320,0,825,-0.211,-0.12,1.614,23.40,987,4.05,F
,167898,326,0,870,-0.115,-0.21,1.436,17.28,-9.83,7.44,F
,1679011,387,0,819,-0.055,-0.25,1.305,30.41,-8.15,10.52,F
,1679021,361,0,1839,-0.36,-0.227,1.286,39.17,-30.22,18.11,F
,1679031,419,0,1829,-0.31,-0.205,1.226,42.64,-2.24,23.17,F
,1679041,415,0,1781,-0.24,-0.182,1.281,32.93,-15.55,26.86,F
,1679081,430,0,968,-0.073,-0.22,1.214,21.33,-6.67,36.65,F
,1679091,450,0,759,-0.073,-0.25,1.231,26.81,-23.95,4149,F
,1679111,501,0,815,-0.055,-0.22,1.184,33.20,-15.74,47.47,F
,1679141,496,0,711,-0.072,-0.29,1.108,13.00,-29.19,44.16,F
,1679151,493,0,2013,-0.08,-0.326,1.200,23.48,-31.13,50.84,F
,1679171,499,0,1801,-0.00,-0.295,1.262,27.16,-37.66,48.62,F
,1679181,500,0,1907,-0.78,-0.357,1.088,23.55,-9.16,45.39,F
,1679261,759,0,868,-0.176,-0.35,0.837,61.40,-23.46,34.78,F
,1679301,586,0,890,-0.103,-0.32,0.487,73.52,-1.16,18.74,F
,1679321,642,0,890,-0.004,-0.34,0.400,61.29,-34.61,6.0,F
,1679331,554,0,707,-0.025,-0.34,0.381,54.59,-28.65,0.8,F
,1679341,671,0,916,0.022,-0.30,0.372,44.27,-21.80,-2.2,F
,1679421,715,0,059,-0.051,-0.33,0.613,26.30,59.74,-4.70,F
,1679431,707,0,1823,0.02,-0.32,0.625,22.30,63.70,-8.99,F
,167947,724,0,1823,-0.24,-0.267,0.906,8.58,76.13,-17.23,F
,1679481,741,0,096,-0.043,-0.27,0.906,-2.32,79.70,-1993,F
,1679511,767,0,936,-0.110,-0.20,0.976,12.42,5.93,-24.48,F
,167956,875,0,1773,-0.97,-0.207,1.018,-0.09,5.64,-33.67,F
,1679591,877,0,742,-0.073,-0.23,1.023,-8.43,46.58,-31.60,F
,1679651,930,0,787,-0.076,-0.24,0.980,-7.00,46.52,-30.54,F
,1679661,937,0,587,-0.113,-0.23,0.985,-23.91,38.91,-39.71,F
,1679671,928,0,842,-0.10,-0.254,1.004,-28.58,8.94,-41.08,F
,167968,939,0,1917,-0.94,-0.307,1.047,-22.02,26.58,-38.79,F
,1679721,935,0,100,-0.85,-0.269,0.962,15.22,3.32,-19.52,F
,1679731,907,0,781,-0.93,-0.225,0.990,18.50,3.76,-19.05,F
,1679761,921,0,2015,-0.19,-0.201,1.067,-14.61,34.84,-32.00,F
,1679811,935,0,1929,-0.42,-0.288,0.977,12.07,17.01,-1329,F
,1679831,1058,0,1931,0.09,-0.198,0.951,25.08,23.10,-22.10,F
,1679891,903,0,1660,-0.64,-0.270,1.632,-23.16,29.56,8.84,F
,167990,908,0,1709,-0.82,-0.267,1.703,-4.67,23.56,11.27,F
,167992,964,0,807,-0.326,-0.21,1.729,23.02,147,11.07,F
,1679971,949,0,1904,-0.10,-0.250,1.390,30.79,-22.50,20.77,F
,168001,948,0,047,-0.176,-0.23,1.196,23.95,-20.39,34.84,F
,1680021,947,0,850,-0.09,-0.318,1.073,25.13,-30.82,3181,F
,1680031,951,0,814,-0.208,-0.21,1.157,25.20,-21.11,26.71,F
,1680081,967,0,1759,-0.13,-0.255,1.096,32.87,-18.36,28.33,F
,168010,967,0,1825,-0.28,-0.23,1.081,29.69,-11.54,26.04,F
,1680131,986,0,1648,-0.63,-0.204,1.029,31.33,0.91,25.46,F
,1680141,988,0,1822,-0.21,-0.211,1.025,29.08,069,23.88,F
,1680181,1009,0,1742,-0330,-0.210,0.964,51.95,18.70,16.04,F
,1680191,1007,0,1834,-0311,-0.227,0.875,54.78,-34.55,1.48,F
,168020,997,0,1780,-0.80,-0.211,0.819,63.28,-39.34,12.04,F
,1680221,939,0,1874,-0.03,-0.167,0.693,67.97,-33.06,11.29,F
,1680271,903,0,1510,-0.93,-0.158,0.559,36.32,-11.23,0.2,F
,1680281,902,0,1899,-0.99,-0.16,0.567,23.57,-7.87,-2.6,F
,1680311,896,0,1775,-0.83,-0.248,0.556,23.22,3.99,-7.7,F
,1680341,925,0,807,-0.60,-0.245,0.577,37.43,28.91,-4.4,F
,1680351,897,0,847,-0.092,-0.27,0.668,34.29,30.81,-9.02,F
,1680411,838,0,761,-0.192,-0.19,0.800,-8.49,57.13,-11.78,F
,1680441,882,0,1859,-0.83,-0.221,0.939,-11.01,9.58,-21.06,F
,1680451,890,0,853,-0.200,-0.25,0.959,-3.77,3.26,-24.38,F
,168046,893,0,723,-0.195,-0.29,0.952,4.18,31.13,-25.71,F
,168051,927,0,1778,-0.160,-0.15,0.895,-12.14,51.20,-21.45,F
,168054,935,0,722,-0.63,-0.207,0.967,-12.03,38.97,-2.89,F
,1680561,950,0,792,-0.138,-0.24,0.947,-11.56,33.36,-29.26,F
,1680591,957,0,1809,-0.145,-0.18,0.919,-15.01,5.24,-19.43,F
,168068,996,0,744,-0.134,-0.269,1.042,-13.01,8.25,-19.23,F
,1680701,998,0,982,-0.38,-0.300,1.059,-10.35,18.57,-22.21,F
,1680711,1005,0,1763,-0048,-0.74,1.042,-9.96,19.07,-2.07,F
,1680731,1002,0,1954,-0061,-0.227,1.111,-4.71,4.11,-22.04,F
,1680771,934,0,993,-0.70,-0.214,1.403,-22.02,1.12,-9.90,F
,1680791,888,0,1907,-0.53,-0.242,1.552,-14.66,33.42,-1.90,F
,1680801,891,0,1734,-0.78,-0.243,1.600,-4.40,2.87,3.79,F
,168081,880,0,757,-0.292,-0.224,1.622,4.53,2387,6.13,F
,1680841,942,0,2081,-0.51,-0.20,1.428,26.85,-7.46,3.2,F
,1680861,967,0,1859,-0.87,-0.18,1.352,32.78,-28.47,4.6,F
,1680871,965,0,1839,-0.53,-0.207,1.313,35.25,-8.74,9.29,F
,1680881,961,0,1846,-0.54,-0.17,1.257,33.92,-25.93,1265,F
,168091,976,0,098,-0.73,-0.156,1.260,27.48,-2.15,20.40,F
,1680921,973,0,1986,-0.82,-0.188,1.238,27.16,-12.73,26.51,F
,1680931,962,0,713,-0.87,-0.176,1.211,26.55,-12.12,27.23,F
,1680971,975,0,2063,-0.08,-0.28,1.221,25.91,-20.07,3365,F
,168103,979,0,171,-0.271,-0.13,1.119,27.91,-20.45,32.02,F
,1681041,980,0,1658,-0.98,-0.210,1.102,22.47,-19.67,31.55,F
,1681081,1078,0,1865,-0236,-0.264,0.992,51.43,34.32,25.20,F
,168114,976,0,888,-0.102,-0.24,0.563,61.19,-41.71,11.23,F
,168117,853,0,1725,0.04,-0.21,0.442,38.20,-16.64,2.74,F
,1681181,832,0,871,0.028,-0.22,0.428,7.49,-6.32,-1.2,F
,168119,848,0,808,0.00,-0.248,0.390,16.94,3.20,-4.59,F
,1681211,767,0,905,-0.060,-0.276,0.451,3.58,22.13,1.06,F
,168124,858,0,684,-0.03,-0.269,0.628,16.21,4.72,1.41,F
,1681281,847,0,1966,-0.99,-0.19,0.813,-7.79,62.75,-7.35,F
,1681341,875,0,1814,-0.80,-0.27,0.996,-12.54,32.40,-2.45,F
,168135,855,0,700,-0.72,-0.240,0.993,-4.40,2.82,-26.73,F
,1681401,884,0,1857,-0.08,-0.21,0.895,-7.74,37.61,-2282,F
,1681431,890,0,743,-0.83,-0.207,0.864,-23.25,7.04,-25.02,F
,1681461,905,0,837,0.05,-0.133,0.908,35.38,24.87,-39.98,F
,1681481,891,0,925,-0.83,-0.311,0.953,-21.19,19.30,-27.92,F
,1681501,955,0,897,-0.54,-0.283,0.919,-15.12,32.71,-20.59,F
,1681511,951,0,841,-0.060,-0.29,0.904,-14.25,5.09,-17.11,F
,168161,894,0,984,-0.69,-0.27,1.350,-1.04,44.11,-4.7,F
,1681701,737,0,598,-0.74,-0.302,1.097,26.56,12.10,1.10,F
,1681721,621,0,969,-0.06,-0.278,1.036,24.93,4.92,-2.2,F
,1681731,714,0,954,-0.191,-0.288,0.999,26.68,-.35,-2.99,F
,1681741,741,0,943,-0.48,-0.34,0.983,27.58,-5.64,-6.2,F
,1681821,179,0,899,-0.228,-0.26,0.932,26.53,21.84,5.12,F
,168189,240,0,1767,-0.01,-0.23,0.986,17.72,1.49,5.70,F
,1682021,326,0,950,-0.150,-0.23,1.129,10.18,-2.15,12.33,F
,1682041,413,0,851,-0.53,-0.236,1.168,8.84,-430,14.20,F
,1682061,413,0,795,-0.149,-0.26,1.198,9.40,-6.21,18.2,F
,1682101,787,0,1904,-0.44,-0.22,1.182,27.89,-.87,23.24,F
,168212,881,0,1811,-0.98,-0.27,1.149,19.14,-14.76,24.55,F
,168221,886,0,1943,-0.27,-0.248,1.163,12.21,0.11,27.4,F
,1682281,939,0,989,-0.246,-0.29,1.124,31.65,-5.92,23.62,F
,168229,899,0,1712,-0.21,-0.24,1.036,40.70,-8.97,23.82,F
,1682371,863,0,881,-0.10,-0.186,0.437,56.32,-6.61,4.6,F
,1682391,829,0,563,-0.015,-0.29,0.390,22.38,-.80,-3.87,F
,168243,867,0,112,-0.13,-0.283,0.435,19.46,16.54,-2.8,F
,1682451,847,0,674,-0.002,-0.26,0.566,20.03,3.04,-7.93,F
,168248,817,0,1712,-0.08,-0.13,0.710,4.68,56.26,-8.68,F
,1682511,803,0,1770,-0.73,-0.21,0.842,-28.69,48.00,-17.90,F
,168252,769,0,763,-0.278,-0.25,0.971,-22.17,4.42,-19.66,F
,1682541,854,0,648,-0.114,-0.27,1.008,-6.96,4.19,-23.74,F
,1682551,817,0,759,-0.80,-0.253,0.993,7.86,34.54,-27.1,F
,1682601,837,0,938,-0.151,-0.22,0.949,-19.16,36.84,-28.41,F
,1682621,812,0,067,-0.175,-0.25,1.005,-23.03,9.26,-25.09,F
,1682661,881,0,790,-0.58,-0.306,0.990,1.07,26.48,-27.9,F
,1682671,937,0,821,-0.142,-0.27,0.952,5.04,24.54,-25.22,F
,1682681,942,0,726,-0.099,-0.23,0.925,6.35,23.79,-23.83,F
,168270,933,0,1926,-0.057,-0.26,0.883,-5.77,23.52,-2815,F
,1682771,961,0,094,-0.26,-0.285,1.256,-23.68,33.09,-1.38,F
,1682791,895,0,1782,-0.191,-0.288,1.412,-14.80,46.77,-6.88,F
,1682851,747,0,929,-0.232,-0.22,1.491,13.55,7.85,-0.0,F
,1682861,762,0,649,-0.217,-0.22,1.411,23.48,-.35,2.31,F
,168292,890,0,003,-0.094,-0.202,1.092,28.39,-10.44,9.4,F
,1682951,887,0,1865,-0.142,-0.23,1.088,25.25,-14.56,12.69,F
,1683011,878,0,068,-0.15,-0.181,1.105,28.16,-11.57,19.93,F
,168302,875,0,648,-0.135,-0.14,1.113,28.20,-10.39,22.68,F
,168304,875,0,880,-0.138,-0.29,1.132,27.94,-.72,25.78,F
,1683071,885,0,783,-0.193,-0.23,1.111,24.47,-2.85,29.27,F
,1683081,895,0,1948,-0.77,-0.26,1.105,27.14,-5.13,26.86,F
,1683121,913,0,885,-0.179,-0.225,0.962,45.81,-23.45,23.17,F
,168315,899,0,901,-0.145,-0.20,0.803,49.97,-9.74,22.77,F
,1683161,893,0,1871,-0.28,-0.222,0.759,51.54,-17.45,2286,F
,168317,869,0,744,-0.17,-0.183,0.742,42.33,-17.17,20.49,F
,1683181,877,0,845,-0.72,-0.205,0.638,37.39,-3.60,17.5,F
,1683281,784,0,786,-0.131,-0.222,0.704,23.07,36.39,2.1,F
,1683301,688,0,1739,-0.46,-0.213,0.684,-13.00,33.36,-0.36,F
,168331,535,0,955,-0.171,-0.251,0.784,-4.58,36.31,-5.7,F
,168336,829,0,735,-0.94,-0.218,0.942,17.25,40.49,-8.1,F
,168339,850,0,841,-0.180,-0.14,0.943,7.08,39.20,-10.16,F
,1683401,866,0,826,-0.82,-0.188,0.964,-0.81,37.99,-1180,F
,1683421,863,0,843,-0.67,-0.240,0.980,-8.05,33.88,-1665,F
,1683441,849,0,871,-0.70,-0.264,0.968,-5.04,30.95,-2003,F
,1683461,862,0,1808,-0.160,-0.21,0.937,0.94,28.66,-21.45,F
,168349,863,0,955,-0.129,-0.20,0.893,2.64,2993,-22.62,F
,1683501,867,0,1651,-0.05,-0.26,0.880,-5.96,28.97,-23.42,F
,1683531,890,0,885,-0.28,-0.241,0.931,-26.06,23.52,-2.45,F
,1683561,897,0,1787,-0.44,-0.313,0.951,-21.62,14.26,-31.35,F
,1683601,912,0,955,-0.56,-0.249,0.877,-1.65,22.54,-34.24,F
,1683651,943,0,844,-0.177,-0.314,1.210,-19.59,42.19,-3.05,F
,1683661,930,0,895,-0.98,-0.255,1.262,-9.32,37.36,-26.82,F
,1683701,741,0,001,-0.70,-0.228,1.444,-3.99,33.84,-2288,F
,168376,298,0,808,-0.244,-0.199,1.352,26.73,-7.54,-8.9,F
,168387,907,0,943,-0.07,-0.295,1.102,30.07,-6.01,22.57,F
,168390,879,0,865,-0.48,-0.212,1.117,38.90,-4.79,25.17,F
,1683911,881,0,1840,-0.26,-0.11,1.096,43.81,-24.22,2689,F
,1683931,893,0,2021,-0.22,-0.17,1.089,40.26,-27.13,2571,F
,168394,896,0,925,-0.138,-0.168,1.080,39.29,-7.60,26.80,F
,1683961,882,0,739,-0.142,-0.143,1.101,34.12,-8.27,3188,F
,1683971,883,0,1905,-0.67,-0.11,1.091,24.85,-.97,35.50,F
,168402,901,0,573,-0.74,-0.224,1.022,40.32,-22.22,31.82,F
,168409,812,0,747,-0.62,-0.240,0.614,36.24,-.80,21.82,F
,1684121,342,0,1719,-0.31,-0.28,0.559,15.37,3.24,11.4,F
,1684171,426,0,653,-0.57,-0.306,0.646,18.93,2.43,-3.9,F
,168418,501,0,940,-0.053,-0.28,0.666,19.57,32.16,-6.9,F
,1684191,550,0,898,-0.048,-0.23,0.699,13.28,38.46,-8.0,F
,1684201,511,0,1733,-0.15,-0.230,0.744,-0.60,43.56,-9.83,F
,1684221,509,0,1898,-0.12,-0.21,0.875,-5.47,4.39,-11.52,F
,1684241,448,0,947,-0.162,-0.28,0.961,-5.56,42.07,-15.03,F
,168426,480,0,694,-0.66,-0.232,0.998,4.39,3378,-18.6,F
,1684281,639,0,831,-0.142,-0.22,1.002,7.25,27.26,-21.4,F
,1684291,766,0,1862,-0.21,-0.23,0.981,7.91,26.19,-23.2,F
,168431,827,0,531,-0.125,-0.10,0.970,0.38,30.37,-24.3,F
,168432,875,0,027,-0.14,-0.196,0.975,-1.18,3.94,-22.67,F
,1684331,835,0,1776,-0.96,-0.198,0.972,-2.67,3.51,-22.35,F
,1684341,825,0,628,-0.124,-0.15,0.981,-5.88,37.36,-22.21,F
,1684351,767,0,1813,-0.94,-0.21,0.945,-12.84,3.04,-23.75,F
,1684421,785,0,1639,-0.85,-0.209,1.009,-10.81,1.94,-2.50,F
,1684451,801,0,145,-0.042,-0.25,0.985,-10.66,32.03,-2.91,F
,1684461,816,0,2009,-0.69,-0.240,1.014,-7.65,3.23,-2346,F
,1684471,823,0,499,-0.072,-0.214,1.019,-7.82,3.42,-2296,F
,1684491,855,0,007,-0.073,-0.214,1.083,-10.14,35.53,-25.19,F
,168451,746,0,898,-0.120,-0.20,1.142,-9.82,32.11,-2125,F
,1684531,426,0,714,-0.33,-0.196,1.206,-4.48,3.75,-1822,F
,1684541,358,0,808,-0.147,-0.16,1.240,-0.11,34.08,-1758,F
,1684581,371,0,635,-0.201,-0.12,1.288,4.01,22.57,-7.1,F
,1684621,431,0,1872,-0.189,-0.12,1.235,17.52,7.20,0.57,F
,1684651,459,0,1995,-0.39,-0.14,1.160,19.28,-0.24,2.7,F
,1684701,378,0,1999,-0.07,-0.173,1.075,22.61,-.98,11.9,F
,1684711,377,0,2082,-0.25,-0.176,1.074,21.60,-.90,13.6,F
,1684761,466,0,969,-0.29,-0.197,1.077,32.44,-12.29,18.19,F
,1684821,704,0,1755,-0.33,-0.193,1.132,26.65,-11.77,26.42,F
,1684841,803,0,922,-0.52,-0.209,1.139,26.33,-11.17,2765,F
,1684911,847,0,1935,-0.56,-0.197,1.022,31.25,-12.58,26.63,F
,1684961,430,0,821,-0.132,-0.19,0.783,44.03,-5.22,25.2,F
,1684971,258,0,000,-0.125,-0.21,0.740,42.52,-7.16,23.3,F
,168498,241,0,678,-0.099,-0.15,0.719,36.81,-0.15,19.78,F
,1685001,163,0,962,-0.052,-0.22,0.672,26.53,-13.81,10.72,F
,1685011,155,0,1856,-0.43,-0.24,0.656,20.55,-11.93,8.8,F
,168502,148,0,919,-0.047,-0.21,0.642,15.84,-.74,9.68,F
,1685041,147,0,938,-0.24,-0.287,0.625,12.10,11.03,14.6,F
,1685081,151,0,981,-0.35,-0.260,0.722,10.24,38.02,3.9,F
,168518,819,0,2067,-0.06,-0.228,0.952,-3.15,3.81,-1105,F
,1685251,832,0,915,-0.083,-0.20,0.931,-26.75,28.94,-1.76,F
,1685261,816,0,857,-0.086,-0.28,0.942,-32.58,28.13,-18.18,F
,1685271,829,0,830,-0.070,-0.21,0.962,-34.75,6.78,-1.41,F
,1685281,839,0,1936,-0.75,-0.270,0.961,-35.73,24.78,-20.00,F
,1685291,863,0,1836,-0.66,-0.296,0.939,-27.10,21.27,-18.62,F
,168532,913,0,1915,-0.02,-0.230,0.820,-18.86,2.92,-2.14,F
,1685431,586,0,734,-0.19,-0.139,1.497,17.55,15.29,6.04,F
,1685461,707,0,2071,-0.54,-0.169,1.301,18.68,066,14.9,F
,1685471,652,0,936,-0.13,-0.180,1.279,19.95,-.42,16.1,F
,168552,915,0,1855,-0.110,-0.18,1.131,26.82,-18.32,22.78,F
,1685541,895,0,973,-0.01,-0.233,1.103,30.01,-1.67,2370,F
,168555,925,0,810,-0.090,-0.29,1.098,34.99,-22.15,23.58,F
,1685571,927,0,855,-0.99,-0.225,1.077,40.16,-8.29,2619,F
,1685591,935,0,954,-0.107,-0.14,1.068,38.84,-18.38,29.00,F
,168561,929,0,1915,-0.77,-0.211,1.125,26.79,-21.22,31.15,F
,1685731,879,0,571,-0.170,-0.23,0.977,35.42,-.29,39.8,F
,1685741,825,0,846,-0.194,-0.29,0.915,35.39,-7.25,39.91,F
,1685771,525,0,803,-0.139,-0.253,0.761,33.60,-10.64,2775,F
,168578,569,0,2047,-0.38,-0.285,0.723,33.07,-9.84,24.92,F
,1685801,581,0,975,-0.099,-0.306,0.632,32.64,-.06,18.4,F
,168582,576,0,804,-0.070,-0.37,0.601,33.04,4.42,12.10,F
,1685871,362,0,875,-0.54,-0.311,0.580,13.39,22.57,-3.00,F
,1685881,272,0,903,-0.044,-0.37,0.687,7.13,24.42,-9.09,F
,1685931,371,0,1841,-0.45,-0.279,0.895,-11.56,48.42,-1.93,F
,1685941,430,0,632,-0.166,-0.276,0.932,-13.61,46.11,-1.27,F
,1685951,382,0,845,-0.197,-0.273,0.977,-14.38,2.98,-1.16,F
,1685971,465,0,877,-0.151,-0.22,1.016,-5.61,35.12,-21.26,F
,168600,525,0,2045,-0.25,-0.260,0.984,3.08,34.69,-25.9,F
,1686041,667,0,918,-0.083,-0.256,0.920,-12.95,26.95,-3.83,F
,168609,856,0,1899,-0.085,-0.271,0.901,-11.74,7.39,-34.48,F
,168616,848,0,1744,-0.90,-0.257,1.015,-26.02,40.66,-33.80,F
,1686201,378,0,639,-0.52,-0.224,1.234,-16.81,51.67,-18.07,F
,168621,221,0,2038,-0.71,-0.208,1.284,-13.39,48.23,-17.45,F
,168623,282,0,091,-0.214,-0.194,1.351,-12.89,5.87,-1.95,F
,1686241,245,0,959,-0.221,-0.188,1.387,-10.72,30.05,-1.30,F
,1686251,178,0,827,-0.220,-0.192,1.406,-5.30,2.22,-1171,F
,168627,190,0,1994,-0.09,-0.193,1.371,8.24,21.90,-7.55,F
,168629,169,0,1982,-0.80,-0.198,1.309,17.39,15.74,-3.08,F
,1686331,439,0,757,-0.33,-0.17,1.164,21.31,-.85,0.55,F
,1686351,496,0,849,-0.11,-0.22,1.122,22.16,-13.64,5.7,F
,168637,464,0,1959,-0.96,-0.238,1.107,26.96,-6.74,8.28,F
,168639,461,0,1936,-0.39,-0.226,1.085,31.16,-0.71,14.89,F
,168640,457,0,1905,-0.36,-0.235,1.078,33.05,-2.19,17.49,F
,1686441,493,0,905,-0.01,-0.25,1.052,28.13,-18.77,1709,F
,168646,486,0,1837,-0.94,-0.246,1.054,27.60,-13.77,20.91,F
,168649,607,0,1936,-0.02,-0.223,1.054,23.65,-3.40,27.9,F
,1686511,548,0,961,-0.115,-0.237,1.052,17.20,-1.86,28.8,F
,1686521,501,0,903,-0.40,-0.21,1.087,19.23,-0.64,28.5,F
,168655,497,0,1991,-0.78,-0.252,1.135,21.92,-2.56,26.08,F
,1686561,529,0,999,-0.188,-0.250,1.134,25.58,-3.61,27.8,F
,1686571,647,0,711,-0.196,-0.240,1.127,32.53,-3.29,28.91,F
,168659,822,0,1835,-0.91,-0.26,1.133,36.81,-.22,28.9,F
,1686621,849,0,835,-0.201,-0.244,1.005,37.00,-13.93,2536,F
,168664,855,0,1901,-0.79,-0.271,0.893,45.14,-21.42,21.23,F
,1686651,839,0,809,-0.64,-0.265,0.816,48.53,-23.03,2013,F
,168666,833,0,1869,-0.44,-0.261,0.742,53.40,-22.55,1865,F
,168675,832,0,1894,-0.43,-0.308,0.553,3.66,2709,2.57,F
,1686841,809,0,853,-0.180,-0.293,0.978,-18.19,40.54,-1.24,F
,168692,863,0,2000,-0.29,-0.258,0.961,-10.16,9.21,-25.52,F
,1686941,827,0,927,-0.23,-0.24,0.959,-14.40,2.36,-22.44,F
,1686961,817,0,677,-0.123,-0.276,0.974,-15.53,32.86,-2.92,F
,168703,923,0,1965,-0.007,-0.265,0.807,-11.82,3.03,-31.87,F
,168704,900,0,1518,-0.24,-0.25,0.864,-13.22,7.78,-28.21,F
,168705,912,0,1819,-0.32,-0.26,0.940,-23.56,6.02,-31.28,F
,1687081,839,0,924,-0.138,-0.266,1.260,-33.29,45.79,-1.06,F
,168722,752,0,1865,-0.15,-0.22,1.085,30.93,-2.65,8.71,F
,168729,881,0,1827,-0.27,-0.22,1.063,26.61,-.89,22.39,F
,168731,879,0,1696,-0.35,-0.29,1.054,28.26,-.42,26.5,F
,168734,886,0,840,-0.150,-0.246,1.088,32.41,-4.74,28.58,F
,168744,861,0,931,-0.161,-0.258,0.931,43.25,-12.70,2513,F
,1687481,863,0,1793,-0.26,-0.26,0.771,36.32,-10.58,1660,F
,168755,874,0,160,-0.148,-0.335,0.689,17.94,1.58,7.9,F
,1687661,807,0,920,-0.97,-0.315,0.940,-5.04,2.56,-14.29,F
,168767,807,0,941,-0.189,-0.313,0.942,-5.03,2.28,-17.17,F
,168773,818,0,1820,-0.33,-0.260,0.899,-1.35,3.87,-23.38,F
,168774,781,0,879,-0.135,-0.260,0.899,-4.20,30.48,-2709,F
,168777,831,0,736,-0.137,-0.25,0.906,-10.84,20.77,-3.86,F
,1687791,910,0,952,-0.109,-0.256,0.913,-7.41,1.57,-31.72,F
,1687811,896,0,846,-0.066,-0.22,0.876,-8.06,1.62,-29.96,F
,1687821,898,0,984,-0.85,-0.250,0.871,-8.71,20.63,-2653,F
,168786,923,0,1888,-0.09,-0.246,0.842,-26.92,12.69,-29.77,F
,168790,873,0,1850,-0.78,-0.259,1.052,-29.80,34.34,-19.84,F
,1687921,816,0,193,-0.158,-0.253,1.239,-24.63,7.38,-439,F
,168793,835,0,851,-0.185,-0.240,1.328,-23.32,44.57,0.8,F
,1687971,331,0,707,-0.275,-0.212,1.608,-4.25,21.53,10.3,F
,1687991,317,0,787,-0.259,-0.220,1.594,8.26,1144,16.2,F
,168802,353,0,972,-0.167,-0.22,1.347,26.41,-6.65,1761,F
,1688051,330,0,911,-0.101,-0.21,1.164,31.58,-2.74,2193,F
,1688071,663,0,859,-0.127,-0.30,1.083,32.41,-1.02,2913,F
,168808,702,0,904,-0.107,-0.25,1.036,31.29,-2.44,28.04,F
,1688101,525,0,053,-0.108,-0.24,1.108,21.29,-.11,30.75,F
,1688111,387,0,039,-0.126,-0.39,1.087,19.17,-1.26,30.29,F
,168813,362,0,1874,-0.47,-0.321,1.070,20.26,-1.03,3428,F
,1688141,361,0,789,-0.136,-0.35,1.054,20.49,-2.97,34.95,F
,1688151,362,0,776,-0.123,-0.310,1.038,25.17,-8.04,35.9,F
,1688161,361,0,776,-0.117,-0.27,1.046,25.29,-.02,34.65,F
,1688171,362,0,070,-0.51,-0.322,1.076,27.75,0.71,34.2,F
,1688281,387,0,853,-0.335,-0.25,1.167,22.68,-3.71,3139,F
,1688291,365,0,865,-0.274,-0.22,1.058,25.98,-6.33,3236,F
,1688311,395,0,808,-0.305,-0.333,1.035,46.75,-0.67,2887,F
,1688321,391,0,897,-0.297,-0.35,0.896,60.76,-8.41,3153,F
,1688331,378,0,835,-0.312,-0.29,0.897,74.20,-16.13,34.77,F
,1688341,364,0,902,-0.233,-0.20,0.800,77.25,-17.09,33.24,F
,1688361,335,0,830,-0.133,-0.29,0.645,53.40,-5.43,2118,F
,1688421,778,0,820,0.028,-0.27,0.506,43.14,-10.70,12.8,F
,168850,743,0,1535,-0.64,-0.242,0.755,-17.50,26.37,-10.30,F
,168862,867,0,1976,-0.044,-0.23,1.005,-42.35,13.79,-16.19,F
,168867,886,0,1901,0.08,-0.365,1.036,26.49,22.34,2.1,F
,168869,945,0,1831,0.03,-0.366,0.940,-14.26,0.80,-8.85,F
,1688711,921,0,807,0.111,-0.338,0.838,-9.18,-23.60,-21.08,F
,1688791,976,0,683,0.004,-0.220,1.286,-41.93,2.62,7.3,F
,168886,1063,0,1815,-0042,-0.282,1.74,14.47,-10.39,35.27,F
,168892,1074,0,1776,0.97,-0.391,1.217,18.45,-7.19,3552,F
,1688981,947,0,935,0.055,-0.48,1.174,34.81,-2.72,32.6,F
,1689021,941,0,917,0.05,-0.463,1.223,6.36,-32.36,25.9,F
,168915,862,0,860,0.031,-0.585,0.699,4.63,-41.23,-1705,F
,1689191,874,0,015,0.07,-0.533,0.516,-8.78,-14.44,-3763,F
,1689241,766,0,117,0.05,-0.51,0.396,-45.87,-18.96,-68.99,F
,168925,683,0,1881,-0.01,-0.57,0.419,-46.49,16.48,-0.03,F
,168933,622,0,2027,-0.39,-0.415,0.639,-42.74,25.13,-65.25,F
,1689341,624,0,801,-0.035,-0.391,0.645,-40.84,28.81,-6.83,F
,1689351,621,0,913,-0.026,-0.39,0.679,-41.35,32.07,-60.30,F
,168937,625,0,1887,0.07,-0.414,0.701,-39.77,34.45,-60.61,F
,1689381,624,0,738,0.06,-0.40,0.687,-35.29,36.94,-5893,F
,168941,654,0,1994,0.117,-0.384,0.725,-27.53,4.63,-57.90,F
,1689421,741,0,712,0.14,-0.385,0.745,29.65,44.45,-5745,F
,168943,751,0,1479,0.19,-0.390,0.753,33.90,44.89,-5618,F
,168945,804,0,1856,0.184,-0.425,0.741,-37.29,4.03,-56.18,F
,168946,814,0,856,0.187,-0.457,0.785,-39.61,4.62,-54.48,F
,1689481,911,0,1607,0.20,-0.498,0.754,36.87,50.14,-5337,F
,168959,1126,0,2061,0.35,-0.52,0.929,-65.44,8.11,-47.20,F
,168966,1104,0,1616,0.269,-0.513,1.576,-6.58,74.05,-5.8,F
,168987,970,0,1779,0.02,-0.881,0.997,53.33,-5.58,32.8,F
,168990,984,0,926,0.142,-0.539,1.078,5.05,-5.11,20.0,F
,168991,991,0,1773,0.127,-0.532,1.062,6.00,-5.66,18.22,F
,169005,919,0,1845,0.073,-0.538,0.314,2.65,-10.09,3.03,F
,169008,913,0,2018,0.18,-0.56,0.303,20.39,1063,-5.34,F
,169022,994,0,911,0.043,-0.611,0.785,30.45,42.94,-22.99,F
,169029,1072,0,1793,-0.059,-0.700,0.85,-3.96,56.37,-22.50,F
,169054,1165,0,2128,0.177,-0.573,1.391,35.14,4.34,23.9,F
,169056,1151,0,1951,0.61,-0.69,1.263,44.21,-.29,22.60,F
,169085,815,0,2084,0.03,-0.71,0.321,-16.96,-4.68,-2.75,F
,169089,843,0,726,0.065,-0.675,0.303,13.79,-8.18,-28.70,F
,1690941,865,0,1618,-0.24,-0.562,0.403,-9.13,605,-24.0,F
,1690951,866,0,806,0.00,-0.540,0.383,11.48,11.99,-2253,F
,169096,928,0,1766,0.029,-0.52,0.410,-20.43,17.29,-21.29,F
,169099,915,0,1891,0.050,-0.580,0.516,26.90,25.91,-1523,F
,169100,913,0,988,0.066,-0.584,0.546,26.48,24.11,-16.53,F
,169101,914,0,765,0.057,-0.604,0.553,24.60,22.69,-17.64,F
,169102,919,0,1285,0.04,-0.61,0.583,-17.42,23.03,-1661,F
,169103,914,0,2074,0.08,-0.583,0.568,-15.10,2.00,-1526,F
,169105,1003,0,1829,0.35,-0.605,0.582,-8.26,33.68,-16.94,F
,169145,1098,0,1840,0.05,-0.635,0.821,34.21,-13.75,17.50,F
,169147,1098,0,1889,0.31,-0.632,0.829,27.83,-23.95,17.12,F
,169151,1070,0,2183,0.33,-0.640,0.866,30.85,-18.56,2724,F
,1691661,949,0,814,0.200,-0.72,0.343,60.90,-36.65,24.39,F
,1691791,793,0,032,0.28,-0.762,0.404,8.20,42.71,-2.97,F
,1691821,860,0,2087,0.17,-0.761,0.543,-17.58,3.55,-1.7,F
,1692321,941,0,664,0.34,-0.68,0.735,15.54,9.0,15.88,F
,169237,1019,0,1982,0.82,-0.74,0.768,22.45,-8.41,13.70,F
,169254,993,0,2170,0.257,-0.66,0.737,30.47,-17.55,30.2,F
,169262,1083,0,1530,0.73,-0.68,0.761,20.30,-17.03,34.46,F
,169264,1078,0,1952,0.93,-0.944,0.667,-0.19,-39.17,4265,F
,169265,1084,0,1424,0.25,-0.67,0.609,13.25,-2.33,44.48,F
,169287,1058,0,1505,0.18,-0.74,0.427,63.81,-8.12,22.78,F
,169288,1011,0,1904,0.36,-0.722,0.349,64.65,-2.97,22.7,F
,1692941,909,0,792,0.17,-0.657,0.212,48.35,1486,4.48,F
,169296,785,0,1881,0.12,-0.641,0.224,26.38,19.45,-4.1,F
,169298,777,0,1427,0.112,-0.690,0.290,1.05,17.7,-10.99,F
,1692991,778,0,813,0.17,-0.704,0.360,-5.03,1223,-14.65,F
,169300,784,0,1775,0.15,-0.727,0.403,-6.49,7.33,-17.0,F
,169304,890,0,1878,0.16,-0.69,0.490,-11.07,24.92,-1874,F
,169305,944,0,1905,0.17,-0.716,0.506,10.92,33.70,-2036,F
,1693061,937,0,937,0.17,-0.71,0.516,-9.47,44.77,-19.7,F
,169308,944,0,935,0.131,-0.742,0.605,-8.20,5771,-16.21,F
,169313,996,0,1904,0.10,-0.76,0.715,-4.89,2742,-28.85,F
,169315,999,0,1790,0.18,-0.73,0.693,-1.76,3744,-26.93,F
,169317,1008,0,1773,0.82,-0.730,0.672,4.24,4965,-26.51,F
,169323,1097,0,1483,0.26,-0.75,0.578,-16.34,38.25,-3.41,F
,169324,1094,0,1677,0.37,-0.722,0.560,-18.48,9.24,-37.23,F
,1693471,977,0,769,0.329,-0.637,1.038,51.20,-9.14,-3.2,F
,1693561,991,0,003,0.24,-0.639,0.853,2.49,-24.38,21.9,F
,169357,992,0,822,0.207,-0.576,0.990,48.75,-1.45,22.1,F
,1693611,995,0,833,0.191,-0.668,0.828,15.58,-29.00,23.1,F
,1693621,999,0,522,0.10,-0.687,0.826,0.44,-2.34,22.98,F
,169365,989,0,1904,0.10,-0.691,0.663,40.49,-2.90,23.07,F
,169366,971,0,1931,0.16,-0.684,0.597,52.91,-1.28,22.60,F
,169374,736,0,1393,0.24,-0.686,0.102,47.34,-2.13,5.67,F
,1693751,746,0,813,0.251,-0.66,0.071,41.02,-1.42,6.46,F
,169379,707,0,1809,0.20,-0.685,0.034,22.70,3750,3.36,F
,1693801,720,0,096,0.257,-0.736,0.130,14.58,44.17,-1.6,F
,169381,720,0,1744,0.24,-0.687,0.276,10.87,3909,-4.65,F
,169382,693,0,1680,0.15,-0.655,0.290,7.28,4903,1.15,a5
,1693831,752,0,891,0.16,-0.673,0.286,5.77,53.65,4.36,F
,169386,708,0,945,0.132,-0.68,0.475,-21.12,5.03,-1.57,F
,169389,758,0,1901,0.13,-0.733,0.595,-20.64,4.89,-2.87,F
,169391,835,0,1693,0.26,-0.757,0.653,18.25,31.49,-1160,F
,1693921,927,0,895,0.235,-0.79,0.659,-11.53,3.17,-12.94,F
,169399,1063,0,1910,0.73,-0.769,0.621,-27.13,2.87,-25.63,F
,169418,1005,0,1861,0.96,-0.590,1.448,15.54,891,-21.46,F
,1694221,999,0,846,0.414,-0.51,1.136,26.62,-18.99,-7.7,F
,169434,1109,0,1764,0.37,-0.492,0.893,47.84,-3.25,35.73,F
,169439,1100,0,1715,0.14,-0.496,0.819,68.20,-2.56,46.46,F
,169444,1091,0,1703,-0002,-0.453,0.59,93.19,37.13,60.45,F
,169447,958,0,1950,0.01,-0.391,0.403,01.65,-2.21,62.95,F
,169448,961,0,1636,-0.22,-0.47,0.372,105.02,-17.58,6.94,F
,169449,962,0,1861,0.09,-0.453,0.362,06.36,-5.51,65.41,F
,169457,1040,0,1807,0.60,-0.833,0.313,83.17,20.62,60.2,F
,1694731,990,0,857,0.106,-0.783,0.856,11.17,5805,-3.74,F
,1694751,976,0,805,0.081,-0.73,0.847,0.90,46.39,-13.6,F
,169479,993,0,1939,0.141,-0.695,0.768,5.94,3023,-29.09,F
,1694801,994,0,012,0.149,-0.66,0.738,-7.15,29.62,-32.7,F
,1694831,994,0,782,0.279,-0.618,0.596,-10.35,3.73,-38.61,F
,1694901,1015,0,2142,0.00,-0.647,0.796,-43.00,0.17,-4.22,F
,169492,987,0,2166,0.19,-0.619,1.022,-33.00,48.89,-4087,F
,1694941,972,0,702,0.149,-0.60,1.289,-34.29,5.71,-25.77,F
,169498,1042,0,1679,0.11,-0.554,1.688,-28.98,5.88,-14.85,F
,169506,1110,0,2037,0.58,-0.608,1.223,31.89,-10.70,4.3,F
,169515,1009,0,1840,0.40,-0.542,0.992,23.22,-25.58,2458,F
,169528,1104,0,1872,-0015,-0.570,0.74,46.94,36.38,2.57,F
,169530,1079,0,1908,0.57,-0.576,0.551,64.42,-33.61,2129,F
,169531,1047,0,1889,0.039,-0.575,0.489,67.48,-0.97,18.36,F
,169534,976,0,1894,0.111,-0.578,0.285,5.97,-2.58,7.41,F
,1695351,887,0,759,0.120,-0.568,0.261,61.16,-18.42,4.3,F
,169539,825,0,1697,0.150,-0.609,0.133,1.54,1477,-0.4,F
,169546,846,0,1440,0.094,-0.673,0.473,26.81,4155,-6.64,F
,169547,838,0,1991,0.143,-0.681,0.496,15.65,4837,-10.41,F
,1695491,856,0,010,0.096,-0.635,0.554,-8.57,61.00,-12.7,F
,1695511,839,0,705,0.075,-0.630,0.633,-14.60,67.99,-1728,F
,169552,901,0,1902,0.093,-0.656,0.706,-16.58,7.84,-22.87,F
,1695531,906,0,824,0.129,-0.67,0.781,-14.03,7.71,-31.98,F
,169556,912,0,766,0.043,-0.634,0.834,-7.18,5715,-38.61,F
,169557,912,0,2157,0.056,-0.660,0.834,5.71,63.1,-33.3,F
,169558,912,0,905,0.12,-0.629,0.859,3.45,6633,-33.9,F
,169561,925,0,1728,0.089,-0.586,0.852,-2.02,50.68,-37.9,F
,169565,991,0,1854,0.15,-0.576,0.711,-12.49,45.35,-4424,F
,169570,1023,0,1925,0.68,-0.525,0.739,-37.29,49.84,-4.85,F
,169576,1153,0,1838,0.258,-0.539,1.051,-28.05,6.03,-40.42,F
,1695811,994,0,882,0.203,-0.506,1.638,-34.69,24.81,-1771,F
,169583,1008,0,1776,0.20,-0.525,1.732,-10.20,25.44,-876,F
,169594,1008,0,1871,0.214,-0.441,1.060,42.24,-4.76,9.85,F
,169598,1010,0,2011,0.064,-0.443,1.112,68.10,-8.12,18.22,F
,1696011,976,0,919,0.063,-0.431,0.999,57.58,-36.84,20.5,F
,169604,1078,0,1945,0.002,-0.43,0.950,54.33,-5.11,24.25,F
,169612,1073,0,1886,-0.068,-0.433,0.629,82.73,-11.22,4.00,F
,169613,1023,0,1742,-0.066,-0.396,0.672,92.55,9.20,43.53,F
,169616,954,0,1771,-0.039,-0.39,0.472,119.97,.46,48.42,F
,169617,944,0,785,-0.18,-0.368,0.429,117.49,8.52,52.08,F
,169618,871,0,1889,-0.008,-0.32,0.422,109.34,3.64,52.91,F
,169630,910,0,1771,0.110,-0.55,0.750,58.61,8330,29.55,F
,169631,923,0,977,0.10,-0.555,0.731,2.29,79.09,23.20,F
,169632,925,0,694,0.01,-0.559,0.778,30.12,7582,19.18,F
,169633,931,0,1891,0.051,-0.55,0.826,26.52,7509,15.5,F
,169636,934,0,1562,-0.006,-0.56,0.914,15.78,7.63,-0.54,F
,169637,918,0,1742,0.029,-0.53,0.918,7.94,70.1,-4.32,F
,169639,913,0,1840,-0.063,-0.56,0.993,0.85,6929,-8.88,F
,1696431,913,0,892,-0.004,-0.506,0.919,8.38,5996,-21.3,F
,1696441,887,0,962,0.010,-0.490,0.914,11.97,5077,-26.7,F
,1696451,966,0,2081,0.016,-0.475,0.838,2.35,42.03,-30.7,F
,1696461,979,0,1813,0.024,-0.43,0.817,8.06,35.3,-32.6,F
,169647,985,0,1837,0.003,-0.403,0.781,-0.93,31.99,-32.3,F
,169648,982,0,1760,0.038,-0.419,0.746,9.79,2718,-32.85,F
,169652,910,0,1778,0.102,-0.45,0.828,-24.72,052,-44.74,F
,169660,471,0,611,-0.80,-0.348,1.685,-26.02,7.44,8.1,F
,169663,295,0,1883,-0.132,-0.35,1.766,11.13,3.78,8.25,F
,1696641,283,0,741,-0.42,-0.294,1.760,17.45,2.90,11.32,F
,169671,399,0,176,0.08,-0.328,1.186,34.32,-945,19.81,F
,169679,448,0,1616,-0.046,-0.363,1.141,13.07,-17.54,3851,F
,1696831,457,0,1953,-0.107,-0.35,1.120,17.25,-5.38,4094,F
,169686,427,0,1925,-0.171,-0.372,1.145,24.91,-9.74,39.00,F
,169688,429,0,1940,-0.162,-0.350,1.054,26.06,-2.97,36.19,F
,1696901,462,0,818,-0.199,-0.355,0.993,25.89,-3.71,32.17,F
,169692,481,0,1869,-0.198,-0.32,0.930,31.57,-3.83,23.23,F
,169694,483,0,1781,-0.205,-0.48,0.805,42.18,-7.57,1738,F
,1696951,575,0,805,-0.193,-0.399,0.727,50.99,-2.91,15.73,F
,169697,855,0,829,-0.125,-0.30,0.596,61.07,-6.41,11.99,F
,169698,880,0,889,-0.092,-0.32,0.527,63.81,-6.22,9.20,F
,1696991,854,0,867,-0.047,-0.34,0.487,64.90,-4.56,4.05,F
,169701,867,0,1904,0.016,-0.38,0.392,57.66,-2.81,-1.8,F
,1697061,816,0,766,0.015,-0.360,0.402,7.80,3318,1.12,F
,169710,819,0,872,-0.027,-0.36,0.635,20.42,5.32,-7.34,F
,169711,823,0,1679,0.069,-0.378,0.650,15.72,6318,-11.2,F
,169712,829,0,1922,-0.003,-0.31,0.710,7.91,7294,-11.61,F
,169716,823,0,1805,-0.118,-0.299,0.870,-12.80,5.55,-19.75,F
,169717,828,0,1919,-0.098,-0.319,0.922,-17.84,1.33,-22.01,F
,169719,865,0,559,-0.031,-0.31,0.985,-4.14,43.53,-3056,F
,1697221,867,0,926,0.09,-0.334,0.995,10.16,3833,-39.23,F
,1697261,887,0,003,0.06,-0.336,1.003,-3.87,4991,-28.54,F
,169727,887,0,1690,0.004,-0.322,0.994,-6.66,5071,-27.1,F
,169729,887,0,807,0.001,-0.302,0.963,9.03,4829,-25.71,F
,1697311,871,0,980,0.061,-0.344,0.913,5.73,3323,-32.24,F
,169732,947,0,1673,-0.035,-0.331,0.925,-3.73,2.16,-35.02,F
,169733,956,0,1958,0.036,-0.334,0.907,0.58,29.2,-35.7,F
,1697341,948,0,014,0.01,-0.337,0.912,1.35,2742,-37.93,F
,169736,945,0,1917,0.060,-0.309,0.918,-14.09,2.97,-3503,F
,169745,701,0,1744,-0.119,-0.22,1.567,7.42,39.45,-2.8,F
,1697551,925,0,1904,-0.041,-0.21,1.132,36.53,-2.97,12.98,F
,169757,946,0,1680,-0.059,-0.29,1.107,27.08,-10.67,14.71,F
,169758,926,0,1893,-0.078,-0.22,1.097,28.03,-10.18,1823,F
,169760,987,0,680,-0.069,-0.283,1.100,20.13,-0.45,17.09,F
,169761,981,0,590,-0.087,-0.287,1.099,20.29,-0.53,17.38,F
,169764,993,0,1904,-0.148,-0.22,1.108,34.09,-8.19,25.9,F
,169779,912,0,1967,-0.056,-0.29,0.642,41.16,-5.66,7.5,F
,169781,866,0,1635,-0.057,-0.30,0.663,29.87,-2.65,2.91,F
,169785,932,0,933,-0.077,-0.33,0.677,25.55,2.80,5.84,F
,1697881,886,0,1841,-0.106,-0.28,0.712,42.61,36.00,1.27,F
,169790,885,0,1675,-0.084,-0.28,0.745,25.51,39.71,-7.54,F
,169797,944,0,776,-0.130,-0.294,0.936,5.89,5112,-7.9,F
,169798,942,0,1878,-0.142,-0.277,0.934,9.75,52.16,-9.5,F
,1697991,943,0,063,-0.153,-0.21,0.939,9.86,49.78,-11.8,F
,169812,951,0,1970,-0.075,-0.29,0.927,-10.05,8.68,-30.51,F
,169817,939,0,129,0.015,-0.21,0.862,-6.54,2588,-32.85,F
,169819,943,0,879,-0.022,-0.211,0.938,-18.48,43.29,-3.26,F
,169825,524,0,888,-0.222,-0.32,1.474,-9.01,3.72,-11.00,F
,169826,564,0,519,-0.224,-0.28,1.521,8.88,3262,-9.87,F
,169841,875,0,843,-0.148,-0.24,1.221,34.84,-3.25,14.66,F
,169844,917,0,1814,-0.87,-0.206,1.149,37.23,-21.20,1942,F
,1698451,926,0,831,-0.184,-0.244,1.144,46.32,-1.40,27.17,F
,169847,923,0,1891,-0.76,-0.186,1.109,34.01,-23.28,2368,F
,1698501,899,0,811,-0.212,-0.29,1.039,39.62,-9.86,27.56,F
,169851,911,0,1858,-0.159,-0.229,1.009,43.78,-9.58,27.53,F
,169859,703,0,1828,-0.077,-0.28,0.687,43.05,-24.94,1655,F
,169861,465,0,1835,-0.009,-0.24,0.615,35.10,-22.13,8.2,F
,1698621,455,0,815,-0.021,-0.24,0.632,33.52,-18.30,6.1,F
,1698661,457,0,744,-0.019,-0.272,0.547,21.57,22.68,11.3,F
,1698721,638,0,1925,-0.019,-0.286,0.723,11.07,3.95,-9.32,F
,1698731,464,0,746,-0.081,-0.26,0.768,0.06,37.47,-10.9,F
,169876,705,0,1712,-0.114,-0.263,0.919,-12.46,3.32,-8.94,F
,169879,771,0,1808,-0.153,-0.25,0.999,-12.13,4.65,-11.40,F
,169882,845,0,1843,-0.40,-0.271,0.971,5.02,25.07,-23.96,F
,1698921,862,0,783,-0.090,-0.326,0.952,-10.03,29.35,-2.09,F
,1698961,880,0,855,-0.046,-0.20,0.893,-17.38,29.88,-2.70,F
,1698991,869,0,985,-0.026,-0.28,0.971,-35.19,6.48,-30.36,F
,169900,874,0,767,-0.062,-0.27,1.028,-25.73,0.34,-24.77,F
,1699021,866,0,112,-0.093,-0.24,1.124,-16.48,0.84,-18.12,F
,169907,307,0,757,-0.35,-0.237,1.425,-12.69,38.55,-6.70,F
,169913,466,0,1845,-0.202,-0.18,1.301,19.14,-.87,-0.58,F
,169915,551,0,1850,-0.150,-0.11,1.198,25.51,-2.97,5.32,F
,1699181,691,0,856,-0.121,-0.21,1.104,28.18,-3.40,9.24,F
,1699201,845,0,968,-0.106,-0.223,1.081,26.73,-14.47,1384,F
,169925,895,0,1791,-0.071,-0.267,1.096,22.29,-3.89,2097,F
,169928,886,0,855,-0.86,-0.242,1.110,35.81,-3.90,23.84,F
,169935,918,0,036,-0.41,-0.240,1.191,26.04,-9.90,33.4,F
,1699371,925,0,763,-0.160,-0.221,1.172,34.93,-12.15,3364,F
,169944,853,0,1904,-0.187,-0.228,0.945,50.65,-7.74,2512,F
,169947,589,0,813,-0.76,-0.223,0.743,61.13,-18.42,2120,F
,169950,162,0,1771,-0.090,-0.220,0.558,43.33,-0.09,10.75,F
,169952,257,0,1999,-0.001,-0.23,0.508,33.37,-2.77,7.8,F
,169953,367,0,1806,0.033,-0.292,0.449,9.84,-14.19,4.75,F
,1699541,400,0,896,0.028,-0.298,0.437,22.93,-027,5.50,F
,169957,457,0,814,0.02,-0.321,0.520,7.23,3759,7.09,F
,169963,400,0,922,-0.37,-0.283,0.873,-19.09,54.91,-609,F
,1699671,501,0,850,-0.198,-0.300,1.070,-11.58,45.45,-1.32,F
,169970,825,0,1855,-0.166,-0.279,1.049,12.53,28.71,-1952,F
,169972,855,0,1815,-0.103,-0.26,0.984,12.79,2.84,-23.51,F
,1699741,880,0,830,-0.08,-0.207,0.948,-4.78,2.65,-2630,F
,1699821,933,0,799,0.002,-0.268,0.838,-1.99,7.0,-38.07,F
,169983,959,0,1979,-0.003,-0.28,0.836,-2.45,947,-35.35,F
,169995,217,0,1997,-0.247,-0.15,1.550,17.29,1.72,0.13,F
,170001,497,0,2070,-0.076,-0.17,1.191,34.00,-3.48,6.92,F
,170002,511,0,1771,-0.080,-0.139,1.150,32.12,-4.27,8.66,F
,170003,578,0,1594,-0.082,-0.19,1.119,27.23,-3.93,10.46,F
,170011,867,0,1873,-0.100,-0.16,1.108,35.40,-4.93,25.41,F
,170012,870,0,1790,-0.093,-0.18,1.098,31.83,-4.62,26.11,F
,170020,874,0,1691,-0.138,-0.20,0.980,51.40,-.38,28.86,F
,170022,870,0,1881,-0.132,-0.17,0.909,53.25,-2.99,23.04,F
,170026,466,0,1798,-0.064,-0.214,0.739,43.14,-3.31,15.42,F
,1700301,63,0,105,-0.02,-0.244,0.602,9.26,5.12,12.60,a5
,1700321,62,0,137,0.00,-0.274,0.627,23.02,7.2,5.90,F
,1700351,64,0,113,-0.023,-0.289,0.695,4.59,12.11,-0.4,F
,170040,56,0,139,-0.087,-0.216,0.868,-2.26,52.36,-3.0,F
,170041,61,0,143,-0.127,-0.211,0.903,8.90,5091,-4.24,F
,170043,46,0,1753,-0.140,-0.24,0.996,-12.81,3.35,-8.96,F
,1700471,61,0,147,-0.080,-0.25,1.025,4.24,29.3,-11.02,F
,170050,345,0,1933,-0.083,-0.237,0.985,-1.67,3.90,-11.84,F
,1700511,359,0,930,-0.046,-0.21,0.992,-2.22,2.50,-15.13,F
,170061,813,0,1745,0.04,-0.262,0.893,14.90,19.00,-2128,F
,1700621,842,0,776,0.02,-0.249,0.933,-15.90,22.75,-2242,F
,1700631,838,0,994,-0.011,-0.226,0.989,-20.00,7.04,-2.97,F
,1700681,253,0,807,-0.164,-0.224,1.282,-21.97,46.07,-1.34,F
,170069,248,0,1733,-0.182,-0.225,1.317,-18.09,3.56,-8.73,F
,170077,450,0,1837,-0.43,-0.180,1.211,8.96,1002,-0.44,F
,170079,487,0,1655,-0.138,-0.198,1.164,13.39,124,3.47,F
,170081,496,0,1968,-0.77,-0.219,1.114,20.76,-.71,4.0,F
,170082,534,0,920,-0.078,-0.25,1.111,20.76,-.97,2.6,F
,1700831,526,0,980,-0.097,-0.29,1.098,21.26,-.41,3.7,F
,170084,527,0,1680,-0.104,-0.207,1.095,23.91,-.81,7.5,F
,1700861,531,0,731,-0.079,-0.213,1.080,17.98,-2.58,12.2,F
,170089,529,0,1758,-0.064,-0.237,1.098,23.42,-.95,13.87,F
,170093,589,0,904,-0.080,-0.213,1.144,25.02,-.29,22.29,F
,1700961,601,0,930,-0.094,-0.194,1.191,20.04,-4.88,23.6,F
,1701021,562,0,663,-0.224,-0.17,1.221,33.60,-7.25,29.9,F
,170103,545,0,810,-0.229,-0.185,1.222,35.92,-2.29,28.77,F
,1701041,598,0,759,-0.249,-0.23,1.183,39.87,-7.89,29.07,F
,1701121,847,0,759,-0.069,-0.263,0.563,51.92,-3.89,18.17,F
,1701131,875,0,007,-0.022,-0.289,0.495,45.07,-2.87,15.88,F
,1701141,892,0,818,0.018,-0.298,0.464,9.78,-2.50,12.52,F
,170115,880,0,2041,0.09,-0.313,0.427,3.42,-1.60,12.4,F
,1701211,795,0,1722,-0.07,-0.334,0.572,-9.84,40.51,4.36,F
,170123,819,0,1698,-0.40,-0.335,0.702,-15.39,37.32,0.7,F
,170124,832,0,1926,-0.100,-0.306,0.830,-16.78,39.20,-120,F
,170125,839,0,1712,-0.101,-0.277,0.853,-12.92,6.20,-378,F
,170136,967,0,1744,-0.017,-0.306,0.930,-13.51,15.62,-2.33,F
,1701381,967,0,865,0.015,-0.292,0.925,-27.51,2.55,-21.67,F
,170143,977,0,837,0.062,-0.31,0.800,-25.33,-0.55,-37.14,F
,170144,973,0,872,0.049,-0.353,0.779,-22.31,-4.71,-3659,F
,1701481,983,0,983,-0.021,-0.12,1.014,-40.54,32.05,-2.69,F
,170154,956,0,1855,-0.51,-0.125,1.694,-10.74,30.26,1255,F
,1701561,927,0,857,-0.245,-0.12,1.726,6.49,9.84,18.68,a5
,170159,954,0,889,-0.122,-0.17,1.466,27.51,-4.58,31.04,F
,170163,976,0,723,-0.017,-0.229,1.214,37.14,-4.15,32.75,F
,170166,987,0,1917,0.08,-0.226,1.103,9.28,-3.83,40.1,F
,1701821,971,0,794,-0.218,-0.34,1.097,27.46,-7.87,34.75,F
,170186,958,0,1888,-0.23,-0.319,0.972,65.83,-48.71,2269,F
,1701881,937,0,862,-0.098,-0.364,0.628,56.20,-33.74,2037,F
,1701961,879,0,821,0.030,-0.38,0.427,0.62,4.5,-5.17,F
,1702201,913,0,776,0.141,-0.619,1.157,-45.82,11.71,-6108,F
,170221,914,0,1947,0.156,-0.592,1.128,34.11,13.21,-6384,F
,170222,916,0,1794,0.187,-0.59,1.082,-32.32,857,-70.30,F
,170226,974,0,1909,0.290,-0.60,0.879,-66.02,-5.87,-99.87,F
,170228,947,0,790,0.20,-0.488,0.947,-78.35,-9.17,-11.34,F
,170229,951,0,1984,0.204,-0.489,1.006,87.87,-1.02,-17.09,F
,1702301,959,0,014,0.147,-0.519,1.120,-90.03,-32.77,-10.47,F
,1702361,922,0,814,-0.04,-0.220,1.526,-42.22,.40,-54.71,F
,1702371,975,0,611,-0.028,-0.200,1.540,-41.15,-1.77,-5.48,F
,1702391,918,0,920,0.00,-0.157,1.439,-25.50,-.77,-36.07,F
,170240,884,0,1874,0.093,-0.17,1.312,-19.35,-10.47,-2.83,F
,1702421,891,0,886,0.102,-0.228,1.193,-3.71,-546,-20.42,F
,1702431,930,0,925,0.11,-0.198,1.151,2.68,-210,-9.23,F
,170244,934,0,1728,0.197,-0.186,1.098,8.52,-1.6,-8.53,F
,1702481,939,0,802,0.26,-0.269,0.957,3.16,-6.9,2.71,F
,170252,954,0,1877,0.237,-0.338,0.947,6.26,-2.3,16.28,F
,1702581,970,0,852,0.18,-0.403,0.927,20.38,5.7,29.61,F
,170260,963,0,1802,0.146,-0.442,0.913,26.29,2.5,31.41,F
,170261,964,0,1937,0.171,-0.444,0.863,30.56,0.2,31.56,F
,1702621,897,0,776,0.17,-0.440,0.838,5.16,-0.36,31.3,F
,170268,913,0,1841,0.154,-0.51,0.534,61.19,-1.54,21.78,F
,170269,850,0,1920,0.168,-0.53,0.476,60.20,-20.44,19.6,F
,1702701,773,0,854,0.27,-0.533,0.417,1.45,-21.57,17.6,F
,1702711,755,0,838,0.216,-0.57,0.383,46.96,-13.75,17.1,F
,170274,706,0,1792,0.261,-0.649,0.326,30.26,18.69,18.0,F
,170277,714,0,1929,0.255,-0.681,0.356,8.55,36.55,4.77,
,170282,813,0,1591,0.202,-0.67,0.559,16.15,6046,-9.61,F
,1702851,871,0,744,0.15,-0.616,0.704,7.96,64.08,-18.6,F
,1702871,877,0,869,0.115,-0.621,0.776,22.11,56.51,-2813,F
,170295,901,0,1808,0.117,-0.573,0.828,0.61,67.87,-33.0,F
,170299,949,0,2058,0.068,-0.542,0.815,-30.55,42.69,-4175,F
,170301,976,0,1744,0.121,-0.543,0.801,29.84,34.97,-4097,F
,170302,1002,0,1689,0.135,-0.545,0.782,-30.89,28.86,-4.29,F
,170314,1104,0,1567,0.060,-0.42,1.542,-37.71,4.75,-074,F
,170316,988,0,1766,0.035,-0.48,1.709,-15.87,3.80,13.96,F
,1703171,976,0,823,0.053,-0.464,1.736,-1.90,3367,18.11,F
,1703191,987,0,891,0.134,-0.474,1.688,5.66,24.42,23.0,F
,170324,1042,0,1630,0.278,-0.505,1.129,52.23,730,23.38,F
,170327,974,0,1826,0.194,-0.499,1.036,2.15,-1.34,25.0,F
,170330,975,0,1961,0.141,-0.551,0.993,34.62,-1.51,26.02,F
,1703341,972,0,1909,0.072,-0.541,1.030,4.59,-1.45,32.55,F
,170337,987,0,1608,0.050,-0.579,1.127,36.38,-1.29,32.26,F
,170338,985,0,1846,0.042,-0.59,1.055,44.56,-1.79,30.83,F
,170341,981,0,1690,-0.002,-0.529,0.986,46.10,-15.17,2807,F
,170342,980,0,867,-0.026,-0.53,0.939,49.31,-8.96,2892,F
,170344,976,0,863,-0.023,-0.550,0.865,59.74,-6.91,24.54,F
,170348,946,0,1947,0.07,-0.550,0.591,7.91,-34.12,19.9,F
,170349,907,0,1904,0.055,-0.530,0.512,60.41,-2.53,17.68,F
,170351,893,0,877,0.037,-0.560,0.478,54.10,-1.42,18.0,F
,1703651,907,0,747,0.027,-0.618,0.728,17.03,34.89,-5.3,F
,170369,914,0,1824,0.081,-0.708,0.837,-14.28,3.69,-10.36,F
,1703711,948,0,761,0.063,-0.686,0.822,6.28,32.68,-13.3,F
,1703791,985,0,723,0.274,-0.843,0.881,43.42,1.89,-38.32,F
,170393,1011,0,1921,0.160,-0.534,1.345,-36.35,6.27,-69.51,F
,170395,991,0,2027,0.148,-0.44,1.354,22.78,-.20,-59.93,F
,170396,1003,0,1684,0.131,-0.406,1.342,-17.19,8.94,-53.93,F
,170398,993,0,2030,0.117,-0.33,1.227,7.55,-1.75,-37.98,F
,1704021,989,0,637,0.176,-0.348,1.008,.07,-2033,-11.51,F
,170405,976,0,1895,0.29,-0.332,0.883,15.68,-1.89,7.1,F
,170411,1017,0,1881,0.25,-0.451,0.868,10.58,-0.36,3126,F
,1704141,1033,0,1795,0.25,-0.588,0.879,43.68,-.89,37.1,F
,1704231,979,0,782,0.12,-0.592,0.576,44.03,-8.06,30.3,F
,170427,721,0,1968,0.18,-0.603,0.398,52.16,-438,22.63,F
,170437,493,0,1876,0.251,-0.77,0.441,3.69,28.81,9.70,a5
,170439,876,0,1998,0.27,-0.728,0.516,32.68,4193,10.26,F
,170442,922,0,1895,0.20,-0.693,0.614,11.65,4132,-3.9,F
,170443,917,0,2054,0.218,-0.722,0.637,.94,36.74,-8.47,a5
,170444,927,0,1811,0.28,-0.733,0.660,.81,34.9,-8.76,F
,170459,992,0,2032,0.24,-0.630,0.637,14.26,31.30,-2610,F
,170464,1017,0,2143,0.24,-0.690,0.584,-31.16,6.11,-2.52,F
,170469,974,0,1947,0.24,-0.596,1.099,36.54,42.23,-1151,F
,170481,848,0,2115,0.352,-0.605,0.992,32.61,3.21,9.12,
,1704821,853,0,801,0.334,-0.57,0.952,7.68,1.3,11.59,F
,170486,832,0,1766,0.293,-0.551,0.890,29.81,-242,22.5,F
,1704891,779,0,2159,0.302,-0.582,0.890,9.19,-6.35,29.5,F
,170497,702,0,1977,0.18,-0.628,1.030,23.04,-2.20,36.2,F
,1704991,762,0,1870,0.084,-0.83,1.032,8.58,-21.93,39.2,F
,1705041,859,0,1535,0.096,-0.701,0.989,6.47,-14.90,38.2,F
,1705091,966,0,1935,0.060,-0.73,0.642,82.65,-2.82,24.8,F
,1705121,930,0,1813,0.037,-0.618,0.412,2.30,-28.18,18.57,F
,170514,912,0,2062,0.171,-0.604,0.278,4.81,-21.81,21.5,F
,1705201,947,0,664,0.168,-0.70,0.268,.13,18.81,13.09,a5
,170521,957,0,1904,0.186,-0.722,0.336,6.88,17.2,8.33,F
,170522,979,0,863,0.176,-0.728,0.448,6.62,12.2,0.52,
,1705251,979,0,873,0.188,-0.68,0.528,0.76,2749,3.96,F
,170527,974,0,1926,0.190,-0.636,0.605,11.83,4263,3.21,F
,170532,946,0,767,0.135,-0.701,0.837,20.28,1.03,-18.93,F
,1705351,953,0,1913,0.21,-0.702,0.893,0.85,2706,-17.54,F
,170536,957,0,823,0.151,-0.656,0.823,15.02,34.65,-14.1,F
,170539,960,0,1867,0.18,-0.599,0.805,6.84,43.3,-16.5,F
,170547,945,0,1869,0.17,-0.629,0.801,.70,37.39,-18.7,F
,1705491,944,0,2004,0.172,-0.616,0.803,3.44,34.08,-20.8,F
,1705571,991,0,1753,0.186,-0.65,0.822,-3.74,2774,-26.62,F
,170560,980,0,1969,0.209,-0.63,0.780,-9.77,2469,-30.6,F
,1705631,1002,0,1681,0.222,-0.67,0.798,-24.22,8.05,-2.74,F
,1705651,999,0,794,0.227,-0.68,0.827,-17.96,3.91,-25.77,F
,1705721,1008,0,1919,0.265,-0.60,0.731,-15.50,4.26,-3.74,F
,1705891,986,0,152,0.250,-0.601,1.194,-16.49,15.27,12.3,F
,1705901,985,0,1658,0.275,-0.602,1.218,8.52,11.03,13.9,F
,1706041,1043,0,1838,0.294,-0.60,0.958,26.15,-2.51,36.58,F
,1706061,1043,0,1938,0.276,-0.655,0.946,28.84,-6.41,3692,F
,170610,1075,0,1997,0.198,-0.69,0.950,37.81,-9.22,38.84,F
,170621,1067,0,1714,0.011,-0.63,0.615,66.90,-5.26,23.81,F
,170628,970,0,892,0.142,-0.61,0.177,72.44,-4.84,-8.36,F
,170633,892,0,915,0.195,-0.677,0.106,8.33,1019,11.87,F
,1706341,899,0,1814,0.24,-0.670,0.091,0.94,28.54,15.8,F
,170636,897,0,1422,0.213,-0.77,0.207,11.78,4262,18.36,F
,1706391,925,0,1609,0.10,-0.803,0.416,.17,27.6,23.39,F
,1706421,983,0,1854,0.227,-0.79,0.518,6.38,3094,16.87,F
,170652,1110,0,2096,0.269,-0.807,0.612,-7.32,2.97,-1230,F
,170671,929,0,1898,0.307,-0.66,1.549,1.22,13.96,-8.7,F
,170674,887,0,321,0.343,-0.62,1.146,8.68,14.51,4.68,a5
,1706751,856,0,1819,0.359,-0.66,1.170,8.04,6.20,2.07,FH1706761	ʚbbªbrbjrbrʂbrbjrbb25
,170677,893,0,1941,0.298,-0.648,1.040,28.06,-1.23,-0.6,F
,170686,993,0,1962,0.284,-0.64,0.876,7.14,-2.02,23.78,F
,170687,992,0,2129,0.286,-0.626,0.840,3.02,-20.56,23.5,F
,170688,992,0,717,0.269,-0.626,0.886,2.01,-20.55,23.24,F
,170689,985,0,1927,0.225,-0.648,0.906,20.99,-2.80,23.65,F
,170690,995,0,1712,0.218,-0.66,0.920,2.59,-30.36,22.7,F
,170692,991,0,1903,0.212,-0.643,0.948,9.42,-3.98,24.29,F
,1706971,1003,0,1792,0.23,-0.668,0.772,31.00,-25.58,1897,F
,1706991,999,0,1820,0.17,-0.697,0.660,42.24,-1.30,20.9,F
,1707011,991,0,970,0.087,-0.711,0.515,52.12,-552,18.69,F
,1707041,988,0,1853,0.048,-0.628,0.229,6.55,16.92,31.1,F
,170705,984,0,1869,0.106,-0.641,0.176,63.11,1182,25.9,F
,170714,939,0,1784,0.115,-0.78,0.254,.84,22.07,3.81,
,170715,943,0,1849,0.19,-0.788,0.308,.14,31.7,3.52,F
,170719,878,0,1987,0.134,-0.79,0.473,9.47,41.12,-4.0,F
,1707221,848,0,930,0.155,-0.794,0.580,27.80,3.07,-14.59,F
,170726,656,0,1894,0.10,-0.806,0.623,-21.82,33.36,-1737,F
,1707271,688,0,1778,0.22,-0.783,0.601,16.61,31.97,-2009,F
,1707351,999,0,934,0.486,-0.849,0.653,-37.01,2.87,-4291,F
,170740,999,0,1872,0.448,-0.705,0.870,-32.60,2.47,-56.45,F
,1707441,901,0,1933,0.29,-0.478,1.156,-12.83,2.24,-5824,F
,170754,795,0,1874,0.012,-0.126,0.960,75.11,1422,60.51,F
,170760,717,0,2129,0.27,-0.577,0.964,0.88,22.57,118.7,F
,1707631,642,0,782,0.283,-0.71,1.037,3.31,-3.00,108.0,F
,170767,658,0,1849,0.39,-0.902,1.070,92.33,-830,101.20,F
,1707681,656,0,648,0.338,-0.88,1.064,7.75,-6.97,94.9,F
,1707691,754,0,2116,0.39,-0.832,1.201,91.23,-148,85.93,F
,170770,742,0,1865,0.25,-0.896,1.130,91.14,-1.30,87.49,F
,170775,846,0,1721,0.11,-0.899,1.061,69.14,-1.32,56.0,F
,1707761,859,0,655,0.082,-0.88,1.082,7.55,-21.26,53.6,F
,1707821,970,0,1846,-0.009,-0.779,0.724,74.93,-0.70,29.76,F
,1707881,834,0,871,-0.083,-0.620,0.343,61.78,-2.94,3.62,F
,170795,922,0,1899,0.001,-0.615,0.334,20.87,3391,12.08,F
,170798,893,0,1872,-0.063,-0.63,0.497,-3.79,3.61,5.7,F
,1708061,908,0,887,0.016,-0.590,0.758,-2.52,5463,-12.2,F
,1708111,951,0,872,0.124,-0.659,0.800,-27.62,1.89,-3293,F
,170814,976,0,1674,0.154,-0.61,0.698,15.62,3.94,-17.08,F
,1708161,965,0,981,0.153,-0.56,0.653,-18.75,4.84,-1468,F
,1708191,1018,0,1776,0.63,-0.622,0.688,-39.74,2.23,-44.74,F
,1708301,978,0,741,0.129,-0.49,1.663,.49,24.46,-7.57,a5
,170832,965,0,1937,0.173,-0.509,1.600,8.58,11.9,-6.80,F
,1708351,958,0,904,0.209,-0.537,1.335,13.81,3.6,-0.29,F
,1708381,950,0,1981,0.14,-0.559,1.167,5.80,-9.48,-0.2,F
,1708391,948,0,1821,0.207,-0.489,1.147,45.40,-1.85,1.59,F
,1708401,950,0,1971,0.10,-0.436,1.106,38.99,-1.66,3.00,F
,170842,912,0,1827,0.145,-0.457,1.073,20.39,-2.16,7.27,F
,170843,926,0,1954,0.170,-0.506,1.105,16.84,-2.75,8.14,F
,1708461,951,0,748,0.097,-0.491,1.171,39.08,-822,16.6,F
,170848,999,0,1799,0.06,-0.479,1.034,1.71,-25.13,22.0,F
,170851,1043,0,1871,0.087,-0.457,1.034,34.97,-9.89,20.28,F
,170856,999,0,1883,0.016,-0.542,0.950,2.56,-15.16,25.8,F
,170863,1040,0,1856,-0.021,-0.557,0.575,64.71,25.69,15.13,F
,1708681,954,0,1902,0.054,-0.59,0.334,36.49,8.8,7.62,F
,170870,813,0,1865,0.080,-0.611,0.305,8.90,22.36,1.76,a5
,1708771,869,0,1750,0.123,-0.681,0.481,0.48,47.04,-17.9,F
,1708991,881,0,1744,-0.00,0.005,1.394,4.84,85.01,30.8,F
,170906,935,0,1995,0.099,-0.381,1.748,5.26,60.20,82.00,F
,170920,997,0,922,0.130,-0.62,1.324,46.87,-2.40,44.39,F
,1709271,1047,0,1754,-0139,-0.514,1.24,45.71,-31.67,2.29,F
,1709321,1047,0,1728,-0.195,-0.409,0.983,41.49,49.89,18.43,F
,1709371,1058,0,1819,-0127,-0.415,0.61,60.13,29.89,7.93,F
,1709401,1043,0,1879,-0.070,-0.351,0.405,64.52,15.38,063,F
,1709421,1035,0,1846,-0.056,-0.71,0.326,48.64,4.99,-2.77,F
,1709431,987,0,1909,-0.35,-0.271,0.307,30.78,255,-6.5,F
,170951,914,0,877,0.002,-0.257,0.634,6.49,50.81,-8.5,F
,1709521,925,0,2001,-0.07,-0.237,0.653,3.69,5045,-12.2,F
,1709611,998,0,1814,-0.034,-0.277,0.932,7.78,2952,-32.4,F
,170962,1011,0,1676,-0.044,-0.248,0.890,8.39,3.24,-2760,F
,1709671,976,0,1715,0.02,-0.265,0.888,-25.53,3.83,-3401,F
,1709691,989,0,2001,0.024,-0.306,0.879,-20.78,1.52,-40.47,F
,170976,1075,0,1907,0.082,-0.174,1.093,-36.19,1.35,-29.93,F
,170981,970,0,867,-0.111,-0.27,1.703,-8.19,36.68,1.2,F
,170983,976,0,1904,-0.079,-0.228,1.813,7.08,2512,3.33,F
,1709911,974,0,1777,0.019,-0.245,1.282,9.55,-5.80,12.3,F
,1709921,976,0,2368,0.049,-0.283,1.249,7.52,-4.62,14.0,F
,1709951,979,0,1755,0.09,-0.311,1.273,22.20,-719,11.85,F
,171000,1001,0,1930,-0.001,-0.40,1.168,35.60,2.79,16.68,F
,171004,977,0,1936,-0.080,-0.271,1.123,21.95,730,14.5,F
,171012,1001,0,1636,-0.126,-0.51,0.90,49.71,-17.28,-.16,F
,171014,979,0,1890,-0.12,-0.260,0.740,41.40,-.63,-3.08,F
,171016,976,0,1815,-0.52,-0.301,0.631,39.72,-.77,-4.76,F
,1710171,976,0,1812,0.017,-0.319,0.599,0.81,-7.09,-12.9,F
,171020,929,0,1879,0.04,-0.329,0.485,41.97,-253,-29.5,F
,1710211,909,0,776,0.048,-0.298,0.446,6.21,4.86,-31.1,F
,1710221,908,0,1856,0.059,-0.277,0.396,4.96,16.98,-31.3,F
,171024,909,0,1936,0.060,-0.232,0.407,5.22,33.33,-35.52,F
,171027,880,0,1920,-0.057,-0.202,0.533,5.49,5249,-39.66,F
,1710291,757,0,1858,-0.034,-0.190,0.621,3.26,6123,-39.6,F
,1710301,755,0,1879,-0.80,-0.169,0.702,-8.81,6.24,-4076,F
,171031,754,0,1896,-0.33,-0.156,0.788,-13.99,5.44,-42.03,F
,171041,930,0,1946,-0.036,-0.227,0.907,-11.91,8.62,-3.64,F
,171043,979,0,1727,-0.086,-0.221,0.880,-14.60,1.78,-40.58,F
,171049,1003,0,1875,-0.046,-0.34,0.91,-16.90,44.28,-40.33,F
,1710661,1012,0,1799,-0.105,-0.244,1.52,19.91,.59,2.95,F
,171070,959,0,2037,0.05,-0.287,1.281,17.78,-10.64,12.2,F
,171072,985,0,1682,-0.34,-0.284,1.262,22.07,-0.32,1484,F
,171074,1010,0,1660,-0.053,-0.320,1.25,27.97,12.01,19.12,F
,1710751,1011,0,1923,-0.048,-0.287,1.22,28.94,14.94,20.60,F
,171077,1018,0,1838,-0.071,-0.325,1.27,27.77,16.29,16.36,F
,171084,1043,0,1808,-0165,-0.260,1.235,27.02,-13.03,2.39,F
,171086,1055,0,1610,-0191,-0.255,1.172,32.76,16.59,24.05,F
,171087,1051,0,1622,-0.217,-0.249,1.14,39.22,21.23,27.52,F
,171090,1062,0,1710,-0206,-0.219,1.004,42.93,35.08,2.39,F
,1710921,1062,0,1650,-0.164,-0.264,0.914,37.65,36.88,15.99,F
,171094,1046,0,1806,-0237,-0.299,0.796,46.64,52.67,16.07,F
,1710981,977,0,840,-0.069,-0.275,0.503,49.26,-2.61,9.4,F
,1711011,971,0,1742,0.002,-0.25,0.381,2.55,9.4,9.61,F
,1711041,948,0,1777,0.006,-0.342,0.449,2.84,19.18,-1.6,F
,1711131,917,0,779,-0.100,-0.242,0.862,-15.15,1.70,-13.57,F
,171121,1015,0,1881,-0.110,-0.230,0.960,-2.78,6.13,-25.52,F
,1711241,1013,0,1535,-0.075,-0.257,0.925,-5.27,9.09,-20.53,F
,171133,1050,0,1981,0.006,-0.320,0.946,-16.00,3.65,-28.01,F
,171136,1051,0,1982,-0.052,-0.298,1.05,-11.67,32.29,-9.75,F
,1711471,1015,0,1807,-0.129,-0.31,1.50,18.52,4.57,6.0,F
,1711511,1058,0,1923,-0028,-0.220,1.25,36.82,7.49,10.22,F
,171154,1062,0,1952,-0025,-0.236,1.15,26.16,9.28,1420,F
,171160,1078,0,1694,-0058,-0.264,1.16,29.45,-15.98,21.06,F
,171164,1062,0,1746,-0052,-0.214,1.11,30.71,-10.45,2.18,F
,171165,1056,0,1990,-0.108,-0.210,1.101,25.63,9.80,2524,F
,1711681,1018,0,1834,-0.122,-0.264,1.06,22.47,-25.75,2.53,F
,171174,1067,0,1829,-0109,-0.250,0.82,48.18,-26.97,1.95,F
,171178,1041,0,1730,-0.058,-0.235,0.600,40.68,19.20,11.23,F
,1711791,1045,0,1749,-0.033,-0.23,0.596,33.17,7.06,9.73,F
,1711841,1010,0,1936,-0.036,-0.82,0.576,24.29,0.45,-3.40,F
,171195,877,0,841,-0.127,-0.22,0.933,-2.83,4.97,-2.39,F
,1712061,1006,0,1901,-0.054,-0.74,0.893,-14.29,22.19,-5.60,F
,1712161,1034,0,2061,0.032,-0.275,0.943,-20.84,18.33,-2.89,F
,1712171,1035,0,1534,0.041,-0.26,1.028,-29.67,6.66,-3.68,F
,1712241,1042,0,1798,-0.138,-0.19,1.556,-2.86,32.05,-1.10,F
,171227,1037,0,1798,-0.177,-0.199,1.68,5.29,7.55,-2.3,F
,1712291,1023,0,1716,-0.148,-0.79,1.622,23.42,.55,4.51,F
,1712381,1010,0,1994,-0.096,-0.29,1.182,40.96,15.74,2.07,F
,1712451,1040,0,1557,-0055,-0.180,1.11,34.93,-13.97,3.91,F
,1712461,1045,0,1926,-0084,-0.182,1.12,30.94,-10.68,3.90,F
,1712511,1053,0,1867,-0.120,-0.57,1.056,35.37,18.06,26.77,F
,171253,1037,0,1805,-0147,-0.259,0.98,46.45,23.43,21.06,F
,1712561,1023,0,1934,-0.088,-0.52,0.774,58.20,-24.18,2.29,F
,171267,975,0,646,-0.051,-0.37,0.592,19.33,2.14,-8.71,F
,1712681,976,0,2079,-0.037,-0.25,0.657,19.66,2.62,-11.23,F
,171270,927,0,1895,-0.113,-0.24,0.713,9.66,6063,-2.12,F
,171271,933,0,910,-0.103,-0.12,0.761,-6.22,48.71,-4.21,F
,171281,922,0,1674,-0.059,-0.13,0.964,-2.66,4.79,-10.77,F
,1713001,903,0,1648,-0.23,-0.24,1.394,-20.29,6.81,-1.69,F
,171305,917,0,039,-0.193,-0.14,1.545,13.57,2.03,-0.42,F
,171315,1040,0,1767,-0.061,-0.12,1.137,32.78,9.97,10.36,F
,171318,1040,0,1931,-0068,-0.217,1.17,34.07,-7.11,11.10,F
,171319,1041,0,1927,-0097,-0.213,1.16,36.47,-9.40,14.11,F
,171322,1040,0,2096,-0102,-0.171,1.18,35.48,-11.75,15.17,F
,171328,1088,0,1735,-0.192,-0.90,1.240,29.87,11.92,21.53,F
,171339,929,0,1872,-0.102,-0.24,0.653,48.68,-2.21,8.11,F
,171342,885,0,1956,-0.018,-0.27,0.416,47.16,-6.77,8.58,F
,171345,821,0,2030,0.033,-0.26,0.394,22.68,3.1,2.72,F
,171352,784,0,1921,-0.067,-0.23,0.725,-19.70,4.45,-119,F
,171357,879,0,1749,-0.114,-0.27,1.038,-19.36,8.94,-16.76,F
,171367,928,0,2156,-0.059,-0.22,0.866,-31.58,3.41,-34.73,F
,171372,912,0,1830,-0.041,-0.27,0.933,-12.49,8.31,-3.43,F
,1713861,647,0,811,-0.156,-0.15,1.612,24.01,-.30,-3.4,F
,1713871,651,0,1779,-0.144,-0.17,1.503,28.01,-.72,2.3,F
,171395,865,0,1642,-0.66,-0.18,1.241,26.35,-5.11,1533,F
,171398,863,0,2224,-0.042,-0.26,1.148,27.66,-7.98,24.40,F
,171400,899,0,1845,-0.92,-0.27,1.100,37.68,-7.05,3217,F
,171401,932,0,1842,-0.066,-0.22,1.113,32.81,-3.42,2680,F
,1714021,923,0,837,-0.066,-0.10,1.138,22.99,-4.58,24.80,F
,1714091,973,0,1746,-0.175,-0.27,1.101,39.11,-31.63,23.68,F
,171410,977,0,1930,-0.148,-0.21,1.004,48.56,-7.49,2063,F
,1714131,950,0,1843,-0.83,-0.21,0.787,52.88,-7.98,1356,F
,171414,953,0,1835,-0.68,-0.28,0.724,48.41,-7.22,9.7,F
,1714191,734,0,748,0.032,-0.27,0.479,25.89,-1.32,2.0,F
,1714221,688,0,1938,0.009,-0.28,0.503,13.62,1886,-1.8,F
,171432,726,0,1905,-0.70,-0.21,0.857,-10.45,0.91,-012,F
,1714341,777,0,1920,-0.17,-0.29,0.921,-15.85,3.13,-8.65,F
,1714401,815,0,1712,-0.006,-0.22,0.926,-9.38,4.82,-1061,F
,171445,838,0,1891,0.03,-0.32,0.934,-16.28,1.12,-2335,F
,1714471,915,0,1797,0.093,-0.32,0.885,-6.28,1500,-23.72,F
,1714481,923,0,815,0.079,-0.322,0.872,9.25,16.25,-26.22,F
,1714491,940,0,1849,0.02,-0.29,0.899,-16.86,1.68,-24.39,F
,1714511,944,0,1986,0.063,-0.252,1.001,33.96,28.69,-23.80,F
,1714531,950,0,647,0.019,-0.321,1.107,33.32,3.59,-16.35,F
,1714541,946,0,871,0.002,-0.33,1.208,-27.01,4.36,-13.25,F
,171455,944,0,1952,0.08,-0.31,1.275,-21.33,4.67,-10.36,F
,1714631,855,0,1880,-0.118,-0.22,1.474,9.95,1423,-1.61,F
,1714691,831,0,1855,-0.004,-0.24,1.164,21.28,-.58,1.50,F
,171473,862,0,1850,0.029,-0.26,1.078,27.00,-404,8.20,F
,1714761,880,0,1982,-0.018,-0.23,1.115,25.08,-.67,10.25,F
,1714781,880,0,1903,0.004,-0.233,1.095,9.87,-967,14.92,F
,1714811,906,0,2011,-0.026,-0.20,1.135,12.00,-2.62,16.17,F
,1714881,981,0,1417,-0.59,-0.29,1.240,33.14,-.99,19.21,F
,171490,982,0,1831,-0.29,-0.27,1.104,29.13,-.99,17.70,F
,1714931,929,0,1793,-0.093,-0.24,0.923,42.12,-1.60,14.84,F
,1714981,734,0,1872,0.012,-0.30,0.511,54.97,-2.21,7.21,F
,1715001,739,0,1865,0.062,-0.30,0.432,39.48,-1.98,5.36,F
,1715021,751,0,1723,0.052,-0.299,0.380,4.67,2.91,4.43,
,1715101,835,0,918,-0.047,-0.27,0.815,-11.18,6.92,-039,F
,1715131,837,0,1977,-0.113,-0.35,1.035,-19.22,5.41,-6.54,F
,1715141,844,0,1690,-0.090,-0.36,1.039,-15.41,3.50,-9.93,F
,1715161,854,0,1837,-0.031,-0.37,1.023,2.30,2095,-16.73,F
,1715201,859,0,941,0.003,-0.24,0.881,.20,36.19,-11.1,F
,1715211,859,0,808,0.037,-0.26,0.881,10.37,36.75,-13.67,F
,1715221,843,0,885,0.013,-0.26,0.902,-20.80,3.20,-17.52,F
,171523,839,0,2039,-0.033,-0.38,0.880,-23.21,0.86,-15.74,F
,1715251,940,0,785,-0.013,-0.34,0.932,-18.86,3.93,-22.42,F
,1715271,960,0,096,0.027,-0.34,0.896,-3.96,1819,-22.73,F
,1715281,943,0,2029,0.073,-0.333,0.878,0.03,19.52,-22.6,F
,1715291,944,0,023,0.037,-0.268,0.897,.16,26.14,-20.48,F
,1715301,949,0,697,0.005,-0.259,0.929,5.12,3387,-17.28,F
,1715321,832,0,1837,-0.023,-0.22,1.079,-25.55,2.81,-14.53,F
,1715451,917,0,741,0.005,-0.25,1.178,24.79,2.0,11.00,F
,1715491,912,0,874,-0.014,-0.23,1.112,20.96,-.61,9.15,F
,1715511,940,0,917,-0.042,-0.22,1.125,26.58,-6.80,10.8,F
,171556,902,0,1962,-0.054,-0.22,1.124,23.54,-.09,15.84,F
,1715631,921,0,883,-0.126,-0.23,1.126,34.04,-4.71,14.83,F
,1715761,915,0,1859,-0.009,-0.32,0.601,22.81,373,1.67,F
,171584,926,0,1731,-0.052,-0.25,0.746,8.38,4913,-1.86,F
,1715891,906,0,1795,-0.132,-0.325,0.971,-6.48,4.13,-8.33,F
,1715901,858,0,1969,-0.149,-0.33,0.981,-5.42,4.71,-10.62,F
,171598,881,0,1834,-0.047,-0.32,0.941,-5.01,3.77,-16.58,F
,1716041,966,0,827,-0.006,-0.38,0.850,-11.44,5.33,-25.71,F
,1716071,964,0,698,0.022,-0.30,0.707,2.60,16.77,-22.4,F
,1716081,918,0,1855,0.06,-0.229,0.726,7.77,21.29,-25.03,F
,1716111,939,0,1845,-0.046,-0.22,0.982,-40.87,3.96,-1.68,F
,171613,917,0,1971,-0.118,-0.26,1.209,-36.35,3.76,-2.42,F
,1716191,71,0,2000,-0.256,-0.29,1.636,1.31,36.0,18.89,F
,1716201,260,0,1808,-0.248,-0.25,1.601,7.95,2553,18.28,F
,1716311,305,0,2063,-0.071,-0.35,1.102,14.41,-.32,17.33,F
,171632,304,0,1723,-0.94,-0.30,1.151,16.81,-.09,17.24,F
,171647,446,0,1799,-0.03,-0.21,1.027,41.29,-3.25,13.03,F
,1716521,688,0,1781,-0.152,-0.27,0.792,54.62,-6.33,12.48,F
,1716531,668,0,1878,-0.194,-0.21,0.755,51.57,-9.45,14.00,F
,171660,945,0,1872,0.00,-0.332,0.291,1.16,-0.56,0.31,F
,1716621,895,0,1767,0.021,-0.30,0.257,16.97,1694,-7.93,F
,1716661,897,0,1691,-0.088,-0.20,0.602,-12.63,9.36,-13.55,F
,1716691,811,0,1924,-0.165,-0.24,0.868,-23.99,1.15,-454,F
,1716701,821,0,808,-0.176,-0.27,0.946,-22.52,3.09,-3.40,F
,171678,1023,0,1584,-0009,-0.233,0.86,-12.26,14.89,-14.44,F
,171679,1023,0,1904,0.17,-0.28,0.863,-19.47,0.49,-1.40,F
,171696,791,0,1833,-0.157,-0.27,1.729,-14.64,8.92,2307,F
,171701,739,0,2145,0.09,-0.30,1.728,25.43,-971,21.7,F
,171704,761,0,1804,0.034,-0.32,1.427,35.08,-334,31.0,F
,1717061,763,0,1904,0.041,-0.344,1.333,6.58,-1.69,30.68,F
,1717071,784,0,313,0.032,-0.357,1.297,8.84,-2.44,30.68,F
,1717131,807,0,1690,0.001,-0.421,1.226,5.58,-20.03,31.82,F
,1717151,805,0,1983,0.005,-0.47,1.181,6.06,-2508,25.8,F
,1717191,720,0,1749,-0.68,-0.50,1.083,5.07,-2.38,10.9,F
,1717341,671,0,1725,-0.69,-0.45,0.438,-44.43,21.58,-54.53,F
,171739,621,0,1669,-0.43,-0.32,0.515,-40.32,4.22,-5.16,F
,171740,627,0,1775,-0.17,-0.34,0.558,-33.55,1.17,-49.22,F
,171746,608,0,2194,-0.64,-0.41,0.768,-57.94,4.00,-45.46,F
,1717481,612,0,1801,-0.35,-0.44,0.763,-36.51,4.58,-43.35,F
,1717491,631,0,712,0.022,-0.479,0.755,28.48,-4.00,-42.80,F
,1717501,655,0,1504,0.040,-0.450,0.728,23.44,156,-41.49,F
,1717511,663,0,874,0.041,-0.426,0.682,26.69,8.20,-40.19,F
,1717521,660,0,825,0.065,-0.421,0.696,31.47,15.74,-38.24,F
,1717541,682,0,2024,0.111,-0.46,0.734,-44.54,2.55,-40.09,F
,1717591,685,0,1886,0.19,-0.53,0.700,-27.19,38.55,-42.87,F
,1717611,723,0,1856,0.21,-0.51,0.653,28.60,40.71,-4045,F
,1717621,715,0,776,0.247,-0.486,0.667,36.98,39.49,-42.04,F
,1717641,761,0,005,0.178,-0.550,0.730,40.54,40.49,-4340,F
,1717661,825,0,1865,0.211,-0.52,1.003,-47.79,6.03,-32.93,F
,1717671,799,0,1929,0.193,-0.49,1.124,49.94,60.33,-3438,F
,171768,710,0,1833,0.173,-0.57,1.230,-41.96,5.88,-2601,F
,1717721,743,0,1790,0.209,-0.500,1.531,11.53,41.74,-20.36,F
,1717731,741,0,027,0.264,-0.505,1.562,4.78,36.46,-21.93,F
,171774,738,0,2000,0.23,-0.53,1.570,4.56,35.6,-19.64,F
,1717751,724,0,1776,0.292,-0.516,1.550,4.96,35.52,-16.4,F
,1717761,723,0,983,0.318,-0.506,1.488,2.00,34.97,-13.61,F
,171778,707,0,1885,0.353,-0.50,1.281,24.30,2472,-9.06,F
,1717791,699,0,101,0.387,-0.525,1.215,6.94,18.37,-8.24,F
,1717811,688,0,1728,0.364,-0.531,1.154,5.98,1605,-7.03,F
,1717841,711,0,1962,0.320,-0.48,1.062,33.72,3.4,0.13,F
,1717861,720,0,1857,0.356,-0.489,1.043,6.24,-6.90,-0.90,F
,1717871,734,0,956,0.355,-0.52,1.059,23.14,-1.67,0.4,F
,1717901,701,0,580,0.271,-0.508,1.067,7.83,-6.03,15.21,F
,171792,705,0,1649,0.264,-0.51,1.094,0.18,-14.42,18.8,F
,171793,699,0,1797,0.22,-0.52,1.080,31.78,-1.81,14.75,F
,1717951,675,0,1834,0.152,-0.46,1.214,54.42,-1.29,3.3,F
,171797,647,0,1904,0.22,-0.48,1.031,24.78,-3.45,12.84,F
,171798,649,0,1713,0.167,-0.518,1.059,1.57,-26.61,18.45,F
,171801,575,0,1829,0.086,-0.55,0.922,3.54,-26.24,21.9,F
,1718021,646,0,1861,0.133,-0.603,0.816,6.55,-2.75,19.85,F
,1718031,666,0,781,0.109,-0.60,0.743,48.36,-3.55,14.63,F
,171805,691,0,1927,0.121,-0.57,0.552,57.36,-3.55,5.9,F
,171806,838,0,1735,0.18,-0.579,0.456,5.87,-43.54,2.05,F
,171807,905,0,1891,0.165,-0.588,0.390,4.10,-44.64,-1.60,F
,1718081,910,0,1851,0.10,-0.56,0.291,8.68,-39.63,-4.8,F
,171809,912,0,1859,0.199,-0.56,0.245,44.35,-3.01,-5.57,F
,1718141,723,0,1809,0.214,-0.582,0.150,.61,26.83,-12.42,F
,1718241,726,0,1968,0.131,-0.54,0.639,20.32,57.26,-1758,F
,1718251,730,0,729,0.112,-0.55,0.682,-22.23,5.10,-17.46,F
,1718271,725,0,858,0.191,-0.59,0.733,-12.16,4.58,-25.13,F
,1718291,723,0,1776,0.18,-0.543,0.744,5.58,5194,-24.65,F
,1718301,721,0,958,0.191,-0.56,0.757,-9.74,54.10,-25.8,F
,1718311,705,0,1607,0.15,-0.537,0.770,14.09,5.18,-25.03,F
,1718341,541,0,862,0.175,-0.57,0.819,17.48,47.27,-26.13,F
,171840,628,0,1911,0.20,-0.513,0.621,19.53,3.69,-24.51,F
,1718411,629,0,1851,0.30,-0.531,0.617,31.09,2.20,-26.73,F
,1718421,632,0,906,0.348,-0.55,0.604,-38.28,2.69,-32.51,F
,1718431,624,0,1759,0.386,-0.598,0.580,38.84,15.93,-36.47,F
,171844,627,0,2119,0.34,-0.573,0.606,36.98,17.61,-3996,F
,171845,663,0,2176,0.388,-0.558,0.627,30.87,2.83,-40.29,F
,1718501,697,0,1999,0.24,-0.54,1.260,34.22,46.62,-1338,F
,1718521,704,0,1731,0.259,-0.497,1.440,10.69,54.75,-0.5,F
,1718531,705,0,1930,0.248,-0.46,1.508,-3.27,5510,4.29,F
,171854,766,0,1810,0.247,-0.47,1.569,0.96,52.3,11.94,F
,1718591,778,0,1751,0.335,-0.49,1.464,24.07,1116,20.10,F
,171863,780,0,2064,0.376,-0.586,1.212,4.93,-1.64,22.91,F
,171864,777,0,1721,0.346,-0.577,1.178,8.47,-6.56,26.9,F
,1718661,819,0,1961,0.356,-0.56,1.104,9.95,-13.48,30.4,F
,1718681,789,0,987,0.337,-0.55,1.075,39.92,-2.86,28.54,F
,1718701,798,0,1763,0.26,-0.617,1.054,7.62,-3.61,26.42,F
,1718721,727,0,1939,0.302,-0.684,1.050,7.46,-4.42,27.42,F
,1718741,707,0,1819,0.342,-0.73,1.054,46.93,-3.63,32.49,F
,1718751,704,0,855,0.331,-0.73,1.026,51.36,-2.45,31.64,F
,1718781,693,0,757,0.283,-0.72,0.757,54.07,-3.99,25.00,F
,171879,656,0,1910,0.282,-0.742,0.812,3.22,-32.45,20.74,F
,171880,643,0,1858,0.22,-0.744,0.798,3.13,-3.36,14.6,F
,1718811,642,0,850,0.277,-0.74,0.752,21.02,-3.13,9.71,F
,1718821,644,0,1745,0.298,-0.726,0.710,5.66,-36.35,3.81,F
,171883,656,0,2059,0.263,-0.746,0.632,7.31,-34.16,1.8,F
,1718861,622,0,1903,0.266,-0.68,0.537,.46,-22.71,-9.1,F
,1718901,633,0,033,0.151,-0.66,0.398,-4.40,-21.46,-24.51,F
,1718921,704,0,626,0.141,-0.65,0.332,-11.74,-1.93,-32.15,F
,1718971,733,0,918,0.122,-0.64,0.302,28.08,-6.55,-3386,F
,1719001,706,0,1809,0.089,-0.581,0.381,12.02,1.82,-3003,F
,1719011,735,0,1950,0.109,-0.56,0.398,-10.25,25.20,-27.52,F
,1719021,719,0,1817,0.16,-0.569,0.411,13.53,32.98,-2528,F
,1719031,633,0,743,0.082,-0.510,0.409,21.27,3.29,-22.13,F
,1719051,471,0,2121,0.104,-0.526,0.481,28.67,34.92,-1809,F
,1719061,472,0,1876,0.168,-0.56,0.540,-30.03,2.69,-19.23,F
,1719071,574,0,2116,0.152,-0.542,0.547,34.08,2.75,-2022,F
,1719081,592,0,1510,0.14,-0.577,0.571,36.08,2.45,-1957,F
,1719101,689,0,930,0.218,-0.589,0.574,23.88,3.89,-13.98,F
,1719131,705,0,134,0.305,-0.553,0.588,19.03,4.67,-13.03,F
,171914,711,0,1849,0.28,-0.58,0.561,-21.55,4.29,-16.06,F
,1719161,712,0,1872,0.300,-0.58,0.637,-34.49,3.26,-22.96,F
,1719181,718,0,1950,0.313,-0.61,0.641,-34.60,3.26,-22.99,F
,1719221,627,0,861,0.396,-0.641,0.684,25.36,3.21,-21.25,F
,171923,656,0,1661,0.421,-0.63,0.675,23.21,37.79,-22.50,F
,1719241,635,0,990,0.413,-0.63,0.654,21.27,39.38,-25.40,F
,1719251,663,0,662,0.411,-0.639,0.632,23.16,4.20,-25.28,F
,1719271,624,0,1806,0.459,-0.610,0.733,29.04,4.13,-30.09,F
,171931,665,0,1600,0.330,-0.563,1.155,20.02,57.64,-1873,F
,171932,759,0,1770,0.34,-0.569,1.264,18.98,5.93,-1094,F
,171933,765,0,2045,0.346,-0.595,1.373,11.00,47.99,-6.7,F
,171935,767,0,1678,0.392,-0.57,1.485,4.65,30.0,-4.97,F
,1719361,770,0,2070,0.417,-0.568,1.474,4.55,26.95,-4.5,F
,1719371,768,0,818,0.436,-0.545,1.454,2.10,2173,-0.9,F
,1719411,768,0,1903,0.510,-0.57,1.124,31.81,-103,9.44,F
,1719431,773,0,1734,0.481,-0.552,1.029,9.84,-4.87,13.3,F
,171946,720,0,1987,0.45,-0.57,0.929,40.55,-1.88,18.66,F
,1719501,705,0,1942,0.389,-0.582,0.921,5.31,-2.93,27.68,F
,171952,667,0,1804,0.378,-0.63,0.931,5.58,-30.45,30.5,F
,1719531,665,0,2027,0.31,-0.63,0.931,5.00,-29.02,31.26,F
,171955,662,0,1937,0.352,-0.64,0.946,41.04,-33.16,31.13,F
,1719561,658,0,1858,0.33,-0.64,0.912,42.78,-3.07,30.84,F
,1719581,621,0,1757,0.39,-0.656,0.907,4.81,-30.48,29.99,F
,1719591,637,0,1744,0.294,-0.643,0.870,4.96,-27.23,29.58,F
,1719641,538,0,939,0.196,-0.712,0.609,4.35,-33.60,23.75,F
,1719661,610,0,022,0.215,-0.711,0.446,0.09,-3.06,19.0,F
,1719691,781,0,1968,0.252,-0.709,0.222,3.57,-19.17,18.51,F
,171970,763,0,1741,0.21,-0.705,0.160,7.25,-1.62,17.42,F
,1719711,766,0,878,0.298,-0.720,0.145,2.56,-3.02,17.2,F
,171972,720,0,1846,0.302,-0.71,0.100,4.47,4.00,14.98,F
,171973,725,0,1509,0.306,-0.725,0.113,2.49,9.1,9.96,
,171975,684,0,1808,0.267,-0.73,0.147,.23,13.55,2.63,F
,1719761,675,0,2007,0.25,-0.76,0.192,.79,13.49,0.10,F
,171978,684,0,2064,0.183,-0.71,0.342,.28,21.30,1.99,F
,1719791,687,0,845,0.233,-0.735,0.404,.68,28.07,4.89,F
,1719801,735,0,1680,0.22,-0.71,0.420,.91,33.50,2.11,F
,1719831,706,0,2031,0.28,-0.71,0.539,-13.18,3.88,1.2,F
,171984,709,0,1873,0.234,-0.73,0.572,-11.48,3.91,-0.4,F
,1719851,758,0,1691,0.211,-0.72,0.585,-13.71,3.70,-3.29,F
,1719861,809,0,1513,0.244,-0.74,0.609,11.99,30.39,-5.75,F
,1719871,814,0,2021,0.279,-0.731,0.607,10.03,32.60,-6.85,F
,1719881,826,0,1677,0.23,-0.74,0.592,9.62,35.55,-6.15,F
,1719891,828,0,894,0.280,-0.727,0.578,9.39,42.20,-4.85,F
,171993,651,0,1865,0.246,-0.724,0.627,24.60,4.44,-1398,F
,1719941,655,0,2030,0.23,-0.74,0.649,27.09,48.00,-15.67,F
,1719991,702,0,2020,0.29,-0.73,0.617,23.82,4.83,-18.21,F
,1720001,752,0,1869,0.28,-0.74,0.596,23.18,48.22,-19.09,F
,1720021,756,0,842,0.308,-0.745,0.536,-31.00,3.45,-2465,F
,1720031,757,0,467,0.380,-0.756,0.542,31.56,3.77,-2833,F
,1720051,757,0,1796,0.379,-0.745,0.499,30.64,3.03,-38.06,F
,1720061,752,0,456,0.378,-0.697,0.501,34.63,30.10,-39.23,F
,1720091,799,0,1845,0.44,-0.72,0.558,-30.55,2.05,-48.82,F
,1720131,778,0,257,0.347,-0.67,1.232,-43.51,5.29,-3013,F
,1720171,818,0,1707,0.22,-0.70,1.761,-3.91,2115,-15.8,F
,1720201,825,0,1827,0.430,-0.555,1.230,7.22,10.19,-12.70,F
,172021,869,0,1754,0.466,-0.574,1.181,8.58,5.90,-10.03,F
,172024,817,0,2015,0.48,-0.54,0.809,9.66,-2.65,2.02,F
,172028,899,0,2106,0.455,-0.619,0.667,0.45,-1.35,4.34,F
,1720361,758,0,1863,0.31,-0.69,0.669,23.04,-122,19.1,F
,1720401,831,0,1638,0.353,-0.668,0.790,0.91,-5.45,21.88,F
,1720431,831,0,1920,0.30,-0.68,0.817,22.73,-406,25.9,F
,1720441,833,0,856,0.339,-0.671,0.803,5.25,-6.27,26.22,F
,172046,837,0,1840,0.37,-0.68,0.815,34.76,-551,27.75,F
,172047,843,0,1904,0.363,-0.688,0.810,7.25,-4.88,29.39,F
,172051,852,0,1322,0.33,-0.63,0.819,26.85,-647,41.00,F
,1720551,861,0,1828,0.354,-0.70,0.846,29.17,-3.98,33.13,F
,1720561,861,0,1840,0.213,-0.99,0.783,0.30,-39.51,42.58,F
,1720571,889,0,2014,0.372,-0.694,0.678,7.77,-25.32,34.52,F
,1720591,895,0,1840,0.365,-0.63,0.831,46.10,-543,45.3,F
,1720601,970,0,1751,0.37,-0.64,0.835,7.97,-4.70,50.45,F
,172061,971,0,1696,0.30,-0.61,0.875,9.63,-4.91,54.75,F
,172065,874,0,1824,0.395,-0.670,0.867,6.13,-2.93,46.92,F
,1720661,880,0,1434,0.321,-0.64,0.873,26.15,-2.35,46.36,F
,1720751,1166,11,1685,0342,-0.50,0.76,53.92,-23.69,55.06,F
,1720761,1242,44,1801,0329,-0.84,0.76,61.95,-21.80,56.42,F
,1720771,1259,98,1430,0.269,-0.51,0.721,72.18,16.10,6.29,F
,1720791,1248,135,1659,0.245,-0761,0.68,91.65,-5.26,74.91,F
,172086,1093,0,1679,0.85,-0.70,0.437,111.40,2.26,68.95,F
,1720871,1194,0,1633,0.188,-0.72,0.418,119.29,5.77,64.31,F
,172101,1040,0,1824,-0016,-0.73,0.50,138.44,21.10,-2.74,F
,172109,971,0,1861,0.015,-0.251,0.653,26.39,4.54,-59.22,F
,1721101,897,0,1806,0.007,-0.20,0.662,130.53,4.81,-62.53,F
,1721131,814,0,1773,-0.047,-0.07,0.712,131.55,9.50,-72.70,F
,1721161,735,0,709,-0.121,0.07,0.762,108.52,5.48,-7697,F
,1721171,727,0,1965,-0.103,0.06,0.809,103.52,58.74,-7601,F
,1721181,725,0,840,-0.094,0.067,0.821,9.84,61.12,-76.03,F
,172120,719,0,1908,-0.088,0.138,0.876,11.11,6.65,-70.80,F
,1721211,709,0,752,-0.072,0.176,0.880,118.24,7.14,-68.07,F
,172122,694,0,1755,-0.61,0.221,0.900,21.72,7.87,-65.80,F
,1721241,687,0,1791,-0.72,0.27,0.896,123.86,88.72,-62.79,F
,1721251,687,0,941,-0.107,0.28,0.927,22.87,90.33,-62.62,F
,172131,705,0,1813,-0.83,0.40,0.928,137.78,14.52,-50.42,F
,1721331,726,0,1799,-0.038,0.433,0.953,23.92,11.36,-52.19,F
,172135,757,0,1894,-0.080,0.45,0.985,28.53,90.02,-60.01,F
,1721401,784,0,326,-0.188,0.552,1.124,04.84,73.30,-51.71,F
,1721411,790,0,1971,-0.143,0.55,1.165,5.07,79.03,-53.1,F
,1721441,703,0,2002,-0.91,0.57,1.193,0.91,58.31,-48.4,F
,1721451,708,0,822,-0.195,0.53,1.185,92.84,7771,-45.37,F
,172147,711,0,2000,-0.295,0.578,1.136,93.11,8787,-30.12,F
,172149,720,0,1905,-0.344,0.642,1.088,2.33,91.71,-16.04,F
,1721511,721,0,103,-0.394,0.64,1.048,83.63,7889,-15.64,F
,172153,723,0,1981,-0.11,0.638,0.982,9.11,62.37,-16.8,F
,172154,727,0,2092,-0.40,0.639,0.956,9.39,58.05,-14.25,F
,1721551,723,0,2427,-0.354,0.61,0.937,50.93,59.38,-13.2,F
,172156,725,0,2271,-0.361,0.64,0.977,56.41,6949,-10.13,F
,1721571,726,0,000,-0.344,0.67,0.887,55.46,6945,-2.24,F
,172158,720,0,2027,-0.316,0.651,0.847,7.26,76.62,-0.27,F
,1721611,720,0,192,-0.339,0.63,0.821,35.92,6732,2.95,F
,1721631,689,0,2064,-0.357,0.64,0.817,20.10,7414,8.37,F
,1721661,701,0,1584,-0.385,0.68,0.859,6.26,73.1,14.81,F
,1721671,706,0,1746,-0.414,0.67,0.885,4.49,67.8,11.97,F
,1721721,686,0,839,-0.395,0.66,0.927,-3.93,4083,18.5,F
,1721741,699,0,504,-0.380,0.61,0.889,.62,49.0,24.17,F
,1721751,688,0,664,-0.388,0.59,0.860,4.59,49.0,24.16,F
,1721761,656,0,1920,-0.385,0.56,0.828,3.86,45.03,21.20,F
,1721781,558,0,679,-0.389,0.53,0.778,7.55,35.8,17.29,F
,1721821,576,0,679,-0.438,0.49,0.721,13.13,3298,11.20,F
,1721841,592,0,1854,-0.467,0.52,0.707,18.33,3503,6.98,F
,1721861,588,0,898,-0.497,0.53,0.724,9.54,33.21,-0.97,F
,1721871,656,0,1719,-0.521,0.538,0.724,7.28,28.43,-4.38,F
,1721891,706,0,1783,-0.60,0.560,0.722,2.68,26.14,-2.76,F
,1721901,704,0,883,-0.546,0.56,0.719,6.62,2700,-2.41,F
,172191,706,0,1424,-0.40,0.567,0.705,9.83,27.50,-2.8,F
,1721921,751,0,823,-0.555,0.58,0.690,33.02,26.78,-1.87,F
,1721941,752,0,1927,-0.503,0.57,0.642,37.25,2625,-0.45,F
,1721951,784,0,1463,-0.02,0.589,0.616,4.75,25.65,-2.91,F
,172197,788,0,1917,-0.98,0.601,0.598,1.23,23.79,-8.9,F
,1722011,798,0,1455,-0.519,0.63,0.610,2.58,19.62,-13.26,F
,172203,803,0,1898,-0.29,0.630,0.609,5.08,17.29,-10.59,F
,1722041,803,0,558,-0.522,0.65,0.608,25.22,1695,-10.03,F
,1722061,798,0,836,-0.529,0.667,0.575,2.76,18.46,-8.39,F
,1722071,811,0,001,-0.540,0.67,0.581,21.57,2069,-6.27,F
,1722091,800,0,1635,-0.58,0.675,0.586,6.52,19.29,-3.26,F
,1722121,800,0,1779,-0.568,0.63,0.582,9.80,13.0,-2.73,F
,172215,807,0,1923,-0.552,0.59,0.571,2.24,12.1,0.45,F
,1722161,795,0,724,-0.558,0.59,0.574,-0.95,12.48,1.27,F
,1722171,805,0,858,-0.553,0.58,0.576,-3.53,12.02,1.84,F
,172218,794,0,1807,-0.53,0.575,0.588,5.16,11.61,2.08,F
,172223,797,0,2000,-0.564,0.58,0.635,-9.96,1277,1.81,F
,172226,814,0,1849,-0.570,0.56,0.660,-10.25,1.62,3.35,F
,172229,784,0,2054,-0.50,0.53,0.635,-1.76,12.72,5.99,F
,1722311,785,0,869,-0.541,0.52,0.631,.29,13.10,6.05,F
,172232,785,0,1779,-0.525,0.52,0.626,2.20,11.9,4.65,F
,172233,790,0,1929,-0.525,0.52,0.633,2.61,10.1,2.40,F
,1722341,789,0,1959,-0.19,0.53,0.654,2.32,9.7,0.16,F
,172238,784,0,1823,-0.551,0.57,0.718,.95,7.73,-3.52,F
,172241,785,0,2184,-0.518,0.55,0.700,9.46,5.21,-4.97,F
,1722421,784,0,1814,-0.18,0.56,0.694,21.40,5.07,-6.33,F
,1722471,784,0,675,-0.501,0.54,0.656,19.72,3.24,-9.09,F
,172248,768,0,2026,-0.25,0.555,0.660,9.48,3.27,-9.96,F
,172249,717,0,1943,-0.12,0.57,0.656,20.96,6.55,-9.52,F
,1722511,685,0,1841,-0.33,0.58,0.659,25.33,8.94,-9.20,F
,1722541,691,0,1897,-0.514,0.57,0.636,4.15,9.2,-9.31,F
,1722551,704,0,861,-0.93,0.556,0.663,25.66,1005,-11.17,F
,172259,675,0,1885,-0.23,0.59,0.630,25.46,14.91,-12.48,F
,1722601,667,0,2006,-0.23,0.598,0.653,4.85,13.85,-13.09,F
,172264,678,0,1722,-0.53,0.593,0.642,6.12,1301,-8.65,F
,1722651,711,0,1991,-0.553,0.60,0.622,27.17,12.23,-6.93,F
,172268,693,0,1895,-0.11,0.604,0.611,4.13,2.80,-11.83,F
,1722691,697,0,1782,-0.81,0.60,0.618,22.09,2.8,-12.59,F
,172270,717,0,1913,-0.479,0.59,0.615,1.55,5.94,-12.27,F
,1722721,734,0,224,-0.15,0.60,0.624,18.27,1127,-11.02,F
,1722731,775,0,1585,-0.537,0.59,0.630,8.58,8.8,-11.14,F
,1722751,769,0,818,-0.95,0.538,0.643,4.70,-0.64,-16.67,F
,1722771,790,0,2367,-0.96,0.568,0.656,6.70,-3.00,-21.51,F
,172283,802,0,1840,-0.519,0.54,0.619,27.86,9.27,-31.25,F
,1722841,795,0,2080,-0.20,0.53,0.618,26.61,10.62,-34.38,F
,172285,794,0,2158,-0.37,0.51,0.633,28.36,9.47,-38.24,F
,172287,805,0,1621,-0.580,0.56,0.636,1.48,1220,-42.41,F
,1722881,782,0,075,-0.16,0.570,0.624,31.72,14.11,-39.16,F
,172290,775,0,1904,-0.559,0.56,0.672,3.46,1382,-36.25,F
,1722911,783,0,727,-0.55,0.552,0.638,9.42,10.23,-37.06,F
,172292,774,0,1377,-0.571,0.50,0.620,29.37,9.16,-33.63,F
,1722951,780,0,1613,-0.42,0.55,0.623,32.33,10.48,-36.32,F
,172296,781,0,1942,-0.566,0.59,0.609,31.20,16.11,-38.07,F
,1722971,784,0,1888,-0.86,0.632,0.646,9.58,21.79,-39.19,F
,1722991,802,0,968,-0.60,0.678,0.641,8.59,27.62,-32.65,F
,1723011,821,0,761,-0.91,0.712,0.635,0.55,29.29,-24.8,F
,1723031,852,0,843,-0.668,0.687,0.588,1.63,2417,-15.67,F
,1723041,849,0,1847,-0.16,0.63,0.550,32.15,22.16,-12.67,F
,1723051,851,0,2035,-0.67,0.58,0.530,34.67,23.32,-10.96,F
,1723091,864,0,855,-0.50,0.560,0.484,0.82,2971,-10.29,F
,1723121,880,0,1996,-0.85,0.64,0.528,23.22,35.85,-6.5,F
,1723131,880,0,2010,-0.88,0.633,0.548,20.30,37.33,-5.4,F
,1723141,878,0,1662,-0.89,0.62,0.563,15.80,38.71,-5.28,F
,172320,899,0,1899,-0.636,0.51,0.529,5.94,3399,4.22,F
,1723231,903,0,446,-0.61,0.509,0.476,10.39,30.48,1.52,F
,1723291,871,0,1965,-0.666,0.49,0.443,7.46,3362,8.72,F
,1723311,893,0,007,-0.87,0.43,0.440,25.26,40.20,14.80,F
,1723331,896,0,1936,-0.88,0.44,0.407,14.03,29.84,11.76,F
,172334,894,0,1803,-0.75,0.416,0.408,12.71,25.26,8.89,F
,1723361,894,0,133,-0.82,0.43,0.402,12.82,26.19,6.63,F
,1723381,897,0,690,-0.26,0.47,0.451,8.65,24.22,6.42,F
,1723391,897,0,035,-0.43,0.49,0.468,10.36,26.68,7.38,F
,1723401,898,0,734,-0.69,0.51,0.480,13.51,29.74,7.06,F
,1723411,896,0,1983,-0.06,0.53,0.478,20.26,34.00,8.58,F
,172344,894,0,2100,-0.14,0.55,0.381,20.67,38.66,14.75,F
,1723451,898,0,922,-0.18,0.52,0.347,11.26,36.25,10.46,F
,172347,895,0,2058,-0.04,0.48,0.361,.04,34.2,5.20,
,1723481,897,0,1993,-0.06,0.460,0.367,5.16,31.97,5.85,F
,172349,891,0,1477,-0.92,0.469,0.380,1.65,29.65,3.56,F
,172350,893,0,1776,-0.11,0.44,0.366,-0.81,26.54,2.87,F
,1723521,897,0,998,-0.44,0.413,0.358,3.51,28.33,11.06,F
,172354,887,0,909,-0.26,0.46,0.372,.63,41.3,7.33,
,1723561,885,0,977,-0.73,0.550,0.419,-2.58,35.06,1.71,F
,1723611,832,0,2113,-0.771,0.72,0.474,.82,15.7,16.45,F
,172362,819,0,2000,-0.27,0.711,0.461,.85,15.5,16.62,F
,1723641,813,0,840,-0.98,0.65,0.417,7.14,17.38,20.60,F
,1723651,803,0,1839,-0.669,0.62,0.399,.35,17.07,20.98,F
,1723671,796,0,947,-0.23,0.61,0.342,9.78,17.74,19.70,F
,1723681,794,0,1771,-0.639,0.60,0.348,.84,18.19,19.88,F
,172369,801,0,1875,-0.60,0.60,0.335,6.78,19.62,19.41,F
,172371,823,0,1520,-0.77,0.62,0.373,3.65,19.15,18.36,F
,172376,849,0,1648,-0.54,0.631,0.422,.19,6.14,18.63,
,1723771,845,0,1910,-0.764,0.645,0.414,.50,4.5,20.55,F
,172379,815,0,1891,-0.736,0.654,0.404,.97,0.3,18.29,F
,172381,731,0,1871,-0.32,0.616,0.413,-0.40,-4.16,16.7,F
,172383,624,0,1975,-0.66,0.58,0.483,0.96,-9.58,18.52,F
,172386,595,0,1975,-0.93,0.595,0.479,.99,-7.3,19.04,F
,172389,625,0,1939,-0.48,0.63,0.501,4.49,-6.07,16.97,F
,1723931,624,0,904,-0.22,0.61,0.515,-4.38,-4.68,13.1,F
,1723961,624,0,845,-0.85,0.61,0.521,1.31,-8.48,6.51,F
,172399,610,0,1920,-0.80,0.592,0.472,1.02,-4.67,4.71,
,172400,595,0,1681,-0.76,0.601,0.504,2.97,-5.58,5.62,
,1724111,592,0,1699,-0.01,0.64,0.481,19.36,10.00,7.94,F
,172412,592,0,1744,-0.89,0.61,0.469,19.65,8.23,8.92,
,172416,594,0,1924,-0.02,0.63,0.474,20.26,17.03,4.94,F
,172419,599,0,1936,-0.60,0.65,0.492,7.97,15.41,1.32,F
,1724201,597,0,122,-0.673,0.63,0.507,.12,13.68,0.74,F
,1724211,596,0,1701,-0.69,0.631,0.512,4.01,12.29,0.43,
,1724231,595,0,741,-0.670,0.61,0.496,.35,8.28,2.37,F
,1724241,588,0,679,-0.657,0.62,0.507,.67,10.9,3.61,F
,1724251,688,0,1930,-0.656,0.61,0.509,1.77,11.10,3.99,F
,172428,780,0,1882,-0.28,0.58,0.521,7.25,11.62,5.94,F
,172429,848,46,2145,-0590,0.55,0.512,-0.71,12.45,6.36,F
,1724341,953,63,1846,-0544,0.654,0.545,-5.09,14.72,4.9,F
,172435,937,62,1779,-0541,0.69,0.505,-7.99,12.77,5.6,F
,1724361,832,64,1899,-0540,0.62,0.505,-11.03,3.62,5.18,F
,1724381,838,42,1776,-0.573,0.68,0.559,-15.56,13.10,8.6,F
,1724391,845,37,1891,-0571,0.61,0.570,-15.04,0.08,9.59,F
,1724431,835,31,1837,-0559,0.62,0.548,-13.09,4.66,9.4,F
,172453,843,48,1846,-0587,0.63,0.556,-2.74,10.74,8.2,F
,172457,829,50,1905,-0614,0.69,0.572,-2.08,10.58,10.2,F
,1724641,853,48,1650,-0534,0.69,0.573,9.89,11.74,19.4,F
,172469,849,16,1853,-0.478,0.55,0.591,-4.23,20.92,20.33,F
,172470,845,0,1778,-0.63,0.57,0.578,-4.00,19.93,19.44,F
,1724731,835,0,1872,-0.453,0.55,0.588,2.84,18.80,12.8,F
,1724741,832,0,1819,-0.14,0.60,0.627,-5.62,1171,12.57,F
,1724751,849,34,1788,-0539,0.67,0.652,-13.04,1.27,12.05,F
,172480,912,3,1645,-0.29,0.58,0.594,-5.38,2071,21.99,F
,1724841,1153,0,1796,-0561,0.58,0.567,-11.19,25.16,7.23,F
,1724861,1087,4,1877,-0.582,0.15,0.57,-0.75,25.74,1200,F
,172487,1122,21,1899,-.605,0.58,0.572,4.52,34.81,16.5,F
,1724881,1129,17,1634,-.609,0.91,0.573,5.39,41.99,19.01,F
,172491,1194,0,1769,-0612,0.66,0.561,11.42,38.07,15.8,F
,172504,1210,0,1825,-0501,0.52,0.649,-0.64,-16.04,-12.00,F
,1725111,931,0,1899,-0.51,0.55,0.607,18.75,32.77,-15.2,F
,1725131,959,0,1773,-0.94,0.61,0.596,-7.33,27.79,-13.98,F
,1725161,987,0,1774,-0.06,0.63,0.646,.90,12.72,-5.19,F
,172523,944,56,1833,-0581,0.51,0.678,-3.06,022,3.96,F
,1725321,1461,147,1510,0.560,0494,0.698,25.77,6.80,-778,F
,1725421,1822,23,1825,0.635,0624,0.71,35.74,19.74,181,F
,1725471,1791,241,1137,0.538,0536,0.716,13.86,-25.00,10.03,F
,1725481,1781,247,1782,0.676,0449,0.72,15.66,-41.03,5.49,F
,1725541,1783,41,1643,0.446,0.416,0.607,13.52,-44.61,6.68,F
,1725581,1653,36,1501,0.337,0438,0.570,1.94,-52.51,-1.38,F
,1725601,1591,302,2064,0.406,0420,0.632,2.88,-38.44,-.46,F
,1725611,1535,29,2197,0.755,0628,0.85,13.75,-11.08,16.13,F
,1725641,1658,12,2153,0.404,0516,0.59,3.69,-23.13,-.83,F
,1725691,1459,11,1888,0.242,0716,0.86,-3.85,-27.83,17.83,F
,1725721,1338,11,1975,0.617,0.435,0.669,-20.1,-68.24,-12.01,F
,172592,745,0,1535,-0.492,0.47,0.673,-46.11,4.26,5.61,F
,172594,726,0,1793,-0.79,0.51,0.735,-31.30,49.79,20.33,F
,1725961,544,0,933,-0.06,0.570,0.648,36.29,55.91,26.9,F
,172597,506,0,1902,-0.597,0.47,0.585,50.40,3.50,35.39,F
,1725981,502,0,1595,-0.90,0.521,0.536,-54.34,53.78,27.93,F
,1726001,537,0,843,-0.30,0.502,0.627,60.32,47.81,23.4,F
,1726011,596,0,1822,-0.342,0.48,0.951,40.22,50.78,21.1,F
,1726021,450,0,947,-0.97,0.427,0.694,47.01,49.78,23.4,F
,1726051,0,0,2039,-0.37,0.360,.672,-38.23,52.0,19.99,F
,1726081,0,0,198,-0.373,0.275,.821,-3.54,40.0,9.79,F
,172612,143,0,1597,-0.454,0.255,0.973,14.09,15.64,2.98,F
,1726181,0,0,171,-0.52,0.258,1.080,0.3,-3.16,-6.09,F
,1726201,0,0,2090,-0.523,0.298,.947,11.31,-17.29,-4.21,F
,1726211,0,0,2001,-0.522,0.309,.901,6.68,-18.6,-3.14,F
,1726221,0,0,190,-0.487,0.294,.850,-1.59,-16.59,-0.73,F
,1726231,0,0,202,-0.436,0.267,.884,-1.13,-15.89,0.04,F
,1726241,0,0,1903,-0.419,0.244,.881,-10.29,-10.07,0.45,F
,1726251,0,0,1633,-0.44,0.240,0.851,-609,0.07,3.32,F
,1726271,0,0,1849,-0.45,0.241,0.834,5.4,12.33,10.94,F
,1726291,0,0,197,-0.507,0.281,.789,9.05,17.24,16.83,F
,1726321,0,0,177,-0.49,0.286,.793,-15.62,-18.94,-3.89,F
,1726331,0,0,175,-0.48,0.255,.799,-17.50,-25.43,-6.12,F
,172634,118,0,2066,-0.464,0.24,0.794,16.46,-8.99,-7.38,F
,1726351,253,0,2224,-0.57,0.24,0.804,-12.61,-24.27,-6.83,F
,1726361,259,0,751,-0.443,0.22,0.821,-7.55,-15.11,-5.35,F
,1726371,301,0,1758,-0.18,0.18,0.830,-2.40,-801,-8.22,F
,1726391,268,0,134,-0.34,0.172,0.911,0.27,2.94,-15.3,F
,1726421,689,0,641,-0.74,0.162,1.021,46.82,14.22,8.94,F
,1726431,869,0,1808,-0.35,0.32,0.896,50.68,1817,12.97,F
,1726441,896,0,999,-0.58,0.289,0.890,4.30,18.65,10.0,F
,172646,902,0,1808,-0.398,0.27,0.878,6.01,1268,3.23,F
,1726471,865,0,1831,-0.09,0.28,0.854,43.43,16.74,-1.4,F
,1726501,832,0,2041,-0.30,0.322,0.937,.94,23.65,6.20,
,172651,817,0,1769,-0.464,0.30,0.979,5.13,1494,-0.30,F
,1726531,767,0,1775,-0.67,0.273,1.118,7.97,-14.10,4.00,F
,1726551,815,0,882,-0.51,0.269,1.029,2.04,-1.33,8.68,F
,1726581,823,0,745,-0.38,0.298,0.860,56.49,-3.40,14.0,F
,1726591,875,0,1666,-0.336,0.32,0.835,9.92,-319,13.23,F
,1726611,912,0,1722,-0.03,0.368,0.741,2.20,7.0,16.91,F
,172663,800,0,1904,-0.283,0.362,0.667,5.52,18.16,10.3,F
,1726641,556,0,1844,-0.57,0.35,0.649,36.36,21.62,4.22,F
,1726651,338,0,1904,-0.78,0.30,0.708,27.98,21.64,-2.3,F
,1726731,92,0,1751,-0.57,0.309,0.937,-.64,27.07,-6.35,F
,1726741,112,0,2099,-0.94,0.31,0.942,-9.67,27.45,-3.9,F
,172677,245,0,1929,-0.428,0.29,0.958,2.81,18.69,-6.09,F
,1726821,270,0,662,-0.17,0.377,0.890,.21,14.4,-0.22,F
,172683,246,0,1819,-0.519,0.35,0.918,0.67,9.44,-0.79,F
,1726851,259,0,1921,-0.494,0.28,0.876,3.92,10.62,-0.41,F
,1726861,269,0,1859,-0.481,0.27,0.804,2.71,13.30,0.89,F
,1726871,261,0,1824,-0.465,0.27,0.776,1.94,14.74,1.90,F
,1726881,187,0,973,-0.58,0.256,0.748,2.00,17.61,2.55,F
,1726891,155,0,2135,-0.29,0.250,0.721,3.36,19.58,4.05,F
,1726931,0,0,2128,-0.47,0.311,0.678,5481,62.8,4.86,F
,1726961,33,0,102,-0.49,0.393,0.852,35.94,46.94,5.93,
,1726981,0,0,223,-0.61,0.370,0.998,2146,22.8,-1.89,F
,1727091,0,0,1684,-0.473,0.519,.806,-1.43,21.47,9.36,F
,172712,0,0,1806,-0.449,0.420,.822,-1.70,3.91,4.63,F
,1727141,0,0,1789,-0.452,0.381,.714,-1.42,13.61,6.52,F
,1727151,0,0,2019,-0.46,0.393,0.755,-1.98,23.49,11.03,F
,172716,0,0,1409,-0.45,0.385,0.856,-1.44,28.6,12.02,F
,1727181,0,0,1905,-0.487,0.359,.882,-2.05,26.71,9.41,F
,1727191,0,0,187,-0.50,0.336,0.902,-1.75,14.7,6.23,F
,1727201,0,0,1898,-0.50,0.332,0.873,-1.12,4.3,4.55,F
,1727221,0,0,1677,-0.47,0.317,.817,-6.75,1.04,3.30,F
,1727251,0,0,1946,-0.45,0.324,.769,6.04,19.16,7.91,F
,1727261,0,0,174,-0.46,0.312,.790,10.76,23.47,8.22,F
,1727291,0,0,1648,-0.57,0.409,.698,-2.81,25.3,6.71,F
,172733,0,0,1840,-0.52,0.377,.812,-17.77,-7.08,4.14,F
,172736,0,0,2027,-0.47,0.352,0.807,-2.22,-2148,3.04,F
,172741,0,0,1762,-0.41,0.296,.804,-31.55,-62.67,-8.56,F
,1727441,0,0,189,-0.36,0.264,.830,-35.99,-87.03,-34.67,F
,172750,0,0,1783,-0.36,0.318,.993,11.00,-29.25,-14.59,F
,1727521,0,0,222,-0.320,0.268,.003,1250,-33.55,-17.86,F
,172767,0,0,1811,-0.33,0.230,.927,75.51,20.37,-20.12,F
,172769,0,0,1657,-0.36,0.259,0.896,8192,21.9,-21.66,F
,1727701,0,0,1975,-0.357,0.258,0.899,8875,25.6,-19.46,F
,1727741,0,0,1901,-0.383,0.370,.859,9009,37.52,-16.32,F
,172775,0,0,1864,-0.37,0.395,0.870,9129,42.5,-14.54,F
,172780,0,0,1735,-0.40,0.535,.819,79.92,70.74,0.84,F
,172781,0,0,1762,-0.36,0.650,.730,88.07,69.30,7.59,F
,172783,0,0,1408,-0.46,0.496,0.754,4438,51.9,-7.54,F
,172784,0,0,1814,-0.47,0.516,0.772,2594,37.82,-9.52,F
,1727851,0,0,2145,-0.574,0.587,.710,1337,29.30,0.43,F
,1727871,0,0,1762,-0.46,0.533,0.729,-681,13.29,10.37,F
,172789,0,0,1958,-0.42,0.440,0.831,-2.58,14.14,15.15,F
,1727911,0,0,1922,-0.383,0.403,.923,1.4,32.81,19.39,F
,1727941,0,0,1839,-0.406,0.433,0.879,4965,57.7,25.59,F
,1727971,0,0,1909,-0.316,0.203,.781,45.39,46.83,14.55,
,172798,0,0,1710,-0.47,0.710,.864,41.75,51.61,22.33,F
,1727991,0,0,1779,-0.573,0.658,.362,2018,38.66,13.46,F
,172800,0,0,1798,-0.49,0.604,0.768,-269,32.03,15.76,
,1728111,0,0,1801,-0.495,0.479,.610,1261,28.68,13.91,F
,1728121,0,0,180,-0.471,0.446,.725,10.73,28.75,13.09,F
,1728141,0,0,184,-0.430,0.421,.776,17.37,23.53,8.43,F
,172816,0,0,1887,-0.45,0.466,0.798,2615,29.12,7.46,F
,172817,0,0,1968,-0.47,0.493,0.743,3626,33.79,8.31,F
,172818,0,0,1901,-0.44,0.526,0.797,4252,39.64,11.44,F
,1728191,0,0,1703,-0.473,0.545,.790,48.06,40.25,8.34,F
,172822,0,0,1795,-0.49,0.581,.750,49.48,29.4,8.77,F
,1728261,0,0,1830,-0.44,0.600,0.646,4133,31.62,7.75,F
,1728301,0,0,1759,-0.491,0.605,.601,2105,32.75,13.26,F
,172833,0,0,2035,-0.47,0.560,.620,10.29,14.0,5.99,F
,172834,0,0,1749,-0.46,0.573,0.654,9.6,12.63,4.52,F
,1728441,0,0,1803,-0.50,0.712,0.713,-8.60,29.30,2.63,F
,1728451,0,0,185,-0.514,0.718,.725,-2.27,25.04,2.80,F
,1728471,0,0,1909,-0.52,0.658,.733,-31.64,9.3,-1.13,F
,1728501,0,0,2005,-0.54,0.535,0.695,-5.60,2.23,-11.58,F
,1728531,0,0,1776,-0.57,0.416,0.724,-6.64,-5.37,-7.46,F
,172854,0,0,1812,-0.487,0.370,.807,-5.69,-11.66,-11.9,F
,1728601,0,0,1908,-0.57,0.475,.757,6.1,3.62,-18.90,F
,1728641,0,0,185,-0.519,0.571,.684,-791,22.97,-6.42,
,1728651,0,0,1599,-0.39,0.538,.636,-21.01,18.87,-7.26,F
,1728671,0,0,1918,-0.37,0.444,0.741,-12.90,10.3,-11.74,F
,1728791,25,0,1418,-0.53,0.227,0.905,-34.00,3.1,13.61,F
,1728821,234,0,726,-0.21,0.193,0.743,14.94,7.99,15.84,F
,172884,0,0,1715,-0.465,0.271,.666,2797,14.0,13.23,F
,1728851,0,0,191,-0.45,0.300,0.681,3166,6.14,7.04,F
,172892,0,0,1776,-0.504,0.405,0.791,3275,21.52,17.38,F
,1728931,0,0,1879,-0.439,0.453,.811,23.46,-5.0,9.58,F
,1729021,0,0,1782,-0.52,0.386,.845,19.75,16.7,20.08,F
,1729031,0,0,1904,-0.47,0.377,.887,3755,18.46,23.36,
,1729041,0,0,1988,-0.43,0.387,.852,51.00,21.7,23.93,F
,1729051,0,0,1715,-0.46,0.406,.746,66.58,27.1,22.83,F
,1729061,0,0,107,-0.481,0.425,.813,7955,27.9,24.40,F
,1729081,0,0,1435,-0.513,0.551,.753,9934,36.49,23.94,
,1729151,0,0,1975,-0.40,0.478,.810,70.47,17.4,4.62,F
,172920,0,0,1950,-0.43,0.586,.699,67.94,34.78,-6.64,F
,1729231,0,0,182,-0.46,0.651,0.729,99.23,31.8,-0.79,F
,1729291,0,0,183,-0.51,0.745,.578,46.59,25.2,-10.32,F
,1729331,0,0,176,-0.59,0.728,.431,32.10,26.6,-7.28,F
,1729361,0,0,1840,-0.58,0.701,.490,6.94,-1.77,-2.18,F
,172937,0,0,1921,-0.498,0.657,0.597,5.0,-12.21,-4.99,
,1729401,0,0,186,-0.54,0.647,0.606,14.18,0.77,-5.75,F
,1729411,0,0,1917,-0.54,0.680,.579,16.33,6.07,-6.79,F
,172945,0,0,1980,-0.54,0.642,0.566,21.05,11.5,-2.04,F
,172946,0,0,1859,-0.536,0.652,0.577,2157,9.04,-4.33,F
,172950,0,0,2177,-0.55,0.697,0.545,12.29,5.23,-1.75,F
,1729511,0,0,145,-0.56,0.740,0.516,15.62,-0.26,-0.79,F
,1729571,0,0,166,-0.51,0.648,.601,-3.76,11.07,5.27,F
,1729641,0,0,166,-0.49,0.732,.570,3.4,4.05,-6.97,F
,1729651,0,0,1807,-0.557,0.545,.479,-831,17.4,-7.35,F
,1729661,0,0,1907,-0.570,0.648,0.514,-1.64,5.42,-3.66,
,1729681,0,0,1906,-0.56,0.638,0.599,-1.52,-2.88,-1.31,F
,1729751,0,0,173,-0.52,0.650,.569,15.14,13.2,-0.44,F
,172976,0,0,1698,-0.53,0.671,.546,11.58,12.43,-0.56,F
,1729781,0,0,191,-0.52,0.648,.559,0.32,10.42,3.76,F
,1729791,0,0,1841,-0.497,0.639,.616,1.63,7.96,3.71,F
,172985,0,0,1535,-0.513,0.670,0.600,1607,20.45,-3.22,
,1729911,0,0,172,-0.50,0.647,.604,19.00,12.39,5.67,F
,1729931,0,0,183,-0.47,0.628,.598,19.75,6.45,-2.13,F
,172994,0,0,1835,-0.504,0.653,.579,1629,6.46,-4.62,F
,172998,0,0,171,-0.57,0.598,.562,3.4,2.43,4.03,F
,173001,0,0,2129,-0.50,0.637,0.583,2.65,5.09,4.04,F
,173006,0,0,2005,-0.46,0.553,.611,0.5,2.39,2.27,F
,1730071,0,0,1739,-0.479,0.570,0.645,6.26,9.07,-0.73,F
,1730101,0,0,179,-0.49,0.592,.667,15.77,20.17,3.41,F
,173011,0,0,2190,-0.50,0.594,0.694,2093,21.88,4.19,F
,1730141,0,0,177,-0.52,0.635,.670,20.78,13.06,0.83,F
,1730171,0,0,1610,-0.54,0.699,0.612,22.78,3.61,0.58,F
,173018,0,0,1753,-0.52,0.645,0.647,28.68,0.77,2.97,F
,173020,0,0,1882,-0.46,0.656,0.556,33.98,2.14,-3.35,F
,173022,0,0,1821,-0.48,0.678,.493,32.59,-6.13,-8.61,F
,1730261,0,0,192,-0.46,0.592,.590,6.29,-8.56,-10.15,F
,1730281,0,0,184,-0.48,0.602,.668,15.58,0.42,-11.69,F
,1730291,0,0,181,-0.47,0.597,.706,27.87,2.91,-13.48,
,1730301,0,0,169,-0.49,0.632,.724,34.36,5.55,-13.87,F
,173034,0,0,1776,-0.56,0.703,0.540,23.31,9.18,-2.80,F
,173036,0,0,1760,-0.51,0.683,.479,5.7,4.77,-2.96,F
,173037,0,0,1923,-0.51,0.698,.478,0.04,2.34,-2.97,F
,1730381,0,0,173,-0.49,0.683,.472,-5.55,2.00,-2.67,F
,1730391,0,0,163,-0.51,0.694,0.496,-14.32,3.2,-1.92,F
,173041,0,0,1392,-0.53,0.658,.569,-20.87,6.68,3.03,F
,173043,0,0,1939,-0.55,0.625,.619,-8.25,5.84,11.32,F
,1730451,0,0,1453,-0.47,0.579,.644,-235,2.20,3.09,F
,1730461,0,0,1630,-0.49,0.557,0.648,-3.99,8.63,4.29,F
,1730481,0,0,185,-0.45,0.586,.661,18.21,5.74,0.25,F
,173054,0,0,1830,-0.49,0.640,.597,10.03,11.87,3.13,F
,173055,0,0,1879,-0.47,0.665,.593,9.08,9.78,1.41,F
,1730601,0,0,1648,-0.46,0.607,.653,10.06,11.29,6.49,F
,173061,0,0,1831,-0.46,0.596,.672,16.68,10.45,5.75,F
,173064,0,0,1871,-0.45,0.639,.590,23.17,16.66,-0.96,F
,1730651,0,0,1591,-0.50,0.663,.576,22.65,19.12,-0.74,
,173066,0,0,1613,-0.51,0.689,0.566,13.04,18.72,0.00,F
,173068,0,0,1747,-0.539,0.671,.625,6.9,11.42,3.79,F
,173071,0,0,1917,-0.44,0.609,0.645,1468,4.02,1.53,F
,1730721,0,0,1727,-0.446,0.611,.605,1705,7.20,-0.21,F
,1730751,0,0,169,-0.515,0.656,.613,11.11,20.80,1.49,F
,173077,0,0,2000,-0.50,0.647,.613,7.58,13.45,2.02,F
,1730801,0,0,183,-0.47,0.622,.642,18.41,14.1,3.55,F
,1730811,0,0,1673,-0.459,0.643,.611,18.09,18.17,1.78,F
,173088,48,0,1770,-0.50,0.675,0.588,885,10.9,-2.36,F
,173090,0,0,179,-0.515,0.678,0.524,5.9,9.09,3.60,F
,173091,0,0,1808,-0.45,0.618,.620,-0.86,8.95,-3.90,F
,1730941,0,0,1651,-0.45,0.587,0.645,-084,-5.92,-17.51,F
,1730961,0,0,180,-0.478,0.566,.642,3.77,-5.86,-20.67,F
,1731001,0,0,1808,-0.48,0.570,0.697,22.38,7.49,-3.03,F
,1731011,0,0,1815,-0.47,0.595,.670,24.42,9.04,-2.65,F
,173102,0,0,1745,-0.50,0.614,.655,22.84,8.77,-1.03,F
,1731041,0,0,175,-0.492,0.644,.628,2322,4.42,3.38,F
,1731081,0,0,1921,-0.51,0.670,.575,12.38,5.30,3.91,F
,1731091,0,0,1421,-0.52,0.644,.579,15.31,0.97,1.85,F
,1731101,0,0,1871,-0.51,0.665,.533,10.16,1.78,-1.13,F
,173111,0,0,2006,-0.54,0.676,.550,3.23,5.64,1.03,F
,173113,0,0,1637,-0.62,0.716,.538,-6.55,14.9,11.70,F
,1731151,0,0,1965,-0.51,0.553,0.720,-080,5.35,25.56,F
,173118,0,0,1967,-0.45,0.489,.650,22.55,16.48,26.94,F
,1731221,27,0,1771,-0.41,0.539,0.688,3.17,29.4,16.26,F
,1731281,0,0,1907,-0.42,0.673,.632,6.67,11.36,3.55,F
,1731291,0,0,1954,-0.48,0.714,.527,-5.29,6.34,3.29,F
,1731301,0,0,1741,-0.53,0.732,0.571,-1.48,1.12,9.12,F
,173134,0,0,1934,-0.485,0.854,0.574,-5.22,21.67,13.71,F
,1731361,0,0,183,-0.57,0.803,0.652,-6.27,-0.74,16.46,F
,1731391,0,0,2214,-0.47,0.635,.672,-99.80,-78.71,12.6,F
,1731431,0,0,1973,-0.49,0.484,.669,-102.14,-8.60,16.78,F
,173144,0,0,1935,-0.42,0.508,.668,-111.30,-86.09,8.17,F
,1731471,0,0,205,-0.275,0.397,.857,-115.41,-96.88,2.1,F
,1731501,0,0,2032,-0.244,0.332,0.887,-8.15,-60.45,4.57,F
,1731531,0,0,203,-0.236,0.347,0.947,-5.20,-32.16,11.10,F
,173154,0,0,1888,-0.27,0.388,0.901,-4.09,-2642,14.51,F
,1731551,0,0,206,-0.221,0.339,0.885,-5.21,-2430,14.43,F
,173156,0,0,1999,-0.17,0.333,.891,-49.82,-2833,9.15,F
,1731581,0,0,203,-0.11,0.304,0.941,-3.90,-1514,0.98,F
,1731611,0,0,180,-0.30,0.349,1.055,-28.48,-8.45,4.84,
,1731621,0,0,2174,-0.37,0.359,1.017,-38.66,-1151,14.05,F
,1731721,0,0,2214,-0.18,0.187,.906,-25.22,2.77,9.53,F
,1731731,0,0,1799,-0.19,0.203,.005,-22.87,5.6,8.16,F
,1731771,0,0,2119,-0.21,0.172,1.024,-060,-5.2,2.08,F
,1731781,0,0,1493,-0.23,0.237,.961,-6.69,-12.61,2.26,
,1731791,0,0,2189,-0.15,0.151,.986,-8.57,-19.2,-1.64,F
,173183,149,0,2081,-0.50,0.15,0.946,14.50,15.41,-8.7,F
,173185,284,0,338,-0.114,0.163,0.973,.87,7.24,-20.59,F
,1731861,243,0,1477,-0.27,0.17,0.989,4.76,-1.37,-18.83,F
,1731871,250,0,1872,-0.58,0.210,1.038,11.31,0.9,-18.64,F
,1731891,301,0,1970,-0.33,0.10,1.127,31.10,-296,-28.82,F
,173190,254,0,1951,-0.07,0.10,1.066,63.74,1142,-29.89,F
,1731921,299,0,139,-0.31,0.270,0.997,3.62,45.32,-20.76,F
,173195,416,0,2189,-0.253,0.40,0.913,47.48,29.12,-15.6,F
,173196,495,0,2149,-0.66,0.310,0.912,41.31,16.75,-21.67,F
,1731981,489,0,055,-0.066,0.184,0.970,5.08,20.74,-45.78,F
,173203,392,0,1900,-0.319,0.400,0.866,9.84,90.10,-26.56,F
,173204,384,0,911,-0.65,0.452,0.855,75.39,7497,-25.69,F
,173205,383,0,2038,-0.311,0.444,0.846,58.13,5735,-26.29,F
,1732061,288,0,2035,-0.13,0.39,0.847,46.10,3662,-25.1,F
,1732081,57,0,175,-0.333,0.454,0.981,2.32,47.87,-31.43,F
,1732101,0,0,206,-0.318,0.409,1.062,4946,63.21,-27.26,F
,1732121,0,0,1712,-0.36,0.368,0.983,8439,74.45,-14.07,F
,1732131,0,0,2211,-0.44,0.423,.866,92.49,81.47,-4.80,F
,1732151,0,0,1877,-0.39,0.428,.821,86.09,80.6,5.10,F
,1732161,0,0,202,-0.409,0.456,.787,70.76,73.49,2.28,F
,1732181,0,0,1927,-0.37,0.438,.743,39.37,51.2,-9.25,F
,1732281,0,0,1843,-0.49,0.496,.792,49.13,61.9,2.89,F
,1732291,0,0,1994,-0.44,0.493,.761,42.36,54.3,4.08,F
,1732301,0,0,2025,-0.418,0.501,0.786,3871,41.16,0.11,F
,173231,0,0,195,-0.43,0.516,0.741,3433,30.65,-4.64,F
,1732331,0,0,2138,-0.44,0.521,.761,21.20,14.36,-8.62,
,1732351,0,0,1879,-0.46,0.509,.769,7.31,7.44,-3.96,F
,1732371,0,0,188,-0.46,0.503,0.799,1.0,9.58,6.63,F
,1732411,0,0,1710,-0.45,0.507,.802,-11.10,12.3,11.49,F
,1732421,0,0,1857,-0.48,0.504,.828,-18.66,11.5,16.54,F
,1732431,0,0,199,-0.50,0.508,.797,-21.65,6.95,23.41,
,173244,0,0,194,-0.483,0.502,0.646,-42.67,-9.08,29.35,F
,173247,0,0,197,-0.477,0.611,0.696,-72.05,-17.89,24.54,F
,1732491,0,0,1840,-0.343,0.467,0.726,-99.96,-51.40,-9.06,F
,173253,0,0,193,-0.24,0.280,0.820,-3.31,-25.98,-0.44,F
,173256,0,0,201,-0.34,0.333,0.819,1710,39.01,27.03,F
,1732571,0,0,175,-0.33,0.355,0.890,4.2,35.62,22.05,F
,1732581,0,0,1666,-0.32,0.347,.909,-0.46,21.7,14.72,F
,173261,0,0,199,-0.33,0.335,0.924,1375,-6.09,-0.74,F
,1732621,0,0,193,-0.29,0.363,0.918,1987,2.42,-2.35,F
,173263,0,0,204,-0.33,0.426,0.934,2125,18.36,-1.03,F
,1732641,0,0,193,-0.32,0.385,0.919,3235,35.82,2.28,F
,1732651,0,0,231,-0.32,0.372,.946,31.13,44.5,3.71,F
,1732661,0,0,137,-0.37,0.359,.932,3450,48.1,2.58,F
,173267,0,0,207,-0.390,0.346,0.960,4175,45.16,3.17,F
,1732681,0,0,201,-0.44,0.414,0.891,4093,41.94,5.71,F
,1732691,0,0,189,-0.41,0.377,0.854,42.01,39.47,4.74,F
,173270,0,0,2305,-0.382,0.372,0.839,38.24,37.78,0.22,F
,173276,11,0,265,-0.388,0.431,0.808,5.34,18.87,-14.50,F
,1732771,7,0,1659,-0.43,0.470,.749,51.45,21.9,-11.42,F
,1732781,102,0,919,-0.52,0.475,0.757,7.63,23.45,-7.75,F
,1732821,129,0,2201,-0.10,0.39,0.728,2.16,9.59,-4.80,F
,173284,147,0,676,-0.17,0.323,0.763,8.91,2.62,-19.52,F
,1732881,171,0,069,-0.77,0.447,0.786,5.91,-3.58,-24.7,F
,1732911,222,0,790,-0.23,0.562,0.793,1.87,-11.48,-22.10,F
,1732991,208,0,239,-0.27,0.484,0.801,14.87,-2.68,-28.9,F
,173300,165,0,434,-0.463,0.494,0.785,0.00,-10.21,-29.74,F
,1733021,745,0,990,-0.343,0.545,1.232,-6.66,-28.64,-35.80,F
,1733031,822,0,1971,-0.22,0.466,0.701,5.45,-15.37,-3320,F
,1733041,813,0,1909,-0.96,0.38,0.901,.38,-7.13,-28.35,F
,1733051,688,0,1371,-0.96,0.41,0.837,7.83,15.52,-20.1,F
,1733091,602,0,885,-0.73,0.36,0.763,5.10,44.40,-13.66,F
,1733101,602,0,887,-0.469,0.430,0.738,42.65,31.76,-15.3,F
,1733111,610,0,1829,-0.84,0.44,0.732,3.26,7.12,-17.58,F
,1733161,592,0,1930,-0.27,0.41,0.840,14.45,1993,-8.6,F
,173320,480,0,782,-0.09,0.475,0.889,4.38,61.91,-6.16,F
,1733211,486,0,1897,-0.77,0.55,0.792,42.45,5147,0.46,F
,173322,500,0,112,-0.61,0.52,0.803,3.07,36.62,0.08,F
,173323,509,0,982,-0.57,0.54,0.776,.51,19.30,-0.48,F
,173325,550,0,662,-0.517,0.473,0.762,-15.33,8.65,-1.0,F
,173327,652,0,616,-0.64,0.424,0.789,-18.38,12.94,-3.0,F
,1733281,892,0,885,-0.70,0.346,0.831,-14.13,9.00,-6.0,F
,1733301,1001,0,2079,-0.423,0.33,0.786,11.75,3.61,-13.96,F
,173333,932,0,903,-0.60,0.416,0.727,7.57,12.62,-12.8,F
,173337,592,0,776,-0.19,0.397,0.921,5.92,26.58,-11.7,F
,1733391,449,0,786,-0.61,0.387,0.853,12.64,25.94,-2.25,F
,173340,461,0,596,-0.33,0.364,0.878,10.90,20.81,-3.48,F
,1733421,387,0,1561,-0.481,0.38,0.768,3.83,5.73,-8.54,F
,1733451,500,0,680,-0.41,0.444,0.722,6.36,-17.26,-12.9,F
,1733491,326,0,639,-0.27,0.335,0.873,-1.35,3.0,-13.40,F
,1733531,322,0,1947,-0.61,0.26,0.849,3.57,19.78,-7.81,F
,1733611,302,0,1618,-0.521,0.446,0.766,13.80,5.24,0.19,
,1733631,336,0,949,-0.72,0.407,0.808,3.68,-1.34,-4.56,F
,1733641,315,0,080,-0.57,0.38,0.812,.49,1.41,-4.88,F
,1733651,311,0,482,-0.459,0.36,0.845,10.21,6.31,-5.09,F
,173366,308,0,079,-0.75,0.380,0.838,13.16,10.54,-1.49,F
,173373,329,0,163,-0.98,0.44,0.788,24.27,18.98,1.91,F
,1733791,315,0,861,-0.24,0.380,0.804,7.89,2.97,-1.64,F
,173383,390,0,110,-0.436,0.391,0.813,25.57,14.13,-2.6,F
,173384,400,0,639,-0.68,0.415,0.814,27.22,15.03,-1.3,F
,1733911,416,0,805,-0.58,0.403,0.768,22.21,9.68,2.19,
,1733921,412,0,1916,-0.51,0.38,0.772,24.15,10.55,1.52,F
,1733961,391,0,863,-0.79,0.43,0.808,29.00,16.62,3.67,F
,1734001,169,0,1887,-0.94,0.480,0.778,18.47,1657,5.24,F
,1734011,143,0,1680,-0.06,0.49,0.772,18.55,16.22,8.97,F
,1734031,0,0,191,-0.477,0.484,0.751,11.97,14.4,10.40,F
,1734041,0,0,1936,-0.466,0.465,.744,6.91,13.24,8.86,F
,1734061,0,0,184,-0.49,0.423,0.818,9.62,8.48,.57,F
,1734121,0,0,202,-0.433,0.556,0.755,23.08,19.7,2.66,F
,1734131,0,0,180,-0.433,0.459,0.804,14.62,21.33,-2.09,
,1734151,0,0,185,-0.45,0.446,0.806,13.39,16.7,-0.38,
,1734201,0,0,180,-0.461,0.452,.742,1268,24.46,4.20,F
,173425,0,0,181,-0.50,0.488,0.783,1890,24.83,4.91,F
,1734281,0,0,191,-0.47,0.463,0.764,19.43,20.19,-1.14,
,1734291,0,0,206,-0.492,0.454,.744,21.43,17.09,-1.81,
,1734301,0,0,1467,-0.49,0.458,.735,20.41,15.39,-1.52,F
,1734311,0,0,228,-0.50,0.415,0.738,16.47,13.36,-0.56,F
,173432,0,0,1968,-0.536,0.492,.788,1705,15.88,4.42,F
,1734351,0,0,194,-0.49,0.462,0.782,11.54,26.36,0.42,F
,1734391,0,0,186,-0.50,0.472,0.706,26.70,23.53,4.26,F
,1734401,0,0,209,-0.490,0.482,0.687,25.87,23.15,3.97,F
,1734411,0,0,190,-0.484,0.490,0.690,23.28,24.4,1.93,F
,1734441,0,0,1966,-0.53,0.502,.761,23.48,24.3,0.48,F
,1734481,0,0,185,-0.53,0.496,0.775,17.57,25.9,-5.57,F
,1734491,0,0,197,-0.54,0.501,0.759,19.20,24.4,-6.97,F
,1734501,0,0,195,-0.575,0.528,0.763,1832,26.39,-4.99,F
,1734581,0,0,2001,-0.597,0.503,.656,5.87,12.26,-0.47,F
,1734611,0,0,192,-0.56,0.501,0.673,-0.29,13.62,3.53,F
,1734621,0,0,171,-0.566,0.498,0.692,0.7,12.29,4.31,F
,173463,0,0,194,-0.568,0.506,.699,0.87,11.62,6.69,F
,1734691,0,0,196,-0.52,0.502,0.700,-2.72,10.4,12.14,F
,1734711,0,0,187,-0.549,0.527,0.699,-1.57,11.7,13.79,F
,173472,0,0,180,-0.552,0.509,.699,-13.85,9.36,14.97,
,173473,0,0,1885,-0.55,0.503,.716,-16.35,7.8,17.26,F
,1734741,0,0,181,-0.54,0.498,0.705,-16.49,7.62,18.68,F
,1734761,0,0,175,-0.54,0.488,.753,-22.17,8.6,15.79,
,1734811,0,0,217,-0.52,0.419,0.757,-2.16,10.81,13.49,F
,173486,355,0,1810,-0.577,0.38,0.812,-39.29,11.58,23.1,F
,1734871,361,0,853,-0.42,0.379,0.791,-34.77,3.39,24.2,F
,1734921,363,0,047,-0.434,0.37,0.779,-29.91,22.58,17.26,F
,1734941,368,0,861,-0.511,0.369,0.834,32.69,21.32,14.87,F
,1734961,377,0,829,-0.62,0.392,0.865,23.50,12.49,16.71,F
,1735011,391,0,965,-0.92,0.373,0.787,18.96,20.22,8.42,F
,1735021,432,0,895,-0.479,0.354,0.787,13.13,18.14,5.41,F
,1735041,435,0,676,-0.82,0.345,0.796,10.22,10.97,-2.10,F
,1735081,450,0,273,-0.00,0.322,0.855,3.64,11.04,-1.05,F
,1735131,451,0,894,-0.76,0.306,0.820,11.34,13.18,-14.29,F
,1735141,443,0,744,-0.71,0.316,0.821,6.78,9.45,-16.62,F
,173515,445,0,2013,-0.79,0.335,0.812,6.39,8.60,-19.32,F
,1735171,445,0,668,-0.494,0.34,0.795,9.33,12.08,-22.58,F
,1735191,450,0,978,-0.08,0.315,0.860,4.12,19.7,-20.51,F
,1735211,378,0,922,-0.489,0.26,0.870,11.87,2063,-19.90,F
,1735221,386,0,1885,-0.69,0.25,0.856,6.12,19.91,-22.9,F
,1735231,394,0,775,-0.89,0.240,0.831,20.68,17.91,-25.5,F
,1735241,401,0,030,-0.74,0.241,0.797,23.51,13.53,-28.7,F
,173525,489,0,055,-0.497,0.24,0.788,26.81,1075,-29.16,F
,1735281,454,0,610,-0.18,0.277,0.804,7.20,14.48,-32.71,F
,1735301,542,0,930,-0.552,0.290,0.836,33.29,23.21,-30.59,F
,1735311,554,0,827,-0.530,0.301,0.847,31.81,26.69,-30.9,F
,1735321,576,0,1959,-0.17,0.29,0.850,3.95,27.47,-31.67,F
,1735381,541,0,1786,-0.59,0.28,0.778,41.51,1878,-32.48,F
,173540,452,0,1698,-0.72,0.30,0.777,36.79,29.36,-25.64,F
,1735451,435,0,691,-0.94,0.355,0.810,9.65,36.74,-5.14,F
,1735461,437,0,1701,-0.32,0.20,0.940,36.18,30.31,6.92,F
,1735481,434,0,1743,-0.98,0.31,0.789,17.63,4561,-0.77,F
,1735491,432,0,2146,-0.97,0.34,0.788,24.52,47.36,-4.38,F
,1735541,268,0,827,-0.53,0.351,0.676,.16,49.41,-12.01,F
,1735581,356,0,2005,-0.754,0.35,0.693,8.15,45.74,-15.2,F
,173559,354,0,642,-0.31,0.435,0.718,.11,42.95,-18.51,F
,173560,367,0,1778,-0.744,0.429,0.783,15.36,38.28,-19.2,F
,173562,384,0,840,-0.69,0.459,0.814,0.56,28.31,-22.8,F
,173564,387,0,838,-0.731,0.464,0.843,24.75,25.27,-27.5,F
,1735681,401,0,507,-0.777,0.33,0.794,8.12,26.62,-29.2,F
,1735701,400,0,878,-0.32,0.294,0.783,.82,28.51,-17.83,F
,173572,368,0,742,-0.89,0.22,0.709,1.07,27.99,-12.1,F
,173577,299,0,748,-0.38,0.182,0.648,6.62,46.25,1.68,F
,173578,304,0,904,-0.791,0.21,0.645,5.14,47.7,2.13,F
,173579,300,0,885,-0.786,0.209,0.640,0.65,45.47,3.67,
,1735821,288,0,755,-0.01,0.206,0.693,.97,44.68,4.11,F
,173588,414,0,639,-0.92,0.248,0.630,5.43,39.91,10.11,F
,173589,478,0,702,-0.40,0.242,0.625,9.39,39.88,12.46,F
,173591,464,0,066,-0.815,0.233,0.624,31.48,4550,16.69,F
,1735921,479,0,815,-0.801,0.21,0.625,5.29,46.98,16.1,F
,1735961,477,0,1754,-0.93,0.23,0.624,56.03,50.80,20.0,F
,173597,495,0,829,-0.823,0.261,0.621,59.17,51.94,23.4,F
,1735981,345,0,696,-0.99,0.248,0.598,59.65,48.92,27.12,F
,173602,325,0,736,-0.28,0.276,0.567,75.94,38.86,37.47,F
,1736031,331,0,000,-0.66,0.274,0.559,80.18,34.91,37.0,F
,1736051,331,0,071,-0.60,0.290,0.501,83.65,37.55,34.1,F
,173606,331,0,955,-0.637,0.24,0.474,9.72,44.28,39.5,F
,1736071,306,0,712,-0.18,0.323,0.422,112.10,52.51,50.52,F
,1736101,285,0,856,-0.704,0.320,0.290,159.49,6.52,80.57,F
,1736121,284,0,029,-0.82,0.396,0.102,73.04,74.10,87.04,F
,1736141,259,0,1971,-0.99,0.41,0.052,47.94,59.76,70.26,F
,1736161,243,0,1595,-0.732,0.34,0.038,120.45,39.01,65.65,F
,1736211,266,0,591,-0.686,0.30,0.030,156.21,4.09,94.33,F
,173624,272,0,150,-0.02,0.382,-0.024,142.78,56.16,9248,F
,173629,614,0,840,-0.27,0.572,-0.052,75.34,21.78,74.0,F
,173630,634,0,791,-0.12,0.607,-0.030,73.77,17.39,78.08,F
,1736331,689,0,762,-0.665,0.825,-0.110,77.66,16.68,80.13,F
,1736371,688,0,819,-0.564,1.08,-0.170,37.77,-14.91,52.71,F
,1736391,693,0,787,-0.16,1.174,-0.148,16.53,-32.41,2556,F
,173641,688,0,703,-0.42,1.265,-0.097,-0.37,-50.38,-1.93,F
,1736431,678,0,2210,-0.627,1.30,-0.032,-8.42,-4.26,-28.42,F
,1736481,565,0,745,-0.80,1.20,0.160,23.82,-44.22,-17.09,F
,1736531,592,0,113,-0.500,0.900,0.417,-34.83,-7.87,14.02,F
,1736541,590,0,1900,-0.485,0.86,0.343,-42.90,-.17,30.72,F
,1736561,592,0,871,-0.409,0.774,0.372,-46.49,14.69,49.6,F
,173657,591,0,889,-0.46,0.727,0.389,-46.19,12.72,50.2,F
,1736591,585,0,811,-0.64,0.662,0.341,-50.37,3.39,46.7,F
,1736611,530,0,726,-0.46,0.651,0.322,69.07,-15.80,38.62,F
,1736671,310,0,959,-0.29,0.652,0.290,-66.55,3.88,19.5,F
,1736701,254,0,699,-0.42,0.753,0.293,-71.90,9.93,-12.2,F
,173671,250,0,112,-0.43,0.813,0.308,-74.20,7.87,-27.84,F
,173675,389,0,769,-0.61,0.93,0.389,-95.90,-18.36,-61.08,F
,1736761,389,0,872,-0.00,0.915,0.435,-88.14,-14.26,-52.41,F
,1736771,389,0,1685,-0.815,0.905,0.465,-76.16,-3.61,-3841,F
,1736791,385,0,792,-0.60,0.858,0.492,-49.61,2.96,-9.92,F
,173681,383,0,861,-0.61,0.826,0.461,-44.54,45.27,5.85,F
,1736821,381,0,767,-0.37,0.792,0.450,-50.63,5.89,9.97,F
,173683,368,0,776,-0.66,0.724,0.488,-50.64,49.15,7.20,F
,173684,373,0,961,-0.95,0.679,0.502,-51.53,49.18,2.9,F
,1736851,379,0,868,-0.480,0.630,0.536,50.37,48.00,-1.98,F
,173687,387,0,053,-0.50,0.527,0.633,47.29,45.61,-10.21,F
,1736891,415,0,835,-0.449,0.50,0.717,48.23,31.36,-20.32,F
,1736901,405,0,834,-0.451,0.469,0.796,-47.59,21.27,-2595,F
,1736921,426,0,1895,-0.67,0.48,0.861,44.16,2.46,-32.48,F
,1736931,468,0,936,-0.511,0.523,0.846,-42.34,2.31,-26.3,F
,1736961,589,0,063,-0.21,0.601,0.862,-42.34,17.21,-3.0,F
,173699,587,0,914,-0.72,0.665,0.697,7.60,26.5,11.64,F
,1737001,583,0,585,-0.71,0.684,0.614,11.34,25.26,11.7,F
,1737071,439,0,518,-0.45,0.59,0.592,-10.23,19.36,-1.6,F
,173709,451,0,1921,-0.31,0.58,0.621,2.29,26.9,6.91,F
,1737101,442,0,1872,-0.30,0.60,0.617,2.30,31.0,8.22,F
,1737141,432,0,707,-0.77,0.66,0.632,-13.36,28.40,0.75,F
,1737161,454,0,952,-0.12,0.658,0.601,-23.55,21.49,-3.6,F
,1737171,448,0,872,-0.632,0.639,0.614,33.29,16.42,-4.64,F
,1737191,400,0,915,-0.27,0.57,0.626,-41.41,11.13,-2.0,F
,1737201,367,0,968,-0.613,0.548,0.625,-43.30,868,0.05,F
,1737231,7,0,188,-0.54,0.473,.649,-27.82,8.57,5.61,F
,1737251,0,0,154,-0.56,0.499,0.601,-26.11,19.7,5.91,F
,173726,0,0,2038,-0.57,0.494,.597,-20.69,24.2,6.14,F
,1737271,0,0,188,-0.558,0.491,.618,-21.32,25.0,5.75,F
,1737291,0,0,176,-0.57,0.499,0.641,-14.61,31.27,3.96,
,1737321,0,0,208,-0.608,0.492,0.676,-1.00,36.13,6.52,F
,1737331,0,0,170,-0.619,0.504,0.686,-744,36.92,7.06,F
,1737341,0,0,166,-0.623,0.503,0.657,-4.71,36.5,7.38,F
,173735,0,0,1786,-0.62,0.493,.656,0.20,36.78,7.24,F
,1737361,0,0,194,-0.60,0.485,.632,4.39,36.87,5.73,F
,1737381,0,0,187,-0.663,0.480,0.596,-2.11,36.71,-0.77,F
,1737401,0,0,176,-0.72,0.491,0.600,-642,35.13,-0.27,F
,1737411,0,0,179,-0.72,0.488,0.598,-293,34.60,2.37,F
,1737451,0,0,189,-0.66,0.451,0.566,-9.13,26.5,2.81,F
,173746,0,0,1991,-0.675,0.458,0.565,-8.78,27.5,1.52,F
,1737471,0,0,204,-0.693,0.465,0.571,-13.09,27.2,1.07,
,1737481,0,0,179,-0.673,0.445,0.612,-12.95,25.1,0.07,F
,1737531,0,0,191,-0.647,0.460,0.622,-8.90,12.1,-1.14,
,1737581,389,0,865,-0.587,0.429,0.678,-6.29,5.0,1.06,F
,1737611,400,0,889,-0.633,0.453,0.675,.71,25.24,0.17,F
,173767,534,0,1626,-0.20,0.44,0.606,20.39,8.66,1.90,F
,173770,553,0,1973,-0.630,0.420,0.605,20.76,1095,-2.3,F
,1737711,560,0,083,-0.644,0.44,0.599,21.43,11.79,-3.5,F
,1737721,560,0,701,-0.77,0.462,0.602,20.56,1165,-3.78,F
,1737741,549,0,808,-0.80,0.464,0.640,19.78,8.58,-3.95,F
,1737761,535,0,472,-0.42,0.415,0.647,6.12,6.28,-4.32,F
,1737781,539,0,883,-0.28,0.410,0.653,0.03,8.05,4.07,F
,173781,531,0,1657,-0.586,0.417,0.666,5.84,14.05,4.89,F
,1737831,559,0,648,-0.10,0.47,0.663,19.37,21.45,11.1,F
,1737871,578,0,789,-0.635,0.480,0.700,.74,19.64,14.94,F
,173789,585,0,712,-0.625,0.47,0.676,.12,15.70,17.32,F
,1737911,585,0,510,-0.605,0.507,0.675,.55,16.48,19.09,F
,1737921,623,0,027,-0.596,0.515,0.691,.74,15.29,20.80,F
,1737951,541,0,805,-0.33,0.56,0.704,-4.17,14.72,28.2,F
,1737991,599,0,939,-0.41,0.542,0.822,-27.53,2.31,38.84,F
,1738001,601,0,535,-0.657,0.518,0.840,42.13,18.14,38.97,F
,173805,410,0,1853,-0.555,0.500,0.953,15.39,-.68,42.16,F
,1738061,415,0,840,-0.534,0.516,0.953,18.13,-2.45,39.03,F
,1738091,400,0,818,-0.41,0.504,0.968,53.04,-11.52,32.39,F
,1738111,315,0,987,-0.525,0.480,1.009,-75.15,-8.13,2530,F
,1738121,308,0,581,-0.18,0.46,1.027,-80.93,-36.35,2228,F
,173816,314,0,1963,-0.542,0.467,1.062,98.51,-59.58,14.63,F
,173817,310,0,2006,-0.555,0.466,1.050,104.72,63.55,1.77,F
,1738181,314,0,950,-0.57,0.459,1.055,-110.84,70.27,999,F
,1738201,323,0,742,-0.71,0.45,1.049,-119.67,-84.51,6.68,F
,1738211,322,0,119,-0.565,0.451,1.039,-125.06,90.35,4.11,F
,1738231,320,0,047,-0.50,0.418,1.047,141.99,-98.87,-5.45,F
,1738241,387,0,469,-0.45,0.366,1.057,-146.45,-99.98,-.55,F
,1738261,332,0,817,-0.42,0.31,1.066,-145.55,-97.71,-.54,F
,1738271,320,0,893,-0.09,0.29,1.067,-140.05,-98.07,-4.30,F
,1738291,283,0,888,-0.51,0.28,1.052,-124.81,-96.77,1.17,F
,173830,287,0,1872,-0.11,0.282,1.044,-120.81,-96.70,349,F
,173832,273,0,000,-0.44,0.29,1.004,-124.08,-98.91,3.35,F
,1738341,270,0,866,-0.10,0.291,1.022,-136.25,101.26,0.84,F
,1738351,256,0,922,-0.311,0.253,1.038,141.35,101.13,0.75,F
,1738361,242,0,785,-0.09,0.208,1.041,142.51,-101.28,1.49,F
,173838,231,0,757,-0.300,0.122,1.069,132.25,-96.59,8.02,F
,1738411,256,0,411,-0.58,0.04,1.045,-104.90,-85.17,21.01,F
,173842,256,0,229,-0.40,0.02,1.014,-99.74,-82.64,23.24,F
,1738451,257,0,647,-0.95,-0.05,0.964,-97.96,80.35,24.34,F
,1738491,272,0,063,-0.17,-0.096,0.905,-89.90,-77.09,2.55,F
,1738571,160,0,834,-0.19,-0.26,0.798,-70.46,-75.83,2.77,F
,1738601,251,0,000,0.03,-0.342,0.698,53.55,-9.51,30.04,F
,173861,256,0,856,0.048,-0.345,0.689,-46.02,-52.62,30.13,F
,173863,269,0,973,0.052,-0.393,0.622,-37.13,-3.31,2924,F
,173865,279,0,810,0.03,-0.41,0.639,-41.96,-3.90,2507,F
,173866,294,0,840,0.075,-0.423,0.644,-40.74,-29.11,23.96,F
,1738681,290,0,030,0.095,-0.460,0.634,-30.74,-20.27,22.28,F
,173869,291,0,803,0.00,-0.47,0.618,25.90,-0.47,23.04,F
,1738701,299,0,840,0.18,-0.50,0.608,21.42,-5.22,23.30,F
,1738721,298,0,891,0.12,-0.54,0.611,19.55,-18.10,23.85,F
,173873,297,0,841,0.14,-0.551,0.599,-19.13,-22.50,21.42,F
,1738741,298,0,749,0.149,-0.550,0.609,18.26,-28.70,17.27,F
,1738751,299,0,160,0.11,-0.559,0.589,22.80,-30.65,12.77,F
,1738761,292,0,1898,0.11,-0.54,0.568,25.16,-26.13,7.07,F
,173877,293,0,685,0.177,-0.56,0.566,-29.84,-7.02,2.13,F
,173879,272,0,927,0.18,-0.596,0.586,27.55,3.39,-6.67,F
,1738801,257,0,679,0.10,-0.62,0.607,18.25,12.39,-8.73,F
,173881,255,0,850,0.11,-0.62,0.617,5.12,1371,-6.91,F
,1738821,256,0,1651,0.130,-0.638,0.626,.87,11.12,-3.78,F
,173883,254,0,875,0.14,-0.603,0.615,0.32,16.36,-1.69,F
,1738871,257,0,1923,0.16,-0.59,0.731,8.12,19.2,-13.34,F
,173889,267,0,747,0.124,-0.584,0.725,28.88,25.06,-13.93,F
,173894,450,0,015,0.19,-0.571,0.671,5.46,42.49,-7.98,F
,1738951,542,0,770,0.16,-0.581,0.676,4.94,45.79,-8.91,F
,173899,461,0,872,0.091,-0.621,0.662,19.91,47.23,-22.6,F
,1739001,460,0,000,0.112,-0.629,0.703,8.85,47.55,-25.52,F
,173902,302,0,645,0.11,-0.63,0.680,18.24,4955,-29.5,F
,173903,295,0,823,0.16,-0.640,0.669,16.20,48.55,-31.89,F
,173904,448,0,772,0.19,-0.63,0.652,15.68,4692,-34.9,F
,1739061,453,0,1734,0.102,-0.604,0.670,5.08,4262,-40.00,F
,1739081,383,0,670,0.01,-0.57,0.686,3.20,4098,-44.96,F
,1739091,281,0,838,0.08,-0.567,0.674,4.88,43.90,-44.67,F
,1739101,305,0,1873,0.074,-0.567,0.642,0.09,4581,-44.22,F
,1739121,304,0,1878,0.115,-0.576,0.689,2.40,40.28,-44.51,F
,1739141,118,0,945,0.18,-0.550,0.696,4.13,55.78,-45.63,F
,1739221,304,0,928,0.239,-0.622,0.767,-29.32,26.83,-55.14,F
,1739281,297,0,2192,0.192,-0.46,1.228,-31.68,52.08,-2493,F
,1739301,321,0,1857,0.162,-0.474,1.440,-51.13,43.44,-19.29,F
,1739321,400,0,1840,0.181,-0.591,1.599,-24.55,28.16,-3.6,F
,1739341,451,0,006,0.24,-0.580,1.588,7.42,16.42,0.36,F
,1739351,502,0,753,0.37,-0.54,1.541,4.94,1585,0.22,F
,173937,432,0,923,0.29,-0.450,1.413,45.60,21.70,9.27,F
,173938,319,0,658,0.32,-0.457,1.248,39.66,22.74,15.24,F
,173939,282,0,009,0.36,-0.439,1.249,19.66,14.86,11.00,F
,1739401,281,0,811,0.27,-0.438,1.220,.92,8.39,10.45,F
,173941,354,0,043,0.21,-0.501,1.189,11.07,1.24,13.49,F
,1739421,343,0,834,0.252,-0.514,1.136,.06,-5.48,15.23,F
,173943,360,0,572,0.29,-0.54,1.133,.45,-1100,11.68,F
,173947,387,0,997,0.27,-0.560,1.072,33.74,-7.49,20.55,F
,1739491,375,0,840,0.10,-0.51,0.997,9.57,-451,31.65,F
,1739501,369,0,1775,0.13,-0.48,0.980,36.96,-725,34.65,F
,1739511,376,0,763,0.155,-0.483,0.958,34.30,-10.04,34.40,F
,173953,373,0,920,0.13,-0.485,0.933,25.02,-19.78,31.91,F
,1739551,369,0,787,0.14,-0.517,0.930,18.33,-32.22,25.81,F
,173956,373,0,863,0.100,-0.515,0.936,19.00,-35.86,25.1,F
,1739591,386,0,850,0.063,-0.532,0.905,30.36,-33.67,30.63,F
,1739611,350,0,824,0.062,-0.524,0.860,28.30,-34.80,29.1,F
,1739641,311,0,958,0.05,-0.562,0.766,32.29,-43.46,20.7,F
,1739661,261,0,803,0.070,-0.592,0.684,34.82,-54.39,10.3,F
,1739751,0,0,190,0.136,-0.598,0.306,43.77,12.4,7.65,F
,173976,0,0,183,0.151,-0.616,0.289,34.16,20.87,4.74,F
,1739771,0,0,178,0.135,-0.604,0.300,25.31,26.49,1.67,F
,1739841,0,0,188,0.123,-0.609,0.560,4.35,66.03,-11.43,F
,1739901,0,0,173,0.075,-0.623,0.671,-0.19,58.68,-27.06,F
,1739971,0,0,177,0.051,-0.581,0.799,-27.15,70.66,-40.47,F
,1739981,91,0,135,0.023,-0.580,0.808,-26.57,61.87,-42.3,F
,1740021,265,0,776,0.16,-0.619,0.788,-1.25,47.61,-50.0,F
,1740081,465,0,071,0.21,-0.60,0.965,-41.97,37.87,-52.76,F
,1740101,581,0,375,0.37,-0.59,1.147,38.28,3.68,-4908,F
,1740121,609,0,632,0.36,-0.53,1.392,26.55,4.87,-4015,F
,1740131,611,0,844,0.28,-0.48,1.450,-14.61,47.38,-33.60,F
,1740141,593,0,849,0.33,-0.46,1.531,-5.24,45.56,-25.52,F
,1740171,507,0,1790,0.23,-0.393,1.682,6.68,27.68,-26.13,F
,1740181,509,0,776,0.281,-0.380,1.693,11.13,17.94,-25.2,F
,1740221,464,0,857,0.27,-0.33,1.398,16.01,1433,-2.5,F
,1740231,463,0,1685,0.29,-0.42,1.318,8.32,3.13,0.37,
,1740251,453,0,987,0.26,-0.41,1.168,26.85,-5.03,4.00,F
,1740271,452,0,872,0.238,-0.481,1.060,40.27,-1.16,5.9,F
,1740351,451,0,777,0.12,-0.45,0.933,17.37,-24.56,12.07,F
,174037,454,0,1965,0.01,-0.47,0.922,0.00,-26.35,18.28,F
,1740381,460,0,776,0.077,-0.470,0.909,38.21,-2.56,20.5,F
,1740421,464,0,851,0.05,-0.425,0.816,53.23,-23.22,24.80,F
,1740431,466,0,680,0.09,-0.443,0.777,55.74,-28.51,24.9,F
,174044,468,0,1837,-0.12,-0.49,0.757,62.13,-31.08,26.13,F
,1740451,468,0,822,0.04,-0.471,0.675,69.39,-2.40,27.3,F
,1740461,464,0,655,0.04,-0.45,0.623,78.32,-25.22,29.7,F
,1740471,463,0,1885,0.036,-0.41,0.612,4.35,-17.74,28.22,F
,174048,464,0,1987,0.059,-0.426,0.503,94.23,-587,31.2,F
,1740531,425,0,681,0.091,-0.40,0.380,0.97,28.65,27.38,F
,1740571,430,0,1865,0.099,-0.51,0.459,8.76,39.82,24.52,F
,1740591,459,0,658,0.099,-0.562,0.673,50.81,4704,21.3,F
,1740601,469,0,915,0.03,-0.608,0.598,70.82,59.07,22.83,F
,1740661,627,0,692,0.07,-0.490,0.776,25.68,65.20,-5.26,F
,1740691,633,0,1759,0.028,-0.535,0.881,.87,46.5,-29.4,F
,1740701,630,0,035,0.058,-0.543,0.886,0.07,54.17,-32.0,F
,1740711,637,0,872,0.01,-0.514,0.889,10.13,61.49,-34.4,F
,1740731,501,0,010,0.03,-0.502,0.917,12.81,6329,-39.4,F
,174075,490,0,1808,-0.37,-0.44,0.938,6.62,59.27,-45.19,F
,1740771,481,0,605,-0.029,-0.470,0.923,5.81,4869,-49.8,F
,1740791,483,0,1967,0.001,-0.444,0.876,-1.56,3173,-53.5,F
,1740801,470,0,771,0.10,-0.450,0.846,-6.48,22.16,-60.13,F
,1740811,485,0,999,0.09,-0.447,0.823,-13.79,1.67,-6442,F
,174083,495,0,2033,0.195,-0.46,0.775,17.44,1.49,-6653,F
,1740841,491,0,1877,0.114,-0.58,0.821,7.71,24.10,-60.0,F
,1740911,474,0,520,0.027,-0.410,1.493,-25.58,50.97,-25.48,F
,1740931,485,0,867,0.04,-0.327,1.720,0.36,42.92,-21.05,F
,1740951,494,0,973,0.059,-0.21,1.842,20.27,43.04,-12.1,F
,1740971,487,0,1677,0.05,-0.196,1.837,16.58,2643,-2.9,F
,1741021,459,0,066,0.164,-0.23,1.363,35.19,3.09,8.83,F
,1741081,597,0,790,0.045,-0.33,1.106,27.62,-15.89,24.7,F
,174110,581,0,1776,0.07,-0.258,1.093,23.60,-7.48,35.24,F
,1741121,581,0,931,0.118,-0.25,1.093,21.69,-9.20,39.5,F
,1741141,656,0,1979,0.08,-0.291,1.097,19.16,-17.86,36.8,F
,174116,656,0,1763,0.07,-0.323,1.132,18.96,-18.42,40.4,F
,1741171,663,0,1913,0.06,-0.317,1.097,23.97,-1.31,42.7,F
,174121,678,0,1677,-0.08,-0.235,1.115,22.85,-.00,43.3,F
,1741331,704,0,779,0.03,-0.332,0.439,38.49,-24.30,13.24,F
,1741381,715,0,889,0.011,-0.491,0.469,8.61,-3.61,-1.81,F
,1741401,685,0,683,0.005,-0.48,0.496,7.92,15.79,-0.76,F
,1741411,697,0,883,0.018,-0.498,0.632,9.10,7.78,-8.62,
,174145,919,0,920,0.056,-0.30,0.568,18.96,46.07,-5.13,F
,174148,919,0,1991,0.026,-0.34,0.715,-17.04,55.04,-16.87,F
,1741511,989,0,065,0.00,-0.374,0.850,18.75,60.69,-2354,F
,174152,995,0,1651,-0.29,-0.403,0.932,-19.88,55.42,-2.19,F
,174157,1123,0,1946,-0103,-0.362,1.007,-13.39,50.84,-0.48,F
,174159,1117,0,1711,-0037,-0.395,0.991,-9.68,52.42,-3.00,F
,174161,1167,0,1670,0.060,-0.48,0.943,6.67,44.37,-35.03,F
,174171,1247,0,1853,0.109,-0.41,0.915,-17.77,15.99,-56.70,F
,174182,1347,0,1998,-0.059,-0.49,1.59,-33.51,31.59,-4.25,F
,174196,1355,0,1373,0.101,-0.317,0.942,13.23,-8.84,14.0,F
,174206,1417,0,1784,-0.018,-0.96,0.996,18.58,-9.16,2829,F
,174214,1374,0,1923,0.100,-0.361,0.948,33.00,-8.16,37.9,F
,174216,1388,0,1983,0.139,-0.308,1.010,17.43,-17.87,31.35,F
,174223,1443,0,1411,-0.108,-0.07,1.112,28.16,-16.76,2.07,F
,174242,1204,0,1910,-0071,-0.409,0.722,52.94,3.62,19.1,F
,1742721,1555,0,1905,0.106,-0.580,1.042,-53.21,0.42,-6.07,F
,174274,1606,0,1908,0.44,-0.53,1.095,-11.10,50.58,-35.26,F
,1742751,1611,0,1788,-0.085,-0.440,1.073,-5.35,73.23,-1.84,F
,174281,1623,0,1929,0.115,-0.461,1.073,-23.21,22.71,-3.99,F
,174283,1631,0,1882,-0.029,-0.99,0.96,16.39,5.00,-25.69,F
,1742931,1584,0,1639,-0.128,-0.388,1.123,52.71,65.30,-2.44,F
,1742941,1564,0,2141,-0.088,-0.28,1.194,59.69,68.81,-27.34,F
,174302,1621,0,2002,-0.158,-0.026,1.141,130.99,70.45,-2.09,F
,174317,1570,0,1958,-0073,-0.89,1.07,40.88,-0.55,-13.72,F
,1743191,1553,0,2085,-0.105,-0.221,1.033,32.12,4.83,0.98,F
,1743241,1598,0,2067,-0.219,0.146,1.098,66.09,18.75,-5.8,F
,1743291,1659,0,1781,-0.300,-0.112,0.891,57.16,21.78,22.08,F
,1743321,1663,0,1788,-0.118,-0.053,1.071,27.34,0.42,1034,F
,174338,1728,0,2042,-0.317,-0.075,0.829,39.98,6.86,2055,F
,1743391,1710,0,1767,-0.118,-0.013,1.076,14.38,5.20,9.5,F
,1743431,1696,0,1764,-0.343,-0.094,0.861,20.12,6.62,18.77,F
,1743471,1729,0,2151,-0.170,0.271,1.040,31.91,16.60,-0.16,F
,1743551,1781,0,1649,-0.323,0.347,0.962,48.71,30.05,0.8,F
,1743651,1719,0,2107,-0.264,0.426,1.038,51.91,30.40,8.40,F
,174368,1572,0,1660,-0.454,0.400,0.937,66.73,33.26,12.9,F
,1743871,21,0,177,-0.29,0.152,0.807,75.43,10886,48.2,F
,1743881,19,0,1822,-0.162,0.206,0.781,7.04,117.18,38.91,F
,174391,0,0,185,-0.443,0.189,0.933,3391,75.65,20.25,F
,1743931,0,0,189,-0.37,0.117,0.980,59.22,49.4,24.52,
,1743971,169,0,066,-0.19,0.254,0.944,7.02,70.36,5.44,F
,174398,211,0,1781,-0.364,0.31,0.925,69.58,68.48,2.25,F
,174400,213,0,2015,-0.68,0.313,0.860,51.25,6255,-7.1,F
,174403,240,0,771,-0.488,0.306,0.914,0.03,54.08,-27.05,F
,1744061,240,0,954,-0.88,0.203,1.046,14.59,31.33,-35.3,F
,1744101,267,0,768,-0.62,0.347,1.017,3.57,36.45,-27.66,F
,174411,242,0,2063,-0.36,0.38,1.028,34.01,39.65,-21.9,F
,174412,202,0,818,-0.557,0.44,1.009,27.55,4133,-17.2,F
,174413,170,0,1935,-0.09,0.52,1.004,24.52,4535,-13.9,F
,174414,139,0,718,-0.650,0.491,0.992,20.90,33.76,-8.00,F
,174415,123,0,645,-0.591,0.500,0.970,22.12,2228,-3.8,F
,174423,0,0,1836,-0.49,0.397,0.736,26.03,11.4,-2.96,
,174427,0,0,190,-0.538,0.398,0.756,2052,22.92,3.47,F
,1744281,0,0,177,-0.55,0.421,0.734,1946,24.60,5.62,F
,1744311,0,0,175,-0.515,0.402,0.739,5.1,11.36,8.20,F
,174437,0,0,1753,-0.48,0.456,0.681,38.49,22.36,6.11,F
,174444,0,0,188,-0.502,0.417,.756,22.58,7.82,6.04,F
,174447,0,0,1995,-0.47,0.472,0.653,33.86,-3.4,-2.41,
,174448,0,0,1821,-0.490,0.492,.640,35.57,7.42,-2.45,F
,174449,0,0,161,-0.566,0.548,0.593,26.45,19.61,3.68,F
,174450,0,0,176,-0.55,0.523,0.681,1702,15.12,0.14,F
,174454,0,0,1734,-0.57,0.477,0.780,9.6,-8.13,-6.24,F
,174455,0,0,184,-0.543,0.454,0.780,1210,-9.83,-3.92,F
,1744591,0,0,209,-0.45,0.417,0.715,23.63,1.90,-6.42,F
,174462,0,0,1859,-0.553,0.541,0.708,17.07,14.48,0.94,F
,174463,0,0,1679,-0.54,0.513,0.708,1001,11.65,1.41,F
,174478,114,0,1791,-0.460,0.35,0.864,18.79,-6.67,-21.89,F
,174480,59,0,109,-0.475,0.374,0.766,40.16,10.71,-15.83,F
,174482,223,0,1850,-0.39,0.413,0.751,38.85,2633,-8.5,F
,174483,214,0,570,-0.426,0.447,0.790,4.06,30.36,-11.9,F
,174485,610,0,1514,-0.550,0.50,0.768,23.10,34.94,-10.73,F
,1744861,714,0,871,-0.74,0.508,0.738,0.85,33.13,-11.8,F
,174491,889,0,954,-0.509,0.39,0.781,10.78,-12.10,-1096,F
,174496,915,0,934,-0.396,0.38,0.748,28.42,10.60,-12.96,F
,174504,1316,0,1951,-0.560,0.43,0.731,56.10,43.00,-1595,F
,1745201,1891,0,1710,-0.674,0.45,0.701,12.84,7.90,-4.2,F
,174524,1767,0,1654,-0.427,0.41,0.699,24.30,21.73,0.5,F
,1745271,1593,0,1616,-0.829,0.515,0.729,31.11,819,-2.33,F
,1745311,1359,0,1569,-0830,0.505,0.747,27.91,-.90,-6.67,F
,174534,1168,0,1622,-0.451,0.402,0.622,28.18,-.98,-7.14,F
,174545,1104,0,2056,-0.569,0.513,0.635,12.67,1.81,-3.1,F
,174548,1221,0,1535,-0.619,0.461,0.720,1.89,5.5,5.21,F
,174550,1461,0,1710,-0.487,0.42,0.662,23.45,15.50,3.39,F
,1745581,1834,0,1891,-0.589,0.434,0.618,3.92,7.91,7.62,FH174559)¢bbbjrbrbrʂbrbrbrb25
,174561,1909,0,962,-0.72,0.523,0.657,2.75,1620,-1.34,F
,1745691,1985,0,1955,-0.339,0.604,0.458,8.30,24.52,0.75,F
,1745761,1859,0,1488,-0.209,0.55,0.557,18.68,12.57,-13.37,F
,174589,990,0,1824,-0.608,0.539,0.655,37.95,0.62,-11.2,F
,1745911,979,0,921,-0.99,0.53,0.595,32.58,1031,-0.50,F
,174596,675,0,1584,-0.507,0.550,0.564,16.79,41.41,12.8,F
,174597,773,0,2443,-0.729,0.623,0.630,0.91,40.29,10.2,F
,174605,1648,0,2160,-0.638,0.548,0.664,-11.70,33.55,20.26,F
,1746061,1699,0,1264,-0.576,0.509,0.606,-13.93,5.52,2162,F
,174608,1707,0,2178,-0450,0.51,0.611,-13.44,36.46,20.26,F
,1746321,1872,0,2256,-0.494,0.435,0.641,-10.43,49.23,27.85,F
,1746331,1900,0,1959,-0.461,0.458,0.674,1.57,64.65,32.3,F
,1746351,1919,0,1605,-0.482,0.569,0.553,17.17,68.22,28.81,F
,174636,1841,0,2185,-0566,0.553,0.590,11.33,56.23,22.26,F
,174639,1670,0,1270,-0.450,0.625,0.493,15.20,649,-0.0,F
,174650,1145,0,1808,-0566,0.73,0.602,35.97,15.03,-1713,F
,174658,979,0,879,-0.08,0.529,0.702,18.01,28.92,0.20,a5
,174660,757,0,1666,-0.650,0.597,0.639,2.73,24.33,-0.7,F
,1746611,752,0,2060,-0.669,0.575,0.567,11.10,2303,0.48,a5
,174663,555,0,951,-0.65,0.57,0.511,5.43,25.41,-0.16,a5
,1746671,329,0,1646,-0.53,0.56,0.553,-1.88,15.81,2.45,a5
,174670,0,0,1564,-0.621,0.531,0.597,-535,19.07,-4.91,F
,1746801,657,0,1751,-0.69,0.51,0.631,-24.80,8.05,4.55,F
,174687,913,0,971,-0.576,0.528,0.645,20.11,-7.19,11.18,F
,1746971,1328,0,1922,-0.500,0.429,0.948,-65.10,1.32,5007,F
,1746991,1333,0,1830,-0.454,0.439,1.041,-70.42,6.97,54.72,F
,1747051,1237,0,2115,-0.419,0.288,1.191,-115.68,-41.81,21.75,F
,174721,973,0,870,-0.66,0.16,1.188,-162.98,-140.09,19.22,F
,174722,967,0,246,-0.48,0.136,1.146,-153.03,-131.26,12.48,F
,174724,963,0,224,-0.391,0.114,1.053,-129.85,-113.63,0.74,F
,174726,963,0,071,-0.46,0.07,0.981,-120.35,-108.30,5.38,F
,1747281,963,0,1717,-0.282,0.001,0.929,-108.37,-100.32,12.33,F
,1747291,969,0,1628,-0.297,-0.020,0.889,-101.99,-92.74,17.18,F
,1747301,976,0,1919,-0.264,-0.09,0.873,-90.93,-85.25,23.20,F
,174733,983,0,1907,-0.229,-0.120,0.796,-65.25,66.45,3.88,F
,174738,1082,0,1984,-0.194,-0.161,0.67,-45.29,-49.51,2.11,F
,174739,1094,0,2117,-0.182,-0.179,0.64,-41.47,-43.92,3.24,F
,1747401,1086,0,1887,-0.156,-0.01,0.65,-38.17,-39.05,34.39,F
,174752,1130,0,2045,-0.041,-0.76,0.732,-13.94,-7.84,2.42,F
,1747531,1136,0,1931,-0.031,-0.79,0.72,-14.89,-7.75,1.13,F
,1747541,1126,0,1782,-0.022,-0.00,0.74,-15.03,-8.68,1.79,F
,174764,1107,0,1954,-0.008,-0.475,0.80,-9.59,20.00,-029,F
,1747651,1109,0,1895,0.017,-0.49,0.802,-10.26,20.40,-519,F
,1747791,1182,0,2029,-0.012,-0.70,0.790,-17.07,8.23,-4.91,F
,174781,1157,0,1776,0.031,-0.65,0.781,-20.93,-2.74,-57.92,F
,174782,1154,0,2086,0.035,-0.65,0.779,-27.99,2.03,-54.33,F
,174796,1211,0,2016,0.198,-0.661,0.745,-19.84,21.94,-38.50,F
,174802,1285,0,2027,0.182,-0.55,1.077,-62.89,3.16,-3316,F
,1748461,994,0,1946,0.05,-0.640,0.278,34.61,-2.24,4.45,F
,174848,1047,0,1797,0.114,-0.668,0.259,11.95,303,3.50,F
,174851,976,0,766,0.104,-0.769,0.335,-8.37,11.23,-8.5,F
,174852,903,0,106,0.110,-0.72,0.397,9.75,6.36,-9.16,
,174853,917,0,897,0.13,-0.714,0.394,8.84,1703,-5.11,F
,174860,913,0,1936,0.09,-0.636,0.633,15.41,5.80,-10.41,F
,174861,918,0,555,0.01,-0.63,0.693,14.49,51.91,-1380,F
,174862,944,0,1887,0.041,-0.63,0.705,-12.17,40.42,-2033,F
,1748631,976,0,2030,0.043,-0.628,0.701,-14.35,32.89,-2714,F
,174869,1172,0,1777,0.152,-0.696,0.717,0.18,56.46,-15.08,F
,174871,1148,0,1997,0.157,-0.655,0.684,3.78,54.07,-14.0,F
,174885,1110,0,1862,0.275,-0.598,1.277,-20.54,26.72,-34.71,F
,174887,1200,0,1696,0.206,-0.614,1.398,-21.10,13.91,-34.12,F
,174890,1193,0,1933,0.220,-0.542,1.427,5.66,1935,-14.82,F
,174891,1180,0,1521,0.208,-0.512,1.407,9.28,1530,-12.07,F
,174892,1197,0,1911,0.186,-0.510,1.371,10.50,735,-7.43,F
,174893,1177,0,1733,0.236,-0.496,1.195,15.19,614,-1.35,F
,174895,1168,0,2096,0.178,-0.51,1.114,4.16,-7.17,0.97,a5
,174898,1205,0,1956,0.222,-0.561,0.988,24.85,-0.13,6.2,F
,174900,1279,0,2082,0.239,-0.530,0.900,24.58,-15.35,1703,F
,174929,1374,0,1885,-0.158,-0.312,0.547,77.74,1.39,4993,F
,1749341,1365,0,1984,-0.010,-0.444,0.370,94.10,58.46,5756,F
,1749421,1535,0,1755,0.232,-0.671,0.638,65.49,78.66,25.3,F
,1749551,1475,0,1906,-0.162,-0.418,1.014,21.05,45.99,-50.76,F
,1749581,1482,0,1961,-0.173,-0.499,0.939,5.78,21.29,-54.21,F
,1749641,1554,0,1921,-0.046,-0.519,0.776,-13.35,20.37,-51.95,F
,1749681,1575,0,1727,0.103,-0.509,1.021,-21.90,.08,-6322,F
,174984,1392,0,1905,0.166,-0.432,1.377,5.49,-12.07,6.13,F
,174989,1367,0,1979,0.50,-0.53,1.045,15.11,-19.28,1229,F
,174999,1301,0,1794,-0181,-0.06,0.988,31.37,-3.03,1662,F
,175015,351,0,711,0.034,-0.495,0.479,4.35,-2.9,-14.62,F
,1750161,445,0,726,0.065,-0.531,0.462,.14,-4.8,-16.06,F
,175021,868,0,942,0.029,-0.451,0.596,53.11,4880,1.56,F
,1750431,1182,0,1999,0.00,-0.42,0.864,-6.80,4.65,-28.24,F
,175047,1241,0,1840,0.170,-0.510,1.000,-32.05,14.92,-50.54,F
,175066,957,0,1920,0.11,-0.19,1.068,32.07,-19.90,-11.78,F
,175068,954,0,937,0.091,-0.200,1.110,4.70,-1.89,-6.4,F
,1750701,951,0,568,0.02,-0.252,1.113,16.78,-20.27,-3.60,F
,1750761,951,0,1923,0.04,-0.22,0.975,50.21,-7.81,4.62,a5
,1750811,987,0,1623,-0.50,-0.323,0.839,53.78,-7.05,11.7,F
,1750941,909,0,1760,0.107,-0.451,0.562,6.10,4423,-5.63,F
,175097,945,0,853,0.089,-0.39,0.621,67.92,6205,-4.13,F
,175098,935,0,694,0.109,-0.31,0.636,59.23,6672,-8.97,F
,175101,807,0,859,0.050,-0.311,0.775,9.17,7313,-22.8,F
,175107,919,0,775,-0.040,-0.30,0.965,4.62,6396,-37.8,F
,175109,973,0,1614,-0.67,-0.33,0.935,2.16,63.59,-40.79,F
,175111,877,0,1968,-0.65,-0.298,0.958,3.55,69.01,-41.80,F
,1751121,876,0,1827,-0.57,-0.278,0.909,-1.19,66.37,-43.26,F
,175116,860,0,1805,0.010,-0.298,0.871,28.22,3.88,-62.68,F
,175118,865,0,043,-0.005,-0.292,0.864,-21.22,7.20,-53.28,F
,175124,854,0,018,0.011,-0.232,1.135,-23.00,3.84,-3858,F
,1751251,859,0,1977,-0.24,-0.24,1.237,-23.64,3.65,-32.88,F
,1751281,836,0,760,-0.091,-0.150,1.576,-25.67,3.52,-3.20,F
,175132,815,0,1881,-0.136,-0.06,1.782,5.00,2142,-5.7,F
,1751331,816,0,1773,-0.94,-0.064,1.751,9.23,1026,-3.08,F
,175139,816,0,1953,0.042,-0.15,1.280,15.22,-155,21.73,F
,175144,798,0,160,0.014,-0.20,1.145,15.65,-1.16,30.2,F
,175149,896,0,2000,-0.66,-0.18,1.140,12.67,-.41,42.1,F
,175152,899,0,098,-0.136,-0.166,1.155,6.71,-1.26,50.80,F
,175153,901,0,092,-0.101,-0.21,1.181,7.74,-2.38,48.89,F
,1751541,899,0,1874,-0.28,-0.21,1.163,14.15,-0.44,4887,F
,175156,915,0,665,-0.19,-0.171,1.131,21.74,-0.21,43.12,F
,1751581,845,0,1855,-0.70,-0.204,1.073,24.42,-5.03,4530,F
,1751631,805,0,1879,-0.59,-0.244,0.819,31.49,-1.83,41.30,F
,1751661,765,0,955,-0.152,-0.25,0.667,26.62,-3.03,30.63,F
,175171,747,0,898,-0.081,-0.37,0.518,27.10,-0.13,27.52,F
,175172,745,0,1950,-0.074,-0.408,0.500,27.29,1.91,26.3,F
,175174,746,0,1916,-0.087,-0.416,0.503,20.12,1.91,22.4,F
,1751841,702,0,1682,-0.169,-0.392,0.826,-15.84,46.83,-6.12,F
,1751881,746,0,1970,-0.54,-0.405,0.934,-4.38,3.96,-22.07,F
,1751891,743,0,1770,-0.138,-0.387,0.938,0.24,32.75,-23.05,F
,175191,765,0,1874,-0.05,-0.369,0.887,-9.39,4.88,-2380,F
,175193,778,0,1818,-0.80,-0.402,0.901,-19.80,2.62,-2.92,F
,1751951,775,0,2014,-0.69,-0.402,0.883,-19.85,9.41,-3.16,F
,1751971,815,0,1859,-0.19,-0.386,0.878,-30.16,4.34,-4.97,F
,1751981,832,0,1891,-0.026,-0.426,0.885,-26.66,0.69,-4.29,F
,175203,846,0,697,0.09,-0.394,0.883,-17.88,3.43,-44.01,F
,1752041,954,0,1934,0.057,-0.373,0.894,-16.22,2.57,-43.96,F
,1752051,1008,0,1601,0.050,-0.336,0.919,-19.32,6.92,-4.50,F
,175207,876,0,1963,0.01,-0.290,1.004,-25.61,3.10,-3743,F
,175208,829,0,1893,0.00,-0.259,1.124,-34.34,3.88,-3419,F
,175217,866,0,1830,-0.16,-0.126,1.555,17.57,855,-1.4,F
,175224,784,0,822,0.052,-0.272,1.147,28.52,-531,18.81,F
,1752291,832,0,1921,0.024,-0.292,1.084,0.52,-14.06,27.67,F
,175231,825,0,776,-0.03,-0.262,1.141,32.04,-1.69,32.02,F
,1752351,806,0,1858,-0.91,-0.303,1.150,14.82,-2.06,37.13,F
,175240,830,0,1951,-0.112,-0.330,0.987,44.70,-0.21,3075,F
,175242,825,0,815,-0.91,-0.377,0.867,49.74,-9.38,2976,F
,175244,815,0,1749,-0.81,-0.410,0.725,46.36,-26.87,23.93,F
,1752451,767,0,815,-0.082,-0.48,0.648,45.63,-0.59,21.30,F
,175246,677,0,971,-0.02,-0.466,0.598,43.31,-5.58,1868,F
,175248,623,0,1615,-0.078,-0.454,0.535,40.53,-.13,9.49,F
,175252,656,0,900,-0.074,-0.51,0.517,35.58,1.16,-1.00,F
,175253,657,0,890,-0.39,-0.54,0.522,38.91,1.65,-3.02,F
,175261,659,0,1341,-0.127,-0.379,0.739,2.27,28.07,-22.09,F
,1752631,721,0,2155,-0.105,-0.404,0.818,8.04,34.62,-19.42,F
,175264,736,0,1919,-0.07,-0.388,0.829,15.33,36.48,-19.84,F
,1752671,807,0,2101,-0.062,-0.336,0.854,10.61,2.28,-3129,F
,175269,768,0,1772,-0.081,-0.331,0.872,-9.55,3.36,-3801,F
,175272,754,0,870,-0.073,-0.32,0.894,-6.02,40.36,-33.81,F
,175275,784,0,1927,0.008,-0.334,0.859,6.26,19.9,-43.61,F
,175276,829,0,981,0.01,-0.339,0.827,4.76,11.3,-47.6,F
,175278,841,0,1780,0.096,-0.310,0.761,1.33,8.5,-51.40,F
,175279,848,0,731,0.078,-0.28,0.752,14.74,1.22,-47.19,F
,175280,843,0,1723,0.10,-0.33,0.736,20.78,1.02,-4453,F
,175281,846,0,1655,0.139,-0.310,0.778,-22.37,2.56,-4407,F
,175282,846,0,1745,0.111,-0.283,0.812,-22.54,3.25,-4393,F
,175286,819,0,777,0.00,-0.236,1.190,-21.58,3.93,-3189,F
,1752871,816,0,876,0.09,-0.204,1.306,-28.55,4.10,-3247,F
,175288,819,0,1862,0.077,-0.079,1.431,-35.00,3.01,-3851,F
,175289,826,0,712,-0.054,-0.20,1.580,-19.74,31.55,-24.68,F
,1752901,816,0,2025,-0.057,-0.177,1.635,-8.06,3.24,-1601,F
,1752931,800,0,1867,-0.019,-0.110,1.758,12.06,2.00,-3.9,F
,175297,782,0,983,0.06,-0.110,1.476,18.88,7.5,6.84,
,1753031,656,0,2114,0.032,-0.149,1.192,6.41,-6.29,18.78,F
,175307,665,0,956,0.00,-0.20,1.180,1.60,-1.51,25.2,F
,1753131,695,0,1839,0.062,-0.159,1.169,38.75,-2.56,32.5,F
,175319,710,0,869,-0.62,-0.254,1.097,28.50,-18.73,34.83,F
,175324,759,0,779,-0.50,-0.329,0.789,62.56,-8.27,23.30,F
,175328,614,0,806,0.07,-0.333,0.503,54.24,-13.42,13.85,F
,175334,220,0,895,-0.016,-0.404,0.479,25.07,14.26,-6.80,F
,175342,306,0,823,-0.32,-0.235,0.842,-9.35,49.91,-13.13,F
,175343,469,0,760,-0.074,-0.310,0.920,-4.52,43.13,-14.74,F
,175346,624,0,801,-0.078,-0.254,0.988,13.04,3.35,-2274,F
,175350,654,0,723,-0.22,-0.26,0.980,4.53,4142,-26.9,F
,175354,682,0,706,0.00,-0.250,0.975,-2.74,35.67,-36.03,F
,1753551,683,0,623,0.006,-0.251,0.962,-6.37,30.03,-38.22,F
,1753561,687,0,2125,0.023,-0.25,0.945,7.97,2729,-39.5,F
,175358,687,0,1970,0.028,-0.253,0.934,-16.23,27.56,-39.22,F
,175359,688,0,970,0.07,-0.273,0.925,-20.03,25.47,-39.71,F
,175362,688,0,797,0.01,-0.25,0.899,-12.37,3.42,-3943,F
,175365,683,0,693,0.06,-0.21,1.022,-23.64,35.15,-39.51,F
,175366,683,0,602,0.075,-0.218,1.079,-26.93,3.14,-4003,F
,175367,683,0,099,0.01,-0.23,1.103,-23.55,3.07,-3894,F
,175370,681,0,584,-0.033,-0.156,1.235,-11.50,48.03,-28.03,F
,175372,677,0,963,-0.52,-0.18,1.348,-6.66,3.11,-2873,F
,1753751,666,0,1923,-0.026,-0.081,1.481,-5.85,25.21,-19.32,F
,175377,649,0,2054,-0.017,-0.070,1.504,1.72,30.37,-6.06,F
,1753811,770,0,1962,0.019,-0.087,1.341,21.23,12.48,1.67,F
,175387,673,0,809,0.01,-0.127,1.172,22.87,-2.61,13.1,F
,175390,687,0,053,0.011,-0.158,1.169,23.37,-5.69,19.09,F
,1753941,699,0,1716,0.020,-0.13,1.114,28.30,-1.60,28.3,F
,1753991,710,0,1845,-0.88,-0.25,1.199,29.97,-7.13,3481,F
,175409,304,0,915,-0.72,-0.20,0.775,36.30,-.40,31.4,F
,1754101,240,0,1997,-0.066,-0.23,0.734,39.57,-0.88,3091,F
,1754111,0,0,1999,-0.050,-0.284,0.685,41.52,-13.60,29.07,F
,175414,0,0,189,-0.024,-0.301,0.606,33.57,-2055,18.5,F
,175415,0,0,193,-0.001,-0.297,0.620,29.91,-2041,14.7,F
,175417,0,0,192,0.030,-0.326,0.580,19.91,-6.0,10.14,
,175423,146,0,865,-0.044,-0.369,0.678,5.11,32.63,3.10,F
,1754251,561,0,1782,-0.045,-0.360,0.730,-0.49,24.98,-4.1,F
,175427,642,0,583,-0.028,-0.352,0.805,-10.43,7.13,-995,F
,175430,651,0,919,-0.090,-0.367,0.909,-22.48,52.86,-14.35,F
,175431,633,0,865,-0.085,-0.378,0.955,-19.09,8.74,-17.16,F
,175432,656,0,812,-0.099,-0.372,0.977,-12.92,4.68,-21.25,F
,175433,653,0,979,-0.110,-0.375,0.991,-5.93,3.45,-2241,F
,175434,670,0,785,-0.058,-0.360,0.984,-3.97,3.79,-25.80,F
,175435,671,0,015,-0.055,-0.345,0.985,-6.74,3.74,-29.87,F
,175436,663,0,1783,-0.126,-0.37,0.997,-4.66,3.50,-2769,F
,1754401,680,0,1929,-0.01,-0.32,0.977,-21.71,3.88,-4.39,F
,175442,671,0,789,-0.007,-0.332,0.967,-20.45,0.81,-3.75,F
,175461,673,0,1861,-0.42,-0.05,1.485,15.98,866,-5.7,F
,175463,677,0,833,0.025,-0.122,1.339,8.93,3.30,3.12,F
,175464,673,0,709,0.054,-0.127,1.287,20.00,2.6,6.98,
,1754731,679,0,2061,-0.06,-0.26,1.165,34.35,-.94,25.5,F
,175476,683,0,677,-0.009,-0.182,1.193,32.35,-16.35,27.81,F
,175491,679,0,1847,-0.83,-0.388,0.744,37.04,-2.64,2753,F
,175492,671,0,1795,-0.42,-0.373,0.622,27.11,-3.19,24.55,F
,175493,662,0,939,-0.20,-0.47,0.668,34.36,-2.38,2292,F
,1754951,653,0,2007,-0.013,-0.405,0.587,32.06,599,18.6,F
,175497,650,0,093,-0.47,-0.44,0.561,23.95,1.24,13.2,F
,1755001,656,0,2034,-0.08,-0.463,0.539,25.02,2.33,7.1,F
,175507,673,0,875,-0.140,-0.37,0.763,-13.67,38.52,-1.19,F
,1755111,687,0,2080,-0.144,-0.362,0.896,-5.77,3.23,-2262,F
,175512,688,0,789,-0.130,-0.345,0.919,-5.09,3.30,-2322,F
,175513,691,0,859,-0.098,-0.346,0.936,-6.22,3.86,-2627,F
,1755141,708,0,1468,-0.86,-0.343,0.928,-11.07,0.00,-2.34,F
,175515,685,0,012,-0.102,-0.31,0.942,-16.14,30.28,-3.83,F
,1755191,673,0,1866,-0.73,-0.39,0.958,-17.22,43.93,-29.20,F
,175521,682,0,948,-0.073,-0.37,0.944,-17.21,5.30,-2.50,F
,175524,699,0,993,-0.016,-0.366,0.908,-23.09,4.48,-3.77,F
,175525,699,0,941,0.008,-0.36,0.881,21.91,18.97,-42.06,F
,175529,677,0,961,0.09,-0.314,0.754,-16.87,1.97,-43.80,F
,1755301,675,0,1891,0.085,-0.282,0.851,-20.75,29.81,-39.11,F
,175531,672,0,2078,0.03,-0.241,0.917,-26.83,3.88,-3656,F
,175532,703,0,1936,0.09,-0.185,1.049,-36.03,4.91,-3563,F
,1755461,695,0,1870,0.03,-0.159,1.221,31.86,-328,25.1,F
,1755501,691,0,2058,-0.006,-0.238,1.149,25.40,-8.71,31.90,F
,175559,707,0,715,-0.55,-0.251,1.155,41.04,-9.69,4332,F
,1755601,687,0,1801,-0.147,-0.239,1.149,42.18,-9.69,4210,F
,1755621,688,0,1779,-0.195,-0.269,1.107,39.31,-1.83,4226,F
,175563,684,0,874,-0.196,-0.20,1.047,39.26,-23.37,41.47,F
,1755671,598,0,1863,-0.72,-0.331,0.816,47.75,-6.97,3804,F
,175578,221,0,851,-0.062,-0.507,0.561,34.79,1.04,18.42,F
,175579,415,0,815,-0.071,-0.484,0.553,36.65,1.14,12.4,F
,175583,498,0,2091,-0.094,-0.425,0.646,16.01,3.30,0.23,F
,175587,549,0,796,-0.52,-0.398,0.812,-13.70,6.03,-1.42,F
,175591,573,0,754,-0.42,-0.368,0.884,0.75,2764,-23.3,F
,175597,645,0,978,-0.60,-0.375,0.957,-10.66,2.42,-3.40,F
,175602,686,0,1636,0.000,-0.362,0.874,-0.37,1526,-49.4,F
,175604,637,0,2033,0.01,-0.284,0.739,-3.68,1294,-52.9,F
,175606,631,0,1953,0.062,-0.288,0.759,-16.95,2.62,-5273,F
,1756081,682,0,2027,0.075,-0.258,0.959,31.35,3.53,-50.97,F
,175621,689,0,872,0.09,-0.09,1.358,7.63,7.7,5.81,
,1756291,685,0,1824,0.011,-0.222,1.193,29.37,-629,21.7,F
,175634,687,0,875,0.003,-0.211,1.143,5.65,-1.61,31.6,F
,175641,647,0,1689,-0.055,-0.251,1.060,37.40,-26.15,26.42,F
,175642,638,0,1634,-0.067,-0.22,1.033,41.81,-24.15,2767,F
,175659,590,0,1798,-0.104,-0.375,0.794,22.84,2.16,-16.53,F
,175663,624,0,746,-0.129,-0.277,0.816,-2.16,3.08,-1873,F
,1756681,679,0,912,-0.097,-0.293,0.895,4.49,3176,-27.3,F
,175670,681,0,968,-0.095,-0.242,0.892,-1.18,3.89,-3129,F
,1756821,734,0,1587,0.094,-0.234,0.775,14.26,1.68,-42.04,F
,175686,727,0,2063,0.011,-0.210,1.159,36.43,4.43,-2719,F
,1757011,704,0,026,0.034,-0.131,1.160,8.52,-145,19.76,F
,175705,701,0,982,0.004,-0.203,1.146,22.30,-1.13,23.30,F
,175706,701,0,633,0.026,-0.171,1.143,5.84,-1.06,26.10,F
,175710,701,0,1843,-0.004,-0.167,1.144,33.10,-.00,35.33,F
,175715,707,0,1776,-0.141,-0.20,1.153,21.45,-4.90,41.36,F
,1757211,710,0,1783,-0.04,-0.219,0.867,50.50,-26.48,35.03,F
,175723,670,0,1724,-0.099,-0.25,0.750,41.33,-3.61,30.84,F
,175727,583,0,883,-0.020,-0.31,0.588,37.75,-7.69,24.65,F
,175731,491,0,927,-0.031,-0.384,0.566,28.35,1.26,16.4,F
,175732,486,0,192,-0.047,-0.390,0.574,20.59,20.55,11.9,F
,175737,510,0,1873,-0.07,-0.36,0.757,12.10,2.63,-3.4,F
,175739,560,0,837,-0.082,-0.33,0.795,1.02,3436,-8.44,F
,1757401,556,0,1654,-0.27,-0.326,0.792,-6.69,4.05,-9.8,F
,1757431,571,0,1776,-0.79,-0.324,0.839,-8.55,38.60,-1862,F
,1757441,577,0,1957,-0.095,-0.32,0.857,-11.16,6.49,-21.42,F
,175752,688,0,1787,-0.059,-0.31,0.963,-18.67,3.67,-3.42,F
,175754,688,0,1754,-0.043,-0.38,0.932,-18.72,3.82,-4.42,F
,175762,727,0,749,0.061,-0.29,0.893,-29.22,1.37,-4618,F
,175764,737,0,705,0.025,-0.273,0.992,26.58,21.44,-46.45,F
,1757651,736,0,1952,0.02,-0.256,1.108,-30.17,3.76,-40.00,F
,175771,696,0,1715,-0.31,-0.118,1.547,1.92,3104,-15.86,F
,175772,685,0,1681,-0.06,-0.103,1.553,1.23,23.71,-15.60,F
,175775,685,0,695,-0.052,-0.11,1.447,11.72,1.38,-3.08,F
,175777,690,0,1833,-0.11,-0.159,1.270,23.33,17.58,3.46,F
,1757871,833,0,1842,-0.38,-0.251,1.078,24.32,203,22.1,F
,175789,832,0,1718,-0.27,-0.247,1.083,27.51,-.80,25.81,F
,175797,842,0,815,-0.059,-0.209,1.145,23.87,-.86,31.84,F
,175798,848,0,1679,-0.082,-0.20,1.167,25.55,-3.09,3057,F
,1758011,679,0,1679,-0.35,-0.239,1.181,24.90,-13.14,34.80,F
,1758071,670,0,1796,-0.71,-0.251,0.926,46.04,-2.27,30.02,F
,175816,510,0,1687,0.031,-0.414,0.512,44.13,-329,13.52,F
,175817,530,0,1846,0.003,-0.443,0.515,41.77,3.5,9.44,F
,175818,549,0,1875,0.08,-0.444,0.514,36.71,1139,2.22,F
,1758231,619,0,1763,-0.065,-0.423,0.679,8.30,4349,-1.4,F
,175824,615,0,1300,-0.056,-0.405,0.715,4.21,4594,-4.7,F
,175826,667,0,1804,-0.92,-0.394,0.761,-10.40,8.40,-1.57,F
,175828,691,0,1657,-0.35,-0.392,0.830,-22.11,7.90,-18.94,F
,175830,719,0,1827,-0.19,-0.413,0.928,-20.25,1.47,-2.53,F
,175832,734,0,1958,-0.07,-0.386,0.959,-11.93,1.07,-2.38,F
,175835,744,0,843,-0.22,-0.343,0.962,-19.27,3.24,-28.13,F
,175838,737,0,1958,-0.42,-0.31,0.998,-27.97,0.31,-3.64,F
,1758391,746,0,1741,-0.028,-0.383,0.988,-25.99,7.91,-40.96,F
,175842,794,0,814,0.002,-0.355,0.864,18.08,32.19,-35.38,F
,175843,801,0,131,0.030,-0.332,0.807,19.47,3.48,-35.54,F
,175856,784,0,949,-0.170,-0.068,1.844,10.78,23.53,1.97,F
,175860,785,0,734,-0.36,-0.089,1.514,19.36,-.43,20.0,F
,1758671,818,0,1835,0.009,-0.214,1.179,31.39,-2.12,32.6,F
,175869,823,0,812,-0.49,-0.239,1.198,34.70,-3.86,3362,F
,1758701,825,0,2021,-0.024,-0.248,1.210,36.30,-3.43,3669,F
,175871,822,0,818,-0.43,-0.22,1.245,45.68,-20.38,37.52,F
,1758721,837,0,2064,-0.027,-0.213,1.223,42.10,-2.79,40.84,F
,175874,821,0,1973,-0.074,-0.265,1.185,38.96,-0.26,44.49,F
,175879,779,0,1997,-0.43,-0.369,1.189,27.08,-.77,40.9,F
,175880,763,0,1909,-0.085,-0.395,1.160,24.06,-.06,35.7,F
,175881,759,0,1979,-0.179,-0.361,1.118,29.20,3.85,36.16,F
,1758871,752,0,006,-0.145,-0.424,0.694,57.22,-0.19,2553,F
,175889,637,0,1970,-0.078,-0.391,0.565,74.27,-7.48,1436,F
,175894,564,0,1927,-0.012,-0.314,0.405,36.04,-2.94,2.7,F
,175897,430,0,763,-0.058,-0.390,0.432,0.27,-653,1.13,F
,1759041,624,0,2193,-0.001,-0.342,0.588,-10.08,3.18,-398,F
,175907,637,0,812,-0.15,-0.429,0.745,-38.43,4.71,-609,F
,175912,805,0,565,0.115,-0.51,0.780,21.96,27.82,-20.93,F
,175913,867,0,1851,0.157,-0.465,0.771,-22.95,2.91,-2897,F
,175915,960,0,943,0.20,-0.54,0.858,27.97,15.29,-38.09,F
,175918,941,0,032,0.26,-0.569,0.977,-61.07,23.47,-51.90,F
,175919,944,0,1255,0.290,-0.603,1.005,-66.35,19.50,-56.87,F
,175920,967,0,139,0.321,-0.629,1.027,-65.79,14.57,-59.52,F
,175922,985,0,064,0.378,-0.629,1.060,45.19,561,-64.6,F
,175928,961,0,836,0.24,-0.33,1.617,59.03,17.84,-68.44,F
,1759321,912,0,1904,0.087,-0.250,1.835,27.04,-13.26,-59.13,F
,175936,895,0,1857,0.082,-0.066,1.622,1.55,-1844,-26.5,F
,175942,721,0,764,0.136,-0.11,1.169,.45,-32.88,22.89,F
,175944,740,0,776,0.10,-0.151,1.097,6.64,-31.80,33.91,F
,175946,736,0,1502,0.113,-0.164,1.083,.94,-2969,50.6,F
,175947,731,0,974,0.16,-0.198,1.056,-1.38,-31.32,53.5,F
,1759631,912,0,1941,0.029,-0.49,0.808,9.39,-5.07,38.81,F
,1759641,899,0,043,0.040,-0.501,0.719,38.78,-6.65,34.7,F
,175970,659,0,911,0.184,-0.519,0.228,43.71,-43.11,20.14,F
,175973,604,0,2013,0.228,-0.570,0.110,9.74,-131,18.8,F
,1759741,610,0,785,0.20,-0.559,0.123,3.20,11.74,17.04,F
,175976,624,0,1879,0.197,-0.60,0.183,.78,26.3,11.30,F
,1759791,683,0,776,0.09,-0.613,0.442,-8.22,27.27,9.64,F
,175988,970,0,946,0.179,-0.575,0.714,-3.70,53.71,-11.7,F
,175989,968,0,1979,0.182,-0.58,0.735,12.08,5.85,-16.33,F
,175996,976,0,1911,0.244,-0.581,0.762,-17.51,5.07,-2674,F
,1759981,975,0,064,0.26,-0.552,0.698,20.23,46.05,-29.48,F
,1760071,1061,0,2165,0.221,-0.481,1.208,-23.90,49.27,-19.67,F
,176012,985,0,043,0.14,-0.394,1.629,12.89,3.32,-3.75,F
,1760141,989,0,1842,0.222,-0.42,1.593,.42,22.68,3.18,F
,176020,965,0,087,0.20,-0.427,1.176,7.29,-404,16.0,F
,176021,969,0,1846,0.299,-0.434,1.138,33.72,-11.19,15.17,F
,176025,960,0,1815,0.260,-0.457,1.042,28.04,-13.35,25.20,F
,176031,945,0,854,0.120,-0.500,1.039,3.20,-19.60,40.57,F
,176032,947,0,839,0.125,-0.541,1.017,5.19,-2.42,40.4,F
,1760331,935,0,984,0.10,-0.555,0.976,4.73,-3.44,37.82,F
,1760341,946,0,997,0.11,-0.543,0.944,8.10,-3.68,34.25,F
,1760361,938,0,799,0.01,-0.537,0.927,1.40,-2.38,35.71,F
,176037,866,0,1961,0.067,-0.591,0.855,4.84,-2.35,33.87,F
,176039,863,0,2064,0.064,-0.613,0.757,3.05,-32.65,30.69,F
,176040,841,0,1966,0.074,-0.636,0.696,1.46,-3.77,29.17,F
,1760421,898,0,000,0.16,-0.585,0.561,6.44,-3.15,21.00,F
,176047,779,0,018,0.120,-0.560,0.303,0.30,-3.09,5.5,F
,1760491,782,0,2063,0.101,-0.603,0.286,0.47,-2.02,3.3,F
,1760511,795,0,115,0.13,-0.616,0.294,6.44,-1.76,4.3,F
,1760521,813,0,1887,0.145,-0.594,0.319,34.35,-7.02,2.80,F
,176053,817,0,1789,0.141,-0.577,0.322,6.84,4.48,2.94,F
,176054,818,0,1789,0.125,-0.57,0.348,16.13,20.13,4.19,a5
,176055,825,0,2138,0.103,-0.627,0.486,.21,27.1,1.78,F
,176056,828,0,1872,0.054,-0.623,0.533,.57,35.23,3.88,F
,176060,916,0,1759,0.012,-0.756,0.725,15.11,38.71,9.32,F
,1760621,951,0,1979,0.136,-0.68,0.750,2.42,3767,-1.9,F
,1760631,958,0,858,0.140,-0.662,0.754,.16,42.89,-5.03,F
,176064,969,0,1707,0.162,-0.685,0.778,1.62,47.04,-8.38,F
,1760651,972,0,1809,0.131,-0.675,0.774,-6.48,52.23,-10.07,F
,1760661,971,0,856,0.19,-0.700,0.824,12.17,5.53,-1196,F
,176071,991,0,1991,0.278,-0.768,0.887,13.12,5.55,-21.29,F
,176089,1045,0,1841,0.233,-0.570,1.485,-61.07,15.80,-95.32,F
,176121,1003,0,1818,0.219,-0.66,0.668,45.55,-5.03,4472,F
,176125,958,0,910,0.21,-0.713,0.453,3.16,-3.29,39.1,F
,176128,807,0,1744,0.25,-0.704,0.262,0.96,-3.22,25.4,F
,1761321,880,0,857,0.321,-0.810,0.118,6.71,-2.62,12.7,F
,1761351,950,0,1837,0.292,-0.86,0.124,27.45,5.39,13.38,a5
,176138,957,0,1765,0.305,-0.90,0.302,19.34,26.34,-4.82,F
,176140,982,0,1470,0.222,-0.846,0.388,8.65,30.08,-6.94,F
,1761411,976,0,1830,0.205,-0.781,0.374,1.49,3318,-7.03,F
,1761441,951,0,1831,0.232,-0.749,0.491,3.15,3356,-13.78,F
,176145,960,0,1643,0.227,-0.75,0.533,-11.12,32.77,-18.06,F
,176146,945,0,1838,0.22,-0.76,0.555,-12.63,29.59,-21.29,F
,176151,976,0,1815,0.309,-0.718,0.615,1.33,3715,-26.7,F
,1761521,965,0,680,0.24,-0.702,0.614,-4.43,41.67,-26.99,F
,1761541,967,0,1998,0.326,-0.686,0.623,15.09,3.98,-2656,F
,176155,990,0,1985,0.31,-0.69,0.627,-19.42,33.93,-27.80,F
,176179,1133,0,2061,0.464,-0.53,1.373,17.63,3.23,14.19,F
,1761951,1158,0,1649,0.303,-0.652,0.828,59.69,-30.90,47.21,F
,176208,955,0,1934,0.339,-0.79,0.231,3.60,-3.56,23.5,F
,1762101,913,0,861,0.366,-0.813,0.204,39.75,-29.19,12.58,F
,1762121,915,0,1738,0.384,-0.872,0.161,4.09,-2.20,0.9,F
,176213,901,0,1710,0.360,-0.875,0.163,18.42,-1.38,0.0,F
,1762151,905,0,936,0.35,-0.899,0.183,17.98,-1.25,0.37,F
,176216,903,0,833,0.35,-0.90,0.214,9.80,9.3,0.65,
,176218,913,0,879,0.31,-0.86,0.189,0.06,4194,-0.0,F
,1762271,1010,0,1881,0.348,-0.860,0.630,-23.25,39.27,-27.17,F
,1762281,1023,0,1683,0.361,-0.850,0.646,-20.52,37.09,-28.32,F
,1762631,1102,0,2011,0.481,-0.354,0.730,0.59,-8.48,12.84,F
,1762701,1123,0,1853,0.476,-0.498,0.663,5.37,-20.21,41.07,F
,1762721,1125,0,1808,0.462,-0.553,0.645,15.16,-14.22,44.60,F
,1762821,1131,0,2000,0.383,-0.732,0.333,30.71,-34.19,34.23,F
,176292,1093,0,1941,0.443,-0.942,-0.04,19.72,7.10,2958,F
,1762941,1136,0,2080,0.467,-0.984,-0.040,17.91,20.74,17.84,F
,1763141,1203,0,1959,0.393,-0.728,0.344,-9.53,54.29,-15.61,F
,1763451,1173,0,1978,0.502,-0.744,0.537,41.66,-14.21,25.55,F
,1763581,1201,0,1776,0.336,-0.926,0.525,57.46,-21.60,48.43,F
,176366,1264,0,1738,0.330,-0.852,0.557,50.00,-29.34,43.30,F
,176370,1229,0,2000,0.379,-0.814,0.493,41.08,-16.84,45.30,F
,176378,1282,0,1953,0.254,-0.737,0.468,62.10,-11.57,56.20,F
,176381,1298,0,2128,0.260,-0.83,0.460,26.88,-33.80,48.16,F
,1764041,1453,0,1749,0.198,-0.82,0.369,69.60,4.10,26.92,F
,176418,1424,0,2000,-0060,-0.739,0.57,31.14,4.29,12.51,F
,176440,1630,0,1866,0.362,-0.779,0.551,0.93,57.01,-3.19,F
,176442,1618,0,1973,0.208,-0.67,0.726,2.82,58.92,-18.42,F
,176462,1212,0,1916,-0063,-0.438,0.801,138.44,102.20,-39.67,F
,1764711,905,0,922,-0.67,-0.19,0.865,178.88,91.18,-26.61,F
,176472,899,0,1798,-0.60,-0.18,0.891,175.19,6.22,-26.65,F
,1764791,896,0,925,-0.28,-0.02,0.948,191.20,90.05,-12.29,F
,176483,865,0,1909,-0.213,0.129,1.032,54.58,7.66,-1833,F
,1764881,888,0,2067,-0.54,0.18,1.107,76.10,71.42,-8.90,F
,1764941,912,0,1849,-0.62,0.31,1.131,134.15,59.71,-5.58,F
,176495,917,0,1599,-0.51,0.30,1.125,35.23,5.19,-5.26,F
,176496,931,0,1967,-0.286,0.314,1.099,36.18,5.44,-4.3,F
,176497,953,0,1891,-0.310,0.31,1.110,43.66,54.94,-4.96,F
,176498,965,0,2002,-0.34,0.35,1.063,148.70,53.88,-4.74,F
,1765031,884,0,1771,-0.322,0.40,0.963,06.84,5.94,0.9,F
,176505,765,0,1866,-0.335,0.415,0.924,01.04,60.52,2.66,F
,1765071,813,0,875,-0.44,0.44,0.915,104.00,61.20,1.50,F
,1765121,739,0,830,-0.93,0.46,0.946,1.81,6465,-2.9,F
,176516,479,0,1855,-0.300,0.455,0.920,7.25,4387,-10.0,F
,176522,571,0,1850,-0.396,0.609,0.884,1.75,5023,-8.39,F
,1765241,576,0,1910,-0.389,0.526,0.993,.03,18.29,-16.47,F
,176526,576,0,1878,-0.335,0.43,1.057,6.69,-8.77,-29.45,F
,176531,501,0,1962,-0.357,0.53,0.976,11.97,35.64,8.51,a5
,1765331,355,0,1898,-0.420,0.60,0.891,0.19,34.51,9.58,F
,176534,350,0,872,-0.83,0.610,0.949,-3.00,23.58,9.24,F
,176537,272,0,782,-0.00,0.579,0.762,39.62,11.33,14.16,F
,176538,321,0,1522,-0.97,0.54,0.772,43.68,1.08,16.97,F
,176540,322,0,1984,-0.87,0.48,0.797,35.64,3.68,28.3,F
,176541,361,0,793,-0.07,0.483,0.804,-29.84,37.44,32.66,F
,176542,432,0,1796,-0.04,0.46,0.802,27.88,3.56,34.6,F
,176545,674,0,1878,-0.69,0.48,0.840,39.21,3.37,35.2,F
,1765461,820,0,711,-0.87,0.48,0.889,46.49,3.50,36.5,F
,1765471,875,0,1519,-0.515,0.481,0.976,57.39,3.40,42.1,F
,1765571,991,0,077,-0.460,0.330,1.333,101.88,1.38,5100,F
,176559,1071,0,1790,-0489,0.234,1.453,-122.23,-22.48,36.66,F
,1765641,1233,0,1923,-0.441,0.169,1.462,-148.78,-68.15,4.49,F
,1765761,954,0,1648,-0.377,0.203,1.112,146.49,122.85,27.37,F
,176577,932,0,1799,-0.344,0.20,1.064,142.02,121.80,25.72,F
,1765791,892,0,1742,-0.281,0.169,0.981,143.04,127.28,24.54,F
,176580,880,0,917,-0.45,0.133,0.942,144.61,-131.48,-25.74,F
,1765831,959,0,1755,-0.196,0.005,0.885,150.09,127.40,23.29,F
,1766021,1112,0,1941,0.079,-0.382,0.500,-28.31,-18.27,20.55,F
,1766271,1160,0,1954,0.66,-0.595,0.775,13.25,1.78,13.1,F
,1766501,1120,0,1734,0.231,-0.658,0.918,23.43,10.78,8.60,F
,1766701,1085,0,1771,0.05,-0.566,0.698,43.25,32.58,6.7,F
,1766781,1088,0,1621,0.043,-0.596,0.670,26.09,43.30,-13.05,F
,176680,1085,0,1874,0.034,-0.591,0.673,22.06,42.92,-20.36,F
,176692,928,0,1472,0.082,-0.541,0.607,-15.77,54.00,-48.70,F
,1766941,939,0,2210,0.03,-0.55,0.679,-36.40,46.39,-57.43,F
,176696,898,0,1792,0.068,-0.584,0.808,-44.03,31.44,-62.73,F
,176697,930,0,739,0.107,-0.594,0.830,51.13,858,-58.4,F
,176699,944,0,1904,0.198,-0.596,1.010,32.08,-.72,-5151,F
,1767001,938,0,1770,0.302,-0.56,1.104,-25.99,-2.59,-49.72,F
,176701,947,0,2176,0.352,-0.532,1.158,20.00,738,-46.29,F
,1767031,961,0,1893,0.344,-0.401,1.339,23.13,3.76,-3572,F
,176715,759,0,1906,0.309,-0.530,1.122,1.74,-798,27.94,F
,1767171,758,0,064,0.316,-0.533,1.034,8.75,-284,35.65,F
,1767181,773,0,1838,0.298,-0.506,1.032,0.88,-1.58,35.47,F
,1767201,816,0,937,0.237,-0.559,1.010,6.62,-597,35.5,F
,176723,821,0,1840,0.201,-0.545,0.973,23.13,-24.79,33.06,F
,1767241,825,0,1797,0.183,-0.571,0.952,1.84,-28.62,32.11,F
,176727,787,0,1820,0.149,-0.568,0.914,4.55,-2.64,31.44,F
,1767301,779,0,849,0.008,-0.540,0.919,0.10,-2.49,30.8,F
,176731,828,0,1935,0.002,-0.563,0.918,1.40,-3.66,27.7,F
,176735,794,0,1946,0.020,-0.591,0.711,5.40,-7.71,7.1,F
,1767361,763,0,876,0.042,-0.580,0.650,2.56,-7.32,3.9,F
,1767381,732,0,888,0.08,-0.60,0.535,31.22,-61.86,7.94,F
,1767401,663,0,1873,0.111,-0.644,0.405,40.41,-3.09,12.94,F
,176742,705,0,1685,0.117,-0.633,0.347,3.16,-809,13.1,F
,1767471,707,0,1776,0.104,-0.669,0.496,6.06,1823,-11.8,F
,1767481,738,0,1901,0.073,-0.679,0.512,.11,16.8,-10.5,F
,1767491,750,0,934,0.00,-0.67,0.458,0.91,2559,-6.9,F
,1767521,738,0,1808,0.118,-0.623,0.515,1.55,5500,-8.64,F
,176753,746,0,1561,0.113,-0.622,0.541,5.10,59.21,-11.48,F
,1767541,743,0,211,0.15,-0.62,0.582,-1.36,6233,-14.32,F
,1767561,754,0,823,0.03,-0.61,0.666,-1.80,62.03,-20.35,F
,176757,758,0,1993,0.073,-0.618,0.670,4.17,6158,-23.3,F
,176758,764,0,1855,0.073,-0.610,0.692,8.17,5799,-27.2,F
,1767601,781,0,1941,0.04,-0.60,0.719,-12.71,64.54,-28.30,F
,176762,769,0,1590,0.02,-0.61,0.746,-15.35,68.52,-27.06,F
,176763,814,0,2157,0.065,-0.62,0.731,-18.43,69.29,-29.26,F
,176765,825,0,1859,0.081,-0.63,0.764,-18.63,66.26,-36.19,F
,1767661,829,0,1742,0.05,-0.65,0.785,18.20,5.96,-4044,F
,1767671,910,0,690,0.13,-0.666,0.784,-21.74,54.98,-4219,F
,176769,941,0,1870,0.146,-0.654,0.719,24.64,5.23,-4051,F
,176771,942,0,1762,0.196,-0.677,0.713,22.16,7.99,-34.09,F
,1767721,944,0,924,0.23,-0.65,0.737,-17.61,79.79,-31.54,F
,176773,945,0,1962,0.21,-0.63,0.721,15.91,8.86,-3006,F
,176778,944,0,1779,0.219,-0.535,1.210,54.19,2.81,-5300,F
,176779,947,0,1535,0.272,-0.525,1.295,51.39,1.35,-50.82,F
,176782,915,0,1938,0.321,-0.559,1.490,20.86,27.49,-30.56,F
,176785,829,0,1820,0.266,-0.47,1.530,6.27,3692,-12.03,F
,176789,781,0,1872,0.307,-0.43,1.269,8.03,1.13,-8.45,F
,176792,738,0,1873,0.287,-0.49,1.117,18.21,-17.77,-3.43,F
,176795,752,0,1808,0.244,-0.47,0.989,0.07,-14.15,5.04,F
,176799,743,0,1874,0.176,-0.45,0.919,33.11,-22.01,12.6,F
,176801,774,0,1652,0.128,-0.45,0.914,32.15,-30.73,13.88,F
,1768041,816,0,1809,0.099,-0.500,0.856,0.59,-39.34,17.8,F
,176815,541,0,1627,0.03,-0.44,0.438,106.07,16.25,34.87,F
,1768171,499,0,1873,0.050,-0.467,0.437,00.04,2.89,34.36,F
,176819,494,0,1905,0.077,-0.540,0.447,8.67,2291,28.0,F
,176822,550,0,1902,0.09,-0.61,0.506,75.08,35.33,19.8,F
,1768241,592,0,1996,0.064,-0.645,0.663,0.23,43.67,12.65,F
,1768261,698,0,1975,0.046,-0.582,0.673,4.59,5793,10.81,F
,1768271,750,0,1904,0.045,-0.576,0.685,5.72,6906,9.30,F
,176829,814,0,1910,0.045,-0.513,0.683,1.78,7303,-0.74,F
,1768391,790,0,2059,0.008,-0.479,0.846,8.01,6782,-43.54,F
,176841,771,0,555,0.09,-0.41,0.806,.10,84.1,-44.83,F
,1768451,815,0,842,-0.039,-0.400,0.844,-4.28,61.74,-52.85,F
,1768461,915,0,866,0.04,-0.42,0.876,5.80,5417,-60.35,F
,1768471,926,0,585,0.04,-0.44,0.846,11.39,4.91,-68.24,F
,176848,927,0,2261,0.01,-0.42,0.877,12.49,4.26,-72.45,F
,176851,915,0,1951,0.099,-0.36,1.074,10.23,43.45,-72.68,F
,176852,895,0,1943,0.056,-0.352,1.156,8.46,4475,-71.23,F
,176854,912,0,1793,0.05,-0.29,1.356,-7.03,42.89,-58.47,F
,1768551,816,0,1758,0.153,-0.235,1.463,1.96,4750,-55.83,F
,1768561,845,0,2126,0.075,-0.257,1.535,2.73,50.26,-46.8,F
,1768591,687,0,1876,0.086,-0.164,1.694,6.09,4984,-25.25,F
,176860,695,0,1938,0.02,-0.15,1.720,9.28,4526,-20.30,F
,176861,731,0,1898,0.087,-0.12,1.723,0.01,3758,-16.21,F
,1768621,738,0,885,0.07,-0.083,1.751,13.83,27.88,-12.65,F
,176865,753,0,2064,0.13,-0.17,1.477,0.36,0.6,-0.01,F
,176866,754,0,1722,0.11,-0.18,1.490,.52,-8.84,-1.42,F
,176870,716,0,1961,0.157,-0.261,1.276,2.00,-1.92,12.28,F
,176872,714,0,2162,0.12,-0.24,1.176,3.51,-958,19.56,F
,176873,714,0,757,0.16,-0.221,1.146,28.15,-7.69,23.24,F
,176874,706,0,1789,0.00,-0.29,1.128,8.12,-601,27.27,F
,1768761,822,0,1982,0.052,-0.23,1.144,.02,-1781,28.05,F
,176880,727,0,861,-0.011,-0.287,1.149,18.27,-31.90,32.77,F
,176885,833,0,584,-0.48,-0.27,1.028,35.19,-34.51,3422,F
,176886,841,0,974,-0.026,-0.252,0.945,34.55,-4.35,30.08,F
,176888,671,0,904,-0.01,-0.277,0.935,24.30,-42.47,26.14,F
,176891,320,0,971,-0.50,-0.338,0.748,32.15,-66.76,1549,F
,176892,17,0,1948,-0.06,-0.36,0.719,7.72,-74.22,9.0,F
,1768931,16,0,1961,-0.038,-0.377,0.665,2.62,-7.03,5.84,F
,1769001,21,0,2005,-0.048,-0.39,0.446,1.40,2509,12.69,F
,176906,16,0,223,-0.03,-0.36,0.544,5.02,2512,-16.27,F
,176909,293,0,041,0.01,-0.34,0.653,7.44,3660,-19.75,F
,176911,511,0,023,0.009,-0.35,0.706,-12.23,51.79,-1998,F
,176915,577,0,975,-0.40,-0.36,0.846,-17.32,57.67,-33.40,F
,176921,670,0,038,0.07,-0.37,0.881,16.57,7.83,-38.61,F
,176924,678,0,2141,0.04,-0.39,0.905,22.61,5.71,-53.22,F
,1769271,735,0,1894,0.116,-0.45,0.886,24.23,3.89,-58.32,F
,176931,775,0,035,0.17,-0.34,1.093,27.62,47.84,-5546,F
,176935,793,0,741,0.19,-0.32,1.534,30.66,5.81,-43.08,F
,176939,874,0,808,0.093,-0.20,1.798,4.27,4104,-31.29,F
,1769401,907,0,2064,0.065,-0.13,1.789,1.89,3480,-25.58,F
,176942,900,0,1904,0.084,-0.08,1.773,5.97,14.51,-20.8,F
,176944,881,0,035,0.19,-0.16,1.505,0.94,-551,-15.02,F
,176945,894,0,939,0.12,-0.18,1.541,.53,-1580,-19.40,F
,176952,860,0,844,0.108,-0.195,1.146,15.02,-17.75,-0.51,F
,1769551,889,0,2000,0.015,-0.23,1.148,0.90,-17.26,3.7,F
,176958,865,0,100,-0.069,-0.304,1.102,35.36,-22.44,12.95,F
,176965,688,0,096,0.000,-0.27,0.767,76.49,-22.76,15.93,F
,1769701,594,0,1968,-0.023,-0.26,0.537,61.42,-1.38,14.1,F
,176973,443,0,2009,0.049,-0.31,0.512,5.45,4.31,13.41,F
,176974,464,0,1901,0.053,-0.27,0.457,7.86,1819,12.8,F
,176978,624,0,855,0.072,-0.37,0.536,4.04,49.27,-0.48,F
,176981,630,0,1962,0.028,-0.36,0.597,65.11,7081,-1.3,F
,176982,630,0,811,0.032,-0.34,0.700,0.52,76.48,-6.0,F
,176983,669,0,1940,0.020,-0.324,0.705,46.88,7840,-13.13,F
,1769881,673,0,1914,-0.016,-0.371,0.888,7.22,69.82,-37.61,F
,176994,746,0,646,-0.089,-0.22,0.855,3.91,66.97,-49.86,F
,176999,811,0,703,0.015,-0.33,0.917,46.63,30.75,-7131,F
,177000,823,0,958,0.09,-0.33,0.909,42.93,2.22,-7502,F
,177001,918,0,145,0.078,-0.356,0.959,-26.52,2.58,-77.23,F
,1770031,978,0,1925,0.047,-0.28,0.959,10.23,28.10,-6665,F
,1770061,943,0,1933,0.05,-0.17,1.152,30.48,55.91,-52.12,F
,177009,709,0,648,-0.127,-0.23,1.518,-26.75,55.33,-32.97,F
,1770121,704,0,1891,-0.103,-0.045,1.713,-8.60,36.16,-15.02,F
,1770131,715,0,1781,-0.068,-0.018,1.744,-0.57,31.20,-8.44,F
,1770171,731,0,1951,0.001,0.010,1.620,17.42,7.84,4.66,F
,177018,725,0,1941,0.012,-0.00,1.488,8.58,7.35,12.94,F
,1770211,726,0,1910,0.075,-0.080,1.322,6.55,-6.12,22.74,F
,177025,714,0,803,0.004,-0.09,1.220,8.53,-1.67,29.4,F
,1770291,719,0,1753,-0.010,-0.129,1.148,17.16,-20.19,39.30,F
,1770361,698,0,1827,-0.144,-0.219,1.113,24.03,-34.32,48.65,F
,1770391,695,0,1906,-0.158,-0.218,1.014,36.32,-39.74,45.30,F
,1770421,675,0,1901,-0.135,-0.29,0.846,43.45,-33.58,40.28,F
,177043,608,0,1818,-0.120,-0.26,0.788,41.34,-27.93,38.80,F
,1770461,18,0,1857,-0.123,-0.30,0.687,2.21,-2.10,31.5,F
,1770481,0,0,1709,-0.10,-0.347,0.610,30.71,-27.69,28.0,F
,1770511,17,0,1785,-0.037,-0.390,0.519,36.84,-7.95,23.30,F
,1770531,25,0,1866,-0.048,-0.38,0.491,3.55,1402,24.3,F
,1770541,25,0,2078,-0.00,-0.393,0.468,29.40,23.38,21.96,F
,1770551,33,0,1826,-0.022,-0.38,0.479,1.26,3191,16.9,F
,1770571,19,0,1648,-0.086,-0.39,0.631,15.39,31.61,5.81,F
,1770581,32,0,262,-0.090,-0.39,0.625,7.57,3681,4.28,F
,1770601,43,0,1695,-0.10,-0.363,0.717,0.01,43.09,-5.37,F
,1770611,43,0,1898,-0.13,-0.373,0.732,-9.73,43.65,-9.13,F
,1770641,141,0,1722,-0.16,-0.396,0.825,-14.22,50.40,-16.27,F
,1770661,288,0,1974,-0.25,-0.392,0.886,-11.82,50.16,-24.27,F
,177070,598,0,892,-0.09,-0.379,0.890,-12.64,9.06,-3.10,F
,177077,681,0,969,0.08,-0.32,0.857,20.25,3.83,-54.74,F
,177079,740,0,029,0.05,-0.320,0.881,-6.58,25.35,-57.19,F
,1770801,745,0,533,-0.07,-0.279,0.897,-9.77,24.26,-62.29,F
,1770821,746,0,1973,0.025,-0.26,1.054,22.17,2.94,-62.15,F
,177083,715,0,1791,0.007,-0.24,1.082,28.98,34.03,-56.22,F
,1770871,667,0,1782,-0.30,-0.160,1.495,-12.03,54.43,-19.43,F
,1770971,692,0,1854,0.032,-0.14,1.403,0.38,-945,7.29,F
,1770991,691,0,1827,0.011,-0.18,1.309,0.78,-778,15.84,F
,1771001,688,0,1869,0.015,-0.177,1.275,32.87,-7.13,19.53,F
,1771011,686,0,1904,0.013,-0.18,1.229,2.47,-876,21.56,F
,1771031,679,0,2010,0.004,-0.19,1.177,7.92,-1.97,21.84,F
,1771061,653,0,1461,-0.053,-0.209,1.155,28.03,-21.26,25.53,F
,177107,641,0,904,-0.80,-0.260,1.186,34.39,-17.37,26.65,F
,177110,639,0,839,-0.98,-0.246,1.116,30.82,-19.63,31.68,F
,1771121,634,0,1905,-0.097,-0.266,1.076,35.48,-20.15,34.07,F
,1771171,387,0,1661,-0.105,-0.38,0.868,41.26,-27.03,26.28,F
,1771221,240,0,2083,-0.073,-0.31,0.654,39.26,-9.60,15.61,F
,1771231,64,0,1999,-0.089,-0.37,0.650,7.43,-575,14.14,F
,1771241,67,0,1495,-0.092,-0.36,0.623,4.53,-322,12.40,F
,1771251,63,0,183,-0.10,-0.38,0.629,31.83,-3.28,10.95,F
,177127,64,0,165,-0.096,-0.396,0.618,29.72,-2.71,8.83,F
,1771301,64,0,146,-0.01,-0.39,0.608,25.42,12.72,3.58,F
,1771311,67,0,1810,-0.047,-0.39,0.618,1.29,1849,0.40,F
,1771321,189,0,2105,-0.67,-0.45,0.692,13.10,24.23,-4.25,F
,1771341,258,0,1771,-0.52,-0.31,0.728,27.05,33.96,-1.48,F
,177146,388,0,1920,-0.102,-0.341,0.886,-12.54,46.63,-29.64,F
,177147,400,0,813,-0.65,-0.342,0.900,-14.58,44.46,-33.06,F
,1771531,691,0,750,0.042,-0.281,0.783,-7.33,20.28,-43.93,F
,1771551,735,0,853,0.07,-0.26,0.823,-23.16,2.05,-53.67,F
,177157,735,0,884,-0.21,-0.27,0.979,-40.66,37.20,-51.02,F
,177158,691,0,2122,-0.024,-0.350,1.048,-32.13,45.10,-43.20,F
,177162,661,0,1904,-0.123,-0.191,1.434,-8.77,47.10,-21.22,F
,177163,662,0,735,-0.29,-0.19,1.490,0.70,48.23,-17.40,F
,177164,657,0,846,-0.45,-0.114,1.563,3.57,49.23,-15.90,F
,1771681,667,0,1807,-0.147,-0.090,1.626,5.65,1588,-3.37,F
,1771721,688,0,1968,-0.062,-0.082,1.365,28.67,-4.30,8.52,F
,1771731,674,0,1930,-0.032,-0.123,1.288,31.13,-7.83,13.41,F
,1771751,667,0,937,-0.09,-0.123,1.200,32.09,-8.32,20.28,F
,1771761,704,0,1970,0.02,-0.14,1.187,29.22,-8.50,22.14,F
,1771791,704,0,1605,-0.042,-0.12,1.166,22.45,-14.03,29.73,F
,1771821,670,0,1907,-0.24,-0.212,1.144,31.36,-16.85,3465,F
,1771851,629,0,1625,-0.159,-0.305,1.141,42.58,-13.64,40.58,F
,177193,461,0,1861,-0.113,-0.265,0.953,49.66,-31.02,3283,F
,1771971,258,0,1895,-0.99,-0.30,0.729,46.33,-20.12,2923,F
,1771991,63,0,1878,-0.083,-0.33,0.632,1.84,-1.88,26.33,F
,1772041,48,0,1746,-0.04,-0.40,0.552,9.92,7.5,13.52,F
,177205,42,0,1849,-0.021,-0.412,0.558,16.27,10.07,10.0,F
,1772061,63,0,2032,-0.008,-0.422,0.576,15.10,1045,6.25,F
,1772071,66,0,1744,-0.016,-0.402,0.578,12.45,17.67,3.87,F
,177209,64,0,2059,-0.067,-0.40,0.729,8.82,28.74,-0.42,F
,177210,64,0,1875,-0.063,-0.39,0.715,3.62,3709,0.28,F
,177212,66,0,125,-0.14,-0.34,0.769,2.12,50.54,-4.54,F
,1772131,67,0,165,-0.14,-0.35,0.834,1.12,4515,-7.43,F
,1772151,65,0,1709,-0.16,-0.32,0.878,-4.03,42.05,-14.2,F
,1772161,64,0,1854,-0.18,-0.318,0.900,-5.91,39.03,-18.2,F
,177217,65,0,277,-0.15,-0.31,0.908,10.14,3.50,-23.98,F
,1772211,94,0,178,-0.01,-0.342,0.917,-8.00,39.13,-28.47,F
,1772221,93,0,1838,-0.01,-0.32,0.910,2.81,4428,-28.38,F
,177223,96,0,104,-0.051,-0.31,0.876,-3.19,4700,-28.32,F
,1772241,261,0,1849,-0.048,-0.323,0.845,-4.46,46.46,-3105,F
,177231,500,0,1786,-0.070,-0.293,0.910,-29.85,23.71,-5.93,F
,1772411,559,0,618,-0.46,-0.29,1.492,-6.52,72.39,-1641,F
,1772421,551,0,1897,-0.235,-0.207,1.544,2.84,64.42,-11.4,F
,1772451,582,0,2108,-0.238,-0.103,1.555,15.65,24.33,-16.80,F
,1772471,595,0,1904,-0.193,-0.081,1.490,14.07,590,-14.42,F
,1772501,605,0,1883,-0.100,-0.112,1.342,11.11,-4.88,-3.4,F
,177257,612,0,694,-0.111,-0.15,1.239,30.12,-15.17,2193,F
,1772591,576,0,1488,-0.135,-0.184,1.243,36.00,-17.03,2965,F
,177266,674,0,1979,-0.133,-0.243,1.113,29.29,-21.64,39.99,F
,1772711,262,0,1938,-0.135,-0.277,0.940,39.45,-11.83,4701,F
,1772741,66,0,226,-0.01,-0.31,0.765,2.41,-19.81,39.8,F
,1772751,48,0,1831,-0.01,-0.34,0.720,1.42,-2.01,35.81,F
,1772791,0,0,1949,0.004,-0.364,0.583,37.29,-9.55,24.43,
,1772811,0,0,1734,-0.041,-0.367,0.638,24.21,3.87,15.56,F
,1772841,50,0,1831,-0.06,-0.43,0.570,2.90,8.7,7.12,
,177287,61,0,1855,-0.038,-0.40,0.655,18.68,26.60,-3.11,F
,177288,62,0,121,-0.095,-0.31,0.673,9.22,32.28,-4.3,F
,177292,64,0,142,-0.177,-0.31,0.843,21.12,38.33,-1291,F
,177293,66,0,162,-0.14,-0.33,0.900,18.06,3.20,-14.90,F
,177295,64,0,1868,-0.143,-0.358,0.928,-7.15,32.94,-19.0,F
,177298,94,0,173,-0.151,-0.297,0.884,6.09,41.59,-20.04,F
,177300,274,0,1981,-0.155,-0.29,0.920,-3.99,42.58,-2319,F
,177303,283,0,1902,-0.130,-0.332,0.940,-26.43,32.10,-3.33,F
,1773081,610,0,807,0.04,-0.26,0.790,3.56,2454,-40.27,F
,1773091,750,0,1749,0.015,-0.337,0.795,0.70,26.86,-38.83,F
,1773101,792,0,2058,0.00,-0.32,0.768,1.77,28.00,-40.56,F
,1773111,850,0,1762,0.03,-0.29,0.803,10.96,3.42,-4238,F
,1773121,880,0,1724,-0.015,-0.20,0.805,-20.35,36.69,-45.16,F
,1773131,896,0,1927,-0.028,-0.30,0.833,-24.34,37.41,-4.21,F
,177315,901,0,1683,-0.045,-0.284,1.001,-31.50,32.74,-44.35,F
,177319,729,0,1682,-0.169,-0.16,1.379,-6.06,57.20,-24.80,F
,1773231,694,0,738,-0.256,-0.11,1.637,1.65,27.23,-12.79,F
,1773301,752,0,1749,-0.075,-0.10,1.285,27.37,-8.03,3.4,F
,1773331,750,0,936,-0.058,-0.12,1.197,27.66,-16.77,14.97,F
,1773371,752,0,2094,-0.059,-0.16,1.138,26.47,-18.84,28.72,F
,1773431,736,0,1668,-0.104,-0.21,1.134,40.99,-15.95,43.97,F
,1773451,701,0,2076,-0.080,-0.212,1.138,27.94,-11.06,45.47,F
,1773461,695,0,1697,-0.118,-0.236,1.065,25.77,-5.75,48.55,F
,177347,685,0,1936,-0.138,-0.243,1.039,26.52,-1.34,50.40,F
,1773551,262,0,1905,-0.088,-0.345,0.662,48.21,-28.74,28.45,F
,1773561,263,0,763,-0.16,-0.377,0.631,43.33,-22.97,24.29,F
,1773571,266,0,873,0.012,-0.38,0.582,9.52,-14.48,19.99,F
,1773601,272,0,1670,-0.054,-0.33,0.520,24.21,18.02,13.04,F
,1773631,272,0,1931,-0.83,-0.474,0.623,8.00,9.96,-0.53,F
,177364,285,0,1827,-0.087,-0.48,0.654,14.82,6.63,-3.49,F
,1773761,320,0,1873,-0.123,-0.23,0.926,4.13,27.01,-27.92,F
,1773771,502,0,1856,-0.127,-0.284,0.917,3.48,33.38,-27.95,F
,177381,390,0,2002,-0.118,-0.32,0.955,-11.24,34.48,-35.75,F
,1773851,403,0,1882,-0.077,-0.24,0.931,-10.28,26.66,-41.35,F
,1773931,665,0,1454,-0.39,-0.246,1.015,-17.90,22.52,-42.53,F
,1773941,720,0,1879,-0.048,-0.244,1.077,-18.32,22.62,-40.21,F
,177397,679,0,1682,-0.118,-0.10,1.362,-9.35,49.90,-14.54,F
,177401,611,0,1664,-0.191,-0.09,1.500,5.92,2988,-4.8,F
,1774041,651,0,1734,-0.136,-0.087,1.399,10.84,5.44,0.58,F
,1774121,665,0,814,-0.043,-0.10,1.124,23.54,-9.78,18.83,F
,177416,674,0,2126,-0.058,-0.27,1.106,31.74,-2.55,30.80,F
,177431,837,0,810,-0.88,-0.254,1.036,34.53,-26.10,40.16,F
,1774321,842,0,1870,-0.173,-0.26,0.994,37.78,-28.76,39.06,F
,1774351,483,0,1809,-0.56,-0.33,0.800,35.69,-30.15,35.53,F
,1774381,266,0,965,-0.96,-0.417,0.624,39.92,-17.67,31.62,F
,177442,279,0,115,-0.010,-0.433,0.495,22.88,4.39,17.8,F
,1774431,262,0,1836,-0.36,-0.40,0.472,12.64,8.91,14.3,F
,177448,273,0,739,-0.105,-0.407,0.700,5.04,34.98,-1.71,F
,177452,274,0,046,-0.67,-0.338,0.855,-12.98,41.27,-13.25,F
,177453,277,0,866,-0.61,-0.341,0.874,-13.82,37.81,-16.73,F
,1774551,276,0,2065,-0.139,-0.39,0.878,-12.86,26.02,-26.67,F
,1774591,566,0,1583,-0.51,-0.271,0.922,2.09,10.86,-37.4,F
,1774601,564,0,1766,-0.112,-0.23,0.953,-1.45,12.84,-42.16,F
,1774641,263,0,1808,-0.11,-0.21,1.041,-26.17,36.97,-35.78,F
,1774681,423,0,2001,-0.22,-0.21,0.904,-5.53,18.39,-38.33,F
,1774741,589,0,1962,0.00,-0.17,1.070,-30.51,46.46,-21.84,F
,1774861,591,0,2126,-0.037,-0.166,1.313,22.39,-10.04,4.13,F
,177489,565,0,701,-0.52,-0.165,1.211,26.68,-18.80,6.25,F
,1774901,551,0,903,-0.34,-0.162,1.177,27.68,-20.79,1190,F
,1774931,562,0,2018,-0.44,-0.22,1.160,17.54,-20.56,24.36,F
,1774991,586,0,1971,-0.61,-0.24,1.188,30.55,-21.34,3558,F
,1775121,598,0,1627,-0.90,-0.37,0.774,43.62,-41.03,2822,F
,1775161,271,0,1958,0.04,-0.45,0.560,3.02,-6.09,10.00,F
,1775171,263,0,2018,0.02,-0.46,0.513,0.21,-5.61,4.92,F
,177518,269,0,978,0.095,-0.446,0.462,57.55,-37.05,1.46,F
,177520,268,0,2005,0.130,-0.428,0.437,52.44,2.89,0.17,F
,177524,272,0,1858,0.070,-0.40,0.539,0.99,23.2,-9.60,F
,1775251,270,0,696,0.06,-0.39,0.616,8.80,1898,-16.35,F
,1775261,265,0,920,0.06,-0.39,0.652,-15.19,20.02,-19.63,F
,1775271,265,0,1920,0.032,-0.414,0.717,-7.51,20.40,-21.43,F
,1775281,259,0,1818,0.054,-0.39,0.761,.17,25.3,-24.00,F
,1775301,271,0,535,0.04,-0.34,0.814,4.69,4403,-26.97,F
,177531,272,0,998,-0.011,-0.39,0.842,-7.01,49.55,-26.51,F
,1775321,256,0,1678,-0.013,-0.320,0.866,-10.95,51.99,-26.21,F
,1775331,254,0,1910,-0.035,-0.306,0.903,-18.42,52.95,-2.82,F
,1775361,272,0,1904,0.020,-0.40,0.972,23.18,3.38,-4085,F
,177538,278,0,918,0.04,-0.38,0.901,9.58,2258,-51.61,F
,177539,274,0,054,0.00,-0.37,0.879,4.78,2605,-51.34,F
,177542,271,0,1984,0.088,-0.260,0.840,-15.53,44.20,-47.71,F
,1775431,271,0,1968,0.095,-0.29,0.875,25.80,4.93,-49.40,F
,1775491,411,0,1744,0.17,-0.32,0.940,11.64,40.29,-4909,F
,1775501,457,0,084,0.19,-0.27,0.969,-10.34,43.03,-4658,F
,1775531,458,0,1689,0.044,-0.19,1.237,26.25,5.19,-34.51,F
,1775541,464,0,1968,0.00,-0.19,1.312,31.99,5.29,-28.07,F
,1775551,529,0,1685,0.010,-0.194,1.403,-27.79,54.54,-20.00,F
,1775561,567,0,1855,0.026,-0.203,1.472,-21.82,46.78,-1549,F
,177557,567,0,903,0.012,-0.187,1.496,-7.97,43.38,-12.5,F
,1775601,573,0,1786,0.09,-0.08,1.467,4.90,2887,-9.72,F
,1775611,587,0,976,0.003,-0.05,1.434,15.25,21.87,-6.1,F
,177564,590,0,835,0.075,-0.08,1.291,14.10,8.4,8.16,F
,1775651,590,0,685,0.094,-0.13,1.291,0.94,8.3,10.17,F
,177568,590,0,074,0.03,-0.19,1.222,6.13,-045,19.64,F
,177569,592,0,742,0.056,-0.20,1.198,4.61,-569,17.36,F
,1775711,585,0,969,0.046,-0.19,1.203,34.44,-7.34,24.87,F
,1775731,589,0,1748,0.048,-0.20,1.162,1.17,-1.24,26.98,F
,177576,593,0,1933,0.156,-0.007,1.143,15.02,-14.65,20.9,F
,1775781,592,0,713,0.03,-0.23,1.187,9.98,-795,39.93,F
,1775891,596,0,916,-0.071,-0.37,0.958,47.29,-15.84,4007,F
,177598,490,0,2011,0.012,-0.387,0.496,5.10,9.33,21.47,F
,1775991,499,0,1525,0.05,-0.43,0.527,8.55,8.8,16.43,F
,1776001,527,0,971,0.01,-0.47,0.549,10.19,8.84,13.81,F
,1776011,532,0,1831,0.037,-0.495,0.584,-2.71,13.62,11.59,F
,1776021,528,0,774,0.033,-0.50,0.601,.41,24.0,9.44,
,177615,531,0,076,-0.021,-0.45,0.844,-1.71,32.08,-18.36,F
,1776171,544,0,744,-0.57,-0.22,0.792,-2.02,52.84,-9.71,F
,177625,587,0,1795,0.024,-0.457,0.915,8.41,17.5,-32.04,F
,1776271,464,0,1898,0.16,-0.35,0.756,1.81,3307,-35.6,F
,1776281,469,0,1903,0.19,-0.33,0.748,1.18,3487,-37.2,F
,1776301,474,0,805,0.041,-0.25,0.971,37.16,37.18,-3700,F
,177631,469,0,1817,-0.026,-0.230,1.153,-50.40,38.19,-36.93,F
,177639,762,0,1686,-0.199,-0.03,1.659,18.42,-4.90,-7.23,F
,177641,772,0,1939,0.012,-0.152,1.476,18.96,-14.58,-0.74,F
,177644,722,0,661,0.021,-0.17,1.215,6.62,-575,14.7,F
,1776451,730,0,2256,0.07,-0.18,1.159,5.16,-7.38,15.44,F
,177647,717,0,865,-0.056,-0.20,1.133,32.13,-13.26,19.23,F
,177652,721,0,2053,-0.023,-0.29,1.096,41.16,-22.94,30.55,F
,177658,677,0,1500,-0.046,-0.21,1.035,42.42,-20.70,38.86,F
,1776601,651,0,991,-0.095,-0.37,0.978,40.62,-19.45,39.75,F
,1776651,608,0,834,-0.037,-0.36,0.824,50.64,-5.43,31.96,F
,1776741,594,0,1974,-0.072,-0.49,0.680,24.30,14.49,16.14,F
,1776811,560,0,2033,-0.129,-0.41,0.815,6.32,22.14,-5.25,F
,1776841,589,0,1766,-0.119,-0.396,0.823,7.72,35.47,-10.61,F
,1776891,625,0,1999,-0.108,-0.49,0.937,-13.35,25.29,-29.03,F
,1776911,638,0,1751,-0.083,-0.409,0.919,-4.11,32.95,-31.08,F
,1776981,673,0,869,0.018,-0.32,0.801,7.35,2124,-49.4,F
,1776991,687,0,1845,0.030,-0.30,0.754,8.75,1720,-51.4,F
,177702,685,0,009,0.088,-0.30,0.755,16.28,20.66,-56.36,F
,1777031,658,0,893,0.082,-0.29,0.706,15.51,1.94,-58.53,F
,177707,644,0,1862,-0.019,-0.23,0.868,-29.96,46.78,-43.93,F
,1777181,709,0,1755,-0.163,-0.15,1.707,12.81,32.94,9.12,F
,1777261,688,0,829,0.00,-0.22,1.251,6.47,-1.06,27.59,F
,1777271,684,0,1981,0.05,-0.24,1.248,37.20,-7.48,33.41,F
,1777281,683,0,1823,0.014,-0.23,1.246,34.50,-5.92,38.17,F
,1777331,677,0,1946,-0.23,-0.287,1.163,32.55,-10.76,47.94,F
,1777391,683,0,1875,-0.99,-0.261,1.072,24.01,-1.64,49.47,F
,1777431,688,0,977,-0.57,-0.332,0.896,40.81,-7.40,46.78,F
,1777531,567,0,2073,0.025,-0.433,0.397,35.52,13.20,11.93,F
,177754,565,0,1920,0.022,-0.443,0.423,27.65,19.64,7.71,F
,177755,566,0,650,0.006,-0.457,0.400,20.45,28.63,5.06,F
,177757,563,0,914,-0.013,-0.466,0.457,19.63,39.38,1.90,F
,1777591,549,0,1878,-0.036,-0.441,0.609,18.99,55.85,-7.26,F
,177761,555,0,1629,-0.153,-0.382,0.652,20.18,83.39,-4.10,F
,177763,476,0,907,-0.186,-0.354,0.773,-3.27,99.26,-7.74,F
,1777641,417,0,805,-0.37,-0.34,0.860,-10.23,99.88,-8.99,F
,1777751,593,0,2003,-0.73,-0.21,0.902,-14.06,54.45,-37.48,F
,1777771,602,0,808,-0.35,-0.275,0.845,-38.86,43.65,-49.52,F
,1777811,626,0,1951,-0.73,-0.31,0.871,-39.91,27.39,-49.87,F
,177786,671,0,648,-0.66,-0.191,1.017,-28.78,48.84,-38.30,F
,1777871,656,0,665,-0.40,-0.28,1.153,-43.73,52.39,-35.26,F
,1777911,706,0,1791,-0.25,-0.233,1.671,-36.75,37.38,-16.13,F
,1777931,722,0,809,-0.11,-0.29,1.721,8.35,58.34,19.64,F
,177795,736,0,871,-0.423,-0.156,1.650,29.22,49.52,27.24,F
,1777961,734,0,775,-0.89,-0.15,1.473,30.58,40.37,32.6,F
,1777971,732,0,1967,-0.283,-0.206,1.466,17.31,22.31,24.57,F
,177806,741,0,919,-0.04,-0.290,1.107,23.97,6.63,46.08,F
,1778071,713,0,1799,-0.31,-0.22,1.096,22.70,1.68,47.3,F
,1778101,674,0,1823,-0.316,-0.28,1.074,6.61,-26.03,40.3,F
,1778121,672,0,076,-0.72,-0.334,1.089,9.74,-27.81,37.3,F
,1778131,671,0,1791,-0.18,-0.37,1.088,17.29,-3.45,4046,F
,177815,667,0,1633,-0.474,-0.35,1.034,35.05,-.13,47.9,F
,177816,683,0,1903,-0.492,-0.37,1.000,41.92,-.24,52.14,F
,1778181,738,0,1990,-0.95,-0.36,0.929,37.92,-5.25,54.8,F
,1778211,723,0,1919,-0.78,-0.48,0.878,8.21,-34.24,35.91,F
,1778221,698,0,857,-0.62,-0.42,0.839,1.36,-45.45,27.8,F
,1778231,679,0,921,-0.41,-0.448,0.775,-2.31,-0.77,1915,F
,1778241,612,0,1911,-0.20,-0.47,0.823,-1.59,-8.61,8.78,F
,1778251,595,0,918,-0.88,-0.452,0.672,-5.41,-3.63,2.0,F
,177831,535,0,821,-0.379,-0.56,0.498,-34.52,34.29,-7.45,F
,177835,279,0,1802,-0.312,-0.501,0.517,-33.16,32.76,-6.09,F
,177837,272,0,967,-0.83,-0.427,0.590,-24.84,-22.53,-34.70,F
,1778411,273,0,112,-0.88,-0.365,0.580,-54.48,1.47,-4006,F
,177843,204,0,744,-0.84,-0.378,0.697,-66.43,-9.22,-39.67,F
,1778451,223,0,1871,-0.09,-0.45,0.732,-60.35,-28.03,-2.61,F
,177853,275,0,616,-0.79,-0.40,0.724,-32.05,6.87,-3563,F
,1778551,279,0,840,-0.12,-0.508,0.761,-46.67,12.70,-46.90,F
,1778581,673,0,1904,-0.006,-0.550,0.742,-18.57,31.26,-45.52,F
,177859,687,0,563,0.07,-0.52,0.698,8.29,-28.12,-42.19,F
,1778601,687,0,881,0.09,-0.48,0.664,9.01,-27.60,-39.05,F
,1778611,672,0,1795,0.141,-0.466,0.659,-22.22,-26.64,-41.45,F
,1778621,680,0,1969,0.18,-0.49,0.633,33.48,-22.56,-4.73,F
,1778641,678,0,1833,0.20,-0.52,0.651,-36.60,-8.93,-53.52,F
,1778671,706,0,920,0.05,-0.41,1.025,-43.15,7.23,-26.0,F
,1778681,715,0,1643,0.002,-0.35,1.213,45.65,12.46,-17.58,F
,1778701,709,0,1771,0.06,-0.47,1.545,-31.88,721,-15.63,F
,1778711,698,0,637,0.08,-0.511,1.609,-16.46,599,-10.62,F
,1778731,743,0,1831,0.01,-0.47,1.713,21.71,5.3,-1.37,F
,1778751,747,0,1953,0.00,-0.45,1.658,43.83,-5.16,0.16,F
,1778781,738,0,1921,0.202,-0.49,1.303,9.14,-22.77,5.7,F
,1778801,725,0,1642,0.234,-0.529,1.174,55.39,-1.28,12.94,F
,1778811,720,0,1791,0.20,-0.501,1.151,57.97,-1.31,10.6,F
,177882,720,0,1870,0.195,-0.527,1.104,64.79,-15.28,13.20,F
,177883,709,0,1861,0.155,-0.507,1.043,8.12,-14.38,18.23,F
,1778841,725,0,2125,0.14,-0.47,1.014,3.02,-17.22,24.4,F
,1778851,720,0,907,0.18,-0.455,0.996,49.29,-24.93,28.05,F
,1778861,720,0,1895,0.14,-0.44,0.992,1.71,-33.26,22.8,F
,177887,730,0,923,0.12,-0.51,0.978,25.58,-40.16,24.00,F
,177888,718,0,1808,0.165,-0.483,1.082,19.46,-3.07,24.9,F
,1778891,688,0,957,0.17,-0.54,1.040,1.29,-37.03,31.9,F
,177892,691,0,939,0.02,-0.53,1.015,9.94,-23.95,45.12,F
,177893,695,0,854,0.08,-0.56,1.024,32.04,-2.47,43.0,F
,177897,697,0,1903,-0.45,-0.61,0.991,26.55,-5.16,32.92,F
,1778991,720,0,826,0.07,-0.63,0.872,4.64,-5.06,28.4,F
,1779001,721,0,1879,0.016,-0.630,0.788,54.91,-5.39,28.9,F
,177904,621,0,1745,0.07,-0.59,0.491,2.96,-3.60,25.5,F
,177905,603,0,2085,0.04,-0.58,0.423,8.53,-35.97,21.3,F
,1779081,531,0,1774,0.117,-0.608,0.335,55.11,-2.74,10.46,F
,177909,433,0,1846,0.15,-0.64,0.350,52.55,-20.84,6.02,F
,1779101,272,0,1956,0.19,-0.618,0.305,41.55,-1.77,5.04,F
,177911,267,0,1904,0.19,-0.622,0.331,39.89,3.33,7.15,F
,1779121,221,0,1619,0.110,-0.597,0.327,38.33,12.20,8.28,F
,177916,501,0,2097,0.07,-0.59,0.535,13.51,1791,-1.31,F
,177918,535,0,1374,0.05,-0.583,0.617,17.62,2706,-2.00,F
,1779201,560,0,1767,0.084,-0.59,0.705,.62,35.58,-7.11,F
,177921,560,0,1756,0.071,-0.582,0.749,3.05,38.77,-9.61,F
,1779221,560,0,1857,0.077,-0.57,0.788,.65,40.2,-10.97,F
,177924,576,0,1895,0.14,-0.560,0.820,-5.32,41.79,-18.13,F
,177925,593,0,1663,0.00,-0.564,0.847,-10.83,44.71,-19.58,F
,177927,603,0,907,0.12,-0.58,0.898,6.61,47.74,-18.93,F
,177928,603,0,1970,0.15,-0.611,0.911,2.13,4701,-21.6,F
,1779301,607,0,1914,0.16,-0.588,0.865,10.79,48.00,-25.23,F
,1779311,607,0,1877,0.134,-0.556,0.848,15.40,48.03,-27.98,F
,1779321,605,0,1974,0.11,-0.544,0.823,12.68,43.73,-30.68,F
,177935,612,0,1872,0.19,-0.463,0.708,-20.96,22.23,-38.27,F
,177936,608,0,007,0.16,-0.47,0.699,30.16,12.77,-4342,F
,177937,638,0,1616,0.29,-0.499,0.691,-39.59,268,-49.26,F
,1779381,567,0,111,0.20,-0.53,0.696,39.21,-.38,-53.45,F
,1779401,562,0,276,0.27,-0.53,0.632,-22.63,0.31,-52.29,F
,1779441,617,0,1733,0.203,-0.353,0.962,-27.01,41.30,-29.51,F
,177946,643,0,571,0.14,-0.31,1.300,37.90,41.85,-1488,F
,1779481,539,0,044,0.03,-0.29,1.570,36.16,4.45,2.31,F
,177949,509,0,1491,0.07,-0.318,1.641,-28.95,41.84,7.35,F
,177951,472,0,1806,0.09,-0.36,1.777,-2.95,3220,12.58,F
,1779541,638,0,1779,0.15,-0.31,1.451,36.18,2947,30.3,F
,177955,653,0,1795,0.22,-0.43,1.459,33.55,1855,28.83,F
,1779581,656,0,1603,0.28,-0.48,1.249,45.60,-022,25.97,F
,177959,647,0,776,0.27,-0.50,1.203,44.01,-668,22.05,F
,177960,650,0,1664,0.29,-0.46,1.163,39.68,-1.97,22.43,F
,177961,646,0,1798,0.28,-0.48,1.152,3.11,-2.56,22.1,F
,177963,647,0,1836,0.22,-0.53,1.148,20.90,-3.56,17.6,F
,177964,688,0,1463,0.271,-0.591,1.136,9.20,-32.56,15.7,F
,177965,674,0,1905,0.24,-0.602,1.142,22.81,-28.00,17.87,F
,177969,691,0,1744,0.18,-0.64,1.103,3.17,-2.77,31.00,F
,1779701,698,0,1774,0.25,-0.653,1.080,18.81,-29.11,25.41,F
,177974,688,0,1983,0.16,-0.725,0.902,26.20,-30.79,13.85,F
,1779761,704,0,1765,0.12,-0.75,0.798,2.30,-21.87,9.93,F
,177978,689,0,1761,0.14,-0.70,0.631,6.41,-15.34,4.58,F
,1779791,684,0,1809,0.10,-0.707,0.618,35.17,-17.42,-1.63,F
,177981,636,0,1883,0.15,-0.66,0.506,30.35,-25.97,-15.71,F
,1779901,613,0,1564,0.09,-0.56,0.447,30.86,788,-42.1,F
,1779911,620,0,1745,0.06,-0.529,0.500,-24.35,9.01,-42.65,F
,1779921,622,0,608,0.040,-0.51,0.479,10.96,1.69,-36.35,F
,177999,653,0,985,0.062,-0.463,0.647,-26.42,28.55,-24.74,F
,1780001,656,0,1712,0.04,-0.468,0.672,-23.45,25.09,-25.78,F
,178001,688,0,1535,0.19,-0.473,0.698,-20.31,25.10,-2807,F
,178005,704,0,1815,0.13,-0.46,0.741,-32.75,30.97,-3491,F
,1780061,721,0,1744,0.114,-0.501,0.751,-26.05,35.56,-2996,F
,178008,733,0,1754,0.17,-0.51,0.770,-9.58,45.16,-22.3,F
,1780101,757,0,1759,0.10,-0.50,0.732,4.44,50.34,-19.86,F
,178011,767,0,1811,0.23,-0.51,0.717,.57,49.64,-20.59,F
,1780121,774,0,1814,0.23,-0.47,0.682,-3.41,50.75,-22.42,F
,1780131,757,0,1631,0.195,-0.490,0.660,-7.55,51.06,-22.85,F
,178014,775,0,1607,0.23,-0.48,0.637,-13.50,45.76,-24.01,F
,1780161,789,0,1975,0.286,-0.493,0.627,-32.45,35.10,-33.23,F
,1780191,784,0,2226,0.23,-0.564,0.687,-38.84,22.68,-42.19,F
,1780211,754,0,1135,0.27,-0.58,0.765,14.22,2.42,-45.63,F
,1780221,666,0,1835,0.38,-0.58,0.807,7.48,3405,-37.83,F
,1780251,577,0,430,0.236,-0.436,1.159,-20.66,57.30,-24.07,F
,1780271,632,0,2026,0.25,-0.52,1.474,26.60,47.03,-24.19,F
,1780291,754,0,1883,0.19,-0.52,1.690,10.29,35.41,-19.90,F
,1780311,752,0,1572,0.243,-0.554,1.707,23.39,29.82,-13.96,F
,1780321,758,0,1748,0.22,-0.52,1.653,0.96,2874,-12.8,F
,1780341,758,0,1835,0.344,-0.491,1.317,53.78,21.45,-6.61,F
,1780351,752,0,707,0.355,-0.457,1.319,47.39,14.68,-8.33,F
,1780401,701,0,1808,0.34,-0.49,1.066,39.45,-5.00,8.08,F
,1780421,718,0,1854,0.308,-0.457,1.075,35.75,-12.29,10.83,F
,178044,782,0,1887,0.27,-0.436,1.041,45.17,-9.95,21.4,F
,178045,749,0,1771,0.29,-0.43,1.023,43.57,-10.91,24.11,F
,178047,688,0,1806,0.24,-0.45,1.011,5.66,-18.07,26.05,F
,1780481,692,0,1971,0.22,-0.457,1.065,28.70,-18.56,25.59,F
,1780501,693,0,1732,0.10,-0.48,1.055,5.86,-24.53,29.85,F
,1780511,694,0,1434,0.19,-0.46,1.014,2.39,-2.37,35.9,F
,1780561,669,0,1840,0.27,-0.69,0.775,15.69,-29.35,14.94,F
,178058,577,0,1904,0.126,-0.630,0.653,41.65,-12.85,14.20,F
,1780591,567,0,1740,0.19,-0.62,0.551,4.71,-167,15.68,F
,1780611,545,0,1727,0.14,-0.62,0.385,2.93,3.97,16.10,F
,1780621,661,0,2055,0.14,-0.62,0.321,55.40,0.10,11.52,F
,178065,689,0,715,0.262,-0.693,0.271,38.97,-13.71,-5.74,F
,1780661,677,0,1655,0.26,-0.68,0.217,3.54,-9.23,-10.25,F
,1780671,665,0,1921,0.21,-0.68,0.199,4.55,3.1,-12.6,F
,1780691,701,0,1766,0.23,-0.68,0.241,9.68,38.03,-8.83,F
,178072,716,0,762,0.206,-0.69,0.533,3.04,60.89,-16.87,F
,1780751,731,0,1750,0.22,-0.60,0.573,.65,62.6,-19.46,F
,1780771,747,0,778,0.11,-0.604,0.660,-23.93,58.36,-27.61,F
,1780781,754,0,1657,0.14,-0.59,0.719,32.89,53.73,-29.26,F
,1780791,734,0,1921,0.15,-0.62,0.777,36.20,50.66,-30.82,F
,1780801,735,0,1904,0.15,-0.64,0.814,34.37,4.85,-32.91,F
,178081,720,0,768,0.198,-0.667,0.845,-29.51,47.94,-35.49,F
,178083,727,0,1859,0.187,-0.655,0.841,-16.83,54.17,-3433,F
,1780841,627,0,1903,0.21,-0.63,0.813,13.87,5.80,-36.06,F
,178086,525,0,799,0.220,-0.591,0.753,-15.55,59.84,-3827,F
,178087,539,0,919,0.219,-0.580,0.744,-21.93,56.74,-41.81,F
,1780881,551,0,1872,0.27,-0.57,0.720,33.32,49.99,-44.87,F
,1780901,568,0,1744,0.24,-0.57,0.673,46.87,3.45,-5106,F
,1780911,561,0,872,0.23,-0.604,0.678,-45.44,30.98,-54.48,F
,1780951,580,0,2039,0.32,-0.58,0.598,31.04,34.10,-53.16,F
,1780961,586,0,712,0.35,-0.53,0.596,31.61,41.70,-51.48,F
,1780981,592,0,1922,0.38,-0.52,0.604,44.25,41.58,-50.44,F
,178099,688,0,602,0.39,-0.50,0.650,-46.57,38.81,-4838,F
,1781011,751,0,2128,0.33,-0.51,0.852,58.22,36.37,-45.38,F
,178102,783,0,534,0.278,-0.46,1.005,-67.13,42.63,-41.06,F
,1781061,725,0,1821,0.03,-0.47,1.769,54.00,54.63,1.52,F
,1781071,716,0,1709,0.18,-0.523,1.808,-40.69,48.45,3.73,F
,1781091,697,0,1909,0.28,-0.54,1.811,-0.96,37.33,2.00,F
,1781121,673,0,1643,0.39,-0.50,1.442,7.91,13.56,3.59,F
,1781131,671,0,075,0.405,-0.465,1.188,9.69,1512,9.00,F
,178117,575,0,1667,0.371,-0.525,0.927,33.54,-091,12.4,F
,1781191,571,0,2042,0.39,-0.52,0.871,3.11,-4.36,14.57,F
,1781201,571,0,1724,0.34,-0.53,0.837,8.41,-9.92,16.08,F
,178122,565,0,131,0.295,-0.570,0.839,26.09,-15.57,19.23,F
,1781241,564,0,1685,0.23,-0.57,0.829,1.51,-14.10,22.8,F
,178128,561,0,810,0.19,-0.525,0.834,25.98,-16.12,37.97,F
,1781291,560,0,1730,0.250,-0.548,0.862,19.54,-24.12,37.3,F
,1781301,563,0,1958,0.22,-0.55,0.854,16.33,-28.44,38.9,F
,1781321,562,0,1637,0.21,-0.58,0.882,8.93,-24.42,37.3,F
,1781331,565,0,064,0.25,-0.580,0.879,26.26,-1.58,40.9,F
,1781341,565,0,1847,0.22,-0.57,0.887,0.03,-11.48,43.99,F
,178136,561,0,875,0.16,-0.534,0.863,1.14,-8.91,51.36,F
,1781371,562,0,1591,0.152,-0.551,0.894,30.06,-10.51,54.6,F
,1781381,561,0,2120,0.11,-0.51,0.869,19.13,-17.97,55.9,F
,1781391,561,0,007,0.11,-0.54,0.855,1.36,-25.48,55.5,F
,1781401,563,0,1731,0.23,-0.55,0.863,.46,-31.42,53.73,F
,1781411,571,0,729,0.20,-0.568,0.861,7.71,-3322,52.3,F
,178142,570,0,903,0.28,-0.58,0.933,4.24,-27.58,52.07,F
,1781431,564,0,1876,0.234,-0.600,0.927,20.10,-23.13,53.1,F
,178144,714,0,223,0.20,-0.59,0.895,23.72,-15.16,55.8,F
,1781451,720,0,1904,0.211,-0.551,0.905,25.77,-690,59.0,F
,1781461,718,0,1814,0.155,-0.546,0.897,24.26,-6.91,65.3,F
,1781491,729,0,867,0.15,-0.51,0.923,.07,-22.12,68.52,F
,1781501,738,0,1921,0.10,-0.68,0.886,11.54,-40.41,69.6,F
,178152,739,0,1925,0.29,-0.63,0.911,0.82,-41.35,60.0,F
,1781611,576,0,813,0.11,-0.53,0.912,18.00,-4.79,71.9,F
,1781621,577,0,879,0.16,-0.53,0.937,6.99,-43.84,69.6,F
,178163,576,0,2005,0.115,-0.539,0.948,20.13,-4.90,70.6,F
,1781671,578,0,1837,0.07,-0.57,0.988,3.14,-44.16,80.4,F
,178168,581,0,1885,0.02,-0.57,0.944,3.65,-45.89,79.24,F
,178169,580,0,899,0.052,-0.611,0.947,40.81,-4.77,77.35,F
,178174,572,0,882,0.07,-0.69,0.754,93.86,-2.33,93.06,F
,178181,676,0,984,-0.57,-0.663,0.498,129.05,15.02,77.76,F
,178182,650,0,892,-0.47,-0.79,0.421,124.85,-23.03,6.07,F
,178183,636,0,1889,-0.70,-0.719,0.425,117.72,22.77,5.27,F
,1781861,642,0,965,-0.69,-0.741,0.393,122.44,-10.91,3.99,F
,1781871,635,0,054,-0.70,-0.74,0.413,121.80,8.45,3687,F
,1781921,626,0,873,-0.79,-0.708,0.484,146.53,25.39,14.69,F
,178194,565,0,1729,-0.04,-0.68,0.517,141.07,8.16,-1.54,F
,178197,567,0,867,-0.47,-0.551,0.610,124.38,48.84,-34.64,F
,1781981,571,0,1910,-0.163,-0.519,0.652,124.49,0.07,-4.58,F
,178206,623,0,904,-0.26,-0.21,0.877,88.16,5.47,-8848,F
,1782081,630,0,1702,-0.32,-0.22,0.934,84.97,5.23,-9629,F
,1782091,630,0,2057,-0.210,-0.248,0.929,82.18,5.10,-10.11,F
,1782131,629,0,010,-0.25,-0.13,0.980,68.44,5.66,-11.73,F
,1782141,638,0,2069,-0.245,-0.152,1.015,80.52,6.47,-119.64,F
,1782161,655,0,1978,-0.74,-0.067,1.108,56.99,6.79,-124.01,F
,178218,636,0,1999,-0.79,0.003,1.159,44.09,6203,-12955,F
,178219,631,0,935,-0.81,0.02,1.186,0.42,55.97,-131.45,F
,1782211,625,0,055,-0.10,0.03,1.202,15.68,43.62,-13822,F
,178223,741,0,711,-0.245,0.031,1.242,-12.60,37.32,-135.67,F
,178224,762,0,1918,-0.59,0.005,1.257,-16.74,37.13,-127.38,F
,178225,758,0,1777,-0.39,-0.04,1.277,-16.90,9.30,-19.29,F
,1782281,793,0,2057,-0.49,0.044,1.265,2.63,4913,-10283,F
,1782301,686,0,2001,-0.62,0.076,1.209,6.31,4440,-10396,F
,178233,697,0,747,-0.99,0.04,1.212,35.50,15.42,-111.06,F
,178234,703,0,055,-0.74,0.03,1.182,38.67,7.06,-11039,F
,1782421,703,0,920,-0.55,-0.01,1.060,-15.33,6.62,-66.13,F
,1782441,703,0,1802,-0.163,-0.020,1.055,-11.53,19.23,-66.21,F
,1782471,704,0,907,-0.84,-0.03,1.081,-3.64,7.21,-64.39,F
,1782511,715,0,1991,-0.170,-0.024,1.064,19.91,1.03,-5233,F
,1782541,730,0,1895,-0.181,0.007,1.069,35.26,1306,-45.25,F
,178259,701,0,954,-0.75,0.05,1.034,6.09,7.27,-43.1,F
,178262,656,0,1917,-0.46,0.069,1.005,64.88,17.16,-33.42,F
,178264,623,0,1904,-0.137,0.10,0.981,4.59,2683,-23.95,F
,1782651,602,0,016,-0.29,0.106,0.970,74.26,28.49,-18.33,F
,1782671,630,0,872,-0.21,0.13,1.036,75.62,3252,-10.82,F
,1782681,631,0,906,-0.47,0.12,1.016,6.30,32.97,-7.6,F
,178269,626,0,945,-0.32,0.13,0.963,76.33,2913,-8.06,F
,1782821,694,0,1899,-0.090,0.181,0.871,70.52,35.70,10.49,F
,1782861,701,0,2043,-0.92,0.208,0.878,64.87,3278,7.71,F
,1782921,709,0,1902,-0.45,0.24,0.889,51.86,3846,2.65,F
,1782931,706,0,702,-0.154,0.251,0.892,46.39,37.03,1.00,F
,178298,721,0,1843,-0.98,0.25,0.958,2.23,32.36,-3.7,F
,178299,721,0,1915,-0.19,0.25,0.979,0.82,2976,-5.2,F
,1783021,725,0,1814,-0.39,0.21,0.977,8.82,2478,-10.2,F
,1783041,720,0,1698,-0.353,0.219,0.983,20.70,26.16,-10.97,F
,1783051,733,0,1888,-0.66,0.22,0.993,0.09,24.29,-9.1,F
,1783091,663,0,1808,-0.34,0.23,1.023,3.40,2489,-7.0,F
,1783111,651,0,1793,-0.56,0.22,1.045,23.69,20.42,-2.32,F
,1783131,638,0,1733,-0.95,0.22,1.059,8.32,1222,-1.7,F
,1783151,615,0,1731,-0.05,0.201,1.050,36.84,-1.00,-0.91,F
,1783161,618,0,1845,-0.59,0.21,1.039,3.66,-5.40,-1.72,F
,1783181,671,0,1723,-0.44,0.21,0.959,2.42,-285,-1.5,F
,1783231,608,0,1699,-0.27,0.24,1.076,40.07,1203,-5.17,F
,178325,609,0,825,-0.246,0.259,1.079,32.12,-926,-6.5,F
,1783281,617,0,1856,-0.52,0.297,1.040,35.91,1.93,-2.44,F
,1783291,618,0,1889,-0.47,0.29,1.068,7.98,4.77,2.46,F
,1783301,597,0,1890,-0.22,0.30,1.075,0.10,11.49,5.18,F
,1783311,560,0,979,-0.234,0.335,1.041,36.96,9.35,9.84,F
,1783321,554,0,1599,-0.52,0.356,1.016,36.96,9.32,12.45,F
,1783331,541,0,1840,-0.221,0.365,0.997,36.39,8.98,13.27,F
,1783351,453,0,999,-0.214,0.371,0.982,19.51,11.49,12.11,F
,178338,262,0,784,-0.215,0.346,0.987,3.81,8.0,8.75,
,178339,265,0,882,-0.217,0.350,0.991,11.54,8.6,9.07,F
,1783441,592,0,1785,-0.269,0.353,0.968,-1.10,6.97,9.42,F
,1783501,615,0,1771,-0.05,0.42,0.908,15.16,22.57,12.83,F
,1783511,618,0,1557,-0.27,0.41,0.914,5.07,2316,13.3,F
,1783521,624,0,1839,-0.29,0.42,0.927,2.42,2225,14.4,F
,1783531,613,0,1947,-0.43,0.41,0.932,4.52,2077,15.8,F
,178355,609,0,1886,-0.26,0.39,0.939,23.07,15.23,17.68,F
,178357,619,0,1812,-0.94,0.39,0.917,8.03,1303,18.34,F
,1783591,613,0,1699,-0.74,0.407,0.850,40.96,11.42,16.9,F
,178361,613,0,1829,-0.86,0.43,0.817,9.04,1300,15.91,F
,1783641,657,0,1586,-0.146,0.382,0.882,1.48,1356,9.79,F
,178368,640,0,1833,-0.252,0.39,0.922,2.94,9.0,-8.22,F
,1783701,610,0,2227,-0.94,0.35,0.929,2.41,7.35,-7.51,F
,1783711,623,0,1767,-0.03,0.36,0.933,1.65,4.49,-7.00,F
,178376,637,0,585,-0.57,0.36,0.880,6.81,1.2,-16.5,F
,1783771,646,0,904,-0.45,0.352,0.864,6.55,5.24,-16.33,F
,178378,645,0,809,-0.249,0.370,0.861,35.62,9.78,-15.58,F
,178380,649,0,965,-0.285,0.412,0.849,39.75,17.32,-11.77,F
,178382,704,0,917,-0.326,0.429,0.844,44.58,15.74,-10.48,F
,1783841,737,0,1767,-0.11,0.48,0.797,4.33,1921,-9.0,F
,1783851,743,0,1732,-0.08,0.52,0.791,2.20,2570,-6.8,F
,1783861,757,0,1965,-0.71,0.57,0.789,9.29,3187,-6.1,F
,1783871,769,0,1759,-0.02,0.57,0.807,0.47,38.28,-3.40,F
,1783891,813,0,036,-0.270,0.515,0.857,33.94,3666,-2.7,F
,1783901,819,0,1837,-0.55,0.48,0.879,1.86,31.61,-4.01,F
,178394,832,0,807,-0.152,0.371,0.847,3.48,2950,-18.61,F
,1783951,829,0,1663,-0.75,0.37,0.872,7.81,40.34,-19.45,F
,1783961,831,0,1907,-0.89,0.39,0.844,8.87,51.73,-16.56,F
,1784001,774,0,1843,-0.69,0.389,0.828,26.76,52.71,-13.96,F
,1784031,763,0,622,-0.34,0.38,0.793,21.89,44.05,-22.74,F
,1784051,765,0,1719,-0.96,0.32,0.729,0.47,48.87,-21.06,F
,178406,771,0,850,-0.340,0.400,0.688,27.13,52.75,-22.15,F
,1784071,816,0,679,-0.372,0.439,0.702,17.92,59.36,-21.67,F
,1784101,816,0,1663,-0.86,0.479,0.729,-6.80,64.89,-12.18,F
,178411,826,0,1749,-0.518,0.496,0.736,-17.65,63.70,-1190,F
,1784121,831,0,1506,-0.01,0.48,0.778,25.24,6.57,-1077,F
,1784131,817,0,1689,-0.21,0.46,0.794,-26.95,56.54,-1035,F
,1784161,837,0,814,-0.491,0.380,0.878,9.01,4833,-9.71,F
,1784171,839,0,1904,-0.89,0.41,0.950,0.34,43.55,-13.11,F
,178419,725,0,870,-0.432,0.486,1.016,33.07,40.46,-14.30,F
,1784211,481,0,1909,-0.29,0.58,1.029,44.96,46.39,-10.3,F
,1784221,499,0,1671,-0.37,0.60,1.050,7.31,42.98,-7.69,F
,1784231,503,0,1924,-0.76,0.612,1.009,24.13,36.11,-6.01,F
,1784251,525,0,1950,-0.91,0.569,0.989,-6.22,12.45,-8.7,F
,1784261,528,0,765,-0.26,0.526,0.979,-13.65,0.17,-8.9,F
,1784271,525,0,1681,-0.96,0.45,0.909,21.16,-11.00,-9.06,F
,1784291,624,0,1936,-0.28,0.36,0.764,-15.71,-11.22,-326,F
,178432,679,0,808,-0.446,0.411,0.612,-1.80,2591,11.6,F
,1784341,703,0,1873,-0.91,0.525,0.615,-16.43,2.21,13.21,F
,1784361,720,0,791,-0.85,0.53,0.721,37.16,9.67,1.47,F
,1784381,727,0,1926,-0.01,0.463,0.840,-23.19,199,7.27,F
,1784411,671,0,1903,-0.42,0.44,0.887,7.03,18.36,12.7,F
,1784431,728,0,1873,-0.59,0.40,0.872,-4.89,22.46,16.8,F
,1784471,866,0,1872,-0.62,0.43,0.827,-32.75,-5.25,13.9,F
,1784491,845,0,1886,-0.40,0.39,0.802,21.36,-6.39,16.13,F
,178452,765,0,1638,-0.33,0.38,0.763,-5.67,11.00,15.8,F
,178454,674,0,1869,-0.32,0.39,0.753,.33,16.91,13.53,F
,1784591,608,0,1650,-0.45,0.37,0.844,.46,0.16,6.14,F
,1784611,614,0,1937,-0.99,0.353,0.872,5.75,7.4,6.57,F
,1784621,612,0,1990,-0.06,0.34,0.872,8.90,13.24,6.78,
,1784681,615,0,1776,-0.472,0.438,0.827,1.92,3.24,1.26,F
,178469,613,0,803,-0.476,0.413,0.830,-0.93,-4.12,-0.16,F
,178472,620,0,918,-0.418,0.356,0.845,15.23,5.4,3.32,F
,1784741,618,0,1956,-0.65,0.34,0.803,5.80,22.00,6.23,F
,1784801,609,0,1795,-0.65,0.455,0.887,16.32,5.8,-0.41,F
,1784831,618,0,1821,-0.409,0.390,0.853,14.07,4.1,0.11,
,1784871,615,0,938,-0.18,0.41,0.784,8.73,16.84,1.20,F
,1784881,617,0,1869,-0.29,0.432,0.793,15.69,1248,-0.36,F
,1784931,721,0,1877,-0.00,0.43,0.844,9.07,5.23,0.05,
,1784941,717,0,840,-0.98,0.446,0.828,19.04,8.57,0.95,F
,178495,769,0,823,-0.95,0.45,0.825,6.87,9.38,0.00,F
,1784961,773,0,884,-0.94,0.45,0.830,13.34,6.7,-2.50,F
,178497,767,0,1932,-0.408,0.453,0.836,7.51,3.12,-4.62,F
,1784991,770,0,813,-0.12,0.44,0.839,8.38,0.29,-3.03,
,1785061,767,0,855,-0.19,0.43,0.819,14.88,14.81,-3.75,F
,1785071,769,0,893,-0.430,0.435,0.834,2.70,9.90,-3.48,F
,178510,685,0,1904,-0.405,0.40,0.818,5.65,5.71,1.18,
,1785131,621,0,901,-0.32,0.43,0.809,20.50,1840,4.39,F
,1785151,615,0,862,-0.29,0.43,0.816,7.40,15.76,1.33,F
,1785181,615,0,866,-0.17,0.43,0.821,6.50,5.70,3.23,F
,1785191,613,0,1869,-0.85,0.44,0.805,12.30,4.8,2.94,
,1785201,614,0,889,-0.01,0.42,0.825,3.46,6.83,4.39,
,178521,622,0,1938,-0.03,0.419,0.831,15.05,9.36,4.98,
,1785221,617,0,855,-0.17,0.42,0.845,15.57,1315,6.52,F
,1785231,619,0,823,-0.19,0.43,0.851,14.65,1487,6.42,F
,1785241,623,0,1803,-0.32,0.44,0.849,3.36,14.83,6.00,F
,1785251,619,0,838,-0.36,0.43,0.847,3.74,12.51,5.41,F
,1785281,617,0,1850,-0.21,0.44,0.806,13.66,7.3,3.30,
,1785301,619,0,894,-0.15,0.41,0.797,15.28,9.3,3.91,
,1785311,623,0,1872,-0.410,0.443,0.812,12.15,10.42,3.39,F
,178535,666,0,1901,-0.36,0.439,0.845,11.74,1063,4.29,F
,1785361,668,0,1868,-0.26,0.44,0.844,9.89,8.7,4.52,F
,1785371,667,0,849,-0.23,0.446,0.833,7.46,6.6,4.19,F
,1785411,633,0,1949,-0.94,0.43,0.814,10.26,9.3,7.23,
,1785451,637,0,1664,-0.08,0.46,0.801,7.89,12.8,6.33,
,1785461,629,0,968,-0.11,0.44,0.816,8.10,11.1,7.10,
,178547,640,0,825,-0.04,0.45,0.812,8.36,9.07,7.04,F
,1785491,634,0,1863,-0.379,0.429,0.823,10.38,7.36,6.22,F
,1785511,620,0,1936,-0.378,0.447,0.817,12.58,1042,5.03,F
,1785531,619,0,754,-0.79,0.45,0.825,1.84,9.97,2.54,F
,1785541,613,0,1870,-0.86,0.44,0.836,1.57,8.86,1.73,
,1785571,613,0,1882,-0.83,0.45,0.816,4.33,8.5,3.76,
,178558,613,0,776,-0.73,0.45,0.821,11.33,8.3,2.95,F
,178559,615,0,1858,-0.73,0.446,0.829,10.85,9.71,3.33,F
,1785651,614,0,845,-0.02,0.46,0.823,10.64,10.94,3.50,F
,1785671,617,0,1888,-0.10,0.46,0.818,9.97,7.6,3.44,F
,1785681,618,0,758,-0.08,0.46,0.826,9.66,7.39,3.44,F
,1785701,618,0,005,-0.04,0.44,0.805,10.91,9.99,3.46,F
,178571,623,0,1856,-0.411,0.44,0.800,1.25,1156,4.07,F
,178572,628,0,1805,-0.12,0.456,0.808,11.83,12.07,4.95,F
,178574,624,0,1822,-0.02,0.464,0.812,10.44,10.48,3.30,F
,178577,624,0,682,-0.96,0.46,0.819,0.00,5.7,2.74,F
,1785791,624,0,1887,-0.73,0.438,0.820,2.18,7.4,3.79,
,1785801,623,0,007,-0.70,0.44,0.808,2.61,9.2,4.89,
,178581,623,0,825,-0.77,0.44,0.824,15.29,1185,6.80,F
,1785831,625,0,1947,-0.71,0.46,0.826,1.75,12.92,4.42,F
,1785851,625,0,1776,-0.379,0.463,0.844,12.12,7.1,4.40,F
,178588,625,0,829,-0.66,0.46,0.844,2.68,7.1,4.29,
,1785901,625,0,1790,-0.75,0.45,0.839,13.83,9.1,3.53,F
,1785921,625,0,1807,-0.79,0.457,0.827,15.22,11.53,4.69,F
,1785931,624,0,1969,-0.379,0.458,0.821,14.10,10.71,4.52,F
,178597,714,0,938,-0.89,0.46,0.826,0.82,4.6,3.38,
,1785981,715,0,1851,-0.92,0.47,0.834,.25,4.1,4.43,F
,1785991,715,0,1840,-0.75,0.46,0.854,0.76,5.06,4.51,F
,1786021,714,0,1795,-0.89,0.466,0.863,13.58,1153,1.76,F
,1786031,718,0,1737,-0.405,0.469,0.857,16.18,1216,2.97,F
,1786041,710,0,1916,-0.97,0.47,0.843,6.13,11.41,3.93,F
,1786051,704,0,1815,-0.404,0.475,0.824,13.28,8.78,4.34,F
,1786081,738,0,1840,-0.87,0.486,0.806,1.78,0.4,5.84,F
,1786091,751,0,1824,-0.81,0.48,0.816,-1.33,-1.02,7.10,F
,1786111,742,0,1859,-0.368,0.459,0.828,-3.35,1.68,7.90,F
,1786121,723,0,1936,-0.61,0.456,0.843,-4.52,3.55,9.23,F
,178616,732,0,1929,-0.57,0.43,0.850,4.96,11.78,10.46,F
,1786171,725,0,2032,-0.357,0.449,0.836,3.89,11.71,11.03,F
,178619,729,0,904,-0.46,0.45,0.843,3.10,6.8,9.23,
,1786201,724,0,1787,-0.57,0.45,0.864,-6.32,3.13,8.81,F
,178621,730,0,905,-0.354,0.446,0.866,-6.29,0.58,8.94,F
,1786221,775,0,1748,-0.341,0.43,0.877,-4.61,0.8,9.09,
,1786241,745,0,1967,-0.44,0.43,0.866,0.22,5.30,10.31,F
,1786261,718,0,1934,-0.31,0.41,0.856,.00,9.5,10.94,
,1786291,710,0,1805,-0.348,0.427,0.814,3.16,7.62,9.39,F
,1786341,733,0,1879,-0.299,0.397,0.858,6.45,-2.51,2.17,F
,1786371,702,0,1887,-0.301,0.402,0.848,19.52,15.61,4.97,F
,1786381,694,0,1935,-0.86,0.41,0.872,8.78,1587,4.05,F
,1786391,738,0,1936,-0.96,0.424,0.881,16.94,14.03,1.55,F
,1786401,775,0,1857,-0.321,0.436,0.884,12.42,11.53,1.10,F
,178641,765,0,1814,-0.28,0.43,0.889,1.19,7.6,1.24,
,178642,773,0,884,-0.323,0.442,0.906,8.78,4.19,1.49,F
,1786481,604,0,1947,-0.68,0.417,0.863,17.36,15.15,2.10,F
,178651,609,0,1843,-0.17,0.45,0.881,.52,10.5,1.33,
,178652,624,0,882,-0.350,0.447,0.875,-4.92,1.58,0.26,F
,1786531,643,0,1913,-0.29,0.411,0.922,-5.68,-10.41,-0.22,F
,1786541,697,0,1840,-0.10,0.418,0.906,0.78,-14.74,1.07,F
,1786551,746,0,1901,-0.83,0.41,0.908,.61,-1161,3.59,F
,1786571,756,0,1962,-0.80,0.45,0.882,.92,1.88,1.70,F
,1786581,765,0,2015,-0.91,0.44,0.879,6.23,6.66,1.15,F
,1786591,765,0,1776,-0.01,0.43,0.873,.98,7.47,1.79,F
,1786611,765,0,1872,-0.302,0.432,0.887,-0.69,5.35,3.56,F
,178663,752,0,974,-0.283,0.414,0.882,-0.80,6.14,4.20,F
,1786641,731,0,1839,-0.83,0.41,0.873,.16,9.7,5.59,F
,178665,733,0,984,-0.76,0.417,0.869,.20,14.1,7.73,
,1786661,720,0,856,-0.266,0.417,0.854,9.91,19.94,10.13,F
,1786681,687,0,2027,-0.87,0.44,0.844,.86,23.30,12.11,F
,1786711,735,0,1604,-0.90,0.42,0.893,4.32,14.31,9.18,F
,1786731,795,0,1909,-0.281,0.417,0.892,5.51,13.61,11.59,F
,1786741,784,0,2000,-0.259,0.40,0.891,7.77,15.81,12.57,F
,1786761,778,0,1862,-0.79,0.423,0.890,9.17,22.69,14.77,F
,1786771,806,0,1807,-0.292,0.439,0.886,5.68,22.58,15.56,F
,178679,826,0,982,-0.281,0.42,0.885,2.76,17.55,15.52,F
,1786801,842,0,1702,-0.293,0.433,0.863,2.87,16.91,16.80,F
,1786811,846,0,1935,-0.92,0.43,0.864,.39,18.29,17.00,F
,1786831,822,0,1894,-0.92,0.45,0.855,.74,21.2,15.82,F
,1786871,830,0,853,-0.324,0.469,0.880,-0.09,19.06,14.02,F
,1786881,832,0,1901,-0.21,0.45,0.890,1.13,17.36,13.64,F
,178692,798,0,023,-0.286,0.407,0.881,-1.38,19.09,12.39,F
,1786941,774,0,1983,-0.302,0.408,0.881,2.58,23.99,13.64,F
,178696,762,0,936,-0.318,0.443,0.885,-4.40,24.72,14.97,F
,178698,720,0,112,-0.327,0.448,0.933,-13.25,22.34,14.77,F
,1787021,717,0,1991,-0.20,0.40,0.909,15.56,2.45,19.5,F
,1787031,714,0,1949,-0.97,0.39,0.888,-12.00,25.64,20.17,F
,178704,714,0,845,-0.80,0.400,0.839,-9.71,29.88,20.46,F
,1787061,703,0,1893,-0.63,0.37,0.796,10.74,37.76,20.63,F
,178707,702,0,033,-0.248,0.375,0.798,-11.94,42.43,20.49,F
,178708,702,0,915,-0.241,0.366,0.799,-8.38,47.30,20.33,F
,1787091,703,0,1677,-0.31,0.35,0.829,5.68,4999,18.7,F
,1787101,705,0,1777,-0.50,0.35,0.848,-2.22,53.21,14.92,F
,1787141,714,0,1907,-0.46,0.37,0.942,5.83,48.17,-0.61,F
,1787161,688,0,1835,-0.36,0.335,0.911,12.58,41.91,-7.28,F
,1787181,717,0,2094,-0.04,0.317,0.871,17.42,42.55,-13.77,F
,1787191,735,0,1609,-0.72,0.33,0.879,7.72,4574,-15.0,F
,1787221,718,0,1945,-0.396,0.336,0.918,6.75,48.62,-22.64,F
,1787241,737,0,1999,-0.43,0.29,0.927,6.84,45.62,-29.72,F
,178725,707,0,1922,-0.448,0.264,0.895,10.67,42.54,-32.64,F
,1787261,718,0,911,-0.58,0.24,0.883,14.73,39.30,-33.93,F
,1787271,723,0,1921,-0.69,0.25,0.847,8.42,37.52,-33.40,F
,1787281,731,0,1895,-0.39,0.24,0.828,1.08,3355,-34.41,F
,1787301,731,0,1866,-0.99,0.22,0.787,6.03,27.55,-39.03,F
,178733,815,0,741,-0.503,0.31,0.830,32.07,36.48,-37.00,F
,178735,636,0,735,-0.50,0.38,0.831,5.98,4283,-41.5,F
,1787361,649,0,1852,-0.634,0.350,0.937,39.26,38.84,-49.09,F
,1787371,656,0,1909,-0.31,0.32,0.939,46.27,28.28,-50.3,F
,1787381,656,0,1962,-0.42,0.30,0.860,54.20,22.92,-46.82,F
,1787431,623,0,1735,-0.67,0.34,0.773,36.12,14.36,-31.49,F
,1787441,609,0,1719,-0.83,0.34,0.775,29.54,8.80,-31.13,F
,1787461,631,0,1870,-0.77,0.35,0.789,4.85,-0.65,-23.98,F
,1787471,605,0,1847,-0.46,0.33,0.794,23.72,-1.93,-21.7,F
,1787501,464,0,1815,-0.79,0.34,0.812,7.13,1115,-9.0,F
,1787511,508,0,2064,-0.486,0.355,0.810,29.19,13.55,-5.46,F
,1787521,526,0,1935,-0.495,0.392,0.805,25.28,11.13,-1.58,F
,178753,485,0,804,-0.502,0.425,0.811,20.67,5.91,0.20,F
,1787541,483,0,1695,-0.08,0.45,0.818,7.02,0.4,1.75,
,178755,479,0,844,-0.10,0.46,0.835,11.19,-4.76,3.18,F
,1787591,526,0,005,-0.85,0.35,0.859,13.25,-6.38,8.98,F
,1787601,530,0,770,-0.91,0.40,0.872,.75,-4.10,8.28,F
,1787631,677,0,1862,-0.506,0.365,0.809,-4.20,-9.40,13.30,F
,1787641,693,0,1843,-0.80,0.34,0.814,6.22,-966,15.9,F
,178766,640,0,866,-0.63,0.33,0.818,11.51,008,16.1,F
,1787681,650,0,1923,-0.469,0.336,0.843,-14.11,5.61,9.03,F
,1787691,656,0,2000,-0.499,0.375,0.874,-14.16,8.34,6.80,F
,1787701,644,0,681,-0.02,0.29,0.857,-9.55,5.18,5.04,F
,178771,597,0,762,-0.459,0.30,0.851,-1.42,1.39,3.97,F
,1787731,599,0,1924,-0.67,0.28,0.782,11.97,0.66,4.48,F
,1787741,601,0,031,-0.56,0.29,0.806,15.00,5.68,5.26,F
,178776,543,0,1909,-0.464,0.345,0.805,9.75,18.40,8.05,F
,178777,546,0,931,-0.79,0.35,0.845,.89,19.8,6.07,
,1787781,543,0,1662,-0.471,0.349,0.896,2.10,18.39,3.75,F
,1787801,543,0,1742,-0.473,0.312,0.934,3.10,8.97,-3.16,F
,1787811,541,0,2043,-0.02,0.30,0.938,6.85,2.13,-3.93,F
,1787831,549,0,1677,-0.34,0.28,0.943,9.46,-1.12,-6.47,F
,1787841,466,0,2025,-0.374,0.269,0.934,22.27,-15.87,-11.28,F
,178786,342,0,721,-0.75,0.27,0.903,20.35,-14.87,-16.19,F
,1787871,342,0,2061,-0.368,0.262,0.879,21.63,-13.46,-1600,F
,178789,349,0,727,-0.56,0.26,0.900,23.89,-15.87,-17.95,F
,1787911,320,0,1872,-0.44,0.278,0.895,28.07,-17.58,-20.59,F
,1787921,272,0,840,-0.40,0.27,0.904,25.34,-20.26,-23.77,F
,178798,177,0,933,-0.70,0.28,0.913,31.74,-15.67,-27.98,F
,1787991,205,0,1866,-0.67,0.26,0.915,28.91,-19.34,-26.93,F
,1788001,242,0,889,-0.76,0.27,0.889,29.55,-21.86,-25.83,F
,1788011,241,0,1840,-0.386,0.284,0.886,30.53,-21.17,-24.87,F
,178802,226,0,851,-0.95,0.30,0.878,7.43,-1.75,-2508,F
,1788031,250,0,680,-0.18,0.31,0.884,1.86,-1.07,-2590,F
,178804,256,0,710,-0.39,0.32,0.877,4.01,-1.03,-2754,F
,178806,311,0,922,-0.37,0.28,0.903,6.41,-21.74,-28.64,F
,1788071,305,0,1862,-0.45,0.284,0.886,8.85,-22.77,-27.75,F
,1788081,306,0,1813,-0.42,0.27,0.870,12.97,-21.40,-2575,F
,178809,306,0,947,-0.17,0.28,0.850,9.69,-1.55,-2383,F
,1788101,337,0,739,-0.397,0.30,0.820,21.81,-10.55,-22.39,F
,178811,338,0,966,-0.26,0.32,0.794,19.04,-2.67,-21.83,F
,1788131,345,0,989,-0.41,0.32,0.838,6.32,2.17,-25.49,F
,178814,341,0,961,-0.57,0.33,0.852,1.48,-0.38,-27.95,F
,1788161,349,0,1714,-0.83,0.31,0.877,1.78,-8.62,-27.46,F
,178817,343,0,817,-0.62,0.31,0.872,5.72,-10.91,-25.52,F
,1788181,458,0,886,-0.32,0.30,0.853,9.84,-1027,-22.7,F
,1788201,551,0,745,-0.70,0.31,0.799,16.06,-0.61,-16.54,F
,1788241,350,0,725,-0.85,0.32,0.822,7.75,6.13,-20.51,F
,1788261,315,0,1970,-0.430,0.328,0.844,10.79,2.03,-23.9,F
,1788271,263,0,1450,-0.441,0.326,0.869,2.94,0.5,-23.8,F
,1788281,308,0,859,-0.42,0.33,0.865,15.49,-0.16,-22.70,F
,1788301,269,0,2025,-0.34,0.324,0.841,17.40,3.58,-18.22,F
,1788341,263,0,1879,-0.469,0.276,0.828,22.45,6.78,-20.03,F
,178835,265,0,808,-0.64,0.26,0.841,26.99,6.63,-19.89,F
,1788361,259,0,1591,-0.457,0.272,0.836,0.91,6.7,-19.1,F
,1788381,259,0,1973,-0.391,0.292,0.845,9.72,1197,-15.7,F
,1788391,266,0,1647,-0.378,0.312,0.833,43.00,13.78,-15.3,F
,1788411,263,0,1822,-0.41,0.33,0.826,48.52,1658,-14.0,F
,178842,261,0,829,-0.27,0.35,0.827,47.95,17.88,-15.37,F
,178843,270,0,959,-0.24,0.36,0.840,46.44,18.89,-15.52,F
,178844,272,0,717,-0.40,0.39,0.850,44.87,1921,-15.1,F
,178846,287,0,773,-0.46,0.40,0.870,46.47,16.97,-14.00,F
,178847,272,0,785,-0.33,0.40,0.879,48.44,17.30,-12.39,F
,178848,272,0,936,-0.35,0.41,0.876,51.94,18.77,-9.86,F
,1788491,273,0,727,-0.20,0.40,0.890,54.99,20.49,-8.59,F
,1788501,331,0,984,-0.320,0.415,0.869,55.10,21.67,-9.4,F
,1788511,363,0,1920,-0.42,0.41,0.871,55.40,22.75,-10.74,F
,178852,365,0,802,-0.83,0.41,0.867,54.52,24.91,-11.60,F
,1788531,369,0,883,-0.14,0.41,0.875,51.43,25.50,-12.36,F
,1788541,370,0,1790,-0.449,0.418,0.881,47.80,26.39,-13.42,F
,178855,366,0,974,-0.92,0.40,0.885,40.87,23.71,-14.25,F
,178856,400,0,848,-0.93,0.38,0.905,40.50,18.83,-14.70,F
,1788591,605,0,762,-0.19,0.39,0.898,43.29,9.58,-10.5,F
,178863,656,0,990,-0.92,0.41,0.844,50.29,18.10,-10.8,F
,178864,656,0,910,-0.20,0.42,0.837,46.39,20.66,-12.91,F
,178865,651,0,662,-0.48,0.44,0.854,42.41,18.65,-14.04,F
,1788661,662,0,1739,-0.435,0.450,0.859,38.29,1356,-15.2,F
,1788671,674,0,1805,-0.41,0.44,0.868,39.95,8.39,-15.38,F
,1788681,666,0,1687,-0.14,0.450,0.876,43.10,3.74,-12.9,F
,1788691,669,0,2062,-0.377,0.453,0.863,8.52,2.9,-10.7,F
,1788701,666,0,1770,-0.358,0.481,0.859,2.76,5.21,-10.30,F
,1788751,657,0,1829,-0.374,0.579,0.860,8.59,-430,-14.5,F
,178877,631,0,1872,-0.386,0.634,0.858,1.29,-134,-9.6,F
,178879,657,0,607,-0.09,0.63,0.882,33.89,0.80,-4.85,F
,1788821,659,0,578,-0.11,0.58,0.875,42.13,-2.44,5.13,F
,1788831,658,0,073,-0.09,0.59,0.854,44.38,-1.55,9.06,F
,1788841,701,0,590,-0.98,0.59,0.830,45.23,-0.94,11.70,F
,1788871,696,0,1763,-0.79,0.626,0.760,7.71,-367,10.89,F
,1788881,708,0,1915,-0.438,0.642,0.808,8.70,-538,10.31,F
,178894,717,0,840,-0.73,0.58,0.821,30.49,-2.70,27.7,F
,1788951,709,0,761,-0.65,0.56,0.783,28.78,1.12,30.16,F
,1788961,704,0,837,-0.70,0.561,0.770,26.38,2.25,30.10,F
,1788971,660,0,1918,-0.350,0.559,0.755,26.01,0.57,28.98,F
,1788981,661,0,1941,-0.332,0.570,0.740,24.44,-4.12,27.52,F
,1788991,653,0,1820,-0.312,0.584,0.730,0.96,-761,26.6,F
,178900,657,0,1926,-0.285,0.577,0.722,8.70,-795,26.2,F
,178902,581,0,1648,-0.288,0.577,0.722,3.58,-516,23.1,F
,1789061,351,0,742,-0.313,0.55,0.731,3.23,-326,26.33,F
,1789071,353,0,855,-0.96,0.55,0.732,3.75,-1.00,27.23,F
,1789081,372,0,1901,-0.262,0.559,0.745,3.39,1.8,27.27,F
,1789101,383,0,1928,-0.53,0.57,0.742,18.78,6.91,28.46,F
,1789111,381,0,1722,-0.252,0.60,0.736,21.00,8.69,27.21,F
,1789141,358,0,1626,-0.84,0.62,0.755,9.45,3.3,19.15,
,1789151,358,0,2046,-0.87,0.62,0.766,7.55,1.84,20.66,F
,178916,355,0,1689,-0.301,0.63,0.778,7.39,3.55,23.88,F
,1789171,385,0,803,-0.92,0.63,0.798,8.56,5.71,25.73,F
,1789191,400,0,1790,-0.303,0.628,0.796,0.84,8.08,27.46,F
,1789201,449,0,096,-0.97,0.62,0.779,11.68,7.53,29.07,F
,1789211,454,0,975,-0.93,0.63,0.769,10.99,7.15,30.39,F
,1789221,457,0,817,-0.77,0.637,0.769,.77,8.11,32.97,F
,1789231,467,0,1946,-0.59,0.62,0.740,.79,10.5,34.10,F
,1789241,468,0,793,-0.45,0.61,0.751,-1.39,12.48,34.04,F
,1789251,477,0,877,-0.27,0.58,0.749,5.41,1399,33.4,F
,1789261,476,0,1872,-0.227,0.592,0.745,-6.26,16.07,35.27,F
,1789271,479,0,875,-0.233,0.597,0.753,8.17,1865,37.75,F
,1789281,477,0,760,-0.33,0.59,0.781,-12.55,19.29,36.80,F
,1789301,431,0,803,-0.62,0.57,0.848,-29.51,17.73,33.97,F
,1789311,432,0,800,-0.82,0.55,0.872,-33.77,18.08,34.98,F
,1789321,432,0,919,-0.72,0.53,0.888,-36.78,1.53,38.0,F
,1789361,448,0,841,-0.96,0.51,0.895,-39.16,1.01,40.4,F
,1789371,443,0,812,-0.176,0.520,0.871,-38.22,17.09,40.46,F
,178938,446,0,897,-0.99,0.53,0.865,-44.03,17.74,37.91,F
,1789391,439,0,953,-0.10,0.54,0.883,-49.71,1.38,35.41,F
,1789431,410,0,1759,-0.260,0.520,0.966,-61.85,13.59,34.60,F
,1789441,405,0,091,-0.67,0.51,0.979,65.04,10.95,33.76,F
,1789451,403,0,873,-0.70,0.48,0.982,-62.26,8.02,33.8,F
,1789461,396,0,831,-0.50,0.45,0.976,-59.01,5.13,33.5,F
,178949,368,0,995,-0.79,0.38,0.917,-41.61,1.10,29.1,F
,1789501,367,0,841,-0.80,0.38,0.890,34.51,529,26.9,F
,1789511,335,0,1913,-0.85,0.39,0.875,-30.22,10.05,26.5,F
,1789521,335,0,584,-0.84,0.41,0.864,-27.93,15.12,27.35,F
,1789531,334,0,102,-0.86,0.41,0.876,-30.02,16.66,27.68,F
,1789561,269,0,1872,-0.64,0.39,0.925,28.77,8.45,25.38,F
,1789571,258,0,925,-0.72,0.38,0.927,-24.23,5.67,25.12,F
,1789581,261,0,573,-0.75,0.37,0.914,-19.65,5.33,25.32,F
,1789591,267,0,939,-0.71,0.36,0.903,12.78,631,25.0,F
,1789611,270,0,1842,-0.162,0.391,0.905,-5.94,14.16,28.31,F
,1789631,231,0,881,-0.76,0.39,0.946,-9.41,2098,30.8,F
,178964,229,0,1886,-0.179,0.38,0.983,11.53,2.81,30.1,F
,178966,134,0,1961,-0.192,0.34,1.018,9.29,1472,30.4,F
,1789671,123,0,902,-0.78,0.33,0.997,-4.92,10.07,30.91,F
,1789691,130,0,877,-0.18,0.34,0.942,7.33,7.00,32.92,F
,1789701,226,0,1939,-0.98,0.36,0.906,.36,11.07,34.29,F
,178975,338,0,1616,-0.143,0.37,0.958,7.85,1573,30.91,F
,178976,350,0,1678,-0.55,0.34,0.957,-6.48,14.26,31.62,F
,1789771,345,0,968,-0.46,0.33,0.978,-2.38,11.85,32.43,F
,178981,395,0,998,-0.18,0.33,0.974,1.02,9.64,29.04,F
,1789821,302,0,949,-0.14,0.33,0.962,0.71,9.87,28.86,F
,178983,305,0,1910,-0.103,0.32,0.962,0.67,1031,29.0,F
,1789851,329,0,1774,-0.99,0.31,0.960,.55,9.6,27.56,
,178987,302,0,2012,-0.106,0.33,0.958,.99,7.44,28.02,F
,1789901,270,0,908,-0.31,0.33,0.935,2.52,9.01,27.06,
,1789911,270,0,1735,-0.137,0.320,0.938,1.54,5.07,25.93,F
,1789921,272,0,936,-0.40,0.33,0.932,.89,3.90,28.02,F
,1789981,270,0,866,-0.99,0.33,0.824,15.19,7.04,34.07,F
,1789991,266,0,839,-0.99,0.34,0.806,5.43,1077,35.3,F
,1790021,208,0,889,-0.73,0.33,0.787,5.43,1478,35.52,F
,179003,125,0,1866,-0.067,0.328,0.792,13.28,15.84,34.91,F
,1790051,0,0,177,-0.07,0.337,.804,1250,19.0,33.13,F
,1790071,0,0,187,-0.08,0.335,.825,1206,20.02,32.58,F
,179012,0,0,1706,-0.06,0.363,.838,15.07,21.10,38.60,F
,179013,0,0,181,-0.03,0.372,.830,1697,25.3,42.36,
,179014,0,0,1726,-0.022,0.374,0.830,17.87,30.86,45.62,F
,1790151,0,0,217,-0.01,0.384,.838,1513,36.1,48.46,
,179016,0,0,171,-0.01,0.383,.861,1343,42.3,51.09,F
,179017,0,0,168,-0.01,0.382,.884,1146,46.6,52.78,F
,179021,234,0,1815,-0.093,0.362,0.979,-4.03,43.50,47.18,F
,1790221,290,0,758,-0.15,0.34,0.998,-7.87,39.52,44.80,F
,1790231,307,0,866,-0.30,0.35,1.032,9.53,3622,42.9,F
,1790251,357,0,915,-0.57,0.33,1.114,20.40,3.96,35.1,F
,1790261,357,0,886,-0.03,0.32,1.126,26.17,3.83,31.90,F
,179027,346,0,877,-0.40,0.29,1.129,25.77,2.65,28.0,F
,1790301,346,0,1916,-0.241,0.278,1.073,-10.14,10.77,25.30,F
,1790311,343,0,784,-0.01,0.27,1.049,5.09,1089,27.94,F
,1790321,369,0,1985,-0.165,0.272,1.027,-5.24,16.20,29.32,F
,1790331,383,0,1978,-0.148,0.261,1.018,-6.17,23.74,29.56,F
,1790341,381,0,1878,-0.142,0.24,1.012,7.88,2952,28.6,F
,179035,381,0,1637,-0.156,0.227,1.010,-7.97,31.65,27.39,F
,1790371,337,0,000,-0.50,0.19,0.986,8.23,2330,19.07,F
,1790381,335,0,933,-0.33,0.19,0.964,7.18,1643,15.27,F
,179039,330,0,803,-0.20,0.19,0.946,-5.93,12.26,13.85,F
,1790401,336,0,1767,-0.088,0.182,0.944,-3.15,11.00,11.88,F
,1790441,251,0,840,-0.85,0.18,0.946,-1.97,19.94,3.17,F
,179045,230,0,930,-0.090,0.17,0.954,-2.63,18.58,-0.01,F
,179046,224,0,1840,-0.93,0.166,0.964,-4.55,15.00,-2.80,F
,1790511,191,0,1667,-0.085,0.134,0.943,7.10,16.03,-13.71,F
,1790521,183,0,796,-0.87,0.140,0.934,9.02,18.37,-16.30,F
,1790531,187,0,957,-0.88,0.14,0.936,9.92,20.02,-19.14,F
,1790541,208,0,850,-0.94,0.15,0.939,.49,20.6,-22.29,F
,1790551,208,0,869,-0.07,0.16,0.947,.41,19.9,-26.73,F
,1790561,210,0,1913,-0.36,0.18,0.950,.47,18.08,-30.36,F
,1790611,225,0,773,-0.77,0.19,0.963,3.42,13.00,-34.71,F
,1790621,240,0,854,-0.74,0.20,0.948,6.73,2025,-32.6,F
,1790641,251,0,789,-0.67,0.22,0.947,1.10,3196,-31.38,F
,179065,252,0,888,-0.93,0.23,0.955,19.98,34.81,-32.61,F
,179066,254,0,005,-0.97,0.22,0.970,18.45,32.81,-34.33,F
,179067,256,0,1895,-0.00,0.22,0.973,16.15,28.14,-36.30,F
,179068,253,0,1787,-0.191,0.211,0.966,12.16,22.46,-39.52,F
,179069,255,0,649,-0.194,0.209,0.975,8.64,19.42,-41.93,F
,179071,256,0,919,-0.164,0.192,0.952,11.19,19.99,-41.25,F
,1790721,255,0,1841,-0.154,0.191,0.945,12.42,23.79,-40.48,F
,179073,256,0,782,-0.56,0.19,0.951,3.13,2773,-39.8,F
,1790741,257,0,1850,-0.164,0.21,0.948,15.77,31.01,-39.02,F
,179076,256,0,1373,-0.82,0.23,0.942,15.26,36.46,-39.05,F
,179077,272,0,883,-0.13,0.24,0.952,2.13,3669,-39.9,F
,179080,301,0,872,-0.248,0.255,0.991,8.97,24.40,-42.3,F
,179081,304,0,616,-0.58,0.25,1.007,.01,20.9,-41.9,F
,1790821,330,0,2012,-0.40,0.25,1.006,11.05,20.26,-41.35,F
,1790831,362,0,1936,-0.39,0.24,1.002,12.52,20.29,-40.30,F
,1790841,370,0,1937,-0.236,0.25,1.002,14.53,21.42,-39.09,F
,1790851,370,0,1695,-0.38,0.26,1.001,5.42,2449,-38.6,F
,179087,370,0,734,-0.72,0.27,0.995,18.32,29.12,-37.45,F
,1790881,370,0,929,-0.89,0.27,1.003,9.81,2829,-35.9,F
,179089,392,0,741,-0.79,0.27,0.986,7.60,2918,-34.8,F
,179091,391,0,863,-0.92,0.26,1.001,14.99,26.71,-32.06,F
,179092,397,0,794,-0.85,0.23,1.010,14.53,25.76,-31.51,F
,179095,400,0,728,-0.69,0.20,0.974,29.78,25.55,-25.77,F
,179096,401,0,157,-0.266,0.227,0.975,32.26,2765,-24.5,F
,1790971,400,0,1822,-0.276,0.25,0.960,32.24,30.65,-23.06,F
,179098,400,0,911,-0.97,0.26,0.971,0.30,3197,-22.2,F
,179099,401,0,840,-0.02,0.26,0.978,8.62,2996,-22.6,F
,1791001,402,0,949,-0.05,0.26,0.966,26.04,29.76,-24.01,F
,1791021,403,0,1612,-0.335,0.270,0.975,24.58,28.77,-21.80,F
,179105,416,0,061,-0.31,0.27,0.967,31.55,27.13,-16.74,F
,179107,533,0,887,-0.47,0.29,0.939,27.78,37.67,-11.61,F
,179108,580,0,1939,-0.353,0.305,0.956,25.17,42.14,-9.28,F
,179109,677,0,693,-0.356,0.309,0.950,4.97,4269,-6.62,F
,1791101,673,0,968,-0.72,0.29,0.935,4.23,4010,-6.3,F
,1791111,707,0,1922,-0.53,0.31,0.984,27.31,37.50,-6.10,F
,179112,710,0,776,-0.69,0.32,0.931,7.55,3480,-4.6,F
,1791131,705,0,882,-0.65,0.33,0.921,29.71,31.79,-3.52,F
,179115,739,0,648,-0.75,0.37,0.898,29.52,30.22,0.84,F
,1791181,870,0,1809,-0.351,0.314,0.886,34.32,4597,10.1,F
,1791201,882,0,1898,-0.38,0.29,0.905,44.16,62.07,19.33,F
,179124,788,0,889,-0.78,0.42,0.812,81.68,85.74,40.74,F
,179126,727,0,982,-0.348,0.507,0.823,74.18,7707,43.2,F
,179128,727,0,809,-0.23,0.623,0.726,71.05,7658,41.75,F
,1791291,731,0,1754,-0.423,0.628,0.733,7.26,7101,39.50,F
,1791321,762,0,1723,-0.393,0.512,0.845,9.08,6210,41.2,F
,1791341,785,0,1607,-0.373,0.477,0.928,46.52,6839,50.4,F
,1791351,769,0,029,-0.54,0.46,0.958,47.83,68.92,54.49,F
,1791371,778,0,1970,-0.319,0.487,1.017,52.44,62.66,56.28,F
,1791381,784,0,858,-0.60,0.49,1.032,55.68,57.73,53.13,F
,1791391,773,0,1808,-0.310,0.54,0.963,45.66,55.21,48.26,F
,179140,784,0,798,-0.44,0.581,0.992,36.10,45.96,43.07,F
,1791411,789,0,1873,-0.326,0.586,1.011,3.57,3171,35.41,F
,1791421,786,0,782,-0.34,0.593,0.980,10.41,23.87,28.55,F
,179143,798,0,759,-0.42,0.59,1.032,1.66,16.98,25.30,F
,179148,900,0,801,-0.32,0.54,1.033,-3.65,9.78,33.33,F
,179149,809,0,808,-0.68,0.57,1.001,0.50,7.07,35.33,F
,1791511,773,0,1877,-0.267,0.597,0.939,14.16,419,34.63,F
,1791521,773,0,1874,-0.49,0.622,0.948,-24.58,-0.04,30.0,F
,1791531,773,0,1953,-0.360,0.611,0.939,23.97,-.27,31.7,F
,1791551,695,0,1866,-0.331,0.592,0.900,31.77,-10.71,27.61,F
,179156,683,0,578,-0.51,0.58,0.918,-33.48,-14.91,27.27,F
,1791601,720,0,755,-0.54,0.59,0.903,-37.53,-16.01,32.02,F
,1791631,563,0,1616,-0.350,0.575,0.902,47.62,-7.43,3155,F
,179165,562,0,722,-0.35,0.52,0.941,-55.13,-29.54,27.88,F
,1791661,562,0,743,-0.337,0.52,0.935,-61.73,-33.49,2549,F
,1791671,564,0,1662,-0.37,0.47,0.921,-67.35,-38.30,24.19,F
,1791701,566,0,691,-0.312,0.411,0.911,72.93,-4.16,1513,F
,1791711,575,0,2080,-0.300,0.371,0.919,73.65,-2.76,14.05,F
,179172,587,0,785,-0.06,0.37,0.912,-73.33,-39.72,14.60,F
,179174,592,0,671,-0.12,0.34,0.918,-73.32,-35.09,18.37,F
,1791751,597,0,1923,-0.332,0.34,0.921,-73.97,-33.87,19.73,F
,179179,700,0,160,-0.35,0.28,0.961,-72.71,-39.63,17.65,F
,1791821,731,0,1808,-0.305,0.21,0.998,-81.65,-33.42,19.06,F
,1791831,735,0,1714,-0.316,0.192,0.998,87.58,-31.97,18.95,F
,179184,782,0,143,-0.23,0.14,1.016,-88.19,-3.45,1944,F
,1791851,786,0,1904,-0.306,0.125,1.030,83.25,-6.22,2086,F
,1791861,787,0,1797,-0.309,0.111,1.022,78.72,-6.82,2222,F
,1791891,779,0,599,-0.88,0.080,1.013,-76.84,-9.29,2170,F
,179190,778,0,1895,-0.264,0.078,1.013,-78.74,-41.02,20.13,F
,1791921,678,0,927,-0.50,0.07,1.006,-83.53,-42.30,21.94,F
,179194,681,0,898,-0.53,0.04,1.017,-91.79,-43.46,19.76,F
,1791951,675,0,1723,-0.63,0.01,1.013,-91.88,-42.61,2066,F
,179197,685,0,055,-0.70,-0.06,1.014,-80.61,43.60,2.39,F
,179200,678,0,885,-0.37,-0.03,0.993,-68.55,40.91,2.73,F
,179205,738,0,885,-0.79,-0.04,0.965,-50.71,-27.87,27.67,F
,1792061,742,0,1904,-0.62,-0.09,0.967,-48.38,-31.57,25.75,F
,1792071,746,0,871,-0.56,-0.02,0.947,-46.61,-33.40,25.36,F
,1792111,779,0,757,-0.01,-0.04,0.903,-45.09,-32.58,27.21,F
,1792161,779,0,1865,-0.038,-0.127,0.927,-40.58,-21.00,35.73,F
,179217,775,0,950,-0.08,-0.13,0.949,-38.55,23.48,3.25,F
,179218,785,0,888,-0.01,-0.10,0.958,-38.63,-23.93,36.97,F
,1792191,786,0,1825,0.020,-0.168,0.981,39.36,-23.26,37.59,F
,1792221,785,0,1842,0.078,-0.226,0.983,55.36,-29.69,31.56,F
,1792251,785,0,1969,0.081,-0.300,0.981,-52.05,-35.64,3175,F
,1792261,870,0,2064,0.089,-0.312,0.966,-49.07,-34.77,33.01,F
,1792271,944,0,1875,0.013,-0.324,0.940,50.58,-4.79,36.04,F
,179229,976,0,975,0.17,-0.33,0.939,34.28,-0.64,35.50,F
,1792301,990,0,926,0.10,-0.32,0.927,30.57,-0.21,3439,F
,1792311,960,0,711,0.11,-0.32,0.907,-29.36,-41.72,3379,F
,1792321,976,0,1877,0.19,-0.30,0.899,-29.09,-0.56,33.32,F
,1792361,986,0,761,0.131,-0.360,0.906,-34.95,-34.58,41.76,F
,1792371,1014,0,1904,0.147,-0.375,0.914,-31.19,-36.93,42.71,F
,179240,1001,0,1773,0.163,-0.424,0.901,-23.15,-39.63,44.36,F
,179242,975,0,046,0.14,-0.45,0.870,-21.97,-3.13,4155,F
,1792431,940,0,1921,0.16,-0.455,0.845,23.32,-2.51,3956,F
,1792461,934,0,1995,0.152,-0.435,0.791,-23.68,-38.73,32.78,F
,1792471,944,0,987,0.13,-0.447,0.777,-22.17,-39.95,31.96,F
,1792521,933,0,1853,0.189,-0.470,0.664,-9.67,-35.67,32.23,F
,1792531,907,0,863,0.21,-0.47,0.656,-6.66,-32.67,34.26,F
,1792551,906,0,830,0.21,-0.503,0.687,-1.62,-32.51,38.3,F
,1792581,963,0,2080,0.283,-0.520,0.677,22.96,-29.26,39.30,F
,1792621,949,0,1686,0.350,-0.604,0.759,10.12,-2.79,35.35,F
,1792631,958,0,112,0.25,-0.63,0.837,.63,-10.67,32.07,F
,1792641,957,0,891,0.29,-0.61,0.848,.99,-2016,28.2,F
,1792651,948,0,760,0.27,-0.66,0.875,16.32,-17.17,25.87,F
,1792661,951,0,649,0.23,-0.66,0.873,3.51,-18.77,23.27,F
,1792731,954,0,878,0.35,-0.664,0.917,2.09,-28.99,-0.16,F
,1792761,949,0,978,0.33,-0.62,0.891,4.82,-36.24,-15.69,F
,1792771,944,0,369,0.31,-0.61,0.878,.52,-3517,-15.8,F
,179278,944,0,1930,0.311,-0.615,0.860,-4.75,-32.18,-14.47,F
,1792801,943,0,957,0.330,-0.602,0.840,-7.77,-24.53,-10.90,F
,179281,942,0,1975,0.324,-0.578,0.809,-7.70,-20.65,-8.85,F
,1792821,949,0,965,0.36,-0.56,0.809,8.20,-17.20,-8.18,F
,1792841,944,0,805,0.37,-0.54,0.769,-13.53,-10.56,-8.27,F
,1792851,950,0,982,0.34,-0.57,0.767,20.31,-.45,-6.41,F
,1792861,949,0,1660,0.342,-0.571,0.759,-23.48,-0.03,-2.97,F
,1792871,944,0,791,0.34,-0.58,0.772,25.73,4.37,0.25,F
,1792901,928,0,956,0.35,-0.61,0.751,24.20,8.14,3.21,F
,1792911,924,0,859,0.326,-0.618,0.733,-23.61,7.58,2.94,F
,1792921,923,0,818,0.31,-0.60,0.702,23.04,962,2.20,F
,1792931,933,0,571,0.36,-0.61,0.687,26.69,956,1.56,F
,1792951,923,0,722,0.30,-0.61,0.646,35.07,4.86,-1.52,F
,1792981,931,0,923,0.37,-0.61,0.626,-29.35,5.88,-2.97,F
,1792991,927,0,781,0.37,-0.60,0.618,29.56,10.62,-1.98,F
,1793001,935,0,064,0.37,-0.62,0.617,-28.31,1.32,-0.1,F
,1793021,944,0,804,0.30,-0.62,0.623,22.08,2.75,0.57,F
,1793051,958,0,1361,0.351,-0.600,0.622,-11.55,38.37,-3.14,F
,179306,946,0,931,0.34,-0.59,0.636,-12.11,40.07,-2.83,F
,1793071,945,0,776,0.32,-0.60,0.645,11.22,40.87,-3.19,F
,1793091,947,0,611,0.33,-0.640,0.680,-14.14,39.23,-4.33,F
,1793101,946,0,806,0.31,-0.650,0.672,-11.85,38.65,-3.67,F
,1793151,971,0,680,0.291,-0.613,0.687,-2.77,3639,-6.41,F
,179317,959,0,1808,0.287,-0.620,0.678,-2.05,3394,-9.3,F
,179319,931,0,778,0.25,-0.64,0.690,1.36,33.84,-9.34,F
,1793211,934,0,929,0.25,-0.63,0.678,.31,36.69,-8.76,F
,1793231,913,0,984,0.24,-0.63,0.657,.06,39.0,-9.14,F
,1793241,906,0,922,0.22,-0.62,0.629,2.04,40.42,-10.30,F
,1793251,914,0,1808,0.266,-0.622,0.609,2.42,41.32,-12.45,F
,1793261,922,0,781,0.27,-0.62,0.608,7.39,4019,-15.2,F
,1793281,902,0,919,0.20,-0.69,0.623,13.71,2.96,-2032,F
,1793291,905,0,856,0.29,-0.70,0.630,11.04,22.92,-21.35,F
,179330,881,0,1840,0.245,-0.731,0.611,-5.47,1978,-24.04,F
,1793321,875,0,1853,0.291,-0.742,0.573,0.68,17.5,-30.0,F
,1793341,855,0,883,0.20,-0.73,0.514,.07,30.4,-31.61,F
,1793421,859,0,937,0.15,-0.75,0.546,-32.32,47.42,-27.92,F
,1793431,833,0,1730,0.179,-0.767,0.574,-22.98,47.33,-29.71,F
,179344,831,0,831,0.22,-0.788,0.469,-25.21,42.29,-2906,F
,179353,982,0,691,0.326,-0.81,0.591,-35.70,57.82,-24.51,F
,179354,988,0,558,0.35,-0.79,0.599,36.78,46.89,-22.74,F
,179355,982,0,2095,0.358,-0.795,0.642,-23.00,53.53,-1693,F
,179356,984,0,856,0.33,-0.79,0.725,-11.59,59.93,-14.68,F
,1793571,961,0,759,0.41,-0.78,0.776,-8.37,59.84,-16.96,F
,1793581,964,0,1984,0.467,-0.764,0.847,-10.26,51.29,-23.84,F
,179359,956,0,840,0.46,-0.70,0.941,-17.96,39.20,-30.38,F
,1793621,955,0,707,0.35,-0.60,1.220,31.82,3.61,-25.19,F
,1793631,929,0,643,0.39,-0.63,1.279,30.23,3.60,-1615,F
,179364,928,0,1774,0.37,-0.64,1.344,20.67,3.64,-7.9,F
,179365,921,0,1739,0.340,-0.65,1.397,-6.42,36.26,-1.72,F
,179369,988,0,1857,0.32,-0.601,1.338,27.91,5.30,-1.52,F
,1793701,986,0,878,0.48,-0.58,1.130,29.51,5.32,5.33,F
,1793731,969,0,677,0.36,-0.638,1.070,25.75,-1.00,13.7,F
,179374,961,0,747,0.317,-0.595,1.019,30.29,-5.77,19.4,F
,179382,1001,0,1730,0.298,-0.698,0.780,41.81,-22.01,31.26,F
,1793841,993,0,933,0.27,-0.67,0.760,45.20,-17.37,37.30,F
,1793851,987,0,1947,0.228,-0.629,0.764,39.74,-18.27,36.78,F
,179392,955,0,907,0.178,-0.792,0.525,33.04,-49.08,18.6,F
,179396,839,0,818,0.17,-0.82,0.312,43.84,-31.69,5.04,F
,179398,480,0,809,0.13,-0.81,0.244,42.81,-20.30,2.19,F
,1793991,288,0,1837,0.174,-0.824,0.223,38.53,-13.45,3.55,F
,179401,423,0,663,0.197,-0.844,0.201,19.63,5.84,6.42,
,1794031,486,0,979,0.12,-0.87,0.201,10.71,24.49,7.73,F
,1794061,491,0,1890,0.158,-0.873,0.306,7.07,25.99,-8.47,F
,179408,342,0,1789,0.23,-0.850,0.337,0.79,40.66,-16.9,F
,179409,315,0,659,0.13,-0.85,0.329,-6.49,50.65,-20.42,F
,1794111,286,0,1840,0.161,-0.850,0.379,-18.67,55.78,-25.54,F
,1794121,415,0,1881,0.159,-0.855,0.392,-25.13,55.09,-28.10,F
,1794131,557,0,1802,0.137,-0.844,0.420,-28.13,54.94,-30.59,F
,179414,599,0,915,0.15,-0.83,0.419,-31.30,51.21,-35.28,F
,1794151,670,0,775,0.16,-0.82,0.388,-34.64,45.64,-4291,F
,179418,816,0,850,0.19,-0.79,0.392,45.30,4.94,-5981,F
,1794191,813,0,1597,0.16,-0.79,0.381,-50.63,45.36,-62.71,F
,179422,907,0,084,0.05,-0.72,0.352,-63.59,34.37,-73.46,F
,1794261,938,0,1895,0.126,-0.637,0.363,18.40,2.34,-81.11,F
,1794281,971,0,712,0.07,-0.40,0.450,0.87,6210,-54.8,F
,1794371,1049,0,1744,0.310,-0.209,1.365,63.22,96.78,15.46,F
,1794461,977,0,1787,0.509,-0.681,1.307,86.13,52.92,48.33,F
,1794561,1040,0,1853,0.309,-0.851,1.133,57.26,-1.20,41.70,F
,1794661,1037,0,1867,0.121,-0.629,0.983,37.45,-31.92,30.95,F
,1794701,985,0,064,0.104,-0.578,0.747,3.17,-3.15,18.4,F
,1794711,978,0,974,0.05,-0.568,0.689,5.94,-39.38,16.25,F
,179473,294,0,951,0.04,-0.53,0.558,45.77,-43.90,9.5,F
,1794771,63,0,1904,0.077,-0.513,0.367,2.29,-3873,-0.85,F
,1794831,0,0,1818,0.108,-0.548,0.306,-11.00,20.81,2.00,F
,1794841,13,0,1975,0.105,-0.540,0.444,-2.63,22.37,-5.03,F
,1794851,16,0,173,0.07,-0.556,0.472,-.19,24.3,-6.68,F
,1794911,0,0,179,0.092,-0.592,.649,-1.64,52.4,-0.07,
,1794931,341,0,1816,0.082,-0.578,0.700,-4.72,4990,-11.1,F
,1794941,528,0,243,0.117,-0.608,0.712,7.41,48.37,-17.37,F
,179495,605,0,949,0.16,-0.62,0.719,-8.98,4997,-20.3,F
,1794961,662,0,856,0.10,-0.609,0.740,10.86,5.78,-22.56,F
,179497,666,0,621,0.03,-0.601,0.721,11.91,5.63,-22.18,F
,179498,801,0,827,0.110,-0.608,0.743,14.69,60.43,-21.86,F
,1794991,837,0,062,0.122,-0.615,0.719,22.71,62.62,-24.04,F
,179500,892,0,797,0.06,-0.60,0.730,35.97,5.64,-28.51,F
,179506,958,0,994,0.28,-0.68,0.660,-13.04,4.56,-4280,F
,179507,947,0,431,0.23,-0.64,0.629,-13.85,4.12,-4320,F
,1795081,979,0,040,0.20,-0.63,0.647,-17.65,4.20,-4424,F
,1795091,976,0,906,0.233,-0.602,0.682,24.80,4.22,-46.59,F
,179510,966,0,749,0.250,-0.596,0.773,37.22,4.28,-49.48,F
,179511,998,0,827,0.25,-0.61,0.864,-48.38,37.73,-49.49,F
,1795201,981,0,1471,0.228,-0.393,1.637,7.04,36.51,-18.04,F
,179522,977,0,712,0.26,-0.40,1.581,6.81,14.7,-11.98,F
,179523,979,0,895,0.34,-0.40,1.575,7.95,7.79,-9.06,F
,1795331,967,0,1927,0.20,-0.493,1.014,8.62,-2.58,20.9,F
,1795371,970,0,806,0.254,-0.530,0.999,0.79,-1.81,30.17,F
,179538,995,0,498,0.25,-0.53,0.995,24.27,-16.15,31.9,F
,1795431,1040,0,1754,0.149,-0.500,0.994,16.73,-23.60,30.42,F
,1795541,924,0,029,0.00,-0.63,0.490,69.39,-22.80,21.1,F
,1795551,839,0,967,0.03,-0.62,0.443,7.34,-1.26,21.0,F
,1795561,661,0,1808,0.074,-0.61,0.385,8.49,-1.58,18.1,F
,1795581,286,0,964,0.08,-0.64,0.312,2.32,-1.84,13.9,F
,179564,0,0,1822,0.168,-0.809,0.299,-1.59,-7.3,-16.97,F
,179572,272,0,763,0.08,-0.76,0.584,24.61,7.71,-2996,F
,1795731,311,0,868,0.01,-0.78,0.641,-25.97,66.36,-36.38,F
,1795741,321,0,822,0.087,-0.778,0.646,-29.76,57.55,-4488,F
,1795751,320,0,744,0.075,-0.764,0.636,-35.50,50.74,-5265,F
,1795771,665,0,1845,0.092,-0.756,0.636,-36.06,42.89,-6880,F
,1795801,816,0,975,0.09,-0.67,0.564,-57.32,3.00,-8555,F
,1795811,889,0,958,0.12,-0.68,0.572,61.29,3.29,-9225,F
,1795821,874,0,611,0.16,-0.66,0.547,-59.56,33.53,-97.29,F
,179584,922,0,1598,0.040,-0.578,0.526,-34.64,30.74,-106.03,F
,179585,913,0,2000,0.101,-0.577,0.553,-23.15,19.23,-11.16,F
,179586,933,0,1647,0.114,-0.529,0.469,-6.14,18.51,-118.48,F
,1795881,817,0,1978,-0.50,-0.226,0.367,16.30,46.13,-10.03,F
,1795931,997,0,609,-0.08,0.24,0.804,7.74,116.94,-54.1,F
,1795971,1072,0,1694,0.030,0.179,1.423,30.82,140.03,38.4,F
,1796031,1072,0,1632,0.408,-0.403,1.841,67.28,88.37,53.00,F
,1796071,1040,0,1940,0.573,-0.720,1.619,66.62,49.15,54.78,F
,1796121,1019,0,1774,0.399,-0.751,1.384,75.13,32.87,49.29,F
,1796161,1008,0,1723,0.253,-0.676,1.292,55.25,-6.01,39.71,F
,179619,1005,0,1951,0.212,-0.629,1.208,43.75,-20.88,33.59,F
,1796231,1013,0,1882,0.045,-0.477,1.191,40.03,-9.48,45.23,F
,1796271,1008,0,1775,-0.104,-0.443,1.158,14.59,-36.13,34.26,F
,1796311,997,0,000,-0.11,-0.44,0.982,47.45,-49.48,3054,F
,1796321,992,0,1909,-0.81,-0.448,0.789,55.28,-51.66,28.62,F
,1796351,639,0,761,-0.45,-0.48,0.524,60.97,-60.36,17.79,F
,179638,499,0,1968,0.068,-0.442,0.310,46.09,-3.48,8.6,F
,1796391,304,0,100,0.00,-0.43,0.279,39.37,-19.81,9.73,F
,179642,64,0,2221,0.092,-0.445,0.236,20.64,17.38,3.62,F
,1796431,64,0,149,0.049,-0.437,0.275,9.77,22.6,0.97,F
,179645,62,0,151,0.014,-0.465,0.468,5.02,13.94,-7.48,F
,179650,90,0,186,-0.015,-0.39,0.650,-13.45,50.46,-5.6,F
,1796521,96,0,200,-0.03,-0.40,0.737,26.66,5.46,-9.0,F
,1796531,99,0,187,-0.01,-0.45,0.801,-24.75,54.40,-14.00,F
,1796541,96,0,172,-0.033,-0.458,0.825,-21.30,5.30,-1795,F
,1796591,778,0,1932,-0.031,-0.425,0.749,-5.58,44.98,-34.13,F
,179660,842,0,1840,-0.001,-0.442,0.764,-6.25,5.20,-3253,F
,1796621,853,0,759,0.08,-0.39,0.748,27.39,51.10,-3406,F
,1796631,897,0,787,0.02,-0.414,0.729,-37.35,40.57,-37.78,F
,1796641,865,0,090,0.02,-0.42,0.762,-44.49,31.88,-43.90,F
,1796651,884,0,802,0.16,-0.53,0.760,51.24,18.77,-5581,F
,1796671,880,0,955,0.13,-0.58,0.735,-38.78,4.94,-67.7,F
,1796691,826,0,1776,0.152,-0.493,0.762,-38.08,23.45,-57.03,F
,179671,835,0,1699,0.174,-0.492,1.005,-54.74,52.91,-50.16,F
,179672,889,0,906,0.192,-0.490,1.134,-61.48,66.71,-49.74,F
,1796731,946,0,059,0.04,-0.46,1.355,63.91,64.45,-4480,F
,179677,1008,0,2002,-0.003,-0.483,1.936,-38.46,53.97,-13.75,F
,1796781,953,0,694,0.07,-0.49,2.000,-14.84,49.68,-10.99,F
,1796801,926,0,735,0.09,-0.40,1.961,17.80,34.19,-6.76,F
,1796811,928,0,1955,0.062,-0.388,1.893,20.78,19.93,-6.6,F
,179682,997,0,874,0.101,-0.376,1.806,23.98,5.44,-6.68,F
,179690,987,0,1840,0.156,-0.35,1.141,8.47,-2.82,13.3,F
,1796921,960,0,888,0.15,-0.35,1.105,21.51,-34.68,13.55,F
,179695,948,0,1947,0.144,-0.393,1.109,29.91,-24.51,23.81,F
,179696,944,0,913,0.07,-0.446,1.157,56.79,-13.72,29.0,F
,179706,1031,0,1742,-0.040,-0.417,1.079,31.04,-26.07,39.09,F
,179707,1023,0,1773,-0.041,-0.429,1.037,32.93,-27.26,39.13,F
,1797101,987,0,1899,-0.095,-0.461,0.810,40.35,-31.32,44.72,F
,1797141,685,0,981,-0.21,-0.564,0.447,57.37,-37.46,2802,F
,1797151,621,0,954,0.08,-0.581,0.396,59.77,-35.89,24.62,F
,179717,618,0,2059,0.073,-0.631,0.287,2.36,-35.61,11.0,F
,1797181,567,0,1788,0.03,-0.64,0.274,30.00,-26.68,4.49,F
,1797201,387,0,1755,0.069,-0.692,0.245,12.26,-9.71,-5.2,F
,1797211,149,0,029,0.08,-0.705,0.223,3.72,5.84,-6.32,
,1797221,0,0,1841,0.053,-0.717,0.219,-8.46,16.5,-10.47,F
,1797241,0,0,1791,0.027,-0.797,0.343,-30.25,23.55,-21.55,F
,1797251,0,0,1957,0.030,-0.763,0.437,-26.25,21.30,-25.9,F
,179728,272,0,717,0.03,-0.751,0.480,-6.32,52.10,-31.93,F
,179729,270,0,1841,0.00,-0.752,0.518,-10.93,56.45,-38.82,F
,1797331,368,0,1946,0.008,-0.695,0.593,-33.55,5.46,-67.40,F
,1797371,681,0,090,-0.47,-0.67,0.636,-38.02,43.78,-17.86,F
,179738,713,0,728,-0.51,-0.572,0.585,-30.05,4.19,-111.05,F
,179740,781,0,1587,-0.61,-0.490,0.521,-18.92,1.33,-116.94,F
,1797411,921,0,2080,-0.74,-0.426,0.490,-10.67,52.02,-13.31,F
,179745,837,0,093,-0.62,0.013,0.528,42.04,41.68,-14407,F
,179746,809,0,953,-0.191,0.015,0.563,49.84,5113,-132.71,F
,179747,794,0,811,-0.46,0.153,0.653,39.07,66.98,-11842,F
,179748,798,0,699,-0.42,0.267,0.770,22.24,85.55,-99.2,F
,179750,785,0,144,-0.29,0.416,1.073,-7.19,116.37,-55.06,F
,1797541,813,0,855,-0.36,0.255,1.628,-13.01,131.44,39.58,F
,1797551,842,0,904,-0.00,0.174,1.740,-7.18,131.26,57.1,F
,179756,839,0,694,-0.11,0.052,1.866,2.61,12907,69.96,F
,1797591,880,0,773,0.24,-0.242,1.885,45.81,11.81,75.18,F
,179760,896,0,1984,0.328,-0.329,1.861,60.59,10.98,67.53,F
,179762,883,0,850,0.33,-0.413,1.685,61.39,76.34,59.2,F
,1797641,883,0,748,0.44,-0.574,1.679,9.28,45.78,47.8,F
,1797651,880,0,955,0.43,-0.627,1.644,58.45,41.52,48.9,F
,1797661,886,0,1854,0.446,-0.662,1.615,6.01,3981,50.02,F
,179769,861,0,631,0.33,-0.601,1.511,78.62,32.29,46.6,F
,1797701,871,0,067,0.33,-0.618,1.454,68.06,20.51,42.4,F
,179773,868,0,2113,0.223,-0.536,1.377,0.56,-119,28.87,F
,179774,868,0,103,0.182,-0.52,1.361,48.59,-7.29,31.5,F
,1797761,802,0,1776,0.034,-0.44,1.339,52.35,-5.28,35.4,F
,1797771,816,0,495,0.05,-0.394,1.306,47.81,-7.28,34.78,F
,179781,797,0,1818,-0.176,-0.281,1.189,37.92,-1.51,36.05,F
,1797831,777,0,874,-0.97,-0.325,1.170,41.37,-2.59,39.52,F
,179789,560,0,839,-0.27,-0.375,0.698,80.82,-72.56,3429,F
,1797911,609,0,879,-0.03,-0.357,0.463,67.13,-69.32,2283,F
,179792,621,0,938,-0.73,-0.384,0.411,64.49,-64.32,1904,F
,1797961,542,0,1723,0.005,-0.36,0.247,44.71,5.00,15.47,a5
,179797,401,0,2014,0.002,-0.37,0.220,7.51,2036,12.39,F
,179798,219,0,791,-0.013,-0.39,0.251,12.15,29.33,8.4,F
,179800,209,0,012,-0.056,-0.434,0.430,-4.28,29.65,-0.8,F
,179801,213,0,491,-0.61,-0.455,0.440,3.40,3658,0.43,F
,1798091,231,0,1802,-0.64,-0.340,0.858,-35.36,66.71,-3.71,F
,179825,683,0,748,0.005,-0.338,0.895,18.11,1.52,-53.09,F
,179826,671,0,959,0.09,-0.298,0.924,15.68,2.84,-5276,F
,179827,714,0,749,0.03,-0.196,0.941,-21.88,3.26,-5196,F
,179829,642,0,016,0.03,-0.126,1.192,-44.03,53.00,-4305,F
,179832,671,0,389,-0.140,-0.252,1.671,-56.16,49.09,-20.50,F
,179836,773,0,595,-0.201,-0.14,2.000,-8.75,17.61,-3.7,F
,179841,710,0,1918,0.031,-0.142,1.431,23.37,-1.58,18.14,F
,179842,705,0,854,0.025,-0.16,1.333,27.37,-5.92,26.3,F
,179843,765,0,911,0.027,-0.121,1.273,25.10,-265,35.03,F
,1798481,751,0,1772,-0.062,-0.258,1.182,23.31,-24.00,3953,F
,1798501,744,0,910,0.09,-0.224,1.145,25.94,-2.69,41.75,F
,179852,710,0,1991,-0.049,-0.228,1.154,36.32,-24.41,4002,F
,179854,720,0,1831,-0.061,-0.26,1.155,23.10,-13.19,4817,F
,179856,709,0,474,-0.78,-0.29,1.134,12.26,-11.25,5330,F
,179859,764,0,1808,-0.209,-0.302,1.164,21.51,-35.52,4324,F
,1798601,767,0,1765,-0.204,-0.336,1.116,36.96,-2.79,41.59,F
,1798621,786,0,1798,-0.209,-0.320,1.012,57.08,-54.24,3417,F
,179872,57,0,190,-0.07,-0.413,0.358,9.08,-27.90,16.49,F
,1798741,3,0,2111,-0.036,-0.431,0.366,24.53,-16.47,11.7,F
,179878,507,0,968,-0.59,-0.46,0.448,2.49,10.00,6.10,F
,179884,567,0,921,-0.077,-0.419,0.708,-8.78,53.13,-3.5,F
,179885,560,0,904,-0.48,-0.43,0.751,-12.29,46.83,-14.36,F
,1798861,560,0,1779,-0.046,-0.448,0.804,-16.58,0.33,-2.01,F
,179887,562,0,771,-0.065,-0.435,0.788,-18.09,6.89,-2.67,F
,179889,576,0,994,-0.043,-0.40,0.845,-6.09,44.95,-31.60,F
,179891,592,0,969,-0.47,-0.34,0.860,-6.75,57.09,-3387,F
,1798941,626,0,1841,-0.104,-0.374,0.892,-26.83,59.62,-3.47,F
,179896,622,0,730,-0.081,-0.44,0.907,-25.79,41.47,-43.89,F
,179898,629,0,914,0.00,-0.427,0.866,10.83,25.71,-51.75,F
,1798991,624,0,1859,0.031,-0.37,0.856,4.92,27.15,-54.71,F
,179901,646,0,893,0.08,-0.28,0.870,25.25,3.10,-5493,F
,1799071,702,0,1937,-0.068,-0.247,1.392,-36.05,48.87,-2.90,F
,179908,719,0,828,-0.51,-0.16,1.514,-33.80,56.20,-20.00,F
,179909,735,0,579,-0.099,-0.200,1.627,-30.00,53.97,-1.09,F
,179918,768,0,887,0.06,-0.21,1.332,22.45,9.59,7.58,F
,179923,784,0,1785,0.019,-0.274,1.226,29.98,-10.93,20.2,F
,1799251,736,0,1790,0.02,-0.280,1.222,7.62,-12.36,26.78,F
,179927,778,0,1926,0.006,-0.269,1.182,37.71,-1.87,37.7,F
,179930,778,0,106,-0.026,-0.226,1.289,24.88,-.23,39.9,F
,179935,794,0,770,-0.95,-0.25,1.279,30.58,-16.73,4283,F
,179936,801,0,955,-0.134,-0.277,1.245,29.68,-6.91,4188,F
,179940,816,0,706,-0.223,-0.286,1.077,29.23,-4.82,5359,F
,179942,808,0,851,-0.212,-0.327,0.941,38.75,-33.34,4962,F
,179943,778,0,1856,-0.219,-0.388,0.886,52.36,-9.31,45.36,F
,179945,773,0,917,-0.10,-0.424,0.695,78.49,-43.32,36.20,F
,179949,637,0,2018,-0.010,-0.385,0.348,82.52,-31.97,18.80,F
,1799501,613,0,1891,0.004,-0.397,0.278,2.12,-2.48,15.9,F
,179952,619,0,802,0.09,-0.43,0.225,45.00,-8.55,9.01,F
,179955,593,0,1862,-0.020,-0.447,0.268,6.04,26.68,9.10,a5
,1799641,607,0,1766,-0.133,-0.399,0.809,-16.52,41.20,-31.40,F
,179966,611,0,802,-0.139,-0.401,0.868,-23.24,6.60,-3.51,F
,179968,624,0,947,-0.077,-0.421,0.910,-9.33,4.03,-4093,F
,179970,642,0,834,-0.129,-0.387,0.914,0.29,4463,-39.6,F
,179977,697,0,535,-0.075,-0.365,0.944,-35.21,34.07,-5.24,F
,179981,682,0,041,0.058,-0.386,0.888,21.00,14.46,-5625,F
,179983,705,0,2059,0.066,-0.286,0.941,-20.09,27.67,-56.73,F
,179984,733,0,891,0.00,-0.264,1.031,-29.01,34.60,-54.90,F
,179986,736,0,855,0.09,-0.21,1.193,-52.46,36.87,-42.25,F
,179993,641,0,726,-0.096,-0.138,1.728,-5.64,26.74,-6.04,F
,179996,641,0,983,-0.029,-0.159,1.566,20.38,1.97,9.5,F
,180000,663,0,1985,0.052,-0.201,1.265,1.22,-4.67,18.1,F
,180001,667,0,2112,0.06,-0.17,1.231,31.26,-6.87,18.4,F
,1800031,650,0,1737,-0.007,-0.233,1.186,27.20,-8.51,23.53,F
,1800061,672,0,1873,-0.023,-0.241,1.202,31.34,-10.68,33.46,F
,180012,682,0,027,-0.97,-0.311,1.121,41.68,-29.98,44.46,F
,180013,671,0,701,-0.04,-0.289,1.247,45.94,-17.45,42.98,F
,180016,681,0,792,-0.87,-0.23,1.184,41.74,-10.12,4936,F
,1800171,677,0,1871,-0.186,-0.260,1.123,41.42,-17.74,47.88,F
,1800181,672,0,1775,-0.198,-0.249,1.076,43.68,-21.09,42.40,F
,180025,536,0,1968,-0.117,-0.39,0.519,68.21,-35.52,35.49,F
,180031,463,0,805,0.017,-0.481,0.318,6.35,16.05,26.7,F
,180037,462,0,891,-0.56,-0.500,0.631,6.53,34.05,-4.12,F
,180038,493,0,846,-0.042,-0.471,0.649,5.66,41.74,-8.79,F
,180041,483,0,1872,-0.138,-0.399,0.781,-14.38,7.20,-23.46,F
,1800441,571,0,1939,-0.126,-0.435,0.900,-13.36,6.84,-4.24,F
,180046,586,0,897,-0.123,-0.393,0.915,-2.54,25.27,-45.48,F
,180053,592,0,763,-0.04,-0.309,0.974,-38.20,36.36,-5.06,F
,180054,592,0,872,-0.95,-0.345,0.972,-43.67,29.62,-5.90,F
,180059,752,0,978,0.02,-0.309,0.831,-23.39,24.72,-5971,F
,180061,749,0,806,0.08,-0.267,0.953,-29.59,37.27,-5212,F
,180062,747,0,923,0.08,-0.298,1.007,-29.67,35.32,-48.53,F
,1800631,767,0,2064,0.024,-0.25,1.173,33.50,36.74,-4488,F
,180064,751,0,878,0.03,-0.239,1.326,-39.44,40.42,-3874,F
,180066,637,0,1488,-0.079,-0.17,1.604,-36.54,40.69,-21.60,F
,180068,656,0,1854,-0.099,-0.17,1.774,-21.74,33.87,-1.22,F
,180069,656,0,785,-0.105,-0.132,1.792,-9.39,25.74,-12.64,F
,180074,659,0,1933,0.045,-0.144,1.420,1.19,0.36,7.24,
,1800751,661,0,1817,0.053,-0.144,1.338,26.52,-219,11.85,F
,180077,656,0,915,0.054,-0.148,1.253,29.17,-592,19.90,F
,180078,658,0,872,0.05,-0.170,1.216,28.61,-1.01,22.40,F
,180079,657,0,680,0.00,-0.178,1.211,26.30,-13.83,24.49,F
,180081,658,0,898,0.01,-0.211,1.206,35.26,-13.89,32.2,F
,180082,658,0,1757,-0.000,-0.18,1.205,38.94,-11.84,3469,F
,180083,657,0,680,0.00,-0.250,1.185,41.89,-16.21,37.38,F
,180084,656,0,888,0.09,-0.211,1.211,43.78,-15.32,38.22,F
,180088,647,0,013,-0.61,-0.146,1.315,56.59,-12.27,41.71,F
,1800891,657,0,1828,-0.049,-0.204,1.230,48.32,-5.95,45.07,F
,180094,653,0,835,-0.36,-0.304,1.095,46.01,-3.34,48.68,F
,1800951,660,0,642,-0.04,-0.300,1.043,50.67,-3.64,46.34,F
,180096,650,0,1943,-0.109,-0.34,0.969,56.67,-24.80,4547,F
,180101,613,0,883,-0.85,-0.345,0.585,56.82,-26.22,3310,F
,180102,571,0,893,-0.77,-0.358,0.531,51.40,-23.42,3207,F
,180108,83,0,206,-0.03,-0.506,0.424,20.56,21.61,21.8,F
,1801111,272,0,1724,-0.072,-0.45,0.556,17.69,33.42,3.4,F
,180112,432,0,750,-0.03,-0.454,0.711,12.79,3.92,-5.02,F
,180114,469,0,1897,-0.118,-0.45,0.686,28.45,36.81,-4.0,F
,180119,522,0,787,-0.03,-0.403,0.856,-6.67,3.82,-22.44,F
,180121,567,0,1842,-0.101,-0.34,0.894,-0.37,40.72,-3013,F
,1801261,566,0,2006,-0.111,-0.34,0.912,-18.87,43.12,-4.80,F
,180129,586,0,026,-0.44,-0.347,0.888,-17.41,6.03,-46.91,F
,1801311,576,0,1874,-0.009,-0.349,0.839,-25.65,22.23,-5.49,F
,1801351,591,0,2224,0.128,-0.35,0.661,26.11,1.45,-62.07,F
,180136,682,0,862,0.18,-0.30,0.667,28.96,20.63,-60.83,F
,1801371,703,0,2366,0.102,-0.27,0.726,-37.85,24.77,-5967,F
,180138,737,0,096,0.14,-0.247,0.817,-46.52,28.34,-6203,F
,180140,736,0,723,0.09,-0.219,1.148,-49.91,3.39,-56.88,F
,180141,752,0,712,-0.20,-0.256,1.334,-47.04,35.29,-4.17,F
,180145,656,0,980,-0.75,-0.137,1.850,-26.64,49.20,-731,F
,180147,656,0,1600,-0.101,-0.102,1.928,-7.38,31.62,-1.3,F
,1801521,683,0,2032,0.050,-0.16,1.481,28.21,0.39,18.25,a5
,180153,685,0,898,0.03,-0.195,1.391,5.31,0.9,23.46,F
,1801621,677,0,1870,0.032,-0.264,1.199,43.43,-2.66,44.0,F
,180165,683,0,958,0.04,-0.131,1.199,7.65,-2.00,51.4,F
,180167,681,0,791,-0.99,-0.226,1.222,41.00,-8.24,5739,F
,180171,690,0,706,-0.78,-0.328,1.159,32.00,-31.16,57.46,F
,180173,699,0,835,-0.69,-0.293,1.042,44.20,-3.98,55.06,F
,180184,291,0,959,0.05,-0.457,0.278,1.37,-937,17.4,F
,180187,211,0,919,-0.18,-0.40,0.310,16.24,20.10,8.10,F
,180188,234,0,648,-0.042,-0.42,0.345,12.09,28.00,4.11,F
,180190,242,0,984,-0.83,-0.465,0.483,10.36,4.84,-3.3,F
,180191,242,0,248,-0.13,-0.48,0.535,4.85,49.24,-4.54,F
,180192,315,0,133,-0.107,-0.44,0.630,-3.58,50.68,-7.1,F
,1802031,591,0,1835,-0.023,-0.38,0.952,-13.35,46.26,-48.50,F
,180205,597,0,962,0.045,-0.364,0.894,-21.29,45.45,-4943,F
,180206,604,0,823,0.05,-0.35,0.905,16.83,46.75,-52.88,F
,180208,624,0,840,0.02,-0.34,0.879,23.07,3.20,-57.90,F
,1802091,622,0,1873,0.14,-0.36,0.850,23.59,2.65,-6198,F
,180210,619,0,794,0.15,-0.338,0.807,22.35,2.81,-6586,F
,180211,624,0,699,0.19,-0.309,0.740,25.13,2.89,-6697,F
,180213,726,0,803,0.14,-0.22,0.764,-27.03,22.05,-70.73,F
,180214,755,0,819,0.15,-0.196,0.853,-33.41,2.52,-6955,F
,180217,759,0,1789,0.096,-0.08,1.269,-52.52,37.29,-53.54,F
,180218,711,0,1634,0.000,-0.16,1.454,-54.93,39.64,-41.74,F
,1802191,646,0,794,-0.012,-0.18,1.580,-43.96,42.26,-29.57,F
,180222,635,0,901,-0.79,-0.067,1.871,-24.67,8.63,-022,F
,180231,650,0,823,0.08,-0.15,1.255,33.00,-1.69,23.64,F
,180232,634,0,1986,0.095,-0.184,1.205,31.83,-3.83,29.3,F
,180235,633,0,1865,0.034,-0.25,1.222,23.63,-16.77,36.69,F
,180237,649,0,1650,0.052,-0.226,1.232,40.04,-20.58,40.9,F
,180238,664,0,971,0.03,-0.24,1.210,44.36,-19.38,42.65,F
,1802421,667,0,1879,-0.162,-0.433,1.101,28.33,-51.61,51.18,F
,180245,667,0,1849,-0.073,-0.250,1.148,34.18,-2.12,5136,F
,1802461,638,0,1770,-0.075,-0.252,1.103,34.21,-20.82,49.96,F
,180249,283,0,1900,-0.171,-0.290,0.876,45.05,-26.59,4497,F
,1802561,565,0,1791,-0.011,-0.509,0.443,43.20,-0.53,1932,F
,180259,464,0,841,-0.20,-0.59,0.365,33.48,30.26,21.71,F
,1802621,462,0,1762,-0.064,-0.540,0.493,13.23,32.97,6.46,F
,1802681,593,0,1886,-0.137,-0.457,0.800,-6.08,3.85,-1745,F
,1802701,605,0,838,-0.29,-0.41,0.831,-0.63,41.35,-18.09,F
,180274,612,0,667,-0.75,-0.340,0.844,0.23,44.98,-34.99,F
,180275,602,0,014,-0.073,-0.328,0.867,-5.90,4.74,-3685,F
,180281,593,0,1988,-0.036,-0.353,0.948,-25.55,4.57,-4.32,F
,180282,624,0,098,-0.15,-0.37,0.920,-23.13,25.55,-50.03,F
,180283,637,0,886,0.00,-0.382,0.870,-16.78,16.81,-5325,F
,1802841,646,0,1942,0.071,-0.395,0.817,10.29,1.71,-5908,F
,180286,670,0,065,0.089,-0.290,0.751,-15.94,16.97,-62.25,F
,180287,702,0,914,0.06,-0.271,0.854,-28.52,26.65,-54.90,F
,180288,747,0,773,0.082,-0.284,0.866,-43.12,33.91,-50.99,F
,180291,750,0,219,0.061,-0.349,1.121,-30.13,3.93,-3665,F
,180307,639,0,946,0.09,-0.133,1.276,40.07,-15.77,21.18,F
,180308,651,0,109,0.06,-0.175,1.219,35.49,-1.07,31.2,F
,180310,669,0,1757,0.076,-0.097,1.236,2.59,-1.10,36.6,F
,180311,691,0,1746,0.008,-0.219,1.220,8.65,-7.08,46.6,F
,1803231,733,0,1998,-0.212,-0.338,1.091,22.84,-4.85,63.15,F
,1803241,734,0,1667,-0.229,-0.369,1.055,27.94,-10.68,62.43,F
,180332,613,0,937,-0.15,-0.457,0.332,83.02,-33.87,30.19,F
,1803351,554,0,1910,0.095,-0.499,0.277,52.20,-4.55,14.80,F
,1803361,552,0,1813,0.097,-0.494,0.269,35.16,1.21,6.98,
,1803371,559,0,1860,0.096,-0.515,0.244,5.68,1556,1.06,a5
,180338,578,0,994,0.018,-0.498,0.262,7.14,29.61,-1.26,F
,180339,578,0,2112,-0.028,-0.554,0.349,-0.86,3.98,-6.3,F
,180340,599,0,753,-0.81,-0.518,0.494,-6.92,35.59,-6.8,F
,180341,549,0,821,-0.93,-0.516,0.566,0.56,39.35,-6.7,F
,180342,592,0,772,-0.82,-0.484,0.611,7.39,4260,-10.62,F
,180353,595,0,1827,-0.045,-0.407,0.917,-10.34,3.09,-56.00,F
,180355,682,0,801,-0.55,-0.350,0.888,-13.68,29.13,-6.40,F
,180356,688,0,803,-0.042,-0.362,0.890,-16.02,31.49,-5.42,F
,180357,688,0,1893,-0.029,-0.333,0.881,-20.90,34.92,-56.88,F
,180360,593,0,801,0.01,-0.333,0.876,-26.37,42.84,-57.49,F
,180363,629,0,2029,0.036,-0.344,0.932,-39.50,31.74,-60.33,F
,180367,623,0,936,0.01,-0.232,1.275,-41.35,41.32,-5016,F
,180379,701,0,016,0.01,-0.149,1.322,15.54,5.10,4.10,F
,1803801,701,0,1853,0.047,-0.165,1.281,6.45,4.05,5.82,
,180382,701,0,804,0.05,-0.189,1.206,25.98,8.51,14.71,F
,1803861,720,0,2096,0.08,-0.228,1.174,28.35,5.5,28.71,a5
,1803921,701,0,981,-0.29,-0.222,1.181,37.78,-.31,35.6,F
,180394,704,0,851,-0.069,-0.20,1.172,36.00,-11.90,3637,F
,180396,704,0,964,-0.11,-0.216,1.206,34.96,-6.16,43.2,F
,180397,703,0,894,-0.62,-0.215,1.189,27.60,-.86,46.33,F
,180399,723,0,682,-0.28,-0.258,1.218,26.47,-4.01,51.00,F
,180401,706,0,1746,-0.214,-0.37,1.036,13.22,-34.90,4458,F
,180403,706,0,1863,-0.233,-0.32,1.020,48.97,-35.64,5081,F
,180408,764,0,873,-0.112,-0.32,0.560,75.45,-45.95,4022,F
,180410,752,0,851,-0.009,-0.44,0.431,66.70,-39.63,3463,F
,180411,734,0,904,0.02,-0.453,0.411,58.38,-3.03,31.18,F
,180414,684,0,2096,-0.003,-0.459,0.387,32.18,562,17.27,F
,180420,576,0,988,-0.044,-0.470,0.585,12.26,4.71,-3.38,F
,180423,584,0,1792,-0.141,-0.384,0.779,-21.53,0.34,-14.53,F
,180428,729,0,635,-0.104,-0.46,1.000,-7.39,21.62,-3925,F
,180431,704,0,710,-0.081,-0.39,0.958,11.39,36.29,-44.74,F
,1804321,767,0,906,-0.57,-0.313,0.942,5.92,4147,-45.16,F
,180433,719,0,578,-0.078,-0.28,0.922,-6.95,44.92,-4577,F
,1804371,718,0,2015,-0.29,-0.313,0.951,-39.74,8.78,-56.48,F
,1804381,721,0,1919,-0.031,-0.344,0.942,-35.42,21.79,-6.22,F
,1804391,731,0,1685,-0.018,-0.32,0.924,-28.34,15.65,-6.33,F
,180447,713,0,1630,-0.020,-0.091,1.367,-40.06,60.98,-1.47,F
,180448,720,0,027,-0.54,-0.096,1.452,-42.84,3.20,-11.61,F
,180451,679,0,641,-0.140,-0.04,1.589,-26.09,38.43,5.1,F
,180452,682,0,690,-0.22,-0.074,1.613,-14.32,2.46,12.26,F
,180454,693,0,839,-0.058,-0.03,1.532,7.62,22.48,18.2,F
,1804551,624,0,872,-0.24,-0.104,1.439,11.45,1.86,20.63,F
,180456,625,0,1992,0.001,-0.101,1.388,15.08,12.43,21.46,F
,180459,656,0,833,0.00,-0.115,1.237,15.07,1178,28.91,F
,180465,643,0,982,-0.070,-0.29,1.256,12.75,-6.85,54.5,F
,180468,672,0,033,-0.138,-0.21,1.250,27.23,-17.40,5272,F
,180469,675,0,1863,-0.154,-0.279,1.233,30.50,-17.49,5307,F
,1804721,689,0,1741,-0.39,-0.342,1.164,0.47,-4.84,48.87,F
,180473,666,0,918,-0.321,-0.31,1.145,10.58,-46.36,4927,F
,180475,673,0,780,-0.187,-0.39,1.077,46.79,-47.98,6303,F
,1804781,553,0,1850,-0.214,-0.378,0.847,57.14,-59.16,5175,F
,180479,490,0,1857,-0.193,-0.37,0.762,60.84,-60.74,5097,F
,180480,471,0,899,-0.217,-0.36,0.678,57.74,-57.48,5257,F
,1804811,428,0,1892,-0.153,-0.372,0.590,50.52,-54.65,5075,F
,180487,464,0,039,-0.16,-0.51,0.318,10.00,-12.12,2674,F
,180490,481,0,133,-0.007,-0.573,0.327,-0.02,18.14,29.4,F
,180492,443,0,1744,-0.126,-0.570,0.566,-15.36,20.83,1382,F
,180495,445,0,802,-0.40,-0.56,0.578,-27.59,41.52,3.3,F
,180496,474,0,1847,-0.169,-0.572,0.586,-45.35,45.65,0.4,F
,180497,468,0,1462,-0.215,-0.615,0.606,-58.64,7.26,0.0,F
,180499,469,0,2066,-0.206,-0.698,0.699,-53.07,3.87,-558,F
,180501,645,0,769,-0.101,-0.688,0.736,-33.82,12.12,-21.06,F
,180502,585,0,847,-0.27,-0.66,0.718,-30.46,-9.08,-2.91,F
,180503,576,0,664,-0.030,-0.700,0.749,-23.62,1.58,-2044,F
,1805081,549,0,1906,0.023,-0.834,1.041,-96.06,4.92,-2558,F
,180511,496,0,901,0.162,-0.965,1.051,-77.50,6.36,-59.6,F
,180512,496,0,757,0.28,-0.97,1.052,71.01,-3.06,-77.57,F
,180513,498,0,018,0.29,-0.97,1.033,-66.32,-5.38,-93.08,F
,1805141,496,0,1678,0.144,-0.945,1.032,-69.39,-2.71,-9596,F
,180517,498,0,702,0.19,-0.82,1.254,88.93,-.98,-102.71,F
,180518,501,0,097,0.11,-0.810,1.303,81.09,-.03,-106.04,F
,180519,500,0,057,0.17,-0.70,1.359,-71.13,-5.81,-108.91,F
,180520,559,0,1839,0.110,-0.634,1.437,-62.17,-2.97,-10.10,F
,180527,591,0,1746,-0.100,-0.24,1.537,-15.79,-17.84,-45.02,F
,180531,591,0,950,0.040,-0.162,1.056,14.04,-29.34,-7.1,F
,180535,590,0,734,0.105,-0.211,1.049,-19.73,-9.14,3040,F
,180537,615,0,648,0.04,-0.38,0.992,-16.93,-20.24,49.36,F
,180538,595,0,776,0.19,-0.43,0.987,-8.95,-26.44,46.26,F
,180539,592,0,902,0.11,-0.335,1.087,-4.98,-20.48,40.5,F
,180541,576,0,861,0.00,-0.45,1.007,4.79,-28.80,52.34,F
,180542,576,0,827,0.07,-0.47,0.974,0.35,-2.01,54.2,F
,180544,624,0,1867,0.072,-0.530,0.942,19.72,-16.47,62.05,F
,180548,615,0,1691,-0.006,-0.609,0.802,19.28,-24.21,58.89,F
,180553,643,0,1777,0.003,-0.656,0.418,8.75,-6.16,34.0,F
,180555,558,0,2035,0.06,-0.67,0.251,85.86,-61.14,36.3,F
,180557,549,0,022,0.109,-0.642,0.135,77.98,-4.75,37.17,F
,1805621,425,0,1727,0.139,-0.735,0.065,35.05,-12.64,22.0,F
,180568,414,0,1898,0.08,-0.72,0.348,38.33,18.19,9.76,F
,180573,423,0,213,0.124,-0.819,0.634,13.70,1.94,-1508,F
,180590,478,0,096,0.27,-0.54,0.838,14.34,3.60,-3465,F
,180591,470,0,948,0.23,-0.463,0.948,-24.25,42.97,-2661,F
,180594,448,0,841,0.20,-0.54,1.458,35.59,5.43,-4.5,F
,180595,576,0,978,0.163,-0.557,1.575,-24.86,52.58,6.43,F
,180596,623,0,619,0.16,-0.51,1.698,16.69,4.91,13.2,F
,180599,727,0,1826,0.251,-0.567,1.772,11.89,1419,15.2,F
,180600,752,0,958,0.21,-0.562,1.710,24.10,8.65,19.18,F
,180604,773,0,641,0.349,-0.637,1.282,42.73,1.09,30.69,a5
,180606,759,0,814,0.339,-0.613,1.191,3.42,-801,31.46,F
,180607,754,0,083,0.324,-0.628,1.147,42.97,-1.32,30.8,F
,180611,721,0,981,0.26,-0.62,1.108,55.94,-23.49,29.03,F
,180621,541,0,738,0.010,-0.652,0.928,72.68,-48.87,19.87,F
,180629,705,0,888,0.073,-0.628,0.248,77.66,-48.88,-1.48,F
,180632,610,0,2002,0.164,-0.608,0.107,9.60,-4.32,-1331,F
,180636,605,0,934,0.175,-0.593,0.115,24.24,12.95,-8.07,F
,180639,601,0,1913,0.237,-0.652,0.401,.95,41.6,-8.91,F
,180641,608,0,811,0.153,-0.615,0.479,8.00,50.36,-2.25,a5
,180648,601,0,1719,0.17,-0.69,0.821,-49.91,5.58,-1062,F
,1806541,615,0,1524,0.307,-0.75,0.835,27.82,7.97,-2290,F
,180658,626,0,782,0.393,-0.832,0.875,-64.83,41.07,-43.28,F
,1806621,633,0,1920,0.506,-0.943,0.925,-65.58,21.16,-70.39,F
,180663,635,0,689,0.53,-0.94,0.978,-64.98,2.65,-7897,F
,180664,635,0,2128,0.450,-0.905,1.046,-60.74,1.87,-81.92,F
,180669,679,0,1747,0.251,-0.598,1.536,-65.59,542,-87.11,F
,180672,678,0,613,0.193,-0.442,1.653,30.48,-.20,-6705,F
,180674,686,0,929,0.194,-0.339,1.534,-6.49,-1.88,-5458,F
,1806761,704,0,1847,0.26,-0.26,1.251,-3.33,-2.15,-38.99,F
,180678,711,0,817,0.291,-0.279,1.095,-3.36,-3.77,-2280,F
,180680,717,0,841,0.305,-0.223,0.962,2.10,-34.62,-11.19,F
,180681,706,0,1987,0.306,-0.28,0.883,12.97,-2.02,-0.41,F
,1806871,642,0,2055,0.31,-0.26,0.932,1.48,-2300,33.0,F
,180691,646,0,629,0.295,-0.45,0.834,13.66,-3.57,44.5,F
,180692,677,0,631,0.302,-0.492,0.876,16.35,-2.45,49.79,F
,180694,665,0,657,0.314,-0.559,0.816,29.66,-2.23,47.9,F
,180696,674,0,826,0.276,-0.548,0.729,36.16,-2.67,43.4,F
,1806981,689,0,1923,0.299,-0.574,0.656,41.55,-3.75,38.8,F
,1807041,626,0,1812,0.292,-0.691,0.204,2.58,-22.96,35.23,F
,180705,622,0,847,0.285,-0.682,0.165,3.08,-23.02,34.89,F
,180706,602,0,835,0.341,-0.730,0.136,54.03,-1.51,32.89,F
,180708,601,0,1794,0.34,-0.74,0.044,38.78,-659,32.5,F
,180710,613,0,783,0.375,-0.775,0.028,20.78,8.3,26.46,F
,180711,616,0,1921,0.34,-0.801,0.029,14.65,1817,23.0,F
,180716,601,0,1837,0.30,-0.758,0.250,41.26,6219,20.2,F
,1807261,625,0,1878,0.38,-0.815,0.570,7.37,41.5,-13.6,F
,180729,749,0,026,0.403,-0.757,0.500,-6.35,4225,-22.5,F
,180733,753,0,1645,0.360,-0.72,0.545,-39.00,2.88,-3854,F
,180737,681,0,684,0.433,-0.721,0.672,-17.74,2.71,-4433,F
,180738,682,0,1995,0.353,-0.625,0.752,19.19,46.95,-35.55,F
,180745,677,0,766,0.302,-0.640,1.564,-24.67,16.83,-3.8,F
,180751,706,0,817,0.383,-0.577,1.189,5.14,-7.60,13.38,F
,1807521,704,0,963,0.433,-0.605,1.119,36.42,-16.76,13.96,F
,1807531,697,0,693,0.441,-0.606,1.060,0.07,-21.03,14.45,F
,1807561,703,0,1886,0.46,-0.623,0.963,44.97,-1.22,25.0,F
,1807621,723,0,1853,0.39,-0.657,0.939,45.89,-3.53,32.2,F
,180768,737,0,762,0.186,-0.693,0.819,9.91,-3.90,39.61,F
,180769,784,0,897,0.224,-0.72,0.667,44.81,-3.84,39.0,F
,180773,658,0,805,0.150,-0.669,0.416,36.75,-4.55,32.23,F
,180776,638,0,994,0.259,-0.776,0.259,27.51,-4.39,18.6,F
,180784,626,0,840,0.300,-0.813,-0.024,23.91,3.59,16.3,F
,1807871,607,0,1671,0.22,-0.87,0.354,.33,26.05,3.96,F
,180792,555,0,1878,0.34,-0.867,0.463,-3.06,5475,-6.2,F
,180793,593,0,1713,0.30,-0.87,0.491,-8.45,54.60,-8.90,F
,1807941,656,0,1931,0.294,-0.880,0.513,-16.51,5.71,-1227,F
,180800,651,0,757,0.389,-0.93,0.641,-33.59,42.46,-35.06,F
,180802,646,0,022,0.393,-0.92,0.655,51.42,4.10,-35.96,F
,180806,691,0,1810,0.51,-1.045,0.763,-94.17,910,-58.2,F
,180807,671,0,1598,0.522,-1.100,0.760,-91.96,-.38,-6180,F
,1808081,695,0,1962,0.565,-1.106,0.783,-84.78,-.14,-6571,F
,1808111,705,0,766,0.634,-1.05,0.832,68.89,0.51,-72.09,F
,180816,592,0,2127,0.468,-0.750,1.095,44.16,1.13,-74.29,F
,1808181,599,0,2022,0.405,-0.585,1.150,33.45,455,-63.23,F
,180822,570,0,1909,0.48,-0.357,1.080,-25.45,-7.13,-38.18,F
,180828,667,0,982,0.41,-0.362,0.742,-3.71,-2.67,10.9,F
,180830,653,0,954,0.46,-0.430,0.681,4.73,-2583,21.7,F
,1808341,637,0,1683,0.390,-0.472,0.648,0.68,-2.54,39.32,F
,1808421,559,0,1981,0.341,-0.626,0.428,42.93,-2.87,42.5,F
,180845,544,0,933,0.322,-0.67,0.226,42.85,-18.24,43.58,F
,180847,539,0,872,0.313,-0.72,0.079,0.41,-1.69,44.7,F
,180852,432,0,1808,0.425,-0.883,-0.152,26.42,-.70,31.00,F
,180854,432,0,585,0.401,-0.938,-0.230,22.06,1.31,32.5,F
,1808571,528,0,1790,0.419,-0.987,-0.121,26.42,5.03,33.3,F
,1808581,538,0,1968,0.33,-1.002,-0.031,25.05,60.86,23.32,F
,180862,438,0,710,0.48,-0.89,0.121,23.58,46.19,-1.17,F
,1808631,435,0,1773,0.328,-0.888,0.137,-1.90,4576,-4.9,F
,180864,434,0,158,0.290,-0.922,0.215,8.71,4468,-5.0,F
,180869,445,0,2047,0.357,-0.912,0.326,14.26,5487,-17.3,F
,180876,454,0,815,0.38,-0.80,0.320,-20.61,3.78,-43.32,F
,180877,461,0,650,0.36,-0.81,0.353,-13.25,34.78,-39.95,F
,1808861,497,0,1983,0.525,-0.893,0.760,37.12,2.34,-2239,F
,180887,507,0,781,0.57,-0.86,0.787,-32.98,3.51,-1815,F
,1808911,479,0,1911,0.518,-0.849,1.207,18.71,4.51,-8.3,F
,180895,456,0,1614,0.494,-0.819,1.159,19.98,1733,-8.3,F
,180896,459,0,2103,0.497,-0.854,1.172,6.30,12.14,-14.16,F
,180897,464,0,962,0.47,-0.73,1.046,0.49,1668,-10.0,F
,180901,457,0,123,0.34,-0.745,0.755,39.49,-8.10,6.57,F
,1809031,453,0,1914,0.395,-0.768,0.690,46.23,-552,15.2,F
,1809061,453,0,619,0.35,-0.733,0.610,56.87,-1.17,27.75,F
,180907,453,0,947,0.30,-0.717,0.608,51.42,-3.28,33.94,F
,180908,455,0,578,0.332,-0.718,0.608,42.29,-10.26,38.97,F
,180910,451,0,1735,0.351,-0.74,0.572,22.24,-2.19,43.18,F
,1809121,449,0,1654,0.410,-0.80,0.566,18.93,-30.55,41.75,F
,180914,458,0,780,0.39,-0.884,0.577,44.73,-1.02,43.44,F
,1809161,452,0,1993,0.362,-0.82,0.545,55.95,-491,46.75,F
,180918,450,0,472,0.34,-0.738,0.543,45.57,-16.13,47.49,F
,180919,453,0,635,0.32,-0.767,0.540,37.75,-22.29,47.12,F
,180920,453,0,931,0.38,-0.780,0.541,27.39,-29.69,45.10,F
,1809211,457,0,1853,0.396,-0.79,0.536,3.46,-3.76,43.3,F
,180922,455,0,1984,0.388,-0.797,0.535,4.56,-2.67,42.6,F
,1809241,463,0,1891,0.357,-0.85,0.569,36.20,-18.26,42.81,F
,1809261,459,0,1911,0.318,-0.837,0.550,40.42,-13.58,56.05,F
,1809271,463,0,1785,0.335,-0.776,0.568,2.30,-1.72,50.4,F
,180930,464,0,1963,0.335,-0.86,0.354,32.90,-4.13,40.05,F
,180933,460,0,759,0.32,-0.875,0.578,43.84,-18.59,40.25,F
,180934,457,0,1811,0.323,-0.832,0.567,4.27,-783,46.5,F
,180938,463,0,905,0.37,-0.778,0.562,19.72,-2.52,45.4,F
,180942,611,0,1841,0.312,-0.869,0.573,17.81,-30.47,40.94,F
,1809461,691,0,716,0.261,-0.792,0.580,55.31,-908,46.7,F
,180947,704,0,1618,0.252,-0.805,0.600,49.57,-1.95,45.00,F
,180952,729,16,1760,0.202,-0.20,0.562,43.54,30.18,36.33,F
,180953,717,17,1804,0.229,-0.864,0.577,43.43,-37.17,35.50,F
,1809541,715,172,1941,0.305,-0.72,0.585,40.15,39.93,33.27,F
,180958,727,15,1919,0.187,-0.854,0.48,32.84,29.35,3.04,F
,180959,720,15,1949,0.174,-0.862,0.49,32.26,30.55,2.29,F
,180961,720,131,1834,0.142,-0.95,0.478,35.07,36.26,1.93,F
,1809621,674,130,1876,0.135,-0.15,0.487,38.32,-40.35,16.74,F
,1809671,460,0,1814,0.122,-0.808,0.301,70.16,-37.93,7.07,F
,180968,384,0,904,0.16,-0.797,0.265,68.90,-35.29,4.05,F
,1809711,176,110,1850,0.086,-0.53,0.20,57.84,18.24,643,F
,180974,0,0,1723,0.077,-0.775,.178,40.79,-13.8,0.39,
,180976,0,16,179,0.126,-0.833,0.185,39.81,-1302,-6.70,F
,180978,198,0,906,0.111,-0.809,0.125,30.27,4.83,-13.14,F
,180979,285,0,744,0.187,-0.870,0.253,9.37,7.1,-25.46,F
,180980,361,0,799,0.196,-0.890,0.281,-2.52,6.7,-31.63,F
,1809821,405,0,2018,0.138,-0.911,0.232,-18.40,2.49,-1792,F
,1809831,426,0,1845,0.195,-0.916,0.282,-21.32,36.80,-11.09,F
,1809861,479,0,1730,0.177,-0.922,0.297,-21.55,5.07,-4.90,F
,180988,772,0,797,0.237,-0.923,0.302,-17.62,5.60,-1946,F
,1809891,798,0,1606,0.230,-0.886,0.338,-19.15,60.22,-26.39,F
,180993,741,0,591,0.264,-0.949,0.352,-32.58,7.10,-2487,F
,180994,736,0,1918,0.267,-0.92,0.361,-37.38,8.87,-2393,F
,1809951,733,0,1923,0.23,-0.91,0.341,-49.64,9.42,-2264,F
,1810011,722,0,1952,0.373,-0.897,0.490,-26.81,43.23,-45.14,F
,181004,720,0,128,0.41,-0.836,0.642,-35.70,4.53,-5166,F
,181007,825,0,229,0.510,-0.807,0.928,-33.41,51.99,-45.69,F
,181008,883,0,825,0.423,-0.759,1.041,-29.77,6.72,-4021,F
,181009,917,0,808,0.378,-0.771,1.144,-23.99,69.23,-30.19,F
,1810101,880,0,1858,0.377,-0.680,1.225,-14.28,6.09,-2363,F
,181011,829,0,401,0.365,-0.676,1.279,-3.48,5886,-16.39,F
,181013,875,0,915,0.373,-0.639,1.412,3.14,27.2,-26.0,F
,1810141,909,0,1639,0.33,-0.60,1.427,7.36,12.8,-29.7,F
,1810151,923,0,1929,0.402,-0.573,1.399,13.68,3.58,-26.83,F
,181017,953,0,001,0.414,-0.546,1.202,30.61,2.1,-8.48,F
,1810221,959,0,1818,0.437,-0.673,0.943,4.50,-9.55,8.07,a5
,181026,986,0,902,0.352,-0.584,0.755,56.27,-21.25,21.58,F
,181029,983,0,962,0.339,-0.646,0.740,27.02,-4.49,19.7,F
,181031,950,0,753,0.318,-0.739,0.702,27.75,-3.64,28.2,F
,181032,953,0,662,0.25,-0.70,0.655,0.58,-30.50,34.34,F
,181033,944,0,750,0.259,-0.712,0.638,39.51,-2.70,40.4,F
,181035,927,0,2011,0.180,-0.680,0.581,36.33,-1.26,39.1,F
,181041,869,0,818,0.205,-0.909,0.352,45.97,-4.32,30.17,F
,181043,817,0,870,0.227,-0.94,0.215,6.42,-35.81,23.9,F
,181048,688,0,809,0.261,-1.059,0.062,29.94,7.9,5.82,F
,181051,709,0,846,0.260,-1.047,0.021,1.87,33.65,-0.80,F
,181053,595,0,1856,0.25,-1.09,0.224,-9.41,3037,-22.2,F
,1810541,597,0,1850,0.12,-1.076,0.172,2.61,25.2,-23.7,F
,181057,631,0,728,0.245,-1.007,0.208,-13.99,44.45,-40.85,F
,181058,647,0,936,0.206,-1.010,0.233,-25.04,4.91,-4467,F
,181059,622,0,857,0.191,-0.974,0.235,30.93,43.59,-47.28,F
,1810621,656,0,1863,0.18,-0.89,0.239,50.84,6.46,-57.83,F
,181063,688,0,019,0.185,-0.88,0.253,62.61,58.48,-65.75,F
,181067,688,0,738,0.159,-0.865,0.309,58.34,43.65,-82.19,F
,181070,773,0,2077,0.073,-0.692,0.279,-20.84,8.74,-7203,F
,181071,731,0,603,0.117,-0.620,0.342,-14.80,9.33,-7248,F
,181072,768,0,129,0.053,-0.540,0.319,-17.10,8.91,-7816,F
,1810791,816,0,1711,0.05,-0.09,0.684,19.45,11.97,-3453,F
,181090,779,0,1869,0.56,-0.55,1.537,84.93,8836,56.2,F
,1810931,763,0,1897,0.64,-0.763,1.346,68.06,53.21,54.48,F
,1810941,753,0,1831,0.676,-0.84,1.398,8.32,38.63,47.38,F
,181097,752,0,822,0.640,-0.976,1.308,81.22,1872,36.8,F
,181099,767,0,979,0.617,-0.950,1.250,4.96,6.58,30.86,F
,181101,794,0,1819,0.51,-0.881,1.187,82.30,-203,32.0,F
,181107,766,0,735,0.29,-0.749,1.118,49.78,-2.80,30.7,F
,1811121,811,0,890,0.139,-0.68,0.966,62.94,-4.24,34.1,F
,181113,854,0,810,0.116,-0.66,0.901,67.63,-4.92,33.5,F
,181114,851,0,1917,0.18,-0.664,0.831,70.68,-4.09,31.4,F
,1811151,837,0,939,0.097,-0.67,0.758,72.44,-4.58,30.0,F
,1811181,761,0,1872,0.045,-0.655,0.536,73.04,-4.14,24.25,F
,1811221,176,0,011,0.097,-0.601,0.340,3.72,-53.84,12.10,F
,1811301,309,0,2023,0.164,-0.687,0.465,-9.82,21.27,6.71,F
,181139,715,0,1986,0.13,-0.615,0.621,-19.79,6.93,-1572,F
,181141,731,0,559,0.159,-0.65,0.680,31.27,49.99,-25.84,F
,1811461,707,0,1857,0.190,-0.696,0.715,-29.33,48.75,-37.66,F
,181154,752,0,1927,0.353,-0.650,0.647,-51.84,3.71,-52.21,F
,1811631,784,0,1749,0.33,-0.466,1.448,-44.28,46.20,-28.01,F
,1811661,880,0,1607,0.251,-0.465,1.686,-22.03,3.84,-8.94,F
,181170,808,0,975,0.31,-0.45,1.330,30.18,15.79,10.57,F
,181173,787,0,813,0.374,-0.490,1.149,41.51,-406,10.2,F
,181177,801,0,1712,0.336,-0.512,0.956,35.19,-1.29,16.9,F
,181179,813,0,1876,0.303,-0.551,0.955,30.99,-2.18,24.1,F
,1811811,818,0,1907,0.275,-0.571,0.935,7.36,-2.32,27.0,F
,1811821,818,0,1946,0.393,-0.287,0.877,17.43,-3.87,14.1,F
,1811851,879,0,1950,0.214,-0.579,0.968,26.29,-3.71,31.7,F
,1811861,880,0,1805,0.191,-0.593,0.967,24.32,-32.41,32.87,F
,181188,878,0,922,0.19,-0.66,0.937,31.04,-35.11,29.70,F
,1811911,854,0,1915,0.112,-0.683,0.823,4.45,-3.62,24.49,F
,181193,810,0,948,0.13,-0.66,0.680,67.63,-3.58,19.4,F
,1811961,676,0,1613,0.071,-0.653,0.463,0.12,-3.87,19.3,F
,181201,559,0,857,0.140,-0.732,0.260,28.97,-8.62,15.79,F
,181202,559,0,957,0.19,-0.771,0.254,23.37,0.78,15.78,a5
,1812041,543,0,1855,0.177,-0.80,0.227,0.89,1510,9.00,F
,1812081,651,0,1865,0.147,-0.92,0.330,-8.28,4301,-3.25,F
,181210,644,0,885,0.198,-0.915,0.418,3.76,7393,-14.41,F
,1812111,647,0,1580,0.171,-0.898,0.367,20.54,7.73,-2071,F
,181212,650,0,878,0.141,-0.894,0.440,-21.58,7.15,-3233,F
,181214,674,0,961,0.05,-0.84,0.470,42.32,6.70,-5064,F
,1812171,752,0,837,0.13,-0.79,0.506,-64.38,35.07,-84.94,F
,1812211,733,0,1779,0.075,-0.698,0.494,-25.70,53.00,-92.42,F
,181222,757,0,2217,0.011,-0.629,0.479,15.32,5.78,-9496,F
,181225,660,0,064,0.06,-0.40,0.429,8.15,61.2,-100.0,F
,181226,634,0,923,-0.25,-0.338,0.435,7.66,6484,-99.1,F
,181227,627,0,712,0.08,-0.182,0.440,1.94,74.17,-95.92,F
,181228,624,0,1705,-0.087,-0.139,0.533,-0.02,8.02,-8896,F
,1812351,714,0,1557,-0.251,0.23,1.360,23.80,13.21,15.0,F
,181236,726,0,1648,-0.191,0.237,1.486,2.10,13.19,30.87,F
,181239,873,0,869,0.089,-0.052,1.741,5.66,11.11,65.94,F
,181242,880,0,794,0.374,-0.364,1.772,0.41,8141,74.7,F
,1812431,903,0,1792,0.476,-0.455,1.693,9.68,7669,76.6,F
,181245,902,0,2019,0.557,-0.662,1.615,77.48,65.64,73.81,F
,181246,903,0,777,0.57,-0.72,1.559,2.01,5716,70.6,F
,181247,909,0,838,0.55,-0.77,1.553,2.97,4530,64.5,F
,1812481,912,0,1987,0.557,-0.821,1.524,83.29,31.07,55.56,F
,1812581,908,0,1744,0.154,-0.70,1.312,6.09,-2.09,30.7,F
,181265,877,0,435,-0.129,-0.506,1.118,42.50,-51.75,24.57,F
,181266,838,0,749,-0.52,-0.475,1.059,41.22,-3.20,26.81,F
,181268,367,0,1600,-0.133,-0.448,0.884,39.28,-3.83,3034,F
,1812701,238,0,1898,-0.112,-0.475,0.666,44.38,-50.12,21.59,F
,181271,338,0,2019,-0.087,-0.502,0.588,49.69,-48.36,15.76,F
,181277,213,0,2007,0.065,-0.50,0.178,6.61,-1.43,12.2,F
,1812791,214,0,1880,0.158,-0.562,0.199,25.60,-1.60,-3.08,F
,181281,245,0,744,0.120,-0.543,0.216,2.64,18.1,-11.32,F
,1812831,230,0,1726,0.105,-0.535,0.362,4.15,25.67,-16.77,F
,181287,240,0,953,0.012,-0.452,0.556,-12.22,6.03,-17.71,F
,181290,226,0,903,-0.051,-0.405,0.794,-30.06,0.28,-3.24,F
,181292,213,0,531,-0.083,-0.454,0.851,-31.06,2.07,-4.64,F
,181294,234,0,851,-0.075,-0.472,0.897,-5.84,55.27,-4485,F
,181298,678,0,840,-0.044,-0.363,0.787,0.67,5463,-39.7,F
,181299,743,0,958,-0.027,-0.346,0.810,-4.26,52.13,-38.29,F
,1813001,771,0,1792,0.067,-0.368,0.803,-13.71,42.80,-38.99,F
,181302,778,0,984,0.03,-0.41,0.780,32.26,27.12,-49.54,F
,181304,722,0,215,0.156,-0.465,0.811,-32.22,1.78,-5051,F
,1813071,739,0,1954,0.226,-0.419,0.982,-41.35,41.24,-35.00,F
,181308,734,0,2240,0.181,-0.405,1.092,-46.75,5.87,-2803,F
,181310,740,0,742,0.117,-0.379,1.412,-61.67,52.80,-16.76,F
,1813141,795,0,1808,0.110,-0.354,1.867,-25.91,41.96,-4.38,F
,181315,816,0,869,0.127,-0.334,1.895,-12.20,36.49,-3.42,F
,181319,820,0,025,0.14,-0.239,1.615,15.89,4.80,1.00,F
,181325,778,0,1971,0.169,-0.324,1.191,33.19,-17.78,18.92,F
,181327,771,0,1626,0.112,-0.296,1.125,7.75,-15.83,26.71,F
,181333,821,0,931,-0.057,-0.568,1.017,31.57,-2.48,5721,F
,181338,835,0,836,-0.047,-0.333,1.126,25.92,-19.09,64.97,F
,181340,836,0,621,-0.070,-0.404,1.115,26.15,-2.35,6342,F
,1813431,822,0,1904,-0.043,-0.509,1.026,51.07,-45.58,52.72,F
,1813441,823,0,1748,-0.009,-0.506,0.951,60.01,-2.33,5028,F
,181345,813,0,903,-0.028,-0.507,0.862,69.37,-5.00,5153,F
,1813531,257,0,1808,0.025,-0.625,0.418,20.87,-2.96,22.2,F
,1813541,0,0,1887,0.027,-0.674,0.415,7.3,-19.66,14.02,F
,181357,0,0,1878,0.057,-0.787,.451,-1.64,-6.36,-0.19,F
,181361,160,0,968,0.028,-0.782,0.528,7.55,35.9,-18.1,F
,181362,255,0,862,0.042,-0.762,0.538,9.07,49.8,-23.0,F
,181364,293,0,770,-0.011,-0.711,0.545,-5.48,6.56,-3369,F
,1813681,609,0,1762,-0.062,-0.636,0.619,-51.04,4.95,-8.85,F
,181372,762,0,111,-0.099,-0.594,0.614,-40.08,1.90,-12.51,F
,181374,790,0,627,-0.139,-0.435,0.571,-9.82,2.78,-11.69,F
,181375,790,0,849,-0.132,-0.346,0.564,-2.26,2.22,-11.53,F
,181376,796,0,360,-0.139,-0.279,0.546,-1.29,2.30,-11.19,F
,1813781,767,0,1908,-0.29,-0.12,0.623,-20.26,1.91,-16.71,F
,1813811,826,0,1966,-0.23,0.085,0.890,-35.04,6.86,-78.47,F
,1813861,828,0,1809,-0.04,0.150,1.585,-14.77,9.40,10.49,F
,181387,817,0,1961,-0.30,0.123,1.677,-5.01,9634,22.07,F
,181390,834,0,882,0.134,-0.038,1.809,8.44,88.75,53.20,F
,181392,822,0,075,0.317,-0.239,1.793,25.94,7066,58.6,F
,181393,815,0,526,0.366,-0.345,1.726,2.41,6316,59.0,F
,181396,817,0,1902,0.43,-0.50,1.562,3.26,4475,40.1,F
,181397,821,0,911,0.438,-0.53,1.531,9.17,35.84,36.0,F
,1813981,821,0,1729,0.46,-0.54,1.513,0.61,27.12,35.27,F
,181399,832,0,2032,0.431,-0.52,1.472,8.15,19.01,33.76,F
,1814001,825,0,1783,0.35,-0.51,1.434,7.69,15.15,32.6,F
,181405,799,0,570,0.167,-0.481,1.357,9.78,-1.84,22.07,F
,181406,785,0,2162,0.145,-0.51,1.309,0.04,-18.04,28.57,F
,181407,798,0,909,0.209,-0.494,1.287,40.15,-23.51,25.24,F
,181408,789,0,1933,0.136,-0.406,1.457,50.39,-1.76,18.1,F
,1814111,810,0,1935,0.01,-0.417,1.185,47.40,-4.25,24.4,F
,181412,816,0,1776,-0.07,-0.378,1.197,44.88,-2.87,2503,F
,1814181,592,0,1787,-0.035,-0.374,0.969,49.71,-2.96,5535,F
,1814211,50,0,1829,-0.139,-0.409,0.718,54.90,-5.04,28.6,F
,1814231,28,0,1850,-0.091,-0.438,0.560,63.87,-7.96,19.8,F
,1814251,70,0,136,-0.025,-0.447,0.438,66.93,-6.40,13.5,F
,181429,75,0,140,0.081,-0.455,0.253,4.13,6.63,14.74,F
,1814361,563,0,1920,-0.018,-0.438,0.556,3.87,4316,-1.0,F
,1814371,622,0,1661,0.027,-0.452,0.614,8.95,4129,-9.7,F
,1814381,617,0,1798,-0.006,-0.437,0.652,-25.99,0.62,-1.02,F
,181439,548,0,1958,-0.067,-0.445,0.684,-35.88,5.70,-1.95,F
,1814471,720,0,1726,-0.42,-0.44,0.941,-14.89,43.76,-45.92,F
,1814481,741,0,1850,-0.14,-0.425,0.920,-15.35,45.97,-46.54,F
,181450,763,0,721,-0.018,-0.33,0.925,-25.80,49.67,-48.18,F
,181451,781,0,776,0.056,-0.398,0.908,43.74,47.10,-64.67,F
,181452,761,0,863,0.08,-0.43,0.896,-41.45,43.47,-52.64,F
,181454,779,0,1765,0.09,-0.47,0.870,29.59,3.72,-5225,F
,1814581,750,0,1791,0.19,-0.37,0.733,13.29,671,-73.0,F
,181459,752,0,840,0.171,-0.330,0.674,-20.11,1.33,-7206,F
,181460,737,0,715,0.129,-0.290,0.763,-29.53,2.29,-6001,F
,1814611,763,0,1869,0.17,-0.227,0.898,-43.73,3.00,-5917,F
,181462,745,0,289,0.12,-0.20,1.050,-55.59,43.61,-52.61,F
,181463,750,0,693,0.08,-0.26,1.250,-58.20,47.76,-44.87,F
,1814641,720,0,1643,0.050,-0.266,1.437,-55.36,5.25,-3361,F
,1814651,765,0,1584,-0.018,-0.226,1.604,-44.63,1.64,-1.03,F
,181466,752,0,997,-0.050,-0.230,1.713,-40.86,5.62,-848,F
,1814711,768,0,1847,0.019,-0.174,1.814,7.98,4.2,0.89,F181472bbbrʊbjbrbrb4rbrb25
,181474,784,0,915,0.161,-0.21,1.406,5.45,-3.75,13.17,F
,1814781,799,0,2006,0.129,-0.265,1.122,32.96,-1.29,19.4,F
,181479,789,0,875,0.105,-0.27,1.090,3.40,-17.20,20.43,F
,181482,778,0,895,0.091,-0.30,1.085,7.20,-2.66,27.38,F
,181483,783,0,668,0.071,-0.29,1.077,5.68,-26.36,30.75,F
,1814861,794,0,1899,0.114,-0.297,1.084,41.22,-1.61,35.0,F
,181488,752,0,904,0.107,-0.30,0.927,36.20,-16.79,48.72,F
,181489,715,0,141,0.097,-0.30,1.008,7.31,-11.69,47.01,F
,181492,575,0,679,0.05,-0.35,1.069,0.27,-2.44,44.4,F
,1814951,567,0,1918,0.006,-0.425,1.072,38.47,-3.32,39.0,F
,181506,222,0,890,0.03,-0.57,0.545,2.49,-1.74,13.4,F
,181510,435,0,940,0.04,-0.57,0.500,4.68,2312,13.5,F
,181516,303,0,1805,-0.000,-0.522,0.735,11.29,25.42,-13.60,F
,1815171,467,0,1847,0.013,-0.510,0.770,.04,21.52,-18.9,F
,181518,494,0,711,0.05,-0.49,0.792,.55,23.2,-21.5,F
,181519,482,0,953,0.07,-0.46,0.812,.99,28.7,-21.9,F
,181520,487,0,657,0.00,-0.45,0.821,.42,36.05,-22.51,F
,181522,483,0,996,0.00,-0.41,0.845,8.87,4600,-26.0,F
,181527,508,0,965,0.01,-0.46,0.881,7.82,3721,-34.3,F
,1815281,494,0,1686,0.060,-0.437,0.873,-4.93,37.76,-37.74,F
,181529,507,0,936,0.02,-0.410,0.844,-1.91,40.25,-41.84,F
,181530,562,0,754,0.06,-0.387,0.824,-2.51,38.80,-44.03,F
,181534,658,0,1743,0.084,-0.337,0.761,31.65,2.04,-5300,F
,181536,688,0,798,0.16,-0.41,0.715,32.35,14.65,-52.44,F
,181541,725,0,1611,0.084,-0.160,0.969,-45.39,48.80,-29.00,F
,1815431,624,0,1910,0.02,-0.238,1.345,64.81,50.91,-15.75,F
,181546,720,0,941,0.02,-0.273,1.755,31.29,5.49,10.04,F
,181553,715,0,824,0.11,-0.22,1.423,9.91,-874,10.8,F
,181555,703,0,2146,0.171,-0.270,1.248,40.38,-015,21.3,F
,181557,688,0,936,0.105,-0.251,1.184,33.72,-3.48,24.74,F
,181558,695,0,132,0.11,-0.30,1.121,7.86,-833,29.35,F
,181562,736,0,015,0.19,-0.32,1.130,3.45,-1.25,30.3,F
,181564,729,0,691,0.14,-0.32,1.122,0.52,-1.93,36.4,F
,181567,735,0,804,0.09,-0.32,1.182,0.42,-1.63,42.8,F
,181569,784,0,674,0.00,-0.322,1.118,8.27,-25.83,35.23,F
,181581,549,0,1926,0.027,-0.441,0.481,52.76,-13.38,17.12,F
,181583,289,0,705,0.027,-0.467,0.467,9.31,4.28,11.76,F
,181584,298,0,1882,0.025,-0.483,0.457,29.80,8.2,9.00,F
,181585,320,0,829,0.036,-0.507,0.459,25.37,12.72,7.53,F
,181586,299,0,723,0.07,-0.50,0.466,3.36,19.10,6.19,F
,181591,283,0,1667,-0.062,-0.457,0.677,14.68,43.78,-2.35,F
,181595,589,0,2002,-0.051,-0.467,0.845,-9.03,42.92,-12.19,F
,1816031,656,0,2087,0.035,-0.425,0.857,-4.98,4239,-34.42,F
,1816041,649,0,1557,0.052,-0.407,0.856,7.65,4275,-36.9,F
,181610,637,0,819,0.12,-0.369,0.822,23.80,1.96,-45.34,F
,181611,631,0,2055,0.166,-0.375,0.844,-17.48,19.44,-46.59,F
,1816121,660,0,1877,0.152,-0.296,0.827,18.49,25.84,-4842,F
,181613,658,0,943,0.18,-0.253,0.881,24.29,3.32,-4551,F
,181620,688,0,1815,-0.010,-0.184,1.488,-12.02,34.08,-10.36,F
,181621,688,0,1584,-0.008,-0.152,1.556,-6.63,28.84,-7.08,F
,1816221,688,0,819,0.08,-0.15,1.618,6.05,2210,-6.3,F
,1816301,688,0,806,0.09,-0.28,1.328,9.63,-600,14.7,F
,181636,677,0,793,0.043,-0.273,1.186,37.77,-23.05,22.86,F
,1816381,667,0,005,0.046,-0.303,1.156,1.89,-21.32,31.27,F
,1816401,659,0,1794,0.06,-0.296,1.099,0.35,-1.95,33.67,F
,181648,592,0,1791,0.001,-0.324,0.785,43.57,-10.82,29.1,F
,1816521,240,0,837,-0.028,-0.400,0.604,38.36,-0.18,18.52,F
,1816591,593,0,1734,0.08,-0.545,0.532,2.03,12.39,1.84,F
,181661,593,0,2046,0.027,-0.539,0.602,22.84,28.83,-7.0,F
,1816621,576,0,1767,0.019,-0.49,0.676,21.31,33.52,-11.03,F
,181672,701,0,2061,0.007,-0.413,0.898,6.45,39.91,-32.68,F
,1816741,678,0,834,0.004,-0.417,0.932,20.51,39.23,-40.12,F
,1816761,673,0,914,0.027,-0.421,0.933,19.42,31.82,-43.03,F
,181677,679,0,1892,0.042,-0.414,0.915,-17.38,28.22,-43.89,F
,1816791,689,0,901,0.05,-0.345,0.861,13.97,2.81,-4552,F
,1816801,711,0,2086,0.09,-0.344,0.830,14.52,2.33,-4693,F
,181688,793,0,1456,0.036,-0.238,1.051,40.32,36.22,-38.07,F
,181696,626,0,1863,-0.065,-0.134,1.655,-9.85,2.16,5.2,F
,1816981,654,0,2096,-0.024,-0.165,1.582,3.39,1626,14.7,F
,181699,654,0,1733,0.00,-0.185,1.500,4.75,1295,18.74,F
,181700,656,0,1945,0.033,-0.194,1.362,2.67,1037,22.60,F
,181702,719,0,2141,0.059,-0.213,1.244,7.98,-326,19.0,F
,181703,695,0,1757,0.092,-0.218,1.229,4.71,-552,21.5,F
,181705,734,0,1755,0.099,-0.228,1.177,32.27,-8.03,25.50,F
,1817071,740,0,843,0.03,-0.272,1.178,0.44,-844,31.0,F
,1817091,730,0,753,0.03,-0.255,1.219,4.15,-797,35.4,F
,181711,751,0,1982,0.013,-0.299,1.228,9.29,-14.58,39.47,F
,1817131,757,0,1819,0.00,-0.268,1.198,6.96,-2.98,35.6,F
,181714,752,0,1759,0.012,-0.297,1.232,1.29,-23.58,37.87,F
,181726,735,0,1805,-0.067,-0.42,0.673,52.90,-11.64,35.01,F
,181727,703,0,1631,-0.047,-0.49,0.605,49.62,-7.86,33.71,F
,181729,583,0,1823,0.011,-0.482,0.542,0.94,-503,26.55,F
,181731,577,0,1584,-0.015,-0.54,0.502,29.98,1.99,21.81,F
,181738,785,0,1680,-0.048,-0.41,0.615,24.39,28.95,-6.96,F
,1817401,797,0,701,-0.30,-0.44,0.668,12.26,41.42,-14.27,F
,1817601,788,0,2000,0.09,-0.30,0.870,-21.59,34.69,-43.13,F
,1817621,802,0,695,0.065,-0.271,0.943,20.74,33.01,-40.87,F
,1817631,807,0,795,0.056,-0.249,1.007,24.23,3.34,-4035,F
,1817641,798,0,808,0.005,-0.242,1.079,24.20,3.62,-35.03,F
,181778,658,0,1872,0.065,-0.20,1.187,30.39,-2.07,12.05,F
,181779,667,0,1965,0.069,-0.24,1.166,8.96,-5.72,12.34,F
,181780,656,0,1775,0.09,-0.253,1.137,33.08,-7.02,14.92,F
,181782,651,0,1878,0.070,-0.27,1.110,4.64,-8.41,18.23,F
,1817831,656,0,1680,0.077,-0.262,1.121,4.18,-967,17.91,F
,1817891,784,0,1839,0.030,-0.247,1.148,6.32,-1.90,29.62,F
,1817921,794,0,826,0.018,-0.219,1.133,3.81,-1.92,38.7,F
,1818031,279,0,1935,-0.024,-0.31,0.834,66.71,-0.53,2755,F
,181807,303,0,1936,0.02,-0.43,0.556,6.84,-2.84,14.84,F
,1818091,299,0,1878,0.103,-0.487,0.480,6.82,-1.24,11.20,F
,181810,541,0,033,0.06,-0.531,0.482,30.62,-8.26,5.91,F
,181813,567,0,1903,0.06,-0.506,0.473,25.74,19.18,1.17,F
,1818291,702,0,1830,0.013,-0.309,0.912,15.30,3.62,-27.90,F
,181831,720,0,1796,0.07,-0.27,0.882,22.58,3.35,-3372,F
,181832,729,0,1861,0.013,-0.30,0.882,24.25,2.59,-36.32,F
,181833,746,0,766,0.112,-0.192,0.882,31.09,3.68,-44.42,F
,1818341,773,0,2021,0.033,-0.297,0.913,32.19,2.68,-41.11,F
,1818391,799,0,1635,0.106,-0.261,0.810,21.91,3.29,-3864,F
,1818441,794,0,1595,0.042,-0.165,1.259,36.96,3.84,-2015,F
,181847,711,0,699,-0.12,-0.153,1.644,-23.04,39.50,-1.48,F
,181852,649,0,1776,0.023,-0.125,1.585,13.95,1234,14.1,F
,181856,661,0,600,0.102,-0.175,1.316,8.26,0.8,26.22,F
,181862,660,0,1826,0.06,-0.257,1.232,28.58,-17.67,42.4,F
,181863,656,0,615,0.01,-0.278,1.222,32.64,-16.77,44.16,F
,1818661,657,0,1851,0.012,-0.250,1.211,9.72,-1.09,51.13,F
,181867,659,0,1808,-0.35,-0.610,1.153,39.60,-34.50,62.97,F
,181874,756,0,872,-0.090,-0.357,0.996,46.04,-0.90,4168,F
,1818821,557,0,1965,0.043,-0.405,0.444,6.33,-24.77,26.26,F
,1818861,562,0,1958,0.03,-0.446,0.397,19.91,2770,14.5,F
,181905,592,0,032,0.001,-0.358,0.852,12.13,3.54,-4807,F
,1819141,784,0,1771,0.18,-0.213,1.039,-20.63,4.19,-5148,F
,181920,590,0,1765,-0.122,-0.202,1.573,-39.18,36.86,-20.12,F
,1819301,637,0,1883,0.081,-0.21,1.244,6.42,5.8,8.60,F
,181932,642,0,770,0.046,-0.227,1.210,31.65,0.62,9.96,FH1819331bbrbjrbrbrbjrb$b25
,1819341,658,0,1819,0.047,-0.22,1.206,5.58,-810,12.68,F
,181942,635,0,1713,-0.008,-0.259,1.169,43.55,-16.26,36.45,F
,1819561,587,0,817,0.09,-0.407,0.560,5.29,-2.89,29.2,F
,1819571,558,0,1847,0.01,-0.433,0.490,4.39,-1.81,28.8,F
,181961,533,0,1693,0.03,-0.523,0.446,0.42,1785,19.67,F
,181967,736,0,1697,0.023,-0.456,0.612,24.88,47.12,-1.43,F
,1819891,816,0,1797,0.01,-0.212,0.891,11.80,3.87,-4719,F
,1819921,752,0,934,0.01,-0.093,1.302,39.62,3.22,-4424,F
,181996,629,0,1745,-0.066,-0.10,1.693,-9.33,4.97,-1085,F
,1819991,639,0,754,-0.079,-0.092,1.654,8.44,15.20,-1.61,F
,182007,643,0,1763,0.055,-0.202,1.195,7.36,-662,18.6,F
,1820081,611,0,875,0.030,-0.240,1.183,6.62,-961,19.8,F
,1820091,622,0,834,0.029,-0.263,1.156,9.83,-987,22.7,F
,182017,615,0,1973,-0.023,-0.17,1.282,47.26,-5.09,2987,F
,182018,592,0,1838,-0.052,-0.247,1.220,42.26,-2.93,32.60,F
,1820191,603,0,1872,-0.079,-0.22,1.099,19.54,-33.83,29.96,F
,182033,572,0,1918,-0.08,-0.45,0.541,26.32,11.68,12.23,F
,182044,603,0,1862,-0.68,-0.34,0.828,2.55,45.15,-16.12,F
,1820481,656,0,882,-0.46,-0.32,0.909,-8.55,42.58,-28.61,F
,182058,763,0,1963,0.049,-0.276,0.854,12.40,27.99,-41.60,F
,182061,795,0,1853,0.13,-0.26,0.820,-24.60,17.06,-46.53,F
,182062,800,0,1773,0.071,-0.330,0.870,23.10,2.84,-4187,F
,182063,798,0,1840,0.101,-0.275,0.815,29.68,1.44,-4635,F
,182065,785,0,1840,0.07,-0.22,0.924,-41.96,30.33,-37.16,F
,1820681,804,0,792,0.07,-0.264,1.178,-36.78,33.44,-25.48,F
,182069,760,0,1987,0.053,-0.229,1.260,35.59,36.60,-22.59,F
,182078,650,0,853,-0.17,-0.178,1.521,14.64,17.42,19.30,F
,1820831,642,0,1731,0.04,-0.21,1.225,0.81,-9.54,24.4,F
,1820861,670,0,602,0.03,-0.224,1.142,0.04,-633,37.5,F
,182090,683,0,1845,0.108,-0.06,1.060,0.50,-14.71,35.06,F
,182091,675,0,2001,-0.01,-0.25,1.065,24.39,-10.16,49.62,F
,1821121,458,0,604,-0.007,-0.522,0.401,19.11,-7.48,23.67,F
,182121,433,0,814,-0.058,-0.467,0.647,-3.06,54.25,-8.68,F
,182136,786,0,887,0.028,-0.405,0.794,-29.93,27.09,-44.32,F
,1821381,880,0,2099,0.074,-0.38,0.737,25.73,2.65,-4958,F
,1821391,881,0,1904,0.025,-0.352,0.704,-34.46,23.74,-50.62,F
,182140,917,0,2099,0.05,-0.34,0.716,42.20,1.85,-53.00,F
,1821411,917,0,026,0.103,-0.356,0.780,-48.66,17.38,-57.96,F
,182143,957,0,196,0.010,-0.375,1.003,-59.22,2.34,-5351,F
,182145,959,0,1488,0.025,-0.254,1.254,54.72,3.44,-4111,F
,182150,941,0,520,-0.030,-0.213,1.694,-23.30,26.39,-19.28,F
,1821551,949,0,1792,0.012,-0.21,1.640,7.78,10.57,11.01,F
,1821611,990,0,621,0.074,-0.287,1.337,9.54,-1.88,34.63,F
,182162,995,0,2167,0.04,-0.302,1.294,29.20,-16.87,37.21,F
,1821641,991,0,1744,0.028,-0.358,1.304,3.02,-2.48,45.0,F
,1821731,994,0,1910,0.09,-0.65,1.304,.55,-2983,46.42,F
,1821741,980,0,1746,0.058,-0.69,1.112,.91,-2923,38.7,F
,182176,949,0,1804,0.000,-0.731,0.964,12.64,-3.67,23.4,F
,1821781,870,0,1854,0.011,-0.74,0.854,7.40,-4.82,9.04,F
,182180,873,0,828,0.02,-0.746,0.707,1.86,-56.71,-10.15,F
,1821821,858,0,1936,0.004,-0.66,0.533,3.60,-5.03,-19.55,F
,1821861,842,0,1954,0.035,-0.53,0.319,3.03,-5.21,-32.48,F
,182188,834,0,595,0.02,-0.48,0.233,19.71,-4.87,-4.85,F
,182189,836,0,001,0.017,-0.465,0.195,30.31,-1.34,-43.77,F
,182193,742,0,935,-0.101,-0.406,0.347,-43.71,-20.09,-29.31,F
,1821991,833,0,1948,-0.029,-0.375,0.459,-42.92,3.62,-8.12,F
,1822061,1008,0,2112,0.064,-0.554,0.660,-31.82,11.62,-0.21,F
,1822101,971,0,1937,0.153,-0.59,0.696,23.39,3.74,3.58,F
,182211,975,0,758,0.200,-0.584,0.702,-32.25,2.46,0.8,F
,182213,972,0,1763,0.245,-0.622,0.684,32.40,2.81,-7.71,F
,1822181,781,0,1835,0.22,-0.62,0.820,29.30,3.37,-1630,F
,182220,786,0,019,0.24,-0.532,1.077,36.09,4.11,-1412,F
,182225,913,0,1959,0.152,-0.561,1.677,10.03,3.29,8.5,F
,1822261,909,0,1744,0.17,-0.57,1.684,.91,26.1,9.62,
,182229,936,0,1879,0.292,-0.509,1.452,5.58,1000,11.93,F
,1822331,930,0,1889,0.334,-0.52,1.138,7.16,-0.48,22.10,F
,1822351,935,0,1840,0.33,-0.522,1.070,7.78,-1.73,27.84,F
,182243,914,0,1770,0.223,-0.57,1.048,6.07,-3.01,45.8,F
,1822461,912,0,1813,0.185,-0.574,1.058,4.71,-42.03,45.06,F
,1822491,912,0,1871,0.10,-0.50,1.279,0.62,-30.62,43.07,F
,182251,907,0,770,0.06,-0.594,1.012,7.48,-4.50,52.5,F
,182255,838,0,1989,-0.011,-0.706,0.740,48.04,-8.24,3852,F
,182258,820,0,1985,0.013,-0.69,0.421,1.07,-5.67,33.7,F
,182262,754,0,2061,0.157,-0.77,0.122,2.73,-40.82,36.52,F
,1822651,768,0,1683,0.25,-0.776,0.068,2.35,-6.91,32.81,F
,182267,711,0,2002,0.204,-0.787,0.059,-1.68,8.81,26.98,a5
,1822781,669,0,1824,0.14,-0.742,0.661,34.25,3.22,-1929,F
,182279,683,0,1845,0.116,-0.756,0.669,27.67,1.71,-2386,F
,1822821,643,0,1872,0.11,-0.674,0.601,4.69,2197,-28.3,F
,182283,641,0,1713,0.143,-0.646,0.601,.51,31.0,-26.0,F
,182284,667,0,971,0.182,-0.629,0.610,4.17,41.26,-23.74,F
,182286,688,0,1857,0.225,-0.636,0.600,23.10,4.89,-30.76,F
,1822871,703,0,2007,0.29,-0.652,0.578,26.49,3.01,-3546,F
,1822911,705,0,2090,0.26,-0.669,0.647,24.89,2.26,-49.23,F
,182293,701,0,1602,0.28,-0.583,0.747,31.67,2.36,-49.96,F
,182295,719,0,1650,0.189,-0.467,1.013,-41.50,43.52,-38.76,F
,182300,765,0,787,0.193,-0.471,1.649,10.14,4.29,-4.0,F
,1823061,780,0,1769,0.23,-0.488,1.334,2.68,1549,23.2,F
,1823071,781,0,1773,0.34,-0.537,1.358,2.82,1.4,20.11,F
,1823081,770,0,1945,0.36,-0.565,1.301,9.98,-343,24.23,F
,1823111,760,0,2065,0.34,-0.57,1.171,2.62,-1.14,31.90,F
,1823121,757,0,1882,0.39,-0.582,1.134,2.65,-1.98,35.46,F
,182313,760,0,1765,0.292,-0.578,1.137,0.39,-18.03,38.25,F
,182314,767,0,2032,0.23,-0.59,1.138,5.83,-2.35,42.3,F
,1823191,747,0,891,0.310,-0.804,1.098,9.57,-4.23,37.29,F
,1823211,717,0,939,0.278,-0.817,1.046,5.14,-50.76,33.75,F
,182330,655,0,1919,0.214,-0.96,0.538,-6.54,-4.95,-4.9,F
,182335,752,0,1851,0.187,-0.869,0.236,-16.06,-42.87,-36.68,F
,182339,711,0,1712,0.13,-0.699,0.076,25.01,-0.77,-3.83,F
,182342,705,0,1716,0.106,-0.713,0.240,39.62,-2.33,-49.37,F
,1823431,718,0,945,0.045,-0.617,0.293,30.19,-.39,-47.71,F
,1823441,719,0,614,0.020,-0.601,0.233,15.30,-.30,-3761,F
,1823451,688,0,799,0.075,-0.559,0.241,15.68,002,-35.37,F
,1823481,733,0,909,0.074,-0.530,0.365,36.74,1.78,-2951,F
,1823551,784,0,951,0.247,-0.573,0.465,22.17,3.88,-14.30,F
,1823561,784,0,917,0.339,-0.599,0.453,21.67,4.28,-16.29,F
,182357,786,0,1776,0.328,-0.59,0.443,-20.31,45.59,-1662,F
,182360,814,0,1936,0.36,-0.584,0.475,28.37,4.16,-24.87,F
,182363,808,0,1790,0.35,-0.645,0.531,28.66,4.74,-33.29,F
,1823641,802,0,1705,0.409,-0.646,0.533,-27.16,46.87,-3395,F
,1823661,820,0,975,0.418,-0.601,0.547,23.74,4.83,-34.73,F
,1823671,826,0,1650,0.432,-0.568,0.624,20.71,4.33,-33.64,F
,1823681,852,0,893,0.457,-0.566,0.699,20.05,5.71,-3035,F
,1823691,853,0,840,0.446,-0.540,0.799,22.54,5.14,-3059,F
,1823731,833,0,1936,0.30,-0.51,1.253,-17.47,63.58,1.70,F
,182376,694,0,2114,0.47,-0.531,1.471,1.09,3799,1.13,F
,182377,695,0,872,0.424,-0.541,1.487,.57,32.74,4.05,F
,182378,695,0,1609,0.45,-0.558,1.471,7.43,26.23,8.02,F
,1823811,735,0,909,0.587,-0.604,1.186,5.46,12.02,14.97,F
,182384,748,0,1904,0.56,-0.604,1.039,1.62,5.8,22.89,F
,182385,739,0,1646,0.58,-0.604,1.020,8.71,-227,21.00,F
,1823881,704,0,587,0.496,-0.620,0.943,7.26,-19.38,22.07,F
,182389,720,0,702,0.462,-0.655,0.923,4.18,-2.14,24.48,F
,182390,719,0,936,0.505,-0.649,0.895,6.93,-27.93,27.7,F
,182392,809,0,1868,0.46,-0.646,0.862,1.65,-2.72,32.92,F
,182393,804,0,925,0.464,-0.637,0.874,1.92,-1.35,34.39,F
,1823941,802,0,1834,0.422,-0.628,0.893,4.67,-1.31,41.17,F
,1823951,803,0,693,0.335,-0.614,0.896,0.58,-942,45.56,F
,182398,843,0,726,0.118,-1.031,0.821,4.47,-50.42,53.5,F
,1824011,823,0,747,0.242,-0.722,0.786,9.69,-4.71,24.49,F
,182402,819,0,1947,0.24,-0.726,0.699,59.58,-43.49,24.1,F
,182403,810,0,1825,0.239,-0.703,0.610,4.32,-37.63,25.7,F
,1824041,805,0,1968,0.221,-0.70,0.516,3.72,-30.90,28.3,F
,182406,770,0,854,0.208,-0.698,0.328,8.68,-2.10,30.54,F
,182407,643,0,744,0.222,-0.713,0.293,0.93,-2.73,29.78,F
,182410,720,0,753,0.290,-0.760,0.171,8.18,-17.89,20.42,F
,1824111,683,0,1828,0.343,-0.795,0.146,6.61,-11.55,17.7,F
,182414,599,0,825,0.269,-0.802,0.134,3.57,13.03,18.0,F
,1824181,699,0,1592,0.320,-0.90,0.415,0.90,41.49,10.9,F
,1824201,609,0,1769,0.231,-0.84,0.370,24.53,41.99,14.65,F
,1824241,658,0,1987,0.305,-0.77,0.467,5.84,46.87,-12.50,F
,182426,677,0,1879,0.29,-0.80,0.548,-17.12,44.55,-1769,F
,1824271,687,0,1968,0.303,-0.798,0.578,16.80,4.24,-19.84,F
,1824301,691,0,1606,0.324,-0.80,0.618,-8.93,47.55,-22.4,F
,182432,697,0,1714,0.32,-0.781,0.625,-5.18,50.19,-26.9,F
,1824331,701,0,1729,0.323,-0.781,0.615,7.12,49.91,-28.27,F
,182434,721,0,968,0.39,-0.761,0.596,-9.35,4645,-29.19,F
,182436,736,0,1904,0.30,-0.75,0.586,21.01,37.47,-38.33,F
,1824371,740,0,1858,0.344,-0.74,0.565,-29.56,29.01,-4354,F
,1824391,754,0,1694,0.407,-0.75,0.562,-38.11,23.64,-53.58,F
,182440,757,0,751,0.389,-0.746,0.546,35.13,2.11,-52.76,F
,1824411,766,0,2026,0.359,-0.699,0.545,31.99,3.83,-49.35,F
,182446,780,0,1532,0.36,-0.55,0.722,29.27,2.81,-52.73,F
,182447,784,0,1857,0.314,-0.54,0.813,28.72,2.00,-52.96,F
,1824491,791,0,1584,0.294,-0.48,1.064,-29.39,34.87,-3650,F
,182450,791,0,1744,0.273,-0.43,1.238,25.58,42.71,-20.00,F
,1824511,791,0,1735,0.275,-0.41,1.382,26.20,43.24,-8.7,F
,182453,775,0,1458,0.291,-0.46,1.539,-10.38,3.29,11.15,F
,182455,778,0,1934,0.381,-0.45,1.574,1.80,18.84,11.87,F
,182460,800,0,822,0.492,-0.587,1.164,2.36,-2.56,29.7,F
,182461,795,0,735,0.487,-0.566,1.104,4.79,-1.96,30.28,F
,182463,793,0,1793,0.509,-0.615,1.057,9.77,-1.02,30.29,F
,1824641,816,0,1966,0.504,-0.63,1.031,2.06,-20.41,33.44,F
,1824651,803,0,1710,0.497,-0.646,1.009,5.20,-1.22,37.20,F
,182466,805,0,797,0.43,-0.67,1.018,57.34,-20.51,39.8,F
,1824671,806,0,2064,0.471,-0.651,0.958,5.98,-2.97,44.07,F
,182468,795,0,749,0.49,-0.65,0.983,48.56,-26.45,49.2,F
,182473,791,0,799,0.472,-0.886,0.902,1.10,-44.48,46.8,F
,182477,752,0,758,0.466,-1.014,0.689,24.06,-44.73,22.86,F
,182478,751,0,1991,0.431,-1.00,0.675,1.55,-47.02,16.6,F
,1824801,754,0,1929,0.34,-0.99,0.534,9.87,-47.83,8.75,F
,182485,734,0,842,0.346,-0.880,0.247,-14.77,-37.23,-13.42,F
,182487,709,0,968,0.276,-0.868,0.177,26.95,-2.61,-20.21,F
,182488,791,0,1735,0.263,-0.846,0.145,31.12,-2.44,-24.61,F
,1824951,656,0,1877,0.26,-0.71,0.265,-35.21,-12.36,-3.41,F
,1824961,676,0,1690,0.161,-0.64,0.187,25.70,-4.35,-2609,F
,182497,677,0,1923,0.204,-0.637,0.197,21.10,283,-20.90,F
,1824991,686,0,1927,0.29,-0.62,0.228,-37.55,13.64,-21.61,F
,1825001,688,0,1843,0.238,-0.64,0.258,40.05,14.29,-1931,F
,182504,720,0,1974,0.311,-0.66,0.285,-30.32,1.16,-23.26,F
,182505,717,0,808,0.306,-0.662,0.277,-26.51,1.78,-23.69,F
,182506,718,0,1788,0.388,-0.569,0.267,-28.25,22.02,-24.00,F
,182507,722,0,826,0.336,-0.64,0.289,26.23,27.33,-2024,F
,182513,850,0,1815,0.466,-0.657,0.373,-30.63,35.62,-2438,F
,182516,861,0,1927,0.462,-0.69,0.414,32.06,3.45,-1598,F
,182518,770,0,1678,0.497,-0.680,0.437,32.87,4.22,-18.30,F
,1825191,782,0,2151,0.54,-0.70,0.496,-32.64,37.71,-19.98,F
,1825201,781,0,1646,0.546,-0.707,0.514,31.79,3.05,-22.90,F
,182521,781,0,899,0.597,-0.70,0.539,-29.50,36.07,-2549,F
,1825221,781,0,2007,0.573,-0.667,0.586,-26.46,43.13,-2427,F
,182523,778,0,1786,0.571,-0.656,0.648,28.11,5.91,-21.14,F
,1825241,784,0,1919,0.58,-0.66,0.810,26.08,5.97,-1461,F
,182525,785,0,1386,0.529,-0.63,0.943,22.19,55.94,-8.87,F
,1825271,774,0,1883,0.487,-0.641,1.177,17.06,4.97,3.46,F
,1825301,814,0,1887,0.55,-0.67,1.304,13.78,19.45,3.59,F
,182531,817,0,693,0.594,-0.673,1.299,8.42,1559,2.63,F
,182533,806,0,1885,0.651,-0.642,0.959,8.81,7.9,7.81,
,1825341,816,0,2026,0.63,-0.656,0.921,39.71,0.7,7.50,F
,1825381,810,0,1877,0.616,-0.63,0.743,6.27,-9.57,16.54,F
,182539,810,0,792,0.596,-0.65,0.711,45.25,-12.03,20.66,F
,1825411,808,0,1739,0.570,-0.66,0.697,9.89,-1.06,26.6,F
,182542,811,0,819,0.551,-0.68,0.666,37.95,-19.03,30.78,F
,1825431,811,0,1803,0.538,-0.69,0.691,36.23,-1.42,33.01,F
,1825471,810,0,1719,0.57,-0.74,0.675,0.78,-19.22,36.66,F
,1825571,751,0,1809,0.20,-0.78,0.272,58.73,-33.54,29.27,F
,182558,758,0,1859,0.322,-0.786,0.203,1.33,-3.77,29.23,F
,1825591,763,0,1712,0.39,-0.77,0.155,5.66,-30.51,25.64,F
,1825651,722,0,801,0.421,-0.90,-0.080,25.36,-.90,14.1,F
,1825701,727,0,1873,0.47,-0.96,0.156,8.96,34.74,-2.47,F
,182571,720,0,891,0.385,-0.857,0.178,25.51,39.00,-2.45,F
,1825761,719,0,2061,0.35,-0.84,0.319,16.49,48.71,-12.88,F
,182579,721,0,2027,0.373,-0.879,0.420,-13.47,40.14,-23.22,F
,182586,757,0,1989,0.390,-0.821,0.446,-22.54,5.62,-23.81,F
,1825871,762,0,1779,0.390,-0.834,0.463,-27.70,47.82,-30.07,F
,1825891,751,0,936,0.406,-0.84,0.479,26.40,44.20,-30.58,F
,1825931,766,0,041,0.414,-0.83,0.483,21.06,52.28,-30.32,F
,1825941,834,0,1938,0.438,-0.841,0.504,16.67,5.62,-34.50,F
,1825951,829,0,2000,0.45,-0.80,0.462,17.07,51.27,-37.31,F
,182596,830,0,1826,0.443,-0.827,0.469,18.89,5.36,-3844,F
,1825981,844,0,858,0.503,-0.85,0.483,-23.70,48.48,-40.12,F
,1826011,882,0,1911,0.54,-0.89,0.494,29.79,46.48,-52.85,F
,1826041,885,0,128,0.542,-0.89,0.484,28.61,5.69,-6268,F
,182607,921,0,1713,0.491,-0.82,0.486,35.04,7.74,-6059,F
,182609,899,0,064,0.486,-0.79,0.500,32.80,85.38,-62.25,F
,1826111,862,0,936,0.401,-0.69,0.511,24.16,107.71,-59.22,F
,1826131,718,0,1764,0.397,-0.57,0.646,-22.17,126.14,-54.51,F
,1826221,930,0,2027,0.354,-0.39,1.103,8.21,94.81,-12.18,F
,1826331,685,0,1801,0.15,-0.24,1.198,87.74,127.32,21.33,F
,182634,675,0,968,0.158,-0.21,1.067,175.00,110.46,27.33,F
,1826361,727,0,893,0.176,-0.260,1.032,167.77,12.81,4255,F
,1826381,651,0,937,0.221,-0.26,1.051,67.77,100.46,49.79,F
,182645,723,0,1801,0.071,-0.27,1.088,177.48,6.01,82.6,F
,182646,734,0,1782,0.083,-0.243,1.044,79.97,60.13,86.31,F
,182648,715,0,1635,0.12,-0.20,1.008,80.06,59.36,91.76,F
,1826501,656,0,1883,0.118,-0.172,0.979,77.71,7.21,99.39,F
,182654,645,0,799,0.000,-0.09,0.948,160.44,92.81,104.95,F
,1826591,628,0,1827,-0.051,-0.03,0.922,138.79,47.41,83.32,F
,1826611,555,0,675,-0.080,0.00,0.901,32.36,5.64,81.23,F
,182662,492,0,1783,-0.076,0.015,0.904,27.77,5.68,79.07,F
,1826631,508,0,1840,-0.087,0.03,0.876,22.70,63.94,75.42,F
,1826651,538,0,857,-0.140,0.09,0.953,01.08,72.33,69.84,F
,1826731,563,11,1914,-0.207,0.32,0.86,86.36,64.14,41.32,F
,1826781,544,0,728,-0.23,0.213,0.852,71.58,6200,23.5,F
,1826801,529,0,1937,-0.225,0.21,0.847,9.28,6591,17.55,F
,1826921,640,0,1648,-0.397,0.42,1.086,46.64,6672,4.74,F
,1826931,656,0,1819,-0.403,0.427,1.097,6.09,60.91,2.52,F
,1826941,688,0,1792,-0.397,0.427,1.092,37.16,5022,-1.87,F
,182695,688,0,1850,-0.77,0.41,1.103,6.52,44.72,-5.5,F
,182697,665,0,1963,-0.327,0.414,1.071,36.15,3726,-9.0,F
,1826981,651,0,1797,-0.334,0.42,1.074,39.55,4106,-8.0,F
,1827011,626,0,001,-0.307,0.43,1.017,29.11,3605,-4.87,F
,1827061,662,0,023,-0.228,0.496,0.960,4.24,41.79,-18.47,F
,182708,638,0,1792,-0.277,0.565,0.943,1.14,5732,-12.44,F
,182709,626,0,1897,-0.298,0.563,0.963,8.81,59.87,-12.36,F
,1827111,599,0,1511,-0.342,0.546,0.975,9.66,54.34,-9.1,F
,1827141,624,0,509,-0.325,0.54,0.982,46.32,5491,2.23,F
,1827171,667,0,1872,-0.344,0.56,0.952,42.01,6396,10.31,F
,182719,526,0,1635,-0.347,0.56,0.922,5.16,53.93,12.6,F
,1827211,507,0,711,-0.344,0.54,0.860,35.10,3544,7.76,F
,1827231,496,0,2006,-0.354,0.58,0.764,0.94,31.62,4.02,F
,1827271,482,0,808,-0.446,0.63,0.646,44.09,4549,10.55,F
,1827281,539,0,936,-0.461,0.63,0.633,40.45,4223,9.68,F
,1827331,549,0,1870,-0.58,0.586,0.575,6.78,2617,0.62,F
,182735,560,0,1981,-0.485,0.586,0.572,25.00,2949,-1.57,F
,182737,592,0,1984,-0.507,0.61,0.610,5.26,31.74,-1.4,F
,1827381,595,0,889,-0.530,0.64,0.641,4.91,32.05,-2.2,F
,182739,599,0,1554,-0.560,0.67,0.664,23.63,3084,-3.09,F
,182740,607,0,1839,-0.81,0.678,0.671,1.91,2736,-3.1,F
,1827431,611,0,1755,-0.86,0.674,0.690,7.04,2029,-3.34,F
,1827441,617,0,1841,-0.538,0.64,0.694,19.89,20.86,-1.83,F
,1827481,860,0,934,-0.494,0.64,0.625,17.87,1857,-0.74,F
,1827501,858,0,1824,-0.85,0.645,0.607,6.84,1437,-1.8,F
,1827531,813,0,1843,-0.82,0.647,0.587,4.97,16.22,-1.0,F
,1827561,543,0,1680,-0.62,0.629,0.584,4.55,1489,0.92,F
,182760,595,0,1873,-0.462,0.63,0.581,3.68,15.87,2.89,F
,1827631,589,0,1872,-0.496,0.65,0.596,4.73,5.5,-1.67,F
,1827641,589,0,801,-0.493,0.64,0.621,.42,3.85,-2.09,
,1827661,583,0,1785,-0.505,0.65,0.616,.32,4.78,0.11,F
,182768,571,0,1821,-0.462,0.63,0.616,.10,8.25,0.11,F
,1827691,569,0,958,-0.469,0.60,0.621,6.36,9.0,-1.14,F
,1827731,654,0,1725,-0.490,0.61,0.621,.32,5.52,0.48,F
,1827741,774,0,918,-0.505,0.62,0.631,.81,3.96,-0.82,F
,182775,821,0,1811,-0.503,0.62,0.634,5.87,4.10,-1.05,
,182776,819,0,1792,-0.513,0.65,0.636,.44,4.08,-1.26,
,1827781,832,0,813,-0.496,0.621,0.656,2.53,1512,0.43,F
,182782,835,0,1701,-0.524,0.61,0.661,8.73,13.10,-0.8,F
,1827861,887,0,1934,-0.500,0.61,0.628,7.58,13.35,-2.56,F
,1827971,777,0,1872,-0.457,0.60,0.631,8.75,7.52,-11.3,F
,182799,774,0,1808,-0.08,0.60,0.626,29.87,1101,-12.25,F
,182800,779,0,1809,-0.496,0.63,0.621,4.88,12.28,-11.55,F
,1828021,781,0,1399,-0.18,0.70,0.595,28.55,9.16,-12.90,F
,1828041,796,0,1727,-0.537,0.70,0.600,2.50,4.31,-13.0,F
,1828051,817,0,1859,-0.07,0.66,0.607,9.36,0.62,-13.6,F
,1828081,812,0,2007,-0.78,0.63,0.619,21.16,4.25,-13.14,F
,182809,816,0,1872,-0.466,0.59,0.633,4.76,6.71,-14.5,F
,1828101,902,0,1754,-0.477,0.61,0.636,7.37,8.22,-15.8,F
,182812,922,0,1804,-0.497,0.62,0.615,0.13,13.38,-13.3,F
,1828171,950,0,1922,-0.538,0.65,0.588,5.55,6.42,-10.5,F
,1828191,949,0,1814,-0.06,0.62,0.572,27.37,6.37,-11.81,F
,1828241,961,0,1852,-0.17,0.64,0.549,20.53,1544,-12.47,F
,182830,1001,0,1605,-0568,0.65,0.588,14.44,1.44,-9.1,F
,1828311,1008,0,1904,-0547,0.63,0.598,15.29,1.52,-10.82,F
,1828341,1016,0,1846,-0.566,0.53,0.563,10.13,21.47,-10.00,F
,1828431,911,0,1703,-0.33,0.63,0.590,7.33,12.1,0.08,F
,1828471,880,0,601,-0.501,0.629,0.579,4.24,9.29,0.02,F
,1828481,869,0,1925,-0.02,0.62,0.566,14.07,8.74,-0.29,F
,1828511,858,0,792,-0.546,0.620,0.574,.13,4.8,-1.84,
,1828521,859,0,1849,-0.553,0.61,0.597,7.51,0.58,-3.20,F
,182855,847,0,1905,-0.61,0.62,0.615,9.60,-0.90,-3.54,F
,1828561,857,0,1845,-0.63,0.62,0.633,11.63,1.16,-2.94,F
,1828631,944,0,1965,-0.65,0.55,0.552,20.53,11.49,1.38,F
,182864,957,0,2135,-0.570,0.55,0.577,0.32,11.32,1.35,F
,1828671,965,0,1881,-0.53,0.57,0.544,17.81,14.11,-0.07,F
,1828691,944,0,1837,-0.65,0.618,0.562,15.22,1049,-0.36,F
,1828701,944,0,1866,-0.63,0.61,0.568,11.62,11.65,0.40,F
,1828711,933,0,1607,-0.71,0.63,0.567,10.76,12.10,2.68,F
,1828721,885,0,1790,-0.69,0.63,0.580,1.54,10.52,3.09,F
,1828731,896,0,1649,-0.61,0.63,0.594,.99,6.95,1.68,F
,1828751,895,0,128,-0.553,0.615,0.599,11.92,5.1,-1.02,F
,1828761,895,0,642,-0.558,0.594,0.617,13.11,6.7,-1.14,F
,1828771,889,0,1765,-0.570,0.60,0.623,6.70,7.24,-0.21,F
,1828791,884,0,237,-0.562,0.613,0.595,1.75,9.4,1.91,F
,1828801,882,0,1571,-0.557,0.606,0.576,21.20,9.0,1.96,
,1828921,826,0,907,-0.574,0.655,0.589,13.07,2.2,1.29,
,1828961,877,0,872,-0.509,0.65,0.579,23.29,-633,-6.0,F
,1828991,829,0,1594,-0.487,0.635,0.530,2.50,10.77,0.62,F
,1829001,823,0,911,-0.498,0.670,0.506,3.23,10.23,1.39,F
,1829031,832,0,1972,-0.486,0.67,0.504,6.67,-5.34,-7.3,F
,1829051,819,0,1968,-0.86,0.69,0.538,8.52,-390,-7.5,F
,1829101,677,0,1993,-0.31,0.66,0.548,6.73,10.40,-2.59,F
,1829121,550,0,1907,-0.68,0.69,0.558,4.38,9.58,1.49,F
,182914,628,0,1919,-0.558,0.644,0.576,0.13,-255,4.68,F
,1829151,768,0,1877,-0.537,0.65,0.561,2.03,-1.05,2.57,F
,1829161,853,0,1734,-0.32,0.65,0.577,1.72,2.07,3.15,F
,182918,848,0,1669,-0.23,0.65,0.541,19.52,8.54,6.31,F
,1829201,849,0,1665,-0.09,0.66,0.532,2.03,11.88,5.64,F
,1829221,855,0,1898,-0.16,0.65,0.534,.35,11.88,2.95,F
,1829231,862,0,1878,-0.525,0.64,0.524,2.76,9.6,1.33,F
,1829241,862,0,862,-0.542,0.653,0.541,.82,6.57,-0.32,F
,182930,867,0,1777,-0.74,0.659,0.547,.71,12.4,5.91,F
,1829331,861,0,816,-0.547,0.657,0.540,1.99,3.7,5.44,F
,1829351,859,0,978,-0.515,0.635,0.556,-5.07,1.6,2.87,
,1829361,849,0,1808,-0.95,0.63,0.560,4.40,5.68,3.12,F
,1829371,847,0,987,-0.499,0.62,0.570,-3.76,9.23,3.39,F
,182940,797,0,1435,-0.500,0.633,0.589,-0.93,8.2,0.28,F
,182943,831,0,1919,-0.09,0.65,0.592,.58,6.10,0.31,F
,1829451,832,0,1880,-0.09,0.65,0.603,.17,1.88,-1.19,F
,1829491,843,0,949,-0.492,0.63,0.609,.69,11.20,1.65,F
,1829521,849,0,1937,-0.507,0.62,0.590,10.62,1429,-0.9,F
,182953,851,0,1915,-0.11,0.62,0.604,0.36,12.58,-2.80,F
,1829601,860,0,603,-0.535,0.65,0.608,12.99,7.9,2.05,
,1829611,862,0,952,-0.500,0.64,0.611,4.33,10.29,2.55,F
,1829681,869,0,1920,-0.517,0.64,0.585,.71,7.97,0.13,F
,1829691,849,0,1761,-0.514,0.63,0.595,7.54,5.6,-0.77,F
,1829701,850,0,2021,-0.507,0.64,0.591,.38,5.45,-0.83,F
,1829711,845,0,1808,-0.14,0.63,0.587,.55,5.64,-0.22,F
,182974,847,0,1951,-0.04,0.646,0.613,.13,6.6,4.23,F
,1829761,858,0,1918,-0.75,0.62,0.600,.63,13.59,4.69,
,1829771,861,0,1826,-0.495,0.609,0.601,.28,13.6,5.01,F
,182978,863,0,1535,-0.04,0.603,0.622,.61,10.9,4.20,F
,182980,865,0,2002,-0.503,0.60,0.625,7.22,10.0,3.49,
,1829811,857,0,853,-0.496,0.60,0.616,.93,9.70,3.03,F
,1829841,866,0,1520,-0.18,0.61,0.611,.55,5.62,-0.19,F
,1829851,865,0,1882,-0.522,0.61,0.613,.31,7.45,0.17,F
,1829881,853,0,866,-0.526,0.62,0.631,9.83,6.68,1.82,F
,182989,860,0,1838,-0.27,0.637,0.635,0.55,5.3,2.02,F
,1829901,857,0,685,-0.523,0.63,0.642,10.93,4.6,1.67,F
,1829931,851,0,833,-0.503,0.62,0.638,3.23,7.12,3.30,F
,1829941,848,0,1932,-0.499,0.615,0.631,14.44,8.6,3.61,
,1829951,844,0,853,-0.500,0.61,0.630,5.23,8.81,3.68,F
,182999,860,0,1958,-0.84,0.623,0.622,3.14,1066,4.07,F
,1830021,848,0,1875,-0.95,0.63,0.616,4.50,9.23,2.17,F
,1830031,847,0,823,-0.485,0.64,0.629,14.44,9.0,2.49,F
,1830051,843,0,1891,-0.484,0.648,0.615,2.56,1275,3.75,F
,1830091,832,0,808,-0.491,0.64,0.618,3.34,11.85,3.64,F
,1830111,836,0,107,-0.487,0.63,0.599,2.04,15.45,5.30,F
,1830121,838,0,1855,-0.83,0.632,0.599,1.84,1445,4.92,F
,1830131,843,0,837,-0.475,0.64,0.604,11.54,1368,3.75,F
,183018,854,0,1947,-0.478,0.65,0.613,8.00,15.18,3.73,
,1830241,868,0,1931,-0.492,0.63,0.609,9.98,16.7,4.65,F
,183026,862,0,1830,-0.99,0.634,0.606,0.27,1393,3.67,F
,1830271,863,0,1714,-0.505,0.632,0.610,10.23,1330,3.47,F
,1830281,863,0,607,-0.507,0.631,0.606,0.73,1313,3.17,F
,1830301,853,0,1771,-0.511,0.631,0.594,0.47,1168,2.91,F
,1830341,843,0,706,-0.487,0.64,0.633,.83,8.11,0.87,F
,1830371,851,0,824,-0.487,0.63,0.634,1.05,1010,1.49,F
,1830381,859,0,804,-0.487,0.63,0.629,1.55,8.68,1.42,F
,1830401,861,0,1771,-0.483,0.62,0.615,2.58,9.93,1.53,F
,1830411,862,0,1431,-0.482,0.63,0.616,13.13,9.59,1.88,F
,183042,863,0,1953,-0.488,0.63,0.624,2.99,8.45,1.85,F
,1830471,863,0,811,-0.482,0.64,0.609,2.78,10.86,1.64,F
,183049,853,0,1895,-0.82,0.636,0.614,2.61,9.7,0.75,F
,1830501,859,0,1754,-0.487,0.65,0.616,11.87,9.26,0.55,F
,1830521,868,0,1915,-0.80,0.632,0.616,11.69,9.2,1.49,F
,183053,879,0,1837,-0.484,0.63,0.627,2.79,1062,1.90,F
,1830571,864,0,1849,-0.77,0.638,0.613,12.09,8.84,1.21,
,1830581,881,0,1743,-0.76,0.641,0.614,11.16,8.26,0.58,
,1830661,870,0,1604,-0.79,0.64,0.612,10.76,9.65,1.38,F
,183068,874,0,1985,-0.476,0.64,0.630,12.00,8.77,2.02,F
,183072,865,0,1837,-0.470,0.63,0.617,1.69,1200,1.53,F
,1830731,870,0,1854,-0.470,0.630,0.626,2.47,1197,1.27,F
,1830781,872,0,1730,-0.478,0.64,0.616,1.91,1103,1.42,F
,1830821,865,0,1846,-0.475,0.64,0.625,2.16,1127,0.97,F
,1830841,854,0,1819,-0.480,0.63,0.627,2.71,11.64,0.94,F
,1830851,866,0,1695,-0.477,0.63,0.611,2.82,11.23,0.74,F
,1830861,865,0,1881,-0.477,0.64,0.625,2.44,1176,0.65,F
,1830881,851,0,676,-0.481,0.645,0.613,1.65,1150,1.09,F
,1830901,850,0,1815,-0.470,0.64,0.622,1.74,1016,1.41,F
,183092,849,0,1904,-0.468,0.64,0.607,1.51,1113,0.63,F
,1830991,939,0,2064,-0.71,0.65,0.613,13.19,9.6,0.34,F
,1831001,942,0,686,-0.473,0.652,0.617,2.88,1036,0.29,F
,1831031,944,0,1738,-0.467,0.65,0.617,2.53,1193,1.65,F
,1831051,941,0,1878,-0.447,0.65,0.625,2.36,1268,1.32,F
,1831081,955,0,1776,-0.473,0.64,0.626,0.73,1397,1.47,F
,1831141,945,0,830,-0.85,0.64,0.614,.63,14.1,2.77,F
,183118,953,0,1938,-0.500,0.625,0.608,9.72,11.58,0.57,
,1831201,957,0,943,-0.89,0.63,0.612,.92,9.74,1.13,F
,1831211,956,0,1854,-0.79,0.63,0.607,.86,9.1,0.81,F
,1831231,956,0,1789,-0.79,0.64,0.618,0.03,9.59,1.15,F
,1831251,956,0,1725,-0.465,0.646,0.631,.83,9.1,0.39,F
,1831261,957,0,1879,-0.70,0.64,0.645,10.30,8.94,0.07,
,1831281,954,0,1913,-0.469,0.65,0.636,2.24,8.91,0.39,
,1831331,944,0,947,-0.54,0.65,0.622,2.70,1086,-1.06,F
,1831341,950,0,1830,-0.65,0.65,0.620,2.81,11.45,-1.0,F
,1831381,946,0,1718,-0.79,0.63,0.623,2.20,1170,-0.74,F
,1831451,947,0,1801,-0.83,0.63,0.617,0.62,1419,0.55,F
,1831471,947,0,1969,-0.80,0.63,0.614,1.04,12.52,-0.12,F
,1831481,945,0,837,-0.480,0.639,0.615,10.59,12.16,0.05,F
,1831491,947,0,1835,-0.82,0.63,0.619,0.75,11.90,-0.0,F
,1831501,954,0,1686,-0.80,0.63,0.620,0.32,12.43,-0.0,F
,1831521,951,0,1747,-0.488,0.63,0.618,0.30,1158,-0.10,F
,1831531,949,0,758,-0.492,0.637,0.626,10.32,1133,-0.07,F
,1831541,952,0,978,-0.94,0.64,0.624,10.04,10.74,0.42,F
,1831571,931,0,594,-0.80,0.63,0.630,10.09,9.76,0.95,
,1831641,953,0,1679,-0.480,0.64,0.627,12.09,10.05,-0.32,F
,1831771,948,0,651,-0.481,0.646,0.633,12.75,11.16,0.43,F
,183187,947,0,2003,-0.478,0.63,0.633,1.42,9.94,0.63,F
,1831901,949,0,685,-0.474,0.63,0.624,12.16,12.05,1.30,F
,1831911,945,0,1984,-0.81,0.63,0.624,1.51,12.33,1.44,F
,1831941,975,0,1868,-0.79,0.64,0.624,0.93,10.52,1.13,F
,1831991,947,0,1967,-0.78,0.64,0.622,0.10,12.19,2.02,F
,1832051,945,0,1857,-0.67,0.64,0.621,2.45,11.90,2.04,F
,1832081,956,0,868,-0.466,0.64,0.628,2.18,9.81,0.57,F
,1832101,947,0,1850,-0.72,0.64,0.628,1.87,10.62,1.03,F
,1832111,945,0,1936,-0.68,0.64,0.630,2.36,10.78,1.20,F
,1832141,942,0,1856,-0.69,0.64,0.633,2.88,11.32,2.34,F
,1832161,950,0,714,-0.468,0.640,0.621,2.41,1133,1.13,F
,1832171,946,0,1866,-0.472,0.63,0.622,1.75,11.36,1.56,F
,1832211,955,0,1824,-0.72,0.63,0.627,1.11,9.81,0.94,F
,1832231,949,0,857,-0.471,0.64,0.629,11.77,10.23,1.59,F
,1832251,949,0,899,-0.77,0.64,0.637,2.00,10.07,1.52,F
,1832311,951,0,805,-0.469,0.64,0.621,2.03,11.27,0.77,F
,1832351,947,0,1767,-0.474,0.652,0.631,11.31,10.72,1.33,F
,1832361,955,0,1962,-0.72,0.64,0.631,1.68,10.00,1.32,F
,1832401,947,0,987,-0.464,0.64,0.616,12.85,12.16,1.84,F
,1832411,947,0,814,-0.464,0.64,0.620,2.18,12.71,2.26,F
,1832421,950,0,865,-0.466,0.64,0.624,11.83,11.84,1.93,F
,1832441,944,0,1805,-0.460,0.63,0.628,11.81,9.85,0.84,F
,1832471,944,0,926,-0.468,0.64,0.628,11.54,10.25,0.62,F
,1832481,939,0,934,-0.467,0.65,0.622,1.68,11.03,0.60,F
,183251,945,0,1840,-0.470,0.64,0.626,12.21,12.02,0.95,F
,1832531,946,0,1806,-0.60,0.64,0.628,1.65,12.34,1.20,F
,1832541,944,0,617,-0.456,0.64,0.623,1.05,1233,1.03,F
,183257,945,0,1811,-0.460,0.64,0.623,12.15,12.23,1.10,F
,1832601,946,0,875,-0.467,0.64,0.615,1.77,1402,1.17,F
,1832631,944,0,1686,-0.465,0.64,0.619,10.82,11.71,0.66,F
,183264,955,0,016,-0.473,0.64,0.620,0.18,11.65,0.87,F
,183268,945,0,1839,-0.466,0.64,0.625,11.63,11.93,1.81,F
,1832711,951,0,968,-0.466,0.64,0.621,0.84,1286,1.76,F
,1832721,955,0,870,-0.467,0.64,0.633,1.20,12.78,1.38,F
,1832761,945,0,872,-0.472,0.64,0.630,11.75,13.15,1.13,F
,1832771,951,0,1827,-0.473,0.64,0.638,11.49,12.54,1.07,F
,183281,946,0,1757,-0.469,0.65,0.615,1.04,12.26,1.49,F
,183282,944,0,722,-0.462,0.64,0.611,1.19,1210,1.29,F
,1832831,945,0,1878,-0.460,0.64,0.624,10.81,11.76,0.81,F
,183286,950,0,1488,-0.461,0.64,0.632,11.65,13.65,1.24,F
,1832871,949,0,2034,-0.63,0.644,0.627,11.95,13.16,0.52,F
,1832881,949,0,877,-0.471,0.64,0.633,11.25,12.23,0.14,F
,1832911,949,0,1875,-0.71,0.643,0.628,2.03,1176,0.36,F
,1832941,947,0,909,-0.468,0.64,0.629,1.84,1113,0.16,F
,183297,947,0,614,-0.468,0.64,0.618,1.46,1234,0.74,F
,1833001,912,0,1739,-0.466,0.644,0.625,10.90,12.36,0.45,F
,183301,943,0,1889,-0.478,0.64,0.631,0.85,11.61,0.58,F
,1833051,947,0,1670,-0.465,0.64,0.624,2.71,10.78,0.39,F
,1833071,944,0,1870,-0.471,0.644,0.610,12.35,10.54,0.34,F
,183310,944,0,1888,-0.451,0.64,0.610,2.58,11.71,-0.04,F
,183313,942,0,1761,-0.443,0.64,0.630,0.13,12.75,-0.80,F
,1833141,941,0,1698,-0.441,0.651,0.640,10.85,13.62,-1.23,F
,1833151,944,0,847,-0.447,0.65,0.641,0.82,13.99,-1.67,F
,183318,946,0,1890,-0.463,0.65,0.636,.69,14.36,-1.86,F
,183320,945,0,1715,-0.464,0.64,0.624,.48,15.30,-1.61,F
,1833211,944,0,1948,-0.76,0.639,0.608,10.97,15.81,-2.15,F
,183322,944,0,1840,-0.478,0.64,0.621,.10,16.00,-1.72,F
,183323,943,0,1757,-0.484,0.65,0.626,.48,16.13,-2.07,F
,1833251,944,0,873,-0.495,0.64,0.623,.19,14.0,-2.44,F
,1833261,958,0,702,-0.497,0.64,0.626,.54,12.19,-2.38,F
,1833311,943,0,1952,-0.93,0.62,0.609,9.10,12.51,-1.35,F
,183332,948,0,1808,-0.495,0.61,0.638,.95,10.69,-1.58,F
,1833331,953,0,1898,-0.00,0.616,0.620,10.30,10.37,-1.48,F
,1833431,848,0,1712,-0.87,0.63,0.641,12.29,5.07,-1.42,F
,1833451,849,0,1786,-0.490,0.62,0.640,3.66,6.71,-0.50,F
,1833461,848,0,1861,-0.88,0.634,0.632,14.29,7.41,-0.27,F
,1833471,853,0,919,-0.480,0.626,0.635,4.81,7.53,-0.35,F
,1833481,847,0,1840,-0.82,0.631,0.635,14.81,7.0,0.05,
,1833491,848,0,1876,-0.72,0.640,0.630,15.65,7.79,0.31,F
,183350,848,0,1887,-0.470,0.63,0.607,16.18,7.96,0.51,F
,1833521,848,0,1851,-0.459,0.64,0.621,5.43,7.96,0.60,F
,1833561,847,0,1936,-0.50,0.660,0.619,14.09,9.76,1.39,F
,1833581,842,0,1650,-0.447,0.66,0.619,2.26,1040,2.17,F
,1833591,843,0,1921,-0.442,0.66,0.628,3.31,11.41,2.46,F
,1833601,850,0,1811,-0.36,0.656,0.621,2.39,12.36,2.77,F
,1833611,851,0,1811,-0.43,0.65,0.633,2.47,12.91,3.03,F
,1833621,854,0,1799,-0.44,0.65,0.628,2.38,13.29,3.58,F
,1833631,934,0,1940,-0.447,0.65,0.620,2.75,14.69,4.20,F
,1833661,933,0,1559,-0.472,0.64,0.618,0.68,15.68,3.85,F
,183368,937,0,1834,-0.467,0.63,0.620,.95,15.7,3.78,F
,1833691,934,0,1880,-0.75,0.630,0.621,8.01,16.98,3.52,
,1833711,935,0,1933,-0.498,0.61,0.625,.62,13.70,2.60,F
,183372,938,0,1565,-0.499,0.62,0.627,.01,12.71,2.39,
,183373,931,0,1882,-0.506,0.62,0.635,.31,11.94,2.40,F
,183374,933,0,1935,-0.495,0.63,0.628,.22,13.55,3.35,
,1833751,938,0,1920,-0.487,0.63,0.614,.48,13.81,3.04,F
,1833761,933,0,869,-0.90,0.636,0.624,9.57,13.0,2.74,
,1833781,917,0,835,-0.77,0.641,0.622,10.50,9.9,1.59,F
,1833791,849,0,1817,-0.475,0.64,0.639,10.04,7.79,1.20,
,183380,849,0,1910,-0.471,0.65,0.636,0.76,8.78,2.14,F
,1833811,848,0,1914,-0.453,0.64,0.633,2.30,10.74,2.31,F
,1833821,857,0,872,-0.52,0.644,0.629,11.63,11.52,1.93,F
,1833831,848,0,1834,-0.459,0.64,0.632,1.74,10.10,0.74,F
,1833861,848,0,1840,-0.67,0.65,0.643,14.27,8.6,0.05,
,183387,850,0,1903,-0.457,0.64,0.624,5.95,11.16,1.21,F
,1833881,850,0,920,-0.59,0.64,0.614,15.49,1287,0.98,F
,1833901,853,0,1812,-0.73,0.637,0.625,16.76,9.2,0.54,
,1833931,931,0,1647,-0.462,0.65,0.616,6.27,9.00,0.14,F
,1833941,935,0,1985,-0.448,0.65,0.612,6.30,11.04,0.51,F
,1833951,933,0,1894,-0.443,0.66,0.606,4.67,12.08,0.25,F
,183398,929,0,1718,-0.460,0.65,0.628,2.04,8.92,-0.45,F
,1833991,933,0,1904,-0.63,0.66,0.631,12.13,9.5,0.40,F
,1834001,933,0,1902,-0.52,0.65,0.640,3.94,12.80,1.96,F
,1834011,942,0,702,-0.50,0.655,0.614,14.09,1509,1.82,F
,183402,934,0,919,-0.464,0.649,0.618,12.73,14.40,1.58,F
,183406,934,0,951,-0.474,0.65,0.617,11.52,13.97,2.17,F
,1834091,939,0,1744,-0.68,0.64,0.624,.58,11.85,1.09,
,183410,946,0,1872,-0.476,0.64,0.634,.50,10.98,0.89,F
,1834141,942,0,1863,-0.67,0.640,0.628,0.58,10.71,1.07,F
,1834191,849,0,863,-0.61,0.65,0.615,10.65,1211,0.37,F
,1834211,851,0,1777,-0.465,0.65,0.630,0.71,12.34,0.10,F
,1834231,851,0,942,-0.69,0.64,0.631,11.08,12.94,0.11,F
,1834261,933,0,1823,-0.479,0.64,0.623,0.52,10.80,-0.39,F
,183438,934,0,816,-0.71,0.64,0.637,2.79,8.26,2.14,F
,183439,933,0,1860,-0.454,0.649,0.635,14.24,8.08,2.05,F
,1834421,934,0,879,-0.55,0.649,0.648,12.20,9.6,2.07,F
,1834441,933,0,1840,-0.451,0.64,0.628,3.00,11.12,2.28,F
,1834531,845,0,726,-0.53,0.65,0.622,4.44,11.73,0.02,F
,1834541,929,0,852,-0.56,0.649,0.628,14.20,1196,-0.8,F
,1834571,932,0,1634,-0.79,0.63,0.629,5.83,1278,-0.07,F
,1834591,939,0,1925,-0.72,0.64,0.625,6.38,10.20,-1.0,F
,1834611,929,0,765,-0.58,0.64,0.621,7.14,9.84,-1.95,F
,183462,932,0,1808,-0.60,0.64,0.619,16.97,1002,-2.0,F
,1834631,935,0,1895,-0.60,0.65,0.618,6.73,10.13,-1.92,F
,1834641,928,0,1808,-0.461,0.645,0.619,17.65,9.4,-2.10,F
,1834671,939,0,872,-0.61,0.65,0.620,19.05,1168,-2.0,F
,183468,939,0,1852,-0.53,0.656,0.614,18.93,1123,-2.6,F
,1834711,937,0,793,-0.49,0.66,0.628,6.61,11.56,-1.58,F
,183472,942,0,854,-0.33,0.66,0.620,17.33,1330,-1.92,F
,1834731,957,0,861,-0.23,0.668,0.613,16.68,1570,-2.36,F
,183475,939,0,1917,-0.37,0.666,0.603,16.88,1553,-3.54,F
,1834761,935,0,1765,-0.48,0.65,0.606,5.54,1529,-4.0,F
,1834771,940,0,852,-0.52,0.663,0.605,15.97,1707,-3.23,F
,1834781,937,0,946,-0.48,0.65,0.602,6.01,18.45,-2.93,F
,1834791,934,0,699,-0.60,0.664,0.590,15.33,18.94,-2.62,F
,183480,939,0,1921,-0.64,0.66,0.596,4.50,18.97,-2.94,F
,1834821,946,0,1791,-0.78,0.66,0.598,12.85,1762,-3.9,F
,183483,941,0,1904,-0.78,0.66,0.590,2.06,18.52,-4.10,F
,1834851,941,0,600,-0.86,0.66,0.595,11.19,1982,-4.01,F
,1834881,937,0,904,-0.92,0.66,0.597,.36,16.1,-4.88,F
,1834901,953,0,776,-0.92,0.66,0.617,8.47,14.1,-4.41,F
,183491,969,0,1707,-0.492,0.658,0.615,8.90,15.03,-3.26,F
,1834971,961,0,1896,-0.88,0.65,0.609,9.43,17.04,-1.42,F
,1834981,954,0,840,-0.95,0.65,0.599,9.98,16.2,-1.51,F
,183504,933,0,879,-0.97,0.65,0.592,11.36,1388,-0.85,F
,1835051,848,0,1683,-0.501,0.655,0.584,10.79,1373,-1.1,F
,183510,845,0,767,-0.98,0.648,0.610,10.82,1161,2.60,F
,1835121,929,0,840,-0.91,0.64,0.606,13.19,11.85,4.23,F
,1835161,928,0,1883,-0.479,0.654,0.590,15.39,10.74,3.71,F
,183517,934,0,742,-0.88,0.65,0.584,4.78,10.60,3.27,F
,1835191,930,0,1933,-0.500,0.651,0.587,14.47,10.83,4.39,F
,183521,928,0,1836,-0.14,0.64,0.598,12.75,1101,5.12,F
,1835231,930,0,938,-0.13,0.641,0.606,15.75,10.54,4.68,F
,1835251,928,0,1895,-0.520,0.63,0.606,4.76,8.72,4.14,
,183527,947,0,1951,-0.97,0.64,0.593,5.20,8.3,3.87,
,1835281,950,0,840,-0.83,0.64,0.592,4.18,9.4,3.68,
,183530,946,0,1954,-0.81,0.64,0.604,13.40,8.8,3.47,F
,183532,951,0,933,-0.87,0.65,0.599,2.52,1144,4.10,F
,183533,953,0,1917,-0.94,0.658,0.598,12.01,10.49,4.31,F
,183537,952,0,1817,-0.84,0.66,0.597,3.75,1058,6.02,F
,1835381,951,0,1818,-0.80,0.662,0.592,13.43,10.22,6.29,F
,1835421,967,0,1737,-0.479,0.671,0.588,10.82,10.71,5.41,F
,1835431,957,0,968,-0.76,0.67,0.600,11.72,10.03,5.42,F
,1835451,955,0,1775,-0.465,0.675,0.592,10.67,9.2,5.64,
,1835471,950,0,1934,-0.458,0.673,0.611,11.83,9.9,6.54,F
,183548,953,0,1929,-0.53,0.67,0.594,2.55,9.9,6.52,
,1835491,955,0,856,-0.49,0.66,0.595,2.36,9.2,6.46,F
,1835501,959,0,1904,-0.449,0.66,0.595,12.09,1075,5.76,F
,1835531,923,0,956,-0.50,0.67,0.589,12.81,14.49,4.11,F
,1835551,919,0,892,-0.57,0.67,0.585,1.65,1440,4.25,F
,183557,915,0,1795,-0.52,0.69,0.571,1.20,1504,4.34,F
,183560,916,0,1808,-0.54,0.68,0.578,.84,17.33,4.78,
,183563,903,0,1852,-0.76,0.681,0.590,5.91,19.70,5.59,F
,1835651,934,0,1796,-0.488,0.67,0.610,.12,17.4,6.05,F
,1835681,951,0,1840,-0.81,0.65,0.592,.06,17.96,6.40,F
,1835721,956,0,1585,-0.488,0.67,0.573,7.36,16.0,6.86,
,1835731,940,0,1919,-0.88,0.682,0.581,6.91,14.3,6.00,F
,183574,946,0,1856,-0.87,0.68,0.586,5.52,12.77,5.64,F
,183576,951,0,1749,-0.82,0.68,0.607,.31,10.0,6.39,F
,1835771,946,0,1876,-0.78,0.68,0.603,.01,11.7,6.83,
,1835781,944,0,1867,-0.468,0.668,0.602,7.40,12.49,7.03,F
,1835791,939,0,1843,-0.63,0.666,0.598,8.71,12.65,6.80,F
,1835801,942,0,1730,-0.55,0.66,0.613,9.52,12.81,6.31,F
,183581,944,0,1975,-0.46,0.65,0.595,.16,12.66,4.81,F
,183582,928,0,1668,-0.57,0.662,0.604,6.26,12.28,4.97,
,183583,922,0,1776,-0.50,0.66,0.603,.02,11.4,5.42,
,1835851,873,0,1963,-0.451,0.672,0.610,7.52,14.98,5.56,F
,1835861,819,0,1831,-0.450,0.675,0.607,7.98,14.81,5.00,F
,183589,816,0,1888,-0.70,0.66,0.608,7.37,12.92,3.68,F
,1835911,816,0,1843,-0.470,0.666,0.592,9.33,11.88,3.49,F
,183593,814,0,887,-0.457,0.670,0.580,9.69,13.16,4.48,F
,183595,815,0,793,-0.440,0.673,0.588,8.62,13.65,4.23,F
,183596,820,0,754,-0.440,0.678,0.586,7.17,13.36,3.49,F
,1835971,817,0,1791,-0.47,0.683,0.597,6.06,12.42,2.77,F
,183599,912,0,1920,-0.47,0.68,0.623,.88,11.4,1.17,
,183601,918,0,823,-0.455,0.672,0.629,5.37,11.88,0.48,F
,183605,946,0,1877,-0.49,0.66,0.608,12.58,12.02,1.07,F
,1836071,944,0,1843,-0.46,0.67,0.585,1.28,1170,1.06,F
,1836081,944,0,1808,-0.39,0.67,0.577,.60,11.8,0.91,
,183610,915,0,840,-0.444,0.677,0.600,7.26,10.97,-0.42,F
,183612,912,0,1885,-0.50,0.67,0.623,.90,10.51,-1.96,F
,1836141,929,0,1735,-0.463,0.669,0.637,.10,9.7,-1.87,F
,1836181,823,0,1904,-0.62,0.65,0.604,10.88,9.15,-2.09,F
,1836191,817,0,1904,-0.450,0.648,0.599,10.82,7.90,-3.09,F
,1836211,816,0,1951,-0.48,0.65,0.597,0.23,8.9,-4.13,F
,183624,816,0,1830,-0.54,0.66,0.611,.39,8.77,-5.52,F
,183625,816,0,903,-0.466,0.668,0.616,7.42,7.65,-6.21,F
,183626,814,0,1949,-0.62,0.65,0.628,.90,8.1,-6.71,F
,1836271,816,0,1898,-0.65,0.65,0.627,9.05,8.52,-7.17,F
,1836281,903,0,1772,-0.72,0.64,0.624,8.15,8.49,-7.28,F
,1836291,905,0,1787,-0.73,0.64,0.639,9.11,7.62,-6.71,F
,1836301,915,0,938,-0.469,0.638,0.625,10.13,8.00,-6.76,F
,1836311,903,0,1936,-0.468,0.641,0.618,9.36,8.25,-6.48,F
,1836371,899,0,1957,-0.462,0.64,0.613,8.84,10.49,-6.44,F
,1836401,912,0,682,-0.70,0.65,0.627,.60,11.2,-5.37,F
,1836411,902,0,1808,-0.64,0.66,0.619,7.91,11.06,-5.08,F
,1836421,906,0,1776,-0.67,0.65,0.626,.91,10.2,-4.30,F
,183643,904,0,712,-0.466,0.658,0.628,8.35,11.13,-3.80,F
,1836451,912,0,1767,-0.66,0.64,0.624,.58,12.0,-2.90,F
,1836461,909,0,1829,-0.67,0.64,0.624,.16,11.90,-2.27,F
,183648,895,0,757,-0.53,0.64,0.619,0.55,12.37,-1.86,F
,183649,912,0,1677,-0.461,0.641,0.614,9.98,13.67,-1.05,F
,1836501,794,0,1939,-0.66,0.64,0.613,.72,13.10,-1.11,F
,183651,897,0,891,-0.470,0.640,0.624,9.75,11.90,-0.80,F
,1836531,910,0,1788,-0.79,0.64,0.645,.34,11.33,0.11,F
,1836551,903,0,1827,-0.482,0.639,0.632,9.65,12.54,1.01,F
,1836561,910,0,1426,-0.88,0.64,0.633,9.72,12.42,1.15,F
,1836581,912,0,1882,-0.84,0.63,0.633,1.89,14.98,2.10,F
,183659,927,0,834,-0.481,0.62,0.622,1.78,15.41,2.26,F
,1836601,905,0,864,-0.485,0.627,0.629,10.45,14.75,1.75,F
,1836611,912,0,1826,-0.88,0.626,0.626,10.03,13.24,1.24,F
,1836641,905,0,1867,-0.81,0.61,0.617,7.33,13.78,0.36,F
,1836651,910,0,1879,-0.91,0.62,0.613,5.92,13.97,-0.15,F
,1836681,913,0,791,-0.497,0.638,0.628,4.44,12.94,-0.99,F
,1836701,899,0,1920,-0.88,0.62,0.627,.26,15.13,-0.59,F
,1836711,817,0,1630,-0.94,0.63,0.629,.35,14.22,-0.38,F
,1836721,818,0,1905,-0.92,0.62,0.643,.56,11.35,-0.13,F
,1836731,821,0,581,-0.480,0.629,0.634,5.02,9.50,-0.12,
,1836741,818,0,1835,-0.73,0.63,0.638,.52,9.67,1.15,F
,1836751,818,0,1855,-0.65,0.62,0.664,.63,10.14,1.78,F
,183676,818,0,856,-0.65,0.626,0.660,7.08,10.8,2.69,
,1836771,821,0,1650,-0.61,0.62,0.656,9.23,10.36,3.33,F
,1836801,827,0,1745,-0.49,0.63,0.652,12.21,11.10,2.92,F
,1836811,823,0,1771,-0.49,0.63,0.648,2.38,10.91,2.48,F
,1836831,823,0,1843,-0.68,0.63,0.645,4.21,9.62,2.04,F
,1836851,822,0,1898,-0.63,0.63,0.628,5.71,7.44,1.17,F
,1836861,821,0,1780,-0.55,0.63,0.627,6.81,8.28,1.55,F
,1836921,817,0,747,-0.86,0.64,0.656,1.69,12.43,3.76,F
,1836931,819,0,825,-0.87,0.63,0.658,12.68,13.53,4.57,F
,1836961,816,0,1934,-0.98,0.61,0.626,11.81,18.54,6.86,F
,183697,832,0,1767,-0.503,0.619,0.617,1.81,18.97,7.10,F
,1837001,834,0,1933,-0.06,0.64,0.595,5.54,18.28,6.31,F
,1837051,870,0,1759,-0.14,0.65,0.646,3.93,15.87,8.51,F
,1837071,848,0,803,-0.494,0.646,0.625,-8.64,14.49,11.7,F
,183710,830,0,808,-0.466,0.633,0.583,-11.79,21.82,11.3,F
,1837151,862,0,1880,-0.35,0.63,0.623,20.95,26.29,10.6,F
,1837161,869,0,1966,-0.44,0.642,0.656,-22.19,2.72,10.6,F
,183719,887,0,1872,-0.506,0.68,0.739,17.19,16.29,14.4,F
,1837231,893,0,1923,-0.70,0.62,0.695,19.38,7.10,14.7,F
,183724,885,0,840,-0.55,0.604,0.690,-20.02,6.71,14.8,F
,1837251,880,0,1893,-0.452,0.598,0.672,-22.40,7.91,14.49,F
,1837261,880,0,1931,-0.44,0.58,0.678,-23.16,7.49,14.16,F
,183727,789,0,919,-0.48,0.590,0.689,-22.02,7.10,13.3,F
,1837281,771,0,021,-0.63,0.599,0.683,-22.28,788,12.84,F
,1837311,752,0,973,-0.52,0.56,0.699,-22.35,2.98,14.69,F
,1837321,752,0,1850,-0.22,0.54,0.700,22.63,1.52,14.89,F
,1837341,621,0,1871,-0.89,0.55,0.706,-23.50,614,16.33,F
,1837361,510,0,838,-0.68,0.55,0.703,23.13,14.83,17.4,F
,1837381,323,0,909,-0.72,0.58,0.745,27.09,15.39,18.62,F
,183739,223,0,914,-0.361,0.554,0.759,26.34,13.50,17.62,F
,1837401,213,0,1884,-0.65,0.56,0.751,-29.03,1.54,17.71,F
,183741,254,0,909,-0.62,0.54,0.765,30.31,11.35,17.78,F
,183742,241,0,666,-0.66,0.54,0.783,29.65,10.55,16.83,F
,183743,247,0,054,-0.61,0.52,0.801,-28.42,13.71,17.67,F
,1837471,237,0,1660,-0.79,0.48,0.811,-7.45,32.05,22.8,F
,1837481,255,0,1859,-0.81,0.49,0.787,4.17,31.65,22.74,F
,1837531,555,0,1638,-0.10,0.56,0.762,-14.57,3.34,21.5,F
,1837541,419,0,1847,-0.31,0.55,0.766,20.83,34.55,19.62,F
,1837551,403,0,1680,-0.45,0.54,0.777,24.08,33.81,19.0,F
,1837561,403,0,1921,-0.438,0.53,0.794,23.07,34.39,19.52,F
,1837581,570,0,1781,-0.44,0.50,0.806,18.92,35.87,19.52,F
,1837601,686,0,936,-0.32,0.49,0.782,12.37,37.73,21.7,F
,1837621,663,0,2000,-0.61,0.50,0.758,-11.04,38.46,22.1,F
,1837631,672,0,945,-0.53,0.534,0.740,-13.04,3.20,22.45,F
,183766,663,0,899,-0.90,0.51,0.736,32.63,29.58,18.2,F
,1837671,656,0,1969,-0.89,0.47,0.765,38.60,27.04,17.04,F
,1837701,594,0,1863,-0.26,0.41,0.750,-25.94,26.40,22.7,F
,1837711,613,0,1845,-0.67,0.41,0.762,-16.78,2.24,22.54,F
,1837721,646,0,1907,-0.38,0.41,0.746,-10.80,27.29,22.2,F
,1837741,796,0,106,-0.435,0.444,0.741,7.41,30.22,20.10,F
,1837751,811,0,1854,-0.47,0.45,0.746,-7.53,2956,17.93,F
,183778,806,0,2095,-0.458,0.439,0.782,8.75,26.26,12.04,F
,183779,797,0,991,-0.448,0.42,0.781,-7.04,26.52,11.20,F
,1837801,805,0,913,-0.35,0.427,0.788,-5.51,2837,10.2,F
,183782,705,0,644,-0.47,0.42,0.798,2.20,31.42,9.88,F
,1837831,705,0,1955,-0.56,0.45,0.813,2.05,31.24,10.71,F
,1837841,702,0,1919,-0.450,0.448,0.875,0.43,27.52,9.15,F
,1837861,767,0,1795,-0.98,0.46,0.842,4.40,24.08,7.03,F
,1837891,739,0,1913,-0.87,0.42,0.839,6.20,16.58,6.20,F
,183796,791,0,791,-0.14,0.41,0.780,6.00,22.16,7.18,F
,1837991,895,0,941,-0.02,0.40,0.758,5.12,12.75,3.59,F
,1838011,833,0,1712,-0.95,0.40,0.744,4.57,14.19,2.39,F
,183804,834,0,840,-0.14,0.39,0.776,1.10,18.55,2.43,F
,183805,815,0,776,-0.66,0.27,0.797,2.02,12.98,-3.52,F
,1838061,769,0,1707,-0.21,0.39,0.732,.31,23.09,0.68,F
,1838071,763,0,1818,-0.60,0.38,0.781,.36,18.80,4.46,F
,183809,725,0,813,-0.67,0.40,0.747,.69,21.07,-0.73,F
,183811,576,0,795,-0.53,0.41,0.766,0.94,24.48,2.87,F
,1838121,580,0,841,-0.62,0.40,0.776,.54,24.07,1.85,
,1838131,751,0,1945,-0.472,0.422,0.800,4.85,19.87,-0.22,F
,1838141,782,0,712,-0.96,0.43,0.817,3.72,14.16,0.40,
,1838161,768,0,135,-0.82,0.411,0.836,2.81,11.3,-1.35,F
,183818,688,0,907,-0.94,0.41,0.845,5.65,10.5,-2.33,F
,1838201,763,0,1711,-0.82,0.38,0.829,10.96,9.2,-1.75,F
,183822,797,0,1884,-0.483,0.372,0.793,13.04,9.7,-2.27,F
,183824,810,0,1739,-0.479,0.392,0.770,12.62,1207,-1.14,F
,183825,816,0,1611,-0.84,0.39,0.777,0.47,1226,-0.7,F
,183828,814,0,712,-0.68,0.38,0.797,0.84,11.30,-0.59,F
,1838291,819,0,1594,-0.76,0.39,0.791,0.55,13.23,-0.61,F
,1838301,816,0,1967,-0.93,0.40,0.821,0.61,12.92,-0.62,F
,183833,858,0,893,-0.12,0.41,0.865,1.14,14.13,1.36,F
,1838361,865,0,1581,-0.494,0.385,0.836,0.93,8.29,-0.36,F
,1838371,870,0,1712,-0.88,0.37,0.822,2.81,5.99,-0.47,F
,1838391,871,0,978,-0.66,0.38,0.787,6.85,6.03,-1.00,F
,1838431,867,0,1602,-0.98,0.40,0.781,6.13,9.90,-1.51,F
,183844,869,0,1837,-0.02,0.41,0.783,6.49,9.42,-0.87,F
,183850,862,0,1778,-0.63,0.40,0.785,19.46,3.2,3.99,F
,183853,868,0,694,-0.83,0.43,0.852,2.33,9.7,6.20,
,183854,815,0,915,-0.78,0.438,0.876,12.50,8.49,8.31,F
,183858,791,0,1975,-0.66,0.42,0.944,5.71,12.75,17.21,F
,1838591,799,0,578,-0.90,0.41,0.948,14.42,8.86,19.82,F
,183860,807,0,721,-0.92,0.37,0.973,15.65,355,25.0,F
,1838611,773,0,712,-0.63,0.36,1.006,12.32,0.20,31.4,F
,183862,743,0,600,-0.23,0.37,1.016,-11.01,-.71,35.2,F
,1838641,582,0,1818,-0.309,0.367,1.185,-14.14,2.63,35.38,F
,1838651,458,0,1601,-0.24,0.39,1.105,25.68,-1.32,31.94,F
,1838661,477,0,1971,-0.27,0.378,1.087,33.88,-.24,26.7,F
,1838671,476,0,1759,-0.24,0.342,1.145,-39.91,-10.15,20.74,F
,183868,486,0,1749,-0.37,0.30,1.174,-44.32,-7.46,17.53,F
,1838691,485,0,1375,-0.42,0.302,1.186,-47.77,-21.63,15.06,F
,1838701,486,0,1809,-0.345,0.270,1.197,-53.24,-25.28,12.69,F
,183875,474,0,1523,-0.63,0.27,1.157,-71.04,-43.40,-3.90,F
,1838761,469,0,1322,-0.353,0.281,1.134,-74.54,-46.30,-6.07,F
,1838771,464,0,2121,-0.59,0.25,1.118,-79.45,-9.54,-11.32,F
,1838791,445,0,1734,-0.396,0.280,1.131,80.81,-8.93,-1.92,F
,1838801,445,0,1299,-0.93,0.29,1.125,81.13,-8.45,-1.33,F
,1838811,442,0,1648,-0.90,0.27,1.136,81.91,-57.23,-13.80,F
,1838821,475,0,1808,-0.408,0.290,1.198,-83.04,-0.70,-13.72,F
,1838851,572,0,1535,-0.93,0.27,1.145,71.29,-65.16,-11.69,F
,1838861,645,0,980,-0.393,0.278,1.123,-66.49,-65.08,-8.64,F
,1838871,699,0,1845,-0.70,0.27,1.118,62.35,-63.40,-5.45,F
,1838881,740,0,823,-0.358,0.29,1.106,61.70,-59.78,-2.18,F
,1838901,748,0,1734,-0.28,0.31,1.099,68.23,-56.44,2.66,F
,1838911,746,0,1375,-0.25,0.29,1.095,72.43,-57.19,3.5,F
,183893,747,0,712,-0.312,0.28,1.107,77.50,-61.46,8.0,F
,1838951,781,0,1535,-0.253,0.252,1.114,-77.91,-65.78,12.66,F
,1838961,782,0,1834,-0.49,0.253,1.106,-77.35,-64.74,17.50,F
,1838981,779,0,1803,-0.83,0.23,1.105,82.67,-4.59,2200,F
,1838991,783,0,1789,-0.177,0.246,1.106,-86.69,-65.63,23.50,F
,1839001,785,0,1791,-0.63,0.211,1.094,93.73,-9.16,2292,F
,1839021,777,0,1760,-0.38,0.14,1.067,102.06,71.38,2.95,F
,183903,787,0,000,-0.44,0.09,1.052,105.24,-72.82,23.26,F
,1839041,803,0,1665,-0.143,0.07,1.013,105.33,75.16,2.73,F
,1839051,801,0,1935,-0.07,0.04,1.040,104.40,-74.30,27.21,F
,1839061,794,0,1680,-0.110,0.01,1.014,-103.80,80.88,28.69,F
,1839141,821,0,1792,0.01,-0.22,0.888,111.96,-86.53,29.50,F
,183922,849,0,1601,0.00,-0.36,0.711,88.95,-4.10,1907,F
,1839231,834,0,1999,0.04,-0.38,0.703,-83.87,-78.30,19.39,F
,183924,829,0,1674,0.06,-0.38,0.691,78.45,-72.16,20.10,F
,1839251,845,0,2031,0.08,-0.414,0.691,-72.69,-67.22,21.17,F
,1839271,847,0,748,0.112,-0.412,0.655,-51.48,-55.06,20.92,F
,183931,846,0,823,0.140,-0.456,0.638,-43.13,-43.31,15.90,F
,1839321,839,0,875,0.145,-0.478,0.633,-47.12,-40.99,14.87,F
,1839341,805,0,1760,0.11,-0.52,0.620,-44.45,-30.71,20.19,F
,183935,794,0,1991,0.19,-0.56,0.607,38.23,-6.09,20.54,F
,183939,794,0,1889,0.24,-0.60,0.598,-31.84,-18.76,15.65,F
,1839401,803,0,1936,0.27,-0.61,0.592,29.79,-8.44,1200,F
,1839411,767,0,1888,0.27,-0.63,0.589,-29.56,-17.66,7.90,F
,1839421,828,0,1819,0.29,-0.64,0.587,28.77,-5.87,6.2,F
,1839431,837,0,1936,0.27,-0.660,0.590,25.77,-12.90,5.38,F
,1839441,848,0,1871,0.27,-0.66,0.569,-23.82,-8.21,4.75,F
,183947,863,0,1811,0.23,-0.66,0.575,19.79,484,4.19,F
,1839481,869,0,1680,0.28,-0.67,0.606,19.12,3.39,2.28,F
,183951,863,0,1859,0.21,-0.661,0.614,-7.35,4.58,1.01,
,1839531,876,0,1950,0.29,-0.663,0.612,-3.93,9.27,-0.01,F
,1839561,851,0,1590,0.39,-0.67,0.626,.91,20.37,1.29,F
,1839571,838,0,1807,0.39,-0.67,0.639,4.62,22.46,1.46,F
,1839621,838,0,1911,0.22,-0.73,0.641,8.13,11.06,-16.30,F
,1839651,837,0,1923,0.24,-0.72,0.635,4.78,12.86,-15.61,F
,1839671,848,0,1902,0.26,-0.67,0.592,9.91,25.82,-10.44,F
,1839681,793,0,1867,0.22,-0.66,0.572,8.36,28.31,-11.92,F
,183972,774,0,2076,0.287,-0.737,0.557,7.84,28.00,-25.64,F
,183973,757,0,1690,0.27,-0.74,0.559,0.67,31.97,-26.68,F
,1839741,755,0,2003,0.23,-0.77,0.565,5.16,3084,-26.77,F
,1839771,691,0,1889,0.273,-0.789,0.557,-7.47,30.52,-23.6,F
,1839801,807,0,1680,0.23,-0.76,0.536,3.97,28.74,-25.90,F
,1839841,819,0,2009,0.29,-0.73,0.456,21.13,58.37,-22.62,F
,1839851,827,0,1686,0.28,-0.74,0.467,29.55,59.32,-23.28,F
,1839871,817,0,942,0.294,-0.76,0.472,-39.13,50.71,-27.52,F
,183990,816,0,831,0.354,-0.78,0.490,-48.40,20.89,-40.33,F
,1839931,830,0,746,0.391,-0.803,0.503,-46.02,20.55,-3100,F
,1839941,832,0,898,0.38,-0.738,0.432,-54.57,13.04,-2364,F
,183995,834,0,1868,0.386,-0.794,0.442,-50.81,35.52,-2065,F
,1839961,834,0,1857,0.45,-0.78,0.512,36.52,49.36,-24.36,F
,183998,864,0,926,0.43,-0.78,0.547,-49.50,38.63,-3239,F
,183999,859,0,840,0.463,-0.81,0.585,-53.65,25.12,-37.86,F
,1840001,846,0,284,0.442,-0.808,0.626,-49.55,23.55,-3054,F
,184004,828,0,1705,0.490,-0.744,0.987,-18.17,40.84,-14.01,F
,184005,823,0,872,0.436,-0.728,1.081,-14.16,37.49,-11.89,F
,1840061,841,0,1893,0.41,-0.68,1.203,12.09,3.22,-13.05,F
,1840071,845,0,1719,0.43,-0.65,1.274,11.58,2.91,-14.33,F
,184010,819,0,829,0.444,-0.634,1.345,2.99,19.7,0.25,
,1840161,627,0,1918,0.38,-0.61,0.933,21.74,-9.19,4.43,F
,1840171,633,0,1823,0.41,-0.63,0.917,31.74,-16.47,7.18,F
,184019,653,0,096,0.33,-0.62,0.819,33.77,-21.34,11.1,F
,184021,674,0,2039,0.433,-0.620,0.715,3.26,-17.25,15.84,F
,1840221,666,0,847,0.42,-0.65,0.692,0.38,-15.11,21.94,F
,1840241,650,0,2157,0.35,-0.690,0.668,7.62,-10.00,26.71,F
,1840261,655,0,2207,0.39,-0.68,0.668,17.45,-13.17,27.7,F
,1840271,654,0,1629,0.28,-0.69,0.692,22.67,-1.29,28.84,F
,1840281,672,0,872,0.274,-0.733,0.692,27.69,-2.34,29.76,F
,1840291,687,0,1981,0.29,-0.72,0.665,1.43,-25.63,29.94,F
,184030,729,0,1834,0.260,-0.718,0.660,34.27,-2.83,29.3,F
,1840351,742,0,1847,0.24,-0.81,0.439,8.44,-39.64,15.29,F
,1840361,762,0,274,0.26,-0.82,0.369,7.02,-33.60,14.89,F
,1840371,849,0,1955,0.23,-0.82,0.323,27.23,-2.42,12.51,F
,1840381,871,0,1901,0.27,-0.84,0.290,29.14,-25.48,12.6,F
,1840391,896,0,703,0.14,-0.82,0.261,23.89,-23.28,10.1,F
,1840531,1062,0,2128,0.66,-0.91,0.207,7.77,6968,-20.09,F
,1840581,973,0,1411,0.21,-0.83,0.281,-28.90,7.00,-2783,F
,1840601,857,0,2139,0.24,-0.80,0.339,28.98,72.92,-35.08,F
,1840611,851,0,2102,0.26,-0.78,0.331,-39.24,6.22,-4433,F
,1840621,847,0,2153,0.23,-0.78,0.353,49.04,57.50,-53.25,F
,184064,831,0,2064,0.197,-0.787,0.415,-56.25,41.42,-6122,F
,1840661,830,0,2166,0.16,-0.76,0.369,29.35,47.59,-56.03,F
,1840671,841,0,2079,0.27,-0.70,0.357,14.16,54.54,-52.90,F
,1840691,850,0,840,0.25,-0.55,0.354,15.48,8373,-48.51,F
,184073,843,0,1857,0.176,-0.337,0.501,16.23,10.75,-42.42,F
,1840751,839,0,384,0.02,-0.25,0.648,1.83,88.22,-28.1,F
,184077,843,0,941,0.18,-0.209,0.888,57.36,90.87,-8.77,F
,184078,848,0,2078,0.144,-0.150,0.958,68.35,9965,-1.1,F
,184081,869,0,938,0.29,-0.178,1.210,81.29,11.12,33.0,F
,1840851,990,0,1873,0.49,-0.49,1.443,8.39,67.03,37.97,F
,184086,996,0,1776,0.461,-0.619,1.463,81.94,6167,40.40,F
,1840881,991,0,145,0.58,-0.75,1.402,9.33,62.66,46.95,F
,1840901,991,0,2014,0.605,-0.884,1.386,94.93,5234,43.7,F
,1840921,993,0,1842,0.521,-0.933,1.284,94.04,3152,34.62,F
,1840931,1018,0,1984,0.522,-0.97,1.247,92.70,21.82,32.2,F
,1840941,1017,0,2000,0.499,-0.906,1.230,85.10,1.00,28.1,F
,184097,1013,0,2007,0.433,-0.891,1.169,69.20,338,30.11,F
,184099,1012,0,2075,0.369,-0.848,1.109,60.10,-4.13,28.05,F
,184117,1007,0,1824,0.89,-0.517,0.599,31.40,-7.42,15.15,F
,1841221,932,0,840,0.10,-0.60,0.336,.89,-28.47,5.76,F
,1841231,821,0,2029,0.116,-0.61,0.307,.54,-17.38,6.16,F
,1841241,811,0,064,0.12,-0.63,0.279,.47,-9.5,7.09,
,184125,804,0,934,0.10,-0.64,0.280,0.11,-0.91,7.27,F
,184126,801,0,1918,0.16,-0.674,0.293,4.76,6.6,6.72,F
,1841271,810,0,782,0.10,-0.69,0.315,2.88,13.29,5.03,F
,184128,816,0,927,0.14,-0.68,0.420,6.87,19.53,-1.81,F
,184129,902,0,2123,0.11,-0.64,0.435,6.53,32.23,-0.38,F
,1841301,891,0,1811,0.107,-0.627,0.417,33.87,4822,2.39,F
,1841311,913,0,1858,0.17,-0.60,0.460,29.52,6078,4.26,F
,1841351,963,0,897,0.09,-0.60,0.620,15.36,5.18,-9.0,F
,184138,845,0,000,0.10,-0.65,0.695,14.84,4.09,-2329,F
,1841401,767,0,089,0.11,-0.66,0.760,0.63,48.49,-31.6,F
,184142,718,0,697,0.17,-0.62,0.740,5.18,5171,-29.3,F
,1841431,737,0,1812,0.15,-0.630,0.766,-6.40,55.36,-29.87,F
,184147,816,0,946,0.13,-0.60,0.745,10.61,5.29,-3491,F
,184149,955,0,830,0.13,-0.65,0.755,-18.40,2.10,-40.61,F
,184152,982,0,1828,0.29,-0.64,0.689,-22.52,20.25,-48.33,F
,184153,1007,0,1889,0.07,-0.56,0.726,-20.57,5.65,-48.13,F
,1841581,1097,0,1889,0.58,-0.503,1.148,-36.77,1.99,-3.09,F
,1841591,1087,0,1971,0.71,-0.59,1.265,-35.44,7.84,-3.11,F
,1841611,975,0,1870,0.251,-0.539,1.420,-9.50,4596,-24.97,F
,1841621,976,0,985,0.24,-0.47,1.458,.42,42.95,-21.61,F
,184163,973,0,762,0.28,-0.41,1.535,.04,44.07,-16.3,F
,1841651,902,0,775,0.22,-0.400,1.586,9.77,29.07,-9.75,F
,1841661,771,0,895,0.21,-0.41,1.558,12.81,20.60,-4.68,F
,184167,720,0,1949,0.22,-0.42,1.576,15.11,11.87,-1.19,F
,184171,701,0,1630,0.35,-0.48,1.198,4.07,5.23,12.86,F
,184173,707,0,904,0.26,-0.44,1.066,4.15,-0.96,19.0,F
,184175,716,0,702,0.28,-0.527,0.985,37.91,-17.34,20.25,F
,184177,725,0,1744,0.28,-0.50,0.956,30.45,-2.84,22.10,F
,1841781,736,0,2144,0.25,-0.50,0.960,9.48,-19.25,25.09,F
,1841791,745,0,936,0.272,-0.529,0.982,29.87,-17.80,27.18,F
,1841811,747,0,1870,0.23,-0.514,0.936,31.39,-11.02,32.98,F
,184183,747,0,011,0.23,-0.52,0.957,2.65,-1.35,38.31,F
,184186,746,0,2096,0.14,-0.531,0.955,31.40,-13.64,39.44,F
,1841871,745,0,1743,0.13,-0.531,0.972,30.18,-16.91,38.58,F
,184188,804,0,1634,0.17,-0.53,0.967,28.01,-19.31,37.04,F
,184189,791,0,1759,0.14,-0.53,0.944,6.29,-2.39,35.5,F
,1841901,801,0,1870,0.03,-0.55,0.936,28.59,-23.97,35.59,F
,184192,835,0,1877,0.00,-0.58,0.861,7.69,-2.72,35.2,F
,184196,691,0,1918,0.08,-0.60,0.640,7.97,-33.46,27.6,F
,1841971,672,0,1843,0.01,-0.646,0.563,42.10,-37.92,22.02,F
,184198,643,0,1587,0.14,-0.65,0.515,34.00,-39.90,16.63,F
,1842001,478,0,1984,0.121,-0.674,0.423,23.69,-30.77,11.33,F
,184201,472,0,785,0.18,-0.68,0.380,1.37,-2.67,11.53,F
,1842021,386,0,1914,0.19,-0.71,0.344,7.48,-6.36,12.16,F
,1842031,200,0,1767,0.160,-0.714,0.292,12.49,8.80,11.29,F
,1842051,141,0,1867,0.12,-0.781,0.315,-0.89,22.25,3.71,F
,1842071,486,0,1782,0.121,-0.819,0.409,-9.27,22.23,-6.79,F
,1842101,636,0,1728,0.13,-0.79,0.458,17.94,48.42,-13.06,F
,1842111,673,0,1699,0.138,-0.769,0.489,12.73,59.35,-16.36,F
,1842161,645,0,1732,0.15,-0.740,0.715,-21.47,66.02,-41.92,F
,1842171,671,0,1823,0.07,-0.76,0.638,34.67,5.47,-4972,F
,184218,671,0,896,0.061,-0.716,0.609,-33.27,45.64,-59.90,F
,184221,818,0,1731,0.09,-0.64,0.569,-42.34,25.42,-78.45,F
,184222,837,0,1940,0.02,-0.61,0.547,43.36,23.29,-81.42,F
,1842291,1019,0,1789,0.008,-0.261,0.441,5.89,60.43,-76.33,F
,1842321,1009,0,1840,0.015,0.16,0.568,3.51,8891,-66.13,F
,184237,972,0,1707,-0.97,0.104,1.240,17.29,113.78,22.4,F
,184238,1023,0,1892,-0061,0.06,1.401,18.36,119.58,44.40,F
,1842391,1037,0,1840,0.41,-0.072,1.527,27.62,121.13,56.31,F
,1842401,1040,0,1600,0.080,-0.152,1.663,32.90,113.03,55.93,F
,1842411,1054,0,1968,0.24,-0.26,1.728,37.39,101.27,50.75,F
,1842431,1066,0,1977,0.265,-0.442,1.825,50.56,68.57,38.81,F
,1842491,1051,0,1880,0.35,-0.65,1.555,75.57,44.51,37.41,F
,1842501,1046,0,1765,0.71,-0.701,1.482,78.50,34.52,35.79,F
,184251,1044,0,1807,0.59,-0.665,1.433,77.20,23.35,33.06,F
,184253,1044,0,1825,0.44,-0.661,1.345,75.98,6.74,27.18,F
,1842571,1051,0,1847,0.21,-0.53,1.229,45.83,-10.15,27.97,F
,1842591,1055,0,1723,0.68,-0.572,1.222,46.52,-20.74,2982,F
,1842631,1057,0,1698,0.046,-0.459,1.207,44.01,-31.25,29.78,F
,184267,1069,0,1744,0.01,-0.41,1.108,44.10,-30.62,35.35,F
,1842701,1051,0,1897,-0111,-0.427,0.943,36.15,-24.41,3.02,F
,1842721,967,0,1763,-0.26,-0.472,0.827,42.32,-38.73,22.75,F
,1842731,849,0,1903,-0.137,-0.467,0.766,48.78,-44.19,20.52,F
,184275,239,0,927,-0.123,-0.418,0.585,58.18,-44.09,15.76,F
,1842781,285,0,1911,-0.03,-0.37,0.349,46.00,-30.84,7.42,F
,1842811,282,0,2102,0.03,-0.41,0.298,22.93,15.42,12.71,F
,1842881,194,0,1729,0.05,-0.47,0.596,6.16,42.55,3.71,F
,1842891,194,0,1678,0.04,-0.46,0.635,13.36,48.02,-2.09,F
,1842961,192,0,1828,-0.36,-0.44,0.884,-25.10,36.87,-2.61,F
,1842971,432,0,1904,-0.29,-0.47,0.899,-23.67,26.97,-36.90,F
,184298,578,0,795,-0.37,-0.458,0.901,-18.74,25.33,-4.86,F
,1843001,677,0,1838,0.00,-0.45,0.843,15.03,33.50,-42.15,F
,1843011,688,0,1848,-0.22,-0.47,0.871,-9.90,40.40,-39.95,F
,1843031,735,0,967,0.046,-0.429,0.818,-17.62,49.13,-37.64,F
,1843061,978,0,1673,0.06,-0.43,0.852,22.80,27.33,-47.69,F
,1843071,981,0,1719,0.02,-0.53,0.808,16.45,1.19,-48.07,F
,1843111,865,0,600,0.16,-0.404,0.831,-12.48,27.09,-46.04,F
,1843131,827,0,920,0.149,-0.381,1.005,-31.73,39.87,-53.06,F
,184315,805,0,802,0.02,-0.387,1.273,-41.99,43.85,-40.36,F
,1843161,847,0,1563,0.00,-0.344,1.417,-42.03,47.13,-33.02,F
,1843171,944,0,1910,0.09,-0.38,1.497,-38.42,44.33,-25.61,F
,1843191,815,0,802,0.064,-0.34,1.667,21.45,34.25,-25.46,F
,1843201,807,0,1769,0.05,-0.296,1.755,-11.03,26.75,-25.69,F
,1843211,801,0,906,0.097,-0.295,1.752,1.77,2364,-23.38,F
,1843221,807,0,882,0.080,-0.28,1.748,.55,20.95,-17.77,F
,1843231,815,0,1781,0.13,-0.26,1.676,17.05,20.89,-6.6,F
,184324,815,0,2023,0.17,-0.27,1.631,23.40,20.45,0.81,F
,184326,803,0,1946,0.29,-0.305,1.374,0.90,16.31,12.62,F
,1843311,807,0,1793,0.17,-0.30,1.142,38.56,4.62,23.35,F
,184332,822,0,840,0.131,-0.302,1.083,1.60,-4.71,24.1,F
,184334,917,0,795,0.135,-0.332,1.107,22.64,-14.62,20.94,F
,1843351,921,0,1951,0.07,-0.53,1.078,1.26,-30.59,27.49,F
,184336,922,0,927,0.124,-0.336,1.026,24.81,-23.37,24.8,F
,184337,925,0,798,0.115,-0.390,1.088,2.21,-1.26,34.17,F
,1843381,943,0,943,0.101,-0.362,1.101,8.93,-1.18,36.08,F
,1843391,938,0,753,0.18,-0.344,1.113,36.56,-11.93,35.44,F
,1843401,970,0,1694,0.04,-0.36,1.092,33.55,-11.95,37.21,F
,1843411,983,0,999,0.06,-0.357,1.077,31.05,-14.53,37.78,F
,1843421,983,0,774,0.031,-0.353,1.082,4.90,-1.61,39.61,F
,1843431,991,0,691,0.05,-0.356,1.073,36.42,-17.95,41.2,F
,1843451,1023,0,1857,0.32,-0.35,1.075,27.91,-25.35,3487,F
,1843471,1040,0,1830,-0007,-0.79,1.061,25.23,-26.47,33.64,F
,1843491,1023,0,1853,-0034,-0.419,0.997,27.02,22.29,33.64,F
,1843501,1013,0,1941,-0072,-0.446,0.967,36.73,19.77,36.46,F
,1843541,622,0,1664,-0.86,-0.45,0.713,60.71,-16.09,31.01,F
,1843561,48,0,163,-0.09,-0.475,0.599,51.72,-1.48,20.28,F
,184357,74,0,127,-0.09,-0.475,0.536,4.23,-1.26,14.84,F
,1843591,0,0,165,0.014,-0.510,0.404,2392,-12.41,5.03,F
,1843631,0,0,181,-0.006,-0.615,0.421,-.30,16.34,-0.91,F
,184366,0,0,1806,-0.021,-0.628,0.586,736,30.5,-7.74,F
,1843671,0,0,185,-0.01,-0.637,0.593,17.77,36.0,-8.91,F
,184369,0,0,1783,0.023,-0.597,0.638,7.7,53.09,-20.47,F
,1843751,306,0,1776,-0.70,-0.69,0.833,-33.48,2.43,-58.79,F
,1843781,734,0,867,-0.92,-0.551,0.823,-10.72,7.74,-7.60,F
,1843811,811,0,1855,-0.44,-0.49,0.813,-5.21,25.93,-94.45,F
,184384,815,0,079,-0.38,-0.369,0.661,-18.13,4.08,-110.85,F
,1843851,816,0,1981,-0.61,-0.39,0.637,-13.48,26.08,-18.06,F
,1843871,821,0,1785,-0.26,-0.18,0.641,0.76,39.49,-100.77,F
,1843881,822,0,1521,-0.82,-0.10,0.723,5.49,46.25,-98.51,F
,184389,816,0,096,-0.06,-0.05,0.786,7.28,47.03,-96.0,F
,1843901,814,0,2156,-0.26,0.01,0.855,3.33,54.31,-92.6,F
,184391,826,0,712,-0.22,0.03,0.934,-2.58,63.59,-79.2,F
,1843951,910,0,974,-0.01,0.206,1.388,8.64,10492,-8.77,F
,1843961,915,0,1825,-0.91,0.16,1.482,12.00,11.69,11.32,F
,1843991,890,0,1750,-0.09,-0.03,1.661,29.62,102.72,47.30,F
,1844001,908,0,1917,0.03,-0.07,1.658,30.88,93.64,50.54,F
,1844011,912,0,1947,0.18,-0.18,1.661,34.49,83.45,47.41,F
,1844021,901,0,723,0.220,-0.275,1.662,6.30,73.61,46.10,F
,1844041,883,0,1930,0.37,-0.397,1.492,2.70,62.36,41.06,F
,1844051,959,0,1750,0.35,-0.464,1.567,4.75,53.74,31.46,F
,1844081,954,0,1877,0.27,-0.49,1.454,61.31,3509,17.53,F
,1844101,947,0,1939,0.21,-0.40,1.339,68.04,2817,19.03,F
,1844111,760,0,1852,0.188,-0.326,1.451,6.84,3120,15.59,F
,184413,610,0,904,0.13,-0.328,1.305,30.24,1718,14.1,F
,1844171,719,0,808,0.08,-0.366,1.256,30.59,-1.73,17.06,F
,1844201,947,0,751,-0.14,-0.344,1.203,34.41,-15.86,13.97,F
,184421,983,0,855,-0.072,-0.339,1.192,34.42,-15.28,16.19,F
,1844241,970,0,1838,-0.81,-0.23,1.149,45.00,-.68,22.14,F
,1844281,671,0,945,-0.86,-0.35,0.961,39.94,-4.51,1755,F
,1844291,567,0,1802,-0.01,-0.22,0.875,43.89,-35.08,19.59,F
,1844331,432,0,897,-0.33,-0.369,0.687,43.16,-21.84,2139,F
,184440,775,0,921,-0.78,-0.40,0.429,10.62,684,4.43,F
,1844421,788,0,1749,-0.62,-0.40,0.493,5.49,22.83,1.68,F
,1844441,805,0,043,-0.09,-0.38,0.585,14.81,2.81,-1.4,F
,184446,797,0,655,-0.71,-0.35,0.628,18.32,4.68,-5.46,F
,1844481,581,0,1735,-0.72,-0.35,0.678,4.64,47.12,-12.07,F
,184450,237,0,198,-0.41,-0.347,0.752,-40.52,49.45,-19.75,F
,1844511,237,0,1938,-0.89,-0.30,0.813,-30.98,0.20,-24.83,F
,1844551,402,0,607,-0.28,-0.34,0.897,-32.84,36.51,-4.28,F
,1844641,832,0,2031,-0.045,-0.34,0.942,-10.58,15.07,-4.83,F
,184465,859,0,877,-0.008,-0.298,0.901,-9.44,12.29,-4548,F
,184466,832,0,129,-0.000,-0.302,0.852,-9.32,6.60,-49.8,F
,1844671,827,0,035,0.09,-0.304,0.852,15.51,1.15,-50.9,F
,184468,810,0,509,0.09,-0.308,0.876,16.64,3.71,-49.32,F
,184472,779,0,037,0.009,-0.131,1.189,34.64,35.73,-26.16,F
,184474,785,0,881,-0.78,-0.20,1.426,-27.67,2.25,-14.25,F
,1844781,816,0,1839,0.02,-0.23,1.667,4.16,18.62,-1.32,F
,1844821,818,0,1849,0.03,-0.15,1.468,5.80,19.12,23.24,F
,1844851,815,0,2034,0.027,-0.234,1.270,28.78,1.61,27.65,F
,1844911,803,0,2032,0.050,-0.28,1.138,29.78,-1.79,32.9,F
,184494,810,0,015,-0.021,-0.304,1.138,21.91,-2.94,39.35,F
,184498,805,0,664,-0.037,-0.308,1.132,26.53,-18.82,43.79,F
,184504,806,0,856,-0.00,-0.377,0.997,33.25,-28.64,34.81,F
,1845121,606,0,826,-0.25,-0.38,0.563,29.94,-4.85,1958,F
,1845151,511,0,1811,-0.058,-0.495,0.546,11.20,-0.19,8.89,F
,1845181,621,0,911,-0.69,-0.482,0.570,28.33,14.26,6.63,F
,1845191,620,0,1791,-0.078,-0.452,0.571,28.30,17.50,2.5,F
,1845201,618,0,847,-0.107,-0.418,0.580,25.66,21.88,-0.6,F
,1845211,623,0,1900,-0.09,-0.42,0.696,18.23,2.69,-6.77,F
,1845261,631,0,893,-0.85,-0.406,0.848,-4.48,29.76,-10.33,F
,184527,637,0,970,-0.93,-0.407,0.847,-5.15,32.20,-11.93,F
,1845321,656,0,503,-0.62,-0.32,0.853,-2.66,4.11,-2474,F
,1845401,784,0,1690,-0.050,-0.341,0.840,-17.64,33.56,-33.42,F
,1845411,784,0,818,-0.16,-0.365,0.850,-20.34,24.98,-36.21,F
,1845421,781,0,1696,0.012,-0.379,0.825,-21.33,15.91,-39.87,F
,1845431,787,0,808,0.01,-0.39,0.806,-19.32,9.41,-42.9,F
,1845441,799,0,1828,0.078,-0.389,0.741,16.34,5.68,-44.22,F
,1845451,800,0,812,0.08,-0.42,0.734,10.49,-0.91,-45.23,F
,1845471,806,0,1898,0.107,-0.330,0.717,-5.90,5.82,-39.64,F
,184548,805,0,691,0.16,-0.29,0.820,-13.29,14.94,-3480,F
,1845521,818,0,1900,-0.008,-0.276,1.378,-50.43,33.78,-27.54,F
,1845551,851,0,852,-0.57,-0.23,1.732,-13.29,2.02,1.2,F
,1845631,844,0,1972,0.072,-0.229,1.323,36.04,5.84,18.66,F
,1845651,805,0,968,0.03,-0.22,1.220,3.07,-4.42,20.81,F
,1845661,801,0,1855,0.026,-0.24,1.196,3.78,-10.97,24.10,F
,184567,783,0,919,0.09,-0.255,1.154,30.65,-16.77,24.33,F
,1845691,810,0,876,0.02,-0.291,1.149,28.99,-22.06,22.7,F
,184571,801,0,079,0.09,-0.299,1.146,39.43,-1.05,32.08,F
,1845751,769,0,675,-0.84,-0.330,1.120,33.02,-6.90,36.1,F
,1845781,786,0,964,-0.081,-0.333,1.015,46.58,-28.61,3187,F
,1845791,791,0,803,-0.76,-0.346,0.944,59.40,-28.39,3190,F
,1845801,803,0,1937,-0.060,-0.364,0.877,66.94,-25.78,3142,F
,1845841,708,0,1821,0.017,-0.347,0.651,53.52,-12.18,33.6,F
,1845851,694,0,916,0.03,-0.36,0.603,9.34,-5.29,31.49,F
,1845861,624,0,858,0.07,-0.38,0.590,34.73,1.78,28.45,F
,1845871,297,0,863,-0.14,-0.421,0.591,19.20,5.68,23.04,F
,1845881,229,0,061,-0.29,-0.500,0.598,13.57,5.15,18.39,F
,1845911,226,0,096,-0.19,-0.545,0.557,40.47,12.48,17.2,F
,1845921,225,0,482,-0.35,-0.40,0.548,44.41,20.31,13.49,F
,1845961,235,0,979,-0.099,-0.461,0.768,1.97,2126,-10.19,F
,1846001,236,0,843,-0.082,-0.432,0.793,13.65,3.76,-1317,F
,1846031,240,0,763,-0.79,-0.33,0.821,4.70,40.17,-18.70,F
,1846051,231,0,669,-0.69,-0.37,0.860,-9.97,31.42,-29.83,F
,1846061,240,0,936,-0.56,-0.36,0.889,-11.88,31.29,-31.66,F
,184607,239,0,1844,-0.052,-0.394,0.889,-11.32,35.53,-32.85,F
,1846111,237,0,808,-0.037,-0.381,0.907,-8.75,3.49,-36.73,F
,1846131,259,0,840,-0.13,-0.39,0.885,-8.84,36.31,-37.02,F
,1846151,258,0,126,-0.10,-0.35,0.840,-11.88,28.80,-4.37,F
,1846191,691,0,717,0.06,-0.334,0.836,-15.93,0.48,-57.4,F
,184620,718,0,2022,0.075,-0.33,0.786,18.78,413,-55.31,F
,1846221,781,0,977,0.00,-0.321,0.817,-26.77,27.35,-4300,F
,1846251,756,0,872,-0.008,-0.252,1.029,-20.49,8.57,-33.37,F
,1846301,769,0,789,-0.065,-0.184,1.586,-22.19,4.92,-22.97,F
,1846311,802,0,665,-0.94,-0.19,1.681,-14.02,24.83,-13.26,F
,1846321,799,0,851,-0.68,-0.14,1.705,-3.36,25.61,-8.33,F
,1846391,661,0,814,0.09,-0.21,1.258,26.13,-5.20,13.0,F
,1846401,657,0,867,0.00,-0.226,1.208,30.59,-7.52,14.39,F
,1846431,528,0,949,0.04,-0.239,1.120,33.92,-503,22.84,F
,1846441,403,0,985,0.049,-0.244,1.130,31.95,-532,22.28,F
,1846451,405,0,930,0.09,-0.263,1.140,34.44,-5.80,25.4,F
,1846461,403,0,557,-0.04,-0.247,1.131,35.17,-4.61,32.04,F
,1846481,367,0,1835,0.005,-0.237,1.227,22.84,-328,33.42,F
,1846501,338,0,1846,-0.49,-0.34,1.192,35.81,-3.29,35.00,F
,1846541,235,0,846,-0.87,-0.276,1.065,45.14,-14.67,3443,F
,184655,229,0,735,-0.88,-0.23,1.042,44.56,-16.36,34.19,F
,1846571,227,0,819,-0.63,-0.327,0.929,40.70,-17.75,3277,F
,184658,208,0,1840,-0.72,-0.32,0.860,39.33,-18.97,32.57,F
,1846601,208,0,932,-0.44,-0.30,0.742,42.96,-1.42,29.99,F
,1846701,106,0,839,-0.24,-0.482,0.571,6.07,19.88,3.94,F
,1846711,107,0,940,-0.15,-0.535,0.690,2.04,2332,-2.70,F
,1846751,240,0,755,-0.67,-0.48,0.751,8.38,33.50,-9.3,F
,1846761,240,0,677,-0.87,-0.43,0.787,2.32,30.57,-13.3,F
,1846791,240,0,744,-0.55,-0.411,0.868,-8.08,3.98,-18.04,F
,1846801,243,0,858,-0.74,-0.33,0.886,-11.07,36.05,-2.09,F
,1846811,241,0,904,-0.94,-0.33,0.880,-11.79,39.88,-21.13,F
,1846821,231,0,919,-0.91,-0.39,0.885,-7.55,4.06,-22.06,F
,1846841,237,0,970,-0.91,-0.359,0.903,-7.58,33.84,-25.96,F
,1846851,240,0,514,-0.70,-0.37,0.913,-10.67,26.58,-29.60,F
,184694,285,0,2099,-0.10,-0.31,0.870,-26.58,.42,-41.83,F
,1846951,292,0,842,0.035,-0.358,0.879,26.80,9.91,-40.50,F
,1846961,501,0,808,0.00,-0.27,0.866,-28.78,13.47,-3983,F
,184697,653,0,1857,0.063,-0.331,0.857,-24.87,1.79,-3482,F
,1846981,694,0,2019,0.01,-0.28,0.860,-21.22,20.49,-3509,F
,184699,720,0,818,0.088,-0.23,0.953,-17.68,28.74,-3280,F
,184700,743,0,1626,0.034,-0.264,1.015,-19.82,3.20,-3058,F
,184701,746,0,668,0.05,-0.157,1.057,-29.45,3.11,-3175,F
,1847051,720,0,785,-0.37,-0.214,1.498,-26.63,0.62,-11.23,F
,184710,637,0,1638,-0.85,-0.23,1.614,12.24,2.41,13.06,F
,1847111,683,0,1669,-0.50,-0.26,1.518,17.94,1.53,14.13,F
,1847121,701,0,2153,-0.21,-0.24,1.420,23.36,4.17,12.46,F
,1847131,703,0,808,0.021,-0.24,1.339,32.39,0.03,13.38,F
,184718,619,0,968,0.05,-0.22,1.108,30.09,-767,24.3,F
,1847211,586,0,746,-0.03,-0.306,1.106,32.13,-5.19,28.95,F
,1847261,663,0,825,-0.73,-0.22,1.062,36.27,-31.66,4042,F
,1847321,304,0,1968,-0.72,-0.33,0.911,44.03,-7.23,35.3,F
,184740,105,0,1945,-0.071,-0.498,0.546,14.36,0.80,6.60,F
,1847461,225,0,679,-0.69,-0.48,0.686,13.14,18.17,-4.1,F
,1847501,231,0,2116,-0.72,-0.44,0.793,4.64,2833,-12.22,F
,1847551,225,0,830,-0.93,-0.415,0.918,-8.54,33.78,-2274,F
,1847581,231,0,967,-0.91,-0.43,0.968,-13.24,7.36,-3.17,F
,184763,639,0,653,-0.31,-0.37,0.946,-16.06,22.86,-38.04,F
,1847661,679,0,401,-0.07,-0.31,0.866,-13.90,5.82,-37.78,F
,184770,688,0,995,0.012,-0.348,0.844,19.91,19.04,-39.23,F
,184773,723,0,987,0.025,-0.29,1.006,-21.27,27.59,-3503,F
,1847751,748,0,949,-0.14,-0.233,1.186,-21.68,38.19,-2.58,F
,1847771,764,0,1730,-0.69,-0.13,1.297,-16.71,0.51,-10.77,F
,184780,723,0,1697,-0.090,-0.13,1.455,-2.87,26.37,-4.0,F
,1847811,714,0,438,-0.81,-0.18,1.448,0.90,23.01,-1.81,F
,1847821,782,0,2084,-0.076,-0.12,1.422,5.13,1823,2.31,F
,184787,829,0,715,0.04,-0.25,1.186,8.00,4.1,9.12,F
,184788,829,0,951,0.024,-0.246,1.118,9.77,4.87,12.07,F
,1847911,782,0,2134,0.03,-0.27,1.094,9.33,-1.26,16.65,F
,184792,745,0,746,0.06,-0.291,1.103,28.36,-2.30,18.95,F
,1847941,726,0,803,0.008,-0.329,1.103,0.82,-3.40,23.15,F
,1847961,749,0,107,0.000,-0.317,1.135,34.53,-2.29,30.2,F
,1847971,784,0,011,0.01,-0.304,1.156,36.85,-5.14,31.07,F
,184803,810,0,743,-0.70,-0.308,1.154,34.55,-14.80,3645,F
,184805,814,0,686,-0.102,-0.313,1.178,32.13,-6.71,41.4,F
,184813,295,0,823,-0.70,-0.39,0.683,48.01,-3.75,30.05,F
,1848201,98,0,1783,0.026,-0.531,0.489,24.97,9.50,14.60,F
,1848211,89,0,108,-0.015,-0.515,0.481,19.83,9.18,10.66,F
,184822,97,0,292,0.00,-0.526,0.483,2.26,11.10,9.68,F
,184823,78,0,150,0.03,-0.504,0.491,16.33,18.28,6.83,F
,1848251,93,0,136,-0.09,-0.487,0.602,11.17,39.87,-0.59,F
,184829,227,0,483,-0.03,-0.422,0.849,-4.64,45.71,-8.2,F
,1848321,228,0,874,-0.97,-0.441,0.995,-11.13,21.67,-2.15,F
,1848351,230,0,1759,-0.078,-0.359,0.936,4.13,32.68,-25.6,F
,1848411,233,0,1853,0.004,-0.297,0.955,-19.88,15.87,-42.70,F
,184844,590,0,522,0.013,-0.359,0.895,-2.57,14.07,-38.8,F
,184845,646,0,011,0.026,-0.338,0.854,-2.03,13.55,-38.9,F
,1848511,776,0,1977,0.041,-0.201,0.975,-31.51,26.84,-37.37,F
,1848521,775,0,2006,0.027,-0.17,1.113,-38.51,3.74,-31.66,F
,1848531,784,0,635,-0.050,-0.233,1.257,-37.82,36.48,-22.38,F
,1848551,818,0,684,-0.086,-0.207,1.508,-23.35,33.29,-8.06,F
,184858,811,0,797,-0.81,-0.157,1.622,7.48,24.92,0.78,F
,184860,810,0,786,-0.58,-0.148,1.547,18.23,16.83,8.0,F
,184861,806,0,838,-0.13,-0.149,1.463,17.89,12.40,13.3,F
,1848651,731,0,765,0.06,-0.225,1.242,32.00,4.1,22.65,F
,1848661,729,0,1791,0.03,-0.23,1.226,28.67,-0.30,22.25,F
,1848721,709,0,064,-0.01,-0.27,1.168,43.92,-11.93,34.57,F
,1848731,715,0,967,-0.067,-0.353,1.165,49.29,-13.37,3794,F
,184874,729,0,063,-0.80,-0.39,1.115,37.33,-29.60,40.81,F
,184876,721,0,141,-0.73,-0.247,1.167,35.69,-1.02,39.12,F
,184877,714,0,358,-0.104,-0.246,1.235,27.43,-10.39,4034,F
,1848801,707,0,2000,-0.119,-0.298,1.157,36.94,-19.38,4046,F
,1848821,736,0,936,-0.158,-0.292,1.015,51.78,-5.78,39.75,F
,1848831,736,0,859,-0.146,-0.330,0.954,55.84,-9.32,40.37,F
,1848841,733,0,872,-0.54,-0.369,0.906,59.57,-32.04,39.26,F
,1848851,722,0,783,-0.80,-0.312,0.824,53.52,-30.99,37.10,F
,184891,103,0,879,-0.37,-0.449,0.519,27.58,-0.58,23.5,F
,1848931,102,0,821,0.03,-0.524,0.513,29.89,4.66,20.72,F
,1848961,95,0,107,-0.07,-0.505,0.487,20.90,2000,10.54,F
,1848981,214,0,681,0.02,-0.531,0.538,13.25,2567,-0.54,F
,1849021,298,0,000,-0.076,-0.429,0.683,0.23,4913,-10.6,F
,1849031,546,0,952,-0.092,-0.442,0.757,-8.52,49.59,-1251,F
,1849081,673,0,1921,-0.81,-0.42,0.892,-13.12,20.52,-35.60,F
,1849101,672,0,1718,-0.78,-0.47,0.850,-15.10,22.68,-3.87,F
,1849141,711,0,741,0.05,-0.39,0.815,-17.87,15.01,-4432,F
,1849161,711,0,793,0.08,-0.379,0.807,-17.88,6.51,-54.2,F
,1849181,695,0,792,0.04,-0.34,0.831,20.98,15.45,-52.18,F
,1849191,692,0,045,0.02,-0.33,0.896,-28.90,24.28,-54.56,F
,1849201,717,0,843,0.01,-0.358,0.902,-35.33,26.52,-5230,F
,1849231,711,0,952,-0.09,-0.270,1.038,-30.23,6.68,-42.93,F
,184924,714,0,739,0.06,-0.307,1.088,-19.91,3.70,-38.07,F
,1849251,711,0,867,0.09,-0.215,1.144,-21.55,36.60,-40.38,F
,1849261,713,0,1961,-0.01,-0.17,1.248,-24.02,40.74,-3.00,F
,1849271,714,0,1823,0.02,-0.12,1.346,-29.30,38.37,-3851,F
,1849291,736,0,940,-0.096,-0.215,1.467,-23.90,37.04,-1.60,F
,1849321,791,0,819,-0.67,-0.154,1.565,10.20,36.49,-3.51,F
,184936,797,0,682,-0.08,-0.152,1.331,18.73,1.74,2.20,F
,184937,769,0,1961,0.02,-0.22,1.305,18.56,5.47,2.58,
,1849411,779,0,780,0.08,-0.26,1.177,33.75,-1.25,10.37,F
,1849421,794,0,833,0.08,-0.274,1.163,36.59,-276,11.50,F
,1849431,788,0,1943,0.004,-0.25,1.148,40.52,-2.90,14.4,F
,1849461,771,0,1901,0.023,-0.25,1.127,5.22,-7.97,21.10,F
,1849551,784,0,744,-0.062,-0.271,1.141,38.18,-.34,37.33,F
,1849561,784,0,1930,-0.092,-0.28,1.109,36.53,-1.00,35.3,F
,1849571,710,0,840,-0.16,-0.250,1.088,34.73,-.29,33.73,F
,1849581,705,0,1840,-0.45,-0.30,1.076,35.60,-.06,36.58,F
,1849591,689,0,1648,-0.69,-0.344,1.040,33.05,-10.91,35.39,F
,1849611,670,0,853,-0.143,-0.36,0.922,36.81,-22.44,32.71,F
,1849621,655,0,1929,-0.11,-0.38,0.892,44.59,-27.63,2988,F
,1849631,597,0,1917,-0.154,-0.49,0.835,55.54,-30.12,3185,F
,1849671,221,0,972,-0.05,-0.33,0.576,45.22,-6.06,25.5,F
,1849701,601,0,897,0.03,-0.474,0.545,16.71,2.8,19.75,F
,1849711,604,0,832,0.00,-0.510,0.554,14.32,7.76,17.73,F
,1849761,614,0,807,-0.17,-0.49,0.689,13.66,28.19,-3.8,F
,1849771,651,0,881,-0.21,-0.45,0.693,14.21,32.00,-3.6,F
,184982,624,0,1977,-0.97,-0.46,0.914,-13.06,45.15,-1.27,F
,1849861,631,0,032,-0.99,-0.39,0.951,-6.78,28.49,-3024,F
,184989,637,0,1870,-0.041,-0.39,0.941,-7.10,27.90,-3070,F
,1849921,656,0,799,-0.061,-0.305,0.936,-21.82,0.57,-3.13,F
,1849951,657,0,066,-0.037,-0.358,0.954,-19.12,8.34,-35.69,F
,1849961,668,0,535,-0.31,-0.339,0.920,-10.26,29.06,-33.17,F
,1849971,675,0,032,-0.014,-0.30,0.919,-4.63,28.63,-3300,F
,184998,666,0,1894,0.021,-0.33,0.862,-3.44,23.85,-33.8,F
,1849991,657,0,639,0.04,-0.291,0.887,2.16,25.8,-35.49,F
,1850041,653,0,968,0.05,-0.23,1.045,-22.11,22.11,-3596,F
,1850091,208,0,836,-0.084,-0.221,1.278,-2.20,4.73,-16.38,F
,1850101,239,0,874,-0.099,-0.28,1.287,-2.49,35.03,-16.32,F
,1850151,240,0,871,-0.70,-0.26,1.272,16.09,20.22,-5.4,F
,1850161,240,0,694,-0.62,-0.20,1.243,20.01,20.75,-1.0,F
,1850221,241,0,022,-0.16,-0.299,1.107,24.62,-1.98,2.69,F
,185033,241,0,1713,-0.017,-0.23,1.088,28.03,1.96,30.8,F
,1850451,496,0,1877,-0.20,-0.35,1.162,27.34,-.51,36.08,F
,185047,547,0,822,-0.142,-0.20,1.136,52.09,-3.87,47.96,F
,1850501,649,0,851,-0.151,-0.251,1.049,35.31,-15.64,4294,F
,1850521,321,0,870,-0.17,-0.293,0.977,25.75,-21.35,3982,F
,1850551,240,0,1845,-0.00,-0.327,0.835,38.64,-10.47,45.27,F
,1850561,240,0,1871,-0.76,-0.30,0.793,34.55,-.55,43.42,F
,1850571,240,0,840,-0.117,-0.372,0.765,40.27,-8.82,41.68,F
,1850601,108,0,968,-0.15,-0.375,0.639,41.40,-9.83,34.7,F
,185063,236,0,857,0.02,-0.407,0.527,8.76,-1.51,11.49,F
,185069,257,0,950,-0.050,-0.391,0.694,19.45,28.29,-0.12,F
,1850851,662,0,865,-0.98,-0.305,0.889,-11.79,37.10,-32.82,F
,1850861,631,0,874,-0.85,-0.324,0.893,-14.93,35.88,-34.00,F
,1850881,663,0,979,-0.068,-0.35,0.916,-15.41,1.20,-37.42,F
,1850921,641,0,2000,-0.56,-0.33,0.882,-18.55,3.73,-39.46,F
,1850931,637,0,2141,-0.24,-0.38,0.886,-25.76,7.79,-39.71,F
,185094,642,0,637,0.008,-0.374,0.908,-26.98,12.48,-4071,F
,1850961,659,0,1975,0.032,-0.37,0.856,-17.25,10.03,-4111,F
,1850981,663,0,2011,0.09,-0.34,0.863,12.34,17.78,-32.32,F
,185100,669,0,081,0.07,-0.304,0.998,-20.38,16.55,-36.90,F
,185101,672,0,819,0.007,-0.263,1.116,-29.22,15.42,-39.80,F
,1851051,686,0,841,-0.05,-0.198,1.578,-32.51,26.65,-16.09,F
,185106,698,0,440,-0.110,-0.239,1.657,-17.90,30.07,-8.71,F
,1851081,679,0,764,-0.137,-0.173,1.667,10.07,23.50,-7.52,F
,185109,688,0,746,-0.35,-0.146,1.629,17.45,15.39,-6.4,F
,185110,688,0,965,-0.108,-0.11,1.564,20.67,397,-4.04,F
,1851151,758,0,968,-0.008,-0.17,1.202,33.74,283,17.8,F
,1851171,787,0,1889,-0.05,-0.10,1.135,26.62,-4.15,17.87,F
,185120,766,0,763,-0.063,-0.24,1.161,25.57,-13.06,20.37,F
,1851211,770,0,1919,-0.91,-0.239,1.157,34.30,-.80,25.07,F
,1851231,724,0,633,-0.072,-0.20,1.101,35.33,-6.35,32.31,F
,1851251,751,0,1791,-0.18,-0.263,1.133,37.00,-2.93,37.84,F
,185128,758,0,511,-0.184,-0.21,1.101,34.81,-10.88,40.36,F
,1851321,691,0,792,-0.68,-0.350,0.943,47.29,-32.90,3246,F
,1851351,593,0,951,-0.123,-0.355,0.718,67.04,-34.84,28.97,F
,1851391,67,0,111,-0.024,-0.41,0.536,6.61,-26.59,23.12,F
,185144,505,0,719,-0.29,-0.532,0.557,10.09,12.87,10.3,F
,1851451,510,0,1835,-0.34,-0.58,0.598,9.68,21.00,10.3,F
,1851471,586,0,899,-0.060,-0.479,0.727,11.14,26.58,2.4,F
,185148,591,0,878,-0.86,-0.478,0.710,15.19,30.36,2.3,F
,1851491,592,0,850,-0.056,-0.49,0.719,16.45,3.84,-1.1,F
,1851501,591,0,029,-0.49,-0.417,0.734,3.81,36.25,-5.6,F
,185158,548,0,067,-0.63,-0.415,0.878,-10.90,20.78,-2.54,F
,1851591,504,0,591,-0.52,-0.387,0.875,-14.66,0.39,-27.17,F
,1851611,557,0,2058,0.07,-0.40,0.843,-20.13,17.79,-3154,F
,185163,558,0,878,0.022,-0.40,0.833,29.01,11.70,-37.80,F
,1851651,629,0,1488,0.09,-0.44,0.782,21.18,11.44,-3308,F
,1851701,726,0,055,0.106,-0.319,0.750,-35.22,14.48,-4180,F
,1851721,752,0,2095,0.02,-0.333,0.894,-45.62,13.49,-4258,F
,185174,753,0,119,0.09,-0.283,1.172,-47.16,15.55,-37.29,F
,1851751,739,0,661,0.018,-0.29,1.295,45.01,13.30,-28.79,F
,1851771,720,0,1963,0.02,-0.19,1.587,32.49,37.07,-6.3,F
,1851781,672,0,1800,-0.74,-0.14,1.685,-29.65,38.55,7.6,F
,1851831,571,0,009,0.003,-0.20,1.753,2.65,9.97,23.71,F
,1851881,653,0,786,0.075,-0.213,1.323,33.97,-11.75,42.7,F
,185189,643,0,161,0.03,-0.239,1.293,32.45,-1.28,45.27,F
,1851911,640,0,2064,0.113,-0.26,1.264,7.40,-21.64,50.87,F
,185192,640,0,584,0.16,-0.296,1.277,20.85,-28.85,52.9,F
,1851941,665,0,739,0.070,-0.38,1.268,6.96,-33.80,61.10,F
,1851951,742,0,987,0.04,-0.407,1.287,30.81,-3.39,62.49,F
,185196,749,0,874,0.03,-0.430,1.301,31.77,-30.56,65.4,F
,1852001,742,0,509,0.105,-0.582,1.198,19.54,-33.80,60.2,F
,185203,715,0,1276,0.05,-0.62,1.061,16.21,-36.12,45.0,F
,185207,662,0,1923,0.09,-0.66,0.823,12.70,-51.26,19.2,F
,1852101,683,0,1881,0.06,-0.62,0.594,.24,-57.14,-1.23,F
,1852121,678,0,015,0.09,-0.58,0.455,.94,-43.74,-7.05,F
,1852131,656,0,616,0.06,-0.546,0.384,0.91,-3322,-10.5,F
,1852171,769,0,884,-0.50,-0.521,0.351,-40.74,-20.27,-1.13,F
,1852221,823,0,888,-0.102,-0.421,0.432,-23.39,-12.10,-5.77,F
,185249,1317,0,2083,0.303,-0.610,1.089,-29.62,5.96,-1.59,F
,1852521,1313,0,1904,0.164,-0.581,1.431,-16.98,7.35,-1.06,F
,1852611,1251,0,1823,0.267,-0.517,1.282,33.45,1.10,15.1,F
,1852651,1211,0,1929,0.73,-0.56,1.103,42.39,-6.68,20.65,F
,185280,1216,0,1668,0.049,-0.635,1.040,29.22,-2.22,2610,F
,185285,1221,0,1923,0.095,-0.56,0.695,66.35,-26.22,34.08,F
,185301,1039,0,2025,0.46,-0.60,0.505,6.81,20.49,5.99,F
,185307,1168,0,2064,0.60,-0.623,0.665,-13.27,42.11,-9.35,F
,185320,925,0,1883,0.203,-0.58,0.680,-31.55,51.35,-21.26,F
,1853211,930,0,693,0.17,-0.587,0.694,-33.38,4.55,-2421,F
,185322,926,0,840,0.207,-0.57,0.693,-32.43,38.16,-28.22,F
,185325,942,0,2066,0.283,-0.617,0.702,-22.93,23.30,-37.55,F
,1853261,953,0,770,0.20,-0.545,0.739,23.85,32.52,-3126,F
,185327,926,0,1962,0.267,-0.51,0.793,-26.48,42.65,-26.91,F
,1853281,875,0,925,0.23,-0.552,0.858,28.80,50.40,-2216,F
,1853291,898,0,1555,0.184,-0.53,0.983,25.90,54.55,-1893,F
,185334,1005,0,2062,0.092,-0.49,1.392,4.78,30.33,-9.37,F
,185336,1003,0,1879,0.141,-0.43,1.502,6.23,22.10,-0.10,F
,1853411,927,0,1360,0.278,-0.49,1.361,29.72,-1.74,18.43,F
,1853441,757,0,786,0.28,-0.526,1.207,6.50,-1.60,34.49,F
,1853451,822,0,587,0.255,-0.53,1.191,44.88,-1.05,34.9,F
,185349,1058,0,1259,0.16,-0.678,1.102,50.33,-5.37,3672,F
,185350,1137,0,2107,0.286,-0.62,1.099,56.29,-25.35,4200,F
,185358,1456,0,1876,0.381,-0.790,0.996,31.97,-2.59,33.55,F
,185371,991,0,1857,0.165,-0.78,0.407,-25.21,-22.19,-1.24,F
,1853721,957,0,913,0.16,-0.778,0.340,35.84,-16.47,-1.74,F
,1853741,941,0,855,0.15,-0.797,0.294,50.80,-26.99,-3.32,F
,185375,919,0,948,0.117,-0.77,0.258,-45.58,-36.01,-3.09,F
,185376,988,0,895,0.122,-0.72,0.217,-38.51,-36.06,-3.46,F
,185380,992,0,774,0.063,-0.52,0.250,-44.58,-17.16,-43.54,F
,1853831,921,0,714,0.06,-0.54,0.305,-36.13,7.90,-24.47,F
,185392,1155,0,2005,0.69,-0.581,0.581,-48.25,24.83,-14.83,F
,185395,1201,0,1575,0.85,-0.69,0.583,-17.58,54.97,0.48,F
,185406,1441,0,1881,0.442,-0.758,0.697,-15.85,24.77,-4.98,F
,1854111,1457,0,1900,0.472,-0.686,0.881,-8.43,53.55,-3735,F
,185412,1431,0,1600,0.435,-0.69,0.930,-2.64,43.33,-3992,F
,1854411,1487,0,1883,0.286,-0.740,0.759,57.43,-1.72,3313,F
,1854461,1475,0,1858,0.40,-0.56,0.528,26.65,-15.13,34.23,F
,185457,1247,0,1904,0.20,-0.63,0.263,32.07,16.45,25.87,F
,185464,1265,0,2277,0.247,-0.824,0.506,14.01,1.81,1.3,F
,185474,1337,0,1662,0.19,-0.79,0.620,4.39,32.74,-13.71,F
,185489,1498,0,1526,0.207,-0.735,0.661,-9.24,31.67,-16.04,F
,1854961,1563,0,1904,0.487,-0.768,0.546,-2.42,15.18,-31.02,F
,1854991,1584,0,2059,0.417,-0.633,0.574,-18.78,33.85,-35.46,F
,1855101,1661,0,2044,0.325,-0.533,1.287,2.59,11.65,-26.99,F
,185514,1675,0,1377,0.285,-0.401,1.055,28.94,2.20,-1303,F
,1855151,1677,0,1865,0.479,-0.728,0.838,14.10,1.00,4.2,F
,1855231,1595,0,1854,0.372,-0.835,0.698,33.34,-8.87,9.8,F
,185526,1614,0,2090,0.484,-0.44,0.744,18.03,-15.14,13.39,F
,1855361,1535,0,1922,0.426,-0.787,0.652,25.91,-5.00,31.53,F
,1855531,1393,0,1924,0.291,-0.618,0.793,46.62,-16.15,31.73,F
,1855541,1391,0,1901,0.368,-0.522,0.844,40.50,-21.86,26.13,F
,1855641,1304,0,1877,0.244,-0.608,0.847,38.41,-4.38,3975,F
,1855801,879,0,1781,0.218,-0.717,0.569,3.36,-403,44.0,F
,1855861,799,0,935,0.12,-0.694,0.496,29.81,-19.31,20.6,F
,185587,772,0,869,0.158,-0.686,0.487,25.37,-21.20,17.38,F
,185590,638,0,778,0.12,-0.69,0.474,13.77,-17.72,0.6,F
,185592,657,0,103,0.15,-0.71,0.455,.42,-18.29,-0.9,F
,185595,662,0,766,0.103,-0.708,0.442,8.71,6.4,13.53,
,185596,662,0,865,0.12,-0.706,0.444,5.37,16.20,11.38,F
,185597,683,0,1865,0.132,-0.714,0.436,.69,23.82,6.75,
,185599,695,0,775,0.161,-0.738,0.488,-5.38,2037,-7.7,F
,1856041,868,0,1711,0.09,-0.786,0.543,-22.26,38.57,-6.90,F
,185605,880,0,826,0.10,-0.795,0.540,-9.35,46.94,-4.30,F
,185606,955,0,535,0.16,-0.744,0.516,-8.78,55.67,-4.88,F
,1856121,1070,0,1584,0.159,-0.810,0.647,-36.54,30.78,-3.16,F
,185635,981,0,1968,0.303,-0.470,1.182,1.42,89.38,-4.0,F
,185637,895,0,002,0.253,-0.406,1.354,26.82,5677,-0.8,F
,185638,826,0,703,0.234,-0.401,1.375,2.12,30.07,-5.9,F
,185641,784,0,737,0.344,-0.512,1.438,26.81,-1.44,-6.0,F
,1856421,838,0,1943,0.39,-0.528,1.410,33.02,-19.71,-2.88,F
,185649,864,0,791,0.351,-0.560,1.021,2.01,-16.97,29.1,F
,185651,784,0,033,0.215,-0.616,0.888,5.13,-15.37,37.9,F
,185654,896,0,1851,0.205,-0.673,0.762,5.94,-37.61,43.7,F
,185660,886,0,638,0.135,-0.694,0.556,5.19,-42.44,46.8,F
,1856631,893,0,1869,0.12,-0.766,0.495,2.35,-5571,42.98,F
,185665,857,0,901,0.176,-0.773,0.427,.64,-54.74,33.5,F
,185666,833,0,629,0.166,-0.772,0.421,.11,-53.71,29.6,F
,185669,778,0,2058,0.180,-0.78,0.392,-2.11,-42.41,21.5,F
,185672,818,0,535,0.215,-0.78,0.380,1.49,-28.93,17.3,F
,185675,801,0,806,0.224,-0.78,0.413,-3.74,-19.98,13.5,F
,185679,741,0,675,0.236,-0.749,0.455,-6.02,-1.26,4.87,F
,1856801,721,0,774,0.21,-0.731,0.451,-7.68,-1.64,5.46,F
,185681,720,0,886,0.259,-0.719,0.483,11.44,-14.29,5.1,F
,1856821,799,0,1920,0.241,-0.69,0.477,-13.65,-11.28,5.0,F
,1856831,755,0,635,0.28,-0.683,0.487,17.90,-8.80,3.9,F
,185684,765,0,1920,0.231,-0.66,0.506,-21.15,-7.38,2.2,F
,1856861,767,0,1600,0.256,-0.691,0.525,-24.89,-9.28,-2.0,F
,1856911,813,0,1680,0.316,-0.78,0.553,-2.98,-4.01,-2.1,F
,185694,741,0,823,0.34,-0.746,0.490,.50,12.1,-5.72,F
,1857011,848,0,1774,0.31,-0.727,0.624,1.65,5.64,-8.42,
,185702,848,0,926,0.37,-0.730,0.590,9.46,0.3,-10.09,F
,185703,873,0,856,0.367,-0.723,0.567,1.43,-322,-12.62,F
,185704,961,0,742,0.35,-0.715,0.533,8.70,2.2,-13.98,a5
,1857061,874,0,1613,0.38,-0.747,0.545,-0.63,9.64,-17.0,F
,185711,971,0,929,0.31,-0.729,0.497,27.57,38.58,-8.2,F
,1857121,978,0,1829,0.303,-0.73,0.433,2.61,43.42,-8.73,F
,1857131,989,0,1791,0.305,-0.742,0.427,11.02,43.99,-12.9,F
,185718,867,0,653,0.30,-0.900,0.393,-17.45,16.17,-2520,F
,1857191,869,0,1761,0.316,-0.900,0.378,-11.59,20.95,-2441,F
,185720,875,0,755,0.38,-0.910,0.306,-4.87,36.00,-21.7,F
,185736,1135,0,2175,0.379,-0.847,0.580,-19.38,39.30,-2.36,F
,1857431,1072,0,1806,0.62,-0.677,1.095,-8.96,49.23,-2102,F
,1857461,766,0,2083,0.409,-0.57,1.270,10.44,22.52,-10.6,F
,185748,817,0,761,0.427,-0.55,1.296,11.94,-0.73,-9.5,F
,185751,820,0,815,0.59,-0.59,1.041,9.42,-485,1.36,F
,185753,829,0,021,0.422,-0.64,0.928,35.92,3.55,12.92,a5
,185755,834,0,868,0.412,-0.60,0.874,5.77,-7.05,21.6,F
,185756,878,0,993,0.40,-0.607,0.870,0.12,-14.04,21.62,F
,185757,923,0,003,0.43,-0.592,0.800,32.96,-2.16,20.8,F
,185761,976,0,765,0.38,-0.718,0.727,26.21,-3.90,25.2,F
,185762,991,0,917,0.369,-0.73,0.695,0.12,-3.78,27.8,F
,185763,994,0,943,0.35,-0.75,0.684,8.12,-33.31,29.55,F
,185772,1013,0,1901,0.48,-0.89,0.290,33.89,-58.85,19.06,F
,185773,919,0,792,0.28,-0.881,0.236,30.35,-5.66,16.2,F
,185775,816,0,1833,0.266,-0.929,0.146,23.05,-29.80,16.2,F
,1857761,816,0,1853,0.29,-0.960,0.116,20.23,-1.39,17.03,F
,185778,674,0,864,0.248,-0.982,0.061,9.33,8.98,19.26,
,185779,705,0,1830,0.260,-1.02,0.062,7.94,14.45,14.04,a5
,185781,817,0,845,0.269,-1.097,0.057,0.78,24.36,1.44,
,185786,887,0,851,0.15,-0.999,0.123,1.55,5121,-19.8,F
,185787,880,0,1731,0.304,-0.980,0.126,-12.40,63.24,-2986,F
,185788,890,0,853,0.24,-0.93,0.142,23.39,78.28,-32.09,F
,1857901,918,0,1981,0.198,-0.947,0.184,-37.85,77.12,-38.97,F
,185793,933,0,857,0.14,-0.931,0.265,-47.79,5.28,-5522,F
,1857941,943,0,1669,0.177,-0.881,0.267,-47.82,48.07,-5771,F
,185796,963,0,1943,0.176,-0.847,0.251,-42.16,44.25,-64.29,F
,185800,981,0,559,0.137,-0.649,0.234,-12.16,69.09,-6480,F
,185805,1063,0,1712,0.126,-0.394,0.319,-6.75,7.12,-5305,F
,185809,1152,0,1805,0.144,-0.156,0.636,36.97,95.30,-3305,F
,1858201,1179,0,1811,0.77,-0.510,1.483,92.12,7.18,54.83,F
,185826,1185,0,1606,0.635,-0.939,1.314,81.48,2.26,53.8,F
,185834,1191,0,1844,0.425,-0.847,1.228,60.20,-18.01,34.54,F
,1858401,1195,0,1811,0.161,-0.787,1.038,72.36,-8.71,4484,F
,185850,1153,0,1665,0.114,-0.657,0.341,32.61,-5.00,2533,F
,1858821,1133,0,1856,0.323,-0.639,0.663,-16.67,38.54,-4.80,F
,1859011,1151,0,1840,0.31,-0.439,1.300,33.13,26.28,20.3,F
,1859321,1355,0,1827,0.079,-0.547,0.405,28.09,-6.38,19.8,F
,1859331,1361,0,1890,0.231,-0.715,0.498,21.23,-11.97,9.6,F
,185947,1432,0,1837,0.246,-0.874,0.791,-33.68,17.09,-6.41,F
,185950,1387,0,1963,0.222,-0.63,0.784,-34.52,45.09,-6.93,F
,1859651,1230,0,2099,-0.002,0.17,0.676,-3.07,86.14,-4632,F
,185972,939,0,981,0.027,0.262,1.500,4.89,108.97,55.6,F
,1859751,997,0,026,0.25,-0.118,1.683,6.20,85.70,77.4,F
,1859861,1136,0,1879,0.424,-0.82,1.343,66.93,-0.56,35.8,F
,185989,1129,0,1962,0.270,-0.77,1.291,69.17,-14.85,2575,F
,185997,1102,0,1682,-0060,-0.424,1.120,43.11,18.67,1.71,F
,186004,944,0,914,-0.108,-0.26,0.658,63.60,-51.72,14.54,F
,1860061,939,0,957,-0.52,-0.258,0.522,39.57,-49.97,9.97,F
,186011,944,0,888,-0.31,-0.424,0.461,-13.45,8.83,15.6,F
,186040,990,0,795,-0.65,0.258,1.590,95.52,111.33,-1.0,F
,186042,980,0,929,-0.372,0.32,1.601,94.29,77.52,-2.6,F
,186046,823,0,2007,-0.183,0.286,1.264,124.96,4.84,11.68,F
,186048,827,0,877,-0.156,0.29,1.069,154.65,81.82,39.7,F
,186052,864,0,1971,-0.085,0.208,0.936,121.75,85.97,53.7,F
,186054,886,0,983,-0.095,0.066,0.892,129.68,47.35,59.85,F
,186058,929,0,2012,-0.099,0.092,0.790,162.33,71.45,50.2,F
,186061,949,0,1898,-0.205,0.089,0.877,164.81,8.32,56.4,F
,186065,847,0,927,-0.27,0.05,0.826,12.59,81.49,38.8,F
,186066,802,0,1881,-0.095,0.071,0.805,100.93,68.97,26.08,F
,186067,624,0,976,-0.124,0.06,0.820,93.40,54.20,12.4,F
,186069,657,0,795,-0.79,0.172,0.785,9.65,4359,-2.6,F
,186070,688,0,1954,-0.226,0.22,0.789,73.23,42.13,-5.5,F
,1860801,607,0,718,-0.59,0.283,1.045,6.59,61.53,-11.7,F
,186082,20,0,127,-0.564,0.174,1.317,32.61,10.9,-23.06,F
,186083,383,0,1702,-0.487,0.19,1.520,35.16,-8.62,-36.2,F
,186084,326,0,767,-0.434,0.149,1.319,33.65,-1.26,-3699,F
,186085,275,0,712,-0.458,0.170,1.222,31.57,-14.44,-31.69,F
,1860881,511,0,679,-0.31,0.422,0.983,1.40,29.99,-7.11,F
,1860891,592,0,021,-0.75,0.45,0.994,16.30,2851,-5.08,F
,186090,535,0,921,-0.434,0.405,1.008,-2.95,11.13,-5.9,F
,1860911,509,0,027,-0.19,0.403,0.967,19.10,-5.81,-1219,F
,1860921,496,0,1988,-0.52,0.420,0.926,24.25,-19.74,-12.47,F
,186095,570,0,1828,-0.390,0.337,0.934,4.39,-16.07,-5.20,F
,186097,560,0,915,-0.36,0.30,0.864,19.00,6.78,3.82,F1860981bºbjrbrbr²brrbrb25
,186101,159,0,929,-0.321,0.289,0.893,33.49,1687,-7.32,F
,186104,0,0,187,-0.408,0.352,0.910,37.08,17.93,-7.90,
,186106,0,0,175,-0.427,0.336,0.959,45.80,24.2,0.07,F
,186107,0,0,160,-0.435,0.330,0.936,53.05,27.3,4.33,F
,186110,0,0,199,-0.35,0.354,0.903,7769,37.82,12.84,F
,186111,0,0,1905,-0.324,0.381,.822,94.39,50.92,11.06,
,1861131,0,0,1997,-0.359,0.424,.756,103.77,82.14,14.25,a5
,186114,0,0,201,-0.409,0.508,.684,103.02,94.87,19.26,F
,1861341,0,0,1680,-0.456,0.805,0.443,71.51,43.2,15.53,
,186136,0,0,220,-0.514,0.850,0.398,73.07,45.0,16.07,
,186142,0,0,189,-0.478,0.785,0.454,34.67,18.8,10.68,
,186144,0,0,174,-0.469,0.775,0.433,34.09,11.8,7.29,F
,186145,0,0,182,-0.476,0.750,0.419,35.66,17.38,8.26,F
,186151,0,0,185,-0.455,0.743,0.447,39.29,28.4,-1.57,
,186155,0,0,179,-0.521,0.847,0.384,46.88,13.55,-2.39,
,186165,0,0,204,-0.521,0.845,0.354,-15.85,-3226,-25.1,F
,186169,0,0,164,-0.552,0.753,0.379,-6.65,-3597,-13.40,F
,186170,0,0,160,-0.535,0.686,0.435,-61.45,-3513,-12.6,F
,186172,0,0,188,-0.486,0.638,0.513,-2.45,-3438,-13.4,F
,186188,0,0,193,-0.48,0.705,0.463,22.07,-17.22,-7.84,a5
,186189,0,0,194,-0.492,0.797,0.430,1778,-1.5,-1.81,
,186194,0,0,191,-0.472,0.699,0.568,-2.20,-1274,-7.13,F
,186198,0,0,1735,-0.51,0.750,0.579,1.54,-8.39,-7.19,F
,186203,0,0,209,-0.456,0.625,0.573,-10.16,-1248,-7.5,F
,186210,70,0,195,-0.489,0.734,0.537,5.21,22.1,1.82,F
,186213,49,0,176,-0.536,0.820,0.497,12.81,-1.9,-1.46,F
,1862161,142,0,1737,-0.91,0.835,0.500,-14.93,-13.45,0.8,F
,186217,163,0,867,-0.477,0.791,0.551,-17.45,-3.08,4.05,F
,186218,176,0,1872,-0.20,0.726,0.551,-13.30,-7.61,6.0,F
,1862201,96,0,177,-0.36,0.627,0.518,-6.80,6.7,0.75,F
,186228,0,0,1767,-0.473,0.758,.516,23.89,11.33,1.52,F
,1862291,0,0,194,-0.46,0.743,0.499,1842,16.2,4.05,F
,186231,0,0,187,-0.489,0.751,.500,4.56,18.05,5.00,F
,186233,0,0,1917,-0.483,0.722,.491,-5.35,13.0,5.67,F
,186235,0,0,1690,-0.487,0.712,.478,-14.20,11.1,6.84,F
,1862391,0,0,1899,-0.46,0.691,.539,-14.45,12.49,14.84,F
,1862411,0,0,1875,-0.43,0.677,.571,-8.40,12.2,7.68,F
,186251,0,0,1881,-0.428,0.615,.655,6.24,-1.83,-4.32,F
,186255,0,0,1807,-0.46,0.677,.572,16.32,13.1,0.65,F
,1862601,0,0,1744,-0.46,0.705,.568,-0.81,-0.7,-1.35,F
,186276,0,0,1802,-0.406,0.669,.613,14.03,-1.0,-2.68,F
,186282,0,0,1978,-0.429,0.644,.627,-5.25,-2.8,3.38,F
,1862861,0,0,187,-0.387,0.624,0.644,13.89,6.49,3.01,F
,186288,0,0,2047,-0.385,0.651,.620,20.79,11.8,3.65,F
,186289,0,0,1772,-0.38,0.661,.643,16.01,13.2,2.39,F
,1862931,3,0,189,-0.414,0.661,0.680,10.52,9.45,4.63,F
,1862961,48,0,1776,-0.41,0.676,0.678,12.24,9.21,4.63,F
,186297,35,0,2032,-0.35,0.654,0.673,9.46,5.74,2.87,F
,186298,35,0,160,-0.401,0.671,0.661,653,4.74,0.98,F
,1862991,37,0,1814,-0.40,0.670,0.651,6.13,2.84,1.39,F
,1863001,40,0,1990,-0.392,0.659,0.639,5.29,1.26,1.17,F
,186302,35,0,192,-0.445,0.675,0.647,-0.57,6.2,4.02,F
,186303,38,0,175,-0.415,0.661,0.650,-1.35,4.23,6.77,"F1863041ibbbjrʲbrbrbjrʲbrbrb25"
,186310,75,0,2005,-0.344,0.583,0.653,-2.90,5.78,9.44,F
,186315,42,0,173,-0.361,0.544,0.516,-0.61,-10.22,18.02,F
,186317,41,0,1953,-0.30,0.717,0.615,11.14,-10.35,18.14,F
,186318,35,0,191,-0.395,0.657,0.570,902,4.86,18.51,F
,186321,80,0,147,-0.382,0.668,0.630,4.79,8.28,9.67,F
,1863221,75,0,1728,-0.40,0.684,0.679,1.62,10.3,12.10,F
,186331,0,0,195,-0.403,0.658,.717,-1.33,7.6,14.75,F
,186332,0,0,175,-0.366,0.668,0.743,-15.51,4.69,16.33,F
,186335,0,0,181,-0.299,0.675,.711,-1.54,12.77,19.68,a5
,186340,0,0,188,-0.348,0.735,0.687,-5.74,25.52,15.68,F
,1863421,0,0,2165,-0.338,0.653,.668,-6.84,21.52,17.73,F
,186344,0,0,218,-0.355,0.649,0.730,-7.49,8.36,9.00,F
,1863451,0,0,1840,-0.32,0.585,.795,-77.39,-3.0,5.07,
,186348,0,0,1818,-0.36,0.575,.802,-69.45,-13.42,2.05,F
,186349,0,0,198,-0.380,0.608,0.770,-6.66,-12.94,4.92,F
,1863501,0,0,1757,-0.370,0.598,.817,-6.97,-13.71,8.52,F
,1863531,0,0,1949,-0.279,0.499,.892,-7.31,-2677,-1.81,F
,186354,0,0,2082,-0.259,0.452,0.891,-7.77,-31.84,-5.72,F
,1863571,0,0,1879,-0.287,0.412,0.886,-68.86,-32.73,-2.24,F
,186358,0,0,180,-0.269,0.434,0.903,-65.35,-3438,-2.9,F
,186359,0,0,174,-0.307,0.376,.937,-59.16,-3969,-4.0,F
,186360,0,0,176,-0.302,0.390,0.947,-56.96,-43.20,-7.00,F
,186361,0,0,177,-0.244,0.284,0.905,-56.48,-4398,-5.2,F
,186364,0,0,1793,-0.162,0.387,0.824,-3.18,-16.47,6.14,F
,186372,0,0,156,-0.289,0.287,1.014,-10.96,0.3,3.23,F
,186373,0,0,1583,-0.223,0.308,.985,-816,-4.97,3.70,F
,186375,0,0,189,-0.161,0.288,.931,-1.12,-3.87,-1.32,F
,186376,0,0,171,-0.173,0.275,0.982,-11.32,1.9,-2.03,
,186378,0,0,188,-0.202,0.268,0.993,-237,15.58,1.27,F
,1863821,0,0,1578,-0.286,0.257,1.024,1290,10.26,6.89,F
,186384,0,0,171,-0.223,0.221,0.977,3213,4.94,6.66,F
,1863921,0,0,1728,-0.18,0.246,.981,2587,2.77,-1.40,F
,186393,0,0,1741,-0.20,0.316,.908,22.10,5.35,-1.81,F
,186401,0,0,195,-0.195,0.381,0.931,15.97,26.4,-1.42,
,186403,0,0,181,-0.262,0.386,0.980,2.8,17.03,-2.45,F
,1864051,0,0,1527,-0.25,0.321,1.049,1.16,4.34,1.58,F
,1864121,0,0,1887,-0.17,0.247,.890,9.94,3.09,-3.78,F
,186413,0,0,146,-0.180,0.259,0.909,9.3,3.49,5.19,F
,1864261,0,0,1954,-0.17,0.315,.960,25.00,4.10,-9.09,F
,186432,820,0,712,-0.226,0.26,0.988,0.75,2666,-6.5,F
,1864331,879,0,639,-0.217,0.28,0.988,5.86,2625,-7.6,F
,1864391,990,0,2241,-0.163,0.239,1.018,53.04,2645,-19.2,F
,186449,981,0,804,-0.221,0.350,1.024,8.59,5399,-16.2,F
,186451,956,0,1933,-0.220,0.347,0.852,81.07,4952,-19.28,F
,1864711,2217,0,2018,-0.573,0.514,1.003,19.25,13.42,-14.29,F
,1864781,2259,0,1801,-0.629,0.360,0.869,45.46,35.41,-4.76,F
,1864831,718,0,2063,-0.508,0.41,0.551,2.96,-313,-20.7,F
,186484,719,0,1684,-0.352,0.743,0.858,49.26,1197,-40.32,F
,186485,589,0,1945,-0.571,0.393,0.633,3.65,-3.72,-17.34,F
,186486,571,0,1974,-0.645,0.629,0.968,55.75,1724,-21.87,F
,186487,563,0,837,-0.259,0.660,0.817,41.52,2898,-20.0,F
,186488,559,0,1861,-0.271,0.48,0.775,24.45,27.15,-13.06,F
,186489,551,0,1792,-0.344,0.398,0.804,24.26,1920,-10.4,F
,1864901,479,0,143,-0.52,0.387,0.794,27.29,1695,-9.9,F
,186492,593,0,916,-0.308,0.484,0.695,33.05,1820,-6.7,F
,186497,725,0,02,-0.505,0.557,0.624,1.84,43.7,10.57,
,186498,749,0,2134,-0.447,0.623,0.666,22.23,4.09,13.4,F
,186500,741,0,1968,-0.490,0.490,0.783,-22.87,2.28,14.3,F
,1865081,1941,0,2107,-0.514,0.557,0.707,-10.28,5.97,-6.07,F
,186521,990,0,125,-0.454,0.465,0.756,21.58,3019,-0.76,F
,186522,981,0,1772,-0.419,0.50,0.686,16.12,29.36,1.81,a5
,186523,704,0,535,-0.54,0.51,0.664,2.44,1541,-1.0,F
,186524,688,0,355,-0.587,0.518,0.694,11.68,0.03,-2.67,F
,1865271,484,0,2220,-0.521,0.47,0.656,10.82,1584,1.93,F
,1865281,471,0,1505,-0.411,0.439,0.726,1.31,2341,-3.05,F
,1865291,464,0,811,-0.63,0.509,0.754,.72,24.5,-12.58,F
,1865311,463,0,1983,-0.400,0.385,0.779,6.03,1049,-21.2,F
,1865321,435,0,025,-0.59,0.379,0.791,21.87,1.16,-32.73,F
,186535,466,0,722,-0.92,0.478,0.765,27.25,13.53,-8.9,F
,1865361,478,0,1860,-0.399,0.45,0.734,18.06,1973,-16.54,F
,186537,494,0,899,-0.431,0.400,0.766,4.91,2463,-20.6,F
,186538,507,0,2019,-0.406,0.405,0.781,1.94,35.84,-20.41,F
,186539,491,0,1983,-0.418,0.415,0.753,0.16,5315,-17.90,F
,186541,788,0,639,-0.40,0.512,0.705,31.98,5860,-15.42,F
,1865421,837,0,1872,-0.644,0.56,0.675,21.55,5596,-6.96,F
,186544,934,0,669,-0.667,0.683,0.573,-7.96,49.23,4.97,F
,186552,1819,0,1762,-0.568,0.388,0.822,-39.15,.25,-8.67,F
,1865671,2128,0,2032,-0.894,0.356,0.897,18.12,3.93,7.0,F
,1865711,2003,0,1981,-0.805,0.501,0.681,19.84,1.73,6.4,F
,186574,1949,0,1918,-0.985,0.315,0.807,-1.97,2.41,12.5,F
,186592,1336,0,1957,-0.404,0.546,1.023,-14.55,-8.45,21.01,F
,1865951,1317,0,1998,-0.775,0.45,0.924,-38.77,40.91,3.26,F
,1865991,1302,0,1801,-0.389,0.437,0.881,-59.15,-29.74,47.47,F
,1866031,1328,0,2005,-0.390,0.450,0.760,-86.28,35.78,4.17,F
,1866111,867,0,1918,-0.439,0.33,0.996,136.49,-106.87,24.86,F
,186612,865,0,982,-0.404,0.267,0.925,-147.35,95.67,27.94,F
,186616,822,0,981,-0.97,0.129,0.971,-125.55,65.02,4.88,F
,186618,799,0,032,-0.23,0.079,0.988,-113.58,77.61,3.17,F
,186619,784,0,964,-0.227,0.089,0.961,-114.49,-86.59,21.75,F
,186621,784,0,2061,-0.202,0.05,0.985,118.55,99.57,1.14,F
,1866231,815,0,1379,-0.09,0.00,0.981,-119.56,101.86,1.20,F
,186624,826,0,2180,-0.181,-0.037,0.995,-127.45,-95.95,14.83,F
,186631,831,0,926,-0.108,-0.197,1.038,-87.91,82.82,1.19,F
,186632,821,0,974,-0.089,-0.212,1.044,-84.83,86.68,628,F
,186634,816,0,319,-0.045,-0.216,1.044,-77.45,83.97,568,F
,186635,816,0,723,-0.064,-0.282,1.056,-71.45,80.79,884,F
,1866371,704,0,2085,-0.46,-0.290,1.055,-69.24,66.77,14.91,F
,186640,461,0,695,-0.022,-0.300,1.044,-67.91,-67.00,7.00,F
,1866421,534,0,1869,-0.35,-0.27,0.993,-71.47,74.30,365,F
,1866461,684,0,1959,0.09,-0.38,0.904,-64.87,-6.82,1101,F
,1866471,686,0,2083,0.084,-0.37,0.861,-60.20,-1.22,1216,F
,186650,629,0,112,0.103,-0.396,0.776,52.58,-43.89,16.17,F
,1866511,642,0,2020,0.17,-0.411,0.773,-53.62,-2.87,1561,F
,186655,684,0,2065,0.13,-0.435,0.686,-54.22,-5.71,12.58,F
,186657,696,0,1901,0.159,-0.45,0.655,-66.08,-6.93,1313,F
,186660,700,0,1859,0.18,-0.454,0.616,-50.00,-0.55,1426,F
,186662,726,0,037,0.191,-0.458,0.587,-35.51,-.35,18.4,F
,1866651,731,0,1739,0.18,-0.476,0.570,-45.70,-.22,16.8,F
,186666,740,0,1790,0.19,-0.523,0.592,-38.37,-.84,19.6,F
,186671,816,0,790,0.15,-0.521,0.609,-24.75,272,14.95,F
,1866721,819,0,952,0.212,-0.540,0.594,-24.13,523,13.27,F
,186675,937,0,856,0.192,-0.62,0.593,-12.96,1.94,15.3,F
,186677,960,0,956,0.190,-0.637,0.575,-0.32,2555,14.1,F
,1866861,1123,0,2021,0.167,-0.710,0.577,8.91,3236,-7.5,F
,1866901,1225,0,1326,0.211,-0.822,0.534,-0.45,3.74,-12.64,F
,186692,1349,0,1620,0.42,-0.787,0.529,10.90,5.68,-4.1,F
,1867021,1441,0,1855,0.51,-0.792,0.698,-14.20,51.29,-16.03,F
,1867231,1567,0,1835,0.57,-0.30,1.134,5.52,1.13,-5.16,F
,1867401,1405,0,1636,0.006,-0.725,0.676,50.09,-22.10,18.92,F
,1867421,1276,0,2085,0.038,-0.782,0.598,42.87,-27.67,2607,F
,1867481,1051,0,1463,0.198,-0.813,0.464,-0.38,-9.34,3.4,F
,1867511,1143,0,1846,0.113,-0.825,0.340,7.20,-16.50,4.75,F
,1867621,1095,0,1707,0.162,-0.935,0.424,-25.90,48.72,-23.64,F
,1867701,1295,0,1840,0.076,-0.804,0.389,-30.22,4.11,-58.82,F
,1867851,1218,0,1570,0.106,-0.098,0.961,61.37,9.74,0.8,F
,186803,1264,0,1843,0.26,-0.830,1.268,76.07,-.57,17.13,F
,186825,867,0,890,0.095,-0.617,0.372,6.50,-13.77,2.19,F
,186827,858,0,986,0.105,-0.594,0.370,17.23,-6.85,-1.02,F
,1868311,762,0,632,0.08,-0.520,0.457,14.99,3098,-5.0,F
,186833,791,0,032,0.09,-0.513,0.521,13.19,5257,-3.4,F
,186835,846,0,895,-0.07,-0.499,0.587,1.77,5721,-3.6,F
,186836,917,0,853,-0.032,-0.519,0.674,3.37,50.29,-3.60,F
,186851,1154,0,1590,0.226,-0.636,0.791,-15.85,19.71,-42.80,F
,1868681,1015,0,2009,0.262,-0.37,1.488,17.33,2.95,0.8,F
,1868771,1200,0,2128,0.218,-0.353,1.019,20.29,-16.96,20.92,F
,1868831,1235,0,2083,0.179,-0.53,0.970,33.83,-5.20,28.51,F
,1868921,1111,0,1943,0.66,-0.58,0.700,30.47,-7.63,6.1,F
,1868971,897,0,2066,0.05,-0.598,0.480,24.30,-15.17,7.24,F
,186898,910,0,886,0.154,-0.636,0.481,17.55,-8.33,3.71,a5
,1869061,1012,0,1872,0.135,-0.82,0.582,0.03,4920,-27.7,F
,186915,974,0,600,0.038,-0.596,0.646,-29.97,28.46,-82.73,F
,186919,976,0,637,-0.009,-0.391,0.564,-11.25,48.71,-78.53,F
,1869201,908,0,1907,-0.42,-0.38,0.544,-4.11,5.84,-7447,F
,1869231,852,0,2027,0.09,-0.059,0.647,4.99,55.65,-77.32,F
,186926,887,0,850,-0.099,0.134,0.844,13.33,83.82,-53.37,F
,1869271,912,0,2000,-0.095,0.207,0.927,17.62,99.20,-36.56,F
,186928,958,0,858,-0.176,0.285,1.022,24.38,111.35,-14.29,F
,1869311,989,0,986,-0.58,0.228,1.414,45.25,102.92,36.83,F
,1869491,1175,0,2195,0.239,-0.51,1.351,46.78,-.36,16.2,F
,1869501,1172,0,2006,0.87,-0.535,1.300,46.24,-.74,18.49,F
,186957,1162,0,1645,-0.069,-0.58,1.169,35.34,29.74,16.08,F
,1869601,1104,0,2063,-0.096,-0.05,0.980,45.36,37.78,2.39,F
,1869621,981,0,1910,-0.36,-0.35,0.845,43.54,-9.31,2287,F
,186964,976,0,1807,-0.44,-0.324,0.673,37.72,-5.84,16.10,F
,186967,872,0,2026,-0.02,-0.34,0.621,25.74,-6.77,6.07,F
,1869691,883,0,1886,0.057,-0.364,0.402,11.40,-1.61,3.9,F
,1869711,897,0,1904,0.00,-0.401,0.417,6.23,11.4,2.71,F
,1869721,880,0,840,0.035,-0.38,0.419,6.13,22.6,5.03,
,186973,841,0,955,0.011,-0.40,0.437,8.32,26.5,4.77,
,186975,769,0,1984,0.02,-0.393,0.581,16.03,2397,-3.98,F
,186978,786,0,215,0.006,-0.364,0.638,-5.13,4132,-12.3,F
,1869831,870,0,1644,-0.06,-0.33,0.919,-10.90,8.72,-1.06,F
,186989,877,0,000,0.067,-0.363,0.904,-0.20,46.54,-26.91,F
,186990,874,0,2016,0.07,-0.366,0.907,-1.21,5523,-27.8,F
,186991,891,0,745,0.012,-0.302,0.858,-9.38,5599,-26.32,F
,186992,884,0,090,0.020,-0.324,0.871,-16.34,45.79,-2870,F
,186994,931,0,114,0.100,-0.35,0.878,31.44,11.45,-43.49,F
,186998,981,0,039,0.195,-0.352,0.922,-15.91,10.98,-41.72,F
,1870031,930,0,1581,0.18,-0.271,1.406,-37.24,4.18,-24.83,F
,1870041,918,0,1846,0.15,-0.271,1.481,-26.93,3.90,-2267,F
,187008,768,0,902,0.072,-0.15,1.653,-6.05,2078,-4.83,F
,187009,791,0,1729,0.02,-0.157,1.677,-0.49,1629,-2.7,F
,187010,800,0,1933,0.02,-0.153,1.653,8.03,14.8,0.68,F
,1870141,665,0,1855,0.04,-0.144,1.364,22.21,10.69,22.33,F
,187016,629,0,882,0.082,-0.16,1.282,9.94,0.60,26.26,a5
,187019,692,0,1727,0.049,-0.210,1.207,27.08,-1.87,32.9,F
,187020,726,0,123,0.039,-0.219,1.170,28.24,-8.12,37.93,F
,187021,745,0,009,0.073,-0.221,1.138,24.38,-1.80,39.2,F
,187022,749,0,936,0.058,-0.227,1.120,20.41,-1.65,38.1,F
,187024,757,0,687,0.01,-0.28,1.113,14.09,-1.93,39.4,F
,1870251,761,0,1901,0.045,-0.309,1.099,17.16,-2.23,42.0,F
,187028,763,0,2015,0.05,-0.358,1.033,17.16,-1.96,47.7,F
,187035,786,0,840,-0.049,-0.51,0.762,40.44,-34.93,29.87,F
,1870401,529,0,2011,0.08,-0.632,0.510,3.81,-13.48,4.28,F
,187043,511,0,1933,0.003,-0.725,0.474,-24.40,165,-22.4,F
,187052,641,0,1725,-0.04,-0.612,0.650,-30.84,1.87,-6.96,F
,1870531,706,0,1951,-0.101,-0.608,0.644,-40.72,7.09,-76.91,F
,187054,711,0,1883,-0.122,-0.590,0.652,-47.06,3.88,-8.91,F
,187057,640,0,978,-0.92,-0.51,0.693,-39.07,19.64,-106.77,F
,1870671,843,0,1904,-0.229,0.201,0.696,-3.70,8289,-77.9,F
,187068,848,0,798,-0.284,0.23,0.824,19.90,87.58,-69.78,F
,187069,897,0,748,-0.288,0.22,0.940,24.43,86.43,-60.62,F
,1870711,855,0,1529,-0.293,0.285,1.227,-7.99,9269,-24.9,F
,187073,881,0,863,-0.199,0.31,1.423,6.36,116.10,14.87,F
,187075,924,0,659,-0.120,0.23,1.651,26.49,123.06,44.29,F
,1870761,927,0,1828,0.044,0.088,1.730,28.42,11190,52.5,F
,187077,930,0,743,0.18,-0.014,1.768,35.65,9894,55.5,F
,1870781,930,0,1946,0.218,-0.131,1.784,3.20,8959,55.46,F
,1870811,940,0,1840,0.409,-0.388,1.698,67.52,6785,47.13,F
,187083,951,0,1683,0.38,-0.486,1.603,72.88,5687,38.1,F
,1870841,958,0,2067,0.377,-0.517,1.561,72.87,4854,35.10,F
,187090,821,0,1603,0.220,-0.420,1.316,60.67,2471,25.96,F
,1870941,646,0,1827,0.048,-0.353,1.318,47.92,-009,31.9,F
,187099,747,0,1725,-0.086,-0.244,1.162,39.22,-9.77,3170,F
,187100,737,0,1824,-0.105,-0.245,1.152,33.83,-6.21,3408,F
,187102,619,0,715,-0.73,-0.251,1.079,22.76,-2.12,3958,F
,187105,624,0,875,-0.95,-0.31,0.976,51.36,-43.11,57.67,F
,187113,703,0,857,-0.27,-0.398,0.360,3.29,12.49,23.5,F
,187125,593,0,1908,-0.202,-0.406,0.912,-57.09,4.72,-2.13,F
,187127,671,0,731,-0.71,-0.468,1.027,-32.06,1.16,-3.61,F
,1871321,835,0,1757,-0.114,-0.302,0.874,-5.13,5.30,-3696,F
,187137,863,0,769,-0.72,-0.424,0.904,-36.90,4.77,-5.43,F
,187141,896,0,1663,0.000,-0.314,0.741,-8.77,2301,-44.2,F
,187142,892,0,1973,0.030,-0.316,0.784,-21.48,2.72,-4778,F
,187148,927,0,1758,-0.177,-0.245,1.379,-43.76,65.36,-15.08,F
,187150,944,0,938,-0.00,-0.230,1.625,-16.54,54.60,-3.93,F
,187190,816,0,1701,-0.222,-0.509,0.473,11.86,15.62,11.27,F
,187193,821,0,1328,-0.286,-0.483,0.680,13.65,16.86,-1.08,F
,187209,821,0,991,-0.144,-0.386,0.827,-11.38,3.12,-3.16,F
,187231,931,0,1975,-0.035,-0.260,1.392,21.00,-.55,20.7,F
,187239,931,0,847,0.059,-0.247,1.127,6.20,-22.19,24.00,F
,187261,656,0,1910,-0.114,-0.58,0.532,10.56,1.53,8.05,F
,187267,699,0,1726,-0.154,-0.430,0.703,36.10,30.34,-4.35,F
,187273,673,0,2059,-0.111,-0.44,0.883,-2.40,13.26,-2677,F
,1872821,694,0,063,-0.045,-0.408,0.858,-8.14,23.71,-40.50,F
,187286,752,0,1949,0.046,-0.401,0.784,13.19,005,-53.0,F
,1873031,910,0,937,0.007,-0.120,1.523,5.45,1749,11.8,F
,187304,896,0,1994,0.045,-0.194,1.445,25.87,9.79,11.94,a5
,187305,896,0,1680,0.04,-0.167,1.392,7.45,5.1,12.92,F
,187312,866,0,1809,0.028,-0.275,1.186,8.55,-18.85,26.28,F
,187313,861,0,1903,0.02,-0.272,1.168,0.50,-1.64,28.2,F
,1873141,848,0,898,0.013,-0.281,1.178,43.37,-1.59,31.7,F
,1873551,757,0,936,0.048,-0.300,0.754,33.67,12.33,-48.61,F
,187356,767,0,1815,0.040,-0.337,0.781,31.67,1.97,-4986,F
,1873571,778,0,2128,0.006,-0.337,0.803,24.75,1.64,-4859,F
,187362,784,0,1559,0.011,-0.20,1.026,15.45,4.87,-4274,F
,187363,765,0,2227,0.002,-0.175,1.108,27.50,3.83,-4216,F
,1873731,886,0,1641,0.03,-0.077,1.523,17.94,13.33,6.48,a5
,1873741,889,0,2074,0.025,-0.110,1.382,8.94,1121,12.68,F
,1873781,880,0,2063,0.036,-0.183,1.253,8.73,-302,20.20,F
,187382,883,0,1895,-0.003,-0.28,1.207,38.45,-16.48,27.12,F
,1873831,893,0,1975,0.036,-0.214,1.203,9.22,-19.48,29.07,F
,1873861,810,0,829,-0.13,-0.202,1.142,46.36,-19.86,34.33,F
,187391,800,0,840,-0.68,-0.229,1.121,39.49,-14.06,39.13,F
,187394,794,0,1691,-0.062,-0.22,0.982,44.27,-14.87,38.10,F
,1873971,741,0,855,-0.56,-0.37,0.756,47.87,-16.35,28.77,F
,1874001,686,0,1887,-0.022,-0.407,0.581,35.54,-4.51,23.81,F
,1874051,561,0,915,-0.29,-0.510,0.608,2.07,20.65,7.68,F
,1874201,807,0,671,-0.87,-0.340,0.928,-0.63,20.37,-33.69,F
,187423,791,0,1535,-0.038,-0.38,0.938,-12.51,23.39,-33.35,F
,187425,815,0,979,-0.42,-0.314,0.963,-13.48,29.38,-38.39,F
,187428,959,0,1961,0.04,-0.32,0.895,18.29,26.07,-40.18,F
,1874291,889,0,1949,0.041,-0.354,0.856,17.84,2.37,-4087,F
,1874311,918,0,1802,0.062,-0.301,0.810,13.30,3.31,-4384,F
,1874321,919,0,1712,0.024,-0.288,0.873,14.67,3.36,-4080,F
,1874331,919,0,1690,0.031,-0.273,0.919,20.83,3.82,-4132,F
,187436,923,0,1733,0.01,-0.24,1.241,29.33,3.89,-3633,F
,187439,893,0,579,-0.75,-0.145,1.468,-12.74,38.63,-18.59,F
,187441,887,0,741,-0.56,-0.107,1.560,0.04,30.51,-10.04,F
,1874441,941,0,1772,-0.047,-0.069,1.478,11.83,18.17,-1.95,F
,187449,934,0,590,0.07,-0.166,1.215,25.07,1.9,11.88,F
,1874571,943,0,574,0.030,-0.175,1.121,35.11,-4.09,31.03,F
,1874581,931,0,1810,0.034,-0.16,1.135,6.71,-656,31.9,F
,187462,960,0,727,-0.021,-0.209,1.182,37.84,-11.23,42.13,F
,1874701,944,0,1743,-0.098,-0.350,1.092,31.72,-13.80,5176,F
,1874871,679,0,1849,-0.078,-0.437,0.651,12.16,18.54,-12.87,F
,1874961,844,0,1562,-0.114,-0.348,0.897,-8.58,19.68,-24.07,F
,187504,877,0,702,0.055,-0.350,0.771,-21.90,3.42,-46.24,F
,187505,882,0,680,0.05,-0.359,0.738,24.00,3.49,-48.70,F
,1875091,907,0,1818,0.084,-0.09,1.020,45.09,2.62,-4019,F
,1875191,587,0,1741,-0.015,-0.120,1.731,3.58,6.69,10.60,F
,187522,576,0,882,0.075,-0.183,1.446,1.51,-190,21.3,F
,1875231,607,0,1808,0.081,-0.20,1.413,7.86,0.0,24.65,F
,187524,656,0,587,0.01,-0.185,1.321,1.14,-0.82,27.04,F
,187527,757,0,318,0.00,-0.172,1.211,1.95,-1.89,30.3,F
,1875281,864,0,1837,0.005,-0.20,1.209,9.36,-2.17,33.9,F
,187530,906,0,1851,0.041,-0.273,1.174,31.94,-33.60,37.65,F
,187531,923,0,949,0.06,-0.26,1.162,6.35,-3.71,38.2,F
,187532,927,0,993,0.043,-0.228,1.149,37.87,-35.14,39.10,F
,187533,942,0,924,0.058,-0.218,1.141,6.01,-3.58,35.7,F
,1875351,959,0,1955,0.038,-0.32,0.998,6.00,-4.12,41.9,F
,1875361,963,0,1533,0.003,-0.23,1.147,9.81,-2.59,37.2,F
,187539,873,0,1793,-0.108,-0.351,1.106,20.45,-32.62,39.99,F
,187547,713,0,983,0.029,-0.394,0.500,3.22,-4.22,10.5,F
,187550,697,0,2031,0.044,-0.396,0.373,18.06,2.8,3.94,F
,1875591,662,0,2010,-0.015,-0.370,0.607,24.93,36.80,-14.58,F
,187560,669,0,070,0.05,-0.36,0.645,13.89,45.61,-14.85,F
,1875611,656,0,1902,-0.058,-0.328,0.693,2.68,53.59,-13.05,F
,187567,720,0,085,0.03,-0.38,0.844,-1.61,20.92,-28.42,F
,1875681,831,0,2002,0.054,-0.379,0.849,.66,32.39,-29.90,F
,187571,883,0,2185,0.181,-0.344,0.822,4.83,4510,-30.74,F
,187572,885,0,977,0.07,-0.362,0.811,7.33,5072,-29.5,F
,1875731,887,0,1735,0.02,-0.337,0.838,13.38,5.68,-2913,F
,1875761,949,0,1907,0.072,-0.395,0.906,26.11,3.16,-3581,F
,187577,949,0,082,0.08,-0.392,0.914,22.23,3.12,-3361,F
,187580,912,0,899,0.13,-0.33,1.025,-13.06,28.62,-41.96,F
,187581,919,0,629,0.15,-0.231,1.107,15.24,4.03,-3920,F
,187582,925,0,2071,0.130,-0.212,1.196,21.90,5.19,-3102,F
,1875841,901,0,1854,0.05,-0.248,1.396,24.22,5.74,-1358,F
,1875851,976,0,1651,0.060,-0.19,1.508,18.84,5.55,-8.2,F
,1875911,946,0,1969,0.06,-0.139,1.548,4.64,1217,-2.8,F
,187592,945,0,1959,0.106,-0.12,1.424,27.10,15.61,4.22,F
,187593,942,0,1826,0.155,-0.148,1.400,1.48,8.9,6.08,
,1875941,942,0,1899,0.12,-0.16,1.319,21.68,4.89,9.04,F
,1875981,944,0,1706,0.15,-0.21,1.170,5.84,-729,16.2,F
,187600,928,0,1929,0.124,-0.226,1.129,33.86,-12.77,16.48,F
,187601,915,0,2114,0.141,-0.209,1.141,3.40,-1.59,15.8,F
,1876021,898,0,1696,0.04,-0.23,1.129,36.55,-12.19,18.39,F
,187603,895,0,1919,0.083,-0.213,1.114,3.66,-1.22,22.78,F
,187604,894,0,2279,0.103,-0.208,1.116,6.71,-1.75,26.0,F
,1876061,899,0,1680,0.03,-0.23,1.128,9.69,-1.08,31.6,F
,1876071,899,0,949,0.03,-0.234,1.174,3.34,-890,31.6,F
,1876101,901,0,1835,-0.094,-0.243,1.211,33.68,-8.58,36.68,F
,1876281,891,0,790,0.011,-0.488,0.569,4.75,29.35,5.61,F
,187639,885,0,1751,-0.058,-0.35,0.980,-8.42,33.91,-29.35,F
,1876401,885,0,1838,-0.71,-0.34,0.998,-8.49,28.91,-31.87,F
,187641,883,0,1872,-0.037,-0.36,0.976,-5.56,27.04,-33.37,F
,187649,955,0,1820,0.093,-0.333,0.813,14.13,2.82,-3804,F
,187650,971,0,1840,0.100,-0.331,0.781,13.51,2.78,-3885,F
,1876511,933,0,2203,0.137,-0.318,0.734,12.90,2.63,-4345,F
,187652,933,0,1968,0.139,-0.310,0.756,12.78,2.01,-4548,F
,1876531,934,0,725,0.16,-0.242,0.782,18.45,2.70,-4783,F
,187655,979,0,1775,0.085,-0.194,1.045,35.09,33.67,-44.51,F
,1876561,958,0,161,0.029,-0.198,1.197,38.16,3.36,-37.08,F
,187657,942,0,1846,0.07,-0.19,1.317,-33.58,34.20,-33.28,F
,187662,981,0,1938,-0.50,-0.08,1.718,1.62,27.12,-0.33,F
,187665,978,0,1957,-0.012,-0.06,1.535,19.25,2.07,6.34,a5
,187670,977,0,1897,0.082,-0.142,1.204,8.52,-169,23.9,F
,187673,999,0,1947,0.026,-0.196,1.158,8.62,-1.24,30.8,F
,187679,1008,0,1872,0.30,-0.225,1.174,45.42,-.38,44.8,F
,1877131,935,0,041,-0.21,-0.31,0.897,-15.27,31.03,-36.30,F
,1877151,936,0,876,-0.000,-0.324,0.877,-14.51,36.02,-34.71,F
,187717,943,0,1887,0.030,-0.307,0.837,9.09,3527,-34.6,F
,187719,943,0,018,0.044,-0.309,0.805,-10.37,21.99,-39.14,F
,1877211,944,0,1482,0.139,-0.325,0.698,18.98,782,-46.9,F
,1877221,944,0,997,0.135,-0.292,0.696,17.93,842,-46.6,F
,1877241,939,0,968,0.18,-0.22,0.845,-30.42,25.87,-46.74,F
,187725,944,0,2365,0.072,-0.19,0.994,40.52,3.43,-41.90,F
,187729,1081,0,2100,-0079,-0.13,1.68,-36.00,48.65,-.25,F
,187731,999,0,1915,-0.71,-0.14,1.860,-16.34,36.65,8.04,F
,1877361,880,0,840,0.026,-0.159,1.574,9.43,-068,23.0,F
,187737,893,0,834,0.043,-0.173,1.428,35.45,-6.65,25.56,F
,187738,909,0,1535,0.080,-0.19,1.347,0.70,-1.43,26.3,F
,187741,989,0,1956,0.09,-0.21,1.160,42.85,-15.19,33.03,F
,187742,998,0,1924,0.074,-0.217,1.151,32.91,-16.59,34.37,F
,1877491,1007,0,1934,-0.023,-0.297,1.151,35.08,-19.97,43.32,F
,1877521,1017,0,1839,-0.075,-0.302,1.129,35.07,-29.89,38.13,F
,187760,1072,0,1872,-0184,-0.57,0.83,50.71,35.72,2.52,F
,1877701,995,0,1872,0.044,-0.47,0.402,.64,17.8,5.93,
,187771,983,0,984,0.005,-0.467,0.437,5.80,22.8,1.07,F
,187786,1230,0,1937,0.072,-0.312,0.875,-21.84,45.04,-21.17,F
,1878401,1360,0,2021,-0.071,-0.406,0.479,-63.74,-30.36,-19.98,F
,1878461,1422,0,1753,0.064,-0.340,0.491,-48.09,2.91,-5.31,F
,1878501,1418,0,1745,-0.027,-0.487,0.681,-44.58,20.75,1.32,F
,1878581,1574,0,1609,0.091,-0.500,0.716,-24.77,54.89,1.2,F
,187862,1600,0,1654,0.350,-0.56,0.762,-35.21,4.05,-167,F
,1878711,1526,0,1424,0.160,-0.542,0.741,-1.30,3.23,-15.42,F
,187882,1425,0,1873,0.143,-0.351,1.478,36.81,23.56,4.57,F
,187901,1098,0,1631,0.185,-0.604,1.010,28.01,-11.84,32.55,F
,187915,1095,0,2113,0.152,-0.64,0.336,27.97,-6.13,17.13,F
,187926,995,0,1857,0.116,-0.632,0.612,8.52,4455,8.69,F
,187931,983,0,1662,0.061,-0.683,0.760,7.88,4210,-4.0,F
,187938,1056,0,1927,0.121,-0.67,0.709,-13.68,51.39,-9.84,F
,187942,1104,0,2192,0.223,-0.623,0.682,-22.90,28.55,-21.87,F
,187943,1120,0,1911,0.16,-0.65,0.682,-16.45,27.03,-24.50,F
,187952,1253,0,1893,-0.028,-0.408,1.449,-4.22,50.43,11.17,F
,187954,1308,0,1717,0.012,-0.426,1.584,7.55,39.53,22.19,F
,187955,1315,0,2139,0.094,-0.40,1.587,14.07,34.19,22.69,F
,187958,1259,0,2094,0.165,-0.489,1.313,27.33,25.23,38.43,F
,187966,1171,0,1902,0.207,-0.63,1.096,35.46,-17.71,32.20,F
,187970,1080,0,1370,0.37,-0.65,1.136,35.19,-17.57,41.75,F
,187978,1219,0,1955,0.122,-0.90,0.641,40.76,-35.13,21.36,F
,187980,1135,0,1959,0.094,-0.799,0.698,15.34,-17.17,11.30,F
,1879871,1033,0,2021,0.092,-0.815,0.314,-28.63,-31.43,-29.49,F
,187993,1023,0,1456,-0105,-0.45,0.405,-19.50,-16.53,-30.62,F
,1880261,1280,0,1903,0.190,-0.554,1.420,17.19,25.07,-6.76,F
,188037,1216,0,1776,0.32,-0.61,0.918,42.62,-14.21,21.26,F
,1880401,1316,0,1830,0.280,-0.657,0.933,34.87,-24.41,25.10,F
,1880491,1175,0,1856,0.060,-0.591,1.010,53.77,-24.47,15.81,F
,1880511,1085,0,1875,0.099,-0.673,0.628,52.94,-43.77,17.61,F
,1880741,1051,0,1879,0.206,-0.754,0.665,-4.96,34.51,-15.89,F
,188081,1044,0,2135,0.293,-0.801,0.623,-7.97,42.55,-3279,F
,188084,1071,0,1987,0.255,-0.661,0.630,-16.87,36.10,-35.19,F
,1880871,1072,0,2003,0.238,-0.570,0.690,-19.79,19.30,-4.56,F
,188108,1114,0,1907,0.427,-0.792,1.130,49.81,-6.44,32.83,F
,188111,1143,0,1625,0.401,-0.802,1.073,34.01,-41.55,29.90,F
,1881141,1186,0,1901,0.345,-0.928,0.886,25.95,-66.67,1620,F
,188115,1183,0,1819,0.360,-0.947,0.806,28.00,-68.64,1274,F
,188120,1132,0,2128,0.273,-0.875,0.460,14.87,-28.68,5.76,F
,1881401,1085,0,1968,0.238,-0.691,0.431,-32.96,24.80,-22.09,F
,1881441,1088,0,2079,0.247,-0.646,0.405,-22.05,41.21,-18.41,F
,188147,1088,0,2160,0.294,-0.649,0.427,-31.56,30.81,-2.08,F
,1881541,1079,0,2250,0.389,-0.680,0.465,-27.59,32.02,-2.31,F
,1881611,1086,0,1662,0.464,-0.64,0.745,-26.38,3.27,-1.45,F
,1881621,1152,0,1808,0.429,-0.636,0.872,-21.56,45.56,-13.45,F
,188166,1139,0,1955,0.419,-0.565,1.258,-4.17,32.65,-2.0,F
,1881711,1104,0,1955,0.522,-0.647,0.984,23.00,6.94,12.2,F
,1881741,1115,0,2097,0.541,-0.79,0.822,36.82,-.09,12.6,F
,1881791,1069,0,1921,0.495,-0.642,0.772,32.06,-14.55,16.98,F
,1881881,1074,0,2080,0.360,-0.714,0.603,52.33,-25.66,21.58,F
,1881901,1060,0,1901,0.50,-0.728,0.473,38.23,-24.27,23.81,F
,1881951,941,0,2064,0.352,-0.73,0.234,2.91,-1.60,25.1,F
,1881961,943,0,1609,0.400,-0.797,0.236,24.70,-20.27,22.11,F
,1881991,1022,0,2090,0.377,-0.86,0.172,6.35,-22.27,7.8,F
,1882071,1083,0,1860,0.340,-0.93,0.251,4.52,1046,-10.8,F
,1882171,1168,0,1836,0.289,-0.853,0.380,-25.55,31.39,-36.35,F
,1882341,1868,0,2207,0.50,-0.526,0.673,6.64,112.31,-28.15,F
,1882661,1797,0,2013,0.93,-0.096,0.990,107.60,5.09,-830,F
,188268,1791,0,1978,0.154,0.16,1.080,8.21,3126,-4.56,F
,1882751,1712,0,930,0.169,-0.249,0.999,133.43,3.80,22.3,F
,1882881,1762,0,2085,0.131,0.020,1.011,129.07,33.04,39.7,F
,1883061,1850,69,1421,0.064,0.239,0.768,123.39,8.03,36.71,F
,1883071,1823,76,2031,0.060,0.708,0.853,112.45,3.35,24.52,F
,1883141,1789,225,2095,-0.077,0.730,0.552,84.07,95.58,38.33,F
,1883211,1623,0,1899,0.053,0.733,0.671,7.14,11.45,40.26,F
,1883241,1478,0,1792,0.032,0.74,0.808,2.08,13.85,38.87,F
,1883431,629,0,1889,-0.381,0.47,0.964,-41.39,91.32,-6.13,F
,1883441,715,0,1776,-0.97,0.49,0.930,-31.01,9.77,-6.87,F
,1883461,548,0,2257,-0.402,0.49,0.925,13.67,9.56,-9.98,F
,1883481,0,0,1766,-0.484,0.611,0.891,-18.45,59.97,-16.6,F
,1883491,0,0,209,-0.43,0.538,.058,-24.81,26.4,-28.51,F
,1883501,0,0,1949,-0.409,0.568,.052,-2.64,6.8,-40.42,F
,1883521,333,0,1724,-0.496,0.57,1.151,-16.43,-16.97,-41.42,F
,1883531,374,0,2061,-0.503,0.54,1.158,5.61,-2.65,-35.22,F
,1883541,108,0,1664,-0.442,0.51,1.159,.85,-2415,-28.61,F
,1883551,233,0,1805,-0.383,0.49,1.147,11.62,-16.39,-25.48,F
,1883571,402,0,1811,-0.376,0.472,1.085,16.38,-4.41,-25.35,F
,1883581,378,0,1872,-0.383,0.47,1.017,1.28,-795,-27.40,F
,188359,366,0,119,-0.65,0.46,0.983,.10,-1680,-32.07,F
,1883601,348,0,887,-0.63,0.46,0.948,10.38,-8.99,-37.23,F
,1883611,285,0,1852,-0.381,0.49,0.910,20.83,-1.09,-39.19,F
,1883651,0,0,190,-0.33,0.430,.821,-32.06,-28.91,-17.78,F
,1883671,0,0,1985,-0.293,0.341,.845,-2.29,-1626,-11.48,F
,188370,0,0,216,-0.25,0.298,.884,-648,-1.8,-9.95,F
,188372,0,0,184,-0.28,0.333,0.860,3.54,7.41,-7.80,F
,1883741,0,0,1806,-0.296,0.341,.869,1016,11.3,-7.90,F
,188375,0,0,1772,-0.300,0.339,.866,1275,12.9,-7.14,F
,1883761,0,0,2016,-0.30,0.363,0.883,14.78,18.94,-5.55,
,1883771,0,0,1883,-0.307,0.370,.891,2099,26.58,-4.41,F
,1883781,0,0,1809,-0.31,0.417,.848,2114,36.10,-2.04,F
,1883801,0,0,1841,-0.344,0.442,.872,1607,37.10,1.85,F
,188385,0,0,189,-0.33,0.425,.867,13.84,19.13,0.39,F
,1883861,0,0,1883,-0.316,0.374,.867,1387,18.7,-1.69,F
,1883881,0,0,1887,-0.31,0.418,.839,25.55,21.56,-5.38,
,188389,0,0,187,-0.330,0.448,.836,32.15,30.94,-5.02,F
,188390,0,0,2042,-0.310,0.472,.788,3577,40.6,-3.48,F
,188391,0,0,1809,-0.325,0.486,0.773,3062,47.4,-2.04,F
,1883921,0,0,1793,-0.33,0.500,.790,2181,48.83,-3.20,F
,188393,0,0,181,-0.352,0.486,0.812,13.63,41.33,-5.57,
,188395,0,0,182,-0.338,0.459,.817,11.95,21.04,-11.06,F
,1883981,0,0,199,-0.32,0.472,0.779,13.49,1.94,-14.93,
,1884001,0,0,1754,-0.371,0.493,0.776,16.30,4.94,-9.11,F
,1884061,0,0,1873,-0.400,0.453,.864,1687,24.6,-12.74,F
,188408,0,0,186,-0.38,0.421,.856,2765,16.26,-13.17,F
,1884091,0,0,1795,-0.381,0.405,.852,3180,15.4,-12.90,F
,188410,0,0,187,-0.40,0.387,.747,4143,20.5,-12.44,F
,1884111,0,0,2037,-0.353,0.542,.744,5059,21.1,-2.15,F
,188412,0,0,190,-0.33,0.337,.636,4229,35.5,-7.38,F
,188413,0,0,185,-0.41,0.419,.738,4197,41.9,-8.45,F
,1884141,0,0,1697,-0.469,0.457,.794,4627,43.4,-9.49,F
,188415,0,0,162,-0.52,0.520,.812,4340,38.4,-4.47,
,188416,0,0,183,-0.49,0.473,.844,4456,45.2,-2.59,F
,1884201,0,0,1925,-0.478,0.433,.850,3803,21.2,-11.08,F
,1884211,0,0,1874,-0.464,0.432,.844,3865,23.4,-12.65,F
,188423,0,0,1843,-0.469,0.444,.834,45.54,26.86,-9.22,
,1884241,0,0,1876,-0.43,0.448,.818,5465,39.65,-9.51,F
,1884261,0,0,203,-0.44,0.451,0.817,49.57,37.97,-6.77,
,1884271,0,0,1667,-0.45,0.504,.759,49.77,40.16,-4.88,
,188429,0,0,168,-0.519,0.548,.765,40.79,34.33,-1.80,
,188431,0,0,1781,-0.482,0.518,0.725,26.45,19.36,-4.68,
,1884331,0,0,1893,-0.456,0.497,.737,23.07,17.0,-9.37,F
,188434,0,0,194,-0.47,0.576,.653,1771,13.3,-8.85,F
,1884381,0,0,1844,-0.43,0.558,.692,1339,2.92,-12.04,
,1884401,0,0,169,-0.506,0.570,.716,2.67,-6.27,-10.12,F
,1884421,0,0,1904,-0.46,0.475,0.792,-0.58,-33.45,-13.83,F
,1884441,0,0,1673,-0.54,0.561,.733,-1.57,7.0,-1.31,
,1884501,0,0,1776,-0.415,0.494,0.794,38.06,30.43,1.47,F
,1884521,0,0,1897,-0.472,0.515,.725,22.13,12.5,1.79,F
,188456,0,0,1840,-0.472,0.489,0.719,10.84,2.40,1.91,F
,1884581,0,0,1754,-0.50,0.438,.770,2548,16.4,-2.64,F
,188462,0,0,171,-0.435,0.497,0.681,43.54,3.16,-11.57,
,188463,0,0,1788,-0.468,0.525,.665,5516,16.3,-15.34,F
,188465,0,0,1851,-0.479,0.571,.708,40.79,-3.95,-16.90,F
,1884661,0,0,1809,-0.484,0.595,0.691,34.10,-9.43,-19.86,F
,188470,0,0,174,-0.489,0.607,0.713,2117,1.67,-7.55,F
,1884721,0,0,1747,-0.469,0.582,.718,1893,10.9,-4.29,F
,1884731,0,0,1851,-0.466,0.556,0.700,21.02,9.21,-4.96,F
,1884771,0,0,160,-0.51,0.596,.688,1097,2.11,-1.46,F
,188480,0,0,1795,-0.497,0.587,.705,-7.27,-4.30,1.24,F
,188481,0,0,1823,-0.474,0.548,.710,-16.38,0.66,1.68,F
,188483,0,0,179,-0.458,0.489,.767,-15.85,0.25,0.62,F
,1884901,0,0,1984,-0.476,0.498,0.740,14.87,4.87,-1.03,F
,1884951,0,0,1709,-0.435,0.486,.749,14.21,-2.76,-0.59,F
,1884961,0,0,1773,-0.456,0.519,0.750,11.81,2.00,0.57,F
,188497,0,0,1779,-0.448,0.515,.774,1504,-0.1,0.58,F
,1885001,52,0,1791,-0.376,0.457,0.714,21.07,-6.00,-10.6,F
,1885031,0,0,1684,-0.478,0.512,0.753,27.54,4.14,-18.03,F
,188504,0,0,174,-0.455,0.516,.768,3565,12.2,-8.12,F
,188506,0,0,1715,-0.461,0.548,.753,3087,17.7,-4.18,F
,188507,0,0,174,-0.456,0.551,.742,2739,13.8,-4.74,
,1885081,0,0,1664,-0.453,0.580,.721,23.46,13.26,-5.74,F
,1885091,0,0,1854,-0.456,0.573,.726,2012,12.9,-5.29,F
,1885101,0,0,1851,-0.461,0.581,0.721,2088,12.5,-4.73,F
,1885111,0,0,1616,-0.457,0.580,.699,1847,13.0,-4.35,F
,1885121,0,0,1825,-0.476,0.576,0.713,15.57,15.10,-2.68,F
,188513,0,0,1601,-0.499,0.581,.720,1461,14.5,0.65,F
,188514,0,0,160,-0.48,0.564,0.711,15.75,14.39,3.50,F
,188515,0,0,178,-0.44,0.548,0.722,15.45,15.21,3.10,F
,1885161,0,0,1712,-0.451,0.538,.737,1792,16.4,1.75,F
,1885171,0,0,1653,-0.457,0.529,0.732,20.65,17.20,1.81,F
,1885181,0,0,1909,-0.429,0.518,.711,2342,20.1,2.16,F
,1885191,0,0,1665,-0.432,0.534,.743,2571,22.6,0.95,F
,1885201,0,0,1680,-0.458,0.523,.775,2565,22.8,0.05,F
,1885211,0,0,1738,-0.476,0.533,.763,2835,21.2,3.09,F
,188522,0,0,173,-0.45,0.549,.728,2740,21.5,5.33,F
,1885241,0,0,1649,-0.455,0.550,.709,1772,24.0,6.54,F
,1885251,0,0,1704,-0.454,0.551,.695,13.71,25.1,6.55,F
,1885271,0,0,1678,-0.466,0.553,.691,9.3,26.72,6.71,F
,1885331,0,0,1741,-0.471,0.583,.740,-622,20.7,21.50,F
,1885341,0,0,1662,-0.436,0.561,.754,-729,27.1,22.48,
,1885361,0,0,1811,-0.413,0.536,.709,-5.70,30.9,16.51,F
,1885371,0,0,1845,-0.424,0.556,.710,-2.45,29.91,15.84,F
,1885381,0,0,1867,-0.420,0.553,.713,-319,31.3,15.76,
,1885421,0,0,1653,-0.405,0.450,.732,-10.06,18.13,3.32,F
,1885431,0,0,181,-0.43,0.462,0.740,-2.37,21.47,4.43,F
,188545,0,0,1639,-0.428,0.507,0.708,1369,35.3,9.24,F
,1885461,0,0,1759,-0.452,0.526,0.715,17.29,35.84,7.03,F
,1885471,0,0,2053,-0.454,0.531,.710,1670,30.9,4.34,F
,1885491,0,0,1789,-0.512,0.595,.685,1479,25.0,4.71,F
,188550,0,0,1745,-0.504,0.594,.667,1624,25.1,5.68,F
,1885531,0,0,1700,-0.48,0.576,0.730,14.87,28.77,7.62,F
,1885541,0,0,1812,-0.481,0.544,.738,1481,27.9,7.09,F
,1885561,0,0,1828,-0.463,0.535,.700,1377,25.9,2.74,F
,1885571,0,0,1700,-0.440,0.497,.729,1977,23.6,-0.77,
,1885581,0,0,1990,-0.421,0.476,0.771,18.47,22.51,-4.41,F
,1885591,0,0,1867,-0.426,0.491,.786,2004,21.4,-6.33,
,1885601,0,0,1790,-0.452,0.527,.723,3004,28.8,-3.45,
,188564,0,0,1882,-0.579,0.618,.795,3108,37.1,-6.51,F
,1885651,0,0,1779,-0.535,0.658,0.625,1833,39.55,-3.42,F
,1885671,0,0,1958,-0.594,0.673,.620,8.32,26.19,-1.43,F
,1885701,0,0,1878,-0.543,0.587,.719,-388,14.02,7.13,F
,1885731,0,0,1947,-0.444,0.443,0.729,1.92,13.61,1.58,F
,1885741,0,0,1843,-0.460,0.448,0.692,5.22,18.81,1.52,F
,1885751,0,0,1983,-0.494,0.483,.682,11.71,24.60,2.78,F
,1885761,0,0,181,-0.497,0.506,.670,1505,27.0,3.71,F
,1885781,0,0,1946,-0.536,0.573,.700,1082,22.7,3.79,F
,188579,0,0,1719,-0.564,0.592,.681,7.29,18.26,5.41,F
,1885801,0,0,1883,-0.549,0.563,.698,8.35,10.60,3.78,F
,1885811,0,0,1919,-0.517,0.540,.710,9.0,4.14,0.46,F
,188582,0,0,1980,-0.515,0.532,.675,12.09,1.33,-2.73,F
,1885831,0,0,1805,-0.540,0.508,.679,1113,-1.45,-3.57,F
,1885871,0,0,161,-0.570,0.563,.663,16.50,24.1,11.85,
,188588,0,0,2147,-0.575,0.590,0.660,14.79,25.2,12.66,
,1885901,0,0,199,-0.553,0.630,.658,1755,12.5,6.04,F
,1885911,0,0,173,-0.499,0.579,.679,1826,13.2,4.33,F
,188593,0,0,1875,-0.479,0.505,.731,1546,17.1,5.44,F
,1885961,0,0,185,-0.494,0.516,.722,2697,22.8,4.45,F
,1886001,0,0,1904,-0.540,0.704,.538,39.58,37.55,14.92,F
,188601,0,0,171,-0.561,0.725,.561,2920,35.26,16.55,F
,1886021,0,0,1856,-0.660,0.715,.044,-61.74,-8.82,38.51,F
,1886061,0,0,1873,-0.482,0.644,.728,-880,18.6,8.65,F
,1886071,0,0,1947,-0.44,0.540,0.675,-0.81,4.31,1.75,F
,1886091,0,0,1993,-0.503,0.557,.663,1.68,18.13,6.26,F
,188618,0,0,1919,-0.595,0.665,.625,-18.74,-15.64,-6.22,F
,188620,0,0,1871,-0.522,0.526,.679,-2.48,-2509,-8.44,F
,1886211,0,0,1883,-0.513,0.472,.741,-2.55,-28.44,-9.81,F
,1886231,0,0,190,-0.46,0.401,0.736,-1.10,-22.61,-6.54,F
,1886251,0,0,2062,-0.46,0.426,0.692,14.67,-12.27,-7.83,F
,1886261,0,0,1955,-0.465,0.452,.696,1491,-4.9,-8.41,
,1886281,0,0,1975,-0.480,0.457,.694,1844,1.49,-6.10,F
,188629,0,0,1858,-0.481,0.494,.722,13.63,4.94,-2.68,F
,1886311,0,0,194,-0.513,0.529,.713,2075,1.58,-2.80,F
,1886321,0,0,1889,-0.505,0.556,.704,19.83,1.09,0.20,F
,1886331,0,0,1707,-0.520,0.590,.727,1783,-3.90,0.40,F
,1886351,0,0,183,-0.46,0.572,0.719,1314,-13.55,-3.26,F
,1886371,0,0,1980,-0.456,0.539,.701,18.10,-7.55,-5.42,F
,1886381,0,0,2090,-0.434,0.534,.690,2140,-3.8,-5.31,F
,188639,0,0,1703,-0.459,0.574,.678,2278,2.43,-4.99,F
,1886431,0,0,1658,-0.47,0.507,0.738,5.49,-6.48,-7.55,F
,1886441,0,0,2000,-0.49,0.526,.782,-0.84,-11.86,-5.89,F
,1886451,0,0,1825,-0.48,0.523,0.774,4.06,-15.16,-4.54,F
,1886461,0,0,1926,-0.43,0.502,0.775,5.84,-14.35,-3.83,F
,1886491,0,0,1919,-0.50,0.561,.736,1.10,-13.02,-1.74,F
,1886511,0,0,1803,-0.534,0.596,.664,-1.47,-3650,-1.96,F
,1886521,0,0,1910,-0.44,0.583,0.673,-33.55,-50.33,-10.1,F
,1886551,0,0,1877,-0.399,0.499,.725,-1.73,-3366,-15.37,F
,1886561,0,0,1861,-0.37,0.469,.763,-3.74,-17.4,-14.01,F
,1886581,0,0,2192,-0.35,0.459,.740,19.60,1.33,-17.52,F
,1886611,0,0,1793,-0.468,0.598,.719,3.2,-22.82,-7.31,F
,188665,197,0,719,-0.351,0.479,0.874,-15.12,-23.19,-10.44,F
,1886661,195,0,1998,-0.303,0.42,0.958,1.58,-1.60,-14.13,F
,1886681,0,0,1934,-0.334,0.420,.838,27.22,0.58,-13.72,
,1886701,0,0,1403,-0.393,0.523,0.781,2778,-2.2,-14.00,F
,1886741,0,0,2153,-0.37,0.515,.743,-13.55,-27.34,-26.2,F
,1886751,144,0,558,-0.86,0.441,0.771,-6.74,-22.47,-2470,F
,1886761,690,0,2081,-0.381,0.44,0.839,2.45,-1.28,-26.39,F
,1886771,742,0,1930,-0.39,0.378,0.848,17.62,-4.56,-21.0,F
,1886791,965,0,1840,-0.274,0.34,0.797,2.75,1698,-19.49,F
,188684,1083,0,1997,-0.330,0.552,0.775,44.21,5.77,-19.32,F
,1886991,995,0,1776,-0.51,0.64,0.550,27.43,53.32,-5.4,F
,1887021,997,0,1828,-0.97,0.51,0.724,11.22,62.86,-13.2,F
,1887061,933,0,838,-0.498,0.43,0.792,3.71,23.61,-9.61,F
,1887071,957,0,1533,-0.51,0.45,0.665,48.36,18.58,-13.75,F
,188709,815,0,2268,-0.37,0.44,0.650,8.36,21.87,-10.7,F
,188710,718,0,1662,-0.530,0.47,0.547,0.35,27.10,-7.3,F
,1887111,560,0,846,-0.589,0.495,0.590,3.45,2358,-3.37,F
,1887131,422,0,1922,-0.468,0.27,0.888,0.71,-12.44,-17.32,F
,1887141,208,0,1968,-0.448,0.50,0.569,4.16,-12.80,-3129,F
,1887171,229,0,1874,-0.546,0.67,0.570,60.55,33.12,-16.68,F
,1887181,263,0,1843,-0.92,0.735,0.576,37.65,2454,-18.39,F
,1887211,435,0,1712,-0.12,0.65,0.596,13.31,7.85,-8.32,F
,188724,576,0,2003,-0.543,0.71,0.530,9.11,36.22,12.52,F
,188725,634,0,674,-0.543,0.696,0.598,-2.51,34.52,13.62,F
,188737,1089,0,1901,-0.590,0.535,0.526,-43.47,41.03,14.91,F
,1887401,1325,0,1835,-0.569,0.488,0.590,-51.06,42.23,1616,F
,1887481,1470,0,2191,-0.569,0.531,0.626,-4.51,2.05,8.29,F
,1887581,749,0,1710,-0.649,0.507,0.646,-30.87,-17.25,17.55,F
,188760,691,0,2163,-0.346,0.48,0.529,35.77,-.02,31.6,F
,1887671,892,0,2485,-0.656,0.594,0.909,-81.80,6.29,53.01,F
,1887721,1039,0,1873,-0.676,0.467,0.508,-109.30,37.36,9.62,F
,1887751,953,0,2143,-0.442,0.60,1.274,100.55,0.77,101.82,F
,188776,943,0,222,-0.471,0.59,1.106,91.01,4.46,89.30,F
,1887771,958,0,043,-0.36,0.55,1.146,93.77,4.07,69.33,F
,1887821,1214,0,1953,-0.479,0.375,1.137,-136.89,-28.51,30.58,F
,1888141,989,0,1457,-0.101,-0.297,0.544,-76.52,-56.96,2.04,F
,1888151,963,0,1936,-0.112,-0.301,0.531,-73.67,-49.60,29.47,F
,1888221,848,0,1977,0.052,-0.493,0.448,-48.83,-25.35,13.85,F
,1888231,843,0,2139,0.057,-0.52,0.452,47.01,-8.87,13.71,F
,188826,832,0,958,0.02,-0.593,0.512,-17.32,152,20.3,F
,1888311,891,0,1907,0.031,-0.53,0.485,.07,20.7,10.95,F
,188834,937,0,821,0.00,-0.625,0.542,-20.66,981,-10.4,F
,188836,996,0,906,0.01,-0.714,0.543,-14.32,854,-9.2,F
,1888371,998,0,1788,0.073,-0.72,0.530,13.88,878,-12.15,F
,188839,997,0,1984,0.049,-0.76,0.506,12.37,1.43,-17.45,F
,1888431,969,0,1925,0.098,-0.830,0.536,-0.54,2955,-26.7,F
,1888441,891,0,1733,0.125,-0.85,0.560,.43,34.2,-24.70,F
,1888471,923,0,1814,0.128,-0.79,0.574,.82,53.8,-25.5,F
,188848,990,0,919,0.13,-0.77,0.574,3.03,4959,-30.1,F
,1888671,1102,0,1859,0.402,-0.494,1.424,4.33,9.8,-29.7,F
,1888681,1023,0,1854,0.325,-0.581,1.433,17.65,16.19,-1522,F
,1888731,1088,0,1882,0.280,-0.455,1.117,19.48,6.75,16.54,F
,1888971,1033,0,1904,0.089,-0.823,0.377,36.73,-41.22,19.55,F
,1888991,1042,0,1850,0.148,-0.835,0.271,18.13,-9.49,1564,F
,1889001,1008,0,1808,0.165,-0.877,0.229,10.62,-3.02,1338,F
,1889011,998,0,1871,0.229,-0.892,0.208,.42,-2284,10.74,F
,1889051,974,0,1634,0.212,-1.00,0.263,30.78,1.29,-1073,F
,1889061,975,0,1797,0.13,-1.00,0.319,28.72,1.62,-1651,F
,1889201,1121,0,1657,0.090,-0.784,0.375,-42.46,3.67,-5.67,F
,1889211,1123,0,2106,0.113,-0.757,0.384,-42.89,4.29,-6.40,F
,1889481,1117,0,1858,0.529,-0.875,1.383,71.43,38.94,34.83,F
,1889541,1227,0,1846,0.378,-0.800,1.223,77.65,-5.83,29.75,F
,188956,1246,0,1839,0.347,-0.810,1.161,59.20,-20.36,26.11,F
,188957,1264,0,1952,0.370,-0.797,1.169,52.85,-23.77,22.84,F
,1889621,1235,0,1682,0.104,-0.708,1.108,59.95,-13.28,29.10,F
,188967,1230,0,2034,-0.000,-0.590,0.890,39.13,-40.53,23.33,F
,1889771,988,0,2053,0.009,-0.586,0.356,0.52,-1.06,24.0,F
,1889821,995,0,1731,0.084,-0.610,0.427,.37,10.6,1.32,
,1889861,1034,0,1709,0.050,-0.615,0.558,3.11,39.07,-13.09,F
,188992,1095,0,1441,-0.006,-0.559,0.72,-1.88,7.85,-2.48,F
,1889981,1107,0,1532,0.138,-0.667,0.790,-17.90,39.62,-32.35,F
,1889991,1142,0,2064,0.137,-0.637,0.726,-12.22,48.69,-28.33,F
,1890001,1123,0,2190,0.135,-0.614,0.730,-4.25,61.03,-24.38,F
,1890081,1250,0,2000,0.302,-0.608,0.950,-19.67,26.54,-52.13,F
,1890151,1138,0,1712,0.195,-0.326,1.544,-9.59,30.63,-26.77,F
,1890161,1166,0,1724,0.217,-0.344,1.629,-4.89,20.31,-25.75,F
,1890191,1153,0,1472,0.263,-0.319,1.613,25.55,27.35,4.98,F
,1890221,1200,0,1862,0.278,-0.358,1.331,35.29,16.07,18.72,F
,1890291,1185,0,2114,0.262,-0.469,1.037,37.52,-13.89,28.91,F
,1890311,1185,0,1653,0.176,-0.488,0.992,37.33,-19.11,31.64,F
,1890361,1168,0,1790,0.149,-0.482,0.958,33.66,-23.92,37.93,F
,1890371,1168,0,1862,0.123,-0.499,0.976,26.96,-23.74,3750,F
,1890401,1209,0,2046,0.068,-0.575,0.933,19.33,-31.13,30.91,F
,1890451,1058,0,1860,0.063,-0.653,0.674,37.08,-5.52,2000,F
,1890461,961,0,1867,0.07,-0.66,0.611,6.33,-3.57,15.9,F
,1890481,784,0,1961,0.01,-0.68,0.494,9.54,-34.29,8.74,F
,1890491,705,0,1888,0.16,-0.68,0.448,5.84,-29.49,8.40,F
,1890501,699,0,1777,0.134,-0.69,0.407,0.58,-21.31,6.05,F
,189051,645,0,1984,0.129,-0.704,0.359,5.45,-10.91,4.84,F
,1890521,495,0,1757,0.12,-0.71,0.333,.10,-0.5,3.04,
,1890561,723,0,1998,0.125,-0.866,0.454,-31.45,16.94,-15.74,F
,1890571,816,0,1758,0.13,-0.83,0.463,25.76,22.07,-17.31,F
,1890601,979,0,1839,0.07,-0.79,0.530,17.84,49.39,-31.23,F
,1890621,986,0,1526,0.080,-0.779,0.575,-30.61,54.66,-46.03,F
,1890771,1343,0,1651,-0.054,-0.29,0.56,-10.35,67.12,-79.06,F
,189109,1408,0,1721,0.025,-0.500,1.187,44.78,-18.84,2590,F
,1891101,1367,0,1583,-0.026,-0.487,1.17,47.00,-19.23,28.60,F
,1891151,1307,0,2019,-0.186,-0.450,0.846,64.75,49.74,22.66,F
,1891161,1215,0,1933,-0148,-0.48,0.76,66.55,-52.10,1.02,F
,189118,1136,0,1958,-0112,-0.50,0.56,53.83,-56.88,15.91,F
,1891201,822,0,1875,0.01,-0.40,0.435,0.10,-49.17,20.66,F
,1891211,810,0,2030,0.005,-0.406,0.381,28.03,-3.24,18.1,F
,189123,756,0,965,0.090,-0.45,0.331,0.97,-7.72,18.20,F
,1891241,720,0,911,0.038,-0.503,0.362,.04,1.24,9.94,F
,1891251,722,0,1633,0.04,-0.52,0.333,1.87,0.49,4.94,F
,1891261,710,0,1927,0.018,-0.502,0.394,5.05,6.1,0.36,F
,1891281,667,0,1936,0.017,-0.47,0.504,1.98,18.02,-2.15,F
,1891311,841,0,2032,-0.30,-0.407,0.621,-11.67,3.71,-116,F
,1891321,899,0,1712,-0.032,-0.447,0.710,-14.95,2.20,-4.25,F
,1891341,1020,0,1563,-0.030,-0.441,0.82,-7.35,7.58,-1.13,F
,1891351,1090,0,1872,-0035,-0.33,0.86,-6.96,33.97,-1.12,F
,1891371,1121,0,1809,-0.026,-0.20,0.896,-4.37,2.49,-2.03,F
,1891381,1110,0,1953,-0.038,-0.401,0.88,-5.91,6.31,-2.56,F
,1891411,1193,0,1727,0.37,-0.407,0.896,-7.41,4.39,-26.41,F
,1891431,1204,0,1846,-0010,-0.87,0.90,-8.84,41.76,-28.62,F
,1891461,1202,0,1917,0.095,-0.375,0.893,-5.87,3.21,-3142,F
,1891531,1218,0,1900,0.160,-0.420,0.865,-30.11,21.55,-37.48,F
,1891541,1209,0,1934,0.208,-0.422,0.912,-35.38,21.88,-37.34,F
,1891551,1217,0,1920,0.190,-0.394,0.991,-36.55,2.26,-3.56,F
,1891561,1183,0,1910,0.197,-0.347,1.098,-38.87,2.49,-4.88,F
,1891581,1195,0,1680,0.209,-0.346,1.329,-21.91,1.88,-4.72,F
,189173,860,0,021,0.197,-0.229,1.125,43.00,-545,15.8,F
,1891761,884,0,1898,0.16,-0.23,1.109,9.51,-16.68,30.75,F
,1891771,888,0,876,0.184,-0.27,1.144,8.30,-19.89,31.90,F
,189178,917,0,719,0.173,-0.24,1.260,7.20,-17.66,25.96,F
,1891791,971,0,1959,0.12,-0.30,1.197,6.13,-28.79,28.74,F
,1891891,902,0,1846,0.01,-0.47,0.915,1.10,-34.82,27.99,F
,1891911,839,0,1991,0.08,-0.55,0.772,2.55,-30.96,23.94,F
,189195,497,0,835,0.054,-0.57,0.516,0.87,-1.09,20.36,F
,1891961,459,0,1979,0.00,-0.59,0.482,2.61,-13.09,15.91,F
,1891971,425,0,1697,0.10,-0.61,0.440,1.68,-676,11.8,F
,189198,422,0,968,0.093,-0.614,0.413,9.22,2.34,6.65,F
,1892011,213,0,1762,0.05,-0.69,0.421,23.12,2.37,-9.48,F
,1892031,384,0,667,0.013,-0.75,0.550,23.24,23.91,-19.06,F
,1892191,1102,0,1653,-0.121,-0.253,0.572,-0.54,27.41,-114.01,F
,1892541,1170,0,1781,-0041,-0.55,1.13,45.86,20.21,22.66,F
,1892561,1086,0,1926,-0083,-0.54,1.03,49.63,-20.26,28.00,F
,1892571,1023,0,1891,-0069,-0.46,0.96,49.95,27.98,27.52,F
,1892641,849,0,1975,0.029,-0.29,0.447,6.20,-1.27,16.5,F
,189266,847,0,535,0.06,-0.27,0.377,2.79,1605,5.62,F
,189274,999,0,834,0.08,-0.314,0.659,6.70,49.00,-1.60,F
,1892771,1006,0,1919,-0.060,-0.298,0.819,-11.59,65.21,-15.42,F
,1892811,1074,0,1829,-0.075,-0.344,1.035,-22.87,25.93,-36.73,F
,1893021,1040,0,1834,-0.063,-0.089,1.739,-18.81,52.07,8.81,F
,1893031,1078,0,1958,-0.083,-0.065,1.814,-6.22,45.18,11.38,F
,1893051,1104,0,1499,-0.084,-0.010,1.85,17.68,22.86,7.84,F
,1893071,1110,0,1647,-0.060,0.057,1.713,22.00,4.02,14.26,F
,1893201,1070,0,1754,-0054,-0.05,1.14,35.54,-14.85,43.87,F
,1893211,1065,0,1857,-0.051,-0.219,1.182,34.44,-10.91,45.73,F
,1893231,1031,0,1835,-0091,-0.91,1.10,28.65,3.47,47.44,F
,1893311,1015,0,1859,-0.108,-0.311,0.763,48.33,-28.50,23.01,F
,1893371,789,0,2029,-0.179,-0.347,0.534,13.16,22.23,18.81,F
,1893391,822,0,1873,-0.117,-0.432,0.600,12.03,8.10,10.28,F
,1893491,914,0,2010,-0.105,-0.351,0.827,-12.09,38.29,-16.88,F
,189351,944,0,693,-0.132,-0.360,0.895,-10.52,4.42,-2.21,F
,1893551,1019,0,2005,-0.080,-0.25,0.93,3.52,30.13,-30.09,F
,1893561,1002,0,1618,-0.074,-0.303,0.894,-3.29,30.98,-3.43,F
,1893591,1055,0,1795,-0.060,-0.315,0.898,-18.64,30.80,-38.53,F
,1893641,1067,0,1697,0.012,-0.298,0.817,-11.94,6.26,-53.63,F
,1893731,1089,0,2201,-0.001,-0.94,1.19,-41.80,31.97,-40.27,F
,189376,1174,0,1780,-0083,-0.39,1.69,-25.06,32.55,-3.11,F
,1893771,1161,0,1905,-0.104,-0.114,1.77,-23.33,38.08,-2.42,F
,1893781,1179,0,1723,-0124,-0.94,1.85,-15.90,29.16,-3.23,F
,1893791,1179,0,1645,-0148,-0.095,1.863,-3.42,17.10,-267,F
,1893801,1149,0,1824,-0104,-0.15,1.85,6.61,5.65,-1.40,F
,189381,1129,0,1783,-0068,-0.27,1.78,15.78,-5.03,-0.80,F
,1893821,1111,0,1793,-0045,-0.38,1.56,24.88,-4.61,6.55,F
,1893831,1164,0,1710,0.037,-0.154,1.564,26.23,-8.85,8.2,F
,1893841,1169,0,1894,0.079,-0.167,1.400,34.35,-8.65,15.55,F
,189388,1171,0,1790,0.82,-0.190,1.156,34.33,-7.32,23.62,F
,1893911,1167,0,1578,0.065,-0.204,1.117,34.24,-1.93,2724,F
,1893931,1168,0,2207,0.017,-0.264,1.146,30.64,-16.68,3205,F
,1894061,826,0,1763,-0.003,-0.363,0.717,52.55,-8.48,3263,F
,1894071,788,0,1782,0.09,-0.36,0.673,8.75,-13.26,29.46,F
,1894081,849,0,1936,0.08,-0.385,0.631,4.07,-688,30.4,F
,189413,827,0,676,-0.50,-0.43,0.578,10.75,782,15.8,F
,1894141,789,0,1466,-0.047,-0.55,0.599,10.90,410,11.2,F
,189416,791,0,076,0.04,-0.51,0.627,1.98,0.36,-5.48,F
,189419,872,0,2015,-0.085,-0.431,0.731,21.81,2.28,-8.3,F
,1894241,806,0,1694,-0.063,-0.374,0.846,-5.74,2.62,-2021,F
,1894251,807,0,1531,-0.057,-0.38,0.847,-8.80,2.90,-2320,F
,1894311,845,0,1850,0.05,-0.35,0.860,12.13,32.31,-29.83,F
,1894321,866,0,1746,0.037,-0.343,0.852,-15.38,3.95,-3236,F
,1894331,848,0,1841,0.054,-0.346,0.834,-16.35,2.10,-3572,F
,1894341,834,0,1893,0.05,-0.33,0.812,20.86,24.28,-38.18,F
,189435,798,0,1417,0.09,-0.33,0.792,22.98,22.51,-37.34,F
,189436,832,0,064,0.01,-0.32,0.777,26.98,19.06,-3676,F
,1894371,878,0,2025,0.138,-0.358,0.682,-32.63,1.68,-3903,F
,189438,878,0,510,0.11,-0.34,0.726,33.25,11.82,-4609,F
,1894391,896,0,2143,0.12,-0.35,0.731,28.09,9.10,-50.68,F
,1894411,976,0,2122,0.145,-0.28,0.824,-23.70,19.87,-5012,F
,1894421,967,0,1885,0.089,-0.27,0.904,27.61,24.63,-46.91,F
,1894431,990,0,1647,0.125,-0.184,1.032,34.45,3.52,-4393,F
,1894441,978,0,2199,0.117,-0.237,1.201,-36.29,3.17,-3222,F
,1894461,962,0,1578,0.08,-0.20,1.425,31.59,41.15,-15.60,F
,1894481,980,0,1712,0.000,-0.128,1.662,-10.51,3.95,-4.61,F
,1894511,969,0,1836,0.034,-0.102,1.748,9.62,13.4,-8.24,F
,1894521,960,0,1783,0.015,-0.08,1.693,6.93,11.71,0.75,F
,189453,943,0,1734,0.08,-0.06,1.540,1.10,16.58,13.00,F
,1894571,947,0,1890,0.094,-0.16,1.290,7.52,0.46,17.24,F
,1894581,954,0,756,0.096,-0.173,1.267,40.35,-293,17.4,F
,189460,915,0,738,0.092,-0.178,1.208,37.04,-10.10,24.33,F
,189463,894,0,711,0.055,-0.231,1.196,30.30,-15.58,29.15,F
,189464,893,0,801,0.032,-0.25,1.211,6.04,-13.95,33.41,F
,1894651,899,0,1819,0.06,-0.27,1.176,0.71,-11.54,38.89,F
,189470,925,0,937,-0.002,-0.321,1.016,54.21,-8.15,3518,F
,1894711,935,0,1865,0.007,-0.327,0.965,55.95,-2.39,33.5,F
,1894731,843,0,1901,0.08,-0.35,0.811,2.99,-13.93,29.88,F
,189474,749,0,849,0.012,-0.401,0.754,54.47,-9.77,31.53,F
,189475,729,0,904,0.033,-0.388,0.683,9.57,-267,30.4,F
,1894761,741,0,1861,0.033,-0.436,0.635,42.15,0.11,27.32,F
,1894811,623,0,1907,0.09,-0.50,0.582,7.65,9.00,10.63,F
,1894821,592,0,1874,0.01,-0.53,0.587,17.71,4.6,4.29,
,1894841,688,0,1827,0.00,-0.54,0.585,6.20,9.68,-2.51,F
,189485,707,0,1872,0.05,-0.48,0.599,6.00,1877,-4.18,F
,1894871,727,0,2037,-0.34,-0.45,0.702,19.69,28.83,-12.67,F
,1894881,731,0,731,-0.052,-0.407,0.719,21.63,33.44,-10.18,F
,1894931,724,0,1699,-0.045,-0.415,0.855,-10.58,29.21,-23.96,F
,189494,741,0,983,-0.030,-0.399,0.889,-7.21,3.67,-25.64,F
,1894951,724,0,1893,-0.28,-0.35,0.896,-5.94,32.52,-27.16,F
,1894981,706,0,2011,-0.003,-0.330,0.878,-7.80,3.14,-2995,F
,1895001,799,0,1951,0.07,-0.32,0.869,18.45,35.81,-32.03,F
,1895011,850,0,1654,-0.02,-0.324,0.859,-25.53,30.07,-34.01,F
,1895021,859,0,2098,0.022,-0.336,0.869,-28.81,22.72,-36.62,F
,1895031,832,0,726,0.049,-0.34,0.873,-28.81,1.08,-3952,F
,1895041,800,0,1893,0.01,-0.35,0.851,28.35,10.57,-4302,F
,1895051,827,0,1918,0.19,-0.29,0.853,26.83,1.19,-4456,F
,1895061,955,0,1871,0.14,-0.35,0.838,21.59,10.34,-48.68,F
,1895071,972,0,1840,0.18,-0.35,0.728,15.97,10.14,-47.87,F
,1895081,926,0,1726,0.19,-0.33,0.719,13.04,17.32,-4680,F
,1895091,947,0,1938,0.157,-0.249,0.746,15.70,2.01,-4774,F
,1895141,1051,0,1709,-0015,-0.73,1.36,-35.48,31.38,-31.43,F
,1895161,1053,0,1706,-0.007,-0.174,1.572,-27.45,30.94,-13.05,F
,189523,1023,0,1882,0.23,-0.03,1.454,24.91,8.03,15.49,F
,1895271,989,0,1968,0.05,-0.162,1.229,2.23,0.8,27.12,F
,1895281,979,0,770,0.091,-0.16,1.219,44.78,-419,28.36,F
,1895291,975,0,1929,0.115,-0.187,1.200,3.29,-1.30,26.5,F
,1895301,937,0,1837,0.08,-0.19,1.186,2.09,-14.26,28.94,F
,189531,897,0,1826,0.13,-0.19,1.180,1.45,-15.05,29.50,F
,1895331,810,0,1744,0.11,-0.18,1.163,39.17,-13.74,31.21,F
,1895341,799,0,1910,0.07,-0.22,1.184,3.78,-11.20,38.1,F
,1895361,746,0,1713,0.03,-0.26,1.171,37.07,-1.93,44.80,F
,1895371,651,0,1817,0.05,-0.27,1.142,0.61,-14.04,45.01,F
,1895391,602,0,1757,0.09,-0.27,1.176,3.46,-1.23,39.8,F
,1895401,607,0,1941,0.09,-0.31,1.041,9.16,-1.80,36.5,F
,1895431,550,0,786,0.008,-0.338,0.834,53.26,-5.48,37.58,F
,1895441,526,0,1863,0.007,-0.328,0.801,41.33,2.31,36.94,F
,189545,441,0,968,-0.014,-0.336,0.719,34.03,5.55,34.58,F
,1895481,161,0,803,0.03,-0.467,0.623,5.57,7.06,29.64,F
,189549,99,0,185,0.009,-0.490,0.616,21.69,6.23,25.33,
,189552,144,0,886,0.025,-0.528,0.569,27.37,1135,13.8,F
,189553,153,0,842,0.029,-0.51,0.571,31.14,15.23,9.07,F
,1895541,147,0,1431,0.00,-0.49,0.578,9.62,21.07,4.28,F
,189556,272,0,915,-0.015,-0.44,0.693,15.83,29.58,-7.35,F
,189561,278,0,872,-0.094,-0.386,0.819,-4.08,37.06,-17.92,F
,1895631,378,0,1424,-0.104,-0.391,0.872,-11.38,27.58,-23.60,F
,1895641,421,0,1535,-0.98,-0.38,0.889,-11.01,23.81,-26.29,F
,1895701,616,0,1617,-0.059,-0.335,0.946,-15.44,32.13,-33.83,F
,189572,624,0,836,-0.006,-0.336,0.934,-21.99,23.47,-36.65,F
,1895751,808,0,1905,0.04,-0.36,0.875,27.47,17.96,-44.19,F
,1895761,896,0,705,0.02,-0.35,0.849,19.59,1.24,-45.43,F
,189577,893,0,795,0.075,-0.33,0.796,16.64,2.78,-4400,F
,1895781,933,0,1654,0.18,-0.31,0.758,15.25,29.39,-43.42,F
,189579,927,0,845,0.110,-0.309,0.796,14.66,2.71,-4543,F
,1895801,903,0,1655,0.01,-0.28,0.805,17.79,32.71,-46.74,F
,189582,937,0,742,0.06,-0.19,1.055,26.03,3.91,-4274,F
,1895881,1005,0,1427,-0064,-0.15,1.60,1.36,31.18,-10.59,F
,189591,954,0,709,-0.009,-0.099,1.498,17.16,12.92,-5.17,F
,1895921,934,0,1771,0.01,-0.10,1.328,2.55,17.81,4.14,F
,189595,831,0,914,0.062,-0.149,1.206,25.57,11.01,12.94,F
,1895991,769,0,1678,0.03,-0.22,1.132,0.27,-224,15.4,F
,189601,767,0,766,0.02,-0.22,1.104,5.57,-1.83,16.86,F
,189602,754,0,213,0.049,-0.229,1.109,38.75,-0.59,21.73,F
,189605,761,0,989,0.073,-0.225,1.092,36.24,-6.68,29.3,F
,1896081,748,0,2179,0.05,-0.22,1.140,27.00,-11.60,34.33,F
,189609,749,0,830,0.00,-0.248,1.189,1.80,-15.23,34.52,F
,189610,605,0,1679,-0.130,-0.380,1.181,54.13,-19.17,42.05,F
,189613,731,0,664,-0.039,-0.246,1.167,42.07,-19.52,37.47,F
,1896141,720,0,1863,-0.83,-0.24,1.170,46.12,-25.19,3781,F
,189617,694,0,1878,-0.062,-0.322,1.017,52.81,-27.25,34.40,F
,189619,604,0,767,-0.065,-0.362,0.822,57.57,-21.34,31.76,F
,1896211,527,0,1999,0.04,-0.39,0.675,9.71,-13.48,28.66,F
,1896221,522,0,1881,0.004,-0.421,0.608,47.63,-7.98,30.8,F
,189623,496,0,810,0.03,-0.454,0.560,40.88,-2.99,28.5,F
,189624,528,0,021,0.05,-0.480,0.525,31.78,1.38,22.33,F
,189625,486,0,851,0.08,-0.49,0.488,5.14,3.64,17.06,F
,1896271,493,0,1897,0.048,-0.533,0.464,21.95,10.28,7.62,F
,1896321,510,0,1535,-0.070,-0.447,0.688,6.44,4251,-7.71,F
,189635,423,0,1697,-0.140,-0.412,0.856,-20.03,3.23,-1.98,F
,189644,723,0,1745,0.027,-0.31,0.861,-20.64,23.79,-32.36,F
,189645,789,0,015,0.04,-0.340,0.819,-25.87,19.04,-35.09,F
,189646,895,0,1968,0.098,-0.340,0.751,-38.64,15.10,-37.00,F
,189648,977,0,484,0.16,-0.37,0.754,31.71,11.30,-44.71,F
,1896491,962,0,1887,0.172,-0.270,0.715,-30.61,13.21,-49.26,F
,1896511,991,0,1824,0.171,-0.292,0.821,24.95,30.54,-42.15,F
,189653,1037,0,1952,0.102,-0.16,0.998,-40.25,34.00,-40.90,F
,1896541,1023,0,1792,0.027,-0.194,1.182,-46.00,33.93,-33.35,F
,1896591,960,0,085,0.08,-0.08,1.677,0.37,34.25,-6.85,F
,1896621,1041,0,1663,0.06,0.00,1.667,1.22,13.84,7.17,F
,1896631,1063,0,2070,0.47,0.00,1.589,2.18,7.85,14.13,F
,1896691,1085,0,1733,0.80,-0.153,1.256,40.30,-.87,31.2,F
,1896721,1072,0,1973,0.51,-0.197,1.224,32.71,-15.43,3697,F
,189673,1088,0,1830,0.052,-0.237,1.244,30.41,-8.29,3817,F
,1896801,896,0,1486,0.032,-0.302,1.011,66.21,-3.87,37.10,F
,1896811,908,0,1947,0.08,-0.30,0.915,4.62,-30.30,35.6,F
,1896831,928,0,1933,0.03,-0.28,0.858,2.27,-19.52,32.6,F
,1896881,699,0,1932,-0.99,-0.43,0.691,47.36,-1.02,16.80,F
,1896901,687,0,1757,-0.49,-0.42,0.586,55.00,-9.67,13.73,F
,1896911,628,0,1832,-0.11,-0.42,0.548,53.51,-5.93,8.4,F
,1896931,624,0,759,0.00,-0.50,0.515,8.07,-6.82,-1.3,F
,1896951,623,0,1918,0.016,-0.47,0.507,7.91,15.12,-2.61,F
,189696,624,0,1693,0.003,-0.467,0.531,25.94,2268,-5.7,F
,189700,629,0,1798,-0.52,-0.435,0.729,10.67,2.26,-18.48,F
,189702,624,0,1792,-0.64,-0.401,0.813,3.28,30.39,-24.64,F
,1897071,634,0,685,0.02,-0.333,0.859,-10.75,36.05,-2612,F
,1897111,647,0,856,0.03,-0.33,0.899,27.27,23.85,-3633,F
,1897131,665,0,863,0.00,-0.35,0.928,29.41,24.11,-39.48,F
,1897141,672,0,936,0.13,-0.31,0.893,-36.71,2.03,-40.83,F
,189715,677,0,1663,0.075,-0.323,0.903,-28.16,2.99,-40.74,F
,1897171,786,0,1827,0.131,-0.31,0.820,18.00,22.81,-4462,F
,1897181,816,0,1895,0.24,-0.27,0.821,18.84,19.52,-5113,F
,1897191,848,0,1749,0.18,-0.26,0.807,17.80,2.63,-49.52,F
,189720,842,0,1826,0.15,-0.17,0.886,-21.32,3.36,-44.74,F
,189721,833,0,2110,0.164,-0.17,0.928,31.38,42.39,-3726,F
,189722,859,0,1667,0.10,-0.111,1.055,-39.84,4.50,-3140,F
,1897241,866,0,1813,0.02,-0.15,1.341,-42.48,4.07,-21.87,F
,1897351,994,0,750,0.19,-0.106,1.322,23.91,7.42,21.00,F
,1897361,965,0,791,0.10,-0.14,1.300,33.71,8.02,24.20,F
,1897441,971,0,2007,0.067,-0.208,1.208,41.19,-1.99,39.52,F
,1897451,966,0,738,0.04,-0.19,1.197,42.59,-971,41.53,F
,1897461,973,0,895,0.09,-0.19,1.211,3.57,-9.63,42.46,F
,1897501,1040,0,1826,-0113,-0.25,1.18,39.68,21.09,4.81,F
,1897551,890,0,1997,-0.82,-0.32,0.979,64.45,-25.74,31.18,F
,189757,848,0,1904,-0.25,-0.39,0.821,70.49,-17.37,29.97,F
,189760,666,0,1971,-0.48,-0.36,0.625,55.43,-16.68,26.68,F
,189761,594,0,1889,-0.34,-0.380,0.568,53.43,-16.97,24.71,F
,1897691,132,0,1734,0.037,-0.437,0.521,21.34,29.49,-4.24,F
,1897741,307,0,1647,-0.91,-0.311,0.745,-7.47,60.74,-13.52,F
,189777,535,0,1973,-0.14,-0.364,0.939,-23.48,42.58,-22.16,F
,1897831,697,0,1827,-0.42,-0.271,1.028,-15.56,0.91,-33.83,F
,1897841,700,0,1969,-0.031,-0.24,1.014,-18.31,22.92,-36.21,F
,189786,677,0,1923,0.07,-0.27,0.958,15.41,18.54,-42.00,F
,189787,795,0,945,0.19,-0.18,0.923,20.96,27.96,-4754,F
,1897881,816,0,2167,0.14,-0.26,0.903,-14.74,3.86,-4389,F
,1897891,834,0,1963,0.119,-0.254,0.809,-9.51,37.38,-43.67,F
,1897911,832,0,1264,0.121,-0.203,0.732,-21.55,36.80,-48.09,F
,1897921,834,0,2306,0.19,-0.19,0.764,30.22,2.36,-5461,F
,1897961,834,0,2159,0.00,-0.08,1.120,32.14,2.81,-5009,F
,189797,748,0,1562,0.02,-0.03,1.246,34.03,28.02,-39.45,F
,1897981,852,0,1751,0.058,-0.04,1.372,28.61,40.91,-2596,F
,1898001,1003,0,1842,-0.004,0.035,1.574,-12.03,7.62,-513,F
,1898021,929,0,841,-0.85,0.10,1.711,10.75,3.38,2.8,F
,1898031,959,0,1791,-0.092,0.043,1.761,-8.67,27.85,11.33,F
,1898041,950,0,1689,-0.58,0.04,1.775,7.22,11.26,12.52,F
,1898051,907,0,2070,-0.015,-0.010,1.719,3.10,4.74,17.07,F
,1898081,981,0,2069,0.063,-0.08,1.469,36.71,-274,23.1,F
,1898141,1009,0,1852,0.067,-0.114,1.244,39.14,-11.57,37.91,F
,1898181,924,0,1971,-0.21,-0.288,1.211,24.36,-32.94,30.77,F
,1898191,913,0,1779,0.08,-0.25,1.196,38.55,-30.90,33.04,F
,1898211,866,0,2161,0.02,-0.27,1.052,9.37,-2.81,31.59,F
,1898221,809,0,1890,0.01,-0.309,1.005,59.34,-17.81,32.34,F
,1898231,762,0,1749,0.012,-0.292,0.999,51.80,-5.26,31.06,F
,189825,749,0,2018,0.09,-0.32,0.828,2.21,2.02,32.29,F
,189832,784,0,033,-0.031,-0.481,0.568,22.49,2.48,6.57,F
,1898361,784,0,967,-0.69,-0.419,0.595,19.51,21.87,-0.41,F
,1898511,720,0,1967,0.039,-0.272,0.877,-22.52,37.61,-26.96,F
,1898531,719,0,2095,-0.002,-0.27,0.893,-30.61,5.76,-3.24,F
,1898551,788,0,2176,0.04,-0.25,0.875,28.92,3.03,-3135,F
,1898561,758,0,2033,0.08,-0.26,0.881,27.91,2.13,-31.71,F
,1898571,779,0,1973,0.02,-0.24,0.871,28.92,2.56,-3418,F
,189858,771,0,007,0.124,-0.303,0.761,-20.78,15.78,-38.58,F
,1898601,903,0,2113,0.19,-0.215,0.854,24.83,18.94,-45.20,F
,189861,912,0,1630,0.15,-0.13,0.941,28.98,2.22,-4283,F
,1898621,912,0,1906,0.13,-0.13,1.003,34.38,3.00,-3621,F
,1898641,855,0,086,0.063,-0.136,1.249,-44.72,41.18,-19.03,F
,1898661,754,0,1938,0.03,-0.15,1.408,30.75,41.78,-6.6,F
,1898671,753,0,849,0.006,-0.124,1.475,-19.87,43.61,0.77,F
,1898681,837,0,1965,-0.04,-0.109,1.536,-9.58,39.38,1.53,F
,189870,959,0,149,0.021,-0.046,1.570,0.91,25.10,1.20,F
,1898721,938,0,1911,0.01,-0.01,1.597,6.38,19.59,10.74,F
,1898761,1040,0,2069,0.71,-0.141,1.410,16.68,10.66,27.93,F
,1898861,1022,0,1897,-0028,-0.79,1.26,42.03,6.03,5123,F
,189892,992,0,850,-0.70,-0.354,1.084,45.46,-37.77,53.96,F
,1898931,1050,0,1951,-0062,-0.78,1.042,57.02,-37.23,50.17,F
,1898951,1010,0,2076,-0087,-0.70,0.869,63.81,-36.51,39.42,F
,1898971,994,0,1989,-0.42,-0.34,0.685,56.35,-43.63,35.84,F
,1899001,867,0,1748,0.029,-0.403,0.473,46.21,-40.33,29.6,F
,189901,852,0,2354,0.036,-0.455,0.473,42.27,-30.45,27.38,F
,1899021,717,0,2109,0.07,-0.44,0.473,0.58,-16.15,23.75,F
,1899031,657,0,869,0.04,-0.474,0.457,37.45,-5.17,20.20,F
,1899041,651,0,2060,-0.21,-0.44,0.447,30.58,3.71,20.13,F
,189906,627,0,236,-0.10,-0.499,0.445,13.91,7.07,14.25,F
,189907,633,0,914,-0.27,-0.40,0.456,11.91,7.27,13.04,F
,189908,666,0,1762,0.016,-0.506,0.457,16.75,9.26,11.82,F
,1899111,507,0,1963,-0.73,-0.43,0.620,16.39,35.70,1.42,F
,1899131,525,0,824,-0.67,-0.35,0.692,4.30,48.13,-1.37,F
,1899141,560,0,499,-0.92,-0.43,0.744,-0.05,53.87,-5.96,F
,1899151,537,0,2090,-0.80,-0.377,0.755,-15.09,1.50,-676,F
,1899161,562,0,2206,-0.53,-0.30,0.784,-28.58,45.70,-1.53,F
,189917,582,0,760,-0.060,-0.35,0.822,-34.11,42.33,-15.20,F
,189918,651,0,054,-0.083,-0.369,0.803,-31.65,41.04,-19.54,F
,189920,753,0,830,-0.44,-0.353,0.843,-34.20,43.35,-27.05,F
,189922,823,0,000,-0.067,-0.365,0.863,-31.29,38.80,-29.14,F
,1899231,858,0,2014,0.001,-0.400,0.882,-24.49,33.33,-29.51,F
,1899251,883,0,1822,0.023,-0.401,0.835,-8.35,32.72,-30.03,F
,189926,905,0,980,0.08,-0.30,0.775,7.18,37.32,-26.50,F
,189927,933,0,2109,0.104,-0.351,0.746,-9.97,41.26,-26.3,F
,1899281,944,0,1993,0.126,-0.330,0.711,-13.56,39.78,-32.29,F
,189930,967,0,904,0.17,-0.34,0.649,-24.23,27.32,-46.03,F
,189931,995,0,115,0.075,-0.311,0.784,-35.90,15.81,-44.41,F
,1899321,1044,0,1738,0.118,-0.328,0.795,-36.40,5.94,-45.71,F
,189933,1077,0,1997,0.109,-0.273,0.941,-35.56,9.38,-45.31,F
,1899381,1164,0,1943,-0020,-0.07,1.64,-34.23,50.20,-11.03,F
,189945,996,0,776,0.07,-0.08,1.697,20.44,18.60,26.25,F
,1899511,1022,0,2009,0.48,-0.24,1.367,34.44,-30.15,25.71,F
,1899561,1023,0,1824,0.131,-0.381,1.288,27.05,-43.40,34.86,F
,189957,1022,0,1983,0.117,-0.42,1.284,24.68,-44.48,34.40,F
,1899591,1034,0,1857,0.103,-0.443,1.235,21.66,-42.22,32.86,F
,1899601,1023,0,1894,0.15,-0.59,1.163,9.63,-35.64,31.10,F
,189962,967,0,963,0.038,-0.605,1.086,11.78,-3.59,24.1,F
,189964,917,0,920,0.00,-0.626,0.940,28.42,-5.55,14.17,F
,189965,818,0,846,0.007,-0.587,0.866,32.26,-61.92,7.1,F
,189966,720,0,055,0.00,-0.57,0.773,33.60,-68.71,-0.76,F
,1899691,651,0,2101,0.079,-0.522,0.526,17.66,-6.34,-1438,F
,1899701,641,0,911,0.19,-0.52,0.492,12.53,-54.64,-17.20,F
,189971,630,0,926,0.04,-0.47,0.403,10.38,-43.05,-15.92,F
,189972,628,0,153,0.01,-0.45,0.389,-0.26,-30.58,-15.03,F
,1899731,603,0,1815,-0.022,-0.423,0.385,-13.51,25.55,-7.34,F
,1899761,640,0,1994,0.001,-0.476,0.403,-28.06,-37.35,-26.50,F
,189977,624,0,743,-0.00,-0.45,0.412,-20.32,-33.83,-24.83,F
,189979,688,0,125,-0.00,-0.42,0.538,-14.61,-9.98,-27.61,F
,189981,702,0,488,-0.86,-0.30,0.546,-5.22,9.87,-17.19,F
,189982,704,0,920,-0.73,-0.32,0.560,-13.15,15.42,-14.79,F
,1899831,720,0,2087,-0.60,-0.30,0.624,-29.47,13.99,-15.67,F
,189984,725,0,004,-0.29,-0.31,0.665,-40.43,9.67,-16.88,F
,189985,737,0,834,-0.22,-0.38,0.710,-45.88,6.63,-15.25,F
,189986,752,0,1781,0.05,-0.403,0.748,-43.48,7.93,-12.4,F
,1899881,797,0,987,0.05,-0.39,0.753,-29.76,17.78,-11.00,F
,1899891,871,0,1877,0.03,-0.394,0.749,-21.58,23.94,-1065,F
,1899931,894,0,1949,0.13,-0.408,0.726,-10.26,32.31,-15.20,F
,1899941,913,0,1856,0.177,-0.403,0.720,14.09,3.15,-1702,F
,189996,955,0,904,0.17,-0.38,0.732,-25.25,32.05,-23.02,F
,1899971,977,0,776,0.12,-0.38,0.750,-27.25,33.96,-21.75,F
,1900121,928,0,771,0.18,-0.31,1.743,.97,34.0,5.35,
,190015,976,0,888,0.25,-0.23,1.520,34.88,16.63,17.61,F
,190017,974,0,991,0.22,-0.32,1.378,35.94,-0.26,19.26,F
,1900181,976,0,1873,0.324,-0.348,1.270,2.21,-0.71,24.10,F
,190020,981,0,683,0.38,-0.38,1.185,43.78,-4.93,23.75,F
,1900221,977,0,1936,0.271,-0.370,1.117,0.01,-421,30.86,F
,1900231,971,0,1981,0.245,-0.372,1.085,3.22,-6.90,33.21,F
,1900241,969,0,1901,0.26,-0.38,1.081,38.26,-14.30,34.52,F
,190025,958,0,871,0.27,-0.41,1.087,40.52,-17.78,31.32,F
,1900311,990,0,696,0.16,-0.437,1.021,0.99,-1.67,40.34,F
,1900321,967,0,872,0.16,-0.43,1.051,41.00,-14.18,40.13,F
,1900331,987,0,829,0.19,-0.47,1.072,31.51,-17.23,40.17,F
,190034,955,0,859,0.04,-0.50,1.027,34.62,-20.29,37.97,F
,1900351,953,0,1791,0.094,-0.544,0.990,0.27,-2.81,34.4,F
,1900361,993,0,1937,0.126,-0.524,0.909,5.33,-2.59,29.1,F
,1900371,899,0,876,0.16,-0.54,0.844,53.65,-17.43,27.47,F
,190039,729,0,894,0.15,-0.56,0.673,65.17,-7.37,25.26,F
,190040,611,0,841,0.00,-0.53,0.637,66.39,-6.58,26.34,F
,190041,506,0,866,0.09,-0.51,0.559,63.60,-7.92,28.54,F
,1900431,492,0,1945,0.127,-0.521,0.458,47.33,-13.23,24.49,F
,1900441,593,0,949,0.17,-0.56,0.439,32.64,-17.17,19.59,F
,190045,624,0,985,0.19,-0.58,0.403,16.55,-18.91,11.36,F
,1900461,624,0,826,0.13,-0.61,0.385,6.58,-15.20,4.87,F
,1900471,637,0,922,0.19,-0.65,0.386,4.62,-8.42,2.89,
,1900501,649,0,1767,0.151,-0.647,0.487,0.91,23.59,1.32,F
,190053,569,0,937,0.03,-0.58,0.612,17.54,33.03,-2.32,F
,190056,561,0,790,0.03,-0.55,0.701,-15.24,24.13,-15.55,F
,190059,717,0,135,0.13,-0.53,0.760,-18.51,25.49,-20.93,F
,1900601,654,0,1872,0.16,-0.54,0.788,-16.75,24.34,-2499,F
,1900611,628,0,872,0.120,-0.54,0.791,-12.61,2.13,-2596,F
,1900621,815,0,1623,0.173,-0.530,0.771,9.06,1310,-26.6,F
,1900641,845,0,930,0.211,-0.50,0.731,-15.50,518,-34.8,F
,1900651,907,0,712,0.20,-0.49,0.721,-14.45,541,-34.1,F
,1900661,928,0,1919,0.11,-0.52,0.740,-8.48,12.55,-26.76,F
,1900671,915,0,1941,0.255,-0.49,0.714,16.09,1.98,-3317,F
,1900681,953,0,694,0.28,-0.44,0.666,-24.08,18.62,-34.06,F
,1900691,931,0,1732,0.33,-0.448,0.687,26.37,2.58,-3467,F
,1900701,957,0,064,0.39,-0.38,0.698,-30.34,19.58,-3949,F
,1900721,951,0,890,0.30,-0.40,0.706,-30.09,12.84,-44.93,F
,1900731,970,0,2018,0.336,-0.31,0.768,-29.90,15.64,-46.53,F
,1900791,1057,0,1712,0.100,-0.085,1.553,-24.57,45.36,10.74,F
,1900901,994,0,815,0.44,-0.45,1.360,29.57,-17.31,54.02,F
,1900921,976,0,1750,0.401,-0.574,1.323,5.43,-2.16,55.4,F
,1900931,943,0,840,0.448,-0.539,1.342,5.63,-2.55,51.6,F
,1900941,990,0,1851,0.456,-0.557,1.305,0.84,-2.11,46.7,F
,1900951,996,0,1645,0.32,-0.63,1.332,33.49,-3.98,51.9,F
,1900971,976,0,679,0.34,-0.67,1.287,16.07,-39.17,50.00,F
,1900991,843,0,1867,0.336,-0.759,1.244,2.60,-4.55,38.6,F
,1901001,753,0,594,0.299,-0.73,1.390,17.04,-33.00,26.7,F
,190101,764,0,1866,0.289,-0.83,1.184,11.57,-51.05,23.62,F
,190103,750,0,1744,0.262,-0.909,0.955,1.63,-4.86,11.6,F
,1901041,708,0,953,0.25,-0.85,0.879,30.47,-42.48,0.34,F
,1901051,705,0,1930,0.200,-0.830,0.755,40.10,-42.99,-5.69,F
,1901071,690,0,878,0.161,-0.762,0.594,53.23,-49.55,-12.96,F
,1901091,701,0,869,0.07,-0.60,0.394,31.89,-47.58,-1468,F
,1901101,699,0,840,0.21,-0.61,0.385,8.33,-4990,-17.2,F
,1901111,688,0,917,0.22,-0.58,0.324,-13.18,-49.37,-25.67,F
,1901141,652,0,786,0.15,-0.57,0.215,-44.35,-25.86,-30.16,F
,190116,848,0,1731,0.115,-0.586,0.186,42.75,-1.52,-3.59,F
,1901181,842,0,903,0.19,-0.57,0.341,28.64,-.61,-3334,F
,1901211,647,0,477,0.18,-0.42,0.330,1.86,1.87,-27.31,F
,1901241,837,0,085,0.13,-0.40,0.445,-35.67,25.91,-1980,F
,1901271,832,0,1837,0.19,-0.435,0.541,37.30,31.49,-10.03,F
,1901301,683,0,129,0.155,-0.450,0.607,-24.19,18.62,-16.27,F
,1901321,866,0,840,0.11,-0.61,0.685,.94,4.8,-11.13,F
,1901331,814,0,843,0.278,-0.493,0.606,-3.33,7.65,-16.83,F
,1901341,934,0,840,0.34,-0.47,0.560,0.93,16.37,-11.83,F
,1901361,961,0,863,0.34,-0.44,0.495,13.18,3.16,-6.6,F
,1901371,965,0,626,0.38,-0.461,0.500,-19.94,41.61,-5.92,F
,1901401,933,0,904,0.59,-0.579,0.514,-27.80,25.01,-20.41,F
,1901411,963,0,087,0.51,-0.571,0.525,-26.86,20.46,-25.17,F
,1901501,1104,0,1264,0.328,-0.466,1.525,-37.59,48.05,7.59,F
,1901611,1040,0,1840,0.417,-0.530,1.102,45.40,-13.49,20.62,F
,190164,1094,0,2006,0.410,-0.543,1.029,38.44,-22.68,27.56,F
,1901791,742,0,840,0.27,-0.68,0.395,9.78,-3.31,16.77,F
,1901821,656,0,789,0.285,-0.672,0.239,50.79,-13.78,17.1,F
,1901831,661,0,814,0.314,-0.674,0.197,35.13,-9.51,16.5,F
,1901841,578,0,985,0.35,-0.68,0.173,20.45,-4.94,14.29,F
,190185,663,0,1776,0.39,-0.71,0.188,7.75,-0.99,10.46,F
,1901871,736,0,399,0.30,-0.76,0.207,8.20,14.39,4.31,F
,1901891,781,0,909,0.39,-0.788,0.296,-13.41,25.39,-2.74,F
,1901901,714,0,621,0.34,-0.807,0.469,-11.88,26.46,-11.40,F
,190194,688,0,1840,0.359,-0.693,0.498,-11.18,4.73,-1320,F
,1901951,815,0,676,0.37,-0.67,0.499,-23.50,52.75,-15.83,F
,190197,857,0,013,0.34,-0.65,0.544,39.55,52.91,-18.13,F
,1901981,914,0,727,0.30,-0.66,0.580,-44.81,52.68,-21.08,F
,1901991,976,0,814,0.31,-0.66,0.614,44.87,5.81,-2372,F
,1902041,1094,0,1654,0.99,-0.582,0.583,-11.56,58.46,-24.94,F
,1902091,993,0,932,0.375,-0.608,0.535,-34.25,22.91,-39.31,F
,1902101,959,0,2009,0.397,-0.579,0.520,-25.06,32.81,-36.44,F
,190211,784,0,1968,0.479,-0.543,0.549,-20.98,46.28,-37.84,F
,1902121,847,0,390,0.48,-0.51,0.677,20.55,5.20,-3407,F
,190213,834,0,872,0.39,-0.51,0.725,-20.16,69.79,-26.19,F
,1902141,865,0,287,0.31,-0.48,0.863,18.38,7.89,-1900,F
,1902151,783,0,722,0.26,-0.44,1.039,18.46,7.77,-1238,F
,190218,1018,0,1779,0.211,-0.475,1.466,-19.59,52.75,-227,F
,190227,1113,0,1317,0.331,-0.654,1.351,14.24,-12.56,47.52,F
,1902341,1040,0,1639,0.310,-0.690,1.052,28.16,-34.82,56.63,F
,190244,965,0,747,0.23,-0.94,0.687,45.25,-12.71,16.81,F
,190245,965,0,1659,0.272,-0.885,0.603,34.29,-11.42,10.1,F
,190246,949,0,807,0.25,-0.88,0.597,26.30,-12.29,4.66,F
,190247,962,0,762,0.20,-0.84,0.552,14.49,-17.02,-1.42,F
,190248,977,0,1846,0.180,-0.868,0.510,2.87,-22.29,-7.72,F
,190250,885,0,933,0.18,-0.85,0.472,-7.55,-32.41,-22.67,F
,190251,887,0,675,0.17,-0.82,0.408,-12.28,-35.00,-29.60,F
,1902521,881,0,1818,0.141,-0.810,0.363,-15.47,-6.88,-3.42,F
,1902531,885,0,1863,0.138,-0.78,0.330,-20.60,-36.80,-37.28,F
,1902541,844,0,802,0.15,-0.75,0.278,-27.51,-37.06,-42.22,F
,190255,848,0,1697,0.099,-0.721,0.228,-36.81,-33.28,-45.28,F
,1902561,830,0,1825,0.127,-0.731,0.227,-44.61,-1.67,-4.93,F
,1902591,826,0,1835,0.12,-0.76,0.299,-50.29,-33.35,-5.00,F
,190261,853,0,667,0.12,-0.68,0.257,21.62,-9.08,-43.55,F
,190263,876,0,657,0.15,-0.59,0.230,-23.35,19.10,-40.45,F
,1902641,885,0,659,0.12,-0.59,0.253,-21.22,28.94,-38.76,F
,190267,774,0,009,0.12,-0.53,0.321,-31.56,37.24,-32.29,F
,1902691,757,0,1759,0.140,-0.532,0.370,-36.03,2.87,-3071,F
,190270,770,0,648,0.22,-0.56,0.424,-32.55,24.14,-28.71,F
,190271,819,0,743,0.23,-0.55,0.414,-29.25,23.01,-29.46,F
,190272,867,0,741,0.28,-0.55,0.405,-30.89,24.78,-29.67,F
,1902731,876,0,1837,0.200,-0.693,0.469,-18.55,3.13,-2393,F
,1902741,943,0,1941,0.277,-0.56,0.450,-23.44,30.71,-2954,F
,1902751,953,0,1783,0.319,-0.577,0.382,-24.69,30.65,-27.60,F
,1902781,1062,0,1631,0.430,-0.51,0.443,-36.67,21.82,-34.97,F
,190287,1071,0,1825,0.423,-0.549,1.033,-34.86,51.88,5.8,F
,190288,990,0,671,0.49,-0.57,1.169,-39.53,43.00,13.64,F
,1902891,955,0,804,0.47,-0.60,1.231,-39.04,33.58,15.36,F
,1902951,1043,0,1982,0.04,-0.68,1.029,44.07,26.98,18.48,F
,1903061,1043,0,2054,0.51,-0.653,0.869,28.35,-14.97,4559,F
,1903101,1002,0,1859,0.327,-0.742,0.777,36.44,-38.07,4121,F
,190311,997,0,819,0.29,-0.70,0.939,58.87,-29.11,27.47,F
,1903141,975,0,879,0.29,-0.80,0.534,47.75,-34.33,30.11,F
,1903161,807,0,1917,0.29,-0.81,0.394,52.53,-16.56,31.91,F
,190317,742,0,861,0.28,-0.80,0.301,58.88,-6.85,31.67,F
,190318,637,0,967,0.22,-0.76,0.203,62.12,3.21,31.24,F
,1903211,655,0,1984,0.250,-0.78,0.078,57.97,-3.51,33.75,F
,1903231,734,0,124,0.30,-0.84,0.026,48.47,-15.71,21.18,F
,1903251,781,0,1871,0.331,-0.834,0.013,0.04,-1.00,9.4,F
,1903261,822,0,939,0.33,-0.84,0.006,35.17,-5.81,7.62,F
,1903271,868,0,888,0.342,-0.85,0.020,30.64,2.31,6.49,F
,1903281,882,0,2112,0.38,-0.85,0.034,21.52,14.57,7.82,F
,1903291,880,0,786,0.35,-0.91,0.184,11.97,23.52,4.02,F
,1903301,863,0,2065,0.318,-0.88,0.306,12.01,26.19,-1.63,F
,1903311,880,0,843,0.29,-0.85,0.251,22.94,31.21,3.42,F
,1903331,959,0,2111,0.32,-0.85,0.290,18.01,33.93,-2.44,F
,190334,976,0,905,0.31,-0.85,0.335,8.24,31.16,-8.91,F
,1903361,985,0,2095,0.296,-0.829,0.378,4.58,3071,-11.55,F
,1903431,1058,0,1679,0.341,-0.86,0.469,-17.19,41.04,-19.74,F
,1903471,948,0,130,0.33,-0.82,0.566,-33.04,31.53,-36.16,F
,1903771,1150,0,1872,0.417,-0.476,0.965,48.90,-22.84,25.53,F
,1903791,966,0,995,0.37,-0.52,0.959,43.00,-26.45,33.68,F
,1903801,974,0,585,0.397,-0.526,0.878,5.75,-22.00,43.09,F
,190384,976,0,2207,0.402,-0.487,0.937,20.12,-16.51,54.19,F
,1903851,960,0,187,0.39,-0.68,0.855,36.81,-24.55,61.64,F
,1903861,802,0,779,0.24,-0.68,0.782,48.53,-24.03,61.06,F
,1903871,786,0,085,0.26,-0.69,0.735,61.66,-1.79,64.4,F
,1903881,873,0,003,0.32,-0.69,0.695,73.54,-8.67,73.61,F
,1903901,845,0,1799,0.297,-0.653,0.561,4.50,2393,84.13,F
,1903921,817,0,1726,0.276,-0.730,0.522,88.68,44.94,89.24,F
,190393,737,0,2279,0.236,-0.765,0.489,93.23,52.89,93.87,F
,1903941,779,0,1735,0.25,-0.78,0.476,98.52,55.62,97.49,F
,1903951,845,0,070,0.20,-0.81,0.486,104.35,54.17,98.63,F
,1903961,966,0,2336,0.210,-0.804,0.442,112.70,53.53,97.33,F
,1904061,1056,0,1815,0.016,-0.919,0.419,162.09,45.99,12.91,F
,1904111,907,0,1955,-0.074,-0.809,0.502,167.54,59.01,-31.34,F
,1904181,987,0,036,-0.59,-0.591,0.728,174.79,71.71,-95.13,F
,1904191,997,0,973,-0.79,-0.51,0.765,174.10,2.00,-12.39,F
,1904311,957,0,2070,-0.54,-0.06,1.027,141.72,72.62,-170.97,F
,1904361,944,0,1995,-0.287,0.195,1.065,04.76,7.33,-16.26,F
,1904371,925,0,590,-0.87,0.21,1.056,98.97,70.42,-168.15,F
,1904411,954,0,1921,-0.329,0.322,1.119,9.54,5242,-17308,F
,1904421,979,0,961,-0.33,0.41,1.039,7.77,5075,-17894,F
,1904431,976,0,107,-0.29,0.39,1.079,85.80,4558,-17290,F
,1904441,961,0,013,-0.28,0.44,1.094,79.60,45.70,-174.48,F
,1904451,930,0,981,-0.61,0.48,1.096,75.65,4390,-17273,F
,190446,930,0,1616,-0.367,0.511,1.089,69.75,43.76,-168.56,F
,190449,880,0,1945,-0.429,0.62,1.072,4.58,3017,-15430,F
,1904511,930,0,983,-0.29,0.655,1.071,9.81,9.2,-148.9,F
,1904521,934,0,009,-0.29,0.68,1.054,9.83,1.79,-146.8,F
,1904531,944,0,1919,-0.43,0.69,1.015,9.17,-409,-14600,F
,190454,919,0,2029,-0.395,0.695,1.008,2.29,-375,-145.55,F
,1904551,917,0,808,-0.435,0.69,0.999,9.65,-308,-14355,F
,1904601,814,0,2078,-0.387,0.580,0.963,1.22,-787,-11723,F
,1904641,733,0,662,-0.61,0.57,0.921,89.05,-1.74,-11.41,F
,1904651,731,0,790,-0.72,0.55,0.872,79.16,-11.26,-11.06,F
,190466,717,0,2151,-0.284,0.541,0.889,67.37,-18.38,-118.42,F
,1904671,683,0,030,-0.290,0.540,0.870,59.51,-22.71,-113.83,F
,190468,693,0,1696,-0.268,0.527,0.870,55.45,-19.60,-107.05,F
,1904691,709,0,009,-0.236,0.488,0.910,55.22,-18.80,-103.34,F
,1904701,710,0,878,-0.18,0.48,0.926,5.20,-1.36,-99.77,F
,190472,822,0,771,-0.11,0.43,0.923,54.87,-1.49,-9265,F
,1904731,867,0,1951,-0.191,0.428,0.932,55.42,-9.02,-90.30,F
,1904741,856,0,2115,-0.203,0.445,0.925,55.29,-3.09,-85.87,F
,1904751,884,0,175,-0.44,0.43,0.898,4.58,2.5,-79.77,F
,1904761,896,0,1625,-0.340,0.467,0.904,56.58,8.91,-71.31,F
,1904771,880,0,893,-0.70,0.44,0.958,0.99,1608,-59.3,F
,190478,883,0,1852,-0.294,0.49,0.938,85.17,23.30,-49.3,F
,1904791,870,0,811,-0.81,0.49,0.911,7.77,3011,-51.5,F
,1904801,882,0,926,-0.02,0.55,0.905,5.25,2997,-55.7,F
,1904871,806,0,742,-0.62,0.36,0.816,2.20,-1.45,-6241,F
,190488,817,0,1991,-0.207,0.411,0.885,28.68,-3.89,-56.56,F
,1904891,818,0,936,-0.45,0.44,0.857,0.35,3.5,-48.9,F
,1904901,818,0,840,-0.247,0.479,0.840,45.22,14.87,-41.58,F
,1904921,751,0,037,-0.50,0.53,0.844,27.28,1877,-42.2,F
,1904941,730,0,1798,-0.352,0.494,0.888,6.65,1.99,-45.98,F
,190496,739,0,1883,-0.363,0.426,0.888,7.77,-13.57,-37.96,F
,190498,835,0,1726,-0.250,0.427,0.788,21.78,-2.70,-32.27,F
,1904991,865,0,872,-0.97,0.44,0.760,26.47,-15.87,-3013,F
,1905001,864,0,957,-0.27,0.43,0.728,1.62,-578,-30.2,F
,190501,854,0,1893,-0.102,0.46,0.651,30.38,7.00,-31.38,F
,190502,821,0,801,-0.121,0.47,0.666,27.36,18.05,-32.50,F
,1905051,653,0,963,-0.69,0.41,0.611,0.55,3862,-25.3,F
,1905061,529,0,795,-0.90,0.43,0.574,0.97,51.36,-24.56,F
,1905071,464,0,942,-0.42,0.44,0.648,70.20,6564,-25.4,F
,1905081,196,0,1941,-0.309,0.422,0.619,61.11,61.73,-25.75,F
,1905121,0,0,188,-0.50,0.456,0.652,59.14,62.83,-19.93,F
,1905131,0,0,177,-0.49,0.417,.673,5563,63.4,-19.45,F
,1905201,401,0,978,-0.25,0.31,0.753,0.16,9014,-28.83,F
,1905211,496,0,776,-0.648,0.307,0.770,39.87,89.42,-25.67,F
,1905241,914,0,570,-0.614,0.275,0.789,31.80,100.37,-31.80,F
,1905261,895,0,1877,-0.595,0.251,0.802,8.38,10.13,-37.63,F
,1905271,875,0,854,-0.18,0.337,0.798,45.58,131.65,-5015,F
,1905281,750,0,703,-0.36,0.345,0.521,15.20,103.96,-5364,F
,1905311,807,0,744,-0.21,0.23,0.687,2.00,10.07,-5969,F
,1905321,873,0,643,-0.36,0.23,0.612,19.00,116.51,-58.03,F
,190533,860,0,1822,-0.707,0.244,0.611,13.40,115.27,-61.92,F
,1905361,846,0,772,-0.39,0.228,0.550,-12.22,8.78,-5923,F
,190537,848,0,1732,-0.764,0.227,0.555,-4.02,86.14,-59.9,F
,1905381,845,0,754,-0.45,0.24,0.537,7.16,89.81,-55.1,F
,1905401,886,0,712,-0.56,0.24,0.505,5.60,83.79,-51.22,F
,1905421,883,0,647,-0.00,0.255,0.485,-7.67,7413,-64.0,F
,1905441,880,0,609,-0.03,0.18,0.505,-16.05,63.70,-69.08,F
,190546,863,0,661,-0.08,0.15,0.496,-9.99,55.41,-66.35,F
,1905481,848,0,872,-0.75,0.14,0.450,-2.90,53.35,-66.38,F
,190549,871,0,679,-1.31,0.144,0.426,-4.54,49.04,-67.06,F
,1905521,853,0,690,-1.65,0.16,0.347,-15.47,30.28,-66.25,F
,1905551,923,0,936,-1.30,0.12,0.333,-22.98,14.37,-5749,F
,1905561,1068,0,1535,-1.113,0.134,0.320,-25.77,13.99,-53.78,F
,190557,1072,0,1879,-1.081,0.139,0.344,-28.78,16.89,-49.87,F
,190558,1099,0,1803,-1.035,0.068,0.350,-28.93,18.23,-49.46,F
,190564,1473,0,1691,-0.945,-0.069,0.562,-1.12,5.55,-25.90,F
,1905691,761,0,835,-0.76,0.19,0.387,22.73,-35.06,-25.96,F
,1905701,330,0,755,-1.03,0.03,0.550,21.02,-44.47,-20.19,F
,190571,420,0,509,-1.16,-0.13,0.625,15.49,-79.55,-34.85,F
,190573,350,0,584,-1.12,0.05,0.513,3.05,-76.90,-30.19,F
,1905751,219,0,707,-1.82,0.07,0.633,-33.30,-122.10,-42.71,F
,190576,297,0,535,-1.069,0.01,0.601,-55.04,-134.65,-53.08,F
,1905831,0,0,1627,-0.993,-0.098,0.890,7.08,-134.73,9.15,F
,1905861,0,0,1775,-0.852,-0.067,0.942,21.55,-215.17,-14.18,F
,190588,0,0,164,-0.66,0.034,.014,27.62,-266.10,-19.71,F
,1905901,0,0,1946,-0.466,0.086,1.018,34.91,-335.97,-11.98,F
,1905911,0,0,108,-0.36,0.051,.009,55.60,-358.88,-4.45,F
,190592,0,0,145,-0.311,0.056,0.976,84.93,-374.10,8.87,F
,190593,0,0,1507,-0.317,0.009,0.964,124.15,-375.89,22.55,F
,190595,0,0,157,-0.06,0.137,.765,169.37,-327.86,67.42,F
,1905991,0,0,1500,-0.062,0.023,-0.454,139.54,-51.34,124.17,F
,1906021,0,0,1697,-0.012,0.555,-0.248,13.97,11.44,114.60,F
,1906061,0,0,1534,0.004,0.674,0.543,14268,88.8,80.89,
,190609,0,0,142,-0.04,0.525,.682,88.18,59.36,39.36,F
,1906101,0,0,126,-0.13,0.566,.664,80.52,54.03,49.38,
,1906111,0,0,1861,-0.20,0.646,.671,6690,54.7,71.06,
,1906121,0,0,152,-0.21,0.669,.732,53.39,48.29,83.65,F
,190614,0,0,135,-0.18,0.638,.792,25.04,16.13,89.93,F
,190615,0,0,143,-0.09,0.637,.835,13.72,-1.34,86.39,F
,1906191,0,0,1271,0.028,0.496,1.049,6.79,11.71,71.04,F
,1906211,0,0,1370,-0.007,0.387,1.056,28.23,42.68,87.44,F
,1906221,0,0,1300,-0.026,0.384,1.082,36.23,44.98,86.00,F
,190625,0,0,132,0.124,0.419,1.081,62.16,20.94,54.98,F
,1906261,0,0,1497,0.144,0.416,1.040,65.48,5.76,8.95,F
,190628,0,0,129,0.141,0.442,0.969,72.38,-3.52,26.84,F
,1906331,0,0,1264,-0.105,0.431,0.996,7600,-0.8,34.74,F
,190634,0,0,121,-0.125,0.419,0.990,8133,-12.26,31.17,F
,190635,0,0,132,-0.00,0.457,0.960,8887,-22.13,22.33,F
,190642,0,0,126,-0.10,0.650,0.767,11.78,-1845,-10.87,F
,190643,0,0,1295,-0.101,0.655,.746,107.14,-27.72,-11.9,F
,190644,0,0,126,-0.04,0.655,.719,101.08,-38.53,-19.28,F
,190647,0,0,140,-0.06,0.641,.617,106.84,-25.69,-34.51,F
,1906491,0,0,1227,-0.210,0.709,0.536,96.09,-23.3,-26.54,F
,190653,0,0,157,-0.08,0.776,.532,41.33,-56.27,-10.1,F
,1906541,0,0,1261,-0.046,0.744,0.547,38.01,-53.32,-6.97,F
,190660,0,0,145,-0.03,0.858,.535,35.57,-1.25,19.61,F
,190661,0,0,127,-0.01,0.873,.526,28.85,-1.08,25.55,
,190672,0,0,151,0.266,0.891,0.637,17.49,8.63,24.14,F
,1906771,0,0,154,0.270,0.779,0.511,40.3,17.04,1.47,F
,1906791,0,0,166,0.197,0.783,0.440,42.2,19.93,-4.50,F
,1906801,0,0,1625,0.165,0.790,0432,40.06,19.16,-6.76,F
,1906901,0,0,1664,0.118,0.886,0.441,16.06,34.11,-13.20,F
,1906941,0,0,1589,0.114,0.954,0.503,9.8,28.39,12.32,F
,1907051,0,0,167,0.030,0.941,0.506,9.9,22.03,3.63,F
,1907111,0,0,1678,0.069,0.933,0.518,15.26,25.85,2.51,F
,1907131,0,0,1525,0.052,0.925,0.515,11.23,14.75,-0.83,F
,1907181,0,0,1646,0.125,0.873,0.502,15.28,14.11,2.37,F
,1907291,0,0,1779,0.071,0.902,0.450,9.54,11.10,-3.03,F
,1907301,0,0,1599,0.065,0.893,0.463,9.28,10.65,-3.63,F
,1907421,0,0,174,0.042,0.887,0.436,4.06,13.00,1.65,F
,1907441,0,0,1743,0.043,0.880,0442,4.01,15.55,.38,F
,1907451,0,0,163,0.047,0.888,0.446,2.78,15.71,5.87,F
,190748,0,0,168,0.072,0.897,0.467,1.75,14.31,.20,F
,190749,0,0,168,0.066,0.902,0.481,2.81,16.19,.67,F
,1907581,0,0,183,0.052,0.889,0.498,4.35,8.62,8.31,F
,1907591,0,0,168,0.062,0.895,0499,2.2,6.52,7.36,F
,1907681,0,0,162,0.065,0.867,0.475,8.56,18.46,.48,F
,1907691,0,0,1658,0.056,0.859,0.473,5.07,15.33,4.51,F
,1907711,0,0,183,0.078,0.859,0.498,5.16,12.57,6.83,F
,1907731,0,0,162,0.072,0.855,0.500,6.10,14.45,6.26,F
,1907781,0,0,182,0.097,0.896,0501,11.8,20.13,1.04,F
,1907871,0,0,1710,0.049,0.891,0.513,8.47,11.97,5.18,F
,1907901,0,0,188,0.118,0.862,0.501,5.20,9.62,346,F
,1907921,0,0,160,0.085,0.865,0.493,13.43,17.33,1.18,F
,1907961,0,0,1692,0.034,0.871,0502,16.6,11.91,1.79,F
,190801,0,0,1776,0.095,0.883,0.502,13.46,16.00,3.56,F
,1908091,0,0,170,0.081,0.882,0.524,10.88,1.36,.24,F
,1908171,0,0,187,0.060,0.893,0.455,18.35,8.83,.07,F
,1908321,0,0,199,0.087,0.879,0538,15.9,3.52,4.46,F
,1908351,0,0,196,0.100,0.855,0.527,20.30,2.97,2.05,F
,1908371,0,0,1941,0.105,0.853,0505,25.0,3.13,0.97,F
,1908381,0,0,175,0.121,0.864,0.492,26.97,5.50,0.04,F
,190840,0,0,1928,0.135,0.875,0481,33.1,18.05,1.64,F
,190841,0,0,1750,0.119,0.867,0474,34.1,26.71,4.52,F
,1908481,0,0,1824,0.084,0.919,0382,30.24,18.05,10.51,F
,1908541,0,0,187,0.110,0.902,0418,1.43,7.50,13.71,F
,1908611,0,0,177,0.139,0.895,0471,20.7,6.91,0.22,F
,1908631,0,0,193,0.147,0.929,0459,26.5,12.07,0.57,F
,1908681,0,0,1923,0.119,0.883,0426,15.28,7.84,3.44,F
,1908721,0,0,193,0.120,0.884,0409,20.70,5.36,-7.16,F
,1908741,0,0,191,0.134,0.905,0.403,22.1,5.59,-8.42,F
,1908751,0,0,197,0.124,0.894,0402,21.92,7.12,-9.45,F
,1908781,0,0,209,0.115,0.915,0388,21.40,15.65,-4.15,F
,1908811,0,0,1968,0.100,0.921,0392,17.39,13.10,-4.10,F
,1908831,0,0,199,0.082,0.914,0402,15.98,11.16,-4.83,F
,1908971,0,0,198,0.108,0.921,0406,11.3,6.22,0.37,F
,1908981,0,0,206,0.126,0.915,0395,12.41,7.18,0.16,F
,1909001,0,0,192,0.129,0.911,0380,15.43,13.03,0.33,F
,1909031,0,0,190,0.102,0.896,0382,16.20,15.24,-0.36,F
,1909061,0,0,192,0.097,0.905,0.377,11.6,10.17,-0.18,F
,1909181,0,0,191,0.079,0.928,0391,13.22,11.90,-3.26,F
,1909221,0,0,192,0.101,0.937,0.402,11.75,12.95,-0.62,F
,190942,0,0,197,0.100,0.905,0396,11.84,10.55,-2.38,F
,1909431,0,0,202,0.097,0.892,0386,15.10,13.03,-2.74,F
,1909511,0,0,194,0.069,0.916,0403,7.91,9.64,0.43,F
,1909591,0,0,196,0.071,0.901,0406,16.36,13.23,-4.03,F
,190967,0,0,1904,0.084,0.924,0.377,15.02,13.58,-3.08,F
,190973,0,0,183,0.057,0.941,0.371,12.06,7.88,2.12,F
,190974,0,0,184,0.078,0.948,0.371,9.75,6.54,-.93,F
,190978,0,0,186,0.073,0.905,0404,12.42,13.67,-0.35,F
,1909791,0,0,1889,0.070,0.906,0400,15.13,14.62,-0.87,F
,190981,0,0,195,0.074,0.911,0384,18.79,14.22,-3.35,F
,190988,0,0,181,0.059,0.931,0373,9.04,9.70,-1.34,F
,1909931,0,0,193,0.058,0.931,0383,15.11,13.88,-2.25,F
,190996,0,0,195,0.051,0.948,0.385,12.94,11.56,-0.76,F
,190998,0,0,192,0.049,0.937,0.385,11.57,9.32,0.10,F
,191000,0,0,191,0.066,0.932,0379,11.51,9.32,1.18,F
,191003,0,0,198,0.076,0.918,0377,14.39,11.81,-0.65,F
,191010,0,0,1840,0.059,0.938,0.362,10.24,9.10,-0.59,F
,191013,0,0,187,0.068,0.930,0368,13.08,13.85,1.33,F
,191015,0,0,195,0.061,0.927,0.364,14.76,14.75,-0.68,F
,191017,0,0,1835,0.045,0.938,0.360,14.16,13.18,-0.21,F
,191020,0,0,1851,0.056,0.949,0.359,7.34,8.55,2.10,F
,191021,0,0,183,0.065,0.947,0.369,6.56,8.26,1.93,F
,191022,0,0,183,0.064,0.934,0.381,6.70,8.92,1.50,F
,191024,0,0,1933,0.067,0.915,0375,10.71,13.26,1.44,F
,191031,0,0,185,0.052,0.925,0.372,9.60,12.57,.94,F
,191032,0,0,1843,0.065,0.926,0.376,9.86,13.56,1.56,F
,191033,0,0,186,0.060,0.927,0373,10.99,15.07,1.38,F
,191036,0,0,183,0.054,0.937,0371,11.07,14.48,0.10,F
,191050,0,0,182,0.060,0.923,0389,13.94,11.01,-0.97,"F1910511	bbbrbrʒ%	rbrʺbrbjrb25"
,191055,0,0,1808,0.069,0.947,0.358,11.60,12.39,-4.09,F
,191064,0,0,181,0.050,0.931,0383,10.75,11.55,0.29,F
,191069,0,0,1760,0.045,0.937,0.382,10.97,11.84,0.46,F
,1910761,0,0,1791,0.068,0.921,0.377,13.77,13.06,0.60,F
,1910771,0,0,1814,0.051,0.921,0.358,13.17,12.20,-0.65,F
,191082,0,0,1773,0.045,0.935,0.366,11.80,11.06,0.17,F
,191089,0,0,189,0.048,0.936,0.350,13.13,12.55,0.49,F
,191091,0,0,1891,0.054,0.936,0.352,11.39,12.37,0.97,F
,191094,0,0,181,0.049,0.925,0.365,9.23,11.47,0.33,F
,1911011,0,0,1831,0.046,0.942,0.374,12.75,12.91,0.60,F
,191102,0,0,179,0.050,0.938,0.371,12.15,12.11,0.63,F
,1911031,0,0,1859,0.046,0.930,0.362,11.54,11.27,0.57,F
,191106,0,0,170,0.049,0.919,0.368,10.73,10.54,-0.03,F
,1911121,0,0,1680,0.038,0.934,0.382,12.00,10.87,0.26,F
,191118,0,0,168,0.038,0.919,0.377,11.62,9.93,-0.10,F
,191131,0,0,1762,0.042,0.940,0.364,12.58,12.42,0.98,F
,191132,0,0,1678,0.044,0.946,0.363,12.52,12.34,0.51,F
,191137,0,0,1713,0.051,0.936,0.358,11.58,12.10,0.58,F
,1911441,0,0,1650,0.052,0.923,0.373,11.07,12.29,0.26,F
,191145,0,0,160,0.053,0.925,0.372,11.19,12.34,-0.07,F
,1911561,0,0,1622,0.057,0.939,0.370,9.58,8.72,1.15,F
,191157,0,0,1694,0.058,0.927,0.367,10.64,9.53,0.75,F
,191159,0,0,1599,0.060,0.922,0.361,12.99,11.58,-0.39,F
,191163,0,0,166,0.036,0.926,0.362,12.6,11.65,-0.16,F
